Word,Lemma_spacy,PoS_tag_spacy,Spelling,DomPoSLemma,Dom_PoS_SUBTLEX,Pipeline_step,Pipeline_source,Lemma_before_step4,Step4_special_case,Lemma_pipeline_final
'em,them,NOUN,,,,3,Step 3: spaCy fallback,them,True,'em
're,be,AUX,,,,3,Step 3: spaCy fallback,be,True,'re
'twas,'twa,VERB,,,,3,Step 3: spaCy fallback,'twa,True,'twas
've,have,AUX,,,,3,Step 3: spaCy fallback,have,True,'ve
abashed,abash,VERB,abashed,abashed,,1,Step 1: SUBTLEX-UK,abashed,False,abashed
abb_s,abb_,NOUN,,,,3,Step 3: spaCy fallback,abb_,True,abb_s
abbots,abbot,VERB,abbots,abbots,,1,Step 1: SUBTLEX-UK,abbots,False,abbots
abbreviated,abbreviate,VERB,abbreviated,abbreviated,Adjective,1,Step 1: SUBTLEX-UK,abbreviated,False,abbreviated
abducted,abduct,VERB,abducted,abducted,Verb,1,Step 1: SUBTLEX-UK,abducted,False,abducted
abed,abe,VERB,abed,abed,Adverb,1,Step 1: SUBTLEX-UK,abed,False,abed
Abel's,abel's,ADJ,,,,3,Step 3: spaCy fallback,abel's,True,Abel's
abhorred,abhor,VERB,abhorred,abhorred,Verb,1,Step 1: SUBTLEX-UK,abhorred,False,abhorred
abhorring,abhorring,NOUN,abhorring,abhor,,1,Step 1: SUBTLEX-UK,abhor,False,abhor
abolishes,abolishe,NOUN,abolishes,abolish,Verb,1,Step 1: SUBTLEX-UK,abolish,False,abolish
aboriginals,aboriginal,NOUN,aboriginals,aboriginals,Name,1,Step 1: SUBTLEX-UK,aboriginals,False,aboriginals
aborigines,aborigine,NOUN,aborigines,aborigines,Noun,1,Step 1: SUBTLEX-UK,aborigines,False,aborigines
aborted,abort,VERB,aborted,aborted,Verb,1,Step 1: SUBTLEX-UK,aborted,False,aborted
abovementioned,abovementione,VERB,,,Adjective,2,Step 2: SUBTLEX-US + NLTK,abovementioned,False,abovementioned
abraded,abrade,VERB,abraded,abraded,Verb,1,Step 1: SUBTLEX-UK,abraded,False,abraded
abridged,abridge,VERB,abridged,abridged,Adjective,1,Step 1: SUBTLEX-UK,abridged,False,abridged
abs,ab,NOUN,abs,abs,Adjective,1,Step 1: SUBTLEX-UK,abs,False,abs
abscessed,abscesse,VERB,,,Verb,2,Step 2: SUBTLEX-US + NLTK,abscessed,False,abscessed
absented,absent,VERB,absented,absented,,1,Step 1: SUBTLEX-UK,absented,False,absented
absenting,absent,VERB,absenting,absenting,Verb,1,Step 1: SUBTLEX-UK,absenting,False,absenting
absentminded,absentminde,VERB,absentminded,absentminded,Adjective,1,Step 1: SUBTLEX-UK,absentminded,False,absentminded
absolved,absolve,VERB,absolved,absolved,Verb,1,Step 1: SUBTLEX-UK,absolved,False,absolved
abstracted,abstract,VERB,abstracted,abstracted,Adjective,1,Step 1: SUBTLEX-UK,abstracted,False,abstracted
academicals,academical,NOUN,academicals,academicals,,1,Step 1: SUBTLEX-UK,academicals,False,academicals
academicians,academician,NOUN,academicians,academicians,,1,Step 1: SUBTLEX-UK,academicians,False,academicians
acclaimed,acclaim,VERB,acclaimed,acclaimed,Verb,1,Step 1: SUBTLEX-UK,acclaimed,False,acclaimed
accompanies,accompanie,NOUN,accompanies,accompany,Verb,1,Step 1: SUBTLEX-UK,accompany,False,accompany
accounting,account,VERB,accounting,accounting,Noun,1,Step 1: SUBTLEX-UK,accounting,False,accounting
ACHESON'S,acheson',NOUN,,,,3,Step 3: spaCy fallback,acheson',True,ACHESON'S
acidulated,acidulate,VERB,acidulated,acidulated,,1,Step 1: SUBTLEX-UK,acidulated,False,acidulated
acorns,acorns,PROPN,acorns,acorn,Noun,1,Step 1: SUBTLEX-UK,acorn,False,acorn
acrobatics,acrobatic,NOUN,acrobatics,acrobatics,Noun,1,Step 1: SUBTLEX-UK,acrobatics,False,acrobatics
actuating,actuate,VERB,,,Adjective,2,Step 2: SUBTLEX-US + NLTK,actuating,False,actuating
acumen,acuman,NOUN,acumen,acumen,Noun,1,Step 1: SUBTLEX-UK,acumen,False,acumen
Adam's,adam's,X,,,,3,Step 3: spaCy fallback,adam's,True,Adam's
addenda,addenda,NOUN,,,Noun,2,Step 2: SUBTLEX-US + NLTK,addendum,False,addendum
adenoids,adenoid,NOUN,adenoids,adenoids,Noun,1,Step 1: SUBTLEX-UK,adenoids,False,adenoids
adirondacks,adirondack,NOUN,adirondacks,adirondacks,,1,Step 1: SUBTLEX-UK,adirondacks,False,adirondacks
adjoining,adjoin,VERB,adjoining,adjoining,Adjective,1,Step 1: SUBTLEX-UK,adjoining,False,adjoining
ADMASSY'S,admassy's,X,,,,3,Step 3: spaCy fallback,admassy's,True,ADMASSY'S
admonitions,admonition,NOUN,admonitions,admonitions,Noun,1,Step 1: SUBTLEX-UK,admonitions,False,admonitions
adulteresses,adulteresse,VERB,adulteresses,adulteress,,1,Step 1: SUBTLEX-UK,adulteress,False,adulteress
advanced,advance,VERB,advanced,advanced,Adjective,1,Step 1: SUBTLEX-UK,advanced,False,advanced
advantaged,advantage,VERB,advantaged,advantaged,Verb,1,Step 1: SUBTLEX-UK,advantaged,False,advantaged
advertising,advertise,VERB,advertising,advertising,Noun,1,Step 1: SUBTLEX-UK,advertising,False,advertising
aerated,aerate,VERB,aerated,aerated,,1,Step 1: SUBTLEX-UK,aerated,False,aerated
aerobatics,aerobatic,NOUN,aerobatics,aerobatics,Noun,1,Step 1: SUBTLEX-UK,aerobatics,False,aerobatics
aerobics,aerobics,NOUN,aerobics,aerobic,Noun,1,Step 1: SUBTLEX-UK,aerobic,False,aerobic
aerodynamics,aerodynamic,NOUN,aerodynamics,aerodynamics,Noun,1,Step 1: SUBTLEX-UK,aerodynamics,False,aerodynamics
aeronautics,aeronautic,NOUN,aeronautics,aeronautics,Noun,1,Step 1: SUBTLEX-UK,aeronautics,False,aeronautics
aerosolized,aerosolize,VERB,,,Adjective,2,Step 2: SUBTLEX-US + NLTK,aerosolized,False,aerosolized
aesthetics,aesthetic,NOUN,aesthetics,aesthetics,Noun,1,Step 1: SUBTLEX-UK,aesthetics,False,aesthetics
affording,affording,ADJ,affording,afford,Verb,1,Step 1: SUBTLEX-UK,afford,False,afford
afghans,afghan,NOUN,afghans,afghans,Noun,1,Step 1: SUBTLEX-UK,afghans,False,afghans
aforementioned,aforementione,VERB,aforementioned,aforementioned,Adjective,1,Step 1: SUBTLEX-UK,aforementioned,False,aforementioned
africans,african,NOUN,africans,africans,Noun,1,Step 1: SUBTLEX-UK,africans,False,africans
afros,afros,PROPN,afros,afro,Noun,1,Step 1: SUBTLEX-UK,afro,False,afro
afterlives,afterlive,VERB,afterlives,afterlife,,1,Step 1: SUBTLEX-UK,afterlife,False,afterlife
afters,after,NOUN,afters,afters,Noun,1,Step 1: SUBTLEX-UK,afters,False,afters
Agamemnon's,agamemnon',NOUN,,,,3,Step 3: spaCy fallback,agamemnon',True,Agamemnon's
aged,aged,ADJ,aged,age,Verb,1,Step 1: SUBTLEX-UK,age,False,age
ageing,age,VERB,ageing,ageing,Adjective,1,Step 1: SUBTLEX-UK,ageing,False,ageing
aggregating,aggregate,VERB,aggregating,aggregating,Verb,1,Step 1: SUBTLEX-UK,aggregating,False,aggregating
aggrieved,aggrieve,VERB,aggrieved,aggrieved,Adjective,1,Step 1: SUBTLEX-UK,aggrieved,False,aggrieved
agnosia,agnosia,PROPN,agnosia,agnosium,Noun,1,Step 1: SUBTLEX-UK,agnosium,False,agnosium
agoraphobics,agoraphobic,NOUN,,,Noun,2,Step 2: SUBTLEX-US + NLTK,agoraphobics,False,agoraphobics
agouti,agouti,VERB,agouti,agoutus,,1,Step 1: SUBTLEX-UK,agoutus,False,agoutus
aids,aid,NOUN,aids,aids,Noun,1,Step 1: SUBTLEX-UK,aids,False,aids
airbed,airbe,VERB,airbed,airbed,,1,Step 1: SUBTLEX-UK,airbed,False,airbed
airbuses,airbuse,VERB,airbuses,airbuses,,1,Step 1: SUBTLEX-UK,airbuses,False,airbuses
AIRLINE'S,airline's,ADV,,,,3,Step 3: spaCy fallback,airline's,True,AIRLINE'S
airmen,airmen,PROPN,airmen,airman,Noun,1,Step 1: SUBTLEX-UK,airman,False,airman
airways,airway,NOUN,airways,airways,Noun,1,Step 1: SUBTLEX-UK,airways,False,airways
Al's,al',NOUN,,,,3,Step 3: spaCy fallback,al',True,Al's
albanians,albanians,PROPN,albanians,albanian,Noun,1,Step 1: SUBTLEX-UK,albanian,False,albanian
ALBRIGHT'S,albright',NOUN,,,,3,Step 3: spaCy fallback,albright',True,ALBRIGHT'S
albs,albs,PROPN,albs,alb,,1,Step 1: SUBTLEX-UK,alb,False,alb
albumen,albuman,NOUN,albumen,albumen,,1,Step 1: SUBTLEX-UK,albumen,False,albumen
ALCOTT'S,alcott',NOUN,,,,3,Step 3: spaCy fallback,alcott',True,ALCOTT'S
Alex's,alex's,VERB,,,,3,Step 3: spaCy fallback,alex's,True,Alex's
Alexander's,alexander',NOUN,,,,3,Step 3: spaCy fallback,alexander',True,Alexander's
Alfred's,alfred's,X,,,,3,Step 3: spaCy fallback,alfred's,True,Alfred's
algae,algae,NOUN,algae,alga,Noun,1,Step 1: SUBTLEX-UK,alga,False,alga
algerians,algerian,NOUN,algerians,algerians,Noun,1,Step 1: SUBTLEX-UK,algerians,False,algerians
alibis,alibis,ADJ,alibis,alibi,Noun,1,Step 1: SUBTLEX-UK,alibi,False,alibi
alkalis,alkalis,PROPN,alkalis,alkali,,1,Step 1: SUBTLEX-UK,alkali,False,alkali
Allen's,allen',NOUN,,,,3,Step 3: spaCy fallback,allen',True,Allen's
allied,ally,VERB,allied,allied,Adjective,1,Step 1: SUBTLEX-UK,allied,False,allied
Allison's,allison's,X,,,,3,Step 3: spaCy fallback,allison's,True,Allison's
alloted,allot,VERB,alloted,alloted,,1,Step 1: SUBTLEX-UK,alloted,False,alloted
allotted,allot,VERB,allotted,allotted,Verb,1,Step 1: SUBTLEX-UK,allotted,False,allotted
alluvia,alluvia,PROPN,alluvia,alluvium,,1,Step 1: SUBTLEX-UK,alluvium,False,alluvium
almanacs,almanac,NOUN,almanacs,almanacs,Noun,1,Step 1: SUBTLEX-UK,almanacs,False,almanacs
alms,alm,NOUN,alms,alms,Noun,1,Step 1: SUBTLEX-UK,alms,False,alms
almsgiving,almsgive,VERB,almsgiving,almsgiving,,1,Step 1: SUBTLEX-UK,almsgiving,False,almsgiving
alps,alp,NOUN,alps,alps,Name,1,Step 1: SUBTLEX-UK,alps,False,alps
alumnae,alumnae,NOUN,,,Noun,2,Step 2: SUBTLEX-US + NLTK,alumna,False,alumna
alveolus,alveolu,NOUN,,,Noun,2,Step 2: SUBTLEX-US + NLTK,alveolus,False,alveolus
alzheimers,alzheimer,NOUN,alzheimers,alzheimers,,1,Step 1: SUBTLEX-UK,alzheimers,False,alzheimers
amasses,amasse,NOUN,amasses,amass,Verb,1,Step 1: SUBTLEX-UK,amass,False,amass
Amelia's,amelia',NOUN,,,,3,Step 3: spaCy fallback,amelia',True,Amelia's
amends,amend,VERB,amends,amends,Noun,1,Step 1: SUBTLEX-UK,amends,False,amends
America's,america's,X,,,,3,Step 3: spaCy fallback,america's,True,America's
American's,american',NOUN,,,,3,Step 3: spaCy fallback,american',True,American's
americanized,americanize,VERB,,,Adjective,2,Step 2: SUBTLEX-US + NLTK,americanized,False,americanized
amoebae,amoebae,NOUN,,,Name,2,Step 2: SUBTLEX-US + NLTK,amoeba,False,amoeba
amoebas,amoebas,PROPN,amoebas,amoeba,Noun,1,Step 1: SUBTLEX-UK,amoeba,False,amoeba
amours,amour,NOUN,amours,amours,Noun,1,Step 1: SUBTLEX-UK,amours,False,amours
amphorae,amphorae,NOUN,amphorae,amphora,,1,Step 1: SUBTLEX-UK,amphora,False,amphora
amplifies,amplifie,NOUN,amplifies,amplify,Verb,1,Step 1: SUBTLEX-UK,amplify,False,amplify
ampulla,ampulla,NOUN,ampulla,ampullum,,1,Step 1: SUBTLEX-UK,ampullum,False,ampullum
amygdala,amygdala,ADV,amygdala,amygdalum,Noun,1,Step 1: SUBTLEX-UK,amygdalum,False,amygdalum
an,an,PRON,an,a,Article,1,Step 1: SUBTLEX-UK,a,False,a
analects,analect,VERB,analects,analects,,1,Step 1: SUBTLEX-UK,analects,False,analects
analyses,analysis,NOUN,analyses,analyse,Noun,1,Step 1: SUBTLEX-UK,analyse,False,analyse
analytics,analytic,NOUN,analytics,analytics,,1,Step 1: SUBTLEX-UK,analytics,False,analytics
anaphylaxis,anaphylaxis,NOUN,anaphylaxis,anaphylaxi,Noun,1,Step 1: SUBTLEX-UK,anaphylaxi,False,anaphylaxi
ancillaries,ancillarie,NOUN,ancillaries,ancillary,,1,Step 1: SUBTLEX-UK,ancillary,False,ancillary
ANDERSON'S,anderson',NOUN,,,,3,Step 3: spaCy fallback,anderson',True,ANDERSON'S
Andy's,andy's,VERB,,,,3,Step 3: spaCy fallback,andy's,True,Andy's
angel's,angel',NOUN,,,,3,Step 3: spaCy fallback,angel',True,angel's
Angelo's,angelo',NOUN,,,,3,Step 3: spaCy fallback,angelo',True,Angelo's
angled,angle,VERB,angled,angled,Verb,1,Step 1: SUBTLEX-UK,angled,False,angled
anglicans,anglican,NOUN,anglicans,anglicans,,1,Step 1: SUBTLEX-UK,anglicans,False,anglicans
angling,angle,VERB,angling,angling,Verb,1,Step 1: SUBTLEX-UK,angling,False,angling
angriest,angry,ADJ,angriest,angriest,Adjective,1,Step 1: SUBTLEX-UK,angriest,False,angriest
angulated,angulate,VERB,angulated,angulated,Adjective,1,Step 1: SUBTLEX-UK,angulated,False,angulated
animal's,animal',NOUN,,,,3,Step 3: spaCy fallback,animal',True,animal's
animated,animate,VERB,animated,animated,Adjective,1,Step 1: SUBTLEX-UK,animated,False,animated
Ann's,ann's,X,,,,3,Step 3: spaCy fallback,ann's,True,Ann's
annals,annal,NOUN,annals,annals,Noun,1,Step 1: SUBTLEX-UK,annals,False,annals
Anne's,anne's,INTJ,,,,3,Step 3: spaCy fallback,anne's,True,Anne's
annealed,anneal,VERB,annealed,annealed,,1,Step 1: SUBTLEX-UK,annealed,False,annealed
annealing,anneal,VERB,annealing,annealing,,1,Step 1: SUBTLEX-UK,annealing,False,annealing
annexes,annexe,NOUN,annexes,annex,Verb,1,Step 1: SUBTLEX-UK,annex,False,annex
ANNISTON'S,anniston',NOUN,,,,3,Step 3: spaCy fallback,anniston',True,ANNISTON'S
annoyed,annoy,VERB,annoyed,annoyed,Adjective,1,Step 1: SUBTLEX-UK,annoyed,False,annoyed
annoying,annoying,ADJ,annoying,annoy,Adjective,1,Step 1: SUBTLEX-UK,annoy,False,annoy
anointing,anoint,VERB,anointing,anointing,Verb,1,Step 1: SUBTLEX-UK,anointing,False,anointing
anonyms,anonyms,VERB,,,Name,2,Step 2: SUBTLEX-US + NLTK,anonym,False,anonym
anopheles,anophele,NOUN,anopheles,anopheles,Noun,1,Step 1: SUBTLEX-UK,anopheles,False,anopheles
ANSELM'S,anselm's,VERB,,,,3,Step 3: spaCy fallback,anselm's,True,ANSELM'S
anteing,anteing,NOUN,,,Verb,2,Step 2: SUBTLEX-US + NLTK,ante,False,ante
antennae,antennae,NOUN,antennae,antenna,Noun,1,Step 1: SUBTLEX-UK,antenna,False,antenna
antes,ante,NOUN,antes,antes,Noun,1,Step 1: SUBTLEX-UK,antes,False,antes
Anthony's,anthony',NOUN,,,,3,Step 3: spaCy fallback,anthony',True,Anthony's
antibodies,antibodie,VERB,antibodies,antibody,Noun,1,Step 1: SUBTLEX-UK,antibody,False,antibody
antipodes,antipode,VERB,antipodes,antipodes,Name,1,Step 1: SUBTLEX-UK,antipodes,False,antipodes
antiquarians,antiquarian,NOUN,antiquarians,antiquarians,,1,Step 1: SUBTLEX-UK,antiquarians,False,antiquarians
antiquated,antiquate,VERB,antiquated,antiquated,Adjective,1,Step 1: SUBTLEX-UK,antiquated,False,antiquated
antiquing,antique,VERB,antiquing,antiquing,Verb,1,Step 1: SUBTLEX-UK,antiquing,False,antiquing
antirrhinums,antirrhinum,VERB,antirrhinums,antirrhinums,,1,Step 1: SUBTLEX-UK,antirrhinums,False,antirrhinums
antitheses,antithesis,NOUN,antitheses,antitheses,,1,Step 1: SUBTLEX-UK,antitheses,False,antitheses
antlered,antlere,VERB,antlered,antlered,,1,Step 1: SUBTLEX-UK,antlered,False,antlered
Antoine's,antoine',NOUN,,,,3,Step 3: spaCy fallback,antoine',True,Antoine's
antonyms,antonyms,PROPN,,,Noun,2,Step 2: SUBTLEX-US + NLTK,antonym,False,antonym
anuses,anuse,VERB,anuses,anus,Noun,1,Step 1: SUBTLEX-UK,anus,False,anus
anybodies,anybodie,NOUN,,,Noun,2,Step 2: SUBTLEX-US + NLTK,anybodies,False,anybodies
ANYBODY'D,anybody'd,NOUN,,,,3,Step 3: spaCy fallback,anybody'd,True,ANYBODY'D
anyways,anyways,ADV,anyways,anyway,Noun,1,Step 1: SUBTLEX-UK,anyway,False,anyway
aped,aped,VERB,aped,ape,,1,Step 1: SUBTLEX-UK,ape,False,ape
Apollo's,apollo',NOUN,,,,3,Step 3: spaCy fallback,apollo',True,Apollo's
apostatized,apostatize,VERB,,,Adjective,2,Step 2: SUBTLEX-US + NLTK,apostatized,False,apostatized
apostles,apostle,NOUN,apostles,apostles,Noun,1,Step 1: SUBTLEX-UK,apostles,False,apostles
apparelled,apparelle,VERB,,,Verb,2,Step 2: SUBTLEX-US + NLTK,apparelled,False,apparelled
appeases,appease,NOUN,appeases,appeases,Verb,1,Step 1: SUBTLEX-UK,appeases,False,appeases
appetizing,appetize,VERB,appetizing,appetizing,Adjective,1,Step 1: SUBTLEX-UK,appetizing,False,appetizing
aquaplaning,aquaplane,VERB,aquaplaning,aquaplan,,1,Step 1: SUBTLEX-UK,aquaplan,False,aquaplan
aquaria,aquaria,PROPN,aquaria,aquarium,,1,Step 1: SUBTLEX-UK,aquarium,False,aquarium
aquatics,aquatic,NOUN,aquatics,aquatics,Noun,1,Step 1: SUBTLEX-UK,aquatics,False,aquatics
aquilegia,aquilegia,NOUN,aquilegia,aquilegium,,1,Step 1: SUBTLEX-UK,aquilegium,False,aquilegium
arabs,arab,NOUN,arabs,arabs,Noun,1,Step 1: SUBTLEX-UK,arabs,False,arabs
arbitrating,arbitrate,VERB,arbitrating,arbitrating,,1,Step 1: SUBTLEX-UK,arbitrating,False,arbitrating
arboreta,arboreta,NOUN,arboreta,arboretum,,1,Step 1: SUBTLEX-UK,arboretum,False,arboretum
ARBUCKLE'S,arbuckle's,ADV,,,,3,Step 3: spaCy fallback,arbuckle's,True,ARBUCKLE'S
arched,arch,VERB,arched,arched,Adjective,1,Step 1: SUBTLEX-UK,arched,False,arched
archers,archer,NOUN,archers,archers,Noun,1,Step 1: SUBTLEX-UK,archers,False,archers
arching,arch,VERB,arching,arching,Adjective,1,Step 1: SUBTLEX-UK,arching,False,arching
areola,areola,PROPN,areola,areolum,Noun,1,Step 1: SUBTLEX-UK,areolum,False,areolum
arias,arias,PROPN,arias,aria,Noun,1,Step 1: SUBTLEX-UK,aria,False,aria
aries,arie,NOUN,aries,aries,Name,1,Step 1: SUBTLEX-UK,aries,False,aries
arisen,arisen,VERB,arisen,arise,Verb,1,Step 1: SUBTLEX-UK,arise,False,arise
Aristotle's,aristotle',NOUN,,,,3,Step 3: spaCy fallback,aristotle',True,Aristotle's
ARLEN'S,arlen',NOUN,,,,3,Step 3: spaCy fallback,arlen',True,ARLEN'S
Arlene's,arlene',NOUN,,,,3,Step 3: spaCy fallback,arlene',True,Arlene's
arm's,arm',NOUN,,,,3,Step 3: spaCy fallback,arm',True,arm's
armed,arm,VERB,armed,armed,Adjective,1,Step 1: SUBTLEX-UK,armed,False,armed
armfuls,armfuls,PROPN,armfuls,armful,Noun,1,Step 1: SUBTLEX-UK,armful,False,armful
armored,armor,VERB,,,Adjective,2,Step 2: SUBTLEX-US + NLTK,armored,False,armored
armoured,armour,VERB,armoured,armoured,Adjective,1,Step 1: SUBTLEX-UK,armoured,False,armoured
armouries,armoury,NOUN,armouries,armouries,Noun,1,Step 1: SUBTLEX-UK,armouries,False,armouries
Arnold's,arnold's,X,,,,3,Step 3: spaCy fallback,arnold's,True,Arnold's
aromas,aromas,PROPN,aromas,aroma,Noun,1,Step 1: SUBTLEX-UK,aroma,False,aroma
arras,arra,NOUN,arras,arras,Name,1,Step 1: SUBTLEX-UK,arras,False,arras
arrears,arrear,NOUN,arrears,arrears,Noun,1,Step 1: SUBTLEX-UK,arrears,False,arrears
arrhythmia,arrhythmia,VERB,arrhythmia,arrhythmium,Noun,1,Step 1: SUBTLEX-UK,arrhythmium,False,arrhythmium
arrowed,arrowe,VERB,arrowed,arrow,,1,Step 1: SUBTLEX-UK,arrow,False,arrow
arses,arsis,NOUN,arses,arse,Noun,1,Step 1: SUBTLEX-UK,arse,False,arse
ARTE'S,arte's,ADV,,,,3,Step 3: spaCy fallback,arte's,True,ARTE'S
Arthur's,arthur's,X,,,,3,Step 3: spaCy fallback,arthur's,True,Arthur's
arugula,arugula,VERB,arugula,arugulum,Noun,1,Step 1: SUBTLEX-UK,arugulum,False,arugulum
aryans,aryan,NOUN,aryans,aryans,Noun,1,Step 1: SUBTLEX-UK,aryans,False,aryans
ASHAM'D,asham'd,NOUN,,,,3,Step 3: spaCy fallback,asham'd,True,ASHAM'D
ashes,ashe,NOUN,ashes,ash,Noun,1,Step 1: SUBTLEX-UK,ash,False,ash
asians,asian,NOUN,asians,asians,Noun,1,Step 1: SUBTLEX-UK,asians,False,asians
Asimov's,asimov',NOUN,,,,3,Step 3: spaCy fallback,asimov',True,Asimov's
ASKINGTON'S,askington',NOUN,,,,3,Step 3: spaCy fallback,askington',True,ASKINGTON'S
ASS'N,ass'n,VERB,,,,3,Step 3: spaCy fallback,ass'n,True,ASS'N
assai,assai,PROPN,assai,assaus,Noun,1,Step 1: SUBTLEX-UK,assaus,False,assaus
assizes,assize,VERB,assizes,assizes,Noun,1,Step 1: SUBTLEX-UK,assizes,False,assizes
assorted,assort,VERB,assorted,assorted,Adjective,1,Step 1: SUBTLEX-UK,assorted,False,assorted
astonishes,astonishe,NOUN,astonishes,astonish,Verb,1,Step 1: SUBTLEX-UK,astonish,False,astonish
astonishing,astonish,VERB,astonishing,astonishing,Adjective,1,Step 1: SUBTLEX-UK,astonishing,False,astonishing
astounded,astound,VERB,astounded,astounded,Adjective,1,Step 1: SUBTLEX-UK,astounded,False,astounded
astringents,astringent,NOUN,astringents,astringents,Noun,1,Step 1: SUBTLEX-UK,astringents,False,astringents
astronautics,astronautic,NOUN,astronautics,astronautics,Noun,1,Step 1: SUBTLEX-UK,astronautics,False,astronautics
astrophysics,astrophysic,NOUN,astrophysics,astrophysics,Noun,1,Step 1: SUBTLEX-UK,astrophysics,False,astrophysics
astros,astro,NOUN,astros,astros,,1,Step 1: SUBTLEX-UK,astros,False,astros
atheling,athele,VERB,atheling,atheling,,1,Step 1: SUBTLEX-UK,atheling,False,atheling
athens,athen,NOUN,athens,athens,Name,1,Step 1: SUBTLEX-UK,athens,False,athens
athletics,athletic,NOUN,athletics,athletics,Noun,1,Step 1: SUBTLEX-UK,athletics,False,athletics
Atlanta's,atlanta's,VERB,,,,3,Step 3: spaCy fallback,atlanta's,True,Atlanta's
atmospherics,atmospheric,NOUN,atmospherics,atmospherics,,1,Step 1: SUBTLEX-UK,atmospherics,False,atmospherics
atones,atone,NOUN,,,Noun,2,Step 2: SUBTLEX-US + NLTK,atones,False,atones
atria,atria,PROPN,atria,atrium,Noun,1,Step 1: SUBTLEX-UK,atrium,False,atrium
atrophied,atrophy,VERB,atrophied,atrophied,Verb,1,Step 1: SUBTLEX-UK,atrophied,False,atrophied
attaches,attache,NOUN,attaches,attach,Verb,1,Step 1: SUBTLEX-UK,attach,False,attach
attuned,attune,VERB,attuned,attuned,Verb,1,Step 1: SUBTLEX-UK,attuned,False,attuned
auditing,audit,VERB,auditing,auditing,Verb,1,Step 1: SUBTLEX-UK,auditing,False,auditing
auditoria,auditoria,PROPN,auditoria,auditorium,,1,Step 1: SUBTLEX-UK,auditorium,False,auditorium
augers,auger,NOUN,augers,augers,,1,Step 1: SUBTLEX-UK,augers,False,augers
augmented,augment,VERB,augmented,augmented,Verb,1,Step 1: SUBTLEX-UK,augmented,False,augmented
Augustine's,augustine',NOUN,,,,3,Step 3: spaCy fallback,augustine',True,Augustine's
aureola,aureola,PROPN,aureola,aureolum,,1,Step 1: SUBTLEX-UK,aureolum,False,aureolum
aurorae,aurorae,PROPN,aurorae,aurora,,1,Step 1: SUBTLEX-UK,aurora,False,aurora
auspices,auspex,NOUN,auspices,auspices,Noun,1,Step 1: SUBTLEX-UK,auspices,False,auspices
aussies,aussie,NOUN,aussies,aussies,Noun,1,Step 1: SUBTLEX-UK,aussies,False,aussies
Austin's,austin's,X,,,,3,Step 3: spaCy fallback,austin's,True,Austin's
austrians,austrian,NOUN,austrians,austrians,Noun,1,Step 1: SUBTLEX-UK,austrians,False,austrians
autobahns,autobahns,PROPN,autobahns,autobahn,,1,Step 1: SUBTLEX-UK,autobahn,False,autobahn
autographed,autograph,VERB,autographed,autographed,Adjective,1,Step 1: SUBTLEX-UK,autographed,False,autographed
automata,automata,NOUN,automata,automaton,,1,Step 1: SUBTLEX-UK,automaton,False,automaton
autopsied,autopsie,VERB,,,Verb,2,Step 2: SUBTLEX-US + NLTK,autopsied,False,autopsied
avengers,avenger,NOUN,avengers,avengers,Noun,1,Step 1: SUBTLEX-UK,avengers,False,avengers
avens,aven,VERB,avens,avens,,1,Step 1: SUBTLEX-UK,avens,False,avens
avouches,avouche,NOUN,,,Verb,2,Step 2: SUBTLEX-US + NLTK,avouch,False,avouch
avowed,avow,VERB,avowed,avowed,Adjective,1,Step 1: SUBTLEX-UK,avowed,False,avowed
awakenings,awakening,NOUN,awakenings,awakenings,Noun,1,Step 1: SUBTLEX-UK,awakenings,False,awakenings
aweing,awe,VERB,aweing,awee,,1,Step 1: SUBTLEX-UK,awee,False,awee
awning,awning,ADJ,awning,awn,Noun,1,Step 1: SUBTLEX-UK,awn,False,awn
axed,axe,VERB,axed,ax,Verb,1,Step 1: SUBTLEX-UK,ax,False,ax
axilla,axilla,NOUN,axilla,axillum,Noun,1,Step 1: SUBTLEX-UK,axillum,False,axillum
axing,axe,VERB,axing,ax,Verb,1,Step 1: SUBTLEX-UK,ax,False,ax
axolotls,axolotls,NOUN,axolotls,axolotl,,1,Step 1: SUBTLEX-UK,axolotl,False,axolotl
B'DIKKAT,b'dikkat,NOUN,,,,3,Step 3: spaCy fallback,b'dikkat,True,B'DIKKAT
baaed,baaed,NOUN,baaed,baa,,1,Step 1: SUBTLEX-UK,baa,False,baa
babbles,babble,NOUN,babbles,babbles,Verb,1,Step 1: SUBTLEX-UK,babbles,False,babbles
babylonians,babylonian,NOUN,babylonians,babylonians,Noun,1,Step 1: SUBTLEX-UK,babylonians,False,babylonians
bacchanalia,bacchanalia,PROPN,bacchanalia,bacchanalium,Noun,1,Step 1: SUBTLEX-UK,bacchanalium,False,bacchanalium
bacilli,bacilli,PROPN,bacilli,bacillus,Noun,1,Step 1: SUBTLEX-UK,bacillus,False,bacillus
backboned,backbone,VERB,backboned,backbon,,1,Step 1: SUBTLEX-UK,backbon,False,backbon
backbreaking,backbreake,VERB,backbreaking,backbreak,Verb,1,Step 1: SUBTLEX-UK,backbreak,False,backbreak
backcombing,backcombe,VERB,backcombing,backcombing,,1,Step 1: SUBTLEX-UK,backcombing,False,backcombing
backfilling,backfille,VERB,backfilling,backfil,,1,Step 1: SUBTLEX-UK,backfil,False,backfil
backhanded,backhand,VERB,backhanded,backhanded,Adjective,1,Step 1: SUBTLEX-UK,backhanded,False,backhanded
backpedalling,backpedalle,VERB,backpedalling,backpedal,,1,Step 1: SUBTLEX-UK,backpedal,False,backpedal
backpedals,backpedal,NOUN,,,Noun,2,Step 2: SUBTLEX-US + NLTK,backpedals,False,backpedals
backrest,backr,ADJ,backrest,backrest,Adjective,1,Step 1: SUBTLEX-UK,backrest,False,backrest
backslapping,backslappe,VERB,backslapping,backslapping,Noun,1,Step 1: SUBTLEX-UK,backslapping,False,backslapping
backswing,backswe,VERB,backswing,backswing,Noun,1,Step 1: SUBTLEX-UK,backswing,False,backswing
backwashing,backwashe,VERB,,,Verb,2,Step 2: SUBTLEX-US + NLTK,backwashing,False,backwashing
backwoods,backwood,NOUN,backwoods,backwoods,Noun,1,Step 1: SUBTLEX-UK,backwoods,False,backwoods
bacteria,bacteria,NOUN,bacteria,bacterium,Noun,1,Step 1: SUBTLEX-UK,bacterium,False,bacterium
bade,bade,NOUN,bade,bid,Verb,1,Step 1: SUBTLEX-UK,bid,False,bid
badlands,badland,NOUN,badlands,badlands,Noun,1,Step 1: SUBTLEX-UK,badlands,False,badlands
bafflers,baffler,NOUN,,,Noun,2,Step 2: SUBTLEX-US + NLTK,bafflers,False,bafflers
baggiest,baggy,ADJ,baggiest,baggiest,,1,Step 1: SUBTLEX-UK,baggiest,False,baggiest
baileys,bailey,NOUN,baileys,baileys,Name,1,Step 1: SUBTLEX-UK,baileys,False,baileys
baiting,bait,VERB,baiting,baiting,Verb,1,Step 1: SUBTLEX-UK,baiting,False,baiting
baked,bake,VERB,baked,baked,Adjective,1,Step 1: SUBTLEX-UK,baked,False,baked
baking,bake,VERB,baking,baking,Verb,1,Step 1: SUBTLEX-UK,baking,False,baking
balaclavas,balaclavas,PROPN,balaclavas,balaclava,,1,Step 1: SUBTLEX-UK,balaclava,False,balaclava
balalaikas,balalaikas,PROPN,balalaikas,balalaika,Noun,1,Step 1: SUBTLEX-UK,balalaika,False,balalaika
balanced,balance,VERB,balanced,balanced,Verb,1,Step 1: SUBTLEX-UK,balanced,False,balanced
balconied,balconie,VERB,balconied,balcony,,1,Step 1: SUBTLEX-UK,balcony,False,balcony
balding,bald,VERB,balding,balding,Adjective,1,Step 1: SUBTLEX-UK,balding,False,balding
ballistics,ballistic,NOUN,ballistics,ballistics,Noun,1,Step 1: SUBTLEX-UK,ballistics,False,ballistics
ballooning,balloon,VERB,ballooning,ballooning,Verb,1,Step 1: SUBTLEX-UK,ballooning,False,ballooning
balloting,ballot,VERB,balloting,balloting,Noun,1,Step 1: SUBTLEX-UK,balloting,False,balloting
Baltimore's,baltimore',NOUN,,,,3,Step 3: spaCy fallback,baltimore',True,Baltimore's
bambini,bambini,NOUN,bambini,bambino,Noun,1,Step 1: SUBTLEX-UK,bambino,False,bambino
bamboos,bamboos,PROPN,bamboos,bamboo,Noun,1,Step 1: SUBTLEX-UK,bamboo,False,bamboo
BANCROFT'S,bancroft',NOUN,,,,3,Step 3: spaCy fallback,bancroft',True,BANCROFT'S
bandies,bandie,NOUN,,,Noun,2,Step 2: SUBTLEX-US + NLTK,bandies,False,bandies
banding,band,VERB,banding,banding,Verb,1,Step 1: SUBTLEX-UK,banding,False,banding
banditos,banditos,VERB,banditos,bandito,,1,Step 1: SUBTLEX-UK,bandito,False,bandito
bandolier,bandoli,ADJ,bandolier,bandolier,Noun,1,Step 1: SUBTLEX-UK,bandolier,False,bandolier
banjos,banjos,VERB,banjos,banjo,Noun,1,Step 1: SUBTLEX-UK,banjo,False,banjo
banns,bann,NOUN,banns,banns,Noun,1,Step 1: SUBTLEX-UK,banns,False,banns
banqueting,banquet,VERB,banqueting,banqueting,Verb,1,Step 1: SUBTLEX-UK,banqueting,False,banqueting
banshees,banshee,NOUN,banshees,banshees,Noun,1,Step 1: SUBTLEX-UK,banshees,False,banshees
bantams,bantam,NOUN,bantams,bantams,Verb,1,Step 1: SUBTLEX-UK,bantams,False,bantams
baptists,baptist,NOUN,baptists,baptists,Noun,1,Step 1: SUBTLEX-UK,baptists,False,baptists
barbarians,barbarian,NOUN,barbarians,barbarians,Noun,1,Step 1: SUBTLEX-UK,barbarians,False,barbarians
barbed,barb,VERB,barbed,barbed,Adjective,1,Step 1: SUBTLEX-UK,barbed,False,barbed
barding,barde,VERB,barding,barding,,1,Step 1: SUBTLEX-UK,barding,False,barding
barebacked,barebacke,VERB,,,Adjective,2,Step 2: SUBTLEX-US + NLTK,barebacked,False,barebacked
barefaced,bareface,VERB,barefaced,barefaced,Adjective,1,Step 1: SUBTLEX-UK,barefaced,False,barefaced
barefooted,barefoote,VERB,barefooted,barefoot,Adjective,1,Step 1: SUBTLEX-UK,barefoot,False,barefoot
barehanded,barehande,VERB,,,Verb,2,Step 2: SUBTLEX-US + NLTK,barehanded,False,barehanded
bareheaded,bareheade,VERB,bareheaded,barehead,Verb,1,Step 1: SUBTLEX-UK,barehead,False,barehead
barest,bare,ADJ,barest,barest,Adjective,1,Step 1: SUBTLEX-UK,barest,False,barest
barflies,barflie,NOUN,,,Verb,2,Step 2: SUBTLEX-US + NLTK,barflies,False,barflies
bargaining,bargain,VERB,bargaining,bargaining,Noun,1,Step 1: SUBTLEX-UK,bargaining,False,bargaining
barks,bark,NOUN,barks,barks,Verb,1,Step 1: SUBTLEX-UK,barks,False,barks
barnacles,barnacle,NOUN,barnacles,barnacles,Noun,1,Step 1: SUBTLEX-UK,barnacles,False,barnacles
barracking,barrack,VERB,barracking,barracking,,1,Step 1: SUBTLEX-UK,barracking,False,barracking
barraged,barrage,VERB,barraged,barraged,,1,Step 1: SUBTLEX-UK,barraged,False,barraged
barramundi,barramundi,VERB,barramundi,barramundus,,1,Step 1: SUBTLEX-UK,barramundus,False,barramundus
barras,barra,NOUN,barras,barras,,1,Step 1: SUBTLEX-UK,barras,False,barras
barrelled,barrel,VERB,barrelled,barrelled,Verb,1,Step 1: SUBTLEX-UK,barrelled,False,barrelled
barricading,barricading,NOUN,barricading,barricade,Verb,1,Step 1: SUBTLEX-UK,barricade,False,barricade
bartending,bartende,VERB,bartending,bartend,Verb,1,Step 1: SUBTLEX-UK,bartend,False,bartend
bartering,barter,VERB,bartering,bartering,Verb,1,Step 1: SUBTLEX-UK,bartering,False,bartering
BARTON'S,barton',NOUN,,,,3,Step 3: spaCy fallback,barton',True,BARTON'S
basics,basic,NOUN,basics,basics,Noun,1,Step 1: SUBTLEX-UK,basics,False,basics
basilicas,basilicas,PROPN,basilicas,basilica,Noun,1,Step 1: SUBTLEX-UK,basilica,False,basilica
bassets,basset,NOUN,bassets,bassets,Noun,1,Step 1: SUBTLEX-UK,bassets,False,bassets
bastardized,bastardize,VERB,,,Adjective,2,Step 2: SUBTLEX-US + NLTK,bastardized,False,bastardized
bated,bate,VERB,bated,bated,Adjective,1,Step 1: SUBTLEX-UK,bated,False,bated
bates,bate,NOUN,bates,bates,Name,1,Step 1: SUBTLEX-UK,bates,False,bates
bathed,bathe,VERB,bathed,bath,Verb,1,Step 1: SUBTLEX-UK,bath,False,bath
bathing,bathe,VERB,bathing,bathing,Adjective,1,Step 1: SUBTLEX-UK,bathing,False,bathing
BATISTA'S,batista's,INTJ,,,,3,Step 3: spaCy fallback,batista's,True,BATISTA'S
batting,bat,VERB,batting,batting,Verb,1,Step 1: SUBTLEX-UK,batting,False,batting
battlements,battlement,NOUN,battlements,battlements,Noun,1,Step 1: SUBTLEX-UK,battlements,False,battlements
batwing,batwe,VERB,batwing,batwing,Noun,1,Step 1: SUBTLEX-UK,batwing,False,batwing
bazookas,bazookas,PROPN,bazookas,bazooka,Noun,1,Step 1: SUBTLEX-UK,bazooka,False,bazooka
beachcombing,beachcombe,VERB,beachcombing,beachcomb,,1,Step 1: SUBTLEX-UK,beachcomb,False,beachcomb
beacons,beacon,NOUN,beacons,beacons,Noun,1,Step 1: SUBTLEX-UK,beacons,False,beacons
beaded,bead,VERB,beaded,beaded,Adjective,1,Step 1: SUBTLEX-UK,beaded,False,beaded
beadier,beadier,ADV,,,Adjective,2,Step 2: SUBTLEX-US + NLTK,beady,False,beady
beading,bead,VERB,beading,beading,Verb,1,Step 1: SUBTLEX-UK,beading,False,beading
beadles,beadle,NOUN,beadles,beadles,,1,Step 1: SUBTLEX-UK,beadles,False,beadles
beaked,beak,VERB,beaked,beaked,Verb,1,Step 1: SUBTLEX-UK,beaked,False,beaked
bearding,beard,VERB,bearding,bearding,Verb,1,Step 1: SUBTLEX-UK,bearding,False,bearding
BEARDSLEY'S,beardsley's,NOUN,,,,3,Step 3: spaCy fallback,beardsley's,True,BEARDSLEY'S
bearing,bear,VERB,bearing,bearing,Verb,1,Step 1: SUBTLEX-UK,bearing,False,bearing
beatitudes,beatitude,NOUN,beatitudes,beatitudes,Noun,1,Step 1: SUBTLEX-UK,beatitudes,False,beatitudes
beaus,beaus,VERB,beaus,beau,Noun,1,Step 1: SUBTLEX-UK,beau,False,beau
BECKETT'S,beckett',NOUN,,,,3,Step 3: spaCy fallback,beckett',True,BECKETT'S
becks,beck,NOUN,becks,becks,Name,1,Step 1: SUBTLEX-UK,becks,False,becks
bedclothes,bedclothe,NOUN,bedclothes,bedclothes,Noun,1,Step 1: SUBTLEX-UK,bedclothes,False,bedclothes
bedding,bed,VERB,bedding,bedding,Noun,1,Step 1: SUBTLEX-UK,bedding,False,bedding
bedraggled,bedraggle,VERB,bedraggled,bedraggled,Adjective,1,Step 1: SUBTLEX-UK,bedraggled,False,bedraggled
bedspring,bedspre,VERB,,,Verb,2,Step 2: SUBTLEX-US + NLTK,bedspring,False,bedspring
bedwetting,bedwette,VERB,bedwetting,bedwetting,,1,Step 1: SUBTLEX-UK,bedwetting,False,bedwetting
BEEBE'S,beebe's,VERB,,,,3,Step 3: spaCy fallback,beebe's,True,BEEBE'S
beeches,beech,NOUN,beeches,beeches,,1,Step 1: SUBTLEX-UK,beeches,False,beeches
beefeaters,beefeater,NOUN,beefeaters,beefeaters,,1,Step 1: SUBTLEX-UK,beefeaters,False,beefeaters
beefed,beefed,PROPN,beefed,beef,Verb,1,Step 1: SUBTLEX-UK,beef,False,beef
beefier,beefy,ADJ,beefier,beefier,,1,Step 1: SUBTLEX-UK,beefier,False,beefier
beefiest,beefy,ADJ,beefiest,beefiest,,1,Step 1: SUBTLEX-UK,beefiest,False,beefiest
beekeeping,beekeepe,VERB,beekeeping,beekeep,Noun,1,Step 1: SUBTLEX-UK,beekeep,False,beekeep
Beethoven's,beethoven',NOUN,,,,3,Step 3: spaCy fallback,beethoven',True,Beethoven's
befallen,befallen,VERB,befallen,befall,Verb,1,Step 1: SUBTLEX-UK,befall,False,befall
befell,befell,VERB,befell,befall,Verb,1,Step 1: SUBTLEX-UK,befall,False,befall
befitting,befit,VERB,befitting,befitting,Verb,1,Step 1: SUBTLEX-UK,befitting,False,befitting
begat,begat,NOUN,begat,beget,Verb,1,Step 1: SUBTLEX-UK,beget,False,beget
beginning,begin,VERB,beginning,beginning,Noun,1,Step 1: SUBTLEX-UK,beginning,False,beginning
begonias,begonias,VERB,begonias,begonia,Noun,1,Step 1: SUBTLEX-UK,begonia,False,begonia
begot,begot,NOUN,begot,beget,Verb,1,Step 1: SUBTLEX-UK,beget,False,beget
beheading,behead,VERB,beheading,beheading,Verb,1,Step 1: SUBTLEX-UK,beheading,False,beheading
behooves,behoof,NOUN,behooves,behoove,Verb,1,Step 1: SUBTLEX-UK,behoove,False,behoove
belaboured,belabour,VERB,belaboured,belaboured,,1,Step 1: SUBTLEX-UK,belaboured,False,belaboured
belated,belate,VERB,belated,belated,Adjective,1,Step 1: SUBTLEX-UK,belated,False,belated
belches,belch,NOUN,belches,belches,Verb,1,Step 1: SUBTLEX-UK,belches,False,belches
beleaguered,beleaguer,VERB,beleaguered,beleaguered,Adjective,1,Step 1: SUBTLEX-UK,beleaguered,False,beleaguered
belgians,belgian,NOUN,belgians,belgians,Noun,1,Step 1: SUBTLEX-UK,belgians,False,belgians
belles,belle,NOUN,belles,belles,Noun,1,Step 1: SUBTLEX-UK,belles,False,belles
bellows,bellow,VERB,bellows,bellows,Noun,1,Step 1: SUBTLEX-UK,bellows,False,bellows
belongings,belonging,NOUN,belongings,belongings,Noun,1,Step 1: SUBTLEX-UK,belongings,False,belongings
beloved,belove,VERB,beloved,beloved,Adjective,1,Step 1: SUBTLEX-UK,beloved,False,beloved
bemused,bemuse,VERB,bemused,bemused,Adjective,1,Step 1: SUBTLEX-UK,bemused,False,bemused
benchmarking,benchmarke,VERB,benchmarking,benchmark,Noun,1,Step 1: SUBTLEX-UK,benchmark,False,benchmark
bended,bend,VERB,bended,bended,Adjective,1,Step 1: SUBTLEX-UK,bended,False,bended
BENET'S,benet',NOUN,,,,3,Step 3: spaCy fallback,benet',True,BENET'S
benighted,benight,VERB,benighted,benighted,Adjective,1,Step 1: SUBTLEX-UK,benighted,False,benighted
bens,ben,NOUN,bens,bens,Name,1,Step 1: SUBTLEX-UK,bens,False,bens
benthos,benthos,NOUN,benthos,bentho,,1,Step 1: SUBTLEX-UK,bentho,False,bentho
bents,bent,NOUN,bents,bents,,1,Step 1: SUBTLEX-UK,bents,False,bents
bereaved,bereave,VERB,bereaved,bereaved,Adjective,1,Step 1: SUBTLEX-UK,bereaved,False,bereaved
BERG'S,berg',NOUN,,,,3,Step 3: spaCy fallback,berg',True,BERG'S
Berlin's,berlin',NOUN,,,,3,Step 3: spaCy fallback,berlin',True,Berlin's
BERMAN'S,berman',NOUN,,,,3,Step 3: spaCy fallback,berman',True,BERMAN'S
BERNADINE'S,bernadine's,ADV,,,,3,Step 3: spaCy fallback,bernadine's,True,BERNADINE'S
berried,berry,VERB,berried,berried,,1,Step 1: SUBTLEX-UK,berried,False,berried
BERRY'S,berry',NOUN,,,,3,Step 3: spaCy fallback,berry',True,BERRY'S
berthed,berthed,ADJ,berthed,berth,Verb,1,Step 1: SUBTLEX-UK,berth,False,berth
BERTO'S,berto's,VERB,,,,3,Step 3: spaCy fallback,berto's,True,BERTO'S
besotted,besotte,VERB,besotted,besot,Verb,1,Step 1: SUBTLEX-UK,besot,False,besot
bespectacled,bespectacle,VERB,bespectacled,bespectacled,Adjective,1,Step 1: SUBTLEX-UK,bespectacled,False,bespectacled
best,good,ADJ,best,best,Adjective,1,Step 1: SUBTLEX-UK,best,False,best
BEST'S,best',NOUN,,,,3,Step 3: spaCy fallback,best',True,BEST'S
bestrode,bestrode,VERB,bestrode,bestride,,1,Step 1: SUBTLEX-UK,bestride,False,bestride
bestselling,bestselle,VERB,bestselling,bestsell,Adjective,1,Step 1: SUBTLEX-UK,bestsell,False,bestsell
bestubbled,bestubble,VERB,bestubbled,bestubbled,,1,Step 1: SUBTLEX-UK,bestubbled,False,bestubbled
better,well,ADV,better,better,Adverb,1,Step 1: SUBTLEX-UK,better,False,better
betters,better,NOUN,betters,betters,Noun,1,Step 1: SUBTLEX-UK,betters,False,betters
Betty's,betty',NOUN,,,,3,Step 3: spaCy fallback,betty',True,Betty's
beveling,bevel,VERB,,,Noun,2,Step 2: SUBTLEX-US + NLTK,beveling,False,beveling
bevelled,bevel,VERB,bevelled,bevelled,,1,Step 1: SUBTLEX-UK,bevelled,False,bevelled
bevelling,bevel,VERB,bevelling,bevelling,,1,Step 1: SUBTLEX-UK,bevelling,False,bevelling
bewhiskered,bewhisker,VERB,bewhiskered,bewhiskered,,1,Step 1: SUBTLEX-UK,bewhiskered,False,bewhiskered
bewitches,bewitche,NOUN,bewitches,bewitch,Verb,1,Step 1: SUBTLEX-UK,bewitch,False,bewitch
bi,bi,PROPN,bi,bus,Noun,1,Step 1: SUBTLEX-UK,bus,False,bus
bibles,bible,NOUN,bibles,bibles,Noun,1,Step 1: SUBTLEX-UK,bibles,False,bibles
biceps,bicep,NOUN,biceps,biceps,Noun,1,Step 1: SUBTLEX-UK,biceps,False,biceps
bickered,bickered,VERB,bickered,bicker,Verb,1,Step 1: SUBTLEX-UK,bicker,False,bicker
bickering,bicker,VERB,bickering,bickering,Verb,1,Step 1: SUBTLEX-UK,bickering,False,bickering
bicycling,bicycle,VERB,bicycling,bicycling,Verb,1,Step 1: SUBTLEX-UK,bicycling,False,bicycling
bidden,bidden,PROPN,bidden,bid,Verb,1,Step 1: SUBTLEX-UK,bid,False,bid
bidding,bid,VERB,bidding,bidding,Noun,1,Step 1: SUBTLEX-UK,bidding,False,bidding
bier,bi,ADJ,bier,bier,Noun,1,Step 1: SUBTLEX-UK,bier,False,bier
biffing,biff,VERB,biffing,biffing,,1,Step 1: SUBTLEX-UK,biffing,False,biffing
bifocals,bifocal,NOUN,bifocals,bifocals,Noun,1,Step 1: SUBTLEX-UK,bifocals,False,bifocals
bifurcated,bifurcate,VERB,bifurcated,bifurcated,Verb,1,Step 1: SUBTLEX-UK,bifurcated,False,bifurcated
bifurcating,bifurcate,VERB,bifurcating,bifurcating,,1,Step 1: SUBTLEX-UK,bifurcating,False,bifurcating
bigger,big,ADJ,bigger,bigger,Adjective,1,Step 1: SUBTLEX-UK,bigger,False,bigger
biggest,big,ADJ,biggest,biggest,Adjective,1,Step 1: SUBTLEX-UK,biggest,False,biggest
bigheaded,bigheade,VERB,bigheaded,bighead,Adjective,1,Step 1: SUBTLEX-UK,bighead,False,bighead
bighearted,bighearte,VERB,,,Adjective,2,Step 2: SUBTLEX-US + NLTK,bighearted,False,bighearted
bijoux,bijoux,ADV,bijoux,bijou,Verb,1,Step 1: SUBTLEX-UK,bijou,False,bijou
biking,bike,VERB,biking,biking,Verb,1,Step 1: SUBTLEX-UK,biking,False,biking
bikinis,bikinis,PROPN,bikinis,bikini,Noun,1,Step 1: SUBTLEX-UK,bikini,False,bikini
Bill's,bill',NOUN,,,,3,Step 3: spaCy fallback,bill',True,Bill's
billiards,billiard,NOUN,billiards,billiards,Noun,1,Step 1: SUBTLEX-UK,billiards,False,billiards
binding,bind,VERB,binding,binding,Adjective,1,Step 1: SUBTLEX-UK,binding,False,binding
binning,bin,VERB,binning,binning,,1,Step 1: SUBTLEX-UK,binning,False,binning
binoculars,binocular,VERB,binoculars,binoculars,Noun,1,Step 1: SUBTLEX-UK,binoculars,False,binoculars
biogenetics,biogenetic,NOUN,,,Noun,2,Step 2: SUBTLEX-US + NLTK,biogenetics,False,biogenetics
bios,bio,NOUN,bios,bios,Noun,1,Step 1: SUBTLEX-UK,bios,False,bios
biped,bipe,VERB,biped,biped,Adjective,1,Step 1: SUBTLEX-UK,biped,False,biped
birching,birch,VERB,birching,birching,,1,Step 1: SUBTLEX-UK,birching,False,birching
birding,bird,VERB,birding,birding,Verb,1,Step 1: SUBTLEX-UK,birding,False,birding
birdwatching,birdwatch,VERB,birdwatching,birdwatching,,1,Step 1: SUBTLEX-UK,birdwatching,False,birdwatching
birthed,birth,VERB,birthed,birthe,Verb,1,Step 1: SUBTLEX-UK,birthe,False,birthe
birthing,birth,VERB,birthing,birthing,Adjective,1,Step 1: SUBTLEX-UK,birthing,False,birthing
bitchiest,bitchy,ADJ,bitchiest,bitchiest,,1,Step 1: SUBTLEX-UK,bitchiest,False,bitchiest
bitterest,bitter,ADJ,bitterest,bitterest,Adjective,1,Step 1: SUBTLEX-UK,bitterest,False,bitterest
bitters,bitter,NOUN,bitters,bitters,Noun,1,Step 1: SUBTLEX-UK,bitters,False,bitters
bitumen,bituman,NOUN,bitumen,bitumen,Noun,1,Step 1: SUBTLEX-UK,bitumen,False,bitumen
BIZET'S,bizet',NOUN,,,,3,Step 3: spaCy fallback,bizet',True,BIZET'S
BJERRE'S,bjerre's,ADV,,,,3,Step 3: spaCy fallback,bjerre's,True,BJERRE'S
blackballing,blackball,VERB,blackballing,blackballing,Verb,1,Step 1: SUBTLEX-UK,blackballing,False,blackballing
blackest,black,ADJ,blackest,blackest,Adjective,1,Step 1: SUBTLEX-UK,blackest,False,blackest
blacklisting,blacklist,VERB,blacklisting,blacklisting,Noun,1,Step 1: SUBTLEX-UK,blacklisting,False,blacklisting
blacks,black,NOUN,blacks,blacks,Noun,1,Step 1: SUBTLEX-UK,blacks,False,blacks
blackshirts,blackshirt,NOUN,blackshirts,blackshirts,,1,Step 1: SUBTLEX-UK,blackshirts,False,blackshirts
bladed,blade,VERB,bladed,bladed,Adjective,1,Step 1: SUBTLEX-UK,bladed,False,bladed
BLANCHARD'S,blanchard's,NOUN,,,,3,Step 3: spaCy fallback,blanchard's,True,BLANCHARD'S
BLANCHE'S,blanche's,ADV,,,,3,Step 3: spaCy fallback,blanche's,True,BLANCHE'S
blandishments,blandishment,NOUN,blandishments,blandishments,Noun,1,Step 1: SUBTLEX-UK,blandishments,False,blandishments
blares,blare,NOUN,blares,blares,Verb,1,Step 1: SUBTLEX-UK,blares,False,blares
bleached,bleach,VERB,bleached,bleached,Adjective,1,Step 1: SUBTLEX-UK,bleached,False,bleached
bleated,bleat,VERB,bleated,bleated,,1,Step 1: SUBTLEX-UK,bleated,False,bleated
blenched,blench,VERB,,,Adjective,2,Step 2: SUBTLEX-US + NLTK,blenched,False,blenched
blended,blend,VERB,blended,blended,Verb,1,Step 1: SUBTLEX-UK,blended,False,blended
blesses,blesse,NOUN,blesses,bless,Verb,1,Step 1: SUBTLEX-UK,bless,False,bless
blethering,blethering,ADJ,blethering,blether,,1,Step 1: SUBTLEX-UK,blether,False,blether
blighted,blight,VERB,blighted,blighted,Verb,1,Step 1: SUBTLEX-UK,blighted,False,blighted
blindest,blind,ADJ,blindest,blindest,Adjective,1,Step 1: SUBTLEX-UK,blindest,False,blindest
bling,ble,VERB,bling,bling,Verb,1,Step 1: SUBTLEX-UK,bling,False,bling
blinker,blinker,NOUN,blinker,blinkers,Noun,1,Step 1: SUBTLEX-UK,blinkers,False,blinkers
blinkered,blinker,VERB,blinkered,blinkered,,1,Step 1: SUBTLEX-UK,blinkered,False,blinkered
blinkers,blinker,NOUN,blinkers,blinkers,Noun,1,Step 1: SUBTLEX-UK,blinkers,False,blinkers
blinking,blink,VERB,blinking,blinking,Verb,1,Step 1: SUBTLEX-UK,blinking,False,blinking
blockheaded,blockheade,VERB,,,Adjective,2,Step 2: SUBTLEX-US + NLTK,blockheaded,False,blockheaded
blocs,blocs,PROPN,blocs,bloc,Noun,1,Step 1: SUBTLEX-UK,bloc,False,bloc
blonde's,blonde',VERB,,,,3,Step 3: spaCy fallback,blonde',True,blonde's
bloodcurdling,bloodcurdling,PROPN,bloodcurdling,bloodcurdle,Adjective,1,Step 1: SUBTLEX-UK,bloodcurdle,False,bloodcurdle
bloodiest,bloody,ADJ,bloodiest,bloodiest,Adjective,1,Step 1: SUBTLEX-UK,bloodiest,False,bloodiest
bloodletting,bloodlette,VERB,bloodletting,bloodlet,Verb,1,Step 1: SUBTLEX-UK,bloodlet,False,bloodlet
bloodshed,bloodshed,VERB,bloodshed,bloodsh,Noun,1,Step 1: SUBTLEX-UK,bloodsh,False,bloodsh
bloodstained,bloodstaine,VERB,bloodstained,bloodstained,Adjective,1,Step 1: SUBTLEX-UK,bloodstained,False,bloodstained
bloodsucking,bloodsucke,VERB,bloodsucking,bloodsuck,Verb,1,Step 1: SUBTLEX-UK,bloodsuck,False,bloodsuck
bloomed,bloomed,VERB,bloomed,bloom,Verb,1,Step 1: SUBTLEX-UK,bloom,False,bloom
bloomers,bloomer,VERB,bloomers,bloomers,Noun,1,Step 1: SUBTLEX-UK,bloomers,False,bloomers
blossoming,blossoming,NOUN,blossoming,blossom,Verb,1,Step 1: SUBTLEX-UK,blossom,False,blossom
blotched,blotch,VERB,blotched,blotched,Verb,1,Step 1: SUBTLEX-UK,blotched,False,blotched
bluebirds,bluebird,NOUN,bluebirds,bluebirds,Noun,1,Step 1: SUBTLEX-UK,bluebirds,False,bluebirds
bluecoats,bluecoats,PROPN,,,Noun,2,Step 2: SUBTLEX-US + NLTK,bluecoat,False,bluecoat
bluejays,bluejay,VERB,,,Noun,2,Step 2: SUBTLEX-US + NLTK,bluejays,False,bluejays
blues,blue,NOUN,blues,blues,Noun,1,Step 1: SUBTLEX-UK,blues,False,blues
bluest,blue,ADJ,bluest,bluest,,1,Step 1: SUBTLEX-UK,bluest,False,bluest
bluestocking,bluestocke,VERB,bluestocking,bluestock,,1,Step 1: SUBTLEX-UK,bluestock,False,bluestock
blunderers,blunderer,NOUN,blunderers,blunderers,Noun,1,Step 1: SUBTLEX-UK,blunderers,False,blunderers
BO'SUN'S,bo'sun',NOUN,,,,3,Step 3: spaCy fallback,bo'sun',True,BO'SUN'S
boarding,boarding,NOUN,boarding,board,Noun,1,Step 1: SUBTLEX-UK,board,False,board
boatbuilding,boatbuilde,VERB,boatbuilding,boatbuilding,,1,Step 1: SUBTLEX-UK,boatbuilding,False,boatbuilding
BOBBIE'S,bobbie's,NOUN,,,,3,Step 3: spaCy fallback,bobbie's,True,BOBBIE'S
bobcats,bobcat,NOUN,bobcats,bobcats,Noun,1,Step 1: SUBTLEX-UK,bobcats,False,bobcats
bobsledding,bobsledde,VERB,bobsledding,bobsledding,Verb,1,Step 1: SUBTLEX-UK,bobsledding,False,bobsledding
bobsleighing,bobsleighe,VERB,bobsleighing,bobsleigh,,1,Step 1: SUBTLEX-UK,bobsleigh,False,bobsleigh
bobtailed,bobtaile,VERB,bobtailed,bobtail,Verb,1,Step 1: SUBTLEX-UK,bobtail,False,bobtail
bocks,bock,NOUN,,,Verb,2,Step 2: SUBTLEX-US + NLTK,bocks,False,bocks
bodybuilding,bodybuilde,VERB,bodybuilding,bodybuilding,Noun,1,Step 1: SUBTLEX-UK,bodybuilding,False,bodybuilding
bogged,bogge,VERB,bogged,bog,Verb,1,Step 1: SUBTLEX-UK,bog,False,bog
boggiest,boggi,ADJ,boggiest,boggiest,,1,Step 1: SUBTLEX-UK,boggiest,False,boggiest
boggling,boggle,VERB,boggling,boggling,Verb,1,Step 1: SUBTLEX-UK,boggling,False,boggling
bohemians,bohemian,NOUN,bohemians,bohemians,Noun,1,Step 1: SUBTLEX-UK,bohemians,False,bohemians
boldfaced,boldface,VERB,,,Adjective,2,Step 2: SUBTLEX-US + NLTK,boldfaced,False,boldfaced
boleros,bolero,NOUN,boleros,boleros,,1,Step 1: SUBTLEX-UK,boleros,False,boleros
boles,bole,NOUN,boles,boles,Name,1,Step 1: SUBTLEX-UK,boles,False,boles
bombardier,bombardi,ADJ,bombardier,bombardier,Noun,1,Step 1: SUBTLEX-UK,bombardier,False,bombardier
bombardiers,bombardier,NOUN,bombardiers,bombardiers,Noun,1,Step 1: SUBTLEX-UK,bombardiers,False,bombardiers
bonanzas,bonanzas,NOUN,bonanzas,bonanza,Noun,1,Step 1: SUBTLEX-UK,bonanza,False,bonanza
bonding,bond,VERB,bonding,bonding,Noun,1,Step 1: SUBTLEX-UK,bonding,False,bonding
boneheaded,boneheade,VERB,boneheaded,boneheaded,Verb,1,Step 1: SUBTLEX-UK,boneheaded,False,boneheaded
boniest,bony,ADJ,boniest,boniest,,1,Step 1: SUBTLEX-UK,boniest,False,boniest
BONIFACE'S,boniface's,NOUN,,,,3,Step 3: spaCy fallback,boniface's,True,BONIFACE'S
BONN'S,bonn',NOUN,,,,3,Step 3: spaCy fallback,bonn',True,BONN'S
bonniest,bonny,ADJ,bonniest,bonniest,Adjective,1,Step 1: SUBTLEX-UK,bonniest,False,bonniest
bons,bon,NOUN,bons,bons,Name,1,Step 1: SUBTLEX-UK,bons,False,bons
boodles,boodle,NOUN,boodles,boodles,Name,1,Step 1: SUBTLEX-UK,boodles,False,boodles
boogies,boogie,NOUN,boogies,boogy,Noun,1,Step 1: SUBTLEX-UK,boogy,False,boogy
boohooing,boohooe,VERB,,,Noun,2,Step 2: SUBTLEX-US + NLTK,boohooing,False,boohooing
bookbinding,bookbinde,VERB,bookbinding,bookbind,,1,Step 1: SUBTLEX-UK,bookbind,False,bookbind
bookkeepers,bookkeeper,NOUN,bookkeepers,bookkeepers,Noun,1,Step 1: SUBTLEX-UK,bookkeepers,False,bookkeepers
bookkeeping,bookkeepe,VERB,bookkeeping,bookkeeping,Noun,1,Step 1: SUBTLEX-UK,bookkeeping,False,bookkeeping
bookmaking,bookmake,VERB,bookmaking,bookmaking,Verb,1,Step 1: SUBTLEX-UK,bookmaking,False,bookmaking
bookselling,bookselle,VERB,bookselling,bookselling,,1,Step 1: SUBTLEX-UK,bookselling,False,bookselling
bookworms,bookworm,NOUN,bookworms,bookworms,Verb,1,Step 1: SUBTLEX-UK,bookworms,False,bookworms
boomeranging,boomerang,VERB,boomeranging,boomerange,,1,Step 1: SUBTLEX-UK,boomerange,False,boomerange
booming,boom,VERB,booming,booming,Verb,1,Step 1: SUBTLEX-UK,booming,False,booming
bootlegged,bootleg,VERB,bootlegged,bootlegged,Verb,1,Step 1: SUBTLEX-UK,bootlegged,False,bootlegged
bootlegging,bootleg,VERB,bootlegging,bootlegging,Verb,1,Step 1: SUBTLEX-UK,bootlegging,False,bootlegging
boppers,bopper,NOUN,boppers,boppers,Noun,1,Step 1: SUBTLEX-UK,boppers,False,boppers
bordellos,bordellos,VERB,bordellos,bordello,,1,Step 1: SUBTLEX-UK,bordello,False,bordello
borderers,borderer,NOUN,borderers,borderers,,1,Step 1: SUBTLEX-UK,borderers,False,borderers
bore,bore,PROPN,bore,bear,Verb,1,Step 1: SUBTLEX-UK,bear,False,bear
boring,bore,VERB,boring,boring,Adjective,1,Step 1: SUBTLEX-UK,boring,False,boring
borne,borne,VERB,borne,bear,Verb,1,Step 1: SUBTLEX-UK,bear,False,bear
BORROMINI'S,borromini',NOUN,,,,3,Step 3: spaCy fallback,borromini',True,BORROMINI'S
borrowing,borrow,VERB,borrowing,borrowing,Verb,1,Step 1: SUBTLEX-UK,borrowing,False,borrowing
bosomed,bosom,VERB,bosomed,bosomed,,1,Step 1: SUBTLEX-UK,bosomed,False,bosomed
botrytis,botrytis,NOUN,botrytis,botryti,,1,Step 1: SUBTLEX-UK,botryti,False,botryti
bottomed,bottomed,ADJ,bottomed,bottom,Verb,1,Step 1: SUBTLEX-UK,bottom,False,bottom
bouldering,bouldere,VERB,bouldering,boulder,,1,Step 1: SUBTLEX-UK,boulder,False,boulder
bouncier,bouncy,ADJ,bouncier,bouncier,Adjective,1,Step 1: SUBTLEX-UK,bouncier,False,bouncier
bounciest,bouncy,ADJ,bounciest,bounciest,Adjective,1,Step 1: SUBTLEX-UK,bounciest,False,bounciest
bournes,bourne,NOUN,bournes,bournes,,1,Step 1: SUBTLEX-UK,bournes,False,bournes
bouzouki,bouzouki,NOUN,bouzouki,bouzoukus,,1,Step 1: SUBTLEX-UK,bouzoukus,False,bouzoukus
bouzoukis,bouzoukis,NOUN,bouzoukis,bouzouki,,1,Step 1: SUBTLEX-UK,bouzouki,False,bouzouki
bowels,bowel,VERB,bowels,bowels,Noun,1,Step 1: SUBTLEX-UK,bowels,False,bowels
bowers,bower,NOUN,bowers,bowers,Name,1,Step 1: SUBTLEX-UK,bowers,False,bowers
bowlegged,bowlegge,VERB,,,Adjective,2,Step 2: SUBTLEX-US + NLTK,bowlegged,False,bowlegged
bowlfuls,bowlfuls,PROPN,bowlfuls,bowlful,,1,Step 1: SUBTLEX-UK,bowlful,False,bowlful
bowstring,bowstre,VERB,bowstring,bowstring,,1,Step 1: SUBTLEX-UK,bowstring,False,bowstring
boxfuls,boxfuls,PROPN,,,Noun,2,Step 2: SUBTLEX-US + NLTK,boxful,False,boxful
boy's,boy',NOUN,,,,3,Step 3: spaCy fallback,boy',True,boy's
boycotts,boycotts,PROPN,boycotts,boycott,Noun,1,Step 1: SUBTLEX-UK,boycott,False,boycott
BRADBURY'S,bradbury',NOUN,,,,3,Step 3: spaCy fallback,bradbury',True,BRADBURY'S
BRADLEY'S,bradley',NOUN,,,,3,Step 3: spaCy fallback,bradley',True,BRADLEY'S
bradycardia,bradycardia,NOUN,bradycardia,bradycardium,Name,1,Step 1: SUBTLEX-UK,bradycardium,False,bradycardium
BRAHM'S,brahm's,NOUN,,,,3,Step 3: spaCy fallback,brahm's,True,BRAHM'S
brahmins,brahmin,VERB,brahmins,brahmins,,1,Step 1: SUBTLEX-UK,brahmins,False,brahmins
brainier,brainy,ADJ,brainier,brainier,,1,Step 1: SUBTLEX-UK,brainier,False,brainier
brainiest,brainy,ADJ,brainiest,brainiest,Adjective,1,Step 1: SUBTLEX-UK,brainiest,False,brainiest
brainwashes,brainwashe,NOUN,,,Verb,2,Step 2: SUBTLEX-US + NLTK,brainwash,False,brainwash
brandied,brandie,VERB,brandied,brandied,Adjective,1,Step 1: SUBTLEX-UK,brandied,False,brandied
brandies,brandie,VERB,brandies,brandy,Noun,1,Step 1: SUBTLEX-UK,brandy,False,brandy
Brandon's,brandon',NOUN,,,,3,Step 3: spaCy fallback,brandon',True,Brandon's
BRANDT'S,brandt',NOUN,,,,3,Step 3: spaCy fallback,brandt',True,BRANDT'S
brandying,brandye,VERB,,,Verb,2,Step 2: SUBTLEX-US + NLTK,brandying,False,brandying
BRANNON'S,brannon',NOUN,,,,3,Step 3: spaCy fallback,brannon',True,BRANNON'S
bras,bras,NOUN,bras,bra,Noun,1,Step 1: SUBTLEX-UK,bra,False,bra
brashest,brash,ADJ,brashest,brashest,,1,Step 1: SUBTLEX-UK,brashest,False,brashest
BRASSBOUND'S,brassbound's,X,,,,3,Step 3: spaCy fallback,brassbound's,True,BRASSBOUND'S
braves,brave,NOUN,braves,braves,Noun,1,Step 1: SUBTLEX-UK,braves,False,braves
bravest,brave,ADJ,bravest,bravest,Adjective,1,Step 1: SUBTLEX-UK,bravest,False,bravest
bravos,bravos,PROPN,bravos,bravo,Noun,1,Step 1: SUBTLEX-UK,bravo,False,bravo
brawlers,brawler,NOUN,brawlers,brawlers,Noun,1,Step 1: SUBTLEX-UK,brawlers,False,brawlers
brays,bray,VERB,brays,brays,Verb,1,Step 1: SUBTLEX-UK,brays,False,brays
breadlines,breadline,NOUN,,,Verb,2,Step 2: SUBTLEX-US + NLTK,breadlines,False,breadlines
breadwinning,breadwinne,VERB,breadwinning,breadwinn,,1,Step 1: SUBTLEX-UK,breadwinn,False,breadwinn
breakaways,breakaways,PROPN,breakaways,breakaway,,1,Step 1: SUBTLEX-UK,breakaway,False,breakaway
breakfasting,breakfast,VERB,breakfasting,breakfasting,Verb,1,Step 1: SUBTLEX-UK,breakfasting,False,breakfasting
breastfed,breastfe,VERB,breastfed,breastfeed,Verb,1,Step 1: SUBTLEX-UK,breastfeed,False,breastfeed
breathing,breathe,VERB,breathing,breathing,Verb,1,Step 1: SUBTLEX-UK,breathing,False,breathing
breathtaking,breathtake,VERB,breathtaking,breathtaking,Adjective,1,Step 1: SUBTLEX-UK,breathtaking,False,breathtaking
breccia,breccia,PROPN,breccia,breccium,,1,Step 1: SUBTLEX-UK,breccium,False,breccium
BRECKENRIDGE'S,breckenridge',NOUN,,,,3,Step 3: spaCy fallback,breckenridge',True,BRECKENRIDGE'S
breeched,breeche,VERB,breeched,breech,Verb,1,Step 1: SUBTLEX-UK,breech,False,breech
breeches,breeche,VERB,breeches,breeches,Noun,1,Step 1: SUBTLEX-UK,breeches,False,breeches
breeching,breeche,VERB,breeching,breech,,1,Step 1: SUBTLEX-UK,breech,False,breech
brethren,brother,NOUN,brethren,brethren,Noun,1,Step 1: SUBTLEX-UK,brethren,False,brethren
breves,breve,NOUN,,,Verb,2,Step 2: SUBTLEX-US + NLTK,breves,False,breves
Brewer's,brewer',NOUN,,,,3,Step 3: spaCy fallback,brewer',True,Brewer's
brewing,brew,VERB,brewing,brewing,Noun,1,Step 1: SUBTLEX-UK,brewing,False,brewing
briars,briar,VERB,briars,briars,Noun,1,Step 1: SUBTLEX-UK,briars,False,briars
brickfields,brickfield,NOUN,brickfields,brickfields,,1,Step 1: SUBTLEX-UK,brickfields,False,brickfields
bricking,bricke,VERB,bricking,brick,Verb,1,Step 1: SUBTLEX-UK,brick,False,brick
bricklaying,bricklaying,NOUN,bricklaying,bricklay,Noun,1,Step 1: SUBTLEX-UK,bricklay,False,bricklay
bridegroom's,bridegroom',NOUN,,,,3,Step 3: spaCy fallback,bridegroom',True,bridegroom's
BRIDGET'S,bridget',NOUN,,,,3,Step 3: spaCy fallback,bridget',True,BRIDGET'S
briefs,brief,NOUN,briefs,briefs,Noun,1,Step 1: SUBTLEX-UK,briefs,False,briefs
BRIGHT'S,bright',NOUN,,,,3,Step 3: spaCy fallback,bright',True,BRIGHT'S
brighter,bright,ADJ,brighter,brighter,Adjective,1,Step 1: SUBTLEX-UK,brighter,False,brighter
brimmed,brimmed,VERB,brimmed,brim,,1,Step 1: SUBTLEX-UK,brim,False,brim
brines,brine,VERB,brines,brines,,1,Step 1: SUBTLEX-UK,brines,False,brines
brinks,brink,NOUN,brinks,brinks,Noun,1,Step 1: SUBTLEX-UK,brinks,False,brinks
bristols,bristols,PROPN,bristols,bristol,,1,Step 1: SUBTLEX-UK,bristol,False,bristol
Britain's,britain',NOUN,,,,3,Step 3: spaCy fallback,britain',True,Britain's
britches,britche,NOUN,britches,britch,Noun,1,Step 1: SUBTLEX-UK,britch,False,britch
britons,briton,NOUN,britons,britons,Noun,1,Step 1: SUBTLEX-UK,britons,False,britons
broadcasting,broadcast,VERB,broadcasting,broadcasting,Noun,1,Step 1: SUBTLEX-UK,broadcasting,False,broadcasting
broader,broad,ADJ,broader,broader,Adjective,1,Step 1: SUBTLEX-UK,broader,False,broader
broadminded,broadminde,VERB,broadminded,broadmind,Adjective,1,Step 1: SUBTLEX-UK,broadmind,False,broadmind
broads,broad,NOUN,broads,broads,Noun,1,Step 1: SUBTLEX-UK,broads,False,broads
Broadway's,broadway',NOUN,,,,3,Step 3: spaCy fallback,broadway',True,Broadway's
BROCKLIN'S,brocklin',NOUN,,,,3,Step 3: spaCy fallback,brocklin',True,BROCKLIN'S
BROGLIO'S,broglio's,NOUN,,,,3,Step 3: spaCy fallback,broglio's,True,BROGLIO'S
brokenhearted,brokenhearte,VERB,brokenhearted,brokenheart,Verb,1,Step 1: SUBTLEX-UK,brokenheart,False,brokenheart
broking,broking,NOUN,broking,broke,,1,Step 1: SUBTLEX-UK,broke,False,broke
bronchi,bronchi,PROPN,bronchi,bronchus,Noun,1,Step 1: SUBTLEX-UK,bronchus,False,bronchus
bronchopneumonia,bronchopneumonia,NOUN,bronchopneumonia,bronchopneumonium,,1,Step 1: SUBTLEX-UK,bronchopneumonium,False,bronchopneumonium
brooking,brook,VERB,brooking,brooking,Verb,1,Step 1: SUBTLEX-UK,brooking,False,brooking
Brooklyn's,brooklyn',NOUN,,,,3,Step 3: spaCy fallback,brooklyn',True,Brooklyn's
browed,browe,VERB,browed,brow,,1,Step 1: SUBTLEX-UK,brow,False,brow
browning,brown,VERB,browning,browning,Name,1,Step 1: SUBTLEX-UK,browning,False,browning
BROWNING'S,browning',NOUN,,,,3,Step 3: spaCy fallback,browning',True,BROWNING'S
brutalizing,brutalizing,VERB,,,Verb,2,Step 2: SUBTLEX-US + NLTK,brutalize,False,brutalize
BRYAN'S,bryan',NOUN,,,,3,Step 3: spaCy fallback,bryan',True,BRYAN'S
buccaneers,buccaneer,NOUN,buccaneers,buccaneers,Noun,1,Step 1: SUBTLEX-UK,buccaneers,False,buccaneers
BUCKHORN'S,buckhorn',NOUN,,,,3,Step 3: spaCy fallback,buckhorn',True,BUCKHORN'S
buckteeth,buckteeth,PROPN,,,Noun,2,Step 2: SUBTLEX-US + NLTK,bucktooth,False,bucktooth
bucktoothed,bucktoothe,VERB,,,Verb,2,Step 2: SUBTLEX-US + NLTK,bucktoothed,False,bucktoothed
buddleia,buddleia,PROPN,buddleia,buddleium,,1,Step 1: SUBTLEX-UK,buddleium,False,buddleium
budgeting,budget,VERB,budgeting,budgeting,Verb,1,Step 1: SUBTLEX-UK,budgeting,False,budgeting
buffing,buff,VERB,buffing,buffing,Verb,1,Step 1: SUBTLEX-UK,buffing,False,buffing
bugaboos,bugaboos,PROPN,,,Noun,2,Step 2: SUBTLEX-US + NLTK,bugaboo,False,bugaboo
bugling,bugle,VERB,bugling,bugling,Verb,1,Step 1: SUBTLEX-UK,bugling,False,bugling
building,build,VERB,building,building,Noun,1,Step 1: SUBTLEX-UK,building,False,building
BUL'BA,bul'ba,VERB,,,,3,Step 3: spaCy fallback,bul'ba,True,BUL'BA
bulbs,bulbs,PROPN,bulbs,bulb,Noun,1,Step 1: SUBTLEX-UK,bulb,False,bulb
bulimia,bulimia,NOUN,bulimia,bulimium,Noun,1,Step 1: SUBTLEX-UK,bulimium,False,bulimium
bulkiest,bulky,ADJ,bulkiest,bulkiest,,1,Step 1: SUBTLEX-UK,bulkiest,False,bulkiest
bulla,bulla,NOUN,bulla,bullum,Noun,1,Step 1: SUBTLEX-UK,bullum,False,bullum
bullfighting,bullfighte,VERB,bullfighting,bullfighting,Verb,1,Step 1: SUBTLEX-UK,bullfighting,False,bullfighting
bullheaded,bullheade,VERB,,,Verb,2,Step 2: SUBTLEX-US + NLTK,bullheaded,False,bullheaded
bullring,bullre,VERB,bullring,bullring,Noun,1,Step 1: SUBTLEX-UK,bullring,False,bullring
bullshitting,bullshitting,NOUN,bullshitting,bullshit,Verb,1,Step 1: SUBTLEX-UK,bullshit,False,bullshit
bullyragging,bullyragging,NOUN,,,Verb,2,Step 2: SUBTLEX-US + NLTK,bullyrag,False,bullyrag
BULTMANN'S,bultmann',NOUN,,,,3,Step 3: spaCy fallback,bultmann',True,BULTMANN'S
bumpiest,bumpy,ADJ,bumpiest,bumpiest,,1,Step 1: SUBTLEX-UK,bumpiest,False,bumpiest
bunches,bunche,NOUN,bunches,bunch,Noun,1,Step 1: SUBTLEX-UK,bunch,False,bunch
bunching,bunching,NOUN,bunching,bunch,Verb,1,Step 1: SUBTLEX-UK,bunch,False,bunch
bungling,bungle,VERB,bungling,bungling,Adjective,1,Step 1: SUBTLEX-UK,bungling,False,bungling
bunkering,bunker,VERB,bunkering,bunkering,,1,Step 1: SUBTLEX-UK,bunkering,False,bunkering
bunkhouses,bunkhouse,NOUN,,,Noun,2,Step 2: SUBTLEX-US + NLTK,bunkhouses,False,bunkhouses
bunting,bunt,VERB,bunting,bunting,Noun,1,Step 1: SUBTLEX-UK,bunting,False,bunting
bureaus,bureaus,PROPN,bureaus,bureau,Noun,1,Step 1: SUBTLEX-UK,bureau,False,bureau
buries,burie,NOUN,buries,bury,Verb,1,Step 1: SUBTLEX-UK,bury,False,bury
BURKE'S,burke's,ADV,,,,3,Step 3: spaCy fallback,burke's,True,BURKE'S
burkes,burke,NOUN,burkes,burkes,Name,1,Step 1: SUBTLEX-UK,burkes,False,burkes
BURLINGTON'S,burlington',NOUN,,,,3,Step 3: spaCy fallback,burlington',True,BURLINGTON'S
BURMAN'S,burman',NOUN,,,,3,Step 3: spaCy fallback,burman',True,BURMAN'S
burns,burn,NOUN,burns,burns,Name,1,Step 1: SUBTLEX-UK,burns,False,burns
BURNSIDE'S,burnside',NOUN,,,,3,Step 3: spaCy fallback,burnside',True,BURNSIDE'S
burnt,burn,VERB,burnt,burnt,Verb,1,Step 1: SUBTLEX-UK,burnt,False,burnt
burps,burps,PROPN,burps,burp,Verb,1,Step 1: SUBTLEX-UK,burp,False,burp
BURTON'S,burton',NOUN,,,,3,Step 3: spaCy fallback,burton',True,BURTON'S
burtons,burton,NOUN,burtons,burtons,,1,Step 1: SUBTLEX-UK,burtons,False,burtons
bushier,bushy,ADJ,bushier,bushier,Adjective,1,Step 1: SUBTLEX-UK,bushier,False,bushier
bushing,bush,VERB,bushing,bushing,,1,Step 1: SUBTLEX-UK,bushing,False,bushing
busier,busy,ADJ,busier,busier,Adjective,1,Step 1: SUBTLEX-UK,busier,False,busier
busies,busie,NOUN,busies,busy,Verb,1,Step 1: SUBTLEX-UK,busy,False,busy
busiest,busy,ADJ,busiest,busiest,Adjective,1,Step 1: SUBTLEX-UK,busiest,False,busiest
bussing,buss,VERB,bussing,bussing,Verb,1,Step 1: SUBTLEX-UK,bussing,False,bussing
bustling,bustle,VERB,bustling,bustling,Adjective,1,Step 1: SUBTLEX-UK,bustling,False,bustling
butches,butche,VERB,,,Noun,2,Step 2: SUBTLEX-US + NLTK,butch,False,butch
butted,butt,VERB,butted,but,Verb,1,Step 1: SUBTLEX-UK,but,False,but
butterfingers,butterfinger,NOUN,butterfingers,butterfingers,Name,1,Step 1: SUBTLEX-UK,butterfingers,False,butterfingers
butting,butt,VERB,butting,but,Verb,1,Step 1: SUBTLEX-UK,but,False,but
buttoning,button,VERB,buttoning,buttoning,Verb,1,Step 1: SUBTLEX-UK,buttoning,False,buttoning
bygones,bygone,NOUN,bygones,bygones,Noun,1,Step 1: SUBTLEX-UK,bygones,False,bygones
BYRD'S,byrd',NOUN,,,,3,Step 3: spaCy fallback,byrd',True,BYRD'S
byres,byre,NOUN,byres,byres,,1,Step 1: SUBTLEX-UK,byres,False,byres
BYRON'S,byron',NOUN,,,,3,Step 3: spaCy fallback,byron',True,BYRON'S
C'EST,c'est,NOUN,,,,3,Step 3: spaCy fallback,c'est,True,C'EST
C'UN,c'un,X,,,,3,Step 3: spaCy fallback,c'un,True,C'UN
ca'cannies,ca'cannie,NOUN,,,,3,Step 3: spaCy fallback,ca'cannie,True,ca'cannies
cab's,cab',NOUN,,,,3,Step 3: spaCy fallback,cab',True,cab's
cabanas,cabana,NOUN,cabanas,cabanas,Noun,1,Step 1: SUBTLEX-UK,cabanas,False,cabanas
cabbies,cabby,NOUN,cabbies,cabbie,Noun,1,Step 1: SUBTLEX-UK,cabbie,False,cabbie
cabling,cable,VERB,cabling,cabling,Noun,1,Step 1: SUBTLEX-UK,cabling,False,cabling
CABOT'S,cabot',NOUN,,,,3,Step 3: spaCy fallback,cabot',True,CABOT'S
caches,caches,PROPN,caches,cache,Noun,1,Step 1: SUBTLEX-UK,cache,False,cache
cackles,cackle,NOUN,cackles,cackles,Verb,1,Step 1: SUBTLEX-UK,cackles,False,cackles
cackling,cackle,VERB,cackling,cackling,Verb,1,Step 1: SUBTLEX-UK,cackling,False,cackling
cacti,cacti,ADV,cacti,cactus,Noun,1,Step 1: SUBTLEX-UK,cactus,False,cactus
caddied,caddy,VERB,caddied,caddie,Verb,1,Step 1: SUBTLEX-UK,caddie,False,caddie
cadillacs,cadillac,NOUN,cadillacs,cadillacs,Name,1,Step 1: SUBTLEX-UK,cadillacs,False,cadillacs
caged,cage,VERB,caged,caged,Adjective,1,Step 1: SUBTLEX-UK,caged,False,caged
cahoots,cahoot,NOUN,cahoots,cahoots,Noun,1,Step 1: SUBTLEX-UK,cahoots,False,cahoots
cajoling,cajole,VERB,cajoling,cajoling,Verb,1,Step 1: SUBTLEX-UK,cajoling,False,cajoling
calamari,calamari,PROPN,calamari,calamarus,Noun,1,Step 1: SUBTLEX-UK,calamarus,False,calamarus
calamities,calamitie,VERB,calamities,calamity,Noun,1,Step 1: SUBTLEX-UK,calamity,False,calamity
calcified,calcify,VERB,calcified,calcified,Verb,1,Step 1: SUBTLEX-UK,calcified,False,calcified
calcined,calcine,VERB,calcined,calcined,,1,Step 1: SUBTLEX-UK,calcined,False,calcined
calculi,calculi,PROPN,calculi,calculus,,1,Step 1: SUBTLEX-UK,calculus,False,calculus
calendula,calendula,PROPN,calendula,calendulum,Noun,1,Step 1: SUBTLEX-UK,calendulum,False,calendulum
California's,california's,X,,,,3,Step 3: spaCy fallback,california's,True,California's
calisthenics,calisthenic,NOUN,calisthenics,calisthenics,Noun,1,Step 1: SUBTLEX-UK,calisthenics,False,calisthenics
callas,calla,NOUN,callas,callas,Name,1,Step 1: SUBTLEX-UK,callas,False,callas
callisthenics,callisthenic,NOUN,callisthenics,callisthenics,,1,Step 1: SUBTLEX-UK,callisthenics,False,callisthenics
calloused,callous,VERB,calloused,callouse,Adjective,1,Step 1: SUBTLEX-UK,callouse,False,callouse
calming,calm,VERB,calming,calming,Verb,1,Step 1: SUBTLEX-UK,calming,False,calming
CALTECH'S,caltech's,NOUN,,,,3,Step 3: spaCy fallback,caltech's,True,CALTECH'S
calving,calve,VERB,calving,calving,Verb,1,Step 1: SUBTLEX-UK,calving,False,calving
calypsos,calypsos,VERB,calypsos,calypso,Noun,1,Step 1: SUBTLEX-UK,calypso,False,calypso
cambered,camber,VERB,cambered,cambered,,1,Step 1: SUBTLEX-UK,cambered,False,cambered
Cambodia's,cambodia',NOUN,,,,3,Step 3: spaCy fallback,cambodia',True,Cambodia's
camp's,camp',NOUN,,,,3,Step 3: spaCy fallback,camp',True,camp's
campaigning,campaign,VERB,campaigning,campaigning,Verb,1,Step 1: SUBTLEX-UK,campaigning,False,campaigning
camphorated,camphorate,VERB,camphorated,camphorated,Adjective,1,Step 1: SUBTLEX-UK,camphorated,False,camphorated
Canada's,canada's,X,,,,3,Step 3: spaCy fallback,canada's,True,Canada's
Canadian's,canadian's,X,,,,3,Step 3: spaCy fallback,canadian's,True,Canadian's
canadians,canadian,NOUN,canadians,canadians,Noun,1,Step 1: SUBTLEX-UK,canadians,False,canadians
canaries,canary,NOUN,canaries,canaries,Noun,1,Step 1: SUBTLEX-UK,canaries,False,canaries
CANAVERAL'S,canaveral's,VERB,,,,3,Step 3: spaCy fallback,canaveral's,True,CANAVERAL'S
candied,candy,VERB,candied,candied,Verb,1,Step 1: SUBTLEX-UK,candied,False,candied
candyflosses,candyflosse,VERB,candyflosses,candyfloss,,1,Step 1: SUBTLEX-UK,candyfloss,False,candyfloss
cannelloni,cannelloni,PROPN,cannelloni,cannellonus,Noun,1,Step 1: SUBTLEX-UK,cannellonus,False,cannellonus
canning,can,VERB,canning,canning,Noun,1,Step 1: SUBTLEX-UK,canning,False,canning
canoeing,canoe,VERB,canoeing,canoeing,Noun,1,Step 1: SUBTLEX-UK,canoeing,False,canoeing
canola,canola,PROPN,canola,canolum,Noun,1,Step 1: SUBTLEX-UK,canolum,False,canolum
canoodles,canoodle,VERB,,,Noun,2,Step 2: SUBTLEX-US + NLTK,canoodles,False,canoodles
canticles,canticle,NOUN,canticles,canticles,,1,Step 1: SUBTLEX-UK,canticles,False,canticles
cantilevered,cantilever,VERB,cantilevered,cantilevered,,1,Step 1: SUBTLEX-UK,cantilevered,False,cantilevered
cantos,canto,NOUN,cantos,cantos,,1,Step 1: SUBTLEX-UK,cantos,False,cantos
canucks,canuck,NOUN,canucks,canucks,,1,Step 1: SUBTLEX-UK,canucks,False,canucks
caped,cap,VERB,caped,caped,Adjective,1,Step 1: SUBTLEX-UK,caped,False,caped
CAPEK'S,capek',NOUN,,,,3,Step 3: spaCy fallback,capek',True,CAPEK'S
capita,caput,NOUN,capita,capita,Adverb,1,Step 1: SUBTLEX-UK,capita,False,capita
caravanned,caravanne,VERB,caravanned,caravan,,1,Step 1: SUBTLEX-UK,caravan,False,caravan
caravanning,caravanne,VERB,caravanning,caravanning,Verb,1,Step 1: SUBTLEX-UK,caravanning,False,caravanning
cardiographs,cardiographs,NOUN,,,Noun,2,Step 2: SUBTLEX-US + NLTK,cardiograph,False,cardiograph
cargoes,cargoe,VERB,cargoes,cargo,Noun,1,Step 1: SUBTLEX-UK,cargo,False,cargo
caries,carie,NOUN,caries,caries,,1,Step 1: SUBTLEX-UK,caries,False,caries
carjacking,carjack,VERB,carjacking,carjacking,Noun,1,Step 1: SUBTLEX-UK,carjacking,False,carjacking
CARLA'S,carla's,NOUN,,,,3,Step 3: spaCy fallback,carla's,True,CARLA'S
CARLETON'S,carleton',NOUN,,,,3,Step 3: spaCy fallback,carleton',True,CARLETON'S
carling,carle,VERB,carling,carling,,1,Step 1: SUBTLEX-UK,carling,False,carling
carlings,carling,NOUN,,,Name,2,Step 2: SUBTLEX-US + NLTK,carlings,False,carlings
CARLYLE'S,carlyle's,ADV,,,,3,Step 3: spaCy fallback,carlyle's,True,CARLYLE'S
CARMER'S,carmer's,NOUN,,,,3,Step 3: spaCy fallback,carmer's,True,CARMER'S
CARNARVON'S,carnarvon',NOUN,,,,3,Step 3: spaCy fallback,carnarvon',True,CARNARVON'S
caroling,carol,VERB,caroling,caroling,Verb,1,Step 1: SUBTLEX-UK,caroling,False,caroling
carolling,carol,VERB,carolling,carolling,Noun,1,Step 1: SUBTLEX-UK,carolling,False,carolling
carousing,carouse,VERB,carousing,carousing,Verb,1,Step 1: SUBTLEX-UK,carousing,False,carousing
carpeting,carpet,VERB,carpeting,carpeting,Noun,1,Step 1: SUBTLEX-UK,carpeting,False,carpeting
carpi,carpi,ADJ,,,Noun,2,Step 2: SUBTLEX-US + NLTK,carpus,False,carpus
carps,carps,PROPN,carps,carp,Noun,1,Step 1: SUBTLEX-UK,carp,False,carp
CARREON'S,carreon',NOUN,,,,3,Step 3: spaCy fallback,carreon',True,CARREON'S
carters,carter,VERB,carters,carters,Name,1,Step 1: SUBTLEX-UK,carters,False,carters
cartooning,cartoon,VERB,cartooning,cartooning,Verb,1,Step 1: SUBTLEX-UK,cartooning,False,cartooning
CARWOOD'S,carwood's,NOUN,,,,3,Step 3: spaCy fallback,carwood's,True,CARWOOD'S
casing,case,VERB,casing,casing,Noun,1,Step 1: SUBTLEX-UK,casing,False,casing
castanet,castanet,NOUN,castanet,castanets,Noun,1,Step 1: SUBTLEX-UK,castanets,False,castanets
castanets,castanet,NOUN,castanets,castanets,Noun,1,Step 1: SUBTLEX-UK,castanets,False,castanets
castoffs,castoff,NOUN,,,Noun,2,Step 2: SUBTLEX-US + NLTK,castoffs,False,castoffs
catatonics,catatonic,NOUN,,,Noun,2,Step 2: SUBTLEX-US + NLTK,catatonics,False,catatonics
CATE'S,cate's,ADJ,,,,3,Step 3: spaCy fallback,cate's,True,CATE'S
catering,cater,VERB,catering,catering,Noun,1,Step 1: SUBTLEX-UK,catering,False,catering
caterwauling,caterwaul,VERB,caterwauling,caterwauling,Noun,1,Step 1: SUBTLEX-UK,caterwauling,False,caterwauling
cathedra,cathedra,PROPN,cathedra,cathedron,,1,Step 1: SUBTLEX-UK,cathedron,False,cathedron
Catherine's,catherine',NOUN,,,,3,Step 3: spaCy fallback,catherine',True,Catherine's
catholics,catholic,NOUN,catholics,catholics,Noun,1,Step 1: SUBTLEX-UK,catholics,False,catholics
CATON'S,caton',NOUN,,,,3,Step 3: spaCy fallback,caton',True,CATON'S
caucusing,caucus,VERB,caucusing,caucusing,,1,Step 1: SUBTLEX-UK,caucusing,False,caucusing
caulis,caulis,PROPN,caulis,cauli,,1,Step 1: SUBTLEX-UK,cauli,False,cauli
CAV'S,cav's,NOUN,,,,3,Step 3: spaCy fallback,cav's,True,CAV'S
caving,cave,VERB,caving,caving,Noun,1,Step 1: SUBTLEX-UK,caving,False,caving
cawing,caw,VERB,cawing,cawing,Verb,1,Step 1: SUBTLEX-UK,cawing,False,cawing
cedars,cedar,VERB,cedars,cedars,Noun,1,Step 1: SUBTLEX-UK,cedars,False,cedars
cedi,cedi,PROPN,cedi,cedus,,1,Step 1: SUBTLEX-UK,cedus,False,cedus
celled,celle,VERB,celled,cell,,1,Step 1: SUBTLEX-UK,cell,False,cell
celts,celt,NOUN,celts,celts,Noun,1,Step 1: SUBTLEX-UK,celts,False,celts
centavos,centavos,NOUN,centavos,centavo,Noun,1,Step 1: SUBTLEX-UK,centavo,False,centavo
centers,center,NOUN,centers,centers,Noun,1,Step 1: SUBTLEX-UK,centers,False,centers
centigrams,centigram,NOUN,,,Noun,2,Step 2: SUBTLEX-US + NLTK,centigrams,False,centigrams
centralized,centralize,VERB,,,Adjective,2,Step 2: SUBTLEX-US + NLTK,centralized,False,centralized
certifies,certifie,NOUN,certifies,certify,Verb,1,Step 1: SUBTLEX-UK,certify,False,certify
CEZANNE'S,cezanne's,ADV,,,,3,Step 3: spaCy fallback,cezanne's,True,CEZANNE'S
chaffinches,chaffinche,VERB,chaffinches,chaffinch,,1,Step 1: SUBTLEX-UK,chaffinch,False,chaffinch
chaffing,chaff,VERB,chaffing,chaffing,Verb,1,Step 1: SUBTLEX-UK,chaffing,False,chaffing
chafing,chafe,VERB,chafing,chafing,Noun,1,Step 1: SUBTLEX-UK,chafing,False,chafing
chagrined,chagrin,VERB,chagrined,chagrined,Adjective,1,Step 1: SUBTLEX-UK,chagrined,False,chagrined
chai,chai,PROPN,chai,chaus,Noun,1,Step 1: SUBTLEX-UK,chaus,False,chaus
chained,chain,VERB,chained,chained,Verb,1,Step 1: SUBTLEX-UK,chained,False,chained
challenging,challenge,VERB,challenging,challenging,Verb,1,Step 1: SUBTLEX-UK,challenging,False,challenging
challis,challi,NOUN,challis,challis,Name,1,Step 1: SUBTLEX-UK,challis,False,challis
chamberlains,chamberlain,VERB,chamberlains,chamberlains,Noun,1,Step 1: SUBTLEX-UK,chamberlains,False,chamberlains
CHAMBRE'S,chambre's,ADV,,,,3,Step 3: spaCy fallback,chambre's,True,CHAMBRE'S
chamois,chamois,NOUN,chamois,chamoix,Noun,1,Step 1: SUBTLEX-UK,chamoix,False,chamoix
champs,champ,NOUN,champs,champs,Noun,1,Step 1: SUBTLEX-UK,champs,False,champs
chandlers,chandler,NOUN,chandlers,chandlers,Name,1,Step 1: SUBTLEX-UK,chandlers,False,chandlers
changeling,changele,VERB,changeling,changeling,Noun,1,Step 1: SUBTLEX-UK,changeling,False,changeling
CHANNING'S,channing',NOUN,,,,3,Step 3: spaCy fallback,channing',True,CHANNING'S
chapatti,chapatti,PROPN,chapatti,chapattus,,1,Step 1: SUBTLEX-UK,chapattus,False,chapattus
chaperoned,chaperone,VERB,chaperoned,chaperon,Verb,1,Step 1: SUBTLEX-UK,chaperon,False,chaperon
chaperoning,chaperone,VERB,chaperoning,chaperon,Verb,1,Step 1: SUBTLEX-UK,chaperon,False,chaperon
Charles's,charles's,X,,,,3,Step 3: spaCy fallback,charles's,True,Charles's
CHARLIE'S,charlie's,ADV,,,,3,Step 3: spaCy fallback,charlie's,True,CHARLIE'S
chartered,charter,VERB,chartered,chartered,Verb,1,Step 1: SUBTLEX-UK,chartered,False,chartered
chastening,chasten,VERB,chastening,chastening,,1,Step 1: SUBTLEX-UK,chastening,False,chastening
chateaux,chateaux,NOUN,chateaux,chateau,Noun,1,Step 1: SUBTLEX-UK,chateau,False,chateau
chatterboxes,chatterboxe,VERB,chatterboxes,chatterbox,Noun,1,Step 1: SUBTLEX-UK,chatterbox,False,chatterbox
chatters,chatter,NOUN,chatters,chatters,Verb,1,Step 1: SUBTLEX-UK,chatters,False,chatters
chattiest,chatty,ADJ,chattiest,chattiest,,1,Step 1: SUBTLEX-UK,chattiest,False,chattiest
cheaper,cheap,ADJ,cheaper,cheaper,Adjective,1,Step 1: SUBTLEX-UK,cheaper,False,cheaper
cheapest,cheap,ADJ,cheapest,cheapest,Adjective,1,Step 1: SUBTLEX-UK,cheapest,False,cheapest
cheating,cheat,VERB,cheating,cheating,Verb,1,Step 1: SUBTLEX-UK,cheating,False,cheating
checkered,checker,VERB,checkered,checkered,Adjective,1,Step 1: SUBTLEX-UK,checkered,False,checkered
checkers,checker,NOUN,checkers,checkers,Noun,1,Step 1: SUBTLEX-UK,checkers,False,checkers
cheeked,cheek,VERB,cheeked,cheeked,Verb,1,Step 1: SUBTLEX-UK,cheeked,False,cheeked
cheekier,cheeky,ADJ,cheekier,cheekier,,1,Step 1: SUBTLEX-UK,cheekier,False,cheekier
cheerier,cheery,ADJ,cheerier,cheerier,Adjective,1,Step 1: SUBTLEX-UK,cheerier,False,cheerier
cheeriest,cheery,ADJ,cheeriest,cheeriest,Adjective,1,Step 1: SUBTLEX-UK,cheeriest,False,cheeriest
cheers,cheer,NOUN,cheers,cheers,Interjection,1,Step 1: SUBTLEX-UK,cheers,False,cheers
CHENNAULT'S,chennault',NOUN,,,,3,Step 3: spaCy fallback,chennault',True,CHENNAULT'S
chequered,chequer,VERB,chequered,chequered,Adjective,1,Step 1: SUBTLEX-UK,chequered,False,chequered
chequers,chequer,NOUN,chequers,chequers,Noun,1,Step 1: SUBTLEX-UK,chequers,False,chequers
cherokees,cherokee,NOUN,cherokees,cherokees,Noun,1,Step 1: SUBTLEX-UK,cherokees,False,cherokees
chessmen,chessman,NOUN,chessmen,chessmen,,1,Step 1: SUBTLEX-UK,chessmen,False,chessmen
chested,cheste,VERB,chested,chest,Verb,1,Step 1: SUBTLEX-UK,chest,False,chest
chesterfields,chesterfield,NOUN,chesterfields,chesterfields,Noun,1,Step 1: SUBTLEX-UK,chesterfields,False,chesterfields
chevaliers,chevalier,NOUN,chevaliers,chevaliers,,1,Step 1: SUBTLEX-UK,chevaliers,False,chevaliers
chichi,chichi,PROPN,chichi,chichus,Noun,1,Step 1: SUBTLEX-UK,chichus,False,chichus
chickenhearted,chickenhearte,VERB,,,Verb,2,Step 2: SUBTLEX-US + NLTK,chickenhearted,False,chickenhearted
chid,chid,NOUN,chid,chide,Adjective,1,Step 1: SUBTLEX-UK,chide,False,chide
childbearing,childbeare,VERB,childbearing,childbear,Noun,1,Step 1: SUBTLEX-UK,childbear,False,childbear
childbed,childbe,VERB,childbed,childbed,Noun,1,Step 1: SUBTLEX-UK,childbed,False,childbed
chileans,chilean,NOUN,chileans,chileans,,1,Step 1: SUBTLEX-UK,chileans,False,chileans
chilli,chilli,PROPN,chilli,chillus,Noun,1,Step 1: SUBTLEX-UK,chillus,False,chillus
chilliest,chilly,ADJ,chilliest,chilliest,,1,Step 1: SUBTLEX-UK,chilliest,False,chilliest
chimeras,chimeras,PROPN,chimeras,chimera,Noun,1,Step 1: SUBTLEX-UK,chimera,False,chimera
China's,china's,NOUN,,,,3,Step 3: spaCy fallback,china's,True,China's
chinchillas,chinchillas,PROPN,chinchillas,chinchilla,Noun,1,Step 1: SUBTLEX-UK,chinchilla,False,chinchilla
chinooks,chinook,NOUN,chinooks,chinooks,,1,Step 1: SUBTLEX-UK,chinooks,False,chinooks
chinstraps,chinstrap,NOUN,chinstraps,chinstraps,Noun,1,Step 1: SUBTLEX-UK,chinstraps,False,chinstraps
chipolata,chipolata,PROPN,chipolata,chipola,,1,Step 1: SUBTLEX-UK,chipola,False,chipola
chippies,chippie,NOUN,chippies,chippy,Noun,1,Step 1: SUBTLEX-UK,chippy,False,chippy
chirped,chirped,VERB,chirped,chirp,,1,Step 1: SUBTLEX-UK,chirp,False,chirp
chlamydia,chlamydia,PROPN,chlamydia,chlamydium,Noun,1,Step 1: SUBTLEX-UK,chlamydium,False,chlamydium
chocks,chock,NOUN,chocks,chocks,Noun,1,Step 1: SUBTLEX-UK,chocks,False,chocks
CHOPIN'S,chopin',NOUN,,,,3,Step 3: spaCy fallback,chopin',True,CHOPIN'S
chortles,chortle,NOUN,chortles,chortles,Verb,1,Step 1: SUBTLEX-UK,chortles,False,chortles
Christ's,christ',NOUN,,,,3,Step 3: spaCy fallback,christ',True,Christ's
christians,christians,PROPN,christians,christian,Noun,1,Step 1: SUBTLEX-UK,christian,False,christian
Christine's,christine',NOUN,,,,3,Step 3: spaCy fallback,christine',True,Christine's
chronicles,chronicle,NOUN,chronicles,chronicles,Noun,1,Step 1: SUBTLEX-UK,chronicles,False,chronicles
chrysalis,chrysalis,PROPN,chrysalis,chrysali,Noun,1,Step 1: SUBTLEX-UK,chrysali,False,chrysali
chrysanthemums,chrysanthemums,PROPN,chrysanthemums,chrysanthemum,Noun,1,Step 1: SUBTLEX-UK,chrysanthemum,False,chrysanthemum
Chrysler's,chrysler',NOUN,,,,3,Step 3: spaCy fallback,chrysler',True,Chrysler's
chukkas,chukkas,ADJ,chukkas,chukka,,1,Step 1: SUBTLEX-UK,chukka,False,chukka
churchgoing,churchgoe,VERB,churchgoing,churchgo,Adjective,1,Step 1: SUBTLEX-UK,churchgo,False,churchgo
Churchill's,churchill',NOUN,,,,3,Step 3: spaCy fallback,churchill',True,Churchill's
churching,church,VERB,churching,churching,Verb,1,Step 1: SUBTLEX-UK,churching,False,churching
CIBULA'S,cibula's,VERB,,,,3,Step 3: spaCy fallback,cibula's,True,CIBULA'S
Cicero's,cicero',NOUN,,,,3,Step 3: spaCy fallback,cicero',True,Cicero's
cilia,cilia,PROPN,cilia,cilium,Noun,1,Step 1: SUBTLEX-UK,cilium,False,cilium
cineraria,cineraria,PROPN,cineraria,cinerarium,,1,Step 1: SUBTLEX-UK,cinerarium,False,cinerarium
ciphering,cipher,VERB,ciphering,ciphering,Verb,1,Step 1: SUBTLEX-UK,ciphering,False,ciphering
circuses,circuse,VERB,circuses,circus,Noun,1,Step 1: SUBTLEX-UK,circus,False,circus
citified,citify,VERB,,,Adjective,2,Step 2: SUBTLEX-US + NLTK,citified,False,citified
citrus,citru,NOUN,citrus,citrus,Noun,1,Step 1: SUBTLEX-UK,citrus,False,citrus
city's,city',VERB,,,,3,Step 3: spaCy fallback,city',True,city's
civilized,civilize,VERB,civilized,civilized,Adjective,1,Step 1: SUBTLEX-UK,civilized,False,civilized
civilizing,civilize,VERB,,,Adjective,2,Step 2: SUBTLEX-US + NLTK,civilizing,False,civilizing
civvies,civvie,NOUN,civvies,civvy,Noun,1,Step 1: SUBTLEX-UK,civvy,False,civvy
clad,clothe,VERB,clad,clad,Verb,1,Step 1: SUBTLEX-UK,clad,False,clad
cladding,clad,VERB,cladding,cladding,Noun,1,Step 1: SUBTLEX-UK,cladding,False,cladding
clangers,clanger,NOUN,clangers,clangers,,1,Step 1: SUBTLEX-UK,clangers,False,clangers
clanking,clank,VERB,clanking,clanking,Verb,1,Step 1: SUBTLEX-UK,clanking,False,clanking
clapper,clapper,NOUN,clapper,clappers,Noun,1,Step 1: SUBTLEX-UK,clappers,False,clappers
clappers,clapper,NOUN,clappers,clappers,Noun,1,Step 1: SUBTLEX-UK,clappers,False,clappers
clarifies,clarifie,NOUN,clarifies,clarify,Verb,1,Step 1: SUBTLEX-UK,clarify,False,clarify
Clark's,clark's,CCONJ,,,,3,Step 3: spaCy fallback,clark's,True,Clark's
classiest,classy,ADJ,classiest,classiest,Adjective,1,Step 1: SUBTLEX-UK,classiest,False,classiest
classifies,classifie,NOUN,classifies,classify,Verb,1,Step 1: SUBTLEX-UK,classify,False,classify
Claude's,claude',NOUN,,,,3,Step 3: spaCy fallback,claude',True,Claude's
Claudia's,claudia',NOUN,,,,3,Step 3: spaCy fallback,claudia',True,Claudia's
CLAYTON'S,clayton',NOUN,,,,3,Step 3: spaCy fallback,clayton',True,CLAYTON'S
cleanest,clean,ADJ,cleanest,cleanest,Adjective,1,Step 1: SUBTLEX-UK,cleanest,False,cleanest
clearer,clear,ADJ,clearer,clearer,Adjective,1,Step 1: SUBTLEX-UK,clearer,False,clearer
clearest,clear,ADJ,clearest,clearest,Adjective,1,Step 1: SUBTLEX-UK,clearest,False,clearest
clearheaded,clearheade,VERB,,,Verb,2,Step 2: SUBTLEX-US + NLTK,clearheaded,False,clearheaded
clearwing,clearwe,VERB,clearwing,clearw,,1,Step 1: SUBTLEX-UK,clearw,False,clearw
cleaves,cleave,NOUN,cleaves,cleaves,Name,1,Step 1: SUBTLEX-UK,cleaves,False,cleaves
CLEBURNE'S,cleburne's,ADV,,,,3,Step 3: spaCy fallback,cleburne's,True,CLEBURNE'S
clematis,clematis,NOUN,clematis,clemati,,1,Step 1: SUBTLEX-UK,clemati,False,clemati
clements,clement,NOUN,clements,clements,Name,1,Step 1: SUBTLEX-UK,clements,False,clements
clerk's,clerk',NOUN,,,,3,Step 3: spaCy fallback,clerk',True,clerk's
cleverest,clever,ADJ,cleverest,cleverest,Adjective,1,Step 1: SUBTLEX-UK,cleverest,False,cleverest
clews,clew,NOUN,clews,clews,Name,1,Step 1: SUBTLEX-UK,clews,False,clews
cliched,cliche,VERB,cliched,cliched,Verb,1,Step 1: SUBTLEX-UK,cliched,False,cliched
climaxes,climaxes,PROPN,climaxes,climax,Verb,1,Step 1: SUBTLEX-UK,climax,False,climax
cling,cle,VERB,cling,cling,Verb,1,Step 1: SUBTLEX-UK,cling,False,cling
clitoris,clitoris,PROPN,clitoris,clitori,Noun,1,Step 1: SUBTLEX-UK,clitori,False,clitori
clodhopping,clodhoppe,VERB,clodhopping,clodhop,,1,Step 1: SUBTLEX-UK,clodhop,False,clodhop
closer,close,ADV,closer,closer,Adverb,1,Step 1: SUBTLEX-UK,closer,False,closer
closest,close,ADJ,closest,closest,Adjective,1,Step 1: SUBTLEX-UK,closest,False,closest
clothes,clothe,NOUN,clothes,clothes,Noun,1,Step 1: SUBTLEX-UK,clothes,False,clothes
clotted,clot,VERB,clotted,clotted,Verb,1,Step 1: SUBTLEX-UK,clotted,False,clotted
clouded,clouded,ADJ,clouded,cloud,Verb,1,Step 1: SUBTLEX-UK,cloud,False,cloud
cloudier,cloudy,ADJ,cloudier,cloudier,Adjective,1,Step 1: SUBTLEX-UK,cloudier,False,cloudier
cloudiest,cloudy,ADJ,cloudiest,cloudiest,,1,Step 1: SUBTLEX-UK,cloudiest,False,cloudiest
clouding,cloud,VERB,clouding,clouding,Verb,1,Step 1: SUBTLEX-UK,clouding,False,clouding
clowned,clown,VERB,clowned,clowned,Verb,1,Step 1: SUBTLEX-UK,clowned,False,clowned
clumped,clumped,VERB,clumped,clump,Verb,1,Step 1: SUBTLEX-UK,clump,False,clump
clumping,clumping,NOUN,clumping,clump,Verb,1,Step 1: SUBTLEX-UK,clump,False,clump
clung,clung,PROPN,clung,cling,Verb,1,Step 1: SUBTLEX-UK,cling,False,cling
cluttered,cluttered,ADJ,cluttered,clutter,Verb,1,Step 1: SUBTLEX-UK,clutter,False,clutter
clutters,clutter,NOUN,clutters,clutters,Noun,1,Step 1: SUBTLEX-UK,clutters,False,clutters
coaching,coach,VERB,coaching,coaching,Verb,1,Step 1: SUBTLEX-UK,coaching,False,coaching
coarsest,coarse,ADJ,coarsest,coarsest,,1,Step 1: SUBTLEX-UK,coarsest,False,coarsest
coati,coati,PROPN,coati,coatus,,1,Step 1: SUBTLEX-UK,coatus,False,coatus
coating,coat,VERB,coating,coating,Noun,1,Step 1: SUBTLEX-UK,coating,False,coating
cobras,cobra,NOUN,cobras,cobras,Noun,1,Step 1: SUBTLEX-UK,cobras,False,cobras
cobwebs,cobwebs,NOUN,cobwebs,cobweb,Noun,1,Step 1: SUBTLEX-UK,cobweb,False,cobweb
cockeyed,cockeye,VERB,cockeyed,cockeyed,Adjective,1,Step 1: SUBTLEX-UK,cockeyed,False,cockeyed
cockfighting,cockfighte,VERB,cockfighting,cockfighting,Verb,1,Step 1: SUBTLEX-UK,cockfighting,False,cockfighting
cockling,cockle,VERB,cockling,cockling,,1,Step 1: SUBTLEX-UK,cockling,False,cockling
cockneys,cockney,NOUN,cockneys,cockneys,Noun,1,Step 1: SUBTLEX-UK,cockneys,False,cockneys
cocoas,cocoas,NOUN,cocoas,cocoa,Noun,1,Step 1: SUBTLEX-UK,cocoa,False,cocoa
coddling,coddle,VERB,coddling,coddling,Verb,1,Step 1: SUBTLEX-UK,coddling,False,coddling
coding,code,VERB,coding,coding,Noun,1,Step 1: SUBTLEX-UK,coding,False,coding
codling,codle,VERB,codling,codling,Noun,1,Step 1: SUBTLEX-UK,codling,False,codling
coeds,coed,NOUN,,,Noun,2,Step 2: SUBTLEX-US + NLTK,coeds,False,coeds
coffering,coffere,VERB,coffering,coffer,,1,Step 1: SUBTLEX-UK,coffer,False,coffer
cognomen,cognoman,NOUN,,,Noun,2,Step 2: SUBTLEX-US + NLTK,cognomen,False,cognomen
coifed,coif,VERB,,,Adjective,2,Step 2: SUBTLEX-US + NLTK,coifed,False,coifed
coldblooded,coldbloode,VERB,,,Adjective,2,Step 2: SUBTLEX-US + NLTK,coldblooded,False,coldblooded
coldest,cold,ADJ,coldest,coldest,Adjective,1,Step 1: SUBTLEX-UK,coldest,False,coldest
coldhearted,coldhearte,VERB,coldhearted,coldheart,Adjective,1,Step 1: SUBTLEX-UK,coldheart,False,coldheart
COLE'S,cole's,ADV,,,,3,Step 3: spaCy fallback,cole's,True,COLE'S
Coleridge's,coleridge',NOUN,,,,3,Step 3: spaCy fallback,coleridge',True,Coleridge's
collared,collared,ADJ,collared,collar,Verb,1,Step 1: SUBTLEX-UK,collar,False,collar
collier,colly,ADJ,collier,collier,Name,1,Step 1: SUBTLEX-UK,collier,False,collier
colliers,collier,NOUN,colliers,colliers,Noun,1,Step 1: SUBTLEX-UK,colliers,False,colliers
colluded,colluded,VERB,colluded,collude,Verb,1,Step 1: SUBTLEX-UK,collude,False,collude
collywobbles,collywobble,NOUN,collywobbles,collywobbles,Noun,1,Step 1: SUBTLEX-UK,collywobbles,False,collywobbles
colonnaded,colonnade,VERB,colonnaded,colonnaded,,1,Step 1: SUBTLEX-UK,colonnaded,False,colonnaded
Colorado's,colorado's,X,,,,3,Step 3: spaCy fallback,colorado's,True,Colorado's
coloring,color,VERB,,,Noun,2,Step 2: SUBTLEX-US + NLTK,coloring,False,coloring
coloured,coloured,VERB,coloured,colour,Adjective,1,Step 1: SUBTLEX-UK,colour,False,colour
cols,col,NOUN,cols,cols,,1,Step 1: SUBTLEX-UK,cols,False,cols
columned,columne,VERB,columned,column,,1,Step 1: SUBTLEX-UK,column,False,column
COLVIN'S,colvin',NOUN,,,,3,Step 3: spaCy fallback,colvin',True,COLVIN'S
combating,combat,VERB,combating,combate,Verb,1,Step 1: SUBTLEX-UK,combate,False,combate
COMEDIE'S,comedie',NOUN,,,,3,Step 3: spaCy fallback,comedie',True,COMEDIE'S
comfier,comfy,ADJ,comfier,comfier,Adjective,1,Step 1: SUBTLEX-UK,comfier,False,comfier
comforting,comfort,VERB,comforting,comforting,Adjective,1,Step 1: SUBTLEX-UK,comforting,False,comforting
comics,comic_strip,NOUN,comics,comic,Noun,1,Step 1: SUBTLEX-UK,comic,False,comic
commanding,command,VERB,commanding,commanding,Adjective,1,Step 1: SUBTLEX-UK,commanding,False,commanding
commodores,commodore,NOUN,commodores,commodores,Noun,1,Step 1: SUBTLEX-UK,commodores,False,commodores
commons,common,NOUN,commons,commons,Name,1,Step 1: SUBTLEX-UK,commons,False,commons
communicator's,communicator',VERB,,,,3,Step 3: spaCy fallback,communicator',True,communicator's
communism's,communism',NOUN,,,,3,Step 3: spaCy fallback,communism',True,communism's
communists,communist,NOUN,communists,communists,Noun,1,Step 1: SUBTLEX-UK,communists,False,communists
compacted,compact,VERB,compacted,compacted,Adjective,1,Step 1: SUBTLEX-UK,compacted,False,compacted
compendia,compendia,NOUN,compendia,compendium,,1,Step 1: SUBTLEX-UK,compendium,False,compendium
complicated,complicate,VERB,complicated,complicated,Adjective,1,Step 1: SUBTLEX-UK,complicated,False,complicated
complies,complie,NOUN,complies,comply,Verb,1,Step 1: SUBTLEX-UK,comply,False,comply
compos,compos,NOUN,compos,compo,Adjective,1,Step 1: SUBTLEX-UK,compo,False,compo
composting,compost,VERB,composting,composting,,1,Step 1: SUBTLEX-UK,composting,False,composting
computerized,computerize,VERB,computerized,computerized,Adjective,1,Step 1: SUBTLEX-UK,computerized,False,computerized
computing,compute,VERB,computing,computing,Noun,1,Step 1: SUBTLEX-UK,computing,False,computing
CONANT'S,conant',NOUN,,,,3,Step 3: spaCy fallback,conant',True,CONANT'S
conceited,conceite,VERB,conceited,conceit,Adjective,1,Step 1: SUBTLEX-UK,conceit,False,conceit
concerted,concert,VERB,concerted,concerted,Adjective,1,Step 1: SUBTLEX-UK,concerted,False,concerted
concertinaed,concertinaed,NOUN,concertinaed,concertina,,1,Step 1: SUBTLEX-UK,concertina,False,concertina
CONCETTA'S,concetta's,NOUN,,,,3,Step 3: spaCy fallback,concetta's,True,CONCETTA'S
condensed,condense,VERB,condensed,condensed,Adjective,1,Step 1: SUBTLEX-UK,condensed,False,condensed
conditionals,conditional,NOUN,,,Noun,2,Step 2: SUBTLEX-US + NLTK,conditionals,False,conditionals
conditioning,condition,VERB,conditioning,conditioning,Noun,1,Step 1: SUBTLEX-UK,conditioning,False,conditioning
coned,cone,VERB,coned,con,Adjective,1,Step 1: SUBTLEX-UK,con,False,con
confederates,confederate,NOUN,confederates,confederates,Noun,1,Step 1: SUBTLEX-UK,confederates,False,confederates
confederations,confederation,NOUN,confederations,confederations,,1,Step 1: SUBTLEX-UK,confederations,False,confederations
conferencing,conference,VERB,conferencing,conferencing,Noun,1,Step 1: SUBTLEX-UK,conferencing,False,conferencing
confesses,confesse,NOUN,confesses,confess,Verb,1,Step 1: SUBTLEX-UK,confess,False,confess
confines,confine,NOUN,confines,confines,Noun,1,Step 1: SUBTLEX-UK,confines,False,confines
confraternities,confraternitie,NOUN,confraternities,confraternity,,1,Step 1: SUBTLEX-UK,confraternity,False,confraternity
confusing,confuse,VERB,confusing,confusing,Adjective,1,Step 1: SUBTLEX-UK,confusing,False,confusing
congas,congas,PROPN,congas,conga,Noun,1,Step 1: SUBTLEX-UK,conga,False,conga
Congo's,congo',NOUN,,,,3,Step 3: spaCy fallback,congo',True,Congo's
congratulating,congratulate,VERB,congratulating,congratulating,Verb,1,Step 1: SUBTLEX-UK,congratulating,False,congratulating
congregationalists,congregationalist,NOUN,congregationalists,congregationalists,,1,Step 1: SUBTLEX-UK,congregationalists,False,congregationalists
Connecticut's,connecticut',NOUN,,,,3,Step 3: spaCy fallback,connecticut',True,Connecticut's
conquistadores,conquistadore,VERB,conquistadores,conquistador,Noun,1,Step 1: SUBTLEX-UK,conquistador,False,conquistador
CONRAD'S,conrad's,NOUN,,,,3,Step 3: spaCy fallback,conrad's,True,CONRAD'S
conservatives,conservative,NOUN,conservatives,conservatives,Noun,1,Step 1: SUBTLEX-UK,conservatives,False,conservatives
consortia,consortia,NOUN,consortia,consortium,Noun,1,Step 1: SUBTLEX-UK,consortium,False,consortium
consuming,consume,VERB,consuming,consuming,Verb,1,Step 1: SUBTLEX-UK,consuming,False,consuming
contemned,contemn,VERB,,,Adjective,2,Step 2: SUBTLEX-US + NLTK,contemned,False,contemned
contented,content,VERB,contented,contented,Adjective,1,Step 1: SUBTLEX-UK,contented,False,contented
contents,content,NOUN,contents,contents,Noun,1,Step 1: SUBTLEX-UK,contents,False,contents
contexts,contexts,PROPN,contexts,context,Noun,1,Step 1: SUBTLEX-UK,context,False,context
contorted,contort,VERB,contorted,contorted,Adjective,1,Step 1: SUBTLEX-UK,contorted,False,contorted
contretemps,contretemp,NOUN,contretemps,contretemps,Noun,1,Step 1: SUBTLEX-UK,contretemps,False,contretemps
contrived,contrive,VERB,contrived,contrived,Verb,1,Step 1: SUBTLEX-UK,contrived,False,contrived
conveyancing,conveyance,VERB,conveyancing,conveyancing,,1,Step 1: SUBTLEX-UK,conveyancing,False,conveyancing
convincing,convince,VERB,convincing,convincing,Adjective,1,Step 1: SUBTLEX-UK,convincing,False,convincing
convoluted,convolute,VERB,convoluted,convoluted,Adjective,1,Step 1: SUBTLEX-UK,convoluted,False,convoluted
cooking,cook,VERB,cooking,cooking,Noun,1,Step 1: SUBTLEX-UK,cooking,False,cooking
coolest,cool,ADJ,coolest,coolest,Adjective,1,Step 1: SUBTLEX-UK,coolest,False,coolest
Coolidge's,coolidge',NOUN,,,,3,Step 3: spaCy fallback,coolidge',True,Coolidge's
cooped,coope,VERB,cooped,coop,Verb,1,Step 1: SUBTLEX-UK,coop,False,coop
coopers,cooper,NOUN,coopers,coopers,Name,1,Step 1: SUBTLEX-UK,coopers,False,coopers
COOSIE'S,coosie's,ADV,,,,3,Step 3: spaCy fallback,coosie's,True,COOSIE'S
coped,coped,VERB,coped,cope,Verb,1,Step 1: SUBTLEX-UK,cope,False,cope
copier,copi,ADJ,copier,copier,Noun,1,Step 1: SUBTLEX-UK,copier,False,copier
copts,copt,VERB,copts,copts,,1,Step 1: SUBTLEX-UK,copts,False,copts
copying,copy,VERB,copying,copying,Verb,1,Step 1: SUBTLEX-UK,copying,False,copying
corking,cork,VERB,corking,corking,Verb,1,Step 1: SUBTLEX-UK,corking,False,corking
corned,corn,VERB,corned,corned,Adjective,1,Step 1: SUBTLEX-UK,corned,False,corned
cornered,cornered,ADJ,cornered,corner,Verb,1,Step 1: SUBTLEX-UK,corner,False,corner
cornier,cornier,NOUN,,,Adjective,2,Step 2: SUBTLEX-US + NLTK,corny,False,corny
corniest,corny,ADJ,corniest,corniest,Adjective,1,Step 1: SUBTLEX-UK,corniest,False,corniest
corning,corn,VERB,corning,corning,Verb,1,Step 1: SUBTLEX-UK,corning,False,corning
corollas,corolla,NOUN,corollas,corollas,,1,Step 1: SUBTLEX-UK,corollas,False,corollas
coronas,coronas,PROPN,coronas,corona,Noun,1,Step 1: SUBTLEX-UK,corona,False,corona
coroner's,coroner',VERB,,,,3,Step 3: spaCy fallback,coroner',True,coroner's
coronets,coronet,NOUN,coronets,coronets,,1,Step 1: SUBTLEX-UK,coronets,False,coronets
corpora,corpora,PROPN,,,Noun,2,Step 2: SUBTLEX-US + NLTK,corpus,False,corpus
corresponding,correspond,VERB,corresponding,corresponding,Adjective,1,Step 1: SUBTLEX-UK,corresponding,False,corresponding
corries,corrie,NOUN,corries,corries,,1,Step 1: SUBTLEX-UK,corries,False,corries
corrugated,corrugate,VERB,corrugated,corrugated,Adjective,1,Step 1: SUBTLEX-UK,corrugated,False,corrugated
corsairs,corsair,NOUN,corsairs,corsairs,,1,Step 1: SUBTLEX-UK,corsairs,False,corsairs
corydalis,corydalis,PROPN,corydalis,corydali,,1,Step 1: SUBTLEX-UK,corydali,False,corydali
costliest,costly,ADJ,costliest,costliest,Adjective,1,Step 1: SUBTLEX-UK,costliest,False,costliest
costuming,costume,VERB,costuming,costuming,Verb,1,Step 1: SUBTLEX-UK,costuming,False,costuming
cotes,cote,NOUN,cotes,cotes,Name,1,Step 1: SUBTLEX-UK,cotes,False,cotes
COTTEN'S,cotten',NOUN,,,,3,Step 3: spaCy fallback,cotten',True,COTTEN'S
cougars,cougar,NOUN,cougars,cougars,Noun,1,Step 1: SUBTLEX-UK,cougars,False,cougars
COUGHLIN'S,coughlin',NOUN,,,,3,Step 3: spaCy fallback,coughlin',True,COUGHLIN'S
counseling,counsel,VERB,counseling,counseling,Noun,1,Step 1: SUBTLEX-UK,counseling,False,counseling
counselling,counsel,VERB,counselling,counselling,Noun,1,Step 1: SUBTLEX-UK,counselling,False,counselling
countenancing,countenance,VERB,countenancing,countenancing,,1,Step 1: SUBTLEX-UK,countenancing,False,countenancing
counterbalancing,counterbalance,VERB,counterbalancing,counterbalancing,,1,Step 1: SUBTLEX-UK,counterbalancing,False,counterbalancing
counteroffers,counteroffer,NOUN,,,Verb,2,Step 2: SUBTLEX-US + NLTK,counteroffers,False,counteroffers
countesses,countesse,VERB,countesses,countess,Noun,1,Step 1: SUBTLEX-UK,countess,False,countess
countrified,countrifie,VERB,countrified,countrify,Verb,1,Step 1: SUBTLEX-UK,countrify,False,countrify
couple's,couple',VERB,,,,3,Step 3: spaCy fallback,couple',True,couple's
coupling,couple,VERB,coupling,coupling,Noun,1,Step 1: SUBTLEX-UK,coupling,False,coupling
covenanted,covenant,VERB,covenanted,covenanted,,1,Step 1: SUBTLEX-UK,covenanted,False,covenanted
covenanting,covenant,VERB,covenanting,covenanting,,1,Step 1: SUBTLEX-UK,covenanting,False,covenanting
coveted,covet,VERB,coveted,coveted,Adjective,1,Step 1: SUBTLEX-UK,coveted,False,coveted
coving,cove,VERB,coving,coving,,1,Step 1: SUBTLEX-UK,coving,False,coving
COWHAND'D,cowhand'd,NOUN,,,,3,Step 3: spaCy fallback,cowhand'd,True,COWHAND'D
cowling,cowl,VERB,cowling,cowling,Noun,1,Step 1: SUBTLEX-UK,cowling,False,cowling
coworkers,coworker,NOUN,,,Noun,2,Step 2: SUBTLEX-US + NLTK,coworkers,False,coworkers
cowshed,cowshe,VERB,cowshed,cowsh,Noun,1,Step 1: SUBTLEX-UK,cowsh,False,cowsh
coxed,cox,VERB,coxed,coxed,,1,Step 1: SUBTLEX-UK,coxed,False,coxed
cozier,cozier,NOUN,,,Adjective,2,Step 2: SUBTLEX-US + NLTK,cozy,False,cozy
CP'er,cp'er,NOUN,,,,3,Step 3: spaCy fallback,cp'er,True,CP'er
CP'ers,cp'er,NOUN,,,,3,Step 3: spaCy fallback,cp'er,True,CP'ers
cr_ches,cr_che,NOUN,,,,3,Step 3: spaCy fallback,cr_che,True,cr_ches
crabbed,crab,VERB,crabbed,crabbed,Verb,1,Step 1: SUBTLEX-UK,crabbed,False,crabbed
crackling,crackle,VERB,crackling,crackling,Verb,1,Step 1: SUBTLEX-UK,crackling,False,crackling
crackups,crackup,VERB,,,Noun,2,Step 2: SUBTLEX-US + NLTK,crackups,False,crackups
cradles,cradle,NOUN,cradles,cradles,Noun,1,Step 1: SUBTLEX-UK,cradles,False,cradles
craftsman's,craftsman',NOUN,,,,3,Step 3: spaCy fallback,craftsman',True,craftsman's
cragged,cragge,VERB,,,Adjective,2,Step 2: SUBTLEX-US + NLTK,cragged,False,cragged
cramped,cramp,VERB,cramped,cramped,Verb,1,Step 1: SUBTLEX-UK,cramped,False,cramped
crania,crania,PROPN,crania,cranium,,1,Step 1: SUBTLEX-UK,cranium,False,cranium
crankier,crankier,NOUN,,,Adjective,2,Step 2: SUBTLEX-US + NLTK,cranky,False,cranky
crankiest,crankiest,PROPN,,,Adjective,2,Step 2: SUBTLEX-US + NLTK,cranky,False,cranky
crappiest,crappi,ADJ,crappiest,crappiest,Adjective,1,Step 1: SUBTLEX-UK,crappiest,False,crappiest
cratered,cratere,VERB,cratered,crater,,1,Step 1: SUBTLEX-UK,crater,False,crater
cravens,craven,NOUN,cravens,cravens,Name,1,Step 1: SUBTLEX-UK,cravens,False,cravens
craving,crave,VERB,craving,craving,Verb,1,Step 1: SUBTLEX-UK,craving,False,craving
crazier,crazy,ADJ,crazier,crazier,Adjective,1,Step 1: SUBTLEX-UK,crazier,False,crazier
craziest,crazy,ADJ,craziest,craziest,Adjective,1,Step 1: SUBTLEX-UK,craziest,False,craziest
crazing,craze,VERB,crazing,crazing,,1,Step 1: SUBTLEX-UK,crazing,False,crazing
creamed,cream,VERB,creamed,creamed,Adjective,1,Step 1: SUBTLEX-UK,creamed,False,creamed
creamier,creamy,ADJ,creamier,creamier,Adjective,1,Step 1: SUBTLEX-UK,creamier,False,creamier
creamiest,creamy,ADJ,creamiest,creamiest,Adjective,1,Step 1: SUBTLEX-UK,creamiest,False,creamiest
creased,crease,VERB,creased,creased,Verb,1,Step 1: SUBTLEX-UK,creased,False,creased
cred,cre,VERB,cred,cred,Verb,1,Step 1: SUBTLEX-UK,cred,False,cred
credentials,credential,NOUN,credentials,credentials,Noun,1,Step 1: SUBTLEX-UK,credentials,False,credentials
crematoria,crematoria,PROPN,crematoria,crematorium,Noun,1,Step 1: SUBTLEX-UK,crematorium,False,crematorium
crept,crept,VERB,crept,creep,Verb,1,Step 1: SUBTLEX-UK,creep,False,creep
crested,crest,VERB,crested,crested,Adjective,1,Step 1: SUBTLEX-UK,crested,False,crested
cresting,crest,VERB,cresting,cresting,Verb,1,Step 1: SUBTLEX-UK,cresting,False,cresting
CRESTON'S,creston',NOUN,,,,3,Step 3: spaCy fallback,creston',True,CRESTON'S
creviced,crevice,VERB,,,Verb,2,Step 2: SUBTLEX-US + NLTK,creviced,False,creviced
cribbed,cribbed,VERB,cribbed,crib,Verb,1,Step 1: SUBTLEX-UK,crib,False,crib
cricked,crick,VERB,cricked,cricked,,1,Step 1: SUBTLEX-UK,cricked,False,cricked
crimped,crimp,VERB,crimped,crimped,Verb,1,Step 1: SUBTLEX-UK,crimped,False,crimped
croats,croat,NOUN,croats,croats,,1,Step 1: SUBTLEX-UK,croats,False,croats
CROMBIE'S,crombie's,ADV,,,,3,Step 3: spaCy fallback,crombie's,True,CROMBIE'S
cromlechs,cromlechs,PROPN,cromlechs,cromlech,,1,Step 1: SUBTLEX-UK,cromlech,False,cromlech
Cromwell's,cromwell',NOUN,,,,3,Step 3: spaCy fallback,cromwell',True,Cromwell's
crooked,crook,VERB,crooked,crooked,Adjective,1,Step 1: SUBTLEX-UK,crooked,False,crooked
CROSBY'S,crosby',NOUN,,,,3,Step 3: spaCy fallback,crosby',True,CROSBY'S
crossbones,crossbone,NOUN,crossbones,crossbones,Noun,1,Step 1: SUBTLEX-UK,crossbones,False,crossbones
crosschecked,crosschecke,VERB,,,Verb,2,Step 2: SUBTLEX-US + NLTK,crosschecked,False,crosschecked
crosscutting,crosscut,VERB,,,Name,2,Step 2: SUBTLEX-US + NLTK,crosscutting,False,crosscutting
crosses,crosse,NOUN,crosses,cross,Verb,1,Step 1: SUBTLEX-UK,cross,False,cross
crosskeys,crosskey,NOUN,crosskeys,crosskeys,,1,Step 1: SUBTLEX-UK,crosskeys,False,crosskeys
CROSSON'S,crosson',NOUN,,,,3,Step 3: spaCy fallback,crosson',True,CROSSON'S
crossroads,crossroad,NOUN,crossroads,crossroads,Noun,1,Step 1: SUBTLEX-UK,crossroads,False,crossroads
crosstrees,crosstree,NOUN,,,Noun,2,Step 2: SUBTLEX-US + NLTK,crosstrees,False,crosstrees
crowning,crown,VERB,crowning,crowning,Verb,1,Step 1: SUBTLEX-UK,crowning,False,crowning
cruces,crux,NOUN,cruces,cruces,Name,1,Step 1: SUBTLEX-UK,cruces,False,cruces
crucifies,crucifie,NOUN,crucifies,crucify,,1,Step 1: SUBTLEX-UK,crucify,False,crucify
cruellest,cruell,ADJ,cruellest,cruellest,Adjective,1,Step 1: SUBTLEX-UK,cruellest,False,cruellest
crumbliest,crumbly,ADJ,crumbliest,crumbliest,,1,Step 1: SUBTLEX-UK,crumbliest,False,crumbliest
crunchier,crunchi,ADJ,crunchier,crunchier,Adjective,1,Step 1: SUBTLEX-UK,crunchier,False,crunchier
crunchiest,crunchi,ADJ,crunchiest,crunchiest,,1,Step 1: SUBTLEX-UK,crunchiest,False,crunchiest
crusaders,crusader,NOUN,crusaders,crusaders,Noun,1,Step 1: SUBTLEX-UK,crusaders,False,crusaders
crusades,crusade,NOUN,crusades,crusades,Noun,1,Step 1: SUBTLEX-UK,crusades,False,crusades
crushers,crusher,NOUN,crushers,crushers,Noun,1,Step 1: SUBTLEX-UK,crushers,False,crushers
crutches,crutche,VERB,crutches,crutch,Noun,1,Step 1: SUBTLEX-UK,crutch,False,crutch
crutching,crutche,VERB,crutching,crutch,,1,Step 1: SUBTLEX-UK,crutch,False,crutch
cruzeiros,cruzeiro,NOUN,,,Noun,2,Step 2: SUBTLEX-US + NLTK,cruzeiros,False,cruzeiros
cubans,cuban,NOUN,cubans,cubans,Noun,1,Step 1: SUBTLEX-UK,cubans,False,cubans
cuddles,cuddle,NOUN,cuddles,cuddles,Noun,1,Step 1: SUBTLEX-UK,cuddles,False,cuddles
cuffing,cuff,VERB,cuffing,cuffing,Verb,1,Step 1: SUBTLEX-UK,cuffing,False,cuffing
culling,cull,VERB,culling,culling,Verb,1,Step 1: SUBTLEX-UK,culling,False,culling
cultured,culture,VERB,cultured,cultured,Adjective,1,Step 1: SUBTLEX-UK,cultured,False,cultured
cunning,cunne,VERB,cunning,cunning,Adjective,1,Step 1: SUBTLEX-UK,cunning,False,cunning
cuppas,cuppas,NOUN,cuppas,cuppa,,1,Step 1: SUBTLEX-UK,cuppa,False,cuppa
curlews,curlews,NOUN,curlews,curlew,,1,Step 1: SUBTLEX-UK,curlew,False,curlew
curricula,curricula,NOUN,curricula,curriculum,Noun,1,Step 1: SUBTLEX-UK,curriculum,False,curriculum
curried,curry,VERB,curried,curried,Adjective,1,Step 1: SUBTLEX-UK,curried,False,curried
cursing,curse,VERB,cursing,cursing,Verb,1,Step 1: SUBTLEX-UK,cursing,False,cursing
CURT'S,curt',NOUN,,,,3,Step 3: spaCy fallback,curt',True,CURT'S
curved,curve,VERB,curved,curved,Adjective,1,Step 1: SUBTLEX-UK,curved,False,curved
CURZON'S,curzon',NOUN,,,,3,Step 3: spaCy fallback,curzon',True,CURZON'S
cushiest,cushi,ADJ,cushiest,cushiest,,1,Step 1: SUBTLEX-UK,cushiest,False,cushiest
cushioning,cushion,VERB,cushioning,cushioning,,1,Step 1: SUBTLEX-UK,cushioning,False,cushioning
cusped,cuspe,VERB,cusped,cusped,,1,Step 1: SUBTLEX-UK,cusped,False,cusped
Custer's,custer',NOUN,,,,3,Step 3: spaCy fallback,custer',True,Custer's
cutest,cut,ADJ,cutest,cutest,Adjective,1,Step 1: SUBTLEX-UK,cutest,False,cutest
cyberbullying,cyberbullye,VERB,cyberbullying,cyberbully,,1,Step 1: SUBTLEX-UK,cyberbully,False,cyberbully
cybernetics,cybernetic,NOUN,cybernetics,cybernetics,Noun,1,Step 1: SUBTLEX-UK,cybernetics,False,cybernetics
cyclamen,cyclaman,NOUN,cyclamen,cyclamen,Noun,1,Step 1: SUBTLEX-UK,cyclamen,False,cyclamen
cycling,cycle,VERB,cycling,cycling,Verb,1,Step 1: SUBTLEX-UK,cycling,False,cycling
cyclops,cyclop,NOUN,cyclops,cyclops,Noun,1,Step 1: SUBTLEX-UK,cyclops,False,cyclops
cylinder's,cylinder',NOUN,,,,3,Step 3: spaCy fallback,cylinder',True,cylinder's
cypresses,cypresse,VERB,cypresses,cypress,Noun,1,Step 1: SUBTLEX-UK,cypress,False,cypress
CZARINA'S,czarina's,X,,,,3,Step 3: spaCy fallback,czarina's,True,CZARINA'S
czechs,czech,VERB,czechs,czechs,Noun,1,Step 1: SUBTLEX-UK,czechs,False,czechs
d,d,X,d,would,Letter,1,Step 1: SUBTLEX-UK,would,False,would
D'ART,d'art,X,,,,3,Step 3: spaCy fallback,d'art,True,D'ART
D'ETAT,d'etat,X,,,,3,Step 3: spaCy fallback,d'etat,True,D'ETAT
D'HOTEL,d'hotel,VERB,,,,3,Step 3: spaCy fallback,d'hotel,True,D'HOTEL
D'UN,d'un,X,,,,3,Step 3: spaCy fallback,d'un,True,D'UN
dachas,dachas,PROPN,dachas,dacha,,1,Step 1: SUBTLEX-UK,dacha,False,dacha
daggered,daggere,VERB,,,Verb,2,Step 2: SUBTLEX-US + NLTK,daggered,False,daggered
daiquiri,daiquiri,PROPN,daiquiri,daiquirus,Noun,1,Step 1: SUBTLEX-UK,daiquirus,False,daiquirus
daiquiris,daiquiris,NOUN,daiquiris,daiquiri,Noun,1,Step 1: SUBTLEX-UK,daiquiri,False,daiquiri
dairying,dairye,VERB,dairying,dairy,,1,Step 1: SUBTLEX-UK,dairy,False,dairy
dales,dale,NOUN,dales,dales,Noun,1,Step 1: SUBTLEX-UK,dales,False,dales
dalmatians,dalmatian,NOUN,dalmatians,dalmatians,Noun,1,Step 1: SUBTLEX-UK,dalmatians,False,dalmatians
DALTON'S,dalton',NOUN,,,,3,Step 3: spaCy fallback,dalton',True,DALTON'S
damages,damage,NOUN,damages,damages,Noun,1,Step 1: SUBTLEX-UK,damages,False,damages
damaging,damage,VERB,damaging,damaging,Verb,1,Step 1: SUBTLEX-UK,damaging,False,damaging
damascened,damascene,VERB,damascened,damascen,,1,Step 1: SUBTLEX-UK,damascen,False,damascen
damascenes,damascene,NOUN,damascenes,damascenes,,1,Step 1: SUBTLEX-UK,damascenes,False,damascenes
damned,damn,VERB,damned,damned,Verb,1,Step 1: SUBTLEX-UK,damned,False,damned
damnedest,damned,ADJ,damnedest,damnedest,Adjective,1,Step 1: SUBTLEX-UK,damnedest,False,damnedest
damning,damn,VERB,damning,damning,Verb,1,Step 1: SUBTLEX-UK,damning,False,damning
damped,damped,VERB,damped,damp,,1,Step 1: SUBTLEX-UK,damp,False,damp
DAN'L,dan'l,NOUN,,,,3,Step 3: spaCy fallback,dan'l,True,DAN'L
DAN'S,dan',NOUN,,,,3,Step 3: spaCy fallback,dan',True,DAN'S
Dana's,dana's,VERB,,,,3,Step 3: spaCy fallback,dana's,True,Dana's
dancing,dance,VERB,dancing,dancing,Verb,1,Step 1: SUBTLEX-UK,dancing,False,dancing
dandified,dandified,VERB,dandified,dandify,,1,Step 1: SUBTLEX-UK,dandify,False,dandify
DANDY'S,dandy',NOUN,,,,3,Step 3: spaCy fallback,dandy',True,DANDY'S
danes,dane,VERB,danes,danes,Noun,1,Step 1: SUBTLEX-UK,danes,False,danes
DANNY'S,danny',NOUN,,,,3,Step 3: spaCy fallback,danny',True,DANNY'S
Dante's,dante's,X,,,,3,Step 3: spaCy fallback,dante's,True,Dante's
daphnes,daphne,NOUN,daphnes,daphnes,,1,Step 1: SUBTLEX-UK,daphnes,False,daphnes
dappled,dapple,VERB,dappled,dappled,Adjective,1,Step 1: SUBTLEX-UK,dappled,False,dappled
dappling,dapple,VERB,dappling,dappling,,1,Step 1: SUBTLEX-UK,dappling,False,dappling
daring,dare,VERB,daring,daring,Adjective,1,Step 1: SUBTLEX-UK,daring,False,daring
darkened,darken,VERB,darkened,darkened,Adjective,1,Step 1: SUBTLEX-UK,darkened,False,darkened
darkens,darkens,PROPN,darkens,darken,Verb,1,Step 1: SUBTLEX-UK,darken,False,darken
darkies,darkie,NOUN,darkies,darky,Noun,1,Step 1: SUBTLEX-UK,darky,False,darky
darkling,darkle,VERB,darkling,darkling,Noun,1,Step 1: SUBTLEX-UK,darkling,False,darkling
darned,darn,VERB,darned,darned,Adjective,1,Step 1: SUBTLEX-UK,darned,False,darned
darnedest,darned,ADJ,darnedest,darnedest,Adjective,1,Step 1: SUBTLEX-UK,darnedest,False,darnedest
darning,darn,VERB,darning,darning,Verb,1,Step 1: SUBTLEX-UK,darning,False,darning
DARTMOUTH'S,dartmouth's,NOUN,,,,3,Step 3: spaCy fallback,dartmouth's,True,DARTMOUTH'S
Darwin's,darwin',NOUN,,,,3,Step 3: spaCy fallback,darwin',True,Darwin's
daunting,daunt,VERB,daunting,daunting,Adjective,1,Step 1: SUBTLEX-UK,daunting,False,daunting
Dave's,dave's,ADV,,,,3,Step 3: spaCy fallback,dave's,True,Dave's
davenports,davenport,NOUN,davenports,davenports,Name,1,Step 1: SUBTLEX-UK,davenports,False,davenports
David's,david's,X,,,,3,Step 3: spaCy fallback,david's,True,David's
DAVIDSON'S,davidson',NOUN,,,,3,Step 3: spaCy fallback,davidson',True,DAVIDSON'S
DAVY'S,davy',NOUN,,,,3,Step 3: spaCy fallback,davy',True,DAVY'S
day's,day',NOUN,,,,3,Step 3: spaCy fallback,day',True,day's
dazzling,dazzle,VERB,dazzling,dazzling,Adjective,1,Step 1: SUBTLEX-UK,dazzling,False,dazzling
deadlier,deadly,ADJ,deadlier,deadlier,Adjective,1,Step 1: SUBTLEX-UK,deadlier,False,deadlier
deadliest,deadly,ADJ,deadliest,deadliest,Adjective,1,Step 1: SUBTLEX-UK,deadliest,False,deadliest
dealings,dealing,NOUN,dealings,dealings,Noun,1,Step 1: SUBTLEX-UK,dealings,False,dealings
deans,dean,NOUN,deans,deans,Noun,1,Step 1: SUBTLEX-UK,deans,False,deans
deathbed,deathbe,VERB,deathbed,deathbed,Noun,1,Step 1: SUBTLEX-UK,deathbed,False,deathbed
debagged,debagge,VERB,debagged,debag,,1,Step 1: SUBTLEX-UK,debag,False,debag
debagging,debagge,VERB,,,Verb,2,Step 2: SUBTLEX-US + NLTK,debagging,False,debagging
debarked,debark,VERB,,,Adjective,2,Step 2: SUBTLEX-US + NLTK,debarked,False,debarked
debarking,debark,VERB,,,Adjective,2,Step 2: SUBTLEX-US + NLTK,debarking,False,debarking
debased,debase,VERB,debased,debased,Verb,1,Step 1: SUBTLEX-UK,debased,False,debased
debauched,debauch,VERB,debauched,debauched,Adjective,1,Step 1: SUBTLEX-UK,debauched,False,debauched
deboned,debone,VERB,deboned,deboned,Verb,1,Step 1: SUBTLEX-UK,deboned,False,deboned
deboning,debone,VERB,deboning,debon,,1,Step 1: SUBTLEX-UK,debon,False,debon
debriefing,debrief,VERB,debriefing,debriefing,Noun,1,Step 1: SUBTLEX-UK,debriefing,False,debriefing
debriefs,debrief,NOUN,,,Noun,2,Step 2: SUBTLEX-US + NLTK,debriefs,False,debriefs
debs,debs,NOUN,debs,deb,Name,1,Step 1: SUBTLEX-UK,deb,False,deb
decamps,decamp,NOUN,decamps,decamps,,1,Step 1: SUBTLEX-UK,decamps,False,decamps
deceased,decease,VERB,deceased,deceased,Adjective,1,Step 1: SUBTLEX-UK,deceased,False,deceased
deceit's,deceit',VERB,,,,3,Step 3: spaCy fallback,deceit',True,deceit's
decentralized,decentralize,VERB,,,Adjective,2,Step 2: SUBTLEX-US + NLTK,decentralized,False,decentralized
declutching,declutch,VERB,declutching,declutching,,1,Step 1: SUBTLEX-UK,declutching,False,declutching
decompresses,decompresse,NOUN,,,Noun,2,Step 2: SUBTLEX-US + NLTK,decompresses,False,decompresses
decreed,decreed,VERB,decreed,decree,Verb,1,Step 1: SUBTLEX-UK,decree,False,decree
decries,decrie,NOUN,decries,decry,,1,Step 1: SUBTLEX-UK,decry,False,decry
dedicated,dedicated,ADJ,dedicated,dedicate,Verb,1,Step 1: SUBTLEX-UK,dedicate,False,dedicate
DEEGAN'S,deegan',NOUN,,,,3,Step 3: spaCy fallback,deegan',True,DEEGAN'S
deeper,deeply,ADV,deeper,deeper,Adverb,1,Step 1: SUBTLEX-UK,deeper,False,deeper
deepest,deep,ADJ,deepest,deepest,Adjective,1,Step 1: SUBTLEX-UK,deepest,False,deepest
deflowering,deflowering,NOUN,,,Verb,2,Step 2: SUBTLEX-US + NLTK,deflower,False,deflower
degaussed,degauss,VERB,,,Adjective,2,Step 2: SUBTLEX-US + NLTK,degaussed,False,degaussed
degaussing,degauss,VERB,,,Adjective,2,Step 2: SUBTLEX-US + NLTK,degaussing,False,degaussing
degraded,degrade,VERB,degraded,degraded,Verb,1,Step 1: SUBTLEX-UK,degraded,False,degraded
delighted,delight,VERB,delighted,delighted,Adjective,1,Step 1: SUBTLEX-UK,delighted,False,delighted
delimited,delimited,ADJ,,,Verb,2,Step 2: SUBTLEX-US + NLTK,delimit,False,delimit
delineated,delineate,VERB,delineated,delineated,Verb,1,Step 1: SUBTLEX-UK,delineated,False,delineated
deliquesced,deliquesce,VERB,,,Adjective,2,Step 2: SUBTLEX-US + NLTK,deliquesced,False,deliquesced
delousing,delouse,VERB,delousing,delousing,Verb,1,Step 1: SUBTLEX-UK,delousing,False,delousing
DELPHINE'S,delphine',NOUN,,,,3,Step 3: spaCy fallback,delphine',True,DELPHINE'S
deluded,delude,VERB,deluded,deluded,Verb,1,Step 1: SUBTLEX-UK,deluded,False,deluded
delves,delf,NOUN,delves,delve,Verb,1,Step 1: SUBTLEX-UK,delve,False,delve
delving,delve,VERB,delving,delving,Verb,1,Step 1: SUBTLEX-UK,delving,False,delving
demeaning,demean,VERB,demeaning,demeaning,Adjective,1,Step 1: SUBTLEX-UK,demeaning,False,demeaning
demented,demente,VERB,demented,demented,Adjective,1,Step 1: SUBTLEX-UK,demented,False,demented
dementing,dementing,ADJ,dementing,dement,,1,Step 1: SUBTLEX-UK,dement,False,dement
demolishes,demolishe,NOUN,demolishes,demolish,Verb,1,Step 1: SUBTLEX-UK,demolish,False,demolish
demos,demos,PROPN,demos,demo,Noun,1,Step 1: SUBTLEX-UK,demo,False,demo
demurring,demur,VERB,,,Noun,2,Step 2: SUBTLEX-US + NLTK,demurring,False,demurring
demystifies,demystifie,NOUN,demystifies,demystify,,1,Step 1: SUBTLEX-UK,demystify,False,demystify
denims,denim,VERB,denims,denims,Noun,1,Step 1: SUBTLEX-UK,denims,False,denims
Denny's,denny's,VERB,,,,3,Step 3: spaCy fallback,denny's,True,Denny's
dens,dens,VERB,dens,den,Noun,1,Step 1: SUBTLEX-UK,den,False,den
densest,dense,ADJ,densest,densest,Adjective,1,Step 1: SUBTLEX-UK,densest,False,densest
dentures,denture,NOUN,dentures,dentures,Noun,1,Step 1: SUBTLEX-UK,dentures,False,dentures
Denver's,denver's,X,,,,3,Step 3: spaCy fallback,denver's,True,Denver's
deodorizing,deodorize,VERB,,,Adjective,2,Step 2: SUBTLEX-US + NLTK,deodorizing,False,deodorizing
depressed,depress,VERB,depressed,depressed,Adjective,1,Step 1: SUBTLEX-UK,depressed,False,depressed
depressing,depress,VERB,depressing,depressing,Adjective,1,Step 1: SUBTLEX-UK,depressing,False,depressing
depths,depth,NOUN,depths,depths,Noun,1,Step 1: SUBTLEX-UK,depths,False,depths
deputes,depute,NOUN,deputes,deputes,Noun,1,Step 1: SUBTLEX-UK,deputes,False,deputes
dermis,dermis,PROPN,dermis,dermi,Noun,1,Step 1: SUBTLEX-UK,dermi,False,dermi
descried,descry,VERB,descried,descried,,1,Step 1: SUBTLEX-UK,descried,False,descried
deserving,deserve,VERB,deserving,deserving,Adjective,1,Step 1: SUBTLEX-UK,deserving,False,deserving
desiderata,desiderata,PROPN,desiderata,desideratum,Noun,1,Step 1: SUBTLEX-UK,desideratum,False,desideratum
desperadoes,desperadoe,VERB,desperadoes,desperado,Noun,1,Step 1: SUBTLEX-UK,desperado,False,desperado
destructing,destruct,VERB,destructing,destructing,,1,Step 1: SUBTLEX-UK,destructing,False,destructing
detailed,detail,VERB,detailed,detailed,Adjective,1,Step 1: SUBTLEX-UK,detailed,False,detailed
Detroit's,detroit',NOUN,,,,3,Step 3: spaCy fallback,detroit',True,Detroit's
deutschmarks,deutschmark,VERB,deutschmarks,deutschmarks,,1,Step 1: SUBTLEX-UK,deutschmarks,False,deutschmarks
deutzia,deutzia,NOUN,deutzia,deutzium,,1,Step 1: SUBTLEX-UK,deutzium,False,deutzium
DEVEY'S,devey',NOUN,,,,3,Step 3: spaCy fallback,devey',True,DEVEY'S
devouring,devouring,ADJ,devouring,devour,Verb,1,Step 1: SUBTLEX-UK,devour,False,devour
Dexter's,dexter',NOUN,,,,3,Step 3: spaCy fallback,dexter',True,Dexter's
dhobi,dhobi,NOUN,dhobi,dhobus,,1,Step 1: SUBTLEX-UK,dhobus,False,dhobus
DIAN'S,dian',NOUN,,,,3,Step 3: spaCy fallback,dian',True,DIAN'S
Diane's,diane',NOUN,,,,3,Step 3: spaCy fallback,diane',True,Diane's
diapering,diapere,VERB,,,Verb,2,Step 2: SUBTLEX-US + NLTK,diapering,False,diapering
DICK'S,dick',NOUN,,,,3,Step 3: spaCy fallback,dick',True,DICK'S
dickens,dicken,VERB,dickens,dickens,Name,1,Step 1: SUBTLEX-UK,dickens,False,dickens
DICKEY'S,dickey's,NOUN,,,,3,Step 3: spaCy fallback,dickey's,True,DICKEY'S
dickies,dickie,NOUN,,,Noun,2,Step 2: SUBTLEX-US + NLTK,dicky,False,dicky
dictating,dictate,VERB,dictating,dictating,Verb,1,Step 1: SUBTLEX-UK,dictating,False,dictating
diddles,diddle,NOUN,,,Noun,2,Step 2: SUBTLEX-US + NLTK,diddles,False,diddles
dietetics,dietetic,VERB,dietetics,dietetics,,1,Step 1: SUBTLEX-UK,dietetics,False,dietetics
digging,dig,VERB,digging,digging,Verb,1,Step 1: SUBTLEX-UK,digging,False,digging
dignified,dignify,VERB,dignified,dignified,Adjective,1,Step 1: SUBTLEX-UK,dignified,False,dignified
dignifies,dignifie,NOUN,dignifies,dignify,Verb,1,Step 1: SUBTLEX-UK,dignify,False,dignify
dilapidated,dilapidate,VERB,dilapidated,dilapidated,Adjective,1,Step 1: SUBTLEX-UK,dilapidated,False,dilapidated
dilemmas,dilemmas,PROPN,dilemmas,dilemma,Noun,1,Step 1: SUBTLEX-UK,dilemma,False,dilemma
dilettanti,dilettanti,VERB,,,Noun,2,Step 2: SUBTLEX-US + NLTK,dilettante,False,dilettante
DIMAN'S,diman',NOUN,,,,3,Step 3: spaCy fallback,diman',True,DIMAN'S
dimmest,dim,ADJ,dimmest,dimmest,Adjective,1,Step 1: SUBTLEX-UK,dimmest,False,dimmest
dimpled,dimple,VERB,dimpled,dimpled,Adjective,1,Step 1: SUBTLEX-UK,dimpled,False,dimpled
dimwitted,dimwitte,VERB,,,Verb,2,Step 2: SUBTLEX-US + NLTK,dimwitted,False,dimwitted
ding,de,VERB,ding,ding,Unclassified,1,Step 1: SUBTLEX-UK,ding,False,ding
dingles,dingle,VERB,dingles,dingles,,1,Step 1: SUBTLEX-UK,dingles,False,dingles
dingoes,dingoe,VERB,dingoes,dingo,Noun,1,Step 1: SUBTLEX-UK,dingo,False,dingo
dining,dine,VERB,dining,dining,Noun,1,Step 1: SUBTLEX-UK,dining,False,dining
dinkier,dinky,ADJ,dinkier,dinkier,,1,Step 1: SUBTLEX-UK,dinkier,False,dinkier
dipsticks,dipstick,NOUN,dipsticks,dipsticks,Noun,1,Step 1: SUBTLEX-UK,dipsticks,False,dipsticks
direst,dire,ADJ,direst,direst,Adjective,1,Step 1: SUBTLEX-UK,direst,False,direst
dirtier,dirty,ADJ,dirtier,dirtier,Adjective,1,Step 1: SUBTLEX-UK,dirtier,False,dirtier
dirties,dirtie,NOUN,dirties,dirty,Verb,1,Step 1: SUBTLEX-UK,dirty,False,dirty
dirtiest,dirty,ADJ,dirtiest,dirtiest,Adjective,1,Step 1: SUBTLEX-UK,dirtiest,False,dirtiest
dirtying,dirtying,NOUN,dirtying,dirty,Verb,1,Step 1: SUBTLEX-UK,dirty,False,dirty
disadvantaged,disadvantage,VERB,disadvantaged,disadvantaged,Adjective,1,Step 1: SUBTLEX-UK,disadvantaged,False,disadvantaged
disaffected,disaffect,VERB,disaffected,disaffected,Adjective,1,Step 1: SUBTLEX-UK,disaffected,False,disaffected
disallowed,disallowed,ADJ,disallowed,disallow,Verb,1,Step 1: SUBTLEX-UK,disallow,False,disallow
discerning,discern,VERB,discerning,discerning,Adjective,1,Step 1: SUBTLEX-UK,discerning,False,discerning
discomfited,discomfit,VERB,discomfited,discomfited,Verb,1,Step 1: SUBTLEX-UK,discomfited,False,discomfited
discomforting,discomforte,VERB,discomforting,discomfort,Adjective,1,Step 1: SUBTLEX-UK,discomfort,False,discomfort
discontented,discontent,VERB,discontented,discontented,Adjective,1,Step 1: SUBTLEX-UK,discontented,False,discontented
discos,discos,PROPN,discos,disco,Noun,1,Step 1: SUBTLEX-UK,disco,False,disco
discrediting,discredit,VERB,discrediting,discrediting,Verb,1,Step 1: SUBTLEX-UK,discrediting,False,discrediting
discuses,discuse,VERB,discuses,discus,,1,Step 1: SUBTLEX-UK,discus,False,discus
diseased,disease,VERB,diseased,diseased,Adjective,1,Step 1: SUBTLEX-UK,diseased,False,diseased
disembodied,disembody,VERB,disembodied,disembodied,Adjective,1,Step 1: SUBTLEX-UK,disembodied,False,disembodied
disembowelling,disembowelling,ADJ,disembowelling,disembowel,Verb,1,Step 1: SUBTLEX-UK,disembowel,False,disembowel
disenchanting,disenchant,VERB,,,Adjective,2,Step 2: SUBTLEX-US + NLTK,disenchanting,False,disenchanting
disgruntled,disgruntle,VERB,disgruntled,disgruntled,Adjective,1,Step 1: SUBTLEX-UK,disgruntled,False,disgruntled
disgusting,disgusting,VERB,disgusting,disgust,Adjective,1,Step 1: SUBTLEX-UK,disgust,False,disgust
disheartens,disheartens,PROPN,disheartens,dishearten,Verb,1,Step 1: SUBTLEX-UK,dishearten,False,dishearten
dished,dished,ADJ,dished,dish,Verb,1,Step 1: SUBTLEX-UK,dish,False,dish
dishevelled,dishevel,VERB,dishevelled,dishevelled,Adjective,1,Step 1: SUBTLEX-UK,dishevelled,False,dishevelled
dishwashing,dishwashe,VERB,dishwashing,dishwashing,Adjective,1,Step 1: SUBTLEX-UK,dishwashing,False,dishwashing
disillusioning,disillusion,VERB,disillusioning,disillusioning,Verb,1,Step 1: SUBTLEX-UK,disillusioning,False,disillusioning
disimpassioned,disimpassione,VERB,,,Adjective,2,Step 2: SUBTLEX-US + NLTK,disimpassioned,False,disimpassioned
disinterest,disinter,ADJ,disinterest,disinterest,Noun,1,Step 1: SUBTLEX-UK,disinterest,False,disinterest
disinterested,disintereste,VERB,disinterested,disinterested,Adjective,1,Step 1: SUBTLEX-UK,disinterested,False,disinterested
disjointed,disjoint,VERB,disjointed,disjointed,Adjective,1,Step 1: SUBTLEX-UK,disjointed,False,disjointed
dismasted,dismaste,VERB,,,Verb,2,Step 2: SUBTLEX-US + NLTK,dismasted,False,dismasted
dismayed,dismay,VERB,dismayed,dismayed,Adjective,1,Step 1: SUBTLEX-UK,dismayed,False,dismayed
dismaying,dismay,VERB,dismaying,dismaying,Adjective,1,Step 1: SUBTLEX-UK,dismaying,False,dismaying
dismays,dismays,ADP,dismays,dismay,,1,Step 1: SUBTLEX-UK,dismay,False,dismay
dismembered,dismember,VERB,dismembered,dismembered,Verb,1,Step 1: SUBTLEX-UK,dismembered,False,dismembered
dismisses,dismisse,NOUN,dismisses,dismiss,Verb,1,Step 1: SUBTLEX-UK,dismiss,False,dismiss
disobliging,disobliging,X,disobliging,disoblige,,1,Step 1: SUBTLEX-UK,disoblige,False,disoblige
disordered,disorder,VERB,disordered,disordered,Adjective,1,Step 1: SUBTLEX-UK,disordered,False,disordered
disorients,disorient,NOUN,,,Noun,2,Step 2: SUBTLEX-US + NLTK,disorients,False,disorients
disparaged,disparage,VERB,disparaged,disparaged,Verb,1,Step 1: SUBTLEX-UK,disparaged,False,disparaged
displeased,displease,VERB,displeased,displeased,Adjective,1,Step 1: SUBTLEX-UK,displeased,False,displeased
dispossessed,dispossess,VERB,dispossessed,dispossessed,Verb,1,Step 1: SUBTLEX-UK,dispossessed,False,dispossessed
dispossesses,dispossesse,NOUN,,,Verb,2,Step 2: SUBTLEX-US + NLTK,dispossess,False,dispossess
disqualifies,disqualifie,NOUN,disqualifies,disqualify,Verb,1,Step 1: SUBTLEX-UK,disqualify,False,disqualify
disquieting,disquiet,VERB,disquieting,disquieting,Adjective,1,Step 1: SUBTLEX-UK,disquieting,False,disquieting
dissatisfied,dissatisfied,ADJ,dissatisfied,dissatisfy,Adjective,1,Step 1: SUBTLEX-UK,dissatisfy,False,dissatisfy
distended,distend,VERB,distended,distended,Verb,1,Step 1: SUBTLEX-UK,distended,False,distended
distinguished,distinguish,VERB,distinguished,distinguished,Adjective,1,Step 1: SUBTLEX-UK,distinguished,False,distinguished
distinguishes,distinguishe,NOUN,distinguishes,distinguish,Verb,1,Step 1: SUBTLEX-UK,distinguish,False,distinguish
distorted,distort,VERB,distorted,distorted,Adjective,1,Step 1: SUBTLEX-UK,distorted,False,distorted
distressed,distress,VERB,distressed,distressed,Verb,1,Step 1: SUBTLEX-UK,distressed,False,distressed
distressing,distress,VERB,distressing,distressing,Adjective,1,Step 1: SUBTLEX-UK,distressing,False,distressing
distributor's,distributor',VERB,,,,3,Step 3: spaCy fallback,distributor',True,distributor's
disturbing,disturb,VERB,disturbing,disturbing,Adjective,1,Step 1: SUBTLEX-UK,disturbing,False,disturbing
disused,disuse,VERB,disused,disused,Adjective,1,Step 1: SUBTLEX-UK,disused,False,disused
diversifies,diversifie,NOUN,diversifies,diversify,Verb,1,Step 1: SUBTLEX-UK,diversify,False,diversify
divertissements,divertissement,NOUN,,,Noun,2,Step 2: SUBTLEX-US + NLTK,divertissements,False,divertissements
divine's,divine',NOUN,,,,3,Step 3: spaCy fallback,divine',True,divine's
divorced,divorced,ADJ,divorced,divorce,Verb,1,Step 1: SUBTLEX-UK,divorce,False,divorce
divvying,divvye,VERB,divvying,divvy,Verb,1,Step 1: SUBTLEX-UK,divvy,False,divvy
dizzies,dizzie,NOUN,,,Noun,2,Step 2: SUBTLEX-US + NLTK,dizzies,False,dizzies
dizziest,dizzy,ADJ,dizziest,dizziest,,1,Step 1: SUBTLEX-UK,dizziest,False,dizziest
dizzying,dizzy,VERB,dizzying,dizzying,Adjective,1,Step 1: SUBTLEX-UK,dizzying,False,dizzying
DJANGO'S,django's,NOUN,,,,3,Step 3: spaCy fallback,django's,True,DJANGO'S
DOATY'S,doaty's,NOUN,,,,3,Step 3: spaCy fallback,doaty's,True,DOATY'S
dobbed,dobbe,VERB,dobbed,dobb,,1,Step 1: SUBTLEX-UK,dobb,False,dobb
dobbing,dobbe,VERB,dobbing,dobb,,1,Step 1: SUBTLEX-UK,dobb,False,dobb
dobbins,dobbin,VERB,dobbins,dobbins,Name,1,Step 1: SUBTLEX-UK,dobbins,False,dobbins
documenting,documenting,NOUN,documenting,document,Verb,1,Step 1: SUBTLEX-UK,document,False,document
DODGE'S,dodge's,ADV,,,,3,Step 3: spaCy fallback,dodge's,True,DODGE'S
dodged,dodged,ADJ,dodged,dodge,Verb,1,Step 1: SUBTLEX-UK,dodge,False,dodge
dodgiest,dodgy,ADJ,dodgiest,dodgiest,,1,Step 1: SUBTLEX-UK,dodgiest,False,dodgiest
DOESN'S,doesn',NOUN,,,,3,Step 3: spaCy fallback,doesn',True,DOESN'S
dog's,dog',NOUN,,,,3,Step 3: spaCy fallback,dog',True,dog's
dogcatchers,dogcatcher,NOUN,,,Noun,2,Step 2: SUBTLEX-US + NLTK,dogcatchers,False,dogcatchers
doggoned,doggone,VERB,doggoned,doggon,Verb,1,Step 1: SUBTLEX-UK,doggon,False,doggon
dogies,dogie,NOUN,dogies,dogy,Noun,1,Step 1: SUBTLEX-UK,dogy,False,dogy
doings,doing,NOUN,doings,doings,Noun,1,Step 1: SUBTLEX-UK,doings,False,doings
dolmens,dolmen,NOUN,dolmens,dolmens,,1,Step 1: SUBTLEX-UK,dolmens,False,dolmens
domed,dome,VERB,domed,domed,Verb,1,Step 1: SUBTLEX-UK,domed,False,domed
domineering,domineer,VERB,domineering,domineering,Verb,1,Step 1: SUBTLEX-UK,domineering,False,domineering
dons,don,NOUN,dons,dons,Noun,1,Step 1: SUBTLEX-UK,dons,False,dons
DOOLIN'S,doolin',NOUN,,,,3,Step 3: spaCy fallback,doolin',True,DOOLIN'S
doormen,doormen,PROPN,doormen,doorman,Noun,1,Step 1: SUBTLEX-UK,doorman,False,doorman
dopiest,dopey,ADJ,dopiest,dopiest,,1,Step 1: SUBTLEX-UK,dopiest,False,dopiest
dormered,dormere,VERB,dormered,dormered,,1,Step 1: SUBTLEX-UK,dormered,False,dormered
dormice,dormice,PROPN,dormice,dormouse,,1,Step 1: SUBTLEX-UK,dormouse,False,dormouse
Dostoevsky's,dostoevsky',NOUN,,,,3,Step 3: spaCy fallback,dostoevsky',True,Dostoevsky's
doting,dote,VERB,doting,doting,Adjective,1,Step 1: SUBTLEX-UK,doting,False,doting
doula,doula,NOUN,doula,doulum,,1,Step 1: SUBTLEX-UK,doulum,False,doulum
dovetailing,dovetail,VERB,dovetailing,dovetailing,,1,Step 1: SUBTLEX-UK,dovetailing,False,dovetailing
dowdier,dowdy,ADJ,dowdier,dowdier,,1,Step 1: SUBTLEX-UK,dowdier,False,dowdier
doweling,dowele,VERB,doweling,doweling,,1,Step 1: SUBTLEX-UK,doweling,False,doweling
dowered,dower,VERB,,,Adjective,2,Step 2: SUBTLEX-US + NLTK,dowered,False,dowered
DOWLING'S,dowling',NOUN,,,,3,Step 3: spaCy fallback,dowling',True,DOWLING'S
downgrading,downgrade,VERB,downgrading,downgrading,,1,Step 1: SUBTLEX-UK,downgrading,False,downgrading
downhearted,downhearte,VERB,downhearted,downheart,Verb,1,Step 1: SUBTLEX-UK,downheart,False,downheart
downing,down,VERB,downing,downing,Name,1,Step 1: SUBTLEX-UK,downing,False,downing
downs,down,NOUN,downs,downs,Noun,1,Step 1: SUBTLEX-UK,downs,False,downs
downstairs,downstair,NOUN,downstairs,downstairs,Adverb,1,Step 1: SUBTLEX-UK,downstairs,False,downstairs
downswing,downswe,VERB,downswing,downswing,Noun,1,Step 1: SUBTLEX-UK,downswing,False,downswing
downwards,downwards,ADV,downwards,downward,Adverb,1,Step 1: SUBTLEX-UK,downward,False,downward
dowsers,dowser,NOUN,dowsers,dowsers,Noun,1,Step 1: SUBTLEX-UK,dowsers,False,dowsers
DOYLE'S,doyle',NOUN,,,,3,Step 3: spaCy fallback,doyle',True,DOYLE'S
drachmas,drachmas,PROPN,drachmas,drachma,Noun,1,Step 1: SUBTLEX-UK,drachma,False,drachma
dragons,dragon,NOUN,dragons,dragons,Noun,1,Step 1: SUBTLEX-UK,dragons,False,dragons
dragoons,dragoon,NOUN,dragoons,dragoons,Noun,1,Step 1: SUBTLEX-UK,dragoons,False,dragoons
drakes,drake,VERB,drakes,drakes,,1,Step 1: SUBTLEX-UK,drakes,False,drakes
dramatics,dramatic,NOUN,dramatics,dramatics,Noun,1,Step 1: SUBTLEX-UK,dramatics,False,dramatics
drank,drank,VERB,drank,drink,Verb,1,Step 1: SUBTLEX-UK,drink,False,drink
drats,drats,PROPN,drats,drat,Noun,1,Step 1: SUBTLEX-UK,drat,False,drat
dratted,dratte,VERB,dratted,drat,Verb,1,Step 1: SUBTLEX-UK,drat,False,drat
draughtsmen,draughtsman,NOUN,draughtsmen,draughtsmen,,1,Step 1: SUBTLEX-UK,draughtsmen,False,draughtsmen
drawstring,drawstre,VERB,drawstring,drawstring,Noun,1,Step 1: SUBTLEX-UK,drawstring,False,drawstring
dreaded,dread,VERB,dreaded,dreaded,Adjective,1,Step 1: SUBTLEX-UK,dreaded,False,dreaded
dreadnoughts,dreadnought,NOUN,dreadnoughts,dreadnoughts,Noun,1,Step 1: SUBTLEX-UK,dreadnoughts,False,dreadnoughts
dreamboats,dreamboat,NOUN,dreamboats,dreamboats,Noun,1,Step 1: SUBTLEX-UK,dreamboats,False,dreamboats
dreamiest,dreamy,ADJ,dreamiest,dreamiest,Adjective,1,Step 1: SUBTLEX-UK,dreamiest,False,dreamiest
dregs,dreg,NOUN,dregs,dregs,Noun,1,Step 1: SUBTLEX-UK,dregs,False,dregs
DREISER'S,dreiser's,VERB,,,,3,Step 3: spaCy fallback,dreiser's,True,DREISER'S
drenches,drenche,NOUN,drenches,drench,,1,Step 1: SUBTLEX-UK,drench,False,drench
drenching,drench,VERB,drenching,drenching,Verb,1,Step 1: SUBTLEX-UK,drenching,False,drenching
DRESBACH'S,dresbach's,NOUN,,,,3,Step 3: spaCy fallback,dresbach's,True,DRESBACH'S
dressmaking,dressmake,VERB,dressmaking,dressmaking,Noun,1,Step 1: SUBTLEX-UK,dressmaking,False,dressmaking
DREXEL'S,drexel',NOUN,,,,3,Step 3: spaCy fallback,drexel',True,DREXEL'S
drifters,drifter,NOUN,drifters,drifters,Noun,1,Step 1: SUBTLEX-UK,drifters,False,drifters
drilling,drill,VERB,drilling,drilling,Verb,1,Step 1: SUBTLEX-UK,drilling,False,drilling
drinking,drink,VERB,drinking,drinking,Verb,1,Step 1: SUBTLEX-UK,drinking,False,drinking
DRONK'S,dronk',NOUN,,,,3,Step 3: spaCy fallback,dronk',True,DRONK'S
drosophila,drosophila,PROPN,drosophila,drosophilum,Noun,1,Step 1: SUBTLEX-UK,drosophilum,False,drosophilum
drowsier,drowsier,ADV,,,Adjective,2,Step 2: SUBTLEX-US + NLTK,drowsy,False,drowsy
drubbing,drub,VERB,drubbing,drubbing,Verb,1,Step 1: SUBTLEX-UK,drubbing,False,drubbing
drudging,drudge,VERB,,,Adjective,2,Step 2: SUBTLEX-US + NLTK,drudging,False,drudging
druids,druid,NOUN,druids,druids,Noun,1,Step 1: SUBTLEX-UK,druids,False,druids
druthers,druther,NOUN,,,Name,2,Step 2: SUBTLEX-US + NLTK,druthers,False,druthers
dualities,duality,NOUN,dualities,dualities,Noun,1,Step 1: SUBTLEX-UK,dualities,False,dualities
duchesses,duchesse,VERB,duchesses,duchess,Noun,1,Step 1: SUBTLEX-UK,duchess,False,duchess
duchies,duchy,NOUN,duchies,duchies,,1,Step 1: SUBTLEX-UK,duchies,False,duchies
duckling,duckle,VERB,duckling,duckling,Noun,1,Step 1: SUBTLEX-UK,duckling,False,duckling
ducted,ducte,VERB,ducted,duct,,1,Step 1: SUBTLEX-UK,duct,False,duct
DUDS'D,duds'd,X,,,,3,Step 3: spaCy fallback,duds'd,True,DUDS'D
dukes,duke,VERB,dukes,dukes,Noun,1,Step 1: SUBTLEX-UK,dukes,False,dukes
dumber,dumb,ADJ,dumber,dumber,Adjective,1,Step 1: SUBTLEX-UK,dumber,False,dumber
dumbfounded,dumbfound,VERB,dumbfounded,dumbfounded,Verb,1,Step 1: SUBTLEX-UK,dumbfounded,False,dumbfounded
dumbing,dumbe,VERB,dumbing,dumb,Verb,1,Step 1: SUBTLEX-UK,dumb,False,dumb
dumpier,dumpy,ADJ,,,Name,2,Step 2: SUBTLEX-US + NLTK,dumpier,False,dumpier
dumpling,dumple,VERB,dumpling,dumpling,Noun,1,Step 1: SUBTLEX-UK,dumpling,False,dumpling
dungaree,dungaree,NOUN,dungaree,dungarees,Noun,1,Step 1: SUBTLEX-UK,dungarees,False,dungarees
dungarees,dungaree,NOUN,dungarees,dungarees,Noun,1,Step 1: SUBTLEX-UK,dungarees,False,dungarees
dunnest,dun,ADJ,dunnest,dunnest,Adjective,1,Step 1: SUBTLEX-UK,dunnest,False,dunnest
dunning,dun,VERB,dunning,dunning,Name,1,Step 1: SUBTLEX-UK,dunning,False,dunning
duns,dun,NOUN,duns,duns,,1,Step 1: SUBTLEX-UK,duns,False,duns
duos,duos,NOUN,duos,duo,,1,Step 1: SUBTLEX-UK,duo,False,duo
durst,durst,NOUN,durst,dare,Verb,1,Step 1: SUBTLEX-UK,dare,False,dare
dutchmen,dutchman,NOUN,dutchmen,dutchmen,Noun,1,Step 1: SUBTLEX-UK,dutchmen,False,dutchmen
dwelling,dwell,VERB,dwelling,dwelling,Noun,1,Step 1: SUBTLEX-UK,dwelling,False,dwelling
dwelt,dwelt,NOUN,dwelt,dwell,Verb,1,Step 1: SUBTLEX-UK,dwell,False,dwell
dyers,dyer,NOUN,dyers,dyers,,1,Step 1: SUBTLEX-UK,dyers,False,dyers
dynamics,dynamic,NOUN,dynamics,dynamics,Noun,1,Step 1: SUBTLEX-UK,dynamics,False,dynamics
dynamos,dynamos,PROPN,dynamos,dynamo,Noun,1,Step 1: SUBTLEX-UK,dynamo,False,dynamo
dynasts,dynast,NOUN,dynasts,dynasts,,1,Step 1: SUBTLEX-UK,dynasts,False,dynasts
dysgenics,dysgenic,NOUN,,,Noun,2,Step 2: SUBTLEX-US + NLTK,dysgenics,False,dysgenics
dysphasia,dysphasia,PROPN,dysphasia,dysphasium,Noun,1,Step 1: SUBTLEX-UK,dysphasium,False,dysphasium
dysphoria,dysphoria,PROPN,dysphoria,dysphorium,Noun,1,Step 1: SUBTLEX-UK,dysphorium,False,dysphorium
dysplasia,dysplasia,NOUN,dysplasia,dysplasium,Noun,1,Step 1: SUBTLEX-UK,dysplasium,False,dysplasium
dystonia,dystonia,NOUN,dystonia,dystonium,Noun,1,Step 1: SUBTLEX-UK,dystonium,False,dystonium
eared,eare,VERB,eared,eared,Adjective,1,Step 1: SUBTLEX-UK,eared,False,eared
earlier,early,ADV,earlier,earlier,Adverb,1,Step 1: SUBTLEX-UK,earlier,False,earlier
earliest,early,ADJ,earliest,earliest,Adjective,1,Step 1: SUBTLEX-UK,earliest,False,earliest
earls,earl,NOUN,earls,earls,Noun,1,Step 1: SUBTLEX-UK,earls,False,earls
earnings,earning,NOUN,earnings,earnings,Noun,1,Step 1: SUBTLEX-UK,earnings,False,earnings
earthed,earth,VERB,earthed,earthed,Verb,1,Step 1: SUBTLEX-UK,earthed,False,earthed
earthling,earthle,VERB,earthling,earthling,Noun,1,Step 1: SUBTLEX-UK,earthling,False,earthling
EARTHMEN'S,earthmen',NOUN,,,,3,Step 3: spaCy fallback,earthmen',True,EARTHMEN'S
easier,easy,ADJ,easier,easier,Adjective,1,Step 1: SUBTLEX-UK,easier,False,easier
easiest,easy,ADJ,easiest,easiest,Adjective,1,Step 1: SUBTLEX-UK,easiest,False,easiest
easting,easte,VERB,,,Verb,2,Step 2: SUBTLEX-US + NLTK,easting,False,easting
eastwards,eastwards,PROPN,eastwards,eastward,,1,Step 1: SUBTLEX-UK,eastward,False,eastward
eaten,eaten,VERB,eaten,eat,Verb,1,Step 1: SUBTLEX-UK,eat,False,eat
eaves,eave,NOUN,eaves,eaves,Noun,1,Step 1: SUBTLEX-UK,eaves,False,eaves
eavesdropping,eavesdrop,VERB,eavesdropping,eavesdropping,Verb,1,Step 1: SUBTLEX-UK,eavesdropping,False,eavesdropping
echolalia,echolalia,PROPN,echolalia,echolalium,,1,Step 1: SUBTLEX-UK,echolalium,False,echolalium
economics,economic,NOUN,economics,economics,Noun,1,Step 1: SUBTLEX-UK,economics,False,economics
Eddie's,eddie',NOUN,,,,3,Step 3: spaCy fallback,eddie',True,Eddie's
eddying,eddying,PROPN,eddying,eddy,,1,Step 1: SUBTLEX-UK,eddy,False,eddy
EDGERTON'S,edgerton',NOUN,,,,3,Step 3: spaCy fallback,edgerton',True,EDGERTON'S
edgier,edgy,ADJ,edgier,edgier,Adjective,1,Step 1: SUBTLEX-UK,edgier,False,edgier
edibles,edible,NOUN,edibles,edibles,Noun,1,Step 1: SUBTLEX-UK,edibles,False,edibles
Edison's,edison',NOUN,,,,3,Step 3: spaCy fallback,edison',True,Edison's
editing,edit,VERB,editing,editing,Noun,1,Step 1: SUBTLEX-UK,editing,False,editing
Edward's,edward',NOUN,,,,3,Step 3: spaCy fallback,edward',True,Edward's
EDYTHE'S,edythe',NOUN,,,,3,Step 3: spaCy fallback,edythe',True,EDYTHE'S
effaced,effaced,ADJ,,,Verb,2,Step 2: SUBTLEX-US + NLTK,efface,False,efface
effing,eff,VERB,effing,effing,Adjective,1,Step 1: SUBTLEX-UK,effing,False,effing
effluvia,effluvia,PROPN,effluvia,effluvium,Noun,1,Step 1: SUBTLEX-UK,effluvium,False,effluvium
ego's,ego',NOUN,,,,3,Step 3: spaCy fallback,ego',True,ego's
egotist's,egotist',NOUN,,,,3,Step 3: spaCy fallback,egotist',True,egotist's
EICHMANN'S,eichmann',NOUN,,,,3,Step 3: spaCy fallback,eichmann',True,EICHMANN'S
Eileen's,eileen's,X,,,,3,Step 3: spaCy fallback,eileen's,True,Eileen's
Einstein's,einstein',NOUN,,,,3,Step 3: spaCy fallback,einstein',True,Einstein's
Eisenhower's,eisenhower',NOUN,,,,3,Step 3: spaCy fallback,eisenhower',True,Eisenhower's
ejecting,ejecting,PROPN,ejecting,eject,Verb,1,Step 1: SUBTLEX-UK,eject,False,eject
Elaine's,elaine',NOUN,,,,3,Step 3: spaCy fallback,elaine',True,Elaine's
elated,elated,ADJ,elated,elate,Adjective,1,Step 1: SUBTLEX-UK,elate,False,elate
eldest,eld,ADJ,eldest,eldest,Adjective,1,Step 1: SUBTLEX-UK,eldest,False,eldest
electrifies,electrifie,NOUN,electrifies,electrify,Verb,1,Step 1: SUBTLEX-UK,electrify,False,electrify
electrocuted,electrocute,VERB,electrocuted,electrocuted,Verb,1,Step 1: SUBTLEX-UK,electrocuted,False,electrocuted
electrodynamics,electrodynamic,NOUN,electrodynamics,electrodynamics,,1,Step 1: SUBTLEX-UK,electrodynamics,False,electrodynamics
electronics,electronic,NOUN,electronics,electronics,Noun,1,Step 1: SUBTLEX-UK,electronics,False,electronics
electroplated,electroplate,VERB,electroplated,electroplated,,1,Step 1: SUBTLEX-UK,electroplated,False,electroplated
electrostatics,electrostatic,NOUN,,,Noun,2,Step 2: SUBTLEX-US + NLTK,electrostatics,False,electrostatics
elevenses,elevense,NOUN,elevenses,eleven,Noun,1,Step 1: SUBTLEX-UK,eleven,False,eleven
ELI'S,eli's,VERB,,,,3,Step 3: spaCy fallback,eli's,True,ELI'S
elizabethans,elizabethan,VERB,elizabethans,elizabethans,,1,Step 1: SUBTLEX-UK,elizabethans,False,elizabethans
elongated,elongate,VERB,elongated,elongated,Adjective,1,Step 1: SUBTLEX-UK,elongated,False,elongated
eloping,eloping,ADJ,eloping,elope,Verb,1,Step 1: SUBTLEX-UK,elope,False,elope
els,el,NOUN,els,els,Verb,1,Step 1: SUBTLEX-UK,els,False,els
embalmed,embalmed,ADJ,embalmed,embalm,Verb,1,Step 1: SUBTLEX-UK,embalm,False,embalm
embargoed,embargoed,VERB,embargoed,embargo,,1,Step 1: SUBTLEX-UK,embargo,False,embargo
embarrasses,embarrasse,NOUN,embarrasses,embarrass,Verb,1,Step 1: SUBTLEX-UK,embarrass,False,embarrass
embarrassing,embarrass,VERB,embarrassing,embarrassing,Adjective,1,Step 1: SUBTLEX-UK,embarrassing,False,embarrassing
embattled,embattle,VERB,embattled,embattled,Verb,1,Step 1: SUBTLEX-UK,embattled,False,embattled
embellishes,embellishe,NOUN,embellishes,embellish,,1,Step 1: SUBTLEX-UK,embellish,False,embellish
embittered,embitter,VERB,embittered,embittered,Adjective,1,Step 1: SUBTLEX-UK,embittered,False,embittered
embodies,embodie,NOUN,embodies,embody,Verb,1,Step 1: SUBTLEX-UK,embody,False,embody
embossed,embossed,ADJ,embossed,emboss,Adjective,1,Step 1: SUBTLEX-UK,emboss,False,emboss
embosses,embosse,NOUN,embosses,emboss,,1,Step 1: SUBTLEX-UK,emboss,False,emboss
embossing,emboss,VERB,embossing,embossing,,1,Step 1: SUBTLEX-UK,embossing,False,embossing
embryos,embryos,PROPN,embryos,embryo,Noun,1,Step 1: SUBTLEX-UK,embryo,False,embryo
EMERSON'S,emerson',NOUN,,,,3,Step 3: spaCy fallback,emerson',True,EMERSON'S
EMILE'S,emile's,ADV,,,,3,Step 3: spaCy fallback,emile's,True,EMILE'S
emirates,emirate,NOUN,emirates,emirates,Noun,1,Step 1: SUBTLEX-UK,emirates,False,emirates
Emma's,emma's,NOUN,,,,3,Step 3: spaCy fallback,emma's,True,Emma's
EMMETT'S,emmett',NOUN,,,,3,Step 3: spaCy fallback,emmett',True,EMMETT'S
emoting,emoting,NOUN,emoting,emote,Verb,1,Step 1: SUBTLEX-UK,emote,False,emote
empirics,empiric,NOUN,,,Noun,2,Step 2: SUBTLEX-US + NLTK,empirics,False,empirics
emporia,emporia,PROPN,emporia,emporium,,1,Step 1: SUBTLEX-UK,emporium,False,emporium
empresses,empresse,VERB,empresses,empress,Noun,1,Step 1: SUBTLEX-UK,empress,False,empress
empurpled,empurple,VERB,empurpled,empurpled,,1,Step 1: SUBTLEX-UK,empurpled,False,empurpled
emulsifies,emulsifie,NOUN,emulsifies,emulsify,,1,Step 1: SUBTLEX-UK,emulsify,False,emulsify
emulsioned,emulsione,VERB,emulsioned,emulsion,,1,Step 1: SUBTLEX-UK,emulsion,False,emulsion
emulsioning,emulsione,VERB,emulsioning,emulsion,,1,Step 1: SUBTLEX-UK,emulsion,False,emulsion
emus,emus,PROPN,emus,emu,Noun,1,Step 1: SUBTLEX-UK,emu,False,emu
enamelling,enamel,VERB,enamelling,enamelling,,1,Step 1: SUBTLEX-UK,enamelling,False,enamelling
encouraging,encourage,VERB,encouraging,encouraging,Adjective,1,Step 1: SUBTLEX-UK,encouraging,False,encouraging
encroaches,encroache,NOUN,encroaches,encroach,Verb,1,Step 1: SUBTLEX-UK,encroach,False,encroach
endearing,endear,VERB,endearing,endearing,Adjective,1,Step 1: SUBTLEX-UK,endearing,False,endearing
endures,endures,PROPN,endures,endure,Verb,1,Step 1: SUBTLEX-UK,endure,False,endure
enemy's,enemy',NOUN,,,,3,Step 3: spaCy fallback,enemy',True,enemy's
energumen,energuman,NOUN,,,Noun,2,Step 2: SUBTLEX-US + NLTK,energumen,False,energumen
enfiladed,enfilade,VERB,,,Adjective,2,Step 2: SUBTLEX-US + NLTK,enfiladed,False,enfiladed
enfolding,enfold,VERB,enfolding,enfolding,Verb,1,Step 1: SUBTLEX-UK,enfolding,False,enfolding
England's,england',NOUN,,,,3,Step 3: spaCy fallback,england',True,England's
ENGLE'S,engle's,ADV,,,,3,Step 3: spaCy fallback,engle's,True,ENGLE'S
engrained,engraine,VERB,engrained,engrain,Verb,1,Step 1: SUBTLEX-UK,engrain,False,engrain
engraving,engrave,VERB,engraving,engraving,Noun,1,Step 1: SUBTLEX-UK,engraving,False,engraving
engrosses,engrosse,NOUN,,,Verb,2,Step 2: SUBTLEX-US + NLTK,engross,False,engross
engulfs,engulfs,NOUN,engulfs,engulf,Verb,1,Step 1: SUBTLEX-UK,engulf,False,engulf
enlarged,enlarge,VERB,enlarged,enlarged,Verb,1,Step 1: SUBTLEX-UK,enlarged,False,enlarged
enriches,enriche,NOUN,enriches,enrich,Verb,1,Step 1: SUBTLEX-UK,enrich,False,enrich
ENRIGHT'S,enright',NOUN,,,,3,Step 3: spaCy fallback,enright',True,ENRIGHT'S
enroled,enrol,VERB,enroled,enrole,,1,Step 1: SUBTLEX-UK,enrole,False,enrole
enrolls,enroll,NOUN,,,Noun,2,Step 2: SUBTLEX-US + NLTK,enrolls,False,enrolls
entangled,entangle,VERB,entangled,entangled,Verb,1,Step 1: SUBTLEX-UK,entangled,False,entangled
enterprising,enterprise,VERB,enterprising,enterprising,Adjective,1,Step 1: SUBTLEX-UK,enterprising,False,enterprising
entertaining,entertain,VERB,entertaining,entertaining,Adjective,1,Step 1: SUBTLEX-UK,entertaining,False,entertaining
enthralling,enthral,VERB,enthralling,enthralling,Adjective,1,Step 1: SUBTLEX-UK,enthralling,False,enthralling
entr'actes,entr'acte,NOUN,,,,3,Step 3: spaCy fallback,entr'acte,True,entr'actes
entrails,entrail,NOUN,entrails,entrails,Noun,1,Step 1: SUBTLEX-UK,entrails,False,entrails
entrenched,entrench,VERB,entrenched,entrenched,Verb,1,Step 1: SUBTLEX-UK,entrenched,False,entrenched
entrenches,entrenche,NOUN,entrenches,entrench,,1,Step 1: SUBTLEX-UK,entrench,False,entrench
environs,environ,NOUN,environs,environs,Noun,1,Step 1: SUBTLEX-UK,environs,False,environs
episcopalians,episcopalian,NOUN,episcopalians,episcopalians,Noun,1,Step 1: SUBTLEX-UK,episcopalians,False,episcopalians
equalizing,equalize,VERB,,,Adjective,2,Step 2: SUBTLEX-US + NLTK,equalizing,False,equalizing
ERASMUS'S,erasmus's,VERB,,,,3,Step 3: spaCy fallback,erasmus's,True,ERASMUS'S
ergonomics,ergonomic,NOUN,ergonomics,ergonomics,,1,Step 1: SUBTLEX-UK,ergonomics,False,ergonomics
ERIKSON'S,erikson',NOUN,,,,3,Step 3: spaCy fallback,erikson',True,ERIKSON'S
ermined,ermine,VERB,,,Verb,2,Step 2: SUBTLEX-US + NLTK,ermined,False,ermined
Ernie's,ernie',NOUN,,,,3,Step 3: spaCy fallback,ernie',True,Ernie's
esophagi,esophagi,PROPN,,,Noun,2,Step 2: SUBTLEX-US + NLTK,esophagus,False,esophagus
espalier,espali,ADJ,espalier,espalier,,1,Step 1: SUBTLEX-UK,espalier,False,espalier
espressos,espressos,VERB,espressos,espresso,Noun,1,Step 1: SUBTLEX-UK,espresso,False,espresso
ET'S,et',NOUN,,,,3,Step 3: spaCy fallback,et',True,ET'S
etches,etche,NOUN,etches,etch,,1,Step 1: SUBTLEX-UK,etch,False,etch
etching,etch,VERB,etching,etching,Noun,1,Step 1: SUBTLEX-UK,etching,False,etching
etui,etui,NOUN,etui,etuus,,1,Step 1: SUBTLEX-UK,etuus,False,etuus
Euclid's,euclid',NOUN,,,,3,Step 3: spaCy fallback,euclid',True,Euclid's
Eugene's,eugene's,X,,,,3,Step 3: spaCy fallback,eugene's,True,Eugene's
eugenics,eugenic,NOUN,eugenics,eugenics,Noun,1,Step 1: SUBTLEX-UK,eugenics,False,eugenics
Europe's,europe',NOUN,,,,3,Step 3: spaCy fallback,europe',True,Europe's
europeans,european,NOUN,europeans,europeans,Noun,1,Step 1: SUBTLEX-UK,europeans,False,europeans
everlasting,everlaste,VERB,everlasting,everlasting,Adjective,1,Step 1: SUBTLEX-UK,everlasting,False,everlasting
everyone's,everyone',NOUN,,,,3,Step 3: spaCy fallback,everyone',True,everyone's
evildoing,evildoe,VERB,,,Verb,2,Step 2: SUBTLEX-US + NLTK,evildoing,False,evildoing
ewes,ewes,ADJ,ewes,ewe,Noun,1,Step 1: SUBTLEX-UK,ewe,False,ewe
exaggerated,exaggerate,VERB,exaggerated,exaggerated,Verb,1,Step 1: SUBTLEX-UK,exaggerated,False,exaggerated
excesses,excesse,VERB,excesses,excess,Noun,1,Step 1: SUBTLEX-UK,excess,False,excess
excruciating,excruciating,ADJ,excruciating,excruciate,Adjective,1,Step 1: SUBTLEX-UK,excruciate,False,excruciate
exhales,exhale,NOUN,exhales,exhales,Verb,1,Step 1: SUBTLEX-UK,exhales,False,exhales
exhausting,exhausting,ADJ,exhausting,exhaust,Adjective,1,Step 1: SUBTLEX-UK,exhaust,False,exhaust
exhilarating,exhilarate,VERB,exhilarating,exhilarating,Adjective,1,Step 1: SUBTLEX-UK,exhilarating,False,exhilarating
experienced,experience,VERB,experienced,experienced,Verb,1,Step 1: SUBTLEX-UK,experienced,False,experienced
externals,external,NOUN,externals,externals,,1,Step 1: SUBTLEX-UK,externals,False,externals
extinguishes,extinguishe,NOUN,extinguishes,extinguish,Verb,1,Step 1: SUBTLEX-UK,extinguish,False,extinguish
extolled,extoll,VERB,extolled,extol,Verb,1,Step 1: SUBTLEX-UK,extol,False,extol
extolling,extoll,VERB,extolling,extol,Verb,1,Step 1: SUBTLEX-UK,extol,False,extol
extras,extras,PROPN,extras,extra,Noun,1,Step 1: SUBTLEX-UK,extra,False,extra
extravaganzas,extravaganzas,PROPN,extravaganzas,extravaganza,Noun,1,Step 1: SUBTLEX-UK,extravaganza,False,extravaganza
extroverted,extroverte,VERB,extroverted,extrovert,Verb,1,Step 1: SUBTLEX-UK,extrovert,False,extrovert
eyefuls,eyefuls,ADJ,eyefuls,eyeful,,1,Step 1: SUBTLEX-UK,eyeful,False,eyeful
eyeteeth,eyeteeth,PROPN,eyeteeth,eyetooth,Noun,1,Step 1: SUBTLEX-UK,eyetooth,False,eyetooth
F'OVUH,f'ovuh,ADJ,,,,3,Step 3: spaCy fallback,f'ovuh,True,F'OVUH
f_ted,f_te,VERB,,,,3,Step 3: spaCy fallback,f_te,True,f_ted
fa_ades,fa_ade,NOUN,,,,3,Step 3: spaCy fallback,fa_ade,True,fa_ades
fabians,fabian,NOUN,fabians,fabians,,1,Step 1: SUBTLEX-UK,fabians,False,fabians
fabled,fable,VERB,fabled,fabled,Adjective,1,Step 1: SUBTLEX-UK,fabled,False,fabled
faceted,facete,VERB,faceted,facet,,1,Step 1: SUBTLEX-UK,facet,False,facet
factored,factor,VERB,factored,factored,Verb,1,Step 1: SUBTLEX-UK,factored,False,factored
fading,fade,VERB,fading,fading,Verb,1,Step 1: SUBTLEX-UK,fading,False,fading
faeces,faece,NOUN,faeces,faeces,Noun,1,Step 1: SUBTLEX-UK,faeces,False,faeces
FAGET'S,faget',NOUN,,,,3,Step 3: spaCy fallback,faget',True,FAGET'S
faintest,faint,ADJ,faintest,faintest,Adjective,1,Step 1: SUBTLEX-UK,faintest,False,faintest
fainthearted,fainthearte,VERB,fainthearted,fainthearted,Verb,1,Step 1: SUBTLEX-UK,fainthearted,False,fainthearted
fainting,faint,VERB,fainting,fainting,Verb,1,Step 1: SUBTLEX-UK,fainting,False,fainting
fairest,fair,ADJ,fairest,fairest,Adjective,1,Step 1: SUBTLEX-UK,fairest,False,fairest
fallen,fallen,VERB,fallen,fall,Verb,1,Step 1: SUBTLEX-UK,fall,False,fall
falsies,falsie,NOUN,falsies,falsies,Noun,1,Step 1: SUBTLEX-UK,falsies,False,falsies
falsifies,falsifie,NOUN,falsifies,falsify,Verb,1,Step 1: SUBTLEX-UK,falsify,False,falsify
famed,fame,VERB,famed,famed,Adjective,1,Step 1: SUBTLEX-UK,famed,False,famed
fancier,fancy,ADJ,fancier,fancier,Adjective,1,Step 1: SUBTLEX-UK,fancier,False,fancier
fanciest,fancy,ADJ,fanciest,fanciest,Adjective,1,Step 1: SUBTLEX-UK,fanciest,False,fanciest
fanged,fange,VERB,fanged,fang,,1,Step 1: SUBTLEX-UK,fang,False,fang
fangled,fangle,VERB,fangled,fangled,Adjective,1,Step 1: SUBTLEX-UK,fangled,False,fangled
FARDULLI'S,fardulli's,X,,,,3,Step 3: spaCy fallback,fardulli's,True,FARDULLI'S
farfetched,farfetche,VERB,farfetched,farfetched,Adjective,1,Step 1: SUBTLEX-UK,farfetched,False,farfetched
FARMWIFE'S,farmwife's,ADJ,,,,3,Step 3: spaCy fallback,farmwife's,True,FARMWIFE'S
farrows,farrow,VERB,farrows,farrows,,1,Step 1: SUBTLEX-UK,farrows,False,farrows
farsighted,farsighte,VERB,farsighted,farsighted,Adjective,1,Step 1: SUBTLEX-UK,farsighted,False,farsighted
farther,far,ADV,farther,farther,Adverb,1,Step 1: SUBTLEX-UK,farther,False,farther
farthest,farth,ADJ,farthest,farthest,Adjective,1,Step 1: SUBTLEX-UK,farthest,False,farthest
farthing,farthe,VERB,farthing,farthing,Noun,1,Step 1: SUBTLEX-UK,farthing,False,farthing
faster,fast,ADV,faster,faster,Adverb,1,Step 1: SUBTLEX-UK,faster,False,faster
fastest,fast,ADJ,fastest,fastest,Adjective,1,Step 1: SUBTLEX-UK,fastest,False,fastest
fastnesses,fastnesse,VERB,fastnesses,fastness,,1,Step 1: SUBTLEX-UK,fastness,False,fastness
fatheaded,fatheade,VERB,,,Adjective,2,Step 2: SUBTLEX-US + NLTK,fatheaded,False,fatheaded
fathering,fathering,ADJ,fathering,father,Verb,1,Step 1: SUBTLEX-UK,father,False,father
fatiguing,fatigue,VERB,fatiguing,fatiguing,Adjective,1,Step 1: SUBTLEX-UK,fatiguing,False,fatiguing
fatling,fatle,VERB,,,Noun,2,Step 2: SUBTLEX-US + NLTK,fatling,False,fatling
fattening,fatten,VERB,fattening,fattening,Verb,1,Step 1: SUBTLEX-UK,fattening,False,fattening
fatter,fat,ADJ,fatter,fatter,Adjective,1,Step 1: SUBTLEX-UK,fatter,False,fatter
fattest,fat,ADJ,fattest,fattest,Adjective,1,Step 1: SUBTLEX-UK,fattest,False,fattest
fattier,fatty,ADJ,fattier,fattier,,1,Step 1: SUBTLEX-UK,fattier,False,fattier
Faulkner's,faulkner',NOUN,,,,3,Step 3: spaCy fallback,faulkner',True,Faulkner's
faulting,fault,VERB,faulting,faulting,Noun,1,Step 1: SUBTLEX-UK,faulting,False,faulting
Faust's,faust',NOUN,,,,3,Step 3: spaCy fallback,faust',True,Faust's
favela,favela,PROPN,favela,favelum,Noun,1,Step 1: SUBTLEX-UK,favelum,False,favelum
FAVRE'S,favre',NOUN,,,,3,Step 3: spaCy fallback,favre',True,FAVRE'S
featherbed,featherbe,VERB,featherbed,featherbed,Noun,1,Step 1: SUBTLEX-UK,featherbed,False,featherbed
featherbrained,featherbraine,VERB,,,Adjective,2,Step 2: SUBTLEX-US + NLTK,featherbrained,False,featherbrained
feathered,feather,VERB,feathered,feathered,Adjective,1,Step 1: SUBTLEX-UK,feathered,False,feathered
featherheaded,featherheade,VERB,,,Adjective,2,Step 2: SUBTLEX-US + NLTK,featherheaded,False,featherheaded
feathertop's,feathertop',NOUN,,,,3,Step 3: spaCy fallback,feathertop',True,feathertop's
February's,february',NOUN,,,,3,Step 3: spaCy fallback,february',True,February's
feces,fece,NOUN,,,Noun,2,Step 2: SUBTLEX-US + NLTK,feces,False,feces
fed,fed,PROPN,fed,feed,Verb,1,Step 1: SUBTLEX-UK,feed,False,feed
federals,federal,NOUN,federals,federals,Noun,1,Step 1: SUBTLEX-UK,federals,False,federals
federated,federate,VERB,federated,federated,Verb,1,Step 1: SUBTLEX-UK,federated,False,federated
feebleminded,feebleminde,VERB,,,Adjective,2,Step 2: SUBTLEX-US + NLTK,feebleminded,False,feebleminded
feeblest,feeble,ADJ,feeblest,feeblest,Adjective,1,Step 1: SUBTLEX-UK,feeblest,False,feeblest
feeing,fee,VERB,feeing,feeing,Noun,1,Step 1: SUBTLEX-UK,feeing,False,feeing
feinting,feint,VERB,feinting,feinting,Adjective,1,Step 1: SUBTLEX-UK,feinting,False,feinting
Felice's,felice's,NOUN,,,,3,Step 3: spaCy fallback,felice's,True,Felice's
Felix's,felix',NOUN,,,,3,Step 3: spaCy fallback,felix',True,Felix's
fella,fella,PROPN,fella,fellum,Noun,1,Step 1: SUBTLEX-UK,fellum,False,fellum
felting,felt,VERB,felting,felting,,1,Step 1: SUBTLEX-UK,felting,False,felting
femora,femora,PROPN,femora,femur,,1,Step 1: SUBTLEX-UK,femur,False,femur
fens,fen,VERB,fens,fens,Noun,1,Step 1: SUBTLEX-UK,fens,False,fens
FERGUSON'S,ferguson',NOUN,,,,3,Step 3: spaCy fallback,ferguson',True,FERGUSON'S
feria,feria,PROPN,feria,ferium,Noun,1,Step 1: SUBTLEX-UK,ferium,False,ferium
fest,f,ADJ,fest,fest,Noun,1,Step 1: SUBTLEX-UK,fest,False,fest
fevered,fevere,VERB,fevered,fevered,Adjective,1,Step 1: SUBTLEX-UK,fevered,False,fevered
fewer,few,ADJ,fewer,fewer,Determiner,1,Step 1: SUBTLEX-UK,fewer,False,fewer
fewest,few,ADJ,fewest,fewest,Determiner,1,Step 1: SUBTLEX-UK,fewest,False,fewest
fezzes,fezze,VERB,fezzes,fez,Noun,1,Step 1: SUBTLEX-UK,fez,False,fez
fiascos,fiascos,PROPN,fiascos,fiasco,,1,Step 1: SUBTLEX-UK,fiasco,False,fiasco
fiberglass,fiberglas,NOUN,,,Noun,2,Step 2: SUBTLEX-US + NLTK,fiberglass,False,fiberglass
fibreglass,fibreglas,NOUN,fibreglass,fibreglass,Noun,1,Step 1: SUBTLEX-UK,fibreglass,False,fibreglass
fichus,fichus,NOUN,,,Noun,2,Step 2: SUBTLEX-US + NLTK,fichu,False,fichu
fictionalized,fictionalize,VERB,,,Adjective,2,Step 2: SUBTLEX-US + NLTK,fictionalized,False,fictionalized
FIEDLER'S,fiedler's,NOUN,,,,3,Step 3: spaCy fallback,fiedler's,True,FIEDLER'S
field's,field',NOUN,,,,3,Step 3: spaCy fallback,field',True,field's
fielding,field,VERB,fielding,fielding,Name,1,Step 1: SUBTLEX-UK,fielding,False,fielding
fiercest,fierce,ADJ,fiercest,fiercest,Adjective,1,Step 1: SUBTLEX-UK,fiercest,False,fiercest
fierier,fieri,ADJ,fierier,fierier,,1,Step 1: SUBTLEX-UK,fierier,False,fierier
filing,file,VERB,filing,filing,Verb,1,Step 1: SUBTLEX-UK,filing,False,filing
filings,filing,NOUN,filings,filings,Noun,1,Step 1: SUBTLEX-UK,filings,False,filings
filthiest,filthy,ADJ,filthiest,filthiest,Adjective,1,Step 1: SUBTLEX-UK,filthiest,False,filthiest
finances,finance,VERB,finances,finances,Noun,1,Step 1: SUBTLEX-UK,finances,False,finances
financing,finance,VERB,financing,financing,Noun,1,Step 1: SUBTLEX-UK,financing,False,financing
finer,fine,ADJ,finer,finer,Adjective,1,Step 1: SUBTLEX-UK,finer,False,finer
finest,fine,ADJ,finest,finest,Adjective,1,Step 1: SUBTLEX-UK,finest,False,finest
fingering,fingering,NOUN,fingering,finger,Verb,1,Step 1: SUBTLEX-UK,finger,False,finger
fingerling,fingerle,VERB,fingerling,fingerl,Name,1,Step 1: SUBTLEX-UK,fingerl,False,fingerl
FINK'S,fink',NOUN,,,,3,Step 3: spaCy fallback,fink',True,FINK'S
finns,finn,VERB,finns,finns,Noun,1,Step 1: SUBTLEX-UK,finns,False,finns
firebirds,firebird,NOUN,firebirds,firebirds,,1,Step 1: SUBTLEX-UK,firebirds,False,firebirds
fireproofed,fireproofed,VERB,fireproofed,fireproof,Verb,1,Step 1: SUBTLEX-UK,fireproof,False,fireproof
fireproofing,fireproof,VERB,fireproofing,fireproofing,Noun,1,Step 1: SUBTLEX-UK,fireproofing,False,fireproofing
firetraps,firetraps,ADV,,,Noun,2,Step 2: SUBTLEX-US + NLTK,firetrap,False,firetrap
firing,fire,VERB,firing,firing,Verb,1,Step 1: SUBTLEX-UK,firing,False,firing
firmer,firm,ADJ,firmer,firmer,Adjective,1,Step 1: SUBTLEX-UK,firmer,False,firmer
firmest,firm,ADJ,firmest,firmest,Adjective,1,Step 1: SUBTLEX-UK,firmest,False,firmest
firstling,firstle,VERB,,,Adjective,2,Step 2: SUBTLEX-US + NLTK,firstling,False,firstling
fishing,fish,VERB,fishing,fishing,Noun,1,Step 1: SUBTLEX-UK,fishing,False,fishing
fisted,fiste,VERB,fisted,fist,Adjective,1,Step 1: SUBTLEX-UK,fist,False,fist
fisticuffs,fisticuff,NOUN,fisticuffs,fisticuffs,Noun,1,Step 1: SUBTLEX-UK,fisticuffs,False,fisticuffs
fisting,fisting,PROPN,fisting,fist,Verb,1,Step 1: SUBTLEX-UK,fist,False,fist
fittest,fit,ADJ,fittest,fittest,Adjective,1,Step 1: SUBTLEX-UK,fittest,False,fittest
fives,five,NOUN,fives,fives,Number,1,Step 1: SUBTLEX-UK,fives,False,fives
fizzier,fizzi,ADJ,fizzier,fizzier,,1,Step 1: SUBTLEX-UK,fizzier,False,fizzier
fizziest,fizzi,ADJ,fizziest,fizziest,,1,Step 1: SUBTLEX-UK,fizziest,False,fizziest
flabbier,flabby,ADJ,flabbier,flabbier,,1,Step 1: SUBTLEX-UK,flabbier,False,flabbier
flagella,flagella,NOUN,flagella,flagellum,,1,Step 1: SUBTLEX-UK,flagellum,False,flagellum
flagging,flag,VERB,flagging,flagging,Verb,1,Step 1: SUBTLEX-UK,flagging,False,flagging
FLAGLER'S,flagler's,NOUN,,,,3,Step 3: spaCy fallback,flagler's,True,FLAGLER'S
flakiest,flaky,ADJ,flakiest,flakiest,,1,Step 1: SUBTLEX-UK,flakiest,False,flakiest
flaming,flame,VERB,flaming,flaming,Adjective,1,Step 1: SUBTLEX-UK,flaming,False,flaming
flannelled,flannel,VERB,flannelled,flannell,,1,Step 1: SUBTLEX-UK,flannell,False,flannell
flannelling,flannel,VERB,flannelling,flannell,,1,Step 1: SUBTLEX-UK,flannell,False,flannell
flashier,flashy,ADJ,flashier,flashier,,1,Step 1: SUBTLEX-UK,flashier,False,flashier
flashiest,flashy,ADJ,flashiest,flashiest,Adjective,1,Step 1: SUBTLEX-UK,flashiest,False,flashiest
flatbed,flatbe,VERB,flatbed,flatbed,Adjective,1,Step 1: SUBTLEX-UK,flatbed,False,flatbed
flattering,flatter,VERB,flattering,flattering,Adjective,1,Step 1: SUBTLEX-UK,flattering,False,flattering
flattest,flat,ADJ,flattest,flattest,Adjective,1,Step 1: SUBTLEX-UK,flattest,False,flattest
flavouring,flavour,VERB,flavouring,flavouring,Noun,1,Step 1: SUBTLEX-UK,flavouring,False,flavouring
flecking,fleck,VERB,flecking,flecking,,1,Step 1: SUBTLEX-UK,flecking,False,flecking
fledgling,fledgle,VERB,fledgling,fledgling,Adjective,1,Step 1: SUBTLEX-UK,fledgling,False,fledgling
fleet's,fleet',VERB,,,,3,Step 3: spaCy fallback,fleet',True,fleet's
fleetest,fleet,ADJ,fleetest,fleetest,,1,Step 1: SUBTLEX-UK,fleetest,False,fleetest
fleeting,fleet,VERB,fleeting,fleeting,Adjective,1,Step 1: SUBTLEX-UK,fleeting,False,fleeting
flighting,flight,VERB,flighting,flighting,,1,Step 1: SUBTLEX-UK,flighting,False,flighting
flimsier,flimsy,ADJ,flimsier,flimsier,Noun,1,Step 1: SUBTLEX-UK,flimsier,False,flimsier
flimsiest,flimsiest,PRON,,,Adjective,2,Step 2: SUBTLEX-US + NLTK,flimsy,False,flimsy
fling,fle,VERB,fling,fling,Noun,1,Step 1: SUBTLEX-UK,fling,False,fling
flitches,flitche,VERB,flitches,flitch,,1,Step 1: SUBTLEX-UK,flitch,False,flitch
flogs,flog,NOUN,flogs,flogs,,1,Step 1: SUBTLEX-UK,flogs,False,flogs
flooding,flood,VERB,flooding,flooding,Verb,1,Step 1: SUBTLEX-UK,flooding,False,flooding
floodlighting,floodlight,VERB,floodlighting,floodlighting,,1,Step 1: SUBTLEX-UK,floodlighting,False,floodlighting
flooring,floor,VERB,flooring,flooring,Noun,1,Step 1: SUBTLEX-UK,flooring,False,flooring
floozies,floozie,NOUN,floozies,floozy,Noun,1,Step 1: SUBTLEX-UK,floozy,False,floozy
floppier,floppy,ADJ,floppier,floppier,,1,Step 1: SUBTLEX-UK,floppier,False,floppier
Florida's,florida',NOUN,,,,3,Step 3: spaCy fallback,florida',True,Florida's
floured,flour,VERB,floured,floured,,1,Step 1: SUBTLEX-UK,floured,False,floured
flowerbed,flowerbe,VERB,flowerbed,flowerb,Adjective,1,Step 1: SUBTLEX-UK,flowerb,False,flowerb
Floyd's,floyd',NOUN,,,,3,Step 3: spaCy fallback,floyd',True,Floyd's
flubbed,flub,VERB,flubbed,flubb,Verb,1,Step 1: SUBTLEX-UK,flubb,False,flubb
fluctuating,fluctuate,VERB,fluctuating,fluctuating,Adjective,1,Step 1: SUBTLEX-UK,fluctuating,False,fluctuating
fluffiest,fluffy,ADJ,fluffiest,fluffiest,,1,Step 1: SUBTLEX-UK,fluffiest,False,fluffiest
fluffing,fluff,VERB,fluffing,fluffing,Verb,1,Step 1: SUBTLEX-UK,fluffing,False,fluffing
flukiest,fluky,ADJ,flukiest,flukiest,,1,Step 1: SUBTLEX-UK,flukiest,False,flukiest
fluted,flute,VERB,fluted,fluted,,1,Step 1: SUBTLEX-UK,fluted,False,fluted
fluting,flute,VERB,fluting,fluting,,1,Step 1: SUBTLEX-UK,fluting,False,fluting
fluttering,flutter,VERB,fluttering,fluttering,Verb,1,Step 1: SUBTLEX-UK,fluttering,False,fluttering
flybys,flyby,NOUN,,,Noun,2,Step 2: SUBTLEX-US + NLTK,flybys,False,flybys
flyleaves,flyleave,VERB,,,Noun,2,Step 2: SUBTLEX-US + NLTK,flyleaf,False,flyleaf
Flynn's,flynn's,X,,,,3,Step 3: spaCy fallback,flynn's,True,Flynn's
fo'c'sles,fo'c'sle,NOUN,,,,3,Step 3: spaCy fallback,fo'c'sle,True,fo'c'sles
foamed,foamed,VERB,foamed,foam,Adjective,1,Step 1: SUBTLEX-UK,foam,False,foam
fobs,fobs,PROPN,fobs,fob,Noun,1,Step 1: SUBTLEX-UK,fob,False,fob
foci,foci,PROPN,foci,focus,Noun,1,Step 1: SUBTLEX-UK,focus,False,focus
focussed,focusse,VERB,focussed,focus,Adjective,1,Step 1: SUBTLEX-UK,focus,False,focus
focusses,focusse,NOUN,,,Verb,2,Step 2: SUBTLEX-US + NLTK,focus,False,focus
focussing,focusse,VERB,focussing,focus,,1,Step 1: SUBTLEX-UK,focus,False,focus
FOGG'S,fogg',NOUN,,,,3,Step 3: spaCy fallback,fogg',True,FOGG'S
foiled,foil,VERB,foiled,foiled,Verb,1,Step 1: SUBTLEX-UK,foiled,False,foiled
FOKINE'S,fokine's,ADV,,,,3,Step 3: spaCy fallback,fokine's,True,FOKINE'S
folding,fold,VERB,folding,folding,Verb,1,Step 1: SUBTLEX-UK,folding,False,folding
foliaged,foliage,VERB,foliaged,foliaged,,1,Step 1: SUBTLEX-UK,foliaged,False,foliaged
footing,foot,VERB,footing,footing,Noun,1,Step 1: SUBTLEX-UK,footing,False,footing
footlights,footlight,NOUN,footlights,footlights,Noun,1,Step 1: SUBTLEX-UK,footlights,False,footlights
footling,footle,VERB,,,Adjective,2,Step 2: SUBTLEX-US + NLTK,footling,False,footling
footmen,footmen,VERB,footmen,footman,Noun,1,Step 1: SUBTLEX-UK,footman,False,footman
footrest,footr,ADJ,footrest,footrest,Noun,1,Step 1: SUBTLEX-UK,footrest,False,footrest
foraged,forage,VERB,foraged,foraged,,1,Step 1: SUBTLEX-UK,foraged,False,foraged
Forbes's,forbes',NOUN,,,,3,Step 3: spaCy fallback,forbes',True,Forbes's
forbore,forbore,ADV,,,Verb,2,Step 2: SUBTLEX-US + NLTK,forbear,False,forbear
force's,force',VERB,,,,3,Step 3: spaCy fallback,force',True,force's
forceps,forcep,VERB,forceps,forceps,Noun,1,Step 1: SUBTLEX-UK,forceps,False,forceps
fords,ford,NOUN,fords,fords,Name,1,Step 1: SUBTLEX-UK,fords,False,fords
foreboding,foreboding,NOUN,foreboding,forebode,Noun,1,Step 1: SUBTLEX-UK,forebode,False,forebode
forecasting,forecast,VERB,forecasting,forecasting,Verb,1,Step 1: SUBTLEX-UK,forecasting,False,forecasting
foredoomed,foredoom,VERB,,,Adjective,2,Step 2: SUBTLEX-US + NLTK,foredoomed,False,foredoomed
forefeet,forefeet,PROPN,forefeet,forefoot,,1,Step 1: SUBTLEX-UK,forefoot,False,forefoot
foresaw,foresaw,NOUN,foresaw,foresee,Verb,1,Step 1: SUBTLEX-UK,foresee,False,foresee
foreshortening,foreshorten,VERB,foreshortening,foreshortening,Verb,1,Step 1: SUBTLEX-UK,foreshortening,False,foreshortening
foresighted,foresighte,VERB,foresighted,foresighted,,1,Step 1: SUBTLEX-UK,foresighted,False,foresighted
forestalling,forestall,VERB,forestalling,forestalling,,1,Step 1: SUBTLEX-UK,forestalling,False,forestalling
foretold,foretold,NOUN,foretold,foretell,Verb,1,Step 1: SUBTLEX-UK,foretell,False,foretell
forewarning,forewarn,VERB,forewarning,forewarning,Verb,1,Step 1: SUBTLEX-UK,forewarning,False,forewarning
forgave,forgave,VERB,forgave,forgive,Verb,1,Step 1: SUBTLEX-UK,forgive,False,forgive
forgoes,forgoe,NOUN,forgoes,forgo,,1,Step 1: SUBTLEX-UK,forgo,False,forgo
forgone,forgone,NOUN,forgone,forgo,Verb,1,Step 1: SUBTLEX-UK,forgo,False,forgo
forgot,forgot,PROPN,forgot,forget,Verb,1,Step 1: SUBTLEX-UK,forget,False,forget
forkfuls,forkfuls,PROPN,forkfuls,forkful,,1,Step 1: SUBTLEX-UK,forkful,False,forkful
formalizing,formalizing,NOUN,,,Verb,2,Step 2: SUBTLEX-US + NLTK,formalize,False,formalize
formfitting,formfitte,VERB,,,Adjective,2,Step 2: SUBTLEX-US + NLTK,formfitting,False,formfitting
formula,formula,NOUN,formula,formulum,Noun,1,Step 1: SUBTLEX-UK,formulum,False,formulum
formulae,formulae,ADJ,formulae,formula,Noun,1,Step 1: SUBTLEX-UK,formula,False,formula
fornicates,fornicate,NOUN,,,Noun,2,Step 2: SUBTLEX-US + NLTK,fornicates,False,fornicates
forsook,forsook,VERB,forsook,forsake,Verb,1,Step 1: SUBTLEX-UK,forsake,False,forsake
FORSTER'S,forster's,NOUN,,,,3,Step 3: spaCy fallback,forster's,True,FORSTER'S
forswore,forswore,NOUN,,,Verb,2,Step 2: SUBTLEX-US + NLTK,forswear,False,forswear
fortes,fortis,NOUN,fortes,forte,,1,Step 1: SUBTLEX-UK,forte,False,forte
fortifies,fortifie,NOUN,,,Verb,2,Step 2: SUBTLEX-US + NLTK,fortify,False,fortify
fortunetelling,fortunetelle,VERB,,,Noun,2,Step 2: SUBTLEX-US + NLTK,fortunetelling,False,fortunetelling
forwarding,forward,VERB,forwarding,forwarding,Adjective,1,Step 1: SUBTLEX-UK,forwarding,False,forwarding
FOSDICK'S,fosdick',NOUN,,,,3,Step 3: spaCy fallback,fosdick',True,FOSDICK'S
fosters,foster,NOUN,fosters,fosters,Verb,1,Step 1: SUBTLEX-UK,fosters,False,fosters
fouling,foul,VERB,fouling,fouling,Verb,1,Step 1: SUBTLEX-UK,fouling,False,fouling
founding,found,VERB,founding,founding,Adjective,1,Step 1: SUBTLEX-UK,founding,False,founding
foundling,foundle,VERB,foundling,foundling,Noun,1,Step 1: SUBTLEX-UK,foundling,False,foundling
fours,four,VERB,fours,fours,Number,1,Step 1: SUBTLEX-UK,fours,False,fours
fowler,fowl,ADJ,fowler,fowler,Name,1,Step 1: SUBTLEX-UK,fowler,False,fowler
fowlers,fowler,NOUN,fowlers,fowlers,,1,Step 1: SUBTLEX-UK,fowlers,False,fowlers
foxhunters,foxhunter,NOUN,foxhunters,foxhunters,,1,Step 1: SUBTLEX-UK,foxhunters,False,foxhunters
foxhunting,foxhunt,VERB,foxhunting,foxhunting,Noun,1,Step 1: SUBTLEX-UK,foxhunting,False,foxhunting
foxiest,foxiest,ADV,,,Adjective,2,Step 2: SUBTLEX-US + NLTK,foxy,False,foxy
foxing,fox,VERB,foxing,foxing,,1,Step 1: SUBTLEX-UK,foxing,False,foxing
fractionating,fractionate,VERB,fractionating,fractionating,Verb,1,Step 1: SUBTLEX-UK,fractionating,False,fractionating
fractured,fracture,VERB,fractured,fractured,Adjective,1,Step 1: SUBTLEX-UK,fractured,False,fractured
fracturing,fracture,VERB,fracturing,fracturing,Noun,1,Step 1: SUBTLEX-UK,fracturing,False,fracturing
fragmented,fragment,VERB,fragmented,fragmented,Verb,1,Step 1: SUBTLEX-UK,fragmented,False,fragmented
Fran's,fran',VERB,,,,3,Step 3: spaCy fallback,fran',True,Fran's
France's,france',NOUN,,,,3,Step 3: spaCy fallback,france',True,France's
FRANCESCA'S,francesca's,X,,,,3,Step 3: spaCy fallback,francesca's,True,FRANCESCA'S
FRANCIE'S,francie's,ADV,,,,3,Step 3: spaCy fallback,francie's,True,FRANCIE'S
Francisco's,francisco',NOUN,,,,3,Step 3: spaCy fallback,francisco',True,Francisco's
Frankfurter's,frankfurter',NOUN,,,,3,Step 3: spaCy fallback,frankfurter',True,Frankfurter's
franking,frank,VERB,franking,franking,Noun,1,Step 1: SUBTLEX-UK,franking,False,franking
Franklin's,franklin',NOUN,,,,3,Step 3: spaCy fallback,franklin',True,Franklin's
franklins,franklin,NOUN,franklins,franklins,Name,1,Step 1: SUBTLEX-UK,franklins,False,franklins
franks,frank,NOUN,franks,franks,Name,1,Step 1: SUBTLEX-UK,franks,False,franks
FRAYNE'S,frayne's,NOUN,,,,3,Step 3: spaCy fallback,frayne's,True,FRAYNE'S
freckled,freckle,VERB,freckled,freckled,Adjective,1,Step 1: SUBTLEX-UK,freckled,False,freckled
freckling,freckle,VERB,freckling,freckling,Name,1,Step 1: SUBTLEX-UK,freckling,False,freckling
Fred's,fred's,X,,,,3,Step 3: spaCy fallback,fred's,True,Fred's
freebooting,freebooting,NOUN,freebooting,freeboot,,1,Step 1: SUBTLEX-UK,freeboot,False,freeboot
freeloading,freeloading,NOUN,freeloading,freeload,Verb,1,Step 1: SUBTLEX-UK,freeload,False,freeload
freemen,freeman,NOUN,freemen,freemen,Noun,1,Step 1: SUBTLEX-UK,freemen,False,freemen
freer,free,ADJ,freer,freer,Adjective,1,Step 1: SUBTLEX-UK,freer,False,freer
freest,free,ADJ,freest,freest,Adjective,1,Step 1: SUBTLEX-UK,freest,False,freest
freestanding,freestande,VERB,freestanding,freestand,Verb,1,Step 1: SUBTLEX-UK,freestand,False,freestand
freethinking,freethinke,VERB,,,Adjective,2,Step 2: SUBTLEX-US + NLTK,freethinking,False,freethinking
freezing,freeze,VERB,freezing,freezing,Adjective,1,Step 1: SUBTLEX-UK,freezing,False,freezing
freight's,freight',NOUN,,,,3,Step 3: spaCy fallback,freight',True,freight's
Frenchman's,frenchman',NOUN,,,,3,Step 3: spaCy fallback,frenchman',True,Frenchman's
frenchmen,frenchman,NOUN,frenchmen,frenchmen,Noun,1,Step 1: SUBTLEX-UK,frenchmen,False,frenchmen
frenzied,frenzy,VERB,frenzied,frenzied,Adjective,1,Step 1: SUBTLEX-UK,frenzied,False,frenzied
frescos,frescos,PROPN,frescos,fresco,Noun,1,Step 1: SUBTLEX-UK,fresco,False,fresco
freshener,freshen,ADJ,freshener,freshener,Noun,1,Step 1: SUBTLEX-UK,freshener,False,freshener
Freud's,freud',NOUN,,,,3,Step 3: spaCy fallback,freud',True,Freud's
fricasseed,fricasseed,VERB,,,Verb,2,Step 2: SUBTLEX-US + NLTK,fricassee,False,fricassee
Friday's,friday's,VERB,,,,3,Step 3: spaCy fallback,friday's,True,Friday's
fried,fry,VERB,fried,fried,Adjective,1,Step 1: SUBTLEX-UK,fried,False,fried
friend's,friend',NOUN,,,,3,Step 3: spaCy fallback,friend',True,friend's
friendlier,friendly,ADJ,friendlier,friendlier,Adjective,1,Step 1: SUBTLEX-UK,friendlier,False,friendlier
friendliest,friendly,ADJ,friendliest,friendliest,Adjective,1,Step 1: SUBTLEX-UK,friendliest,False,friendliest
fries,fry,NOUN,fries,fries,Noun,1,Step 1: SUBTLEX-UK,fries,False,fries
frightened,frighten,VERB,frightened,frightened,Adjective,1,Step 1: SUBTLEX-UK,frightened,False,frightened
frilled,frille,VERB,frilled,frilled,,1,Step 1: SUBTLEX-UK,frilled,False,frilled
frilliest,frilli,ADJ,frilliest,frilliest,,1,Step 1: SUBTLEX-UK,frilliest,False,frilliest
frilling,frille,VERB,frilling,frilling,,1,Step 1: SUBTLEX-UK,frilling,False,frilling
fringing,fringe,VERB,fringing,fringing,Verb,1,Step 1: SUBTLEX-UK,fringing,False,fringing
friskier,frisky,ADJ,friskier,friskier,,1,Step 1: SUBTLEX-UK,friskier,False,friskier
frittata,frittata,VERB,frittata,fritta,Noun,1,Step 1: SUBTLEX-UK,fritta,False,fritta
FRITZIE'S,fritzie's,ADV,,,,3,Step 3: spaCy fallback,fritzie's,True,FRITZIE'S
frizzled,frizzle,VERB,,,Name,2,Step 2: SUBTLEX-US + NLTK,frizzled,False,frizzled
frizzles,frizzle,NOUN,frizzles,frizzles,,1,Step 1: SUBTLEX-UK,frizzles,False,frizzles
frocking,frock,VERB,frocking,frocking,Noun,1,Step 1: SUBTLEX-UK,frocking,False,frocking
froggies,froggie,NOUN,froggies,froggy,Noun,1,Step 1: SUBTLEX-UK,froggy,False,froggy
frogmarched,frogmarched,ADJ,frogmarched,frogmarch,,1,Step 1: SUBTLEX-UK,frogmarch,False,frogmarch
fronded,fronde,VERB,fronded,frond,,1,Step 1: SUBTLEX-UK,frond,False,frond
frost's,frost',NOUN,,,,3,Step 3: spaCy fallback,frost',True,frost's
frostiest,frosty,ADJ,frostiest,frostiest,,1,Step 1: SUBTLEX-UK,frostiest,False,frostiest
frosting,frost,VERB,frosting,frosting,Noun,1,Step 1: SUBTLEX-UK,frosting,False,frosting
frothier,frothi,ADJ,,,Adjective,2,Step 2: SUBTLEX-US + NLTK,frothier,False,frothier
frothiest,frothi,ADJ,frothiest,frothiest,,1,Step 1: SUBTLEX-UK,frothiest,False,frothiest
froze,froze,VERB,froze,freeze,Verb,1,Step 1: SUBTLEX-UK,freeze,False,freeze
frozen,frozen,ADJ,frozen,freeze,Adjective,1,Step 1: SUBTLEX-UK,freeze,False,freeze
fruited,fruit,VERB,fruited,fruited,Adjective,1,Step 1: SUBTLEX-UK,fruited,False,fruited
fruitier,fruity,ADJ,fruitier,fruitier,Adjective,1,Step 1: SUBTLEX-UK,fruitier,False,fruitier
frustrated,frustrate,VERB,frustrated,frustrated,Verb,1,Step 1: SUBTLEX-UK,frustrated,False,frustrated
frying,fry,VERB,frying,frying,Noun,1,Step 1: SUBTLEX-UK,frying,False,frying
fuchsias,fuchsias,PROPN,fuchsias,fuchsia,Noun,1,Step 1: SUBTLEX-UK,fuchsia,False,fuchsia
fucking,fucking,INTJ,fucking,fuck,Adjective,1,Step 1: SUBTLEX-UK,fuck,False,fuck
fudging,fudge,VERB,fudging,fudging,Verb,1,Step 1: SUBTLEX-UK,fudging,False,fudging
FUDO'S,fudo',VERB,,,,3,Step 3: spaCy fallback,fudo',True,FUDO'S
fuelling,fuelling,NOUN,fuelling,fuel,Verb,1,Step 1: SUBTLEX-UK,fuel,False,fuel
fugs,fug,NOUN,fugs,fugs,,1,Step 1: SUBTLEX-UK,fugs,False,fugs
FUHRMANN'S,fuhrmann',NOUN,,,,3,Step 3: spaCy fallback,fuhrmann',True,FUHRMANN'S
fulfills,fulfill,NOUN,fulfills,fulfil,Verb,1,Step 1: SUBTLEX-UK,fulfil,False,fulfil
fuller,full,ADJ,fuller,fuller,Name,1,Step 1: SUBTLEX-UK,fuller,False,fuller
fullers,fuller,NOUN,fullers,fullers,Name,1,Step 1: SUBTLEX-UK,fullers,False,fullers
fullest,full,ADJ,fullest,fullest,Adjective,1,Step 1: SUBTLEX-UK,fullest,False,fullest
funkier,funky,ADJ,funkier,funkier,Adjective,1,Step 1: SUBTLEX-UK,funkier,False,funkier
furbished,furbish,VERB,furbished,furbished,Verb,1,Step 1: SUBTLEX-UK,furbished,False,furbished
furies,fury,NOUN,furies,furies,Noun,1,Step 1: SUBTLEX-UK,furies,False,furies
furnace's,furnace',VERB,,,,3,Step 3: spaCy fallback,furnace',True,furnace's
furnishings,furnishing,NOUN,furnishings,furnishings,Noun,1,Step 1: SUBTLEX-UK,furnishings,False,furnishings
furrowed,furrow,VERB,furrowed,furrowed,Adjective,1,Step 1: SUBTLEX-UK,furrowed,False,furrowed
furrowing,furrow,VERB,furrowing,furrowing,,1,Step 1: SUBTLEX-UK,furrowing,False,furrowing
further,far,ADV,further,further,Adverb,1,Step 1: SUBTLEX-UK,further,False,further
furthest,furth,ADJ,furthest,furthest,Adjective,1,Step 1: SUBTLEX-UK,furthest,False,furthest
fusiliers,fusilier,NOUN,fusiliers,fusiliers,Name,1,Step 1: SUBTLEX-UK,fusiliers,False,fusiliers
fusils,fusil,NOUN,,,Verb,2,Step 2: SUBTLEX-US + NLTK,fusils,False,fusils
fusing,fuse,VERB,fusing,fusing,Verb,1,Step 1: SUBTLEX-UK,fusing,False,fusing
fussiest,fussy,ADJ,fussiest,fussiest,,1,Step 1: SUBTLEX-UK,fussiest,False,fussiest
fuzzed,fuzze,VERB,fuzzed,fuzz,,1,Step 1: SUBTLEX-UK,fuzz,False,fuzz
fuzzier,fuzzy,ADJ,fuzzier,fuzzier,Adjective,1,Step 1: SUBTLEX-UK,fuzzier,False,fuzzier
fuzziest,fuzzy,ADJ,fuzziest,fuzziest,Adjective,1,Step 1: SUBTLEX-UK,fuzziest,False,fuzziest
G'AHN,g'ahn,NOUN,,,,3,Step 3: spaCy fallback,g'ahn,True,G'AHN
gabfest,gabf,ADJ,,,Adjective,2,Step 2: SUBTLEX-US + NLTK,gabfest,False,gabfest
Gabriel's,gabriel',NOUN,,,,3,Step 3: spaCy fallback,gabriel',True,Gabriel's
gaels,gael,NOUN,gaels,gaels,,1,Step 1: SUBTLEX-UK,gaels,False,gaels
gaffed,gaffe,VERB,,,Verb,2,Step 2: SUBTLEX-US + NLTK,gaffed,False,gaffed
gaffing,gaffe,VERB,gaffing,gaffing,,1,Step 1: SUBTLEX-UK,gaffing,False,gaffing
gaillardia,gaillardia,PROPN,gaillardia,gaillardium,,1,Step 1: SUBTLEX-UK,gaillardium,False,gaillardium
gaited,gaite,VERB,gaited,gait,Verb,1,Step 1: SUBTLEX-UK,gait,False,gait
gaiting,gaite,VERB,,,Verb,2,Step 2: SUBTLEX-US + NLTK,gaiting,False,gaiting
galleried,gallerie,VERB,galleried,galleried,,1,Step 1: SUBTLEX-UK,galleried,False,galleried
galleys,galleys,VERB,galleys,galley,Noun,1,Step 1: SUBTLEX-UK,galley,False,galley
galling,gall,VERB,galling,galling,Adjective,1,Step 1: SUBTLEX-UK,galling,False,galling
gallows,gallow,VERB,gallows,gallows,Noun,1,Step 1: SUBTLEX-UK,gallows,False,gallows
galvanizing,galvanize,VERB,,,Adjective,2,Step 2: SUBTLEX-US + NLTK,galvanizing,False,galvanizing
gambolling,gambol,VERB,gambolling,gambolling,,1,Step 1: SUBTLEX-UK,gambolling,False,gambolling
gamed,gamed,PROPN,gamed,game,Verb,1,Step 1: SUBTLEX-UK,game,False,game
gaming,game,VERB,gaming,gaming,Noun,1,Step 1: SUBTLEX-UK,gaming,False,gaming
gangers,ganger,NOUN,gangers,gangers,,1,Step 1: SUBTLEX-UK,gangers,False,gangers
ganglia,ganglia,NOUN,ganglia,ganglion,Noun,1,Step 1: SUBTLEX-UK,ganglion,False,ganglion
GANNETT'S,gannett',NOUN,,,,3,Step 3: spaCy fallback,gannett',True,GANNETT'S
GANNON'S,gannon',NOUN,,,,3,Step 3: spaCy fallback,gannon',True,GANNON'S
gaping,gape,VERB,gaping,gaping,Adjective,1,Step 1: SUBTLEX-UK,gaping,False,gaping
garaging,garage,VERB,garaging,garaging,,1,Step 1: SUBTLEX-UK,garaging,False,garaging
garbling,garbling,NOUN,,,Verb,2,Step 2: SUBTLEX-US + NLTK,garble,False,garble
gardening,garden,VERB,gardening,gardening,Noun,1,Step 1: SUBTLEX-UK,gardening,False,gardening
GARDNER'S,gardner's,NOUN,,,,3,Step 3: spaCy fallback,gardner's,True,GARDNER'S
GARGERY'S,gargery's,NOUN,,,,3,Step 3: spaCy fallback,gargery's,True,GARGERY'S
GARIBALDI'S,garibaldi's,NOUN,,,,3,Step 3: spaCy fallback,garibaldi's,True,GARIBALDI'S
garlanding,garlanding,NOUN,garlanding,garland,,1,Step 1: SUBTLEX-UK,garland,False,garland
garnered,garnered,VERB,garnered,garner,Verb,1,Step 1: SUBTLEX-UK,garner,False,garner
GARRARD'S,garrard's,NOUN,,,,3,Step 3: spaCy fallback,garrard's,True,GARRARD'S
garrotted,garrotte,VERB,garrotted,garrot,Adjective,1,Step 1: SUBTLEX-UK,garrot,False,garrot
garrotting,garrotte,VERB,garrotting,garrot,,1,Step 1: SUBTLEX-UK,garrot,False,garrot
GARTH'S,garth's,X,,,,3,Step 3: spaCy fallback,garth's,True,GARTH'S
gasps,gasp,VERB,gasps,gasps,Verb,1,Step 1: SUBTLEX-UK,gasps,False,gasps
gassiest,gassy,ADJ,gassiest,gassiest,,1,Step 1: SUBTLEX-UK,gassiest,False,gassiest
gasworks,gaswork,VERB,gasworks,gasworks,Noun,1,Step 1: SUBTLEX-UK,gasworks,False,gasworks
gateaux,gateaux,PROPN,gateaux,gateau,,1,Step 1: SUBTLEX-UK,gateau,False,gateau
gatecrashed,gatecrashe,VERB,gatecrashed,gatecrash,,1,Step 1: SUBTLEX-UK,gatecrash,False,gatecrash
gatecrashes,gatecrashe,VERB,gatecrashes,gatecrash,,1,Step 1: SUBTLEX-UK,gatecrash,False,gatecrash
gatecrashing,gatecrashe,VERB,gatecrashing,gatecrash,,1,Step 1: SUBTLEX-UK,gatecrash,False,gatecrash
gating,gate,VERB,gating,gating,,1,Step 1: SUBTLEX-UK,gating,False,gating
gauchos,gauchos,PROPN,gauchos,gaucho,Noun,1,Step 1: SUBTLEX-UK,gaucho,False,gaucho
gaudiest,gaudy,ADJ,gaudiest,gaudiest,,1,Step 1: SUBTLEX-UK,gaudiest,False,gaudiest
GAVIN'S,gavin',NOUN,,,,3,Step 3: spaCy fallback,gavin',True,GAVIN'S
gawps,gawps,NOUN,gawps,gawp,,1,Step 1: SUBTLEX-UK,gawp,False,gawp
geckos,geckos,VERB,geckos,gecko,Noun,1,Step 1: SUBTLEX-UK,gecko,False,gecko
GEE'S,gee's,VERB,,,,3,Step 3: spaCy fallback,gee's,True,GEE'S
geese,geese,PROPN,geese,goose,Noun,1,Step 1: SUBTLEX-UK,goose,False,goose
geishas,geishas,PROPN,geishas,geisha,Noun,1,Step 1: SUBTLEX-UK,geisha,False,geisha
gelding,geld,VERB,gelding,gelding,Noun,1,Step 1: SUBTLEX-UK,gelding,False,gelding
genera,genera,NOUN,genera,genus,Noun,1,Step 1: SUBTLEX-UK,genus,False,genus
generalized,generalize,VERB,,,Adjective,2,Step 2: SUBTLEX-US + NLTK,generalized,False,generalized
genetics,genetic,NOUN,genetics,genetics,Noun,1,Step 1: SUBTLEX-UK,genetics,False,genetics
genii,genii,NOUN,genii,genie,Noun,1,Step 1: SUBTLEX-UK,genie,False,genie
genitalia,genitalia,NOUN,genitalia,genitalium,Noun,1,Step 1: SUBTLEX-UK,genitalium,False,genitalium
genitals,genital,NOUN,genitals,genitals,Noun,1,Step 1: SUBTLEX-UK,genitals,False,genitals
gentiles,gentile,NOUN,gentiles,gentiles,Noun,1,Step 1: SUBTLEX-UK,gentiles,False,gentiles
gentler,gentle,ADJ,gentler,gentler,Adjective,1,Step 1: SUBTLEX-UK,gentler,False,gentler
gentlest,gentle,ADJ,gentlest,gentlest,Adjective,1,Step 1: SUBTLEX-UK,gentlest,False,gentlest
geophysics,geophysic,NOUN,geophysics,geophysics,Noun,1,Step 1: SUBTLEX-UK,geophysics,False,geophysics
geopolitics,geopolitic,NOUN,geopolitics,geopolitics,Noun,1,Step 1: SUBTLEX-UK,geopolitics,False,geopolitics
George's,george',NOUN,,,,3,Step 3: spaCy fallback,george',True,George's
Georgetown's,georgetown',NOUN,,,,3,Step 3: spaCy fallback,georgetown',True,Georgetown's
Georgia's,georgia',NOUN,,,,3,Step 3: spaCy fallback,georgia',True,Georgia's
georgians,georgian,NOUN,georgians,georgians,,1,Step 1: SUBTLEX-UK,georgians,False,georgians
GERAGHTY'S,geraghty',NOUN,,,,3,Step 3: spaCy fallback,geraghty',True,GERAGHTY'S
geriatrics,geriatric,NOUN,geriatrics,geriatrics,Noun,1,Step 1: SUBTLEX-UK,geriatrics,False,geriatrics
German's,german',NOUN,,,,3,Step 3: spaCy fallback,german',True,German's
germans,german,NOUN,germans,germans,Noun,1,Step 1: SUBTLEX-UK,germans,False,germans
Germany's,germany',NOUN,,,,3,Step 3: spaCy fallback,germany',True,Germany's
germinating,germinating,ADJ,germinating,germinate,Verb,1,Step 1: SUBTLEX-UK,germinate,False,germinate
gerrymandered,gerrymander,VERB,gerrymandered,gerrymandered,,1,Step 1: SUBTLEX-UK,gerrymandered,False,gerrymandered
gerrymandering,gerrymander,VERB,gerrymandering,gerrymandering,Verb,1,Step 1: SUBTLEX-UK,gerrymandering,False,gerrymandering
GETZ'S,getz',NOUN,,,,3,Step 3: spaCy fallback,getz',True,GETZ'S
ghastliest,ghastly,ADJ,ghastliest,ghastliest,Adjective,1,Step 1: SUBTLEX-UK,ghastliest,False,ghastliest
ghats,ghat,NOUN,ghats,ghats,Noun,1,Step 1: SUBTLEX-UK,ghats,False,ghats
gibbering,gibber,VERB,gibbering,gibbering,Verb,1,Step 1: SUBTLEX-UK,gibbering,False,gibbering
gibbers,gibber,NOUN,gibbers,gibbers,Verb,1,Step 1: SUBTLEX-UK,gibbers,False,gibbers
gibbons,gibbon,NOUN,gibbons,gibbons,Name,1,Step 1: SUBTLEX-UK,gibbons,False,gibbons
giblets,giblet,NOUN,giblets,giblets,Noun,1,Step 1: SUBTLEX-UK,giblets,False,giblets
giddier,giddy,ADJ,giddier,giddier,,1,Step 1: SUBTLEX-UK,giddier,False,giddier
GIFFEN'S,giffen',NOUN,,,,3,Step 3: spaCy fallback,giffen',True,GIFFEN'S
gifted,gift,VERB,gifted,gifted,Adjective,1,Step 1: SUBTLEX-UK,gifted,False,gifted
giggles,giggle,NOUN,giggles,giggles,Noun,1,Step 1: SUBTLEX-UK,giggles,False,giggles
gigolos,gigolos,PROPN,gigolos,gigolo,Noun,1,Step 1: SUBTLEX-UK,gigolo,False,gigolo
GILBORN'S,gilborn',NOUN,,,,3,Step 3: spaCy fallback,gilborn',True,GILBORN'S
gilded,gild,VERB,gilded,gilded,Adjective,1,Step 1: SUBTLEX-UK,gilded,False,gilded
gilds,gild,VERB,gilds,gilds,,1,Step 1: SUBTLEX-UK,gilds,False,gilds
gillies,gillie,NOUN,gillies,gillies,Name,1,Step 1: SUBTLEX-UK,gillies,False,gillies
GINSBERG'S,ginsberg',NOUN,,,,3,Step 3: spaCy fallback,ginsberg',True,GINSBERG'S
girl's,girl',NOUN,,,,3,Step 3: spaCy fallback,girl',True,girl's
girt,girt,VERB,girt,gird,Verb,1,Step 1: SUBTLEX-UK,gird,False,gird
glabella,glabella,NOUN,glabella,glabellum,Noun,1,Step 1: SUBTLEX-UK,glabellum,False,glabellum
glaciated,glaciate,VERB,glaciated,glaciated,Adjective,1,Step 1: SUBTLEX-UK,glaciated,False,glaciated
glacier,glaci,ADJ,glacier,glacier,Noun,1,Step 1: SUBTLEX-UK,glacier,False,glacier
GLADDEN'S,gladden',NOUN,,,,3,Step 3: spaCy fallback,gladden',True,GLADDEN'S
gladdest,glad,ADJ,gladdest,gladdest,,1,Step 1: SUBTLEX-UK,gladdest,False,gladdest
glassmaking,glassmake,VERB,glassmaking,glassmaking,Verb,1,Step 1: SUBTLEX-UK,glassmaking,False,glassmaking
glassworks,glasswork,VERB,glassworks,glassworks,,1,Step 1: SUBTLEX-UK,glassworks,False,glassworks
glazier,glazi,ADJ,glazier,glazier,Adjective,1,Step 1: SUBTLEX-UK,glazier,False,glazier
glazing,glaze,VERB,glazing,glazing,Verb,1,Step 1: SUBTLEX-UK,glazing,False,glazing
gleanings,gleaning,NOUN,gleanings,gleanings,,1,Step 1: SUBTLEX-UK,gleanings,False,gleanings
GLENDORA'S,glendora's,VERB,,,,3,Step 3: spaCy fallback,glendora's,True,GLENDORA'S
GLIMCO'S,glimco's,VERB,,,,3,Step 3: spaCy fallback,glimco's,True,GLIMCO'S
glissandi,glissandi,VERB,glissandi,glissando,,1,Step 1: SUBTLEX-UK,glissando,False,glissando
gloaming,gloame,VERB,gloaming,gloaming,Noun,1,Step 1: SUBTLEX-UK,gloaming,False,gloaming
globetrotters,globetrotter,NOUN,globetrotters,globetrotters,Name,1,Step 1: SUBTLEX-UK,globetrotters,False,globetrotters
globetrotting,globetrotte,VERB,globetrotting,globetrot,Adjective,1,Step 1: SUBTLEX-UK,globetrot,False,globetrot
GLOBOCNIK'S,globocnik',NOUN,,,,3,Step 3: spaCy fallback,globocnik',True,GLOBOCNIK'S
glooming,gloome,VERB,,,Adjective,2,Step 2: SUBTLEX-US + NLTK,glooming,False,glooming
glorified,glorify,VERB,glorified,glorified,Adjective,1,Step 1: SUBTLEX-UK,glorified,False,glorified
glorifies,glorifie,NOUN,glorifies,glorify,Verb,1,Step 1: SUBTLEX-UK,glorify,False,glorify
glossier,glossy,ADJ,glossier,glossier,Adjective,1,Step 1: SUBTLEX-UK,glossier,False,glossier
glossies,glossie,VERB,glossies,glossy,Noun,1,Step 1: SUBTLEX-UK,glossy,False,glossy
glossiest,glossy,ADJ,glossiest,glossiest,,1,Step 1: SUBTLEX-UK,glossiest,False,glossiest
gloved,glove,VERB,gloved,gloved,Adjective,1,Step 1: SUBTLEX-UK,gloved,False,gloved
glowing,glow,VERB,glowing,glowing,Verb,1,Step 1: SUBTLEX-UK,glowing,False,glowing
gnawing,gnaw,VERB,gnawing,gnawing,Verb,1,Step 1: SUBTLEX-UK,gnawing,False,gnawing
gnocchi,gnocchi,PROPN,gnocchi,gnocchus,Noun,1,Step 1: SUBTLEX-UK,gnocchus,False,gnocchus
gnus,gnus,PROPN,gnus,gnu,,1,Step 1: SUBTLEX-UK,gnu,False,gnu
goalkeeping,goalkeepe,VERB,goalkeeping,goalkeeping,Noun,1,Step 1: SUBTLEX-UK,goalkeeping,False,goalkeeping
goaltending,goaltende,VERB,,,Verb,2,Step 2: SUBTLEX-US + NLTK,goaltending,False,goaltending
gobs,gobs,PROPN,gobs,gob,Noun,1,Step 1: SUBTLEX-UK,gob,False,gob
gobsmacked,gobsmacke,VERB,gobsmacked,gobsmack,,1,Step 1: SUBTLEX-UK,gobsmack,False,gobsmack
God's,god',NOUN,,,,3,Step 3: spaCy fallback,god',True,God's
godchildren,godchildren,NOUN,godchildren,godchild,Noun,1,Step 1: SUBTLEX-UK,godchild,False,godchild
goddamned,goddamne,VERB,goddamned,goddamn,Adjective,1,Step 1: SUBTLEX-UK,goddamn,False,goddamn
Goethe's,goethe',NOUN,,,,3,Step 3: spaCy fallback,goethe',True,Goethe's
goggles,goggle,NOUN,goggles,goggles,Noun,1,Step 1: SUBTLEX-UK,goggles,False,goggles
goldfinches,goldfinche,VERB,goldfinches,goldfinch,Noun,1,Step 1: SUBTLEX-UK,goldfinch,False,goldfinch
goldilocks,goldilock,NOUN,goldilocks,goldilocks,Name,1,Step 1: SUBTLEX-UK,goldilocks,False,goldilocks
goldsmiths,goldsmith,NOUN,goldsmiths,goldsmiths,Noun,1,Step 1: SUBTLEX-UK,goldsmiths,False,goldsmiths
golfing,golf,VERB,golfing,golfing,Noun,1,Step 1: SUBTLEX-UK,golfing,False,golfing
gollies,gollie,NOUN,gollies,gollies,Noun,1,Step 1: SUBTLEX-UK,gollies,False,gollies
gondolier,gondoli,ADJ,gondolier,gondolier,Adjective,1,Step 1: SUBTLEX-UK,gondolier,False,gondolier
gondoliers,gondolier,NOUN,gondoliers,gondoliers,,1,Step 1: SUBTLEX-UK,gondoliers,False,gondoliers
gonging,gong,VERB,,,Noun,2,Step 2: SUBTLEX-US + NLTK,gonging,False,gonging
goodhearted,goodhearte,VERB,,,Adjective,2,Step 2: SUBTLEX-US + NLTK,goodhearted,False,goodhearted
goodliest,goodly,ADJ,goodliest,goodliest,,1,Step 1: SUBTLEX-UK,goodliest,False,goodliest
goods,good,NOUN,goods,goods,Noun,1,Step 1: SUBTLEX-UK,goods,False,goods
goofiest,goofiest,NOUN,,,Adjective,2,Step 2: SUBTLEX-US + NLTK,goofy,False,goofy
gooier,gooey,ADJ,gooier,gooier,,1,Step 1: SUBTLEX-UK,gooier,False,gooier
goons,goon,NOUN,goons,goons,Noun,1,Step 1: SUBTLEX-UK,goons,False,goons
Gordon's,gordon',NOUN,,,,3,Step 3: spaCy fallback,gordon',True,Gordon's
Gore's,gore's,ADV,,,,3,Step 3: spaCy fallback,gore's,True,Gore's
gorgons,gorgon,NOUN,gorgons,gorgons,,1,Step 1: SUBTLEX-UK,gorgons,False,gorgons
GORHAM'S,gorham's,VERB,,,,3,Step 3: spaCy fallback,gorham's,True,GORHAM'S
goring,gore,VERB,goring,goring,Name,1,Step 1: SUBTLEX-UK,goring,False,goring
GORTON'S,gorton',NOUN,,,,3,Step 3: spaCy fallback,gorton',True,GORTON'S
gosling,gosle,VERB,gosling,gosling,Name,1,Step 1: SUBTLEX-UK,gosling,False,gosling
gospels,gospel,NOUN,gospels,gospels,Noun,1,Step 1: SUBTLEX-UK,gospels,False,gospels
gossipped,gossippe,VERB,,,Verb,2,Step 2: SUBTLEX-US + NLTK,gossipped,False,gossipped
GOSSON'S,gosson',NOUN,,,,3,Step 3: spaCy fallback,gosson',True,GOSSON'S
goths,goth,NOUN,goths,goths,Noun,1,Step 1: SUBTLEX-UK,goths,False,goths
GOULDING'S,goulding',NOUN,,,,3,Step 3: spaCy fallback,goulding',True,GOULDING'S
gourmands,gourmand,NOUN,gourmands,gourmands,Noun,1,Step 1: SUBTLEX-UK,gourmands,False,gourmands
government's,government',VERB,,,,3,Step 3: spaCy fallback,government',True,government's
goyim,goyim,PROPN,,,Noun,2,Step 2: SUBTLEX-US + NLTK,goy,False,goy
GRABSKI'S,grabski's,VERB,,,,3,Step 3: spaCy fallback,grabski's,True,GRABSKI'S
Gracie's,gracie',NOUN,,,,3,Step 3: spaCy fallback,gracie',True,Gracie's
grading,grade,VERB,grading,grading,Verb,1,Step 1: SUBTLEX-UK,grading,False,grading
graffiti,graffiti,PROPN,graffiti,graffitus,Noun,1,Step 1: SUBTLEX-UK,graffitus,False,graffitus
graining,grain,VERB,graining,graining,,1,Step 1: SUBTLEX-UK,graining,False,graining
GRAN'DAD,gran'dad,NOUN,,,,3,Step 3: spaCy fallback,gran'dad,True,GRAN'DAD
grandest,grand,ADJ,grandest,grandest,Adjective,1,Step 1: SUBTLEX-UK,grandest,False,grandest
grandpas,grandpas,NOUN,grandpas,grandpa,Noun,1,Step 1: SUBTLEX-UK,grandpa,False,grandpa
grands,grand,NOUN,grands,grands,Noun,1,Step 1: SUBTLEX-UK,grands,False,grands
grandstanding,grandstand,VERB,grandstanding,grandstanding,Verb,1,Step 1: SUBTLEX-UK,grandstanding,False,grandstanding
granola,granola,PROPN,granola,granolum,Noun,1,Step 1: SUBTLEX-UK,granolum,False,granolum
Grant's,grant's,X,,,,3,Step 3: spaCy fallback,grant's,True,Grant's
granulated,granulate,VERB,granulated,granulated,Adjective,1,Step 1: SUBTLEX-UK,granulated,False,granulated
graphing,graph,VERB,graphing,graphing,Verb,1,Step 1: SUBTLEX-UK,graphing,False,graphing
grapnels,grapnel,NOUN,,,Verb,2,Step 2: SUBTLEX-US + NLTK,grapnels,False,grapnels
grassed,grassed,ADJ,grassed,grass,Verb,1,Step 1: SUBTLEX-UK,grass,False,grass
grassiest,grassy,ADJ,grassiest,grassiest,,1,Step 1: SUBTLEX-UK,grassiest,False,grassiest
grated,grated,ADJ,grated,grate,Verb,1,Step 1: SUBTLEX-UK,grate,False,grate
gratifies,gratifie,NOUN,,,Verb,2,Step 2: SUBTLEX-US + NLTK,gratify,False,gratify
gratis,gratis,NOUN,gratis,grati,Adverb,1,Step 1: SUBTLEX-UK,grati,False,grati
gravamen,gravaman,NOUN,,,Noun,2,Step 2: SUBTLEX-US + NLTK,gravamen,False,gravamen
graved,grave,VERB,,,Adjective,2,Step 2: SUBTLEX-US + NLTK,graved,False,graved
graveling,gravel,VERB,,,Noun,2,Step 2: SUBTLEX-US + NLTK,graveling,False,graveling
gravelling,gravel,VERB,gravelling,gravelling,,1,Step 1: SUBTLEX-UK,gravelling,False,gravelling
gravest,grave,ADJ,gravest,gravest,Adjective,1,Step 1: SUBTLEX-UK,gravest,False,gravest
gravitas,gravita,NOUN,gravitas,gravitas,Noun,1,Step 1: SUBTLEX-UK,gravitas,False,gravitas
graying,gray,VERB,,,Adjective,2,Step 2: SUBTLEX-US + NLTK,graying,False,graying
grayling,grayle,VERB,grayling,grayling,,1,Step 1: SUBTLEX-UK,grayling,False,grayling
grazier,grazi,ADJ,grazier,grazier,,1,Step 1: SUBTLEX-UK,grazier,False,grazier
grazing,graze,VERB,grazing,grazing,Verb,1,Step 1: SUBTLEX-UK,grazing,False,grazing
greater,great,ADJ,greater,greater,Adjective,1,Step 1: SUBTLEX-UK,greater,False,greater
greatest,great,ADJ,greatest,greatest,Adjective,1,Step 1: SUBTLEX-UK,greatest,False,greatest
greaves,greave,VERB,greaves,greaves,Noun,1,Step 1: SUBTLEX-UK,greaves,False,greaves
Greece's,greece',NOUN,,,,3,Step 3: spaCy fallback,greece',True,Greece's
greeks,greek,NOUN,greeks,greeks,Noun,1,Step 1: SUBTLEX-UK,greeks,False,greeks
greenest,green,ADJ,greenest,greenest,Adjective,1,Step 1: SUBTLEX-UK,greenest,False,greenest
greening,green,VERB,greening,greening,Name,1,Step 1: SUBTLEX-UK,greening,False,greening
Greg's,greg's,VERB,,,,3,Step 3: spaCy fallback,greg's,True,Greg's
Gregory's,gregory',NOUN,,,,3,Step 3: spaCy fallback,gregory',True,Gregory's
grenadiers,grenadier,NOUN,grenadiers,grenadiers,Noun,1,Step 1: SUBTLEX-UK,grenadiers,False,grenadiers
GREVILLE'S,greville's,ADJ,,,,3,Step 3: spaCy fallback,greville's,True,GREVILLE'S
greyest,grey,ADJ,greyest,greyest,,1,Step 1: SUBTLEX-UK,greyest,False,greyest
grilled,grill,VERB,grilled,grilled,Adjective,1,Step 1: SUBTLEX-UK,grilled,False,grilled
grilling,grill,VERB,grilling,grilling,Verb,1,Step 1: SUBTLEX-UK,grilling,False,grilling
grimes,grime,VERB,grimes,grimes,Name,1,Step 1: SUBTLEX-UK,grimes,False,grimes
grimiest,grimi,ADJ,grimiest,grimiest,,1,Step 1: SUBTLEX-UK,grimiest,False,grimiest
Grimm's,grimm',NOUN,,,,3,Step 3: spaCy fallback,grimm',True,Grimm's
griped,gripe,VERB,griped,griped,Verb,1,Step 1: SUBTLEX-UK,griped,False,griped
gripers,griper,NOUN,,,Noun,2,Step 2: SUBTLEX-US + NLTK,gripers,False,gripers
grits,grit,NOUN,grits,grits,Noun,1,Step 1: SUBTLEX-UK,grits,False,grits
grittier,gritty,ADJ,grittier,grittier,Adjective,1,Step 1: SUBTLEX-UK,grittier,False,grittier
grizzled,grizzle,VERB,grizzled,grizzled,Adjective,1,Step 1: SUBTLEX-UK,grizzled,False,grizzled
groovier,groovy,ADJ,groovier,groovier,Adjective,1,Step 1: SUBTLEX-UK,groovier,False,groovier
GROSS'S,gross's,NOUN,,,,3,Step 3: spaCy fallback,gross's,True,GROSS'S
grosser,gross,ADJ,grosser,grosser,Adjective,1,Step 1: SUBTLEX-UK,grosser,False,grosser
grossest,gross,ADJ,grossest,grossest,Adjective,1,Step 1: SUBTLEX-UK,grossest,False,grossest
grottiest,grotty,ADJ,grottiest,grottiest,,1,Step 1: SUBTLEX-UK,grottiest,False,grottiest
grounding,ground,VERB,grounding,grounding,Noun,1,Step 1: SUBTLEX-UK,grounding,False,grounding
groundling,groundle,VERB,,,Noun,2,Step 2: SUBTLEX-US + NLTK,groundling,False,groundling
grounds,ground,NOUN,grounds,grounds,Noun,1,Step 1: SUBTLEX-UK,grounds,False,grounds
grouping,group,VERB,grouping,grouping,Noun,1,Step 1: SUBTLEX-UK,grouping,False,grouping
groves,grove,NOUN,groves,groves,Noun,1,Step 1: SUBTLEX-UK,groves,False,groves
grown,grown,NOUN,grown,grow,Verb,1,Step 1: SUBTLEX-UK,grow,False,grow
grubbier,grubby,ADJ,grubbier,grubbier,,1,Step 1: SUBTLEX-UK,grubbier,False,grubbier
grubbiest,grubby,ADJ,grubbiest,grubbiest,,1,Step 1: SUBTLEX-UK,grubbiest,False,grubbiest
grudging,grudge,VERB,grudging,grudging,Adjective,1,Step 1: SUBTLEX-UK,grudging,False,grudging
grueling,gruele,VERB,grueling,gruel,Adjective,1,Step 1: SUBTLEX-UK,gruel,False,gruel
gruelling,gruelle,VERB,gruelling,gruelling,Adjective,1,Step 1: SUBTLEX-UK,gruelling,False,gruelling
gruffer,gruffer,NOUN,,,Adjective,2,Step 2: SUBTLEX-US + NLTK,gruff,False,gruff
grumpier,grumpy,ADJ,grumpier,grumpier,,1,Step 1: SUBTLEX-UK,grumpier,False,grumpier
grunting,grunt,VERB,grunting,grunting,Noun,1,Step 1: SUBTLEX-UK,grunting,False,grunting
grunts,grunt,NOUN,grunts,grunts,Noun,1,Step 1: SUBTLEX-UK,grunts,False,grunts
GUARDINO'S,guardino's,VERB,,,,3,Step 3: spaCy fallback,guardino's,True,GUARDINO'S
guardsmen,guardsman,NOUN,guardsmen,guardsmen,Noun,1,Step 1: SUBTLEX-UK,guardsmen,False,guardsmen
guavas,guavas,PROPN,guavas,guava,,1,Step 1: SUBTLEX-UK,guava,False,guava
guested,gueste,VERB,guested,guest,,1,Step 1: SUBTLEX-UK,guest,False,guest
guesting,gueste,VERB,guesting,guest,Verb,1,Step 1: SUBTLEX-UK,guest,False,guest
guilders,guilde,NOUN,guilders,guilder,Noun,1,Step 1: SUBTLEX-UK,guilder,False,guilder
guillotining,guillotine,VERB,guillotining,guillotining,,1,Step 1: SUBTLEX-UK,guillotining,False,guillotining
guiltier,guilty,ADJ,guiltier,guiltier,Adjective,1,Step 1: SUBTLEX-UK,guiltier,False,guiltier
guiltiest,guilty,ADJ,guiltiest,guiltiest,,1,Step 1: SUBTLEX-UK,guiltiest,False,guiltiest
guineas,guineas,NOUN,guineas,guinea,Noun,1,Step 1: SUBTLEX-UK,guinea,False,guinea
gulfs,gulfs,NOUN,gulfs,gulf,Noun,1,Step 1: SUBTLEX-UK,gulf,False,gulf
gullies,gullie,VERB,gullies,gully,Noun,1,Step 1: SUBTLEX-UK,gully,False,gully
gulps,gulp,VERB,gulps,gulps,Verb,1,Step 1: SUBTLEX-UK,gulps,False,gulps
gun's,gun',NOUN,,,,3,Step 3: spaCy fallback,gun',True,gun's
gunrunning,gunrunne,VERB,gunrunning,gunrunning,Verb,1,Step 1: SUBTLEX-UK,gunrunning,False,gunrunning
gurgles,gurgle,NOUN,gurgles,gurgles,Verb,1,Step 1: SUBTLEX-UK,gurgles,False,gurgles
gurkhas,gurkha,NOUN,gurkhas,gurkhas,,1,Step 1: SUBTLEX-UK,gurkhas,False,gurkhas
gusseted,gussete,VERB,,,Adjective,2,Step 2: SUBTLEX-US + NLTK,gusseted,False,gusseted
Guthrie's,guthrie',NOUN,,,,3,Step 3: spaCy fallback,guthrie',True,Guthrie's
gutted,gutte,VERB,gutted,gut,Verb,1,Step 1: SUBTLEX-UK,gut,False,gut
gutting,gutte,VERB,gutting,gut,Verb,1,Step 1: SUBTLEX-UK,gut,False,gut
guvnors,guvnor,NOUN,guvnors,guvnors,,1,Step 1: SUBTLEX-UK,guvnors,False,guvnors
gybing,gybe,VERB,gybing,gybing,,1,Step 1: SUBTLEX-UK,gybing,False,gybing
gymnasia,gymnasia,PROPN,gymnasia,gymnasium,,1,Step 1: SUBTLEX-UK,gymnasium,False,gymnasium
gymnastics,gymnastic,NOUN,gymnastics,gymnastics,Noun,1,Step 1: SUBTLEX-UK,gymnastics,False,gymnastics
gypsophila,gypsophila,PROPN,gypsophila,gypsophilum,,1,Step 1: SUBTLEX-UK,gypsophilum,False,gypsophilum
habeas,habea,NOUN,habeas,habeas,Noun,1,Step 1: SUBTLEX-UK,habeas,False,habeas
hacking,hack,VERB,hacking,hacking,Verb,1,Step 1: SUBTLEX-UK,hacking,False,hacking
hackle,hackle,NOUN,hackle,hackles,,1,Step 1: SUBTLEX-UK,hackles,False,hackles
hackles,hackle,NOUN,hackles,hackles,Noun,1,Step 1: SUBTLEX-UK,hackles,False,hackles
hackneyed,hackneye,VERB,hackneyed,hackneyed,Adjective,1,Step 1: SUBTLEX-UK,hackneyed,False,hackneyed
haggler,haggl,ADJ,haggler,haggler,,1,Step 1: SUBTLEX-UK,haggler,False,haggler
hagiographies,hagiographie,VERB,hagiographies,hagiography,,1,Step 1: SUBTLEX-UK,hagiography,False,hagiography
haircutting,haircutte,VERB,haircutting,haircutting,Noun,1,Step 1: SUBTLEX-UK,haircutting,False,haircutting
hairdressing,hairdresse,VERB,hairdressing,hairdressing,Noun,1,Step 1: SUBTLEX-UK,hairdressing,False,hairdressing
hairiest,hairy,ADJ,hairiest,hairiest,Adjective,1,Step 1: SUBTLEX-UK,hairiest,False,hairiest
hairsplitting,hairsplitte,VERB,,,Noun,2,Step 2: SUBTLEX-US + NLTK,hairsplitting,False,hairsplitting
haitians,haitian,NOUN,haitians,haitians,Noun,1,Step 1: SUBTLEX-UK,haitians,False,haitians
Hal's,hal's,X,,,,3,Step 3: spaCy fallback,hal's,True,Hal's
Hale's,hale's,ADV,,,,3,Step 3: spaCy fallback,hale's,True,Hale's
halfcocked,halfcocke,VERB,,,Verb,2,Step 2: SUBTLEX-US + NLTK,halfcocked,False,halfcocked
halfhearted,halfhearte,VERB,halfhearted,halfhearted,,1,Step 1: SUBTLEX-UK,halfhearted,False,halfhearted
halfpence,halfpence,NOUN,halfpence,halfpenny,Noun,1,Step 1: SUBTLEX-UK,halfpenny,False,halfpenny
halfs,halfs,NOUN,halfs,half,,1,Step 1: SUBTLEX-UK,half,False,half
hallmarked,hallmarke,VERB,hallmarked,hallmark,,1,Step 1: SUBTLEX-UK,hallmark,False,hallmark
hallmarking,hallmarke,VERB,hallmarking,hallmark,,1,Step 1: SUBTLEX-UK,hallmark,False,hallmark
Hallowe'ens,hallowe'en,NOUN,,,,3,Step 3: spaCy fallback,hallowe'en,True,Hallowe'ens
hallowed,hallow,VERB,hallowed,hallowed,Adjective,1,Step 1: SUBTLEX-UK,hallowed,False,hallowed
hallows,hallow,VERB,hallows,hallows,Name,1,Step 1: SUBTLEX-UK,hallows,False,hallows
haloes,haloe,VERB,haloes,halo,,1,Step 1: SUBTLEX-UK,halo,False,halo
Hamilton's,hamilton',NOUN,,,,3,Step 3: spaCy fallback,hamilton',True,Hamilton's
hamlets,hamlet,NOUN,hamlets,hamlets,Noun,1,Step 1: SUBTLEX-UK,hamlets,False,hamlets
HAMMARSKJOLD'S,hammarskjold's,NOUN,,,,3,Step 3: spaCy fallback,hammarskjold's,True,HAMMARSKJOLD'S
HAMMETT'S,hammett',NOUN,,,,3,Step 3: spaCy fallback,hammett',True,HAMMETT'S
hamming,hamming,NOUN,hamming,ham,Verb,1,Step 1: SUBTLEX-UK,ham,False,ham
HAMPTON'S,hampton',NOUN,,,,3,Step 3: spaCy fallback,hampton',True,HAMPTON'S
HAMRICK'S,hamrick',NOUN,,,,3,Step 3: spaCy fallback,hamrick',True,HAMRICK'S
HAN'S,han's,VERB,,,,3,Step 3: spaCy fallback,han's,True,HAN'S
handcrafted,handcraft,VERB,handcrafted,handcrafted,Verb,1,Step 1: SUBTLEX-UK,handcrafted,False,handcrafted
handcuff,handcuff,PROPN,handcuff,handcuffs,Verb,1,Step 1: SUBTLEX-UK,handcuffs,False,handcuffs
handcuffs,handcuff,NOUN,handcuffs,handcuffs,Noun,1,Step 1: SUBTLEX-UK,handcuffs,False,handcuffs
handicapped,handicapped,VERB,handicapped,handicap,Adjective,1,Step 1: SUBTLEX-UK,handicap,False,handicap
handiest,handy,ADJ,handiest,handiest,Adjective,1,Step 1: SUBTLEX-UK,handiest,False,handiest
handlebar,handlebar,NOUN,handlebar,handlebars,Noun,1,Step 1: SUBTLEX-UK,handlebars,False,handlebars
handlebars,handlebar,NOUN,handlebars,handlebars,Noun,1,Step 1: SUBTLEX-UK,handlebars,False,handlebars
handpainted,handpainte,VERB,handpainted,handpaint,,1,Step 1: SUBTLEX-UK,handpaint,False,handpaint
handpicked,handpicke,VERB,handpicked,handpick,Verb,1,Step 1: SUBTLEX-UK,handpick,False,handpick
handpicking,handpicke,VERB,handpicking,handpick,Verb,1,Step 1: SUBTLEX-UK,handpick,False,handpick
handshaking,handshake,VERB,handshaking,handshaking,Noun,1,Step 1: SUBTLEX-UK,handshaking,False,handshaking
handsomest,handsome,ADJ,handsomest,handsomest,Adjective,1,Step 1: SUBTLEX-UK,handsomest,False,handsomest
handspring,handspre,VERB,handspring,handspring,Noun,1,Step 1: SUBTLEX-UK,handspring,False,handspring
hanks,hank,NOUN,hanks,hanks,Name,1,Step 1: SUBTLEX-UK,hanks,False,hanks
HANSEN'S,hansen',NOUN,,,,3,Step 3: spaCy fallback,hansen',True,HANSEN'S
happier,happy,ADJ,happier,happier,Adjective,1,Step 1: SUBTLEX-UK,happier,False,happier
happiest,happy,ADJ,happiest,happiest,Adjective,1,Step 1: SUBTLEX-UK,happiest,False,happiest
happing,happe,VERB,happing,hap,,1,Step 1: SUBTLEX-UK,hap,False,hap
HARBURG'S,harburg',NOUN,,,,3,Step 3: spaCy fallback,harburg',True,HARBURG'S
hardboiled,hardboile,VERB,hardboiled,hardboil,Adjective,1,Step 1: SUBTLEX-UK,hardboil,False,hardboil
harder,hard,ADV,harder,harder,Adverb,1,Step 1: SUBTLEX-UK,harder,False,harder
hardest,hard,ADV,hardest,hardest,Adjective,1,Step 1: SUBTLEX-UK,hardest,False,hardest
hardheaded,hardheade,VERB,hardheaded,hardhead,Adjective,1,Step 1: SUBTLEX-UK,hardhead,False,hardhead
hardhearted,hardhearte,VERB,hardhearted,hardhearted,Adjective,1,Step 1: SUBTLEX-UK,hardhearted,False,hardhearted
hardwearing,hardweare,VERB,hardwearing,hardwearing,,1,Step 1: SUBTLEX-UK,hardwearing,False,hardwearing
hardworking,hardworke,VERB,hardworking,hardwork,Adjective,1,Step 1: SUBTLEX-UK,hardwork,False,hardwork
HARDY'S,hardy',NOUN,,,,3,Step 3: spaCy fallback,hardy',True,HARDY'S
harebrained,harebraine,VERB,harebrained,harebrained,Adjective,1,Step 1: SUBTLEX-UK,harebrained,False,harebrained
harelipped,harelippe,VERB,,,Verb,2,Step 2: SUBTLEX-US + NLTK,harelipped,False,harelipped
Harlem's,harlem',NOUN,,,,3,Step 3: spaCy fallback,harlem',True,Harlem's
harlequins,harlequin,NOUN,harlequins,harlequins,Noun,1,Step 1: SUBTLEX-UK,harlequins,False,harlequins
Harley's,harley's,X,,,,3,Step 3: spaCy fallback,harley's,True,Harley's
harlots,harlot,NOUN,harlots,harlots,Noun,1,Step 1: SUBTLEX-UK,harlots,False,harlots
harmonicas,harmonicas,PROPN,harmonicas,harmonica,Noun,1,Step 1: SUBTLEX-UK,harmonica,False,harmonica
harmony's,harmony',NOUN,,,,3,Step 3: spaCy fallback,harmony',True,harmony's
Harper's,harper's,ADV,,,,3,Step 3: spaCy fallback,harper's,True,Harper's
harpers,harper,NOUN,harpers,harpers,Name,1,Step 1: SUBTLEX-UK,harpers,False,harpers
harrier,harri,ADJ,harrier,harrier,,1,Step 1: SUBTLEX-UK,harrier,False,harrier
harriers,harrier,NOUN,harriers,harriers,Noun,1,Step 1: SUBTLEX-UK,harriers,False,harriers
harries,harrie,NOUN,harries,harries,,1,Step 1: SUBTLEX-UK,harries,False,harries
Harriet's,harriet',NOUN,,,,3,Step 3: spaCy fallback,harriet',True,Harriet's
HARRISON'S,harrison',NOUN,,,,3,Step 3: spaCy fallback,harrison',True,HARRISON'S
Harry's,harry',NOUN,,,,3,Step 3: spaCy fallback,harry',True,Harry's
hartebeest,hartebe,ADJ,hartebeest,hartebeest,,1,Step 1: SUBTLEX-UK,hartebeest,False,hartebeest
harts,hart,NOUN,harts,harts,Name,1,Step 1: SUBTLEX-UK,harts,False,harts
Harvard's,harvard',NOUN,,,,3,Step 3: spaCy fallback,harvard',True,Harvard's
harvesting,harvesting,NOUN,harvesting,harvest,Verb,1,Step 1: SUBTLEX-UK,harvest,False,harvest
hassocks,hassock,NOUN,hassocks,hassocks,,1,Step 1: SUBTLEX-UK,hassocks,False,hassocks
hast,hast,PROPN,hast,have,Verb,1,Step 1: SUBTLEX-UK,have,False,have
hatchling,hatchle,VERB,hatchling,hatchling,Verb,1,Step 1: SUBTLEX-UK,hatchling,False,hatchling
hatters,hatter,NOUN,hatters,hatters,,1,Step 1: SUBTLEX-UK,hatters,False,hatters
HAUGHTON'S,haughton',NOUN,,,,3,Step 3: spaCy fallback,haughton',True,HAUGHTON'S
haulier,hauli,ADJ,haulier,haulier,,1,Step 1: SUBTLEX-UK,haulier,False,haulier
HAUMD'S,haumd's,NOUN,,,,3,Step 3: spaCy fallback,haumd's,True,HAUMD'S
haunting,haunt,VERB,haunting,haunting,Verb,1,Step 1: SUBTLEX-UK,haunting,False,haunting
HAUSMAN'S,hausman',NOUN,,,,3,Step 3: spaCy fallback,hausman',True,HAUSMAN'S
havering,havere,VERB,havering,havering,,1,Step 1: SUBTLEX-UK,havering,False,havering
havers,haver,NOUN,havers,havers,Name,1,Step 1: SUBTLEX-UK,havers,False,havers
haves,have,NOUN,haves,haves,Noun,1,Step 1: SUBTLEX-UK,haves,False,haves
HAVISHAM'S,havisham's,NOUN,,,,3,Step 3: spaCy fallback,havisham's,True,HAVISHAM'S
hawed,hawed,ADJ,hawed,haw,Verb,1,Step 1: SUBTLEX-UK,haw,False,haw
hawing,haw,VERB,hawing,hawing,Verb,1,Step 1: SUBTLEX-UK,hawing,False,hawing
hawking,hawk,VERB,hawking,hawking,Name,1,Step 1: SUBTLEX-UK,hawking,False,hawking
haws,haw,VERB,haws,haws,,1,Step 1: SUBTLEX-UK,haws,False,haws
hawthorns,hawthorn,NOUN,hawthorns,hawthorns,Noun,1,Step 1: SUBTLEX-UK,hawthorns,False,hawthorns
Haydn's,haydn's,X,,,,3,Step 3: spaCy fallback,haydn's,True,Haydn's
haymaking,haymake,VERB,haymaking,haymaking,,1,Step 1: SUBTLEX-UK,haymaking,False,haymaking
hazing,haze,VERB,hazing,hazing,Verb,1,Step 1: SUBTLEX-UK,hazing,False,hazing
headdresses,headdresse,VERB,headdresses,headdress,Noun,1,Step 1: SUBTLEX-UK,headdress,False,headdress
headier,heady,ADJ,headier,headier,,1,Step 1: SUBTLEX-UK,headier,False,headier
headiest,heady,ADJ,headiest,headiest,,1,Step 1: SUBTLEX-UK,headiest,False,headiest
headquarters,headquarter,NOUN,headquarters,headquarters,Noun,1,Step 1: SUBTLEX-UK,headquarters,False,headquarters
headrest,headr,ADJ,headrest,headrest,Adjective,1,Step 1: SUBTLEX-UK,headrest,False,headrest
healthier,healthy,ADJ,healthier,healthier,Adjective,1,Step 1: SUBTLEX-UK,healthier,False,healthier
HEARST'S,hearst',NOUN,,,,3,Step 3: spaCy fallback,hearst',True,HEARST'S
heartbreaking,heartbreake,VERB,heartbreaking,heartbreak,Adjective,1,Step 1: SUBTLEX-UK,heartbreak,False,heartbreak
heartening,heartening,PROPN,heartening,hearten,Adjective,1,Step 1: SUBTLEX-UK,hearten,False,hearten
hearting,hearte,VERB,hearting,hearting,,1,Step 1: SUBTLEX-UK,hearting,False,hearting
heartrending,heartrende,VERB,heartrending,heartrend,Adjective,1,Step 1: SUBTLEX-UK,heartrend,False,heartrend
heartstring,heartstre,VERB,heartstring,heartstrings,Adjective,1,Step 1: SUBTLEX-UK,heartstrings,False,heartstrings
heartstrings,heartstring,NOUN,heartstrings,heartstrings,Noun,1,Step 1: SUBTLEX-UK,heartstrings,False,heartstrings
heartwarming,heartwarme,VERB,heartwarming,heartwarm,Adjective,1,Step 1: SUBTLEX-UK,heartwarm,False,heartwarm
heated,heat,VERB,heated,heated,Verb,1,Step 1: SUBTLEX-UK,heated,False,heated
heating,heat,VERB,heating,heating,Noun,1,Step 1: SUBTLEX-UK,heating,False,heating
heavenwards,heavenward,NOUN,heavenwards,heavenwards,,1,Step 1: SUBTLEX-UK,heavenwards,False,heavenwards
heavier,heavy,ADJ,heavier,heavier,Adjective,1,Step 1: SUBTLEX-UK,heavier,False,heavier
heaviest,heavy,ADJ,heaviest,heaviest,Adjective,1,Step 1: SUBTLEX-UK,heaviest,False,heaviest
heckling,heckle,VERB,heckling,heckling,Verb,1,Step 1: SUBTLEX-UK,heckling,False,heckling
heftier,hefty,ADJ,heftier,heftier,Adjective,1,Step 1: SUBTLEX-UK,heftier,False,heftier
heftiest,hefty,ADJ,heftiest,heftiest,,1,Step 1: SUBTLEX-UK,heftiest,False,heftiest
HEGEL'S,hegel's,VERB,,,,3,Step 3: spaCy fallback,hegel's,True,HEGEL'S
HELION'S,helion',NOUN,,,,3,Step 3: spaCy fallback,helion',True,HELION'S
Hell's,hell',NOUN,,,,3,Step 3: spaCy fallback,hell',True,Hell's
hellos,hellos,PROPN,hellos,hello,Noun,1,Step 1: SUBTLEX-UK,hello,False,hello
hells,hell,VERB,hells,hells,Noun,1,Step 1: SUBTLEX-UK,hells,False,hells
helmeted,helmete,VERB,helmeted,helmeted,Adjective,1,Step 1: SUBTLEX-UK,helmeted,False,helmeted
helms,helm,NOUN,helms,helms,Name,1,Step 1: SUBTLEX-UK,helms,False,helms
HELSQ'IYOKOM,helsq'iyokom,NOUN,,,,3,Step 3: spaCy fallback,helsq'iyokom,True,HELSQ'IYOKOM
HEMENWAY'S,hemenway',NOUN,,,,3,Step 3: spaCy fallback,hemenway',True,HEMENWAY'S
Hemingway's,hemingway',NOUN,,,,3,Step 3: spaCy fallback,hemingway',True,Hemingway's
hemiplegia,hemiplegia,NOUN,hemiplegia,hemiplegium,Noun,1,Step 1: SUBTLEX-UK,hemiplegium,False,hemiplegium
hemming,hem,VERB,hemming,hemming,Verb,1,Step 1: SUBTLEX-UK,hemming,False,hemming
henpecked,henpecke,VERB,henpecked,henpeck,Verb,1,Step 1: SUBTLEX-UK,henpeck,False,henpeck
HENRI'S,henri's,INTJ,,,,3,Step 3: spaCy fallback,henri's,True,HENRI'S
Henrietta's,henrietta's,VERB,,,,3,Step 3: spaCy fallback,henrietta's,True,Henrietta's
Henry's,henry's,X,,,,3,Step 3: spaCy fallback,henry's,True,Henry's
her,her,PRON,her,she,Pronoun,1,Step 1: SUBTLEX-UK,she,False,she
hereabouts,hereabout,VERB,hereabouts,hereabouts,Adverb,1,Step 1: SUBTLEX-UK,hereabouts,False,hereabouts
Herman's,herman',NOUN,,,,3,Step 3: spaCy fallback,herman',True,Herman's
hermits,hermit,NOUN,hermits,hermits,Noun,1,Step 1: SUBTLEX-UK,hermits,False,hermits
heroics,heroic,NOUN,heroics,heroics,Noun,1,Step 1: SUBTLEX-UK,heroics,False,heroics
herpes,herpe,NOUN,herpes,herpes,Noun,1,Step 1: SUBTLEX-UK,herpes,False,herpes
herring,herre,VERB,herring,herr,Noun,1,Step 1: SUBTLEX-UK,herr,False,herr
HERRY'S,herry',NOUN,,,,3,Step 3: spaCy fallback,herry',True,HERRY'S
hers,her,NOUN,hers,hers,Pronoun,1,Step 1: SUBTLEX-UK,hers,False,hers
Hershey's,hershey',NOUN,,,,3,Step 3: spaCy fallback,hershey',True,Hershey's
hes,he,NOUN,hes,he,,1,Step 1: SUBTLEX-UK,he,True,hes
hest,h,ADJ,hest,hest,,1,Step 1: SUBTLEX-UK,hest,False,hest
HETMAN'S,hetman',NOUN,,,,3,Step 3: spaCy fallback,hetman',True,HETMAN'S
HETTY'S,hetty's,NOUN,,,,3,Step 3: spaCy fallback,hetty's,True,HETTY'S
hewn,hewn,VERB,hewn,hew,Adjective,1,Step 1: SUBTLEX-UK,hew,False,hew
hicks,hick,NOUN,hicks,hicks,Name,1,Step 1: SUBTLEX-UK,hicks,False,hicks
higher,high,ADJ,higher,higher,Adjective,1,Step 1: SUBTLEX-UK,higher,False,higher
highest,high,ADJ,highest,highest,Adjective,1,Step 1: SUBTLEX-UK,highest,False,highest
highflyers,highflyer,NOUN,highflyers,highflyers,,1,Step 1: SUBTLEX-UK,highflyers,False,highflyers
highflying,highflye,VERB,highflying,highflying,,1,Step 1: SUBTLEX-UK,highflying,False,highflying
highhanded,highhande,VERB,,,Adjective,2,Step 2: SUBTLEX-US + NLTK,highhanded,False,highhanded
highlanders,highlander,NOUN,highlanders,highlanders,Noun,1,Step 1: SUBTLEX-UK,highlanders,False,highlanders
highlands,highland,VERB,highlands,highlands,Noun,1,Step 1: SUBTLEX-UK,highlands,False,highlands
highnesses,highnesse,VERB,highnesses,highnesses,Noun,1,Step 1: SUBTLEX-UK,highnesses,False,highnesses
hijacking,hijacking,NOUN,hijacking,hijack,Verb,1,Step 1: SUBTLEX-UK,hijack,False,hijack
hillcrest,hillcr,ADJ,hillcrest,hillcrest,Name,1,Step 1: SUBTLEX-UK,hillcrest,False,hillcrest
HILLMAN'S,hillman',NOUN,,,,3,Step 3: spaCy fallback,hillman',True,HILLMAN'S
HILPRECHT'S,hilprecht',NOUN,,,,3,Step 3: spaCy fallback,hilprecht',True,HILPRECHT'S
HINO'S,hino's,NOUN,,,,3,Step 3: spaCy fallback,hino's,True,HINO'S
hipped,hippe,VERB,hipped,hip,Adjective,1,Step 1: SUBTLEX-UK,hip,False,hip
hipping,hippe,VERB,hipping,hip,,1,Step 1: SUBTLEX-UK,hip,False,hip
hippopotami,hippopotami,PROPN,hippopotami,hippopotamus,Noun,1,Step 1: SUBTLEX-UK,hippopotamus,False,hippopotamus
hippos,hippos,PROPN,hippos,hippo,Noun,1,Step 1: SUBTLEX-UK,hippo,False,hippo
hireling,hirele,VERB,hireling,hireling,Noun,1,Step 1: SUBTLEX-UK,hireling,False,hireling
hirer,hir,ADJ,hirer,hirer,,1,Step 1: SUBTLEX-UK,hirer,False,hirer
HIREY'S,hirey's,X,,,,3,Step 3: spaCy fallback,hirey's,True,HIREY'S
his,his,PRON,his,he,Pronoun,1,Step 1: SUBTLEX-UK,he,False,he
hispanics,hispanic,NOUN,hispanics,hispanics,Noun,1,Step 1: SUBTLEX-UK,hispanics,False,hispanics
hisses,hiss,NOUN,hisses,hisses,Verb,1,Step 1: SUBTLEX-UK,hisses,False,hisses
hissing,hiss,VERB,hissing,hissing,Verb,1,Step 1: SUBTLEX-UK,hissing,False,hissing
histories,history,NOUN,histories,histories,Noun,1,Step 1: SUBTLEX-UK,histories,False,histories
histrionics,histrionic,NOUN,histrionics,histrionics,Noun,1,Step 1: SUBTLEX-UK,histrionics,False,histrionics
Hitler's,hitler',NOUN,,,,3,Step 3: spaCy fallback,hitler',True,Hitler's
HOAG'S,hoag',NOUN,,,,3,Step 3: spaCy fallback,hoag',True,HOAG'S
hobbies,hobbie,VERB,hobbies,hobby,Noun,1,Step 1: SUBTLEX-UK,hobby,False,hobby
HOCK'S,hock',NOUN,,,,3,Step 3: spaCy fallback,hock',True,HOCK'S
hocking,hock,VERB,hocking,hocking,Verb,1,Step 1: SUBTLEX-UK,hocking,False,hocking
hoeing,hoeing,NOUN,hoeing,hoe,Verb,1,Step 1: SUBTLEX-UK,hoe,False,hoe
hogweed,hogwee,VERB,hogweed,hogweed,,1,Step 1: SUBTLEX-UK,hogweed,False,hogweed
hoi,hoi,ADV,hoi,hous,Interjection,1,Step 1: SUBTLEX-UK,hous,False,hous
HOLDEN'S,holden',NOUN,,,,3,Step 3: spaCy fallback,holden',True,HOLDEN'S
holidaymaking,holidaymake,VERB,holidaymaking,holidaymaking,,1,Step 1: SUBTLEX-UK,holidaymaking,False,holidaymaking
holier,holy,ADJ,holier,holier,Adjective,1,Step 1: SUBTLEX-UK,holier,False,holier
holiest,holy,ADJ,holiest,holiest,Adjective,1,Step 1: SUBTLEX-UK,holiest,False,holiest
Hollywood's,hollywood',NOUN,,,,3,Step 3: spaCy fallback,hollywood',True,Hollywood's
holographs,holograph,NOUN,,,Verb,2,Step 2: SUBTLEX-US + NLTK,holographs,False,holographs
holstered,holstere,VERB,holstered,holstered,Verb,1,Step 1: SUBTLEX-UK,holstered,False,holstered
HOLT'S,holt',NOUN,,,,3,Step 3: spaCy fallback,holt',True,HOLT'S
HOME'S,home's,VERB,,,,3,Step 3: spaCy fallback,home's,True,HOME'S
homebuilding,homebuilde,VERB,,,Noun,2,Step 2: SUBTLEX-US + NLTK,homebuilding,False,homebuilding
homecoming,homecome,VERB,homecoming,homecoming,Adjective,1,Step 1: SUBTLEX-UK,homecoming,False,homecoming
homelier,homely,ADJ,homelier,homelier,,1,Step 1: SUBTLEX-UK,homelier,False,homelier
homeliest,homeliest,VERB,,,Adjective,2,Step 2: SUBTLEX-US + NLTK,homely,False,homely
Homer's,homer's,X,,,,3,Step 3: spaCy fallback,homer's,True,Homer's
homewards,homeward,NOUN,homewards,homewards,,1,Step 1: SUBTLEX-UK,homewards,False,homewards
homing,home,VERB,homing,homing,Adjective,1,Step 1: SUBTLEX-UK,homing,False,homing
homonyms,homonyms,PROPN,homonyms,homonym,,1,Step 1: SUBTLEX-UK,homonym,False,homonym
homos,homos,PROPN,homos,homo,Noun,1,Step 1: SUBTLEX-UK,homo,False,homo
honeyed,honey,VERB,honeyed,honeyed,Adjective,1,Step 1: SUBTLEX-UK,honeyed,False,honeyed
honeymooning,honeymoon,VERB,honeymooning,honeymooning,Verb,1,Step 1: SUBTLEX-UK,honeymooning,False,honeymooning
honking,honking,PROPN,honking,honk,Verb,1,Step 1: SUBTLEX-UK,honk,False,honk
honks,honk,VERB,honks,honks,Verb,1,Step 1: SUBTLEX-UK,honks,False,honks
honoraria,honoraria,VERB,,,Noun,2,Step 2: SUBTLEX-US + NLTK,honorarium,False,honorarium
hooded,hood,VERB,hooded,hooded,Adjective,1,Step 1: SUBTLEX-UK,hooded,False,hooded
hoodooed,hoodooed,VERB,,,Verb,2,Step 2: SUBTLEX-US + NLTK,hoodoo,False,hoodoo
hoodwinks,hoodwink,NOUN,,,Noun,2,Step 2: SUBTLEX-US + NLTK,hoodwinks,False,hoodwinks
hoofs,hoofs,NOUN,hoofs,hoof,Noun,1,Step 1: SUBTLEX-UK,hoof,False,hoof
Horace's,horace's,X,,,,3,Step 3: spaCy fallback,horace's,True,Horace's
Horatio's,horatio',NOUN,,,,3,Step 3: spaCy fallback,horatio',True,Horatio's
horniest,horny,ADJ,horniest,horniest,Adjective,1,Step 1: SUBTLEX-UK,horniest,False,horniest
horning,horn,VERB,horning,horning,Name,1,Step 1: SUBTLEX-UK,horning,False,horning
horrifies,horrifie,NOUN,horrifies,horrify,Verb,1,Step 1: SUBTLEX-UK,horrify,False,horrify
horrifying,horrify,VERB,horrifying,horrifying,Adjective,1,Step 1: SUBTLEX-UK,horrifying,False,horrifying
hosepipes,hosepipes,PROPN,hosepipes,hosepipe,,1,Step 1: SUBTLEX-UK,hosepipe,False,hosepipe
hosier,hosi,ADJ,hosier,hosier,,1,Step 1: SUBTLEX-UK,hosier,False,hosier
hotbed,hotbe,VERB,hotbed,hotb,Noun,1,Step 1: SUBTLEX-UK,hotb,False,hotb
hotel's,hotel',NOUN,,,,3,Step 3: spaCy fallback,hotel',True,hotel's
hotheaded,hotheade,VERB,,,Verb,2,Step 2: SUBTLEX-US + NLTK,hotheaded,False,hotheaded
hotpots,hotpot,VERB,hotpots,hotpots,,1,Step 1: SUBTLEX-UK,hotpots,False,hotpots
hottest,hot,ADJ,hottest,hottest,Adjective,1,Step 1: SUBTLEX-UK,hottest,False,hottest
HOUGH'S,hough's,NOUN,,,,3,Step 3: spaCy fallback,hough's,True,HOUGH'S
HOUGHTON'S,houghton',NOUN,,,,3,Step 3: spaCy fallback,houghton',True,HOUGHTON'S
house's,house',NOUN,,,,3,Step 3: spaCy fallback,house',True,house's
housebreaking,housebreak,VERB,housebreaking,housebreaking,Verb,1,Step 1: SUBTLEX-UK,housebreaking,False,housebreaking
housecleaning,houseclean,VERB,housecleaning,housecleaning,Noun,1,Step 1: SUBTLEX-UK,housecleaning,False,housecleaning
houseguest,housegu,ADJ,houseguest,houseguest,Adjective,1,Step 1: SUBTLEX-UK,houseguest,False,houseguest
housekeeping,housekeep,VERB,housekeeping,housekeeping,Noun,1,Step 1: SUBTLEX-UK,housekeeping,False,housekeeping
houselights,houselight,NOUN,,,Noun,2,Step 2: SUBTLEX-US + NLTK,houselights,False,houselights
housetops,housetop,NOUN,housetops,housetops,Noun,1,Step 1: SUBTLEX-UK,housetops,False,housetops
housetrained,housetraine,VERB,housetrained,housetrain,,1,Step 1: SUBTLEX-UK,housetrain,False,housetrain
housewarming,housewarme,VERB,housewarming,housewarm,Adjective,1,Step 1: SUBTLEX-UK,housewarm,False,housewarm
HOUSMAN'S,housman',NOUN,,,,3,Step 3: spaCy fallback,housman',True,HOUSMAN'S
Howard's,howard's,VERB,,,,3,Step 3: spaCy fallback,howard's,True,Howard's
HOWE'S,howe's,ADV,,,,3,Step 3: spaCy fallback,howe's,True,HOWE'S
HOYLE'S,hoyle's,ADV,,,,3,Step 3: spaCy fallback,hoyle's,True,HOYLE'S
HROTHGAR'S,hrothgar's,NOUN,,,,3,Step 3: spaCy fallback,hrothgar's,True,HROTHGAR'S
Hudson's,hudson's,X,,,,3,Step 3: spaCy fallback,hudson's,True,Hudson's
huffing,huff,VERB,huffing,huffing,Verb,1,Step 1: SUBTLEX-UK,huffing,False,huffing
huffs,huff,NOUN,huffs,huffs,Verb,1,Step 1: SUBTLEX-UK,huffs,False,huffs
hugest,huge,ADJ,hugest,hugest,Adjective,1,Step 1: SUBTLEX-UK,hugest,False,hugest
humanities,humanity,NOUN,humanities,humanities,Noun,1,Step 1: SUBTLEX-UK,humanities,False,humanities
humanizing,humanize,VERB,,,Adjective,2,Step 2: SUBTLEX-US + NLTK,humanizing,False,humanizing
humbling,humble,VERB,humbling,humbling,Adjective,1,Step 1: SUBTLEX-UK,humbling,False,humbling
HUME'S,hume's,VERB,,,,3,Step 3: spaCy fallback,hume's,True,HUME'S
humidified,humidify,VERB,humidified,humidified,Adjective,1,Step 1: SUBTLEX-UK,humidified,False,humidified
humidifying,humidify,VERB,,,Adjective,2,Step 2: SUBTLEX-US + NLTK,humidifying,False,humidifying
humidors,humidor,NOUN,,,Noun,2,Step 2: SUBTLEX-US + NLTK,humidors,False,humidors
humoured,humour,VERB,humoured,humoured,Verb,1,Step 1: SUBTLEX-UK,humoured,False,humoured
humpbacked,humpbacke,VERB,humpbacked,humpbacked,Adjective,1,Step 1: SUBTLEX-UK,humpbacked,False,humpbacked
humped,hump,VERB,humped,humped,Verb,1,Step 1: SUBTLEX-UK,humped,False,humped
humping,humping,NOUN,humping,hump,Verb,1,Step 1: SUBTLEX-UK,hump,False,hump
hums,hum,NOUN,hums,hums,Verb,1,Step 1: SUBTLEX-UK,hums,False,hums
hunchbacked,hunchbacke,VERB,hunchbacked,hunchbacked,Verb,1,Step 1: SUBTLEX-UK,hunchbacked,False,hunchbacked
hunchbacks,hunchbacks,PROPN,hunchbacks,hunchback,Noun,1,Step 1: SUBTLEX-UK,hunchback,False,hunchback
hung,hung,PROPN,hung,hang,Verb,1,Step 1: SUBTLEX-UK,hang,False,hang
hungriest,hungry,ADJ,hungriest,hungriest,,1,Step 1: SUBTLEX-UK,hungriest,False,hungriest
hunkers,hunker,NOUN,hunkers,hunkers,Noun,1,Step 1: SUBTLEX-UK,hunkers,False,hunkers
huns,hun,NOUN,huns,huns,Name,1,Step 1: SUBTLEX-UK,huns,False,huns
hunter's,hunter',NOUN,,,,3,Step 3: spaCy fallback,hunter',True,hunter's
hunting,hunt,VERB,hunting,hunting,Noun,1,Step 1: SUBTLEX-UK,hunting,False,hunting
hurrahs,hurrahs,PROPN,hurrahs,hurrah,Noun,1,Step 1: SUBTLEX-UK,hurrah,False,hurrah
husbanded,husband,VERB,husbanded,husbanded,,1,Step 1: SUBTLEX-UK,husbanded,False,husbanded
husked,husk,VERB,husked,husked,,1,Step 1: SUBTLEX-UK,husked,False,husked
hussars,hussar,VERB,hussars,hussars,Noun,1,Step 1: SUBTLEX-UK,hussars,False,hussars
hussies,hussie,VERB,hussies,hussy,Noun,1,Step 1: SUBTLEX-UK,hussy,False,hussy
hustings,husting,NOUN,hustings,hustings,Noun,1,Step 1: SUBTLEX-UK,hustings,False,hustings
hustling,hustling,ADJ,hustling,hustle,Verb,1,Step 1: SUBTLEX-UK,hustle,False,hustle
hutches,hutche,VERB,hutches,hutch,Noun,1,Step 1: SUBTLEX-UK,hutch,False,hutch
hutting,hutte,VERB,hutting,hutting,,1,Step 1: SUBTLEX-UK,hutting,False,hutting
Huxley's,huxley',NOUN,,,,3,Step 3: spaCy fallback,huxley',True,Huxley's
huzzahs,huzzah,NOUN,,,Noun,2,Step 2: SUBTLEX-US + NLTK,huzzahs,False,huzzahs
HYDE'S,hyde's,ADV,,,,3,Step 3: spaCy fallback,hyde's,True,HYDE'S
hydraulics,hydraulic,NOUN,hydraulics,hydraulics,Noun,1,Step 1: SUBTLEX-UK,hydraulics,False,hydraulics
hydroponics,hydroponic,NOUN,hydroponics,hydroponics,Noun,1,Step 1: SUBTLEX-UK,hydroponics,False,hydroponics
hymen,hyman,NOUN,hymen,hymen,Noun,1,Step 1: SUBTLEX-UK,hymen,False,hymen
hyperthermia,hyperthermia,NOUN,hyperthermia,hyperthermium,Noun,1,Step 1: SUBTLEX-UK,hyperthermium,False,hyperthermium
hypertrophied,hypertrophy,VERB,,,Adjective,2,Step 2: SUBTLEX-US + NLTK,hypertrophied,False,hypertrophied
hyphenates,hyphenate,NOUN,,,Noun,2,Step 2: SUBTLEX-US + NLTK,hyphenates,False,hyphenates
hypoplasia,hypoplasia,PROPN,hypoplasia,hypoplasium,Noun,1,Step 1: SUBTLEX-UK,hypoplasium,False,hypoplasium
hypothermia,hypothermia,NOUN,hypothermia,hypothermium,Noun,1,Step 1: SUBTLEX-UK,hypothermium,False,hypothermium
hypoxia,hypoxia,NOUN,hypoxia,hypoxium,Noun,1,Step 1: SUBTLEX-UK,hypoxium,False,hypoxium
I'll,i'll,NOUN,,,,3,Step 3: spaCy fallback,i'll,True,I'll
i's,i',VERB,,,,3,Step 3: spaCy fallback,i',True,i's
I've,i've,X,,,,3,Step 3: spaCy fallback,i've,True,I've
ibises,ibise,VERB,ibises,ibis,,1,Step 1: SUBTLEX-UK,ibis,False,ibis
iced,ice,VERB,iced,iced,Adjective,1,Step 1: SUBTLEX-UK,iced,False,iced
icing,ice,VERB,icing,icing,Noun,1,Step 1: SUBTLEX-UK,icing,False,icing
idealized,idealize,VERB,idealized,idealized,Verb,1,Step 1: SUBTLEX-UK,idealized,False,idealized
identifier,identifi,ADJ,identifier,identifier,Noun,1,Step 1: SUBTLEX-UK,identifier,False,identifier
identifies,identifie,NOUN,identifies,identify,Verb,1,Step 1: SUBTLEX-UK,identify,False,identify
ides,ide,NOUN,ides,ides,Noun,1,Step 1: SUBTLEX-UK,ides,False,ides
idler,idler,ADV,,,Adjective,2,Step 2: SUBTLEX-US + NLTK,idle,False,idle
idlers,idler,NOUN,idlers,idlers,Noun,1,Step 1: SUBTLEX-UK,idlers,False,idlers
idlest,idlest,NOUN,,,Adjective,2,Step 2: SUBTLEX-US + NLTK,idle,False,idle
iguanas,iguanas,PROPN,iguanas,iguana,Noun,1,Step 1: SUBTLEX-UK,iguana,False,iguana
Ike's,ike',NOUN,,,,3,Step 3: spaCy fallback,ike',True,Ike's
illuminated,illuminated,ADJ,illuminated,illuminate,Verb,1,Step 1: SUBTLEX-UK,illuminate,False,illuminate
imagines,imago,NOUN,imagines,imagine,Verb,1,Step 1: SUBTLEX-UK,imagine,False,imagine
imaging,image,VERB,imaging,imaging,Noun,1,Step 1: SUBTLEX-UK,imaging,False,imaging
imbed,imbe,VERB,imbed,imbed,Verb,1,Step 1: SUBTLEX-UK,imbed,False,imbed
imbedded,imbedded,ADJ,imbedded,imbed,Verb,1,Step 1: SUBTLEX-UK,imbed,False,imbed
imitates,imitate,VERB,imitates,imitates,Verb,1,Step 1: SUBTLEX-UK,imitates,False,imitates
impala,impala,NOUN,impala,impalum,Noun,1,Step 1: SUBTLEX-UK,impalum,False,impalum
impalas,impala,NOUN,impalas,impalas,Noun,1,Step 1: SUBTLEX-UK,impalas,False,impalas
impassioned,impassione,VERB,impassioned,impassioned,Adjective,1,Step 1: SUBTLEX-UK,impassioned,False,impassioned
impatiens,impatien,NOUN,impatiens,impatiens,Noun,1,Step 1: SUBTLEX-UK,impatiens,False,impatiens
impedimenta,impedimenta,NOUN,impedimenta,impediment,,1,Step 1: SUBTLEX-UK,impediment,False,impediment
impending,impend,VERB,impending,impending,Adjective,1,Step 1: SUBTLEX-UK,impending,False,impending
imperilled,imperille,VERB,imperilled,imperil,Verb,1,Step 1: SUBTLEX-UK,imperil,False,imperil
imperilling,imperille,VERB,imperilling,imperil,Verb,1,Step 1: SUBTLEX-UK,imperil,False,imperil
impregnated,impregnated,ADJ,impregnated,impregnate,Verb,1,Step 1: SUBTLEX-UK,impregnate,False,impregnate
imps,imp,VERB,imps,imps,Noun,1,Step 1: SUBTLEX-UK,imps,False,imps
inbred,inbreed,VERB,inbred,inbred,Adjective,1,Step 1: SUBTLEX-UK,inbred,False,inbred
inbreeding,inbreede,VERB,inbreeding,inbreeding,Noun,1,Step 1: SUBTLEX-UK,inbreeding,False,inbreeding
incarnated,incarnated,ADJ,incarnated,incarnate,Verb,1,Step 1: SUBTLEX-UK,incarnate,False,incarnate
incinerates,incinerate,VERB,,,Noun,2,Step 2: SUBTLEX-US + NLTK,incinerates,False,incinerates
incising,incise,VERB,incising,incising,Verb,1,Step 1: SUBTLEX-UK,incising,False,incising
incubi,incubi,ADV,,,Noun,2,Step 2: SUBTLEX-US + NLTK,incubus,False,incubus
incurables,incurable,NOUN,incurables,incurables,Noun,1,Step 1: SUBTLEX-UK,incurables,False,incurables
indented,indent,VERB,indented,indented,Verb,1,Step 1: SUBTLEX-UK,indented,False,indented
indentured,indenture,VERB,indentured,indentured,Adjective,1,Step 1: SUBTLEX-UK,indentured,False,indentured
India's,india's,VERB,,,,3,Step 3: spaCy fallback,india's,True,India's
Indian's,indian',NOUN,,,,3,Step 3: spaCy fallback,indian',True,Indian's
Indiana's,indiana's,X,,,,3,Step 3: spaCy fallback,indiana's,True,Indiana's
indians,indian,NOUN,indians,indians,Noun,1,Step 1: SUBTLEX-UK,indians,False,indians
indicia,indicia,NOUN,indicia,indicium,,1,Step 1: SUBTLEX-UK,indicium,False,indicium
indies,indie,NOUN,indies,indies,Noun,1,Step 1: SUBTLEX-UK,indies,False,indies
individual's,individual',NOUN,,,,3,Step 3: spaCy fallback,individual',True,individual's
indri,indri,PROPN,indri,indrus,,1,Step 1: SUBTLEX-UK,indrus,False,indrus
industrialized,industrialize,VERB,industrialized,industrialized,Adjective,1,Step 1: SUBTLEX-UK,industrialized,False,industrialized
inebriated,inebriate,VERB,inebriated,inebriated,Adjective,1,Step 1: SUBTLEX-UK,inebriated,False,inebriated
inebriating,inebriate,VERB,,,Adjective,2,Step 2: SUBTLEX-US + NLTK,inebriating,False,inebriating
infected,infect,VERB,infected,infected,Verb,1,Step 1: SUBTLEX-UK,infected,False,infected
infested,infest,VERB,infested,infested,Verb,1,Step 1: SUBTLEX-UK,infested,False,infested
infighting,infighte,VERB,infighting,infighting,Noun,1,Step 1: SUBTLEX-UK,infighting,False,infighting
infilling,infille,VERB,infilling,infil,,1,Step 1: SUBTLEX-UK,infil,False,infil
infirmities,infirmitie,VERB,infirmities,infirmity,Noun,1,Step 1: SUBTLEX-UK,infirmity,False,infirmity
infrared,infrare,VERB,infrared,infrared,Adjective,1,Step 1: SUBTLEX-UK,infrared,False,infrared
INGLESIDE'S,ingleside's,NOUN,,,,3,Step 3: spaCy fallback,ingleside's,True,INGLESIDE'S
ingoing,ingoe,VERB,ingoing,ingo,,1,Step 1: SUBTLEX-UK,ingo,False,ingo
ingrowing,ingrowe,VERB,ingrowing,ingrowing,,1,Step 1: SUBTLEX-UK,ingrowing,False,ingrowing
inhales,inhale,NOUN,inhales,inhales,Verb,1,Step 1: SUBTLEX-UK,inhales,False,inhales
INJUN'S,injun',NOUN,,,,3,Step 3: spaCy fallback,injun',True,INJUN'S
inking,ink,VERB,inking,inking,,1,Step 1: SUBTLEX-UK,inking,False,inking
inkling,inkle,VERB,inkling,inkling,Noun,1,Step 1: SUBTLEX-UK,inkling,False,inkling
inlaid,inlay,VERB,inlaid,inlaid,Adjective,1,Step 1: SUBTLEX-UK,inlaid,False,inlaid
innards,innard,NOUN,innards,innards,Noun,1,Step 1: SUBTLEX-UK,innards,False,innards
innerspring,innerspre,VERB,,,Adjective,2,Step 2: SUBTLEX-US + NLTK,innerspring,False,innerspring
inning,inne,VERB,inning,inning,Noun,1,Step 1: SUBTLEX-UK,inning,False,inning
innings,innings,PROPN,innings,inning,Noun,1,Step 1: SUBTLEX-UK,inning,False,inning
inspiring,inspire,VERB,inspiring,inspiring,Adjective,1,Step 1: SUBTLEX-UK,inspiring,False,inspiring
installed,instal,VERB,installed,install,Verb,1,Step 1: SUBTLEX-UK,install,False,install
installing,instal,VERB,installing,install,Verb,1,Step 1: SUBTLEX-UK,install,False,install
INSTANT'S,instant',NOUN,,,,3,Step 3: spaCy fallback,instant',True,INSTANT'S
instilled,instill,VERB,instilled,instil,Verb,1,Step 1: SUBTLEX-UK,instil,False,instil
instilling,instill,VERB,instilling,instil,Verb,1,Step 1: SUBTLEX-UK,instil,False,instil
insula,insula,PROPN,insula,insulum,,1,Step 1: SUBTLEX-UK,insulum,False,insulum
insulting,insult,VERB,insulting,insulting,Adjective,1,Step 1: SUBTLEX-UK,insulting,False,insulting
intensifier,intensifi,ADJ,intensifier,intensifier,Noun,1,Step 1: SUBTLEX-UK,intensifier,False,intensifier
intensifies,intensifie,NOUN,intensifies,intensify,Verb,1,Step 1: SUBTLEX-UK,intensify,False,intensify
intentioned,intentione,VERB,intentioned,intentioned,Adjective,1,Step 1: SUBTLEX-UK,intentioned,False,intentioned
interbreed,interbree,VERB,interbreed,interbreed,,1,Step 1: SUBTLEX-UK,interbreed,False,interbreed
interchanging,interchange,VERB,interchanging,interchanging,Verb,1,Step 1: SUBTLEX-UK,interchanging,False,interchanging
interlaced,interlace,VERB,interlaced,interlaced,Verb,1,Step 1: SUBTLEX-UK,interlaced,False,interlaced
interlinked,interlink,VERB,interlinked,interlinked,Verb,1,Step 1: SUBTLEX-UK,interlinked,False,interlinked
interlocked,interlocked,VERB,interlocked,interlock,Verb,1,Step 1: SUBTLEX-UK,interlock,False,interlock
INTERNIST'S,internist',NOUN,,,,3,Step 3: spaCy fallback,internist',True,INTERNIST'S
interpolating,interpolate,VERB,,,Adjective,2,Step 2: SUBTLEX-US + NLTK,interpolating,False,interpolating
interrelated,interrelate,VERB,interrelated,interrelated,Adjective,1,Step 1: SUBTLEX-UK,interrelated,False,interrelated
interrelationships,interrelationships,PROPN,interrelationships,interrelationship,Noun,1,Step 1: SUBTLEX-UK,interrelationship,False,interrelationship
interspecies,interspecie,NOUN,,,Noun,2,Step 2: SUBTLEX-US + NLTK,interspecies,False,interspecies
intoed,intoed,PROPN,intoed,intoe,,1,Step 1: SUBTLEX-UK,intoe,False,intoe
introverted,introvert,VERB,introverted,introverted,Verb,1,Step 1: SUBTLEX-UK,introverted,False,introverted
inventoried,inventoried,ADJ,inventoried,inventory,Verb,1,Step 1: SUBTLEX-UK,inventory,False,inventory
inverted,invert,VERB,inverted,inverted,Adjective,1,Step 1: SUBTLEX-UK,inverted,False,inverted
invitees,invite,VERB,invitees,invitee,Noun,1,Step 1: SUBTLEX-UK,invitee,False,invitee
invoicing,invoice,VERB,invoicing,invoicing,,1,Step 1: SUBTLEX-UK,invoicing,False,invoicing
inwards,inward,NOUN,inwards,inwards,Adverb,1,Step 1: SUBTLEX-UK,inwards,False,inwards
iranians,iranian,NOUN,iranians,iranians,Noun,1,Step 1: SUBTLEX-UK,iranians,False,iranians
Ireland's,ireland',NOUN,,,,3,Step 3: spaCy fallback,ireland',True,Ireland's
ironworking,ironworke,VERB,ironworking,ironworking,,1,Step 1: SUBTLEX-UK,ironworking,False,ironworking
irradiated,irradiate,VERB,irradiated,irradiated,Verb,1,Step 1: SUBTLEX-UK,irradiated,False,irradiated
irregulars,irregular,VERB,irregulars,irregulars,Noun,1,Step 1: SUBTLEX-UK,irregulars,False,irregulars
Islam's,islam',NOUN,,,,3,Step 3: spaCy fallback,islam',True,Islam's
islamists,islamist,NOUN,islamists,islamists,,1,Step 1: SUBTLEX-UK,islamists,False,islamists
island's,island',NOUN,,,,3,Step 3: spaCy fallback,island',True,island's
isles,isle,NOUN,isles,isles,Noun,1,Step 1: SUBTLEX-UK,isles,False,isles
isosceles,isoscele,NOUN,isosceles,isosceles,Noun,1,Step 1: SUBTLEX-UK,isosceles,False,isosceles
Israel's,israel',NOUN,,,,3,Step 3: spaCy fallback,israel',True,Israel's
israelites,israelite,NOUN,israelites,israelites,,1,Step 1: SUBTLEX-UK,israelites,False,israelites
ISTIQLAL'S,istiqlal's,VERB,,,,3,Step 3: spaCy fallback,istiqlal's,True,ISTIQLAL'S
it's,it',NOUN,,,,3,Step 3: spaCy fallback,it',True,it's
italians,italian,NOUN,italians,italians,Noun,1,Step 1: SUBTLEX-UK,italians,False,italians
italics,italic,NOUN,italics,italics,Noun,1,Step 1: SUBTLEX-UK,italics,False,italics
Italy's,italy',NOUN,,,,3,Step 3: spaCy fallback,italy',True,Italy's
itemized,itemize,VERB,,,Adjective,2,Step 2: SUBTLEX-US + NLTK,itemized,False,itemized
IZAAK'S,izaak',NOUN,,,,3,Step 3: spaCy fallback,izaak',True,IZAAK'S
J'AI,j'ai,X,,,,3,Step 3: spaCy fallback,j'ai,True,J'AI
jabbed,jabbed,PROPN,jabbed,jab,Verb,1,Step 1: SUBTLEX-UK,jab,False,jab
jabbers,jabber,NOUN,jabbers,jabbers,,1,Step 1: SUBTLEX-UK,jabbers,False,jabbers
Jack's,jack's,CCONJ,,,,3,Step 3: spaCy fallback,jack's,True,Jack's
jackanapes,jackanape,NOUN,jackanapes,jackanapes,Noun,1,Step 1: SUBTLEX-UK,jackanapes,False,jackanapes
jackasses,jackasse,VERB,jackasses,jackass,Noun,1,Step 1: SUBTLEX-UK,jackass,False,jackass
Jackie's,jackie',NOUN,,,,3,Step 3: spaCy fallback,jackie',True,Jackie's
jacks,jack,NOUN,jacks,jacks,Noun,1,Step 1: SUBTLEX-UK,jacks,False,jacks
Jackson's,jackson',NOUN,,,,3,Step 3: spaCy fallback,jackson',True,Jackson's
JACOBY'S,jacoby's,NOUN,,,,3,Step 3: spaCy fallback,jacoby's,True,JACOBY'S
JACQUELYN'S,jacquelyn',NOUN,,,,3,Step 3: spaCy fallback,jacquelyn',True,JACQUELYN'S
jaded,jade,VERB,jaded,jaded,Adjective,1,Step 1: SUBTLEX-UK,jaded,False,jaded
jagged,jag,VERB,jagged,jagged,Adjective,1,Step 1: SUBTLEX-UK,jagged,False,jagged
jakes,jake,NOUN,jakes,jakes,Name,1,Step 1: SUBTLEX-UK,jakes,False,jakes
James's,james',NOUN,,,,3,Step 3: spaCy fallback,james',True,James's
Jane's,jane',NOUN,,,,3,Step 3: spaCy fallback,jane',True,Jane's
jangles,jangle,NOUN,jangles,jangles,Verb,1,Step 1: SUBTLEX-UK,jangles,False,jangles
janissaries,janissary,NOUN,janissaries,janissaries,,1,Step 1: SUBTLEX-UK,janissaries,False,janissaries
janitor's,janitor',NOUN,,,,3,Step 3: spaCy fallback,janitor',True,janitor's
JANNEQUIN'S,jannequin',NOUN,,,,3,Step 3: spaCy fallback,jannequin',True,JANNEQUIN'S
January's,january's,X,,,,3,Step 3: spaCy fallback,january's,True,January's
japanned,japan,VERB,japanned,japanned,,1,Step 1: SUBTLEX-UK,japanned,False,japanned
japing,jape,VERB,japing,jap,,1,Step 1: SUBTLEX-UK,jap,False,jap
jared,jar,VERB,jared,jared,,1,Step 1: SUBTLEX-UK,jared,False,jared
jaundiced,jaundice,VERB,jaundiced,jaundiced,Adjective,1,Step 1: SUBTLEX-UK,jaundiced,False,jaundiced
jays,jay,NOUN,jays,jays,Noun,1,Step 1: SUBTLEX-UK,jays,False,jays
jeans,jean,NOUN,jeans,jeans,Noun,1,Step 1: SUBTLEX-UK,jeans,False,jeans
jeepers,jeeper,NOUN,jeepers,jeepers,Noun,1,Step 1: SUBTLEX-UK,jeepers,False,jeepers
Jefferson's,jefferson',NOUN,,,,3,Step 3: spaCy fallback,jefferson',True,Jefferson's
Jehovah's,jehovah's,X,,,,3,Step 3: spaCy fallback,jehovah's,True,Jehovah's
jellied,jelly,VERB,jellied,jellied,Adjective,1,Step 1: SUBTLEX-UK,jellied,False,jellied
JELLINEK'S,jellinek',NOUN,,,,3,Step 3: spaCy fallback,jellinek',True,JELLINEK'S
Jennie's,jennie',NOUN,,,,3,Step 3: spaCy fallback,jennie',True,Jennie's
Jenny's,jenny's,X,,,,3,Step 3: spaCy fallback,jenny's,True,Jenny's
jerries,jerrie,VERB,jerries,jerries,Name,1,Step 1: SUBTLEX-UK,jerries,False,jerries
Jerry's,jerry',NOUN,,,,3,Step 3: spaCy fallback,jerry',True,Jerry's
jersey's,jersey',NOUN,,,,3,Step 3: spaCy fallback,jersey',True,jersey's
Jessica's,jessica',NOUN,,,,3,Step 3: spaCy fallback,jessica',True,Jessica's
Jesus's,jesus's,X,,,,3,Step 3: spaCy fallback,jesus's,True,Jesus's
jetski,jetski,PROPN,jetski,jetskus,,1,Step 1: SUBTLEX-UK,jetskus,False,jetskus
jewelling,jewel,VERB,jewelling,jewelling,,1,Step 1: SUBTLEX-UK,jewelling,False,jewelling
jibbed,jibbed,PROPN,jibbed,jib,,1,Step 1: SUBTLEX-UK,jib,False,jib
jiggered,jiggere,VERB,jiggered,jigger,Verb,1,Step 1: SUBTLEX-UK,jigger,False,jigger
jiggliest,jiggli,ADJ,jiggliest,jiggliest,,1,Step 1: SUBTLEX-UK,jiggliest,False,jiggliest
Jim's,jim's,X,,,,3,Step 3: spaCy fallback,jim's,True,Jim's
jimjams,jimjam,NOUN,jimjams,jimjams,Noun,1,Step 1: SUBTLEX-UK,jimjams,False,jimjams
jingles,jingle,NOUN,jingles,jingles,Noun,1,Step 1: SUBTLEX-UK,jingles,False,jingles
jinks,jink,VERB,jinks,jinks,Noun,1,Step 1: SUBTLEX-UK,jinks,False,jinks
jinxed,jinxed,ADJ,jinxed,jinx,Verb,1,Step 1: SUBTLEX-UK,jinx,False,jinx
jitters,jitter,NOUN,jitters,jitters,Noun,1,Step 1: SUBTLEX-UK,jitters,False,jitters
jockeys,jockeys,PROPN,jockeys,jockey,Noun,1,Step 1: SUBTLEX-UK,jockey,False,jockey
jodhpurs,jodhpur,NOUN,jodhpurs,jodhpurs,Noun,1,Step 1: SUBTLEX-UK,jodhpurs,False,jodhpurs
jogging,jog,VERB,jogging,jogging,Verb,1,Step 1: SUBTLEX-UK,jogging,False,jogging
joggling,joggle,VERB,joggling,joggling,,1,Step 1: SUBTLEX-UK,joggling,False,joggling
John's,john's,VERB,,,,3,Step 3: spaCy fallback,john's,True,John's
JOHNNIE'S,johnnie's,ADJ,,,,3,Step 3: spaCy fallback,johnnie's,True,JOHNNIE'S
JOHNSON'S,johnson',NOUN,,,,3,Step 3: spaCy fallback,johnson',True,JOHNSON'S
jointing,joint,VERB,jointing,jointing,,1,Step 1: SUBTLEX-UK,jointing,False,jointing
jollies,jolly,NOUN,jollies,jollies,Verb,1,Step 1: SUBTLEX-UK,jollies,False,jollies
jolliest,jolly,ADJ,jolliest,jolliest,Adjective,1,Step 1: SUBTLEX-UK,jolliest,False,jolliest
Jonathan's,jonathan',NOUN,,,,3,Step 3: spaCy fallback,jonathan',True,Jonathan's
JONES'S,jones',NOUN,,,,3,Step 3: spaCy fallback,jones',True,JONES'S
Joseph's,joseph's,X,,,,3,Step 3: spaCy fallback,joseph's,True,Joseph's
Juanita's,juanita's,X,,,,3,Step 3: spaCy fallback,juanita's,True,Juanita's
jubilees,jubilee,NOUN,jubilees,jubilees,,1,Step 1: SUBTLEX-UK,jubilees,False,jubilees
judas,juda,NOUN,judas,judas,Name,1,Step 1: SUBTLEX-UK,judas,False,judas
JUET'S,juet',NOUN,,,,3,Step 3: spaCy fallback,juet',True,JUET'S
juggins,juggin,NOUN,juggins,juggins,,1,Step 1: SUBTLEX-UK,juggins,False,juggins
juggling,juggle,VERB,juggling,juggling,Verb,1,Step 1: SUBTLEX-UK,juggling,False,juggling
juicing,juicing,ADJ,juicing,juice,Verb,1,Step 1: SUBTLEX-UK,juice,False,juice
junes,june,NOUN,junes,junes,,1,Step 1: SUBTLEX-UK,junes,False,junes
jungliest,jungli,ADJ,jungliest,jungliest,,1,Step 1: SUBTLEX-UK,jungliest,False,jungliest
jus,ju,VERB,jus,jus,Noun,1,Step 1: SUBTLEX-UK,jus,False,jus
justified,justify,VERB,justified,justified,Verb,1,Step 1: SUBTLEX-UK,justified,False,justified
justifies,justifie,NOUN,justifies,justify,Verb,1,Step 1: SUBTLEX-UK,justify,False,justify
kaisers,kaiser,NOUN,kaisers,kaisers,Noun,1,Step 1: SUBTLEX-UK,kaisers,False,kaisers
karting,karte,VERB,karting,kart,Verb,1,Step 1: SUBTLEX-UK,kart,False,kart
kata,kata,PROPN,kata,ka,,1,Step 1: SUBTLEX-UK,ka,False,ka
Kate's,kate's,ADP,,,,3,Step 3: spaCy fallback,kate's,True,Kate's
KATHARINE'S,katharine's,ADV,,,,3,Step 3: spaCy fallback,katharine's,True,KATHARINE'S
Katherine's,katherine',NOUN,,,,3,Step 3: spaCy fallback,katherine',True,Katherine's
Katie's,katie',NOUN,,,,3,Step 3: spaCy fallback,katie',True,Katie's
kauri,kauri,PROPN,kauri,kaurus,,1,Step 1: SUBTLEX-UK,kaurus,False,kaurus
KEATING'S,keating',NOUN,,,,3,Step 3: spaCy fallback,keating',True,KEATING'S
ked,ke,VERB,ked,ked,,1,Step 1: SUBTLEX-UK,ked,False,ked
keelhauled,keelhaule,VERB,keelhauled,keelhaul,Verb,1,Step 1: SUBTLEX-UK,keelhaul,False,keelhaul
keelhauling,keelhaule,VERB,keelhauling,keelhaul,,1,Step 1: SUBTLEX-UK,keelhaul,False,keelhaul
keens,keen,NOUN,keens,keens,Verb,1,Step 1: SUBTLEX-UK,keens,False,keens
Keith's,keith's,X,,,,3,Step 3: spaCy fallback,keith's,True,Keith's
kelvins,kelvin,VERB,kelvins,kelvins,,1,Step 1: SUBTLEX-UK,kelvins,False,kelvins
KENNAN'S,kennan',NOUN,,,,3,Step 3: spaCy fallback,kennan',True,KENNAN'S
Kennedy's,kennedy',NOUN,,,,3,Step 3: spaCy fallback,kennedy',True,Kennedy's
kenning,ken,VERB,kenning,kenning,,1,Step 1: SUBTLEX-UK,kenning,False,kenning
kenyans,kenyan,NOUN,kenyans,kenyans,,1,Step 1: SUBTLEX-UK,kenyans,False,kenyans
khans,khan,NOUN,khans,khans,,1,Step 1: SUBTLEX-UK,khans,False,khans
kickboxing,kickboxing,NOUN,kickboxing,kickbox,Verb,1,Step 1: SUBTLEX-UK,kickbox,False,kickbox
kid's,kid',NOUN,,,,3,Step 3: spaCy fallback,kid',True,kid's
kiddies,kiddy,NOUN,kiddies,kiddie,Noun,1,Step 1: SUBTLEX-UK,kiddie,False,kiddie
kidnapping,kidnap,VERB,kidnapping,kidnapping,Noun,1,Step 1: SUBTLEX-UK,kidnapping,False,kidnapping
killers,killers,PROPN,killers,killer,Noun,1,Step 1: SUBTLEX-UK,killer,False,killer
kindest,kind,ADJ,kindest,kindest,Adjective,1,Step 1: SUBTLEX-UK,kindest,False,kindest
kindhearted,kindhearte,VERB,,,Adjective,2,Step 2: SUBTLEX-US + NLTK,kindhearted,False,kindhearted
kindles,kindle,NOUN,kindles,kindles,Verb,1,Step 1: SUBTLEX-UK,kindles,False,kindles
kindlier,kindlier,PROPN,,,Adjective,2,Step 2: SUBTLEX-US + NLTK,kindly,False,kindly
kindling,kindle,VERB,kindling,kindling,Noun,1,Step 1: SUBTLEX-UK,kindling,False,kindling
kindred,kindre,VERB,kindred,kindred,Adjective,1,Step 1: SUBTLEX-UK,kindred,False,kindred
kinetics,kinetic,NOUN,kinetics,kinetics,Noun,1,Step 1: SUBTLEX-UK,kinetics,False,kinetics
KING'S,king',NOUN,,,,3,Step 3: spaCy fallback,king',True,KING'S
kinked,kink,VERB,kinked,kinked,Verb,1,Step 1: SUBTLEX-UK,kinked,False,kinked
kinks,kink,NOUN,kinks,kinks,Noun,1,Step 1: SUBTLEX-UK,kinks,False,kinks
KIPLING'S,kipling',NOUN,,,,3,Step 3: spaCy fallback,kipling',True,KIPLING'S
KIROV'S,kirov's,X,,,,3,Step 3: spaCy fallback,kirov's,True,KIROV'S
kittles,kittle,NOUN,,,Noun,2,Step 2: SUBTLEX-US + NLTK,kittles,False,kittles
kitty's,kitty',NOUN,,,,3,Step 3: spaCy fallback,kitty',True,kitty's
klaxons,klaxon,NOUN,klaxons,klaxons,Noun,1,Step 1: SUBTLEX-UK,klaxons,False,klaxons
knackered,knackere,VERB,knackered,knacker,Adjective,1,Step 1: SUBTLEX-UK,knacker,False,knacker
knapping,knap,VERB,knapping,knapping,,1,Step 1: SUBTLEX-UK,knapping,False,knapping
kneeing,kneee,VERB,kneeing,knee,Verb,1,Step 1: SUBTLEX-UK,knee,False,knee
knelt,knelt,VERB,knelt,kneel,Verb,1,Step 1: SUBTLEX-UK,kneel,False,kneel
knickerbockers,knickerbocker,NOUN,knickerbockers,knickerbockers,Noun,1,Step 1: SUBTLEX-UK,knickerbockers,False,knickerbockers
knickers,knicker,NOUN,knickers,knickers,Noun,1,Step 1: SUBTLEX-UK,knickers,False,knickers
knicks,knick,NOUN,knicks,knicks,,1,Step 1: SUBTLEX-UK,knicks,False,knicks
knighting,knight,VERB,knighting,knighting,Verb,1,Step 1: SUBTLEX-UK,knighting,False,knighting
knitting,knitting,NOUN,knitting,knit,Noun,1,Step 1: SUBTLEX-UK,knit,False,knit
knobbliest,knobbli,ADJ,knobbliest,knobbliest,,1,Step 1: SUBTLEX-UK,knobbliest,False,knobbliest
knocks,knocks,PROPN,knocks,knock,Noun,1,Step 1: SUBTLEX-UK,knock,False,knock
KNOWLTON'S,knowlton',NOUN,,,,3,Step 3: spaCy fallback,knowlton',True,KNOWLTON'S
knurled,knurle,VERB,,,Adjective,2,Step 2: SUBTLEX-US + NLTK,knurled,False,knurled
KO'ing,ko,VERB,,,,3,Step 3: spaCy fallback,ko,True,KO'ing
KO's,ko',NOUN,,,,3,Step 3: spaCy fallback,ko',True,KO's
koreans,korean,NOUN,koreans,koreans,Noun,1,Step 1: SUBTLEX-UK,koreans,False,koreans
krauts,kraut,VERB,krauts,krauts,Noun,1,Step 1: SUBTLEX-UK,krauts,False,krauts
KREMLIN'S,kremlin',NOUN,,,,3,Step 3: spaCy fallback,kremlin',True,KREMLIN'S
KRIM'S,krim's,NOUN,,,,3,Step 3: spaCy fallback,krim's,True,KRIM'S
krispies,krispie,VERB,krispies,krispies,Noun,1,Step 1: SUBTLEX-UK,krispies,False,krispies
kroner,kroner,NOUN,kroner,krone,,1,Step 1: SUBTLEX-UK,krone,False,krone
KSU'U'PELI'AFO,ksu'u'peli'afo,X,,,,3,Step 3: spaCy fallback,ksu'u'peli'afo,True,KSU'U'PELI'AFO
kudos,kudo,NOUN,kudos,kudos,Noun,1,Step 1: SUBTLEX-UK,kudos,False,kudos
KUNKEL'S,kunkel's,X,,,,3,Step 3: spaCy fallback,kunkel's,True,KUNKEL'S
kurds,kurd,NOUN,kurds,kurds,,1,Step 1: SUBTLEX-UK,kurds,False,kurds
L'ACTIVITE,l'activite,NOUN,,,,3,Step 3: spaCy fallback,l'activite,True,L'ACTIVITE
L'IDENTITE,l'identite,NOUN,,,,3,Step 3: spaCy fallback,l'identite,True,L'IDENTITE
labelling,label,VERB,labelling,labelling,Verb,1,Step 1: SUBTLEX-UK,labelling,False,labelling
labia,labia,PROPN,labia,labium,Noun,1,Step 1: SUBTLEX-UK,labium,False,labium
laborsaving,laborsave,VERB,,,Adjective,2,Step 2: SUBTLEX-US + NLTK,laborsaving,False,laborsaving
laburnums,laburnum,NOUN,laburnums,laburnums,,1,Step 1: SUBTLEX-UK,laburnums,False,laburnums
lacewing,lacewe,VERB,lacewing,lacew,,1,Step 1: SUBTLEX-UK,lacew,False,lacew
lacquered,lacquer,VERB,lacquered,lacquered,Verb,1,Step 1: SUBTLEX-UK,lacquered,False,lacquered
lacquering,lacquer,VERB,lacquering,lacquering,,1,Step 1: SUBTLEX-UK,lacquering,False,lacquering
lactated,lactate,VERB,,,Adjective,2,Step 2: SUBTLEX-US + NLTK,lactated,False,lactated
lad's,lad',NOUN,,,,3,Step 3: spaCy fallback,lad',True,lad's
laddered,ladder,VERB,laddered,laddered,Verb,1,Step 1: SUBTLEX-UK,laddered,False,laddered
laddering,ladder,VERB,laddering,laddering,Noun,1,Step 1: SUBTLEX-UK,laddering,False,laddering
lades,lade,NOUN,,,Noun,2,Step 2: SUBTLEX-US + NLTK,lades,False,lades
lading,lade,VERB,lading,lading,Noun,1,Step 1: SUBTLEX-UK,lading,False,lading
ladling,ladling,NOUN,ladling,ladle,Verb,1,Step 1: SUBTLEX-UK,ladle,False,ladle
ladyships,ladyships,PROPN,ladyships,ladyship,,1,Step 1: SUBTLEX-UK,ladyship,False,ladyship
LAGRANGE'S,lagrange's,ADV,,,,3,Step 3: spaCy fallback,lagrange's,True,LAGRANGE'S
lain,lain,VERB,lain,lie,Verb,1,Step 1: SUBTLEX-UK,lie,False,lie
LALAURIE'S,lalaurie',NOUN,,,,3,Step 3: spaCy fallback,lalaurie',True,LALAURIE'S
lamas,lama,NOUN,lamas,lamas,Noun,1,Step 1: SUBTLEX-UK,lamas,False,lamas
lambasted,lambaste,VERB,lambasted,lambast,Verb,1,Step 1: SUBTLEX-UK,lambast,False,lambast
lambasting,lambaste,VERB,lambasting,lambast,Verb,1,Step 1: SUBTLEX-UK,lambast,False,lambast
lames,lame,VERB,,,Verb,2,Step 2: SUBTLEX-US + NLTK,lam,False,lam
lamest,lame,ADJ,lamest,lamest,Adjective,1,Step 1: SUBTLEX-UK,lamest,False,lamest
laming,lame,VERB,laming,laming,,1,Step 1: SUBTLEX-UK,laming,False,laming
lammas,lamma,NOUN,lammas,lammas,Name,1,Step 1: SUBTLEX-UK,lammas,False,lammas
lamming,lam,VERB,lamming,lamming,,1,Step 1: SUBTLEX-UK,lamming,False,lamming
lamping,lampe,VERB,lamping,lamp,Verb,1,Step 1: SUBTLEX-UK,lamp,False,lamp
lancers,lancer,NOUN,lancers,lancers,Noun,1,Step 1: SUBTLEX-UK,lancers,False,lancers
landaus,landaus,VERB,landaus,landau,,1,Step 1: SUBTLEX-UK,landau,False,landau
landholding,landholde,VERB,landholding,landholding,,1,Step 1: SUBTLEX-UK,landholding,False,landholding
landing,land,VERB,landing,landing,Noun,1,Step 1: SUBTLEX-UK,landing,False,landing
landlocked,landlocke,VERB,landlocked,landlocked,Verb,1,Step 1: SUBTLEX-UK,landlocked,False,landlocked
LANDLORD'S,landlord's,ADV,,,,3,Step 3: spaCy fallback,landlord's,True,LANDLORD'S
landowning,landowne,VERB,landowning,landowning,,1,Step 1: SUBTLEX-UK,landowning,False,landowning
landscaped,landscape,VERB,landscaped,landscaped,Adjective,1,Step 1: SUBTLEX-UK,landscaped,False,landscaped
landscaping,landscape,VERB,landscaping,landscaping,Noun,1,Step 1: SUBTLEX-UK,landscaping,False,landscaping
landsmen,landsman,NOUN,landsmen,landsmen,Noun,1,Step 1: SUBTLEX-UK,landsmen,False,landsmen
LANIN'S,lanin',NOUN,,,,3,Step 3: spaCy fallback,lanin',True,LANIN'S
laos,lao,NOUN,laos,laos,Name,1,Step 1: SUBTLEX-UK,laos,False,laos
lapwing,lapwe,VERB,lapwing,lapwing,Noun,1,Step 1: SUBTLEX-UK,lapwing,False,lapwing
larger,large,ADJ,larger,larger,Adjective,1,Step 1: SUBTLEX-UK,larger,False,larger
largest,large,ADJ,largest,largest,Adjective,1,Step 1: SUBTLEX-UK,largest,False,largest
LARKIN'S,larkin',NOUN,,,,3,Step 3: spaCy fallback,larkin',True,LARKIN'S
LARSON'S,larson',NOUN,,,,3,Step 3: spaCy fallback,larson',True,LARSON'S
larvae,larvae,PROPN,larvae,larva,Noun,1,Step 1: SUBTLEX-UK,larva,False,larva
lasses,lasse,VERB,lasses,lass,Noun,1,Step 1: SUBTLEX-UK,lass,False,lass
lasting,last,VERB,lasting,lasting,Adjective,1,Step 1: SUBTLEX-UK,lasting,False,lasting
latest,late,ADJ,latest,latest,Adjective,1,Step 1: SUBTLEX-UK,latest,False,latest
lathing,lathe,VERB,lathing,lathing,,1,Step 1: SUBTLEX-UK,lathing,False,lathing
latinos,latino,NOUN,latinos,latinos,Noun,1,Step 1: SUBTLEX-UK,latinos,False,latinos
latins,latin,NOUN,latins,latins,Noun,1,Step 1: SUBTLEX-UK,latins,False,latins
latrines,latrines,PROPN,latrines,latrine,Noun,1,Step 1: SUBTLEX-UK,latrine,False,latrine
LATTER'S,latter's,NOUN,,,,3,Step 3: spaCy fallback,latter's,True,LATTER'S
LATTIMER'S,lattimer',NOUN,,,,3,Step 3: spaCy fallback,lattimer',True,LATTIMER'S
lauds,laud,NOUN,,,Noun,2,Step 2: SUBTLEX-US + NLTK,lauds,False,lauds
laundering,launder,VERB,laundering,laundering,Noun,1,Step 1: SUBTLEX-UK,laundering,False,laundering
laureates,laureate,NOUN,laureates,laureates,Noun,1,Step 1: SUBTLEX-UK,laureates,False,laureates
lavs,lavs,ADJ,lavs,lav,,1,Step 1: SUBTLEX-UK,lav,False,lav
lawbreaking,lawbreake,VERB,lawbreaking,lawbreaking,Noun,1,Step 1: SUBTLEX-UK,lawbreaking,False,lawbreaking
LAWMAN'S,lawman',NOUN,,,,3,Step 3: spaCy fallback,lawman',True,LAWMAN'S
Lawrence's,lawrence',NOUN,,,,3,Step 3: spaCy fallback,lawrence',True,Lawrence's
lazuli,lazuli,PROPN,lazuli,lazulus,,1,Step 1: SUBTLEX-UK,lazulus,False,lazulus
leaded,lead,VERB,leaded,leaded,Adjective,1,Step 1: SUBTLEX-UK,leaded,False,leaded
leafier,leafy,ADJ,leafier,leafier,,1,Step 1: SUBTLEX-UK,leafier,False,leafier
leafiest,leafy,ADJ,leafiest,leafiest,,1,Step 1: SUBTLEX-UK,leafiest,False,leafiest
leafs,leafs,NOUN,leafs,leaf,Noun,1,Step 1: SUBTLEX-UK,leaf,False,leaf
leaner,lean,ADJ,leaner,leaner,Adjective,1,Step 1: SUBTLEX-UK,leaner,False,leaner
leanest,lean,ADJ,leanest,leanest,Adjective,1,Step 1: SUBTLEX-UK,leanest,False,leanest
leant,leant,NOUN,leant,lean,Verb,1,Step 1: SUBTLEX-UK,lean,False,lean
leapt,leapt,VERB,leapt,leap,Verb,1,Step 1: SUBTLEX-UK,leap,False,leap
leas,lea,NOUN,leas,leas,Noun,1,Step 1: SUBTLEX-UK,leas,False,leas
leastways,leastway,NOUN,,,Noun,2,Step 2: SUBTLEX-US + NLTK,leastways,False,leastways
leaved,leave,VERB,leaved,leaved,Verb,1,Step 1: SUBTLEX-UK,leaved,False,leaved
leavings,leaving,NOUN,leavings,leavings,Noun,1,Step 1: SUBTLEX-UK,leavings,False,leavings
LEAVITT'S,leavitt',NOUN,,,,3,Step 3: spaCy fallback,leavitt',True,LEAVITT'S
leching,leche,VERB,leching,lech,,1,Step 1: SUBTLEX-UK,lech,False,lech
Lee's,lee's,X,,,,3,Step 3: spaCy fallback,lee's,True,Lee's
lees,lee,NOUN,lees,lees,Name,1,Step 1: SUBTLEX-UK,lees,False,lees
LEESONA'S,leesona's,X,,,,3,Step 3: spaCy fallback,leesona's,True,LEESONA'S
leftovers,leftover,NOUN,leftovers,leftovers,Noun,1,Step 1: SUBTLEX-UK,leftovers,False,leftovers
LEG'S,leg',NOUN,,,,3,Step 3: spaCy fallback,leg',True,LEG'S
legalized,legalize,VERB,,,Adjective,2,Step 2: SUBTLEX-US + NLTK,legalized,False,legalized
legged,legge,VERB,legged,leg,Adjective,1,Step 1: SUBTLEX-UK,leg,False,leg
legging,legge,VERB,legging,leg,Verb,1,Step 1: SUBTLEX-UK,leg,False,leg
leggings,legging,NOUN,leggings,leggings,Noun,1,Step 1: SUBTLEX-UK,leggings,False,leggings
leghorns,leghorn,VERB,leghorns,leghorns,Noun,1,Step 1: SUBTLEX-UK,leghorns,False,leghorns
legionella,legionella,NOUN,legionella,legionellum,,1,Step 1: SUBTLEX-UK,legionellum,False,legionellum
legislating,legislate,VERB,legislating,legislating,Verb,1,Step 1: SUBTLEX-UK,legislating,False,legislating
leis,leis,PROPN,leis,lei,Noun,1,Step 1: SUBTLEX-UK,lei,False,lei
leisured,leisure,VERB,leisured,leisured,,1,Step 1: SUBTLEX-UK,leisured,False,leisured
lemming,lemme,VERB,lemming,lemming,Noun,1,Step 1: SUBTLEX-UK,lemming,False,lemming
lending,lend,VERB,lending,lending,Verb,1,Step 1: SUBTLEX-UK,lending,False,lending
lengthier,lengthy,ADJ,lengthier,lengthier,,1,Step 1: SUBTLEX-UK,lengthier,False,lengthier
LENIN'S,lenin',NOUN,,,,3,Step 3: spaCy fallback,lenin',True,LENIN'S
Leningrad's,leningrad's,X,,,,3,Step 3: spaCy fallback,leningrad's,True,Leningrad's
lens,len,NOUN,lens,lens,Noun,1,Step 1: SUBTLEX-UK,lens,False,lens
lenses,lense,NOUN,lenses,lens,Noun,1,Step 1: SUBTLEX-UK,lens,False,lens
LENYGON'S,lenygon',NOUN,,,,3,Step 3: spaCy fallback,lenygon',True,LENYGON'S
LEONATO'S,leonato's,VERB,,,,3,Step 3: spaCy fallback,leonato's,True,LEONATO'S
leos,leo,NOUN,leos,leos,Name,1,Step 1: SUBTLEX-UK,leos,False,leos
lesser,less,ADJ,lesser,lesser,Adjective,1,Step 1: SUBTLEX-UK,lesser,False,lesser
Lester's,lester',NOUN,,,,3,Step 3: spaCy fallback,lester',True,Lester's
letterboxes,letterboxe,NOUN,letterboxes,letterbox,,1,Step 1: SUBTLEX-UK,letterbox,False,letterbox
lettering,letter,VERB,lettering,lettering,Noun,1,Step 1: SUBTLEX-UK,lettering,False,lettering
LEVEL'S,level's,NOUN,,,,3,Step 3: spaCy fallback,level's,True,LEVEL'S
levelheaded,levelheade,VERB,,,Adjective,2,Step 2: SUBTLEX-US + NLTK,levelheaded,False,levelheaded
levellers,leveller,NOUN,levellers,levellers,,1,Step 1: SUBTLEX-UK,levellers,False,levellers
LEW'S,lew',VERB,,,,3,Step 3: spaCy fallback,lew',True,LEW'S
leys,ley,NOUN,leys,leys,,1,Step 1: SUBTLEX-UK,leys,False,leys
LI'L,li'l,VERB,,,,3,Step 3: spaCy fallback,li'l,True,LI'L
liberating,liberate,VERB,liberating,liberating,Adjective,1,Step 1: SUBTLEX-UK,liberating,False,liberating
libertines,libertine,NOUN,libertines,libertines,Noun,1,Step 1: SUBTLEX-UK,libertines,False,libertines
librarian's,librarian',NOUN,,,,3,Step 3: spaCy fallback,librarian',True,librarian's
libraries,librarie,VERB,libraries,library,Noun,1,Step 1: SUBTLEX-UK,library,False,library
libretti,libretti,PROPN,libretti,libretto,,1,Step 1: SUBTLEX-UK,libretto,False,libretto
lice,lice,NOUN,lice,louse,Noun,1,Step 1: SUBTLEX-UK,louse,False,louse
licenses,license,NOUN,licenses,licens,Noun,1,Step 1: SUBTLEX-UK,licens,False,licens
licensing,license,VERB,licensing,licensing,Noun,1,Step 1: SUBTLEX-UK,licensing,False,licensing
lidded,lidde,VERB,lidded,lidded,Adjective,1,Step 1: SUBTLEX-UK,lidded,False,lidded
lieder,lieder,NOUN,lieder,lied,Unclassified,1,Step 1: SUBTLEX-UK,lied,False,lied
life's,life',NOUN,,,,3,Step 3: spaCy fallback,life',True,life's
lifesaving,lifesave,VERB,lifesaving,lifesaving,Adjective,1,Step 1: SUBTLEX-UK,lifesaving,False,lifesaving
ligating,ligate,VERB,,,Noun,2,Step 2: SUBTLEX-US + NLTK,ligating,False,ligating
lighter,light,ADJ,lighter,lighter,Noun,1,Step 1: SUBTLEX-UK,lighter,False,lighter
lightest,light,ADJ,lightest,lightest,Adjective,1,Step 1: SUBTLEX-UK,lightest,False,lightest
lightheaded,lightheade,VERB,lightheaded,lighthead,Verb,1,Step 1: SUBTLEX-UK,lighthead,False,lighthead
lighthearted,lighthearte,VERB,lighthearted,lighthearted,Adjective,1,Step 1: SUBTLEX-UK,lighthearted,False,lighthearted
lighting,light,VERB,lighting,lighting,Noun,1,Step 1: SUBTLEX-UK,lighting,False,lighting
likenesses,likenesse,VERB,likenesses,likeness,Noun,1,Step 1: SUBTLEX-UK,likeness,False,likeness
LILLIAN'S,lillian',NOUN,,,,3,Step 3: spaCy fallback,lillian',True,LILLIAN'S
Lilly's,lilly',NOUN,,,,3,Step 3: spaCy fallback,lilly',True,Lilly's
lilos,lilos,PROPN,lilos,lilo,,1,Step 1: SUBTLEX-UK,lilo,False,lilo
lilting,lilt,VERB,lilting,lilting,Verb,1,Step 1: SUBTLEX-UK,lilting,False,lilting
limbed,limbe,VERB,limbed,limb,,1,Step 1: SUBTLEX-UK,limb,False,limb
limited,limit,VERB,limited,limited,Adjective,1,Step 1: SUBTLEX-UK,limited,False,limited
Lincoln's,lincoln's,X,,,,3,Step 3: spaCy fallback,lincoln's,True,Lincoln's
Linda's,linda',NOUN,,,,3,Step 3: spaCy fallback,linda',True,Linda's
LINDBERGH'S,lindbergh's,NOUN,,,,3,Step 3: spaCy fallback,lindbergh's,True,LINDBERGH'S
lindens,linden,NOUN,lindens,lindens,,1,Step 1: SUBTLEX-UK,lindens,False,lindens
Lindsey's,lindsey',NOUN,,,,3,Step 3: spaCy fallback,lindsey',True,Lindsey's
linemen,lineman,NOUN,,,Noun,2,Step 2: SUBTLEX-US + NLTK,linemen,False,linemen
ling,le,VERB,ling,ling,Noun,1,Step 1: SUBTLEX-UK,ling,False,ling
linguini,linguini,PROPN,linguini,linguinus,Noun,1,Step 1: SUBTLEX-UK,linguinus,False,linguinus
linguistics,linguistic,NOUN,linguistics,linguistics,Noun,1,Step 1: SUBTLEX-UK,linguistics,False,linguistics
linseed,linsee,VERB,linseed,linseed,Noun,1,Step 1: SUBTLEX-UK,linseed,False,linseed
lionhearted,lionhearte,VERB,lionhearted,lionhearted,Verb,1,Step 1: SUBTLEX-UK,lionhearted,False,lionhearted
liquefies,liquefie,NOUN,liquefies,liquefy,Verb,1,Step 1: SUBTLEX-UK,liquefy,False,liquefy
lisping,lisp,VERB,lisping,lisping,Verb,1,Step 1: SUBTLEX-UK,lisping,False,lisping
lisps,lisp,VERB,lisps,lisps,Verb,1,Step 1: SUBTLEX-UK,lisps,False,lisps
listener's,listener',NOUN,,,,3,Step 3: spaCy fallback,listener',True,listener's
listeria,listeria,NOUN,listeria,listerium,Noun,1,Step 1: SUBTLEX-UK,listerium,False,listerium
listing,list,VERB,listing,listing,Noun,1,Step 1: SUBTLEX-UK,listing,False,listing
lithographed,lithograph,VERB,lithographed,lithographed,,1,Step 1: SUBTLEX-UK,lithographed,False,lithographed
litotes,litote,NOUN,litotes,litotes,,1,Step 1: SUBTLEX-UK,litotes,False,litotes
LITTLEPAGE'S,littlepage's,ADV,,,,3,Step 3: spaCy fallback,littlepage's,True,LITTLEPAGE'S
livered,livere,VERB,livered,liver,,1,Step 1: SUBTLEX-UK,liver,False,liver
liveried,liverie,VERB,liveried,liveried,,1,Step 1: SUBTLEX-UK,liveried,False,liveried
lives,live,VERB,lives,life,Noun,1,Step 1: SUBTLEX-UK,life,False,life
LIZZIE'S,lizzie's,ADJ,,,,3,Step 3: spaCy fallback,lizzie's,True,LIZZIE'S
llamas,llamas,PROPN,llamas,llama,Noun,1,Step 1: SUBTLEX-UK,llama,False,llama
Lloyd's,lloyd',NOUN,,,,3,Step 3: spaCy fallback,lloyd',True,Lloyd's
loafing,loaf,VERB,loafing,loafing,Verb,1,Step 1: SUBTLEX-UK,loafing,False,loafing
loafs,loafs,PROPN,loafs,loaf,Verb,1,Step 1: SUBTLEX-UK,loaf,False,loaf
loathing,loathe,VERB,loathing,loathing,Noun,1,Step 1: SUBTLEX-UK,loathing,False,loathing
lobed,lob,VERB,lobed,lobe,,1,Step 1: SUBTLEX-UK,lobe,False,lobe
lobelia,lobelia,PROPN,lobelia,lobelium,,1,Step 1: SUBTLEX-UK,lobelium,False,lobelium
lochs,lochs,PROPN,lochs,loch,,1,Step 1: SUBTLEX-UK,loch,False,loch
loci,loci,NOUN,loci,locus,Noun,1,Step 1: SUBTLEX-UK,locus,False,locus
lodgings,lodging,NOUN,lodgings,lodgings,Noun,1,Step 1: SUBTLEX-UK,lodgings,False,lodgings
lofted,loft,VERB,lofted,lofted,Adjective,1,Step 1: SUBTLEX-UK,lofted,False,lofted
loftiest,lofty,ADJ,loftiest,loftiest,,1,Step 1: SUBTLEX-UK,loftiest,False,loftiest
lofting,loft,VERB,lofting,lofting,,1,Step 1: SUBTLEX-UK,lofting,False,lofting
loggerhead,loggerhead,VERB,loggerhead,loggerheads,,1,Step 1: SUBTLEX-UK,loggerheads,False,loggerheads
loggerheaded,loggerheade,VERB,,,Verb,2,Step 2: SUBTLEX-US + NLTK,loggerheaded,False,loggerheaded
loggerheads,loggerhead,NOUN,loggerheads,loggerheads,,1,Step 1: SUBTLEX-UK,loggerheads,False,loggerheads
logistics,logistic,NOUN,logistics,logistics,Noun,1,Step 1: SUBTLEX-UK,logistics,False,logistics
LOLOTTE'S,lolotte's,ADV,,,,3,Step 3: spaCy fallback,lolotte's,True,LOLOTTE'S
London's,london',NOUN,,,,3,Step 3: spaCy fallback,london',True,London's
lonelier,lonely,ADJ,lonelier,lonelier,Adjective,1,Step 1: SUBTLEX-UK,lonelier,False,lonelier
longer,long,ADV,longer,longer,Adverb,1,Step 1: SUBTLEX-UK,longer,False,longer
longest,long,ADJ,longest,longest,Adjective,1,Step 1: SUBTLEX-UK,longest,False,longest
longhaired,longhaire,VERB,longhaired,longhaired,Adjective,1,Step 1: SUBTLEX-UK,longhaired,False,longhaired
longing,long,VERB,longing,longing,Verb,1,Step 1: SUBTLEX-UK,longing,False,longing
longsighted,longsighte,VERB,longsighted,longsight,,1,Step 1: SUBTLEX-UK,longsight,False,longsight
longstanding,longstande,VERB,longstanding,longstanding,Adjective,1,Step 1: SUBTLEX-UK,longstanding,False,longstanding
longwinded,longwinde,VERB,longwinded,longwind,,1,Step 1: SUBTLEX-UK,longwind,False,longwind
LONSDALE'S,lonsdale's,ADV,,,,3,Step 3: spaCy fallback,lonsdale's,True,LONSDALE'S
loonier,loony,ADJ,loonier,loonier,Adjective,1,Step 1: SUBTLEX-UK,loonier,False,loonier
loonies,loonie,NOUN,loonies,loony,Noun,1,Step 1: SUBTLEX-UK,loony,False,loony
looser,loose,ADJ,looser,looser,Adjective,1,Step 1: SUBTLEX-UK,looser,False,looser
looses,loos,NOUN,looses,loose,Verb,1,Step 1: SUBTLEX-UK,loose,False,loose
looting,loot,VERB,looting,looting,Noun,1,Step 1: SUBTLEX-UK,looting,False,looting
lopes,lope,NOUN,lopes,lopes,Verb,1,Step 1: SUBTLEX-UK,lopes,False,lopes
lopsided,lopside,VERB,lopsided,lopsided,Verb,1,Step 1: SUBTLEX-UK,lopsided,False,lopsided
lords,lord,NOUN,lords,lords,Noun,1,Step 1: SUBTLEX-UK,lords,False,lords
lotuses,lotus,NOUN,lotuses,lotuses,Noun,1,Step 1: SUBTLEX-UK,lotuses,False,lotuses
loudest,loud,ADJ,loudest,loudest,Adjective,1,Step 1: SUBTLEX-UK,loudest,False,loudest
loudmouthed,loudmouthe,VERB,loudmouthed,loudmouthed,Adjective,1,Step 1: SUBTLEX-UK,loudmouthed,False,loudmouthed
Louis's,louis',NOUN,,,,3,Step 3: spaCy fallback,louis',True,Louis's
loused,louse,VERB,loused,loused,Verb,1,Step 1: SUBTLEX-UK,loused,False,loused
lousier,lousier,PROPN,,,Adjective,2,Step 2: SUBTLEX-US + NLTK,lousy,False,lousy
louvered,louvere,VERB,,,Adjective,2,Step 2: SUBTLEX-US + NLTK,louvered,False,louvered
lovemaking,lovemake,VERB,lovemaking,lovemaking,Noun,1,Step 1: SUBTLEX-UK,lovemaking,False,lovemaking
LOWE'S,lowe's,ADV,,,,3,Step 3: spaCy fallback,lowe's,True,LOWE'S
lowest,low,ADJ,lowest,lowest,Adjective,1,Step 1: SUBTLEX-UK,lowest,False,lowest
lowing,lowing,PROPN,lowing,low,Verb,1,Step 1: SUBTLEX-UK,low,False,low
lowliest,lowly,ADJ,lowliest,lowliest,Adjective,1,Step 1: SUBTLEX-UK,lowliest,False,lowliest
LUBLIN'S,lublin',NOUN,,,,3,Step 3: spaCy fallback,lublin',True,LUBLIN'S
Lucas's,lucas's,X,,,,3,Step 3: spaCy fallback,lucas's,True,Lucas's
Lucifer's,lucifer's,X,,,,3,Step 3: spaCy fallback,lucifer's,True,Lucifer's
Lucille's,lucille',NOUN,,,,3,Step 3: spaCy fallback,lucille',True,Lucille's
lucked,lucke,VERB,lucked,luck,Verb,1,Step 1: SUBTLEX-UK,luck,False,luck
luckier,lucky,ADJ,luckier,luckier,Adjective,1,Step 1: SUBTLEX-UK,luckier,False,luckier
Lucy's,lucy's,NOUN,,,,3,Step 3: spaCy fallback,lucy's,True,Lucy's
luddites,luddite,NOUN,luddites,luddites,,1,Step 1: SUBTLEX-UK,luddites,False,luddites
Luke's,luke',NOUN,,,,3,Step 3: spaCy fallback,luke',True,Luke's
lumpier,lumpy,ADJ,lumpier,lumpier,,1,Step 1: SUBTLEX-UK,lumpier,False,lumpier
lurgies,lurgie,NOUN,lurgies,lurgy,,1,Step 1: SUBTLEX-UK,lurgy,False,lurgy
lushest,lush,ADJ,lushest,lushest,,1,Step 1: SUBTLEX-UK,lushest,False,lushest
Luther's,luther',NOUN,,,,3,Step 3: spaCy fallback,luther',True,Luther's
LYFORD'S,lyford's,NOUN,,,,3,Step 3: spaCy fallback,lyford's,True,LYFORD'S
lynches,lynch,VERB,lynches,lynches,Verb,1,Step 1: SUBTLEX-UK,lynches,False,lynches
lynching,lynch,VERB,lynching,lynching,Noun,1,Step 1: SUBTLEX-UK,lynching,False,lynching
lyricist's,lyricist',NOUN,,,,3,Step 3: spaCy fallback,lyricist',True,lyricist's
m,m,VERB,m,be,Letter,1,Step 1: SUBTLEX-UK,be,False,be
macadamia,macadamia,NOUN,macadamia,macadamium,Noun,1,Step 1: SUBTLEX-UK,macadamium,False,macadamium
macerated,macerate,VERB,macerated,macerated,Verb,1,Step 1: SUBTLEX-UK,macerated,False,macerated
machining,machine,VERB,machining,machining,,1,Step 1: SUBTLEX-UK,machining,False,machining
Mack's,mack's,ADV,,,,3,Step 3: spaCy fallback,mack's,True,Mack's
MACKLIN'S,macklin',NOUN,,,,3,Step 3: spaCy fallback,macklin',True,MACKLIN'S
macrobiotics,macrobiotic,NOUN,,,Name,2,Step 2: SUBTLEX-US + NLTK,macrobiotics,False,macrobiotics
MADDEN'S,madden',NOUN,,,,3,Step 3: spaCy fallback,madden',True,MADDEN'S
maddens,madden,NOUN,maddens,maddens,Verb,1,Step 1: SUBTLEX-UK,maddens,False,maddens
maddest,mad,ADJ,maddest,maddest,Adjective,1,Step 1: SUBTLEX-UK,maddest,False,maddest
Madison's,madison',NOUN,,,,3,Step 3: spaCy fallback,madison',True,Madison's
Madonna's,madonna's,X,,,,3,Step 3: spaCy fallback,madonna's,True,Madonna's
madras,madra,NOUN,madras,madras,Name,1,Step 1: SUBTLEX-UK,madras,False,madras
MAE'S,mae's,ADV,,,,3,Step 3: spaCy fallback,mae's,True,MAE'S
Maggie's,maggie',NOUN,,,,3,Step 3: spaCy fallback,maggie',True,Maggie's
magnetos,magnetos,NOUN,magnetos,magneto,Noun,1,Step 1: SUBTLEX-UK,magneto,False,magneto
magnifies,magnifie,NOUN,magnifies,magnify,Verb,1,Step 1: SUBTLEX-UK,magnify,False,magnify
magyars,magyar,NOUN,magyars,magyars,Noun,1,Step 1: SUBTLEX-UK,magyars,False,magyars
maharajahs,maharajah,NOUN,maharajahs,maharaja,,1,Step 1: SUBTLEX-UK,maharaja,False,maharaja
MAHLER'S,mahler's,NOUN,,,,3,Step 3: spaCy fallback,mahler's,True,MAHLER'S
MAI'TEIPA,mai'teipa,NOUN,,,,3,Step 3: spaCy fallback,mai'teipa,True,MAI'TEIPA
mailing,mail,VERB,mailing,mailing,Noun,1,Step 1: SUBTLEX-UK,mailing,False,mailing
mainlines,mainline,NOUN,,,Noun,2,Step 2: SUBTLEX-US + NLTK,mainlines,False,mainlines
mainspring,mainspre,VERB,mainspring,mainspring,Noun,1,Step 1: SUBTLEX-UK,mainspring,False,mainspring
mala,mala,NOUN,mala,malum,Name,1,Step 1: SUBTLEX-UK,malum,False,malum
maladjusted,maladjuste,VERB,maladjusted,maladjust,Adjective,1,Step 1: SUBTLEX-UK,maladjust,False,maladjust
malcontented,malcontente,VERB,,,Adjective,2,Step 2: SUBTLEX-US + NLTK,malcontented,False,malcontented
malformed,malforme,VERB,malformed,malformed,Adjective,1,Step 1: SUBTLEX-UK,malformed,False,malformed
malnourished,malnourished,ADJ,malnourished,malnourish,Adjective,1,Step 1: SUBTLEX-UK,malnourish,False,malnourish
malted,malt,VERB,malted,malted,Adjective,1,Step 1: SUBTLEX-UK,malted,False,malted
mamas,mama,NOUN,mamas,mamas,Noun,1,Step 1: SUBTLEX-UK,mamas,False,mamas
mambas,mambas,PROPN,mambas,mamba,,1,Step 1: SUBTLEX-UK,mamba,False,mamba
management's,management',NOUN,,,,3,Step 3: spaCy fallback,management',True,management's
manageresses,manageresse,VERB,manageresses,manageress,,1,Step 1: SUBTLEX-UK,manageress,False,manageress
Manchester's,manchester',NOUN,,,,3,Step 3: spaCy fallback,manchester',True,Manchester's
mangling,mangle,VERB,mangling,mangling,Verb,1,Step 1: SUBTLEX-UK,mangling,False,mangling
Manhattan's,manhattan',NOUN,,,,3,Step 3: spaCy fallback,manhattan',True,Manhattan's
manhattans,manhattan,NOUN,manhattans,manhattans,Name,1,Step 1: SUBTLEX-UK,manhattans,False,manhattans
manias,manias,PROPN,,,Noun,2,Step 2: SUBTLEX-US + NLTK,mania,False,mania
manicotti,manicotti,NOUN,manicotti,manicottus,Noun,1,Step 1: SUBTLEX-UK,manicottus,False,manicottus
manicured,manicure,VERB,manicured,manicured,Adjective,1,Step 1: SUBTLEX-UK,manicured,False,manicured
manlier,manlier,ADV,,,Adjective,2,Step 2: SUBTLEX-US + NLTK,manly,False,manly
manliest,manly,ADJ,manliest,manliest,,1,Step 1: SUBTLEX-UK,manliest,False,manliest
MANN'S,mann',NOUN,,,,3,Step 3: spaCy fallback,mann',True,MANN'S
mannered,mannere,VERB,mannered,mannered,Adjective,1,Step 1: SUBTLEX-UK,mannered,False,mannered
manners,manner,NOUN,manners,manners,Noun,1,Step 1: SUBTLEX-UK,manners,False,manners
manning,man,VERB,manning,manning,Name,1,Step 1: SUBTLEX-UK,manning,False,manning
MANNING'S,manning',NOUN,,,,3,Step 3: spaCy fallback,manning',True,MANNING'S
manoeuvring,manoeuvre,VERB,manoeuvring,manoeuvring,Verb,1,Step 1: SUBTLEX-UK,manoeuvring,False,manoeuvring
mans,man,NOUN,mans,mans,Noun,1,Step 1: SUBTLEX-UK,mans,False,mans
mantes,mantis,NOUN,mantes,mantes,Name,1,Step 1: SUBTLEX-UK,mantes,False,mantes
manufacturing,manufacture,VERB,manufacturing,manufacturing,Noun,1,Step 1: SUBTLEX-UK,manufacturing,False,manufacturing
manuring,manure,VERB,manuring,manuring,Verb,1,Step 1: SUBTLEX-UK,manuring,False,manuring
maoists,maoist,NOUN,maoists,maoists,Noun,1,Step 1: SUBTLEX-UK,maoists,False,maoists
marauder,maraud,ADJ,marauder,marauder,Noun,1,Step 1: SUBTLEX-UK,marauder,False,marauder
marbling,marble,VERB,marbling,marbling,Noun,1,Step 1: SUBTLEX-UK,marbling,False,marbling
marches,marche,NOUN,marches,march,Noun,1,Step 1: SUBTLEX-UK,march,False,march
mariachi,mariachi,PROPN,mariachi,mariachus,Noun,1,Step 1: SUBTLEX-UK,mariachus,False,mariachus
marimbas,marimbas,PROPN,marimbas,marimba,,1,Step 1: SUBTLEX-UK,marimba,False,marimba
marines,marine,NOUN,marines,marines,Noun,1,Step 1: SUBTLEX-UK,marines,False,marines
MARIS'S,maris's,NOUN,,,,3,Step 3: spaCy fallback,maris's,True,MARIS'S
Mark's,mark's,NOUN,,,,3,Step 3: spaCy fallback,mark's,True,Mark's
marled,marle,VERB,,,Adjective,2,Step 2: SUBTLEX-US + NLTK,marled,False,marled
MARLOWE'S,marlowe's,ADV,,,,3,Step 3: spaCy fallback,marlowe's,True,MARLOWE'S
marques,marque,NOUN,marques,marques,Name,1,Step 1: SUBTLEX-UK,marques,False,marques
marquises,marquise,NOUN,marquises,marquis,Noun,1,Step 1: SUBTLEX-UK,marquis,False,marquis
marries,marrie,NOUN,marries,marry,Verb,1,Step 1: SUBTLEX-UK,marry,False,marry
mars,mar,VERB,mars,mars,Name,1,Step 1: SUBTLEX-UK,mars,False,mars
Martha's,martha',NOUN,,,,3,Step 3: spaCy fallback,martha',True,Martha's
martians,martian,NOUN,martians,martians,Noun,1,Step 1: SUBTLEX-UK,martians,False,martians
Martin's,martin',NOUN,,,,3,Step 3: spaCy fallback,martin',True,Martin's
martins,martin,NOUN,martins,martins,Name,1,Step 1: SUBTLEX-UK,martins,False,martins
marts,mart,NOUN,marts,marts,Noun,1,Step 1: SUBTLEX-UK,marts,False,marts
Marty's,marty',NOUN,,,,3,Step 3: spaCy fallback,marty',True,Marty's
Marx's,marx's,X,,,,3,Step 3: spaCy fallback,marx's,True,Marx's
marxists,marxist,NOUN,marxists,marxists,Noun,1,Step 1: SUBTLEX-UK,marxists,False,marxists
Mary's,mary's,VERB,,,,3,Step 3: spaCy fallback,mary's,True,Mary's
Maryland's,maryland',NOUN,,,,3,Step 3: spaCy fallback,maryland',True,Maryland's
masala,masala,NOUN,masala,masalum,,1,Step 1: SUBTLEX-UK,masalum,False,masalum
masses,masse,NOUN,masses,mass,Noun,1,Step 1: SUBTLEX-UK,mass,False,mass
massier,massy,ADJ,massier,massier,,1,Step 1: SUBTLEX-UK,massier,False,massier
masterminding,mastermind,VERB,masterminding,masterminding,Verb,1,Step 1: SUBTLEX-UK,masterminding,False,masterminding
MASU'S,masu',NOUN,,,,3,Step 3: spaCy fallback,masu',True,MASU'S
matchmaking,matchmake,VERB,matchmaking,matchmaking,Noun,1,Step 1: SUBTLEX-UK,matchmaking,False,matchmaking
material's,material',NOUN,,,,3,Step 3: spaCy fallback,material',True,material's
mathematics,mathematic,NOUN,mathematics,mathematics,Noun,1,Step 1: SUBTLEX-UK,mathematics,False,mathematics
mating,mate,VERB,mating,mating,Adjective,1,Step 1: SUBTLEX-UK,mating,False,mating
matins,matin,NOUN,matins,matins,Unclassified,1,Step 1: SUBTLEX-UK,matins,False,matins
MATSUO'S,matsuo's,VERB,,,,3,Step 3: spaCy fallback,matsuo's,True,MATSUO'S
matting,mat,VERB,matting,matting,Noun,1,Step 1: SUBTLEX-UK,matting,False,matting
maturest,mature,ADJ,maturest,maturest,,1,Step 1: SUBTLEX-UK,maturest,False,maturest
matzos,matzos,PROPN,matzos,matzo,Noun,1,Step 1: SUBTLEX-UK,matzo,False,matzo
matzoth,matzoth,VERB,,,Noun,2,Step 2: SUBTLEX-US + NLTK,matzo,False,matzo
MAUDE'S,maude's,ADV,,,,3,Step 3: spaCy fallback,maude's,True,MAUDE'S
mauling,maul,VERB,mauling,mauling,Verb,1,Step 1: SUBTLEX-UK,mauling,False,mauling
Max's,max's,X,,,,3,Step 3: spaCy fallback,max's,True,Max's
maxed,maxe,VERB,maxed,max,Verb,1,Step 1: SUBTLEX-UK,max,False,max
maxilla,maxilla,NOUN,maxilla,maxillum,Noun,1,Step 1: SUBTLEX-UK,maxillum,False,maxillum
maxima,maxima,PROPN,maxima,maximum,Noun,1,Step 1: SUBTLEX-UK,maximum,False,maximum
Maxine's,maxine',NOUN,,,,3,Step 3: spaCy fallback,maxine',True,Maxine's
maxis,maxis,NOUN,maxis,maxi,Name,1,Step 1: SUBTLEX-UK,maxi,False,maxi
Maxwell's,maxwell',NOUN,,,,3,Step 3: spaCy fallback,maxwell',True,Maxwell's
mays,may,NOUN,mays,mays,Name,1,Step 1: SUBTLEX-UK,mays,False,mays
mazed,maze,VERB,mazed,mazed,,1,Step 1: SUBTLEX-UK,mazed,False,mazed
mazurkas,mazurkas,ADV,mazurkas,mazurka,,1,Step 1: SUBTLEX-UK,mazurka,False,mazurka
me,I,PRON,me,i,Pronoun,1,Step 1: SUBTLEX-UK,i,False,i
meadows,meadow,VERB,meadows,meadows,Noun,1,Step 1: SUBTLEX-UK,meadows,False,meadows
meads,mead,NOUN,meads,meads,Noun,1,Step 1: SUBTLEX-UK,meads,False,meads
meander,meand,ADJ,meander,meander,Verb,1,Step 1: SUBTLEX-UK,meander,False,meander
meanest,mean,ADJ,meanest,meanest,Adjective,1,Step 1: SUBTLEX-UK,meanest,False,meanest
meaning,mean,VERB,meaning,meaning,Noun,1,Step 1: SUBTLEX-UK,meaning,False,meaning
measles,measle,NOUN,measles,measles,Noun,1,Step 1: SUBTLEX-UK,measles,False,measles
meatpacking,meatpacke,VERB,meatpacking,meatpacking,Adjective,1,Step 1: SUBTLEX-UK,meatpacking,False,meatpacking
meccas,meccas,PROPN,meccas,mecca,,1,Step 1: SUBTLEX-UK,mecca,False,mecca
mechanized,mechanize,VERB,mechanized,mechanized,Verb,1,Step 1: SUBTLEX-UK,mechanized,False,mechanized
medaled,medale,VERB,,,Verb,2,Step 2: SUBTLEX-US + NLTK,medaled,False,medaled
media,medium,NOUN,media,media,Noun,1,Step 1: SUBTLEX-UK,media,False,media
MEEKER'S,meeker's,NOUN,,,,3,Step 3: spaCy fallback,meeker's,True,MEEKER'S
meekest,meek,ADJ,meekest,meekest,,1,Step 1: SUBTLEX-UK,meekest,False,meekest
meeting,meet,VERB,meeting,meeting,Noun,1,Step 1: SUBTLEX-UK,meeting,False,meeting
melding,meld,VERB,melding,melding,Verb,1,Step 1: SUBTLEX-UK,melding,False,melding
memoir,memoir,PROPN,memoir,memoirs,Noun,1,Step 1: SUBTLEX-UK,memoirs,False,memoirs
memoirs,memoir,NOUN,memoirs,memoirs,Noun,1,Step 1: SUBTLEX-UK,memoirs,False,memoirs
men's,men',NOUN,,,,3,Step 3: spaCy fallback,men',True,men's
meninges,meninge,VERB,meninges,meninx,Noun,1,Step 1: SUBTLEX-UK,meninx,False,meninx
menses,mense,NOUN,,,Noun,2,Step 2: SUBTLEX-US + NLTK,menses,False,menses
mentoring,mentor,VERB,mentoring,mentore,Verb,1,Step 1: SUBTLEX-UK,mentore,False,mentore
menus,menus,PROPN,menus,menu,Noun,1,Step 1: SUBTLEX-UK,menu,False,menu
mephistopheles,mephistophele,NOUN,mephistopheles,mephistopheles,Name,1,Step 1: SUBTLEX-UK,mephistopheles,False,mephistopheles
mercers,mercer,NOUN,mercers,mercers,Name,1,Step 1: SUBTLEX-UK,mercers,False,mercers
merchandising,merchandise,VERB,merchandising,merchandising,Verb,1,Step 1: SUBTLEX-UK,merchandising,False,merchandising
Meredith's,meredith',NOUN,,,,3,Step 3: spaCy fallback,meredith',True,Meredith's
merinos,merino,NOUN,merinos,merinos,Noun,1,Step 1: SUBTLEX-UK,merinos,False,merinos
merriest,merry,ADJ,merriest,merriest,Adjective,1,Step 1: SUBTLEX-UK,merriest,False,merriest
merrymakers,merrymaker,NOUN,merrymakers,merrymakers,Noun,1,Step 1: SUBTLEX-UK,merrymakers,False,merrymakers
merrymaking,merrymake,VERB,merrymaking,merrymaking,Noun,1,Step 1: SUBTLEX-UK,merrymaking,False,merrymaking
MERTON'S,merton',NOUN,,,,3,Step 3: spaCy fallback,merton',True,MERTON'S
meshing,mesh,VERB,meshing,meshing,Verb,1,Step 1: SUBTLEX-UK,meshing,False,meshing
messier,messy,ADJ,messier,messier,Adjective,1,Step 1: SUBTLEX-UK,messier,False,messier
messieurs,messieurs,PROPN,messieurs,monsieur,Noun,1,Step 1: SUBTLEX-UK,monsieur,False,monsieur
metalled,metal,VERB,metalled,metalled,,1,Step 1: SUBTLEX-UK,metalled,False,metalled
metalworking,metalworke,VERB,metalworking,metalwork,Noun,1,Step 1: SUBTLEX-UK,metalwork,False,metalwork
metamorphoses,metamorphosis,NOUN,metamorphoses,metamorphoses,Verb,1,Step 1: SUBTLEX-UK,metamorphoses,False,metamorphoses
metaphysics,metaphysic,NOUN,metaphysics,metaphysics,Noun,1,Step 1: SUBTLEX-UK,metaphysics,False,metaphysics
metering,meter,VERB,metering,metering,Noun,1,Step 1: SUBTLEX-UK,metering,False,metering
meths,meth,NOUN,meths,meths,,1,Step 1: SUBTLEX-UK,meths,False,meths
methylated,methylate,VERB,methylated,methylated,Adjective,1,Step 1: SUBTLEX-UK,methylated,False,methylated
mets,met,NOUN,mets,mets,Noun,1,Step 1: SUBTLEX-UK,mets,False,mets
mexicans,mexican,NOUN,mexicans,mexicans,Noun,1,Step 1: SUBTLEX-UK,mexicans,False,mexicans
Mexico's,mexico',NOUN,,,,3,Step 3: spaCy fallback,mexico',True,Mexico's
mezzos,mezzos,PROPN,mezzos,mezzo,,1,Step 1: SUBTLEX-UK,mezzo,False,mezzo
Miami's,miami',NOUN,,,,3,Step 3: spaCy fallback,miami',True,Miami's
miaows,miaow,NOUN,miaows,miaows,Verb,1,Step 1: SUBTLEX-UK,miaows,False,miaows
Michael's,michael',NOUN,,,,3,Step 3: spaCy fallback,michael',True,Michael's
Michelangelo's,michelangelo's,X,,,,3,Step 3: spaCy fallback,michelangelo's,True,Michelangelo's
Mickey's,mickey',NOUN,,,,3,Step 3: spaCy fallback,mickey',True,Mickey's
mickeys,mickey,NOUN,mickeys,mickeys,Name,1,Step 1: SUBTLEX-UK,mickeys,False,mickeys
micks,mick,NOUN,micks,micks,Noun,1,Step 1: SUBTLEX-UK,micks,False,micks
microeconomics,microeconomics,PROPN,microeconomics,microeconomic,Noun,1,Step 1: SUBTLEX-UK,microeconomic,False,microeconomic
microelectronics,microelectronic,NOUN,microelectronics,microelectronics,Noun,1,Step 1: SUBTLEX-UK,microelectronics,False,microelectronics
middled,middle,VERB,middled,middled,Adjective,1,Step 1: SUBTLEX-UK,middled,False,middled
middling,middle,VERB,middling,middling,Adjective,1,Step 1: SUBTLEX-UK,middling,False,middling
midis,midis,PROPN,,,Noun,2,Step 2: SUBTLEX-US + NLTK,midi,False,midi
midlands,midland,VERB,midlands,midlands,Name,1,Step 1: SUBTLEX-UK,midlands,False,midlands
midmorning,midmorne,VERB,midmorning,midmorning,Noun,1,Step 1: SUBTLEX-UK,midmorning,False,midmorning
midshipmen,midshipmen,PROPN,midshipmen,midshipman,Noun,1,Step 1: SUBTLEX-UK,midshipman,False,midshipman
midwesterners,midwesterner,NOUN,,,Name,2,Step 2: SUBTLEX-US + NLTK,midwesterners,False,midwesterners
midwives,midwive,VERB,midwives,midwife,Noun,1,Step 1: SUBTLEX-UK,midwife,False,midwife
mightiest,mighty,ADJ,mightiest,mightiest,Adjective,1,Step 1: SUBTLEX-UK,mightiest,False,mightiest
Mike's,mike',NOUN,,,,3,Step 3: spaCy fallback,mike',True,Mike's
mikes,mike,NOUN,mikes,mikes,Noun,1,Step 1: SUBTLEX-UK,mikes,False,mikes
mildewed,mildew,VERB,mildewed,mildewed,Adjective,1,Step 1: SUBTLEX-UK,mildewed,False,mildewed
MILHAUD'S,milhaud's,INTJ,,,,3,Step 3: spaCy fallback,milhaud's,True,MILHAUD'S
militarized,militarize,VERB,,,Adjective,2,Step 2: SUBTLEX-US + NLTK,militarized,False,militarized
milksops,milksops,PROPN,,,Noun,2,Step 2: SUBTLEX-US + NLTK,milksop,False,milksop
MILLAY'S,millay's,NOUN,,,,3,Step 3: spaCy fallback,millay's,True,MILLAY'S
millennia,millennia,NOUN,millennia,millennium,Noun,1,Step 1: SUBTLEX-UK,millennium,False,millennium
Miller's,miller',NOUN,,,,3,Step 3: spaCy fallback,miller',True,Miller's
millers,miller,NOUN,millers,millers,Noun,1,Step 1: SUBTLEX-UK,millers,False,millers
mills,mill,NOUN,mills,mills,Name,1,Step 1: SUBTLEX-UK,mills,False,mills
Milton's,milton's,ADV,,,,3,Step 3: spaCy fallback,milton's,True,Milton's
Milwaukee's,milwaukee',NOUN,,,,3,Step 3: spaCy fallback,milwaukee',True,Milwaukee's
mimeographed,mimeograph,VERB,,,Adjective,2,Step 2: SUBTLEX-US + NLTK,mimeographed,False,mimeographed
mimosas,mimosas,PROPN,,,Noun,2,Step 2: SUBTLEX-US + NLTK,mimosa,False,mimosa
mindboggling,mindboggle,VERB,mindboggling,mindboggling,,1,Step 1: SUBTLEX-UK,mindboggling,False,mindboggling
minesweeping,minesweepe,VERB,minesweeping,minesweeping,Verb,1,Step 1: SUBTLEX-UK,minesweeping,False,minesweeping
mini,mini,X,mini,minus,Adjective,1,Step 1: SUBTLEX-UK,minus,False,minus
minima,minima,PROPN,minima,minimum,,1,Step 1: SUBTLEX-UK,minimum,False,minimum
minis,mini,NOUN,minis,minis,Noun,1,Step 1: SUBTLEX-UK,minis,False,minis
miniseries,miniserie,NOUN,miniseries,miniseries,Noun,1,Step 1: SUBTLEX-UK,miniseries,False,miniseries
Minnesota's,minnesota's,VERB,,,,3,Step 3: spaCy fallback,minnesota's,True,Minnesota's
minuted,minuted,ADJ,minuted,minute,,1,Step 1: SUBTLEX-UK,minute,False,minute
minutiae,minutia,NOUN,minutiae,minutiae,Noun,1,Step 1: SUBTLEX-UK,minutiae,False,minutiae
mirabilis,mirabilis,PROPN,mirabilis,mirabili,,1,Step 1: SUBTLEX-UK,mirabili,False,mirabili
MIRANDA'S,miranda's,ADV,,,,3,Step 3: spaCy fallback,miranda's,True,MIRANDA'S
Miriam's,miriam's,X,,,,3,Step 3: spaCy fallback,miriam's,True,Miriam's
mirroring,mirror,VERB,mirroring,mirroring,Verb,1,Step 1: SUBTLEX-UK,mirroring,False,mirroring
MIRSKY'S,mirsky',NOUN,,,,3,Step 3: spaCy fallback,mirsky',True,MIRSKY'S
miscalculating,miscalculating,NOUN,miscalculating,miscalculate,Verb,1,Step 1: SUBTLEX-UK,miscalculate,False,miscalculate
miscuing,miscue,VERB,miscuing,miscuing,,1,Step 1: SUBTLEX-UK,miscuing,False,miscuing
misdirecting,misdirecting,NOUN,,,Verb,2,Step 2: SUBTLEX-US + NLTK,misdirect,False,misdirect
misgiving,misgive,VERB,misgiving,misgiving,Noun,1,Step 1: SUBTLEX-UK,misgiving,False,misgiving
misguided,misguide,VERB,misguided,misguided,Adjective,1,Step 1: SUBTLEX-UK,misguided,False,misguided
misheard,misheard,PROPN,misheard,mishear,Noun,1,Step 1: SUBTLEX-UK,mishear,False,mishear
mishearing,misheare,VERB,mishearing,mishear,,1,Step 1: SUBTLEX-UK,mishear,False,mishear
misinforming,misinforming,NOUN,misinforming,misinform,,1,Step 1: SUBTLEX-UK,misinform,False,misinform
misleading,mislead,VERB,misleading,misleading,Adjective,1,Step 1: SUBTLEX-UK,misleading,False,misleading
misreading,misreading,ADJ,misreading,misread,Verb,1,Step 1: SUBTLEX-UK,misread,False,misread
misreported,misreporte,VERB,misreported,misreport,,1,Step 1: SUBTLEX-UK,misreport,False,misreport
misreporting,misreporte,VERB,misreporting,misreport,,1,Step 1: SUBTLEX-UK,misreport,False,misreport
Mississippi's,mississippi',NOUN,,,,3,Step 3: spaCy fallback,mississippi',True,Mississippi's
Missouri's,missouri's,X,,,,3,Step 3: spaCy fallback,missouri's,True,Missouri's
misspelling,misspell,VERB,misspelling,misspelling,,1,Step 1: SUBTLEX-UK,misspelling,False,misspelling
misspent,misspent,PROPN,misspent,misspend,Adjective,1,Step 1: SUBTLEX-UK,misspend,False,misspend
mistiming,mistiming,NOUN,mistiming,mistime,,1,Step 1: SUBTLEX-UK,mistime,False,mistime
mistresses,mistresse,VERB,mistresses,mistress,Noun,1,Step 1: SUBTLEX-UK,mistress,False,mistress
mistrusting,mistrust,VERB,mistrusting,mistrusting,Verb,1,Step 1: SUBTLEX-UK,mistrusting,False,mistrusting
misunderstanding,misunderstand,VERB,misunderstanding,misunderstanding,Noun,1,Step 1: SUBTLEX-UK,misunderstanding,False,misunderstanding
misunderstood,misunderstood,NOUN,misunderstood,misunderstand,Verb,1,Step 1: SUBTLEX-UK,misunderstand,False,misunderstand
Mitchell's,mitchell's,X,,,,3,Step 3: spaCy fallback,mitchell's,True,Mitchell's
mitered,miter,VERB,,,Adjective,2,Step 2: SUBTLEX-US + NLTK,mitered,False,mitered
mitochondria,mitochondria,PROPN,mitochondria,mitochondrium,Noun,1,Step 1: SUBTLEX-UK,mitochondrium,False,mitochondrium
mixed,mix,VERB,mixed,mixed,Verb,1,Step 1: SUBTLEX-UK,mixed,False,mixed
moated,moate,VERB,moated,moated,,1,Step 1: SUBTLEX-UK,moated,False,moated
mob's,mob',NOUN,,,,3,Step 3: spaCy fallback,mob',True,mob's
modeling,model,VERB,,,Noun,2,Step 2: SUBTLEX-US + NLTK,modeling,False,modeling
moderated,moderated,ADJ,moderated,moderate,Verb,1,Step 1: SUBTLEX-UK,moderate,False,moderate
modifies,modifie,NOUN,modifies,modify,Verb,1,Step 1: SUBTLEX-UK,modify,False,modify
modulus,modulu,VERB,modulus,modulus,,1,Step 1: SUBTLEX-UK,modulus,False,modulus
moggies,moggie,NOUN,moggies,moggy,,1,Step 1: SUBTLEX-UK,moggy,False,moggy
moiled,moil,VERB,moiled,moiled,,1,Step 1: SUBTLEX-UK,moiled,False,moiled
moisturizing,moisturize,VERB,,,Adjective,2,Step 2: SUBTLEX-US + NLTK,moisturizing,False,moisturizing
molasses,molasse,VERB,molasses,molasses,Noun,1,Step 1: SUBTLEX-UK,molasses,False,molasses
molding,mold,VERB,molding,molding,Verb,1,Step 1: SUBTLEX-UK,molding,False,molding
MOLIERE'S,moliere's,ADV,,,,3,Step 3: spaCy fallback,moliere's,True,MOLIERE'S
molls,moll,NOUN,molls,molls,Noun,1,Step 1: SUBTLEX-UK,molls,False,molls
Molly's,molly',NOUN,,,,3,Step 3: spaCy fallback,molly',True,Molly's
molten,melt,VERB,molten,molten,Adjective,1,Step 1: SUBTLEX-UK,molten,False,molten
mom's,mom',NOUN,,,,3,Step 3: spaCy fallback,mom',True,mom's
monarchs,monarchs,ADV,monarchs,monarch,Noun,1,Step 1: SUBTLEX-UK,monarch,False,monarch
Monday's,monday',NOUN,,,,3,Step 3: spaCy fallback,monday',True,Monday's
mondays,monday,NOUN,mondays,mondays,Name,1,Step 1: SUBTLEX-UK,mondays,False,mondays
monetizing,monetize,VERB,,,Noun,2,Step 2: SUBTLEX-US + NLTK,monetizing,False,monetizing
money's,money',NOUN,,,,3,Step 3: spaCy fallback,money',True,money's
moneybags,moneybag,NOUN,moneybags,moneybags,Noun,1,Step 1: SUBTLEX-UK,moneybags,False,moneybags
moneychangers,moneychanger,NOUN,,,Noun,2,Step 2: SUBTLEX-US + NLTK,moneychangers,False,moneychangers
moneyed,moneye,VERB,moneyed,moneyed,Adjective,1,Step 1: SUBTLEX-UK,moneyed,False,moneyed
moneymaking,moneymake,VERB,moneymaking,moneymaking,Verb,1,Step 1: SUBTLEX-UK,moneymaking,False,moneymaking
mongering,monger,VERB,mongering,mongering,Verb,1,Step 1: SUBTLEX-UK,mongering,False,mongering
Mongolia's,mongolia',NOUN,,,,3,Step 3: spaCy fallback,mongolia',True,Mongolia's
mongols,mongol,NOUN,mongols,mongols,Noun,1,Step 1: SUBTLEX-UK,mongols,False,mongols
monies,monie,NOUN,monies,money,Noun,1,Step 1: SUBTLEX-UK,money,False,money
MONMOUTH'S,monmouth's,NOUN,,,,3,Step 3: spaCy fallback,monmouth's,True,MONMOUTH'S
monogrammed,monogramme,VERB,monogrammed,monogram,Adjective,1,Step 1: SUBTLEX-UK,monogram,False,monogram
monounsaturated,monounsaturate,VERB,,,Adjective,2,Step 2: SUBTLEX-US + NLTK,monounsaturated,False,monounsaturated
monstrosities,monstrositie,VERB,monstrosities,monstrosity,Noun,1,Step 1: SUBTLEX-UK,monstrosity,False,monstrosity
Montgomery's,montgomery',NOUN,,,,3,Step 3: spaCy fallback,montgomery',True,Montgomery's
moodier,moody,ADJ,moodier,moodier,,1,Step 1: SUBTLEX-UK,moodier,False,moodier
moodiest,moody,ADJ,moodiest,moodiest,Adjective,1,Step 1: SUBTLEX-UK,moodiest,False,moodiest
Moore's,moore',NOUN,,,,3,Step 3: spaCy fallback,moore',True,Moore's
mooring,moor,VERB,mooring,mooring,Adjective,1,Step 1: SUBTLEX-UK,mooring,False,mooring
moped,mope,VERB,moped,moped,Adjective,1,Step 1: SUBTLEX-UK,moped,False,moped
MORAINE'S,moraine's,ADV,,,,3,Step 3: spaCy fallback,moraine's,True,MORAINE'S
moratoria,moratoria,NOUN,moratoria,moratorium,,1,Step 1: SUBTLEX-UK,moratorium,False,moratorium
MORE'N,more'n,NOUN,,,,3,Step 3: spaCy fallback,more'n,True,MORE'N
mores,more,NOUN,mores,mores,Noun,1,Step 1: SUBTLEX-UK,mores,False,mores
Morgan's,morgan',NOUN,,,,3,Step 3: spaCy fallback,morgan',True,Morgan's
MORGENTHAU'S,morgenthau',NOUN,,,,3,Step 3: spaCy fallback,morgenthau',True,MORGENTHAU'S
MORIARTY'S,moriarty',NOUN,,,,3,Step 3: spaCy fallback,moriarty',True,MORIARTY'S
mormons,mormon,NOUN,mormons,mormons,Noun,1,Step 1: SUBTLEX-UK,mormons,False,mormons
MORSE'S,morse's,ADV,,,,3,Step 3: spaCy fallback,morse's,True,MORSE'S
Morton's,morton',NOUN,,,,3,Step 3: spaCy fallback,morton',True,Morton's
moslems,moslem,NOUN,moslems,moslems,Noun,1,Step 1: SUBTLEX-UK,moslems,False,moslems
MOSSBERG'S,mossberg',NOUN,,,,3,Step 3: spaCy fallback,mossberg',True,MOSSBERG'S
motherfucking,motherfucke,VERB,motherfucking,motherfuck,Adjective,1,Step 1: SUBTLEX-UK,motherfuck,False,motherfuck
motoring,motor,VERB,motoring,motoring,Noun,1,Step 1: SUBTLEX-UK,motoring,False,motoring
moulding,mould,VERB,moulding,moulding,Noun,1,Step 1: SUBTLEX-UK,moulding,False,moulding
mounties,mountie,NOUN,mounties,mounties,Noun,1,Step 1: SUBTLEX-UK,mounties,False,mounties
mouthwashes,mouthwashe,VERB,mouthwashes,mouthwash,,1,Step 1: SUBTLEX-UK,mouthwash,False,mouthwash
mouthwatering,mouthwatere,VERB,mouthwatering,mouthwater,Verb,1,Step 1: SUBTLEX-UK,mouthwater,False,mouthwater
mown,mown,VERB,mown,mow,Verb,1,Step 1: SUBTLEX-UK,mow,False,mow
Mozart's,mozart',NOUN,,,,3,Step 3: spaCy fallback,mozart',True,Mozart's
mozzarella,mozzarella,PROPN,mozzarella,mozzarellum,Noun,1,Step 1: SUBTLEX-UK,mozzarellum,False,mozzarellum
MUCK'S,muck',NOUN,,,,3,Step 3: spaCy fallback,muck',True,MUCK'S
muckiest,mucky,ADJ,muckiest,muckiest,,1,Step 1: SUBTLEX-UK,muckiest,False,muckiest
muckraking,muckrake,VERB,muckraking,muckraking,Adjective,1,Step 1: SUBTLEX-UK,muckraking,False,muckraking
muddies,muddie,NOUN,muddies,muddy,,1,Step 1: SUBTLEX-UK,muddy,False,muddy
muddiest,muddy,ADJ,muddiest,muddiest,,1,Step 1: SUBTLEX-UK,muddiest,False,muddiest
mudding,mud,VERB,mudding,mudding,,1,Step 1: SUBTLEX-UK,mudding,False,mudding
muddles,muddle,NOUN,muddles,muddles,,1,Step 1: SUBTLEX-UK,muddles,False,muddles
muds,muds,PROPN,muds,mud,Noun,1,Step 1: SUBTLEX-UK,mud,False,mud
mudslinging,mudslinge,VERB,mudslinging,mudslinging,Noun,1,Step 1: SUBTLEX-UK,mudslinging,False,mudslinging
muggins,muggin,NOUN,muggins,muggins,,1,Step 1: SUBTLEX-UK,muggins,False,muggins
mullahs,mullah,NOUN,mullahs,mulla,Noun,1,Step 1: SUBTLEX-UK,mulla,False,mulla
mulled,mull,VERB,mulled,mulled,Adjective,1,Step 1: SUBTLEX-UK,mulled,False,mulled
MULLER'S,muller's,ADJ,,,,3,Step 3: spaCy fallback,muller's,True,MULLER'S
mullioned,mullione,VERB,mullioned,mullioned,Adjective,1,Step 1: SUBTLEX-UK,mullioned,False,mullioned
multi,multi,VERB,multi,multus,Adjective,1,Step 1: SUBTLEX-UK,multus,False,multus
multicolored,multicolore,VERB,,,Adjective,2,Step 2: SUBTLEX-US + NLTK,multicolored,False,multicolored
multifaceted,multifacete,VERB,multifaceted,multifaceted,Verb,1,Step 1: SUBTLEX-UK,multifaceted,False,multifaceted
multilayered,multilayere,VERB,multilayered,multilayered,Adjective,1,Step 1: SUBTLEX-UK,multilayered,False,multilayered
multiplies,multiplie,NOUN,multiplies,multiply,Verb,1,Step 1: SUBTLEX-UK,multiply,False,multiply
multiprocessing,multiprocesse,VERB,,,Noun,2,Step 2: SUBTLEX-US + NLTK,multiprocessing,False,multiprocessing
multispecies,multispecie,NOUN,,,Noun,2,Step 2: SUBTLEX-US + NLTK,multispecies,False,multispecies
multitalented,multitalente,VERB,multitalented,multitalented,,1,Step 1: SUBTLEX-UK,multitalented,False,multitalented
multitasking,multitaske,VERB,multitasking,multitask,Verb,1,Step 1: SUBTLEX-UK,multitask,False,multitask
mumbles,mumble,NOUN,mumbles,mumbles,Verb,1,Step 1: SUBTLEX-UK,mumbles,False,mumbles
mumbling,mumbling,ADJ,mumbling,mumble,Verb,1,Step 1: SUBTLEX-UK,mumble,False,mumble
mummified,mummify,VERB,mummified,mummified,Adjective,1,Step 1: SUBTLEX-UK,mummified,False,mummified
mumming,mum,VERB,mumming,mumming,Verb,1,Step 1: SUBTLEX-UK,mumming,False,mumming
mumps,mump,NOUN,mumps,mumps,Noun,1,Step 1: SUBTLEX-UK,mumps,False,mumps
MUNDT'S,mundt',NOUN,,,,3,Step 3: spaCy fallback,mundt',True,MUNDT'S
Munich's,munich's,X,,,,3,Step 3: spaCy fallback,munich's,True,Munich's
muniments,muniment,NOUN,muniments,muniments,,1,Step 1: SUBTLEX-UK,muniments,False,muniments
munitions,munition,NOUN,munitions,munitions,Noun,1,Step 1: SUBTLEX-UK,munitions,False,munitions
murkier,murky,ADJ,murkier,murkier,Adjective,1,Step 1: SUBTLEX-UK,murkier,False,murkier
MURPHY'S,murphy',NOUN,,,,3,Step 3: spaCy fallback,murphy',True,MURPHY'S
Murray's,murray',NOUN,,,,3,Step 3: spaCy fallback,murray',True,Murray's
mus,mus,PROPN,mus,mu,Noun,1,Step 1: SUBTLEX-UK,mu,False,mu
musketeers,musketeer,NOUN,musketeers,musketeers,Noun,1,Step 1: SUBTLEX-UK,musketeers,False,musketeers
muslims,muslim,NOUN,muslims,muslims,Noun,1,Step 1: SUBTLEX-UK,muslims,False,muslims
MUSMANNO'S,musmanno',NOUN,,,,3,Step 3: spaCy fallback,musmanno',True,MUSMANNO'S
Mussolini's,mussolini's,NOUN,,,,3,Step 3: spaCy fallback,mussolini's,True,Mussolini's
MUSSORGSKY'S,mussorgsky',NOUN,,,,3,Step 3: spaCy fallback,mussorgsky',True,MUSSORGSKY'S
mustached,mustache,VERB,,,Adjective,2,Step 2: SUBTLEX-US + NLTK,mustached,False,mustached
mustachioed,mustachioe,VERB,mustachioed,mustachioed,Adjective,1,Step 1: SUBTLEX-UK,mustachioed,False,mustachioed
mustangs,mustang,NOUN,mustangs,mustangs,Noun,1,Step 1: SUBTLEX-UK,mustangs,False,mustangs
muted,mute,VERB,muted,muted,Adjective,1,Step 1: SUBTLEX-UK,muted,False,muted
muttonchops,muttonchop,NOUN,,,Noun,2,Step 2: SUBTLEX-US + NLTK,muttonchops,False,muttonchops
muzzling,muzzle,VERB,muzzling,muzzling,Verb,1,Step 1: SUBTLEX-UK,muzzling,False,muzzling
myalgia,myalgia,PROPN,myalgia,myalgium,,1,Step 1: SUBTLEX-UK,myalgium,False,myalgium
MYRA'S,myra's,X,,,,3,Step 3: spaCy fallback,myra's,True,MYRA'S
mystifies,mystifie,NOUN,mystifies,mystify,Verb,1,Step 1: SUBTLEX-UK,mystify,False,mystify
mythmaking,mythmake,VERB,,,Verb,2,Step 2: SUBTLEX-US + NLTK,mythmaking,False,mythmaking
mythos,mythos,PROPN,mythos,mytho,Noun,1,Step 1: SUBTLEX-UK,mytho,False,mytho
Nadine's,nadine',NOUN,,,,3,Step 3: spaCy fallback,nadine',True,Nadine's
nagging,nag,VERB,nagging,nagging,Adjective,1,Step 1: SUBTLEX-UK,nagging,False,nagging
NAGRIN'S,nagrin',NOUN,,,,3,Step 3: spaCy fallback,nagrin',True,NAGRIN'S
napes,nape,NOUN,napes,napes,,1,Step 1: SUBTLEX-UK,napes,False,napes
Napoleon's,napoleon',NOUN,,,,3,Step 3: spaCy fallback,napoleon',True,Napoleon's
napping,nap,VERB,napping,napping,Verb,1,Step 1: SUBTLEX-UK,napping,False,napping
narcissi,narcissi,PROPN,narcissi,narcissus,,1,Step 1: SUBTLEX-UK,narcissus,False,narcissus
narcs,narcs,PROPN,narcs,narc,Noun,1,Step 1: SUBTLEX-UK,narc,False,narc
narrower,narrow,ADJ,narrower,narrower,Adjective,1,Step 1: SUBTLEX-UK,narrower,False,narrower
narrowest,narrow,ADJ,narrowest,narrowest,Adjective,1,Step 1: SUBTLEX-UK,narrowest,False,narrowest
Nassau's,nassau',NOUN,,,,3,Step 3: spaCy fallback,nassau',True,Nassau's
nastier,nasty,ADJ,nastier,nastier,Adjective,1,Step 1: SUBTLEX-UK,nastier,False,nastier
nastiest,nasty,ADJ,nastiest,nastiest,Adjective,1,Step 1: SUBTLEX-UK,nastiest,False,nastiest
nationalisms,nationalisms,PROPN,nationalisms,nationalism,,1,Step 1: SUBTLEX-UK,nationalism,False,nationalism
nations,nation,NOUN,nations,nations,Noun,1,Step 1: SUBTLEX-UK,nations,False,nations
nattered,nattered,NOUN,nattered,natter,,1,Step 1: SUBTLEX-UK,natter,False,natter
nattiest,natty,ADJ,nattiest,nattiest,,1,Step 1: SUBTLEX-UK,nattiest,False,nattiest
naturalized,naturalize,VERB,,,Adjective,2,Step 2: SUBTLEX-US + NLTK,naturalized,False,naturalized
nature's,nature',NOUN,,,,3,Step 3: spaCy fallback,nature',True,nature's
nautili,nautili,PROPN,,,Noun,2,Step 2: SUBTLEX-US + NLTK,nautilus,False,nautilus
Navy's,navy's,INTJ,,,,3,Step 3: spaCy fallback,navy's,True,Navy's
nazis,nazi,NOUN,nazis,nazis,Noun,1,Step 1: SUBTLEX-UK,nazis,False,nazis
nearsighted,nearsighte,VERB,,,Adjective,2,Step 2: SUBTLEX-US + NLTK,nearsighted,False,nearsighted
neatest,neat,ADJ,neatest,neatest,Adjective,1,Step 1: SUBTLEX-UK,neatest,False,neatest
nebulae,nebulae,ADJ,nebulae,nebula,Noun,1,Step 1: SUBTLEX-UK,nebula,False,nebula
nebulas,nebulas,PROPN,nebulas,nebula,,1,Step 1: SUBTLEX-UK,nebula,False,nebula
necessaries,necessary,NOUN,necessaries,necessaries,Noun,1,Step 1: SUBTLEX-UK,necessaries,False,necessaries
necked,neck,VERB,necked,necked,Verb,1,Step 1: SUBTLEX-UK,necked,False,necked
needlepoints,needlepoint,NOUN,,,Verb,2,Step 2: SUBTLEX-US + NLTK,needlepoints,False,needlepoints
negating,negating,NOUN,negating,negate,Verb,1,Step 1: SUBTLEX-UK,negate,False,negate
NEHRU'S,nehru',NOUN,,,,3,Step 3: spaCy fallback,nehru',True,NEHRU'S
neighboring,neighbor,VERB,,,Adjective,2,Step 2: SUBTLEX-US + NLTK,neighboring,False,neighboring
neighbouring,neighbour,VERB,neighbouring,neighbouring,Adjective,1,Step 1: SUBTLEX-UK,neighbouring,False,neighbouring
nelsons,nelson,NOUN,nelsons,nelsons,Noun,1,Step 1: SUBTLEX-UK,nelsons,False,nelsons
neonates,neonate,VERB,,,Verb,2,Step 2: SUBTLEX-US + NLTK,neonates,False,neonates
nerving,nerve,VERB,nerving,nerving,Verb,1,Step 1: SUBTLEX-UK,nerving,False,nerving
nesting,nest,VERB,nesting,nesting,Noun,1,Step 1: SUBTLEX-UK,nesting,False,nesting
nettles,nettles,PROPN,nettles,nettle,Noun,1,Step 1: SUBTLEX-UK,nettle,False,nettle
networking,network,VERB,networking,networking,Noun,1,Step 1: SUBTLEX-UK,networking,False,networking
neuroimaging,neuroimage,VERB,neuroimaging,neuroimaging,,1,Step 1: SUBTLEX-UK,neuroimaging,False,neuroimaging
neutering,neuter,VERB,neutering,neutering,Noun,1,Step 1: SUBTLEX-UK,neutering,False,neutering
NEWBIGGIN'S,newbiggin',NOUN,,,,3,Step 3: spaCy fallback,newbiggin',True,NEWBIGGIN'S
newer,new,ADJ,newer,newer,Adjective,1,Step 1: SUBTLEX-UK,newer,False,newer
newest,new,ADJ,newest,newest,Adjective,1,Step 1: SUBTLEX-UK,newest,False,newest
newfangled,newfangle,VERB,newfangled,newfangled,Adjective,1,Step 1: SUBTLEX-UK,newfangled,False,newfangled
newlywed,newlywe,VERB,newlywed,newlywed,Noun,1,Step 1: SUBTLEX-UK,newlywed,False,newlywed
Newport's,newport',NOUN,,,,3,Step 3: spaCy fallback,newport',True,Newport's
newsgathering,newsgathere,VERB,newsgathering,newsgather,,1,Step 1: SUBTLEX-UK,newsgather,False,newsgather
newsmen,newsmen,PROPN,newsmen,newsman,Noun,1,Step 1: SUBTLEX-UK,newsman,False,newsman
Newton's,newton's,X,,,,3,Step 3: spaCy fallback,newton's,True,Newton's
newts,newts,PROPN,newts,newt,,1,Step 1: SUBTLEX-UK,newt,False,newt
nibbles,nibble,NOUN,nibbles,nibbles,Noun,1,Step 1: SUBTLEX-UK,nibbles,False,nibbles
nicer,nice,ADJ,nicer,nicer,Adjective,1,Step 1: SUBTLEX-UK,nicer,False,nicer
nicest,nice,ADJ,nicest,nicest,Adjective,1,Step 1: SUBTLEX-UK,nicest,False,nicest
Nick's,nick's,VERB,,,,3,Step 3: spaCy fallback,nick's,True,Nick's
NICOLAS'S,nicolas's,NOUN,,,,3,Step 3: spaCy fallback,nicolas's,True,NICOLAS'S
niggling,niggle,VERB,niggling,niggling,Adjective,1,Step 1: SUBTLEX-UK,niggling,False,niggling
nightclubbing,nightclubbe,VERB,nightclubbing,nightclub,Verb,1,Step 1: SUBTLEX-UK,nightclub,False,nightclub
nighted,nighte,VERB,nighted,night,,1,Step 1: SUBTLEX-UK,night,False,night
nines,nine,NOUN,nines,nines,Number,1,Step 1: SUBTLEX-UK,nines,False,nines
NIPE'S,nipe's,ADV,,,,3,Step 3: spaCy fallback,nipe's,True,NIPE'S
nipping,nipping,NOUN,nipping,nip,Verb,1,Step 1: SUBTLEX-UK,nip,False,nip
nisi,nisi,ADJ,nisi,nisus,,1,Step 1: SUBTLEX-UK,nisus,False,nisus
Nixon's,nixon',NOUN,,,,3,Step 3: spaCy fallback,nixon',True,Nixon's
nobbling,nobble,VERB,nobbling,nobbling,Verb,1,Step 1: SUBTLEX-UK,nobbling,False,nobbling
noblest,noble,ADJ,noblest,noblest,Adjective,1,Step 1: SUBTLEX-UK,noblest,False,noblest
nocturnes,nocturne,VERB,nocturnes,nocturnes,Noun,1,Step 1: SUBTLEX-UK,nocturnes,False,nocturnes
nodes,nod,VERB,nodes,node,Noun,1,Step 1: SUBTLEX-UK,node,False,node
noisier,noisy,ADJ,noisier,noisier,Adjective,1,Step 1: SUBTLEX-UK,noisier,False,noisier
noisiest,noisy,ADJ,noisiest,noisiest,Adjective,1,Step 1: SUBTLEX-UK,noisiest,False,noisiest
nonagenarians,nonagenarians,PROPN,nonagenarians,nonagenarian,,1,Step 1: SUBTLEX-UK,nonagenarian,False,nonagenarian
nonaligned,nonaligne,VERB,,,Adjective,2,Step 2: SUBTLEX-US + NLTK,nonaligned,False,nonaligned
nonbinding,nonbinde,VERB,,,Verb,2,Step 2: SUBTLEX-US + NLTK,nonbinding,False,nonbinding
nondrinking,nondrinke,VERB,,,Adjective,2,Step 2: SUBTLEX-US + NLTK,nondrinking,False,nondrinking
nonfunctioning,nonfunctione,VERB,,,Verb,2,Step 2: SUBTLEX-US + NLTK,nonfunctioning,False,nonfunctioning
nonplussed,nonplus,VERB,nonplussed,nonplussed,Adjective,1,Step 1: SUBTLEX-UK,nonplussed,False,nonplussed
nonsmoking,nonsmoke,VERB,,,Verb,2,Step 2: SUBTLEX-US + NLTK,nonsmoking,False,nonsmoking
nonthreatening,nonthreatene,VERB,,,Verb,2,Step 2: SUBTLEX-US + NLTK,nonthreatening,False,nonthreatening
normalizing,normalizing,ADJ,,,Verb,2,Step 2: SUBTLEX-US + NLTK,normalize,False,normalize
northeastwards,northeastward,NOUN,northeastwards,northeastwards,,1,Step 1: SUBTLEX-UK,northeastwards,False,northeastwards
northmen,northman,NOUN,northmen,northmen,,1,Step 1: SUBTLEX-UK,northmen,False,northmen
northwards,northward,NOUN,northwards,northwards,,1,Step 1: SUBTLEX-UK,northwards,False,northwards
nos,nos,ADV,nos,no,Noun,1,Step 1: SUBTLEX-UK,no,False,no
nosediving,nosedive,VERB,nosediving,nosediving,,1,Step 1: SUBTLEX-UK,nosediving,False,nosediving
nosiest,nosy,ADJ,nosiest,nosiest,Adjective,1,Step 1: SUBTLEX-UK,nosiest,False,nosiest
nosing,nosing,NOUN,nosing,nose,Verb,1,Step 1: SUBTLEX-UK,nose,False,nose
notifies,notifie,NOUN,notifies,notify,Verb,1,Step 1: SUBTLEX-UK,notify,False,notify
noughties,noughtie,NOUN,noughties,noughty,,1,Step 1: SUBTLEX-UK,noughty,False,noughty
novae,novae,ADJ,novae,nova,Noun,1,Step 1: SUBTLEX-UK,nova,False,nova
novas,novas,NOUN,novas,nova,,1,Step 1: SUBTLEX-UK,nova,False,nova
novel's,novel',NOUN,,,,3,Step 3: spaCy fallback,novel',True,novel's
novella,novella,PROPN,novella,novellum,Noun,1,Step 1: SUBTLEX-UK,novellum,False,novellum
novellas,novellas,PROPN,novellas,novella,Noun,1,Step 1: SUBTLEX-UK,novella,False,novella
nuanced,nuance,VERB,nuanced,nuanced,Verb,1,Step 1: SUBTLEX-UK,nuanced,False,nuanced
nuancing,nuance,VERB,nuancing,nuancing,,1,Step 1: SUBTLEX-UK,nuancing,False,nuancing
nuclei,nuclei,PROPN,nuclei,nucleus,Noun,1,Step 1: SUBTLEX-UK,nucleus,False,nucleus
nullifies,nullifie,NOUN,,,Verb,2,Step 2: SUBTLEX-US + NLTK,nullify,False,nullify
numbs,numbs,PROPN,numbs,numb,Verb,1,Step 1: SUBTLEX-UK,numb,False,numb
nuptials,nuptial,NOUN,nuptials,nuptials,Noun,1,Step 1: SUBTLEX-UK,nuptials,False,nuptials
nurserymen,nurserymen,VERB,nurserymen,nurseryman,,1,Step 1: SUBTLEX-UK,nurseryman,False,nurseryman
nursling,nursle,VERB,nursling,nursling,,1,Step 1: SUBTLEX-UK,nursling,False,nursling
nuttiest,nutty,ADJ,nuttiest,nuttiest,Adjective,1,Step 1: SUBTLEX-UK,nuttiest,False,nuttiest
nuzzles,nuzzles,PROPN,,,Verb,2,Step 2: SUBTLEX-US + NLTK,nuzzle,False,nuzzle
nylons,nylon,NOUN,nylons,nylons,Noun,1,Step 1: SUBTLEX-UK,nylons,False,nylons
nymphos,nymphos,NOUN,,,Noun,2,Step 2: SUBTLEX-US + NLTK,nympho,False,nympho
oafs,oafs,NOUN,oafs,oaf,Noun,1,Step 1: SUBTLEX-UK,oaf,False,oaf
oaks,oak,VERB,oaks,oaks,Noun,1,Step 1: SUBTLEX-UK,oaks,False,oaks
oared,oare,VERB,oared,oared,,1,Step 1: SUBTLEX-UK,oared,False,oared
oats,oat,NOUN,oats,oats,Noun,1,Step 1: SUBTLEX-UK,oats,False,oats
obis,obis,PROPN,,,Noun,2,Step 2: SUBTLEX-US + NLTK,obi,False,obi
obscenities,obscenitie,VERB,obscenities,obscenity,Noun,1,Step 1: SUBTLEX-UK,obscenity,False,obscenity
obsequies,obsequie,NOUN,obsequies,obsequy,,1,Step 1: SUBTLEX-UK,obsequy,False,obsequy
obsessing,obsessing,NOUN,obsessing,obsess,Verb,1,Step 1: SUBTLEX-UK,obsess,False,obsess
obstetrics,obstetric,NOUN,obstetrics,obstetrics,Noun,1,Step 1: SUBTLEX-UK,obstetrics,False,obstetrics
occluded,occlude,VERB,occluded,occluded,Adjective,1,Step 1: SUBTLEX-UK,occluded,False,occluded
oceangoing,oceangoe,VERB,,,Name,2,Step 2: SUBTLEX-US + NLTK,oceangoing,False,oceangoing
octopi,octopi,VERB,octopi,octopus,Noun,1,Step 1: SUBTLEX-UK,octopus,False,octopus
odds,odd,NOUN,odds,odds,Noun,1,Step 1: SUBTLEX-UK,odds,False,odds
office's,office',NOUN,,,,3,Step 3: spaCy fallback,office',True,office's
offputting,offputte,VERB,offputting,offputting,,1,Step 1: SUBTLEX-UK,offputting,False,offputting
offspring,offspre,VERB,offspring,offspring,Noun,1,Step 1: SUBTLEX-UK,offspring,False,offspring
oilers,oiler,NOUN,oilers,oilers,Name,1,Step 1: SUBTLEX-UK,oilers,False,oilers
OLDENBURG'S,oldenburg',NOUN,,,,3,Step 3: spaCy fallback,oldenburg',True,OLDENBURG'S
older,old,ADJ,older,older,Adjective,1,Step 1: SUBTLEX-UK,older,False,older
oldest,old,ADJ,oldest,oldest,Adjective,1,Step 1: SUBTLEX-UK,oldest,False,oldest
oldies,oldie,VERB,oldies,oldy,Noun,1,Step 1: SUBTLEX-UK,oldy,False,oldy
Oliver's,oliver's,X,,,,3,Step 3: spaCy fallback,oliver's,True,Oliver's
olympics,olympic,NOUN,olympics,olympics,Noun,1,Step 1: SUBTLEX-UK,olympics,False,olympics
ombudsmen,ombudsman,NOUN,ombudsmen,ombudsmen,,1,Step 1: SUBTLEX-UK,ombudsmen,False,ombudsmen
omegas,omegas,PROPN,omegas,omega,Noun,1,Step 1: SUBTLEX-UK,omega,False,omega
omen,oman,NOUN,omen,omen,Noun,1,Step 1: SUBTLEX-UK,omen,False,omen
one's,one',NOUN,,,,3,Step 3: spaCy fallback,one',True,one's
onrushing,onrushe,VERB,,,Adjective,2,Step 2: SUBTLEX-US + NLTK,onrushing,False,onrushing
Ontario's,ontario',NOUN,,,,3,Step 3: spaCy fallback,ontario',True,Ontario's
onwards,onwards,ADV,onwards,onward,Adverb,1,Step 1: SUBTLEX-UK,onward,False,onward
oodles,oodle,NOUN,oodles,oodles,Noun,1,Step 1: SUBTLEX-UK,oodles,False,oodles
opening,open,VERB,opening,opening,Noun,1,Step 1: SUBTLEX-UK,opening,False,opening
opinioned,opinione,VERB,,,Verb,2,Step 2: SUBTLEX-US + NLTK,opinioned,False,opinioned
optics,optic,NOUN,optics,optics,Noun,1,Step 1: SUBTLEX-UK,optics,False,optics
orbed,orb,VERB,orbed,orbed,Verb,1,Step 1: SUBTLEX-UK,orbed,False,orbed
ORDINARY'S,ordinary's,ADV,,,,3,Step 3: spaCy fallback,ordinary's,True,ORDINARY'S
orientalists,orientalist,NOUN,orientalists,orientalists,,1,Step 1: SUBTLEX-UK,orientalists,False,orientalists
origami,origami,PROPN,origami,origamus,Noun,1,Step 1: SUBTLEX-UK,origamus,False,origamus
orioles,oriole,NOUN,orioles,orioles,Noun,1,Step 1: SUBTLEX-UK,orioles,False,orioles
ORLICK'S,orlick',NOUN,,,,3,Step 3: spaCy fallback,orlick',True,ORLICK'S
orris,orris,NOUN,orris,orri,Noun,1,Step 1: SUBTLEX-UK,orri,False,orri
orthodontics,orthodontic,NOUN,orthodontics,orthodontics,Noun,1,Step 1: SUBTLEX-UK,orthodontics,False,orthodontics
orthodontist's,orthodontist',VERB,,,,3,Step 3: spaCy fallback,orthodontist',True,orthodontist's
orthopaedics,orthopaedic,NOUN,orthopaedics,orthopaedics,Noun,1,Step 1: SUBTLEX-UK,orthopaedics,False,orthopaedics
oscars,oscar,VERB,oscars,oscars,Noun,1,Step 1: SUBTLEX-UK,oscars,False,oscars
ospreys,osprey,VERB,ospreys,ospreys,Noun,1,Step 1: SUBTLEX-UK,ospreys,False,ospreys
ostriches,ostriche,VERB,ostriches,ostrich,Noun,1,Step 1: SUBTLEX-UK,ostrich,False,ostrich
OTHON'S,othon',NOUN,,,,3,Step 3: spaCy fallback,othon',True,OTHON'S
ottomans,othman,NOUN,ottomans,ottomans,Noun,1,Step 1: SUBTLEX-UK,ottomans,False,ottomans
our,our,PRON,our,we,Pronoun,1,Step 1: SUBTLEX-UK,we,False,we
ours,our,NOUN,ours,ours,Pronoun,1,Step 1: SUBTLEX-UK,ours,False,ours
outbuilding,outbuilde,VERB,outbuilding,outbuilding,Noun,1,Step 1: SUBTLEX-UK,outbuilding,False,outbuilding
outclassing,outclass,VERB,outclassing,outclassing,,1,Step 1: SUBTLEX-UK,outclassing,False,outclassing
outdated,outdate,VERB,outdated,outdated,Adjective,1,Step 1: SUBTLEX-UK,outdated,False,outdated
outdid,outdid,ADV,outdid,outdo,Verb,1,Step 1: SUBTLEX-UK,outdo,False,outdo
outdone,outdone,VERB,outdone,outdo,Verb,1,Step 1: SUBTLEX-UK,outdo,False,outdo
outdrew,outdraw,VERB,outdrew,outdrew,Verb,1,Step 1: SUBTLEX-UK,outdrew,False,outdrew
outfitting,outfit,VERB,outfitting,outfitting,Verb,1,Step 1: SUBTLEX-UK,outfitting,False,outfitting
outing,out,VERB,outing,outing,Noun,1,Step 1: SUBTLEX-UK,outing,False,outing
outlaid,outlay,VERB,outlaid,outlaid,,1,Step 1: SUBTLEX-UK,outlaid,False,outlaid
outpouring,outpoure,VERB,outpouring,outpouring,Noun,1,Step 1: SUBTLEX-UK,outpouring,False,outpouring
outraged,outrage,VERB,outraged,outraged,Adjective,1,Step 1: SUBTLEX-UK,outraged,False,outraged
outran,outran,PROPN,outran,outrun,Verb,1,Step 1: SUBTLEX-UK,outrun,False,outrun
outreaching,outreache,VERB,,,Verb,2,Step 2: SUBTLEX-US + NLTK,outreaching,False,outreaching
outshone,outshone,NOUN,outshone,outshine,Verb,1,Step 1: SUBTLEX-UK,outshine,False,outshine
outshot,outshoot,VERB,outshot,outshot,,1,Step 1: SUBTLEX-UK,outshot,False,outshot
outsized,outsize,VERB,outsized,outsized,Verb,1,Step 1: SUBTLEX-UK,outsized,False,outsized
OUTSKIRT'S,outskirt's,X,,,,3,Step 3: spaCy fallback,outskirt's,True,OUTSKIRT'S
outskirts,outskirt,NOUN,outskirts,outskirts,Noun,1,Step 1: SUBTLEX-UK,outskirts,False,outskirts
outsold,outsold,VERB,outsold,outsell,Noun,1,Step 1: SUBTLEX-UK,outsell,False,outsell
outstretched,outstretche,VERB,outstretched,outstretch,Adjective,1,Step 1: SUBTLEX-UK,outstretch,False,outstretch
outtalks,outtalk,VERB,,,Verb,2,Step 2: SUBTLEX-US + NLTK,outtalks,False,outtalks
outwards,outward,NOUN,outwards,outwards,Adverb,1,Step 1: SUBTLEX-UK,outwards,False,outwards
outweighs,outweighs,PROPN,outweighs,outweigh,Verb,1,Step 1: SUBTLEX-UK,outweigh,False,outweigh
outworn,outwear,VERB,outworn,outworn,Adjective,1,Step 1: SUBTLEX-UK,outworn,False,outworn
ova,ova,VERB,ova,ovum,Noun,1,Step 1: SUBTLEX-UK,ovum,False,ovum
overalls,overall,NOUN,overalls,overalls,Noun,1,Step 1: SUBTLEX-UK,overalls,False,overalls
overarching,overarch,VERB,overarching,overarching,,1,Step 1: SUBTLEX-UK,overarching,False,overarching
overawing,overawe,VERB,overawing,overawing,,1,Step 1: SUBTLEX-UK,overawing,False,overawing
overbore,overbore,NOUN,overbore,overbear,,1,Step 1: SUBTLEX-UK,overbear,False,overbear
overburdened,overburden,VERB,overburdened,overburdened,Adjective,1,Step 1: SUBTLEX-UK,overburdened,False,overburdened
overcrowded,overcrowd,VERB,overcrowded,overcrowded,Adjective,1,Step 1: SUBTLEX-UK,overcrowded,False,overcrowded
overcrowding,overcrowd,VERB,overcrowding,overcrowding,Verb,1,Step 1: SUBTLEX-UK,overcrowding,False,overcrowding
overdeveloped,overdeveloped,VERB,overdeveloped,overdevelop,Adjective,1,Step 1: SUBTLEX-UK,overdevelop,False,overdevelop
overdid,overdid,ADV,overdid,overdo,Verb,1,Step 1: SUBTLEX-UK,overdo,False,overdo
overdoing,overdoing,NOUN,overdoing,overdo,Verb,1,Step 1: SUBTLEX-UK,overdo,False,overdo
overdone,overdone,NOUN,overdone,overdo,Verb,1,Step 1: SUBTLEX-UK,overdo,False,overdo
overdressed,overdress,VERB,overdressed,overdressed,Verb,1,Step 1: SUBTLEX-UK,overdressed,False,overdressed
overdressing,overdressing,ADJ,,,Verb,2,Step 2: SUBTLEX-US + NLTK,overdress,False,overdress
overdubbed,overdubbe,VERB,overdubbed,overdub,Verb,1,Step 1: SUBTLEX-UK,overdub,False,overdub
overestimated,overestimated,ADJ,overestimated,overestimate,Verb,1,Step 1: SUBTLEX-UK,overestimate,False,overestimate
overexcited,overexcite,VERB,overexcited,overexcit,Verb,1,Step 1: SUBTLEX-UK,overexcit,False,overexcit
overexposed,overexposed,ADJ,overexposed,overexpose,Adjective,1,Step 1: SUBTLEX-UK,overexpose,False,overexpose
overfed,overfe,VERB,overfed,overf,Verb,1,Step 1: SUBTLEX-UK,overf,False,overf
overflew,overflew,PROPN,overflew,overfly,,1,Step 1: SUBTLEX-UK,overfly,False,overfly
overflown,overflown,ADJ,overflown,overfly,Noun,1,Step 1: SUBTLEX-UK,overfly,False,overfly
overhauls,overhauls,NOUN,overhauls,overhaul,,1,Step 1: SUBTLEX-UK,overhaul,False,overhaul
overheard,overheard,VERB,overheard,overhear,Verb,1,Step 1: SUBTLEX-UK,overhear,False,overhear
overheated,overheat,VERB,overheated,overheate,Adjective,1,Step 1: SUBTLEX-UK,overheate,False,overheate
overheating,overheat,VERB,overheating,overheate,Verb,1,Step 1: SUBTLEX-UK,overheate,False,overheate
overhung,overhung,PROPN,overhung,overhang,Verb,1,Step 1: SUBTLEX-UK,overhang,False,overhang
overinflated,overinflate,VERB,overinflated,overinflated,Adjective,1,Step 1: SUBTLEX-UK,overinflated,False,overinflated
overlaps,overlaps,ADV,overlaps,overlap,Verb,1,Step 1: SUBTLEX-UK,overlap,False,overlap
overlying,overlying,PROPN,overlying,overlie,Verb,1,Step 1: SUBTLEX-UK,overlie,False,overlie
overpays,overpay,NOUN,overpays,overpays,Verb,1,Step 1: SUBTLEX-UK,overpays,False,overpays
overqualified,overqualifie,VERB,overqualified,overqualify,Verb,1,Step 1: SUBTLEX-UK,overqualify,False,overqualify
overran,overran,PROPN,overran,overrun,Verb,1,Step 1: SUBTLEX-UK,overrun,False,overrun
overridden,overridden,NOUN,overridden,override,Verb,1,Step 1: SUBTLEX-UK,override,False,override
overrode,overrode,NOUN,overrode,override,Verb,1,Step 1: SUBTLEX-UK,override,False,override
oversaw,oversaw,NOUN,oversaw,oversee,Verb,1,Step 1: SUBTLEX-UK,oversee,False,oversee
overselling,overselle,VERB,overselling,oversell,Verb,1,Step 1: SUBTLEX-UK,oversell,False,oversell
overshot,overshot,PROPN,overshot,overshoot,Verb,1,Step 1: SUBTLEX-UK,overshoot,False,overshoot
oversimplified,oversimplify,VERB,oversimplified,oversimplified,Verb,1,Step 1: SUBTLEX-UK,oversimplified,False,oversimplified
oversized,oversize,VERB,oversized,oversized,Adjective,1,Step 1: SUBTLEX-UK,oversized,False,oversized
overslept,overslept,ADV,overslept,oversleep,Verb,1,Step 1: SUBTLEX-UK,oversleep,False,oversleep
oversold,oversell,VERB,oversold,oversold,Verb,1,Step 1: SUBTLEX-UK,oversold,False,oversold
overspecialized,overspecialize,VERB,,,Adjective,2,Step 2: SUBTLEX-US + NLTK,overspecialized,False,overspecialized
overstaffed,overstaffe,VERB,overstaffed,overstaffed,Adjective,1,Step 1: SUBTLEX-UK,overstaffed,False,overstaffed
oversteered,oversteere,VERB,oversteered,oversteered,,1,Step 1: SUBTLEX-UK,oversteered,False,oversteered
oversteering,oversteere,VERB,oversteering,oversteer,,1,Step 1: SUBTLEX-UK,oversteer,False,oversteer
overstepped,overstepped,VERB,overstepped,overstep,Verb,1,Step 1: SUBTLEX-UK,overstep,False,overstep
overstuffed,overstuff,VERB,overstuffed,overstuffed,Verb,1,Step 1: SUBTLEX-UK,overstuffed,False,overstuffed
oversubscribed,oversubscribe,VERB,oversubscribed,oversubscribed,,1,Step 1: SUBTLEX-UK,oversubscribed,False,oversubscribed
overtaken,overtaken,VERB,overtaken,overtake,Verb,1,Step 1: SUBTLEX-UK,overtake,False,overtake
overthrew,overthrew,NOUN,overthrew,overthrow,Verb,1,Step 1: SUBTLEX-UK,overthrow,False,overthrow
overtook,overtook,NOUN,overtook,overtake,Verb,1,Step 1: SUBTLEX-UK,overtake,False,overtake
overtopped,overtopped,ADJ,overtopped,overtop,,1,Step 1: SUBTLEX-UK,overtop,False,overtop
overweening,overweene,VERB,overweening,overween,Verb,1,Step 1: SUBTLEX-UK,overween,False,overween
overweighted,overweighte,VERB,,,Verb,2,Step 2: SUBTLEX-US + NLTK,overweighted,False,overweighted
overwhelmed,overwhelmed,PROPN,overwhelmed,overwhelm,Verb,1,Step 1: SUBTLEX-UK,overwhelm,False,overwhelm
overwritten,overwrite,VERB,overwritten,overwritten,Verb,1,Step 1: SUBTLEX-UK,overwritten,False,overwritten
ovoids,ovoids,PUNCT,ovoids,ovoid,,1,Step 1: SUBTLEX-UK,ovoid,False,ovoid
oxalis,oxalis,PROPN,oxalis,oxali,,1,Step 1: SUBTLEX-UK,oxali,False,oxali
oxen,oxen,PROPN,oxen,ox,Noun,1,Step 1: SUBTLEX-UK,ox,False,ox
oxidized,oxidize,VERB,,,Adjective,2,Step 2: SUBTLEX-US + NLTK,oxidized,False,oxidized
oyes,oye,NOUN,,,Verb,2,Step 2: SUBTLEX-US + NLTK,oyes,False,oyes
P'LITE,p'lite,NUM,,,,3,Step 3: spaCy fallback,p'lite,True,P'LITE
PA'D,pa'd,VERB,,,,3,Step 3: spaCy fallback,pa'd,True,PA'D
pacifies,pacifie,NOUN,pacifies,pacify,,1,Step 1: SUBTLEX-UK,pacify,False,pacify
pacing,pace,VERB,pacing,pacing,Verb,1,Step 1: SUBTLEX-UK,pacing,False,pacing
packaging,package,VERB,packaging,packaging,Noun,1,Step 1: SUBTLEX-UK,packaging,False,packaging
packers,packer,NOUN,packers,packers,Noun,1,Step 1: SUBTLEX-UK,packers,False,packers
padded,pad,VERB,padded,padded,Adjective,1,Step 1: SUBTLEX-UK,padded,False,padded
padding,pad,VERB,padding,padding,Noun,1,Step 1: SUBTLEX-UK,padding,False,padding
padlocked,padlock,VERB,padlocked,padlocked,Verb,1,Step 1: SUBTLEX-UK,padlocked,False,padlocked
padres,padre,NOUN,padres,padres,Noun,1,Step 1: SUBTLEX-UK,padres,False,padres
paediatrics,paediatric,NOUN,paediatrics,paediatrics,Noun,1,Step 1: SUBTLEX-UK,paediatrics,False,paediatrics
paella,paella,NOUN,paella,paellum,Noun,1,Step 1: SUBTLEX-UK,paellum,False,paellum
paging,page,VERB,paging,paging,Noun,1,Step 1: SUBTLEX-UK,paging,False,paging
PAGNOL'S,pagnol's,VERB,,,,3,Step 3: spaCy fallback,pagnol's,True,PAGNOL'S
pained,pain,VERB,pained,pained,Adjective,1,Step 1: SUBTLEX-UK,pained,False,pained
painting,paint,VERB,painting,painting,Noun,1,Step 1: SUBTLEX-UK,painting,False,painting
pairing,pair,VERB,pairing,pairing,Verb,1,Step 1: SUBTLEX-UK,pairing,False,pairing
pajamas,pajama,NOUN,pajamas,pajamas,Noun,1,Step 1: SUBTLEX-UK,pajamas,False,pajamas
pal's,pal',NOUN,,,,3,Step 3: spaCy fallback,pal',True,pal's
paling,pale,VERB,paling,paling,,1,Step 1: SUBTLEX-UK,paling,False,paling
palisades,palisade,NOUN,palisades,palisades,Noun,1,Step 1: SUBTLEX-UK,palisades,False,palisades
palled,pal,VERB,palled,pall,Verb,1,Step 1: SUBTLEX-UK,pall,False,pall
palling,pal,VERB,palling,pall,Verb,1,Step 1: SUBTLEX-UK,pall,False,pall
palmers,palmer,NOUN,palmers,palmers,Noun,1,Step 1: SUBTLEX-UK,palmers,False,palmers
Pam's,pam's,X,,,,3,Step 3: spaCy fallback,pam's,True,Pam's
Pamela's,pamela',NOUN,,,,3,Step 3: spaCy fallback,pamela',True,Pamela's
pampered,pamper,VERB,pampered,pampered,Verb,1,Step 1: SUBTLEX-UK,pampered,False,pampered
pampering,pamper,VERB,pampering,pampering,Verb,1,Step 1: SUBTLEX-UK,pampering,False,pampering
pampers,pamper,NOUN,pampers,pampers,Verb,1,Step 1: SUBTLEX-UK,pampers,False,pampers
panatella,panatella,NOUN,panatella,panatellum,,1,Step 1: SUBTLEX-UK,panatellum,False,panatellum
panatellas,panatellas,PROPN,panatellas,panatella,,1,Step 1: SUBTLEX-UK,panatella,False,panatella
pancreas,pancrea,NOUN,pancreas,pancreas,Noun,1,Step 1: SUBTLEX-UK,pancreas,False,pancreas
Pandora's,pandora',NOUN,,,,3,Step 3: spaCy fallback,pandora',True,Pandora's
panel's,panel',NOUN,,,,3,Step 3: spaCy fallback,panel',True,panel's
paneled,panel,VERB,paneled,paneled,,1,Step 1: SUBTLEX-UK,paneled,False,paneled
paneling,panel,VERB,,,Noun,2,Step 2: SUBTLEX-US + NLTK,paneling,False,paneling
panelling,panel,VERB,panelling,panelling,Noun,1,Step 1: SUBTLEX-UK,panelling,False,panelling
pannier,panni,ADJ,pannier,pannier,,1,Step 1: SUBTLEX-UK,pannier,False,pannier
panoramas,panoramas,PROPN,panoramas,panorama,,1,Step 1: SUBTLEX-UK,panorama,False,panorama
pantaloons,pantaloon,NOUN,pantaloons,pantaloons,Noun,1,Step 1: SUBTLEX-UK,pantaloons,False,pantaloons
panthers,panther,NOUN,panthers,panthers,Noun,1,Step 1: SUBTLEX-UK,panthers,False,panthers
panties,pantie,NOUN,panties,panties,Noun,1,Step 1: SUBTLEX-UK,panties,False,panties
pantiles,pantile,NOUN,pantiles,pantiles,,1,Step 1: SUBTLEX-UK,pantiles,False,pantiles
panting,pant,VERB,panting,panting,Verb,1,Step 1: SUBTLEX-UK,panting,False,panting
pants,pant,NOUN,pants,pants,Noun,1,Step 1: SUBTLEX-UK,pants,False,pants
paparazzi,paparazzi,NOUN,paparazzi,paparazzus,Noun,1,Step 1: SUBTLEX-UK,paparazzus,False,paparazzus
papas,papa,NOUN,papas,papas,Noun,1,Step 1: SUBTLEX-UK,papas,False,papas
papayas,papayas,NOUN,papayas,papaya,Noun,1,Step 1: SUBTLEX-UK,papaya,False,papaya
papermaking,papermake,VERB,papermaking,papermaking,Verb,1,Step 1: SUBTLEX-UK,papermaking,False,papermaking
papers,paper,NOUN,papers,papers,Noun,1,Step 1: SUBTLEX-UK,papers,False,papers
papilla,papilla,NOUN,papilla,papillum,Noun,1,Step 1: SUBTLEX-UK,papillum,False,papillum
papillae,papillae,NOUN,papillae,papilla,,1,Step 1: SUBTLEX-UK,papilla,False,papilla
papooses,papoose,NOUN,,,Verb,2,Step 2: SUBTLEX-US + NLTK,papooses,False,papooses
pappies,pappie,NOUN,,,Name,2,Step 2: SUBTLEX-US + NLTK,pappies,False,pappies
paragliding,paraglide,VERB,paragliding,paragliding,Verb,1,Step 1: SUBTLEX-UK,paragliding,False,paragliding
paralympics,paralympic,NOUN,paralympics,paralympics,,1,Step 1: SUBTLEX-UK,paralympics,False,paralympics
paralyses,paralysis,NOUN,paralyses,paralyse,Verb,1,Step 1: SUBTLEX-UK,paralyse,False,paralyse
paras,para,NOUN,paras,paras,Noun,1,Step 1: SUBTLEX-UK,paras,False,paras
paratroops,paratroop,NOUN,paratroops,paratroops,Noun,1,Step 1: SUBTLEX-UK,paratroops,False,paratroops
parentheses,parenthese,VERB,,,Noun,2,Step 2: SUBTLEX-US + NLTK,parenthesis,False,parenthesis
parenting,parent,VERB,parenting,parenting,Noun,1,Step 1: SUBTLEX-UK,parenting,False,parenting
parkas,parkas,PROPN,parkas,parka,Noun,1,Step 1: SUBTLEX-UK,parka,False,parka
Parkinson's,parkinson',NOUN,,,,3,Step 3: spaCy fallback,parkinson',True,Parkinson's
PARRY'S,parry's,NOUN,,,,3,Step 3: spaCy fallback,parry's,True,PARRY'S
parsons,parson,NOUN,parsons,parsons,Name,1,Step 1: SUBTLEX-UK,parsons,False,parsons
partaken,partaken,VERB,partaken,partake,Verb,1,Step 1: SUBTLEX-UK,partake,False,partake
particulars,particular,NOUN,particulars,particulars,Noun,1,Step 1: SUBTLEX-UK,particulars,False,particulars
partied,partie,VERB,partied,party,Verb,1,Step 1: SUBTLEX-UK,party,False,party
parting,part,VERB,parting,parting,Noun,1,Step 1: SUBTLEX-UK,parting,False,parting
partitioning,partition,VERB,partitioning,partitioning,,1,Step 1: SUBTLEX-UK,partitioning,False,partitioning
PARTLOW'S,partlow',NOUN,,,,3,Step 3: spaCy fallback,partlow',True,PARTLOW'S
partnering,partnering,NOUN,partnering,partner,Verb,1,Step 1: SUBTLEX-UK,partner,False,partner
partook,partook,NOUN,partook,partake,Verb,1,Step 1: SUBTLEX-UK,partake,False,partake
parvenus,parvenus,NOUN,parvenus,parvenu,Noun,1,Step 1: SUBTLEX-UK,parvenu,False,parvenu
pasting,paste,VERB,pasting,pasting,Verb,1,Step 1: SUBTLEX-UK,pasting,False,pasting
Pat's,pat's,X,,,,3,Step 3: spaCy fallback,pat's,True,Pat's
paterfamilias,paterfamilia,NOUN,paterfamilias,paterfamilias,Noun,1,Step 1: SUBTLEX-UK,paterfamilias,False,paterfamilias
pathfinders,pathfinder,NOUN,pathfinders,pathfinders,Noun,1,Step 1: SUBTLEX-UK,pathfinders,False,pathfinders
Patrick's,patrick',NOUN,,,,3,Step 3: spaCy fallback,patrick',True,Patrick's
patriots,patriot,NOUN,patriots,patriots,Noun,1,Step 1: SUBTLEX-UK,patriots,False,patriots
patrolling,patrol,VERB,patrolling,patrolling,Verb,1,Step 1: SUBTLEX-UK,patrolling,False,patrolling
patronizing,patronize,VERB,,,Adjective,2,Step 2: SUBTLEX-US + NLTK,patronizing,False,patronizing
PATRONNE'S,patronne's,VERB,,,,3,Step 3: spaCy fallback,patronne's,True,PATRONNE'S
patterning,pattern,VERB,patterning,patterning,Verb,1,Step 1: SUBTLEX-UK,patterning,False,patterning
Paul's,paul's,INTJ,,,,3,Step 3: spaCy fallback,paul's,True,Paul's
PAULING'S,pauling',NOUN,,,,3,Step 3: spaCy fallback,pauling',True,PAULING'S
PAUS'L,paus'l,NOUN,,,,3,Step 3: spaCy fallback,paus'l,True,PAUS'L
paved,paved,VERB,paved,pave,Verb,1,Step 1: SUBTLEX-UK,pave,False,pave
paving,pave,VERB,paving,paving,Verb,1,Step 1: SUBTLEX-UK,paving,False,paving
PAWTUCKET'S,pawtucket',NOUN,,,,3,Step 3: spaCy fallback,pawtucket',True,PAWTUCKET'S
peacemaking,peacemake,VERB,peacemaking,peacemaking,Adjective,1,Step 1: SUBTLEX-UK,peacemaking,False,peacemaking
PEALE'S,peale's,ADV,,,,3,Step 3: spaCy fallback,peale's,True,PEALE'S
pearling,pearl,VERB,pearling,pearling,,1,Step 1: SUBTLEX-UK,pearling,False,pearling
pectoralis,pectoralis,VERB,pectoralis,pectorali,Noun,1,Step 1: SUBTLEX-UK,pectorali,False,pectorali
pederasts,pederast,NOUN,,,Verb,2,Step 2: SUBTLEX-US + NLTK,pederasts,False,pederasts
PEDERSEN'S,pedersen',NOUN,,,,3,Step 3: spaCy fallback,pedersen',True,PEDERSEN'S
pediatrics,pediatric,NOUN,,,Noun,2,Step 2: SUBTLEX-US + NLTK,pediatrics,False,pediatrics
peed,peed,PROPN,peed,pee,Verb,1,Step 1: SUBTLEX-UK,pee,False,pee
peered,peered,ADJ,peered,peer,Verb,1,Step 1: SUBTLEX-UK,peer,False,peer
peking,peke,VERB,peking,peking,Name,1,Step 1: SUBTLEX-UK,peking,False,peking
pending,pende,VERB,pending,pend,Adjective,1,Step 1: SUBTLEX-UK,pend,False,pend
PENDLETON'S,pendleton',NOUN,,,,3,Step 3: spaCy fallback,pendleton',True,PENDLETON'S
penises,penise,VERB,penises,penis,Noun,1,Step 1: SUBTLEX-UK,penis,False,penis
penn'orths,penn'orth,NOUN,,,,3,Step 3: spaCy fallback,penn'orth,True,penn'orths
Penny's,penny',NOUN,,,,3,Step 3: spaCy fallback,penny',True,Penny's
pent,pen,VERB,pent,pent,Noun,1,Step 1: SUBTLEX-UK,pent,False,pent
Pentagon's,pentagon',NOUN,,,,3,Step 3: spaCy fallback,pentagon',True,Pentagon's
perforated,perforate,VERB,perforated,perforated,Adjective,1,Step 1: SUBTLEX-UK,perforated,False,perforated
perfumed,perfume,VERB,perfumed,perfumed,Adjective,1,Step 1: SUBTLEX-UK,perfumed,False,perfumed
PERGOLESI'S,pergolesi',NOUN,,,,3,Step 3: spaCy fallback,pergolesi',True,PERGOLESI'S
peri,peri,VERB,peri,perus,Name,1,Step 1: SUBTLEX-UK,perus,False,perus
PERIER'S,perier's,NOUN,,,,3,Step 3: spaCy fallback,perier's,True,PERIER'S
perishes,perishe,NOUN,perishes,perish,Verb,1,Step 1: SUBTLEX-UK,perish,False,perish
perplexes,perplexe,NOUN,perplexes,perplex,,1,Step 1: SUBTLEX-UK,perplex,False,perplex
perplexing,perplex,VERB,perplexing,perplexing,Adjective,1,Step 1: SUBTLEX-UK,perplexing,False,perplexing
PERRIN'S,perrin',NOUN,,,,3,Step 3: spaCy fallback,perrin',True,PERRIN'S
persians,persian,NOUN,persians,persians,Noun,1,Step 1: SUBTLEX-UK,persians,False,persians
personifies,personifie,NOUN,personifies,personify,Verb,1,Step 1: SUBTLEX-UK,personify,False,personify
perverted,pervert,VERB,perverted,perverted,Adjective,1,Step 1: SUBTLEX-UK,perverted,False,perverted
peskier,pesky,ADJ,peskier,peskier,Adjective,1,Step 1: SUBTLEX-UK,peskier,False,peskier
pesos,pesos,NOUN,pesos,peso,Noun,1,Step 1: SUBTLEX-UK,peso,False,peso
petalled,petalle,VERB,petalled,petalled,Adjective,1,Step 1: SUBTLEX-UK,petalled,False,petalled
Pete's,pete's,X,,,,3,Step 3: spaCy fallback,pete's,True,Pete's
Peter's,peter',NOUN,,,,3,Step 3: spaCy fallback,peter',True,Peter's
petered,petere,VERB,petered,peter,Verb,1,Step 1: SUBTLEX-UK,peter,False,peter
petrified,petrify,VERB,petrified,petrified,Adjective,1,Step 1: SUBTLEX-UK,petrified,False,petrified
petrifies,petrifie,NOUN,petrifies,petrify,Verb,1,Step 1: SUBTLEX-UK,petrify,False,petrify
petrifying,petrifying,ADJ,petrifying,petrify,,1,Step 1: SUBTLEX-UK,petrify,False,petrify
pettier,pettier,PROPN,,,Adjective,2,Step 2: SUBTLEX-US + NLTK,petty,False,petty
pettiest,petty,ADJ,pettiest,pettiest,Adjective,1,Step 1: SUBTLEX-UK,pettiest,False,pettiest
pettifogging,pettifog,VERB,,,Adjective,2,Step 2: SUBTLEX-US + NLTK,pettifogging,False,pettifogging
PETTIGREW'S,pettigrew',NOUN,,,,3,Step 3: spaCy fallback,pettigrew',True,PETTIGREW'S
petunias,petunias,PROPN,petunias,petunia,Noun,1,Step 1: SUBTLEX-UK,petunia,False,petunia
phalanxes,phalanxe,VERB,phalanxes,phalanx,,1,Step 1: SUBTLEX-UK,phalanx,False,phalanx
pharaohs,pharaoh,NOUN,pharaohs,pharaohs,Noun,1,Step 1: SUBTLEX-UK,pharaohs,False,pharaohs
pharos,pharo,NOUN,pharos,pharos,,1,Step 1: SUBTLEX-UK,pharos,False,pharos
Philadelphia's,philadelphia's,ADV,,,,3,Step 3: spaCy fallback,philadelphia's,True,Philadelphia's
philippics,philippic,NOUN,philippics,philippics,,1,Step 1: SUBTLEX-UK,philippics,False,philippics
phishing,phishe,VERB,phishing,phish,,1,Step 1: SUBTLEX-UK,phish,False,phish
phoenixes,phoenix,NOUN,phoenixes,phoenixes,Noun,1,Step 1: SUBTLEX-UK,phoenixes,False,phoenixes
phonetics,phonetic,NOUN,phonetics,phonetics,Noun,1,Step 1: SUBTLEX-UK,phonetics,False,phonetics
phonics,phonic,NOUN,phonics,phonics,Noun,1,Step 1: SUBTLEX-UK,phonics,False,phonics
phoniest,phoniest,PROPN,,,Adjective,2,Step 2: SUBTLEX-US + NLTK,phony,False,phony
phonographs,phonographs,PROPN,phonographs,phonograph,,1,Step 1: SUBTLEX-UK,phonograph,False,phonograph
photographed,photographed,VERB,photographed,photograph,Verb,1,Step 1: SUBTLEX-UK,photograph,False,photograph
phyla,phyla,VERB,phyla,phylum,Noun,1,Step 1: SUBTLEX-UK,phylum,False,phylum
pianola,pianola,NOUN,pianola,pianolum,Noun,1,Step 1: SUBTLEX-UK,pianolum,False,pianolum
pianolas,pianola,NOUN,pianolas,pianolas,,1,Step 1: SUBTLEX-UK,pianolas,False,pianolas
piazzas,piazzas,VERB,piazzas,piazza,,1,Step 1: SUBTLEX-UK,piazza,False,piazza
pickaxes,pickaxe,NOUN,pickaxes,pickax,Noun,1,Step 1: SUBTLEX-UK,pickax,False,pickax
picketing,picket,VERB,picketing,picketing,Verb,1,Step 1: SUBTLEX-UK,picketing,False,picketing
PICKETT'S,pickett',NOUN,,,,3,Step 3: spaCy fallback,pickett',True,PICKETT'S
pickings,picking,NOUN,pickings,pickings,Noun,1,Step 1: SUBTLEX-UK,pickings,False,pickings
pickles,pickle,NOUN,pickles,pickles,Noun,1,Step 1: SUBTLEX-UK,pickles,False,pickles
pickling,pickle,VERB,pickling,pickling,Verb,1,Step 1: SUBTLEX-UK,pickling,False,pickling
picnicked,picnicked,ADJ,picnicked,picnic,,1,Step 1: SUBTLEX-UK,picnic,False,picnic
piddles,piddle,NOUN,piddles,piddles,,1,Step 1: SUBTLEX-UK,piddles,False,piddles
pied,pie,VERB,pied,pied,Adjective,1,Step 1: SUBTLEX-UK,pied,False,pied
piers,pier,NOUN,piers,piers,Noun,1,Step 1: SUBTLEX-UK,piers,False,piers
pigheaded,pigheade,VERB,pigheaded,pighead,Verb,1,Step 1: SUBTLEX-UK,pighead,False,pighead
pigmented,pigment,VERB,pigmented,pigmented,,1,Step 1: SUBTLEX-UK,pigmented,False,pigmented
pigsties,pigstie,VERB,pigsties,pigsty,,1,Step 1: SUBTLEX-UK,pigsty,False,pigsty
pigtailed,pigtaile,VERB,pigtailed,pigtail,Adjective,1,Step 1: SUBTLEX-UK,pigtail,False,pigtail
PIKE'S,pike's,ADV,,,,3,Step 3: spaCy fallback,pike's,True,PIKE'S
pilgrim's,pilgrim',NOUN,,,,3,Step 3: spaCy fallback,pilgrim',True,pilgrim's
pillagers,pillager,NOUN,pillagers,pillagers,,1,Step 1: SUBTLEX-UK,pillagers,False,pillagers
pillaging,pillaging,NOUN,pillaging,pillage,Verb,1,Step 1: SUBTLEX-UK,pillage,False,pillage
pilled,pille,VERB,pilled,pill,Verb,1,Step 1: SUBTLEX-UK,pill,False,pill
PIMEN'S,pimen',NOUN,,,,3,Step 3: spaCy fallback,pimen',True,PIMEN'S
pimpled,pimple,VERB,pimpled,pimpled,Adjective,1,Step 1: SUBTLEX-UK,pimpled,False,pimpled
pincers,pincer,NOUN,pincers,pincers,Noun,1,Step 1: SUBTLEX-UK,pincers,False,pincers
pinches,pinche,NOUN,pinches,pinch,Verb,1,Step 1: SUBTLEX-UK,pinch,False,pinch
pinheaded,pinheade,VERB,,,Adjective,2,Step 2: SUBTLEX-US + NLTK,pinheaded,False,pinheaded
pinkos,pinkos,NOUN,,,Noun,2,Step 2: SUBTLEX-US + NLTK,pinko,False,pinko
pinstriped,pinstripe,VERB,pinstriped,pinstriped,Name,1,Step 1: SUBTLEX-UK,pinstriped,False,pinstriped
pinups,pinup,NOUN,pinups,pinups,Verb,1,Step 1: SUBTLEX-UK,pinups,False,pinups
pioneering,pioneer,VERB,pioneering,pioneering,Verb,1,Step 1: SUBTLEX-UK,pioneering,False,pioneering
PIP'S,pip's,NOUN,,,,3,Step 3: spaCy fallback,pip's,True,PIP'S
piped,piped,VERB,piped,pipe,Verb,1,Step 1: SUBTLEX-UK,pipe,False,pipe
pippins,pippin,NOUN,pippins,pippins,Noun,1,Step 1: SUBTLEX-UK,pippins,False,pippins
pirouetted,pirouette,VERB,pirouetted,pirouett,Verb,1,Step 1: SUBTLEX-UK,pirouett,False,pirouett
pirouetting,pirouette,VERB,pirouetting,pirouett,Adjective,1,Step 1: SUBTLEX-UK,pirouett,False,pirouett
pisces,pisce,NOUN,pisces,pisces,Name,1,Step 1: SUBTLEX-UK,pisces,False,pisces
pisser,piss,ADJ,pisser,pisser,Noun,1,Step 1: SUBTLEX-UK,pisser,False,pisser
plainclothes,plainclothe,NOUN,plainclothes,plainclothes,Noun,1,Step 1: SUBTLEX-UK,plainclothes,False,plainclothes
plan's,plan',NOUN,,,,3,Step 3: spaCy fallback,plan',True,plan's
planet's,planet',VERB,,,,3,Step 3: spaCy fallback,planet',True,planet's
planking,plank,VERB,planking,planking,Noun,1,Step 1: SUBTLEX-UK,planking,False,planking
planting,plant,VERB,planting,planting,Verb,1,Step 1: SUBTLEX-UK,planting,False,planting
plastering,plaster,VERB,plastering,plastering,Verb,1,Step 1: SUBTLEX-UK,plastering,False,plastering
plateaux,plateaux,PROPN,plateaux,plateau,,1,Step 1: SUBTLEX-UK,plateau,False,plateau
Plato's,plato',NOUN,,,,3,Step 3: spaCy fallback,plato',True,Plato's
platted,plat,VERB,platted,platt,,1,Step 1: SUBTLEX-UK,platt,False,platt
platting,plat,VERB,platting,platting,,1,Step 1: SUBTLEX-UK,platting,False,platting
playmaking,playmake,VERB,playmaking,playmaking,,1,Step 1: SUBTLEX-UK,playmaking,False,playmaking
plaything,playthe,VERB,plaything,plaything,Noun,1,Step 1: SUBTLEX-UK,plaything,False,plaything
playwriting,playwrite,VERB,playwriting,playwrit,Noun,1,Step 1: SUBTLEX-UK,playwrit,False,playwrit
plazas,plazas,NOUN,plazas,plaza,,1,Step 1: SUBTLEX-UK,plaza,False,plaza
pleached,pleach,VERB,pleached,pleached,,1,Step 1: SUBTLEX-UK,pleached,False,pleached
pleaching,pleach,VERB,pleaching,pleaching,,1,Step 1: SUBTLEX-UK,pleaching,False,pleaching
pleased,please,VERB,pleased,pleased,Adjective,1,Step 1: SUBTLEX-UK,pleased,False,pleased
pleasing,pleasing,ADJ,pleasing,please,Adjective,1,Step 1: SUBTLEX-UK,please,False,please
pleated,pleat,VERB,pleated,pleated,Adjective,1,Step 1: SUBTLEX-UK,pleated,False,pleated
pleating,pleat,VERB,pleating,pleating,,1,Step 1: SUBTLEX-UK,pleating,False,pleating
plebs,plebs,VERB,plebs,pleb,Noun,1,Step 1: SUBTLEX-UK,pleb,False,pleb
pleura,pleura,NOUN,pleura,pleuron,Noun,1,Step 1: SUBTLEX-UK,pleuron,False,pleuron
plexiglas,plexigla,NOUN,plexiglas,plexiglas,Name,1,Step 1: SUBTLEX-UK,plexiglas,False,plexiglas
pliers,plier,NOUN,pliers,pliers,Noun,1,Step 1: SUBTLEX-UK,pliers,False,pliers
plighted,plight,VERB,,,Adjective,2,Step 2: SUBTLEX-US + NLTK,plighted,False,plighted
PLINY'S,pliny',NOUN,,,,3,Step 3: spaCy fallback,pliny',True,PLINY'S
ploughman'ses,ploughman'se,NOUN,,,,3,Step 3: spaCy fallback,ploughman'se,True,ploughman'ses
ploughmen,plowman,NOUN,ploughmen,ploughman,,1,Step 1: SUBTLEX-UK,ploughman,False,ploughman
pluckiest,plucky,ADJ,pluckiest,pluckiest,,1,Step 1: SUBTLEX-UK,pluckiest,False,pluckiest
plucking,plucking,ADJ,plucking,pluck,Verb,1,Step 1: SUBTLEX-UK,pluck,False,pluck
plumaged,plumage,VERB,plumaged,plumaged,,1,Step 1: SUBTLEX-UK,plumaged,False,plumaged
plumbing,plumb,VERB,plumbing,plumbing,Noun,1,Step 1: SUBTLEX-UK,plumbing,False,plumbing
plumed,plume,VERB,plumed,plumed,Adjective,1,Step 1: SUBTLEX-UK,plumed,False,plumed
plumpest,plump,ADJ,plumpest,plumpest,,1,Step 1: SUBTLEX-UK,plumpest,False,plumpest
plushest,plush,ADJ,plushest,plushest,,1,Step 1: SUBTLEX-UK,plushest,False,plushest
poaches,poache,NOUN,poaches,poach,Verb,1,Step 1: SUBTLEX-UK,poach,False,poach
pocks,pock,NOUN,pocks,pocks,Noun,1,Step 1: SUBTLEX-UK,pocks,False,pocks
podded,pod,VERB,podded,podded,,1,Step 1: SUBTLEX-UK,podded,False,podded
POEPLE'S,poeple's,ADV,,,,3,Step 3: spaCy fallback,poeple's,True,POEPLE'S
poetesses,poetess,NOUN,,,Verb,2,Step 2: SUBTLEX-US + NLTK,poetesses,False,poetesses
poetics,poetic,NOUN,poetics,poetics,,1,Step 1: SUBTLEX-UK,poetics,False,poetics
poinsettias,poinsettias,PROPN,poinsettias,poinsettia,Noun,1,Step 1: SUBTLEX-UK,poinsettia,False,poinsettia
poisoning,poison,VERB,poisoning,poisoning,Noun,1,Step 1: SUBTLEX-UK,poisoning,False,poisoning
POITRINE'S,poitrine's,ADV,,,,3,Step 3: spaCy fallback,poitrine's,True,POITRINE'S
Poland's,poland's,VERB,,,,3,Step 3: spaCy fallback,poland's,True,Poland's
policymaking,policymake,VERB,policymaking,policymaking,,1,Step 1: SUBTLEX-UK,policymaking,False,policymaking
poling,pole,VERB,poling,poling,Noun,1,Step 1: SUBTLEX-UK,poling,False,poling
polis,polis,ADJ,polis,poli,,1,Step 1: SUBTLEX-UK,poli,False,poli
polished,polished,ADJ,polished,polish,Verb,1,Step 1: SUBTLEX-UK,polish,False,polish
politicized,politicize,VERB,,,Adjective,2,Step 2: SUBTLEX-US + NLTK,politicized,False,politicized
politicking,politick,VERB,politicking,politicking,Noun,1,Step 1: SUBTLEX-UK,politicking,False,politicking
politicos,politicos,PROPN,politicos,politico,Noun,1,Step 1: SUBTLEX-UK,politico,False,politico
politics,politic,NOUN,politics,politics,Noun,1,Step 1: SUBTLEX-UK,politics,False,politics
POLK'S,polk',NOUN,,,,3,Step 3: spaCy fallback,polk',True,POLK'S
polkas,polkas,PROPN,polkas,polka,Noun,1,Step 1: SUBTLEX-UK,polka,False,polka
polling,poll,VERB,polling,polling,Noun,1,Step 1: SUBTLEX-UK,polling,False,polling
Pollock's,pollock',NOUN,,,,3,Step 3: spaCy fallback,pollock',True,Pollock's
polloi,polloi,PROPN,polloi,pollous,Noun,1,Step 1: SUBTLEX-UK,pollous,False,pollous
polluted,pollute,VERB,polluted,polluted,Verb,1,Step 1: SUBTLEX-UK,polluted,False,polluted
polonaises,polonaise,NOUN,polonaises,polonaises,Noun,1,Step 1: SUBTLEX-UK,polonaises,False,polonaises
polymaths,polymath,NOUN,polymaths,polymaths,,1,Step 1: SUBTLEX-UK,polymaths,False,polymaths
polyunsaturated,polyunsaturate,VERB,polyunsaturated,polyunsaturated,Adjective,1,Step 1: SUBTLEX-UK,polyunsaturated,False,polyunsaturated
pomaded,pomade,VERB,,,Adjective,2,Step 2: SUBTLEX-US + NLTK,pomaded,False,pomaded
pommelled,pommel,VERB,pommelled,pommell,,1,Step 1: SUBTLEX-UK,pommell,False,pommell
Pompeii's,pompeii',NOUN,,,,3,Step 3: spaCy fallback,pompeii',True,Pompeii's
ponchos,ponchos,NOUN,ponchos,poncho,Noun,1,Step 1: SUBTLEX-UK,poncho,False,poncho
ponged,ponge,VERB,ponged,pong,,1,Step 1: SUBTLEX-UK,pong,False,pong
pongiest,pongi,ADJ,pongiest,pongiest,,1,Step 1: SUBTLEX-UK,pongiest,False,pongiest
ponging,ponge,VERB,ponging,pong,,1,Step 1: SUBTLEX-UK,pong,False,pong
poofs,poof,NOUN,poofs,poofs,Noun,1,Step 1: SUBTLEX-UK,poofs,False,poofs
pool's,pool',NOUN,,,,3,Step 3: spaCy fallback,pool',True,pool's
pooped,poope,VERB,pooped,poop,Verb,1,Step 1: SUBTLEX-UK,poop,False,poop
poorer,poor,ADJ,poorer,poorer,Adjective,1,Step 1: SUBTLEX-UK,poorer,False,poorer
poorest,poor,ADJ,poorest,poorest,Adjective,1,Step 1: SUBTLEX-UK,poorest,False,poorest
POP'LAR,pop'lar,X,,,,3,Step 3: spaCy fallback,pop'lar,True,POP'LAR
pop's,pop',NOUN,,,,3,Step 3: spaCy fallback,pop',True,pop's
Pope's,pope',NOUN,,,,3,Step 3: spaCy fallback,pope',True,Pope's
popes,pope,NOUN,popes,popes,Noun,1,Step 1: SUBTLEX-UK,popes,False,popes
popped,popped,VERB,popped,pop,Verb,1,Step 1: SUBTLEX-UK,pop,False,pop
porches,porche,VERB,porches,porch,Noun,1,Step 1: SUBTLEX-UK,porch,False,porch
porkier,porky,ADJ,porkier,porkier,,1,Step 1: SUBTLEX-UK,porkier,False,porkier
portcullises,portcullise,VERB,portcullises,portcullis,Noun,1,Step 1: SUBTLEX-UK,portcullis,False,portcullis
Portland's,portland's,X,,,,3,Step 3: spaCy fallback,portland's,True,Portland's
portmanteaux,portmanteaux,PROPN,,,Noun,2,Step 2: SUBTLEX-US + NLTK,portmanteau,False,portmanteau
pos,pos,NOUN,pos,po,Noun,1,Step 1: SUBTLEX-UK,po,False,po
poshest,posh,ADJ,poshest,poshest,,1,Step 1: SUBTLEX-UK,poshest,False,poshest
positioning,position,VERB,positioning,positioning,Noun,1,Step 1: SUBTLEX-UK,positioning,False,positioning
posses,posse,NOUN,posses,poss,Noun,1,Step 1: SUBTLEX-UK,poss,False,poss
postdated,postdate,VERB,postdated,postdated,Verb,1,Step 1: SUBTLEX-UK,postdated,False,postdated
posturing,posture,VERB,posturing,posturing,Verb,1,Step 1: SUBTLEX-UK,posturing,False,posturing
potbellied,potbellie,VERB,potbellied,potbellied,Adjective,1,Step 1: SUBTLEX-UK,potbellied,False,potbellied
POTEMKIN'S,potemkin',NOUN,,,,3,Step 3: spaCy fallback,potemkin',True,POTEMKIN'S
potholing,pothole,VERB,potholing,potholing,Verb,1,Step 1: SUBTLEX-UK,potholing,False,potholing
potted,pot,VERB,potted,potted,Adjective,1,Step 1: SUBTLEX-UK,potted,False,potted
potteries,pottery,NOUN,potteries,potteries,,1,Step 1: SUBTLEX-UK,potteries,False,potteries
pouched,pouch,VERB,pouched,pouched,Verb,1,Step 1: SUBTLEX-UK,pouched,False,pouched
POUSSIN'S,poussin',NOUN,,,,3,Step 3: spaCy fallback,poussin',True,POUSSIN'S
powdered,powder,VERB,powdered,powdered,Adjective,1,Step 1: SUBTLEX-UK,powdered,False,powdered
powdering,powdering,NOUN,powdering,powder,Verb,1,Step 1: SUBTLEX-UK,powder,False,powder
POWELL'S,powell',NOUN,,,,3,Step 3: spaCy fallback,powell',True,POWELL'S
PRATT'S,pratt',NOUN,,,,3,Step 3: spaCy fallback,pratt',True,PRATT'S
preaches,preache,NOUN,preaches,preach,Verb,1,Step 1: SUBTLEX-UK,preach,False,preach
preassigned,preassigne,VERB,,,Verb,2,Step 2: SUBTLEX-US + NLTK,preassigned,False,preassigned
precedented,precedente,VERB,precedented,precedent,,1,Step 1: SUBTLEX-UK,precedent,False,precedent
preconceived,preconceive,VERB,preconceived,preconceived,Adjective,1,Step 1: SUBTLEX-UK,preconceived,False,preconceived
preconcerted,preconcerte,VERB,,,Adjective,2,Step 2: SUBTLEX-US + NLTK,preconcerted,False,preconcerted
predisposing,predispose,VERB,,,Adjective,2,Step 2: SUBTLEX-US + NLTK,predisposing,False,predisposing
preexisting,preexist,VERB,preexisting,preexisting,Adjective,1,Step 1: SUBTLEX-UK,preexisting,False,preexisting
prefabricated,prefabricate,VERB,prefabricated,prefabricated,Adjective,1,Step 1: SUBTLEX-UK,prefabricated,False,prefabricated
preformed,preform,VERB,preformed,preformed,,1,Step 1: SUBTLEX-UK,preformed,False,preformed
preheated,preheat,VERB,preheated,preheated,Verb,1,Step 1: SUBTLEX-UK,preheated,False,preheated
prelims,prelim,NOUN,prelims,prelims,Noun,1,Step 1: SUBTLEX-UK,prelims,False,prelims
PRENTICE'S,prentice's,VERB,,,,3,Step 3: spaCy fallback,prentice's,True,PRENTICE'S
preoccupies,preoccupie,NOUN,preoccupies,preoccupy,Verb,1,Step 1: SUBTLEX-UK,preoccupy,False,preoccupy
prepackaged,prepackage,VERB,,,Adjective,2,Step 2: SUBTLEX-US + NLTK,prepackaged,False,prepackaged
prepacked,prepacke,VERB,prepacked,prepacked,,1,Step 1: SUBTLEX-UK,prepacked,False,prepacked
preprogrammed,preprogramme,VERB,preprogrammed,preprogram,Adjective,1,Step 1: SUBTLEX-UK,preprogram,False,preprogram
presaged,presage,VERB,presaged,presaged,,1,Step 1: SUBTLEX-UK,presaged,False,presaged
prescribing,prescribing,NOUN,prescribing,prescribe,Verb,1,Step 1: SUBTLEX-UK,prescribe,False,prescribe
pressured,pressure,VERB,pressured,pressured,Verb,1,Step 1: SUBTLEX-UK,pressured,False,pressured
prewashed,prewashe,VERB,,,Verb,2,Step 2: SUBTLEX-US + NLTK,prewashed,False,prewashed
priciest,pricy,ADJ,priciest,priciest,,1,Step 1: SUBTLEX-UK,priciest,False,priciest
prickled,prickle,VERB,prickled,prickled,,1,Step 1: SUBTLEX-UK,prickled,False,prickled
prickliest,prickly,ADJ,prickliest,prickliest,,1,Step 1: SUBTLEX-UK,prickliest,False,prickliest
prickling,prickle,VERB,prickling,prickling,,1,Step 1: SUBTLEX-UK,prickling,False,prickling
priming,prime,VERB,priming,priming,Verb,1,Step 1: SUBTLEX-UK,priming,False,priming
primped,primped,VERB,primped,primp,Verb,1,Step 1: SUBTLEX-UK,primp,False,primp
primulas,primulas,PROPN,primulas,primula,,1,Step 1: SUBTLEX-UK,primula,False,primula
principled,principle,VERB,principled,principled,Adjective,1,Step 1: SUBTLEX-UK,principled,False,principled
printer's,printer',NOUN,,,,3,Step 3: spaCy fallback,printer',True,printer's
printing,print,VERB,printing,printing,Noun,1,Step 1: SUBTLEX-UK,printing,False,printing
printmaking,printmake,VERB,printmaking,printmaking,,1,Step 1: SUBTLEX-UK,printmaking,False,printmaking
privileged,privilege,VERB,privileged,privileged,Adjective,1,Step 1: SUBTLEX-UK,privileged,False,privileged
prizewinning,prizewinne,VERB,prizewinning,prizewin,Verb,1,Step 1: SUBTLEX-UK,prizewin,False,prizewin
PROBL'Y,probl'y,NOUN,,,,3,Step 3: spaCy fallback,probl'y,True,PROBL'Y
proceedings,proceeding,NOUN,proceedings,proceedings,Noun,1,Step 1: SUBTLEX-UK,proceedings,False,proceedings
proceeds,proceed,VERB,proceeds,proceeds,Noun,1,Step 1: SUBTLEX-UK,proceeds,False,proceeds
processing,process,VERB,processing,processing,Noun,1,Step 1: SUBTLEX-UK,processing,False,processing
professes,professe,NOUN,professes,profess,Verb,1,Step 1: SUBTLEX-UK,profess,False,profess
profiting,profiting,ADJ,profiting,profit,Verb,1,Step 1: SUBTLEX-UK,profit,False,profit
profs,prof,NOUN,profs,profs,Noun,1,Step 1: SUBTLEX-UK,profs,False,profs
program's,program',NOUN,,,,3,Step 3: spaCy fallback,program',True,program's
prolapsed,prolapse,VERB,prolapsed,prolapsed,Adjective,1,Step 1: SUBTLEX-UK,prolapsed,False,prolapsed
prolonged,prolong,VERB,prolonged,prolonged,Adjective,1,Step 1: SUBTLEX-UK,prolonged,False,prolonged
promising,promise,VERB,promising,promising,Adjective,1,Step 1: SUBTLEX-UK,promising,False,promising
proms,prom,NOUN,proms,proms,Noun,1,Step 1: SUBTLEX-UK,proms,False,proms
promulgates,promulgate,NOUN,,,Noun,2,Step 2: SUBTLEX-US + NLTK,promulgates,False,promulgates
pronged,pronged,VERB,pronged,prong,Verb,1,Step 1: SUBTLEX-UK,prong,False,prong
pronging,pronge,VERB,pronging,pronging,Verb,1,Step 1: SUBTLEX-UK,pronging,False,pronging
proofing,proof,VERB,proofing,proofing,Noun,1,Step 1: SUBTLEX-UK,proofing,False,proofing
propagandizing,propagandize,VERB,,,Noun,2,Step 2: SUBTLEX-US + NLTK,propagandizing,False,propagandizing
propertied,propertie,VERB,propertied,property,Verb,1,Step 1: SUBTLEX-UK,property,False,property
prophesies,prophesie,NOUN,prophesies,prophesy,Verb,1,Step 1: SUBTLEX-UK,prophesy,False,prophesy
prophetesses,prophetesse,VERB,prophetesses,prophetess,,1,Step 1: SUBTLEX-UK,prophetess,False,prophetess
proscribed,proscribe,VERB,proscribed,proscribed,Adjective,1,Step 1: SUBTLEX-UK,proscribed,False,proscribed
prosing,prose,VERB,prosing,prosing,,1,Step 1: SUBTLEX-UK,prosing,False,prosing
protestants,protestant,NOUN,protestants,protestants,Noun,1,Step 1: SUBTLEX-UK,protestants,False,protestants
protozoa,protozoa,VERB,protozoa,protozoan,Noun,1,Step 1: SUBTLEX-UK,protozoan,False,protozoan
protracted,protract,VERB,protracted,protracted,Adjective,1,Step 1: SUBTLEX-UK,protracted,False,protracted
proudest,proud,ADJ,proudest,proudest,Adjective,1,Step 1: SUBTLEX-UK,proudest,False,proudest
Providence's,providence',NOUN,,,,3,Step 3: spaCy fallback,providence',True,Providence's
provisos,provisos,NOUN,provisos,proviso,Noun,1,Step 1: SUBTLEX-UK,proviso,False,proviso
pruning,prune,VERB,pruning,pruning,Noun,1,Step 1: SUBTLEX-UK,pruning,False,pruning
prussians,prussian,NOUN,prussians,prussians,Noun,1,Step 1: SUBTLEX-UK,prussians,False,prussians
prying,pry,VERB,prying,prying,Verb,1,Step 1: SUBTLEX-UK,prying,False,prying
psyched,psyche,VERB,psyched,psych,Verb,1,Step 1: SUBTLEX-UK,psych,False,psych
psychedelia,psychedelia,PROPN,psychedelia,psychedelium,Noun,1,Step 1: SUBTLEX-UK,psychedelium,False,psychedelium
psychodynamics,psychodynamic,NOUN,,,Noun,2,Step 2: SUBTLEX-US + NLTK,psychodynamics,False,psychodynamics
psychophysics,psychophysic,NOUN,,,Noun,2,Step 2: SUBTLEX-US + NLTK,psychophysics,False,psychophysics
psychos,psychos,NOUN,psychos,psycho,Noun,1,Step 1: SUBTLEX-UK,psycho,False,psycho
psychoses,psychose,VERB,,,Noun,2,Step 2: SUBTLEX-US + NLTK,psychosis,False,psychosis
pterodactyls,pterodactyls,NOUN,pterodactyls,pterodactyl,Noun,1,Step 1: SUBTLEX-UK,pterodactyl,False,pterodactyl
Ptolemy's,ptolemy',NOUN,,,,3,Step 3: spaCy fallback,ptolemy',True,Ptolemy's
pubes,pubis,NOUN,pubes,pubes,Noun,1,Step 1: SUBTLEX-UK,pubes,False,pubes
pubis,pubis,PROPN,pubis,pubi,Noun,1,Step 1: SUBTLEX-UK,pubi,False,pubi
publishes,publishe,NOUN,publishes,publish,Verb,1,Step 1: SUBTLEX-UK,publish,False,publish
PUCCINI'S,puccini's,INTJ,,,,3,Step 3: spaCy fallback,puccini's,True,PUCCINI'S
pucks,puck,VERB,pucks,pucks,Noun,1,Step 1: SUBTLEX-UK,pucks,False,pucks
pudding,pudde,VERB,pudding,pudding,Noun,1,Step 1: SUBTLEX-UK,pudding,False,pudding
puddler,puddl,ADJ,puddler,puddler,Noun,1,Step 1: SUBTLEX-UK,puddler,False,puddler
puddling,puddle,VERB,puddling,puddling,,1,Step 1: SUBTLEX-UK,puddling,False,puddling
pudenda,pudenda,NOUN,,,Noun,2,Step 2: SUBTLEX-US + NLTK,pudendum,False,pudendum
puds,puds,PROPN,puds,pud,,1,Step 1: SUBTLEX-UK,pud,False,pud
puffing,puff,VERB,puffing,puffing,Adjective,1,Step 1: SUBTLEX-UK,puffing,False,puffing
pula,pula,NOUN,pula,pulum,,1,Step 1: SUBTLEX-UK,pulum,False,pulum
pullmans,pullman,NOUN,pullmans,pullmans,Noun,1,Step 1: SUBTLEX-UK,pullmans,False,pullmans
pumas,puma,NOUN,pumas,pumas,Noun,1,Step 1: SUBTLEX-UK,pumas,False,pumas
PUMBLECHOOK'S,pumblechook',NOUN,,,,3,Step 3: spaCy fallback,pumblechook',True,PUMBLECHOOK'S
punchier,punchy,ADJ,punchier,punchier,Adjective,1,Step 1: SUBTLEX-UK,punchier,False,punchier
punier,punier,PROPN,,,Adjective,2,Step 2: SUBTLEX-US + NLTK,puny,False,puny
puniest,puniest,ADV,,,Adjective,2,Step 2: SUBTLEX-US + NLTK,puny,False,puny
punning,pun,VERB,punning,punning,Noun,1,Step 1: SUBTLEX-UK,punning,False,punning
punting,punt,VERB,punting,punting,Verb,1,Step 1: SUBTLEX-UK,punting,False,punting
pupas,pupas,PROPN,pupas,pupa,Noun,1,Step 1: SUBTLEX-UK,pupa,False,pupa
purebred,purebre,VERB,purebred,purebred,Adjective,1,Step 1: SUBTLEX-UK,purebred,False,purebred
pureed,pureed,NOUN,pureed,puree,Noun,1,Step 1: SUBTLEX-UK,puree,False,puree
purest,pure,ADJ,purest,purest,Adjective,1,Step 1: SUBTLEX-UK,purest,False,purest
purifies,purifie,NOUN,purifies,purify,Verb,1,Step 1: SUBTLEX-UK,purify,False,purify
puritans,puritan,NOUN,puritans,puritans,Noun,1,Step 1: SUBTLEX-UK,puritans,False,puritans
purported,purport,VERB,purported,purported,Verb,1,Step 1: SUBTLEX-UK,purported,False,purported
putrefies,putrefie,NOUN,putrefies,putrefy,,1,Step 1: SUBTLEX-UK,putrefy,False,putrefy
putti,putti,VERB,putti,putto,Name,1,Step 1: SUBTLEX-UK,putto,False,putto
putts,putts,PROPN,putts,putt,Noun,1,Step 1: SUBTLEX-UK,putt,False,putt
puzzlers,puzzler,NOUN,puzzlers,puzzlers,,1,Step 1: SUBTLEX-UK,puzzlers,False,puzzlers
puzzling,puzzle,VERB,puzzling,puzzling,Adjective,1,Step 1: SUBTLEX-UK,puzzling,False,puzzling
pyjama,pyjama,X,pyjama,pyjamas,Noun,1,Step 1: SUBTLEX-UK,pyjamas,False,pyjamas
pyjamas,pyjama,NOUN,pyjamas,pyjamas,Noun,1,Step 1: SUBTLEX-UK,pyjamas,False,pyjamas
pyrites,pyrite,VERB,pyrites,pyrites,Noun,1,Step 1: SUBTLEX-UK,pyrites,False,pyrites
pyromania,pyromania,PROPN,pyromania,pyromanium,Noun,1,Step 1: SUBTLEX-UK,pyromanium,False,pyromanium
pyrotechnics,pyrotechnic,NOUN,pyrotechnics,pyrotechnics,Noun,1,Step 1: SUBTLEX-UK,pyrotechnics,False,pyrotechnics
quadruped,quadrupe,VERB,quadruped,quadrup,Adjective,1,Step 1: SUBTLEX-UK,quadrup,False,quadrup
quainter,quainter,NOUN,,,Adjective,2,Step 2: SUBTLEX-US + NLTK,quaint,False,quaint
quaintest,quaint,ADJ,quaintest,quaintest,Adjective,1,Step 1: SUBTLEX-UK,quaintest,False,quaintest
quakers,quaker,NOUN,quakers,quakers,Noun,1,Step 1: SUBTLEX-UK,quakers,False,quakers
qualifier,qualifi,ADJ,qualifier,qualifier,Noun,1,Step 1: SUBTLEX-UK,qualifier,False,qualifier
quangos,quangos,PROPN,quangos,quango,,1,Step 1: SUBTLEX-UK,quango,False,quango
quanta,quanta,PROPN,quanta,quantum,,1,Step 1: SUBTLEX-UK,quantum,False,quantum
quarrymen,quarrymen,PROPN,quarrymen,quarryman,Noun,1,Step 1: SUBTLEX-UK,quarryman,False,quarryman
quashes,quashe,NOUN,quashes,quash,,1,Step 1: SUBTLEX-UK,quash,False,quash
quasi,quasi,PROPN,quasi,quasus,Adjective,1,Step 1: SUBTLEX-UK,quasus,False,quasus
Quasimodo's,quasimodo',NOUN,,,,3,Step 3: spaCy fallback,quasimodo',True,Quasimodo's
quays,quay,VERB,quays,quays,,1,Step 1: SUBTLEX-UK,quays,False,quays
queens,queen,NOUN,queens,queens,Name,1,Step 1: SUBTLEX-UK,queens,False,queens
queered,queer,VERB,queered,queered,Verb,1,Step 1: SUBTLEX-UK,queered,False,queered
queerer,queerer,NOUN,,,Adjective,2,Step 2: SUBTLEX-US + NLTK,queer,False,queer
queerest,queer,ADJ,queerest,queerest,Adjective,1,Step 1: SUBTLEX-UK,queerest,False,queerest
quenches,quenche,NOUN,quenches,quench,Verb,1,Step 1: SUBTLEX-UK,quench,False,quench
quesadilla,quesadilla,NOUN,quesadilla,quesadillum,Noun,1,Step 1: SUBTLEX-UK,quesadillum,False,quesadillum
quested,quest,VERB,quested,quested,,1,Step 1: SUBTLEX-UK,quested,False,quested
quickest,quick,ADJ,quickest,quickest,Adjective,1,Step 1: SUBTLEX-UK,quickest,False,quickest
quietest,quiet,ADJ,quietest,quietest,Adjective,1,Step 1: SUBTLEX-UK,quietest,False,quietest
quins,quin,NOUN,quins,quins,,1,Step 1: SUBTLEX-UK,quins,False,quins
QUINT'S,quint',NOUN,,,,3,Step 3: spaCy fallback,quint',True,QUINT'S
quipping,quip,VERB,quipping,quipping,,1,Step 1: SUBTLEX-UK,quipping,False,quipping
quisling,quisle,VERB,quisling,quisling,Verb,1,Step 1: SUBTLEX-UK,quisling,False,quisling
rabbi's,rabbi',NOUN,,,,3,Step 3: spaCy fallback,rabbi',True,rabbi's
rabbis,rabbis,PROPN,rabbis,rabbi,Noun,1,Step 1: SUBTLEX-UK,rabbi,False,rabbi
rabies,rabie,NOUN,rabies,rabies,Noun,1,Step 1: SUBTLEX-UK,rabies,False,rabies
Rachel's,rachel',NOUN,,,,3,Step 3: spaCy fallback,rachel',True,Rachel's
racing,race,VERB,racing,racing,Verb,1,Step 1: SUBTLEX-UK,racing,False,racing
racketeers,racketeer,NOUN,racketeers,racketeers,Noun,1,Step 1: SUBTLEX-UK,racketeers,False,racketeers
raconteurs,raconteur,VERB,raconteurs,raconteurs,,1,Step 1: SUBTLEX-UK,raconteurs,False,raconteurs
radishes,radishe,VERB,radishes,radish,Noun,1,Step 1: SUBTLEX-UK,radish,False,radish
ragas,ragas,PROPN,ragas,raga,,1,Step 1: SUBTLEX-UK,raga,False,raga
ragged,rag,VERB,ragged,ragged,Adjective,1,Step 1: SUBTLEX-UK,ragged,False,ragged
raiding,raid,VERB,raiding,raiding,Verb,1,Step 1: SUBTLEX-UK,raiding,False,raiding
railing,rail,VERB,railing,railing,Noun,1,Step 1: SUBTLEX-UK,railing,False,railing
rajahs,rajah,NOUN,rajahs,rajahs,Noun,1,Step 1: SUBTLEX-UK,rajahs,False,rajahs
RAMEAU'S,rameau',NOUN,,,,3,Step 3: spaCy fallback,rameau',True,RAMEAU'S
RAMEY'S,ramey',NOUN,,,,3,Step 3: spaCy fallback,ramey',True,RAMEY'S
ramifying,ramify,VERB,ramifying,ramifying,,1,Step 1: SUBTLEX-UK,ramifying,False,ramifying
randier,randier,NOUN,,,Adjective,2,Step 2: SUBTLEX-US + NLTK,randy,False,randy
rang,rang,PROPN,rang,ring,Verb,1,Step 1: SUBTLEX-UK,ring,False,ring
rangers,ranger,NOUN,rangers,rangers,Noun,1,Step 1: SUBTLEX-UK,rangers,False,rangers
RANGONI'S,rangoni's,INTJ,,,,3,Step 3: spaCy fallback,rangoni's,True,RANGONI'S
rankest,rank,ADJ,rankest,rankest,Adjective,1,Step 1: SUBTLEX-UK,rankest,False,rankest
RANKIN'S,rankin',NOUN,,,,3,Step 3: spaCy fallback,rankin',True,RANKIN'S
ranking,rank,VERB,ranking,ranking,Noun,1,Step 1: SUBTLEX-UK,ranking,False,ranking
ranters,ranter,NOUN,ranters,ranters,Noun,1,Step 1: SUBTLEX-UK,ranters,False,ranters
Raphael's,raphael',NOUN,,,,3,Step 3: spaCy fallback,raphael',True,Raphael's
rarified,rarifie,VERB,rarified,rarify,Verb,1,Step 1: SUBTLEX-UK,rarify,False,rarify
raring,rare,VERB,raring,raring,Verb,1,Step 1: SUBTLEX-UK,raring,False,raring
rashes,rashe,VERB,rashes,rash,Noun,1,Step 1: SUBTLEX-UK,rash,False,rash
ratifies,ratifie,NOUN,,,Verb,2,Step 2: SUBTLEX-US + NLTK,ratify,False,ratify
rating,rate,VERB,rating,rating,Noun,1,Step 1: SUBTLEX-UK,rating,False,rating
ratlines,ratline,NOUN,ratlines,ratlin,,1,Step 1: SUBTLEX-UK,ratlin,False,ratlin
rattlebrained,rattlebraine,VERB,,,Verb,2,Step 2: SUBTLEX-US + NLTK,rattlebrained,False,rattlebrained
raunchier,raunchy,ADJ,raunchier,raunchier,Noun,1,Step 1: SUBTLEX-UK,raunchier,False,raunchier
ravages,ravage,NOUN,ravages,ravages,Noun,1,Step 1: SUBTLEX-UK,ravages,False,ravages
ravings,raving,NOUN,ravings,ravings,Noun,1,Step 1: SUBTLEX-UK,ravings,False,ravings
raviolis,raviolis,VERB,raviolis,ravioli,Noun,1,Step 1: SUBTLEX-UK,ravioli,False,ravioli
RAYBURN'S,rayburn',NOUN,,,,3,Step 3: spaCy fallback,rayburn',True,RAYBURN'S
re,re,VERB,re,be,Preposition,1,Step 1: SUBTLEX-UK,be,False,be
readdressed,readdresse,VERB,readdressed,readdress,,1,Step 1: SUBTLEX-UK,readdress,False,readdress
readdressing,readdresse,VERB,readdressing,readdressing,,1,Step 1: SUBTLEX-UK,readdressing,False,readdressing
reader's,reader',VERB,,,,3,Step 3: spaCy fallback,reader',True,reader's
readied,readie,VERB,readied,ready,Verb,1,Step 1: SUBTLEX-UK,ready,False,ready
realtor's,realtor',NOUN,,,,3,Step 3: spaCy fallback,realtor',True,realtor's
reasoning,reason,VERB,reasoning,reasoning,Noun,1,Step 1: SUBTLEX-UK,reasoning,False,reasoning
REAVEY'S,reavey's,VERB,,,,3,Step 3: spaCy fallback,reavey's,True,REAVEY'S
rebuffing,rebuffing,NOUN,rebuffing,rebuff,,1,Step 1: SUBTLEX-UK,rebuff,False,rebuff
rebuilt,rebuilt,VERB,rebuilt,rebuild,Verb,1,Step 1: SUBTLEX-UK,rebuild,False,rebuild
receivables,receivables,NOUN,receivables,receivable,Noun,1,Step 1: SUBTLEX-UK,receivable,False,receivable
receptionist's,receptionist',VERB,,,,3,Step 3: spaCy fallback,receptionist',True,receptionist's
reckoning,reckon,VERB,reckoning,reckoning,Noun,1,Step 1: SUBTLEX-UK,reckoning,False,reckoning
reconditioning,recondition,VERB,reconditioning,reconditioning,Verb,1,Step 1: SUBTLEX-UK,reconditioning,False,reconditioning
reconnoitring,reconnoitre,VERB,reconnoitring,reconnoitr,Verb,1,Step 1: SUBTLEX-UK,reconnoitr,False,reconnoitr
reconstituted,reconstitute,VERB,reconstituted,reconstituted,Verb,1,Step 1: SUBTLEX-UK,reconstituted,False,reconstituted
recording,record,VERB,recording,recording,Noun,1,Step 1: SUBTLEX-UK,recording,False,recording
rector's,rector',VERB,,,,3,Step 3: spaCy fallback,rector',True,rector's
recurved,recurve,VERB,recurved,recurved,,1,Step 1: SUBTLEX-UK,recurved,False,recurved
recusants,recusant,NOUN,recusants,recusants,,1,Step 1: SUBTLEX-UK,recusants,False,recusants
redcoats,redcoat,NOUN,redcoats,redcoats,Noun,1,Step 1: SUBTLEX-UK,redcoats,False,redcoats
reddening,redden,VERB,reddening,reddening,Noun,1,Step 1: SUBTLEX-UK,reddening,False,reddening
redder,red,ADJ,redder,redder,Adjective,1,Step 1: SUBTLEX-UK,redder,False,redder
reddest,red,ADJ,reddest,reddest,Adjective,1,Step 1: SUBTLEX-UK,reddest,False,reddest
redding,redd,VERB,redding,redding,Name,1,Step 1: SUBTLEX-UK,redding,False,redding
redeeming,redeem,VERB,redeeming,redeeming,Adjective,1,Step 1: SUBTLEX-UK,redeeming,False,redeeming
redheaded,redheade,VERB,redheaded,redheaded,Adjective,1,Step 1: SUBTLEX-UK,redheaded,False,redheaded
redistricting,redistricte,VERB,,,Verb,2,Step 2: SUBTLEX-US + NLTK,redistricting,False,redistricting
redskins,redskin,NOUN,redskins,redskins,Noun,1,Step 1: SUBTLEX-UK,redskins,False,redskins
redwing,redwe,VERB,redwing,redw,,1,Step 1: SUBTLEX-UK,redw,False,redw
reeducated,reeducate,VERB,,,Verb,2,Step 2: SUBTLEX-US + NLTK,reeducated,False,reeducated
reentered,reentere,VERB,reentered,reenter,Verb,1,Step 1: SUBTLEX-UK,reenter,False,reenter
reeves,reeve,VERB,reeves,reeves,Name,1,Step 1: SUBTLEX-UK,reeves,False,reeves
refereed,refereed,VERB,refereed,referee,Adjective,1,Step 1: SUBTLEX-UK,referee,False,referee
refereeing,referee,VERB,refereeing,refereeing,Noun,1,Step 1: SUBTLEX-UK,refereeing,False,refereeing
referenda,referenda,PROPN,referenda,referendum,,1,Step 1: SUBTLEX-UK,referendum,False,referendum
refining,refine,VERB,refining,refining,Verb,1,Step 1: SUBTLEX-UK,refining,False,refining
reflexes,reflexe,VERB,reflexes,reflex,Noun,1,Step 1: SUBTLEX-UK,reflex,False,reflex
refolded,refolde,VERB,,,Verb,2,Step 2: SUBTLEX-US + NLTK,refolded,False,refolded
refreshes,refreshe,NOUN,refreshes,refresh,Verb,1,Step 1: SUBTLEX-UK,refresh,False,refresh
refreshing,refresh,VERB,refreshing,refreshing,Adjective,1,Step 1: SUBTLEX-UK,refreshing,False,refreshing
refried,refrie,VERB,refried,refried,Adjective,1,Step 1: SUBTLEX-UK,refried,False,refried
refrigerated,refrigerate,VERB,refrigerated,refrigerated,Verb,1,Step 1: SUBTLEX-UK,refrigerated,False,refrigerated
reft,reave,VERB,,,Noun,2,Step 2: SUBTLEX-US + NLTK,reft,False,reft
refuelling,refuel,VERB,refuelling,refuelling,Verb,1,Step 1: SUBTLEX-UK,refuelling,False,refuelling
refurbishes,refurbishe,NOUN,refurbishes,refurbish,,1,Step 1: SUBTLEX-UK,refurbish,False,refurbish
regents,regent,NOUN,regents,regents,Name,1,Step 1: SUBTLEX-UK,regents,False,regents
regimen,regiman,NOUN,regimen,regimen,Noun,1,Step 1: SUBTLEX-UK,regimen,False,regimen
regimented,regiment,VERB,regimented,regimented,Adjective,1,Step 1: SUBTLEX-UK,regimented,False,regimented
REILY'S,reily's,X,,,,3,Step 3: spaCy fallback,reily's,True,REILY'S
rejigged,rejigge,VERB,rejigged,rejig,,1,Step 1: SUBTLEX-UK,rejig,False,rejig
rejigging,rejigge,VERB,rejigging,rejig,,1,Step 1: SUBTLEX-UK,rejig,False,rejig
relaid,relaid,PROPN,relaid,relay,,1,Step 1: SUBTLEX-UK,relay,False,relay
relieved,relieve,VERB,relieved,relieved,Verb,1,Step 1: SUBTLEX-UK,relieved,False,relieved
relinquishes,relinquishe,NOUN,relinquishes,relinquish,Verb,1,Step 1: SUBTLEX-UK,relinquish,False,relinquish
reloaded,reload,VERB,reloaded,reloaded,Verb,1,Step 1: SUBTLEX-UK,reloaded,False,reloaded
remade,remade,VERB,remade,remake,Verb,1,Step 1: SUBTLEX-UK,remake,False,remake
remaindered,remainder,VERB,remaindered,remaindered,Adjective,1,Step 1: SUBTLEX-UK,remaindered,False,remaindered
remarries,remarrie,NOUN,remarries,remarry,Verb,1,Step 1: SUBTLEX-UK,remarry,False,remarry
Rembrandt's,rembrandt',NOUN,,,,3,Step 3: spaCy fallback,rembrandt',True,Rembrandt's
remedied,remedie,VERB,remedied,remedy,Verb,1,Step 1: SUBTLEX-UK,remedy,False,remedy
remodelled,remodelle,VERB,remodelled,remodel,Adjective,1,Step 1: SUBTLEX-UK,remodel,False,remodel
remodelling,remodelle,VERB,remodelling,remodel,Noun,1,Step 1: SUBTLEX-UK,remodel,False,remodel
remolding,remold,VERB,,,Noun,2,Step 2: SUBTLEX-US + NLTK,remolding,False,remolding
renminbi,renminbi,NOUN,renminbi,renminbus,,1,Step 1: SUBTLEX-UK,renminbus,False,renminbus
renowned,renowned,ADJ,renowned,renown,Adjective,1,Step 1: SUBTLEX-UK,renown,False,renown
reoccurring,reoccurre,VERB,reoccurring,reoccur,Adjective,1,Step 1: SUBTLEX-UK,reoccur,False,reoccur
repacking,repacke,VERB,repacking,repack,Verb,1,Step 1: SUBTLEX-UK,repack,False,repack
replenishes,replenishe,NOUN,replenishes,replenish,Verb,1,Step 1: SUBTLEX-UK,replenish,False,replenish
replicas,replicas,PROPN,replicas,replica,Noun,1,Step 1: SUBTLEX-UK,replica,False,replica
repossessed,repossess,VERB,repossessed,repossessed,Verb,1,Step 1: SUBTLEX-UK,repossessed,False,repossessed
repossesses,repossesse,NOUN,,,Verb,2,Step 2: SUBTLEX-US + NLTK,repossess,False,repossess
reprehending,reprehend,VERB,,,Adjective,2,Step 2: SUBTLEX-US + NLTK,reprehending,False,reprehending
represses,represse,NOUN,represses,repress,Verb,1,Step 1: SUBTLEX-UK,repress,False,repress
reran,reran,NOUN,reran,rerun,Noun,1,Step 1: SUBTLEX-UK,rerun,False,rerun
reredos,reredo,VERB,reredos,reredos,,1,Step 1: SUBTLEX-UK,reredos,False,reredos
reseated,reseat,VERB,reseated,reseated,,1,Step 1: SUBTLEX-UK,reseated,False,reseated
reseed,resee,VERB,reseed,reseed,Verb,1,Step 1: SUBTLEX-UK,reseed,False,reseed
resoling,resole,VERB,resoling,resoling,,1,Step 1: SUBTLEX-UK,resoling,False,resoling
resounding,resound,VERB,resounding,resounding,Adjective,1,Step 1: SUBTLEX-UK,resounding,False,resounding
restring,restre,VERB,restring,restr,Verb,1,Step 1: SUBTLEX-UK,restr,False,restr
restructuring,restructure,VERB,restructuring,restructuring,Noun,1,Step 1: SUBTLEX-UK,restructuring,False,restructuring
resuscitates,resuscitates,PROPN,resuscitates,resuscitate,,1,Step 1: SUBTLEX-UK,resuscitate,False,resuscitate
retailing,retail,VERB,retailing,retailing,Noun,1,Step 1: SUBTLEX-UK,retailing,False,retailing
retarded,retard,VERB,retarded,retarded,Adjective,1,Step 1: SUBTLEX-UK,retarded,False,retarded
retched,retch,VERB,retched,retched,Adjective,1,Step 1: SUBTLEX-UK,retched,False,retched
retches,retch,NOUN,retches,retches,Verb,1,Step 1: SUBTLEX-UK,retches,False,retches
retelling,retell,VERB,retelling,retelling,Verb,1,Step 1: SUBTLEX-UK,retelling,False,retelling
reticulated,reticulate,VERB,reticulated,reticulated,Verb,1,Step 1: SUBTLEX-UK,reticulated,False,reticulated
retied,retie,VERB,retied,rety,,1,Step 1: SUBTLEX-UK,rety,False,rety
retinae,retinae,PROPN,retinae,retina,,1,Step 1: SUBTLEX-UK,retina,False,retina
retinas,retinas,VERB,retinas,retina,Noun,1,Step 1: SUBTLEX-UK,retina,False,retina
retook,retook,VERB,retook,retake,Verb,1,Step 1: SUBTLEX-UK,retake,False,retake
retting,ret,VERB,retting,retting,,1,Step 1: SUBTLEX-UK,retting,False,retting
retying,retye,VERB,,,Verb,2,Step 2: SUBTLEX-US + NLTK,retying,False,retying
reupholstering,reupholstere,VERB,reupholstering,reupholster,Verb,1,Step 1: SUBTLEX-UK,reupholster,False,reupholster
REV'S,rev's,NOUN,,,,3,Step 3: spaCy fallback,rev's,True,REV'S
revenging,revenge,VERB,revenging,reveng,,1,Step 1: SUBTLEX-UK,reveng,False,reveng
reveries,reverie,NOUN,reveries,reveries,Noun,1,Step 1: SUBTLEX-UK,reveries,False,reveries
revitalized,revitalize,VERB,,,Adjective,2,Step 2: SUBTLEX-US + NLTK,revitalized,False,revitalized
revolving,revolve,VERB,revolving,revolving,Adjective,1,Step 1: SUBTLEX-UK,revolving,False,revolving
revs,revs,VERB,revs,rev,Noun,1,Step 1: SUBTLEX-UK,rev,False,rev
rewarding,reward,VERB,rewarding,rewarding,Adjective,1,Step 1: SUBTLEX-UK,rewarding,False,rewarding
rewound,rewound,VERB,rewound,rewind,Verb,1,Step 1: SUBTLEX-UK,rewind,False,rewind
rewrote,rewrote,VERB,rewrote,rewrite,Verb,1,Step 1: SUBTLEX-UK,rewrite,False,rewrite
RHEA'S,rhea's,ADV,,,,3,Step 3: spaCy fallback,rhea's,True,RHEA'S
RHEINHOLDT'S,rheinholdt',NOUN,,,,3,Step 3: spaCy fallback,rheinholdt',True,RHEINHOLDT'S
ribbed,rib,VERB,ribbed,ribbed,Adjective,1,Step 1: SUBTLEX-UK,ribbed,False,ribbed
ribbing,rib,VERB,ribbing,ribbing,Verb,1,Step 1: SUBTLEX-UK,ribbing,False,ribbing
Richard's,richard',NOUN,,,,3,Step 3: spaCy fallback,richard',True,Richard's
RICHARDSON'S,richardson',NOUN,,,,3,Step 3: spaCy fallback,richardson',True,RICHARDSON'S
richer,rich,ADJ,richer,richer,Adjective,1,Step 1: SUBTLEX-UK,richer,False,richer
riches,rich,NOUN,riches,riches,Noun,1,Step 1: SUBTLEX-UK,riches,False,riches
richest,rich,ADJ,richest,richest,Adjective,1,Step 1: SUBTLEX-UK,richest,False,richest
rickets,ricket,NOUN,rickets,rickets,Noun,1,Step 1: SUBTLEX-UK,rickets,False,rickets
Rickey's,rickey',NOUN,,,,3,Step 3: spaCy fallback,rickey',True,Rickey's
ricks,rick,VERB,ricks,ricks,Name,1,Step 1: SUBTLEX-UK,ricks,False,ricks
ridden,ride,VERB,ridden,ridden,Verb,1,Step 1: SUBTLEX-UK,ridden,False,ridden
rider's,rider',NOUN,,,,3,Step 3: spaCy fallback,rider',True,rider's
ridged,ridge,VERB,ridged,ridged,Adjective,1,Step 1: SUBTLEX-UK,ridged,False,ridged
ridings,riding,VERB,ridings,ridings,Noun,1,Step 1: SUBTLEX-UK,ridings,False,ridings
riesling,riesle,VERB,riesling,riesling,Noun,1,Step 1: SUBTLEX-UK,riesling,False,riesling
rigging,rig,VERB,rigging,rigging,Noun,1,Step 1: SUBTLEX-UK,rigging,False,rigging
rights,right,NOUN,rights,rights,Noun,1,Step 1: SUBTLEX-UK,rights,False,rights
ringler's,ringler',VERB,,,,3,Step 3: spaCy fallback,ringler',True,ringler's
rioting,riot,VERB,rioting,rioting,Noun,1,Step 1: SUBTLEX-UK,rioting,False,rioting
ripest,ripe,ADJ,ripest,ripest,Adjective,1,Step 1: SUBTLEX-UK,ripest,False,ripest
riskiest,risky,ADJ,riskiest,riskiest,Adjective,1,Step 1: SUBTLEX-UK,riskiest,False,riskiest
ritualized,ritualize,VERB,,,Adjective,2,Step 2: SUBTLEX-US + NLTK,ritualized,False,ritualized
ritzier,ritzy,ADJ,ritzier,ritzier,,1,Step 1: SUBTLEX-UK,ritzier,False,ritzier
ritziest,ritziest,VERB,,,Adjective,2,Step 2: SUBTLEX-US + NLTK,ritzy,False,ritzy
rival's,rival',NOUN,,,,3,Step 3: spaCy fallback,rival',True,rival's
riven,riven,ADV,riven,rive,Verb,1,Step 1: SUBTLEX-UK,rive,False,rive
RIVER'S,river's,NOUN,,,,3,Step 3: spaCy fallback,river's,True,RIVER'S
riverside's,riverside',NOUN,,,,3,Step 3: spaCy fallback,riverside',True,riverside's
riveting,rivet,VERB,riveting,riveting,Adjective,1,Step 1: SUBTLEX-UK,riveting,False,riveting
roadbed,roadbe,VERB,,,Noun,2,Step 2: SUBTLEX-US + NLTK,roadbed,False,roadbed
roadworks,roadworks,VERB,roadworks,roadwork,,1,Step 1: SUBTLEX-UK,roadwork,False,roadwork
roaring,roar,VERB,roaring,roaring,Verb,1,Step 1: SUBTLEX-UK,roaring,False,roaring
roasted,roast,VERB,roasted,roasted,Adjective,1,Step 1: SUBTLEX-UK,roasted,False,roasted
Rob's,rob's,X,,,,3,Step 3: spaCy fallback,rob's,True,Rob's
Robby's,robby',NOUN,,,,3,Step 3: spaCy fallback,robby',True,Robby's
robing,robe,VERB,robing,robing,Noun,1,Step 1: SUBTLEX-UK,robing,False,robing
robins,robin,NOUN,robins,robins,Noun,1,Step 1: SUBTLEX-UK,robins,False,robins
Robinson's,robinson',NOUN,,,,3,Step 3: spaCy fallback,robinson',True,Robinson's
rockier,rocky,ADJ,rockier,rockier,Adjective,1,Step 1: SUBTLEX-UK,rockier,False,rockier
Rod's,rod's,X,,,,3,Step 3: spaCy fallback,rod's,True,Rod's
rodeos,rodeos,PROPN,rodeos,rodeo,Noun,1,Step 1: SUBTLEX-UK,rodeo,False,rodeo
roleplaying,roleplay,VERB,,,Noun,2,Step 2: SUBTLEX-US + NLTK,roleplaying,False,roleplaying
rollicking,rollick,VERB,rollicking,rollicking,Adjective,1,Step 1: SUBTLEX-UK,rollicking,False,rollicking
romans,roman,NOUN,romans,romans,Noun,1,Step 1: SUBTLEX-UK,romans,False,romans
Rome's,rome's,X,,,,3,Step 3: spaCy fallback,rome's,True,Rome's
Romeo's,romeo',NOUN,,,,3,Step 3: spaCy fallback,romeo',True,Romeo's
ROMMEL'S,rommel's,NOUN,,,,3,Step 3: spaCy fallback,rommel's,True,ROMMEL'S
roofing,roof,VERB,roofing,roofing,Noun,1,Step 1: SUBTLEX-UK,roofing,False,roofing
room's,room',VERB,,,,3,Step 3: spaCy fallback,room',True,room's
roomfuls,roomfuls,PROPN,roomfuls,roomful,,1,Step 1: SUBTLEX-UK,roomful,False,roomful
Roosevelt's,roosevelt',NOUN,,,,3,Step 3: spaCy fallback,roosevelt',True,Roosevelt's
ROOSTER'S,rooster's,NOUN,,,,3,Step 3: spaCy fallback,rooster's,True,ROOSTER'S
rose,rise,VERB,rose,rose,Noun,1,Step 1: SUBTLEX-UK,rose,False,rose
Rose's,rose's,X,,,,3,Step 3: spaCy fallback,rose's,True,Rose's
rosiest,rosy,ADJ,rosiest,rosiest,,1,Step 1: SUBTLEX-UK,rosiest,False,rosiest
rostra,rostra,ADJ,rostra,rostrum,,1,Step 1: SUBTLEX-UK,rostrum,False,rostrum
rostrums,rostrums,PROPN,rostrums,rostrum,,1,Step 1: SUBTLEX-UK,rostrum,False,rostrum
rotarians,rotarian,VERB,rotarians,rotarians,,1,Step 1: SUBTLEX-UK,rotarians,False,rotarians
rouges,rouge,NOUN,rouges,rouges,,1,Step 1: SUBTLEX-UK,rouges,False,rouges
roughcasting,roughcast,VERB,roughcasting,roughcasting,,1,Step 1: SUBTLEX-UK,roughcasting,False,roughcasting
roughs,roughs,PROPN,roughs,rough,Verb,1,Step 1: SUBTLEX-UK,rough,False,rough
ROULETTE'S,roulette's,VERB,,,,3,Step 3: spaCy fallback,roulette's,True,ROULETTE'S
round's,round',NOUN,,,,3,Step 3: spaCy fallback,round',True,round's
rounders,rounder,NOUN,rounders,rounders,Noun,1,Step 1: SUBTLEX-UK,rounders,False,rounders
ROURKE'S,rourke's,VERB,,,,3,Step 3: spaCy fallback,rourke's,True,ROURKE'S
rouses,rous,NOUN,rouses,rouse,Verb,1,Step 1: SUBTLEX-UK,rouse,False,rouse
Rousseau's,rousseau',NOUN,,,,3,Step 3: spaCy fallback,rousseau',True,Rousseau's
rousting,rouste,VERB,rousting,roust,Verb,1,Step 1: SUBTLEX-UK,roust,False,roust
rovers,rover,NOUN,rovers,rovers,Noun,1,Step 1: SUBTLEX-UK,rovers,False,rovers
rowing,row,VERB,rowing,rowing,Noun,1,Step 1: SUBTLEX-UK,rowing,False,rowing
royalists,royalist,NOUN,royalists,royalists,Noun,1,Step 1: SUBTLEX-UK,royalists,False,royalists
ROYLOTT'S,roylott',NOUN,,,,3,Step 3: spaCy fallback,roylott',True,ROYLOTT'S
RUARK'S,ruark',NOUN,,,,3,Step 3: spaCy fallback,ruark',True,RUARK'S
ruction,ruction,NOUN,ruction,ructions,,1,Step 1: SUBTLEX-UK,ructions,False,ructions
ructions,ruction,NOUN,ructions,ructions,,1,Step 1: SUBTLEX-UK,ructions,False,ructions
rudest,rude,ADJ,rudest,rudest,Adjective,1,Step 1: SUBTLEX-UK,rudest,False,rudest
rues,rue,NOUN,rues,rues,Verb,1,Step 1: SUBTLEX-UK,rues,False,rues
RUGER'S,ruger's,NOUN,,,,3,Step 3: spaCy fallback,ruger's,True,RUGER'S
ruing,ruing,NOUN,ruing,rue,Verb,1,Step 1: SUBTLEX-UK,rue,False,rue
ruling,rule,VERB,ruling,ruling,Noun,1,Step 1: SUBTLEX-UK,ruling,False,ruling
rumbas,rumbas,PROPN,rumbas,rumba,,1,Step 1: SUBTLEX-UK,rumba,False,rumba
rumpled,rumple,VERB,rumpled,rumpled,Verb,1,Step 1: SUBTLEX-UK,rumpled,False,rumpled
rung,rung,PROPN,rung,ring,Verb,1,Step 1: SUBTLEX-UK,ring,False,ring
runnier,runny,ADJ,runnier,runnier,Adjective,1,Step 1: SUBTLEX-UK,runnier,False,runnier
RUNYON'S,runyon',NOUN,,,,3,Step 3: spaCy fallback,runyon',True,RUNYON'S
RUSK'S,rusk',NOUN,,,,3,Step 3: spaCy fallback,rusk',True,RUSK'S
Russell's,russell',NOUN,,,,3,Step 3: spaCy fallback,russell',True,Russell's
Russia's,russia',NOUN,,,,3,Step 3: spaCy fallback,russia',True,Russia's
rusting,rust,VERB,rusting,rusting,Verb,1,Step 1: SUBTLEX-UK,rusting,False,rusting
rustling,rustle,VERB,rustling,rustling,Verb,1,Step 1: SUBTLEX-UK,rustling,False,rustling
rustproofing,rustproofe,VERB,,,Name,2,Step 2: SUBTLEX-US + NLTK,rustproofing,False,rustproofing
Ruth's,ruth's,VERB,,,,3,Step 3: spaCy fallback,ruth's,True,Ruth's
s,s,NOUN,s,be,Letter,1,Step 1: SUBTLEX-UK,be,False,be
S'ACCUSE,s'accuse,NOUN,,,,3,Step 3: spaCy fallback,s'accuse,True,S'ACCUSE
S'EXCUSE,s'excuse,NOUN,,,,3,Step 3: spaCy fallback,s'excuse,True,S'EXCUSE
S'POSIN,s'posin,ADJ,,,,3,Step 3: spaCy fallback,s'posin,True,S'POSIN
sables,sable,NOUN,sables,sables,Noun,1,Step 1: SUBTLEX-UK,sables,False,sables
saddlers,saddler,NOUN,saddlers,saddlers,,1,Step 1: SUBTLEX-UK,saddlers,False,saddlers
safaris,safaris,PROPN,safaris,safari,Noun,1,Step 1: SUBTLEX-UK,safari,False,safari
safecracking,safecracke,VERB,,,Verb,2,Step 2: SUBTLEX-US + NLTK,safecracking,False,safecracking
safekeeping,safekeepe,VERB,safekeeping,safekeep,Noun,1,Step 1: SUBTLEX-UK,safekeep,False,safekeep
safer,safe,ADJ,safer,safer,Adjective,1,Step 1: SUBTLEX-UK,safer,False,safer
safest,safe,ADJ,safest,safest,Adjective,1,Step 1: SUBTLEX-UK,safest,False,safest
sagas,sagas,PROPN,sagas,saga,Noun,1,Step 1: SUBTLEX-UK,saga,False,saga
sailing,sail,VERB,sailing,sailing,Verb,1,Step 1: SUBTLEX-UK,sailing,False,sailing
sainted,saint,VERB,sainted,sainted,Adjective,1,Step 1: SUBTLEX-UK,sainted,False,sainted
saints,saint,NOUN,saints,saints,Noun,1,Step 1: SUBTLEX-UK,saints,False,saints
salaried,salary,VERB,salaried,salaried,Adjective,1,Step 1: SUBTLEX-UK,salaried,False,salaried
salespeople,salesperson,NOUN,salespeople,salespeople,Noun,1,Step 1: SUBTLEX-UK,salespeople,False,salespeople
Sally's,sally's,VERB,,,,3,Step 3: spaCy fallback,sally's,True,Sally's
salmagundi,salmagundi,NOUN,salmagundi,salmagundus,,1,Step 1: SUBTLEX-UK,salmagundus,False,salmagundus
saltiest,salty,ADJ,saltiest,saltiest,Adjective,1,Step 1: SUBTLEX-UK,saltiest,False,saltiest
sambas,sambas,PROPN,sambas,samba,Noun,1,Step 1: SUBTLEX-UK,samba,False,samba
samurais,samurais,PROPN,,,Noun,2,Step 2: SUBTLEX-US + NLTK,samurai,False,samurai
sanctifies,sanctifie,NOUN,sanctifies,sanctify,Verb,1,Step 1: SUBTLEX-UK,sanctify,False,sanctify
sandalled,sandalle,VERB,sandalled,sandalled,Adjective,1,Step 1: SUBTLEX-UK,sandalled,False,sandalled
sandbagged,sandbag,VERB,sandbagged,sandbagged,Verb,1,Step 1: SUBTLEX-UK,sandbagged,False,sandbagged
sandbagging,sandbagging,ADJ,sandbagging,sandbag,Verb,1,Step 1: SUBTLEX-UK,sandbag,False,sandbag
sandboxes,sandboxe,VERB,,,Noun,2,Step 2: SUBTLEX-US + NLTK,sandbox,False,sandbox
SANDBURG'S,sandburg',NOUN,,,,3,Step 3: spaCy fallback,sandburg',True,SANDBURG'S
SANDE'S,sande's,ADV,,,,3,Step 3: spaCy fallback,sande's,True,SANDE'S
sander,sand,ADJ,sander,sander,Noun,1,Step 1: SUBTLEX-UK,sander,False,sander
sanders,sander,NOUN,sanders,sanders,Name,1,Step 1: SUBTLEX-UK,sanders,False,sanders
sanest,sane,ADJ,sanest,sanest,Adjective,1,Step 1: SUBTLEX-UK,sanest,False,sanest
sangria,sangria,PROPN,sangria,sangrium,Noun,1,Step 1: SUBTLEX-UK,sangrium,False,sangrium
SANTAYANA'S,santayana's,VERB,,,,3,Step 3: spaCy fallback,santayana's,True,SANTAYANA'S
sapling,saple,VERB,sapling,sapling,Noun,1,Step 1: SUBTLEX-UK,sapling,False,sapling
sapodilla,sapodilla,NOUN,sapodilla,sapodillum,,1,Step 1: SUBTLEX-UK,sapodillum,False,sapodillum
Sara's,sara's,X,,,,3,Step 3: spaCy fallback,sara's,True,Sara's
Sarah's,sarah',NOUN,,,,3,Step 3: spaCy fallback,sarah',True,Sarah's
sarcophagi,sarcophagi,NOUN,sarcophagi,sarcophagus,Noun,1,Step 1: SUBTLEX-UK,sarcophagus,False,sarcophagus
sarcophaguses,sarcophaguse,VERB,sarcophaguses,sarcophagus,,1,Step 1: SUBTLEX-UK,sarcophagus,False,sarcophagus
saris,saris,PROPN,saris,sari,Noun,1,Step 1: SUBTLEX-UK,sari,False,sari
sashimi,sashimi,PROPN,sashimi,sashimus,Noun,1,Step 1: SUBTLEX-UK,sashimus,False,sashimus
Satan's,satan',NOUN,,,,3,Step 3: spaCy fallback,satan',True,Satan's
satisfied,satisfied,ADJ,satisfied,satisfy,Adjective,1,Step 1: SUBTLEX-UK,satisfy,False,satisfy
satisfies,satisfie,NOUN,satisfies,satisfy,Verb,1,Step 1: SUBTLEX-UK,satisfy,False,satisfy
satisfying,satisfy,VERB,satisfying,satisfying,Adjective,1,Step 1: SUBTLEX-UK,satisfying,False,satisfying
Saturday's,saturday',NOUN,,,,3,Step 3: spaCy fallback,saturday',True,Saturday's
SAUD'S,saud's,NOUN,,,,3,Step 3: spaCy fallback,saud's,True,SAUD'S
saurians,saurians,PROPN,,,Noun,2,Step 2: SUBTLEX-US + NLTK,saurian,False,saurian
sauternes,sauterne,NOUN,sauternes,sauternes,Noun,1,Step 1: SUBTLEX-UK,sauternes,False,sauternes
savings,saving,NOUN,savings,savings,Noun,1,Step 1: SUBTLEX-UK,savings,False,savings
savouries,savourie,VERB,savouries,savoury,,1,Step 1: SUBTLEX-UK,savoury,False,savoury
savoys,savoy,VERB,savoys,savoys,,1,Step 1: SUBTLEX-UK,savoys,False,savoys
sawbones,sawbone,NOUN,sawbones,sawbones,Noun,1,Step 1: SUBTLEX-UK,sawbones,False,sawbones
saxes,saxe,NOUN,saxes,sax,Verb,1,Step 1: SUBTLEX-UK,sax,False,sax
saxons,saxon,NOUN,saxons,saxons,Noun,1,Step 1: SUBTLEX-UK,saxons,False,saxons
SAXTON'S,saxton',NOUN,,,,3,Step 3: spaCy fallback,saxton',True,SAXTON'S
scabbed,scabbe,VERB,scabbed,scab,Verb,1,Step 1: SUBTLEX-UK,scab,False,scab
scabbing,scabbe,VERB,scabbing,scab,Verb,1,Step 1: SUBTLEX-UK,scab,False,scab
scabies,scabie,NOUN,scabies,scabies,Noun,1,Step 1: SUBTLEX-UK,scabies,False,scabies
scads,scad,NOUN,scads,scads,Noun,1,Step 1: SUBTLEX-UK,scads,False,scads
scaffolding,scaffold,VERB,scaffolding,scaffolding,Noun,1,Step 1: SUBTLEX-UK,scaffolding,False,scaffolding
scalloped,scallop,VERB,scalloped,scalloped,Adjective,1,Step 1: SUBTLEX-UK,scalloped,False,scalloped
scalpels,scalpels,PUNCT,scalpels,scalpel,Noun,1,Step 1: SUBTLEX-UK,scalpel,False,scalpel
scalping,scalp,VERB,scalping,scalping,Verb,1,Step 1: SUBTLEX-UK,scalping,False,scalping
scandalmonger,scandalmong,ADJ,,,Verb,2,Step 2: SUBTLEX-US + NLTK,scandalmonger,False,scandalmonger
scaremongering,scaremongere,VERB,scaremongering,scaremonger,,1,Step 1: SUBTLEX-UK,scaremonger,False,scaremonger
scarier,scary,ADJ,scarier,scarier,Adjective,1,Step 1: SUBTLEX-UK,scarier,False,scarier
scariest,scary,ADJ,scariest,scariest,Adjective,1,Step 1: SUBTLEX-UK,scariest,False,scariest
scarlets,scarlet,NOUN,scarlets,scarlets,,1,Step 1: SUBTLEX-UK,scarlets,False,scarlets
scarps,scarps,VERB,,,Noun,2,Step 2: SUBTLEX-US + NLTK,scarp,False,scarp
scarves,scarve,VERB,scarves,scarf,Noun,1,Step 1: SUBTLEX-UK,scarf,False,scarf
scatterbrained,scatterbraine,VERB,scatterbrained,scatterbrain,Adjective,1,Step 1: SUBTLEX-UK,scatterbrain,False,scatterbrain
scattering,scatter,VERB,scattering,scattering,Verb,1,Step 1: SUBTLEX-UK,scattering,False,scattering
sceptred,sceptre,VERB,sceptred,sceptred,Adjective,1,Step 1: SUBTLEX-UK,sceptred,False,sceptred
scheming,scheme,VERB,scheming,scheming,Verb,1,Step 1: SUBTLEX-UK,scheming,False,scheming
SCHIELE'S,schiele's,ADV,,,,3,Step 3: spaCy fallback,schiele's,True,SCHIELE'S
schilling,schille,VERB,schilling,schilling,Noun,1,Step 1: SUBTLEX-UK,schilling,False,schilling
SCHNABEL'S,schnabel's,VERB,,,,3,Step 3: spaCy fallback,schnabel's,True,SCHNABEL'S
schooling,school,VERB,schooling,schooling,Noun,1,Step 1: SUBTLEX-UK,schooling,False,schooling
SCHOPENHAUER'S,schopenhauer's,NOUN,,,,3,Step 3: spaCy fallback,schopenhauer's,True,SCHOPENHAUER'S
SCHUBERT'S,schubert',NOUN,,,,3,Step 3: spaCy fallback,schubert',True,SCHUBERT'S
SCHUMAN'S,schuman',NOUN,,,,3,Step 3: spaCy fallback,schuman',True,SCHUMAN'S
SCHUYLER'S,schuyler',NOUN,,,,3,Step 3: spaCy fallback,schuyler',True,SCHUYLER'S
schweppes,schweppe,NOUN,schweppes,schweppes,,1,Step 1: SUBTLEX-UK,schweppes,False,schweppes
scissors,scissor,NOUN,scissors,scissors,Noun,1,Step 1: SUBTLEX-UK,scissors,False,scissors
scolding,scold,VERB,scolding,scolding,Verb,1,Step 1: SUBTLEX-UK,scolding,False,scolding
scoped,scope,VERB,scoped,scop,Verb,1,Step 1: SUBTLEX-UK,scop,False,scop
scorekeeping,scorekeepe,VERB,,,Noun,2,Step 2: SUBTLEX-US + NLTK,scorekeeping,False,scorekeeping
scotching,scotch,VERB,scotching,scotching,,1,Step 1: SUBTLEX-UK,scotching,False,scotching
scots,scot,NOUN,scots,scots,Noun,1,Step 1: SUBTLEX-UK,scots,False,scots
scotsmen,scotsman,NOUN,scotsmen,scotsmen,Noun,1,Step 1: SUBTLEX-UK,scotsmen,False,scotsmen
Scott's,scott',NOUN,,,,3,Step 3: spaCy fallback,scott',True,Scott's
Scotty's,scotty',NOUN,,,,3,Step 3: spaCy fallback,scotty',True,Scotty's
scouts,scout,NOUN,scouts,scouts,Noun,1,Step 1: SUBTLEX-UK,scouts,False,scouts
scrapings,scraping,NOUN,scrapings,scrapings,Noun,1,Step 1: SUBTLEX-UK,scrapings,False,scrapings
scrappiest,scrappy,ADJ,scrappiest,scrappiest,,1,Step 1: SUBTLEX-UK,scrappiest,False,scrappiest
scratchier,scratchi,ADJ,scratchier,scratchier,,1,Step 1: SUBTLEX-UK,scratchier,False,scratchier
scrawnier,scrawny,ADJ,scrawnier,scrawnier,Adjective,1,Step 1: SUBTLEX-UK,scrawnier,False,scrawnier
screeches,screech,NOUN,screeches,screeches,Noun,1,Step 1: SUBTLEX-UK,screeches,False,screeches
screenwriting,screenwrite,VERB,screenwriting,screenwrit,Verb,1,Step 1: SUBTLEX-UK,screenwrit,False,screenwrit
screwier,screwier,ADV,,,Adjective,2,Step 2: SUBTLEX-US + NLTK,screwy,False,screwy
screwiest,screwiest,ADJ,,,Adjective,2,Step 2: SUBTLEX-US + NLTK,screwy,False,screwy
scrooges,scrooge,NOUN,scrooges,scrooges,,1,Step 1: SUBTLEX-UK,scrooges,False,scrooges
scruffier,scruffy,ADJ,scruffier,scruffier,,1,Step 1: SUBTLEX-UK,scruffier,False,scruffier
scuffing,scuff,VERB,scuffing,scuffing,Verb,1,Step 1: SUBTLEX-UK,scuffing,False,scuffing
scuffling,scuffle,VERB,scuffling,scuffling,Verb,1,Step 1: SUBTLEX-UK,scuffling,False,scuffling
sculptor's,sculptor',VERB,,,,3,Step 3: spaCy fallback,sculptor',True,sculptor's
seafoods,seafood,NOUN,seafoods,seafoods,Noun,1,Step 1: SUBTLEX-UK,seafoods,False,seafoods
seagoing,seagoe,VERB,seagoing,seago,Adjective,1,Step 1: SUBTLEX-UK,seago,False,seago
seahawks,seahawk,NOUN,seahawks,seahawks,,1,Step 1: SUBTLEX-UK,seahawks,False,seahawks
seamier,seamy,ADJ,seamier,seamier,Adjective,1,Step 1: SUBTLEX-UK,seamier,False,seamier
seamstresses,seamstresse,VERB,seamstresses,seamstress,Noun,1,Step 1: SUBTLEX-UK,seamstress,False,seamstress
sears,sear,NOUN,sears,sears,Name,1,Step 1: SUBTLEX-UK,sears,False,sears
seasoned,season,VERB,seasoned,seasoned,Adjective,1,Step 1: SUBTLEX-UK,seasoned,False,seasoned
seasoning,season,VERB,seasoning,seasoning,Noun,1,Step 1: SUBTLEX-UK,seasoning,False,seasoning
SEATON'S,seaton',NOUN,,,,3,Step 3: spaCy fallback,seaton',True,SEATON'S
seawards,seaward,NOUN,seawards,seawards,,1,Step 1: SUBTLEX-UK,seawards,False,seawards
secateurs,secateur,NOUN,secateurs,secateurs,,1,Step 1: SUBTLEX-UK,secateurs,False,secateurs
secluded,seclude,VERB,secluded,secluded,Adjective,1,Step 1: SUBTLEX-UK,secluded,False,secluded
seconds,second,NOUN,seconds,seconds,Noun,1,Step 1: SUBTLEX-UK,seconds,False,seconds
seedbed,seedbe,VERB,seedbed,seedbed,,1,Step 1: SUBTLEX-UK,seedbed,False,seedbed
seedling,seedle,VERB,seedling,seedling,Noun,1,Step 1: SUBTLEX-UK,seedling,False,seedling
seething,seethe,VERB,seething,seething,Verb,1,Step 1: SUBTLEX-UK,seething,False,seething
SEGAL'S,segal's,PRON,,,,3,Step 3: spaCy fallback,segal's,True,SEGAL'S
segmented,segment,VERB,segmented,segmented,Adjective,1,Step 1: SUBTLEX-UK,segmented,False,segmented
SEGOVIA'S,segovia',NOUN,,,,3,Step 3: spaCy fallback,segovia',True,SEGOVIA'S
seines,seine,VERB,seines,seines,,1,Step 1: SUBTLEX-UK,seines,False,seines
seismographs,seismographs,VERB,seismographs,seismograph,Noun,1,Step 1: SUBTLEX-UK,seismograph,False,seismograph
seller's,seller',VERB,,,,3,Step 3: spaCy fallback,seller',True,seller's
semantics,semantic,NOUN,semantics,semantics,Noun,1,Step 1: SUBTLEX-UK,semantics,False,semantics
semen,seman,NOUN,semen,semen,Noun,1,Step 1: SUBTLEX-UK,semen,False,semen
semi,semi,ADV,semi,semus,Noun,1,Step 1: SUBTLEX-UK,semus,False,semus
semidetached,semidetache,VERB,semidetached,semidetach,,1,Step 1: SUBTLEX-UK,semidetach,False,semidetach
semis,semis,PROPN,semis,semi,Noun,1,Step 1: SUBTLEX-UK,semi,False,semi
semiskilled,semiskille,VERB,,,Verb,2,Step 2: SUBTLEX-US + NLTK,semiskilled,False,semiskilled
Senate's,senate',NOUN,,,,3,Step 3: spaCy fallback,senate',True,Senate's
sensationalizing,sensationalize,VERB,,,Verb,2,Step 2: SUBTLEX-US + NLTK,sensationalizing,False,sensationalizing
senses,sense,NOUN,senses,sens,Noun,1,Step 1: SUBTLEX-UK,sens,False,sens
sentencing,sentence,VERB,sentencing,sentencing,Noun,1,Step 1: SUBTLEX-UK,sentencing,False,sentencing
sentimentalized,sentimentalize,VERB,,,Adjective,2,Step 2: SUBTLEX-US + NLTK,sentimentalized,False,sentimentalized
sequestering,sequester,VERB,sequestering,sequestering,Verb,1,Step 1: SUBTLEX-UK,sequestering,False,sequestering
sequined,sequine,VERB,sequined,sequined,Adjective,1,Step 1: SUBTLEX-UK,sequined,False,sequined
sera,sera,NOUN,sera,serum,Unclassified,1,Step 1: SUBTLEX-UK,serum,False,serum
seraphs,seraphs,VERB,seraphs,seraph,Noun,1,Step 1: SUBTLEX-UK,seraph,False,seraph
serfs,serfs,PROPN,serfs,serf,Noun,1,Step 1: SUBTLEX-UK,serf,False,serf
serrated,serrate,VERB,serrated,serrated,Adjective,1,Step 1: SUBTLEX-UK,serrated,False,serrated
serried,serrie,VERB,serried,serried,,1,Step 1: SUBTLEX-UK,serried,False,serried
servicing,servicing,NOUN,servicing,service,Verb,1,Step 1: SUBTLEX-UK,service,False,service
servos,servos,PROPN,servos,servo,Noun,1,Step 1: SUBTLEX-UK,servo,False,servo
setae,setae,PROPN,setae,seta,,1,Step 1: SUBTLEX-UK,seta,False,seta
severest,severe,ADJ,severest,severest,Adjective,1,Step 1: SUBTLEX-UK,severest,False,severest
sexting,sexte,VERB,sexting,sext,,1,Step 1: SUBTLEX-UK,sext,False,sext
seychelles,seychelle,NOUN,seychelles,seychelles,,1,Step 1: SUBTLEX-UK,seychelles,False,seychelles
shabbier,shabby,ADJ,shabbier,shabbier,Adjective,1,Step 1: SUBTLEX-UK,shabbier,False,shabbier
shabbiest,shabbiest,PROPN,,,Adjective,2,Step 2: SUBTLEX-US + NLTK,shabby,False,shabby
shaded,shade,VERB,shaded,shaded,Adjective,1,Step 1: SUBTLEX-UK,shaded,False,shaded
shades,shade,VERB,shades,shades,Noun,1,Step 1: SUBTLEX-UK,shades,False,shades
shadier,shady,ADJ,shadier,shadier,,1,Step 1: SUBTLEX-UK,shadier,False,shadier
shadowboxes,shadowboxe,NOUN,,,Noun,2,Step 2: SUBTLEX-US + NLTK,shadowboxes,False,shadowboxes
SHAEFER'S,shaefer's,NOUN,,,,3,Step 3: spaCy fallback,shaefer's,True,SHAEFER'S
shaggiest,shaggiest,ADJ,,,Adjective,2,Step 2: SUBTLEX-US + NLTK,shaggy,False,shaggy
shahs,shah,NOUN,shahs,shahs,,1,Step 1: SUBTLEX-UK,shahs,False,shahs
Shakespeare's,shakespeare',NOUN,,,,3,Step 3: spaCy fallback,shakespeare',True,Shakespeare's
shallowest,shallow,ADJ,shallowest,shallowest,Adjective,1,Step 1: SUBTLEX-UK,shallowest,False,shallowest
shallows,shallow,NOUN,shallows,shallows,Noun,1,Step 1: SUBTLEX-UK,shallows,False,shallows
shambles,shamble,NOUN,shambles,shambles,Noun,1,Step 1: SUBTLEX-UK,shambles,False,shambles
shamefaced,shamefaced,ADJ,shamefaced,shameface,,1,Step 1: SUBTLEX-UK,shameface,False,shameface
SHANN'S,shann',NOUN,,,,3,Step 3: spaCy fallback,shann',True,SHANN'S
sharking,shark,VERB,sharking,sharking,Verb,1,Step 1: SUBTLEX-UK,sharking,False,sharking
SHARPE'S,sharpe's,ADV,,,,3,Step 3: spaCy fallback,sharpe's,True,SHARPE'S
sharper,sharp,ADJ,sharper,sharper,Adjective,1,Step 1: SUBTLEX-UK,sharper,False,sharper
sharpest,sharp,ADJ,sharpest,sharpest,Adjective,1,Step 1: SUBTLEX-UK,sharpest,False,sharpest
sharps,sharps,PROPN,sharps,sharp,Name,1,Step 1: SUBTLEX-UK,sharp,False,sharp
sharpshooting,sharpshoot,VERB,sharpshooting,sharpshooting,Verb,1,Step 1: SUBTLEX-UK,sharpshooting,False,sharpshooting
shat,shat,PROPN,shat,shit,Verb,1,Step 1: SUBTLEX-UK,shit,False,shit
shavers,shaver,NOUN,shavers,shavers,Noun,1,Step 1: SUBTLEX-UK,shavers,False,shavers
shaving,shaving,NOUN,shaving,shave,Verb,1,Step 1: SUBTLEX-UK,shave,False,shave
SHAW'S,shaw',NOUN,,,,3,Step 3: spaCy fallback,shaw',True,SHAW'S
SHAYNE'S,shayne's,VERB,,,,3,Step 3: spaCy fallback,shayne's,True,SHAYNE'S
Shea's,shea's,INTJ,,,,3,Step 3: spaCy fallback,shea's,True,Shea's
shearing,shearing,PROPN,shearing,shear,Verb,1,Step 1: SUBTLEX-UK,shear,False,shear
SHEARING'S,shearing',VERB,,,,3,Step 3: spaCy fallback,shearing',True,SHEARING'S
shears,shear,NOUN,shears,shears,Noun,1,Step 1: SUBTLEX-UK,shears,False,shears
sheathing,sheathe,VERB,sheathing,sheathing,Noun,1,Step 1: SUBTLEX-UK,sheathing,False,sheathing
sheers,sheer,NOUN,sheers,sheers,,1,Step 1: SUBTLEX-UK,sheers,False,sheers
sheeting,sheet,VERB,sheeting,sheeting,Noun,1,Step 1: SUBTLEX-UK,sheeting,False,sheeting
shellacking,shellac,VERB,shellacking,shellacking,Noun,1,Step 1: SUBTLEX-UK,shellacking,False,shellacking
Shelley's,shelley's,VERB,,,,3,Step 3: spaCy fallback,shelley's,True,Shelley's
sheltered,shelter,VERB,sheltered,sheltered,Adjective,1,Step 1: SUBTLEX-UK,sheltered,False,sheltered
SHERMAN'S,sherman',NOUN,,,,3,Step 3: spaCy fallback,sherman',True,SHERMAN'S
shes,she,NOUN,shes,she,Noun,1,Step 1: SUBTLEX-UK,she,True,shes
shields,shield,NOUN,shields,shields,Noun,1,Step 1: SUBTLEX-UK,shields,False,shields
shilling,shill,VERB,shilling,shilling,Noun,1,Step 1: SUBTLEX-UK,shilling,False,shilling
shimmering,shimmer,VERB,shimmering,shimmering,Adjective,1,Step 1: SUBTLEX-UK,shimmering,False,shimmering
shingled,shingle,VERB,shingled,shingled,Verb,1,Step 1: SUBTLEX-UK,shingled,False,shingled
shingling,shingle,VERB,,,Noun,2,Step 2: SUBTLEX-US + NLTK,shingling,False,shingling
shipbuilding,shipbuilde,VERB,shipbuilding,shipbuilding,Noun,1,Step 1: SUBTLEX-UK,shipbuilding,False,shipbuilding
Shirley's,shirley',NOUN,,,,3,Step 3: spaCy fallback,shirley',True,Shirley's
shitfaced,shitface,VERB,shitfaced,shitfaced,Adjective,1,Step 1: SUBTLEX-UK,shitfaced,False,shitfaced
shittier,shitti,ADJ,shittier,shittier,Adjective,1,Step 1: SUBTLEX-UK,shittier,False,shittier
shoddiest,shoddiest,VERB,,,Adjective,2,Step 2: SUBTLEX-US + NLTK,shoddy,False,shoddy
shoeing,shoe,VERB,shoeing,shoeing,Verb,1,Step 1: SUBTLEX-UK,shoeing,False,shoeing
shone,shone,VERB,shone,shine,Verb,1,Step 1: SUBTLEX-UK,shine,False,shine
shooed,shooed,VERB,shooed,shoo,Verb,1,Step 1: SUBTLEX-UK,shoo,False,shoo
shooter,shoot,ADJ,shooter,shooter,Noun,1,Step 1: SUBTLEX-UK,shooter,False,shooter
shooting,shoot,VERB,shooting,shooting,Verb,1,Step 1: SUBTLEX-UK,shooting,False,shooting
shopkeeping,shopkeepe,VERB,shopkeeping,shopkeep,,1,Step 1: SUBTLEX-UK,shopkeep,False,shopkeep
shoplifting,shoplift,VERB,shoplifting,shoplifting,Noun,1,Step 1: SUBTLEX-UK,shoplifting,False,shoplifting
shorn,shorn,VERB,shorn,shear,Verb,1,Step 1: SUBTLEX-UK,shear,False,shear
SHORT'S,short',NOUN,,,,3,Step 3: spaCy fallback,short',True,SHORT'S
shortcoming,shortcome,VERB,shortcoming,shortcoming,Noun,1,Step 1: SUBTLEX-UK,shortcoming,False,shortcoming
shorter,short,ADJ,shorter,shorter,Adjective,1,Step 1: SUBTLEX-UK,shorter,False,shorter
shortest,short,ADJ,shortest,shortest,Adjective,1,Step 1: SUBTLEX-UK,shortest,False,shortest
shorthanded,shorthande,VERB,shorthanded,shorthand,Verb,1,Step 1: SUBTLEX-UK,shorthand,False,shorthand
shorthorns,shorthorn,NOUN,shorthorns,shorthorns,Noun,1,Step 1: SUBTLEX-UK,shorthorns,False,shorthorns
shorts,short,VERB,shorts,shorts,Noun,1,Step 1: SUBTLEX-UK,shorts,False,shorts
showboating,showboate,VERB,showboating,showboat,Verb,1,Step 1: SUBTLEX-UK,showboat,False,showboat
showiest,showy,ADJ,showiest,showiest,,1,Step 1: SUBTLEX-UK,showiest,False,showiest
shred,shre,VERB,shred,shred,Noun,1,Step 1: SUBTLEX-UK,shred,False,shred
shredded,shred,VERB,shredded,shredded,Adjective,1,Step 1: SUBTLEX-UK,shredded,False,shredded
shrewder,shrewd,ADJ,shrewder,shrewder,Adjective,1,Step 1: SUBTLEX-UK,shrewder,False,shrewder
shrewdest,shrewd,ADJ,shrewdest,shrewdest,,1,Step 1: SUBTLEX-UK,shrewdest,False,shrewdest
shrieks,shriek,NOUN,shrieks,shrieks,Verb,1,Step 1: SUBTLEX-UK,shrieks,False,shrieks
shrilling,shrill,VERB,,,Noun,2,Step 2: SUBTLEX-US + NLTK,shrilling,False,shrilling
shriven,shriven,VERB,shriven,shrive,,1,Step 1: SUBTLEX-UK,shrive,False,shrive
shriving,shrive,VERB,,,Noun,2,Step 2: SUBTLEX-US + NLTK,shriving,False,shriving
shrunk,shrunk,NOUN,shrunk,shrink,Verb,1,Step 1: SUBTLEX-UK,shrink,False,shrink
shufti,shufti,VERB,shufti,shuftus,,1,Step 1: SUBTLEX-UK,shuftus,False,shuftus
shunters,shunter,NOUN,shunters,shunters,,1,Step 1: SUBTLEX-UK,shunters,False,shunters
shunting,shunt,VERB,shunting,shunting,Verb,1,Step 1: SUBTLEX-UK,shunting,False,shunting
shushes,shushe,NOUN,shushes,shush,Verb,1,Step 1: SUBTLEX-UK,shush,False,shush
sibs,sib,NOUN,sibs,sibs,Noun,1,Step 1: SUBTLEX-UK,sibs,False,sibs
sickbed,sickbe,VERB,sickbed,sickbed,Adjective,1,Step 1: SUBTLEX-UK,sickbed,False,sickbed
sickest,sick,ADJ,sickest,sickest,Adjective,1,Step 1: SUBTLEX-UK,sickest,False,sickest
sideslipped,sideslip,VERB,,,Verb,2,Step 2: SUBTLEX-US + NLTK,sideslipped,False,sideslipped
sidesplitting,sidesplitte,VERB,,,Verb,2,Step 2: SUBTLEX-US + NLTK,sidesplitting,False,sidesplitting
sidewards,sideward,NOUN,sidewards,sidewards,,1,Step 1: SUBTLEX-UK,sidewards,False,sidewards
siding,side,VERB,siding,siding,Verb,1,Step 1: SUBTLEX-UK,siding,False,siding
Sidney's,sidney',NOUN,,,,3,Step 3: spaCy fallback,sidney',True,Sidney's
sierras,sierra,NOUN,sierras,sierras,Name,1,Step 1: SUBTLEX-UK,sierras,False,sierras
sighting,sight,VERB,sighting,sighting,Noun,1,Step 1: SUBTLEX-UK,sighting,False,sighting
signifier,signifi,ADJ,signifier,signifier,Noun,1,Step 1: SUBTLEX-UK,signifier,False,signifier
sikhs,sikh,NOUN,sikhs,sikhs,Noun,1,Step 1: SUBTLEX-UK,sikhs,False,sikhs
silkiest,silky,ADJ,silkiest,silkiest,,1,Step 1: SUBTLEX-UK,silkiest,False,silkiest
silliest,silly,ADJ,silliest,silliest,Adjective,1,Step 1: SUBTLEX-UK,silliest,False,silliest
SIMAK'S,simak',NOUN,,,,3,Step 3: spaCy fallback,simak',True,SIMAK'S
Simon's,simon's,VERB,,,,3,Step 3: spaCy fallback,simon's,True,Simon's
simpleminded,simpleminde,VERB,simpleminded,simplemind,Verb,1,Step 1: SUBTLEX-UK,simplemind,False,simplemind
simpler,simple,ADJ,simpler,simpler,Adjective,1,Step 1: SUBTLEX-UK,simpler,False,simpler
simplest,simple,ADJ,simplest,simplest,Adjective,1,Step 1: SUBTLEX-UK,simplest,False,simplest
simplifies,simplifie,NOUN,simplifies,simplify,Verb,1,Step 1: SUBTLEX-UK,simplify,False,simplify
Simpson's,simpson',NOUN,,,,3,Step 3: spaCy fallback,simpson',True,Simpson's
simulacra,simulacra,VERB,,,Noun,2,Step 2: SUBTLEX-US + NLTK,simulacrum,False,simulacrum
simulated,simulate,VERB,simulated,simulated,Adjective,1,Step 1: SUBTLEX-UK,simulated,False,simulated
sincerest,sincere,ADJ,sincerest,sincerest,Adjective,1,Step 1: SUBTLEX-UK,sincerest,False,sincerest
SING'S,sing',NOUN,,,,3,Step 3: spaCy fallback,sing',True,SING'S
singes,singe,NOUN,,,Verb,2,Step 2: SUBTLEX-US + NLTK,sing,False,sing
singing,singe,VERB,singing,sing,Verb,1,Step 1: SUBTLEX-UK,sing,False,sing
singles,single,VERB,singles,singles,Noun,1,Step 1: SUBTLEX-UK,singles,False,singles
sis,sis,NOUN,sis,si,Noun,1,Step 1: SUBTLEX-UK,si,False,si
sissified,sissifie,VERB,,,Verb,2,Step 2: SUBTLEX-US + NLTK,sissified,False,sissified
sister's,sister',VERB,,,,3,Step 3: spaCy fallback,sister',True,sister's
siting,site,VERB,siting,siting,Noun,1,Step 1: SUBTLEX-UK,siting,False,siting
sizzles,sizzle,NOUN,sizzles,sizzles,Noun,1,Step 1: SUBTLEX-UK,sizzles,False,sizzles
skeptics,skeptic,NOUN,skeptics,skeptics,Noun,1,Step 1: SUBTLEX-UK,skeptics,False,skeptics
skewed,skewed,ADJ,skewed,skew,Verb,1,Step 1: SUBTLEX-UK,skew,False,skew
skiing,ski,VERB,skiing,skiing,Noun,1,Step 1: SUBTLEX-UK,skiing,False,skiing
skilling,skilling,NOUN,skilling,skill,Name,1,Step 1: SUBTLEX-UK,skill,False,skill
skimpiest,skimpiest,PROPN,,,Adjective,2,Step 2: SUBTLEX-US + NLTK,skimpy,False,skimpy
skinniest,skinny,ADJ,skinniest,skinniest,Adjective,1,Step 1: SUBTLEX-UK,skinniest,False,skinniest
SKIPJACK'S,skipjack',NOUN,,,,3,Step 3: spaCy fallback,skipjack',True,SKIPJACK'S
skivvying,skivvye,VERB,skivvying,skivvy,,1,Step 1: SUBTLEX-UK,skivvy,False,skivvy
SKOLMAN'S,skolman',NOUN,,,,3,Step 3: spaCy fallback,skolman',True,SKOLMAN'S
skuas,skuas,PROPN,skuas,skua,,1,Step 1: SUBTLEX-UK,skua,False,skua
skullcaps,skullcaps,ADV,,,Noun,2,Step 2: SUBTLEX-US + NLTK,skullcap,False,skullcap
skulled,skulle,VERB,skulled,skull,,1,Step 1: SUBTLEX-UK,skull,False,skull
slacks,slack,NOUN,slacks,slacks,Noun,1,Step 1: SUBTLEX-UK,slacks,False,slacks
slaked,slake,VERB,slaked,slaked,Verb,1,Step 1: SUBTLEX-UK,slaked,False,slaked
slanging,slang,VERB,slanging,slanging,Verb,1,Step 1: SUBTLEX-UK,slanging,False,slanging
slanting,slant,VERB,slanting,slanting,Verb,1,Step 1: SUBTLEX-UK,slanting,False,slanting
slantways,slantway,NOUN,,,Noun,2,Step 2: SUBTLEX-US + NLTK,slantways,False,slantways
slapping,slap,VERB,slapping,slapping,Verb,1,Step 1: SUBTLEX-UK,slapping,False,slapping
SLATER'S,slater's,VERB,,,,3,Step 3: spaCy fallback,slater's,True,SLATER'S
slatted,slat,VERB,slatted,slatted,Adjective,1,Step 1: SUBTLEX-UK,slatted,False,slatted
slaying,slay,VERB,slaying,slaying,Verb,1,Step 1: SUBTLEX-UK,slaying,False,slaying
sleazier,sleazy,ADJ,sleazier,sleazier,Adjective,1,Step 1: SUBTLEX-UK,sleazier,False,sleazier
sled,sle,VERB,sled,sled,Adjective,1,Step 1: SUBTLEX-UK,sled,False,sled
sledding,sled,VERB,sledding,sledding,Verb,1,Step 1: SUBTLEX-UK,sledding,False,sledding
sleepier,sleepy,ADJ,sleepier,sleepier,Adjective,1,Step 1: SUBTLEX-UK,sleepier,False,sleepier
sleepiest,sleepy,ADJ,sleepiest,sleepiest,,1,Step 1: SUBTLEX-UK,sleepiest,False,sleepiest
sleeved,sleeve,VERB,sleeved,sleeved,,1,Step 1: SUBTLEX-UK,sleeved,False,sleeved
sleuthing,sleuth,VERB,sleuthing,sleuthing,Verb,1,Step 1: SUBTLEX-UK,sleuthing,False,sleuthing
slickens,slicken,NOUN,,,Noun,2,Step 2: SUBTLEX-US + NLTK,slickens,False,slickens
slickest,slick,ADJ,slickest,slickest,Adjective,1,Step 1: SUBTLEX-UK,slickest,False,slickest
slightest,slight,ADJ,slightest,slightest,Adjective,1,Step 1: SUBTLEX-UK,slightest,False,slightest
slighting,slighting,ADJ,slighting,slight,,1,Step 1: SUBTLEX-UK,slight,False,slight
slimiest,slimy,ADJ,slimiest,slimiest,Adjective,1,Step 1: SUBTLEX-UK,slimiest,False,slimiest
slimmed,slimme,VERB,slimmed,slim,Verb,1,Step 1: SUBTLEX-UK,slim,False,slim
slimmer,slim,ADJ,slimmer,slimmer,Adjective,1,Step 1: SUBTLEX-UK,slimmer,False,slimmer
slimmest,slim,ADJ,slimmest,slimmest,Adjective,1,Step 1: SUBTLEX-UK,slimmest,False,slimmest
slimming,slimme,VERB,slimming,slim,Verb,1,Step 1: SUBTLEX-UK,slim,False,slim
sling,sle,VERB,sling,sling,Noun,1,Step 1: SUBTLEX-UK,sling,False,sling
slippered,slippere,VERB,slippered,slippered,Adjective,1,Step 1: SUBTLEX-UK,slippered,False,slippered
slipperiest,slipperi,ADJ,slipperiest,slipperiest,Adjective,1,Step 1: SUBTLEX-UK,slipperiest,False,slipperiest
slips,slips,PROPN,slips,slip,Verb,1,Step 1: SUBTLEX-UK,slip,False,slip
SLOAN'S,sloan',NOUN,,,,3,Step 3: spaCy fallback,sloan',True,SLOAN'S
sloppier,sloppy,ADJ,sloppier,sloppier,Adjective,1,Step 1: SUBTLEX-UK,sloppier,False,sloppier
sloppiest,sloppiest,ADV,,,Adjective,2,Step 2: SUBTLEX-US + NLTK,sloppy,False,sloppy
slotting,slotting,NOUN,slotting,slot,,1,Step 1: SUBTLEX-UK,slot,False,slot
slowcoaches,slowcoache,VERB,slowcoaches,slowcoach,,1,Step 1: SUBTLEX-UK,slowcoach,False,slowcoach
slower,slow,ADJ,slower,slower,Adverb,1,Step 1: SUBTLEX-UK,slower,False,slower
slowest,slow,ADJ,slowest,slowest,Adjective,1,Step 1: SUBTLEX-UK,slowest,False,slowest
slugabed,slugabe,VERB,,,Verb,2,Step 2: SUBTLEX-US + NLTK,slugabed,False,slugabed
slugfest,slugf,ADJ,slugfest,slugfest,Adjective,1,Step 1: SUBTLEX-UK,slugfest,False,slugfest
sluicing,sluice,VERB,sluicing,sluicing,Verb,1,Step 1: SUBTLEX-UK,sluicing,False,sluicing
slung,slung,PROPN,slung,sling,Verb,1,Step 1: SUBTLEX-UK,sling,False,sling
slunk,slunk,VERB,slunk,slink,Verb,1,Step 1: SUBTLEX-UK,slink,False,slink
slyer,slyer,PROPN,,,Adjective,2,Step 2: SUBTLEX-US + NLTK,sly,False,sly
smaller,small,ADJ,smaller,smaller,Adjective,1,Step 1: SUBTLEX-UK,smaller,False,smaller
smallest,small,ADJ,smallest,smallest,Adjective,1,Step 1: SUBTLEX-UK,smallest,False,smallest
smallholding,smallholde,VERB,smallholding,smallholding,,1,Step 1: SUBTLEX-UK,smallholding,False,smallholding
smalls,small,NOUN,smalls,smalls,Noun,1,Step 1: SUBTLEX-UK,smalls,False,smalls
smarter,smart,ADJ,smarter,smarter,Adjective,1,Step 1: SUBTLEX-UK,smarter,False,smarter
smartest,smart,ADJ,smartest,smartest,Adjective,1,Step 1: SUBTLEX-UK,smartest,False,smartest
smattering,smatter,VERB,smattering,smattering,Noun,1,Step 1: SUBTLEX-UK,smattering,False,smattering
smelliest,smelly,ADJ,smelliest,smelliest,Adjective,1,Step 1: SUBTLEX-UK,smelliest,False,smelliest
Smith's,smith's,X,,,,3,Step 3: spaCy fallback,smith's,True,Smith's
smithereens,smithereen,NOUN,smithereens,smithereens,Noun,1,Step 1: SUBTLEX-UK,smithereens,False,smithereens
smithies,smithy,NOUN,smithies,smithies,Noun,1,Step 1: SUBTLEX-UK,smithies,False,smithies
smiths,smith,NOUN,smiths,smiths,Name,1,Step 1: SUBTLEX-UK,smiths,False,smiths
smokescreens,smokescreen,NOUN,smokescreens,smokescreens,,1,Step 1: SUBTLEX-UK,smokescreens,False,smokescreens
smokier,smoky,ADJ,smokier,smokier,Adjective,1,Step 1: SUBTLEX-UK,smokier,False,smokier
smoking,smoke,VERB,smoking,smoking,Verb,1,Step 1: SUBTLEX-UK,smoking,False,smoking
smoothest,smooth,ADJ,smoothest,smoothest,Adjective,1,Step 1: SUBTLEX-UK,smoothest,False,smoothest
smote,smote,VERB,smote,smite,Verb,1,Step 1: SUBTLEX-UK,smite,False,smite
smuggles,smuggle,NOUN,smuggles,smuggles,Verb,1,Step 1: SUBTLEX-UK,smuggles,False,smuggles
smuggling,smuggle,VERB,smuggling,smuggling,Verb,1,Step 1: SUBTLEX-UK,smuggling,False,smuggling
smuts,smut,NOUN,smuts,smuts,,1,Step 1: SUBTLEX-UK,smuts,False,smuts
snaking,snaking,NOUN,snaking,snake,Verb,1,Step 1: SUBTLEX-UK,snake,False,snake
snappiest,snappy,ADJ,snappiest,snappiest,Adjective,1,Step 1: SUBTLEX-UK,snappiest,False,snappiest
snazziest,snazzy,ADJ,snazziest,snazziest,,1,Step 1: SUBTLEX-UK,snazziest,False,snazziest
sneakier,sneaki,ADJ,sneakier,sneakier,Adjective,1,Step 1: SUBTLEX-UK,sneakier,False,sneakier
snickering,snicker,VERB,snickering,snickering,Verb,1,Step 1: SUBTLEX-UK,snickering,False,snickering
snipes,snipe,NOUN,snipes,snipes,Name,1,Step 1: SUBTLEX-UK,snipes,False,snipes
snoops,snoop,NOUN,snoops,snoops,Noun,1,Step 1: SUBTLEX-UK,snoops,False,snoops
snoozes,snoozes,VERB,snoozes,snooze,,1,Step 1: SUBTLEX-UK,snooze,False,snooze
snores,snore,NOUN,snores,snores,Verb,1,Step 1: SUBTLEX-UK,snores,False,snores
snorkeler,snorkel,ADJ,,,Noun,2,Step 2: SUBTLEX-US + NLTK,snorkeler,False,snorkeler
snouted,snoute,VERB,snouted,snout,,1,Step 1: SUBTLEX-UK,snout,False,snout
snowier,snowy,ADJ,snowier,snowier,,1,Step 1: SUBTLEX-UK,snowier,False,snowier
snuffles,snuffle,VERB,snuffles,snuffles,Verb,1,Step 1: SUBTLEX-UK,snuffles,False,snuffles
snugged,snug,VERB,,,Verb,2,Step 2: SUBTLEX-US + NLTK,snugged,False,snugged
snuggles,snuggle,NOUN,snuggles,snuggles,Noun,1,Step 1: SUBTLEX-UK,snuggles,False,snuggles
SNYDER'S,snyder's,NOUN,,,,3,Step 3: spaCy fallback,snyder's,True,SNYDER'S
SO'S,so's,VERB,,,,3,Step 3: spaCy fallback,so's,True,SO'S
soapsuds,soapsuds,PROPN,soapsuds,soapsud,,1,Step 1: SUBTLEX-UK,soapsud,False,soapsud
sobering,sober,VERB,sobering,sobering,Adjective,1,Step 1: SUBTLEX-UK,sobering,False,sobering
sobers,sober,NOUN,sobers,sobers,Verb,1,Step 1: SUBTLEX-UK,sobers,False,sobers
sobs,sob,NOUN,sobs,sobs,Verb,1,Step 1: SUBTLEX-UK,sobs,False,sobs
socking,sock,VERB,socking,socking,Verb,1,Step 1: SUBTLEX-UK,socking,False,socking
sodding,sod,VERB,sodding,sodding,Adjective,1,Step 1: SUBTLEX-UK,sodding,False,sodding
sodomites,sodomite,VERB,sodomites,sodomites,Noun,1,Step 1: SUBTLEX-UK,sodomites,False,sodomites
sofas,sofas,NOUN,sofas,sofa,Noun,1,Step 1: SUBTLEX-UK,sofa,False,sofa
softer,soft,ADJ,softer,softer,Adjective,1,Step 1: SUBTLEX-UK,softer,False,softer
softest,soft,ADJ,softest,softest,Adjective,1,Step 1: SUBTLEX-UK,softest,False,softest
softheaded,softheade,VERB,,,Verb,2,Step 2: SUBTLEX-US + NLTK,softheaded,False,softheaded
softhearted,softhearte,VERB,,,Verb,2,Step 2: SUBTLEX-US + NLTK,softhearted,False,softhearted
soldering,solder,VERB,soldering,soldering,Adjective,1,Step 1: SUBTLEX-UK,soldering,False,soldering
soles,sol,NOUN,soles,sole,Noun,1,Step 1: SUBTLEX-UK,sole,False,sole
soli,solo,NOUN,soli,soli,,1,Step 1: SUBTLEX-UK,soli,False,soli
solidifies,solidifie,NOUN,solidifies,solidify,Verb,1,Step 1: SUBTLEX-UK,solidify,False,solidify
Solomon's,solomon',NOUN,,,,3,Step 3: spaCy fallback,solomon',True,Solomon's
solos,solos,PROPN,solos,solo,Noun,1,Step 1: SUBTLEX-UK,solo,False,solo
SOMEBODY'LL,somebody'll,ADJ,,,,3,Step 3: spaCy fallback,somebody'll,True,SOMEBODY'LL
somersaulting,somersault,VERB,somersaulting,somersaulting,Verb,1,Step 1: SUBTLEX-UK,somersaulting,False,somersaulting
sommelier,sommeli,ADJ,sommelier,sommelier,Noun,1,Step 1: SUBTLEX-UK,sommelier,False,sommelier
songwriting,songwrite,VERB,songwriting,songwrit,Noun,1,Step 1: SUBTLEX-UK,songwrit,False,songwrit
SOON'S,soon',NOUN,,,,3,Step 3: spaCy fallback,soon',True,SOON'S
sooner,soon,ADV,sooner,sooner,Adverb,1,Step 1: SUBTLEX-UK,sooner,False,sooner
soonest,soon,ADJ,soonest,soonest,Adverb,1,Step 1: SUBTLEX-UK,soonest,False,soonest
soothing,soothe,VERB,soothing,soothing,Adjective,1,Step 1: SUBTLEX-UK,soothing,False,soothing
soothsaying,soothsaye,VERB,,,Verb,2,Step 2: SUBTLEX-US + NLTK,soothsaying,False,soothsaying
Sophia's,sophia's,NOUN,,,,3,Step 3: spaCy fallback,sophia's,True,Sophia's
SORRENTINE'S,sorrentine's,ADV,,,,3,Step 3: spaCy fallback,sorrentine's,True,SORRENTINE'S
sorriest,sorry,ADJ,sorriest,sorriest,Adjective,1,Step 1: SUBTLEX-UK,sorriest,False,sorriest
sorrowing,sorrow,VERB,,,Adjective,2,Step 2: SUBTLEX-US + NLTK,sorrowing,False,sorrowing
soundproofing,soundproof,VERB,soundproofing,soundproofing,Verb,1,Step 1: SUBTLEX-UK,soundproofing,False,soundproofing
sourdoughs,sourdoughs,VERB,sourdoughs,sourdough,,1,Step 1: SUBTLEX-UK,sourdough,False,sourdough
sourer,sourer,NOUN,,,Adjective,2,Step 2: SUBTLEX-US + NLTK,sour,False,sour
souring,sour,VERB,souring,souring,Verb,1,Step 1: SUBTLEX-UK,souring,False,souring
sourpusses,sourpusse,VERB,,,Noun,2,Step 2: SUBTLEX-US + NLTK,sourpuss,False,sourpuss
sousaphones,sousaphone,NOUN,,,Verb,2,Step 2: SUBTLEX-US + NLTK,sousaphones,False,sousaphones
soused,souse,VERB,soused,soused,Verb,1,Step 1: SUBTLEX-UK,soused,False,soused
Southerner's,southerner',NOUN,,,,3,Step 3: spaCy fallback,southerner',True,Southerner's
southing,southe,VERB,,,Adjective,2,Step 2: SUBTLEX-US + NLTK,southing,False,southing
Soviet's,soviet',NOUN,,,,3,Step 3: spaCy fallback,soviet',True,Soviet's
sowing,sow,VERB,sowing,sowing,Verb,1,Step 1: SUBTLEX-UK,sowing,False,sowing
spacing,space,VERB,spacing,spacing,Noun,1,Step 1: SUBTLEX-UK,spacing,False,spacing
spading,spade,VERB,,,Noun,2,Step 2: SUBTLEX-US + NLTK,spading,False,spading
SPAHN'S,spahn',NOUN,,,,3,Step 3: spaCy fallback,spahn',True,SPAHN'S
spake,spake,VERB,spake,speak,Verb,1,Step 1: SUBTLEX-UK,speak,False,speak
spaniards,spaniard,NOUN,spaniards,spaniards,Noun,1,Step 1: SUBTLEX-UK,spaniards,False,spaniards
Spaniel's,spaniel',NOUN,,,,3,Step 3: spaCy fallback,spaniel',True,Spaniel's
spanking,spank,VERB,spanking,spanking,Noun,1,Step 1: SUBTLEX-UK,spanking,False,spanking
sparkling,sparkle,VERB,sparkling,sparkling,Adjective,1,Step 1: SUBTLEX-UK,sparkling,False,sparkling
SPARLING'S,sparling',NOUN,,,,3,Step 3: spaCy fallback,sparling',True,SPARLING'S
spartans,spartan,NOUN,spartans,spartans,Noun,1,Step 1: SUBTLEX-UK,spartans,False,spartans
spatulas,spatulas,PROPN,spatulas,spatula,Noun,1,Step 1: SUBTLEX-UK,spatula,False,spatula
spears,spear,NOUN,spears,spears,Noun,1,Step 1: SUBTLEX-UK,spears,False,spears
species,specie,NOUN,species,species,Noun,1,Step 1: SUBTLEX-UK,species,False,species
specifics,specific,NOUN,specifics,specifics,Noun,1,Step 1: SUBTLEX-UK,specifics,False,specifics
specifies,specifie,NOUN,specifies,specify,Verb,1,Step 1: SUBTLEX-UK,specify,False,specify
specimen,speciman,NOUN,specimen,specimen,Noun,1,Step 1: SUBTLEX-UK,specimen,False,specimen
speckled,speckle,VERB,speckled,speckled,Adjective,1,Step 1: SUBTLEX-UK,speckled,False,speckled
speckling,speckle,VERB,speckling,speckling,,1,Step 1: SUBTLEX-UK,speckling,False,speckling
spectacled,spectacle,VERB,spectacled,spectacled,,1,Step 1: SUBTLEX-UK,spectacled,False,spectacled
spectacles,spectacle,NOUN,spectacles,spectacles,Noun,1,Step 1: SUBTLEX-UK,spectacles,False,spectacles
spectra,spectra,PROPN,spectra,spectrum,Noun,1,Step 1: SUBTLEX-UK,spectrum,False,spectrum
speedier,speedy,ADJ,speedier,speedier,,1,Step 1: SUBTLEX-UK,speedier,False,speedier
speediest,speedy,ADJ,speediest,speediest,Adjective,1,Step 1: SUBTLEX-UK,speediest,False,speediest
spelling,spell,VERB,spelling,spelling,Noun,1,Step 1: SUBTLEX-UK,spelling,False,spelling
spelt,spelt,VERB,spelt,spell,Verb,1,Step 1: SUBTLEX-UK,spell,False,spell
spending,spend,VERB,spending,spending,Verb,1,Step 1: SUBTLEX-UK,spending,False,spending
spermatozoa,spermatozoa,VERB,,,Noun,2,Step 2: SUBTLEX-US + NLTK,spermatozoon,False,spermatozoon
spiced,spice,VERB,spiced,spiced,Adjective,1,Step 1: SUBTLEX-UK,spiced,False,spiced
spiciest,spicy,ADJ,spiciest,spiciest,,1,Step 1: SUBTLEX-UK,spiciest,False,spiciest
spicing,spice,VERB,spicing,spicing,Verb,1,Step 1: SUBTLEX-UK,spicing,False,spicing
spiffed,spiffe,VERB,spiffed,spiff,Verb,1,Step 1: SUBTLEX-UK,spiff,False,spiff
spikier,spiky,ADJ,spikier,spikier,Adjective,1,Step 1: SUBTLEX-UK,spikier,False,spikier
SPILLANE'S,spillane's,VERB,,,,3,Step 3: spaCy fallback,spillane's,True,SPILLANE'S
spilling,spill,VERB,spilling,spilling,Verb,1,Step 1: SUBTLEX-UK,spilling,False,spilling
spilt,spilt,NOUN,spilt,spill,Verb,1,Step 1: SUBTLEX-UK,spill,False,spill
spindling,spindle,VERB,,,Noun,2,Step 2: SUBTLEX-US + NLTK,spindling,False,spindling
SPINLEY'S,spinley',NOUN,,,,3,Step 3: spaCy fallback,spinley',True,SPINLEY'S
spinning,spin,VERB,spinning,spinning,Verb,1,Step 1: SUBTLEX-UK,spinning,False,spinning
spirited,spirit,VERB,spirited,spirited,Adjective,1,Step 1: SUBTLEX-UK,spirited,False,spirited
spited,spite,VERB,,,Verb,2,Step 2: SUBTLEX-US + NLTK,spit,False,spit
splintered,splinter,VERB,splintered,splintered,Verb,1,Step 1: SUBTLEX-UK,splintered,False,splintered
splitting,split,VERB,splitting,splitting,Verb,1,Step 1: SUBTLEX-UK,splitting,False,splitting
spoilt,spoil,VERB,spoilt,spoilt,Verb,1,Step 1: SUBTLEX-UK,spoilt,False,spoilt
spongier,spongier,NOUN,,,Adjective,2,Step 2: SUBTLEX-US + NLTK,spongy,False,spongy
spookier,spooky,ADJ,spookier,spookier,Adjective,1,Step 1: SUBTLEX-UK,spookier,False,spookier
spookiest,spooky,ADJ,spookiest,spookiest,,1,Step 1: SUBTLEX-UK,spookiest,False,spookiest
spooks,spook,NOUN,spooks,spooks,Noun,1,Step 1: SUBTLEX-UK,spooks,False,spooks
spoonfed,spoonfe,VERB,spoonfed,spoonf,,1,Step 1: SUBTLEX-UK,spoonf,False,spoonf
sportiest,sporty,ADJ,sportiest,sportiest,Adjective,1,Step 1: SUBTLEX-UK,sportiest,False,sportiest
spottiest,spotty,ADJ,spottiest,spottiest,Adjective,1,Step 1: SUBTLEX-UK,spottiest,False,spottiest
SPRAGUE'S,sprague's,ADV,,,,3,Step 3: spaCy fallback,sprague's,True,SPRAGUE'S
sprang,sprang,PROPN,sprang,spring,Verb,1,Step 1: SUBTLEX-UK,spring,False,spring
sprigged,sprig,VERB,sprigged,sprigged,,1,Step 1: SUBTLEX-UK,sprigged,False,sprigged
springboks,springbok,NOUN,springboks,springboks,,1,Step 1: SUBTLEX-UK,springboks,False,springboks
Springfield's,springfield',NOUN,,,,3,Step 3: spaCy fallback,springfield',True,Springfield's
springiest,springy,ADJ,springiest,springiest,Adjective,1,Step 1: SUBTLEX-UK,springiest,False,springiest
sprinkling,sprinkle,VERB,sprinkling,sprinkling,Verb,1,Step 1: SUBTLEX-UK,sprinkling,False,sprinkling
SPUMONI'S,spumoni's,NOUN,,,,3,Step 3: spaCy fallback,spumoni's,True,SPUMONI'S
spun,spun,PROPN,spun,spin,Verb,1,Step 1: SUBTLEX-UK,spin,False,spin
spunkier,spunki,ADJ,,,Adjective,2,Step 2: SUBTLEX-US + NLTK,spunkier,False,spunkier
spurs,spur,VERB,spurs,spurs,Noun,1,Step 1: SUBTLEX-UK,spurs,False,spurs
sputa,sputa,ADJ,sputa,sputum,,1,Step 1: SUBTLEX-UK,sputum,False,sputum
squabbling,squabble,VERB,squabbling,squabbling,Verb,1,Step 1: SUBTLEX-UK,squabbling,False,squabbling
squalling,squall,VERB,squalling,squalling,Verb,1,Step 1: SUBTLEX-UK,squalling,False,squalling
SQUARE'S,square',NOUN,,,,3,Step 3: spaCy fallback,square',True,SQUARE'S
squeakiest,squeaki,ADJ,squeakiest,squeakiest,,1,Step 1: SUBTLEX-UK,squeakiest,False,squeakiest
squeals,squeal,NOUN,squeals,squeals,Verb,1,Step 1: SUBTLEX-UK,squeals,False,squeals
squeegeed,squeegeed,VERB,squeegeed,squeegee,,1,Step 1: SUBTLEX-UK,squeegee,False,squeegee
squibs,squibs,PROPN,squibs,squib,Noun,1,Step 1: SUBTLEX-UK,squib,False,squib
squidgier,squidgi,ADJ,squidgier,squidgier,,1,Step 1: SUBTLEX-UK,squidgier,False,squidgier
squintier,squinti,ADJ,,,Adjective,2,Step 2: SUBTLEX-US + NLTK,squintier,False,squintier
squires,squire,NOUN,squires,squires,Noun,1,Step 1: SUBTLEX-UK,squires,False,squires
stabilities,stabilitie,VERB,,,Noun,2,Step 2: SUBTLEX-US + NLTK,stability,False,stability
stabler,stable,ADJ,stabler,stabler,Noun,1,Step 1: SUBTLEX-UK,stabler,False,stabler
stadia,stadia,PROPN,stadia,stadium,,1,Step 1: SUBTLEX-UK,stadium,False,stadium
staffing,staff,VERB,staffing,staffing,Noun,1,Step 1: SUBTLEX-UK,staffing,False,staffing
staggering,stagger,VERB,staggering,staggering,Verb,1,Step 1: SUBTLEX-UK,staggering,False,staggering
stained,stain,VERB,stained,stained,Verb,1,Step 1: SUBTLEX-UK,stained,False,stained
Stalin's,stalin',NOUN,,,,3,Step 3: spaCy fallback,stalin',True,Stalin's
stamen,staman,NOUN,stamen,stamen,Noun,1,Step 1: SUBTLEX-UK,stamen,False,stamen
stamina,stamina,NOUN,stamina,stamen,Noun,1,Step 1: SUBTLEX-UK,stamen,False,stamen
stammers,stammer,NOUN,stammers,stammers,Verb,1,Step 1: SUBTLEX-UK,stammers,False,stammers
standardized,standardize,VERB,standardized,standardized,Adjective,1,Step 1: SUBTLEX-UK,standardized,False,standardized
stank,stank,NOUN,stank,stink,Verb,1,Step 1: SUBTLEX-UK,stink,False,stink
Stanley's,stanley',NOUN,,,,3,Step 3: spaCy fallback,stanley',True,Stanley's
stanzas,stanzas,VERB,stanzas,stanza,Noun,1,Step 1: SUBTLEX-UK,stanza,False,stanza
starkest,stark,ADJ,starkest,starkest,,1,Step 1: SUBTLEX-UK,starkest,False,starkest
starling,starle,VERB,starling,starl,Noun,1,Step 1: SUBTLEX-UK,starl,False,starl
starriest,starry,ADJ,starriest,starriest,,1,Step 1: SUBTLEX-UK,starriest,False,starriest
starveling,starvele,VERB,starveling,starveling,,1,Step 1: SUBTLEX-UK,starveling,False,starveling
states,state,NOUN,states,states,Name,1,Step 1: SUBTLEX-UK,states,False,states
statics,static,NOUN,statics,statics,,1,Step 1: SUBTLEX-UK,statics,False,statics
stationing,station,VERB,stationing,stationing,,1,Step 1: SUBTLEX-UK,stationing,False,stationing
statistics,statistic,NOUN,statistics,statistics,Noun,1,Step 1: SUBTLEX-UK,statistics,False,statistics
stats,stat,NOUN,stats,stats,Noun,1,Step 1: SUBTLEX-UK,stats,False,stats
staunchest,staunch,ADJ,staunchest,staunchest,Adjective,1,Step 1: SUBTLEX-UK,staunchest,False,staunchest
steadier,steady,ADJ,steadier,steadier,Adjective,1,Step 1: SUBTLEX-UK,steadier,False,steadier
stealthier,stealthier,PROPN,,,Adjective,2,Step 2: SUBTLEX-US + NLTK,stealthy,False,stealthy
STEELE'S,steele's,ADV,,,,3,Step 3: spaCy fallback,steele's,True,STEELE'S
steelier,steeli,ADJ,steelier,steelier,,1,Step 1: SUBTLEX-UK,steelier,False,steelier
steelworks,steelwork,NOUN,steelworks,steelworks,Noun,1,Step 1: SUBTLEX-UK,steelworks,False,steelworks
steeper,steep,ADJ,steeper,steeper,Adjective,1,Step 1: SUBTLEX-UK,steeper,False,steeper
steepest,steep,ADJ,steepest,steepest,Adjective,1,Step 1: SUBTLEX-UK,steepest,False,steepest
steeples,steeple,NOUN,steeples,steeples,Noun,1,Step 1: SUBTLEX-UK,steeples,False,steeples
steering,steer,VERB,steering,steering,Noun,1,Step 1: SUBTLEX-UK,steering,False,steering
Stein's,stein',NOUN,,,,3,Step 3: spaCy fallback,stein',True,Stein's
Steinbeck's,steinbeck',NOUN,,,,3,Step 3: spaCy fallback,steinbeck',True,Steinbeck's
steins,stein,NOUN,steins,steins,Noun,1,Step 1: SUBTLEX-UK,steins,False,steins
stela,stela,PROPN,stela,stelum,,1,Step 1: SUBTLEX-UK,stelum,False,stelum
stelae,stelae,ADJ,stelae,stele,,1,Step 1: SUBTLEX-UK,stele,False,stele
stencilling,stencil,VERB,stencilling,stencilling,Verb,1,Step 1: SUBTLEX-UK,stencilling,False,stencilling
Stephen's,stephen',NOUN,,,,3,Step 3: spaCy fallback,stephen',True,Stephen's
STEPHENS'S,stephens',NOUN,,,,3,Step 3: spaCy fallback,stephens',True,STEPHENS'S
stereotyped,stereotype,VERB,stereotyped,stereotyped,Adjective,1,Step 1: SUBTLEX-UK,stereotyped,False,stereotyped
sternest,stern,ADJ,sternest,sternest,Adjective,1,Step 1: SUBTLEX-UK,sternest,False,sternest
sterns,stern,NOUN,sterns,sterns,Name,1,Step 1: SUBTLEX-UK,sterns,False,sterns
Stevenson's,stevenson',NOUN,,,,3,Step 3: spaCy fallback,stevenson',True,Stevenson's
stevia,stevia,PROPN,stevia,stevium,,1,Step 1: SUBTLEX-UK,stevium,False,stevium
stewarded,stewarde,VERB,stewarded,steward,,1,Step 1: SUBTLEX-UK,steward,False,steward
stewarding,stewarde,VERB,stewarding,steward,,1,Step 1: SUBTLEX-UK,steward,False,steward
STEWART'S,stewart',NOUN,,,,3,Step 3: spaCy fallback,stewart',True,STEWART'S
stewed,stew,VERB,stewed,stewed,Verb,1,Step 1: SUBTLEX-UK,stewed,False,stewed
stickier,sticki,ADJ,stickier,stickier,Adjective,1,Step 1: SUBTLEX-UK,stickier,False,stickier
stickiest,sticki,ADJ,stickiest,stickiest,Adjective,1,Step 1: SUBTLEX-UK,stickiest,False,stickiest
stickles,stickle,NOUN,,,Name,2,Step 2: SUBTLEX-US + NLTK,stickles,False,stickles
stiffer,stiff,ADJ,stiffer,stiffer,Adjective,1,Step 1: SUBTLEX-UK,stiffer,False,stiffer
stigmata,stigmata,NOUN,stigmata,stigma,Noun,1,Step 1: SUBTLEX-UK,stigma,False,stigma
stigmatizing,stigmatize,VERB,,,Adjective,2,Step 2: SUBTLEX-US + NLTK,stigmatizing,False,stigmatizing
stiles,stile,NOUN,stiles,stiles,Name,1,Step 1: SUBTLEX-UK,stiles,False,stiles
stilettos,stilettos,AUX,stilettos,stiletto,Noun,1,Step 1: SUBTLEX-UK,stiletto,False,stiletto
stillest,still,ADJ,stillest,stillest,,1,Step 1: SUBTLEX-UK,stillest,False,stillest
stilted,stilte,VERB,stilted,stilt,Verb,1,Step 1: SUBTLEX-UK,stilt,False,stilt
sting,ste,VERB,sting,sting,Noun,1,Step 1: SUBTLEX-UK,sting,False,sting
stingier,stingy,ADJ,stingier,stingier,,1,Step 1: SUBTLEX-UK,stingier,False,stingier
stinging,sting,VERB,stinging,stinging,Adjective,1,Step 1: SUBTLEX-UK,stinging,False,stinging
stockholding,stockholde,VERB,stockholding,stockholding,,1,Step 1: SUBTLEX-UK,stockholding,False,stockholding
stockier,stocky,ADJ,stockier,stockier,,1,Step 1: SUBTLEX-UK,stockier,False,stockier
stockpiling,stockpile,VERB,stockpiling,stockpiling,Verb,1,Step 1: SUBTLEX-UK,stockpiling,False,stockpiling
stoics,stoic,NOUN,stoics,stoics,Noun,1,Step 1: SUBTLEX-UK,stoics,False,stoics
stokes,stoke,NOUN,stokes,stokes,Name,1,Step 1: SUBTLEX-UK,stokes,False,stokes
stolen,stolen,VERB,stolen,steal,Verb,1,Step 1: SUBTLEX-UK,steal,False,steal
stomata,stomata,PROPN,stomata,stoma,,1,Step 1: SUBTLEX-UK,stoma,False,stoma
stone's,stone',NOUN,,,,3,Step 3: spaCy fallback,stone',True,stone's
stonecutters,stonecutter,NOUN,stonecutters,stonecutters,,1,Step 1: SUBTLEX-UK,stonecutters,False,stonecutters
stonewalls,stonewall,NOUN,stonewalls,stonewalls,,1,Step 1: SUBTLEX-UK,stonewalls,False,stonewalls
stooges,stooge,NOUN,stooges,stooges,Name,1,Step 1: SUBTLEX-UK,stooges,False,stooges
stooped,stooped,VERB,stooped,stoop,Verb,1,Step 1: SUBTLEX-UK,stoop,False,stoop
storekeeping,storekeepe,VERB,,,Verb,2,Step 2: SUBTLEX-US + NLTK,storekeeping,False,storekeeping
stormier,stormy,ADJ,stormier,stormier,,1,Step 1: SUBTLEX-UK,stormier,False,stormier
storytelling,storytelle,VERB,storytelling,storytelling,Noun,1,Step 1: SUBTLEX-UK,storytelling,False,storytelling
STOUT'S,stout',NOUN,,,,3,Step 3: spaCy fallback,stout',True,STOUT'S
stoutest,stout,ADJ,stoutest,stoutest,Adjective,1,Step 1: SUBTLEX-UK,stoutest,False,stoutest
stouthearted,stouthearte,VERB,,,Adjective,2,Step 2: SUBTLEX-US + NLTK,stouthearted,False,stouthearted
STOWE'S,stowe's,ADV,,,,3,Step 3: spaCy fallback,stowe's,True,STOWE'S
strafing,strafe,VERB,strafing,strafing,Verb,1,Step 1: SUBTLEX-UK,strafing,False,strafing
straighter,straight,ADJ,straighter,straighter,Adjective,1,Step 1: SUBTLEX-UK,straighter,False,straighter
straightest,straight,ADJ,straightest,straightest,Adjective,1,Step 1: SUBTLEX-UK,straightest,False,straightest
straitened,straiten,VERB,straitened,straitened,,1,Step 1: SUBTLEX-UK,straitened,False,straitened
straitlaced,straitlace,VERB,,,Adjective,2,Step 2: SUBTLEX-US + NLTK,straitlaced,False,straitlaced
strangest,strange,ADJ,strangest,strangest,Adjective,1,Step 1: SUBTLEX-UK,strangest,False,strangest
strangulated,strangulate,VERB,strangulated,strangulated,Adjective,1,Step 1: SUBTLEX-UK,strangulated,False,strangulated
strata,strata,VERB,strata,stratum,Noun,1,Step 1: SUBTLEX-UK,stratum,False,stratum
stratified,stratify,VERB,stratified,stratified,Adjective,1,Step 1: SUBTLEX-UK,stratified,False,stratified
streamlined,streamline,VERB,streamlined,streamlined,Adjective,1,Step 1: SUBTLEX-UK,streamlined,False,streamlined
streetwalking,streetwalking,NOUN,,,Verb,2,Step 2: SUBTLEX-US + NLTK,streetwalk,False,streetwalk
streptococci,streptococci,VERB,streptococci,streptococcus,,1,Step 1: SUBTLEX-UK,streptococcus,False,streptococcus
stretchiest,stretchy,ADJ,stretchiest,stretchiest,,1,Step 1: SUBTLEX-UK,stretchiest,False,stretchiest
strewed,strew,VERB,strewed,strewed,Verb,1,Step 1: SUBTLEX-UK,strewed,False,strewed
striated,striate,VERB,striated,striated,Adjective,1,Step 1: SUBTLEX-UK,striated,False,striated
stricter,strict,ADJ,stricter,stricter,Adjective,1,Step 1: SUBTLEX-UK,stricter,False,stricter
strictest,strict,ADJ,strictest,strictest,Adjective,1,Step 1: SUBTLEX-UK,strictest,False,strictest
stridden,stridden,PROPN,,,Verb,2,Step 2: SUBTLEX-US + NLTK,stride,False,stride
striking,strike,VERB,striking,striking,Verb,1,Step 1: SUBTLEX-UK,striking,False,striking
STRINDBERG'S,strindberg',NOUN,,,,3,Step 3: spaCy fallback,strindberg',True,STRINDBERG'S
stringed,string,VERB,stringed,stringe,Adjective,1,Step 1: SUBTLEX-UK,stringe,False,stringe
stringiest,stringiest,PROPN,,,Adjective,2,Step 2: SUBTLEX-US + NLTK,stringy,False,stringy
striped,stripe,VERB,striped,striped,Adjective,1,Step 1: SUBTLEX-UK,striped,False,striped
stripling,striple,VERB,stripling,stripling,Noun,1,Step 1: SUBTLEX-UK,stripling,False,stripling
strode,strode,PROPN,strode,stride,Verb,1,Step 1: SUBTLEX-UK,stride,False,stride
stronger,strong,ADJ,stronger,stronger,Adjective,1,Step 1: SUBTLEX-UK,stronger,False,stronger
strongest,strong,ADJ,strongest,strongest,Adjective,1,Step 1: SUBTLEX-UK,strongest,False,strongest
stroppier,stroppy,ADJ,stroppier,stroppier,,1,Step 1: SUBTLEX-UK,stroppier,False,stroppier
strove,strove,VERB,strove,strive,Verb,1,Step 1: SUBTLEX-UK,strive,False,strive
structuring,structure,VERB,structuring,structuring,Verb,1,Step 1: SUBTLEX-UK,structuring,False,structuring
stuccoed,stucco,VERB,stuccoed,stuccoed,,1,Step 1: SUBTLEX-UK,stuccoed,False,stuccoed
studier,studi,ADJ,studier,studier,,1,Step 1: SUBTLEX-UK,studier,False,studier
stuffing,stuff,VERB,stuffing,stuffing,Noun,1,Step 1: SUBTLEX-UK,stuffing,False,stuffing
stunk,stunk,VERB,stunk,stink,Verb,1,Step 1: SUBTLEX-UK,stink,False,stink
stunned,stun,VERB,stunned,stunned,Verb,1,Step 1: SUBTLEX-UK,stunned,False,stunned
stupidest,stupid,ADJ,stupidest,stupidest,Adjective,1,Step 1: SUBTLEX-UK,stupidest,False,stupidest
sturdiest,sturdy,ADJ,sturdiest,sturdiest,Adjective,1,Step 1: SUBTLEX-UK,sturdiest,False,sturdiest
styling,styling,NOUN,styling,style,Noun,1,Step 1: SUBTLEX-UK,style,False,style
stylistics,stylistic,NOUN,stylistics,stylistics,,1,Step 1: SUBTLEX-UK,stylistics,False,stylistics
stymies,stymie,NOUN,,,Noun,2,Step 2: SUBTLEX-US + NLTK,stymy,False,stymy
STYRENE'S,styrene's,VERB,,,,3,Step 3: spaCy fallback,styrene's,True,STYRENE'S
subcontracting,subcontract,VERB,subcontracting,subcontracting,Verb,1,Step 1: SUBTLEX-UK,subcontracting,False,subcontracting
subdividing,subdividing,NOUN,subdividing,subdivide,Verb,1,Step 1: SUBTLEX-UK,subdivide,False,subdivide
subfreezing,subfreeze,VERB,,,Verb,2,Step 2: SUBTLEX-US + NLTK,subfreezing,False,subfreezing
subheading,subheade,VERB,,,Name,2,Step 2: SUBTLEX-US + NLTK,subheading,False,subheading
subsidized,subsidize,VERB,subsidized,subsidized,Adjective,1,Step 1: SUBTLEX-UK,subsidized,False,subsidized
subspecies,subspecie,NOUN,subspecies,subspecy,Noun,1,Step 1: SUBTLEX-UK,subspecy,False,subspecy
subtlest,subtle,ADJ,subtlest,subtlest,Adjective,1,Step 1: SUBTLEX-UK,subtlest,False,subtlest
suds,sud,NOUN,suds,suds,Noun,1,Step 1: SUBTLEX-UK,suds,False,suds
sufficing,suffice,VERB,,,Adjective,2,Step 2: SUBTLEX-US + NLTK,sufficing,False,sufficing
sugared,sugar,VERB,sugared,sugared,Adjective,1,Step 1: SUBTLEX-UK,sugared,False,sugared
sugaring,sugar,VERB,sugaring,sugare,,1,Step 1: SUBTLEX-UK,sugare,False,sugare
SUKARNO'S,sukarno's,NOUN,,,,3,Step 3: spaCy fallback,sukarno's,True,SUKARNO'S
SULKY'S,sulky's,NOUN,,,,3,Step 3: spaCy fallback,sulky's,True,SULKY'S
sultans,sultan,NOUN,sultans,sultans,Noun,1,Step 1: SUBTLEX-UK,sultans,False,sultans
SULZBERGER'S,sulzberger's,NOUN,,,,3,Step 3: spaCy fallback,sulzberger's,True,SULZBERGER'S
summons,summon,NOUN,summons,summons,Noun,1,Step 1: SUBTLEX-UK,summons,False,summons
sunbaked,sunbake,VERB,,,Verb,2,Step 2: SUBTLEX-US + NLTK,sunbaked,False,sunbaked
sunbathing,sunbathe,VERB,sunbathing,sunbathing,Verb,1,Step 1: SUBTLEX-UK,sunbathing,False,sunbathing
sunbed,sunbe,VERB,sunbed,sunb,,1,Step 1: SUBTLEX-UK,sunb,False,sunb
sundaes,sundaes,NOUN,sundaes,sundae,Noun,1,Step 1: SUBTLEX-UK,sundae,False,sundae
Sunday's,sunday',NOUN,,,,3,Step 3: spaCy fallback,sunday',True,Sunday's
sundays,sunday,NOUN,sundays,sundays,Name,1,Step 1: SUBTLEX-UK,sundays,False,sundays
sundered,sunder,VERB,sundered,sundered,Verb,1,Step 1: SUBTLEX-UK,sundered,False,sundered
sundries,sundrie,NOUN,sundries,sundry,Noun,1,Step 1: SUBTLEX-UK,sundry,False,sundry
sung,sung,PROPN,sung,sing,Verb,1,Step 1: SUBTLEX-UK,sing,False,sing
sunk,sunk,VERB,sunk,sink,Verb,1,Step 1: SUBTLEX-UK,sink,False,sink
sunken,sink,VERB,sunken,sunken,Adjective,1,Step 1: SUBTLEX-UK,sunken,False,sunken
sunnier,sunny,ADJ,sunnier,sunnier,Adjective,1,Step 1: SUBTLEX-UK,sunnier,False,sunnier
sunniest,sunny,ADJ,sunniest,sunniest,Adjective,1,Step 1: SUBTLEX-UK,sunniest,False,sunniest
suntanned,suntanne,VERB,suntanned,suntan,Adjective,1,Step 1: SUBTLEX-UK,suntan,False,suntan
superannuated,superannuate,VERB,superannuated,superannuated,,1,Step 1: SUBTLEX-UK,superannuated,False,superannuated
supercharged,supercharge,VERB,supercharged,supercharged,Adjective,1,Step 1: SUBTLEX-UK,supercharged,False,supercharged
superconducting,superconducte,VERB,superconducting,superconduct,Adjective,1,Step 1: SUBTLEX-UK,superconduct,False,superconduct
superheated,superheate,VERB,superheated,superheated,Adjective,1,Step 1: SUBTLEX-UK,superheated,False,superheated
superintendent's,superintendent',VERB,,,,3,Step 3: spaCy fallback,superintendent',True,superintendent's
supernovas,supernovas,PROPN,supernovas,supernova,Noun,1,Step 1: SUBTLEX-UK,supernova,False,supernova
superscribed,superscribe,VERB,superscribed,superscribed,,1,Step 1: SUBTLEX-UK,superscribed,False,superscribed
superstring,superstre,VERB,superstring,superstr,,1,Step 1: SUBTLEX-UK,superstr,False,superstr
supervening,supervene,VERB,,,Adjective,2,Step 2: SUBTLEX-US + NLTK,supervening,False,supervening
supplies,supply,NOUN,supplies,supplies,Noun,1,Step 1: SUBTLEX-UK,supplies,False,supplies
suppresses,suppresse,NOUN,suppresses,suppress,Verb,1,Step 1: SUBTLEX-UK,suppress,False,suppress
surcharging,surcharge,VERB,surcharging,surcharging,,1,Step 1: SUBTLEX-UK,surcharging,False,surcharging
surefooted,surefoote,VERB,surefooted,surefoot,,1,Step 1: SUBTLEX-UK,surefoot,False,surefoot
surest,sure,ADJ,surest,surest,Adjective,1,Step 1: SUBTLEX-UK,surest,False,surest
surfeited,surfeit,VERB,surfeited,surfeited,Verb,1,Step 1: SUBTLEX-UK,surfeited,False,surfeited
surfing,surf,VERB,surfing,surfing,Verb,1,Step 1: SUBTLEX-UK,surfing,False,surfing
surlier,surlier,ADV,,,Adjective,2,Step 2: SUBTLEX-US + NLTK,surly,False,surly
surpasses,surpasse,NOUN,surpasses,surpass,Verb,1,Step 1: SUBTLEX-UK,surpass,False,surpass
surprised,surprised,ADJ,surprised,surprise,Adjective,1,Step 1: SUBTLEX-UK,surprise,False,surprise
surrealists,surrealist,NOUN,surrealists,surrealists,Noun,1,Step 1: SUBTLEX-UK,surrealists,False,surrealists
surreys,surrey,NOUN,surreys,surreys,Noun,1,Step 1: SUBTLEX-UK,surreys,False,surreys
surroundings,surrounding,NOUN,surroundings,surroundings,Noun,1,Step 1: SUBTLEX-UK,surroundings,False,surroundings
Susan's,susan',NOUN,,,,3,Step 3: spaCy fallback,susan',True,Susan's
susceptibilities,susceptibilitie,VERB,susceptibilities,susceptibility,Noun,1,Step 1: SUBTLEX-UK,susceptibility,False,susceptibility
Susie's,susie',NOUN,,,,3,Step 3: spaCy fallback,susie',True,Susie's
suspenders,suspender,NOUN,suspenders,suspenders,Noun,1,Step 1: SUBTLEX-UK,suspenders,False,suspenders
SUVOROV'S,suvorov',NOUN,,,,3,Step 3: spaCy fallback,suvorov',True,SUVOROV'S
suvs,suvs,NOUN,suvs,suv,,1,Step 1: SUBTLEX-UK,suv,False,suv
swam,swam,VERB,swam,swim,Verb,1,Step 1: SUBTLEX-UK,swim,False,swim
swankier,swanky,ADJ,swankier,swankier,Adjective,1,Step 1: SUBTLEX-UK,swankier,False,swankier
swanned,swanne,VERB,swanned,swan,,1,Step 1: SUBTLEX-UK,swan,False,swan
swanning,swanne,VERB,swanning,swan,Verb,1,Step 1: SUBTLEX-UK,swan,False,swan
swashes,swash,NOUN,swashes,swashes,Noun,1,Step 1: SUBTLEX-UK,swashes,False,swashes
swastikas,swastikas,PROPN,swastikas,swastika,Noun,1,Step 1: SUBTLEX-UK,swastika,False,swastika
swathes,swathe,VERB,swathes,swath,,1,Step 1: SUBTLEX-UK,swath,False,swath
swearing,swear,VERB,swearing,swearing,Verb,1,Step 1: SUBTLEX-UK,swearing,False,swearing
sweatier,sweaty,ADJ,sweatier,sweatier,Adjective,1,Step 1: SUBTLEX-UK,sweatier,False,sweatier
sweatiest,sweaty,ADJ,sweatiest,sweatiest,Adjective,1,Step 1: SUBTLEX-UK,sweatiest,False,sweatiest
sweating,sweat,VERB,sweating,sweating,Verb,1,Step 1: SUBTLEX-UK,sweating,False,sweating
Sweden's,sweden',NOUN,,,,3,Step 3: spaCy fallback,sweden',True,Sweden's
sweeping,sweep,VERB,sweeping,sweeping,Verb,1,Step 1: SUBTLEX-UK,sweeping,False,sweeping
sweepings,sweeping,NOUN,sweepings,sweepings,Noun,1,Step 1: SUBTLEX-UK,sweepings,False,sweepings
sweeter,sweet,ADJ,sweeter,sweeter,Adjective,1,Step 1: SUBTLEX-UK,sweeter,False,sweeter
SWIFT'S,swift',NOUN,,,,3,Step 3: spaCy fallback,swift',True,SWIFT'S
swiftest,swift,ADJ,swiftest,swiftest,Adjective,1,Step 1: SUBTLEX-UK,swiftest,False,swiftest
swimming,swim,VERB,swimming,swimming,Noun,1,Step 1: SUBTLEX-UK,swimming,False,swimming
swingeing,swinge,VERB,swingeing,swingee,,1,Step 1: SUBTLEX-UK,swingee,False,swingee
swinging,swinge,VERB,swinging,swing,Verb,1,Step 1: SUBTLEX-UK,swing,False,swing
swiper,swip,ADJ,swiper,swiper,Noun,1,Step 1: SUBTLEX-UK,swiper,False,swiper
swum,swum,ADJ,swum,swim,Verb,1,Step 1: SUBTLEX-UK,swim,False,swim
swung,swung,PROPN,swung,swing,Verb,1,Step 1: SUBTLEX-UK,swing,False,swing
SYMES'S,symes',NOUN,,,,3,Step 3: spaCy fallback,symes',True,SYMES'S
synapses,synapsis,NOUN,synapses,synaps,Noun,1,Step 1: SUBTLEX-UK,synaps,False,synaps
synonyms,synonyms,PROPN,synonyms,synonym,Noun,1,Step 1: SUBTLEX-UK,synonym,False,synonym
synthesized,synthesized,VERB,synthesized,synthesize,Verb,1,Step 1: SUBTLEX-UK,synthesize,False,synthesize
syrians,syrian,NOUN,syrians,syrians,Noun,1,Step 1: SUBTLEX-UK,syrians,False,syrians
syringes,syrinx,NOUN,syringes,syringe,Noun,1,Step 1: SUBTLEX-UK,syringe,False,syringe
T'IEN,t'ien,PRON,,,,3,Step 3: spaCy fallback,t'ien,True,T'IEN
T'JAWN,t'jawn,VERB,,,,3,Step 3: spaCy fallback,t'jawn,True,T'JAWN
T'LAH,t'lah,ADJ,,,,3,Step 3: spaCy fallback,t'lah,True,T'LAH
tableaux,tableaux,ADV,tableaux,tableau,Noun,1,Step 1: SUBTLEX-UK,tableau,False,tableau
tackier,tacky,ADJ,tackier,tackier,,1,Step 1: SUBTLEX-UK,tackier,False,tackier
tackiest,tacky,ADJ,tackiest,tackiest,Adjective,1,Step 1: SUBTLEX-UK,tackiest,False,tackiest
tae,tae,NOUN,tae,ta,Preposition,1,Step 1: SUBTLEX-UK,ta,False,ta
TAHSE'S,tahse',NOUN,,,,3,Step 3: spaCy fallback,tahse',True,TAHSE'S
TAILIN'S,tailin',NOUN,,,,3,Step 3: spaCy fallback,tailin',True,TAILIN'S
takings,taking,NOUN,takings,takings,Noun,1,Step 1: SUBTLEX-UK,takings,False,takings
talented,talente,VERB,talented,talented,Adjective,1,Step 1: SUBTLEX-UK,talented,False,talented
taller,tall,ADJ,taller,taller,Adjective,1,Step 1: SUBTLEX-UK,taller,False,taller
tallest,tall,ADJ,tallest,tallest,Adjective,1,Step 1: SUBTLEX-UK,tallest,False,tallest
tamari,tamari,PROPN,tamari,tamarus,,1,Step 1: SUBTLEX-UK,tamarus,False,tamarus
tamils,tamil,VERB,tamils,tamils,,1,Step 1: SUBTLEX-UK,tamils,False,tamils
taming,taming,NOUN,taming,tame,Verb,1,Step 1: SUBTLEX-UK,tame,False,tame
tandoori,tandoori,VERB,tandoori,tandoorus,Noun,1,Step 1: SUBTLEX-UK,tandoorus,False,tandoorus
TANEY'S,taney',NOUN,,,,3,Step 3: spaCy fallback,taney',True,TANEY'S
tangier,tangy,ADJ,tangier,tangier,Name,1,Step 1: SUBTLEX-UK,tangier,False,tangier
tangoing,tangoing,NOUN,tangoing,tango,,1,Step 1: SUBTLEX-UK,tango,False,tango
tapas,tapas,PROPN,tapas,tapa,Noun,1,Step 1: SUBTLEX-UK,tapa,False,tapa
tapered,taper,VERB,tapered,tapered,Verb,1,Step 1: SUBTLEX-UK,tapered,False,tapered
tarmacked,tarmacke,VERB,tarmacked,tarmac,Verb,1,Step 1: SUBTLEX-UK,tarmac,False,tarmac
tarmacking,tarmacke,VERB,tarmacking,tarmack,,1,Step 1: SUBTLEX-UK,tarmack,False,tarmack
tarsier,tarsi,ADJ,tarsier,tarsier,,1,Step 1: SUBTLEX-UK,tarsier,False,tarsier
tartars,tartar,VERB,tartars,tartars,Noun,1,Step 1: SUBTLEX-UK,tartars,False,tartars
tasselled,tassel,VERB,tasselled,tasselled,,1,Step 1: SUBTLEX-UK,tasselled,False,tasselled
tastier,tasty,ADJ,tastier,tastier,Adjective,1,Step 1: SUBTLEX-UK,tastier,False,tastier
tastiest,tasty,ADJ,tastiest,tastiest,Adjective,1,Step 1: SUBTLEX-UK,tastiest,False,tastiest
tasting,taste,VERB,tasting,tasting,Noun,1,Step 1: SUBTLEX-UK,tasting,False,tasting
tatami,tatami,PROPN,tatami,tatamus,Noun,1,Step 1: SUBTLEX-UK,tatamus,False,tatamus
tattered,tattere,VERB,tattered,tattered,Adjective,1,Step 1: SUBTLEX-UK,tattered,False,tattered
tatters,tatter,NOUN,tatters,tatters,Noun,1,Step 1: SUBTLEX-UK,tatters,False,tatters
tatting,tat,VERB,,,Noun,2,Step 2: SUBTLEX-US + NLTK,tatting,False,tatting
tattooed,tattooed,VERB,tattooed,tattoo,Verb,1,Step 1: SUBTLEX-UK,tattoo,False,tattoo
taurus,tauru,NOUN,taurus,taurus,Name,1,Step 1: SUBTLEX-UK,taurus,False,taurus
taxes,taxis,NOUN,taxes,tax,Noun,1,Step 1: SUBTLEX-UK,tax,False,tax
taxis,taxis,NOUN,taxis,taxi,Noun,1,Step 1: SUBTLEX-UK,taxi,False,taxi
taxpaying,taxpaye,VERB,taxpaying,taxpay,Adjective,1,Step 1: SUBTLEX-UK,taxpay,False,taxpay
Taylor's,taylor',NOUN,,,,3,Step 3: spaCy fallback,taylor',True,Taylor's
teaching,teach,VERB,teaching,teaching,Verb,1,Step 1: SUBTLEX-UK,teaching,False,teaching
team's,team',NOUN,,,,3,Step 3: spaCy fallback,team',True,team's
teamsters,teamster,NOUN,teamsters,teamsters,Noun,1,Step 1: SUBTLEX-UK,teamsters,False,teamsters
teargas,teargas,PROPN,teargas,tearga,Noun,1,Step 1: SUBTLEX-UK,tearga,False,tearga
techies,techie,NOUN,techies,techy,Noun,1,Step 1: SUBTLEX-UK,techy,False,techy
tecs,tecs,ADV,tecs,tec,,1,Step 1: SUBTLEX-UK,tec,False,tec
ted,te,VERB,ted,ted,Name,1,Step 1: SUBTLEX-UK,ted,False,ted
teds,ted,VERB,teds,teds,Noun,1,Step 1: SUBTLEX-UK,teds,False,teds
teed,teed,VERB,teed,tee,Verb,1,Step 1: SUBTLEX-UK,tee,False,tee
teenaged,teenage,VERB,teenaged,teenaged,Adjective,1,Step 1: SUBTLEX-UK,teenaged,False,teenaged
teeniest,teeny,ADJ,teeniest,teeniest,Adjective,1,Step 1: SUBTLEX-UK,teeniest,False,teeniest
teens,teen,NOUN,teens,teens,Noun,1,Step 1: SUBTLEX-UK,teens,False,teens
teensiest,teensi,ADJ,teensiest,teensiest,Adjective,1,Step 1: SUBTLEX-UK,teensiest,False,teensiest
tees,tee,NOUN,tees,tees,Noun,1,Step 1: SUBTLEX-UK,tees,False,tees
teething,teethe,VERB,teething,teething,Noun,1,Step 1: SUBTLEX-UK,teething,False,teething
telecommunication,telecommunication,NOUN,telecommunication,telecommunications,Noun,1,Step 1: SUBTLEX-UK,telecommunications,False,telecommunications
telecommunications,telecommunication,NOUN,telecommunications,telecommunications,Noun,1,Step 1: SUBTLEX-UK,telecommunications,False,telecommunications
TELEGRAPHER'S,telegrapher',NOUN,,,,3,Step 3: spaCy fallback,telegrapher',True,TELEGRAPHER'S
telemarketing,telemarkete,VERB,telemarketing,telemarketing,Verb,1,Step 1: SUBTLEX-UK,telemarketing,False,telemarketing
telenovela,telenovela,PROPN,telenovela,telenovelum,,1,Step 1: SUBTLEX-UK,telenovelum,False,telenovelum
televising,televise,VERB,televising,televising,Verb,1,Step 1: SUBTLEX-UK,televising,False,televising
tempests,tempest,NOUN,tempests,tempests,Noun,1,Step 1: SUBTLEX-UK,tempests,False,tempests
tempi,tempi,NOUN,tempi,tempo,,1,Step 1: SUBTLEX-UK,tempo,False,tempo
tempos,tempos,PROPN,tempos,tempo,Noun,1,Step 1: SUBTLEX-UK,tempo,False,tempo
tempting,tempt,VERB,tempting,tempting,Adjective,1,Step 1: SUBTLEX-UK,tempting,False,tempting
temptresses,temptresse,VERB,temptresses,temptress,,1,Step 1: SUBTLEX-UK,temptress,False,temptress
tenderfeet,tenderfeet,NOUN,,,Noun,2,Step 2: SUBTLEX-US + NLTK,tenderfoot,False,tenderfoot
tenderhearted,tenderhearte,VERB,,,Verb,2,Step 2: SUBTLEX-US + NLTK,tenderhearted,False,tenderhearted
tenderizing,tenderizing,ADJ,,,Verb,2,Step 2: SUBTLEX-US + NLTK,tenderize,False,tenderize
tensest,tense,ADJ,tensest,tensest,Adjective,1,Step 1: SUBTLEX-UK,tensest,False,tensest
tensioning,tensione,VERB,tensioning,tension,,1,Step 1: SUBTLEX-UK,tension,False,tension
tented,tent,VERB,tented,tented,Verb,1,Step 1: SUBTLEX-UK,tented,False,tented
tenterhooks,tenterhook,NOUN,tenterhooks,tenterhooks,Noun,1,Step 1: SUBTLEX-UK,tenterhooks,False,tenterhooks
teriyaki,teriyaki,PROPN,teriyaki,teriyakus,Noun,1,Step 1: SUBTLEX-UK,teriyakus,False,teriyakus
termini,termini,PROPN,termini,terminus,,1,Step 1: SUBTLEX-UK,terminus,False,terminus
terminus,terminu,VERB,terminus,terminus,Noun,1,Step 1: SUBTLEX-UK,terminus,False,terminus
terminuses,terminuse,VERB,terminuses,terminus,,1,Step 1: SUBTLEX-UK,terminus,False,terminus
terraced,terrace,VERB,terraced,terraced,,1,Step 1: SUBTLEX-UK,terraced,False,terraced
terrier,terri,ADJ,terrier,terrier,Noun,1,Step 1: SUBTLEX-UK,terrier,False,terrier
terrifies,terrifie,NOUN,terrifies,terrify,Verb,1,Step 1: SUBTLEX-UK,terrify,False,terrify
terrifying,terrify,VERB,terrifying,terrifying,Adjective,1,Step 1: SUBTLEX-UK,terrifying,False,terrifying
territorials,territorial,NOUN,territorials,territorials,,1,Step 1: SUBTLEX-UK,territorials,False,territorials
tessellated,tessellate,VERB,tessellated,tessellated,,1,Step 1: SUBTLEX-UK,tessellated,False,tessellated
testes,testes,VERB,testes,testis,Noun,1,Step 1: SUBTLEX-UK,testis,False,testis
testing,test,VERB,testing,testing,Verb,1,Step 1: SUBTLEX-UK,testing,False,testing
tethered,tether,VERB,tethered,tethered,Verb,1,Step 1: SUBTLEX-UK,tethered,False,tethered
texans,texan,NOUN,texans,texans,Noun,1,Step 1: SUBTLEX-UK,texans,False,texans
texting,texte,VERB,texting,text,Verb,1,Step 1: SUBTLEX-UK,text,False,text
textured,texture,VERB,textured,textured,Adjective,1,Step 1: SUBTLEX-UK,textured,False,textured
thanks,thank,NOUN,thanks,thanks,Noun,1,Step 1: SUBTLEX-UK,thanks,False,thanks
thanksgiving,thanksgive,VERB,thanksgiving,thanksgiving,Noun,1,Step 1: SUBTLEX-UK,thanksgiving,False,thanksgiving
thatched,thatch,VERB,thatched,thatched,Adjective,1,Step 1: SUBTLEX-UK,thatched,False,thatched
thats,that,NOUN,thats,that,Verb,1,Step 1: SUBTLEX-UK,that,True,thats
theatricals,theatrical,NOUN,theatricals,theatricals,Noun,1,Step 1: SUBTLEX-UK,theatricals,False,theatricals
their,their,PRON,their,they,Pronoun,1,Step 1: SUBTLEX-UK,they,False,they
Thelma's,thelma's,X,,,,3,Step 3: spaCy fallback,thelma's,True,Thelma's
THEM'S,them's,NOUN,,,,3,Step 3: spaCy fallback,them's,True,THEM'S
THEON'S,theon',NOUN,,,,3,Step 3: spaCy fallback,theon',True,THEON'S
theorizing,theorize,VERB,,,Noun,2,Step 2: SUBTLEX-US + NLTK,theorizing,False,theorizing
therapeutics,therapeutic,NOUN,therapeutics,therapeutics,Noun,1,Step 1: SUBTLEX-UK,therapeutics,False,therapeutics
thereabouts,thereabout,VERB,thereabouts,thereabouts,Adverb,1,Step 1: SUBTLEX-UK,thereabouts,False,thereabouts
theres,there,NOUN,theres,there,Noun,1,Step 1: SUBTLEX-UK,there,True,theres
thermodynamics,thermodynamic,NOUN,thermodynamics,thermodynamics,Noun,1,Step 1: SUBTLEX-UK,thermodynamics,False,thermodynamics
thermosetting,thermosette,VERB,thermosetting,thermosett,Adjective,1,Step 1: SUBTLEX-UK,thermosett,False,thermosett
theses,these,VERB,theses,thesis,Noun,1,Step 1: SUBTLEX-UK,thesis,False,thesis
THET'S,thet's,X,,,,3,Step 3: spaCy fallback,thet's,True,THET'S
thicker,thick,ADJ,thicker,thicker,Adjective,1,Step 1: SUBTLEX-UK,thicker,False,thicker
thickheaded,thickheade,VERB,,,Adjective,2,Step 2: SUBTLEX-US + NLTK,thickheaded,False,thickheaded
thinner,thin,ADJ,thinner,thinner,Adjective,1,Step 1: SUBTLEX-UK,thinner,False,thinner
thinnest,thin,ADJ,thinnest,thinnest,Adjective,1,Step 1: SUBTLEX-UK,thinnest,False,thinnest
thirstier,thirsty,ADJ,thirstier,thirstier,Adjective,1,Step 1: SUBTLEX-UK,thirstier,False,thirstier
THOM'S,thom's,NOUN,,,,3,Step 3: spaCy fallback,thom's,True,THOM'S
Thomas's,thomas',NOUN,,,,3,Step 3: spaCy fallback,thomas',True,Thomas's
Thor's,thor's,NOUN,,,,3,Step 3: spaCy fallback,thor's,True,Thor's
Thoreau's,thoreau',NOUN,,,,3,Step 3: spaCy fallback,thoreau',True,Thoreau's
thorniest,thorny,ADJ,thorniest,thorniest,,1,Step 1: SUBTLEX-UK,thorniest,False,thorniest
thoroughgoing,thoroughgoing,NOUN,thoroughgoing,thoroughgo,,1,Step 1: SUBTLEX-UK,thoroughgo,False,thoroughgo
threshing,thresh,VERB,threshing,threshing,Noun,1,Step 1: SUBTLEX-UK,threshing,False,threshing
thrilling,thrill,VERB,thrilling,thrilling,Adjective,1,Step 1: SUBTLEX-UK,thrilling,False,thrilling
throated,throate,VERB,throated,throated,,1,Step 1: SUBTLEX-UK,throated,False,throated
THRONEBERRY'S,throneberry's,VERB,,,,3,Step 3: spaCy fallback,throneberry's,True,THRONEBERRY'S
thrumming,thrum,VERB,thrumming,thrumming,Verb,1,Step 1: SUBTLEX-UK,thrumming,False,thrumming
thrushes,thrushe,VERB,thrushes,thrush,,1,Step 1: SUBTLEX-UK,thrush,False,thrush
thudding,thud,VERB,thudding,thudding,Verb,1,Step 1: SUBTLEX-UK,thudding,False,thudding
thuds,thuds,VERB,thuds,thud,Verb,1,Step 1: SUBTLEX-UK,thud,False,thud
THURBER'S,thurber',NOUN,,,,3,Step 3: spaCy fallback,thurber',True,THURBER'S
Thursday's,thursday',NOUN,,,,3,Step 3: spaCy fallback,thursday',True,Thursday's
thursdays,thursday,NOUN,thursdays,thursdays,Name,1,Step 1: SUBTLEX-UK,thursdays,False,thursdays
tiddlywinks,tiddlywink,VERB,tiddlywinks,tiddlywinks,Noun,1,Step 1: SUBTLEX-UK,tiddlywinks,False,tiddlywinks
tidiest,tidy,ADJ,tidiest,tidiest,Adjective,1,Step 1: SUBTLEX-UK,tidiest,False,tidiest
tieing,tieing,NOUN,tieing,tie,Verb,1,Step 1: SUBTLEX-UK,tie,False,tie
tiered,tiere,VERB,tiered,tiered,Adjective,1,Step 1: SUBTLEX-UK,tiered,False,tiered
tighter,tight,ADJ,tighter,tighter,Adjective,1,Step 1: SUBTLEX-UK,tighter,False,tighter
tightfisted,tightfiste,VERB,,,Adjective,2,Step 2: SUBTLEX-US + NLTK,tightfisted,False,tightfisted
tightlipped,tightlippe,VERB,,,Adjective,2,Step 2: SUBTLEX-US + NLTK,tightlipped,False,tightlipped
tights,tight,NOUN,tights,tights,Noun,1,Step 1: SUBTLEX-UK,tights,False,tights
tilapia,tilapia,NOUN,tilapia,tilapium,,1,Step 1: SUBTLEX-UK,tilapium,False,tilapium
TILGHMAN'S,tilghman',NOUN,,,,3,Step 3: spaCy fallback,tilghman',True,TILGHMAN'S
tiling,tile,VERB,tiling,tiling,Noun,1,Step 1: SUBTLEX-UK,tiling,False,tiling
TILLIE'S,tillie's,ADV,,,,3,Step 3: spaCy fallback,tillie's,True,TILLIE'S
tilted,tilt,VERB,tilted,tilted,Verb,1,Step 1: SUBTLEX-UK,tilted,False,tilted
timbered,timbere,VERB,timbered,timber,Verb,1,Step 1: SUBTLEX-UK,timber,False,timber
timbering,timbere,VERB,timbering,timbering,,1,Step 1: SUBTLEX-UK,timbering,False,timbering
timekeeping,timekeepe,VERB,timekeeping,timekeeping,Noun,1,Step 1: SUBTLEX-UK,timekeeping,False,timekeeping
timesaving,timesave,VERB,timesaving,timesaving,,1,Step 1: SUBTLEX-UK,timesaving,False,timesaving
timing,time,VERB,timing,timing,Noun,1,Step 1: SUBTLEX-UK,timing,False,timing
tined,tin,VERB,tined,tine,,1,Step 1: SUBTLEX-UK,tine,False,tine
ting,te,VERB,ting,ting,Noun,1,Step 1: SUBTLEX-UK,ting,False,ting
tiniest,tiny,ADJ,tiniest,tiniest,Adjective,1,Step 1: SUBTLEX-UK,tiniest,False,tiniest
tinkles,tinkle,NOUN,tinkles,tinkles,Verb,1,Step 1: SUBTLEX-UK,tinkles,False,tinkles
tinning,tin,VERB,tinning,tinning,,1,Step 1: SUBTLEX-UK,tinning,False,tinning
tinselling,tinsel,VERB,tinselling,tinselling,,1,Step 1: SUBTLEX-UK,tinselling,False,tinselling
tinting,tinting,NOUN,tinting,tint,Noun,1,Step 1: SUBTLEX-UK,tint,False,tint
tipi,tipi,PROPN,tipi,tipus,,1,Step 1: SUBTLEX-UK,tipus,False,tipus
TITCHE'S,titche's,ADV,,,,3,Step 3: spaCy fallback,titche's,True,TITCHE'S
titleholders,titleholder,VERB,,,Noun,2,Step 2: SUBTLEX-US + NLTK,titleholders,False,titleholders
titling,title,VERB,titling,titling,,1,Step 1: SUBTLEX-UK,titling,False,titling
titmice,titmice,NOUN,,,Noun,2,Step 2: SUBTLEX-US + NLTK,titmouse,False,titmouse
toastmasters,toastmaster,NOUN,toastmasters,toastmasters,,1,Step 1: SUBTLEX-UK,toastmasters,False,toastmasters
tobaccos,tobaccos,PROPN,tobaccos,tobacco,Noun,1,Step 1: SUBTLEX-UK,tobacco,False,tobacco
TODAY'LL,today'll,VERB,,,,3,Step 3: spaCy fallback,today'll,True,TODAY'LL
toddles,toddle,NOUN,toddles,toddles,Verb,1,Step 1: SUBTLEX-UK,toddles,False,toddles
TODMAN'S,todman',NOUN,,,,3,Step 3: spaCy fallback,todman',True,TODMAN'S
togas,togas,NOUN,togas,toga,Noun,1,Step 1: SUBTLEX-UK,toga,False,toga
toileted,toilete,VERB,toileted,toilet,,1,Step 1: SUBTLEX-UK,toilet,False,toilet
toiletries,toiletry,NOUN,toiletries,toiletries,Noun,1,Step 1: SUBTLEX-UK,toiletries,False,toiletries
toiletry,toiletry,NOUN,toiletry,toiletries,Noun,1,Step 1: SUBTLEX-UK,toiletries,False,toiletries
toiling,toil,VERB,toiling,toiling,Verb,1,Step 1: SUBTLEX-UK,toiling,False,toiling
tokens,tokens,PROPN,tokens,token,Noun,1,Step 1: SUBTLEX-UK,token,False,token
TOLLEY'S,tolley',NOUN,,,,3,Step 3: spaCy fallback,tolley',True,TOLLEY'S
tolling,toll,VERB,tolling,tolling,Verb,1,Step 1: SUBTLEX-UK,tolling,False,tolling
Tolstoy's,tolstoy',NOUN,,,,3,Step 3: spaCy fallback,tolstoy',True,Tolstoy's
Tom's,tom's,X,,,,3,Step 3: spaCy fallback,tom's,True,Tom's
tomatoes,tomatoe,VERB,tomatoes,tomato,Noun,1,Step 1: SUBTLEX-UK,tomato,False,tomato
Tommy's,tommy',NOUN,,,,3,Step 3: spaCy fallback,tommy',True,Tommy's
toms,tom,NOUN,toms,toms,Name,1,Step 1: SUBTLEX-UK,toms,False,toms
tonguing,tonguing,NOUN,tonguing,tongue,Verb,1,Step 1: SUBTLEX-UK,tongue,False,tongue
tooling,tool,VERB,tooling,tooling,Verb,1,Step 1: SUBTLEX-UK,tooling,False,tooling
toolshed,toolshe,VERB,,,Adjective,2,Step 2: SUBTLEX-US + NLTK,toolshed,False,toolshed
toothed,toothe,VERB,toothed,toothed,,1,Step 1: SUBTLEX-UK,toothed,False,toothed
toothier,toothier,NOUN,,,Adjective,2,Step 2: SUBTLEX-US + NLTK,toothy,False,toothy
tooting,toot,VERB,tooting,tooting,Verb,1,Step 1: SUBTLEX-UK,tooting,False,tooting
toots,toot,NOUN,toots,toots,Noun,1,Step 1: SUBTLEX-UK,toots,False,toots
toped,tope,VERB,toped,top,,1,Step 1: SUBTLEX-UK,top,False,top
topis,topis,PROPN,,,Noun,2,Step 2: SUBTLEX-US + NLTK,topi,False,topi
toreadors,toreador,NOUN,toreadors,toreadors,Name,1,Step 1: SUBTLEX-UK,toreadors,False,toreadors
tories,tory,NOUN,tories,tories,Noun,1,Step 1: SUBTLEX-UK,tories,False,tories
torn,torn,VERB,torn,tear,Verb,1,Step 1: SUBTLEX-UK,tear,False,tear
tornados,tornado,NOUN,tornados,tornados,,1,Step 1: SUBTLEX-UK,tornados,False,tornados
torsos,torsos,PROPN,torsos,torso,Noun,1,Step 1: SUBTLEX-UK,torso,False,torso
tortellini,tortellini,NOUN,tortellini,tortellinus,Noun,1,Step 1: SUBTLEX-UK,tortellinus,False,tortellinus
torticollis,torticolli,NOUN,,,Noun,2,Step 2: SUBTLEX-US + NLTK,torticollis,False,torticollis
torts,torts,PROPN,torts,tort,Noun,1,Step 1: SUBTLEX-UK,tort,False,tort
tortured,torture,VERB,tortured,tortured,Verb,1,Step 1: SUBTLEX-UK,tortured,False,tortured
touchiest,touchiest,CCONJ,,,Adjective,2,Step 2: SUBTLEX-US + NLTK,touchy,False,touchy
toughening,toughening,NOUN,toughening,toughen,Verb,1,Step 1: SUBTLEX-UK,toughen,False,toughen
tougher,tough,ADJ,tougher,tougher,Adjective,1,Step 1: SUBTLEX-UK,tougher,False,tougher
toughest,tough,ADJ,toughest,toughest,Adjective,1,Step 1: SUBTLEX-UK,toughest,False,toughest
tousled,tousle,VERB,tousled,tousled,Verb,1,Step 1: SUBTLEX-UK,tousled,False,tousled
towheaded,towheade,VERB,,,Adjective,2,Step 2: SUBTLEX-US + NLTK,towheaded,False,towheaded
TOWN'S,town',NOUN,,,,3,Step 3: spaCy fallback,town',True,TOWN'S
townswomen,townswoman,NOUN,townswomen,townswomen,,1,Step 1: SUBTLEX-UK,townswomen,False,townswomen
trafficking,traffic,VERB,trafficking,trafficking,Noun,1,Step 1: SUBTLEX-UK,trafficking,False,trafficking
TRAFTON'S,trafton',NOUN,,,,3,Step 3: spaCy fallback,trafton',True,TRAFTON'S
training,train,VERB,training,training,Noun,1,Step 1: SUBTLEX-UK,training,False,training
trammelled,trammelle,VERB,trammelled,trammel,,1,Step 1: SUBTLEX-UK,trammel,False,trammel
transfered,transfered,ADJ,transfered,transfer,,1,Step 1: SUBTLEX-UK,transfer,False,transfer
transformers,transformer,NOUN,transformers,transformers,Noun,1,Step 1: SUBTLEX-UK,transformers,False,transformers
transgendered,transgendere,VERB,transgendered,transgendered,Verb,1,Step 1: SUBTLEX-UK,transgendered,False,transgendered
transgressing,transgressing,NOUN,transgressing,transgress,,1,Step 1: SUBTLEX-UK,transgress,False,transgress
transmogrifies,transmogrifie,NOUN,,,Verb,2,Step 2: SUBTLEX-US + NLTK,transmogrify,False,transmogrify
trappings,trapping,NOUN,trappings,trappings,Noun,1,Step 1: SUBTLEX-UK,trappings,False,trappings
trashcans,trashcan,NOUN,,,Noun,2,Step 2: SUBTLEX-US + NLTK,trashcans,False,trashcans
treasured,treasure,VERB,treasured,treasured,Adjective,1,Step 1: SUBTLEX-UK,treasured,False,treasured
trebling,trebling,NOUN,trebling,treble,,1,Step 1: SUBTLEX-UK,treble,False,treble
treetops,treetops,PROPN,treetops,treetop,Noun,1,Step 1: SUBTLEX-UK,treetop,False,treetop
trellis,trelli,NOUN,trellis,trellis,Noun,1,Step 1: SUBTLEX-UK,trellis,False,trellis
trellising,trellis,VERB,trellising,trellise,,1,Step 1: SUBTLEX-UK,trellise,False,trellise
trendies,trendie,NOUN,trendies,trendy,,1,Step 1: SUBTLEX-UK,trendy,False,trendy
trendsetting,trendsette,VERB,trendsetting,trendset,Verb,1,Step 1: SUBTLEX-UK,trendset,False,trendset
trepanning,trepan,VERB,trepanning,trepanning,,1,Step 1: SUBTLEX-UK,trepanning,False,trepanning
tresses,tresse,VERB,tresses,tress,Noun,1,Step 1: SUBTLEX-UK,tress,False,tress
trews,trew,NOUN,trews,trews,,1,Step 1: SUBTLEX-UK,trews,False,trews
triads,triad,NOUN,triads,triads,Noun,1,Step 1: SUBTLEX-UK,triads,False,triads
triceps,tricep,NOUN,triceps,triceps,Noun,1,Step 1: SUBTLEX-UK,triceps,False,triceps
trickier,tricky,ADJ,trickier,trickier,Adjective,1,Step 1: SUBTLEX-UK,trickier,False,trickier
tricolored,tricolore,VERB,,,Name,2,Step 2: SUBTLEX-US + NLTK,tricolored,False,tricolored
TRIG'S,trig',NOUN,,,,3,Step 3: spaCy fallback,trig',True,TRIG'S
tripos,tripo,NOUN,tripos,tripos,Noun,1,Step 1: SUBTLEX-UK,tripos,False,tripos
trivia,trivium,NOUN,trivia,trivia,Noun,1,Step 1: SUBTLEX-UK,trivia,False,trivia
trod,trod,PROPN,trod,tread,Verb,1,Step 1: SUBTLEX-UK,tread,False,tread
trojans,trojan,NOUN,trojans,trojans,Noun,1,Step 1: SUBTLEX-UK,trojans,False,trojans
trolling,troll,VERB,trolling,trolling,Verb,1,Step 1: SUBTLEX-UK,trolling,False,trolling
troops,troop,NOUN,troops,troops,Noun,1,Step 1: SUBTLEX-UK,troops,False,troops
tropics,tropic,NOUN,tropics,tropics,Noun,1,Step 1: SUBTLEX-UK,tropics,False,tropics
troubled,trouble,VERB,troubled,troubled,Adjective,1,Step 1: SUBTLEX-UK,troubled,False,troubled
troublemaking,troublemake,VERB,troublemaking,troublemaking,Verb,1,Step 1: SUBTLEX-UK,troublemaking,False,troublemaking
troubleshooting,troubleshoot,VERB,troubleshooting,troubleshooting,Verb,1,Step 1: SUBTLEX-UK,troubleshooting,False,troubleshooting
troughs,troughs,PROPN,troughs,trough,Noun,1,Step 1: SUBTLEX-UK,trough,False,trough
trouper,troup,ADJ,trouper,trouper,Noun,1,Step 1: SUBTLEX-UK,trouper,False,trouper
trousers,trouser,NOUN,trousers,trousers,Noun,1,Step 1: SUBTLEX-UK,trousers,False,trousers
truehearted,truehearte,VERB,,,Verb,2,Step 2: SUBTLEX-US + NLTK,truehearted,False,truehearted
truest,true,ADJ,truest,truest,Adjective,1,Step 1: SUBTLEX-UK,truest,False,truest
Truman's,truman's,X,,,,3,Step 3: spaCy fallback,truman's,True,Truman's
trunked,trunke,VERB,trunked,trunk,Verb,1,Step 1: SUBTLEX-UK,trunk,False,trunk
trysting,tryste,VERB,trysting,tryst,Verb,1,Step 1: SUBTLEX-UK,tryst,False,tryst
tubas,tubas,PROPN,tubas,tuba,Noun,1,Step 1: SUBTLEX-UK,tuba,False,tuba
tubing,tube,VERB,tubing,tubing,Noun,1,Step 1: SUBTLEX-UK,tubing,False,tubing
Tucker's,tucker's,X,,,,3,Step 3: spaCy fallback,tucker's,True,Tucker's
tuesdays,tuesday,NOUN,tuesdays,tuesdays,Name,1,Step 1: SUBTLEX-UK,tuesdays,False,tuesdays
tufted,tufte,VERB,tufted,tufted,Adjective,1,Step 1: SUBTLEX-UK,tufted,False,tufted
tufts,tufts,PROPN,tufts,tuft,Noun,1,Step 1: SUBTLEX-UK,tuft,False,tuft
tumbler,tumbl,ADJ,tumbler,tumbler,Noun,1,Step 1: SUBTLEX-UK,tumbler,False,tumbler
tummies,tummie,VERB,tummies,tummy,Noun,1,Step 1: SUBTLEX-UK,tummy,False,tummy
tumuli,tumuli,PROPN,tumuli,tumulus,,1,Step 1: SUBTLEX-UK,tumulus,False,tumulus
tumulus,tumulu,NOUN,tumulus,tumulus,Noun,1,Step 1: SUBTLEX-UK,tumulus,False,tumulus
tunneling,tunneling,NOUN,tunneling,tunnel,Verb,1,Step 1: SUBTLEX-UK,tunnel,False,tunnel
tunnelling,tunnelling,NOUN,tunnelling,tunnel,Verb,1,Step 1: SUBTLEX-UK,tunnel,False,tunnel
turbaned,turbane,VERB,turbaned,turban,,1,Step 1: SUBTLEX-UK,turban,False,turban
turfing,turf,VERB,turfing,turfing,,1,Step 1: SUBTLEX-UK,turfing,False,turfing
turks,turk,NOUN,turks,turks,Noun,1,Step 1: SUBTLEX-UK,turks,False,turks
turners,turner,NOUN,turners,turners,Name,1,Step 1: SUBTLEX-UK,turners,False,turners
turreted,turrete,VERB,turreted,turreted,Adjective,1,Step 1: SUBTLEX-UK,turreted,False,turreted
tusked,tusk,VERB,tusked,tusked,Adjective,1,Step 1: SUBTLEX-UK,tusked,False,tusked
TUSSARD'S,tussard's,NOUN,,,,3,Step 3: spaCy fallback,tussard's,True,TUSSARD'S
tuts,tut,NOUN,tuts,tuts,Verb,1,Step 1: SUBTLEX-UK,tuts,False,tuts
tutted,tutte,VERB,tutted,tut,,1,Step 1: SUBTLEX-UK,tut,False,tut
tutting,tutte,VERB,tutting,tut,Verb,1,Step 1: SUBTLEX-UK,tut,False,tut
TUTTLE'S,tuttle's,VERB,,,,3,Step 3: spaCy fallback,tuttle's,True,TUTTLE'S
tutus,tutus,NOUN,tutus,tutu,Noun,1,Step 1: SUBTLEX-UK,tutu,False,tutu
tweaking,tweak,VERB,tweaking,tweaking,Verb,1,Step 1: SUBTLEX-UK,tweaking,False,tweaking
tweeds,tweed,VERB,tweeds,tweeds,Noun,1,Step 1: SUBTLEX-UK,tweeds,False,tweeds
tweezers,tweezer,NOUN,tweezers,tweezers,Noun,1,Step 1: SUBTLEX-UK,tweezers,False,tweezers
twerps,twerps,NOUN,twerps,twerp,Noun,1,Step 1: SUBTLEX-UK,twerp,False,twerp
twistiest,twisti,ADJ,twistiest,twistiest,,1,Step 1: SUBTLEX-UK,twistiest,False,twistiest
twos,twos,VERB,twos,two,Number,1,Step 1: SUBTLEX-UK,two,False,two
tykes,tyke,NOUN,tykes,tykes,Noun,1,Step 1: SUBTLEX-UK,tykes,False,tykes
typewrites,typewrite,NOUN,,,Noun,2,Step 2: SUBTLEX-US + NLTK,typewrites,False,typewrites
typifies,typifie,NOUN,typifies,typify,Verb,1,Step 1: SUBTLEX-UK,typify,False,typify
uglier,ugly,ADJ,uglier,uglier,Adjective,1,Step 1: SUBTLEX-UK,uglier,False,uglier
ulnae,ulnae,NOUN,,,Noun,2,Step 2: SUBTLEX-US + NLTK,ulna,False,ulna
ulsters,ulster,NOUN,ulsters,ulsters,,1,Step 1: SUBTLEX-UK,ulsters,False,ulsters
ultimata,ultimata,ADJ,,,Noun,2,Step 2: SUBTLEX-US + NLTK,ultimatum,False,ultimatum
umlauts,umlauts,ADJ,umlauts,umlaut,Verb,1,Step 1: SUBTLEX-UK,umlaut,False,umlaut
umpired,umpired,VERB,umpired,umpire,,1,Step 1: SUBTLEX-UK,umpire,False,umpire
unabashed,unabashe,VERB,unabashed,unabashed,Adjective,1,Step 1: SUBTLEX-UK,unabashed,False,unabashed
unabridged,unabridge,VERB,unabridged,unabridged,Adjective,1,Step 1: SUBTLEX-UK,unabridged,False,unabridged
unaccommodating,unaccommodate,VERB,,,Adjective,2,Step 2: SUBTLEX-US + NLTK,unaccommodating,False,unaccommodating
unaccomplished,unaccomplishe,VERB,unaccomplished,unaccomplished,Adjective,1,Step 1: SUBTLEX-UK,unaccomplished,False,unaccomplished
unaddressed,unaddresse,VERB,unaddressed,unaddressed,,1,Step 1: SUBTLEX-UK,unaddressed,False,unaddressed
unadjusted,unadjuste,VERB,unadjusted,unadjusted,,1,Step 1: SUBTLEX-UK,unadjusted,False,unadjusted
unadorned,unadorne,VERB,unadorned,unadorned,Adjective,1,Step 1: SUBTLEX-UK,unadorned,False,unadorned
unadulterated,unadulterate,VERB,unadulterated,unadulterated,Adjective,1,Step 1: SUBTLEX-UK,unadulterated,False,unadulterated
unadvised,unadvise,VERB,unadvised,unadvised,Adjective,1,Step 1: SUBTLEX-UK,unadvised,False,unadvised
unamused,unamuse,VERB,unamused,unamused,,1,Step 1: SUBTLEX-UK,unamused,False,unamused
unanchored,unanchore,VERB,unanchored,unanchored,Adjective,1,Step 1: SUBTLEX-UK,unanchored,False,unanchored
unappealing,unappeale,VERB,unappealing,unappealing,Verb,1,Step 1: SUBTLEX-UK,unappealing,False,unappealing
unappetizing,unappetize,VERB,,,Adjective,2,Step 2: SUBTLEX-US + NLTK,unappetizing,False,unappetizing
unapproved,unapprove,VERB,unapproved,unapproved,Adjective,1,Step 1: SUBTLEX-UK,unapproved,False,unapproved
unasked,unaske,VERB,unasked,unasked,Adjective,1,Step 1: SUBTLEX-UK,unasked,False,unasked
unassuming,unassume,VERB,unassuming,unassuming,Adjective,1,Step 1: SUBTLEX-UK,unassuming,False,unassuming
unattached,unattache,VERB,unattached,unattached,Adjective,1,Step 1: SUBTLEX-UK,unattached,False,unattached
unattended,unattende,VERB,unattended,unattended,Adjective,1,Step 1: SUBTLEX-UK,unattended,False,unattended
unattributed,unattribute,VERB,unattributed,unattributed,Adjective,1,Step 1: SUBTLEX-UK,unattributed,False,unattributed
unavailing,unavaile,VERB,,,Adjective,2,Step 2: SUBTLEX-US + NLTK,unavailing,False,unavailing
unawares,unawares,ADJ,unawares,unaware,Adverb,1,Step 1: SUBTLEX-UK,unaware,False,unaware
unbalances,unbalance,NOUN,unbalances,unbalances,,1,Step 1: SUBTLEX-UK,unbalances,False,unbalances
unbarred,unbar,VERB,unbarred,unbarred,Adjective,1,Step 1: SUBTLEX-UK,unbarred,False,unbarred
unbathed,unbathe,VERB,,,Adjective,2,Step 2: SUBTLEX-US + NLTK,unbathed,False,unbathed
unbecoming,unbecome,VERB,unbecoming,unbecoming,Adjective,1,Step 1: SUBTLEX-UK,unbecoming,False,unbecoming
unbefitting,unbefitte,VERB,,,Noun,2,Step 2: SUBTLEX-US + NLTK,unbefitting,False,unbefitting
unbelieving,unbelieve,VERB,unbelieving,unbelieving,Adjective,1,Step 1: SUBTLEX-UK,unbelieving,False,unbelieving
unbending,unbend,VERB,unbending,unbending,Adjective,1,Step 1: SUBTLEX-UK,unbending,False,unbending
unbent,unbent,ADJ,,,Verb,2,Step 2: SUBTLEX-US + NLTK,unbend,False,unbend
unbilled,unbilled,ADJ,unbilled,unbill,Adjective,1,Step 1: SUBTLEX-UK,unbill,False,unbill
unbleached,unbleache,VERB,unbleached,unbleached,Adjective,1,Step 1: SUBTLEX-UK,unbleached,False,unbleached
unblemished,unblemishe,VERB,unblemished,unblemished,Adjective,1,Step 1: SUBTLEX-UK,unblemished,False,unblemished
unblended,unblende,VERB,,,Adjective,2,Step 2: SUBTLEX-US + NLTK,unblended,False,unblended
unblinking,unblinke,VERB,unblinking,unblinking,Adjective,1,Step 1: SUBTLEX-UK,unblinking,False,unblinking
unblocked,unblock,VERB,unblocked,unblocked,Adjective,1,Step 1: SUBTLEX-UK,unblocked,False,unblocked
unbolted,unbolt,VERB,unbolted,unbolted,,1,Step 1: SUBTLEX-UK,unbolted,False,unbolted
unbounded,unbounde,VERB,unbounded,unbounded,Adjective,1,Step 1: SUBTLEX-UK,unbounded,False,unbounded
unbowed,unbowe,VERB,unbowed,unbowed,Adjective,1,Step 1: SUBTLEX-UK,unbowed,False,unbowed
unbridled,unbridle,VERB,unbridled,unbridled,Adjective,1,Step 1: SUBTLEX-UK,unbridled,False,unbridled
unbuckled,unbuckled,ADJ,unbuckled,unbuckle,Adjective,1,Step 1: SUBTLEX-UK,unbuckle,False,unbuckle
unbundled,unbundle,VERB,unbundled,unbundled,,1,Step 1: SUBTLEX-UK,unbundled,False,unbundled
unburdened,unburden,VERB,unburdened,unburdened,Verb,1,Step 1: SUBTLEX-UK,unburdened,False,unburdened
unburdening,unburden,VERB,unburdening,unburdening,Noun,1,Step 1: SUBTLEX-UK,unburdening,False,unburdening
unburned,unburne,VERB,unburned,unburned,Adjective,1,Step 1: SUBTLEX-UK,unburned,False,unburned
unbuttered,unbuttere,VERB,unbuttered,unbuttered,,1,Step 1: SUBTLEX-UK,unbuttered,False,unbuttered
unbuttoned,unbutton,VERB,unbuttoned,unbuttoned,Verb,1,Step 1: SUBTLEX-UK,unbuttoned,False,unbuttoned
uncalculated,uncalculate,VERB,,,Adjective,2,Step 2: SUBTLEX-US + NLTK,uncalculated,False,uncalculated
uncapped,uncap,VERB,uncapped,uncapped,Adjective,1,Step 1: SUBTLEX-UK,uncapped,False,uncapped
uncaring,uncare,VERB,uncaring,uncaring,Adjective,1,Step 1: SUBTLEX-UK,uncaring,False,uncaring
unceasing,uncease,VERB,unceasing,unceasing,Adjective,1,Step 1: SUBTLEX-UK,unceasing,False,unceasing
unchained,unchain,VERB,unchained,unchained,Adjective,1,Step 1: SUBTLEX-UK,unchained,False,unchained
unchallenging,unchallenge,VERB,unchallenging,unchallenging,Noun,1,Step 1: SUBTLEX-UK,unchallenging,False,unchallenging
unchanging,unchange,VERB,unchanging,unchanging,Adjective,1,Step 1: SUBTLEX-UK,unchanging,False,unchanging
unchartered,unchartere,VERB,unchartered,unchartered,Adjective,1,Step 1: SUBTLEX-UK,unchartered,False,unchartered
unclassified,unclassifie,VERB,unclassified,unclassified,Adjective,1,Step 1: SUBTLEX-UK,unclassified,False,unclassified
unclenched,unclenched,ADJ,unclenched,unclench,,1,Step 1: SUBTLEX-UK,unclench,False,unclench
unclimbed,unclimbe,VERB,unclimbed,unclimbed,,1,Step 1: SUBTLEX-UK,unclimbed,False,unclimbed
unclipped,unclippe,VERB,unclipped,unclipped,Adjective,1,Step 1: SUBTLEX-UK,unclipped,False,unclipped
unclogged,unclog,VERB,unclogged,unclogged,,1,Step 1: SUBTLEX-UK,unclogged,False,unclogged
unclothed,unclothe,VERB,unclothed,unclothed,,1,Step 1: SUBTLEX-UK,unclothed,False,unclothed
uncluttered,unclutter,VERB,uncluttered,uncluttered,Adjective,1,Step 1: SUBTLEX-UK,uncluttered,False,uncluttered
uncoiled,uncoiled,ADJ,uncoiled,uncoil,,1,Step 1: SUBTLEX-UK,uncoil,False,uncoil
uncollected,uncollecte,VERB,uncollected,uncollected,Adjective,1,Step 1: SUBTLEX-UK,uncollected,False,uncollected
uncoloured,uncoloure,VERB,uncoloured,uncoloured,,1,Step 1: SUBTLEX-UK,uncoloured,False,uncoloured
uncombed,uncombe,VERB,,,Adjective,2,Step 2: SUBTLEX-US + NLTK,uncombed,False,uncombed
uncomplaining,uncomplaine,VERB,uncomplaining,uncomplaining,Verb,1,Step 1: SUBTLEX-UK,uncomplaining,False,uncomplaining
uncompounded,uncompounde,VERB,,,Adjective,2,Step 2: SUBTLEX-US + NLTK,uncompounded,False,uncompounded
uncomprehending,uncomprehende,VERB,uncomprehending,uncomprehending,Adjective,1,Step 1: SUBTLEX-UK,uncomprehending,False,uncomprehending
uncompromising,uncompromise,VERB,uncompromising,uncompromising,Adjective,1,Step 1: SUBTLEX-UK,uncompromising,False,uncompromising
unconcerned,unconcerne,VERB,unconcerned,unconcerned,Adjective,1,Step 1: SUBTLEX-UK,unconcerned,False,unconcerned
unconditioned,unconditione,VERB,unconditioned,unconditioned,Adjective,1,Step 1: SUBTLEX-UK,unconditioned,False,unconditioned
unconfined,unconfine,VERB,unconfined,unconfined,Adjective,1,Step 1: SUBTLEX-UK,unconfined,False,unconfined
unconfirmed,unconfirme,VERB,unconfirmed,unconfirmed,Adjective,1,Step 1: SUBTLEX-UK,unconfirmed,False,unconfirmed
unconfused,unconfuse,VERB,,,Adjective,2,Step 2: SUBTLEX-US + NLTK,unconfused,False,unconfused
unconquered,unconquere,VERB,unconquered,unconquered,Adjective,1,Step 1: SUBTLEX-UK,unconquered,False,unconquered
unconsecrated,unconsecrate,VERB,unconsecrated,unconsecrated,Adjective,1,Step 1: SUBTLEX-UK,unconsecrated,False,unconsecrated
unconsidered,unconsidere,VERB,unconsidered,unconsidered,,1,Step 1: SUBTLEX-UK,unconsidered,False,unconsidered
unconstrained,unconstraine,VERB,unconstrained,unconstrained,Adjective,1,Step 1: SUBTLEX-UK,unconstrained,False,unconstrained
unconsummated,unconsummate,VERB,unconsummated,unconsummated,Adjective,1,Step 1: SUBTLEX-UK,unconsummated,False,unconsummated
uncontained,uncontaine,VERB,uncontained,uncontained,Adjective,1,Step 1: SUBTLEX-UK,uncontained,False,uncontained
uncontaminated,uncontaminate,VERB,uncontaminated,uncontaminated,Adjective,1,Step 1: SUBTLEX-UK,uncontaminated,False,uncontaminated
uncontrolled,uncontrolle,VERB,uncontrolled,uncontrolled,Adjective,1,Step 1: SUBTLEX-UK,uncontrolled,False,uncontrolled
uncoordinated,uncoordinate,VERB,uncoordinated,uncoordinated,Adjective,1,Step 1: SUBTLEX-UK,uncoordinated,False,uncoordinated
uncorrected,uncorrecte,VERB,uncorrected,uncorrected,Adjective,1,Step 1: SUBTLEX-UK,uncorrected,False,uncorrected
uncounted,uncounte,VERB,uncounted,uncounted,Adjective,1,Step 1: SUBTLEX-UK,uncounted,False,uncounted
uncoupled,uncouple,VERB,uncoupled,uncoupled,Adjective,1,Step 1: SUBTLEX-UK,uncoupled,False,uncoupled
uncrushed,uncrushe,VERB,,,Adjective,2,Step 2: SUBTLEX-US + NLTK,uncrushed,False,uncrushed
uncultured,unculture,VERB,uncultured,uncultured,Adjective,1,Step 1: SUBTLEX-UK,uncultured,False,uncultured
undefended,undefende,VERB,undefended,undefended,Adjective,1,Step 1: SUBTLEX-UK,undefended,False,undefended
undefined,undefine,VERB,undefined,undefined,Adjective,1,Step 1: SUBTLEX-UK,undefined,False,undefined
undemanding,undemande,VERB,undemanding,undemanding,Adjective,1,Step 1: SUBTLEX-UK,undemanding,False,undemanding
underappreciated,underappreciated,ADJ,underappreciated,underappreciate,Adjective,1,Step 1: SUBTLEX-UK,underappreciate,False,underappreciate
underclothes,underclothe,NOUN,underclothes,underclothes,Noun,1,Step 1: SUBTLEX-UK,underclothes,False,underclothes
underclothing,underclothe,VERB,underclothing,underclothing,Noun,1,Step 1: SUBTLEX-UK,underclothing,False,underclothing
undercoating,undercoat,VERB,,,Noun,2,Step 2: SUBTLEX-US + NLTK,undercoating,False,undercoating
undercooked,undercooke,VERB,undercooked,undercooked,Adjective,1,Step 1: SUBTLEX-UK,undercooked,False,undercooked
underdressed,underdress,VERB,underdressed,underdressed,Adjective,1,Step 1: SUBTLEX-UK,underdressed,False,underdressed
undereducated,undereducate,VERB,undereducated,undereducated,,1,Step 1: SUBTLEX-UK,undereducated,False,undereducated
underexposed,underexpose,VERB,underexposed,underexposed,Adjective,1,Step 1: SUBTLEX-UK,underexposed,False,underexposed
underfunded,underfunde,VERB,underfunded,underfund,Adjective,1,Step 1: SUBTLEX-UK,underfund,False,underfund
undergoes,undergoe,NOUN,undergoes,undergo,Verb,1,Step 1: SUBTLEX-UK,undergo,False,undergo
undergone,undergone,ADJ,undergone,undergo,Verb,1,Step 1: SUBTLEX-UK,undergo,False,undergo
underhanded,underhande,VERB,underhanded,underhanded,Adjective,1,Step 1: SUBTLEX-UK,underhanded,False,underhanded
underling,underle,VERB,underling,underling,Noun,1,Step 1: SUBTLEX-UK,underling,False,underling
underlining,underlining,ADJ,underlining,underline,Verb,1,Step 1: SUBTLEX-UK,underline,False,underline
undermanned,undermanne,VERB,undermanned,underman,Adjective,1,Step 1: SUBTLEX-UK,underman,False,underman
undernourished,undernourished,ADJ,undernourished,undernourish,Adjective,1,Step 1: SUBTLEX-UK,undernourish,False,undernourish
underpants,underpant,NOUN,underpants,underpants,Noun,1,Step 1: SUBTLEX-UK,underpants,False,underpants
underpinned,underpinned,ADJ,underpinned,underpin,,1,Step 1: SUBTLEX-UK,underpin,False,underpin
underpinning,underpin,VERB,underpinning,underpinning,Verb,1,Step 1: SUBTLEX-UK,underpinning,False,underpinning
underplayed,underplayed,ADJ,underplayed,underplay,Verb,1,Step 1: SUBTLEX-UK,underplay,False,underplay
underprepared,underprepare,VERB,underprepared,underprepared,Adjective,1,Step 1: SUBTLEX-UK,underprepared,False,underprepared
underprivileged,underprivilege,VERB,underprivileged,underprivileged,Adjective,1,Step 1: SUBTLEX-UK,underprivileged,False,underprivileged
underrated,underrate,VERB,underrated,underrated,Adjective,1,Step 1: SUBTLEX-UK,underrated,False,underrated
underreporting,underreporte,VERB,underreporting,underreport,,1,Step 1: SUBTLEX-UK,underreport,False,underreport
underrepresented,underrepresented,ADJ,underrepresented,underrepresent,,1,Step 1: SUBTLEX-UK,underrepresent,False,underrepresent
undershot,undershot,NOUN,undershot,undershoot,,1,Step 1: SUBTLEX-UK,undershoot,False,undershoot
undersigned,undersigned,ADJ,undersigned,undersign,Adjective,1,Step 1: SUBTLEX-UK,undersign,False,undersign
undersized,undersized,ADJ,undersized,undersize,Adjective,1,Step 1: SUBTLEX-UK,undersize,False,undersize
undersold,undersold,NOUN,undersold,undersell,Verb,1,Step 1: SUBTLEX-UK,undersell,False,undersell
understaffed,understaffe,VERB,understaffed,understaff,Adjective,1,Step 1: SUBTLEX-UK,understaff,False,understaff
understanding,understand,VERB,understanding,understanding,Noun,1,Step 1: SUBTLEX-UK,understanding,False,understanding
undertaking,undertake,VERB,undertaking,undertaking,Noun,1,Step 1: SUBTLEX-UK,undertaking,False,undertaking
underutilized,underutilize,VERB,,,Adjective,2,Step 2: SUBTLEX-US + NLTK,underutilized,False,underutilized
underwent,underwent,NOUN,underwent,undergo,Verb,1,Step 1: SUBTLEX-UK,undergo,False,undergo
underwhelmed,underwhelme,VERB,underwhelmed,underwhelm,Adjective,1,Step 1: SUBTLEX-UK,underwhelm,False,underwhelm
underwriting,underwrite,VERB,underwriting,underwriting,Noun,1,Step 1: SUBTLEX-UK,underwriting,False,underwriting
underwritten,underwritten,VERB,underwritten,underwrite,Verb,1,Step 1: SUBTLEX-UK,underwrite,False,underwrite
underwrote,underwrote,NOUN,underwrote,underwrite,,1,Step 1: SUBTLEX-UK,underwrite,False,underwrite
undeserving,undeserve,VERB,undeserving,undeserving,Verb,1,Step 1: SUBTLEX-UK,undeserving,False,undeserving
undetected,undetecte,VERB,undetected,undetected,Adjective,1,Step 1: SUBTLEX-UK,undetected,False,undetected
undiagnosed,undiagnose,VERB,undiagnosed,undiagnosed,Adjective,1,Step 1: SUBTLEX-UK,undiagnosed,False,undiagnosed
undies,undie,VERB,undies,undies,Noun,1,Step 1: SUBTLEX-UK,undies,False,undies
undigested,undigeste,VERB,undigested,undigested,Adjective,1,Step 1: SUBTLEX-UK,undigested,False,undigested
undignified,undignifie,VERB,undignified,undignified,Adjective,1,Step 1: SUBTLEX-UK,undignified,False,undignified
undiminished,undiminishe,VERB,undiminished,undiminished,Adjective,1,Step 1: SUBTLEX-UK,undiminished,False,undiminished
undirected,undirecte,VERB,undirected,undirected,Adjective,1,Step 1: SUBTLEX-UK,undirected,False,undirected
undisciplined,undiscipline,VERB,undisciplined,undisciplined,Adjective,1,Step 1: SUBTLEX-UK,undisciplined,False,undisciplined
undisguised,undisguise,VERB,undisguised,undisguised,Adjective,1,Step 1: SUBTLEX-UK,undisguised,False,undisguised
undismayed,undismaye,VERB,undismayed,undismayed,,1,Step 1: SUBTLEX-UK,undismayed,False,undismayed
undisputed,undispute,VERB,undisputed,undisputed,Adjective,1,Step 1: SUBTLEX-UK,undisputed,False,undisputed
undistracted,undistracte,VERB,,,Adjective,2,Step 2: SUBTLEX-US + NLTK,undistracted,False,undistracted
undoes,undoe,NOUN,undoes,undo,Verb,1,Step 1: SUBTLEX-UK,undo,False,undo
undoing,undo,VERB,undoing,undoing,Noun,1,Step 1: SUBTLEX-UK,undoing,False,undoing
undomesticated,undomesticate,VERB,undomesticated,undomesticated,Adjective,1,Step 1: SUBTLEX-UK,undomesticated,False,undomesticated
undressed,undress,VERB,undressed,undressed,Adjective,1,Step 1: SUBTLEX-UK,undressed,False,undressed
undressing,undress,VERB,undressing,undressing,Verb,1,Step 1: SUBTLEX-UK,undressing,False,undressing
undulated,undulate,VERB,undulated,undulated,Verb,1,Step 1: SUBTLEX-UK,undulated,False,undulated
undulating,undulate,VERB,undulating,undulating,Adjective,1,Step 1: SUBTLEX-UK,undulating,False,undulating
unearthing,unearth,VERB,unearthing,unearthing,Verb,1,Step 1: SUBTLEX-UK,unearthing,False,unearthing
unedifying,unedifye,VERB,unedifying,unedifying,,1,Step 1: SUBTLEX-UK,unedifying,False,unedifying
unelected,unelecte,VERB,unelected,unelected,Adjective,1,Step 1: SUBTLEX-UK,unelected,False,unelected
unemployed,unemploye,VERB,unemployed,unemployed,Adjective,1,Step 1: SUBTLEX-UK,unemployed,False,unemployed
unenclosed,unenclose,VERB,unenclosed,unenclosed,Adjective,1,Step 1: SUBTLEX-UK,unenclosed,False,unenclosed
unending,unende,VERB,unending,unending,Adjective,1,Step 1: SUBTLEX-UK,unending,False,unending
unenlightening,unenlightene,VERB,,,Adjective,2,Step 2: SUBTLEX-US + NLTK,unenlightening,False,unenlightening
unenthused,unenthuse,VERB,,,Adjective,2,Step 2: SUBTLEX-US + NLTK,unenthused,False,unenthused
unequaled,unequale,VERB,,,Adjective,2,Step 2: SUBTLEX-US + NLTK,unequaled,False,unequaled
unequalled,unequalle,VERB,unequalled,unequalled,Adjective,1,Step 1: SUBTLEX-UK,unequalled,False,unequalled
unequipped,unequippe,VERB,unequipped,unequipped,Adjective,1,Step 1: SUBTLEX-UK,unequipped,False,unequipped
unerring,unerre,VERB,unerring,unerring,Adjective,1,Step 1: SUBTLEX-UK,unerring,False,unerring
unexcavated,unexcavate,VERB,unexcavated,unexcavated,,1,Step 1: SUBTLEX-UK,unexcavated,False,unexcavated
unexcelled,unexcelle,VERB,unexcelled,unexcelled,Adjective,1,Step 1: SUBTLEX-UK,unexcelled,False,unexcelled
unexcited,unexcite,VERB,unexcited,unexcited,,1,Step 1: SUBTLEX-UK,unexcited,False,unexcited
unexciting,unexcite,VERB,unexciting,unexciting,Adjective,1,Step 1: SUBTLEX-UK,unexciting,False,unexciting
unexcused,unexcuse,VERB,,,Adjective,2,Step 2: SUBTLEX-US + NLTK,unexcused,False,unexcused
unexplained,unexplaine,VERB,unexplained,unexplained,Adjective,1,Step 1: SUBTLEX-UK,unexplained,False,unexplained
unexploited,unexploite,VERB,unexploited,unexploited,Adjective,1,Step 1: SUBTLEX-UK,unexploited,False,unexploited
unexposed,unexpose,VERB,unexposed,unexposed,Adjective,1,Step 1: SUBTLEX-UK,unexposed,False,unexposed
unfailing,unfaile,VERB,unfailing,unfailing,Adjective,1,Step 1: SUBTLEX-UK,unfailing,False,unfailing
unfaltering,unfaltere,VERB,unfaltering,unfaltering,,1,Step 1: SUBTLEX-UK,unfaltering,False,unfaltering
unfazed,unfaze,VERB,unfazed,unfazed,Adjective,1,Step 1: SUBTLEX-UK,unfazed,False,unfazed
unfed,unfe,VERB,unfed,unfed,Adjective,1,Step 1: SUBTLEX-UK,unfed,False,unfed
unfeeling,unfeele,VERB,unfeeling,unfeeling,Adjective,1,Step 1: SUBTLEX-UK,unfeeling,False,unfeeling
unfenced,unfence,VERB,unfenced,unfenced,,1,Step 1: SUBTLEX-UK,unfenced,False,unfenced
unfermented,unfermente,VERB,unfermented,unfermented,,1,Step 1: SUBTLEX-UK,unfermented,False,unfermented
unfertilized,unfertilize,VERB,,,Adjective,2,Step 2: SUBTLEX-US + NLTK,unfertilized,False,unfertilized
unfettered,unfettere,VERB,unfettered,unfettered,Adjective,1,Step 1: SUBTLEX-UK,unfettered,False,unfettered
unfiltered,unfiltere,VERB,unfiltered,unfiltered,Adjective,1,Step 1: SUBTLEX-UK,unfiltered,False,unfiltered
unfitted,unfit,VERB,unfitted,unfitted,,1,Step 1: SUBTLEX-UK,unfitted,False,unfitted
unfitting,unfit,VERB,unfitting,unfitting,Adjective,1,Step 1: SUBTLEX-UK,unfitting,False,unfitting
unflagging,unflagge,VERB,unflagging,unflagging,Verb,1,Step 1: SUBTLEX-UK,unflagging,False,unflagging
unflattering,unflattere,VERB,unflattering,unflattering,Adjective,1,Step 1: SUBTLEX-UK,unflattering,False,unflattering
unflinching,unflinche,VERB,unflinching,unflinching,Adjective,1,Step 1: SUBTLEX-UK,unflinching,False,unflinching
unflustered,unflustere,VERB,unflustered,unflustered,,1,Step 1: SUBTLEX-UK,unflustered,False,unflustered
unforced,unforce,VERB,unforced,unforced,Adjective,1,Step 1: SUBTLEX-UK,unforced,False,unforced
unforgiving,unforgive,VERB,unforgiving,unforgiving,Adjective,1,Step 1: SUBTLEX-UK,unforgiving,False,unforgiving
unformed,unforme,VERB,unformed,unformed,Adjective,1,Step 1: SUBTLEX-UK,unformed,False,unformed
unfounded,unfounde,VERB,unfounded,unfounded,Adjective,1,Step 1: SUBTLEX-UK,unfounded,False,unfounded
unframed,unframe,VERB,unframed,unframed,,1,Step 1: SUBTLEX-UK,unframed,False,unframed
unfrocked,unfrock,VERB,,,Adjective,2,Step 2: SUBTLEX-US + NLTK,unfrocked,False,unfrocked
unfulfilling,unfulfille,VERB,unfulfilling,unfulfilling,Verb,1,Step 1: SUBTLEX-UK,unfulfilling,False,unfulfilling
unfurnished,unfurnishe,VERB,unfurnished,unfurnished,Adjective,1,Step 1: SUBTLEX-UK,unfurnished,False,unfurnished
unglazed,unglaze,VERB,unglazed,unglazed,,1,Step 1: SUBTLEX-UK,unglazed,False,unglazed
ungloved,unglove,VERB,ungloved,ungloved,,1,Step 1: SUBTLEX-UK,ungloved,False,ungloved
unglued,unglue,VERB,unglued,unglued,Adjective,1,Step 1: SUBTLEX-UK,unglued,False,unglued
ungoverned,ungoverne,VERB,ungoverned,ungoverned,Adjective,1,Step 1: SUBTLEX-UK,ungoverned,False,ungoverned
ungraded,ungrade,VERB,ungraded,ungraded,Adjective,1,Step 1: SUBTLEX-UK,ungraded,False,ungraded
ungrounded,ungrounde,VERB,ungrounded,ungrounded,Adjective,1,Step 1: SUBTLEX-UK,ungrounded,False,ungrounded
unguarded,unguarde,VERB,unguarded,unguarded,Adjective,1,Step 1: SUBTLEX-UK,unguarded,False,unguarded
unhallowed,unhallow,VERB,unhallowed,unhallowed,Adjective,1,Step 1: SUBTLEX-UK,unhallowed,False,unhallowed
unhampered,unhampere,VERB,unhampered,unhampered,,1,Step 1: SUBTLEX-UK,unhampered,False,unhampered
unhanded,unhand,VERB,,,Adjective,2,Step 2: SUBTLEX-US + NLTK,unhanded,False,unhanded
unhandled,unhandle,VERB,unhandled,unhandled,,1,Step 1: SUBTLEX-UK,unhandled,False,unhandled
unhappier,unhappy,ADJ,unhappier,unhappier,Adjective,1,Step 1: SUBTLEX-UK,unhappier,False,unhappier
unharnessed,unharness,VERB,,,Adjective,2,Step 2: SUBTLEX-US + NLTK,unharnessed,False,unharnessed
unheated,unheate,VERB,unheated,unheated,Adjective,1,Step 1: SUBTLEX-UK,unheated,False,unheated
unheralded,unheralde,VERB,unheralded,unheralded,,1,Step 1: SUBTLEX-UK,unheralded,False,unheralded
unhooked,unhooked,ADJ,unhooked,unhook,Verb,1,Step 1: SUBTLEX-UK,unhook,False,unhook
unifies,unifie,NOUN,unifies,unify,Verb,1,Step 1: SUBTLEX-UK,unify,False,unify
uniformed,uniform,VERB,uniformed,uniformed,Adjective,1,Step 1: SUBTLEX-UK,uniformed,False,uniformed
unifying,unify,VERB,unifying,unifying,Adjective,1,Step 1: SUBTLEX-UK,unifying,False,unifying
unimpaired,unimpaire,VERB,unimpaired,unimpaired,Adjective,1,Step 1: SUBTLEX-UK,unimpaired,False,unimpaired
unimpeded,unimpede,VERB,unimpeded,unimpeded,Adjective,1,Step 1: SUBTLEX-UK,unimpeded,False,unimpeded
unincorporated,unincorporate,VERB,unincorporated,unincorporated,,1,Step 1: SUBTLEX-UK,unincorporated,False,unincorporated
uninfected,uninfecte,VERB,uninfected,uninfected,Adjective,1,Step 1: SUBTLEX-UK,uninfected,False,uninfected
uninformed,uninforme,VERB,uninformed,uninformed,Adjective,1,Step 1: SUBTLEX-UK,uninformed,False,uninformed
uninhibited,uninhibite,VERB,uninhibited,uninhibited,Adjective,1,Step 1: SUBTLEX-UK,uninhibited,False,uninhibited
uninspected,uninspecte,VERB,,,Adjective,2,Step 2: SUBTLEX-US + NLTK,uninspected,False,uninspected
uninspiring,uninspire,VERB,uninspiring,uninspiring,Adjective,1,Step 1: SUBTLEX-UK,uninspiring,False,uninspiring
unintended,unintende,VERB,unintended,unintended,Adjective,1,Step 1: SUBTLEX-UK,unintended,False,unintended
uninteresting,unintereste,VERB,uninteresting,uninteresting,Adjective,1,Step 1: SUBTLEX-UK,uninteresting,False,uninteresting
uninviting,uninvite,VERB,uninviting,uninviting,Adjective,1,Step 1: SUBTLEX-UK,uninviting,False,uninviting
unkindest,unkind,ADJ,unkindest,unkindest,Adjective,1,Step 1: SUBTLEX-UK,unkindest,False,unkindest
unknotted,unknotte,VERB,unknotted,unknotted,,1,Step 1: SUBTLEX-UK,unknotted,False,unknotted
unknowing,unknowe,VERB,unknowing,unknowing,Adjective,1,Step 1: SUBTLEX-UK,unknowing,False,unknowing
unleaded,unleade,VERB,unleaded,unleaded,Adjective,1,Step 1: SUBTLEX-UK,unleaded,False,unleaded
unlearned,unlearn,VERB,unlearned,unlearned,,1,Step 1: SUBTLEX-UK,unlearned,False,unlearned
unlearning,unlearn,VERB,unlearning,unlearning,Verb,1,Step 1: SUBTLEX-UK,unlearning,False,unlearning
unleashed,unleashed,ADJ,unleashed,unleash,Verb,1,Step 1: SUBTLEX-UK,unleash,False,unleash
unleavened,unleavene,VERB,unleavened,unleavened,Adjective,1,Step 1: SUBTLEX-UK,unleavened,False,unleavened
unlettered,unlettere,VERB,unlettered,unlettered,,1,Step 1: SUBTLEX-UK,unlettered,False,unlettered
unlighted,unlighte,VERB,,,Adjective,2,Step 2: SUBTLEX-US + NLTK,unlighted,False,unlighted
unlived,unlive,VERB,unlived,unlived,Adjective,1,Step 1: SUBTLEX-UK,unlived,False,unlived
unloaded,unload,VERB,unloaded,unloaded,Verb,1,Step 1: SUBTLEX-UK,unloaded,False,unloaded
unlocked,unlocked,ADJ,unlocked,unlock,Verb,1,Step 1: SUBTLEX-UK,unlock,False,unlock
unloved,unlove,VERB,unloved,unloved,Adjective,1,Step 1: SUBTLEX-UK,unloved,False,unloved
unloving,unlove,VERB,unloving,unloving,Adjective,1,Step 1: SUBTLEX-UK,unloving,False,unloving
unmaintained,unmaintaine,VERB,unmaintained,unmaintained,,1,Step 1: SUBTLEX-UK,unmaintained,False,unmaintained
unmanaged,unmanage,VERB,unmanaged,unmanaged,,1,Step 1: SUBTLEX-UK,unmanaged,False,unmanaged
unmapped,unmappe,VERB,unmapped,unmapped,Adjective,1,Step 1: SUBTLEX-UK,unmapped,False,unmapped
unmarked,unmarke,VERB,unmarked,unmarked,Adjective,1,Step 1: SUBTLEX-UK,unmarked,False,unmarked
unmentioned,unmentione,VERB,unmentioned,unmentioned,Adjective,1,Step 1: SUBTLEX-UK,unmentioned,False,unmentioned
unmixed,unmixe,VERB,unmixed,unmixed,Adjective,1,Step 1: SUBTLEX-UK,unmixed,False,unmixed
unmolested,unmoleste,VERB,unmolested,unmolested,Adjective,1,Step 1: SUBTLEX-UK,unmolested,False,unmolested
unmoved,unmove,VERB,unmoved,unmoved,,1,Step 1: SUBTLEX-UK,unmoved,False,unmoved
unmoving,unmove,VERB,unmoving,unmoving,Adjective,1,Step 1: SUBTLEX-UK,unmoving,False,unmoving
unneeded,unneede,VERB,unneeded,unneeded,Adjective,1,Step 1: SUBTLEX-UK,unneeded,False,unneeded
unnerving,unnerve,VERB,unnerving,unnerving,Verb,1,Step 1: SUBTLEX-UK,unnerving,False,unnerving
unnumbered,unnumbere,VERB,unnumbered,unnumbered,Adjective,1,Step 1: SUBTLEX-UK,unnumbered,False,unnumbered
UNO'S,uno's,VERB,,,,3,Step 3: spaCy fallback,uno's,True,UNO'S
unobserved,unobserve,VERB,unobserved,unobserved,Adjective,1,Step 1: SUBTLEX-UK,unobserved,False,unobserved
unobstructed,unobstructe,VERB,unobstructed,unobstructed,Adjective,1,Step 1: SUBTLEX-UK,unobstructed,False,unobstructed
unorganized,unorganize,VERB,,,Adjective,2,Step 2: SUBTLEX-US + NLTK,unorganized,False,unorganized
unpatrolled,unpatrolle,VERB,,,Adjective,2,Step 2: SUBTLEX-US + NLTK,unpatrolled,False,unpatrolled
unpaved,unpave,VERB,unpaved,unpaved,Adjective,1,Step 1: SUBTLEX-UK,unpaved,False,unpaved
unpeeled,unpeele,VERB,unpeeled,unpeeled,Adjective,1,Step 1: SUBTLEX-UK,unpeeled,False,unpeeled
unperturbed,unperturbe,VERB,unperturbed,unperturbed,Adjective,1,Step 1: SUBTLEX-UK,unperturbed,False,unperturbed
unplaced,unplace,VERB,unplaced,unplaced,,1,Step 1: SUBTLEX-UK,unplaced,False,unplaced
unplanned,unplanne,VERB,unplanned,unplanned,Adjective,1,Step 1: SUBTLEX-UK,unplanned,False,unplanned
unpleased,unplease,VERB,unpleased,unpleased,,1,Step 1: SUBTLEX-UK,unpleased,False,unpleased
unpleasing,unplease,VERB,unpleasing,unpleasing,Adjective,1,Step 1: SUBTLEX-UK,unpleasing,False,unpleasing
unplumbed,unplumbe,VERB,unplumbed,unplumbed,,1,Step 1: SUBTLEX-UK,unplumbed,False,unplumbed
unpolluted,unpollute,VERB,unpolluted,unpolluted,Adjective,1,Step 1: SUBTLEX-UK,unpolluted,False,unpolluted
unpopulated,unpopulate,VERB,unpopulated,unpopulated,Adjective,1,Step 1: SUBTLEX-UK,unpopulated,False,unpopulated
unpractised,unpractise,VERB,unpractised,unpractised,Adjective,1,Step 1: SUBTLEX-UK,unpractised,False,unpractised
unpremeditated,unpremeditate,VERB,,,Adjective,2,Step 2: SUBTLEX-US + NLTK,unpremeditated,False,unpremeditated
unprepossessing,unprepossesse,VERB,unprepossessing,unprepossessing,Adjective,1,Step 1: SUBTLEX-UK,unprepossessing,False,unprepossessing
unpreserved,unpreserve,VERB,,,Adjective,2,Step 2: SUBTLEX-US + NLTK,unpreserved,False,unpreserved
unpretending,unpretende,VERB,,,Adjective,2,Step 2: SUBTLEX-US + NLTK,unpretending,False,unpretending
unprimed,unprime,VERB,unprimed,unprimed,,1,Step 1: SUBTLEX-UK,unprimed,False,unprimed
unprincipled,unprinciple,VERB,unprincipled,unprincipled,Adjective,1,Step 1: SUBTLEX-UK,unprincipled,False,unprincipled
unprivileged,unprivilege,VERB,unprivileged,unprivileged,,1,Step 1: SUBTLEX-UK,unprivileged,False,unprivileged
unpromising,unpromise,VERB,unpromising,unpromising,Adjective,1,Step 1: SUBTLEX-UK,unpromising,False,unpromising
unprompted,unprompte,VERB,unprompted,unprompted,Adjective,1,Step 1: SUBTLEX-UK,unprompted,False,unprompted
unprotected,unprotecte,VERB,unprotected,unprotected,Adjective,1,Step 1: SUBTLEX-UK,unprotected,False,unprotected
unproved,unprove,VERB,unproved,unproved,Adjective,1,Step 1: SUBTLEX-UK,unproved,False,unproved
unquestioned,unquestione,VERB,unquestioned,unquestioned,Adjective,1,Step 1: SUBTLEX-UK,unquestioned,False,unquestioned
unquestioning,unquestione,VERB,unquestioning,unquestioning,Adjective,1,Step 1: SUBTLEX-UK,unquestioning,False,unquestioning
unranked,unranke,VERB,,,Adjective,2,Step 2: SUBTLEX-US + NLTK,unranked,False,unranked
unraveling,unravel,VERB,unraveling,unraveling,Verb,1,Step 1: SUBTLEX-UK,unraveling,False,unraveling
unravelled,unravel,VERB,unravelled,unravelled,Verb,1,Step 1: SUBTLEX-UK,unravelled,False,unravelled
unravelling,unravel,VERB,unravelling,unravelling,Verb,1,Step 1: SUBTLEX-UK,unravelling,False,unravelling
unravels,unravels,PROPN,unravels,unravel,Verb,1,Step 1: SUBTLEX-UK,unravel,False,unravel
unrealized,unrealize,VERB,,,Adjective,2,Step 2: SUBTLEX-US + NLTK,unrealized,False,unrealized
unreasoned,unreasone,VERB,,,Adjective,2,Step 2: SUBTLEX-US + NLTK,unreasoned,False,unreasoned
unreasoning,unreasone,VERB,unreasoning,unreasoning,Adjective,1,Step 1: SUBTLEX-UK,unreasoning,False,unreasoning
unreciprocated,unreciprocate,VERB,unreciprocated,unreciprocated,,1,Step 1: SUBTLEX-UK,unreciprocated,False,unreciprocated
unrecognized,unrecognize,VERB,,,Adjective,2,Step 2: SUBTLEX-US + NLTK,unrecognized,False,unrecognized
unreconstructed,unreconstructe,VERB,unreconstructed,unreconstructed,Adjective,1,Step 1: SUBTLEX-UK,unreconstructed,False,unreconstructed
unrecorded,unrecorde,VERB,unrecorded,unrecorded,Adjective,1,Step 1: SUBTLEX-UK,unrecorded,False,unrecorded
unrecovered,unrecovere,VERB,,,Adjective,2,Step 2: SUBTLEX-US + NLTK,unrecovered,False,unrecovered
unredeemed,unredeeme,VERB,unredeemed,unredeemed,Adjective,1,Step 1: SUBTLEX-UK,unredeemed,False,unredeemed
unrefined,unrefine,VERB,unrefined,unrefined,Adjective,1,Step 1: SUBTLEX-UK,unrefined,False,unrefined
unrefrigerated,unrefrigerate,VERB,,,Adjective,2,Step 2: SUBTLEX-US + NLTK,unrefrigerated,False,unrefrigerated
unregistered,unregistere,VERB,unregistered,unregistered,Adjective,1,Step 1: SUBTLEX-UK,unregistered,False,unregistered
unreleased,unrelease,VERB,unreleased,unreleased,Adjective,1,Step 1: SUBTLEX-UK,unreleased,False,unreleased
unrelieved,unrelieve,VERB,unrelieved,unrelieved,Adjective,1,Step 1: SUBTLEX-UK,unrelieved,False,unrelieved
unremarked,unremarke,VERB,unremarked,unremarked,Adjective,1,Step 1: SUBTLEX-UK,unremarked,False,unremarked
unremitting,unremitte,VERB,unremitting,unremitting,Adjective,1,Step 1: SUBTLEX-UK,unremitting,False,unremitting
unrepaired,unrepaire,VERB,unrepaired,unrepaired,Adjective,1,Step 1: SUBTLEX-UK,unrepaired,False,unrepaired
unreported,unreporte,VERB,unreported,unreported,Adjective,1,Step 1: SUBTLEX-UK,unreported,False,unreported
unrepresented,unrepresente,VERB,unrepresented,unrepresented,Adjective,1,Step 1: SUBTLEX-UK,unrepresented,False,unrepresented
unrequested,unrequeste,VERB,unrequested,unrequested,Adjective,1,Step 1: SUBTLEX-UK,unrequested,False,unrequested
unreserved,unreserve,VERB,unreserved,unreserved,,1,Step 1: SUBTLEX-UK,unreserved,False,unreserved
unresolved,unresolve,VERB,unresolved,unresolved,Adjective,1,Step 1: SUBTLEX-UK,unresolved,False,unresolved
unrestrained,unrestraine,VERB,unrestrained,unrestrained,Adjective,1,Step 1: SUBTLEX-UK,unrestrained,False,unrestrained
unreturned,unreturne,VERB,unreturned,unreturned,Adjective,1,Step 1: SUBTLEX-UK,unreturned,False,unreturned
unrevealed,unreveale,VERB,,,Adjective,2,Step 2: SUBTLEX-US + NLTK,unrevealed,False,unrevealed
unrevealing,unreveale,VERB,,,Adjective,2,Step 2: SUBTLEX-US + NLTK,unrevealing,False,unrevealing
unrewarded,unrewarde,VERB,unrewarded,unrewarded,Adjective,1,Step 1: SUBTLEX-UK,unrewarded,False,unrewarded
unrewarding,unrewarde,VERB,unrewarding,unrewarding,Adjective,1,Step 1: SUBTLEX-UK,unrewarding,False,unrewarding
unrivaled,unrivale,VERB,unrivaled,unrivaled,Adjective,1,Step 1: SUBTLEX-UK,unrivaled,False,unrivaled
unrivalled,unrivalle,VERB,unrivalled,unrivalled,Adjective,1,Step 1: SUBTLEX-UK,unrivalled,False,unrivalled
unrushed,unrushe,VERB,unrushed,unrushed,,1,Step 1: SUBTLEX-UK,unrushed,False,unrushed
unsaddled,unsaddle,VERB,,,Adjective,2,Step 2: SUBTLEX-US + NLTK,unsaddled,False,unsaddled
unsaddling,unsaddle,VERB,unsaddling,unsaddling,,1,Step 1: SUBTLEX-UK,unsaddling,False,unsaddling
unsalted,unsalte,VERB,unsalted,unsalted,Adjective,1,Step 1: SUBTLEX-UK,unsalted,False,unsalted
unsanctified,unsanctifie,VERB,,,Adjective,2,Step 2: SUBTLEX-US + NLTK,unsanctified,False,unsanctified
unsatisfied,unsatisfie,VERB,unsatisfied,unsatisfied,Adjective,1,Step 1: SUBTLEX-UK,unsatisfied,False,unsatisfied
unsatisfying,unsatisfye,VERB,unsatisfying,unsatisfying,Verb,1,Step 1: SUBTLEX-UK,unsatisfying,False,unsatisfying
unsaturated,unsaturate,VERB,unsaturated,unsaturated,Adjective,1,Step 1: SUBTLEX-UK,unsaturated,False,unsaturated
unsaved,unsave,VERB,unsaved,unsaved,Adjective,1,Step 1: SUBTLEX-UK,unsaved,False,unsaved
unscarred,unscarre,VERB,unscarred,unscarred,,1,Step 1: SUBTLEX-UK,unscarred,False,unscarred
unscented,unscente,VERB,,,Adjective,2,Step 2: SUBTLEX-US + NLTK,unscented,False,unscented
unscrambling,unscramble,VERB,unscrambling,unscrambling,Verb,1,Step 1: SUBTLEX-UK,unscrambling,False,unscrambling
unscratched,unscratche,VERB,unscratched,unscratched,,1,Step 1: SUBTLEX-UK,unscratched,False,unscratched
unscreened,unscreene,VERB,,,Adjective,2,Step 2: SUBTLEX-US + NLTK,unscreened,False,unscreened
unscrewed,unscrewed,ADJ,unscrewed,unscrew,Verb,1,Step 1: SUBTLEX-UK,unscrew,False,unscrew
unsealed,unseal,VERB,unsealed,unsealed,Verb,1,Step 1: SUBTLEX-UK,unsealed,False,unsealed
unsearched,unsearche,VERB,unsearched,unsearched,,1,Step 1: SUBTLEX-UK,unsearched,False,unsearched
unseasoned,unseasone,VERB,unseasoned,unseasoned,Adjective,1,Step 1: SUBTLEX-UK,unseasoned,False,unseasoned
unseated,unseat,VERB,unseated,unseated,Verb,1,Step 1: SUBTLEX-UK,unseated,False,unseated
unseating,unseat,VERB,unseating,unseating,,1,Step 1: SUBTLEX-UK,unseating,False,unseating
unseeing,unseee,VERB,unseeing,unseeing,Adjective,1,Step 1: SUBTLEX-UK,unseeing,False,unseeing
unsettled,unsettle,VERB,unsettled,unsettled,Verb,1,Step 1: SUBTLEX-UK,unsettled,False,unsettled
unsettling,unsettle,VERB,unsettling,unsettling,Verb,1,Step 1: SUBTLEX-UK,unsettling,False,unsettling
unshackled,unshackle,VERB,unshackled,unshackled,Adjective,1,Step 1: SUBTLEX-UK,unshackled,False,unshackled
unshaped,unshape,VERB,unshaped,unshaped,,1,Step 1: SUBTLEX-UK,unshaped,False,unshaped
unshaved,unshave,VERB,,,Adjective,2,Step 2: SUBTLEX-US + NLTK,unshaved,False,unshaved
unshielded,unshielde,VERB,,,Adjective,2,Step 2: SUBTLEX-US + NLTK,unshielded,False,unshielded
unskilled,unskille,VERB,unskilled,unskilled,Adjective,1,Step 1: SUBTLEX-UK,unskilled,False,unskilled
unsleeping,unsleepe,VERB,unsleeping,unsleeping,Adjective,1,Step 1: SUBTLEX-UK,unsleeping,False,unsleeping
unsliced,unslice,VERB,unsliced,unsliced,,1,Step 1: SUBTLEX-UK,unsliced,False,unsliced
unsmiling,unsmile,VERB,unsmiling,unsmiling,Adjective,1,Step 1: SUBTLEX-UK,unsmiling,False,unsmiling
unsoiled,unsoile,VERB,unsoiled,unsoiled,,1,Step 1: SUBTLEX-UK,unsoiled,False,unsoiled
unsolicited,unsolicite,VERB,unsolicited,unsolicited,Adjective,1,Step 1: SUBTLEX-UK,unsolicited,False,unsolicited
unsolved,unsolve,VERB,unsolved,unsolved,Adjective,1,Step 1: SUBTLEX-UK,unsolved,False,unsolved
unsophisticated,unsophisticate,VERB,unsophisticated,unsophisticated,Adjective,1,Step 1: SUBTLEX-UK,unsophisticated,False,unsophisticated
unsparing,unspare,VERB,unsparing,unsparing,Adjective,1,Step 1: SUBTLEX-UK,unsparing,False,unsparing
unspoiled,unspoile,VERB,unspoiled,unspoiled,Adjective,1,Step 1: SUBTLEX-UK,unspoiled,False,unspoiled
unsporting,unsporte,VERB,unsporting,unsporting,Verb,1,Step 1: SUBTLEX-UK,unsporting,False,unsporting
unspotted,unspotted,ADJ,unspotted,unspott,Adjective,1,Step 1: SUBTLEX-UK,unspott,False,unspott
unsprayed,unspraye,VERB,unsprayed,unsprayed,,1,Step 1: SUBTLEX-UK,unsprayed,False,unsprayed
unstaffed,unstaffe,VERB,unstaffed,unstaffed,,1,Step 1: SUBTLEX-UK,unstaffed,False,unstaffed
unstained,unstaine,VERB,unstained,unstained,Adjective,1,Step 1: SUBTLEX-UK,unstained,False,unstained
unstated,unstate,VERB,,,Adjective,2,Step 2: SUBTLEX-US + NLTK,unstated,False,unstated
unstirred,unstirre,VERB,unstirred,unstirred,,1,Step 1: SUBTLEX-UK,unstirred,False,unstirred
unstopped,unstop,VERB,,,Adjective,2,Step 2: SUBTLEX-US + NLTK,unstopped,False,unstopped
unstrapped,unstrappe,VERB,unstrapped,unstrapped,Adjective,1,Step 1: SUBTLEX-UK,unstrapped,False,unstrapped
unstring,unstre,VERB,,,Verb,2,Step 2: SUBTLEX-US + NLTK,unstring,False,unstring
unstructured,unstructure,VERB,unstructured,unstructured,Adjective,1,Step 1: SUBTLEX-UK,unstructured,False,unstructured
unsuited,unsuite,VERB,unsuited,unsuited,Adjective,1,Step 1: SUBTLEX-UK,unsuited,False,unsuited
unsullied,unsullie,VERB,unsullied,unsullied,Adjective,1,Step 1: SUBTLEX-UK,unsullied,False,unsullied
unsupervised,unsupervise,VERB,unsupervised,unsupervised,Adjective,1,Step 1: SUBTLEX-UK,unsupervised,False,unsupervised
unsurprised,unsurprise,VERB,unsurprised,unsurprised,,1,Step 1: SUBTLEX-UK,unsurprised,False,unsurprised
unsurprising,unsurprise,VERB,unsurprising,unsurprising,,1,Step 1: SUBTLEX-UK,unsurprising,False,unsurprising
unsweetened,unsweetene,VERB,unsweetened,unsweetened,Adjective,1,Step 1: SUBTLEX-UK,unsweetened,False,unsweetened
unswerving,unswerve,VERB,unswerving,unswerving,Adjective,1,Step 1: SUBTLEX-UK,unswerving,False,unswerving
untalented,untalente,VERB,untalented,untalented,Adjective,1,Step 1: SUBTLEX-UK,untalented,False,untalented
untamed,untame,VERB,untamed,untamed,Adjective,1,Step 1: SUBTLEX-UK,untamed,False,untamed
untangled,untangle,VERB,untangled,untangled,Adjective,1,Step 1: SUBTLEX-UK,untangled,False,untangled
untarnished,untarnishe,VERB,untarnished,untarnished,Adjective,1,Step 1: SUBTLEX-UK,untarnished,False,untarnished
untaxed,untaxe,VERB,untaxed,untaxed,Adjective,1,Step 1: SUBTLEX-UK,untaxed,False,untaxed
untenanted,untenante,VERB,untenanted,untenanted,,1,Step 1: SUBTLEX-UK,untenanted,False,untenanted
untended,untende,VERB,untended,untended,Adjective,1,Step 1: SUBTLEX-UK,untended,False,untended
unthawed,unthaw,VERB,,,Adjective,2,Step 2: SUBTLEX-US + NLTK,unthawed,False,unthawed
unthinking,unthinke,VERB,unthinking,unthinking,Adjective,1,Step 1: SUBTLEX-UK,unthinking,False,unthinking
unthreatened,unthreatened,ADJ,unthreatened,unthreaten,Adjective,1,Step 1: SUBTLEX-UK,unthreaten,False,unthreaten
untidier,untidy,ADJ,untidier,untidier,,1,Step 1: SUBTLEX-UK,untidier,False,untidier
untied,untie,VERB,untied,untied,Verb,1,Step 1: SUBTLEX-UK,untied,False,untied
untiring,untire,VERB,untiring,untiring,Adjective,1,Step 1: SUBTLEX-UK,untiring,False,untiring
untoasted,untoasted,ADJ,untoasted,untoast,,1,Step 1: SUBTLEX-UK,untoast,False,untoast
untouchables,untouchable,NOUN,untouchables,untouchables,Name,1,Step 1: SUBTLEX-UK,untouchables,False,untouchables
untrained,untraine,VERB,untrained,untrained,Adjective,1,Step 1: SUBTLEX-UK,untrained,False,untrained
untrammeled,untrammele,VERB,,,Adjective,2,Step 2: SUBTLEX-US + NLTK,untrammeled,False,untrammeled
untrimmed,untrimme,VERB,untrimmed,untrimmed,,1,Step 1: SUBTLEX-UK,untrimmed,False,untrimmed
untrusting,untruste,VERB,untrusting,untrusting,Verb,1,Step 1: SUBTLEX-UK,untrusting,False,untrusting
untutored,untutore,VERB,untutored,untutored,Adjective,1,Step 1: SUBTLEX-UK,untutored,False,untutored
untwined,untwine,VERB,,,Adjective,2,Step 2: SUBTLEX-US + NLTK,untwined,False,untwined
unuttered,unuttere,VERB,,,Adjective,2,Step 2: SUBTLEX-US + NLTK,unuttered,False,unuttered
unvaccinated,unvaccinate,VERB,unvaccinated,unvaccinated,,1,Step 1: SUBTLEX-UK,unvaccinated,False,unvaccinated
unvalued,unvalue,VERB,unvalued,unvalued,Adjective,1,Step 1: SUBTLEX-UK,unvalued,False,unvalued
unvanquished,unvanquishe,VERB,,,Adjective,2,Step 2: SUBTLEX-US + NLTK,unvanquished,False,unvanquished
unvarying,unvarye,VERB,unvarying,unvarying,,1,Step 1: SUBTLEX-UK,unvarying,False,unvarying
unveiling,unveil,VERB,unveiling,unveiling,Verb,1,Step 1: SUBTLEX-UK,unveiling,False,unveiling
unvented,unvente,VERB,,,Adjective,2,Step 2: SUBTLEX-US + NLTK,unvented,False,unvented
unverified,unverifie,VERB,unverified,unverified,Adjective,1,Step 1: SUBTLEX-UK,unverified,False,unverified
unversed,unverse,VERB,unversed,unversed,,1,Step 1: SUBTLEX-UK,unversed,False,unversed
unvisited,unvisite,VERB,unvisited,unvisited,,1,Step 1: SUBTLEX-UK,unvisited,False,unvisited
unwaivering,unwaivere,VERB,unwaivering,unwaiver,,1,Step 1: SUBTLEX-UK,unwaiver,False,unwaiver
unwarned,unwarne,VERB,,,Adjective,2,Step 2: SUBTLEX-US + NLTK,unwarned,False,unwarned
unwavering,unwavere,VERB,unwavering,unwavering,Adjective,1,Step 1: SUBTLEX-UK,unwavering,False,unwavering
unwed,unwe,VERB,unwed,unwed,Adjective,1,Step 1: SUBTLEX-UK,unwed,False,unwed
unwelcomed,unwelcome,VERB,unwelcomed,unwelcomed,Adjective,1,Step 1: SUBTLEX-UK,unwelcomed,False,unwelcomed
unwelcoming,unwelcome,VERB,unwelcoming,unwelcoming,Noun,1,Step 1: SUBTLEX-UK,unwelcoming,False,unwelcoming
unwired,unwire,VERB,,,Adjective,2,Step 2: SUBTLEX-US + NLTK,unwired,False,unwired
unwitting,unwitte,VERB,unwitting,unwitting,Adjective,1,Step 1: SUBTLEX-UK,unwitting,False,unwitting
unworried,unworrie,VERB,unworried,unworried,,1,Step 1: SUBTLEX-UK,unworried,False,unworried
unwrinkled,unwrinkle,VERB,,,Adjective,2,Step 2: SUBTLEX-US + NLTK,unwrinkled,False,unwrinkled
unyielding,unyielde,VERB,unyielding,unyielding,Adjective,1,Step 1: SUBTLEX-UK,unyielding,False,unyielding
unzipped,unzip,VERB,unzipped,unzipped,Verb,1,Step 1: SUBTLEX-UK,unzipped,False,unzipped
unzips,unzips,PROPN,unzips,unzip,Verb,1,Step 1: SUBTLEX-UK,unzip,False,unzip
upbraiding,upbraid,VERB,upbraiding,upbraiding,,1,Step 1: SUBTLEX-UK,upbraiding,False,upbraiding
upbringing,upbringe,VERB,upbringing,upbringing,Noun,1,Step 1: SUBTLEX-UK,upbringing,False,upbringing
upended,upended,ADJ,upended,upend,Verb,1,Step 1: SUBTLEX-UK,upend,False,upend
upholstered,upholstered,ADJ,upholstered,upholster,Verb,1,Step 1: SUBTLEX-UK,upholster,False,upholster
uplifted,uplift,VERB,uplifted,uplifted,Verb,1,Step 1: SUBTLEX-UK,uplifted,False,uplifted
uplifting,uplift,VERB,uplifting,uplifting,Adjective,1,Step 1: SUBTLEX-UK,uplifting,False,uplifting
upped,upped,ADJ,upped,up,Verb,1,Step 1: SUBTLEX-UK,up,False,up
upperclassmen,upperclassman,NOUN,,,Noun,2,Step 2: SUBTLEX-US + NLTK,upperclassmen,False,upperclassmen
uprising,uprise,VERB,uprising,uprising,Noun,1,Step 1: SUBTLEX-UK,uprising,False,uprising
upstaged,upstaged,ADJ,upstaged,upstage,Verb,1,Step 1: SUBTLEX-UK,upstage,False,upstage
upstanding,upstande,VERB,upstanding,upstand,Adjective,1,Step 1: SUBTLEX-UK,upstand,False,upstand
upswing,upswe,VERB,upswing,upswing,Noun,1,Step 1: SUBTLEX-UK,upswing,False,upswing
upwelling,upwelle,VERB,upwelling,upwelling,Noun,1,Step 1: SUBTLEX-UK,upwelling,False,upwelling
usurping,usurping,VERB,usurping,usurp,Verb,1,Step 1: SUBTLEX-UK,usurp,False,usurp
usurps,usurps,NOUN,,,Verb,2,Step 2: SUBTLEX-US + NLTK,usurp,False,usurp
uteri,uteri,ADJ,uteri,uterus,,1,Step 1: SUBTLEX-UK,uterus,False,uterus
utilitarians,utilitarian,NOUN,utilitarians,utilitarians,,1,Step 1: SUBTLEX-UK,utilitarians,False,utilitarians
vacillates,vacillates,PROPN,vacillates,vacillate,Verb,1,Step 1: SUBTLEX-UK,vacillate,False,vacillate
vaguest,vague,ADJ,vaguest,vaguest,Adjective,1,Step 1: SUBTLEX-UK,vaguest,False,vaguest
valentines,valentine,NOUN,valentines,valentines,Noun,1,Step 1: SUBTLEX-UK,valentines,False,valentines
VANCE'S,vance',NOUN,,,,3,Step 3: spaCy fallback,vance',True,VANCE'S
vanishes,vanishe,NOUN,vanishes,vanish,Verb,1,Step 1: SUBTLEX-UK,vanish,False,vanish
vanquishes,vanquishe,NOUN,vanquishes,vanquish,Verb,1,Step 1: SUBTLEX-UK,vanquish,False,vanquish
varicella,varicella,NOUN,varicella,varicellum,Noun,1,Step 1: SUBTLEX-UK,varicellum,False,varicellum
varied,vary,VERB,varied,varied,Adjective,1,Step 1: SUBTLEX-UK,varied,False,varied
vastest,vastest,NOUN,,,Adjective,2,Step 2: SUBTLEX-US + NLTK,vast,False,vast
vaulted,vault,VERB,vaulted,vaulted,Adjective,1,Step 1: SUBTLEX-UK,vaulted,False,vaulted
VEECK'S,veeck',NOUN,,,,3,Step 3: spaCy fallback,veeck',True,VEECK'S
veggies,veggie,NOUN,veggies,veggy,Noun,1,Step 1: SUBTLEX-UK,veggy,False,veggy
veining,vein,VERB,veining,veining,,1,Step 1: SUBTLEX-UK,veining,False,veining
velocipedes,velocipede,NOUN,,,Verb,2,Step 2: SUBTLEX-US + NLTK,velocipedes,False,velocipedes
veneering,veneer,VERB,veneering,veneering,,1,Step 1: SUBTLEX-UK,veneering,False,veneering
venging,venge,VERB,,,Adjective,2,Step 2: SUBTLEX-US + NLTK,venging,False,venging
verifies,verifie,NOUN,verifies,verify,Verb,1,Step 1: SUBTLEX-UK,verify,False,verify
verifying,verifying,NOUN,verifying,verify,Verb,1,Step 1: SUBTLEX-UK,verify,False,verify
VERLOOP'S,verloop's,NOUN,,,,3,Step 3: spaCy fallback,verloop's,True,VERLOOP'S
vermiculated,vermiculate,VERB,vermiculated,vermiculated,,1,Step 1: SUBTLEX-UK,vermiculated,False,vermiculated
Vermont's,vermont',NOUN,,,,3,Step 3: spaCy fallback,vermont',True,Vermont's
vernier,verni,ADJ,vernier,vernier,Noun,1,Step 1: SUBTLEX-UK,vernier,False,vernier
VERPLANCK'S,verplanck',NOUN,,,,3,Step 3: spaCy fallback,verplanck',True,VERPLANCK'S
verrucas,verrucas,PROPN,verrucas,verruca,,1,Step 1: SUBTLEX-UK,verruca,False,verruca
vertebrae,vertebrae,NOUN,vertebrae,vertebra,Noun,1,Step 1: SUBTLEX-UK,vertebra,False,vertebra
vertices,vertice,VERB,vertices,vertex,Verb,1,Step 1: SUBTLEX-UK,vertex,False,vertex
vesper,vesp,ADJ,vesper,vesper,Noun,1,Step 1: SUBTLEX-UK,vesper,False,vesper
vespers,vesper,NOUN,vespers,vespers,Noun,1,Step 1: SUBTLEX-UK,vespers,False,vespers
vested,vest,VERB,vested,vested,Verb,1,Step 1: SUBTLEX-UK,vested,False,vested
vetches,vetche,VERB,vetches,vetch,,1,Step 1: SUBTLEX-UK,vetch,False,vetch
vexes,vexe,NOUN,vexes,vex,Verb,1,Step 1: SUBTLEX-UK,vex,False,vex
vibes,vibe,NOUN,vibes,vibes,Noun,1,Step 1: SUBTLEX-UK,vibes,False,vibes
Vic's,vic's,X,,,,3,Step 3: spaCy fallback,vic's,True,Vic's
victim's,victim',NOUN,,,,3,Step 3: spaCy fallback,victim',True,victim's
Victor's,victor's,X,,,,3,Step 3: spaCy fallback,victor's,True,Victor's
Victoria's,victoria's,VERB,,,,3,Step 3: spaCy fallback,victoria's,True,Victoria's
victorias,victoria,NOUN,victorias,victorias,Name,1,Step 1: SUBTLEX-UK,victorias,False,victorias
victualling,victual,VERB,victualling,victualling,,1,Step 1: SUBTLEX-UK,victualling,False,victualling
victuals,victual,NOUN,victuals,victuals,Noun,1,Step 1: SUBTLEX-UK,victuals,False,victuals
VIDAL'S,vidal's,VERB,,,,3,Step 3: spaCy fallback,vidal's,True,VIDAL'S
viking,vike,VERB,viking,viking,Noun,1,Step 1: SUBTLEX-UK,viking,False,viking
vikings,viking,NOUN,vikings,vikings,Noun,1,Step 1: SUBTLEX-UK,vikings,False,vikings
viler,viler,ADJ,,,Adjective,2,Step 2: SUBTLEX-US + NLTK,vile,False,vile
vilest,vile,ADJ,vilest,vilest,Adjective,1,Step 1: SUBTLEX-UK,vilest,False,vilest
vintners,vintner,NOUN,vintners,vintners,,1,Step 1: SUBTLEX-UK,vintners,False,vintners
Virginia's,virginia',NOUN,,,,3,Step 3: spaCy fallback,virginia',True,Virginia's
virtuosos,virtuosos,VERB,virtuosos,virtuoso,Noun,1,Step 1: SUBTLEX-UK,virtuoso,False,virtuoso
visages,visage,NOUN,visages,visages,,1,Step 1: SUBTLEX-UK,visages,False,visages
viscounts,viscount,NOUN,viscounts,viscounts,Noun,1,Step 1: SUBTLEX-UK,viscounts,False,viscounts
vitals,vital,NOUN,vitals,vitals,Noun,1,Step 1: SUBTLEX-UK,vitals,False,vitals
vivas,viva,NOUN,vivas,vivas,,1,Step 1: SUBTLEX-UK,vivas,False,vivas
Vivian's,vivian',NOUN,,,,3,Step 3: spaCy fallback,vivian',True,Vivian's
vivified,vivified,ADJ,,,Verb,2,Step 2: SUBTLEX-US + NLTK,vivify,False,vivify
vivifying,vivify,VERB,,,Adjective,2,Step 2: SUBTLEX-US + NLTK,vivifying,False,vivifying
vivisecting,vivisecting,NOUN,,,Verb,2,Step 2: SUBTLEX-US + NLTK,vivisect,False,vivisect
vodkas,vodkas,VERB,vodkas,vodka,Noun,1,Step 1: SUBTLEX-UK,vodka,False,vodka
voice's,voice',NOUN,,,,3,Step 3: spaCy fallback,voice',True,voice's
VOLTA'S,volta's,ADJ,,,,3,Step 3: spaCy fallback,volta's,True,VOLTA'S
VOLTAIRE'S,voltaire's,ADV,,,,3,Step 3: spaCy fallback,voltaire's,True,VOLTAIRE'S
VONNEGUT'S,vonnegut',NOUN,,,,3,Step 3: spaCy fallback,vonnegut',True,VONNEGUT'S
voting,vote,VERB,voting,voting,Noun,1,Step 1: SUBTLEX-UK,voting,False,voting
voyagers,voyager,NOUN,voyagers,voyagers,Noun,1,Step 1: SUBTLEX-UK,voyagers,False,voyagers
vulcanized,vulcanize,VERB,,,Adjective,2,Step 2: SUBTLEX-US + NLTK,vulcanized,False,vulcanized
vulcanizing,vulcanize,VERB,,,Adjective,2,Step 2: SUBTLEX-US + NLTK,vulcanizing,False,vulcanizing
WAAL'S,waal's,VERB,,,,3,Step 3: spaCy fallback,waal's,True,WAAL'S
wackiest,wacky,ADJ,wackiest,wackiest,,1,Step 1: SUBTLEX-UK,wackiest,False,wackiest
wadding,wad,VERB,wadding,wadding,Noun,1,Step 1: SUBTLEX-UK,wadding,False,wadding
wagering,wager,VERB,wagering,wagering,Verb,1,Step 1: SUBTLEX-UK,wagering,False,wagering
wages,wage,NOUN,wages,wages,Noun,1,Step 1: SUBTLEX-UK,wages,False,wages
Wagner's,wagner',NOUN,,,,3,Step 3: spaCy fallback,wagner',True,Wagner's
wails,wail,NOUN,wails,wails,Verb,1,Step 1: SUBTLEX-UK,wails,False,wails
wainscoting,wainscote,VERB,wainscoting,wainscoting,Noun,1,Step 1: SUBTLEX-UK,wainscoting,False,wainscoting
waives,waif,NOUN,waives,waive,Verb,1,Step 1: SUBTLEX-UK,waive,False,waive
wales,wale,NOUN,wales,wales,Name,1,Step 1: SUBTLEX-UK,wales,False,wales
walleyed,walleye,VERB,,,Adjective,2,Step 2: SUBTLEX-US + NLTK,walleyed,False,walleyed
walling,wall,VERB,walling,walling,Name,1,Step 1: SUBTLEX-UK,walling,False,walling
Wally's,wally's,VERB,,,,3,Step 3: spaCy fallback,wally's,True,Wally's
walruses,walruse,VERB,walruses,walrus,Noun,1,Step 1: SUBTLEX-UK,walrus,False,walrus
Walter's,walter's,X,,,,3,Step 3: spaCy fallback,walter's,True,Walter's
wanderers,wanderer,VERB,wanderers,wanderers,Noun,1,Step 1: SUBTLEX-UK,wanderers,False,wanderers
wanderings,wandering,NOUN,wanderings,wanderings,Noun,1,Step 1: SUBTLEX-UK,wanderings,False,wanderings
war's,war',NOUN,,,,3,Step 3: spaCy fallback,war',True,war's
warbling,warble,VERB,warbling,warbling,Noun,1,Step 1: SUBTLEX-UK,warbling,False,warbling
WAREHOUSEMAN'S,warehouseman',NOUN,,,,3,Step 3: spaCy fallback,warehouseman',True,WAREHOUSEMAN'S
warehousing,warehouse,VERB,warehousing,warehousing,Noun,1,Step 1: SUBTLEX-UK,warehousing,False,warehousing
warier,wary,ADJ,warier,warier,,1,Step 1: SUBTLEX-UK,warier,False,warier
warmer,warm,ADJ,warmer,warmer,Adjective,1,Step 1: SUBTLEX-UK,warmer,False,warmer
warmest,warm,ADJ,warmest,warmest,Adjective,1,Step 1: SUBTLEX-UK,warmest,False,warmest
warmhearted,warmhearte,VERB,,,Adjective,2,Step 2: SUBTLEX-US + NLTK,warmhearted,False,warmhearted
warmongering,warmongere,VERB,warmongering,warmonger,Verb,1,Step 1: SUBTLEX-UK,warmonger,False,warmonger
warning,warn,VERB,warning,warning,Noun,1,Step 1: SUBTLEX-UK,warning,False,warning
warped,warp,VERB,warped,warped,Adjective,1,Step 1: SUBTLEX-UK,warped,False,warped
warping,warp,VERB,warping,warping,Verb,1,Step 1: SUBTLEX-UK,warping,False,warping
Warren's,warren',NOUN,,,,3,Step 3: spaCy fallback,warren',True,Warren's
wasabi,wasabi,NOUN,wasabi,wasabus,Noun,1,Step 1: SUBTLEX-UK,wasabus,False,wasabus
Washington's,washington',NOUN,,,,3,Step 3: spaCy fallback,washington',True,Washington's
WASHIZU'S,washizu',NOUN,,,,3,Step 3: spaCy fallback,washizu',True,WASHIZU'S
waterbed,waterbe,VERB,waterbed,waterb,Adjective,1,Step 1: SUBTLEX-UK,waterb,False,waterb
watering,water,VERB,watering,watering,Verb,1,Step 1: SUBTLEX-UK,watering,False,watering
waterlogged,waterlogge,VERB,waterlogged,waterlogged,Adjective,1,Step 1: SUBTLEX-UK,waterlogged,False,waterlogged
watermarked,watermarke,VERB,watermarked,watermark,Adjective,1,Step 1: SUBTLEX-UK,watermark,False,watermark
waterproofing,waterproof,VERB,waterproofing,waterproofing,Noun,1,Step 1: SUBTLEX-UK,waterproofing,False,waterproofing
watershed,watershe,VERB,watershed,watershed,Noun,1,Step 1: SUBTLEX-UK,watershed,False,watershed
Watson's,watson's,X,,,,3,Step 3: spaCy fallback,watson's,True,Watson's
wavier,wavy,ADJ,wavier,wavier,,1,Step 1: SUBTLEX-UK,wavier,False,wavier
waxwing,waxwe,VERB,waxwing,waxwing,Noun,1,Step 1: SUBTLEX-UK,waxwing,False,waxwing
waylaid,waylaid,PROPN,waylaid,waylay,Verb,1,Step 1: SUBTLEX-UK,waylay,False,waylay
WE'UNS,we'uns,VERB,,,,3,Step 3: spaCy fallback,we'uns,True,WE'UNS
weaker,weak,ADJ,weaker,weaker,Adjective,1,Step 1: SUBTLEX-UK,weaker,False,weaker
weakest,weak,ADJ,weakest,weakest,Adjective,1,Step 1: SUBTLEX-UK,weakest,False,weakest
weakling,weakle,VERB,weakling,weakling,Noun,1,Step 1: SUBTLEX-UK,weakling,False,weakling
wealthier,wealthy,ADJ,wealthier,wealthier,Adjective,1,Step 1: SUBTLEX-UK,wealthier,False,wealthier
wealthiest,wealthy,ADJ,wealthiest,wealthiest,Adjective,1,Step 1: SUBTLEX-UK,wealthiest,False,wealthiest
wearies,wearie,NOUN,,,Noun,2,Step 2: SUBTLEX-US + NLTK,wearies,False,wearies
weariest,weariest,NOUN,,,Adjective,2,Step 2: SUBTLEX-US + NLTK,weary,False,weary
weatherboarding,weatherboarde,VERB,weatherboarding,weatherboarding,,1,Step 1: SUBTLEX-UK,weatherboarding,False,weatherboarding
weatherproofing,weatherproof,VERB,weatherproofing,weatherproofing,,1,Step 1: SUBTLEX-UK,weatherproofing,False,weatherproofing
webbed,web,VERB,webbed,webbed,Adjective,1,Step 1: SUBTLEX-UK,webbed,False,webbed
webbing,web,VERB,webbing,webbing,Noun,1,Step 1: SUBTLEX-UK,webbing,False,webbing
webcasting,webcaste,VERB,,,Verb,2,Step 2: SUBTLEX-US + NLTK,webcasting,False,webcasting
webs,webs,PROPN,webs,web,Noun,1,Step 1: SUBTLEX-UK,web,False,web
Webster's,webster's,X,,,,3,Step 3: spaCy fallback,webster's,True,Webster's
wed,we,VERB,wed,wed,Verb,1,Step 1: SUBTLEX-UK,wed,True,wed
Wednesday's,wednesday',NOUN,,,,3,Step 3: spaCy fallback,wednesday',True,Wednesday's
weighted,weight,VERB,weighted,weighted,Verb,1,Step 1: SUBTLEX-UK,weighted,False,weighted
weightier,weighty,ADJ,weightier,weightier,Adjective,1,Step 1: SUBTLEX-UK,weightier,False,weightier
weighting,weight,VERB,weighting,weighting,Verb,1,Step 1: SUBTLEX-UK,weighting,False,weighting
weirdest,weird,ADJ,weirdest,weirdest,Adjective,1,Step 1: SUBTLEX-UK,weirdest,False,weirdest
welding,weld,VERB,welding,welding,Noun,1,Step 1: SUBTLEX-UK,welding,False,welding
wellbeing,wellbee,VERB,wellbeing,wellbeing,Noun,1,Step 1: SUBTLEX-UK,wellbeing,False,wellbeing
wells,well,NOUN,wells,wells,Name,1,Step 1: SUBTLEX-UK,wells,False,wells
wellspring,wellspre,VERB,wellspring,wellspring,Noun,1,Step 1: SUBTLEX-UK,wellspring,False,wellspring
welshmen,welshman,NOUN,welshmen,welshmen,,1,Step 1: SUBTLEX-UK,welshmen,False,welshmen
welting,welt,VERB,welting,welting,,1,Step 1: SUBTLEX-UK,welting,False,welting
wens,wen,NOUN,wens,wens,,1,Step 1: SUBTLEX-UK,wens,False,wens
Wesley's,wesley',NOUN,,,,3,Step 3: spaCy fallback,wesley',True,Wesley's
westerners,westerner,NOUN,westerners,westerners,Noun,1,Step 1: SUBTLEX-UK,westerners,False,westerners
wettest,wet,ADJ,wettest,wettest,Adjective,1,Step 1: SUBTLEX-UK,wettest,False,wettest
whats,what,NOUN,whats,what,Noun,1,Step 1: SUBTLEX-UK,what,True,whats
wheelbarrows,wheelbarrows,PROPN,wheelbarrows,wheelbarrow,Noun,1,Step 1: SUBTLEX-UK,wheelbarrow,False,wheelbarrow
WHEELER'S,wheeler',NOUN,,,,3,Step 3: spaCy fallback,wheeler',True,WHEELER'S
wheeling,wheel,VERB,wheeling,wheeling,Verb,1,Step 1: SUBTLEX-UK,wheeling,False,wheeling
WHEELOCK'S,wheelock',NOUN,,,,3,Step 3: spaCy fallback,wheelock',True,WHEELOCK'S
whelping,whelp,VERB,whelping,whelping,,1,Step 1: SUBTLEX-UK,whelping,False,whelping
whelps,whelps,PROPN,whelps,whelp,Noun,1,Step 1: SUBTLEX-UK,whelp,False,whelp
whereabouts,whereabout,NOUN,whereabouts,whereabouts,Noun,1,Step 1: SUBTLEX-UK,whereabouts,False,whereabouts
whiffiest,whiffi,ADJ,whiffiest,whiffiest,,1,Step 1: SUBTLEX-UK,whiffiest,False,whiffiest
whiffing,whiffing,PROPN,,,Verb,2,Step 2: SUBTLEX-US + NLTK,whiff,False,whiff
whigs,whig,NOUN,whigs,whigs,Noun,1,Step 1: SUBTLEX-UK,whigs,False,whigs
whimpering,whimpering,NOUN,whimpering,whimper,Verb,1,Step 1: SUBTLEX-UK,whimper,False,whimper
whimsies,whimsy,NOUN,whimsies,whimsies,,1,Step 1: SUBTLEX-UK,whimsies,False,whimsies
whines,whine,VERB,whines,whines,Verb,1,Step 1: SUBTLEX-UK,whines,False,whines
whinnies,whinny,NOUN,whinnies,whinnies,Noun,1,Step 1: SUBTLEX-UK,whinnies,False,whinnies
whiplashes,whiplashe,VERB,whiplashes,whiplash,,1,Step 1: SUBTLEX-UK,whiplash,False,whiplash
whipping,whip,VERB,whipping,whipping,Verb,1,Step 1: SUBTLEX-UK,whipping,False,whipping
WHIPPLE'S,whipple's,ADV,,,,3,Step 3: spaCy fallback,whipple's,True,WHIPPLE'S
whirrs,whirrs,PROPN,whirrs,whir,Verb,1,Step 1: SUBTLEX-UK,whir,False,whir
whiskered,whisker,VERB,whiskered,whiskered,Adjective,1,Step 1: SUBTLEX-UK,whiskered,False,whiskered
whitecaps,whitecap,NOUN,whitecaps,whitecaps,Noun,1,Step 1: SUBTLEX-UK,whitecaps,False,whitecaps
whitening,whiten,VERB,whitening,whitening,Verb,1,Step 1: SUBTLEX-UK,whitening,False,whitening
whites,white,NOUN,whites,whites,Noun,1,Step 1: SUBTLEX-UK,whites,False,whites
whiting,white,VERB,whiting,whiting,Noun,1,Step 1: SUBTLEX-UK,whiting,False,whiting
Whitman's,whitman's,X,,,,3,Step 3: spaCy fallback,whitman's,True,Whitman's
whittles,whittle,NOUN,whittles,whittles,Verb,1,Step 1: SUBTLEX-UK,whittles,False,whittles
wholehearted,wholehearte,VERB,wholehearted,wholehearted,Adjective,1,Step 1: SUBTLEX-UK,wholehearted,False,wholehearted
whooping,whoop,VERB,whooping,whooping,Verb,1,Step 1: SUBTLEX-UK,whooping,False,whooping
WHY'N,why'n,VERB,,,,3,Step 3: spaCy fallback,why'n,True,WHY'N
why's,why',NOUN,,,,3,Step 3: spaCy fallback,why',True,why's
whys,why,VERB,whys,why,Noun,1,Step 1: SUBTLEX-UK,why,True,whys
wickedest,wicked,ADJ,wickedest,wickedest,Adjective,1,Step 1: SUBTLEX-UK,wickedest,False,wickedest
wicking,wicke,VERB,wicking,wick,Noun,1,Step 1: SUBTLEX-UK,wick,False,wick
wicks,wick,NOUN,wicks,wicks,Noun,1,Step 1: SUBTLEX-UK,wicks,False,wicks
wider,wide,ADJ,wider,wider,Adjective,1,Step 1: SUBTLEX-UK,wider,False,wider
wiggles,wiggle,NOUN,wiggles,wiggles,Verb,1,Step 1: SUBTLEX-UK,wiggles,False,wiggles
wildcatting,wildcat,VERB,,,Verb,2,Step 2: SUBTLEX-US + NLTK,wildcatting,False,wildcatting
wilding,wilde,VERB,wilding,wilding,Name,1,Step 1: SUBTLEX-UK,wilding,False,wilding
wiles,wile,NOUN,wiles,wiles,Noun,1,Step 1: SUBTLEX-UK,wiles,False,wiles
wilier,wily,ADJ,wilier,wilier,,1,Step 1: SUBTLEX-UK,wilier,False,wilier
WILLIAM'S,william's,X,,,,3,Step 3: spaCy fallback,william's,True,WILLIAM'S
WILLIAMS'S,williams's,X,,,,3,Step 3: spaCy fallback,williams's,True,WILLIAMS'S
Willie's,willie',NOUN,,,,3,Step 3: spaCy fallback,willie',True,Willie's
willows,willow,NOUN,willows,willows,Noun,1,Step 1: SUBTLEX-UK,willows,False,willows
wiltons,wilton,NOUN,wiltons,wiltons,,1,Step 1: SUBTLEX-UK,wiltons,False,wiltons
winces,wince,NOUN,winces,winces,Verb,1,Step 1: SUBTLEX-UK,winces,False,winces
windier,windy,ADJ,windier,windier,,1,Step 1: SUBTLEX-UK,windier,False,windier
windiest,windy,ADJ,windiest,windiest,Adjective,1,Step 1: SUBTLEX-UK,windiest,False,windiest
windsurfing,windsurf,VERB,windsurfing,windsurfing,Noun,1,Step 1: SUBTLEX-UK,windsurfing,False,windsurfing
winemaking,winemake,VERB,winemaking,winemaking,Verb,1,Step 1: SUBTLEX-UK,winemaking,False,winemaking
wingding,wingde,VERB,wingding,wingd,Noun,1,Step 1: SUBTLEX-UK,wingd,False,wingd
winnings,winning,NOUN,winnings,winnings,Noun,1,Step 1: SUBTLEX-UK,winnings,False,winnings
winnowing,winnow,VERB,winnowing,winnowing,Verb,1,Step 1: SUBTLEX-UK,winnowing,False,winnowing
WINSLOW'S,winslow',NOUN,,,,3,Step 3: spaCy fallback,winslow',True,WINSLOW'S
wiretapping,wiretappe,VERB,wiretapping,wiretap,Noun,1,Step 1: SUBTLEX-UK,wiretap,False,wiretap
wiring,wire,VERB,wiring,wiring,Noun,1,Step 1: SUBTLEX-UK,wiring,False,wiring
Wisconsin's,wisconsin',NOUN,,,,3,Step 3: spaCy fallback,wisconsin',True,Wisconsin's
wisecracking,wisecrack,VERB,wisecracking,wisecracking,Verb,1,Step 1: SUBTLEX-UK,wisecracking,False,wisecracking
wisest,wise,ADJ,wisest,wisest,Adjective,1,Step 1: SUBTLEX-UK,wisest,False,wisest
WISMAN'S,wisman',NOUN,,,,3,Step 3: spaCy fallback,wisman',True,WISMAN'S
witching,witch,VERB,witching,witching,Adjective,1,Step 1: SUBTLEX-UK,witching,False,witching
withers,wither,NOUN,withers,withers,Name,1,Step 1: SUBTLEX-UK,withers,False,withers
withstood,withstood,NOUN,withstood,withstand,Verb,1,Step 1: SUBTLEX-UK,withstand,False,withstand
witted,witte,VERB,witted,wit,,1,Step 1: SUBTLEX-UK,wit,False,wit
wittier,witty,ADJ,wittier,wittier,Adjective,1,Step 1: SUBTLEX-UK,wittier,False,wittier
witting,witte,VERB,witting,wit,,1,Step 1: SUBTLEX-UK,wit,False,wit
wive's,wive',NOUN,,,,3,Step 3: spaCy fallback,wive',True,wive's
wizened,wizene,VERB,wizened,wizen,Adjective,1,Step 1: SUBTLEX-UK,wizen,False,wizen
wobblier,wobbli,ADJ,wobblier,wobblier,,1,Step 1: SUBTLEX-UK,wobblier,False,wobblier
wobbliest,wobbli,ADJ,wobbliest,wobbliest,,1,Step 1: SUBTLEX-UK,wobbliest,False,wobbliest
wolds,wold,NOUN,wolds,wolds,,1,Step 1: SUBTLEX-UK,wolds,False,wolds
WOLFE'S,wolfe's,ADV,,,,3,Step 3: spaCy fallback,wolfe's,True,WOLFE'S
wolfs,wolfs,PROPN,wolfs,wolf,Noun,1,Step 1: SUBTLEX-UK,wolf,False,wolf
WOLPE'S,wolpe's,ADV,,,,3,Step 3: spaCy fallback,wolpe's,True,WOLPE'S
wonted,wonte,VERB,wonted,wont,Adjective,1,Step 1: SUBTLEX-UK,wont,False,wont
WOODBURY'S,woodbury',NOUN,,,,3,Step 3: spaCy fallback,woodbury',True,WOODBURY'S
WOODCOCK'S,woodcock',NOUN,,,,3,Step 3: spaCy fallback,woodcock',True,WOODCOCK'S
woodcutting,woodcutte,VERB,woodcutting,woodcutting,Adjective,1,Step 1: SUBTLEX-UK,woodcutting,False,woodcutting
wooded,woode,VERB,wooded,wooded,Adjective,1,Step 1: SUBTLEX-UK,wooded,False,wooded
woodier,woody,ADJ,woodier,woodier,,1,Step 1: SUBTLEX-UK,woodier,False,woodier
wooding,woode,VERB,wooding,wooding,,1,Step 1: SUBTLEX-UK,wooding,False,wooding
woodlice,woodlice,NOUN,woodlice,woodlouse,,1,Step 1: SUBTLEX-UK,woodlouse,False,woodlouse
WOODMAN'S,woodman',NOUN,,,,3,Step 3: spaCy fallback,woodman',True,WOODMAN'S
WOODS'S,woods's,NOUN,,,,3,Step 3: spaCy fallback,woods's,True,WOODS'S
woodshed,woodshed,ADJ,woodshed,woodsh,Noun,1,Step 1: SUBTLEX-UK,woodsh,False,woodsh
woodworking,woodworke,VERB,woodworking,woodworking,Noun,1,Step 1: SUBTLEX-UK,woodworking,False,woodworking
woofed,woofe,VERB,woofed,woof,,1,Step 1: SUBTLEX-UK,woof,False,woof
woollies,woollie,NOUN,woollies,woolly,,1,Step 1: SUBTLEX-UK,woolly,False,woolly
woolshed,woolshe,VERB,woolshed,woolsh,,1,Step 1: SUBTLEX-UK,woolsh,False,woolsh
Woolworth's,woolworth's,X,,,,3,Step 3: spaCy fallback,woolworth's,True,Woolworth's
wording,word,VERB,wording,wording,Noun,1,Step 1: SUBTLEX-UK,wording,False,wording
workingmen,workingmen,PROPN,workingmen,workingman,Noun,1,Step 1: SUBTLEX-UK,workingman,False,workingman
workings,working,NOUN,workings,workings,Noun,1,Step 1: SUBTLEX-UK,workings,False,workings
worming,worming,ADJ,worming,worm,Verb,1,Step 1: SUBTLEX-UK,worm,False,worm
worn,wear,VERB,worn,worn,Verb,1,Step 1: SUBTLEX-UK,worn,False,worn
worried,worried,ADJ,worried,worry,Adjective,1,Step 1: SUBTLEX-UK,worry,False,worry
worst,bad,ADJ,worst,worst,Adjective,1,Step 1: SUBTLEX-UK,worst,False,worst
worthiest,worthy,ADJ,worthiest,worthiest,Adjective,1,Step 1: SUBTLEX-UK,worthiest,False,worthiest
wove,wove,NOUN,wove,weave,Verb,1,Step 1: SUBTLEX-UK,weave,False,weave
wrenching,wrench,VERB,wrenching,wrenching,Verb,1,Step 1: SUBTLEX-UK,wrenching,False,wrenching
wrest,wr,ADJ,wrest,wrest,Verb,1,Step 1: SUBTLEX-UK,wrest,False,wrest
wretched,wretche,VERB,wretched,wretch,Adjective,1,Step 1: SUBTLEX-UK,wretch,False,wretch
WRIGHT'S,wright',NOUN,,,,3,Step 3: spaCy fallback,wright',True,WRIGHT'S
wring,wre,VERB,wring,wring,Verb,1,Step 1: SUBTLEX-UK,wring,False,wring
wringing,wringing,NOUN,wringing,wring,Verb,1,Step 1: SUBTLEX-UK,wring,False,wring
wrinklier,wrinkli,ADJ,wrinklier,wrinklier,,1,Step 1: SUBTLEX-UK,wrinklier,False,wrinklier
wrinkling,wrinkle,VERB,wrinkling,wrinkling,Verb,1,Step 1: SUBTLEX-UK,wrinkling,False,wrinkling
wristed,wriste,VERB,wristed,wrist,,1,Step 1: SUBTLEX-UK,wrist,False,wrist
writings,writing,NOUN,writings,writings,Noun,1,Step 1: SUBTLEX-UK,writings,False,writings
wrongdoing,wrongdoe,VERB,wrongdoing,wrongdoing,Noun,1,Step 1: SUBTLEX-UK,wrongdoing,False,wrongdoing
wrongheaded,wrongheade,VERB,wrongheaded,wronghead,,1,Step 1: SUBTLEX-UK,wronghead,False,wronghead
wrought,wrought,PROPN,wrought,work,Verb,1,Step 1: SUBTLEX-UK,work,False,work
WYCOFF'S,wycoff's,X,,,,3,Step 3: spaCy fallback,wycoff's,True,WYCOFF'S
Wyndham's,wyndham',NOUN,,,,3,Step 3: spaCy fallback,wyndham',True,Wyndham's
wyverns,wyvern,NOUN,wyverns,wyverns,,1,Step 1: SUBTLEX-UK,wyverns,False,wyverns
Xavier's,xavier',NOUN,,,,3,Step 3: spaCy fallback,xavier',True,Xavier's
xeroxes,xeroxes,PROPN,,,Name,2,Step 2: SUBTLEX-US + NLTK,xerox,False,xerox
xeroxing,xeroxing,PROPN,,,Verb,2,Step 2: SUBTLEX-US + NLTK,xerox,False,xerox
Y'ALL,y'all,X,,,,3,Step 3: spaCy fallback,y'all,True,Y'ALL
Y'KNOW,y'know,ADJ,,,,3,Step 3: spaCy fallback,y'know,True,Y'KNOW
Y'R,y'r,INTJ,,,,3,Step 3: spaCy fallback,y'r,True,Y'R
yachting,yacht,VERB,yachting,yachting,Noun,1,Step 1: SUBTLEX-UK,yachting,False,yachting
yahoos,yahoo,NOUN,yahoos,yahoos,Noun,1,Step 1: SUBTLEX-UK,yahoos,False,yahoos
yakking,yakking,PROPN,yakking,yak,Verb,1,Step 1: SUBTLEX-UK,yak,False,yak
Yale's,yale's,ADV,,,,3,Step 3: spaCy fallback,yale's,True,Yale's
yankees,yankee,NOUN,yankees,yankees,Noun,1,Step 1: SUBTLEX-UK,yankees,False,yankees
yanks,yank,NOUN,yanks,yanks,Noun,1,Step 1: SUBTLEX-UK,yanks,False,yanks
yawned,yawned,ADJ,yawned,yawn,Verb,1,Step 1: SUBTLEX-UK,yawn,False,yawn
yawns,yawn,VERB,yawns,yawns,Verb,1,Step 1: SUBTLEX-UK,yawns,False,yawns
yearling,yearle,VERB,yearling,yearling,Noun,1,Step 1: SUBTLEX-UK,yearling,False,yearling
yearning,yearn,VERB,yearning,yearning,Verb,1,Step 1: SUBTLEX-UK,yearning,False,yearning
yellowed,yellow,VERB,yellowed,yellowed,Adjective,1,Step 1: SUBTLEX-UK,yellowed,False,yellowed
yeomen,yeoman,NOUN,yeomen,yeomen,Name,1,Step 1: SUBTLEX-UK,yeomen,False,yeomen
yeses,yese,VERB,yeses,yes,Noun,1,Step 1: SUBTLEX-UK,yes,False,yes
yogis,yogis,PROPN,yogis,yogi,Noun,1,Step 1: SUBTLEX-UK,yogi,False,yogi
York's,york's,X,,,,3,Step 3: spaCy fallback,york's,True,York's
Yorker's,yorker',NOUN,,,,3,Step 3: spaCy fallback,yorker',True,Yorker's
yorkers,yorker,NOUN,yorkers,yorkers,Name,1,Step 1: SUBTLEX-UK,yorkers,False,yorkers
YOSHIMOTO'S,yoshimoto',NOUN,,,,3,Step 3: spaCy fallback,yoshimoto',True,YOSHIMOTO'S
YOU'S,you's,VERB,,,,3,Step 3: spaCy fallback,you's,True,YOU'S
younger,young,ADJ,younger,younger,Adjective,1,Step 1: SUBTLEX-UK,younger,False,younger
youngling,youngle,VERB,youngling,youngling,,1,Step 1: SUBTLEX-UK,youngling,False,youngling
your,your,PRON,your,you,Pronoun,1,Step 1: SUBTLEX-UK,you,False,you
yours,your,NOUN,yours,yours,Pronoun,1,Step 1: SUBTLEX-UK,yours,False,yours
yourselves,yourself,NOUN,yourselves,yourselve,Pronoun,1,Step 1: SUBTLEX-UK,yourselve,False,yourselve
yowls,yowl,NOUN,yowls,yowls,Verb,1,Step 1: SUBTLEX-UK,yowls,False,yowls
yuccas,yuccas,VERB,yuccas,yucca,Noun,1,Step 1: SUBTLEX-UK,yucca,False,yucca
ZACHRISSON'S,zachrisson',NOUN,,,,3,Step 3: spaCy fallback,zachrisson',True,ZACHRISSON'S
zambians,zambian,NOUN,zambians,zambians,,1,Step 1: SUBTLEX-UK,zambians,False,zambians
ZAMIATIN'S,zamiatin',NOUN,,,,3,Step 3: spaCy fallback,zamiatin',True,ZAMIATIN'S
zaniest,zany,ADJ,zaniest,zaniest,,1,Step 1: SUBTLEX-UK,zaniest,False,zaniest
zarzuela,zarzuela,PROPN,zarzuela,zarzuelum,Noun,1,Step 1: SUBTLEX-UK,zarzuelum,False,zarzuelum
zed,ze,VERB,zed,zed,Name,1,Step 1: SUBTLEX-UK,zed,False,zed
zeppelins,zeppelin,VERB,zeppelins,zeppelins,Noun,1,Step 1: SUBTLEX-UK,zeppelins,False,zeppelins
zing,ze,VERB,zing,zing,Verb,1,Step 1: SUBTLEX-UK,zing,False,zing
zinnias,zinnias,PROPN,zinnias,zinnia,Noun,1,Step 1: SUBTLEX-UK,zinnia,False,zinnia
zipped,zipped,VERB,zipped,zip,Verb,1,Step 1: SUBTLEX-UK,zip,False,zip
zipping,zipping,NOUN,zipping,zip,Verb,1,Step 1: SUBTLEX-UK,zip,False,zip
zirconia,zirconia,PROPN,zirconia,zirconium,Noun,1,Step 1: SUBTLEX-UK,zirconium,False,zirconium
zonked,zonke,VERB,zonked,zonk,Verb,1,Step 1: SUBTLEX-UK,zonk,False,zonk
zooming,zooming,NOUN,zooming,zoom,Verb,1,Step 1: SUBTLEX-UK,zoom,False,zoom
zucchinis,zucchinis,PROPN,,,Noun,2,Step 2: SUBTLEX-US + NLTK,zucchini,False,zucchini
