iFA,ROI_idx,ROI_value,significant,alpha,label,p_value,alpha_FDR,p_value_FDR,significant_FDR,label_FDR,Reordered,Region,RegionLongName,Cortical Division,Cortex,Original,Voxel numbers,LR,idx,#No.
1,0.0,-0.396480917930603,0,0.001,,0.3458751411145089,0.005,0.4060205775058849,0,,,,,,,,,,,
1,1.0,-1.3582096099853516,0,0.001,,0.08719859104882782,0.005,0.1977800445018106,0,,"1, 181",V1,Primary_Visual_Cortex,Primary_Visual,1.0,1.0,"13,812, 13,406",idx_L,1,1.0
1,2.0,0.045814789831638336,0,0.001,,0.481728935304078,0.005,0.49141192897853186,0,,"2, 182",V2,Second_Visual_Area,Early_Visual,2.0,4.0,"9515, 9420",idx_L,2,2.0
1,3.0,0.02404545433819294,0,0.001,,0.49040817592827235,0.005,0.49571153244850213,0,,"3, 183",V3,Third_Visual_Area,Early_Visual,2.0,5.0,"7106, 7481",idx_L,3,3.0
1,4.0,-1.0755641460418701,0,0.001,,0.1410611148229028,0.005,0.2573648732155561,0,,"4, 184",V4,Fourth_Visual_Area,Early_Visual,2.0,6.0,"4782, 4537",idx_L,4,4.0
1,5.0,-1.7150510549545288,0,0.001,,0.043167933419210866,0.005,0.13909667435079057,0,,"5, 185",IPS1,IntraParietal_Sulcus_Area_1,Dorsal_Stream_Visual,3.0,17.0,"1751, 1750",idx_L,5,5.0
1,6.0,1.006709337234497,0,0.001,,0.15703723687999777,0.005,0.2760048405769658,0,,"6, 186",V3A,Area_V3A,Dorsal_Stream_Visual,3.0,13.0,"2191, 2212",idx_L,6,6.0
1,7.0,-0.534214973449707,0,0.001,,0.2965964053665316,0.005,0.37949910870555875,0,,"7, 187",V3B,Area_V3B,Dorsal_Stream_Visual,3.0,19.0,"639, 731",idx_L,7,7.0
1,8.0,2.136873483657837,0,0.001,,0.01630414162438325,0.005,0.06895293228645417,0,,"8, 188",V6,Sixth_Visual_Area,Dorsal_Stream_Visual,3.0,3.0,"1402, 1559",idx_L,8,8.0
1,9.0,1.2383646965026855,0,0.001,,0.10779043235805624,0.005,0.2265963989685219,0,,"9, 189",V6A,Area_V6A,Dorsal_Stream_Visual,3.0,152.0,"904, 734",idx_L,9,9.0
1,10.0,-0.6631975769996643,0,0.001,,0.2536020115583911,0.005,0.3514075655041188,0,,"10, 190",V7,Seventh_Visual_Area,Dorsal_Stream_Visual,3.0,16.0,"1005, 1041",idx_L,10,10.0
1,11.0,-5.217787742614746,1,0.001,-,9.053639716964979e-08,0.005,5.251111035839687e-06,1,-,"11, 191",FFC,Fusiform_Face_Complex,Ventral_Stream_Visual,4.0,18.0,"3848, 4402",idx_L,11,11.0
1,12.0,0.6356014609336853,0,0.001,,0.2625181085186831,0.005,0.35527450686195117,0,,"12, 192",PIT,Posterior_InferoTemporal_complex,Ventral_Stream_Visual,4.0,22.0,"1392, 1386",idx_L,12,12.0
1,13.0,-1.1299501657485962,0,0.001,,0.129248611892395,0.005,0.24826491444445695,0,,"13, 193",V8,Eighth_Visual_Area,Ventral_Stream_Visual,4.0,7.0,"1361, 1175",idx_L,13,13.0
1,14.0,0.1462194174528122,0,0.001,,0.441874088695426,0.005,0.46840960838209644,0,,"14, 194",VMV1,VentroMedial_Visual_Area_1,Ventral_Stream_Visual,4.0,153.0,"939, 1219",idx_L,14,14.0
1,15.0,-0.9236389994621277,0,0.001,,0.17783715083979756,0.005,0.29829107719305803,0,,"15, 195",VMV2,VentroMedial_Visual_Area_2,Ventral_Stream_Visual,4.0,160.0,"639, 923",idx_L,15,15.0
1,16.0,-0.060272395610809326,0,0.001,,0.4759693435378101,0.005,0.4879887714049266,0,,"16, 196",VMV3,VentroMedial_Visual_Area_3,Ventral_Stream_Visual,4.0,154.0,"941, 1242",idx_L,16,16.0
1,17.0,-2.0777058601379395,0,0.001,,0.018868229490490607,0.005,0.07660501173139185,0,,"17, 197",VVC,Ventral_Visual_Complex,Ventral_Stream_Visual,4.0,163.0,"2487, 2753",idx_L,17,17.0
1,18.0,-1.9349807500839233,0,0.001,,0.026496328974633943,0.005,0.09779554148819437,0,,"18, 198",FST,Area_FST,MT + _Complex,5.0,157.0,"1324, 1683",idx_L,18,18.0
1,19.0,-0.8442467451095581,0,0.001,,0.19926576910087856,0.005,0.30529019718851585,0,,"19, 199",LO1,Area_Lateral_Occipital_1,MT + _Complex,5.0,20.0,"619, 909",idx_L,19,19.0
1,20.0,0.0022388030774891376,0,0.001,,0.4991068475410124,0.005,0.4991068475410124,0,,"20, 200",LO2,Area_Lateral_Occipital_2,MT + _Complex,5.0,21.0,"1179, 1062",idx_L,20,20.0
1,21.0,0.56878262758255,0,0.001,,0.28475183279792865,0.005,0.37413994859533667,0,,"21, 201",LO3,Area_Lateral_Occipital_3,MT + _Complex,5.0,159.0,"438, 915",idx_L,21,21.0
1,22.0,-1.2027919292449951,0,0.001,,0.11452842437790867,0.005,0.23366100651975338,0,,"22, 202",MST,Medial_Superior_Temporal_Area,MT + _Complex,5.0,2.0,"794, 1036",idx_L,22,22.0
1,23.0,-1.253617763519287,0,0.001,,0.1049904857495933,0.005,0.2265963989685219,0,,"23, 203",MT,Middle_Temporal_Area,MT + _Complex,5.0,23.0,"620, 1005",idx_L,23,23.0
1,24.0,-3.6351871490478516,1,0.001,-,0.0001388894542160648,0.005,0.002088485867100826,1,-,"24, 204",PH,Area_PH,MT + _Complex,5.0,138.0,"3453, 3205",idx_L,24,24.0
1,25.0,-1.3033171892166138,0,0.001,,0.09623324752169293,0.005,0.21350108466561382,0,,"25, 205",V3CD,Area_V3CD,MT + _Complex,5.0,158.0,"876, 1222",idx_L,25,25.0
1,26.0,-1.5878171920776367,0,0.001,,0.05616384136485189,0.005,0.15953874141265856,0,,"26, 206",V4t,Area_V4t,MT + _Complex,5.0,156.0,"1037, 1249",idx_L,26,26.0
1,27.0,0.8997223973274231,0,0.001,,0.184134000550511,0.005,0.29829107719305803,0,,"27, 207",1,Area_1,SomaSens_Motor,6.0,51.0,"6590, 5925",idx_L,27,27.0
1,28.0,0.4798944592475891,0,0.001,,0.3156512206371877,0.005,0.38129515829864186,0,,"28, 208",2,Area_2,SomaSens_Motor,6.0,52.0,"4278, 4727",idx_L,28,28.0
1,29.0,1.6059261560440063,0,0.001,,0.05414506789052231,0.005,0.1570206968825147,0,,"29, 209",3a,Area_3a,SomaSens_Motor,6.0,53.0,"2247, 2286",idx_L,29,29.0
1,30.0,0.9379456043243408,0,0.001,,0.1741361825637529,0.005,0.29581292937608233,0,,"30, 210",3b,Primary_Sensory_Cortex,SomaSens_Motor,6.0,9.0,"5451, 4350",idx_L,30,30.0
1,31.0,0.9079437255859375,0,0.001,,0.1819539770989822,0.005,0.29829107719305803,0,,"31, 211",4,Primary_Motor_Cortex,SomaSens_Motor,6.0,8.0,"10,776, 10,254",idx_L,31,31.0
1,32.0,1.5874711275100708,0,0.001,,0.056202990559622655,0.005,0.15953874141265856,0,,"32, 212",23c,Area_23c,ParaCentral_MidCing,7.0,38.0,"2259, 2498",idx_L,32,32.0
1,33.0,1.6386834383010864,0,0.001,,0.05063960250067909,0.005,0.15134841259598858,0,,"33, 213",24dd,Dorsal_Area_24d,ParaCentral_MidCing,7.0,40.0,"2665, 2820",idx_L,33,33.0
1,34.0,2.365321159362793,0,0.001,,0.009007220764817457,0.005,0.0487590884068785,0,,"34, 214",24dv,Ventral_Area_24d,ParaCentral_MidCing,7.0,41.0,"1076, 1349",idx_L,34,34.0
1,35.0,-0.6867179870605469,0,0.001,,0.24613022996051387,0.005,0.3433981902541877,0,,"35, 215",5L,Area_5L,ParaCentral_MidCing,7.0,39.0,"2249, 2327",idx_L,35,35.0
1,36.0,1.8044887781143188,0,0.001,,0.035577358404195035,0.005,0.12345647446242038,0,,"36, 216",5 m,Area_5m,ParaCentral_MidCing,7.0,36.0,"1483, 2079",idx_L,36,36.0
1,37.0,3.178846597671509,1,0.001,+,0.0007393116109714689,0.005,0.00750401285136041,0,,"37, 217",5mv,Area_5m_ventral,ParaCentral_MidCing,7.0,37.0,"1651, 1996",idx_L,37,37.0
1,38.0,-0.5022822022438049,0,0.001,,0.3077345133982511,0.005,0.38129515829864186,0,,"38, 218",6ma,Area_6m_anterior,ParaCentral_MidCing,7.0,44.0,"3941, 4251",idx_L,38,38.0
1,39.0,0.8331751227378845,0,0.001,,0.20237298534943443,0.005,0.30772820993209876,0,,"39, 219",6mp,Area_6mp,ParaCentral_MidCing,7.0,55.0,"3701, 3105",idx_L,39,39.0
1,40.0,-0.858910083770752,0,0.001,,0.1951950628239733,0.005,0.3019318984229069,0,,"40, 220",SCEF,Supplementary_and_Cingulate_Eye_Field,ParaCentral_MidCing,7.0,43.0,"3500, 3371",idx_L,40,40.0
1,41.0,-3.1215813159942627,1,0.001,-,0.0008994128122511313,0.005,0.00829912731304453,0,,"41, 221",55b,Area_55b,Premotor,8.0,12.0,"2422, 1537",idx_L,41,41.0
1,42.0,-0.4333910346031189,0,0.001,,0.3323653563279694,0.005,0.39456238207355426,0,,"42, 222",6a,Area_6_anterior,Premotor,8.0,96.0,"4233, 3752",idx_L,42,42.0
1,43.0,0.650391697883606,0,0.001,,0.25771961932263265,0.005,0.35349380217901644,0,,"43, 223",6d,Dorsal_area_6,Premotor,8.0,54.0,"2916, 2909",idx_L,43,43.0
1,44.0,-1.5575557947158813,0,0.001,,0.05966929228458421,0.005,0.16553344677178547,0,,"44, 224",6r,Rostral_Area_6,Premotor,8.0,78.0,"3029, 3981",idx_L,44,44.0
1,45.0,-0.3389262557029724,0,0.001,,0.36733264232574525,0.005,0.41892430557374316,0,,"45, 225",6v,Ventral_Area_6,Premotor,8.0,56.0,"2075, 2516",idx_L,45,45.0
1,46.0,1.0894759893417358,0,0.001,,0.13797201874278925,0.005,0.25572670127032704,0,,"46, 226",FEF,Frontal_Eye_Fields,Premotor,8.0,10.0,"1787, 1889",idx_L,46,46.0
1,47.0,-1.4633558988571167,0,0.001,,0.07168500972117241,0.005,0.181900712167475,0,,"47, 227",PEF,Premotor_Eye_Field,Premotor,8.0,11.0,"1006, 1258",idx_L,47,47.0
1,48.0,1.9352977275848389,0,0.001,,0.026476885522974357,0.005,0.09779554148819437,0,,"48, 228",43,Area_43,Posterior_Opercular,9.0,99.0,"1889, 1678",idx_L,48,48.0
1,49.0,3.6401824951171875,1,0.001,+,0.0001362224369346124,0.005,0.002088485867100826,1,+,"49, 229",FOP1,Frontal_Opercular_Area_1,Posterior_Opercular,9.0,113.0,"879, 932",idx_L,49,49.0
1,50.0,2.2310640811920166,0,0.001,,0.012838442292141362,0.005,0.05991273069665969,0,,"50, 230",OP1,Area_OP1-SII,Posterior_Opercular,9.0,101.0,"1275, 1072",idx_L,50,50.0
1,51.0,1.9092758893966675,0,0.001,,0.02811325545645881,0.005,0.10282866410200249,0,,"51, 231",OP2-3,Area_OP2-3-VS,Posterior_Opercular,9.0,102.0,"943, 792",idx_L,51,51.0
1,52.0,0.9120509624481201,0,0.001,,0.1808709453655381,0.005,0.29829107719305803,0,,"52, 232",OP4,Area_OP4-PV,Posterior_Opercular,9.0,100.0,"2332, 2409",idx_L,52,52.0
1,53.0,-0.447035551071167,0,0.001,,0.3274246956722705,0.005,0.38983702769191153,0,,"53, 233",52,Area_52,Early_Auditory,10.0,103.0,"725, 580",idx_L,53,53.0
1,54.0,-0.4271460175514221,0,0.001,,0.33463648862044676,0.005,0.39610033346910023,0,,"54, 234",A1,Primary_Auditory_Cortex,Early_Auditory,10.0,24.0,"1023, 796",idx_L,54,54.0
1,55.0,-0.9034363627433777,0,0.001,,0.18314717418741405,0.005,0.29829107719305803,0,,"55, 235",LBelt,Lateral_Belt_Complex,Early_Auditory,10.0,174.0,"820, 901",idx_L,55,55.0
1,56.0,-1.6591523885726929,0,0.001,,0.04854254442055827,0.005,0.14818250402065156,0,,"56, 236",MBelt,Medial_Belt_Complex,Early_Auditory,10.0,173.0,"1242, 1236",idx_L,56,56.0
1,57.0,-2.2928171157836914,0,0.001,,0.010929268101710927,0.005,0.05346123914812815,0,,"57, 237",PBelt,ParaBelt_Complex,Early_Auditory,10.0,124.0,"1719, 1439",idx_L,57,57.0
1,58.0,1.4885473251342773,0,0.001,,0.0683033056200442,0.005,0.17584518647822814,0,,"58, 238",PFcm,Area_PFcm,Early_Auditory,10.0,105.0,"1486, 1485",idx_L,58,58.0
1,59.0,-0.1389112025499344,0,0.001,,0.4447601592216415,0.005,0.47024121001038144,0,,"59, 239",RI,RetroInsular_Cortex,Early_Auditory,10.0,104.0,"1149, 1334",idx_L,59,59.0
1,60.0,-5.703729629516602,1,0.001,-,5.860697442669679e-09,0.005,4.7588863234477795e-07,1,-,"60, 240",A4,Auditory_4_Complex,Auditory_Association,11.0,175.0,"3514, 3610",idx_L,60,60.0
1,61.0,-5.180484771728516,1,0.001,-,1.1065499783629595e-07,0.005,5.61574114019202e-06,1,-,"61, 241",A5,Auditory_5_Complex,Auditory_Association,11.0,125.0,"3346, 3881",idx_L,61,61.0
1,62.0,-0.8741596341133118,0,0.001,,0.1910156626426897,0.005,0.3018927128534229,0,,"62, 242",STGa,Area_STGa,Auditory_Association,11.0,123.0,"2509, 2187",idx_L,62,62.0
1,63.0,0.021564695984125137,0,0.001,,0.491397597751047,0.005,0.49571153244850213,0,,"63, 243",STSda,Area_STSd_anterior,Auditory_Association,11.0,128.0,"1944, 2389",idx_L,63,63.0
1,64.0,-2.208866834640503,0,0.001,,0.013591952317910367,0.005,0.06131480712301788,0,,"64, 244",STSdp,Area_STSd_posterior,Auditory_Association,11.0,129.0,"1994, 2605",idx_L,64,64.0
1,65.0,1.6200603246688843,0,0.001,,0.05260965953492307,0.005,0.15477914326941136,0,,"65, 245",STSva,Area_STSv_anterior,Auditory_Association,11.0,176.0,"1694, 1900",idx_L,65,65.0
1,66.0,-0.6557295918464661,0,0.001,,0.2559990626778055,0.005,0.35232413371928484,0,,"66, 246",STSvp,Area_STSv_posterior,Auditory_Association,11.0,130.0,"2898, 2515",idx_L,66,66.0
1,67.0,-3.6461310386657715,1,0.001,-,0.00013310912953410386,0.005,0.002088485867100826,1,-,"67, 247",TA2,Area_TA2,Auditory_Association,11.0,107.0,"1518, 1726",idx_L,67,67.0
1,68.0,-0.14707234501838684,0,0.001,,0.4415374589808303,0.005,0.46840960838209644,0,,"68, 248",AAIC,Anterior_Agranular_Insula_Complex,Insula_FrontalOperc,12.0,112.0,"1859, 1691",idx_L,68,68.0
1,69.0,1.5314327478408813,0,0.001,,0.0628312378660516,0.005,0.16893697068620497,0,,"69, 249",AVI,Anterior_Ventral_Insular_Area,Insula_FrontalOperc,12.0,111.0,"1446, 1792",idx_L,69,69.0
1,70.0,1.184314489364624,0,0.001,,0.11814429765413487,0.005,0.23881251544863252,0,,"70, 250",FOP2,Frontal_Opercular_Area_2,Insula_FrontalOperc,12.0,115.0,"750, 720",idx_L,70,70.0
1,71.0,1.9503870010375977,0,0.001,,0.02556500500929157,0.005,0.09700366386703156,0,,"71, 251",FOP3,Frontal_Opercular_Area_3,Insula_FrontalOperc,12.0,114.0,"754, 614",idx_L,71,71.0
1,72.0,2.480818033218384,0,0.001,,0.00655406353410654,0.005,0.03971566857980978,0,,"72, 252",FOP4,Frontal_Opercular_Area_4,Insula_FrontalOperc,12.0,108.0,"2522, 1678",idx_L,72,72.0
1,73.0,0.663665235042572,0,0.001,,0.25345229735024155,0.005,0.3514075655041188,0,,"73, 253",FOP5,Area_Frontal_Opercular_5,Insula_FrontalOperc,12.0,169.0,"1297, 1365",idx_L,73,73.0
1,74.0,1.1443473100662231,0,0.001,,0.12623981514319416,0.005,0.24406364261017538,0,,"74, 254",Ig,Insular_Granular_Complex,Insula_FrontalOperc,12.0,168.0,"841, 1077",idx_L,74,74.0
1,75.0,1.8143985271453857,0,0.001,,0.034808196175393186,0.005,0.12182868661387615,0,,"75, 255",MI,Middle_Insular_Area,Insula_FrontalOperc,12.0,109.0,"2102, 1960",idx_L,75,75.0
1,76.0,-1.0742268562316895,0,0.001,,0.14136050917997295,0.005,0.2573648732155561,0,,"76, 256",PI,Para-Insular_Area,Insula_FrontalOperc,12.0,178.0,"1033, 1058",idx_L,76,76.0
1,77.0,0.3251158893108368,0,0.001,,0.3725466818591484,0.005,0.42014986898559514,0,,"77, 257",Pir,Pirform_Cortex,Insula_FrontalOperc,12.0,110.0,"2287, 1856",idx_L,77,77.0
1,78.0,2.399092197418213,0,0.001,,0.008217887896858773,0.005,0.04539471263979603,0,,"78, 258",PoI1,Area_Posterior_Insular_1,Insula_FrontalOperc,12.0,167.0,"1811, 1835",idx_L,78,78.0
1,79.0,3.5366783142089844,1,0.001,+,0.00020259643520056497,0.005,0.0027783322112528027,1,+,"79, 259",PoI2,Posterior_Insular_Area_2,Insula_FrontalOperc,12.0,106.0,"2747, 2675",idx_L,79,79.0
1,80.0,-1.492441177368164,0,0.001,,0.067791763504104,0.005,0.17584518647822814,0,,"80, 260",H,Hippocampus,Medial_Temporal,13.0,120.0,"4283, 3626",idx_L,80,80.0
1,81.0,-1.0378156900405884,0,0.001,,0.14967793536012064,0.005,0.2688904502487123,0,,"81, 261",PreS,PreSubiculum,Medial_Temporal,13.0,119.0,"1817, 1558",idx_L,81,81.0
1,82.0,2.6704788208007812,0,0.001,,0.003787157486937317,0.005,0.027456891780295548,0,,"82, 262",EC,Entorhinal_Cortex,Medial_Temporal,13.0,118.0,"2127, 2110",idx_L,82,82.0
1,83.0,-1.4124962091445923,0,0.001,,0.07890195305173897,0.005,0.18955143750891137,0,,"83, 263",PeEc,Perirhinal_Ectorhinal_Cortex,Medial_Temporal,13.0,122.0,"4826, 4755",idx_L,83,83.0
1,84.0,-4.565884113311768,1,0.001,-,2.486967534540041e-06,0.005,7.766990915563513e-05,1,-,"84, 264",TF,Area_TF,Medial_Temporal,13.0,135.0,"3986, 4752",idx_L,84,84.0
1,85.0,-0.636171817779541,0,0.001,,0.26233221988328703,0.005,0.35527450686195117,0,,"85, 265",PHA1,ParaHippocampal_Area_1,Medial_Temporal,13.0,126.0,"1281, 1168",idx_L,85,85.0
1,86.0,1.086761474609375,0,0.001,,0.13857111891495555,0.005,0.25572670127032704,0,,"86, 266",PHA2,ParaHippocampal_Area_2,Medial_Temporal,13.0,155.0,"783, 771",idx_L,86,86.0
1,87.0,-0.9798608422279358,0,0.001,,0.16357740712844393,0.005,0.28423123863023303,0,,"87, 267",PHA3,ParaHippocampal_Area_3,Medial_Temporal,13.0,127.0,"2023, 1122",idx_L,87,87.0
1,88.0,-5.424623012542725,1,0.001,-,2.90384912576319e-08,0.005,1.964937908433092e-06,1,-,"88, 268",PHT,Area_PHT,Lateral_Temporal,14.0,137.0,"4182, 3410",idx_L,88,88.0
1,89.0,2.774120807647705,0,0.001,,0.00276755597148527,0.005,0.02247255448846039,0,,"89, 269",TE1a,Area_TE1_anterior,Lateral_Temporal,14.0,132.0,"5227, 4180",idx_L,89,89.0
1,90.0,-0.7877302169799805,0,0.001,,0.2154272633992248,0.005,0.3197261300158401,0,,"90, 270",TE1m,Area_TE1_Middle,Lateral_Temporal,14.0,177.0,"3339, 3429",idx_L,90,90.0
1,91.0,-5.77419900894165,1,0.001,-,3.8660004636098795e-09,0.005,3.923990470564028e-07,1,-,"91, 271",TE1p,Area_TE1_posterior,Lateral_Temporal,14.0,133.0,"7116, 6010",idx_L,91,91.0
1,92.0,-0.9930851459503174,0,0.001,,0.16033423106972133,0.005,0.28058490437201233,0,,"92, 272",TE2a,Area_TE2_anterior,Lateral_Temporal,14.0,134.0,"5691, 5753",idx_L,92,92.0
1,93.0,-6.524135589599609,1,0.001,-,3.419740888108282e-11,0.005,6.942074002859813e-09,1,-,"93, 273",TE2p,Area_TE2_posterior,Lateral_Temporal,14.0,136.0,"4115, 3040",idx_L,93,93.0
1,94.0,0.8036221265792847,0,0.001,,0.2108076202106235,0.005,0.3158224863672071,0,,"94, 274",TGd,Area_TG_dorsal,Lateral_Temporal,14.0,131.0,"10,192, 10,269",idx_L,94,94.0
1,95.0,-1.4390662908554077,0,0.001,,0.07506587081320419,0.005,0.1857361608093341,0,,"95, 275",TGv,Area_TG_Ventral,Lateral_Temporal,14.0,172.0,"3694, 4515",idx_L,95,95.0
1,96.0,-2.4613289833068848,0,0.001,,0.006921168631729534,0.005,0.0401427780640313,0,,"96, 276",PSL,PeriSylvian_Language_Area,TPO,15.0,25.0,"2154, 2759",idx_L,96,96.0
1,97.0,-0.9698641300201416,0,0.001,,0.16605711085108538,0.005,0.2856745212099181,0,,"97, 277",STV,Superior_Temporal_Visual_Area,TPO,15.0,28.0,"2322, 2294",idx_L,97,97.0
1,98.0,-3.3368630409240723,1,0.001,-,0.00042364845029195357,0.005,0.004777813078292587,1,-,"98, 278",TPOJ1,Area_TemporoParietoOccipital_Junction_1,TPO,15.0,139.0,"2102, 3938",idx_L,98,98.0
1,99.0,-0.7753086090087891,0,0.001,,0.21907866174406004,0.005,0.3219026439985315,0,,"99, 279",TPOJ2,Area_TemporoParietoOccipital_Junction_2,TPO,15.0,140.0,"1930, 2068",idx_L,99,99.0
1,100.0,-0.5217755436897278,0,0.001,,0.30091330974892544,0.005,0.38026417566674886,0,,"100, 280",TPOJ3,Area_TemporoParietoOccipital_Junction_3,TPO,15.0,141.0,"1290, 1277",idx_L,100,100.0
1,101.0,1.4982750415802002,0,0.001,,0.06703090290736417,0.005,0.17584518647822814,0,,"101, 281",7AL,Lateral_Area_7A,Superior_Parietal,16.0,42.0,"2134, 2030",idx_L,101,101.0
1,102.0,-0.40343770384788513,0,0.001,,0.343313127232594,0.005,0.40518933039660804,0,,"102, 282",7Am,Medial_Area_7A,Superior_Parietal,16.0,45.0,"2995, 2379",idx_L,102,102.0
1,103.0,-0.6089723110198975,0,0.001,,0.27127139611447615,0.005,0.36494453896174317,0,,"103, 283",7PC,Area_7PC,Superior_Parietal,16.0,47.0,"3151, 3415",idx_L,103,103.0
1,104.0,-0.30111756920814514,0,0.001,,0.3816624220636161,0.005,0.42805232971775725,0,,"104, 284",7Pl,Lateral_Area_7P,Superior_Parietal,16.0,46.0,"1695, 1363",idx_L,104,104.0
1,105.0,0.7062734365463257,0,0.001,,0.24000905467708716,0.005,0.3371753501691951,0,,"105, 285",7Pm,Medial_Area_7P,Superior_Parietal,16.0,29.0,"1601, 1308",idx_L,105,105.0
1,106.0,-1.1194939613342285,0,0.001,,0.1314647328252092,0.005,0.24941439965904177,0,,"106, 286",AIP,Anterior_IntraParietal_Area,Superior_Parietal,16.0,117.0,"1999, 2542",idx_L,106,106.0
1,107.0,-2.1967387199401855,0,0.001,,0.014019555920477612,0.005,0.06254878795290011,0,,"107, 287",LIPd,Area_Lateral_IntraParietal_dorsal,Superior_Parietal,16.0,95.0,"1008, 869",idx_L,107,107.0
1,108.0,-1.5671368837356567,0,0.001,,0.05854134976022537,0.005,0.16391577932863102,0,,"108, 288",LIPv,Area_Lateral_IntraParietal_ventral,Superior_Parietal,16.0,48.0,"1681, 1783",idx_L,108,108.0
1,109.0,-0.883094310760498,0,0.001,,0.18859265889505877,0.005,0.3014853076721072,0,,"109, 289",MIP,Medial_IntraParietal_Area,Superior_Parietal,16.0,50.0,"1872, 2403",idx_L,109,109.0
1,110.0,-1.894655704498291,0,0.001,,0.029069014860570567,0.005,0.1044777021244997,0,,"110, 290",VIP,Ventral_IntraParietal_Complex,Superior_Parietal,16.0,49.0,"1890, 1577",idx_L,110,110.0
1,111.0,-2.6534414291381836,0,0.001,,0.003983779847390718,0.005,0.0283267847503497,0,,"111, 291",IP0,Area_IntraParietal_0,Inferior_Parietal,17.0,146.0,"1203, 1239",idx_L,111,111.0
1,112.0,-1.7611377239227295,0,0.001,,0.03910754771704683,0.005,0.13122036672000836,0,,"112, 292",IP1,Area_IntraParietal_1,Inferior_Parietal,17.0,145.0,"1692, 1632",idx_L,112,112.0
1,113.0,-1.369754433631897,0,0.001,,0.08538178519353179,0.005,0.1958474846812085,0,,"113, 293",IP2,Area_IntraParietal_2,Inferior_Parietal,17.0,144.0,"2102, 1861",idx_L,113,113.0
1,114.0,-2.3966033458709717,0,0.001,,0.008273913141243611,0.005,0.04539471263979603,0,,"114, 294",PF,Area_PF_Complex,Inferior_Parietal,17.0,148.0,"5457, 5251",idx_L,114,114.0
1,115.0,-1.7857582569122314,0,0.001,,0.03706920410031227,0.005,0.12754319376887102,0,,"115, 295",PFm,Area_PFm_Complex,Inferior_Parietal,17.0,149.0,"8220, 8141",idx_L,115,115.0
1,116.0,0.8548030257225037,0,0.001,,0.19633010143755525,0.005,0.3019318984229069,0,,"116, 296",PFop,Area_PF_Opercular,Inferior_Parietal,17.0,147.0,"1797, 1783",idx_L,116,116.0
1,117.0,0.05420014634728432,0,0.001,,0.47838785204466766,0.005,0.48923291670059216,0,,"117, 297",PFt,Area_PFt,Inferior_Parietal,17.0,116.0,"1983, 2039",idx_L,117,117.0
1,118.0,1.537721037864685,0,0.001,,0.062058418736957464,0.005,0.16797145338136488,0,,"118, 298",PGi,Area_PGi,Inferior_Parietal,17.0,150.0,"4791, 4970",idx_L,118,118.0
1,119.0,-1.2498568296432495,0,0.001,,0.1056759259415555,0.005,0.2265963989685219,0,,"119, 299",PGp,Area_PGp,Inferior_Parietal,17.0,143.0,"2501, 3740",idx_L,119,119.0
1,120.0,-0.871124267578125,0,0.001,,0.19184315250291406,0.005,0.3018927128534229,0,,"120, 300",PGs,Area_PGs,Inferior_Parietal,17.0,151.0,"4552, 3366",idx_L,120,120.0
1,121.0,0.1073383092880249,0,0.001,,0.4572602968354056,0.005,0.47937246299177977,0,,"121, 301",23d,Area_23d,Posterior_Cingulate,18.0,32.0,"1261, 1513",idx_L,121,121.0
1,122.0,-1.2229028940200806,0,0.001,,0.11068318768627344,0.005,0.2281084984803402,0,,"122, 302",31a,Area_31a,Posterior_Cingulate,18.0,162.0,"1260, 1116",idx_L,122,122.0
1,123.0,2.3523855209350586,0,0.001,,0.00932671530920105,0.005,0.049824294941258236,0,,"123, 303",31pd,Area_31pd,Posterior_Cingulate,18.0,161.0,"1428, 864",idx_L,123,123.0
1,124.0,1.0800999402999878,0,0.001,,0.14004883923219807,0.005,0.2572842928881105,0,,"124, 304",31pv,Area_31p_ventral,Posterior_Cingulate,18.0,35.0,"950, 1022",idx_L,124,124.0
1,125.0,2.4636473655700684,0,0.001,,0.006876567308949972,0.005,0.0401427780640313,0,,"125, 305",7 m,Area_7m,Posterior_Cingulate,18.0,30.0,"2128, 2067",idx_L,125,125.0
1,126.0,-0.48956674337387085,0,0.001,,0.3122202572392426,0.005,0.38129515829864186,0,,"126, 306",d23ab,Area_dorsal_23_a + b,Posterior_Cingulate,18.0,34.0,"1607, 1106",idx_L,126,126.0
1,127.0,1.7254992723464966,0,0.001,,0.042218767406273235,0.005,0.13712655653557548,0,,"127, 307",DVT,Dorsal_Transitional_Visual_Area,Posterior_Cingulate,18.0,142.0,"1806, 2176",idx_L,127,127.0
1,128.0,0.5326823592185974,0,0.001,,0.29712673982491056,0.005,0.37949910870555875,0,,"128, 308",PCV,PreCuneus_Visual_Area,Posterior_Cingulate,18.0,27.0,"2245, 2416",idx_L,128,128.0
1,129.0,1.621207594871521,0,0.001,,0.052486562246815235,0.005,0.15477914326941136,0,,"129, 309",POS1,Parieto-Occipital_Sulcus_Area_1,Posterior_Cingulate,18.0,31.0,"2531, 2727",idx_L,129,129.0
1,130.0,4.006617069244385,1,0.001,+,3.0797301253390916e-05,0.005,0.0006946502393820396,1,+,"130, 310",POS2,Parieto-Occipital_Sulcus_Area_2,Posterior_Cingulate,18.0,15.0,"3261, 3093",idx_L,130,130.0
1,131.0,-1.229771375656128,0,0.001,,0.10939136501928642,0.005,0.2265963989685219,0,,"131, 311",ProS,ProStriate_Area,Posterior_Cingulate,18.0,121.0,"1222, 1055",idx_L,131,131.0
1,132.0,2.5419301986694336,0,0.001,,0.005512109348023303,0.005,0.036095425730604216,0,,"132, 312",RSC,RetroSplenial_Complex,Posterior_Cingulate,18.0,14.0,"2830, 3067",idx_L,132,132.0
1,133.0,-0.2569509744644165,0,0.001,,0.39860830965816024,0.005,0.441979502143014,0,,"133, 313",v23ab,Area_ventral_23_a + b,Posterior_Cingulate,18.0,33.0,"916, 1089",idx_L,133,133.0
1,134.0,0.34050053358078003,0,0.001,,0.3667398105140246,0.005,0.41892430557374316,0,,"134, 314",10r,Area_10r,AntCing_MedPFC,19.0,65.0,"1589, 1053",idx_L,134,134.0
1,135.0,1.0202038288116455,0,0.001,,0.15381590107322118,0.005,0.27151850363359914,0,,"135, 315",10v,Area_10v,AntCing_MedPFC,19.0,88.0,"3906, 2667",idx_L,135,135.0
1,136.0,0.3757157623767853,0,0.001,,0.3535641091811005,0.005,0.4106123358383418,0,,"136, 316",25,Area_25,AntCing_MedPFC,19.0,164.0,"1911, 2135",idx_L,136,136.0
1,137.0,0.3326113820075989,0,0.001,,0.3697138252651503,0.005,0.419284394015785,0,,"137, 317",33pr,Area_33_prime,AntCing_MedPFC,19.0,58.0,"1354, 1316",idx_L,137,137.0
1,138.0,-2.2098209857940674,0,0.001,,0.013558794336373144,0.005,0.06131480712301788,0,,"138, 318",8BM,Area_8BM,AntCing_MedPFC,19.0,63.0,"3122, 3436",idx_L,138,138.0
1,139.0,-0.5850980877876282,0,0.001,,0.2792408822790874,0.005,0.36928924496843474,0,,"139, 319",9 m,Area_9_Middle,AntCing_MedPFC,19.0,69.0,"6338, 5881",idx_L,139,139.0
1,140.0,2.0624301433563232,0,0.001,,0.01958340097293602,0.005,0.07823671673105284,0,,"140, 320",a24,Area_a24,AntCing_MedPFC,19.0,61.0,"2085, 2152",idx_L,140,140.0
1,141.0,0.7407362461090088,0,0.001,,0.22942668884246775,0.005,0.3301005341082098,0,,"141, 321",a24pr,Anterior_24_prime,AntCing_MedPFC,19.0,59.0,"1095, 1474",idx_L,141,141.0
1,142.0,-0.5711075067520142,0,0.001,,0.28396338518011355,0.005,0.37413994859533667,0,,"142, 322",a32pr,Area_anterior_32_prime,AntCing_MedPFC,19.0,179.0,"1759, 1118",idx_L,142,142.0
1,143.0,-0.9045791029930115,0,0.001,,0.1828442050780214,0.005,0.29829107719305803,0,,"143, 323",d32,Area_dorsal_32,AntCing_MedPFC,19.0,62.0,"2228, 2374",idx_L,143,143.0
1,144.0,0.3087690472602844,0,0.001,,0.3787486080452729,0.005,0.4259610384110271,0,,"144, 324",p24,Area_posterior_24,AntCing_MedPFC,19.0,180.0,"2394, 2442",idx_L,144,144.0
1,145.0,0.5649423003196716,0,0.001,,0.28605650537553584,0.005,0.3746417457498953,0,,"145, 325",p24pr,Area_Posterior_24_prime,AntCing_MedPFC,19.0,57.0,"1422, 1724",idx_L,145,145.0
1,146.0,0.39609482884407043,0,0.001,,0.346017536495163,0.005,0.4060205775058849,0,,"146, 326",p32,Area_p32,AntCing_MedPFC,19.0,64.0,"1180, 1765",idx_L,146,146.0
1,147.0,-0.15893442928791046,0,0.001,,0.43686026739881445,0.005,0.46807403684365945,0,,"147, 327",p32pr,Area_p32_prime,AntCing_MedPFC,19.0,60.0,"1569, 1305",idx_L,147,147.0
1,148.0,-1.2382649183273315,0,0.001,,0.10780892363605654,0.005,0.2265963989685219,0,,"148, 328",pOFC,Posterior_OFC_Complex,AntCing_MedPFC,19.0,166.0,"2486, 2836",idx_L,148,148.0
1,149.0,-0.5616480708122253,0,0.001,,0.28717791078526655,0.005,0.37490106681292035,0,,"149, 329",s32,Area_s32,AntCing_MedPFC,19.0,165.0,"604, 1015",idx_L,149,149.0
1,150.0,-0.6049056649208069,0,0.001,,0.2726208394582383,0.005,0.36529393009915756,0,,"150, 330",10d,Area_10d,OrbPolaFrontal,20.0,72.0,"3644, 3096",idx_L,150,150.0
1,151.0,2.0048136711120605,0,0.001,,0.022491485231595686,0.005,0.08865575732065872,0,,"151, 331",10 pp,Polar_10p,OrbPolaFrontal,20.0,90.0,"1997, 2487",idx_L,151,151.0
1,152.0,-2.342780113220215,0,0.001,,0.009570329987541926,0.005,0.04983045729893782,0,,"152, 332",11 l,Area_11l,OrbPolaFrontal,20.0,91.0,"3531, 3793",idx_L,152,152.0
1,153.0,-1.5253409147262573,0,0.001,,0.06358704384299443,0.005,0.1694553938982687,0,,"153, 333",13 l,Area_13l,OrbPolaFrontal,20.0,92.0,"2429, 1757",idx_L,153,153.0
1,154.0,-4.1110076904296875,1,0.001,-,1.969680390289034e-05,0.005,0.0005331268256382319,1,-,"154, 334",47 m,Area_47m,OrbPolaFrontal,20.0,66.0,"799, 781",idx_L,154,154.0
1,155.0,0.9103209972381592,0,0.001,,0.18132662412123923,0.005,0.29829107719305803,0,,"155, 335",47 s,Area_47s,OrbPolaFrontal,20.0,94.0,"2795, 3080",idx_L,155,155.0
1,156.0,0.24566994607448578,0,0.001,,0.40296886942777477,0.005,0.4421766513180447,0,,"156, 336",a10p,Area_anterior_10p,OrbPolaFrontal,20.0,89.0,"1964, 1748",idx_L,156,156.0
1,157.0,-1.2703734636306763,0,0.001,,0.1019758155415591,0.005,0.22140203802071118,0,,"157, 337",OFC,Orbital_Frontal_Complex,OrbPolaFrontal,20.0,93.0,"4560, 5232",idx_L,157,157.0
1,158.0,-0.08772046118974686,0,0.001,,0.46504942831718565,0.005,0.48133677180596907,0,,"158, 338",p10p,Area_posterior_10p,OrbPolaFrontal,20.0,170.0,"2116, 2365",idx_L,158,158.0
1,159.0,-1.8906415700912476,0,0.001,,0.02933610355219942,0.005,0.1044777021244997,0,,"159, 339",44,Area_44,Inferior_Frontal,21.0,74.0,"2435, 2589",idx_L,159,159.0
1,160.0,-2.31420636177063,0,0.001,,0.01032820258885799,0.005,0.05224891800235683,0,,"160, 340",45,Area_45,Inferior_Frontal,21.0,75.0,"3762, 2962",idx_L,160,160.0
1,161.0,-1.2363488674163818,0,0.001,,0.10816445693191401,0.005,0.2265963989685219,0,,"161, 341",47 l,Area_47l_(47_lateral),Inferior_Frontal,21.0,76.0,"2527, 2592",idx_L,161,161.0
1,162.0,-2.7596278190612793,0,0.001,,0.00289336224948206,0.005,0.02303343280960228,0,,"162, 342",a47r,Area_anterior_47r,Inferior_Frontal,21.0,77.0,"4167, 3763",idx_L,162,162.0
1,163.0,-3.2098209857940674,1,0.001,-,0.0006640883042663694,0.005,0.007095259250845947,0,,"163, 343",IFJa,Area_IFJa,Inferior_Frontal,21.0,79.0,"1513, 1405",idx_L,163,163.0
1,164.0,-5.035085201263428,1,0.001,-,2.388181702207043e-07,0.005,9.696017710960594e-06,1,-,"164, 344",IFJp,Area_IFJp,Inferior_Frontal,21.0,80.0,"960, 740",idx_L,164,164.0
1,165.0,-7.339928150177002,1,0.001,-,1.0685427448285417e-13,0.005,4.338283544003879e-11,1,-,"165, 345",IFSa,Area_IFSa,Inferior_Frontal,21.0,82.0,"2057, 2641",idx_L,165,165.0
1,166.0,-3.5755724906921387,1,0.001,-,0.00017473116151345646,0.005,0.0025336018419451186,1,-,"166, 346",IFSp,Area_IFSp,Inferior_Frontal,21.0,81.0,"1589, 1730",idx_L,166,166.0
1,167.0,-3.704695224761963,1,0.001,-,0.00010582252600692066,0.005,0.0018679976329917297,1,-,"167, 347",p47r,Area_posterior_47r,Inferior_Frontal,21.0,171.0,"2133, 1761",idx_L,167,167.0
1,168.0,-2.7059924602508545,0,0.001,,0.0034050296064114835,0.005,0.02608381170194457,0,,"168, 348",46,Area_46,Dorsolateral_Prefrontal,22.0,84.0,"4863, 4394",idx_L,168,168.0
1,169.0,-0.5986823439598083,0,0.001,,0.274692366644543,0.005,0.3668588844002778,0,,"169, 349",8Ad,Area_8Ad,Dorsolateral_Prefrontal,22.0,68.0,"3386, 3492",idx_L,169,169.0
1,170.0,-1.6915488243103027,0,0.001,,0.045366015539829566,0.005,0.14277986286178918,0,,"170, 350",8Av,Area_8Av,Dorsolateral_Prefrontal,22.0,67.0,"4807, 5902",idx_L,170,170.0
1,171.0,-1.4277284145355225,0,0.001,,0.07668502213655586,0.005,0.18755493365928724,0,,"171, 351",8BL,Area_8B_Lateral,Dorsolateral_Prefrontal,22.0,70.0,"3377, 4078",idx_L,171,171.0
1,172.0,-2.745908260345459,0,0.001,,0.003017181748287284,0.005,0.023557226727012257,0,,"172, 352",8C,Area_8C,Dorsolateral_Prefrontal,22.0,73.0,"4085, 3134",idx_L,172,172.0
1,173.0,-1.152724266052246,0,0.001,,0.12451178904621357,0.005,0.24406364261017538,0,,"173, 353",9-46d,Area_9-46d,Dorsolateral_Prefrontal,22.0,86.0,"4534, 4666",idx_L,173,173.0
1,174.0,-1.8365416526794434,0,0.001,,0.03313879384136456,0.005,0.11699435043125228,0,,"174, 354",9a,Area_9_anterior,Dorsolateral_Prefrontal,22.0,87.0,"3706, 3048",idx_L,174,174.0
1,175.0,-1.7809536457061768,0,0.001,,0.03746001184719143,0.005,0.12776158325192627,0,,"175, 355",9p,Area_9_Posterior,Dorsolateral_Prefrontal,22.0,71.0,"3426, 2488",idx_L,175,175.0
1,176.0,-4.090810775756836,1,0.001,-,2.1493388023844144e-05,0.005,0.0005453947211050452,1,-,"176, 356",a9-46v,Area_anterior_9-46v,Dorsolateral_Prefrontal,22.0,85.0,"3314, 2628",idx_L,176,176.0
1,177.0,-0.4809611439704895,0,0.001,,0.31527205743624476,0.005,0.38129515829864186,0,,"177, 357",i6-8,Inferior_6-8_Transitional_Area,Dorsolateral_Prefrontal,22.0,97.0,"1764, 2418",idx_L,177,177.0
1,178.0,-4.868858337402344,1,0.001,-,5.612241726143403e-07,0.005,2.0714274007402016e-05,1,-,"178, 358",p9-46v,Area_posterior_9-46v,Dorsolateral_Prefrontal,22.0,83.0,"2871, 4635",idx_L,178,178.0
1,179.0,-3.1929712295532227,1,0.001,-,0.0007040848792736623,0.005,0.007329704127823254,0,,"179, 359",s6-8,Superior_6-8_Transitional_Area,Dorsolateral_Prefrontal,22.0,98.0,"1336, 2132",idx_L,179,179.0
1,180.0,-2.5756728649139404,0,0.001,,0.005002262518272462,0.005,0.03384864304031032,0,,"180, 360",SFL,Superior_Frontal_Language_Area,Dorsolateral_Prefrontal,22.0,26.0,"3873, 3055",idx_L,180,180.0
1,181.0,-0.9647125005722046,0,0.001,,0.16734441614677165,0.005,0.28667440065649485,0,,"1, 181",V1,Primary_Visual_Cortex,Primary_Visual,1.0,1.0,"13,812, 13,406",idx_R,181,181.0
1,182.0,-0.47684618830680847,0,0.001,,0.3167358264448832,0.005,0.38129515829864186,0,,"2, 182",V2,Second_Visual_Area,Early_Visual,2.0,4.0,"9515, 9420",idx_R,182,182.0
1,183.0,-0.1021968424320221,0,0.001,,0.4593002170044392,0.005,0.47937246299177977,0,,"3, 183",V3,Third_Visual_Area,Early_Visual,2.0,5.0,"7106, 7481",idx_R,183,183.0
1,184.0,-0.10484033077955246,0,0.001,,0.45825125352037444,0.005,0.47937246299177977,0,,"4, 184",V4,Fourth_Visual_Area,Early_Visual,2.0,6.0,"4782, 4537",idx_R,184,184.0
1,185.0,1.3828387260437012,0,0.001,,0.08335716086692418,0.005,0.19450004202282312,0,,"5, 185",IPS1,IntraParietal_Sulcus_Area_1,Dorsal_Stream_Visual,3.0,17.0,"1751, 1750",idx_R,185,185.0
1,186.0,-0.20890934765338898,0,0.001,,0.4172595033975604,0.005,0.45417522353729095,0,,"6, 186",V3A,Area_V3A,Dorsal_Stream_Visual,3.0,13.0,"2191, 2212",idx_R,186,186.0
1,187.0,-1.1462429761886597,0,0.001,,0.12584731511754205,0.005,0.24406364261017538,0,,"7, 187",V3B,Area_V3B,Dorsal_Stream_Visual,3.0,19.0,"639, 731",idx_R,187,187.0
1,188.0,0.5227848291397095,0,0.001,,0.30056199904665826,0.005,0.38026417566674886,0,,"8, 188",V6,Sixth_Visual_Area,Dorsal_Stream_Visual,3.0,3.0,"1402, 1559",idx_R,188,188.0
1,189.0,1.0961222648620605,0,0.001,,0.13651263612204678,0.005,0.25488560845733194,0,,"9, 189",V6A,Area_V6A,Dorsal_Stream_Visual,3.0,152.0,"904, 734",idx_R,189,189.0
1,190.0,-0.33291178941726685,0,0.001,,0.3696004349580222,0.005,0.419284394015785,0,,"10, 190",V7,Seventh_Visual_Area,Dorsal_Stream_Visual,3.0,16.0,"1005, 1041",idx_R,190,190.0
1,191.0,-0.5172972083091736,0,0.001,,0.3024743512763199,0.005,0.38026417566674886,0,,"11, 191",FFC,Fusiform_Face_Complex,Ventral_Stream_Visual,4.0,18.0,"3848, 4402",idx_R,191,191.0
1,192.0,0.34175577759742737,0,0.001,,0.3662673460820968,0.005,0.41892430557374316,0,,"12, 192",PIT,Posterior_InferoTemporal_complex,Ventral_Stream_Visual,4.0,22.0,"1392, 1386",idx_R,192,192.0
1,193.0,0.5171508193016052,0,0.001,,0.3025254402471918,0.005,0.38026417566674886,0,,"13, 193",V8,Eighth_Visual_Area,Ventral_Stream_Visual,4.0,7.0,"1361, 1175",idx_R,193,193.0
1,194.0,0.14863912761211395,0,0.001,,0.4409191982891836,0.005,0.46840960838209644,0,,"14, 194",VMV1,VentroMedial_Visual_Area_1,Ventral_Stream_Visual,4.0,153.0,"939, 1219",idx_R,194,194.0
1,195.0,0.08551871031522751,0,0.001,,0.4659245106397681,0.005,0.48133677180596907,0,,"15, 195",VMV2,VentroMedial_Visual_Area_2,Ventral_Stream_Visual,4.0,160.0,"639, 923",idx_R,195,195.0
1,196.0,-0.7279510498046875,0,0.001,,0.23332177576297863,0.005,0.3323811963500678,0,,"16, 196",VMV3,VentroMedial_Visual_Area_3,Ventral_Stream_Visual,4.0,154.0,"941, 1242",idx_R,196,196.0
1,197.0,-0.27687162160873413,0,0.001,,0.3909393418704029,0.005,0.4348530761626948,0,,"17, 197",VVC,Ventral_Visual_Complex,Ventral_Stream_Visual,4.0,163.0,"2487, 2753",idx_R,197,197.0
1,198.0,-1.4203932285308838,0,0.001,,0.07774661653699899,0.005,0.18901273241929095,0,,"18, 198",FST,Area_FST,MT + _Complex,5.0,157.0,"1324, 1683",idx_R,198,198.0
1,199.0,-0.49544063210487366,0,0.001,,0.3101445595630824,0.005,0.38129515829864186,0,,"19, 199",LO1,Area_Lateral_Occipital_1,MT + _Complex,5.0,20.0,"619, 909",idx_R,199,199.0
1,200.0,1.2104673385620117,0,0.001,,0.11304980814513543,0.005,0.23180920256022722,0,,"20, 200",LO2,Area_Lateral_Occipital_2,MT + _Complex,5.0,21.0,"1179, 1062",idx_R,200,200.0
1,201.0,0.4754510223865509,0,0.001,,0.3172327674332308,0.005,0.38129515829864186,0,,"21, 201",LO3,Area_Lateral_Occipital_3,MT + _Complex,5.0,159.0,"438, 915",idx_R,201,201.0
1,202.0,1.109069585800171,0,0.001,,0.133700082098892,0.005,0.2524755038704658,0,,"22, 202",MST,Medial_Superior_Temporal_Area,MT + _Complex,5.0,2.0,"794, 1036",idx_R,202,202.0
1,203.0,0.5505980849266052,0,0.001,,0.29095461098156966,0.005,0.37861401300806824,0,,"23, 203",MT,Middle_Temporal_Area,MT + _Complex,5.0,23.0,"620, 1005",idx_R,203,203.0
1,204.0,-1.183882236480713,0,0.001,,0.118229841392057,0.005,0.23881251544863252,0,,"24, 204",PH,Area_PH,MT + _Complex,5.0,138.0,"3453, 3205",idx_R,204,204.0
1,205.0,-0.08954714983701706,0,0.001,,0.46432354195439385,0.005,0.48133677180596907,0,,"25, 205",V3CD,Area_V3CD,MT + _Complex,5.0,158.0,"876, 1222",idx_R,205,205.0
1,206.0,0.7163379192352295,0,0.001,,0.23689135901629382,0.005,0.33511460543768395,0,,"26, 206",V4t,Area_V4t,MT + _Complex,5.0,156.0,"1037, 1249",idx_R,206,206.0
1,207.0,1.4517056941986084,0,0.001,,0.07329172767639518,0.005,0.18368173726306447,0,,"27, 207",1,Area_1,SomaSens_Motor,6.0,51.0,"6590, 5925",idx_R,207,207.0
1,208.0,3.126624822616577,1,0.001,+,0.0008841271140218004,0.005,0.00829912731304453,0,,"28, 208",2,Area_2,SomaSens_Motor,6.0,52.0,"4278, 4727",idx_R,208,208.0
1,209.0,2.182576894760132,0,0.001,,0.014533491422542462,0.005,0.06344728513497032,0,,"29, 209",3a,Area_3a,SomaSens_Motor,6.0,53.0,"2247, 2286",idx_R,209,209.0
1,210.0,0.6420930027961731,0,0.001,,0.2604063994340404,0.005,0.35527450686195117,0,,"30, 210",3b,Primary_Sensory_Cortex,SomaSens_Motor,6.0,9.0,"5451, 4350",idx_R,210,210.0
1,211.0,2.4736456871032715,0,0.001,,0.006687113098735066,0.005,0.03992599879538877,0,,"31, 211",4,Primary_Motor_Cortex,SomaSens_Motor,6.0,8.0,"10,776, 10,254",idx_R,211,211.0
1,212.0,3.1024792194366455,1,0.001,+,0.000959535103963798,0.005,0.008657138937984489,0,,"32, 212",23c,Area_23c,ParaCentral_MidCing,7.0,38.0,"2259, 2498",idx_R,212,212.0
1,213.0,1.584102749824524,0,0.001,,0.05658516936803653,0.005,0.15953874141265856,0,,"33, 213",24dd,Dorsal_Area_24d,ParaCentral_MidCing,7.0,40.0,"2665, 2820",idx_R,213,213.0
1,214.0,2.5665395259857178,0,0.001,,0.005135945882433518,0.005,0.034183508660131284,0,,"34, 214",24dv,Ventral_Area_24d,ParaCentral_MidCing,7.0,41.0,"1076, 1349",idx_R,214,214.0
1,215.0,0.8599785566329956,0,0.001,,0.1949004314895308,0.005,0.3019318984229069,0,,"35, 215",5L,Area_5L,ParaCentral_MidCing,7.0,39.0,"2249, 2327",idx_R,215,215.0
1,216.0,2.5192620754241943,0,0.001,,0.005880054435939083,0.005,0.03722016982200309,0,,"36, 216",5 m,Area_5m,ParaCentral_MidCing,7.0,36.0,"1483, 2079",idx_R,216,216.0
1,217.0,3.402639627456665,1,0.001,+,0.00033369122191969703,0.005,0.004074164601120597,1,+,"37, 217",5mv,Area_5m_ventral,ParaCentral_MidCing,7.0,37.0,"1651, 1996",idx_R,217,217.0
1,218.0,0.7700527906417847,0,0.001,,0.22063428923341427,0.005,0.3219026439985315,0,,"38, 218",6ma,Area_6m_anterior,ParaCentral_MidCing,7.0,44.0,"3941, 4251",idx_R,218,218.0
1,219.0,1.5441819429397583,0,0.001,,0.06127213100149456,0.005,0.16700560748138862,0,,"39, 219",6mp,Area_6mp,ParaCentral_MidCing,7.0,55.0,"3701, 3105",idx_R,219,219.0
1,220.0,0.6575071811676025,0,0.001,,0.2554274275207514,0.005,0.35232413371928484,0,,"40, 220",SCEF,Supplementary_and_Cingulate_Eye_Field,ParaCentral_MidCing,7.0,43.0,"3500, 3371",idx_R,220,220.0
1,221.0,-0.0870286151766777,0,0.001,,0.46532438338606696,0.005,0.48133677180596907,0,,"41, 221",55b,Area_55b,Premotor,8.0,12.0,"2422, 1537",idx_R,221,221.0
1,222.0,1.1769742965698242,0,0.001,,0.11960288277186637,0.005,0.23892475700385649,0,,"42, 222",6a,Area_6_anterior,Premotor,8.0,96.0,"4233, 3752",idx_R,222,222.0
1,223.0,2.2431302070617676,0,0.001,,0.0124442096354554,0.005,0.05874824548831271,0,,"43, 223",6d,Dorsal_area_6,Premotor,8.0,54.0,"2916, 2909",idx_R,223,223.0
1,224.0,1.2864742279052734,0,0.001,,0.09913880379775619,0.005,0.2185720643181545,0,,"44, 224",6r,Rostral_Area_6,Premotor,8.0,78.0,"3029, 3981",idx_R,224,224.0
1,225.0,0.48212018609046936,0,0.001,,0.3148602853934257,0.005,0.38129515829864186,0,,"45, 225",6v,Ventral_Area_6,Premotor,8.0,56.0,"2075, 2516",idx_R,225,225.0
1,226.0,2.342662811279297,0,0.001,,0.009573339086988054,0.005,0.04983045729893782,0,,"46, 226",FEF,Frontal_Eye_Fields,Premotor,8.0,10.0,"1787, 1889",idx_R,226,226.0
1,227.0,0.7411182522773743,0,0.001,,0.22931087181159276,0.005,0.3301005341082098,0,,"47, 227",PEF,Premotor_Eye_Field,Premotor,8.0,11.0,"1006, 1258",idx_R,227,227.0
1,228.0,2.5145692825317383,0,0.001,,0.005958894183325618,0.005,0.03722016982200309,0,,"48, 228",43,Area_43,Posterior_Opercular,9.0,99.0,"1889, 1678",idx_R,228,228.0
1,229.0,3.1349265575408936,1,0.001,+,0.0008594857047865073,0.005,0.00829912731304453,0,,"49, 229",FOP1,Frontal_Opercular_Area_1,Posterior_Opercular,9.0,113.0,"879, 932",idx_R,229,229.0
1,230.0,2.144090414047241,0,0.001,,0.016012821501676894,0.005,0.06843374241769283,0,,"50, 230",OP1,Area_OP1-SII,Posterior_Opercular,9.0,101.0,"1275, 1072",idx_R,230,230.0
1,231.0,1.4967751502990723,0,0.001,,0.06722588715657066,0.005,0.17584518647822814,0,,"51, 231",OP2-3,Area_OP2-3-VS,Posterior_Opercular,9.0,102.0,"943, 792",idx_R,231,231.0
1,232.0,2.438485860824585,0,0.001,,0.007374467831709691,0.005,0.041583804717696314,0,,"52, 232",OP4,Area_OP4-PV,Posterior_Opercular,9.0,100.0,"2332, 2409",idx_R,232,232.0
1,233.0,1.1750707626342773,0,0.001,,0.11998320331556561,0.005,0.23892475700385649,0,,"53, 233",52,Area_52,Early_Auditory,10.0,103.0,"725, 580",idx_R,233,233.0
1,234.0,-1.8937203884124756,0,0.001,,0.029131066809198587,0.005,0.1044777021244997,0,,"54, 234",A1,Primary_Auditory_Cortex,Early_Auditory,10.0,24.0,"1023, 796",idx_R,234,234.0
1,235.0,-1.9430674314498901,0,0.001,,0.0260040057379664,0.005,0.09775579934828109,0,,"55, 235",LBelt,Lateral_Belt_Complex,Early_Auditory,10.0,174.0,"820, 901",idx_R,235,235.0
1,236.0,-2.103010654449463,0,0.001,,0.017732419074712902,0.005,0.07284082583372631,0,,"56, 236",MBelt,Medial_Belt_Complex,Early_Auditory,10.0,173.0,"1242, 1236",idx_R,236,236.0
1,237.0,-0.8338651061058044,0,0.001,,0.20217850112275537,0.005,0.30772820993209876,0,,"57, 237",PBelt,ParaBelt_Complex,Early_Auditory,10.0,124.0,"1719, 1439",idx_R,237,237.0
1,238.0,3.4827640056610107,1,0.001,+,0.00024813281455989244,0.005,0.0031481850847286355,1,+,"58, 238",PFcm,Area_PFcm,Early_Auditory,10.0,105.0,"1486, 1485",idx_R,238,238.0
1,239.0,1.1661790609359741,0,0.001,,0.12177102830825254,0.005,0.24116603655195382,0,,"59, 239",RI,RetroInsular_Cortex,Early_Auditory,10.0,104.0,"1149, 1334",idx_R,239,239.0
1,240.0,-1.128114104270935,0,0.001,,0.1296358666557263,0.005,0.24826491444445695,0,,"60, 240",A4,Auditory_4_Complex,Auditory_Association,11.0,175.0,"3514, 3610",idx_R,240,240.0
1,241.0,-3.8700523376464844,1,0.001,-,5.440599542561606e-05,0.005,0.0010518492448952437,1,-,"61, 241",A5,Auditory_5_Complex,Auditory_Association,11.0,125.0,"3346, 3881",idx_R,241,241.0
1,242.0,1.069799780845642,0,0.001,,0.142354720492749,0.005,0.25801793089310754,0,,"62, 242",STGa,Area_STGa,Auditory_Association,11.0,123.0,"2509, 2187",idx_R,242,242.0
1,243.0,2.6972615718841553,0,0.001,,0.0034956165062902046,0.005,0.02628185743618191,0,,"63, 243",STSda,Area_STSd_anterior,Auditory_Association,11.0,128.0,"1944, 2389",idx_R,243,243.0
1,244.0,0.5323461294174194,0,0.001,,0.2972431442570633,0.005,0.37949910870555875,0,,"64, 244",STSdp,Area_STSd_posterior,Auditory_Association,11.0,129.0,"1994, 2605",idx_R,244,244.0
1,245.0,2.4999780654907227,0,0.001,,0.0062100498109876655,0.005,0.038201215503954424,0,,"65, 245",STSva,Area_STSv_anterior,Auditory_Association,11.0,176.0,"1694, 1900",idx_R,245,245.0
1,246.0,0.7687230110168457,0,0.001,,0.22102888074334065,0.005,0.3219026439985315,0,,"66, 246",STSvp,Area_STSv_posterior,Auditory_Association,11.0,130.0,"2898, 2515",idx_R,246,246.0
1,247.0,0.18159568309783936,0,0.001,,0.4279500184551407,0.005,0.4623377542891748,0,,"67, 247",TA2,Area_TA2,Auditory_Association,11.0,107.0,"1518, 1726",idx_R,247,247.0
1,248.0,0.8138559460639954,0,0.001,,0.2078637402841627,0.005,0.3148980543110823,0,,"68, 248",AAIC,Anterior_Agranular_Insula_Complex,Insula_FrontalOperc,12.0,112.0,"1859, 1691",idx_R,248,248.0
1,249.0,1.4595228433609009,0,0.001,,0.07221062902210314,0.005,0.18209636883834704,0,,"69, 249",AVI,Anterior_Ventral_Insular_Area,Insula_FrontalOperc,12.0,111.0,"1446, 1792",idx_R,249,249.0
1,250.0,3.5331811904907227,1,0.001,+,0.00020529548359010858,0.005,0.0027783322112528027,1,+,"70, 250",FOP2,Frontal_Opercular_Area_2,Insula_FrontalOperc,12.0,115.0,"750, 720",idx_R,250,250.0
1,251.0,3.3120925426483154,1,0.001,+,0.0004630045423573598,0.005,0.00508053632965103,0,,"71, 251",FOP3,Frontal_Opercular_Area_3,Insula_FrontalOperc,12.0,114.0,"754, 614",idx_R,251,251.0
1,252.0,2.6838388442993164,0,0.001,,0.003639109000610339,0.005,0.026863240986323596,0,,"72, 252",FOP4,Frontal_Opercular_Area_4,Insula_FrontalOperc,12.0,108.0,"2522, 1678",idx_R,252,252.0
1,253.0,2.2199501991271973,0,0.001,,0.013211074180326018,0.005,0.060951092241049575,0,,"73, 253",FOP5,Area_Frontal_Opercular_5,Insula_FrontalOperc,12.0,169.0,"1297, 1365",idx_R,253,253.0
1,254.0,0.8998623490333557,0,0.001,,0.184096754507373,0.005,0.29829107719305803,0,,"74, 254",Ig,Insular_Granular_Complex,Insula_FrontalOperc,12.0,168.0,"841, 1077",idx_R,254,254.0
1,255.0,3.005199432373047,0,0.001,,0.0013270338238803954,0.005,0.011463313457349798,0,,"75, 255",MI,Middle_Insular_Area,Insula_FrontalOperc,12.0,109.0,"2102, 1960",idx_R,255,255.0
1,256.0,0.21056339144706726,0,0.001,,0.41661399059856186,0.005,0.45417522353729095,0,,"76, 256",PI,Para-Insular_Area,Insula_FrontalOperc,12.0,178.0,"1033, 1058",idx_R,256,256.0
1,257.0,0.3786665201187134,0,0.001,,0.3524677590763673,0.005,0.4106123358383418,0,,"77, 257",Pir,Pirform_Cortex,Insula_FrontalOperc,12.0,110.0,"2287, 1856",idx_R,257,257.0
1,258.0,2.2450199127197266,0,0.001,,0.012383427131146697,0.005,0.05874824548831271,0,,"78, 258",PoI1,Area_Posterior_Insular_1,Insula_FrontalOperc,12.0,167.0,"1811, 1835",idx_R,258,258.0
1,259.0,3.4971721172332764,1,0.001,+,0.0002351091733238791,0.005,0.0030791717538546748,1,+,"79, 259",PoI2,Posterior_Insular_Area_2,Insula_FrontalOperc,12.0,106.0,"2747, 2675",idx_R,259,259.0
1,260.0,0.03585666045546532,0,0.001,,0.4856983267864087,0.005,0.49421935006336326,0,,"80, 260",H,Hippocampus,Medial_Temporal,13.0,120.0,"4283, 3626",idx_R,260,260.0
1,261.0,-1.3712931871414185,0,0.001,,0.08514178931406935,0.005,0.1958474846812085,0,,"81, 261",PreS,PreSubiculum,Medial_Temporal,13.0,119.0,"1817, 1558",idx_R,261,261.0
1,262.0,1.122348427772522,0,0.001,,0.13085716147967508,0.005,0.24941439965904177,0,,"82, 262",EC,Entorhinal_Cortex,Medial_Temporal,13.0,118.0,"2127, 2110",idx_R,262,262.0
1,263.0,-1.9943767786026,0,0.001,,0.023055447138663577,0.005,0.09000491863747512,0,,"83, 263",PeEc,Perirhinal_Ectorhinal_Cortex,Medial_Temporal,13.0,122.0,"4826, 4755",idx_R,263,263.0
1,264.0,-2.6481497287750244,0,0.001,,0.004046683535764243,0.005,0.0283267847503497,0,,"84, 264",TF,Area_TF,Medial_Temporal,13.0,135.0,"3986, 4752",idx_R,264,264.0
1,265.0,1.3781952857971191,0,0.001,,0.0840715011828368,0.005,0.19504588274418136,0,,"85, 265",PHA1,ParaHippocampal_Area_1,Medial_Temporal,13.0,126.0,"1281, 1168",idx_R,265,265.0
1,266.0,1.3301129341125488,0,0.001,,0.09174053231393076,0.005,0.20465195670030709,0,,"86, 266",PHA2,ParaHippocampal_Area_2,Medial_Temporal,13.0,155.0,"783, 771",idx_R,266,266.0
1,267.0,0.5905203819274902,0,0.001,,0.27742091264630603,0.005,0.368973436592483,0,,"87, 267",PHA3,ParaHippocampal_Area_3,Medial_Temporal,13.0,127.0,"2023, 1122",idx_R,267,267.0
1,268.0,-1.4875684976577759,0,0.001,,0.06843236321073903,0.005,0.17584518647822814,0,,"88, 268",PHT,Area_PHT,Lateral_Temporal,14.0,137.0,"4182, 3410",idx_R,268,268.0
1,269.0,1.732422113418579,0,0.001,,0.041599216776618056,0.005,0.13712655653557548,0,,"89, 269",TE1a,Area_TE1_anterior,Lateral_Temporal,14.0,132.0,"5227, 4180",idx_R,269,269.0
1,270.0,-2.060915946960449,0,0.001,,0.0196555298191315,0.005,0.07823671673105284,0,,"90, 270",TE1m,Area_TE1_Middle,Lateral_Temporal,14.0,177.0,"3339, 3429",idx_R,270,270.0
1,271.0,-2.3148353099823,0,0.001,,0.010310973363206096,0.005,0.05224891800235683,0,,"91, 271",TE1p,Area_TE1_posterior,Lateral_Temporal,14.0,133.0,"7116, 6010",idx_R,271,271.0
1,272.0,-1.777268409729004,0,0.001,,0.03776204431091417,0.005,0.12776158325192627,0,,"92, 272",TE2a,Area_TE2_anterior,Lateral_Temporal,14.0,134.0,"5691, 5753",idx_R,272,272.0
1,273.0,-1.3377301692962646,0,0.001,,0.09049220629998755,0.005,0.20348013106632393,0,,"93, 273",TE2p,Area_TE2_posterior,Lateral_Temporal,14.0,136.0,"4115, 3040",idx_R,273,273.0
1,274.0,0.9787951707839966,0,0.001,,0.16384059816308927,0.005,0.28423123863023303,0,,"94, 274",TGd,Area_TG_dorsal,Lateral_Temporal,14.0,131.0,"10,192, 10,269",idx_R,274,274.0
1,275.0,-1.7499512434005737,0,0.001,,0.040063363631955715,0.005,0.13332561995552475,0,,"95, 275",TGv,Area_TG_Ventral,Lateral_Temporal,14.0,172.0,"3694, 4515",idx_R,275,275.0
1,276.0,1.5231642723083496,0,0.001,,0.06385880607496333,0.005,0.1694553938982687,0,,"96, 276",PSL,PeriSylvian_Language_Area,TPO,15.0,25.0,"2154, 2759",idx_R,276,276.0
1,277.0,3.732015609741211,1,0.001,+,9.497686366705548e-05,0.005,0.001752754847673842,1,+,"97, 277",STV,Superior_Temporal_Visual_Area,TPO,15.0,28.0,"2322, 2294",idx_R,277,277.0
1,278.0,2.3107242584228516,0,0.001,,0.010424045217218974,0.005,0.05224891800235683,0,,"98, 278",TPOJ1,Area_TemporoParietoOccipital_Junction_1,TPO,15.0,139.0,"2102, 3938",idx_R,278,278.0
1,279.0,-0.15389104187488556,0,0.001,,0.4388478237561876,0.005,0.46840960838209644,0,,"99, 279",TPOJ2,Area_TemporoParietoOccipital_Junction_2,TPO,15.0,140.0,"1930, 2068",idx_R,279,279.0
1,280.0,1.7278804779052734,0,0.001,,0.042004827503329865,0.005,0.13712655653557548,0,,"100, 280",TPOJ3,Area_TemporoParietoOccipital_Junction_3,TPO,15.0,141.0,"1290, 1277",idx_R,280,280.0
1,281.0,0.3265821039676666,0,0.001,,0.37199199047325165,0.005,0.42014986898559514,0,,"101, 281",7AL,Lateral_Area_7A,Superior_Parietal,16.0,42.0,"2134, 2030",idx_R,281,281.0
1,282.0,0.8646640181541443,0,0.001,,0.19361161202946792,0.005,0.3019318984229069,0,,"102, 282",7Am,Medial_Area_7A,Superior_Parietal,16.0,45.0,"2995, 2379",idx_R,282,282.0
1,283.0,1.403171420097351,0,0.001,,0.08028286393633727,0.005,0.19173436916560546,0,,"103, 283",7PC,Area_7PC,Superior_Parietal,16.0,47.0,"3151, 3415",idx_R,283,283.0
1,284.0,0.7072959542274475,0,0.001,,0.23969128961159075,0.005,0.3371753501691951,0,,"104, 284",7Pl,Lateral_Area_7P,Superior_Parietal,16.0,46.0,"1695, 1363",idx_R,284,284.0
1,285.0,2.183898687362671,0,0.001,,0.014484846752698996,0.005,0.06344728513497032,0,,"105, 285",7Pm,Medial_Area_7P,Superior_Parietal,16.0,29.0,"1601, 1308",idx_R,285,285.0
1,286.0,2.1029558181762695,0,0.001,,0.01773481589772553,0.005,0.07284082583372631,0,,"106, 286",AIP,Anterior_IntraParietal_Area,Superior_Parietal,16.0,117.0,"1999, 2542",idx_R,286,286.0
1,287.0,1.0945370197296143,0,0.001,,0.1368597602061536,0.005,0.25488560845733194,0,,"107, 287",LIPd,Area_Lateral_IntraParietal_dorsal,Superior_Parietal,16.0,95.0,"1008, 869",idx_R,287,287.0
1,288.0,1.7000538110733032,0,0.001,,0.04456040210822335,0.005,0.1424529390231392,0,,"108, 288",LIPv,Area_Lateral_IntraParietal_ventral,Superior_Parietal,16.0,48.0,"1681, 1783",idx_R,288,288.0
1,289.0,1.2838590145111084,0,0.001,,0.09959564507108026,0.005,0.2185720643181545,0,,"109, 289",MIP,Medial_IntraParietal_Area,Superior_Parietal,16.0,50.0,"1872, 2403",idx_R,289,289.0
1,290.0,1.5974204540252686,0,0.001,,0.05508600804592104,0.005,0.15861644869960242,0,,"110, 290",VIP,Ventral_IntraParietal_Complex,Superior_Parietal,16.0,49.0,"1890, 1577",idx_R,290,290.0
1,291.0,0.017549244686961174,0,0.001,,0.49299922365227533,0.005,0.49571153244850213,0,,"111, 291",IP0,Area_IntraParietal_0,Inferior_Parietal,17.0,146.0,"1203, 1239",idx_R,291,291.0
1,292.0,-0.5474628806114197,0,0.001,,0.2920303827084072,0.005,0.37879979354509047,0,,"112, 292",IP1,Area_IntraParietal_1,Inferior_Parietal,17.0,145.0,"1692, 1632",idx_R,292,292.0
1,293.0,1.3836984634399414,0,0.001,,0.08322540213235868,0.005,0.19450004202282312,0,,"113, 293",IP2,Area_IntraParietal_2,Inferior_Parietal,17.0,144.0,"2102, 1861",idx_R,293,293.0
1,294.0,1.6650599241256714,0,0.001,,0.04795040055609494,0.005,0.14748380777101927,0,,"114, 294",PF,Area_PF_Complex,Inferior_Parietal,17.0,148.0,"5457, 5251",idx_R,294,294.0
1,295.0,-0.013810536824166775,0,0.001,,0.49449056808286546,0.005,0.49571153244850213,0,,"115, 295",PFm,Area_PFm_Complex,Inferior_Parietal,17.0,149.0,"8220, 8141",idx_R,295,295.0
1,296.0,3.657844066619873,1,0.001,+,0.00012717285087515386,0.005,0.002088485867100826,1,+,"116, 296",PFop,Area_PF_Opercular,Inferior_Parietal,17.0,147.0,"1797, 1783",idx_R,296,296.0
1,297.0,2.4392447471618652,0,0.001,,0.007358998157375109,0.005,0.041583804717696314,0,,"117, 297",PFt,Area_PFt,Inferior_Parietal,17.0,116.0,"1983, 2039",idx_R,297,297.0
1,298.0,2.6398487091064453,0,0.001,,0.0041471522491853255,0.005,0.02853803073168207,0,,"118, 298",PGi,Area_PGi,Inferior_Parietal,17.0,150.0,"4791, 4970",idx_R,298,298.0
1,299.0,1.6381232738494873,0,0.001,,0.05069799042624248,0.005,0.15134841259598858,0,,"119, 299",PGp,Area_PGp,Inferior_Parietal,17.0,143.0,"2501, 3740",idx_R,299,299.0
1,300.0,0.8986803293228149,0,0.001,,0.18441147875728464,0.005,0.29829107719305803,0,,"120, 300",PGs,Area_PGs,Inferior_Parietal,17.0,151.0,"4552, 3366",idx_R,300,300.0
1,301.0,0.8918547630310059,0,0.001,,0.18623539213939438,0.005,0.30004590955791316,0,,"121, 301",23d,Area_23d,Posterior_Cingulate,18.0,32.0,"1261, 1513",idx_R,301,301.0
1,302.0,1.0259913206100464,0,0.001,,0.1524478376083026,0.005,0.27146413188145113,0,,"122, 302",31a,Area_31a,Posterior_Cingulate,18.0,162.0,"1260, 1116",idx_R,302,302.0
1,303.0,1.9898358583450317,0,0.001,,0.023304509969063757,0.005,0.09011077188037986,0,,"123, 303",31pd,Area_31pd,Posterior_Cingulate,18.0,161.0,"1428, 864",idx_R,303,303.0
1,304.0,1.399445652961731,0,0.001,,0.08083969242291605,0.005,0.19193517616201122,0,,"124, 304",31pv,Area_31p_ventral,Posterior_Cingulate,18.0,35.0,"950, 1022",idx_R,304,304.0
1,305.0,3.941488742828369,1,0.001,+,4.048871805653653e-05,0.005,0.0008219209765476915,1,+,"125, 305",7 m,Area_7m,Posterior_Cingulate,18.0,30.0,"2128, 2067",idx_R,305,305.0
1,306.0,0.8830154538154602,0,0.001,,0.18861396095742666,0.005,0.3014853076721072,0,,"126, 306",d23ab,Area_dorsal_23_a + b,Posterior_Cingulate,18.0,34.0,"1607, 1106",idx_R,306,306.0
1,307.0,4.070104598999023,1,0.001,+,2.349601715920262e-05,0.005,0.0005611401745080156,1,+,"127, 307",DVT,Dorsal_Transitional_Visual_Area,Posterior_Cingulate,18.0,142.0,"1806, 2176",idx_R,307,307.0
1,308.0,3.168018341064453,1,0.001,+,0.0007674091870111519,0.005,0.007599222681134821,0,,"128, 308",PCV,PreCuneus_Visual_Area,Posterior_Cingulate,18.0,27.0,"2245, 2416",idx_R,308,308.0
1,309.0,2.282564401626587,0,0.001,,0.011228019938281934,0.005,0.054268763035029345,0,,"129, 309",POS1,Parieto-Occipital_Sulcus_Area_1,Posterior_Cingulate,18.0,31.0,"2531, 2727",idx_R,309,309.0
1,310.0,5.055967807769775,1,0.001,+,2.141067843822927e-07,0.005,9.658594939912315e-06,1,+,"130, 310",POS2,Parieto-Occipital_Sulcus_Area_2,Posterior_Cingulate,18.0,15.0,"3261, 3093",idx_R,310,310.0
1,311.0,-0.8673533201217651,0,0.001,,0.19287422504780355,0.005,0.3019318984229069,0,,"131, 311",ProS,ProStriate_Area,Posterior_Cingulate,18.0,121.0,"1222, 1055",idx_R,311,311.0
1,312.0,6.038801670074463,1,0.001,+,7.763146859179458e-10,0.005,1.0506125416089534e-07,1,+,"132, 312",RSC,RetroSplenial_Complex,Posterior_Cingulate,18.0,14.0,"2830, 3067",idx_R,312,312.0
1,313.0,3.361454963684082,1,0.001,+,0.0003876649967823081,0.005,0.004496913962674773,1,+,"133, 313",v23ab,Area_ventral_23_a + b,Posterior_Cingulate,18.0,33.0,"916, 1089",idx_R,313,313.0
1,314.0,1.5440324544906616,0,0.001,,0.06129023525794804,0.005,0.16700560748138862,0,,"134, 314",10r,Area_10r,AntCing_MedPFC,19.0,65.0,"1589, 1053",idx_R,314,314.0
1,315.0,3.0724005699157715,0,0.001,,0.0010617228123597513,0.005,0.009370857865609978,0,,"135, 315",10v,Area_10v,AntCing_MedPFC,19.0,88.0,"3906, 2667",idx_R,315,315.0
1,316.0,0.6897190809249878,0,0.001,,0.24518543208461863,0.005,0.3432596049184661,0,,"136, 316",25,Area_25,AntCing_MedPFC,19.0,164.0,"1911, 2135",idx_R,316,316.0
1,317.0,-0.8098146319389343,0,0.001,,0.20902336088586448,0.005,0.3150483061242482,0,,"137, 317",33pr,Area_33_prime,AntCing_MedPFC,19.0,58.0,"1354, 1316",idx_R,317,317.0
1,318.0,-2.1441783905029297,0,0.001,,0.016009297932205662,0.005,0.06843374241769283,0,,"138, 318",8BM,Area_8BM,AntCing_MedPFC,19.0,63.0,"3122, 3436",idx_R,318,318.0
1,319.0,1.234822154045105,0,0.001,,0.10844835019158744,0.005,0.2265963989685219,0,,"139, 319",9 m,Area_9_Middle,AntCing_MedPFC,19.0,69.0,"6338, 5881",idx_R,319,319.0
1,320.0,1.2396281957626343,0,0.001,,0.10755647339071533,0.005,0.2265963989685219,0,,"140, 320",a24,Area_a24,AntCing_MedPFC,19.0,61.0,"2085, 2152",idx_R,320,320.0
1,321.0,1.0227811336517334,0,0.001,,0.15320567009977548,0.005,0.27151850363359914,0,,"141, 321",a24pr,Anterior_24_prime,AntCing_MedPFC,19.0,59.0,"1095, 1474",idx_R,321,321.0
1,322.0,-0.9425693154335022,0,0.001,,0.17295062050758997,0.005,0.29503341145412404,0,,"142, 322",a32pr,Area_anterior_32_prime,AntCing_MedPFC,19.0,179.0,"1759, 1118",idx_R,322,322.0
1,323.0,-0.10898897051811218,0,0.001,,0.45660561923573045,0.005,0.47937246299177977,0,,"143, 323",d32,Area_dorsal_32,AntCing_MedPFC,19.0,62.0,"2228, 2374",idx_R,323,323.0
1,324.0,0.45115745067596436,0,0.001,,0.3259380368596877,0.005,0.38920836166186235,0,,"144, 324",p24,Area_posterior_24,AntCing_MedPFC,19.0,180.0,"2394, 2442",idx_R,324,324.0
1,325.0,4.396007537841797,1,0.001,+,5.513005325783666e-06,0.005,0.0001598771544477263,1,+,"145, 325",p24pr,Area_Posterior_24_prime,AntCing_MedPFC,19.0,57.0,"1422, 1724",idx_R,325,325.0
1,326.0,1.4439865350723267,0,0.001,,0.07437138148190676,0.005,0.18524405448867573,0,,"146, 326",p32,Area_p32,AntCing_MedPFC,19.0,64.0,"1180, 1765",idx_R,326,326.0
1,327.0,1.6795247793197632,0,0.001,,0.04652490686765554,0.005,0.14530086298667808,0,,"147, 327",p32pr,Area_p32_prime,AntCing_MedPFC,19.0,60.0,"1569, 1305",idx_R,327,327.0
1,328.0,-0.35984674096107483,0,0.001,,0.35948087354269354,0.005,0.4158097853513777,0,,"148, 328",pOFC,Posterior_OFC_Complex,AntCing_MedPFC,19.0,166.0,"2486, 2836",idx_R,328,328.0
1,329.0,0.7725225687026978,0,0.001,,0.21990249264319678,0.005,0.3219026439985315,0,,"149, 329",s32,Area_s32,AntCing_MedPFC,19.0,165.0,"604, 1015",idx_R,329,329.0
1,330.0,0.8081056475639343,0,0.001,,0.20951488338312074,0.005,0.3150483061242482,0,,"150, 330",10d,Area_10d,OrbPolaFrontal,20.0,72.0,"3644, 3096",idx_R,330,330.0
1,331.0,0.7385349869728088,0,0.001,,0.23009470727247133,0.005,0.3301005341082098,0,,"151, 331",10 pp,Polar_10p,OrbPolaFrontal,20.0,90.0,"1997, 2487",idx_R,331,331.0
1,332.0,-0.3746076226234436,0,0.001,,0.3539761515847774,0.005,0.4106123358383418,0,,"152, 332",11 l,Area_11l,OrbPolaFrontal,20.0,91.0,"3531, 3793",idx_R,332,332.0
1,333.0,-3.3965654373168945,1,0.001,-,0.00034118619812339973,0.005,0.004074164601120597,1,-,"153, 333",13 l,Area_13l,OrbPolaFrontal,20.0,92.0,"2429, 1757",idx_R,333,333.0
1,334.0,-1.1005486249923706,0,0.001,,0.13554657786031526,0.005,0.25477736394114814,0,,"154, 334",47 m,Area_47m,OrbPolaFrontal,20.0,66.0,"799, 781",idx_R,334,334.0
1,335.0,-0.4768313765525818,0,0.001,,0.31674110047566606,0.005,0.38129515829864186,0,,"155, 335",47 s,Area_47s,OrbPolaFrontal,20.0,94.0,"2795, 3080",idx_R,335,335.0
1,336.0,2.3030693531036377,0,0.001,,0.010637470652401523,0.005,0.052668452254573395,0,,"156, 336",a10p,Area_anterior_10p,OrbPolaFrontal,20.0,89.0,"1964, 1748",idx_R,336,336.0
1,337.0,-0.9760571122169495,0,0.001,,0.16451808147316443,0.005,0.28423123863023303,0,,"157, 337",OFC,Orbital_Frontal_Complex,OrbPolaFrontal,20.0,93.0,"4560, 5232",idx_R,337,337.0
1,338.0,1.1747325658798218,0,0.001,,0.12005086312509045,0.005,0.23892475700385649,0,,"158, 338",p10p,Area_posterior_10p,OrbPolaFrontal,20.0,170.0,"2116, 2365",idx_R,338,338.0
1,339.0,-0.15871690213680267,0,0.001,,0.4369459605018397,0.005,0.46807403684365945,0,,"159, 339",44,Area_44,Inferior_Frontal,21.0,74.0,"2435, 2589",idx_R,339,339.0
1,340.0,0.24859026074409485,0,0.001,,0.40183887142734964,0.005,0.44213165799323567,0,,"160, 340",45,Area_45,Inferior_Frontal,21.0,75.0,"3762, 2962",idx_R,340,340.0
1,341.0,-0.7956134676933289,0,0.001,,0.2131283681222479,0.005,0.3181254318295318,0,,"161, 341",47 l,Area_47l_(47_lateral),Inferior_Frontal,21.0,76.0,"2527, 2592",idx_R,341,341.0
1,342.0,-1.691906452178955,0,0.001,,0.04533190579046815,0.005,0.14277986286178918,0,,"162, 342",a47r,Area_anterior_47r,Inferior_Frontal,21.0,77.0,"4167, 3763",idx_R,342,342.0
1,343.0,0.5267553329467773,0,0.001,,0.29918175246988654,0.005,0.38026417566674886,0,,"163, 343",IFJa,Area_IFJa,Inferior_Frontal,21.0,79.0,"1513, 1405",idx_R,343,343.0
1,344.0,-1.336370825767517,0,0.001,,0.09071404857882914,0.005,0.20348013106632393,0,,"164, 344",IFJp,Area_IFJp,Inferior_Frontal,21.0,80.0,"960, 740",idx_R,344,344.0
1,345.0,-2.5186307430267334,0,0.001,,0.005890606785602038,0.005,0.03722016982200309,0,,"165, 345",IFSa,Area_IFSa,Inferior_Frontal,21.0,82.0,"2057, 2641",idx_R,345,345.0
1,346.0,-2.102341651916504,0,0.001,,0.01776167920576085,0.005,0.07284082583372631,0,,"166, 346",IFSp,Area_IFSp,Inferior_Frontal,21.0,81.0,"1589, 1730",idx_R,346,346.0
1,347.0,-1.9507213830947876,0,0.001,,0.02554509913507745,0.005,0.09700366386703156,0,,"167, 347",p47r,Area_posterior_47r,Inferior_Frontal,21.0,171.0,"2133, 1761",idx_R,347,347.0
1,348.0,-0.2867266535758972,0,0.001,,0.38716081374572453,0.005,0.4330228385145018,0,,"168, 348",46,Area_46,Dorsolateral_Prefrontal,22.0,84.0,"4863, 4394",idx_R,348,348.0
1,349.0,1.2741249799728394,0,0.001,,0.10130956340420183,0.005,0.22113807925863407,0,,"169, 349",8Ad,Area_8Ad,Dorsolateral_Prefrontal,22.0,68.0,"3386, 3492",idx_R,349,349.0
1,350.0,-0.12265893816947937,0,0.001,,0.4511885904249822,0.005,0.47579887717543573,0,,"170, 350",8Av,Area_8Av,Dorsolateral_Prefrontal,22.0,67.0,"4807, 5902",idx_R,350,350.0
1,351.0,-0.7681165933609009,0,0.001,,0.22120895979209432,0.005,0.3219026439985315,0,,"171, 351",8BL,Area_8B_Lateral,Dorsolateral_Prefrontal,22.0,70.0,"3377, 4078",idx_R,351,351.0
1,352.0,-0.19455085694789886,0,0.001,,0.4228722891372593,0.005,0.4590538753736023,0,,"172, 352",8C,Area_8C,Dorsolateral_Prefrontal,22.0,73.0,"4085, 3134",idx_R,352,352.0
1,353.0,1.034736156463623,0,0.001,,0.150396072842157,0.005,0.26899033292473895,0,,"173, 353",9-46d,Area_9-46d,Dorsolateral_Prefrontal,22.0,86.0,"4534, 4666",idx_R,353,353.0
1,354.0,-0.4748893678188324,0,0.001,,0.3174329150368004,0.005,0.38129515829864186,0,,"174, 354",9a,Area_9_anterior,Dorsolateral_Prefrontal,22.0,87.0,"3706, 3048",idx_R,354,354.0
1,355.0,0.3872436583042145,0,0.001,,0.34928791595107445,0.005,0.4086769275969344,0,,"175, 355",9p,Area_9_Posterior,Dorsolateral_Prefrontal,22.0,71.0,"3426, 2488",idx_R,355,355.0
1,356.0,-1.2314776182174683,0,0.001,,0.1090721413220645,0.005,0.2265963989685219,0,,"176, 356",a9-46v,Area_anterior_9-46v,Dorsolateral_Prefrontal,22.0,85.0,"3314, 2628",idx_R,356,356.0
1,357.0,-0.17218823730945587,0,0.001,,0.43164477251808286,0.005,0.46484821655793535,0,,"177, 357",i6-8,Inferior_6-8_Transitional_Area,Dorsolateral_Prefrontal,22.0,97.0,"1764, 2418",idx_R,357,357.0
1,358.0,-1.5553234815597534,0,0.001,,0.059934523831163704,0.005,0.16553344677178547,0,,"178, 358",p9-46v,Area_posterior_9-46v,Dorsolateral_Prefrontal,22.0,83.0,"2871, 4635",idx_R,358,358.0
1,359.0,0.5430684089660645,0,0.001,,0.29354135129972914,0.005,0.37949910870555875,0,,"179, 359",s6-8,Superior_6-8_Transitional_Area,Dorsolateral_Prefrontal,22.0,98.0,"1336, 2132",idx_R,359,359.0
1,360.0,-0.0304906964302063,0,0.001,,0.4878378565530918,0.005,0.49515542440138816,0,,"180, 360",SFL,Superior_Frontal_Language_Area,Dorsolateral_Prefrontal,22.0,26.0,"3873, 3055",idx_R,360,360.0
1,361.0,0.879561722278595,0,0.001,,0.18954839131322448,0.005,0.3017907720516437,0,,"361, 394",AV,Thalamus: Anteroventral Nucleus,,,,"256, 280",idx_L,361,361.0
1,362.0,0.85691899061203,0,0.001,,0.1957448283326822,0.005,0.3019318984229069,0,,"362, 395",CeM,Thalamus: Central medial,,,,"96, 88",idx_L,362,362.0
1,363.0,-0.6083996891975403,0,0.001,,0.2714612087843508,0.005,0.36494453896174317,0,,"363, 396",CL,Thalamus: Central lateral,,,,"16, 16",idx_L,363,363.0
1,366.0,-1.6142154932022095,0,0.001,,0.053240346280022596,0.005,0.1555077740265408,0,,"366, 399",LGN,Thalamus: Lateral Geniculate,,,,"328, 256",idx_L,366,366.0
1,367.0,0.014201486483216286,0,0.001,,0.4943346170324364,0.005,0.49571153244850213,0,,"367, 400",LP,Thalamus: Lateral Posterior,,,,"256, 264",idx_L,367,367.0
1,368.0,-0.2516097128391266,0,0.001,,0.4006713751775153,0.005,0.44204504978823694,0,,"368, 401",L-Sg,Thalamus: Limitans Suprageniculate,,,,"32, 16",idx_L,368,368.0
1,369.0,0.7172179222106934,0,0.001,,0.23661982119192015,0.005,0.33511460543768395,0,,"369, 402",MDl,Thalamus: Mediodorsolateral parvocellular,,,,"328, 320",idx_L,369,369.0
1,370.0,0.4929806888103485,0,0.001,,0.3110131161735479,0.005,0.38129515829864186,0,,"370, 403",MDm,Thalamus: Mediodorsomedial magnocellular,,,,"1104, 1192",idx_L,370,370.0
1,371.0,-1.6420038938522339,0,0.001,,0.05029459856015256,0.005,0.15134841259598858,0,,"371, 404",MGN,Thalamus: Medial Geniculate,,,,"160, 168",idx_L,371,371.0
1,372.0,-0.9312068819999695,0,0.001,,0.17587327932386626,0.005,0.29751896418954044,0,,"372, 405",MV(Re),Thalamus: Reuniens,,,,"8, 8",idx_L,372,372.0
1,374.0,0.2804301083087921,0,0.001,,0.3895737701303659,0.005,0.4345245897607928,0,,"374, 407",PuA,Thalamus: Pulvinar anterior,,,,"320, 280",idx_L,374,374.0
1,375.0,-1.4161248207092285,0,0.001,,0.07836948107824798,0.005,0.18939291260576593,0,,"375, 408",PuI,Thalamus: Pulvinar inferior,,,,"336, 280",idx_L,375,375.0
1,376.0,1.146816611289978,0,0.001,,0.12572871118200168,0.005,0.24406364261017538,0,,"376, 409",PuL,Thalamus: Pulvinar lateral,,,,"304, 256",idx_L,376,376.0
1,377.0,1.4361213445663452,0,0.001,,0.07548390771807914,0.005,0.1857361608093341,0,,"377, 410",PuM,Thalamus: Pulvinar medial,,,,"1904, 1680",idx_L,377,377.0
1,378.0,-0.4820486009120941,0,0.001,,0.3148857107465832,0.005,0.38129515829864186,0,,"378, 411",VA,Thalamus: Ventral Anterior,,,,"608, 616",idx_L,378,378.0
1,379.0,-0.060788966715335846,0,0.001,,0.47576363867859733,0.005,0.4879887714049266,0,,"379, 412",VLa,Thalamus: Ventral Lateral Anterior,,,,"880, 856",idx_L,379,379.0
1,380.0,0.9176572561264038,0,0.001,,0.17939916607521295,0.005,0.29829107719305803,0,,"380, 413",VLp,Thalamus: Ventral Lateral Posterior,,,,"1384, 1288",idx_L,380,380.0
1,382.0,0.49485525488853455,0,0.001,,0.31035114873960046,0.005,0.38129515829864186,0,,"382, 415",Putam,Putamen,,,,"7896, 7744",idx_L,382,382.0
1,383.0,1.3908990621566772,0,0.001,,0.08212801862874275,0.005,0.1938603230422649,0,,"383, 416",Caud,Caudate,,,,"6896, 6952",idx_L,383,383.0
1,384.0,0.35404691100120544,0,0.001,,0.3616518636309338,0.005,0.41713254725613386,0,,"384, 417",NAc,Nucleus Accumbens,,,,"600, 632",idx_L,384,384.0
1,387.0,-3.9938032627105713,1,0.001,-,3.251091066740615e-05,0.005,0.0006947068279456261,1,-,"387, 420",Amyg,Amygdala,,,,"1608, 1632",idx_L,387,387.0
1,391.0,-0.23983924090862274,0,0.001,,0.40522744239888514,0.005,0.44345644639877996,0,,"391, 424",MB,Mammillary bodies,,,,"112, 104",idx_L,391,391.0
1,392.0,-0.5885151624679565,0,0.001,,0.27809327979630494,0.005,0.368973436592483,0,,"392, 425",Septum,Septal nuclei,,,,"248, 136",idx_L,392,392.0
1,393.0,-0.07210424542427063,0,0.001,,0.4712594738311046,0.005,0.48561255425235655,0,,"393, 426",Nb,Nucleus basalis,,,,"584, 600",idx_L,393,393.0
1,394.0,2.868124008178711,0,0.001,,0.00206456828210835,0.005,0.01710642290889776,0,,"361, 394",AV,Thalamus: Anteroventral Nucleus,,,,"256, 280",idx_R,394,394.0
1,395.0,1.147838830947876,0,0.001,,0.12551755190672065,0.005,0.24406364261017538,0,,"362, 395",CeM,Thalamus: Central medial,,,,"96, 88",idx_R,395,395.0
1,399.0,-0.3419050872325897,0,0.001,,0.36621116052786296,0.005,0.41892430557374316,0,,"366, 399",LGN,Thalamus: Lateral Geniculate,,,,"328, 256",idx_R,399,399.0
1,400.0,0.4624226689338684,0,0.001,,0.32188912304353967,0.005,0.38550732730288234,0,,"367, 400",LP,Thalamus: Lateral Posterior,,,,"256, 264",idx_R,400,400.0
1,402.0,-0.753960907459259,0,0.001,,0.22543634791493322,0.005,0.3268827044766532,0,,"369, 402",MDl,Thalamus: Mediodorsolateral parvocellular,,,,"328, 320",idx_R,402,402.0
1,403.0,0.7311030626296997,0,0.001,,0.23235810189120004,0.005,0.33217390622474374,0,,"370, 403",MDm,Thalamus: Mediodorsomedial magnocellular,,,,"1104, 1192",idx_R,403,403.0
1,404.0,0.6383751034736633,0,0.001,,0.2616147667418651,0.005,0.35527450686195117,0,,"371, 404",MGN,Thalamus: Medial Geniculate,,,,"160, 168",idx_R,404,404.0
1,406.0,-0.2545810639858246,0,0.001,,0.39952334307016296,0.005,0.441979502143014,0,,"373, 406",Pf,Thalamus: Parafascicular,,,,"56, 72",idx_R,406,406.0
1,407.0,2.9623937606811523,0,0.001,,0.0015262856598888728,0.005,0.012909832873226716,0,,"374, 407",PuA,Thalamus: Pulvinar anterior,,,,"320, 280",idx_R,407,407.0
1,408.0,1.4780404567718506,0,0.001,,0.06969847492964633,0.005,0.17797220642412837,0,,"375, 408",PuI,Thalamus: Pulvinar inferior,,,,"336, 280",idx_R,408,408.0
1,409.0,0.8998704552650452,0,0.001,,0.18409459729934446,0.005,0.29829107719305803,0,,"376, 409",PuL,Thalamus: Pulvinar lateral,,,,"304, 256",idx_R,409,409.0
1,410.0,4.7274298667907715,1,0.001,+,1.1368978074966566e-06,0.005,3.846504248697022e-05,1,+,"377, 410",PuM,Thalamus: Pulvinar medial,,,,"1904, 1680",idx_R,410,410.0
1,411.0,1.361141562461853,0,0.001,,0.0867344786437465,0.005,0.1977800445018106,0,,"378, 411",VA,Thalamus: Ventral Anterior,,,,"608, 616",idx_R,411,411.0
1,412.0,0.7865394353866577,0,0.001,,0.21577576262152753,0.005,0.3197261300158401,0,,"379, 412",VLa,Thalamus: Ventral Lateral Anterior,,,,"880, 856",idx_R,412,412.0
1,415.0,0.1810227334499359,0,0.001,,0.4281748660412062,0.005,0.4623377542891748,0,,"382, 415",Putam,Putamen,,,,"7896, 7744",idx_R,415,415.0
1,416.0,0.8729916214942932,0,0.001,,0.19133382227075107,0.005,0.3018927128534229,0,,"383, 416",Caud,Caudate,,,,"6896, 6952",idx_R,416,416.0
1,417.0,0.5131880044937134,0,0.001,,0.3039099080494303,0.005,0.3808253786051503,0,,"384, 417",NAc,Nucleus Accumbens,,,,"600, 632",idx_R,417,417.0
1,420.0,-1.0394272804260254,0,0.001,,0.1493030309946735,0.005,0.2688904502487123,0,,"387, 420",Amyg,Amygdala,,,,"1608, 1632",idx_R,420,420.0
1,424.0,-0.5349123477935791,0,0.001,,0.29635523474793046,0.005,0.37949910870555875,0,,"391, 424",MB,Mammillary bodies,,,,"112, 104",idx_R,424,424.0
1,425.0,-0.4801008403301239,0,0.001,,0.31557784536640404,0.005,0.38129515829864186,0,,"392, 425",Septum,Septal nuclei,,,,"248, 136",idx_R,425,425.0
1,426.0,-1.6674814224243164,0,0.001,,0.047709357714957414,0.005,0.14748380777101927,0,,"393, 426",Nb,Nucleus basalis,,,,"584, 600",idx_R,426,426.0
2,0.0,-3.4152677059173584,1,0.001,-,0.00031859676555185063,0.005,0.003403954916159246,1,-,,,,,,,,,,
2,1.0,-0.7596370577812195,0,0.001,,0.22373578081111872,0.005,0.3143139342882844,0,,"1, 181",V1,Primary_Visual_Cortex,Primary_Visual,1.0,1.0,"13,812, 13,406",idx_L,1,1.0
2,2.0,0.054192811250686646,0,0.001,,0.4783907740303652,0.005,0.4877770813255493,0,,"2, 182",V2,Second_Visual_Area,Early_Visual,2.0,4.0,"9515, 9420",idx_L,2,2.0
2,3.0,-0.2186325192451477,0,0.001,,0.4134681594403981,0.005,0.4644915012207858,0,,"3, 183",V3,Third_Visual_Area,Early_Visual,2.0,5.0,"7106, 7481",idx_L,3,3.0
2,4.0,-2.2162420749664307,0,0.001,,0.013337463867140548,0.005,0.04425693216233846,0,,"4, 184",V4,Fourth_Visual_Area,Early_Visual,2.0,6.0,"4782, 4537",idx_L,4,4.0
2,5.0,-1.3097282648086548,0,0.001,,0.09514388910390154,0.005,0.17801114735568674,0,,"5, 185",IPS1,IntraParietal_Sulcus_Area_1,Dorsal_Stream_Visual,3.0,17.0,"1751, 1750",idx_L,5,5.0
2,6.0,0.07007961720228195,0,0.001,,0.4720651449628553,0.005,0.4877770813255493,0,,"6, 186",V3A,Area_V3A,Dorsal_Stream_Visual,3.0,13.0,"2191, 2212",idx_L,6,6.0
2,7.0,-1.132065773010254,0,0.001,,0.12880339160965443,0.005,0.22224354854851927,0,,"7, 187",V3B,Area_V3B,Dorsal_Stream_Visual,3.0,19.0,"639, 731",idx_L,7,7.0
2,8.0,0.3438418507575989,0,0.001,,0.3654826123227265,0.005,0.4279553376707088,0,,"8, 188",V6,Sixth_Visual_Area,Dorsal_Stream_Visual,3.0,3.0,"1402, 1559",idx_L,8,8.0
2,9.0,1.163267731666565,0,0.001,,0.1223604467431777,0.005,0.21321176556965726,0,,"9, 189",V6A,Area_V6A,Dorsal_Stream_Visual,3.0,152.0,"904, 734",idx_L,9,9.0
2,10.0,-1.629087209701538,0,0.001,,0.05164727923081634,0.005,0.11396084438973605,0,,"10, 190",V7,Seventh_Visual_Area,Dorsal_Stream_Visual,3.0,16.0,"1005, 1041",idx_L,10,10.0
2,11.0,-1.5542196035385132,0,0.001,,0.06006602148326583,0.005,0.1261928918501742,0,,"11, 191",FFC,Fusiform_Face_Complex,Ventral_Stream_Visual,4.0,18.0,"3848, 4402",idx_L,11,11.0
2,12.0,-0.9004974365234375,0,0.001,,0.18392779445457863,0.005,0.2807318967990937,0,,"12, 192",PIT,Posterior_InferoTemporal_complex,Ventral_Stream_Visual,4.0,22.0,"1392, 1386",idx_L,12,12.0
2,13.0,-1.5001858472824097,0,0.001,,0.0667831341305829,0.005,0.13763427643155665,0,,"13, 193",V8,Eighth_Visual_Area,Ventral_Stream_Visual,4.0,7.0,"1361, 1175",idx_L,13,13.0
2,14.0,0.3994937241077423,0,0.001,,0.3447647235555109,0.005,0.41048233948251445,0,,"14, 194",VMV1,VentroMedial_Visual_Area_1,Ventral_Stream_Visual,4.0,153.0,"939, 1219",idx_L,14,14.0
2,15.0,-1.288063883781433,0,0.001,,0.09886186305267913,0.005,0.18139030527582953,0,,"15, 195",VMV2,VentroMedial_Visual_Area_2,Ventral_Stream_Visual,4.0,160.0,"639, 923",idx_L,15,15.0
2,16.0,-1.3011891841888428,0,0.001,,0.09659685325490447,0.005,0.17990056156647347,0,,"16, 196",VMV3,VentroMedial_Visual_Area_3,Ventral_Stream_Visual,4.0,154.0,"941, 1242",idx_L,16,16.0
2,17.0,-0.7253364324569702,0,0.001,,0.23412283011913615,0.005,0.3244159352504071,0,,"17, 197",VVC,Ventral_Visual_Complex,Ventral_Stream_Visual,4.0,163.0,"2487, 2753",idx_L,17,17.0
2,18.0,-3.1727237701416016,1,0.001,-,0.0007550806612392539,0.005,0.005784202801191266,0,,"18, 198",FST,Area_FST,MT + _Complex,5.0,157.0,"1324, 1683",idx_L,18,18.0
2,19.0,-1.3182955980300903,0,0.001,,0.09370235698529733,0.005,0.17612572655569775,0,,"19, 199",LO1,Area_Lateral_Occipital_1,MT + _Complex,5.0,20.0,"619, 909",idx_L,19,19.0
2,20.0,-2.8021607398986816,0,0.001,,0.002538078745333393,0.005,0.0137394662747381,0,,"20, 200",LO2,Area_Lateral_Occipital_2,MT + _Complex,5.0,21.0,"1179, 1062",idx_L,20,20.0
2,21.0,0.30535611510276794,0,0.001,,0.38004747083552276,0.005,0.43794927059931493,0,,"21, 201",LO3,Area_Lateral_Occipital_3,MT + _Complex,5.0,159.0,"438, 915",idx_L,21,21.0
2,22.0,-0.8825546503067017,0,0.001,,0.1887384700149709,0.005,0.28592469711223206,0,,"22, 202",MST,Medial_Superior_Temporal_Area,MT + _Complex,5.0,2.0,"794, 1036",idx_L,22,22.0
2,23.0,0.1145692765712738,0,0.001,,0.45439326652909656,0.005,0.48294153458328065,0,,"23, 203",MT,Middle_Temporal_Area,MT + _Complex,5.0,23.0,"620, 1005",idx_L,23,23.0
2,24.0,-2.992394208908081,0,0.001,,0.001383992916591477,0.005,0.009062921357034511,0,,"24, 204",PH,Area_PH,MT + _Complex,5.0,138.0,"3453, 3205",idx_L,24,24.0
2,25.0,-1.8439512252807617,0,0.001,,0.032595124362829596,0.005,0.07972060536933022,0,,"25, 205",V3CD,Area_V3CD,MT + _Complex,5.0,158.0,"876, 1222",idx_L,25,25.0
2,26.0,-3.765467643737793,1,0.001,-,8.311882559171488e-05,0.005,0.0011636635582840083,1,-,"26, 206",V4t,Area_V4t,MT + _Complex,5.0,156.0,"1037, 1249",idx_L,26,26.0
2,27.0,-1.925101637840271,0,0.001,,0.027108322055017075,0.005,0.07010177550533078,0,,"27, 207",1,Area_1,SomaSens_Motor,6.0,51.0,"6590, 5925",idx_L,27,27.0
2,28.0,-1.8019260168075562,0,0.001,,0.03577852315245846,0.005,0.08544753176410667,0,,"28, 208",2,Area_2,SomaSens_Motor,6.0,52.0,"4278, 4727",idx_L,28,28.0
2,29.0,-1.9256010055541992,0,0.001,,0.027077106536329963,0.005,0.07010177550533078,0,,"29, 209",3a,Area_3a,SomaSens_Motor,6.0,53.0,"2247, 2286",idx_L,29,29.0
2,30.0,-2.1703426837921143,0,0.001,,0.01499044767060169,0.005,0.0467147535144152,0,,"30, 210",3b,Primary_Sensory_Cortex,SomaSens_Motor,6.0,9.0,"5451, 4350",idx_L,30,30.0
2,31.0,-2.8651676177978516,0,0.001,,0.002083942812245773,0.005,0.012086868311025482,0,,"31, 211",4,Primary_Motor_Cortex,SomaSens_Motor,6.0,8.0,"10,776, 10,254",idx_L,31,31.0
2,32.0,-2.1790966987609863,0,0.001,,0.014662242729167049,0.005,0.04614628331815365,0,,"32, 212",23c,Area_23c,ParaCentral_MidCing,7.0,38.0,"2259, 2498",idx_L,32,32.0
2,33.0,-1.580809235572815,0,0.001,,0.0569608311030358,0.005,0.1223603038509658,0,,"33, 213",24dd,Dorsal_Area_24d,ParaCentral_MidCing,7.0,40.0,"2665, 2820",idx_L,33,33.0
2,34.0,-0.8301141262054443,0,0.001,,0.20323713050759834,0.005,0.2978854692638445,0,,"34, 214",24dv,Ventral_Area_24d,ParaCentral_MidCing,7.0,41.0,"1076, 1349",idx_L,34,34.0
2,35.0,-0.8438280820846558,0,0.001,,0.19938274035890902,0.005,0.2954357393639309,0,,"35, 215",5L,Area_5L,ParaCentral_MidCing,7.0,39.0,"2249, 2327",idx_L,35,35.0
2,36.0,0.4362470805644989,0,0.001,,0.33132873622265274,0.005,0.40396236308227335,0,,"36, 216",5 m,Area_5m,ParaCentral_MidCing,7.0,36.0,"1483, 2079",idx_L,36,36.0
2,37.0,0.16333319246768951,0,0.001,,0.43512805049592296,0.005,0.47029734357617753,0,,"37, 217",5mv,Area_5m_ventral,ParaCentral_MidCing,7.0,37.0,"1651, 1996",idx_L,37,37.0
2,38.0,-1.832543134689331,0,0.001,,0.033435270714104945,0.005,0.08128574796363237,0,,"38, 218",6ma,Area_6m_anterior,ParaCentral_MidCing,7.0,44.0,"3941, 4251",idx_L,38,38.0
2,39.0,-2.1116511821746826,0,0.001,,0.017358189550591076,0.005,0.05144105808423341,0,,"39, 219",6mp,Area_6mp,ParaCentral_MidCing,7.0,55.0,"3701, 3105",idx_L,39,39.0
2,40.0,-2.7697694301605225,0,0.001,,0.002804799366212886,0.005,0.014983533456347786,0,,"40, 220",SCEF,Supplementary_and_Cingulate_Eye_Field,ParaCentral_MidCing,7.0,43.0,"3500, 3371",idx_L,40,40.0
2,41.0,-4.022721290588379,1,0.001,-,2.8764779590278127e-05,0.005,0.0005561190720787104,1,-,"41, 221",55b,Area_55b,Premotor,8.0,12.0,"2422, 1537",idx_L,41,41.0
2,42.0,-0.16767771542072296,0,0.001,,0.43341841423536365,0.005,0.47029734357617753,0,,"42, 222",6a,Area_6_anterior,Premotor,8.0,96.0,"4233, 3752",idx_L,42,42.0
2,43.0,-3.205301523208618,1,0.001,-,0.000674605305784472,0.005,0.005267110656701839,0,,"43, 223",6d,Dorsal_area_6,Premotor,8.0,54.0,"2916, 2909",idx_L,43,43.0
2,44.0,-2.746100902557373,0,0.001,,0.0030154106045088363,0.005,0.015810590764079268,0,,"44, 224",6r,Rostral_Area_6,Premotor,8.0,78.0,"3029, 3981",idx_L,44,44.0
2,45.0,-2.2294201850891113,0,0.001,,0.012892980215652319,0.005,0.04345153624930567,0,,"45, 225",6v,Ventral_Area_6,Premotor,8.0,56.0,"2075, 2516",idx_L,45,45.0
2,46.0,-2.1524009704589844,0,0.001,,0.01568289367122631,0.005,0.04787409647005927,0,,"46, 226",FEF,Frontal_Eye_Fields,Premotor,8.0,10.0,"1787, 1889",idx_L,46,46.0
2,47.0,-2.464480400085449,0,0.001,,0.006860603387280935,0.005,0.02842249974730673,0,,"47, 227",PEF,Premotor_Eye_Field,Premotor,8.0,11.0,"1006, 1258",idx_L,47,47.0
2,48.0,-2.303149938583374,0,0.001,,0.010635204183821108,0.005,0.03873926612782496,0,,"48, 228",43,Area_43,Posterior_Opercular,9.0,99.0,"1889, 1678",idx_L,48,48.0
2,49.0,-2.249828815460205,0,0.001,,0.01222990703921159,0.005,0.04239690870149094,0,,"49, 229",FOP1,Frontal_Opercular_Area_1,Posterior_Opercular,9.0,113.0,"879, 932",idx_L,49,49.0
2,50.0,-1.6504147052764893,0,0.001,,0.04942907273748246,0.005,0.11087405265976728,0,,"50, 230",OP1,Area_OP1-SII,Posterior_Opercular,9.0,101.0,"1275, 1072",idx_L,50,50.0
2,51.0,-1.1327617168426514,0,0.001,,0.12865716610476569,0.005,0.22224354854851927,0,,"51, 231",OP2-3,Area_OP2-3-VS,Posterior_Opercular,9.0,102.0,"943, 792",idx_L,51,51.0
2,52.0,-0.9238304495811462,0,0.001,,0.17778729947642563,0.005,0.2744437155720093,0,,"52, 232",OP4,Area_OP4-PV,Posterior_Opercular,9.0,100.0,"2332, 2409",idx_L,52,52.0
2,53.0,-3.554539203643799,1,0.001,-,0.00018932102873829823,0.005,0.002260715813757326,1,-,"53, 233",52,Area_52,Early_Auditory,10.0,103.0,"725, 580",idx_L,53,53.0
2,54.0,1.350610613822937,0,0.001,,0.08841009951994272,0.005,0.17003018817664836,0,,"54, 234",A1,Primary_Auditory_Cortex,Early_Auditory,10.0,24.0,"1023, 796",idx_L,54,54.0
2,55.0,1.725286602973938,0,0.001,,0.04223791754182613,0.005,0.09855514093092765,0,,"55, 235",LBelt,Lateral_Belt_Complex,Early_Auditory,10.0,174.0,"820, 901",idx_L,55,55.0
2,56.0,2.029877185821533,0,0.001,,0.021184512316521846,0.005,0.060569802820477955,0,,"56, 236",MBelt,Medial_Belt_Complex,Early_Auditory,10.0,173.0,"1242, 1236",idx_L,56,56.0
2,57.0,0.21395978331565857,0,0.001,,0.41528920958886045,0.005,0.4644915012207858,0,,"57, 237",PBelt,ParaBelt_Complex,Early_Auditory,10.0,124.0,"1719, 1439",idx_L,57,57.0
2,58.0,-2.923245906829834,0,0.001,,0.0017320141161420504,0.005,0.010673324191082835,0,,"58, 238",PFcm,Area_PFcm,Early_Auditory,10.0,105.0,"1486, 1485",idx_L,58,58.0
2,59.0,-1.0721827745437622,0,0.001,,0.14181897288146028,0.005,0.2359774712699708,0,,"59, 239",RI,RetroInsular_Cortex,Early_Auditory,10.0,104.0,"1149, 1334",idx_L,59,59.0
2,60.0,1.0771150588989258,0,0.001,,0.1407144331501386,0.005,0.2359774712699708,0,,"60, 240",A4,Auditory_4_Complex,Auditory_Association,11.0,175.0,"3514, 3610",idx_L,60,60.0
2,61.0,1.552945852279663,0,0.001,,0.06021803561507731,0.005,0.1261928918501742,0,,"61, 241",A5,Auditory_5_Complex,Auditory_Association,11.0,125.0,"3346, 3881",idx_L,61,61.0
2,62.0,0.18784193694591522,0,0.001,,0.4255002799727901,0.005,0.46943780888302383,0,,"62, 242",STGa,Area_STGa,Auditory_Association,11.0,123.0,"2509, 2187",idx_L,62,62.0
2,63.0,1.0802994966506958,0,0.001,,0.14000441689614024,0.005,0.23585806331880887,0,,"63, 243",STSda,Area_STSd_anterior,Auditory_Association,11.0,128.0,"1944, 2389",idx_L,63,63.0
2,64.0,-0.08422593027353287,0,0.001,,0.46643840102884265,0.005,0.4865223552137722,0,,"64, 244",STSdp,Area_STSd_posterior,Auditory_Association,11.0,129.0,"1994, 2605",idx_L,64,64.0
2,65.0,2.8558294773101807,0,0.001,,0.00214622802317849,0.005,0.012272796864936155,0,,"65, 245",STSva,Area_STSv_anterior,Auditory_Association,11.0,176.0,"1694, 1900",idx_L,65,65.0
2,66.0,-0.8154852986335754,0,0.001,,0.20739728818371106,0.005,0.30180393907737163,0,,"66, 246",STSvp,Area_STSv_posterior,Auditory_Association,11.0,130.0,"2898, 2515",idx_L,66,66.0
2,67.0,-3.7057387828826904,1,0.001,-,0.000105387723368447,0.005,0.001380239215728693,1,-,"67, 247",TA2,Area_TA2,Auditory_Association,11.0,107.0,"1518, 1726",idx_L,67,67.0
2,68.0,-0.9342262744903564,0,0.001,,0.17509359257286428,0.005,0.2723678106689,0,,"68, 248",AAIC,Anterior_Agranular_Insula_Complex,Insula_FrontalOperc,12.0,112.0,"1859, 1691",idx_L,68,68.0
2,69.0,0.27303871512413025,0,0.001,,0.39241172772773136,0.005,0.4475257344310644,0,,"69, 249",AVI,Anterior_Ventral_Insular_Area,Insula_FrontalOperc,12.0,111.0,"1446, 1792",idx_L,69,69.0
2,70.0,-0.6569879651069641,0,0.001,,0.25559432744429356,0.005,0.3413529504683657,0,,"70, 250",FOP2,Frontal_Opercular_Area_2,Insula_FrontalOperc,12.0,115.0,"750, 720",idx_L,70,70.0
2,71.0,-0.6379633545875549,0,0.001,,0.26174876745796427,0.005,0.34615635044929477,0,,"71, 251",FOP3,Frontal_Opercular_Area_3,Insula_FrontalOperc,12.0,114.0,"754, 614",idx_L,71,71.0
2,72.0,-2.023461103439331,0,0.001,,0.021512814959647932,0.005,0.061078341773545874,0,,"72, 252",FOP4,Frontal_Opercular_Area_4,Insula_FrontalOperc,12.0,108.0,"2522, 1678",idx_L,72,72.0
2,73.0,-1.9428768157958984,0,0.001,,0.02601552188628857,0.005,0.0685863758820335,0,,"73, 253",FOP5,Area_Frontal_Opercular_5,Insula_FrontalOperc,12.0,169.0,"1297, 1365",idx_L,73,73.0
2,74.0,-1.5522679090499878,0,0.001,,0.06029906654909802,0.005,0.1261928918501742,0,,"74, 254",Ig,Insular_Granular_Complex,Insula_FrontalOperc,12.0,168.0,"841, 1077",idx_L,74,74.0
2,75.0,-2.584416151046753,0,0.001,,0.004877200965491263,0.005,0.0232958069645818,0,,"75, 255",MI,Middle_Insular_Area,Insula_FrontalOperc,12.0,109.0,"2102, 1960",idx_L,75,75.0
2,76.0,-2.5429933071136475,0,0.001,,0.0054953667168432556,0.005,0.024517789967454524,0,,"76, 256",PI,Para-Insular_Area,Insula_FrontalOperc,12.0,178.0,"1033, 1058",idx_L,76,76.0
2,77.0,-3.351558208465576,1,0.001,-,0.00040179071832783847,0.005,0.0039787080888073765,1,-,"77, 257",Pir,Pirform_Cortex,Insula_FrontalOperc,12.0,110.0,"2287, 1856",idx_L,77,77.0
2,78.0,-2.922696590423584,0,0.001,,0.0017350724054469634,0.005,0.010673324191082835,0,,"78, 258",PoI1,Area_Posterior_Insular_1,Insula_FrontalOperc,12.0,167.0,"1811, 1835",idx_L,78,78.0
2,79.0,-3.6100776195526123,1,0.001,-,0.00015305269515741382,0.005,0.0019418560698096878,1,-,"79, 259",PoI2,Posterior_Insular_Area_2,Insula_FrontalOperc,12.0,106.0,"2747, 2675",idx_L,79,79.0
2,80.0,0.31562379002571106,0,0.001,,0.37614403911130945,0.005,0.43757730624410207,0,,"80, 260",H,Hippocampus,Medial_Temporal,13.0,120.0,"4283, 3626",idx_L,80,80.0
2,81.0,1.1241512298583984,0,0.001,,0.13047443757216787,0.005,0.22351317153713143,0,,"81, 261",PreS,PreSubiculum,Medial_Temporal,13.0,119.0,"1817, 1558",idx_L,81,81.0
2,82.0,-0.02399466559290886,0,0.001,,0.49042843186182467,0.005,0.49152854294935244,0,,"82, 262",EC,Entorhinal_Cortex,Medial_Temporal,13.0,118.0,"2127, 2110",idx_L,82,82.0
2,83.0,-0.9212651252746582,0,0.001,,0.17845601209608486,0.005,0.2744437155720093,0,,"83, 263",PeEc,Perirhinal_Ectorhinal_Cortex,Medial_Temporal,13.0,122.0,"4826, 4755",idx_L,83,83.0
2,84.0,-0.4223496913909912,0,0.001,,0.33638489643382397,0.005,0.4044489063522315,0,,"84, 264",TF,Area_TF,Medial_Temporal,13.0,135.0,"3986, 4752",idx_L,84,84.0
2,85.0,1.453613042831421,0,0.001,,0.07302680939113508,0.005,0.1475068886208997,0,,"85, 265",PHA1,ParaHippocampal_Area_1,Medial_Temporal,13.0,126.0,"1281, 1168",idx_L,85,85.0
2,86.0,2.1994826793670654,0,0.001,,0.013921809698573038,0.005,0.04432753436618777,0,,"86, 266",PHA2,ParaHippocampal_Area_2,Medial_Temporal,13.0,155.0,"783, 771",idx_L,86,86.0
2,87.0,0.7675379514694214,0,0.001,,0.2213808688995838,0.005,0.31317293649209416,0,,"87, 267",PHA3,ParaHippocampal_Area_3,Medial_Temporal,13.0,127.0,"2023, 1122",idx_L,87,87.0
2,88.0,-3.9650063514709473,1,0.001,-,3.669699640255749e-05,0.005,0.0006772263881562882,1,-,"88, 268",PHT,Area_PHT,Lateral_Temporal,14.0,137.0,"4182, 3410",idx_L,88,88.0
2,89.0,1.703092336654663,0,0.001,,0.04427539491945786,0.005,0.10213528600738574,0,,"89, 269",TE1a,Area_TE1_anterior,Lateral_Temporal,14.0,132.0,"5227, 4180",idx_L,89,89.0
2,90.0,-2.9083523750305176,0,0.001,,0.001816693381901642,0.005,0.010846728133118627,0,,"90, 270",TE1m,Area_TE1_Middle,Lateral_Temporal,14.0,177.0,"3339, 3429",idx_L,90,90.0
2,91.0,-1.2753329277038574,0,0.001,,0.10109571386915955,0.005,0.18405766740304386,0,,"91, 271",TE1p,Area_TE1_posterior,Lateral_Temporal,14.0,133.0,"7116, 6010",idx_L,91,91.0
2,92.0,-2.603372812271118,0,0.001,,0.004615575592200476,0.005,0.0223086153623023,0,,"92, 272",TE2a,Area_TE2_anterior,Lateral_Temporal,14.0,134.0,"5691, 5753",idx_L,92,92.0
2,93.0,-1.5267876386642456,0,0.001,,0.06340691319307333,0.005,0.1320164449045527,0,,"93, 273",TE2p,Area_TE2_posterior,Lateral_Temporal,14.0,136.0,"4115, 3040",idx_L,93,93.0
2,94.0,-2.572415590286255,0,0.001,,0.005049578978527726,0.005,0.023651708598300406,0,,"94, 274",TGd,Area_TG_dorsal,Lateral_Temporal,14.0,131.0,"10,192, 10,269",idx_L,94,94.0
2,95.0,-1.6984413862228394,0,0.001,,0.0447122432590025,0.005,0.10256028679748595,0,,"95, 275",TGv,Area_TG_Ventral,Lateral_Temporal,14.0,172.0,"3694, 4515",idx_L,95,95.0
2,96.0,-5.510465145111084,1,0.001,-,1.789433382823443e-08,0.005,1.037871362037597e-06,1,-,"96, 276",PSL,PeriSylvian_Language_Area,TPO,15.0,25.0,"2154, 2759",idx_L,96,96.0
2,97.0,-3.8434946537017822,1,0.001,-,6.0647321476830064e-05,0.005,0.0009470312507535772,1,-,"97, 277",STV,Superior_Temporal_Visual_Area,TPO,15.0,28.0,"2322, 2294",idx_L,97,97.0
2,98.0,-1.9855824708938599,0,0.001,,0.02353985221526464,0.005,0.06457554053646922,0,,"98, 278",TPOJ1,Area_TemporoParietoOccipital_Junction_1,TPO,15.0,139.0,"2102, 3938",idx_L,98,98.0
2,99.0,-0.5225337743759155,0,0.001,,0.3006493685412679,0.005,0.3790796385955117,0,,"99, 279",TPOJ2,Area_TemporoParietoOccipital_Junction_2,TPO,15.0,140.0,"1930, 2068",idx_L,99,99.0
2,100.0,2.29049015045166,0,0.001,,0.010996459450702666,0.005,0.03873926612782496,0,,"100, 280",TPOJ3,Area_TemporoParietoOccipital_Junction_3,TPO,15.0,141.0,"1290, 1277",idx_L,100,100.0
2,101.0,-1.1640838384628296,0,0.001,,0.1221950187465548,0.005,0.21321176556965726,0,,"101, 281",7AL,Lateral_Area_7A,Superior_Parietal,16.0,42.0,"2134, 2030",idx_L,101,101.0
2,102.0,-0.517047107219696,0,0.001,,0.3025616375429887,0.005,0.3803096744348403,0,,"102, 282",7Am,Medial_Area_7A,Superior_Parietal,16.0,45.0,"2995, 2379",idx_L,102,102.0
2,103.0,-2.3011841773986816,0,0.001,,0.010690611430868035,0.005,0.03873926612782496,0,,"103, 283",7PC,Area_7PC,Superior_Parietal,16.0,47.0,"3151, 3415",idx_L,103,103.0
2,104.0,0.4909435212612152,0,0.001,,0.3117331971298979,0.005,0.387044886956387,0,,"104, 284",7Pl,Lateral_Area_7P,Superior_Parietal,16.0,46.0,"1695, 1363",idx_L,104,104.0
2,105.0,2.246929883956909,0,0.001,,0.012322254253142687,0.005,0.04239690870149094,0,,"105, 285",7Pm,Medial_Area_7P,Superior_Parietal,16.0,29.0,"1601, 1308",idx_L,105,105.0
2,106.0,-2.1979823112487793,0,0.001,,0.013975183248453288,0.005,0.04432753436618777,0,,"106, 286",AIP,Anterior_IntraParietal_Area,Superior_Parietal,16.0,117.0,"1999, 2542",idx_L,106,106.0
2,107.0,-0.11152279376983643,0,0.001,,0.4556008957636125,0.005,0.4829607406789208,0,,"107, 287",LIPd,Area_Lateral_IntraParietal_dorsal,Superior_Parietal,16.0,95.0,"1008, 869",idx_L,107,107.0
2,108.0,-1.1804713010787964,0,0.001,,0.11890640911286154,0.005,0.20989566130357298,0,,"108, 288",LIPv,Area_Lateral_IntraParietal_ventral,Superior_Parietal,16.0,48.0,"1681, 1783",idx_L,108,108.0
2,109.0,0.09999215602874756,0,0.001,,0.46017527640856315,0.005,0.48482316710266976,0,,"109, 289",MIP,Medial_IntraParietal_Area,Superior_Parietal,16.0,50.0,"1872, 2403",idx_L,109,109.0
2,110.0,-1.712105393409729,0,0.001,,0.04343862381199802,0.005,0.1007776072438354,0,,"110, 290",VIP,Ventral_IntraParietal_Complex,Superior_Parietal,16.0,49.0,"1890, 1577",idx_L,110,110.0
2,111.0,-0.44169557094573975,0,0.001,,0.3293547575598299,0.005,0.4027651553291896,0,,"111, 291",IP0,Area_IntraParietal_0,Inferior_Parietal,17.0,146.0,"1203, 1239",idx_L,111,111.0
2,112.0,0.5346735715866089,0,0.001,,0.2964377997965669,0.005,0.3761054584918943,0,,"112, 292",IP1,Area_IntraParietal_1,Inferior_Parietal,17.0,145.0,"1692, 1632",idx_L,112,112.0
2,113.0,-0.5105874538421631,0,0.001,,0.3048199814223589,0.005,0.38079049986916214,0,,"113, 293",IP2,Area_IntraParietal_2,Inferior_Parietal,17.0,144.0,"2102, 1861",idx_L,113,113.0
2,114.0,-4.453824043273926,1,0.001,-,4.217711954414303e-06,0.005,0.00010072888549954159,1,-,"114, 294",PF,Area_PF_Complex,Inferior_Parietal,17.0,148.0,"5457, 5251",idx_L,114,114.0
2,115.0,-4.738693714141846,1,0.001,-,1.0755016990911643e-06,0.005,3.358874537161636e-05,1,-,"115, 295",PFm,Area_PFm_Complex,Inferior_Parietal,17.0,149.0,"8220, 8141",idx_L,115,115.0
2,116.0,-2.1681671142578125,0,0.001,,0.015072986971399978,0.005,0.0467147535144152,0,,"116, 296",PFop,Area_PF_Opercular,Inferior_Parietal,17.0,147.0,"1797, 1783",idx_L,116,116.0
2,117.0,-2.1274452209472656,0,0.001,,0.01669155410921243,0.005,0.050198303469187015,0,,"117, 297",PFt,Area_PFt,Inferior_Parietal,17.0,116.0,"1983, 2039",idx_L,117,117.0
2,118.0,2.4162490367889404,0,0.001,,0.007840666012018261,0.005,0.031240903145583317,0,,"118, 298",PGi,Area_PGi,Inferior_Parietal,17.0,150.0,"4791, 4970",idx_L,118,118.0
2,119.0,0.6409074664115906,0,0.001,,0.2607914022903352,0.005,0.346017350751229,0,,"119, 299",PGp,Area_PGp,Inferior_Parietal,17.0,143.0,"2501, 3740",idx_L,119,119.0
2,120.0,2.294732093811035,0,0.001,,0.010874241178592939,0.005,0.03873926612782496,0,,"120, 300",PGs,Area_PGs,Inferior_Parietal,17.0,151.0,"4552, 3366",idx_L,120,120.0
2,121.0,-2.670616626739502,0,0.001,,0.003785603233456835,0.005,0.01897475200967253,0,,"121, 301",23d,Area_23d,Posterior_Cingulate,18.0,32.0,"1261, 1513",idx_L,121,121.0
2,122.0,1.7420495748519897,0,0.001,,0.040749884969607214,0.005,0.09563267802115913,0,,"122, 302",31a,Area_31a,Posterior_Cingulate,18.0,162.0,"1260, 1116",idx_L,122,122.0
2,123.0,2.1994152069091797,0,0.001,,0.013924206159712805,0.005,0.04432753436618777,0,,"123, 303",31pd,Area_31pd,Posterior_Cingulate,18.0,161.0,"1428, 864",idx_L,123,123.0
2,124.0,2.4286117553710938,0,0.001,,0.007578376575713083,0.005,0.03076820889739511,0,,"124, 304",31pv,Area_31p_ventral,Posterior_Cingulate,18.0,35.0,"950, 1022",idx_L,124,124.0
2,125.0,4.161502838134766,1,0.001,+,1.580800340382513e-05,0.005,0.0003209024690976501,1,+,"125, 305",7 m,Area_7m,Posterior_Cingulate,18.0,30.0,"2128, 2067",idx_L,125,125.0
2,126.0,2.364053249359131,0,0.001,,0.009038107108820801,0.005,0.03461765553001175,0,,"126, 306",d23ab,Area_dorsal_23_a + b,Posterior_Cingulate,18.0,34.0,"1607, 1106",idx_L,126,126.0
2,127.0,0.47624775767326355,0,0.001,,0.3169489396628624,0.005,0.3912750159733514,0,,"127, 307",DVT,Dorsal_Transitional_Visual_Area,Posterior_Cingulate,18.0,142.0,"1806, 2176",idx_L,127,127.0
2,128.0,-0.30374249815940857,0,0.001,,0.3806620389174191,0.005,0.43794927059931493,0,,"128, 308",PCV,PreCuneus_Visual_Area,Posterior_Cingulate,18.0,27.0,"2245, 2416",idx_L,128,128.0
2,129.0,4.67944860458374,1,0.001,+,1.4382372573914997e-06,0.005,3.892828843339659e-05,1,+,"129, 309",POS1,Parieto-Occipital_Sulcus_Area_1,Posterior_Cingulate,18.0,31.0,"2531, 2727",idx_L,129,129.0
2,130.0,2.400367498397827,0,0.001,,0.008189309599104902,0.005,0.0322801912353067,0,,"130, 310",POS2,Parieto-Occipital_Sulcus_Area_2,Posterior_Cingulate,18.0,15.0,"3261, 3093",idx_L,130,130.0
2,131.0,1.2244553565979004,0,0.001,,0.11039024882432874,0.005,0.19831168594105072,0,,"131, 311",ProS,ProStriate_Area,Posterior_Cingulate,18.0,121.0,"1222, 1055",idx_L,131,131.0
2,132.0,2.9689693450927734,0,0.001,,0.0014940020163148173,0.005,0.009628012994028823,0,,"132, 312",RSC,RetroSplenial_Complex,Posterior_Cingulate,18.0,14.0,"2830, 3067",idx_L,132,132.0
2,133.0,3.2888476848602295,1,0.001,+,0.0005029922424419864,0.005,0.0045336115185358955,1,+,"133, 313",v23ab,Area_ventral_23_a + b,Posterior_Cingulate,18.0,33.0,"916, 1089",idx_L,133,133.0
2,134.0,0.7844090461730957,0,0.001,,0.21640006602535278,0.005,0.30891852947069015,0,,"134, 314",10r,Area_10r,AntCing_MedPFC,19.0,65.0,"1589, 1053",idx_L,134,134.0
2,135.0,1.5899120569229126,0,0.001,,0.05592731476717979,0.005,0.12077920103976061,0,,"135, 315",10v,Area_10v,AntCing_MedPFC,19.0,88.0,"3906, 2667",idx_L,135,135.0
2,136.0,0.37433332204818726,0,0.001,,0.35407817189281704,0.005,0.41911293815884465,0,,"136, 316",25,Area_25,AntCing_MedPFC,19.0,164.0,"1911, 2135",idx_L,136,136.0
2,137.0,-1.8844993114471436,0,0.001,,0.02974873392950747,0.005,0.07455546898382737,0,,"137, 317",33pr,Area_33_prime,AntCing_MedPFC,19.0,58.0,"1354, 1316",idx_L,137,137.0
2,138.0,-2.016781806945801,0,0.001,,0.02185914416821528,0.005,0.06112267563782379,0,,"138, 318",8BM,Area_8BM,AntCing_MedPFC,19.0,63.0,"3122, 3436",idx_L,138,138.0
2,139.0,-2.605168342590332,0,0.001,,0.004591456461682447,0.005,0.0223086153623023,0,,"139, 319",9 m,Area_9_Middle,AntCing_MedPFC,19.0,69.0,"6338, 5881",idx_L,139,139.0
2,140.0,0.42054712772369385,0,0.001,,0.3370429044834314,0.005,0.4044489063522315,0,,"140, 320",a24,Area_a24,AntCing_MedPFC,19.0,61.0,"2085, 2152",idx_L,140,140.0
2,141.0,-1.6798908710479736,0,0.001,,0.04648927514904082,0.005,0.10603733545230659,0,,"141, 321",a24pr,Anterior_24_prime,AntCing_MedPFC,19.0,59.0,"1095, 1474",idx_L,141,141.0
2,142.0,-2.309959888458252,0,0.001,,0.010445187463729928,0.005,0.03855223736613046,0,,"142, 322",a32pr,Area_anterior_32_prime,AntCing_MedPFC,19.0,179.0,"1759, 1118",idx_L,142,142.0
2,143.0,-3.535158395767212,1,0.001,-,0.00020376539608719943,0.005,0.0023636785946115134,1,-,"143, 323",d32,Area_dorsal_32,AntCing_MedPFC,19.0,62.0,"2228, 2374",idx_L,143,143.0
2,144.0,-1.5636132955551147,0,0.001,,0.0589542053004908,0.005,0.1253162688586349,0,,"144, 324",p24,Area_posterior_24,AntCing_MedPFC,19.0,180.0,"2394, 2442",idx_L,144,144.0
2,145.0,-2.22861385345459,0,0.001,,0.012919804249025208,0.005,0.04345153624930567,0,,"145, 325",p24pr,Area_Posterior_24_prime,AntCing_MedPFC,19.0,57.0,"1422, 1724",idx_L,145,145.0
2,146.0,0.05011102184653282,0,0.001,,0.48001695830541463,0.005,0.4877770813255493,0,,"146, 326",p32,Area_p32,AntCing_MedPFC,19.0,64.0,"1180, 1765",idx_L,146,146.0
2,147.0,-1.018297553062439,0,0.001,,0.15426828546161725,0.005,0.2446598589742836,0,,"147, 327",p32pr,Area_p32_prime,AntCing_MedPFC,19.0,60.0,"1569, 1305",idx_L,147,147.0
2,148.0,-1.2963675260543823,0,0.001,,0.09742444724452881,0.005,0.1806133588186242,0,,"148, 328",pOFC,Posterior_OFC_Complex,AntCing_MedPFC,19.0,166.0,"2486, 2836",idx_L,148,148.0
2,149.0,1.3880977630615234,0,0.001,,0.08255363883027494,0.005,0.16091387899810694,0,,"149, 329",s32,Area_s32,AntCing_MedPFC,19.0,165.0,"604, 1015",idx_L,149,149.0
2,150.0,0.1505134254693985,0,0.001,,0.440179779701841,0.005,0.47029734357617753,0,,"150, 330",10d,Area_10d,OrbPolaFrontal,20.0,72.0,"3644, 3096",idx_L,150,150.0
2,151.0,0.4759143888950348,0,0.001,,0.3170676853577158,0.005,0.3912750159733514,0,,"151, 331",10 pp,Polar_10p,OrbPolaFrontal,20.0,90.0,"1997, 2487",idx_L,151,151.0
2,152.0,-1.3191832304000854,0,0.001,,0.0935539316069442,0.005,0.17612572655569775,0,,"152, 332",11 l,Area_11l,OrbPolaFrontal,20.0,91.0,"3531, 3793",idx_L,152,152.0
2,153.0,-0.5135942697525024,0,0.001,,0.3037678433583388,0.005,0.38064735927001714,0,,"153, 333",13 l,Area_13l,OrbPolaFrontal,20.0,92.0,"2429, 1757",idx_L,153,153.0
2,154.0,-0.6945427656173706,0,0.001,,0.2436709455669634,0.005,0.3321484999338304,0,,"154, 334",47 m,Area_47m,OrbPolaFrontal,20.0,66.0,"799, 781",idx_L,154,154.0
2,155.0,-2.530508279800415,0,0.001,,0.00569486983432165,0.005,0.025131708181897715,0,,"155, 335",47 s,Area_47s,OrbPolaFrontal,20.0,94.0,"2795, 3080",idx_L,155,155.0
2,156.0,-1.9196929931640625,0,0.001,,0.027448344915349525,0.005,0.07053182301032852,0,,"156, 336",a10p,Area_anterior_10p,OrbPolaFrontal,20.0,89.0,"1964, 1748",idx_L,156,156.0
2,157.0,-1.4864412546157837,0,0.001,,0.06858122226665607,0.005,0.1406261426275877,0,,"157, 337",OFC,Orbital_Frontal_Complex,OrbPolaFrontal,20.0,93.0,"4560, 5232",idx_L,157,157.0
2,158.0,-0.04185573756694794,0,0.001,,0.48330685087843267,0.005,0.4877770813255493,0,,"158, 338",p10p,Area_posterior_10p,OrbPolaFrontal,20.0,170.0,"2116, 2365",idx_L,158,158.0
2,159.0,-3.8203065395355225,1,0.001,-,6.664295833457247e-05,0.005,0.0009663228958513008,1,-,"159, 339",44,Area_44,Inferior_Frontal,21.0,74.0,"2435, 2589",idx_L,159,159.0
2,160.0,-3.5555579662323,1,0.001,-,0.00018858888559211996,0.005,0.002260715813757326,1,-,"160, 340",45,Area_45,Inferior_Frontal,21.0,75.0,"3762, 2962",idx_L,160,160.0
2,161.0,-2.6996400356292725,0,0.001,,0.003470726791679042,0.005,0.01761393846777114,0,,"161, 341",47 l,Area_47l_(47_lateral),Inferior_Frontal,21.0,76.0,"2527, 2592",idx_L,161,161.0
2,162.0,-2.896946430206299,0,0.001,,0.0018840704627645904,0.005,0.011085979824382954,0,,"162, 342",a47r,Area_anterior_47r,Inferior_Frontal,21.0,77.0,"4167, 3763",idx_L,162,162.0
2,163.0,1.971610188484192,0,0.001,,0.024327061607719663,0.005,0.06584524675156123,0,,"163, 343",IFJa,Area_IFJa,Inferior_Frontal,21.0,79.0,"1513, 1405",idx_L,163,163.0
2,164.0,-1.4626750946044922,0,0.001,,0.07177815208725452,0.005,0.14570964873712666,0,,"164, 344",IFJp,Area_IFJp,Inferior_Frontal,21.0,80.0,"960, 740",idx_L,164,164.0
2,165.0,-0.6941511034965515,0,0.001,,0.24379372655241738,0.005,0.3321484999338304,0,,"165, 345",IFSa,Area_IFSa,Inferior_Frontal,21.0,82.0,"2057, 2641",idx_L,165,165.0
2,166.0,1.7485853433609009,0,0.001,,0.04018136080959505,0.005,0.09484670051567204,0,,"166, 346",IFSp,Area_IFSp,Inferior_Frontal,21.0,81.0,"1589, 1730",idx_L,166,166.0
2,167.0,-2.566345453262329,0,0.001,,0.0051388206760926486,0.005,0.023708649937427446,0,,"167, 347",p47r,Area_posterior_47r,Inferior_Frontal,21.0,171.0,"2133, 1761",idx_L,167,167.0
2,168.0,-2.5063986778259277,0,0.001,,0.006098400448158027,0.005,0.026062637704759566,0,,"168, 348",46,Area_46,Dorsolateral_Prefrontal,22.0,84.0,"4863, 4394",idx_L,168,168.0
2,169.0,2.3879311084747314,0,0.001,,0.00847175877952166,0.005,0.03286325250383379,0,,"169, 349",8Ad,Area_8Ad,Dorsolateral_Prefrontal,22.0,68.0,"3386, 3492",idx_L,169,169.0
2,170.0,-1.8467423915863037,0,0.001,,0.03239224233954675,0.005,0.07970454781730896,0,,"170, 350",8Av,Area_8Av,Dorsolateral_Prefrontal,22.0,67.0,"4807, 5902",idx_L,170,170.0
2,171.0,-2.4333198070526123,0,0.001,,0.007480540035199294,0.005,0.03067777024536276,0,,"171, 351",8BL,Area_8B_Lateral,Dorsolateral_Prefrontal,22.0,70.0,"3377, 4078",idx_L,171,171.0
2,172.0,-0.6887658834457397,0,0.001,,0.24548530415390762,0.005,0.332476159890214,0,,"172, 352",8C,Area_8C,Dorsolateral_Prefrontal,22.0,73.0,"4085, 3134",idx_L,172,172.0
2,173.0,-3.258615493774414,1,0.001,-,0.0005597864754942414,0.005,0.004638230796952286,1,-,"173, 353",9-46d,Area_9-46d,Dorsolateral_Prefrontal,22.0,86.0,"4534, 4666",idx_L,173,173.0
2,174.0,-2.557443857192993,0,0.001,,0.005272228875376518,0.005,0.024050841835987262,0,,"174, 354",9a,Area_9_anterior,Dorsolateral_Prefrontal,22.0,87.0,"3706, 3048",idx_L,174,174.0
2,175.0,-2.519792318344116,0,0.001,,0.005871204695563094,0.005,0.025631280713963613,0,,"175, 355",9p,Area_9_Posterior,Dorsolateral_Prefrontal,22.0,71.0,"3426, 2488",idx_L,175,175.0
2,176.0,-3.2808189392089844,1,0.001,-,0.0005175308311479617,0.005,0.0045336115185358955,1,-,"176, 356",a9-46v,Area_anterior_9-46v,Dorsolateral_Prefrontal,22.0,85.0,"3314, 2628",idx_L,176,176.0
2,177.0,0.17759576439857483,0,0.001,,0.4295202255926757,0.005,0.47029734357617753,0,,"177, 357",i6-8,Inferior_6-8_Transitional_Area,Dorsolateral_Prefrontal,22.0,97.0,"1764, 2418",idx_L,177,177.0
2,178.0,-2.053776979446411,0,0.001,,0.01999864099949249,0.005,0.05758473933187199,0,,"178, 358",p9-46v,Area_posterior_9-46v,Dorsolateral_Prefrontal,22.0,83.0,"2871, 4635",idx_L,178,178.0
2,179.0,-0.5706371665000916,0,0.001,,0.2841228096427031,0.005,0.3646880606957002,0,,"179, 359",s6-8,Superior_6-8_Transitional_Area,Dorsolateral_Prefrontal,22.0,98.0,"1336, 2132",idx_L,179,179.0
2,180.0,-5.2982378005981445,1,0.001,-,5.846281297821557e-08,0.005,2.3735902069155523e-06,1,-,"180, 360",SFL,Superior_Frontal_Language_Area,Dorsolateral_Prefrontal,22.0,26.0,"3873, 3055",idx_L,180,180.0
2,181.0,-0.08351626247167587,0,0.001,,0.4667205234914929,0.005,0.4865223552137722,0,,"1, 181",V1,Primary_Visual_Cortex,Primary_Visual,1.0,1.0,"13,812, 13,406",idx_R,181,181.0
2,182.0,-0.09806521981954575,0,0.001,,0.46094025246707027,0.005,0.48482316710266976,0,,"2, 182",V2,Second_Visual_Area,Early_Visual,2.0,4.0,"9515, 9420",idx_R,182,182.0
2,183.0,-0.16150763630867004,0,0.001,,0.43584679870497334,0.005,0.47029734357617753,0,,"3, 183",V3,Third_Visual_Area,Early_Visual,2.0,5.0,"7106, 7481",idx_R,183,183.0
2,184.0,-1.027182936668396,0,0.001,,0.15216716564397303,0.005,0.2446598589742836,0,,"4, 184",V4,Fourth_Visual_Area,Early_Visual,2.0,6.0,"4782, 4537",idx_R,184,184.0
2,185.0,0.7443887591362,0,0.001,,0.22832065874728047,0.005,0.3185504723415665,0,,"5, 185",IPS1,IntraParietal_Sulcus_Area_1,Dorsal_Stream_Visual,3.0,17.0,"1751, 1750",idx_R,185,185.0
2,186.0,0.05787680670619011,0,0.001,,0.4769233788570941,0.005,0.4877770813255493,0,,"6, 186",V3A,Area_V3A,Dorsal_Stream_Visual,3.0,13.0,"2191, 2212",idx_R,186,186.0
2,187.0,-1.4498257637023926,0,0.001,,0.07355355654428768,0.005,0.14783536612366732,0,,"7, 187",V3B,Area_V3B,Dorsal_Stream_Visual,3.0,19.0,"639, 731",idx_R,187,187.0
2,188.0,-0.42796412110328674,0,0.001,,0.3343386211387033,0.005,0.4044489063522315,0,,"8, 188",V6,Sixth_Visual_Area,Dorsal_Stream_Visual,3.0,3.0,"1402, 1559",idx_R,188,188.0
2,189.0,1.2434355020523071,0,0.001,,0.10685369730023969,0.005,0.19281156046176584,0,,"9, 189",V6A,Area_V6A,Dorsal_Stream_Visual,3.0,152.0,"904, 734",idx_R,189,189.0
2,190.0,0.4256892502307892,0,0.001,,0.33516714807717163,0.005,0.4044489063522315,0,,"10, 190",V7,Seventh_Visual_Area,Dorsal_Stream_Visual,3.0,16.0,"1005, 1041",idx_R,190,190.0
2,191.0,-1.023019552230835,0,0.001,,0.1531493006818691,0.005,0.2446598589742836,0,,"11, 191",FFC,Fusiform_Face_Complex,Ventral_Stream_Visual,4.0,18.0,"3848, 4402",idx_R,191,191.0
2,192.0,-1.5959736108779907,0,0.001,,0.05524734260529004,0.005,0.11994877592378478,0,,"12, 192",PIT,Posterior_InferoTemporal_complex,Ventral_Stream_Visual,4.0,22.0,"1392, 1386",idx_R,192,192.0
2,193.0,-0.7692553997039795,0,0.001,,0.2208708541864523,0.005,0.31317293649209416,0,,"13, 193",V8,Eighth_Visual_Area,Ventral_Stream_Visual,4.0,7.0,"1361, 1175",idx_R,193,193.0
2,194.0,-0.045585282146930695,0,0.001,,0.4818204000613322,0.005,0.4877770813255493,0,,"14, 194",VMV1,VentroMedial_Visual_Area_1,Ventral_Stream_Visual,4.0,153.0,"939, 1219",idx_R,194,194.0
2,195.0,-0.21545633673667908,0,0.001,,0.4147057754188295,0.005,0.4644915012207858,0,,"15, 195",VMV2,VentroMedial_Visual_Area_2,Ventral_Stream_Visual,4.0,160.0,"639, 923",idx_R,195,195.0
2,196.0,-1.4012060165405273,0,0.001,,0.08057623783409429,0.005,0.1588055949545742,0,,"16, 196",VMV3,VentroMedial_Visual_Area_3,Ventral_Stream_Visual,4.0,154.0,"941, 1242",idx_R,196,196.0
2,197.0,-1.0739058256149292,0,0.001,,0.14143244603444594,0.005,0.2359774712699708,0,,"17, 197",VVC,Ventral_Visual_Complex,Ventral_Stream_Visual,4.0,163.0,"2487, 2753",idx_R,197,197.0
2,198.0,-2.3365085124969482,0,0.001,,0.009732377234961662,0.005,0.036586529235133655,0,,"18, 198",FST,Area_FST,MT + _Complex,5.0,157.0,"1324, 1683",idx_R,198,198.0
2,199.0,-1.348279595375061,0,0.001,,0.0887842361907622,0.005,0.17003018817664836,0,,"19, 199",LO1,Area_Lateral_Occipital_1,MT + _Complex,5.0,20.0,"619, 909",idx_R,199,199.0
2,200.0,-0.9082713723182678,0,0.001,,0.18186743181439696,0.005,0.2786346313835667,0,,"20, 200",LO2,Area_Lateral_Occipital_2,MT + _Complex,5.0,21.0,"1179, 1062",idx_R,200,200.0
2,201.0,-0.764842689037323,0,0.001,,0.22218261212948054,0.005,0.3132157657103094,0,,"21, 201",LO3,Area_Lateral_Occipital_3,MT + _Complex,5.0,159.0,"438, 915",idx_R,201,201.0
2,202.0,-2.319204568862915,0,0.001,,0.010191973431044773,0.005,0.03796276342205668,0,,"22, 202",MST,Medial_Superior_Temporal_Area,MT + _Complex,5.0,2.0,"794, 1036",idx_R,202,202.0
2,203.0,-0.081935353577137,0,0.001,,0.4673490604270225,0.005,0.4865223552137722,0,,"23, 203",MT,Middle_Temporal_Area,MT + _Complex,5.0,23.0,"620, 1005",idx_R,203,203.0
2,204.0,-0.6690729856491089,0,0.001,,0.25172446073286303,0.005,0.3372941619060805,0,,"24, 204",PH,Area_PH,MT + _Complex,5.0,138.0,"3453, 3205",idx_R,204,204.0
2,205.0,-0.6829796433448792,0,0.001,,0.24730985292326263,0.005,0.332476159890214,0,,"25, 205",V3CD,Area_V3CD,MT + _Complex,5.0,158.0,"876, 1222",idx_R,205,205.0
2,206.0,-0.8879625201225281,0,0.001,,0.18728045623067952,0.005,0.2847785214593853,0,,"26, 206",V4t,Area_V4t,MT + _Complex,5.0,156.0,"1037, 1249",idx_R,206,206.0
2,207.0,-0.45744824409484863,0,0.001,,0.32367444737221696,0.005,0.3970145789520244,0,,"27, 207",1,Area_1,SomaSens_Motor,6.0,51.0,"6590, 5925",idx_R,207,207.0
2,208.0,0.021236389875411987,0,0.001,,0.49152854294935244,0.005,0.49152854294935244,0,,"28, 208",2,Area_2,SomaSens_Motor,6.0,52.0,"4278, 4727",idx_R,208,208.0
2,209.0,-0.15547238290309906,0,0.001,,0.43822446221893274,0.005,0.47029734357617753,0,,"29, 209",3a,Area_3a,SomaSens_Motor,6.0,53.0,"2247, 2286",idx_R,209,209.0
2,210.0,-0.5832963585853577,0,0.001,,0.2798469067283509,0.005,0.36069156867209673,0,,"30, 210",3b,Primary_Sensory_Cortex,SomaSens_Motor,6.0,9.0,"5451, 4350",idx_R,210,210.0
2,211.0,-0.4005219042301178,0,0.001,,0.3443860767151342,0.005,0.41048233948251445,0,,"31, 211",4,Primary_Motor_Cortex,SomaSens_Motor,6.0,8.0,"10,776, 10,254",idx_R,211,211.0
2,212.0,0.04472843185067177,0,0.001,,0.48216188551587597,0.005,0.4877770813255493,0,,"32, 212",23c,Area_23c,ParaCentral_MidCing,7.0,38.0,"2259, 2498",idx_R,212,212.0
2,213.0,-0.5368427634239197,0,0.001,,0.29568811498125347,0.005,0.3761054584918943,0,,"33, 213",24dd,Dorsal_Area_24d,ParaCentral_MidCing,7.0,40.0,"2665, 2820",idx_R,213,213.0
2,214.0,1.0239042043685913,0,0.001,,0.15294026209455241,0.005,0.2446598589742836,0,,"34, 214",24dv,Ventral_Area_24d,ParaCentral_MidCing,7.0,41.0,"1076, 1349",idx_R,214,214.0
2,215.0,1.1302478313446045,0,0.001,,0.12918590506761218,0.005,0.22224354854851927,0,,"35, 215",5L,Area_5L,ParaCentral_MidCing,7.0,39.0,"2249, 2327",idx_R,215,215.0
2,216.0,1.0204658508300781,0,0.001,,0.1537537885013348,0.005,0.2446598589742836,0,,"36, 216",5 m,Area_5m,ParaCentral_MidCing,7.0,36.0,"1483, 2079",idx_R,216,216.0
2,217.0,-0.6091006398200989,0,0.001,,0.27122886676242464,0.005,0.3518176354809725,0,,"37, 217",5mv,Area_5m_ventral,ParaCentral_MidCing,7.0,37.0,"1651, 1996",idx_R,217,217.0
2,218.0,-1.5031743049621582,0,0.001,,0.06639705084365248,0.005,0.13753674817613729,0,,"38, 218",6ma,Area_6m_anterior,ParaCentral_MidCing,7.0,44.0,"3941, 4251",idx_R,218,218.0
2,219.0,-0.5843032598495483,0,0.001,,0.2795081496834354,0.005,0.36069156867209673,0,,"39, 219",6mp,Area_6mp,ParaCentral_MidCing,7.0,55.0,"3701, 3105",idx_R,219,219.0
2,220.0,-2.214189052581787,0,0.001,,0.013407888315191208,0.005,0.04425693216233846,0,,"40, 220",SCEF,Supplementary_and_Cingulate_Eye_Field,ParaCentral_MidCing,7.0,43.0,"3500, 3371",idx_R,220,220.0
2,221.0,-4.649464130401611,1,0.001,-,1.6639927616676957e-06,0.005,4.222381632731778e-05,1,-,"41, 221",55b,Area_55b,Premotor,8.0,12.0,"2422, 1537",idx_R,221,221.0
2,222.0,0.1990753710269928,0,0.001,,0.42110189334771797,0.005,0.46712395819446306,0,,"42, 222",6a,Area_6_anterior,Premotor,8.0,96.0,"4233, 3752",idx_R,222,222.0
2,223.0,-0.42264270782470703,0,0.001,,0.33627798095126366,0.005,0.4044489063522315,0,,"43, 223",6d,Dorsal_area_6,Premotor,8.0,54.0,"2916, 2909",idx_R,223,223.0
2,224.0,-2.499279499053955,0,0.001,,0.006222305862752006,0.005,0.026315168544555363,0,,"44, 224",6r,Rostral_Area_6,Premotor,8.0,78.0,"3029, 3981",idx_R,224,224.0
2,225.0,-2.1313118934631348,0,0.001,,0.016531727945192747,0.005,0.05008866825185265,0,,"45, 225",6v,Ventral_Area_6,Premotor,8.0,56.0,"2075, 2516",idx_R,225,225.0
2,226.0,-3.845653533935547,1,0.001,-,6.011577566023234e-05,0.005,0.0009470312507535772,1,-,"46, 226",FEF,Frontal_Eye_Fields,Premotor,8.0,10.0,"1787, 1889",idx_R,226,226.0
2,227.0,-2.7437052726745605,0,0.001,,0.0030375026591088245,0.005,0.015810590764079268,0,,"47, 227",PEF,Premotor_Eye_Field,Premotor,8.0,11.0,"1006, 1258",idx_R,227,227.0
2,228.0,-1.0426197052001953,0,0.001,,0.14856222959674165,0.005,0.24282309870406307,0,,"48, 228",43,Area_43,Posterior_Opercular,9.0,99.0,"1889, 1678",idx_R,228,228.0
2,229.0,-1.9439218044281006,0,0.001,,0.025952440708079585,0.005,0.0685863758820335,0,,"49, 229",FOP1,Frontal_Opercular_Area_1,Posterior_Opercular,9.0,113.0,"879, 932",idx_R,229,229.0
2,230.0,0.2512319087982178,0,0.001,,0.4008174079258286,0.005,0.4545582894354369,0,,"50, 230",OP1,Area_OP1-SII,Posterior_Opercular,9.0,101.0,"1275, 1072",idx_R,230,230.0
2,231.0,-0.8088847398757935,0,0.001,,0.20929072367999257,0.005,0.30239157940952666,0,,"51, 231",OP2-3,Area_OP2-3-VS,Posterior_Opercular,9.0,102.0,"943, 792",idx_R,231,231.0
2,232.0,0.1607987880706787,0,0.001,,0.4361259398975331,0.005,0.47029734357617753,0,,"52, 232",OP4,Area_OP4-PV,Posterior_Opercular,9.0,100.0,"2332, 2409",idx_R,232,232.0
2,233.0,-3.106105327606201,1,0.001,-,0.0009478458943474164,0.005,0.006634921260431915,0,,"53, 233",52,Area_52,Early_Auditory,10.0,103.0,"725, 580",idx_R,233,233.0
2,234.0,0.34309157729148865,0,0.001,,0.3657647836742265,0.005,0.4279553376707088,0,,"54, 234",A1,Primary_Auditory_Cortex,Early_Auditory,10.0,24.0,"1023, 796",idx_R,234,234.0
2,235.0,-2.5711395740509033,0,0.001,,0.0050682232710643725,0.005,0.023651708598300406,0,,"55, 235",LBelt,Lateral_Belt_Complex,Early_Auditory,10.0,174.0,"820, 901",idx_R,235,235.0
2,236.0,3.1251931190490723,1,0.001,+,0.0008884418195960346,0.005,0.006558315977381637,0,,"56, 236",MBelt,Medial_Belt_Complex,Early_Auditory,10.0,173.0,"1242, 1236",idx_R,236,236.0
2,237.0,-1.0483543872833252,0,0.001,,0.14723768019571665,0.005,0.24282309870406307,0,,"57, 237",PBelt,ParaBelt_Complex,Early_Auditory,10.0,124.0,"1719, 1439",idx_R,237,237.0
2,238.0,-0.26374176144599915,0,0.001,,0.39598945675726216,0.005,0.4503409508219844,0,,"58, 238",PFcm,Area_PFcm,Early_Auditory,10.0,105.0,"1486, 1485",idx_R,238,238.0
2,239.0,-1.2608970403671265,0,0.001,,0.1036729723330948,0.005,0.18790726235373434,0,,"59, 239",RI,RetroInsular_Cortex,Early_Auditory,10.0,104.0,"1149, 1334",idx_R,239,239.0
2,240.0,-5.0022993087768555,1,0.001,-,2.8325272259919823e-07,0.005,1.0454600488661315e-05,1,-,"60, 240",A4,Auditory_4_Complex,Auditory_Association,11.0,175.0,"3514, 3610",idx_R,240,240.0
2,241.0,-4.688888072967529,1,0.001,-,1.3734678799265527e-06,0.005,3.892828843339659e-05,1,-,"61, 241",A5,Auditory_5_Complex,Auditory_Association,11.0,125.0,"3346, 3881",idx_R,241,241.0
2,242.0,-3.308323860168457,1,0.001,-,0.0004692810199844034,0.005,0.004430885909620181,1,-,"62, 242",STGa,Area_STGa,Auditory_Association,11.0,123.0,"2509, 2187",idx_R,242,242.0
2,243.0,-0.688025176525116,0,0.001,,0.24571846354001464,0.005,0.332476159890214,0,,"63, 243",STSda,Area_STSd_anterior,Auditory_Association,11.0,128.0,"1944, 2389",idx_R,243,243.0
2,244.0,-6.093996524810791,1,0.001,-,5.506302581602633e-10,0.005,7.45186282710223e-08,1,-,"64, 244",STSdp,Area_STSd_posterior,Auditory_Association,11.0,129.0,"1994, 2605",idx_R,244,244.0
2,245.0,0.5235883593559265,0,0.001,,0.30028243983147596,0.005,0.3790796385955117,0,,"65, 245",STSva,Area_STSv_anterior,Auditory_Association,11.0,176.0,"1694, 1900",idx_R,245,245.0
2,246.0,-4.357388019561768,1,0.001,-,6.581190114029164e-06,0.005,0.00014062964138399162,1,-,"66, 246",STSvp,Area_STSv_posterior,Auditory_Association,11.0,130.0,"2898, 2515",idx_R,246,246.0
2,247.0,-2.3867459297180176,0,0.001,,0.008499117026853567,0.005,0.03286325250383379,0,,"67, 247",TA2,Area_TA2,Auditory_Association,11.0,107.0,"1518, 1726",idx_R,247,247.0
2,248.0,-2.102902412414551,0,0.001,,0.017737150460611487,0.005,0.052183210775422206,0,,"68, 248",AAIC,Anterior_Agranular_Insula_Complex,Insula_FrontalOperc,12.0,112.0,"1859, 1691",idx_R,248,248.0
2,249.0,-1.286215901374817,0,0.001,,0.09918386150550285,0.005,0.18139030527582953,0,,"69, 249",AVI,Anterior_Ventral_Insular_Area,Insula_FrontalOperc,12.0,111.0,"1446, 1792",idx_R,249,249.0
2,250.0,-0.039348531514406204,0,0.001,,0.48430625700017155,0.005,0.4877770813255493,0,,"70, 250",FOP2,Frontal_Opercular_Area_2,Insula_FrontalOperc,12.0,115.0,"750, 720",idx_R,250,250.0
2,251.0,0.737385630607605,0,0.001,,0.2304439356605587,0.005,0.3204117735554344,0,,"71, 251",FOP3,Frontal_Opercular_Area_3,Insula_FrontalOperc,12.0,114.0,"754, 614",idx_R,251,251.0
2,252.0,-0.7158722281455994,0,0.001,,0.23703512411959954,0.005,0.32733421902230414,0,,"72, 252",FOP4,Frontal_Opercular_Area_4,Insula_FrontalOperc,12.0,108.0,"2522, 1678",idx_R,252,252.0
2,253.0,-2.546116352081299,0,0.001,,0.0054464437083418665,0.005,0.024517789967454524,0,,"73, 253",FOP5,Area_Frontal_Opercular_5,Insula_FrontalOperc,12.0,169.0,"1297, 1365",idx_R,253,253.0
2,254.0,-2.7202277183532715,0,0.001,,0.0032618486690300986,0.005,0.01676342480539519,0,,"74, 254",Ig,Insular_Granular_Complex,Insula_FrontalOperc,12.0,168.0,"841, 1077",idx_R,254,254.0
2,255.0,-1.031909465789795,0,0.001,,0.15105726559583477,0.005,0.24433964076457734,0,,"75, 255",MI,Middle_Insular_Area,Insula_FrontalOperc,12.0,109.0,"2102, 1960",idx_R,255,255.0
2,256.0,-3.2870113849639893,1,0.001,-,0.0005062836997975459,0.005,0.0045336115185358955,1,-,"76, 256",PI,Para-Insular_Area,Insula_FrontalOperc,12.0,178.0,"1033, 1058",idx_R,256,256.0
2,257.0,-3.109358310699463,1,0.001,-,0.0009374709418918971,0.005,0.006634921260431915,0,,"77, 257",Pir,Pirform_Cortex,Insula_FrontalOperc,12.0,110.0,"2287, 1856",idx_R,257,257.0
2,258.0,-3.415715217590332,1,0.001,-,0.00031807368864935725,0.005,0.003403954916159246,1,-,"78, 258",PoI1,Area_Posterior_Insular_1,Insula_FrontalOperc,12.0,167.0,"1811, 1835",idx_R,258,258.0
2,259.0,-1.5998404026031494,0,0.001,,0.05481699663638744,0.005,0.11965430448587795,0,,"79, 259",PoI2,Posterior_Insular_Area_2,Insula_FrontalOperc,12.0,106.0,"2747, 2675",idx_R,259,259.0
2,260.0,0.4952063262462616,0,0.001,,0.310227242738526,0.005,0.3863566274596366,0,,"80, 260",H,Hippocampus,Medial_Temporal,13.0,120.0,"4283, 3626",idx_R,260,260.0
2,261.0,1.4315223693847656,0,0.001,,0.07614028031417402,0.005,0.15153408729193457,0,,"81, 261",PreS,PreSubiculum,Medial_Temporal,13.0,119.0,"1817, 1558",idx_R,261,261.0
2,262.0,0.793478786945343,0,0.001,,0.21374946185223098,0.005,0.3066511714205151,0,,"82, 262",EC,Entorhinal_Cortex,Medial_Temporal,13.0,118.0,"2127, 2110",idx_R,262,262.0
2,263.0,-3.1083054542541504,1,0.001,-,0.0009408174123768904,0.005,0.006634921260431915,0,,"83, 263",PeEc,Perirhinal_Ectorhinal_Cortex,Medial_Temporal,13.0,122.0,"4826, 4755",idx_R,263,263.0
2,264.0,-0.9443811774253845,0,0.001,,0.17248744826379625,0.005,0.2693457845965434,0,,"84, 264",TF,Area_TF,Medial_Temporal,13.0,135.0,"3986, 4752",idx_R,264,264.0
2,265.0,2.827838659286499,0,0.001,,0.0023431709187766107,0.005,0.013212520004018695,0,,"85, 265",PHA1,ParaHippocampal_Area_1,Medial_Temporal,13.0,126.0,"1281, 1168",idx_R,265,265.0
2,266.0,3.042581796646118,0,0.001,,0.0011727902988963178,0.005,0.007805784612326312,0,,"86, 266",PHA2,ParaHippocampal_Area_2,Medial_Temporal,13.0,155.0,"783, 771",idx_R,266,266.0
2,267.0,0.6529414057731628,0,0.001,,0.25689702698409106,0.005,0.3419678457558721,0,,"87, 267",PHA3,ParaHippocampal_Area_3,Medial_Temporal,13.0,127.0,"2023, 1122",idx_R,267,267.0
2,268.0,-3.2479000091552734,1,0.001,-,0.0005813005952616959,0.005,0.0047201608335249706,1,-,"88, 268",PHT,Area_PHT,Lateral_Temporal,14.0,137.0,"4182, 3410",idx_R,268,268.0
2,269.0,-0.857611358165741,0,0.001,,0.19555355056866902,0.005,0.292760621924526,0,,"89, 269",TE1a,Area_TE1_anterior,Lateral_Temporal,14.0,132.0,"5227, 4180",idx_R,269,269.0
2,270.0,-3.8767735958099365,1,0.001,-,5.292538498529916e-05,0.005,0.0009342481001752808,1,-,"90, 270",TE1m,Area_TE1_Middle,Lateral_Temporal,14.0,177.0,"3339, 3429",idx_R,270,270.0
2,271.0,-1.3391191959381104,0,0.001,,0.09026593612766082,0.005,0.17205619750155066,0,,"91, 271",TE1p,Area_TE1_posterior,Lateral_Temporal,14.0,133.0,"7116, 6010",idx_R,271,271.0
2,272.0,-3.2687299251556396,1,0.001,-,0.0005401568218864783,0.005,0.004568826451789796,1,-,"92, 272",TE2a,Area_TE2_anterior,Lateral_Temporal,14.0,134.0,"5691, 5753",idx_R,272,272.0
2,273.0,-1.66888427734375,0,0.001,,0.04757015805987642,0.005,0.10789655962184261,0,,"93, 273",TE2p,Area_TE2_posterior,Lateral_Temporal,14.0,136.0,"4115, 3040",idx_R,273,273.0
2,274.0,-3.089244842529297,0,0.001,,0.0010033299565619896,0.005,0.006904270548545217,0,,"94, 274",TGd,Area_TG_dorsal,Lateral_Temporal,14.0,131.0,"10,192, 10,269",idx_R,274,274.0
2,275.0,-3.3279755115509033,1,0.001,-,0.0004373977787924829,0.005,0.004228178528327334,1,-,"95, 275",TGv,Area_TG_Ventral,Lateral_Temporal,14.0,172.0,"3694, 4515",idx_R,275,275.0
2,276.0,-5.48674201965332,1,0.001,-,2.0470718430742556e-08,0.005,1.0388889603601848e-06,1,-,"96, 276",PSL,PeriSylvian_Language_Area,TPO,15.0,25.0,"2154, 2759",idx_R,276,276.0
2,277.0,-5.37077522277832,1,0.001,-,3.919944052797205e-08,0.005,1.768330317150739e-06,1,-,"97, 277",STV,Superior_Temporal_Visual_Area,TPO,15.0,28.0,"2322, 2294",idx_R,277,277.0
2,278.0,-5.567378520965576,1,0.001,-,1.293001200489517e-08,0.005,8.749308123312399e-07,1,-,"98, 278",TPOJ1,Area_TemporoParietoOccipital_Junction_1,TPO,15.0,139.0,"2102, 3938",idx_R,278,278.0
2,279.0,-2.4872751235961914,0,0.001,,0.006436290322841035,0.005,0.02693952444405629,0,,"99, 279",TPOJ2,Area_TemporoParietoOccipital_Junction_2,TPO,15.0,140.0,"1930, 2068",idx_R,279,279.0
2,280.0,0.05085880309343338,0,0.001,,0.4797190166843349,0.005,0.4877770813255493,0,,"100, 280",TPOJ3,Area_TemporoParietoOccipital_Junction_3,TPO,15.0,141.0,"1290, 1277",idx_R,280,280.0
2,281.0,1.044717788696289,0,0.001,,0.14807671039247428,0.005,0.24282309870406307,0,,"101, 281",7AL,Lateral_Area_7A,Superior_Parietal,16.0,42.0,"2134, 2030",idx_R,281,281.0
2,282.0,1.0320854187011719,0,0.001,,0.15101605198686047,0.005,0.24433964076457734,0,,"102, 282",7Am,Medial_Area_7A,Superior_Parietal,16.0,45.0,"2995, 2379",idx_R,282,282.0
2,283.0,-2.0144705772399902,0,0.001,,0.021980075475670623,0.005,0.06112267563782379,0,,"103, 283",7PC,Area_7PC,Superior_Parietal,16.0,47.0,"3151, 3415",idx_R,283,283.0
2,284.0,1.482486605644226,0,0.001,,0.06910543248915789,0.005,0.1409889728170759,0,,"104, 284",7Pl,Lateral_Area_7P,Superior_Parietal,16.0,46.0,"1695, 1363",idx_R,284,284.0
2,285.0,1.292492151260376,0,0.001,,0.09809338113985527,0.005,0.1810268761035511,0,,"105, 285",7Pm,Medial_Area_7P,Superior_Parietal,16.0,29.0,"1601, 1308",idx_R,285,285.0
2,286.0,-1.6311373710632324,0,0.001,,0.051430668364827174,0.005,0.11396084438973605,0,,"106, 286",AIP,Anterior_IntraParietal_Area,Superior_Parietal,16.0,117.0,"1999, 2542",idx_R,286,286.0
2,287.0,0.83768230676651,0,0.001,,0.20110457652980096,0.005,0.2969034838949061,0,,"107, 287",LIPd,Area_Lateral_IntraParietal_dorsal,Superior_Parietal,16.0,95.0,"1008, 869",idx_R,287,287.0
2,288.0,0.9841646552085876,0,0.001,,0.162517280576714,0.005,0.2557442477292476,0,,"108, 288",LIPv,Area_Lateral_IntraParietal_ventral,Superior_Parietal,16.0,48.0,"1681, 1783",idx_R,288,288.0
2,289.0,2.0800743103027344,0,0.001,,0.018759358747841546,0.005,0.054793522673551566,0,,"109, 289",MIP,Medial_IntraParietal_Area,Superior_Parietal,16.0,50.0,"1872, 2403",idx_R,289,289.0
2,290.0,2.227712631225586,0,0.001,,0.012949842084152676,0.005,0.04345153624930567,0,,"110, 290",VIP,Ventral_IntraParietal_Complex,Superior_Parietal,16.0,49.0,"1890, 1577",idx_R,290,290.0
2,291.0,0.5688053369522095,0,0.001,,0.2847441262082191,0.005,0.3646880606957002,0,,"111, 291",IP0,Area_IntraParietal_0,Inferior_Parietal,17.0,146.0,"1203, 1239",idx_R,291,291.0
2,292.0,1.933833122253418,0,0.001,,0.02656682447299741,0.005,0.06958794023249644,0,,"112, 292",IP1,Area_IntraParietal_1,Inferior_Parietal,17.0,145.0,"1692, 1632",idx_R,292,292.0
2,293.0,-0.6097062826156616,0,0.001,,0.27102819600667416,0.005,0.3518176354809725,0,,"113, 293",IP2,Area_IntraParietal_2,Inferior_Parietal,17.0,144.0,"2102, 1861",idx_R,293,293.0
2,294.0,-1.9594011306762695,0,0.001,,0.02503291418330762,0.005,0.06686423130541377,0,,"114, 294",PF,Area_PF_Complex,Inferior_Parietal,17.0,148.0,"5457, 5251",idx_R,294,294.0
2,295.0,-2.288661479949951,0,0.001,,0.011049514382780658,0.005,0.03873926612782496,0,,"115, 295",PFm,Area_PFm_Complex,Inferior_Parietal,17.0,149.0,"8220, 8141",idx_R,295,295.0
2,296.0,-0.617433488368988,0,0.001,,0.2684744195430364,0.005,0.35161488494991217,0,,"116, 296",PFop,Area_PF_Opercular,Inferior_Parietal,17.0,147.0,"1797, 1783",idx_R,296,296.0
2,297.0,-1.209173560142517,0,0.001,,0.11329808661108859,0.005,0.20263886856432584,0,,"117, 297",PFt,Area_PFt,Inferior_Parietal,17.0,116.0,"1983, 2039",idx_R,297,297.0
2,298.0,0.15921853482723236,0,0.001,,0.4367483507277082,0.005,0.47029734357617753,0,,"118, 298",PGi,Area_PGi,Inferior_Parietal,17.0,150.0,"4791, 4970",idx_R,298,298.0
2,299.0,1.863365650177002,0,0.001,,0.03120541968437684,0.005,0.07725244141376218,0,,"119, 299",PGp,Area_PGp,Inferior_Parietal,17.0,143.0,"2501, 3740",idx_R,299,299.0
2,300.0,1.3642109632492065,0,0.001,,0.0862505893528428,0.005,0.16675113941549607,0,,"120, 300",PGs,Area_PGs,Inferior_Parietal,17.0,151.0,"4552, 3366",idx_R,300,300.0
2,301.0,-1.4455195665359497,0,0.001,,0.07415600053911278,0.005,0.14831200107822556,0,,"121, 301",23d,Area_23d,Posterior_Cingulate,18.0,32.0,"1261, 1513",idx_R,301,301.0
2,302.0,2.956857204437256,0,0.001,,0.0015539600612847137,0.005,0.009857934138774902,0,,"122, 302",31a,Area_31a,Posterior_Cingulate,18.0,162.0,"1260, 1116",idx_R,302,302.0
2,303.0,2.01719069480896,0,0.001,,0.0218378083841682,0.005,0.06112267563782379,0,,"123, 303",31pd,Area_31pd,Posterior_Cingulate,18.0,161.0,"1428, 864",idx_R,303,303.0
2,304.0,2.2039809226989746,0,0.001,,0.013762842882307827,0.005,0.04432753436618777,0,,"124, 304",31pv,Area_31p_ventral,Posterior_Cingulate,18.0,35.0,"950, 1022",idx_R,304,304.0
2,305.0,3.8554768562316895,1,0.001,+,5.7752129138854346e-05,0.005,0.0009470312507535772,1,+,"125, 305",7 m,Area_7m,Posterior_Cingulate,18.0,30.0,"2128, 2067",idx_R,305,305.0
2,306.0,3.1609175205230713,1,0.001,+,0.000786365127922543,0.005,0.005912300776602823,0,,"126, 306",d23ab,Area_dorsal_23_a + b,Posterior_Cingulate,18.0,34.0,"1607, 1106",idx_R,306,306.0
2,307.0,2.4158761501312256,0,0.001,,0.007848699805048025,0.005,0.031240903145583317,0,,"127, 307",DVT,Dorsal_Transitional_Visual_Area,Posterior_Cingulate,18.0,142.0,"1806, 2176",idx_R,307,307.0
2,308.0,1.9809998273849487,0,0.001,,0.023795646472442762,0.005,0.06483914407927356,0,,"128, 308",PCV,PreCuneus_Visual_Area,Posterior_Cingulate,18.0,27.0,"2245, 2416",idx_R,308,308.0
2,309.0,4.421657562255859,1,0.001,+,4.8973300361034505e-06,0.005,0.00011046199970322227,1,+,"129, 309",POS1,Parieto-Occipital_Sulcus_Area_1,Posterior_Cingulate,18.0,31.0,"2531, 2727",idx_R,309,309.0
2,310.0,3.7551140785217285,1,0.001,+,8.663127165664724e-05,0.005,0.0011724098764199593,1,+,"130, 310",POS2,Parieto-Occipital_Sulcus_Area_2,Posterior_Cingulate,18.0,15.0,"3261, 3093",idx_R,310,310.0
2,311.0,0.6345521807670593,0,0.001,,0.2628602621353271,0.005,0.3464976182692948,0,,"131, 311",ProS,ProStriate_Area,Posterior_Cingulate,18.0,121.0,"1222, 1055",idx_R,311,311.0
2,312.0,5.747315883636475,1,0.001,+,4.533562213102184e-09,0.005,3.681252517038974e-07,1,+,"132, 312",RSC,RetroSplenial_Complex,Posterior_Cingulate,18.0,14.0,"2830, 3067",idx_R,312,312.0
2,313.0,5.953822135925293,1,0.001,+,1.3097574301671055e-09,0.005,1.3294037916196122e-07,1,+,"133, 313",v23ab,Area_ventral_23_a + b,Posterior_Cingulate,18.0,33.0,"916, 1089",idx_R,313,313.0
2,314.0,2.066974401473999,0,0.001,,0.01936828306208541,0.005,0.05616802088004769,0,,"134, 314",10r,Area_10r,AntCing_MedPFC,19.0,65.0,"1589, 1053",idx_R,314,314.0
2,315.0,1.6348285675048828,0,0.001,,0.05104249515877058,0.005,0.11386402766187284,0,,"135, 315",10v,Area_10v,AntCing_MedPFC,19.0,88.0,"3906, 2667",idx_R,315,315.0
2,316.0,-0.2227621227502823,0,0.001,,0.41186032446885157,0.005,0.4644915012207858,0,,"136, 316",25,Area_25,AntCing_MedPFC,19.0,164.0,"1911, 2135",idx_R,316,316.0
2,317.0,0.3261769711971283,0,0.001,,0.3721452318802233,0.005,0.43416943719359385,0,,"137, 317",33pr,Area_33_prime,AntCing_MedPFC,19.0,58.0,"1354, 1316",idx_R,317,317.0
2,318.0,-3.370832681655884,1,0.001,-,0.0003747067950041474,0.005,0.0039007938146585603,1,-,"138, 318",8BM,Area_8BM,AntCing_MedPFC,19.0,63.0,"3122, 3436",idx_R,318,318.0
2,319.0,-1.1724011898040771,0,0.001,,0.12051801102352233,0.005,0.21181953452619076,0,,"139, 319",9 m,Area_9_Middle,AntCing_MedPFC,19.0,69.0,"6338, 5881",idx_R,319,319.0
2,320.0,-0.79792720079422,0,0.001,,0.212456368712168,0.005,0.30587689963524894,0,,"140, 320",a24,Area_a24,AntCing_MedPFC,19.0,61.0,"2085, 2152",idx_R,320,320.0
2,321.0,-1.8897708654403687,0,0.001,,0.029394305836469216,0.005,0.07412477123979194,0,,"141, 321",a24pr,Anterior_24_prime,AntCing_MedPFC,19.0,59.0,"1095, 1474",idx_R,321,321.0
2,322.0,-1.825285792350769,0,0.001,,0.03397895652532949,0.005,0.0821158116028796,0,,"142, 322",a32pr,Area_anterior_32_prime,AntCing_MedPFC,19.0,179.0,"1759, 1118",idx_R,322,322.0
2,323.0,-1.8751076459884644,0,0.001,,0.030388957945826148,0.005,0.07569274187733384,0,,"143, 323",d32,Area_dorsal_32,AntCing_MedPFC,19.0,62.0,"2228, 2374",idx_R,323,323.0
2,324.0,-0.961083710193634,0,0.001,,0.16825503979166634,0.005,0.2637511434572067,0,,"144, 324",p24,Area_posterior_24,AntCing_MedPFC,19.0,180.0,"2394, 2442",idx_R,324,324.0
2,325.0,0.15680105984210968,0,0.001,,0.43770081877586753,0.005,0.47029734357617753,0,,"145, 325",p24pr,Area_Posterior_24_prime,AntCing_MedPFC,19.0,57.0,"1422, 1724",idx_R,325,325.0
2,326.0,-0.047510337084531784,0,0.001,,0.4810532459191966,0.005,0.4877770813255493,0,,"146, 326",p32,Area_p32,AntCing_MedPFC,19.0,64.0,"1180, 1765",idx_R,326,326.0
2,327.0,-0.8091322779655457,0,0.001,,0.20921953181541664,0.005,0.30239157940952666,0,,"147, 327",p32pr,Area_p32_prime,AntCing_MedPFC,19.0,60.0,"1569, 1305",idx_R,327,327.0
2,328.0,-2.2065536975860596,0,0.001,,0.01367262741451306,0.005,0.04432753436618777,0,,"148, 328",pOFC,Posterior_OFC_Complex,AntCing_MedPFC,19.0,166.0,"2486, 2836",idx_R,328,328.0
2,329.0,0.872756838798523,0,0.001,,0.19139781485099294,0.005,0.28887551237733505,0,,"149, 329",s32,Area_s32,AntCing_MedPFC,19.0,165.0,"604, 1015",idx_R,329,329.0
2,330.0,-0.06486250460147858,0,0.001,,0.4741417373463037,0.005,0.4877770813255493,0,,"150, 330",10d,Area_10d,OrbPolaFrontal,20.0,72.0,"3644, 3096",idx_R,330,330.0
2,331.0,-0.17378421127796173,0,0.001,,0.4310175265769335,0.005,0.47029734357617753,0,,"151, 331",10 pp,Polar_10p,OrbPolaFrontal,20.0,90.0,"1997, 2487",idx_R,331,331.0
2,332.0,-0.21394085884094238,0,0.001,,0.4152965885299144,0.005,0.4644915012207858,0,,"152, 332",11 l,Area_11l,OrbPolaFrontal,20.0,91.0,"3531, 3793",idx_R,332,332.0
2,333.0,-2.5085341930389404,0,0.001,,0.006061661710397248,0.005,0.026062637704759566,0,,"153, 333",13 l,Area_13l,OrbPolaFrontal,20.0,92.0,"2429, 1757",idx_R,333,333.0
2,334.0,-0.27955061197280884,0,0.001,,0.389911151359383,0.005,0.44592655620256194,0,,"154, 334",47 m,Area_47m,OrbPolaFrontal,20.0,66.0,"799, 781",idx_R,334,334.0
2,335.0,-3.4668235778808594,1,0.001,-,0.0002633237143484313,0.005,0.0029697063340406423,1,-,"155, 335",47 s,Area_47s,OrbPolaFrontal,20.0,94.0,"2795, 3080",idx_R,335,335.0
2,336.0,0.3792670667171478,0,0.001,,0.35224477646854946,0.005,0.4181619276205587,0,,"156, 336",a10p,Area_anterior_10p,OrbPolaFrontal,20.0,89.0,"1964, 1748",idx_R,336,336.0
2,337.0,-1.9686845541000366,0,0.001,,0.024494663048032057,0.005,0.06585982250000673,0,,"157, 337",OFC,Orbital_Frontal_Complex,OrbPolaFrontal,20.0,93.0,"4560, 5232",idx_R,337,337.0
2,338.0,0.1673038899898529,0,0.001,,0.43356547175535587,0.005,0.47029734357617753,0,,"158, 338",p10p,Area_posterior_10p,OrbPolaFrontal,20.0,170.0,"2116, 2365",idx_R,338,338.0
2,339.0,-4.842851638793945,1,0.001,-,6.399442743301584e-07,0.005,2.165144794817036e-05,1,-,"159, 339",44,Area_44,Inferior_Frontal,21.0,74.0,"2435, 2589",idx_R,339,339.0
2,340.0,-6.779398441314697,1,0.001,-,6.033864620243847e-12,0.005,2.449749035819002e-09,1,-,"160, 340",45,Area_45,Inferior_Frontal,21.0,75.0,"3762, 2962",idx_R,340,340.0
2,341.0,-3.068044662475586,0,0.001,,0.0010773220634635935,0.005,0.007289879296103649,0,,"161, 341",47 l,Area_47l_(47_lateral),Inferior_Frontal,21.0,76.0,"2527, 2592",idx_R,341,341.0
2,342.0,-2.8059074878692627,0,0.001,,0.002508754772707915,0.005,0.0137394662747381,0,,"162, 342",a47r,Area_anterior_47r,Inferior_Frontal,21.0,77.0,"4167, 3763",idx_R,342,342.0
2,343.0,-1.0060876607894897,0,0.001,,0.1571867018827488,0.005,0.24831829169025685,0,,"163, 343",IFJa,Area_IFJa,Inferior_Frontal,21.0,79.0,"1513, 1405",idx_R,343,343.0
2,344.0,-0.7024816870689392,0,0.001,,0.2411894091643419,0.005,0.33082060851595546,0,,"164, 344",IFJp,Area_IFJp,Inferior_Frontal,21.0,80.0,"960, 740",idx_R,344,344.0
2,345.0,-3.2768681049346924,1,0.001,-,0.000524826949190116,0.005,0.0045336115185358955,1,-,"165, 345",IFSa,Area_IFSa,Inferior_Frontal,21.0,82.0,"2057, 2641",idx_R,345,345.0
2,346.0,0.03666956350207329,0,0.001,,0.4853742385603988,0.005,0.4877770813255493,0,,"166, 346",IFSp,Area_IFSp,Inferior_Frontal,21.0,81.0,"1589, 1730",idx_R,346,346.0
2,347.0,-3.8266234397888184,1,0.001,-,6.495650830256685e-05,0.005,0.0009663228958513008,1,-,"167, 347",p47r,Area_posterior_47r,Inferior_Frontal,21.0,171.0,"2133, 1761",idx_R,347,347.0
2,348.0,0.1517421454191208,0,0.001,,0.43969515740567433,0.005,0.47029734357617753,0,,"168, 348",46,Area_46,Dorsolateral_Prefrontal,22.0,84.0,"4863, 4394",idx_R,348,348.0
2,349.0,2.908877372741699,0,0.001,,0.0018136455355923268,0.005,0.010846728133118627,0,,"169, 349",8Ad,Area_8Ad,Dorsolateral_Prefrontal,22.0,68.0,"3386, 3492",idx_R,349,349.0
2,350.0,-0.8474225401878357,0,0.001,,0.19837982263706355,0.005,0.2950264028961458,0,,"170, 350",8Av,Area_8Av,Dorsolateral_Prefrontal,22.0,67.0,"4807, 5902",idx_R,350,350.0
2,351.0,-2.154945135116577,0,0.001,,0.015583063916228402,0.005,0.04787409647005927,0,,"171, 351",8BL,Area_8B_Lateral,Dorsolateral_Prefrontal,22.0,70.0,"3377, 4078",idx_R,351,351.0
2,352.0,-2.3400228023529053,0,0.001,,0.009641281282398604,0.005,0.03658280561358723,0,,"172, 352",8C,Area_8C,Dorsolateral_Prefrontal,22.0,73.0,"4085, 3134",idx_R,352,352.0
2,353.0,-1.6536449193954468,0,0.001,,0.04909984007787998,0.005,0.1107474170645515,0,,"173, 353",9-46d,Area_9-46d,Dorsolateral_Prefrontal,22.0,86.0,"4534, 4666",idx_R,353,353.0
2,354.0,-1.6160521507263184,0,0.001,,0.05304151916127305,0.005,0.11640463124041545,0,,"174, 354",9a,Area_9_anterior,Dorsolateral_Prefrontal,22.0,87.0,"3706, 3048",idx_R,354,354.0
2,355.0,-3.362591028213501,1,0.001,-,0.00038607331988963926,0.005,0.003918644196879839,1,-,"175, 355",9p,Area_9_Posterior,Dorsolateral_Prefrontal,22.0,71.0,"3426, 2488",idx_R,355,355.0
2,356.0,-1.8908767700195312,0,0.001,,0.02932039803186415,0.005,0.07412477123979194,0,,"176, 356",a9-46v,Area_anterior_9-46v,Dorsolateral_Prefrontal,22.0,85.0,"3314, 2628",idx_R,356,356.0
2,357.0,0.6129087209701538,0,0.001,,0.26996834824821714,0.005,0.3518176354809725,0,,"177, 357",i6-8,Inferior_6-8_Transitional_Area,Dorsolateral_Prefrontal,22.0,97.0,"1764, 2418",idx_R,357,357.0
2,358.0,0.30343666672706604,0,0.001,,0.38077855300876395,0.005,0.43794927059931493,0,,"178, 358",p9-46v,Area_posterior_9-46v,Dorsolateral_Prefrontal,22.0,83.0,"2871, 4635",idx_R,358,358.0
2,359.0,0.5422228574752808,0,0.001,,0.29383249541045164,0.005,0.37514463250516783,0,,"179, 359",s6-8,Superior_6-8_Transitional_Area,Dorsolateral_Prefrontal,22.0,98.0,"1336, 2132",idx_R,359,359.0
2,360.0,-6.17614221572876,1,0.001,-,3.2843411550352966e-10,0.005,6.667212544721651e-08,1,-,"180, 360",SFL,Superior_Frontal_Language_Area,Dorsolateral_Prefrontal,22.0,26.0,"3873, 3055",idx_R,360,360.0
2,361.0,-0.4187350869178772,0,0.001,,0.33770487500839036,0.005,0.4044489063522315,0,,"361, 394",AV,Thalamus: Anteroventral Nucleus,,,,"256, 280",idx_L,361,361.0
2,362.0,1.911168098449707,0,0.001,,0.027991491052138457,0.005,0.07147512809539756,0,,"362, 395",CeM,Thalamus: Central medial,,,,"96, 88",idx_L,362,362.0
2,363.0,-1.4230529069900513,0,0.001,,0.07736040932596784,0.005,0.15321134725045338,0,,"363, 396",CL,Thalamus: Central lateral,,,,"16, 16",idx_L,363,363.0
2,366.0,-1.3221973180770874,0,0.001,,0.09305122695883228,0.005,0.17612572655569775,0,,"366, 399",LGN,Thalamus: Lateral Geniculate,,,,"328, 256",idx_L,366,366.0
2,367.0,0.36998388171195984,0,0.001,,0.35569725005847885,0.005,0.41980547535971635,0,,"367, 400",LP,Thalamus: Lateral Posterior,,,,"256, 264",idx_L,367,367.0
2,368.0,-0.7828701734542847,0,0.001,,0.21685167709149433,0.005,0.30891852947069015,0,,"368, 401",L-Sg,Thalamus: Limitans Suprageniculate,,,,"32, 16",idx_L,368,368.0
2,369.0,0.0981379821896553,0,0.001,,0.4609113638272515,0.005,0.48482316710266976,0,,"369, 402",MDl,Thalamus: Mediodorsolateral parvocellular,,,,"328, 320",idx_L,369,369.0
2,370.0,-0.35385075211524963,0,0.001,,0.36172536812522593,0.005,0.42568260712707745,0,,"370, 403",MDm,Thalamus: Mediodorsomedial magnocellular,,,,"1104, 1192",idx_L,370,370.0
2,371.0,-1.386713981628418,0,0.001,,0.08276449773523553,0.005,0.16091387899810694,0,,"371, 404",MGN,Thalamus: Medial Geniculate,,,,"160, 168",idx_L,371,371.0
2,372.0,-0.8301874995231628,0,0.001,,0.2032163908720263,0.005,0.2978854692638445,0,,"372, 405",MV(Re),Thalamus: Reuniens,,,,"8, 8",idx_L,372,372.0
2,374.0,0.20093241333961487,0,0.001,,0.42037571118442896,0.005,0.46712395819446306,0,,"374, 407",PuA,Thalamus: Pulvinar anterior,,,,"320, 280",idx_L,374,374.0
2,375.0,-0.30447253584861755,0,0.001,,0.3803839566717807,0.005,0.43794927059931493,0,,"375, 408",PuI,Thalamus: Pulvinar inferior,,,,"336, 280",idx_L,375,375.0
2,376.0,0.863754153251648,0,0.001,,0.19386147906433748,0.005,0.2915102240745223,0,,"376, 409",PuL,Thalamus: Pulvinar lateral,,,,"304, 256",idx_L,376,376.0
2,377.0,1.2041497230529785,0,0.001,,0.11426585720448124,0.005,0.20347341239043587,0,,"377, 410",PuM,Thalamus: Pulvinar medial,,,,"1904, 1680",idx_L,377,377.0
2,378.0,-1.7883765697479248,0,0.001,,0.03685763692602394,0.005,0.08750994498225566,0,,"378, 411",VA,Thalamus: Ventral Anterior,,,,"608, 616",idx_L,378,378.0
2,379.0,-0.7528082728385925,0,0.001,,0.22578256737377161,0.005,0.3160955943232802,0,,"379, 412",VLa,Thalamus: Ventral Lateral Anterior,,,,"880, 856",idx_L,379,379.0
2,380.0,0.2106349617242813,0,0.001,,0.41658606439831625,0.005,0.4646536872135066,0,,"380, 413",VLp,Thalamus: Ventral Lateral Posterior,,,,"1384, 1288",idx_L,380,380.0
2,382.0,-2.2880136966705322,0,0.001,,0.011068361750807132,0.005,0.03873926612782496,0,,"382, 415",Putam,Putamen,,,,"7896, 7744",idx_L,382,382.0
2,383.0,-1.1824623346328735,0,0.001,,0.11851115109234961,0.005,0.20989566130357298,0,,"383, 416",Caud,Caudate,,,,"6896, 6952",idx_L,383,383.0
2,384.0,-0.7045809030532837,0,0.001,,0.2405355431589708,0.005,0.33082060851595546,0,,"384, 417",NAc,Nucleus Accumbens,,,,"600, 632",idx_L,384,384.0
2,387.0,-3.2134954929351807,1,0.001,-,0.0006556492801553888,0.005,0.005219482504766428,0,,"387, 420",Amyg,Amygdala,,,,"1608, 1632",idx_L,387,387.0
2,391.0,-0.2796301245689392,0,0.001,,0.38988064633113734,0.005,0.44592655620256194,0,,"391, 424",MB,Mammillary bodies,,,,"112, 104",idx_L,391,391.0
2,392.0,-1.0862703323364258,0,0.001,,0.13867970430970356,0.005,0.2345998331239152,0,,"392, 425",Septum,Septal nuclei,,,,"248, 136",idx_L,392,392.0
2,393.0,-0.09086692333221436,0,0.001,,0.46379916639374563,0.005,0.4865223552137722,0,,"393, 426",Nb,Nucleus basalis,,,,"584, 600",idx_L,393,393.0
2,394.0,-0.19411157071590424,0,0.001,,0.4230442609112141,0.005,0.4679999180652668,0,,"361, 394",AV,Thalamus: Anteroventral Nucleus,,,,"256, 280",idx_R,394,394.0
2,395.0,0.8555072546005249,0,0.001,,0.1961351949839189,0.005,0.292760621924526,0,,"362, 395",CeM,Thalamus: Central medial,,,,"96, 88",idx_R,395,395.0
2,399.0,-0.9289807677268982,0,0.001,,0.17644952670149072,0.005,0.27342941923971464,0,,"366, 399",LGN,Thalamus: Lateral Geniculate,,,,"328, 256",idx_R,399,399.0
2,400.0,-0.8236497044563293,0,0.001,,0.20506931255119926,0.005,0.2994897154524709,0,,"367, 400",LP,Thalamus: Lateral Posterior,,,,"256, 264",idx_R,400,400.0
2,402.0,-1.1072475910186768,0,0.001,,0.13409344829843217,0.005,0.22779054397139525,0,,"369, 402",MDl,Thalamus: Mediodorsolateral parvocellular,,,,"328, 320",idx_R,402,402.0
2,403.0,0.12369798123836517,0,0.001,,0.4507772050618007,0.005,0.480355761824386,0,,"370, 403",MDm,Thalamus: Mediodorsomedial magnocellular,,,,"1104, 1192",idx_R,403,403.0
2,404.0,-2.6369388103485107,0,0.001,,0.004182896031142432,0.005,0.02071043644687594,0,,"371, 404",MGN,Thalamus: Medial Geniculate,,,,"160, 168",idx_R,404,404.0
2,406.0,-1.8041419982910156,0,0.001,,0.035604524630766514,0.005,0.08544753176410667,0,,"373, 406",Pf,Thalamus: Parafascicular,,,,"56, 72",idx_R,406,406.0
2,407.0,1.3862520456314087,0,0.001,,0.08283497711971516,0.005,0.16091387899810694,0,,"374, 407",PuA,Thalamus: Pulvinar anterior,,,,"320, 280",idx_R,407,407.0
2,408.0,0.6289019584655762,0,0.001,,0.26470662191129507,0.005,0.34780222814234885,0,,"375, 408",PuI,Thalamus: Pulvinar inferior,,,,"336, 280",idx_R,408,408.0
2,409.0,-0.045617349445819855,0,0.001,,0.4818076203544702,0.005,0.4877770813255493,0,,"376, 409",PuL,Thalamus: Pulvinar lateral,,,,"304, 256",idx_R,409,409.0
2,410.0,1.0410614013671875,0,0.001,,0.14892352605249187,0.005,0.24282309870406307,0,,"377, 410",PuM,Thalamus: Pulvinar medial,,,,"1904, 1680",idx_R,410,410.0
2,411.0,-0.06383346766233444,0,0.001,,0.4745514146249444,0.005,0.4877770813255493,0,,"378, 411",VA,Thalamus: Ventral Anterior,,,,"608, 616",idx_R,411,411.0
2,412.0,-1.065316081047058,0,0.001,,0.14336645902418332,0.005,0.23757870352578953,0,,"379, 412",VLa,Thalamus: Ventral Lateral Anterior,,,,"880, 856",idx_R,412,412.0
2,415.0,-2.8234286308288574,0,0.001,,0.0023756501485058244,0.005,0.013212520004018695,0,,"382, 415",Putam,Putamen,,,,"7896, 7744",idx_R,415,415.0
2,416.0,-2.1204965114593506,0,0.001,,0.01698209770796275,0.005,0.050696556392888795,0,,"383, 416",Caud,Caudate,,,,"6896, 6952",idx_R,416,416.0
2,417.0,-2.0021350383758545,0,0.001,,0.022635105011909212,0.005,0.06251600431860639,0,,"384, 417",NAc,Nucleus Accumbens,,,,"600, 632",idx_R,417,417.0
2,420.0,-1.1207016706466675,0,0.001,,0.13120743541918467,0.005,0.2238244486562562,0,,"387, 420",Amyg,Amygdala,,,,"1608, 1632",idx_R,420,420.0
2,424.0,0.4662366509437561,0,0.001,,0.3205230588345984,0.005,0.3943404905662029,0,,"391, 424",MB,Mammillary bodies,,,,"112, 104",idx_R,424,424.0
2,425.0,-1.578173041343689,0,0.001,,0.05726293087923817,0.005,0.12236184177352999,0,,"392, 425",Septum,Septal nuclei,,,,"248, 136",idx_R,425,425.0
2,426.0,-0.6834997534751892,0,0.001,,0.24714555296085283,0.005,0.332476159890214,0,,"393, 426",Nb,Nucleus basalis,,,,"584, 600",idx_R,426,426.0
3,0.0,-2.8852360248565674,0,0.001,,0.0019556015641884385,0.005,0.018044868978647863,0,,,,,,,,,,,
3,1.0,-0.06435544788837433,0,0.001,,0.4743436019418831,0.005,0.4900343572224034,0,,"1, 181",V1,Primary_Visual_Cortex,Primary_Visual,1.0,1.0,"13,812, 13,406",idx_L,1,1.0
3,2.0,0.9158594012260437,0,0.001,,0.1798703215053668,0.005,0.3054891699110538,0,,"2, 182",V2,Second_Visual_Area,Early_Visual,2.0,4.0,"9515, 9420",idx_L,2,2.0
3,3.0,1.8224225044250488,0,0.001,,0.034195451243800815,0.005,0.11866113850412932,0,,"3, 183",V3,Third_Visual_Area,Early_Visual,2.0,5.0,"7106, 7481",idx_L,3,3.0
3,4.0,1.039881706237793,0,0.001,,0.14919743130795382,0.005,0.2804359125510613,0,,"4, 184",V4,Fourth_Visual_Area,Early_Visual,2.0,6.0,"4782, 4537",idx_L,4,4.0
3,5.0,0.5003947615623474,0,0.001,,0.30839857058642584,0.005,0.4078495754335143,0,,"5, 185",IPS1,IntraParietal_Sulcus_Area_1,Dorsal_Stream_Visual,3.0,17.0,"1751, 1750",idx_L,5,5.0
3,6.0,0.6877365708351135,0,0.001,,0.24580934288784673,0.005,0.35389572061158076,0,,"6, 186",V3A,Area_V3A,Dorsal_Stream_Visual,3.0,13.0,"2191, 2212",idx_L,6,6.0
3,7.0,0.9102810025215149,0,0.001,,0.18133716736099498,0.005,0.3054891699110538,0,,"7, 187",V3B,Area_V3B,Dorsal_Stream_Visual,3.0,19.0,"639, 731",idx_L,7,7.0
3,8.0,0.9842643141746521,0,0.001,,0.16249278539559925,0.005,0.2933601239462708,0,,"8, 188",V6,Sixth_Visual_Area,Dorsal_Stream_Visual,3.0,3.0,"1402, 1559",idx_L,8,8.0
3,9.0,0.8659831881523132,0,0.001,,0.19324969064870112,0.005,0.32024234450356187,0,,"9, 189",V6A,Area_V6A,Dorsal_Stream_Visual,3.0,152.0,"904, 734",idx_L,9,9.0
3,10.0,-0.13220378756523132,0,0.001,,0.44741155268765503,0.005,0.47181581919789073,0,,"10, 190",V7,Seventh_Visual_Area,Dorsal_Stream_Visual,3.0,16.0,"1005, 1041",idx_L,10,10.0
3,11.0,-0.980989396572113,0,0.001,,0.16329898525087982,0.005,0.2933601239462708,0,,"11, 191",FFC,Fusiform_Face_Complex,Ventral_Stream_Visual,4.0,18.0,"3848, 4402",idx_L,11,11.0
3,12.0,0.5773675441741943,0,0.001,,0.28184559713797463,0.005,0.381431041460059,0,,"12, 192",PIT,Posterior_InferoTemporal_complex,Ventral_Stream_Visual,4.0,22.0,"1392, 1386",idx_L,12,12.0
3,13.0,1.4081103801727295,0,0.001,,0.0795491939148607,0.005,0.19682358001939554,0,,"13, 193",V8,Eighth_Visual_Area,Ventral_Stream_Visual,4.0,7.0,"1361, 1175",idx_L,13,13.0
3,14.0,1.3474129438400269,0,0.001,,0.08892363705314804,0.005,0.2099011432766169,0,,"14, 194",VMV1,VentroMedial_Visual_Area_1,Ventral_Stream_Visual,4.0,153.0,"939, 1219",idx_L,14,14.0
3,15.0,0.01751587726175785,0,0.001,,0.4930125332831909,0.005,0.49588920234736494,0,,"15, 195",VMV2,VentroMedial_Visual_Area_2,Ventral_Stream_Visual,4.0,160.0,"639, 923",idx_L,15,15.0
3,16.0,0.5885280966758728,0,0.001,,0.2780889403003991,0.005,0.3801485177170439,0,,"16, 196",VMV3,VentroMedial_Visual_Area_3,Ventral_Stream_Visual,4.0,154.0,"941, 1242",idx_L,16,16.0
3,17.0,1.1997971534729004,0,0.001,,0.11510906498276247,0.005,0.23708517155480294,0,,"17, 197",VVC,Ventral_Visual_Complex,Ventral_Stream_Visual,4.0,163.0,"2487, 2753",idx_L,17,17.0
3,18.0,0.08319186419248581,0,0.001,,0.46684949087484223,0.005,0.4847593178905012,0,,"18, 198",FST,Area_FST,MT + _Complex,5.0,157.0,"1324, 1683",idx_L,18,18.0
3,19.0,0.84218430519104,0,0.001,,0.1998423987428093,0.005,0.32478783264263905,0,,"19, 199",LO1,Area_Lateral_Occipital_1,MT + _Complex,5.0,20.0,"619, 909",idx_L,19,19.0
3,20.0,0.014610379002988338,0,0.001,,0.4941715094451058,0.005,0.49588920234736494,0,,"20, 200",LO2,Area_Lateral_Occipital_2,MT + _Complex,5.0,21.0,"1179, 1062",idx_L,20,20.0
3,21.0,-0.32429933547973633,0,0.001,,0.3728557113662246,0.005,0.4314933153790401,0,,"21, 201",LO3,Area_Lateral_Occipital_3,MT + _Complex,5.0,159.0,"438, 915",idx_L,21,21.0
3,22.0,0.01322637777775526,0,0.001,,0.49472359252821646,0.005,0.49588920234736494,0,,"22, 202",MST,Medial_Superior_Temporal_Area,MT + _Complex,5.0,2.0,"794, 1036",idx_L,22,22.0
3,23.0,-0.7689222097396851,0,0.001,,0.22096974590117274,0.005,0.3363810886371922,0,,"23, 203",MT,Middle_Temporal_Area,MT + _Complex,5.0,23.0,"620, 1005",idx_L,23,23.0
3,24.0,-0.18818238377571106,0,0.001,,0.42536684074708886,0.005,0.4629366048867704,0,,"24, 204",PH,Area_PH,MT + _Complex,5.0,138.0,"3453, 3205",idx_L,24,24.0
3,25.0,-0.30195507407188416,0,0.001,,0.3813431554814004,0.005,0.4373596641961824,0,,"25, 205",V3CD,Area_V3CD,MT + _Complex,5.0,158.0,"876, 1222",idx_L,25,25.0
3,26.0,0.47960418462753296,0,0.001,,0.3157544351218801,0.005,0.41053697024370606,0,,"26, 206",V4t,Area_V4t,MT + _Complex,5.0,156.0,"1037, 1249",idx_L,26,26.0
3,27.0,-0.7714375257492065,0,0.001,,0.2202238197742259,0.005,0.3363810886371922,0,,"27, 207",1,Area_1,SomaSens_Motor,6.0,51.0,"6590, 5925",idx_L,27,27.0
3,28.0,1.341126799583435,0,0.001,,0.08993964374803443,0.005,0.2110722275242889,0,,"28, 208",2,Area_2,SomaSens_Motor,6.0,52.0,"4278, 4727",idx_L,28,28.0
3,29.0,-1.7553247213363647,0,0.001,,0.03960189012365692,0.005,0.13287906934053478,0,,"29, 209",3a,Area_3a,SomaSens_Motor,6.0,53.0,"2247, 2286",idx_L,29,29.0
3,30.0,-2.0916316509246826,0,0.001,,0.01823573946919772,0.005,0.07712198150514869,0,,"30, 210",3b,Primary_Sensory_Cortex,SomaSens_Motor,6.0,9.0,"5451, 4350",idx_L,30,30.0
3,31.0,-1.224985957145691,0,0.001,,0.11029025578237767,0.005,0.23268233437370994,0,,"31, 211",4,Primary_Motor_Cortex,SomaSens_Motor,6.0,8.0,"10,776, 10,254",idx_L,31,31.0
3,32.0,-0.6364229917526245,0,0.001,,0.2622503795584781,0.005,0.36970018784979897,0,,"32, 212",23c,Area_23c,ParaCentral_MidCing,7.0,38.0,"2259, 2498",idx_L,32,32.0
3,33.0,-1.7039836645126343,0,0.001,,0.04419206955516568,0.005,0.14353584191517813,0,,"33, 213",24dd,Dorsal_Area_24d,ParaCentral_MidCing,7.0,40.0,"2665, 2820",idx_L,33,33.0
3,34.0,-1.0617622137069702,0,0.001,,0.14417182391712963,0.005,0.2748063873725569,0,,"34, 214",24dv,Ventral_Area_24d,ParaCentral_MidCing,7.0,41.0,"1076, 1349",idx_L,34,34.0
3,35.0,0.28452199697494507,0,0.001,,0.38800518957634517,0.005,0.4400282317541792,0,,"35, 215",5L,Area_5L,ParaCentral_MidCing,7.0,39.0,"2249, 2327",idx_L,35,35.0
3,36.0,-1.1384376287460327,0,0.001,,0.12746889453919086,0.005,0.2524505911361536,0,,"36, 216",5 m,Area_5m,ParaCentral_MidCing,7.0,36.0,"1483, 2079",idx_L,36,36.0
3,37.0,0.21335673332214355,0,0.001,,0.41552436265042636,0.005,0.45718940714382955,0,,"37, 217",5mv,Area_5m_ventral,ParaCentral_MidCing,7.0,37.0,"1651, 1996",idx_L,37,37.0
3,38.0,-0.14659835398197174,0,0.001,,0.44172452648913874,0.005,0.47181581919789073,0,,"38, 218",6ma,Area_6m_anterior,ParaCentral_MidCing,7.0,44.0,"3941, 4251",idx_L,38,38.0
3,39.0,-0.8226641416549683,0,0.001,,0.20534950610941866,0.005,0.32823582472607865,0,,"39, 219",6mp,Area_6mp,ParaCentral_MidCing,7.0,55.0,"3701, 3105",idx_L,39,39.0
3,40.0,-2.537867307662964,0,0.001,,0.005576513135788125,0.005,0.032111889779038526,0,,"40, 220",SCEF,Supplementary_and_Cingulate_Eye_Field,ParaCentral_MidCing,7.0,43.0,"3500, 3371",idx_L,40,40.0
3,41.0,-1.469024896621704,0,0.001,,0.07091301826322959,0.005,0.18242237670262215,0,,"41, 221",55b,Area_55b,Premotor,8.0,12.0,"2422, 1537",idx_L,41,41.0
3,42.0,0.6200473308563232,0,0.001,,0.2676133131388422,0.005,0.37533915057933265,0,,"42, 222",6a,Area_6_anterior,Premotor,8.0,96.0,"4233, 3752",idx_L,42,42.0
3,43.0,-1.3605276346206665,0,0.001,,0.08683150702021392,0.005,0.20860113520832455,0,,"43, 223",6d,Dorsal_area_6,Premotor,8.0,54.0,"2916, 2909",idx_L,43,43.0
3,44.0,-1.5892360210418701,0,0.001,,0.05600355847077402,0.005,0.16094057710694257,0,,"44, 224",6r,Rostral_Area_6,Premotor,8.0,78.0,"3029, 3981",idx_L,44,44.0
3,45.0,-0.4615817070007324,0,0.001,,0.3221906576612683,0.005,0.41053697024370606,0,,"45, 225",6v,Ventral_Area_6,Premotor,8.0,56.0,"2075, 2516",idx_L,45,45.0
3,46.0,-2.128296136856079,0,0.001,,0.016656269104807275,0.005,0.07233247821884385,0,,"46, 226",FEF,Frontal_Eye_Fields,Premotor,8.0,10.0,"1787, 1889",idx_L,46,46.0
3,47.0,-2.565653085708618,0,0.001,,0.005149088369611983,0.005,0.031201938478544255,0,,"47, 227",PEF,Premotor_Eye_Field,Premotor,8.0,11.0,"1006, 1258",idx_L,47,47.0
3,48.0,-0.6592733860015869,0,0.001,,0.25486011469506564,0.005,0.36179442855313515,0,,"48, 228",43,Area_43,Posterior_Opercular,9.0,99.0,"1889, 1678",idx_L,48,48.0
3,49.0,-2.325442314147949,0,0.001,,0.010024160547680091,0.005,0.05217704079946304,0,,"49, 229",FOP1,Frontal_Opercular_Area_1,Posterior_Opercular,9.0,113.0,"879, 932",idx_L,49,49.0
3,50.0,0.45782995223999023,0,0.001,,0.3235373075523233,0.005,0.41053697024370606,0,,"50, 230",OP1,Area_OP1-SII,Posterior_Opercular,9.0,101.0,"1275, 1072",idx_L,50,50.0
3,51.0,-0.47663700580596924,0,0.001,,0.3168103136428242,0.005,0.41053697024370606,0,,"51, 231",OP2-3,Area_OP2-3-VS,Posterior_Opercular,9.0,102.0,"943, 792",idx_L,51,51.0
3,52.0,-1.1392395496368408,0,0.001,,0.12730162696485203,0.005,0.2524505911361536,0,,"52, 232",OP4,Area_OP4-PV,Posterior_Opercular,9.0,100.0,"2332, 2409",idx_L,52,52.0
3,53.0,-1.991050362586975,0,0.001,,0.02323767536294868,0.005,0.09434496197357163,0,,"53, 233",52,Area_52,Early_Auditory,10.0,103.0,"725, 580",idx_L,53,53.0
3,54.0,0.1901070773601532,0,0.001,,0.42461261214296153,0.005,0.4629366048867704,0,,"54, 234",A1,Primary_Auditory_Cortex,Early_Auditory,10.0,24.0,"1023, 796",idx_L,54,54.0
3,55.0,0.20729748904705048,0,0.001,,0.4178887675047987,0.005,0.4585482151539142,0,,"55, 235",LBelt,Lateral_Belt_Complex,Early_Auditory,10.0,174.0,"820, 901",idx_L,55,55.0
3,56.0,0.7499300837516785,0,0.001,,0.22664840732836283,0.005,0.34207900883016845,0,,"56, 236",MBelt,Medial_Belt_Complex,Early_Auditory,10.0,173.0,"1242, 1236",idx_L,56,56.0
3,57.0,0.9374421834945679,0,0.001,,0.1742655753983145,0.005,0.30191431515647066,0,,"57, 237",PBelt,ParaBelt_Complex,Early_Auditory,10.0,124.0,"1719, 1439",idx_L,57,57.0
3,58.0,-0.5637490153312683,0,0.001,,0.28646247717307605,0.005,0.386391248279963,0,,"58, 238",PFcm,Area_PFcm,Early_Auditory,10.0,105.0,"1486, 1485",idx_L,58,58.0
3,59.0,1.4436132907867432,0,0.001,,0.07442389210560141,0.005,0.18885062621796359,0,,"59, 239",RI,RetroInsular_Cortex,Early_Auditory,10.0,104.0,"1149, 1334",idx_L,59,59.0
3,60.0,0.7653060555458069,0,0.001,,0.22204465949450125,0.005,0.3363810886371922,0,,"60, 240",A4,Auditory_4_Complex,Auditory_Association,11.0,175.0,"3514, 3610",idx_L,60,60.0
3,61.0,-2.7020201683044434,0,0.001,,0.0034459790845443746,0.005,0.024198787259277335,0,,"61, 241",A5,Auditory_5_Complex,Auditory_Association,11.0,125.0,"3346, 3881",idx_L,61,61.0
3,62.0,-2.8415846824645996,0,0.001,,0.0022444964175810144,0.005,0.019388628628465784,0,,"62, 242",STGa,Area_STGa,Auditory_Association,11.0,123.0,"2509, 2187",idx_L,62,62.0
3,63.0,-3.9979169368743896,1,0.001,-,3.195118309048647e-05,0.005,0.0007630694314551474,1,-,"63, 243",STSda,Area_STSd_anterior,Auditory_Association,11.0,128.0,"1944, 2389",idx_L,63,63.0
3,64.0,-4.749581336975098,1,0.001,-,1.0191910063492873e-06,0.005,5.3230259599852706e-05,1,-,"64, 244",STSdp,Area_STSd_posterior,Auditory_Association,11.0,129.0,"1994, 2605",idx_L,64,64.0
3,65.0,-2.8660478591918945,0,0.001,,0.0020781570273717674,0.005,0.018749594513620835,0,,"65, 245",STSva,Area_STSv_anterior,Auditory_Association,11.0,176.0,"1694, 1900",idx_L,65,65.0
3,66.0,-4.748432636260986,1,0.001,-,1.0249957242619099e-06,0.005,5.3230259599852706e-05,1,-,"66, 246",STSvp,Area_STSv_posterior,Auditory_Association,11.0,130.0,"2898, 2515",idx_L,66,66.0
3,67.0,-0.5984369516372681,0,0.001,,0.2747742080165081,0.005,0.3783435392651336,0,,"67, 247",TA2,Area_TA2,Auditory_Association,11.0,107.0,"1518, 1726",idx_L,67,67.0
3,68.0,-1.2399823665618896,0,0.001,,0.10749095819033777,0.005,0.22914376109070952,0,,"68, 248",AAIC,Anterior_Agranular_Insula_Complex,Insula_FrontalOperc,12.0,112.0,"1859, 1691",idx_L,68,68.0
3,69.0,-0.7455659508705139,0,0.001,,0.22796482884779817,0.005,0.3427051205436645,0,,"69, 249",AVI,Anterior_Ventral_Insular_Area,Insula_FrontalOperc,12.0,111.0,"1446, 1792",idx_L,69,69.0
3,70.0,0.4702124297618866,0,0.001,,0.31910162728049196,0.005,0.41053697024370606,0,,"70, 250",FOP2,Frontal_Opercular_Area_2,Insula_FrontalOperc,12.0,115.0,"750, 720",idx_L,70,70.0
3,71.0,-0.13738535344600677,0,0.001,,0.445363103763331,0.005,0.47181581919789073,0,,"71, 251",FOP3,Frontal_Opercular_Area_3,Insula_FrontalOperc,12.0,114.0,"754, 614",idx_L,71,71.0
3,72.0,-3.667602300643921,1,0.001,-,0.0001224178024059217,0.005,0.002160940338121922,1,-,"72, 252",FOP4,Frontal_Opercular_Area_4,Insula_FrontalOperc,12.0,108.0,"2522, 1678",idx_L,72,72.0
3,73.0,-2.2428627014160156,0,0.001,,0.0124528348134838,0.005,0.061656718710663694,0,,"73, 253",FOP5,Area_Frontal_Opercular_5,Insula_FrontalOperc,12.0,169.0,"1297, 1365",idx_L,73,73.0
3,74.0,-0.852723240852356,0,0.001,,0.196906399740439,0.005,0.32235483183313807,0,,"74, 254",Ig,Insular_Granular_Complex,Insula_FrontalOperc,12.0,168.0,"841, 1077",idx_L,74,74.0
3,75.0,-4.500927925109863,1,0.001,-,3.3828723351939608e-06,0.005,0.00012485874255352254,1,-,"75, 255",MI,Middle_Insular_Area,Insula_FrontalOperc,12.0,109.0,"2102, 1960",idx_L,75,75.0
3,76.0,-1.8862584829330444,0,0.001,,0.029630065507559665,0.005,0.11141621515670236,0,,"76, 256",PI,Para-Insular_Area,Insula_FrontalOperc,12.0,178.0,"1033, 1058",idx_L,76,76.0
3,77.0,-3.539311647415161,1,0.001,-,0.00020058596976760889,0.005,0.0030437480833100305,1,-,"77, 257",Pir,Pirform_Cortex,Insula_FrontalOperc,12.0,110.0,"2287, 1856",idx_L,77,77.0
3,78.0,-1.0324355363845825,0,0.001,,0.15093406586751457,0.005,0.2823927683972853,0,,"78, 258",PoI1,Area_Posterior_Insular_1,Insula_FrontalOperc,12.0,167.0,"1811, 1835",idx_L,78,78.0
3,79.0,-0.9424088001251221,0,0.001,,0.17299169174151668,0.005,0.30191431515647066,0,,"79, 259",PoI2,Posterior_Insular_Area_2,Insula_FrontalOperc,12.0,106.0,"2747, 2675",idx_L,79,79.0
3,80.0,-2.0773122310638428,0,0.001,,0.01888637546235972,0.005,0.07824355548691884,0,,"80, 260",H,Hippocampus,Medial_Temporal,13.0,120.0,"4283, 3626",idx_L,80,80.0
3,81.0,-0.4053219258785248,0,0.001,,0.34262044585243584,0.005,0.41597642429582976,0,,"81, 261",PreS,PreSubiculum,Medial_Temporal,13.0,119.0,"1817, 1558",idx_L,81,81.0
3,82.0,-1.8718849420547485,0,0.001,,0.030611261628762102,0.005,0.11151057807467762,0,,"82, 262",EC,Entorhinal_Cortex,Medial_Temporal,13.0,118.0,"2127, 2110",idx_L,82,82.0
3,83.0,-2.5722169876098633,0,0.001,,0.005052476808462853,0.005,0.03108038763993816,0,,"83, 263",PeEc,Perirhinal_Ectorhinal_Cortex,Medial_Temporal,13.0,122.0,"4826, 4755",idx_L,83,83.0
3,84.0,0.2849148213863373,0,0.001,,0.38785470028974084,0.005,0.4400282317541792,0,,"84, 264",TF,Area_TF,Medial_Temporal,13.0,135.0,"3986, 4752",idx_L,84,84.0
3,85.0,-0.40552377700805664,0,0.001,,0.34254627226930245,0.005,0.41597642429582976,0,,"85, 265",PHA1,ParaHippocampal_Area_1,Medial_Temporal,13.0,126.0,"1281, 1168",idx_L,85,85.0
3,86.0,1.2140002250671387,0,0.001,,0.11237381910526534,0.005,0.23517407503473056,0,,"86, 266",PHA2,ParaHippocampal_Area_2,Medial_Temporal,13.0,155.0,"783, 771",idx_L,86,86.0
3,87.0,0.40676870942115784,0,0.001,,0.34208893526422013,0.005,0.41597642429582976,0,,"87, 267",PHA3,ParaHippocampal_Area_3,Medial_Temporal,13.0,127.0,"2023, 1122",idx_L,87,87.0
3,88.0,-0.2903028726577759,0,0.001,,0.3857922706859615,0.005,0.43997657836657406,0,,"88, 268",PHT,Area_PHT,Lateral_Temporal,14.0,137.0,"4182, 3410",idx_L,88,88.0
3,89.0,-3.1614010334014893,1,0.001,-,0.000785060816158753,0.005,0.00885374142667927,0,,"89, 269",TE1a,Area_TE1_anterior,Lateral_Temporal,14.0,132.0,"5227, 4180",idx_L,89,89.0
3,90.0,-2.504258632659912,0,0.001,,0.0061354149157320514,0.005,0.03412299254503031,0,,"90, 270",TE1m,Area_TE1_Middle,Lateral_Temporal,14.0,177.0,"3339, 3429",idx_L,90,90.0
3,91.0,-0.43810755014419556,0,0.001,,0.33065416076278786,0.005,0.41053697024370606,0,,"91, 271",TE1p,Area_TE1_posterior,Lateral_Temporal,14.0,133.0,"7116, 6010",idx_L,91,91.0
3,92.0,-0.8138207197189331,0,0.001,,0.20787383174185226,0.005,0.3296749050280938,0,,"92, 272",TE2a,Area_TE2_anterior,Lateral_Temporal,14.0,134.0,"5691, 5753",idx_L,92,92.0
3,93.0,0.9877167344093323,0,0.001,,0.16164569824946573,0.005,0.2933601239462708,0,,"93, 273",TE2p,Area_TE2_posterior,Lateral_Temporal,14.0,136.0,"4115, 3040",idx_L,93,93.0
3,94.0,-4.436225891113281,1,0.001,-,4.5774889889177145e-06,0.005,0.00014295850226927632,1,-,"94, 274",TGd,Area_TG_dorsal,Lateral_Temporal,14.0,131.0,"10,192, 10,269",idx_L,94,94.0
3,95.0,-3.305436372756958,1,0.001,-,0.00047414316091300536,0.005,0.0060156913540837555,0,,"95, 275",TGv,Area_TG_Ventral,Lateral_Temporal,14.0,172.0,"3694, 4515",idx_L,95,95.0
3,96.0,-4.6657328605651855,1,0.001,-,1.5375950707282177e-06,0.005,6.936262207951738e-05,1,-,"96, 276",PSL,PeriSylvian_Language_Area,TPO,15.0,25.0,"2154, 2759",idx_L,96,96.0
3,97.0,-3.3302390575408936,1,0.001,-,0.00043385725794598364,0.005,0.005682130539550625,0,,"97, 277",STV,Superior_Temporal_Visual_Area,TPO,15.0,28.0,"2322, 2294",idx_L,97,97.0
3,98.0,-3.880847454071045,1,0.001,-,5.2046559167039036e-05,0.005,0.0010565451510908925,1,-,"98, 278",TPOJ1,Area_TemporoParietoOccipital_Junction_1,TPO,15.0,139.0,"2102, 3938",idx_L,98,98.0
3,99.0,-0.9513577222824097,0,0.001,,0.17071140713582972,0.005,0.3013235488112908,0,,"99, 279",TPOJ2,Area_TemporoParietoOccipital_Junction_2,TPO,15.0,140.0,"1930, 2068",idx_L,99,99.0
3,100.0,-0.33696407079696655,0,0.001,,0.36807199255901624,0.005,0.4281869025185117,0,,"100, 280",TPOJ3,Area_TemporoParietoOccipital_Junction_3,TPO,15.0,141.0,"1290, 1277",idx_L,100,100.0
3,101.0,-0.22706174850463867,0,0.001,,0.41018786374185956,0.005,0.4525442192369428,0,,"101, 281",7AL,Lateral_Area_7A,Superior_Parietal,16.0,42.0,"2134, 2030",idx_L,101,101.0
3,102.0,1.8629870414733887,0,0.001,,0.031232044711991185,0.005,0.11221424914219841,0,,"102, 282",7Am,Medial_Area_7A,Superior_Parietal,16.0,45.0,"2995, 2379",idx_L,102,102.0
3,103.0,-0.0320562869310379,0,0.001,,0.48721358172704976,0.005,0.49588920234736494,0,,"103, 283",7PC,Area_7PC,Superior_Parietal,16.0,47.0,"3151, 3415",idx_L,103,103.0
3,104.0,2.4618148803710938,0,0.001,,0.006911799783869462,0.005,0.037415876163346684,0,,"104, 284",7Pl,Lateral_Area_7P,Superior_Parietal,16.0,46.0,"1695, 1363",idx_L,104,104.0
3,105.0,1.9787044525146484,0,0.001,,0.02392464568641282,0.005,0.0952294720459177,0,,"105, 285",7Pm,Medial_Area_7P,Superior_Parietal,16.0,29.0,"1601, 1308",idx_L,105,105.0
3,106.0,2.7732198238372803,0,0.001,,0.0027752306428372366,0.005,0.022994768183508534,0,,"106, 286",AIP,Anterior_IntraParietal_Area,Superior_Parietal,16.0,117.0,"1999, 2542",idx_L,106,106.0
3,107.0,1.6940869092941284,0,0.001,,0.045124384741431725,0.005,0.14540079527794667,0,,"107, 287",LIPd,Area_Lateral_IntraParietal_dorsal,Superior_Parietal,16.0,95.0,"1008, 869",idx_L,107,107.0
3,108.0,0.18035736680030823,0,0.001,,0.42843601089359923,0.005,0.46385338779413676,0,,"108, 288",LIPv,Area_Lateral_IntraParietal_ventral,Superior_Parietal,16.0,48.0,"1681, 1783",idx_L,108,108.0
3,109.0,2.1731674671173096,0,0.001,,0.014883857682171504,0.005,0.0664992364214746,0,,"109, 289",MIP,Medial_IntraParietal_Area,Superior_Parietal,16.0,50.0,"1872, 2403",idx_L,109,109.0
3,110.0,0.11668746173381805,0,0.001,,0.4535538632409837,0.005,0.47423648308641403,0,,"110, 290",VIP,Ventral_IntraParietal_Complex,Superior_Parietal,16.0,49.0,"1890, 1577",idx_L,110,110.0
3,111.0,0.699589192867279,0,0.001,,0.24209194680814355,0.005,0.34978409396479104,0,,"111, 291",IP0,Area_IntraParietal_0,Inferior_Parietal,17.0,146.0,"1203, 1239",idx_L,111,111.0
3,112.0,2.704803466796875,0,0.001,,0.0034172405816823258,0.005,0.024198787259277335,0,,"112, 292",IP1,Area_IntraParietal_1,Inferior_Parietal,17.0,145.0,"1692, 1632",idx_L,112,112.0
3,113.0,2.9232289791107178,0,0.001,,0.0017321082869872371,0.005,0.016354324756205078,0,,"113, 293",IP2,Area_IntraParietal_2,Inferior_Parietal,17.0,144.0,"2102, 1861",idx_L,113,113.0
3,114.0,-1.3710367679595947,0,0.001,,0.08518174729022443,0.005,0.20601281823360823,0,,"114, 294",PF,Area_PF_Complex,Inferior_Parietal,17.0,148.0,"5457, 5251",idx_L,114,114.0
3,115.0,-0.37485140562057495,0,0.001,,0.35388549044351136,0.005,0.4201096757896655,0,,"115, 295",PFm,Area_PFm_Complex,Inferior_Parietal,17.0,149.0,"8220, 8141",idx_L,115,115.0
3,116.0,-1.2460719347000122,0,0.001,,0.10636899362334007,0.005,0.22886041219494038,0,,"116, 296",PFop,Area_PF_Opercular,Inferior_Parietal,17.0,147.0,"1797, 1783",idx_L,116,116.0
3,117.0,0.666280210018158,0,0.001,,0.2526160062538547,0.005,0.35986701241777197,0,,"117, 297",PFt,Area_PFt,Inferior_Parietal,17.0,116.0,"1983, 2039",idx_L,117,117.0
3,118.0,-1.1052764654159546,0,0.001,,0.13451990621735255,0.005,0.2600718186868816,0,,"118, 298",PGi,Area_PGi,Inferior_Parietal,17.0,150.0,"4791, 4970",idx_L,118,118.0
3,119.0,0.34949037432670593,0,0.001,,0.36336059798649994,0.005,0.42514237113117864,0,,"119, 299",PGp,Area_PGp,Inferior_Parietal,17.0,143.0,"2501, 3740",idx_L,119,119.0
3,120.0,0.855987012386322,0,0.001,,0.19600248167234413,0.005,0.32217411967195025,0,,"120, 300",PGs,Area_PGs,Inferior_Parietal,17.0,151.0,"4552, 3366",idx_L,120,120.0
3,121.0,-0.532037615776062,0,0.001,,0.2973499715483239,0.005,0.39842933481392573,0,,"121, 301",23d,Area_23d,Posterior_Cingulate,18.0,32.0,"1261, 1513",idx_L,121,121.0
3,122.0,1.8553262948989868,0,0.001,,0.031774822734005864,0.005,0.11316296517549457,0,,"122, 302",31a,Area_31a,Posterior_Cingulate,18.0,162.0,"1260, 1116",idx_L,122,122.0
3,123.0,-0.4442155659198761,0,0.001,,0.3284433696416384,0.005,0.41053697024370606,0,,"123, 303",31pd,Area_31pd,Posterior_Cingulate,18.0,161.0,"1428, 864",idx_L,123,123.0
3,124.0,-0.3196558356285095,0,0.001,,0.3746146212605101,0.005,0.4315560847889072,0,,"124, 304",31pv,Area_31p_ventral,Posterior_Cingulate,18.0,35.0,"950, 1022",idx_L,124,124.0
3,125.0,1.4460034370422363,0,0.001,,0.07408811889646737,0.005,0.18885062621796359,0,,"125, 305",7 m,Area_7m,Posterior_Cingulate,18.0,30.0,"2128, 2067",idx_L,125,125.0
3,126.0,0.0229228213429451,0,0.001,,0.49085591818893287,0.005,0.49588920234736494,0,,"126, 306",d23ab,Area_dorsal_23_a + b,Posterior_Cingulate,18.0,34.0,"1607, 1106",idx_L,126,126.0
3,127.0,2.960972785949707,0,0.001,,0.0015333451763597807,0.005,0.014822336704811213,0,,"127, 307",DVT,Dorsal_Transitional_Visual_Area,Posterior_Cingulate,18.0,142.0,"1806, 2176",idx_L,127,127.0
3,128.0,-0.38770443201065063,0,0.001,,0.3491173877920748,0.005,0.41688723365759517,0,,"128, 308",PCV,PreCuneus_Visual_Area,Posterior_Cingulate,18.0,27.0,"2245, 2416",idx_L,128,128.0
3,129.0,0.046061720699071884,0,0.001,,0.4816305280313533,0.005,0.49588920234736494,0,,"129, 309",POS1,Parieto-Occipital_Sulcus_Area_1,Posterior_Cingulate,18.0,31.0,"2531, 2727",idx_L,129,129.0
3,130.0,3.719160556793213,1,0.001,+,9.994298492997287e-05,0.005,0.0018444023582531355,1,+,"130, 310",POS2,Parieto-Occipital_Sulcus_Area_2,Posterior_Cingulate,18.0,15.0,"3261, 3093",idx_L,130,130.0
3,131.0,-1.7655041217803955,0,0.001,,0.03873953905972017,0.005,0.1310687738187199,0,,"131, 311",ProS,ProStriate_Area,Posterior_Cingulate,18.0,121.0,"1222, 1055",idx_L,131,131.0
3,132.0,3.1030960083007812,1,0.001,+,0.0009575375111091852,0.005,0.009809150315170377,0,,"132, 312",RSC,RetroSplenial_Complex,Posterior_Cingulate,18.0,14.0,"2830, 3067",idx_L,132,132.0
3,133.0,-1.0102964639663696,0,0.001,,0.1561766373851035,0.005,0.28903193243932646,0,,"133, 313",v23ab,Area_ventral_23_a + b,Posterior_Cingulate,18.0,33.0,"916, 1089",idx_L,133,133.0
3,134.0,-1.4020495414733887,0,0.001,,0.08045022664059337,0.005,0.19682358001939554,0,,"134, 314",10r,Area_10r,AntCing_MedPFC,19.0,65.0,"1589, 1053",idx_L,134,134.0
3,135.0,-2.6952707767486572,0,0.001,,0.003516572532752125,0.005,0.024198787259277335,0,,"135, 315",10v,Area_10v,AntCing_MedPFC,19.0,88.0,"3906, 2667",idx_L,135,135.0
3,136.0,-1.31637704372406,0,0.001,,0.09402376175841726,0.005,0.21333993975047144,0,,"136, 316",25,Area_25,AntCing_MedPFC,19.0,164.0,"1911, 2135",idx_L,136,136.0
3,137.0,-0.922822117805481,0,0.001,,0.1780499562888853,0.005,0.3050138491699892,0,,"137, 317",33pr,Area_33_prime,AntCing_MedPFC,19.0,58.0,"1354, 1316",idx_L,137,137.0
3,138.0,-2.2103285789489746,0,0.001,,0.01354118328740772,0.005,0.06544905255580397,0,,"138, 318",8BM,Area_8BM,AntCing_MedPFC,19.0,63.0,"3122, 3436",idx_L,138,138.0
3,139.0,-4.743772506713867,1,0.001,-,1.0488721103419253e-06,0.005,5.3230259599852706e-05,1,-,"139, 319",9 m,Area_9_Middle,AntCing_MedPFC,19.0,69.0,"6338, 5881",idx_L,139,139.0
3,140.0,-2.1673271656036377,0,0.001,,0.015104958267653503,0.005,0.06665883757247089,0,,"140, 320",a24,Area_a24,AntCing_MedPFC,19.0,61.0,"2085, 2152",idx_L,140,140.0
3,141.0,-1.984847903251648,0,0.001,,0.02358069801309274,0.005,0.0947897365674817,0,,"141, 321",a24pr,Anterior_24_prime,AntCing_MedPFC,19.0,59.0,"1095, 1474",idx_L,141,141.0
3,142.0,-1.49074387550354,0,0.001,,0.06801437600862467,0.005,0.18166997802303694,0,,"142, 322",a32pr,Area_anterior_32_prime,AntCing_MedPFC,19.0,179.0,"1759, 1118",idx_L,142,142.0
3,143.0,-2.6675844192504883,0,0.001,,0.0038199346609959525,0.005,0.0250144108445864,0,,"143, 323",d32,Area_dorsal_32,AntCing_MedPFC,19.0,62.0,"2228, 2374",idx_L,143,143.0
3,144.0,-1.3487871885299683,0,0.001,,0.0887026654546546,0.005,0.2099011432766169,0,,"144, 324",p24,Area_posterior_24,AntCing_MedPFC,19.0,180.0,"2394, 2442",idx_L,144,144.0
3,145.0,-0.3583938777446747,0,0.001,,0.36002428632105354,0.005,0.4236353688997147,0,,"145, 325",p24pr,Area_Posterior_24_prime,AntCing_MedPFC,19.0,57.0,"1422, 1724",idx_L,145,145.0
3,146.0,-2.178011655807495,0,0.001,,0.014702584496905167,0.005,0.0664992364214746,0,,"146, 326",p32,Area_p32,AntCing_MedPFC,19.0,64.0,"1180, 1765",idx_L,146,146.0
3,147.0,-1.838560938835144,0,0.001,,0.032989895495890056,0.005,0.1154646342356152,0,,"147, 327",p32pr,Area_p32_prime,AntCing_MedPFC,19.0,60.0,"1569, 1305",idx_L,147,147.0
3,148.0,-0.228938028216362,0,0.001,,0.40945854156955,0.005,0.4525442192369428,0,,"148, 328",pOFC,Posterior_OFC_Complex,AntCing_MedPFC,19.0,166.0,"2486, 2836",idx_L,148,148.0
3,149.0,-0.9543474912643433,0,0.001,,0.16995388800883832,0.005,0.3013235488112908,0,,"149, 329",s32,Area_s32,AntCing_MedPFC,19.0,165.0,"604, 1015",idx_L,149,149.0
3,150.0,-1.9099594354629517,0,0.001,,0.0280692182110895,0.005,0.10853431041621274,0,,"150, 330",10d,Area_10d,OrbPolaFrontal,20.0,72.0,"3644, 3096",idx_L,150,150.0
3,151.0,-1.6277854442596436,0,0.001,,0.05178519398931873,0.005,0.15723884520866066,0,,"151, 331",10 pp,Polar_10p,OrbPolaFrontal,20.0,90.0,"1997, 2487",idx_L,151,151.0
3,152.0,0.27136608958244324,0,0.001,,0.39305474020988496,0.005,0.4420504834493443,0,,"152, 332",11 l,Area_11l,OrbPolaFrontal,20.0,91.0,"3531, 3793",idx_L,152,152.0
3,153.0,-0.5952545404434204,0,0.001,,0.27583666902088555,0.005,0.3783435392651336,0,,"153, 333",13 l,Area_13l,OrbPolaFrontal,20.0,92.0,"2429, 1757",idx_L,153,153.0
3,154.0,-2.2112905979156494,0,0.001,,0.013507860006971892,0.005,0.06544905255580397,0,,"154, 334",47 m,Area_47m,OrbPolaFrontal,20.0,66.0,"799, 781",idx_L,154,154.0
3,155.0,-2.9731240272521973,0,0.001,,0.00147392653773851,0.005,0.01459546766638622,0,,"155, 335",47 s,Area_47s,OrbPolaFrontal,20.0,94.0,"2795, 3080",idx_L,155,155.0
3,156.0,-1.0561819076538086,0,0.001,,0.14544255747051388,0.005,0.27593307632256375,0,,"156, 336",a10p,Area_anterior_10p,OrbPolaFrontal,20.0,89.0,"1964, 1748",idx_L,156,156.0
3,157.0,-1.514556646347046,0,0.001,,0.06494235912662978,0.005,0.17695703225108517,0,,"157, 337",OFC,Orbital_Frontal_Complex,OrbPolaFrontal,20.0,93.0,"4560, 5232",idx_L,157,157.0
3,158.0,1.5846675634384155,0,0.001,,0.056520942661465554,0.005,0.16094057710694257,0,,"158, 338",p10p,Area_posterior_10p,OrbPolaFrontal,20.0,170.0,"2116, 2365",idx_L,158,158.0
3,159.0,-2.5354201793670654,0,0.001,,0.005615626045102796,0.005,0.032111889779038526,0,,"159, 339",44,Area_44,Inferior_Frontal,21.0,74.0,"2435, 2589",idx_L,159,159.0
3,160.0,-5.085463047027588,1,0.001,-,1.8336511617781323e-07,0.005,1.8611559292048044e-05,1,-,"160, 340",45,Area_45,Inferior_Frontal,21.0,75.0,"3762, 2962",idx_L,160,160.0
3,161.0,-5.575369834899902,1,0.001,-,1.235022702301384e-08,0.005,2.2669193803781077e-06,1,-,"161, 341",47 l,Area_47l_(47_lateral),Inferior_Frontal,21.0,76.0,"2527, 2592",idx_L,161,161.0
3,162.0,-2.8513500690460205,0,0.001,,0.0021767005761119114,0.005,0.019211748563074695,0,,"162, 342",a47r,Area_anterior_47r,Inferior_Frontal,21.0,77.0,"4167, 3763",idx_L,162,162.0
3,163.0,-0.3951994776725769,0,0.001,,0.34634783906589317,0.005,0.41597642429582976,0,,"163, 343",IFJa,Area_IFJa,Inferior_Frontal,21.0,79.0,"1513, 1405",idx_L,163,163.0
3,164.0,-1.4684430360794067,0,0.001,,0.07099195940643917,0.005,0.18242237670262215,0,,"164, 344",IFJp,Area_IFJp,Inferior_Frontal,21.0,80.0,"960, 740",idx_L,164,164.0
3,165.0,-1.6795324087142944,0,0.001,,0.04652416407489355,0.005,0.14668822242886842,0,,"165, 345",IFSa,Area_IFSa,Inferior_Frontal,21.0,82.0,"2057, 2641",idx_L,165,165.0
3,166.0,-1.1815941333770752,0,0.001,,0.11868339123057664,0.005,0.24213797406841267,0,,"166, 346",IFSp,Area_IFSp,Inferior_Frontal,21.0,81.0,"1589, 1730",idx_L,166,166.0
3,167.0,-2.7225685119628906,0,0.001,,0.003238830027729538,0.005,0.024198787259277335,0,,"167, 347",p47r,Area_posterior_47r,Inferior_Frontal,21.0,171.0,"2133, 1761",idx_L,167,167.0
3,168.0,0.9509404301643372,0,0.001,,0.1708173082404147,0.005,0.3013235488112908,0,,"168, 348",46,Area_46,Dorsolateral_Prefrontal,22.0,84.0,"4863, 4394",idx_L,168,168.0
3,169.0,0.7984004616737366,0,0.001,,0.21231906772653503,0.005,0.33282448454429814,0,,"169, 349",8Ad,Area_8Ad,Dorsolateral_Prefrontal,22.0,68.0,"3386, 3492",idx_L,169,169.0
3,170.0,-0.44516313076019287,0,0.001,,0.3281009344233306,0.005,0.41053697024370606,0,,"170, 350",8Av,Area_8Av,Dorsolateral_Prefrontal,22.0,67.0,"4807, 5902",idx_L,170,170.0
3,171.0,-3.5129451751708984,1,0.001,-,0.00022158445547686823,0.005,0.0032129746044145895,1,-,"171, 351",8BL,Area_8B_Lateral,Dorsolateral_Prefrontal,22.0,70.0,"3377, 4078",idx_L,171,171.0
3,172.0,-0.838793933391571,0,0.001,,0.20079247781601578,0.005,0.32478783264263905,0,,"172, 352",8C,Area_8C,Dorsolateral_Prefrontal,22.0,73.0,"4085, 3134",idx_L,172,172.0
3,173.0,-2.0821850299835205,0,0.001,,0.01866278605847905,0.005,0.07811434164682984,0,,"173, 353",9-46d,Area_9-46d,Dorsolateral_Prefrontal,22.0,86.0,"4534, 4666",idx_L,173,173.0
3,174.0,-2.678504467010498,0,0.001,,0.0036975872871975075,0.005,0.024610171124626032,0,,"174, 354",9a,Area_9_anterior,Dorsolateral_Prefrontal,22.0,87.0,"3706, 3048",idx_L,174,174.0
3,175.0,-3.5895192623138428,1,0.001,-,0.00016564417590604743,0.005,0.00269006141671421,1,-,"175, 355",9p,Area_9_Posterior,Dorsolateral_Prefrontal,22.0,71.0,"3426, 2488",idx_L,175,175.0
3,176.0,0.706601619720459,0,0.001,,0.23990704105194405,0.005,0.3491120382332949,0,,"176, 356",a9-46v,Area_anterior_9-46v,Dorsolateral_Prefrontal,22.0,85.0,"3314, 2628",idx_L,176,176.0
3,177.0,0.8747431039810181,0,0.001,,0.1908568505534181,0.005,0.3177348594678736,0,,"177, 357",i6-8,Inferior_6-8_Transitional_Area,Dorsolateral_Prefrontal,22.0,97.0,"1764, 2418",idx_L,177,177.0
3,178.0,1.4724308252334595,0,0.001,,0.07045228710134928,0.005,0.18242237670262215,0,,"178, 358",p9-46v,Area_posterior_9-46v,Dorsolateral_Prefrontal,22.0,83.0,"2871, 4635",idx_L,178,178.0
3,179.0,1.238317608833313,0,0.001,,0.10779915854267369,0.005,0.22914376109070952,0,,"179, 359",s6-8,Superior_6-8_Transitional_Area,Dorsolateral_Prefrontal,22.0,98.0,"1336, 2132",idx_L,179,179.0
3,180.0,-3.7272684574127197,1,0.001,-,9.678312463903386e-05,0.005,0.0018444023582531355,1,-,"180, 360",SFL,Superior_Frontal_Language_Area,Dorsolateral_Prefrontal,22.0,26.0,"3873, 3055",idx_L,180,180.0
3,181.0,0.14102959632873535,0,0.001,,0.44392328075725246,0.005,0.47181581919789073,0,,"1, 181",V1,Primary_Visual_Cortex,Primary_Visual,1.0,1.0,"13,812, 13,406",idx_R,181,181.0
3,182.0,1.502830147743225,0,0.001,,0.06644142477705677,0.005,0.1798347897299003,0,,"2, 182",V2,Second_Visual_Area,Early_Visual,2.0,4.0,"9515, 9420",idx_R,182,182.0
3,183.0,1.3047083616256714,0,0.001,,0.09599608657884345,0.005,0.2141451162143431,0,,"3, 183",V3,Third_Visual_Area,Early_Visual,2.0,5.0,"7106, 7481",idx_R,183,183.0
3,184.0,0.46838855743408203,0,0.001,,0.3197533746746192,0.005,0.41053697024370606,0,,"4, 184",V4,Fourth_Visual_Area,Early_Visual,2.0,6.0,"4782, 4537",idx_R,184,184.0
3,185.0,0.5404441952705383,0,0.001,,0.29444536806350796,0.005,0.3958437729595504,0,,"5, 185",IPS1,IntraParietal_Sulcus_Area_1,Dorsal_Stream_Visual,3.0,17.0,"1751, 1750",idx_R,185,185.0
3,186.0,1.671307921409607,0,0.001,,0.047330436300940304,0.005,0.14668822242886842,0,,"6, 186",V3A,Area_V3A,Dorsal_Stream_Visual,3.0,13.0,"2191, 2212",idx_R,186,186.0
3,187.0,1.177586555480957,0,0.001,,0.11948073615234228,0.005,0.2425458943892548,0,,"7, 187",V3B,Area_V3B,Dorsal_Stream_Visual,3.0,19.0,"639, 731",idx_R,187,187.0
3,188.0,0.9326630234718323,0,0.001,,0.17549699107617506,0.005,0.30191431515647066,0,,"8, 188",V6,Sixth_Visual_Area,Dorsal_Stream_Visual,3.0,3.0,"1402, 1559",idx_R,188,188.0
3,189.0,1.5826566219329834,0,0.001,,0.056749875163925656,0.005,0.16094057710694257,0,,"9, 189",V6A,Area_V6A,Dorsal_Stream_Visual,3.0,152.0,"904, 734",idx_R,189,189.0
3,190.0,0.7401794791221619,0,0.001,,0.22959554873861265,0.005,0.3427051205436645,0,,"10, 190",V7,Seventh_Visual_Area,Dorsal_Stream_Visual,3.0,16.0,"1005, 1041",idx_R,190,190.0
3,191.0,-0.25415998697280884,0,0.001,,0.3996859807695032,0.005,0.4445822142258036,0,,"11, 191",FFC,Fusiform_Face_Complex,Ventral_Stream_Visual,4.0,18.0,"3848, 4402",idx_R,191,191.0
3,192.0,-0.4721164107322693,0,0.001,,0.3184218497289401,0.005,0.41053697024370606,0,,"12, 192",PIT,Posterior_InferoTemporal_complex,Ventral_Stream_Visual,4.0,22.0,"1392, 1386",idx_R,192,192.0
3,193.0,0.449714332818985,0,0.001,,0.32645821762758964,0.005,0.41053697024370606,0,,"13, 193",V8,Eighth_Visual_Area,Ventral_Stream_Visual,4.0,7.0,"1361, 1175",idx_R,193,193.0
3,194.0,0.7082833647727966,0,0.001,,0.2393846527300772,0.005,0.3491120382332949,0,,"14, 194",VMV1,VentroMedial_Visual_Area_1,Ventral_Stream_Visual,4.0,153.0,"939, 1219",idx_R,194,194.0
3,195.0,0.341789573431015,0,0.001,,0.36625462838222156,0.005,0.4272970664459252,0,,"15, 195",VMV2,VentroMedial_Visual_Area_2,Ventral_Stream_Visual,4.0,160.0,"639, 923",idx_R,195,195.0
3,196.0,0.11460454016923904,0,0.001,,0.45437929044486464,0.005,0.47423648308641403,0,,"16, 196",VMV3,VentroMedial_Visual_Area_3,Ventral_Stream_Visual,4.0,154.0,"941, 1242",idx_R,196,196.0
3,197.0,0.7706542015075684,0,0.001,,0.22045596248298172,0.005,0.3363810886371922,0,,"17, 197",VVC,Ventral_Visual_Complex,Ventral_Stream_Visual,4.0,163.0,"2487, 2753",idx_R,197,197.0
3,198.0,-0.26516038179397583,0,0.001,,0.3954429567633191,0.005,0.44228606183445607,0,,"18, 198",FST,Area_FST,MT + _Complex,5.0,157.0,"1324, 1683",idx_R,198,198.0
3,199.0,0.40298593044281006,0,0.001,,0.3434792874209014,0.005,0.41597642429582976,0,,"19, 199",LO1,Area_Lateral_Occipital_1,MT + _Complex,5.0,20.0,"619, 909",idx_R,199,199.0
3,200.0,-0.7212238907814026,0,0.001,,0.2353858875126713,0.005,0.3462560519208136,0,,"20, 200",LO2,Area_Lateral_Occipital_2,MT + _Complex,5.0,21.0,"1179, 1062",idx_R,200,200.0
3,201.0,1.9399889707565308,0,0.001,,0.02619051514146554,0.005,0.1022437418022597,0,,"21, 201",LO3,Area_Lateral_Occipital_3,MT + _Complex,5.0,159.0,"438, 915",idx_R,201,201.0
3,202.0,-0.3964623212814331,0,0.001,,0.3458819993350143,0.005,0.41597642429582976,0,,"22, 202",MST,Medial_Superior_Temporal_Area,MT + _Complex,5.0,2.0,"794, 1036",idx_R,202,202.0
3,203.0,0.13585083186626434,0,0.001,,0.44596960274896846,0.005,0.47181581919789073,0,,"23, 203",MT,Middle_Temporal_Area,MT + _Complex,5.0,23.0,"620, 1005",idx_R,203,203.0
3,204.0,0.2924151122570038,0,0.001,,0.3849846275072871,0.005,0.43997657836657406,0,,"24, 204",PH,Area_PH,MT + _Complex,5.0,138.0,"3453, 3205",idx_R,204,204.0
3,205.0,-0.4038178026676178,0,0.001,,0.34317335208386157,0.005,0.41597642429582976,0,,"25, 205",V3CD,Area_V3CD,MT + _Complex,5.0,158.0,"876, 1222",idx_R,205,205.0
3,206.0,-0.46463456749916077,0,0.001,,0.3210965866542196,0.005,0.41053697024370606,0,,"26, 206",V4t,Area_V4t,MT + _Complex,5.0,156.0,"1037, 1249",idx_R,206,206.0
3,207.0,-0.3557092547416687,0,0.001,,0.3610291567470475,0.005,0.4236353688997147,0,,"27, 207",1,Area_1,SomaSens_Motor,6.0,51.0,"6590, 5925",idx_R,207,207.0
3,208.0,0.7662937641143799,0,0.001,,0.22175076395917048,0.005,0.3363810886371922,0,,"28, 208",2,Area_2,SomaSens_Motor,6.0,52.0,"4278, 4727",idx_R,208,208.0
3,209.0,-0.7709022760391235,0,0.001,,0.2203824289781391,0.005,0.3363810886371922,0,,"29, 209",3a,Area_3a,SomaSens_Motor,6.0,53.0,"2247, 2286",idx_R,209,209.0
3,210.0,-1.9504741430282593,0,0.001,,0.02555981616691039,0.005,0.10075034333753027,0,,"30, 210",3b,Primary_Sensory_Cortex,SomaSens_Motor,6.0,9.0,"5451, 4350",idx_R,210,210.0
3,211.0,0.44366949796676636,0,0.001,,0.3286407756166777,0.005,0.41053697024370606,0,,"31, 211",4,Primary_Motor_Cortex,SomaSens_Motor,6.0,8.0,"10,776, 10,254",idx_R,211,211.0
3,212.0,0.4105154573917389,0,0.001,,0.340713933437999,0.005,0.41597642429582976,0,,"32, 212",23c,Area_23c,ParaCentral_MidCing,7.0,38.0,"2259, 2498",idx_R,212,212.0
3,213.0,0.030579179525375366,0,0.001,,0.48780257335789007,0.005,0.49588920234736494,0,,"33, 213",24dd,Dorsal_Area_24d,ParaCentral_MidCing,7.0,40.0,"2665, 2820",idx_R,213,213.0
3,214.0,-1.4026886224746704,0,0.001,,0.0803548557720043,0.005,0.19682358001939554,0,,"34, 214",24dv,Ventral_Area_24d,ParaCentral_MidCing,7.0,41.0,"1076, 1349",idx_R,214,214.0
3,215.0,1.1190011501312256,0,0.001,,0.1315698241854289,0.005,0.25558540009226854,0,,"35, 215",5L,Area_5L,ParaCentral_MidCing,7.0,39.0,"2249, 2327",idx_R,215,215.0
3,216.0,-0.03093559853732586,0,0.001,,0.4876604499866989,0.005,0.49588920234736494,0,,"36, 216",5 m,Area_5m,ParaCentral_MidCing,7.0,36.0,"1483, 2079",idx_R,216,216.0
3,217.0,0.1627892702817917,0,0.001,,0.43534217832486666,0.005,0.46758974708967166,0,,"37, 217",5mv,Area_5m_ventral,ParaCentral_MidCing,7.0,37.0,"1651, 1996",idx_R,217,217.0
3,218.0,0.18542209267616272,0,0.001,,0.42644899070850284,0.005,0.4629366048867704,0,,"38, 218",6ma,Area_6m_anterior,ParaCentral_MidCing,7.0,44.0,"3941, 4251",idx_R,218,218.0
3,219.0,1.4018858671188354,0,0.001,,0.0804746657222159,0.005,0.19682358001939554,0,,"39, 219",6mp,Area_6mp,ParaCentral_MidCing,7.0,55.0,"3701, 3105",idx_R,219,219.0
3,220.0,-1.2232900857925415,0,0.001,,0.11061007520720695,0.005,0.23268233437370994,0,,"40, 220",SCEF,Supplementary_and_Cingulate_Eye_Field,ParaCentral_MidCing,7.0,43.0,"3500, 3371",idx_R,220,220.0
3,221.0,-2.2876811027526855,0,0.001,,0.011078049488244368,0.005,0.05595900770595082,0,,"41, 221",55b,Area_55b,Premotor,8.0,12.0,"2422, 1537",idx_R,221,221.0
3,222.0,0.5783023238182068,0,0.001,,0.2815300128939876,0.005,0.381431041460059,0,,"42, 222",6a,Area_6_anterior,Premotor,8.0,96.0,"4233, 3752",idx_R,222,222.0
3,223.0,0.5966624021530151,0,0.001,,0.2753663997355938,0.005,0.3783435392651336,0,,"43, 223",6d,Dorsal_area_6,Premotor,8.0,54.0,"2916, 2909",idx_R,223,223.0
3,224.0,-0.672127902507782,0,0.001,,0.25075113730332554,0.005,0.3584681751589795,0,,"44, 224",6r,Rostral_Area_6,Premotor,8.0,78.0,"3029, 3981",idx_R,224,224.0
3,225.0,0.3974446952342987,0,0.001,,0.3455197809033186,0.005,0.41597642429582976,0,,"45, 225",6v,Ventral_Area_6,Premotor,8.0,56.0,"2075, 2516",idx_R,225,225.0
3,226.0,-0.8301018476486206,0,0.001,,0.20324060127674382,0.005,0.32614894908441894,0,,"46, 226",FEF,Frontal_Eye_Fields,Premotor,8.0,10.0,"1787, 1889",idx_R,226,226.0
3,227.0,-2.5461273193359375,0,0.001,,0.005446272588776163,0.005,0.032111889779038526,0,,"47, 227",PEF,Premotor_Eye_Field,Premotor,8.0,11.0,"1006, 1258",idx_R,227,227.0
3,228.0,-0.7334139943122864,0,0.001,,0.2316529832067859,0.005,0.344382300008798,0,,"48, 228",43,Area_43,Posterior_Opercular,9.0,99.0,"1889, 1678",idx_R,228,228.0
3,229.0,-1.6770628690719604,0,0.001,,0.04676509432638487,0.005,0.14668822242886842,0,,"49, 229",FOP1,Frontal_Opercular_Area_1,Posterior_Opercular,9.0,113.0,"879, 932",idx_R,229,229.0
3,230.0,-0.7415677309036255,0,0.001,,0.2291746403925642,0.005,0.3427051205436645,0,,"50, 230",OP1,Area_OP1-SII,Posterior_Opercular,9.0,101.0,"1275, 1072",idx_R,230,230.0
3,231.0,-1.2621943950653076,0,0.001,,0.10343942253274102,0.005,0.22578712660372502,0,,"51, 231",OP2-3,Area_OP2-3-VS,Posterior_Opercular,9.0,102.0,"943, 792",idx_R,231,231.0
3,232.0,-0.9400273561477661,0,0.001,,0.17360176436220487,0.005,0.30191431515647066,0,,"52, 232",OP4,Area_OP4-PV,Posterior_Opercular,9.0,100.0,"2332, 2409",idx_R,232,232.0
3,233.0,-2.1985878944396973,0,0.001,,0.013953619258874473,0.005,0.06644739644997665,0,,"53, 233",52,Area_52,Early_Auditory,10.0,103.0,"725, 580",idx_R,233,233.0
3,234.0,0.0394224151968956,0,0.001,,0.48427680452782856,0.005,0.49588920234736494,0,,"54, 234",A1,Primary_Auditory_Cortex,Early_Auditory,10.0,24.0,"1023, 796",idx_R,234,234.0
3,235.0,-1.7311204671859741,0,0.001,,0.04171514031038261,0.005,0.13769387777248246,0,,"55, 235",LBelt,Lateral_Belt_Complex,Early_Auditory,10.0,174.0,"820, 901",idx_R,235,235.0
3,236.0,1.6748237609863281,0,0.001,,0.04698440772188594,0.005,0.14668822242886842,0,,"56, 236",MBelt,Medial_Belt_Complex,Early_Auditory,10.0,173.0,"1242, 1236",idx_R,236,236.0
3,237.0,-2.126112937927246,0,0.001,,0.016746928454609167,0.005,0.07233247821884385,0,,"57, 237",PBelt,ParaBelt_Complex,Early_Auditory,10.0,124.0,"1719, 1439",idx_R,237,237.0
3,238.0,-0.6077509522438049,0,0.001,,0.27167633200480235,0.005,0.3783435392651336,0,,"58, 238",PFcm,Area_PFcm,Early_Auditory,10.0,105.0,"1486, 1485",idx_R,238,238.0
3,239.0,-2.6965622901916504,0,0.001,,0.0035029646539864604,0.005,0.024198787259277335,0,,"59, 239",RI,RetroInsular_Cortex,Early_Auditory,10.0,104.0,"1149, 1334",idx_R,239,239.0
3,240.0,-2.009180784225464,0,0.001,,0.022258982402733603,0.005,0.0912843116718166,0,,"60, 240",A4,Auditory_4_Complex,Auditory_Association,11.0,175.0,"3514, 3610",idx_R,240,240.0
3,241.0,-3.536912679672241,1,0.001,-,0.00020241674445657838,0.005,0.0030437480833100305,1,-,"61, 241",A5,Auditory_5_Complex,Auditory_Association,11.0,125.0,"3346, 3881",idx_R,241,241.0
3,242.0,-4.227075099945068,1,0.001,-,1.18374333872886e-05,0.005,0.00032039986368261145,1,-,"62, 242",STGa,Area_STGa,Auditory_Association,11.0,123.0,"2509, 2187",idx_R,242,242.0
3,243.0,-2.3195323944091797,0,0.001,,0.010183093373783295,0.005,0.0523333659462787,0,,"63, 243",STSda,Area_STSd_anterior,Auditory_Association,11.0,128.0,"1944, 2389",idx_R,243,243.0
3,244.0,-6.580852031707764,1,0.001,-,2.3387996156136786e-11,0.005,9.495526439391536e-09,1,-,"64, 244",STSdp,Area_STSd_posterior,Auditory_Association,11.0,129.0,"1994, 2605",idx_R,244,244.0
3,245.0,0.3601458966732025,0,0.001,,0.35936901590139836,0.005,0.4236353688997147,0,,"65, 245",STSva,Area_STSv_anterior,Auditory_Association,11.0,176.0,"1694, 1900",idx_R,245,245.0
3,246.0,-4.528320789337158,1,0.001,-,2.9727137349727902e-06,0.005,0.00012069217763989528,1,-,"66, 246",STSvp,Area_STSv_posterior,Auditory_Association,11.0,130.0,"2898, 2515",idx_R,246,246.0
3,247.0,-1.6200536489486694,0,0.001,,0.05261037648163815,0.005,0.15723884520866066,0,,"67, 247",TA2,Area_TA2,Auditory_Association,11.0,107.0,"1518, 1726",idx_R,247,247.0
3,248.0,-1.4731093645095825,0,0.001,,0.07036077438150204,0.005,0.18242237670262215,0,,"68, 248",AAIC,Anterior_Agranular_Insula_Complex,Insula_FrontalOperc,12.0,112.0,"1859, 1691",idx_R,248,248.0
3,249.0,-0.9131193161010742,0,0.001,,0.1805898961660754,0.005,0.3054891699110538,0,,"69, 249",AVI,Anterior_Ventral_Insular_Area,Insula_FrontalOperc,12.0,111.0,"1446, 1792",idx_R,249,249.0
3,250.0,1.197156310081482,0,0.001,,0.11562281765480537,0.005,0.23708517155480294,0,,"70, 250",FOP2,Frontal_Opercular_Area_2,Insula_FrontalOperc,12.0,115.0,"750, 720",idx_R,250,250.0
3,251.0,-0.8304013609886169,0,0.001,,0.20315594819108745,0.005,0.32614894908441894,0,,"71, 251",FOP3,Frontal_Opercular_Area_3,Insula_FrontalOperc,12.0,114.0,"754, 614",idx_R,251,251.0
3,252.0,-1.2735713720321655,0,0.001,,0.10140768167882658,0.005,0.22375825413914993,0,,"72, 252",FOP4,Frontal_Opercular_Area_4,Insula_FrontalOperc,12.0,108.0,"2522, 1678",idx_R,252,252.0
3,253.0,-1.0084539651870728,0,0.001,,0.15661828851392073,0.005,0.28903193243932646,0,,"73, 253",FOP5,Area_Frontal_Opercular_5,Insula_FrontalOperc,12.0,169.0,"1297, 1365",idx_R,253,253.0
3,254.0,0.7001870274543762,0,0.001,,0.2419052559878151,0.005,0.34978409396479104,0,,"74, 254",Ig,Insular_Granular_Complex,Insula_FrontalOperc,12.0,168.0,"841, 1077",idx_R,254,254.0
3,255.0,-1.1411981582641602,0,0.001,,0.12689373529934506,0.005,0.2524505911361536,0,,"75, 255",MI,Middle_Insular_Area,Insula_FrontalOperc,12.0,109.0,"2102, 1960",idx_R,255,255.0
3,256.0,-1.8987622261047363,0,0.001,,0.02879787291528817,0.005,0.1103012868264811,0,,"76, 256",PI,Para-Insular_Area,Insula_FrontalOperc,12.0,178.0,"1033, 1058",idx_R,256,256.0
3,257.0,-2.3429296016693115,0,0.001,,0.009566496418800096,0.005,0.05044152657185505,0,,"77, 257",Pir,Pirform_Cortex,Insula_FrontalOperc,12.0,110.0,"2287, 1856",idx_R,257,257.0
3,258.0,-1.2065355777740479,0,0.001,,0.11380552480574152,0.005,0.23574001566903602,0,,"78, 258",PoI1,Area_Posterior_Insular_1,Insula_FrontalOperc,12.0,167.0,"1811, 1835",idx_R,258,258.0
3,259.0,-0.07369779050350189,0,0.001,,0.47062542846627115,0.005,0.4874334794829237,0,,"79, 259",PoI2,Posterior_Insular_Area_2,Insula_FrontalOperc,12.0,106.0,"2747, 2675",idx_R,259,259.0
3,260.0,-1.6220908164978027,0,0.001,,0.052391952111579154,0.005,0.15723884520866066,0,,"80, 260",H,Hippocampus,Medial_Temporal,13.0,120.0,"4283, 3626",idx_R,260,260.0
3,261.0,-0.2737630307674408,0,0.001,,0.3921333678789558,0.005,0.4420504834493443,0,,"81, 261",PreS,PreSubiculum,Medial_Temporal,13.0,119.0,"1817, 1558",idx_R,261,261.0
3,262.0,-1.5499719381332397,0,0.001,,0.06057412575188727,0.005,0.16844585654291938,0,,"82, 262",EC,Entorhinal_Cortex,Medial_Temporal,13.0,118.0,"2127, 2110",idx_R,262,262.0
3,263.0,-1.585699200630188,0,0.001,,0.056403780299443144,0.005,0.16094057710694257,0,,"83, 263",PeEc,Perirhinal_Ectorhinal_Cortex,Medial_Temporal,13.0,122.0,"4826, 4755",idx_R,263,263.0
3,264.0,1.3706202507019043,0,0.001,,0.0852466834070103,0.005,0.20601281823360823,0,,"84, 264",TF,Area_TF,Medial_Temporal,13.0,135.0,"3986, 4752",idx_R,264,264.0
3,265.0,1.3198697566986084,0,0.001,,0.09343925329395042,0.005,0.21333993975047144,0,,"85, 265",PHA1,ParaHippocampal_Area_1,Medial_Temporal,13.0,126.0,"1281, 1168",idx_R,265,265.0
3,266.0,0.39253881573677063,0,0.001,,0.3473300685622815,0.005,0.41597642429582976,0,,"86, 266",PHA2,ParaHippocampal_Area_2,Medial_Temporal,13.0,155.0,"783, 771",idx_R,266,266.0
3,267.0,-0.4162375032901764,0,0.001,,0.33861810964558625,0.005,0.41597642429582976,0,,"87, 267",PHA3,ParaHippocampal_Area_3,Medial_Temporal,13.0,127.0,"2023, 1122",idx_R,267,267.0
3,268.0,1.2676711082458496,0,0.001,,0.1024577132690383,0.005,0.2248531437147543,0,,"88, 268",PHT,Area_PHT,Lateral_Temporal,14.0,137.0,"4182, 3410",idx_R,268,268.0
3,269.0,-0.814923107624054,0,0.001,,0.20755816262335303,0.005,0.3296749050280938,0,,"89, 269",TE1a,Area_TE1_anterior,Lateral_Temporal,14.0,132.0,"5227, 4180",idx_R,269,269.0
3,270.0,-1.6149934530258179,0,0.001,,0.053156056334537315,0.005,0.15752816694760693,0,,"90, 270",TE1m,Area_TE1_Middle,Lateral_Temporal,14.0,177.0,"3339, 3429",idx_R,270,270.0
3,271.0,-0.23884917795658112,0,0.001,,0.4056112675572056,0.005,0.4499403678366816,0,,"91, 271",TE1p,Area_TE1_posterior,Lateral_Temporal,14.0,133.0,"7116, 6010",idx_R,271,271.0
3,272.0,1.0823500156402588,0,0.001,,0.13954851479861463,0.005,0.2672485707935733,0,,"92, 272",TE2a,Area_TE2_anterior,Lateral_Temporal,14.0,134.0,"5691, 5753",idx_R,272,272.0
3,273.0,-0.37066584825515747,0,0.001,,0.3554432151234595,0.005,0.4207287036155235,0,,"93, 273",TE2p,Area_TE2_posterior,Lateral_Temporal,14.0,136.0,"4115, 3040",idx_R,273,273.0
3,274.0,-3.8911094665527344,1,0.001,-,4.989344920896295e-05,0.005,0.0010565451510908925,1,-,"94, 274",TGd,Area_TG_dorsal,Lateral_Temporal,14.0,131.0,"10,192, 10,269",idx_R,274,274.0
3,275.0,-1.4142162799835205,0,0.001,,0.0786492046821655,0.005,0.19682358001939554,0,,"95, 275",TGv,Area_TG_Ventral,Lateral_Temporal,14.0,172.0,"3694, 4515",idx_R,275,275.0
3,276.0,-3.6345901489257812,1,0.001,-,0.00013921144615141546,0.005,0.0023549936307281118,1,-,"96, 276",PSL,PeriSylvian_Language_Area,TPO,15.0,25.0,"2154, 2759",idx_R,276,276.0
3,277.0,-3.3916025161743164,1,0.001,-,0.0003474258165364901,0.005,0.004863961431510862,1,-,"97, 277",STV,Superior_Temporal_Visual_Area,TPO,15.0,28.0,"2322, 2294",idx_R,277,277.0
3,278.0,-3.1296539306640625,1,0.001,-,0.0008750617561026797,0.005,0.00934934402572863,0,,"98, 278",TPOJ1,Area_TemporoParietoOccipital_Junction_1,TPO,15.0,139.0,"2102, 3938",idx_R,278,278.0
3,279.0,-1.3532299995422363,0,0.001,,0.08799108207381595,0.005,0.2099011432766169,0,,"99, 279",TPOJ2,Area_TemporoParietoOccipital_Junction_2,TPO,15.0,140.0,"1930, 2068",idx_R,279,279.0
3,280.0,1.12881338596344,0,0.001,,0.12948828230008363,0.005,0.25520506123220366,0,,"100, 280",TPOJ3,Area_TemporoParietoOccipital_Junction_3,TPO,15.0,141.0,"1290, 1277",idx_R,280,280.0
3,281.0,0.9996119737625122,0,0.001,,0.1587491631373577,0.005,0.29080638903771017,0,,"101, 281",7AL,Lateral_Area_7A,Superior_Parietal,16.0,42.0,"2134, 2030",idx_R,281,281.0
3,282.0,0.9343635439872742,0,0.001,,0.17505819815563461,0.005,0.30191431515647066,0,,"102, 282",7Am,Medial_Area_7A,Superior_Parietal,16.0,45.0,"2995, 2379",idx_R,282,282.0
3,283.0,0.6398940086364746,0,0.001,,0.26112075465400186,0.005,0.3693903358520026,0,,"103, 283",7PC,Area_7PC,Superior_Parietal,16.0,47.0,"3151, 3415",idx_R,283,283.0
3,284.0,2.284733295440674,0,0.001,,0.011164235527541911,0.005,0.05595900770595082,0,,"104, 284",7Pl,Lateral_Area_7P,Superior_Parietal,16.0,46.0,"1695, 1363",idx_R,284,284.0
3,285.0,2.189838171005249,0,0.001,,0.01426798767242382,0.005,0.0664992364214746,0,,"105, 285",7Pm,Medial_Area_7P,Superior_Parietal,16.0,29.0,"1601, 1308",idx_R,285,285.0
3,286.0,0.27606698870658875,0,0.001,,0.3912483074737778,0.005,0.4420504834493443,0,,"106, 286",AIP,Anterior_IntraParietal_Area,Superior_Parietal,16.0,117.0,"1999, 2542",idx_R,286,286.0
3,287.0,1.5454187393188477,0,0.001,,0.06112250523922969,0.005,0.16881453827977724,0,,"107, 287",LIPd,Area_Lateral_IntraParietal_dorsal,Superior_Parietal,16.0,95.0,"1008, 869",idx_R,287,287.0
3,288.0,1.093896746635437,0,0.001,,0.13700013289817975,0.005,0.26361163012635536,0,,"108, 288",LIPv,Area_Lateral_IntraParietal_ventral,Superior_Parietal,16.0,48.0,"1681, 1783",idx_R,288,288.0
3,289.0,2.399700403213501,0,0.001,,0.008204247666497631,0.005,0.04382795463944787,0,,"109, 289",MIP,Medial_IntraParietal_Area,Superior_Parietal,16.0,50.0,"1872, 2403",idx_R,289,289.0
3,290.0,2.6880033016204834,0,0.001,,0.0035940342965661287,0.005,0.024319632073430804,0,,"110, 290",VIP,Ventral_IntraParietal_Complex,Superior_Parietal,16.0,49.0,"1890, 1577",idx_R,290,290.0
3,291.0,0.7847187519073486,0,0.001,,0.21630924291143883,0.005,0.3363810886371922,0,,"111, 291",IP0,Area_IntraParietal_0,Inferior_Parietal,17.0,146.0,"1203, 1239",idx_R,291,291.0
3,292.0,2.19518780708313,0,0.001,,0.01407506427265515,0.005,0.06644739644997665,0,,"112, 292",IP1,Area_IntraParietal_1,Inferior_Parietal,17.0,145.0,"1692, 1632",idx_R,292,292.0
3,293.0,2.519024133682251,0,0.001,,0.005884029521810542,0.005,0.033179388692431665,0,,"113, 293",IP2,Area_IntraParietal_2,Inferior_Parietal,17.0,144.0,"2102, 1861",idx_R,293,293.0
3,294.0,0.5196855664253235,0,0.001,,0.3016413742504632,0.005,0.40284999324239495,0,,"114, 294",PF,Area_PF_Complex,Inferior_Parietal,17.0,148.0,"5457, 5251",idx_R,294,294.0
3,295.0,1.1219655275344849,0,0.001,,0.1309385486629741,0.005,0.25558197479407446,0,,"115, 295",PFm,Area_PFm_Complex,Inferior_Parietal,17.0,149.0,"8220, 8141",idx_R,295,295.0
3,296.0,-0.48076388239860535,0,0.001,,0.3153421612860532,0.005,0.41053697024370606,0,,"116, 296",PFop,Area_PF_Opercular,Inferior_Parietal,17.0,147.0,"1797, 1783",idx_R,296,296.0
3,297.0,0.4524041712284088,0,0.001,,0.3254889212714808,0.005,0.41053697024370606,0,,"117, 297",PFt,Area_PFt,Inferior_Parietal,17.0,116.0,"1983, 2039",idx_R,297,297.0
3,298.0,-1.8780573606491089,0,0.001,,0.030186659278909504,0.005,0.11141621515670236,0,,"118, 298",PGi,Area_PGi,Inferior_Parietal,17.0,150.0,"4791, 4970",idx_R,298,298.0
3,299.0,1.2778913974761963,0,0.001,,0.10064386085127114,0.005,0.22328637981210972,0,,"119, 299",PGp,Area_PGp,Inferior_Parietal,17.0,143.0,"2501, 3740",idx_R,299,299.0
3,300.0,1.2574539184570312,0,0.001,,0.10429465773673441,0.005,0.22643652963162655,0,,"120, 300",PGs,Area_PGs,Inferior_Parietal,17.0,151.0,"4552, 3366",idx_R,300,300.0
3,301.0,1.8841266632080078,0,0.001,,0.029773922206322308,0.005,0.11141621515670236,0,,"121, 301",23d,Area_23d,Posterior_Cingulate,18.0,32.0,"1261, 1513",idx_R,301,301.0
3,302.0,1.3082222938537598,0,0.001,,0.09539896127146646,0.005,0.2139888302553336,0,,"122, 302",31a,Area_31a,Posterior_Cingulate,18.0,162.0,"1260, 1116",idx_R,302,302.0
3,303.0,0.3238130509853363,0,0.001,,0.37303978743360366,0.005,0.4314933153790401,0,,"123, 303",31pd,Area_31pd,Posterior_Cingulate,18.0,161.0,"1428, 864",idx_R,303,303.0
3,304.0,-0.014744767919182777,0,0.001,,0.4941179017991486,0.005,0.49588920234736494,0,,"124, 304",31pv,Area_31p_ventral,Posterior_Cingulate,18.0,35.0,"950, 1022",idx_R,304,304.0
3,305.0,0.8623301982879639,0,0.001,,0.19425291975504333,0.005,0.3205962821973479,0,,"125, 305",7 m,Area_7m,Posterior_Cingulate,18.0,30.0,"2128, 2067",idx_R,305,305.0
3,306.0,-0.9484794735908508,0,0.001,,0.1714427088064241,0.005,0.3013235488112908,0,,"126, 306",d23ab,Area_dorsal_23_a + b,Posterior_Cingulate,18.0,34.0,"1607, 1106",idx_R,306,306.0
3,307.0,2.4737987518310547,0,0.001,,0.0066842489489368296,0.005,0.03667304153065342,0,,"127, 307",DVT,Dorsal_Transitional_Visual_Area,Posterior_Cingulate,18.0,142.0,"1806, 2176",idx_R,307,307.0
3,308.0,1.414190649986267,0,0.001,,0.07865296626253393,0.005,0.19682358001939554,0,,"128, 308",PCV,PreCuneus_Visual_Area,Posterior_Cingulate,18.0,27.0,"2245, 2416",idx_R,308,308.0
3,309.0,0.7281402349472046,0,0.001,,0.2332638731586686,0.005,0.344382300008798,0,,"129, 309",POS1,Parieto-Occipital_Sulcus_Area_1,Posterior_Cingulate,18.0,31.0,"2531, 2727",idx_R,309,309.0
3,310.0,3.2096781730651855,1,0.001,+,0.0006644183082599418,0.005,0.007707252375815325,0,,"130, 310",POS2,Parieto-Occipital_Sulcus_Area_2,Posterior_Cingulate,18.0,15.0,"3261, 3093",idx_R,310,310.0
3,311.0,-1.5797473192214966,0,0.001,,0.0570823721758614,0.005,0.16094057710694257,0,,"131, 311",ProS,ProStriate_Area,Posterior_Cingulate,18.0,121.0,"1222, 1055",idx_R,311,311.0
3,312.0,2.597214460372925,0,0.001,,0.004699161216355146,0.005,0.02935168390523368,0,,"132, 312",RSC,RetroSplenial_Complex,Posterior_Cingulate,18.0,14.0,"2830, 3067",idx_R,312,312.0
3,313.0,-0.3980015218257904,0,0.001,,0.345314531983414,0.005,0.41597642429582976,0,,"133, 313",v23ab,Area_ventral_23_a + b,Posterior_Cingulate,18.0,33.0,"916, 1089",idx_R,313,313.0
3,314.0,-1.1246789693832397,0,0.001,,0.13036254831022182,0.005,0.25558197479407446,0,,"134, 314",10r,Area_10r,AntCing_MedPFC,19.0,65.0,"1589, 1053",idx_R,314,314.0
3,315.0,-2.1123907566070557,0,0.001,,0.01732647358541323,0.005,0.0740478765860818,0,,"135, 315",10v,Area_10v,AntCing_MedPFC,19.0,88.0,"3906, 2667",idx_R,315,315.0
3,316.0,-1.7944778203964233,0,0.001,,0.03636846782025735,0.005,0.12408065491617212,0,,"136, 316",25,Area_25,AntCing_MedPFC,19.0,164.0,"1911, 2135",idx_R,316,316.0
3,317.0,-0.5026425719261169,0,0.001,,0.30760779622289314,0.005,0.4078495754335143,0,,"137, 317",33pr,Area_33_prime,AntCing_MedPFC,19.0,58.0,"1354, 1316",idx_R,317,317.0
3,318.0,-1.2451491355895996,0,0.001,,0.10653846774592052,0.005,0.22886041219494038,0,,"138, 318",8BM,Area_8BM,AntCing_MedPFC,19.0,63.0,"3122, 3436",idx_R,318,318.0
3,319.0,-4.1308393478393555,1,0.001,-,1.807205574654661e-05,0.005,0.0004585784145686202,1,-,"139, 319",9 m,Area_9_Middle,AntCing_MedPFC,19.0,69.0,"6338, 5881",idx_R,319,319.0
3,320.0,-1.6355230808258057,0,0.001,,0.05096972013217563,0.005,0.15677050283078262,0,,"140, 320",a24,Area_a24,AntCing_MedPFC,19.0,61.0,"2085, 2152",idx_R,320,320.0
3,321.0,-1.0148359537124634,0,0.001,,0.15509201603513684,0.005,0.28884109408378694,0,,"141, 321",a24pr,Anterior_24_prime,AntCing_MedPFC,19.0,59.0,"1095, 1474",idx_R,321,321.0
3,322.0,-0.8884057998657227,0,0.001,,0.18716125334545247,0.005,0.31399780519939546,0,,"142, 322",a32pr,Area_anterior_32_prime,AntCing_MedPFC,19.0,179.0,"1759, 1118",idx_R,322,322.0
3,323.0,-1.55379319190979,0,0.001,,0.060116877512260976,0.005,0.1683272570343307,0,,"143, 323",d32,Area_dorsal_32,AntCing_MedPFC,19.0,62.0,"2228, 2374",idx_R,323,323.0
3,324.0,-1.8697173595428467,0,0.001,,0.030761538779221415,0.005,0.11151057807467762,0,,"144, 324",p24,Area_posterior_24,AntCing_MedPFC,19.0,180.0,"2394, 2442",idx_R,324,324.0
3,325.0,-0.025259075686335564,0,0.001,,0.48992415818920326,0.005,0.49588920234736494,0,,"145, 325",p24pr,Area_Posterior_24_prime,AntCing_MedPFC,19.0,57.0,"1422, 1724",idx_R,325,325.0
3,326.0,-0.17622631788253784,0,0.001,,0.43005807282613384,0.005,0.4640258198256807,0,,"146, 326",p32,Area_p32,AntCing_MedPFC,19.0,64.0,"1180, 1765",idx_R,326,326.0
3,327.0,-0.601185142993927,0,0.001,,0.2738583394162516,0.005,0.3783435392651336,0,,"147, 327",p32pr,Area_p32_prime,AntCing_MedPFC,19.0,60.0,"1569, 1305",idx_R,327,327.0
3,328.0,-0.6185713410377502,0,0.001,,0.2680993932709519,0.005,0.37533915057933265,0,,"148, 328",pOFC,Posterior_OFC_Complex,AntCing_MedPFC,19.0,166.0,"2486, 2836",idx_R,328,328.0
3,329.0,-2.73602032661438,0,0.001,,0.003109359228127787,0.005,0.024198787259277335,0,,"149, 329",s32,Area_s32,AntCing_MedPFC,19.0,165.0,"604, 1015",idx_R,329,329.0
3,330.0,-2.799734354019165,0,0.001,,0.0025572338205028873,0.005,0.021629936065086924,0,,"150, 330",10d,Area_10d,OrbPolaFrontal,20.0,72.0,"3644, 3096",idx_R,330,330.0
3,331.0,0.09807679802179337,0,0.001,,0.46093565559209615,0.005,0.47984583633433603,0,,"151, 331",10 pp,Polar_10p,OrbPolaFrontal,20.0,90.0,"1997, 2487",idx_R,331,331.0
3,332.0,-1.1514235734939575,0,0.001,,0.1247790101634988,0.005,0.25079345607119063,0,,"152, 332",11 l,Area_11l,OrbPolaFrontal,20.0,91.0,"3531, 3793",idx_R,332,332.0
3,333.0,-1.6006884574890137,0,0.001,,0.05472296946967192,0.005,0.15983831370278273,0,,"153, 333",13 l,Area_13l,OrbPolaFrontal,20.0,92.0,"2429, 1757",idx_R,333,333.0
3,334.0,-1.7499107122421265,0,0.001,,0.04006686097404192,0.005,0.13333725865131982,0,,"154, 334",47 m,Area_47m,OrbPolaFrontal,20.0,66.0,"799, 781",idx_R,334,334.0
3,335.0,-1.6877309083938599,0,0.001,,0.04573144787607151,0.005,0.14619659714712624,0,,"155, 335",47 s,Area_47s,OrbPolaFrontal,20.0,94.0,"2795, 3080",idx_R,335,335.0
3,336.0,0.7942267656326294,0,0.001,,0.21353171463682913,0.005,0.33343798516366396,0,,"156, 336",a10p,Area_anterior_10p,OrbPolaFrontal,20.0,89.0,"1964, 1748",idx_R,336,336.0
3,337.0,0.31805938482284546,0,0.001,,0.3752199456415868,0.005,0.4315560847889072,0,,"157, 337",OFC,Orbital_Frontal_Complex,OrbPolaFrontal,20.0,93.0,"4560, 5232",idx_R,337,337.0
3,338.0,0.7665878534317017,0,0.001,,0.22166329978860544,0.005,0.3363810886371922,0,,"158, 338",p10p,Area_posterior_10p,OrbPolaFrontal,20.0,170.0,"2116, 2365",idx_R,338,338.0
3,339.0,-2.723249673843384,0,0.001,,0.0032321591955641795,0.005,0.024198787259277335,0,,"159, 339",44,Area_44,Inferior_Frontal,21.0,74.0,"2435, 2589",idx_R,339,339.0
3,340.0,-4.756654262542725,1,0.001,-,9.841392116257592e-07,0.005,5.3230259599852706e-05,1,-,"160, 340",45,Area_45,Inferior_Frontal,21.0,75.0,"3762, 2962",idx_R,340,340.0
3,341.0,-3.2368485927581787,1,0.001,-,0.0006042875806356783,0.005,0.007215904639355453,0,,"161, 341",47 l,Area_47l_(47_lateral),Inferior_Frontal,21.0,76.0,"2527, 2592",idx_R,341,341.0
3,342.0,-1.4733623266220093,0,0.001,,0.07032668147760257,0.005,0.18242237670262215,0,,"162, 342",a47r,Area_anterior_47r,Inferior_Frontal,21.0,77.0,"4167, 3763",idx_R,342,342.0
3,343.0,-1.7987228631973267,0,0.001,,0.03603126522358064,0.005,0.12397198034554018,0,,"163, 343",IFJa,Area_IFJa,Inferior_Frontal,21.0,79.0,"1513, 1405",idx_R,343,343.0
3,344.0,-1.3213530778884888,0,0.001,,0.09319183183919388,0.005,0.21333993975047144,0,,"164, 344",IFJp,Area_IFJp,Inferior_Frontal,21.0,80.0,"960, 740",idx_R,344,344.0
3,345.0,-0.4672117829322815,0,0.001,,0.3201741821490769,0.005,0.41053697024370606,0,,"165, 345",IFSa,Area_IFSa,Inferior_Frontal,21.0,82.0,"2057, 2641",idx_R,345,345.0
3,346.0,-1.8811686038970947,0,0.001,,0.029974493554050696,0.005,0.11141621515670236,0,,"166, 346",IFSp,Area_IFSp,Inferior_Frontal,21.0,81.0,"1589, 1730",idx_R,346,346.0
3,347.0,-1.3254667520523071,0,0.001,,0.09250819491755324,0.005,0.21333993975047144,0,,"167, 347",p47r,Area_posterior_47r,Inferior_Frontal,21.0,171.0,"2133, 1761",idx_R,347,347.0
3,348.0,1.4908761978149414,0,0.001,,0.06799700079155871,0.005,0.18166997802303694,0,,"168, 348",46,Area_46,Dorsolateral_Prefrontal,22.0,84.0,"4863, 4394",idx_R,348,348.0
3,349.0,1.601654291152954,0,0.001,,0.05461603905727606,0.005,0.15983831370278273,0,,"169, 349",8Ad,Area_8Ad,Dorsolateral_Prefrontal,22.0,68.0,"3386, 3492",idx_R,349,349.0
3,350.0,-0.8743863105773926,0,0.001,,0.19095395495113587,0.005,0.3177348594678736,0,,"170, 350",8Av,Area_8Av,Dorsolateral_Prefrontal,22.0,67.0,"4807, 5902",idx_R,350,350.0
3,351.0,-3.9577784538269043,1,0.001,-,3.782503690143327e-05,0.005,0.0008531647212212171,1,-,"171, 351",8BL,Area_8B_Lateral,Dorsolateral_Prefrontal,22.0,70.0,"3377, 4078",idx_R,351,351.0
3,352.0,-1.6194881200790405,0,0.001,,0.05267114026694052,0.005,0.15723884520866066,0,,"172, 352",8C,Area_8C,Dorsolateral_Prefrontal,22.0,73.0,"4085, 3134",idx_R,352,352.0
3,353.0,-0.3789268732070923,0,0.001,,0.35237108389267185,0.005,0.4195385925525653,0,,"173, 353",9-46d,Area_9-46d,Dorsolateral_Prefrontal,22.0,86.0,"4534, 4666",idx_R,353,353.0
3,354.0,-2.7131426334381104,0,0.001,,0.0033324206204380915,0.005,0.024198787259277335,0,,"174, 354",9a,Area_9_anterior,Dorsolateral_Prefrontal,22.0,87.0,"3706, 3048",idx_R,354,354.0
3,355.0,-2.63563871383667,0,0.001,,0.004198954661914331,0.005,0.026637118636519037,0,,"175, 355",9p,Area_9_Posterior,Dorsolateral_Prefrontal,22.0,71.0,"3426, 2488",idx_R,355,355.0
3,356.0,-0.1396140307188034,0,0.001,,0.44448247714645045,0.005,0.47181581919789073,0,,"176, 356",a9-46v,Area_anterior_9-46v,Dorsolateral_Prefrontal,22.0,85.0,"3314, 2628",idx_R,356,356.0
3,357.0,0.6727076172828674,0,0.001,,0.2505666602925818,0.005,0.3584681751589795,0,,"177, 357",i6-8,Inferior_6-8_Transitional_Area,Dorsolateral_Prefrontal,22.0,97.0,"1764, 2418",idx_R,357,357.0
3,358.0,1.3148077726364136,0,0.001,,0.09428725727809023,0.005,0.21333993975047144,0,,"178, 358",p9-46v,Area_posterior_9-46v,Dorsolateral_Prefrontal,22.0,83.0,"2871, 4635",idx_R,358,358.0
3,359.0,0.43860477209091187,0,0.001,,0.33047396931296924,0.005,0.41053697024370606,0,,"179, 359",s6-8,Superior_6-8_Transitional_Area,Dorsolateral_Prefrontal,22.0,98.0,"1336, 2132",idx_R,359,359.0
3,360.0,-4.449312210083008,1,0.001,-,4.30728568887892e-06,0.005,0.00014295850226927632,1,-,"180, 360",SFL,Superior_Frontal_Language_Area,Dorsolateral_Prefrontal,22.0,26.0,"3873, 3055",idx_R,360,360.0
3,361.0,-2.647346258163452,0,0.001,,0.004056311940139895,0.005,0.02614067694756821,0,,"361, 394",AV,Thalamus: Anteroventral Nucleus,,,,"256, 280",idx_L,361,361.0
3,362.0,-0.26611441373825073,0,0.001,,0.3950755472840296,0.005,0.44228606183445607,0,,"362, 395",CeM,Thalamus: Central medial,,,,"96, 88",idx_L,362,362.0
3,363.0,-1.7171911001205444,0,0.001,,0.04297213057130067,0.005,0.1406990726770006,0,,"363, 396",CL,Thalamus: Central lateral,,,,"16, 16",idx_L,363,363.0
3,366.0,1.2106080055236816,0,0.001,,0.11302283731647333,0.005,0.23531934333583682,0,,"366, 399",LGN,Thalamus: Lateral Geniculate,,,,"328, 256",idx_L,366,366.0
3,367.0,-2.1726057529449463,0,0.001,,0.014905001266882236,0.005,0.0664992364214746,0,,"367, 400",LP,Thalamus: Lateral Posterior,,,,"256, 264",idx_L,367,367.0
3,368.0,-0.010304423980414867,0,0.001,,0.49588920234736494,0.005,0.49588920234736494,0,,"368, 401",L-Sg,Thalamus: Limitans Suprageniculate,,,,"32, 16",idx_L,368,368.0
3,369.0,0.9985252618789673,0,0.001,,0.15901236050830458,0.005,0.29080638903771017,0,,"369, 402",MDl,Thalamus: Mediodorsolateral parvocellular,,,,"328, 320",idx_L,369,369.0
3,370.0,-2.5442123413085938,0,0.001,,0.005476224076556219,0.005,0.032111889779038526,0,,"370, 403",MDm,Thalamus: Mediodorsomedial magnocellular,,,,"1104, 1192",idx_L,370,370.0
3,371.0,-3.100362777709961,1,0.001,-,0.0009664187502630913,0.005,0.009809150315170377,0,,"371, 404",MGN,Thalamus: Medial Geniculate,,,,"160, 168",idx_L,371,371.0
3,372.0,-0.1741313487291336,0,0.001,,0.43088111840956067,0.005,0.4640258198256807,0,,"372, 405",MV(Re),Thalamus: Reuniens,,,,"8, 8",idx_L,372,372.0
3,374.0,-0.5988936424255371,0,0.001,,0.27462190562809485,0.005,0.3783435392651336,0,,"374, 407",PuA,Thalamus: Pulvinar anterior,,,,"320, 280",idx_L,374,374.0
3,375.0,-1.4734781980514526,0,0.001,,0.07031106917795944,0.005,0.18242237670262215,0,,"375, 408",PuI,Thalamus: Pulvinar inferior,,,,"336, 280",idx_L,375,375.0
3,376.0,-2.1792030334472656,0,0.001,,0.014658294346922196,0.005,0.0664992364214746,0,,"376, 409",PuL,Thalamus: Pulvinar lateral,,,,"304, 256",idx_L,376,376.0
3,377.0,0.47292372584342957,0,0.001,,0.31813379862673496,0.005,0.41053697024370606,0,,"377, 410",PuM,Thalamus: Pulvinar medial,,,,"1904, 1680",idx_L,377,377.0
3,378.0,-0.7084929347038269,0,0.001,,0.23931959909635359,0.005,0.3491120382332949,0,,"378, 411",VA,Thalamus: Ventral Anterior,,,,"608, 616",idx_L,378,378.0
3,379.0,-1.5396515130996704,0,0.001,,0.061822660835006184,0.005,0.1695945966149494,0,,"379, 412",VLa,Thalamus: Ventral Lateral Anterior,,,,"880, 856",idx_L,379,379.0
3,380.0,-1.8498106002807617,0,0.001,,0.03217042625402235,0.005,0.11357559181854845,0,,"380, 413",VLp,Thalamus: Ventral Lateral Posterior,,,,"1384, 1288",idx_L,380,380.0
3,382.0,-4.307201385498047,1,0.001,-,8.266653631008793e-06,0.005,0.000239732955299255,1,-,"382, 415",Putam,Putamen,,,,"7896, 7744",idx_L,382,382.0
3,383.0,-3.1511199474334717,1,0.001,-,0.0008132284044975535,0.005,0.008923533303405588,0,,"383, 416",Caud,Caudate,,,,"6896, 6952",idx_L,383,383.0
3,384.0,-0.9179056882858276,0,0.001,,0.17933412169177604,0.005,0.3054891699110538,0,,"384, 417",NAc,Nucleus Accumbens,,,,"600, 632",idx_L,384,384.0
3,387.0,-5.522078514099121,1,0.001,-,1.675063581560178e-08,0.005,2.2669193803781077e-06,1,-,"387, 420",Amyg,Amygdala,,,,"1608, 1632",idx_L,387,387.0
3,391.0,-1.1645091772079468,0,0.001,,0.12210886321328929,0.005,0.24664775355520124,0,,"391, 424",MB,Mammillary bodies,,,,"112, 104",idx_L,391,391.0
3,392.0,-0.7288700342178345,0,0.001,,0.23304058321664012,0.005,0.344382300008798,0,,"392, 425",Septum,Septal nuclei,,,,"248, 136",idx_L,392,392.0
3,393.0,-0.9810726642608643,0,0.001,,0.16327845476065422,0.005,0.2933601239462708,0,,"393, 426",Nb,Nucleus basalis,,,,"584, 600",idx_L,393,393.0
3,394.0,-1.0508066415786743,0,0.001,,0.1466737024091745,0.005,0.27697452640988296,0,,"361, 394",AV,Thalamus: Anteroventral Nucleus,,,,"256, 280",idx_R,394,394.0
3,395.0,0.8043726682662964,0,0.001,,0.21059089055588553,0.005,0.33139496730887413,0,,"362, 395",CeM,Thalamus: Central medial,,,,"96, 88",idx_R,395,395.0
3,399.0,-1.3183538913726807,0,0.001,,0.09369260413778213,0.005,0.21333993975047144,0,,"366, 399",LGN,Thalamus: Lateral Geniculate,,,,"328, 256",idx_R,399,399.0
3,400.0,-0.4489150047302246,0,0.001,,0.3267464857695561,0.005,0.41053697024370606,0,,"367, 400",LP,Thalamus: Lateral Posterior,,,,"256, 264",idx_R,400,400.0
3,402.0,-0.12472280114889145,0,0.001,,0.45037150282154115,0.005,0.473706813848564,0,,"369, 402",MDl,Thalamus: Mediodorsolateral parvocellular,,,,"328, 320",idx_R,402,402.0
3,403.0,-0.020997745916247368,0,0.001,,0.49162372688932,0.005,0.49588920234736494,0,,"370, 403",MDm,Thalamus: Mediodorsomedial magnocellular,,,,"1104, 1192",idx_R,403,403.0
3,404.0,-2.744479179382324,0,0.001,,0.003030349944923585,0.005,0.024198787259277335,0,,"371, 404",MGN,Thalamus: Medial Geniculate,,,,"160, 168",idx_R,404,404.0
3,406.0,-0.13402530550956726,0,0.001,,0.4466912820280034,0.005,0.47181581919789073,0,,"373, 406",Pf,Thalamus: Parafascicular,,,,"56, 72",idx_R,406,406.0
3,407.0,1.3130431175231934,0,0.001,,0.09458420974158832,0.005,0.21333993975047144,0,,"374, 407",PuA,Thalamus: Pulvinar anterior,,,,"320, 280",idx_R,407,407.0
3,408.0,-0.25725069642066956,0,0.001,,0.3984926252023692,0.005,0.4444725434949503,0,,"375, 408",PuI,Thalamus: Pulvinar inferior,,,,"336, 280",idx_R,408,408.0
3,409.0,0.1146078035235405,0,0.001,,0.45437799707673016,0.005,0.47423648308641403,0,,"376, 409",PuL,Thalamus: Pulvinar lateral,,,,"304, 256",idx_R,409,409.0
3,410.0,0.19516177475452423,0,0.001,,0.42263315147296554,0.005,0.462504203498717,0,,"377, 410",PuM,Thalamus: Pulvinar medial,,,,"1904, 1680",idx_R,410,410.0
3,411.0,0.838904082775116,0,0.001,,0.2007615682685952,0.005,0.32478783264263905,0,,"378, 411",VA,Thalamus: Ventral Anterior,,,,"608, 616",idx_R,411,411.0
3,412.0,-0.4925140142440796,0,0.001,,0.3111780086557059,0.005,0.4101891932279759,0,,"379, 412",VLa,Thalamus: Ventral Lateral Anterior,,,,"880, 856",idx_R,412,412.0
3,415.0,-2.735302209854126,0,0.001,,0.0031161514118159196,0.005,0.024198787259277335,0,,"382, 415",Putam,Putamen,,,,"7896, 7744",idx_R,415,415.0
3,416.0,-3.259050130844116,1,0.001,-,0.0005589295658053419,0.005,0.006876527385362692,0,,"383, 416",Caud,Caudate,,,,"6896, 6952",idx_R,416,416.0
3,417.0,0.5779315829277039,0,0.001,,0.28165515566671806,0.005,0.381431041460059,0,,"384, 417",NAc,Nucleus Accumbens,,,,"600, 632",idx_R,417,417.0
3,420.0,-3.3436636924743652,1,0.001,-,0.00041339950231825535,0.005,0.005594673264707055,0,,"387, 420",Amyg,Amygdala,,,,"1608, 1632",idx_R,420,420.0
3,424.0,-0.8084565997123718,0,0.001,,0.20941389028666973,0.005,0.3308250562505366,0,,"391, 424",MB,Mammillary bodies,,,,"112, 104",idx_R,424,424.0
3,425.0,-0.9699903130531311,0,0.001,,0.16602566032990002,0.005,0.29694457310105465,0,,"392, 425",Septum,Septal nuclei,,,,"248, 136",idx_R,425,425.0
3,426.0,-0.50396728515625,0,0.001,,0.30714218324404624,0.005,0.4078495754335143,0,,"393, 426",Nb,Nucleus basalis,,,,"584, 600",idx_R,426,426.0
4,0.0,-0.2694268822669983,0,0.001,,0.3938006008401388,0.005,0.4539183182826396,0,,,,,,,,,,,
4,1.0,-0.9196664094924927,0,0.001,,0.1788735556192096,0.005,0.33313148431834444,0,,"1, 181",V1,Primary_Visual_Cortex,Primary_Visual,1.0,1.0,"13,812, 13,406",idx_L,1,1.0
4,2.0,-1.6804392337799072,0,0.001,,0.046435943967719766,0.005,0.194360755163858,0,,"2, 182",V2,Second_Visual_Area,Early_Visual,2.0,4.0,"9515, 9420",idx_L,2,2.0
4,3.0,-1.7879481315612793,0,0.001,,0.036892188242738114,0.005,0.16280683072338775,0,,"3, 183",V3,Third_Visual_Area,Early_Visual,2.0,5.0,"7106, 7481",idx_L,3,3.0
4,4.0,-1.414792537689209,0,0.001,,0.0785646663483864,0.005,0.24815439567315178,0,,"4, 184",V4,Fourth_Visual_Area,Early_Visual,2.0,6.0,"4782, 4537",idx_L,4,4.0
4,5.0,-1.4686881303787231,0,0.001,,0.07095869918720635,0.005,0.2420943854622334,0,,"5, 185",IPS1,IntraParietal_Sulcus_Area_1,Dorsal_Stream_Visual,3.0,17.0,"1751, 1750",idx_L,5,5.0
4,6.0,-0.04796877130866051,0,0.001,,0.4808705654150348,0.005,0.48686645775188064,0,,"6, 186",V3A,Area_V3A,Dorsal_Stream_Visual,3.0,13.0,"2191, 2212",idx_L,6,6.0
4,7.0,-1.1498812437057495,0,0.001,,0.12509639353528407,0.005,0.2885746350870757,0,,"7, 187",V3B,Area_V3B,Dorsal_Stream_Visual,3.0,19.0,"639, 731",idx_L,7,7.0
4,8.0,-0.6966302394866943,0,0.001,,0.24301711318574876,0.005,0.3709208569677218,0,,"8, 188",V6,Sixth_Visual_Area,Dorsal_Stream_Visual,3.0,3.0,"1402, 1559",idx_L,8,8.0
4,9.0,-1.4191699028015137,0,0.001,,0.07792474413204911,0.005,0.24815439567315178,0,,"9, 189",V6A,Area_V6A,Dorsal_Stream_Visual,3.0,152.0,"904, 734",idx_L,9,9.0
4,10.0,-1.1260948181152344,0,0.001,,0.13006269358755046,0.005,0.29255936414414924,0,,"10, 190",V7,Seventh_Visual_Area,Dorsal_Stream_Visual,3.0,16.0,"1005, 1041",idx_L,10,10.0
4,11.0,-3.94002366065979,1,0.001,-,4.073678656010712e-05,0.005,0.0013782612786169576,1,-,"11, 191",FFC,Fusiform_Face_Complex,Ventral_Stream_Visual,4.0,18.0,"3848, 4402",idx_L,11,11.0
4,12.0,-0.8522924780845642,0,0.001,,0.19702588991601794,0.005,0.3454349254853699,0,,"12, 192",PIT,Posterior_InferoTemporal_complex,Ventral_Stream_Visual,4.0,22.0,"1392, 1386",idx_L,12,12.0
4,13.0,-1.9675776958465576,0,0.001,,0.024558324067106684,0.005,0.12270756195553381,0,,"13, 193",V8,Eighth_Visual_Area,Ventral_Stream_Visual,4.0,7.0,"1361, 1175",idx_L,13,13.0
4,14.0,-1.2875175476074219,0,0.001,,0.0989569787008942,0.005,0.2601931448056776,0,,"14, 194",VMV1,VentroMedial_Visual_Area_1,Ventral_Stream_Visual,4.0,153.0,"939, 1219",idx_L,14,14.0
4,15.0,-0.8758710026741028,0,0.001,,0.19055008252551708,0.005,0.3423156349794687,0,,"15, 195",VMV2,VentroMedial_Visual_Area_2,Ventral_Stream_Visual,4.0,160.0,"639, 923",idx_L,15,15.0
4,16.0,-0.7230005264282227,0,0.001,,0.23483978039008607,0.005,0.365678087631289,0,,"16, 196",VMV3,VentroMedial_Visual_Area_3,Ventral_Stream_Visual,4.0,154.0,"941, 1242",idx_L,16,16.0
4,17.0,-2.7626075744628906,0,0.001,,0.0028670831232216116,0.005,0.03072421601058341,0,,"17, 197",VVC,Ventral_Visual_Complex,Ventral_Stream_Visual,4.0,163.0,"2487, 2753",idx_L,17,17.0
4,18.0,-0.5207427740097046,0,0.001,,0.30127298637293354,0.005,0.41633651052826476,0,,"18, 198",FST,Area_FST,MT + _Complex,5.0,157.0,"1324, 1683",idx_L,18,18.0
4,19.0,-0.9249129295349121,0,0.001,,0.1775056002607272,0.005,0.33313148431834444,0,,"19, 199",LO1,Area_Lateral_Occipital_1,MT + _Complex,5.0,20.0,"619, 909",idx_L,19,19.0
4,20.0,-1.3342846632003784,0,0.001,,0.09105529098088128,0.005,0.254931787431465,0,,"20, 200",LO2,Area_Lateral_Occipital_2,MT + _Complex,5.0,21.0,"1179, 1062",idx_L,20,20.0
4,21.0,-0.5853003859519958,0,0.001,,0.27917287769862986,0.005,0.401929745906538,0,,"21, 201",LO3,Area_Lateral_Occipital_3,MT + _Complex,5.0,159.0,"438, 915",idx_L,21,21.0
4,22.0,-2.1059000492095947,0,0.001,,0.01760651770388742,0.005,0.10211780268254703,0,,"22, 202",MST,Medial_Superior_Temporal_Area,MT + _Complex,5.0,2.0,"794, 1036",idx_L,22,22.0
4,23.0,-3.297240972518921,1,0.001,-,0.00048819845294910137,0.005,0.009910428594866759,0,,"23, 203",MT,Middle_Temporal_Area,MT + _Complex,5.0,23.0,"620, 1005",idx_L,23,23.0
4,24.0,-4.2784857749938965,1,0.001,-,9.408450640953702e-06,0.005,0.0003819830960227203,1,-,"24, 204",PH,Area_PH,MT + _Complex,5.0,138.0,"3453, 3205",idx_L,24,24.0
4,25.0,-0.4003852903842926,0,0.001,,0.34443637838258667,0.005,0.4329447975954495,0,,"25, 205",V3CD,Area_V3CD,MT + _Complex,5.0,158.0,"876, 1222",idx_L,25,25.0
4,26.0,-1.099450945854187,0,0.001,,0.13578570970921622,0.005,0.2976547630600566,0,,"26, 206",V4t,Area_V4t,MT + _Complex,5.0,156.0,"1037, 1249",idx_L,26,26.0
4,27.0,0.1515733003616333,0,0.001,,0.4397617466393505,0.005,0.46968137275468536,0,,"27, 207",1,Area_1,SomaSens_Motor,6.0,51.0,"6590, 5925",idx_L,27,27.0
4,28.0,-1.4054245948791504,0,0.001,,0.07994752869887739,0.005,0.24815439567315178,0,,"28, 208",2,Area_2,SomaSens_Motor,6.0,52.0,"4278, 4727",idx_L,28,28.0
4,29.0,-0.7291998863220215,0,0.001,,0.23293970037468548,0.005,0.365678087631289,0,,"29, 209",3a,Area_3a,SomaSens_Motor,6.0,53.0,"2247, 2286",idx_L,29,29.0
4,30.0,-0.18982364237308502,0,0.001,,0.42472366439381376,0.005,0.4623188244235323,0,,"30, 210",3b,Primary_Sensory_Cortex,SomaSens_Motor,6.0,9.0,"5451, 4350",idx_L,30,30.0
4,31.0,-0.512283980846405,0,0.001,,0.30422613743728777,0.005,0.41633651052826476,0,,"31, 211",4,Primary_Motor_Cortex,SomaSens_Motor,6.0,8.0,"10,776, 10,254",idx_L,31,31.0
4,32.0,-0.21738052368164062,0,0.001,,0.4139559040807929,0.005,0.4605214720708142,0,,"32, 212",23c,Area_23c,ParaCentral_MidCing,7.0,38.0,"2259, 2498",idx_L,32,32.0
4,33.0,-0.12645846605300903,0,0.001,,0.44968451216714217,0.005,0.47176204635622665,0,,"33, 213",24dd,Dorsal_Area_24d,ParaCentral_MidCing,7.0,40.0,"2665, 2820",idx_L,33,33.0
4,34.0,-0.7651723623275757,0,0.001,,0.2220844573767914,0.005,0.3575704568127869,0,,"34, 214",24dv,Ventral_Area_24d,ParaCentral_MidCing,7.0,41.0,"1076, 1349",idx_L,34,34.0
4,35.0,-1.020711898803711,0,0.001,,0.15369547771019954,0.005,0.3179391201418612,0,,"35, 215",5L,Area_5L,ParaCentral_MidCing,7.0,39.0,"2249, 2327",idx_L,35,35.0
4,36.0,-0.3041961193084717,0,0.001,,0.3804892405920913,0.005,0.449583692542244,0,,"36, 216",5 m,Area_5m,ParaCentral_MidCing,7.0,36.0,"1483, 2079",idx_L,36,36.0
4,37.0,-0.6657233834266663,0,0.001,,0.2527939622182371,0.005,0.3759499950937885,0,,"37, 217",5mv,Area_5m_ventral,ParaCentral_MidCing,7.0,37.0,"1651, 1996",idx_L,37,37.0
4,38.0,-1.303011178970337,0,0.001,,0.09628547253750053,0.005,0.2581710450547867,0,,"38, 218",6ma,Area_6m_anterior,ParaCentral_MidCing,7.0,44.0,"3941, 4251",idx_L,38,38.0
4,39.0,0.14426745474338531,0,0.001,,0.44264463838794194,0.005,0.46968137275468536,0,,"39, 219",6mp,Area_6mp,ParaCentral_MidCing,7.0,55.0,"3701, 3105",idx_L,39,39.0
4,40.0,0.3108952045440674,0,0.001,,0.377940145088575,0.005,0.449583692542244,0,,"40, 220",SCEF,Supplementary_and_Cingulate_Eye_Field,ParaCentral_MidCing,7.0,43.0,"3500, 3371",idx_L,40,40.0
4,41.0,-0.07915457338094711,0,0.001,,0.4684548381792534,0.005,0.48485093547861347,0,,"41, 221",55b,Area_55b,Premotor,8.0,12.0,"2422, 1537",idx_L,41,41.0
4,42.0,-2.7816295623779297,0,0.001,,0.0027043368449860016,0.005,0.03072421601058341,0,,"42, 222",6a,Area_6_anterior,Premotor,8.0,96.0,"4233, 3752",idx_L,42,42.0
4,43.0,0.7110905647277832,0,0.001,,0.23851405822444366,0.005,0.36900762824662464,0,,"43, 223",6d,Dorsal_area_6,Premotor,8.0,54.0,"2916, 2909",idx_L,43,43.0
4,44.0,-1.2136437892913818,0,0.001,,0.11244188890246842,0.005,0.2761128744135195,0,,"44, 224",6r,Rostral_Area_6,Premotor,8.0,78.0,"3029, 3981",idx_L,44,44.0
4,45.0,-1.7550597190856934,0,0.001,,0.03962454669481004,0.005,0.17298458019454704,0,,"45, 225",6v,Ventral_Area_6,Premotor,8.0,56.0,"2075, 2516",idx_L,45,45.0
4,46.0,-0.8283328413963318,0,0.001,,0.20374101437426317,0.005,0.34902469129093183,0,,"46, 226",FEF,Frontal_Eye_Fields,Premotor,8.0,10.0,"1787, 1889",idx_L,46,46.0
4,47.0,0.680058479309082,0,0.001,,0.2482337166871889,0.005,0.373321147751021,0,,"47, 227",PEF,Premotor_Eye_Field,Premotor,8.0,11.0,"1006, 1258",idx_L,47,47.0
4,48.0,-1.9228386878967285,0,0.001,,0.027250155858667982,0.005,0.1301595679837553,0,,"48, 228",43,Area_43,Posterior_Opercular,9.0,99.0,"1889, 1678",idx_L,48,48.0
4,49.0,0.6849510669708252,0,0.001,,0.24668739981924226,0.005,0.373321147751021,0,,"49, 229",FOP1,Frontal_Opercular_Area_1,Posterior_Opercular,9.0,113.0,"879, 932",idx_L,49,49.0
4,50.0,-0.8610389828681946,0,0.001,,0.19460828656436985,0.005,0.3450260451752583,0,,"50, 230",OP1,Area_OP1-SII,Posterior_Opercular,9.0,101.0,"1275, 1072",idx_L,50,50.0
4,51.0,-0.3105180263519287,0,0.001,,0.3780835267297903,0.005,0.449583692542244,0,,"51, 231",OP2-3,Area_OP2-3-VS,Posterior_Opercular,9.0,102.0,"943, 792",idx_L,51,51.0
4,52.0,-0.6005015969276428,0,0.001,,0.2740859984692732,0.005,0.4002838682680752,0,,"52, 232",OP4,Area_OP4-PV,Posterior_Opercular,9.0,100.0,"2332, 2409",idx_L,52,52.0
4,53.0,2.2507452964782715,0,0.001,,0.012200837029529793,0.005,0.07998330950208994,0,,"53, 233",52,Area_52,Early_Auditory,10.0,103.0,"725, 580",idx_L,53,53.0
4,54.0,-2.9357447624206543,0,0.001,,0.0016637399313627803,0.005,0.022515947071109627,0,,"54, 234",A1,Primary_Auditory_Cortex,Early_Auditory,10.0,24.0,"1023, 796",idx_L,54,54.0
4,55.0,1.1679573059082031,0,0.001,,0.12141199339744169,0.005,0.28658877511256586,0,,"55, 235",LBelt,Lateral_Belt_Complex,Early_Auditory,10.0,174.0,"820, 901",idx_L,55,55.0
4,56.0,-0.6524900197982788,0,0.001,,0.2570425545252047,0.005,0.37948828049902944,0,,"56, 236",MBelt,Medial_Belt_Complex,Early_Auditory,10.0,173.0,"1242, 1236",idx_L,56,56.0
4,57.0,2.1328418254852295,0,0.001,,0.016468851945457715,0.005,0.09968084984723809,0,,"57, 237",PBelt,ParaBelt_Complex,Early_Auditory,10.0,124.0,"1719, 1439",idx_L,57,57.0
4,58.0,-0.2769894599914551,0,0.001,,0.39089409967166305,0.005,0.4534236437752481,0,,"58, 238",PFcm,Area_PFcm,Early_Auditory,10.0,105.0,"1486, 1485",idx_L,58,58.0
4,59.0,-0.8134424686431885,0,0.001,,0.20798220934730788,0.005,0.34919403667420973,0,,"59, 239",RI,RetroInsular_Cortex,Early_Auditory,10.0,104.0,"1149, 1334",idx_L,59,59.0
4,60.0,-1.2053776979446411,0,0.001,,0.11402876351955782,0.005,0.27617783682863806,0,,"60, 240",A4,Auditory_4_Complex,Auditory_Association,11.0,175.0,"3514, 3610",idx_L,60,60.0
4,61.0,-0.05031772702932358,0,0.001,,0.47993459876815225,0.005,0.48686645775188064,0,,"61, 241",A5,Auditory_5_Complex,Auditory_Association,11.0,125.0,"3346, 3881",idx_L,61,61.0
4,62.0,1.29909348487854,0,0.001,,0.09695592435689959,0.005,0.2581710450547867,0,,"62, 242",STGa,Area_STGa,Auditory_Association,11.0,123.0,"2509, 2187",idx_L,62,62.0
4,63.0,0.9123565554618835,0,0.001,,0.18079052577470944,0.005,0.3336406975660547,0,,"63, 243",STSda,Area_STSd_anterior,Auditory_Association,11.0,128.0,"1944, 2389",idx_L,63,63.0
4,64.0,1.1704046726226807,0,0.001,,0.1209190780843093,0.005,0.28658877511256586,0,,"64, 244",STSdp,Area_STSd_posterior,Auditory_Association,11.0,129.0,"1994, 2605",idx_L,64,64.0
4,65.0,-0.43123552203178406,0,0.001,,0.33314856389312714,0.005,0.42803264854623296,0,,"65, 245",STSva,Area_STSv_anterior,Auditory_Association,11.0,176.0,"1694, 1900",idx_L,65,65.0
4,66.0,1.654228925704956,0,0.001,,0.04904050387602683,0.005,0.20102295574010137,0,,"66, 246",STSvp,Area_STSv_posterior,Auditory_Association,11.0,130.0,"2898, 2515",idx_L,66,66.0
4,67.0,-0.3039993345737457,0,0.001,,0.3805641990575106,0.005,0.449583692542244,0,,"67, 247",TA2,Area_TA2,Auditory_Association,11.0,107.0,"1518, 1726",idx_L,67,67.0
4,68.0,-0.49988457560539246,0,0.001,,0.3085781768257465,0.005,0.41760913263751026,0,,"68, 248",AAIC,Anterior_Agranular_Insula_Complex,Insula_FrontalOperc,12.0,112.0,"1859, 1691",idx_L,68,68.0
4,69.0,-1.2112832069396973,0,0.001,,0.11289344126267054,0.005,0.2761128744135195,0,,"69, 249",AVI,Anterior_Ventral_Insular_Area,Insula_FrontalOperc,12.0,111.0,"1446, 1792",idx_L,69,69.0
4,70.0,-2.1116578578948975,0,0.001,,0.017357903046895353,0.005,0.10211780268254703,0,,"70, 250",FOP2,Frontal_Opercular_Area_2,Insula_FrontalOperc,12.0,115.0,"750, 720",idx_L,70,70.0
4,71.0,-0.732334315776825,0,0.001,,0.23198226957892942,0.005,0.365678087631289,0,,"71, 251",FOP3,Frontal_Opercular_Area_3,Insula_FrontalOperc,12.0,114.0,"754, 614",idx_L,71,71.0
4,72.0,1.4413446187973022,0,0.001,,0.0747436738913541,0.005,0.24815439567315178,0,,"72, 252",FOP4,Frontal_Opercular_Area_4,Insula_FrontalOperc,12.0,108.0,"2522, 1678",idx_L,72,72.0
4,73.0,0.2316007912158966,0,0.001,,0.40842404645897146,0.005,0.4605214720708142,0,,"73, 253",FOP5,Area_Frontal_Opercular_5,Insula_FrontalOperc,12.0,169.0,"1297, 1365",idx_L,73,73.0
4,74.0,-1.5698765516281128,0,0.001,,0.05822191685685596,0.005,0.2168632866411332,0,,"74, 254",Ig,Insular_Granular_Complex,Insula_FrontalOperc,12.0,168.0,"841, 1077",idx_L,74,74.0
4,75.0,1.3243811130523682,0,0.001,,0.09268825198158032,0.005,0.254931787431465,0,,"75, 255",MI,Middle_Insular_Area,Insula_FrontalOperc,12.0,109.0,"2102, 1960",idx_L,75,75.0
4,76.0,3.7862725257873535,1,0.001,+,7.646197792759787e-05,0.005,0.002217397359900338,1,+,"76, 256",PI,Para-Insular_Area,Insula_FrontalOperc,12.0,178.0,"1033, 1058",idx_L,76,76.0
4,77.0,2.218060255050659,0,0.001,,0.013275362147007008,0.005,0.08464795282591113,0,,"77, 257",Pir,Pirform_Cortex,Insula_FrontalOperc,12.0,110.0,"2287, 1856",idx_L,77,77.0
4,78.0,1.1015578508377075,0,0.001,,0.13532697050886805,0.005,0.2976547630600566,0,,"78, 258",PoI1,Area_Posterior_Insular_1,Insula_FrontalOperc,12.0,167.0,"1811, 1835",idx_L,78,78.0
4,79.0,-1.6338413953781128,0,0.001,,0.051146078916305716,0.005,0.2014752028892525,0,,"79, 259",PoI2,Posterior_Insular_Area_2,Insula_FrontalOperc,12.0,106.0,"2747, 2675",idx_L,79,79.0
4,80.0,-1.0223653316497803,0,0.001,,0.15330401125893434,0.005,0.3179391201418612,0,,"80, 260",H,Hippocampus,Medial_Temporal,13.0,120.0,"4283, 3626",idx_L,80,80.0
4,81.0,-1.3794257640838623,0,0.001,,0.0838817600820323,0.005,0.2504117249507729,0,,"81, 261",PreS,PreSubiculum,Medial_Temporal,13.0,119.0,"1817, 1558",idx_L,81,81.0
4,82.0,0.4104427397251129,0,0.001,,0.34074059970300685,0.005,0.43096786130660675,0,,"82, 262",EC,Entorhinal_Cortex,Medial_Temporal,13.0,118.0,"2127, 2110",idx_L,82,82.0
4,83.0,-0.4491760730743408,0,0.001,,0.32665232320069804,0.005,0.4249495180539623,0,,"83, 263",PeEc,Perirhinal_Ectorhinal_Cortex,Medial_Temporal,13.0,122.0,"4826, 4755",idx_L,83,83.0
4,84.0,-2.34008526802063,0,0.001,,0.009639668836668893,0.005,0.07115828268522856,0,,"84, 264",TF,Area_TF,Medial_Temporal,13.0,135.0,"3986, 4752",idx_L,84,84.0
4,85.0,-2.276883602142334,0,0.001,,0.01139658867575611,0.005,0.07998330950208994,0,,"85, 265",PHA1,ParaHippocampal_Area_1,Medial_Temporal,13.0,126.0,"1281, 1168",idx_L,85,85.0
4,86.0,-2.800729274749756,0,0.001,,0.0025493636816306064,0.005,0.030442401610059594,0,,"86, 266",PHA2,ParaHippocampal_Area_2,Medial_Temporal,13.0,155.0,"783, 771",idx_L,86,86.0
4,87.0,-2.5621891021728516,0,0.001,,0.005200733353949541,0.005,0.05278744354258784,0,,"87, 267",PHA3,ParaHippocampal_Area_3,Medial_Temporal,13.0,127.0,"2023, 1122",idx_L,87,87.0
4,88.0,-0.19919486343860626,0,0.001,,0.42105515864736576,0.005,0.4623188244235323,0,,"88, 268",PHT,Area_PHT,Lateral_Temporal,14.0,137.0,"4182, 3410",idx_L,88,88.0
4,89.0,0.34409159421920776,0,0.001,,0.36538870210935903,0.005,0.4456846411625634,0,,"89, 269",TE1a,Area_TE1_anterior,Lateral_Temporal,14.0,132.0,"5227, 4180",idx_L,89,89.0
4,90.0,0.9482118487358093,0,0.001,,0.17151080817391945,0.005,0.3284593779179778,0,,"90, 270",TE1m,Area_TE1_Middle,Lateral_Temporal,14.0,177.0,"3339, 3429",idx_L,90,90.0
4,91.0,0.1457868367433548,0,0.001,,0.4420448338162422,0.005,0.46968137275468536,0,,"91, 271",TE1p,Area_TE1_posterior,Lateral_Temporal,14.0,133.0,"7116, 6010",idx_L,91,91.0
4,92.0,1.4068372249603271,0,0.001,,0.07973783077618218,0.005,0.24815439567315178,0,,"92, 272",TE2a,Area_TE2_anterior,Lateral_Temporal,14.0,134.0,"5691, 5753",idx_L,92,92.0
4,93.0,-4.466453552246094,1,0.001,-,3.976345920824201e-06,0.005,0.00022898751966468603,1,-,"93, 273",TE2p,Area_TE2_posterior,Lateral_Temporal,14.0,136.0,"4115, 3040",idx_L,93,93.0
4,94.0,2.8715476989746094,0,0.001,,0.0020423356635294585,0.005,0.026748009012676138,0,,"94, 274",TGd,Area_TG_dorsal,Lateral_Temporal,14.0,131.0,"10,192, 10,269",idx_L,94,94.0
4,95.0,2.0232598781585693,0,0.001,,0.0215231805605089,0.005,0.11446854606991021,0,,"95, 275",TGv,Area_TG_Ventral,Lateral_Temporal,14.0,172.0,"3694, 4515",idx_L,95,95.0
4,96.0,2.949327230453491,0,0.001,,0.0015923328948706085,0.005,0.02229266052818852,0,,"96, 276",PSL,PeriSylvian_Language_Area,TPO,15.0,25.0,"2154, 2759",idx_L,96,96.0
4,97.0,1.8346588611602783,0,0.001,,0.03327812568752514,0.005,0.15255076423028607,0,,"97, 277",STV,Superior_Temporal_Visual_Area,TPO,15.0,28.0,"2322, 2294",idx_L,97,97.0
4,98.0,1.8019930124282837,0,0.001,,0.03577325247093236,0.005,0.15960374179339054,0,,"98, 278",TPOJ1,Area_TemporoParietoOccipital_Junction_1,TPO,15.0,139.0,"2102, 3938",idx_L,98,98.0
4,99.0,-2.274923801422119,0,0.001,,0.01145525063010223,0.005,0.07998330950208994,0,,"99, 279",TPOJ2,Area_TemporoParietoOccipital_Junction_2,TPO,15.0,140.0,"1930, 2068",idx_L,99,99.0
4,100.0,-2.7629683017730713,0,0.001,,0.0028639164385151896,0.005,0.03072421601058341,0,,"100, 280",TPOJ3,Area_TemporoParietoOccipital_Junction_3,TPO,15.0,141.0,"1290, 1277",idx_L,100,100.0
4,101.0,-0.7094038128852844,0,0.001,,0.2390369611548332,0.005,0.36900762824662464,0,,"101, 281",7AL,Lateral_Area_7A,Superior_Parietal,16.0,42.0,"2134, 2030",idx_L,101,101.0
4,102.0,-1.4329649209976196,0,0.001,,0.07593393121178599,0.005,0.24815439567315178,0,,"102, 282",7Am,Medial_Area_7A,Superior_Parietal,16.0,45.0,"2995, 2379",idx_L,102,102.0
4,103.0,-0.49030494689941406,0,0.001,,0.3119590634942778,0.005,0.4181299187520332,0,,"103, 283",7PC,Area_7PC,Superior_Parietal,16.0,47.0,"3151, 3415",idx_L,103,103.0
4,104.0,-0.7227108478546143,0,0.001,,0.23492877477121266,0.005,0.365678087631289,0,,"104, 284",7Pl,Lateral_Area_7P,Superior_Parietal,16.0,46.0,"1695, 1363",idx_L,104,104.0
4,105.0,-3.0425713062286377,0,0.001,,0.0011728311789774171,0.005,0.01984039411103464,0,,"105, 285",7Pm,Medial_Area_7P,Superior_Parietal,16.0,29.0,"1601, 1308",idx_L,105,105.0
4,106.0,-2.8082151412963867,0,0.001,,0.0024908466778708,0.005,0.030442401610059594,0,,"106, 286",AIP,Anterior_IntraParietal_Area,Superior_Parietal,16.0,117.0,"1999, 2542",idx_L,106,106.0
4,107.0,-2.633486747741699,0,0.001,,0.00422565668645261,0.005,0.043990169607686154,0,,"107, 287",LIPd,Area_Lateral_IntraParietal_dorsal,Superior_Parietal,16.0,95.0,"1008, 869",idx_L,107,107.0
4,108.0,-1.472846269607544,0,0.001,,0.07039624641001672,0.005,0.2420943854622334,0,,"108, 288",LIPv,Area_Lateral_IntraParietal_ventral,Superior_Parietal,16.0,48.0,"1681, 1783",idx_L,108,108.0
4,109.0,-1.380704641342163,0,0.001,,0.08368489682192187,0.005,0.2504117249507729,0,,"109, 289",MIP,Medial_IntraParietal_Area,Superior_Parietal,16.0,50.0,"1872, 2403",idx_L,109,109.0
4,110.0,-0.980955183506012,0,0.001,,0.1633074213142185,0.005,0.3203034447032498,0,,"110, 290",VIP,Ventral_IntraParietal_Complex,Superior_Parietal,16.0,49.0,"1890, 1577",idx_L,110,110.0
4,111.0,-2.9649407863616943,0,0.001,,0.001513705974096622,0.005,0.02229266052818852,0,,"111, 291",IP0,Area_IntraParietal_0,Inferior_Parietal,17.0,146.0,"1203, 1239",idx_L,111,111.0
4,112.0,-2.761631727218628,0,0.001,,0.0028756655379363785,0.005,0.03072421601058341,0,,"112, 292",IP1,Area_IntraParietal_1,Inferior_Parietal,17.0,145.0,"1692, 1632",idx_L,112,112.0
4,113.0,-1.4889259338378906,0,0.001,,0.06825343678170402,0.005,0.24015760476190406,0,,"113, 293",IP2,Area_IntraParietal_2,Inferior_Parietal,17.0,144.0,"2102, 1861",idx_L,113,113.0
4,114.0,1.5455294847488403,0,0.001,,0.061109121365945616,0.005,0.22351624571688217,0,,"114, 294",PF,Area_PF_Complex,Inferior_Parietal,17.0,148.0,"5457, 5251",idx_L,114,114.0
4,115.0,1.0149952173233032,0,0.001,,0.15505405366524266,0.005,0.3179391201418612,0,,"115, 295",PFm,Area_PFm_Complex,Inferior_Parietal,17.0,149.0,"8220, 8141",idx_L,115,115.0
4,116.0,-0.35948866605758667,0,0.001,,0.359614777556153,0.005,0.4446027905605405,0,,"116, 296",PFop,Area_PF_Opercular,Inferior_Parietal,17.0,147.0,"1797, 1783",idx_L,116,116.0
4,117.0,-0.8470348119735718,0,0.001,,0.19848785900015142,0.005,0.3454349254853699,0,,"117, 297",PFt,Area_PFt,Inferior_Parietal,17.0,116.0,"1983, 2039",idx_L,117,117.0
4,118.0,-0.050337158143520355,0,0.001,,0.47992685668612706,0.005,0.48686645775188064,0,,"118, 298",PGi,Area_PGi,Inferior_Parietal,17.0,150.0,"4791, 4970",idx_L,118,118.0
4,119.0,-1.009625792503357,0,0.001,,0.1563373037779382,0.005,0.31895952429066793,0,,"119, 299",PGp,Area_PGp,Inferior_Parietal,17.0,143.0,"2501, 3740",idx_L,119,119.0
4,120.0,0.4842270314693451,0,0.001,,0.3141123773876111,0.005,0.4181299187520332,0,,"120, 300",PGs,Area_PGs,Inferior_Parietal,17.0,151.0,"4552, 3366",idx_L,120,120.0
4,121.0,1.5017787218093872,0,0.001,,0.06657713267564583,0.005,0.23710803391501936,0,,"121, 301",23d,Area_23d,Posterior_Cingulate,18.0,32.0,"1261, 1513",idx_L,121,121.0
4,122.0,-0.5188184976577759,0,0.001,,0.3019436586812171,0.005,0.41633651052826476,0,,"122, 302",31a,Area_31a,Posterior_Cingulate,18.0,162.0,"1260, 1116",idx_L,122,122.0
4,123.0,-1.720636248588562,0,0.001,,0.04265842571283144,0.005,0.18424809403627196,0,,"123, 303",31pd,Area_31pd,Posterior_Cingulate,18.0,161.0,"1428, 864",idx_L,123,123.0
4,124.0,-0.9508616924285889,0,0.001,,0.17083729515086155,0.005,0.3284593779179778,0,,"124, 304",31pv,Area_31p_ventral,Posterior_Cingulate,18.0,35.0,"950, 1022",idx_L,124,124.0
4,125.0,-3.2310256958007812,1,0.001,-,0.0006167342526411767,0.005,0.011923528884396082,0,,"125, 305",7 m,Area_7m,Posterior_Cingulate,18.0,30.0,"2128, 2067",idx_L,125,125.0
4,126.0,-0.25106650590896606,0,0.001,,0.40088134553519666,0.005,0.4561009571479111,0,,"126, 306",d23ab,Area_dorsal_23_a + b,Posterior_Cingulate,18.0,34.0,"1607, 1106",idx_L,126,126.0
4,127.0,-2.4555726051330566,0,0.001,,0.007033016770082505,0.005,0.062074017579423844,0,,"127, 307",DVT,Dorsal_Transitional_Visual_Area,Posterior_Cingulate,18.0,142.0,"1806, 2176",idx_L,127,127.0
4,128.0,-3.535156488418579,1,0.001,-,0.00020376686696858465,0.005,0.0045960748882914095,1,-,"128, 308",PCV,PreCuneus_Visual_Area,Posterior_Cingulate,18.0,27.0,"2245, 2416",idx_L,128,128.0
4,129.0,-0.6893040537834167,0,0.001,,0.24531597372793623,0.005,0.3730272858934161,0,,"129, 309",POS1,Parieto-Occipital_Sulcus_Area_1,Posterior_Cingulate,18.0,31.0,"2531, 2727",idx_L,129,129.0
4,130.0,-0.920437753200531,0,0.001,,0.1786720237323836,0.005,0.33313148431834444,0,,"130, 310",POS2,Parieto-Occipital_Sulcus_Area_2,Posterior_Cingulate,18.0,15.0,"3261, 3093",idx_L,130,130.0
4,131.0,-1.0968018770217896,0,0.001,,0.13636400475165156,0.005,0.2976547630600566,0,,"131, 311",ProS,ProStriate_Area,Posterior_Cingulate,18.0,121.0,"1222, 1055",idx_L,131,131.0
4,132.0,0.13713200390338898,0,0.001,,0.4454632279836536,0.005,0.4708909571969876,0,,"132, 312",RSC,RetroSplenial_Complex,Posterior_Cingulate,18.0,14.0,"2830, 3067",idx_L,132,132.0
4,133.0,-0.9006538391113281,0,0.001,,0.18388619959459795,0.005,0.3378180861330623,0,,"133, 313",v23ab,Area_ventral_23_a + b,Posterior_Cingulate,18.0,33.0,"916, 1089",idx_L,133,133.0
4,134.0,0.5197800397872925,0,0.001,,0.3016084464175923,0.005,0.41633651052826476,0,,"134, 314",10r,Area_10r,AntCing_MedPFC,19.0,65.0,"1589, 1053",idx_L,134,134.0
4,135.0,1.4861747026443481,0,0.001,,0.06861645850340116,0.005,0.24015760476190406,0,,"135, 315",10v,Area_10v,AntCing_MedPFC,19.0,88.0,"3906, 2667",idx_L,135,135.0
4,136.0,1.4154645204544067,0,0.001,,0.0784661719377333,0.005,0.24815439567315178,0,,"136, 316",25,Area_25,AntCing_MedPFC,19.0,164.0,"1911, 2135",idx_L,136,136.0
4,137.0,0.7677969336509705,0,0.001,,0.22130391826732898,0.005,0.3575704568127869,0,,"137, 317",33pr,Area_33_prime,AntCing_MedPFC,19.0,58.0,"1354, 1316",idx_L,137,137.0
4,138.0,0.306362509727478,0,0.001,,0.3796643248752607,0.005,0.449583692542244,0,,"138, 318",8BM,Area_8BM,AntCing_MedPFC,19.0,63.0,"3122, 3436",idx_L,138,138.0
4,139.0,0.7222227454185486,0,0.001,,0.23507877062011434,0.005,0.365678087631289,0,,"139, 319",9 m,Area_9_Middle,AntCing_MedPFC,19.0,69.0,"6338, 5881",idx_L,139,139.0
4,140.0,0.8393394947052002,0,0.001,,0.20063941319593076,0.005,0.3454349254853699,0,,"140, 320",a24,Area_a24,AntCing_MedPFC,19.0,61.0,"2085, 2152",idx_L,140,140.0
4,141.0,-1.1400320529937744,0,0.001,,0.1271364737964885,0.005,0.29162377605296236,0,,"141, 321",a24pr,Anterior_24_prime,AntCing_MedPFC,19.0,59.0,"1095, 1474",idx_L,141,141.0
4,142.0,-0.35478147864341736,0,0.001,,0.3613766524260551,0.005,0.4446027905605405,0,,"142, 322",a32pr,Area_anterior_32_prime,AntCing_MedPFC,19.0,179.0,"1759, 1118",idx_L,142,142.0
4,143.0,0.8466882109642029,0,0.001,,0.1985844657434373,0.005,0.3454349254853699,0,,"143, 323",d32,Area_dorsal_32,AntCing_MedPFC,19.0,62.0,"2228, 2374",idx_L,143,143.0
4,144.0,0.10636761039495468,0,0.001,,0.4576453452085188,0.005,0.4764205388580991,0,,"144, 324",p24,Area_posterior_24,AntCing_MedPFC,19.0,180.0,"2394, 2442",idx_L,144,144.0
4,145.0,-1.3668605089187622,0,0.001,,0.08583451613246801,0.005,0.25339808255226215,0,,"145, 325",p24pr,Area_Posterior_24_prime,AntCing_MedPFC,19.0,57.0,"1422, 1724",idx_L,145,145.0
4,146.0,0.41152065992355347,0,0.001,,0.34034539764669736,0.005,0.43096786130660675,0,,"146, 326",p32,Area_p32,AntCing_MedPFC,19.0,64.0,"1180, 1765",idx_L,146,146.0
4,147.0,-0.950444757938385,0,0.001,,0.17094315539794092,0.005,0.3284593779179778,0,,"147, 327",p32pr,Area_p32_prime,AntCing_MedPFC,19.0,60.0,"1569, 1305",idx_L,147,147.0
4,148.0,-0.05106028914451599,0,0.001,,0.4796387396821667,0.005,0.48686645775188064,0,,"148, 328",pOFC,Posterior_OFC_Complex,AntCing_MedPFC,19.0,166.0,"2486, 2836",idx_L,148,148.0
4,149.0,0.3407471477985382,0,0.001,,0.3666469708086113,0.005,0.4456846411625634,0,,"149, 329",s32,Area_s32,AntCing_MedPFC,19.0,165.0,"604, 1015",idx_L,149,149.0
4,150.0,-0.13160987198352814,0,0.001,,0.4476464383699349,0.005,0.4708909571969876,0,,"150, 330",10d,Area_10d,OrbPolaFrontal,20.0,72.0,"3644, 3096",idx_L,150,150.0
4,151.0,-0.4213182032108307,0,0.001,,0.33676136982266214,0.005,0.4299531954339649,0,,"151, 331",10 pp,Polar_10p,OrbPolaFrontal,20.0,90.0,"1997, 2487",idx_L,151,151.0
4,152.0,-0.5424399375915527,0,0.001,,0.2937577366592876,0.005,0.4126838791822518,0,,"152, 332",11 l,Area_11l,OrbPolaFrontal,20.0,91.0,"3531, 3793",idx_L,152,152.0
4,153.0,0.44004303216934204,0,0.001,,0.32995297035854265,0.005,0.42662708906231944,0,,"153, 333",13 l,Area_13l,OrbPolaFrontal,20.0,92.0,"2429, 1757",idx_L,153,153.0
4,154.0,-0.8144320249557495,0,0.001,,0.2076987492945948,0.005,0.34919403667420973,0,,"154, 334",47 m,Area_47m,OrbPolaFrontal,20.0,66.0,"799, 781",idx_L,154,154.0
4,155.0,3.666637420654297,1,0.001,+,0.00012288043671970913,0.005,0.003118091081762619,1,+,"155, 335",47 s,Area_47s,OrbPolaFrontal,20.0,94.0,"2795, 3080",idx_L,155,155.0
4,156.0,-1.8483692407608032,0,0.001,,0.032274472655467235,0.005,0.15061420572551376,0,,"156, 336",a10p,Area_anterior_10p,OrbPolaFrontal,20.0,89.0,"1964, 1748",idx_L,156,156.0
4,157.0,2.2607686519622803,0,0.001,,0.011886793371259004,0.005,0.07998330950208994,0,,"157, 337",OFC,Orbital_Frontal_Complex,OrbPolaFrontal,20.0,93.0,"4560, 5232",idx_L,157,157.0
4,158.0,-1.9636852741241455,0,0.001,,0.024783300690526533,0.005,0.12270756195553381,0,,"158, 338",p10p,Area_posterior_10p,OrbPolaFrontal,20.0,170.0,"2116, 2365",idx_L,158,158.0
4,159.0,0.6770495176315308,0,0.001,,0.24918726857272583,0.005,0.373321147751021,0,,"159, 339",44,Area_44,Inferior_Frontal,21.0,74.0,"2435, 2589",idx_L,159,159.0
4,160.0,2.4792871475219727,0,0.001,,0.006582263852761407,0.005,0.06052746672888557,0,,"160, 340",45,Area_45,Inferior_Frontal,21.0,75.0,"3762, 2962",idx_L,160,160.0
4,161.0,1.6495935916900635,0,0.001,,0.04951304328573926,0.005,0.20102295574010137,0,,"161, 341",47 l,Area_47l_(47_lateral),Inferior_Frontal,21.0,76.0,"2527, 2592",idx_L,161,161.0
4,162.0,0.586785614490509,0,0.001,,0.2786738497293808,0.005,0.401929745906538,0,,"162, 342",a47r,Area_anterior_47r,Inferior_Frontal,21.0,77.0,"4167, 3763",idx_L,162,162.0
4,163.0,-2.133211612701416,0,0.001,,0.016453685465243277,0.005,0.09968084984723809,0,,"163, 343",IFJa,Area_IFJa,Inferior_Frontal,21.0,79.0,"1513, 1405",idx_L,163,163.0
4,164.0,-1.230390191078186,0,0.001,,0.1092755123664983,0.005,0.274212032385224,0,,"164, 344",IFJp,Area_IFJp,Inferior_Frontal,21.0,80.0,"960, 740",idx_L,164,164.0
4,165.0,-0.5892361402511597,0,0.001,,0.27785143830687087,0.005,0.401929745906538,0,,"165, 345",IFSa,Area_IFSa,Inferior_Frontal,21.0,82.0,"2057, 2641",idx_L,165,165.0
4,166.0,-0.562746524810791,0,0.001,,0.2868037492764569,0.005,0.4071409867351102,0,,"166, 346",IFSp,Area_IFSp,Inferior_Frontal,21.0,81.0,"1589, 1730",idx_L,166,166.0
4,167.0,1.3395172357559204,0,0.001,,0.09020117361838198,0.005,0.254931787431465,0,,"167, 347",p47r,Area_posterior_47r,Inferior_Frontal,21.0,171.0,"2133, 1761",idx_L,167,167.0
4,168.0,-1.4046040773391724,0,0.001,,0.08006952175660809,0.005,0.24815439567315178,0,,"168, 348",46,Area_46,Dorsolateral_Prefrontal,22.0,84.0,"4863, 4394",idx_L,168,168.0
4,169.0,-1.9413973093032837,0,0.001,,0.026105052211311083,0.005,0.12662278637958335,0,,"169, 349",8Ad,Area_8Ad,Dorsolateral_Prefrontal,22.0,68.0,"3386, 3492",idx_L,169,169.0
4,170.0,-1.4483444690704346,0,0.001,,0.07376036839905674,0.005,0.24815439567315178,0,,"170, 350",8Av,Area_8Av,Dorsolateral_Prefrontal,22.0,67.0,"4807, 5902",idx_L,170,170.0
4,171.0,0.553823709487915,0,0.001,,0.2898497502172514,0.005,0.4100313539658678,0,,"171, 351",8BL,Area_8B_Lateral,Dorsolateral_Prefrontal,22.0,70.0,"3377, 4078",idx_L,171,171.0
4,172.0,-1.0297553539276123,0,0.001,,0.15156243182358048,0.005,0.3179391201418612,0,,"172, 352",8C,Area_8C,Dorsolateral_Prefrontal,22.0,73.0,"4085, 3134",idx_L,172,172.0
4,173.0,-0.8389705419540405,0,0.001,,0.20074292022073714,0.005,0.3454349254853699,0,,"173, 353",9-46d,Area_9-46d,Dorsolateral_Prefrontal,22.0,86.0,"4534, 4666",idx_L,173,173.0
4,174.0,-0.4587896168231964,0,0.001,,0.3231926258676169,0.005,0.42464791618851927,0,,"174, 354",9a,Area_9_anterior,Dorsolateral_Prefrontal,22.0,87.0,"3706, 3048",idx_L,174,174.0
4,175.0,-1.1243762969970703,0,0.001,,0.1304267116012094,0.005,0.29255936414414924,0,,"175, 355",9p,Area_9_Posterior,Dorsolateral_Prefrontal,22.0,71.0,"3426, 2488",idx_L,175,175.0
4,176.0,-1.39065420627594,0,0.001,,0.08216515517063638,0.005,0.2504117249507729,0,,"176, 356",a9-46v,Area_anterior_9-46v,Dorsolateral_Prefrontal,22.0,85.0,"3314, 2628",idx_L,176,176.0
4,177.0,-2.41003155708313,0,0.001,,0.007975570374442789,0.005,0.06746003275049527,0,,"177, 357",i6-8,Inferior_6-8_Transitional_Area,Dorsolateral_Prefrontal,22.0,97.0,"1764, 2418",idx_L,177,177.0
4,178.0,-2.356454372406006,0,0.001,,0.009225167064488136,0.005,0.0706682609090978,0,,"178, 358",p9-46v,Area_posterior_9-46v,Dorsolateral_Prefrontal,22.0,83.0,"2871, 4635",idx_L,178,178.0
4,179.0,-2.3216443061828613,0,0.001,,0.010126048055696911,0.005,0.0734138484038026,0,,"179, 359",s6-8,Superior_6-8_Transitional_Area,Dorsolateral_Prefrontal,22.0,98.0,"1336, 2132",idx_L,179,179.0
4,180.0,0.4465254545211792,0,0.001,,0.32760886490367047,0.005,0.4249495180539623,0,,"180, 360",SFL,Superior_Frontal_Language_Area,Dorsolateral_Prefrontal,22.0,26.0,"3873, 3055",idx_L,180,180.0
4,181.0,-1.4777495861053467,0,0.001,,0.06973740836286012,0.005,0.24199476748137785,0,,"1, 181",V1,Primary_Visual_Cortex,Primary_Visual,1.0,1.0,"13,812, 13,406",idx_R,181,181.0
4,182.0,-1.2473112344741821,0,0.001,,0.10614169984702165,0.005,0.2710284914332754,0,,"2, 182",V2,Second_Visual_Area,Early_Visual,2.0,4.0,"9515, 9420",idx_R,182,182.0
4,183.0,-1.285351037979126,0,0.001,,0.09933482129280796,0.005,0.2601931448056776,0,,"3, 183",V3,Third_Visual_Area,Early_Visual,2.0,5.0,"7106, 7481",idx_R,183,183.0
4,184.0,-1.1537878513336182,0,0.001,,0.12429357803528701,0.005,0.2885746350870757,0,,"4, 184",V4,Fourth_Visual_Area,Early_Visual,2.0,6.0,"4782, 4537",idx_R,184,184.0
4,185.0,0.4334247410297394,0,0.001,,0.3323531148650655,0.005,0.42803264854623296,0,,"5, 185",IPS1,IntraParietal_Sulcus_Area_1,Dorsal_Stream_Visual,3.0,17.0,"1751, 1750",idx_R,185,185.0
4,186.0,-1.10477876663208,0,0.001,,0.13462773164356695,0.005,0.2976547630600566,0,,"6, 186",V3A,Area_V3A,Dorsal_Stream_Visual,3.0,13.0,"2191, 2212",idx_R,186,186.0
4,187.0,-1.2296470403671265,0,0.001,,0.10941465331627165,0.005,0.274212032385224,0,,"7, 187",V3B,Area_V3B,Dorsal_Stream_Visual,3.0,19.0,"639, 731",idx_R,187,187.0
4,188.0,-0.6677989959716797,0,0.001,,0.25213095378059425,0.005,0.3759499950937885,0,,"8, 188",V6,Sixth_Visual_Area,Dorsal_Stream_Visual,3.0,3.0,"1402, 1559",idx_R,188,188.0
4,189.0,-1.6358270645141602,0,0.001,,0.050937893003000306,0.005,0.2014752028892525,0,,"9, 189",V6A,Area_V6A,Dorsal_Stream_Visual,3.0,152.0,"904, 734",idx_R,189,189.0
4,190.0,-2.479907512664795,0,0.001,,0.006570823253879852,0.005,0.06052746672888557,0,,"10, 190",V7,Seventh_Visual_Area,Dorsal_Stream_Visual,3.0,16.0,"1005, 1041",idx_R,190,190.0
4,191.0,-2.030374526977539,0,0.001,,0.021159241955098624,0.005,0.11446854606991021,0,,"11, 191",FFC,Fusiform_Face_Complex,Ventral_Stream_Visual,4.0,18.0,"3848, 4402",idx_R,191,191.0
4,192.0,-0.7011660933494568,0,0.001,,0.24159968363821516,0.005,0.3705511950941448,0,,"12, 192",PIT,Posterior_InferoTemporal_complex,Ventral_Stream_Visual,4.0,22.0,"1392, 1386",idx_R,192,192.0
4,193.0,-0.1639169454574585,0,0.001,,0.43489826349382565,0.005,0.4695975930279075,0,,"13, 193",V8,Eighth_Visual_Area,Ventral_Stream_Visual,4.0,7.0,"1361, 1175",idx_R,193,193.0
4,194.0,-0.40591681003570557,0,0.001,,0.34240186311335485,0.005,0.4317240882733605,0,,"14, 194",VMV1,VentroMedial_Visual_Area_1,Ventral_Stream_Visual,4.0,153.0,"939, 1219",idx_R,194,194.0
4,195.0,-1.1891752481460571,0,0.001,,0.117185356213928,0.005,0.28140049744707446,0,,"15, 195",VMV2,VentroMedial_Visual_Area_2,Ventral_Stream_Visual,4.0,160.0,"639, 923",idx_R,195,195.0
4,196.0,-1.6248868703842163,0,0.001,,0.05209333315645328,0.005,0.2014752028892525,0,,"16, 196",VMV3,VentroMedial_Visual_Area_3,Ventral_Stream_Visual,4.0,154.0,"941, 1242",idx_R,196,196.0
4,197.0,-1.2252509593963623,0,0.001,,0.11024033975361286,0.005,0.2745863677298578,0,,"17, 197",VVC,Ventral_Visual_Complex,Ventral_Stream_Visual,4.0,163.0,"2487, 2753",idx_R,197,197.0
4,198.0,-0.6480908393859863,0,0.001,,0.25846309928777134,0.005,0.3802029648943303,0,,"18, 198",FST,Area_FST,MT + _Complex,5.0,157.0,"1324, 1683",idx_R,198,198.0
4,199.0,-0.2671860158443451,0,0.001,,0.3946629713147088,0.005,0.4539183182826396,0,,"19, 199",LO1,Area_Lateral_Occipital_1,MT + _Complex,5.0,20.0,"619, 909",idx_R,199,199.0
4,200.0,-0.4857740104198456,0,0.001,,0.31356370150922996,0.005,0.4181299187520332,0,,"20, 200",LO2,Area_Lateral_Occipital_2,MT + _Complex,5.0,21.0,"1179, 1062",idx_R,200,200.0
4,201.0,-0.8153114318847656,0,0.001,,0.20744703335571418,0.005,0.34919403667420973,0,,"21, 201",LO3,Area_Lateral_Occipital_3,MT + _Complex,5.0,159.0,"438, 915",idx_R,201,201.0
4,202.0,0.06324325501918793,0,0.001,,0.47478640058660326,0.005,0.48686645775188064,0,,"22, 202",MST,Medial_Superior_Temporal_Area,MT + _Complex,5.0,2.0,"794, 1036",idx_R,202,202.0
4,203.0,-1.2705323696136475,0,0.001,,0.10194753005343404,0.005,0.26532498206214244,0,,"23, 203",MT,Middle_Temporal_Area,MT + _Complex,5.0,23.0,"620, 1005",idx_R,203,203.0
4,204.0,-1.126498818397522,0,0.001,,0.1299772202245194,0.005,0.29255936414414924,0,,"24, 204",PH,Area_PH,MT + _Complex,5.0,138.0,"3453, 3205",idx_R,204,204.0
4,205.0,0.30694541335105896,0,0.001,,0.37944246078476845,0.005,0.449583692542244,0,,"25, 205",V3CD,Area_V3CD,MT + _Complex,5.0,158.0,"876, 1222",idx_R,205,205.0
4,206.0,-0.7887238264083862,0,0.001,,0.2151367194849917,0.005,0.35651227800370056,0,,"26, 206",V4t,Area_V4t,MT + _Complex,5.0,156.0,"1037, 1249",idx_R,206,206.0
4,207.0,-0.8771640062332153,0,0.001,,0.19019878162796416,0.005,0.3423156349794687,0,,"27, 207",1,Area_1,SomaSens_Motor,6.0,51.0,"6590, 5925",idx_R,207,207.0
4,208.0,-0.9423208236694336,0,0.001,,0.1730142050129566,0.005,0.32956172836177505,0,,"28, 208",2,Area_2,SomaSens_Motor,6.0,52.0,"4278, 4727",idx_R,208,208.0
4,209.0,-0.9845215678215027,0,0.001,,0.16242956611758752,0.005,0.3203034447032498,0,,"29, 209",3a,Area_3a,SomaSens_Motor,6.0,53.0,"2247, 2286",idx_R,209,209.0
4,210.0,-1.055361270904541,0,0.001,,0.1456300642886355,0.005,0.3119107600768874,0,,"30, 210",3b,Primary_Sensory_Cortex,SomaSens_Motor,6.0,9.0,"5451, 4350",idx_R,210,210.0
4,211.0,-0.8846160173416138,0,0.001,,0.18818188242218203,0.005,0.34107966189020494,0,,"31, 211",4,Primary_Motor_Cortex,SomaSens_Motor,6.0,8.0,"10,776, 10,254",idx_R,211,211.0
4,212.0,-0.2852668762207031,0,0.001,,0.38771984395712467,0.005,0.45104371531974957,0,,"32, 212",23c,Area_23c,ParaCentral_MidCing,7.0,38.0,"2259, 2498",idx_R,212,212.0
4,213.0,-1.2971426248550415,0,0.001,,0.0972910588506955,0.005,0.2581710450547867,0,,"33, 213",24dd,Dorsal_Area_24d,ParaCentral_MidCing,7.0,40.0,"2665, 2820",idx_R,213,213.0
4,214.0,-0.9144579172134399,0,0.001,,0.1802381404176686,0.005,0.3336406975660547,0,,"34, 214",24dv,Ventral_Area_24d,ParaCentral_MidCing,7.0,41.0,"1076, 1349",idx_R,214,214.0
4,215.0,-1.2479839324951172,0,0.001,,0.10601847068176556,0.005,0.2710284914332754,0,,"35, 215",5L,Area_5L,ParaCentral_MidCing,7.0,39.0,"2249, 2327",idx_R,215,215.0
4,216.0,-0.5147216320037842,0,0.001,,0.3033737774715325,0.005,0.41633651052826476,0,,"36, 216",5 m,Area_5m,ParaCentral_MidCing,7.0,36.0,"1483, 2079",idx_R,216,216.0
4,217.0,-0.4963363707065582,0,0.001,,0.3098285547736539,0.005,0.41790828318306805,0,,"37, 217",5mv,Area_5m_ventral,ParaCentral_MidCing,7.0,37.0,"1651, 1996",idx_R,217,217.0
4,218.0,-0.34409299492836,0,0.001,,0.3653881754280506,0.005,0.4456846411625634,0,,"38, 218",6ma,Area_6m_anterior,ParaCentral_MidCing,7.0,44.0,"3941, 4251",idx_R,218,218.0
4,219.0,-1.624771237373352,0,0.001,,0.052105655919634265,0.005,0.2014752028892525,0,,"39, 219",6mp,Area_6mp,ParaCentral_MidCing,7.0,55.0,"3701, 3105",idx_R,219,219.0
4,220.0,1.3843564987182617,0,0.001,,0.08312466101885702,0.005,0.2504117249507729,0,,"40, 220",SCEF,Supplementary_and_Cingulate_Eye_Field,ParaCentral_MidCing,7.0,43.0,"3500, 3371",idx_R,220,220.0
4,221.0,0.8874276876449585,0,0.001,,0.18742434113973816,0.005,0.34107966189020494,0,,"41, 221",55b,Area_55b,Premotor,8.0,12.0,"2422, 1537",idx_R,221,221.0
4,222.0,-1.053883671760559,0,0.001,,0.1459680896911542,0.005,0.3119107600768874,0,,"42, 222",6a,Area_6_anterior,Premotor,8.0,96.0,"4233, 3752",idx_R,222,222.0
4,223.0,0.22584722936153412,0,0.001,,0.41066012110654804,0.005,0.4605214720708142,0,,"43, 223",6d,Dorsal_area_6,Premotor,8.0,54.0,"2916, 2909",idx_R,223,223.0
4,224.0,1.689725399017334,0,0.001,,0.045540250867429875,0.005,0.19416440246721453,0,,"44, 224",6r,Rostral_Area_6,Premotor,8.0,78.0,"3029, 3981",idx_R,224,224.0
4,225.0,-1.1254364252090454,0,0.001,,0.1302020715265736,0.005,0.29255936414414924,0,,"45, 225",6v,Ventral_Area_6,Premotor,8.0,56.0,"2075, 2516",idx_R,225,225.0
4,226.0,2.127354621887207,0,0.001,,0.016695314752739384,0.005,0.09968084984723809,0,,"46, 226",FEF,Frontal_Eye_Fields,Premotor,8.0,10.0,"1787, 1889",idx_R,226,226.0
4,227.0,2.953638792037964,0,0.001,,0.0015702567658294826,0.005,0.02229266052818852,0,,"47, 227",PEF,Premotor_Eye_Field,Premotor,8.0,11.0,"1006, 1258",idx_R,227,227.0
4,228.0,-0.19328245520591736,0,0.001,,0.42336888298466546,0.005,0.4623188244235323,0,,"48, 228",43,Area_43,Posterior_Opercular,9.0,99.0,"1889, 1678",idx_R,228,228.0
4,229.0,1.6290923357009888,0,0.001,,0.0516467367376315,0.005,0.2014752028892525,0,,"49, 229",FOP1,Frontal_Opercular_Area_1,Posterior_Opercular,9.0,113.0,"879, 932",idx_R,229,229.0
4,230.0,-0.9769525527954102,0,0.001,,0.16429632130265837,0.005,0.32069378100422735,0,,"50, 230",OP1,Area_OP1-SII,Posterior_Opercular,9.0,101.0,"1275, 1072",idx_R,230,230.0
4,231.0,-1.2161006927490234,0,0.001,,0.11197328334559359,0.005,0.2761128744135195,0,,"51, 231",OP2-3,Area_OP2-3-VS,Posterior_Opercular,9.0,102.0,"943, 792",idx_R,231,231.0
4,232.0,0.5152624845504761,0,0.001,,0.303184805305878,0.005,0.41633651052826476,0,,"52, 232",OP4,Area_OP4-PV,Posterior_Opercular,9.0,100.0,"2332, 2409",idx_R,232,232.0
4,233.0,1.100035548210144,0,0.001,,0.1356583168428248,0.005,0.2976547630600566,0,,"53, 233",52,Area_52,Early_Auditory,10.0,103.0,"725, 580",idx_R,233,233.0
4,234.0,0.8619291186332703,0,0.001,,0.19436326209769073,0.005,0.3450260451752583,0,,"54, 234",A1,Primary_Auditory_Cortex,Early_Auditory,10.0,24.0,"1023, 796",idx_R,234,234.0
4,235.0,2.4724934101104736,0,0.001,,0.006708709366502095,0.005,0.06052746672888557,0,,"55, 235",LBelt,Lateral_Belt_Complex,Early_Auditory,10.0,174.0,"820, 901",idx_R,235,235.0
4,236.0,0.5757837891578674,0,0.001,,0.28238066605011236,0.005,0.4022685979520899,0,,"56, 236",MBelt,Medial_Belt_Complex,Early_Auditory,10.0,173.0,"1242, 1236",idx_R,236,236.0
4,237.0,3.627241611480713,1,0.001,+,0.00014323260608156457,0.005,0.0034207316511244245,1,+,"57, 237",PBelt,ParaBelt_Complex,Early_Auditory,10.0,124.0,"1719, 1439",idx_R,237,237.0
4,238.0,0.2521224915981293,0,0.001,,0.40047319280641075,0.005,0.4561009571479111,0,,"58, 238",PFcm,Area_PFcm,Early_Auditory,10.0,105.0,"1486, 1485",idx_R,238,238.0
4,239.0,2.412079334259033,0,0.001,,0.007930914837552353,0.005,0.06746003275049527,0,,"59, 239",RI,RetroInsular_Cortex,Early_Auditory,10.0,104.0,"1149, 1334",idx_R,239,239.0
4,240.0,5.856588363647461,1,0.001,+,2.3623612578436985e-09,0.005,4.795593353422708e-07,1,+,"60, 240",A4,Auditory_4_Complex,Auditory_Association,11.0,175.0,"3514, 3610",idx_R,240,240.0
4,241.0,4.64827823638916,1,0.001,+,1.673586096065012e-06,0.005,0.00013589519100047897,1,+,"61, 241",A5,Auditory_5_Complex,Auditory_Association,11.0,125.0,"3346, 3881",idx_R,241,241.0
4,242.0,4.413907051086426,1,0.001,+,5.076078022123582e-06,0.005,0.00022898751966468603,1,+,"62, 242",STGa,Area_STGa,Auditory_Association,11.0,123.0,"2509, 2187",idx_R,242,242.0
4,243.0,2.5104658603668213,0,0.001,,0.0060285990054685275,0.005,0.05969783405415176,0,,"63, 243",STSda,Area_STSd_anterior,Auditory_Association,11.0,128.0,"1944, 2389",idx_R,243,243.0
4,244.0,6.682125568389893,1,0.001,+,1.1775054756930362e-11,0.005,4.780672231313727e-09,1,+,"64, 244",STSdp,Area_STSd_posterior,Auditory_Association,11.0,129.0,"1994, 2605",idx_R,244,244.0
4,245.0,-0.4609120786190033,0,0.001,,0.3224308427930481,0.005,0.42464791618851927,0,,"65, 245",STSva,Area_STSv_anterior,Auditory_Association,11.0,176.0,"1694, 1900",idx_R,245,245.0
4,246.0,3.313074827194214,1,0.001,+,0.0004613814429091975,0.005,0.009858992937954432,0,,"66, 246",STSvp,Area_STSv_posterior,Auditory_Association,11.0,130.0,"2898, 2515",idx_R,246,246.0
4,247.0,4.871365070343018,1,0.001,+,5.541491951607934e-07,0.005,5.624614330882053e-05,1,+,"67, 247",TA2,Area_TA2,Auditory_Association,11.0,107.0,"1518, 1726",idx_R,247,247.0
4,248.0,0.30304428935050964,0,0.001,,0.38092805476485697,0.005,0.449583692542244,0,,"68, 248",AAIC,Anterior_Agranular_Insula_Complex,Insula_FrontalOperc,12.0,112.0,"1859, 1691",idx_R,248,248.0
4,249.0,-0.6777201294898987,0,0.001,,0.2489745804512743,0.005,0.373321147751021,0,,"69, 249",AVI,Anterior_Ventral_Insular_Area,Insula_FrontalOperc,12.0,111.0,"1446, 1792",idx_R,249,249.0
4,250.0,-1.324621319770813,0,0.001,,0.09264839053474955,0.005,0.254931787431465,0,,"70, 250",FOP2,Frontal_Opercular_Area_2,Insula_FrontalOperc,12.0,115.0,"750, 720",idx_R,250,250.0
4,251.0,-0.35930782556533813,0,0.001,,0.3596824103715748,0.005,0.4446027905605405,0,,"71, 251",FOP3,Frontal_Opercular_Area_3,Insula_FrontalOperc,12.0,114.0,"754, 614",idx_R,251,251.0
4,252.0,1.0419059991836548,0,0.001,,0.14872763123346855,0.005,0.31544899857109215,0,,"72, 252",FOP4,Frontal_Opercular_Area_4,Insula_FrontalOperc,12.0,108.0,"2522, 1678",idx_R,252,252.0
4,253.0,2.387664794921875,0,0.001,,0.008477899526155307,0.005,0.06764836774793458,0,,"73, 253",FOP5,Area_Frontal_Opercular_5,Insula_FrontalOperc,12.0,169.0,"1297, 1365",idx_R,253,253.0
4,254.0,-2.0228142738342285,0,0.001,,0.021546149741949742,0.005,0.11446854606991021,0,,"74, 254",Ig,Insular_Granular_Complex,Insula_FrontalOperc,12.0,168.0,"841, 1077",idx_R,254,254.0
4,255.0,0.8547236323356628,0,0.001,,0.19635208217211825,0.005,0.3454349254853699,0,,"75, 255",MI,Middle_Insular_Area,Insula_FrontalOperc,12.0,109.0,"2102, 1960",idx_R,255,255.0
4,256.0,2.2160651683807373,0,0.001,,0.013343519657286484,0.005,0.08464795282591113,0,,"76, 256",PI,Para-Insular_Area,Insula_FrontalOperc,12.0,178.0,"1033, 1058",idx_R,256,256.0
4,257.0,1.8324670791625977,0,0.001,,0.03344093107511197,0.005,0.15255076423028607,0,,"77, 257",Pir,Pirform_Cortex,Insula_FrontalOperc,12.0,110.0,"2287, 1856",idx_R,257,257.0
4,258.0,3.1090428829193115,1,0.001,+,0.0009384723699875429,0.005,0.01656607748760619,0,,"78, 258",PoI1,Area_Posterior_Insular_1,Insula_FrontalOperc,12.0,167.0,"1811, 1835",idx_R,258,258.0
4,259.0,0.378048300743103,0,0.001,,0.35269735654960443,0.005,0.4419602677751216,0,,"79, 259",PoI2,Posterior_Insular_Area_2,Insula_FrontalOperc,12.0,106.0,"2747, 2675",idx_R,259,259.0
4,260.0,-0.41362082958221436,0,0.001,,0.3395759080644315,0.005,0.43096786130660675,0,,"80, 260",H,Hippocampus,Medial_Temporal,13.0,120.0,"4283, 3626",idx_R,260,260.0
4,261.0,-0.45101338624954224,0,0.001,,0.32598995057627156,0.005,0.4249495180539623,0,,"81, 261",PreS,PreSubiculum,Medial_Temporal,13.0,119.0,"1817, 1558",idx_R,261,261.0
4,262.0,-0.9867786765098572,0,0.001,,0.16187557518975554,0.005,0.3203034447032498,0,,"82, 262",EC,Entorhinal_Cortex,Medial_Temporal,13.0,118.0,"2127, 2110",idx_R,262,262.0
4,263.0,-2.98734974861145,0,0.001,,0.0014070379115901192,0.005,0.021971438157907246,0,,"83, 263",PeEc,Perirhinal_Ectorhinal_Cortex,Medial_Temporal,13.0,122.0,"4826, 4755",idx_R,263,263.0
4,264.0,-3.020482063293457,0,0.001,,0.0012618632783269633,0.005,0.02049265964002988,0,,"84, 264",TF,Area_TF,Medial_Temporal,13.0,135.0,"3986, 4752",idx_R,264,264.0
4,265.0,-2.0142529010772705,0,0.001,,0.021991494072544325,0.005,0.11446854606991021,0,,"85, 265",PHA1,ParaHippocampal_Area_1,Medial_Temporal,13.0,126.0,"1281, 1168",idx_R,265,265.0
4,266.0,-0.8098946213722229,0,0.001,,0.20900037170402208,0.005,0.34919403667420973,0,,"86, 266",PHA2,ParaHippocampal_Area_2,Medial_Temporal,13.0,155.0,"783, 771",idx_R,266,266.0
4,267.0,-2.0250513553619385,0,0.001,,0.021431045577136567,0.005,0.11446854606991021,0,,"87, 267",PHA3,ParaHippocampal_Area_3,Medial_Temporal,13.0,127.0,"2023, 1122",idx_R,267,267.0
4,268.0,2.3859145641326904,0,0.001,,0.008518354213505205,0.005,0.06764836774793458,0,,"88, 268",PHT,Area_PHT,Lateral_Temporal,14.0,137.0,"4182, 3410",idx_R,268,268.0
4,269.0,-0.2741120457649231,0,0.001,,0.3919992585347588,0.005,0.4534236437752481,0,,"89, 269",TE1a,Area_TE1_anterior,Lateral_Temporal,14.0,132.0,"5227, 4180",idx_R,269,269.0
4,270.0,0.22657056152820587,0,0.001,,0.41037884275360825,0.005,0.4605214720708142,0,,"90, 270",TE1m,Area_TE1_Middle,Lateral_Temporal,14.0,177.0,"3339, 3429",idx_R,270,270.0
4,271.0,1.5537023544311523,0,0.001,,0.06012771560849842,0.005,0.22192593215500325,0,,"91, 271",TE1p,Area_TE1_posterior,Lateral_Temporal,14.0,133.0,"7116, 6010",idx_R,271,271.0
4,272.0,-0.48571568727493286,0,0.001,,0.31358437984247506,0.005,0.4181299187520332,0,,"92, 272",TE2a,Area_TE2_anterior,Lateral_Temporal,14.0,134.0,"5691, 5753",idx_R,272,272.0
4,273.0,0.1573229879140854,0,0.001,,0.43749515205448253,0.005,0.46968137275468536,0,,"93, 273",TE2p,Area_TE2_posterior,Lateral_Temporal,14.0,136.0,"4115, 3040",idx_R,273,273.0
4,274.0,0.9595760107040405,0,0.001,,0.1686343236875188,0.005,0.3275862938618786,0,,"94, 274",TGd,Area_TG_dorsal,Lateral_Temporal,14.0,131.0,"10,192, 10,269",idx_R,274,274.0
4,275.0,0.6564415693283081,0,0.001,,0.25577002567048346,0.005,0.37898770227086237,0,,"95, 275",TGv,Area_TG_Ventral,Lateral_Temporal,14.0,172.0,"3694, 4515",idx_R,275,275.0
4,276.0,4.42293119430542,1,0.001,+,4.868537902955707e-06,0.005,0.00022898751966468603,1,+,"96, 276",PSL,PeriSylvian_Language_Area,TPO,15.0,25.0,"2154, 2759",idx_R,276,276.0
4,277.0,4.535409450531006,1,0.001,+,2.874592020668599e-06,0.005,0.00019451406006524188,1,+,"97, 277",STV,Superior_Temporal_Visual_Area,TPO,15.0,28.0,"2322, 2294",idx_R,277,277.0
4,278.0,5.382115840911865,1,0.001,+,3.6807681503986075e-08,0.005,4.981306230206116e-06,1,+,"98, 278",TPOJ1,Area_TemporoParietoOccipital_Junction_1,TPO,15.0,139.0,"2102, 3938",idx_R,278,278.0
4,279.0,1.0399659872055054,0,0.001,,0.1491778515410091,0.005,0.31544899857109215,0,,"99, 279",TPOJ2,Area_TemporoParietoOccipital_Junction_2,TPO,15.0,140.0,"1930, 2068",idx_R,279,279.0
4,280.0,-2.0179214477539062,0,0.001,,0.021799721471684814,0.005,0.11446854606991021,0,,"100, 280",TPOJ3,Area_TemporoParietoOccipital_Junction_3,TPO,15.0,141.0,"1290, 1277",idx_R,280,280.0
4,281.0,-1.8144335746765137,0,0.001,,0.0348055003246305,0.005,0.15701147924222203,0,,"101, 281",7AL,Lateral_Area_7A,Superior_Parietal,16.0,42.0,"2134, 2030",idx_R,281,281.0
4,282.0,-1.323701024055481,0,0.001,,0.09280117911492775,0.005,0.254931787431465,0,,"102, 282",7Am,Medial_Area_7A,Superior_Parietal,16.0,45.0,"2995, 2379",idx_R,282,282.0
4,283.0,-1.5179188251495361,0,0.001,,0.06451743180817582,0.005,0.23387569030463734,0,,"103, 283",7PC,Area_7PC,Superior_Parietal,16.0,47.0,"3151, 3415",idx_R,283,283.0
4,284.0,-1.2994765043258667,0,0.001,,0.0968902258311179,0.005,0.2581710450547867,0,,"104, 284",7Pl,Lateral_Area_7P,Superior_Parietal,16.0,46.0,"1695, 1363",idx_R,284,284.0
4,285.0,-1.3356914520263672,0,0.001,,0.09082507223361208,0.005,0.254931787431465,0,,"105, 285",7Pm,Medial_Area_7P,Superior_Parietal,16.0,29.0,"1601, 1308",idx_R,285,285.0
4,286.0,-0.5807746052742004,0,0.001,,0.2806961862236632,0.005,0.4022685979520899,0,,"106, 286",AIP,Anterior_IntraParietal_Area,Superior_Parietal,16.0,117.0,"1999, 2542",idx_R,286,286.0
4,287.0,-0.1948794424533844,0,0.001,,0.4227436640898896,0.005,0.4623188244235323,0,,"107, 287",LIPd,Area_Lateral_IntraParietal_dorsal,Superior_Parietal,16.0,95.0,"1008, 869",idx_R,287,287.0
4,288.0,0.4688115417957306,0,0.001,,0.31960217464403934,0.005,0.42404732975647047,0,,"108, 288",LIPv,Area_Lateral_IntraParietal_ventral,Superior_Parietal,16.0,48.0,"1681, 1783",idx_R,288,288.0
4,289.0,-0.3578738272190094,0,0.001,,0.3602188690667667,0.005,0.4446027905605405,0,,"109, 289",MIP,Medial_IntraParietal_Area,Superior_Parietal,16.0,50.0,"1872, 2403",idx_R,289,289.0
4,290.0,-2.3463592529296875,0,0.001,,0.0094789123789925,0.005,0.07115828268522856,0,,"110, 290",VIP,Ventral_IntraParietal_Complex,Superior_Parietal,16.0,49.0,"1890, 1577",idx_R,290,290.0
4,291.0,-1.408857822418213,0,0.001,,0.07943860666547398,0.005,0.24815439567315178,0,,"111, 291",IP0,Area_IntraParietal_0,Inferior_Parietal,17.0,146.0,"1203, 1239",idx_R,291,291.0
4,292.0,-0.52959805727005,0,0.001,,0.2981953208043133,0.005,0.41633651052826476,0,,"112, 292",IP1,Area_IntraParietal_1,Inferior_Parietal,17.0,145.0,"1692, 1632",idx_R,292,292.0
4,293.0,0.13148871064186096,0,0.001,,0.4476943583202887,0.005,0.4708909571969876,0,,"113, 293",IP2,Area_IntraParietal_2,Inferior_Parietal,17.0,144.0,"2102, 1861",idx_R,293,293.0
4,294.0,0.1589086651802063,0,0.001,,0.4368704168109565,0.005,0.46968137275468536,0,,"114, 294",PF,Area_PF_Complex,Inferior_Parietal,17.0,148.0,"5457, 5251",idx_R,294,294.0
4,295.0,1.3229211568832397,0,0.001,,0.09293079935925325,0.005,0.254931787431465,0,,"115, 295",PFm,Area_PFm_Complex,Inferior_Parietal,17.0,149.0,"8220, 8141",idx_R,295,295.0
4,296.0,-0.3412770628929138,0,0.001,,0.3664475068377405,0.005,0.4456846411625634,0,,"116, 296",PFop,Area_PF_Opercular,Inferior_Parietal,17.0,147.0,"1797, 1783",idx_R,296,296.0
4,297.0,-0.4558492600917816,0,0.001,,0.3242491892601891,0.005,0.4246618414181831,0,,"117, 297",PFt,Area_PFt,Inferior_Parietal,17.0,116.0,"1983, 2039",idx_R,297,297.0
4,298.0,-0.31025034189224243,0,0.001,,0.3781852952872749,0.005,0.449583692542244,0,,"118, 298",PGi,Area_PGi,Inferior_Parietal,17.0,150.0,"4791, 4970",idx_R,298,298.0
4,299.0,-0.07696384936571121,0,0.001,,0.4693261518302835,0.005,0.48485093547861347,0,,"119, 299",PGp,Area_PGp,Inferior_Parietal,17.0,143.0,"2501, 3740",idx_R,299,299.0
4,300.0,0.3352390229701996,0,0.001,,0.368722393683176,0.005,0.44686952786677453,0,,"120, 300",PGs,Area_PGs,Inferior_Parietal,17.0,151.0,"4552, 3366",idx_R,300,300.0
4,301.0,0.039687104523181915,0,0.001,,0.4841712913388653,0.005,0.4877755441279883,0,,"121, 301",23d,Area_23d,Posterior_Cingulate,18.0,32.0,"1261, 1513",idx_R,301,301.0
4,302.0,0.18027977645397186,0,0.001,,0.4284664657993471,0.005,0.46512669816720564,0,,"122, 302",31a,Area_31a,Posterior_Cingulate,18.0,162.0,"1260, 1116",idx_R,302,302.0
4,303.0,0.12062862515449524,0,0.001,,0.45199259740237757,0.005,0.47296132614784875,0,,"123, 303",31pd,Area_31pd,Posterior_Cingulate,18.0,161.0,"1428, 864",idx_R,303,303.0
4,304.0,1.018281102180481,0,0.001,,0.154272193298444,0.005,0.3179391201418612,0,,"124, 304",31pv,Area_31p_ventral,Posterior_Cingulate,18.0,35.0,"950, 1022",idx_R,304,304.0
4,305.0,-1.5841188430786133,0,0.001,,0.05658333855867594,0.005,0.212711439396504,0,,"125, 305",7 m,Area_7m,Posterior_Cingulate,18.0,30.0,"2128, 2067",idx_R,305,305.0
4,306.0,1.2040740251541138,0,0.001,,0.11428048420495368,0.005,0.27617783682863806,0,,"126, 306",d23ab,Area_dorsal_23_a + b,Posterior_Cingulate,18.0,34.0,"1607, 1106",idx_R,306,306.0
4,307.0,0.8199203610420227,0,0.001,,0.20613075432558065,0.005,0.34919403667420973,0,,"127, 307",DVT,Dorsal_Transitional_Visual_Area,Posterior_Cingulate,18.0,142.0,"1806, 2176",idx_R,307,307.0
4,308.0,-1.0836353302001953,0,0.001,,0.13926325975356713,0.005,0.30235766556122057,0,,"128, 308",PCV,PreCuneus_Visual_Area,Posterior_Cingulate,18.0,27.0,"2245, 2416",idx_R,308,308.0
4,309.0,-0.7918297052383423,0,0.001,,0.2142299895731236,0.005,0.35646465478150896,0,,"129, 309",POS1,Parieto-Occipital_Sulcus_Area_1,Posterior_Cingulate,18.0,31.0,"2531, 2727",idx_R,309,309.0
4,310.0,-0.5002645254135132,0,0.001,,0.3084444146594833,0.005,0.41760913263751026,0,,"130, 310",POS2,Parieto-Occipital_Sulcus_Area_2,Posterior_Cingulate,18.0,15.0,"3261, 3093",idx_R,310,310.0
4,311.0,0.5782469511032104,0,0.001,,0.2815487021282818,0.005,0.4022685979520899,0,,"131, 311",ProS,ProStriate_Area,Posterior_Cingulate,18.0,121.0,"1222, 1055",idx_R,311,311.0
4,312.0,1.4370646476745605,0,0.001,,0.07534981259140014,0.005,0.24815439567315178,0,,"132, 312",RSC,RetroSplenial_Complex,Posterior_Cingulate,18.0,14.0,"2830, 3067",idx_R,312,312.0
4,313.0,-0.775183379650116,0,0.001,,0.21911565387512277,0.005,0.3575704568127869,0,,"133, 313",v23ab,Area_ventral_23_a + b,Posterior_Cingulate,18.0,33.0,"916, 1089",idx_R,313,313.0
4,314.0,0.9396058917045593,0,0.001,,0.17370987652566466,0.005,0.32956172836177505,0,,"134, 314",10r,Area_10r,AntCing_MedPFC,19.0,65.0,"1589, 1053",idx_R,314,314.0
4,315.0,1.2416068315505981,0,0.001,,0.10719082999222068,0.005,0.27199673110526,0,,"135, 315",10v,Area_10v,AntCing_MedPFC,19.0,88.0,"3906, 2667",idx_R,315,315.0
4,316.0,1.0231833457946777,0,0.001,,0.1531105828580725,0.005,0.3179391201418612,0,,"136, 316",25,Area_25,AntCing_MedPFC,19.0,164.0,"1911, 2135",idx_R,316,316.0
4,317.0,0.7003248333930969,0,0.001,,0.24186223325110434,0.005,0.3705511950941448,0,,"137, 317",33pr,Area_33_prime,AntCing_MedPFC,19.0,58.0,"1354, 1316",idx_R,317,317.0
4,318.0,-0.0537637397646904,0,0.001,,0.47856169959566697,0.005,0.48686645775188064,0,,"138, 318",8BM,Area_8BM,AntCing_MedPFC,19.0,63.0,"3122, 3436",idx_R,318,318.0
4,319.0,0.7756837010383606,0,0.001,,0.21896788290982755,0.005,0.3575704568127869,0,,"139, 319",9 m,Area_9_Middle,AntCing_MedPFC,19.0,69.0,"6338, 5881",idx_R,319,319.0
4,320.0,0.9825986623764038,0,0.001,,0.1629025015088464,0.005,0.3203034447032498,0,,"140, 320",a24,Area_a24,AntCing_MedPFC,19.0,61.0,"2085, 2152",idx_R,320,320.0
4,321.0,-0.32203683257102966,0,0.001,,0.37371239563113356,0.005,0.449583692542244,0,,"141, 321",a24pr,Anterior_24_prime,AntCing_MedPFC,19.0,59.0,"1095, 1474",idx_R,321,321.0
4,322.0,-1.160156011581421,0,0.001,,0.12299264643089186,0.005,0.2885746350870757,0,,"142, 322",a32pr,Area_anterior_32_prime,AntCing_MedPFC,19.0,179.0,"1759, 1118",idx_R,322,322.0
4,323.0,0.29797598719596863,0,0.001,,0.38286074551357996,0.005,0.4502861459748907,0,,"143, 323",d32,Area_dorsal_32,AntCing_MedPFC,19.0,62.0,"2228, 2374",idx_R,323,323.0
4,324.0,-1.0562019348144531,0,0.001,,0.1454379835067926,0.005,0.3119107600768874,0,,"144, 324",p24,Area_posterior_24,AntCing_MedPFC,19.0,180.0,"2394, 2442",idx_R,324,324.0
4,325.0,0.2594432830810547,0,0.001,,0.39764661878459867,0.005,0.45605798651566964,0,,"145, 325",p24pr,Area_Posterior_24_prime,AntCing_MedPFC,19.0,57.0,"1422, 1724",idx_R,325,325.0
4,326.0,0.06258674710988998,0,0.001,,0.47504779150059717,0.005,0.48686645775188064,0,,"146, 326",p32,Area_p32,AntCing_MedPFC,19.0,64.0,"1180, 1765",idx_R,326,326.0
4,327.0,0.00520965876057744,0,0.001,,0.4979216562551763,0.005,0.4979216562551763,0,,"147, 327",p32pr,Area_p32_prime,AntCing_MedPFC,19.0,60.0,"1569, 1305",idx_R,327,327.0
4,328.0,2.255664110183716,0,0.001,,0.01204583743160634,0.005,0.07998330950208994,0,,"148, 328",pOFC,Posterior_OFC_Complex,AntCing_MedPFC,19.0,166.0,"2486, 2836",idx_R,328,328.0
4,329.0,1.9398688077926636,0,0.001,,0.026197817871637934,0.005,0.12662278637958335,0,,"149, 329",s32,Area_s32,AntCing_MedPFC,19.0,165.0,"604, 1015",idx_R,329,329.0
4,330.0,0.5113258957862854,0,0.001,,0.3045614375046666,0.005,0.41633651052826476,0,,"150, 330",10d,Area_10d,OrbPolaFrontal,20.0,72.0,"3644, 3096",idx_R,330,330.0
4,331.0,-2.25032377243042,0,0.001,,0.012214199973225558,0.005,0.07998330950208994,0,,"151, 331",10 pp,Polar_10p,OrbPolaFrontal,20.0,90.0,"1997, 2487",idx_R,331,331.0
4,332.0,0.9854702353477478,0,0.001,,0.1621965724212902,0.005,0.3203034447032498,0,,"152, 332",11 l,Area_11l,OrbPolaFrontal,20.0,91.0,"3531, 3793",idx_R,332,332.0
4,333.0,1.3308249711990356,0,0.001,,0.09162330467646568,0.005,0.254931787431465,0,,"153, 333",13 l,Area_13l,OrbPolaFrontal,20.0,92.0,"2429, 1757",idx_R,333,333.0
4,334.0,-0.8111301064491272,0,0.001,,0.20864547909081077,0.005,0.34919403667420973,0,,"154, 334",47 m,Area_47m,OrbPolaFrontal,20.0,66.0,"799, 781",idx_R,334,334.0
4,335.0,1.5097297430038452,0,0.001,,0.06555619930991193,0.005,0.23553820283030302,0,,"155, 335",47 s,Area_47s,OrbPolaFrontal,20.0,94.0,"2795, 3080",idx_R,335,335.0
4,336.0,-1.61665940284729,0,0.001,,0.052975910838881896,0.005,0.2029077339677929,0,,"156, 336",a10p,Area_anterior_10p,OrbPolaFrontal,20.0,89.0,"1964, 1748",idx_R,336,336.0
4,337.0,2.8108270168304443,0,0.001,,0.00247071724799692,0.005,0.030442401610059594,0,,"157, 337",OFC,Orbital_Frontal_Complex,OrbPolaFrontal,20.0,93.0,"4560, 5232",idx_R,337,337.0
4,338.0,-0.8941797018051147,0,0.001,,0.18561287540132426,0.005,0.3394541775357552,0,,"158, 338",p10p,Area_posterior_10p,OrbPolaFrontal,20.0,170.0,"2116, 2365",idx_R,338,338.0
4,339.0,3.857970952987671,1,0.001,+,5.7166115757360573e-05,0.005,0.0017853417690375686,1,+,"159, 339",44,Area_44,Inferior_Frontal,21.0,74.0,"2435, 2589",idx_R,339,339.0
4,340.0,4.24804162979126,1,0.001,+,1.0782366450974438e-05,0.005,0.0003979673435541474,1,+,"160, 340",45,Area_45,Inferior_Frontal,21.0,75.0,"3762, 2962",idx_R,340,340.0
4,341.0,1.2609128952026367,0,0.001,,0.10367011583814495,0.005,0.2680895989190245,0,,"161, 341",47 l,Area_47l_(47_lateral),Inferior_Frontal,21.0,76.0,"2527, 2592",idx_R,341,341.0
4,342.0,1.411919116973877,0,0.001,,0.07898688906890505,0.005,0.24815439567315178,0,,"162, 342",a47r,Area_anterior_47r,Inferior_Frontal,21.0,77.0,"4167, 3763",idx_R,342,342.0
4,343.0,1.3269662857055664,0,0.001,,0.09225991772066872,0.005,0.254931787431465,0,,"163, 343",IFJa,Area_IFJa,Inferior_Frontal,21.0,79.0,"1513, 1405",idx_R,343,343.0
4,344.0,0.7592304348945618,0,0.001,,0.22385736146297458,0.005,0.3578192470628649,0,,"164, 344",IFJp,Area_IFJp,Inferior_Frontal,21.0,80.0,"960, 740",idx_R,344,344.0
4,345.0,3.7023403644561768,1,0.001,+,0.00010680988564001109,0.005,0.0028909875713229666,1,+,"165, 345",IFSa,Area_IFSa,Inferior_Frontal,21.0,82.0,"2057, 2641",idx_R,345,345.0
4,346.0,1.6034605503082275,0,0.001,,0.05441650603314588,0.005,0.2064775836397872,0,,"166, 346",IFSp,Area_IFSp,Inferior_Frontal,21.0,81.0,"1589, 1730",idx_R,346,346.0
4,347.0,1.9759165048599243,0,0.001,,0.024082117273269952,0.005,0.12270756195553381,0,,"167, 347",p47r,Area_posterior_47r,Inferior_Frontal,21.0,171.0,"2133, 1761",idx_R,347,347.0
4,348.0,-0.8387860655784607,0,0.001,,0.2007946857501165,0.005,0.3454349254853699,0,,"168, 348",46,Area_46,Dorsolateral_Prefrontal,22.0,84.0,"4863, 4394",idx_R,348,348.0
4,349.0,-2.4918878078460693,0,0.001,,0.006353308351528117,0.005,0.06052746672888557,0,,"169, 349",8Ad,Area_8Ad,Dorsolateral_Prefrontal,22.0,68.0,"3386, 3492",idx_R,349,349.0
4,350.0,-0.7227312922477722,0,0.001,,0.23492249328088316,0.005,0.365678087631289,0,,"170, 350",8Av,Area_8Av,Dorsolateral_Prefrontal,22.0,67.0,"4807, 5902",idx_R,350,350.0
4,351.0,-0.28595682978630066,0,0.001,,0.38745559314914435,0.005,0.45104371531974957,0,,"171, 351",8BL,Area_8B_Lateral,Dorsolateral_Prefrontal,22.0,70.0,"3377, 4078",idx_R,351,351.0
4,352.0,0.5045426487922668,0,0.001,,0.30694004998623714,0.005,0.41760913263751026,0,,"172, 352",8C,Area_8C,Dorsolateral_Prefrontal,22.0,73.0,"4085, 3134",idx_R,352,352.0
4,353.0,-1.685866117477417,0,0.001,,0.045910794672050725,0.005,0.19416440246721453,0,,"173, 353",9-46d,Area_9-46d,Dorsolateral_Prefrontal,22.0,86.0,"4534, 4666",idx_R,353,353.0
4,354.0,-0.22950133681297302,0,0.001,,0.40923964086354014,0.005,0.4605214720708142,0,,"174, 354",9a,Area_9_anterior,Dorsolateral_Prefrontal,22.0,87.0,"3706, 3048",idx_R,354,354.0
4,355.0,-0.7665928602218628,0,0.001,,0.2216618109057124,0.005,0.3575704568127869,0,,"175, 355",9p,Area_9_Posterior,Dorsolateral_Prefrontal,22.0,71.0,"3426, 2488",idx_R,355,355.0
4,356.0,-0.7465153932571411,0,0.001,,0.2276780681797071,0.005,0.36249919874886694,0,,"176, 356",a9-46v,Area_anterior_9-46v,Dorsolateral_Prefrontal,22.0,85.0,"3314, 2628",idx_R,356,356.0
4,357.0,-1.3881685733795166,0,0.001,,0.08254285972735353,0.005,0.2504117249507729,0,,"177, 357",i6-8,Inferior_6-8_Transitional_Area,Dorsolateral_Prefrontal,22.0,97.0,"1764, 2418",idx_R,357,357.0
4,358.0,0.1951698213815689,0,0.001,,0.4226300018913442,0.005,0.4623188244235323,0,,"178, 358",p9-46v,Area_posterior_9-46v,Dorsolateral_Prefrontal,22.0,83.0,"2871, 4635",idx_R,358,358.0
4,359.0,-1.1504238843917847,0,0.001,,0.12498466374256595,0.005,0.2885746350870757,0,,"179, 359",s6-8,Superior_6-8_Transitional_Area,Dorsolateral_Prefrontal,22.0,98.0,"1336, 2132",idx_R,359,359.0
4,360.0,1.9696602821350098,0,0.001,,0.02443865891625758,0.005,0.12270756195553381,0,,"180, 360",SFL,Superior_Frontal_Language_Area,Dorsolateral_Prefrontal,22.0,26.0,"3873, 3055",idx_R,360,360.0
4,361.0,0.020373519510030746,0,0.001,,0.49187270391750004,0.005,0.49430771730323025,0,,"361, 394",AV,Thalamus: Anteroventral Nucleus,,,,"256, 280",idx_L,361,361.0
4,362.0,-0.2159525454044342,0,0.001,,0.4145123689958277,0.005,0.4605214720708142,0,,"362, 395",CeM,Thalamus: Central medial,,,,"96, 88",idx_L,362,362.0
4,363.0,0.35683587193489075,0,0.001,,0.360607339929383,0.005,0.4446027905605405,0,,"363, 396",CL,Thalamus: Central lateral,,,,"16, 16",idx_L,363,363.0
4,366.0,-0.013622180558741093,0,0.001,,0.49456570429247204,0.005,0.49578685417961393,0,,"366, 399",LGN,Thalamus: Lateral Geniculate,,,,"328, 256",idx_L,366,366.0
4,367.0,0.7627005577087402,0,0.001,,0.2228209989498401,0.005,0.3575704568127869,0,,"367, 400",LP,Thalamus: Lateral Posterior,,,,"256, 264",idx_L,367,367.0
4,368.0,-2.155170440673828,0,0.001,,0.015574249558490504,0.005,0.09727915878072531,0,,"368, 401",L-Sg,Thalamus: Limitans Suprageniculate,,,,"32, 16",idx_L,368,368.0
4,369.0,-1.3115179538726807,0,0.001,,0.09484141602694568,0.005,0.2581710450547867,0,,"369, 402",MDl,Thalamus: Mediodorsolateral parvocellular,,,,"328, 320",idx_L,369,369.0
4,370.0,0.18977892398834229,0,0.001,,0.42474118598516636,0.005,0.4623188244235323,0,,"370, 403",MDm,Thalamus: Mediodorsomedial magnocellular,,,,"1104, 1192",idx_L,370,370.0
4,371.0,1.3649754524230957,0,0.001,,0.08613038273943885,0.005,0.25339808255226215,0,,"371, 404",MGN,Thalamus: Medial Geniculate,,,,"160, 168",idx_L,371,371.0
4,372.0,0.1685967594385147,0,0.001,,0.43305691483386627,0.005,0.46885628646013255,0,,"372, 405",MV(Re),Thalamus: Reuniens,,,,"8, 8",idx_L,372,372.0
4,374.0,0.04299931600689888,0,0.001,,0.4828510395491283,0.005,0.487655527504841,0,,"374, 407",PuA,Thalamus: Pulvinar anterior,,,,"320, 280",idx_L,374,374.0
4,375.0,-0.9869005680084229,0,0.001,,0.1618456928835435,0.005,0.3203034447032498,0,,"375, 408",PuI,Thalamus: Pulvinar inferior,,,,"336, 280",idx_L,375,375.0
4,376.0,-0.14318051934242249,0,0.001,,0.4430738073030653,0.005,0.46968137275468536,0,,"376, 409",PuL,Thalamus: Pulvinar lateral,,,,"304, 256",idx_L,376,376.0
4,377.0,-0.4251647889614105,0,0.001,,0.33535827523705486,0.005,0.42951249131307345,0,,"377, 410",PuM,Thalamus: Pulvinar medial,,,,"1904, 1680",idx_L,377,377.0
4,378.0,0.21452215313911438,0,0.001,,0.4150699466726675,0.005,0.4605214720708142,0,,"378, 411",VA,Thalamus: Ventral Anterior,,,,"608, 616",idx_L,378,378.0
4,379.0,-0.25061914324760437,0,0.001,,0.40105428990592185,0.005,0.4561009571479111,0,,"379, 412",VLa,Thalamus: Ventral Lateral Anterior,,,,"880, 856",idx_L,379,379.0
4,380.0,-0.591861367225647,0,0.001,,0.2769717127406476,0.005,0.401929745906538,0,,"380, 413",VLp,Thalamus: Ventral Lateral Posterior,,,,"1384, 1288",idx_L,380,380.0
4,382.0,0.11716017872095108,0,0.001,,0.45336656115597845,0.005,0.4731794957052115,0,,"382, 415",Putam,Putamen,,,,"7896, 7744",idx_L,382,382.0
4,383.0,0.234182670712471,0,0.001,,0.40742158388611727,0.005,0.4605214720708142,0,,"383, 416",Caud,Caudate,,,,"6896, 6952",idx_L,383,383.0
4,384.0,-0.0815480425953865,0,0.001,,0.46750305980275775,0.005,0.48485093547861347,0,,"384, 417",NAc,Nucleus Accumbens,,,,"600, 632",idx_L,384,384.0
4,387.0,2.030454397201538,0,0.001,,0.02115518605294895,0.005,0.11446854606991021,0,,"387, 420",Amyg,Amygdala,,,,"1608, 1632",idx_L,387,387.0
4,391.0,2.4008991718292236,0,0.001,,0.008177421108355863,0.005,0.06764836774793458,0,,"391, 424",MB,Mammillary bodies,,,,"112, 104",idx_L,391,391.0
4,392.0,0.4610094130039215,0,0.001,,0.322395925878149,0.005,0.42464791618851927,0,,"392, 425",Septum,Septal nuclei,,,,"248, 136",idx_L,392,392.0
4,393.0,0.7700819373130798,0,0.001,,0.2206256449319961,0.005,0.3575704568127869,0,,"393, 426",Nb,Nucleus basalis,,,,"584, 600",idx_L,393,393.0
4,394.0,1.0041320323944092,0,0.001,,0.1576574887201485,0.005,0.32004470210190145,0,,"361, 394",AV,Thalamus: Anteroventral Nucleus,,,,"256, 280",idx_R,394,394.0
4,395.0,1.349708080291748,0,0.001,,0.08855481971757323,0.005,0.254931787431465,0,,"362, 395",CeM,Thalamus: Central medial,,,,"96, 88",idx_R,395,395.0
4,399.0,0.934596836566925,0,0.001,,0.17499805496521803,0.005,0.33046144332966754,0,,"366, 399",LGN,Thalamus: Lateral Geniculate,,,,"328, 256",idx_R,399,399.0
4,400.0,0.2902355492115021,0,0.001,,0.38581802087374506,0.005,0.45104371531974957,0,,"367, 400",LP,Thalamus: Lateral Posterior,,,,"256, 264",idx_R,400,400.0
4,402.0,0.15410399436950684,0,0.001,,0.4387638694263949,0.005,0.46968137275468536,0,,"369, 402",MDl,Thalamus: Mediodorsolateral parvocellular,,,,"328, 320",idx_R,402,402.0
4,403.0,1.1859157085418701,0,0.001,,0.11782779449754349,0.005,0.28140049744707446,0,,"370, 403",MDm,Thalamus: Mediodorsomedial magnocellular,,,,"1104, 1192",idx_R,403,403.0
4,404.0,3.1407270431518555,1,0.001,+,0.0008426451109360122,0.005,0.015550632501819133,0,,"371, 404",MGN,Thalamus: Medial Geniculate,,,,"160, 168",idx_R,404,404.0
4,406.0,0.6016997694969177,0,0.001,,0.27368700173621896,0.005,0.4002838682680752,0,,"373, 406",Pf,Thalamus: Parafascicular,,,,"56, 72",idx_R,406,406.0
4,407.0,-0.8716934323310852,0,0.001,,0.19168782206393015,0.005,0.3428425363786592,0,,"374, 407",PuA,Thalamus: Pulvinar anterior,,,,"320, 280",idx_R,407,407.0
4,408.0,1.6742521524429321,0,0.001,,0.047040526876965624,0.005,0.19488218277600047,0,,"375, 408",PuI,Thalamus: Pulvinar inferior,,,,"336, 280",idx_R,408,408.0
4,409.0,0.7665174603462219,0,0.001,,0.2216842333780541,0.005,0.3575704568127869,0,,"376, 409",PuL,Thalamus: Pulvinar lateral,,,,"304, 256",idx_R,409,409.0
4,410.0,2.0985519886016846,0,0.001,,0.017928206220188554,0.005,0.10251903838586694,0,,"377, 410",PuM,Thalamus: Pulvinar medial,,,,"1904, 1680",idx_R,410,410.0
4,411.0,-0.2956691086292267,0,0.001,,0.38374139533820734,0.005,0.4502861459748907,0,,"378, 411",VA,Thalamus: Ventral Anterior,,,,"608, 616",idx_R,411,411.0
4,412.0,0.20840953290462494,0,0.001,,0.41745460678364765,0.005,0.4618162679949889,0,,"379, 412",VLa,Thalamus: Ventral Lateral Anterior,,,,"880, 856",idx_R,412,412.0
4,415.0,-0.0735165998339653,0,0.001,,0.47069751753033906,0.005,0.48503348253126316,0,,"382, 415",Putam,Putamen,,,,"7896, 7744",idx_R,415,415.0
4,416.0,-0.21431708335876465,0,0.001,,0.41514989846777833,0.005,0.4605214720708142,0,,"383, 416",Caud,Caudate,,,,"6896, 6952",idx_R,416,416.0
4,417.0,1.8815455436706543,0,0.001,,0.029948873006066898,0.005,0.14138654000538559,0,,"384, 417",NAc,Nucleus Accumbens,,,,"600, 632",idx_R,417,417.0
4,420.0,2.379659414291382,0,0.001,,0.00866432296278965,0.005,0.06764836774793458,0,,"387, 420",Amyg,Amygdala,,,,"1608, 1632",idx_R,420,420.0
4,424.0,0.3590037226676941,0,0.001,,0.359796152192538,0.005,0.4446027905605405,0,,"391, 424",MB,Mammillary bodies,,,,"112, 104",idx_R,424,424.0
4,425.0,0.5427383780479431,0,0.001,,0.29365497314157807,0.005,0.4126838791822518,0,,"392, 425",Septum,Septal nuclei,,,,"248, 136",idx_R,425,425.0
4,426.0,-0.9944440722465515,0,0.001,,0.16000336039257484,0.005,0.3203034447032498,0,,"393, 426",Nb,Nucleus basalis,,,,"584, 600",idx_R,426,426.0
5,0.0,2.8018200397491455,0,0.001,,0.0025407605479623916,0.005,0.02714243648618939,0,,,,,,,,,,,
5,1.0,1.763447880744934,0,0.001,,0.03891249016298277,0.005,0.11968538641038638,0,,"1, 181",V1,Primary_Visual_Cortex,Primary_Visual,1.0,1.0,"13,812, 13,406",idx_L,1,1.0
5,2.0,1.6891801357269287,0,0.001,,0.04559245725960446,0.005,0.1276588803268925,0,,"2, 182",V2,Second_Visual_Area,Early_Visual,2.0,4.0,"9515, 9420",idx_L,2,2.0
5,3.0,2.7437074184417725,0,0.001,,0.0030374828061778296,0.005,0.02744269947426984,0,,"3, 183",V3,Third_Visual_Area,Early_Visual,2.0,5.0,"7106, 7481",idx_L,3,3.0
5,4.0,2.6036016941070557,0,0.001,,0.004612494776466063,0.005,0.034048597804458576,0,,"4, 184",V4,Fourth_Visual_Area,Early_Visual,2.0,6.0,"4782, 4537",idx_L,4,4.0
5,5.0,2.542726993560791,0,0.001,,0.005499556575481926,0.005,0.03660360605976495,0,,"5, 185",IPS1,IntraParietal_Sulcus_Area_1,Dorsal_Stream_Visual,3.0,17.0,"1751, 1750",idx_L,5,5.0
5,6.0,1.897892951965332,0,0.001,,0.028855092502412295,0.005,0.09681956657834208,0,,"6, 186",V3A,Area_V3A,Dorsal_Stream_Visual,3.0,13.0,"2191, 2212",idx_L,6,6.0
5,7.0,1.8584356307983398,0,0.001,,0.03155358818575815,0.005,0.1016726730429985,0,,"7, 187",V3B,Area_V3B,Dorsal_Stream_Visual,3.0,19.0,"639, 731",idx_L,7,7.0
5,8.0,1.7414458990097046,0,0.001,,0.04080272432482466,0.005,0.1216289485145434,0,,"8, 188",V6,Sixth_Visual_Area,Dorsal_Stream_Visual,3.0,3.0,"1402, 1559",idx_L,8,8.0
5,9.0,2.650331497192383,0,0.001,,0.0040206414014913264,0.005,0.03119994736248654,0,,"9, 189",V6A,Area_V6A,Dorsal_Stream_Visual,3.0,152.0,"904, 734",idx_L,9,9.0
5,10.0,3.961846351623535,1,0.001,+,3.718619860298267e-05,0.005,0.0018778544337409134,1,+,"10, 190",V7,Seventh_Visual_Area,Dorsal_Stream_Visual,3.0,16.0,"1005, 1041",idx_L,10,10.0
5,11.0,1.9108073711395264,0,0.001,,0.0280146700526715,0.005,0.09626290420032503,0,,"11, 191",FFC,Fusiform_Face_Complex,Ventral_Stream_Visual,4.0,18.0,"3848, 4402",idx_L,11,11.0
5,12.0,1.41439688205719,0,0.001,,0.07862270252747859,0.005,0.18457459060526743,0,,"12, 192",PIT,Posterior_InferoTemporal_complex,Ventral_Stream_Visual,4.0,22.0,"1392, 1386",idx_L,12,12.0
5,13.0,1.9194759130477905,0,0.001,,0.0274620658908526,0.005,0.09600366350387318,0,,"13, 193",V8,Eighth_Visual_Area,Ventral_Stream_Visual,4.0,7.0,"1361, 1175",idx_L,13,13.0
5,14.0,1.5870271921157837,0,0.001,,0.05625324307360019,0.005,0.1512504416416005,0,,"14, 194",VMV1,VentroMedial_Visual_Area_1,Ventral_Stream_Visual,4.0,153.0,"939, 1219",idx_L,14,14.0
5,15.0,2.1327998638153076,0,0.001,,0.016470573720345123,0.005,0.07039003084694863,0,,"15, 195",VMV2,VentroMedial_Visual_Area_2,Ventral_Stream_Visual,4.0,160.0,"639, 923",idx_L,15,15.0
5,16.0,2.2839577198028564,0,0.001,,0.011187007941414287,0.005,0.05461297463078709,0,,"16, 196",VMV3,VentroMedial_Visual_Area_3,Ventral_Stream_Visual,4.0,154.0,"941, 1242",idx_L,16,16.0
5,17.0,1.3884570598602295,0,0.001,,0.08249895581411881,0.005,0.19031009125302406,0,,"17, 197",VVC,Ventral_Visual_Complex,Ventral_Stream_Visual,4.0,163.0,"2487, 2753",idx_L,17,17.0
5,18.0,2.3901748657226562,0,0.001,,0.008420176280473849,0.005,0.045013658863864395,0,,"18, 198",FST,Area_FST,MT + _Complex,5.0,157.0,"1324, 1683",idx_L,18,18.0
5,19.0,1.9552067518234253,0,0.001,,0.02527933598836865,0.005,0.09163759295783636,0,,"19, 199",LO1,Area_Lateral_Occipital_1,MT + _Complex,5.0,20.0,"619, 909",idx_L,19,19.0
5,20.0,2.517855167388916,0,0.001,,0.00590359306438818,0.005,0.03747006177136721,0,,"20, 200",LO2,Area_Lateral_Occipital_2,MT + _Complex,5.0,21.0,"1179, 1062",idx_L,20,20.0
5,21.0,1.143663763999939,0,0.001,,0.1263815532717526,0.005,0.25569725839675794,0,,"21, 201",LO3,Area_Lateral_Occipital_3,MT + _Complex,5.0,159.0,"438, 915",idx_L,21,21.0
5,22.0,1.2503719329833984,0,0.001,,0.10558185623835836,0.005,0.22998987080065783,0,,"22, 202",MST,Medial_Superior_Temporal_Area,MT + _Complex,5.0,2.0,"794, 1036",idx_L,22,22.0
5,23.0,-0.28765007853507996,0,0.001,,0.386807303526096,0.005,0.45785354294925645,0,,"23, 203",MT,Middle_Temporal_Area,MT + _Complex,5.0,23.0,"620, 1005",idx_L,23,23.0
5,24.0,3.545933485031128,1,0.001,+,0.00019561247163705863,0.005,0.006618221957053818,0,,"24, 204",PH,Area_PH,MT + _Complex,5.0,138.0,"3453, 3205",idx_L,24,24.0
5,25.0,3.108457326889038,1,0.001,+,0.0009403340137824112,0.005,0.01590731706648579,0,,"25, 205",V3CD,Area_V3CD,MT + _Complex,5.0,158.0,"876, 1222",idx_L,25,25.0
5,26.0,1.989237904548645,0,0.001,,0.023337474972504678,0.005,0.08773161887811944,0,,"26, 206",V4t,Area_V4t,MT + _Complex,5.0,156.0,"1037, 1249",idx_L,26,26.0
5,27.0,-0.21079756319522858,0,0.001,,0.4165226200550479,0.005,0.4659418102211045,0,,"27, 207",1,Area_1,SomaSens_Motor,6.0,51.0,"6590, 5925",idx_L,27,27.0
5,28.0,0.7856146693229675,0,0.001,,0.21604663389122863,0.005,0.34398013082289736,0,,"28, 208",2,Area_2,SomaSens_Motor,6.0,52.0,"4278, 4727",idx_L,28,28.0
5,29.0,-0.631584644317627,0,0.001,,0.263829161594038,0.005,0.38392343945225604,0,,"29, 209",3a,Area_3a,SomaSens_Motor,6.0,53.0,"2247, 2286",idx_L,29,29.0
5,30.0,-0.19725263118743896,0,0.001,,0.42181492292510303,0.005,0.466639941982539,0,,"30, 210",3b,Primary_Sensory_Cortex,SomaSens_Motor,6.0,9.0,"5451, 4350",idx_L,30,30.0
5,31.0,0.06173226609826088,0,0.001,,0.47538802216593706,0.005,0.4880834989800772,0,,"31, 211",4,Primary_Motor_Cortex,SomaSens_Motor,6.0,8.0,"10,776, 10,254",idx_L,31,31.0
5,32.0,-0.47231942415237427,0,0.001,,0.3183494039307975,0.005,0.41955091274348794,0,,"32, 212",23c,Area_23c,ParaCentral_MidCing,7.0,38.0,"2259, 2498",idx_L,32,32.0
5,33.0,-0.18960294127464294,0,0.001,,0.4248101411089587,0.005,0.4674062799193421,0,,"33, 213",24dd,Dorsal_Area_24d,ParaCentral_MidCing,7.0,40.0,"2665, 2820",idx_L,33,33.0
5,34.0,0.11297217011451721,0,0.001,,0.4550263094843231,0.005,0.4798459263652861,0,,"34, 214",24dv,Ventral_Area_24d,ParaCentral_MidCing,7.0,41.0,"1076, 1349",idx_L,34,34.0
5,35.0,1.0043776035308838,0,0.001,,0.15759832051845746,0.005,0.2961329136584787,0,,"35, 215",5L,Area_5L,ParaCentral_MidCing,7.0,39.0,"2249, 2327",idx_L,35,35.0
5,36.0,-0.6584864258766174,0,0.001,,0.2551128082898535,0.005,0.3793985354054232,0,,"36, 216",5 m,Area_5m,ParaCentral_MidCing,7.0,36.0,"1483, 2079",idx_L,36,36.0
5,37.0,-0.5810562968254089,0,0.001,,0.28060125593997876,0.005,0.4017760932579941,0,,"37, 217",5mv,Area_5m_ventral,ParaCentral_MidCing,7.0,37.0,"1651, 1996",idx_L,37,37.0
5,38.0,1.224116563796997,0,0.001,,0.11045412919505154,0.005,0.23356446069370276,0,,"38, 218",6ma,Area_6m_anterior,ParaCentral_MidCing,7.0,44.0,"3941, 4251",idx_L,38,38.0
5,39.0,0.3576045334339142,0,0.001,,0.360319642597089,0.005,0.439308633316571,0,,"39, 219",6mp,Area_6mp,ParaCentral_MidCing,7.0,55.0,"3701, 3105",idx_L,39,39.0
5,40.0,2.35830020904541,0,0.001,,0.009179419608419363,0.005,0.04658555451272827,0,,"40, 220",SCEF,Supplementary_and_Cingulate_Eye_Field,ParaCentral_MidCing,7.0,43.0,"3500, 3371",idx_L,40,40.0
5,41.0,0.8004908561706543,0,0.001,,0.21171322961847927,0.005,0.34398013082289736,0,,"41, 221",55b,Area_55b,Premotor,8.0,12.0,"2422, 1537",idx_L,41,41.0
5,42.0,0.9234219789505005,0,0.001,,0.17789367109408977,0.005,0.3059826500292408,0,,"42, 222",6a,Area_6_anterior,Premotor,8.0,96.0,"4233, 3752",idx_L,42,42.0
5,43.0,0.5467354655265808,0,0.001,,0.29228024251054796,0.005,0.4063896522578167,0,,"43, 223",6d,Dorsal_area_6,Premotor,8.0,54.0,"2916, 2909",idx_L,43,43.0
5,44.0,1.379033088684082,0,0.001,,0.08394227608749277,0.005,0.1925455598391077,0,,"44, 224",6r,Rostral_Area_6,Premotor,8.0,78.0,"3029, 3981",idx_L,44,44.0
5,45.0,0.38944360613822937,0,0.001,,0.34847400998831723,0.005,0.4326619206582777,0,,"45, 225",6v,Ventral_Area_6,Premotor,8.0,56.0,"2075, 2516",idx_L,45,45.0
5,46.0,1.1441608667373657,0,0.001,,0.12627846449809194,0.005,0.25569725839675794,0,,"46, 226",FEF,Frontal_Eye_Fields,Premotor,8.0,10.0,"1787, 1889",idx_L,46,46.0
5,47.0,3.3416590690612793,1,0.001,+,0.0004163964133891026,0.005,0.009944526107998569,0,,"47, 227",PEF,Premotor_Eye_Field,Premotor,8.0,11.0,"1006, 1258",idx_L,47,47.0
5,48.0,0.6763279438018799,0,0.001,,0.2494162274327516,0.005,0.3736641636077385,0,,"48, 228",43,Area_43,Posterior_Opercular,9.0,99.0,"1889, 1678",idx_L,48,48.0
5,49.0,1.4715992212295532,0,0.001,,0.07056456800018673,0.005,0.17469033297607203,0,,"49, 229",FOP1,Frontal_Opercular_Area_1,Posterior_Opercular,9.0,113.0,"879, 932",idx_L,49,49.0
5,50.0,0.5063406229019165,0,0.001,,0.30630877500232145,0.005,0.4159242898024833,0,,"50, 230",OP1,Area_OP1-SII,Posterior_Opercular,9.0,101.0,"1275, 1072",idx_L,50,50.0
5,51.0,-0.29753243923187256,0,0.001,,0.38303002288465593,0.005,0.4573829096799127,0,,"51, 231",OP2-3,Area_OP2-3-VS,Posterior_Opercular,9.0,102.0,"943, 792",idx_L,51,51.0
5,52.0,-1.7545607089996338,0,0.001,,0.039667238558356153,0.005,0.12108946507287668,0,,"52, 232",OP4,Area_OP4-PV,Posterior_Opercular,9.0,100.0,"2332, 2409",idx_L,52,52.0
5,53.0,-0.10725174844264984,0,0.001,,0.4572946314128886,0.005,0.480988653765888,0,,"53, 233",52,Area_52,Early_Auditory,10.0,103.0,"725, 580",idx_L,53,53.0
5,54.0,-0.703525722026825,0,0.001,,0.24086409135091819,0.005,0.3676346657461383,0,,"54, 234",A1,Primary_Auditory_Cortex,Early_Auditory,10.0,24.0,"1023, 796",idx_L,54,54.0
5,55.0,-0.18423575162887573,0,0.001,,0.4269142568755571,0.005,0.4676976808666645,0,,"55, 235",LBelt,Lateral_Belt_Complex,Early_Auditory,10.0,174.0,"820, 901",idx_L,55,55.0
5,56.0,-1.449338436126709,0,0.001,,0.0736215460851478,0.005,0.18006233560584342,0,,"56, 236",MBelt,Medial_Belt_Complex,Early_Auditory,10.0,173.0,"1242, 1236",idx_L,56,56.0
5,57.0,-0.3123289942741394,0,0.001,,0.3773952535746304,0.005,0.4533209258914199,0,,"57, 237",PBelt,ParaBelt_Complex,Early_Auditory,10.0,124.0,"1719, 1439",idx_L,57,57.0
5,58.0,2.6355018615722656,0,0.001,,0.004200648247759024,0.005,0.03158265164055858,0,,"58, 238",PFcm,Area_PFcm,Early_Auditory,10.0,105.0,"1486, 1485",idx_L,58,58.0
5,59.0,-0.15939642488956451,0,0.001,,0.4366782777133235,0.005,0.4676976808666645,0,,"59, 239",RI,RetroInsular_Cortex,Early_Auditory,10.0,104.0,"1149, 1334",idx_L,59,59.0
5,60.0,2.1048951148986816,0,0.001,,0.017650219516424433,0.005,0.0738761765326631,0,,"60, 240",A4,Auditory_4_Complex,Auditory_Association,11.0,175.0,"3514, 3610",idx_L,60,60.0
5,61.0,0.9934546947479248,0,0.001,,0.1602442092848701,0.005,0.29681890117782456,0,,"61, 241",A5,Auditory_5_Complex,Auditory_Association,11.0,125.0,"3346, 3881",idx_L,61,61.0
5,62.0,0.3309957683086395,0,0.001,,0.37032384098470517,0.005,0.44881038638743376,0,,"62, 242",STGa,Area_STGa,Auditory_Association,11.0,123.0,"2509, 2187",idx_L,62,62.0
5,63.0,-0.9928616881370544,0,0.001,,0.16038868124152073,0.005,0.29681890117782456,0,,"63, 243",STSda,Area_STSd_anterior,Auditory_Association,11.0,128.0,"1944, 2389",idx_L,63,63.0
5,64.0,0.42668095231056213,0,0.001,,0.3348058630114862,0.005,0.42346162112979246,0,,"64, 244",STSdp,Area_STSd_posterior,Auditory_Association,11.0,129.0,"1994, 2605",idx_L,64,64.0
5,65.0,-1.245370626449585,0,0.001,,0.1064977726860189,0.005,0.22998987080065783,0,,"65, 245",STSva,Area_STSv_anterior,Auditory_Association,11.0,176.0,"1694, 1900",idx_L,65,65.0
5,66.0,0.01699296571314335,0,0.001,,0.49322111375538236,0.005,0.49700253230674035,0,,"66, 246",STSvp,Area_STSv_posterior,Auditory_Association,11.0,130.0,"2898, 2515",idx_L,66,66.0
5,67.0,1.7801061868667603,0,0.001,,0.03752929213450348,0.005,0.1163121573023543,0,,"67, 247",TA2,Area_TA2,Auditory_Association,11.0,107.0,"1518, 1726",idx_L,67,67.0
5,68.0,2.180612802505493,0,0.001,,0.0146060336971463,0.005,0.06496822004307824,0,,"68, 248",AAIC,Anterior_Agranular_Insula_Complex,Insula_FrontalOperc,12.0,112.0,"1859, 1691",idx_L,68,68.0
5,69.0,2.0909359455108643,0,0.001,,0.018266903167056214,0.005,0.07567717026351861,0,,"69, 249",AVI,Anterior_Ventral_Insular_Area,Insula_FrontalOperc,12.0,111.0,"1446, 1792",idx_L,69,69.0
5,70.0,-0.141211599111557,0,0.001,,0.4438513915654292,0.005,0.4729754986235282,0,,"70, 250",FOP2,Frontal_Opercular_Area_2,Insula_FrontalOperc,12.0,115.0,"750, 720",idx_L,70,70.0
5,71.0,0.24213212728500366,0,0.001,,0.40433889238190923,0.005,0.46511015092302116,0,,"71, 251",FOP3,Frontal_Opercular_Area_3,Insula_FrontalOperc,12.0,114.0,"754, 614",idx_L,71,71.0
5,72.0,2.40232253074646,0,0.001,,0.008145668676357399,0.005,0.04469110111623114,0,,"72, 252",FOP4,Frontal_Opercular_Area_4,Insula_FrontalOperc,12.0,108.0,"2522, 1678",idx_L,72,72.0
5,73.0,1.9162588119506836,0,0.001,,0.027666080369342764,0.005,0.09600366350387318,0,,"73, 253",FOP5,Area_Frontal_Opercular_5,Insula_FrontalOperc,12.0,169.0,"1297, 1365",idx_L,73,73.0
5,74.0,-2.063626289367676,0,0.001,,0.01952658150795867,0.005,0.07849299101219029,0,,"74, 254",Ig,Insular_Granular_Complex,Insula_FrontalOperc,12.0,168.0,"841, 1077",idx_L,74,74.0
5,75.0,2.3899121284484863,0,0.001,,0.00842620215185639,0.005,0.045013658863864395,0,,"75, 255",MI,Middle_Insular_Area,Insula_FrontalOperc,12.0,109.0,"2102, 1960",idx_L,75,75.0
5,76.0,0.0786689892411232,0,0.001,,0.46864795600537,0.005,0.48787453881584675,0,,"76, 256",PI,Para-Insular_Area,Insula_FrontalOperc,12.0,178.0,"1033, 1058",idx_L,76,76.0
5,77.0,1.51095712184906,0,0.001,,0.06539968787722325,0.005,0.16492095203821516,0,,"77, 257",Pir,Pirform_Cortex,Insula_FrontalOperc,12.0,110.0,"2287, 1856",idx_L,77,77.0
5,78.0,1.252943754196167,0,0.001,,0.10511308845505862,0.005,0.22998987080065783,0,,"78, 258",PoI1,Area_Posterior_Insular_1,Insula_FrontalOperc,12.0,167.0,"1811, 1835",idx_L,78,78.0
5,79.0,-0.3447357416152954,0,0.001,,0.36514652274175413,0.005,0.44386074321303043,0,,"79, 259",PoI2,Posterior_Insular_Area_2,Insula_FrontalOperc,12.0,106.0,"2747, 2675",idx_L,79,79.0
5,80.0,-0.2037368267774582,0,0.001,,0.41927958106091123,0.005,0.4659418102211045,0,,"80, 260",H,Hippocampus,Medial_Temporal,13.0,120.0,"4283, 3626",idx_L,80,80.0
5,81.0,0.46769702434539795,0,0.001,,0.3200006346771302,0.005,0.41955091274348794,0,,"81, 261",PreS,PreSubiculum,Medial_Temporal,13.0,119.0,"1817, 1558",idx_L,81,81.0
5,82.0,-0.9397983551025391,0,0.001,,0.17366050136774774,0.005,0.3054704308328399,0,,"82, 262",EC,Entorhinal_Cortex,Medial_Temporal,13.0,118.0,"2127, 2110",idx_L,82,82.0
5,83.0,0.3583226203918457,0,0.001,,0.36005094591704956,0.005,0.439308633316571,0,,"83, 263",PeEc,Perirhinal_Ectorhinal_Cortex,Medial_Temporal,13.0,122.0,"4826, 4755",idx_L,83,83.0
5,84.0,-0.23726724088191986,0,0.001,,0.4062247372636105,0.005,0.46511015092302116,0,,"84, 264",TF,Area_TF,Medial_Temporal,13.0,135.0,"3986, 4752",idx_L,84,84.0
5,85.0,-0.0724811926484108,0,0.001,,0.47110948609507913,0.005,0.48793482488418916,0,,"85, 265",PHA1,ParaHippocampal_Area_1,Medial_Temporal,13.0,126.0,"1281, 1168",idx_L,85,85.0
5,86.0,0.2703557312488556,0,0.001,,0.3934432968471429,0.005,0.4601793237528855,0,,"86, 266",PHA2,ParaHippocampal_Area_2,Medial_Temporal,13.0,155.0,"783, 771",idx_L,86,86.0
5,87.0,-0.2313579022884369,0,0.001,,0.4085183835432338,0.005,0.46511015092302116,0,,"87, 267",PHA3,ParaHippocampal_Area_3,Medial_Temporal,13.0,127.0,"2023, 1122",idx_L,87,87.0
5,88.0,0.48012563586235046,0,0.001,,0.31556903022734617,0.005,0.41869616428857037,0,,"88, 268",PHT,Area_PHT,Lateral_Temporal,14.0,137.0,"4182, 3410",idx_L,88,88.0
5,89.0,-1.9977142810821533,0,0.001,,0.022873822520624483,0.005,0.0876110560695617,0,,"89, 269",TE1a,Area_TE1_anterior,Lateral_Temporal,14.0,132.0,"5227, 4180",idx_L,89,89.0
5,90.0,1.27808678150177,0,0.001,,0.10060941459241551,0.005,0.2219968604593516,0,,"90, 270",TE1m,Area_TE1_Middle,Lateral_Temporal,14.0,177.0,"3339, 3429",idx_L,90,90.0
5,91.0,3.1556668281555176,1,0.001,+,0.0008006583046814021,0.005,0.014133359639158662,0,,"91, 271",TE1p,Area_TE1_posterior,Lateral_Temporal,14.0,133.0,"7116, 6010",idx_L,91,91.0
5,92.0,-0.07316885888576508,0,0.001,,0.47083587347653155,0.005,0.48793482488418916,0,,"92, 272",TE2a,Area_TE2_anterior,Lateral_Temporal,14.0,134.0,"5691, 5753",idx_L,92,92.0
5,93.0,1.2329741716384888,0,0.001,,0.10879270031312516,0.005,0.2323155558743327,0,,"93, 273",TE2p,Area_TE2_posterior,Lateral_Temporal,14.0,136.0,"4115, 3040",idx_L,93,93.0
5,94.0,-0.37622469663619995,0,0.001,,0.35337492831846434,0.005,0.4374092100527333,0,,"94, 274",TGd,Area_TG_dorsal,Lateral_Temporal,14.0,131.0,"10,192, 10,269",idx_L,94,94.0
5,95.0,0.742082953453064,0,0.001,,0.22901853865089938,0.005,0.35753640652150687,0,,"95, 275",TGv,Area_TG_Ventral,Lateral_Temporal,14.0,172.0,"3694, 4515",idx_L,95,95.0
5,96.0,-0.01813451014459133,0,0.001,,0.49276577367962393,0.005,0.49700253230674035,0,,"96, 276",PSL,PeriSylvian_Language_Area,TPO,15.0,25.0,"2154, 2759",idx_L,96,96.0
5,97.0,-2.1679279804229736,0,0.001,,0.015082083289847482,0.005,0.0651417639965753,0,,"97, 277",STV,Superior_Temporal_Visual_Area,TPO,15.0,28.0,"2322, 2294",idx_L,97,97.0
5,98.0,-0.9206542372703552,0,0.001,,0.1786154878249509,0.005,0.3059826500292408,0,,"98, 278",TPOJ1,Area_TemporoParietoOccipital_Junction_1,TPO,15.0,139.0,"2102, 3938",idx_L,98,98.0
5,99.0,-3.1560862064361572,1,0.001,-,0.0007995079658135967,0.005,0.014133359639158662,0,,"99, 279",TPOJ2,Area_TemporoParietoOccipital_Junction_2,TPO,15.0,140.0,"1930, 2068",idx_L,99,99.0
5,100.0,-1.8994516134262085,0,0.001,,0.028752561398436825,0.005,0.09681956657834208,0,,"100, 280",TPOJ3,Area_TemporoParietoOccipital_Junction_3,TPO,15.0,141.0,"1290, 1277",idx_L,100,100.0
5,101.0,1.7243036031723022,0,0.001,,0.042326524588753064,0.005,0.123629992683696,0,,"101, 281",7AL,Lateral_Area_7A,Superior_Parietal,16.0,42.0,"2134, 2030",idx_L,101,101.0
5,102.0,-0.1676023304462433,0,0.001,,0.43344806885312287,0.005,0.4676976808666645,0,,"102, 282",7Am,Medial_Area_7A,Superior_Parietal,16.0,45.0,"2995, 2379",idx_L,102,102.0
5,103.0,2.1977128982543945,0,0.001,,0.013984785906393033,0.005,0.06332121054315655,0,,"103, 283",7PC,Area_7PC,Superior_Parietal,16.0,47.0,"3151, 3415",idx_L,103,103.0
5,104.0,0.7364597916603088,0,0.001,,0.23072546430698226,0.005,0.35753640652150687,0,,"104, 284",7Pl,Lateral_Area_7P,Superior_Parietal,16.0,46.0,"1695, 1363",idx_L,104,104.0
5,105.0,-2.3608760833740234,0,0.001,,0.009115910780392747,0.005,0.04658555451272827,0,,"105, 285",7Pm,Medial_Area_7P,Superior_Parietal,16.0,29.0,"1601, 1308",idx_L,105,105.0
5,106.0,1.8152059316635132,0,0.001,,0.034746134244772915,0.005,0.11021039455763909,0,,"106, 286",AIP,Anterior_IntraParietal_Area,Superior_Parietal,16.0,117.0,"1999, 2542",idx_L,106,106.0
5,107.0,2.3764805793762207,0,0.001,,0.008739340731504383,0.005,0.04608016022065947,0,,"107, 287",LIPd,Area_Lateral_IntraParietal_dorsal,Superior_Parietal,16.0,95.0,"1008, 869",idx_L,107,107.0
5,108.0,3.4473984241485596,1,0.001,+,0.00028300659972203856,0.005,0.007660045299143177,0,,"108, 288",LIPv,Area_Lateral_IntraParietal_ventral,Superior_Parietal,16.0,48.0,"1681, 1783",idx_L,108,108.0
5,109.0,1.947956919670105,0,0.001,,0.02571005907072283,0.005,0.09237419453728733,0,,"109, 289",MIP,Medial_IntraParietal_Area,Superior_Parietal,16.0,50.0,"1872, 2403",idx_L,109,109.0
5,110.0,3.934832811355591,1,0.001,+,4.162731503366556e-05,0.005,0.0018778544337409134,1,+,"110, 290",VIP,Ventral_IntraParietal_Complex,Superior_Parietal,16.0,49.0,"1890, 1577",idx_L,110,110.0
5,111.0,2.7076072692871094,0,0.001,,0.0033885082910860963,0.005,0.02822530407059654,0,,"111, 291",IP0,Area_IntraParietal_0,Inferior_Parietal,17.0,146.0,"1203, 1239",idx_L,111,111.0
5,112.0,1.1409821510314941,0,0.001,,0.12693867537672265,0.005,0.25569725839675794,0,,"112, 292",IP1,Area_IntraParietal_1,Inferior_Parietal,17.0,145.0,"1692, 1632",idx_L,112,112.0
5,113.0,1.2148792743682861,0,0.001,,0.11220606982033765,0.005,0.2360397116427828,0,,"113, 293",IP2,Area_IntraParietal_2,Inferior_Parietal,17.0,144.0,"2102, 1861",idx_L,113,113.0
5,114.0,1.522100567817688,0,0.001,,0.06399194187798413,0.005,0.1634008075626513,0,,"114, 294",PF,Area_PF_Complex,Inferior_Parietal,17.0,148.0,"5457, 5251",idx_L,114,114.0
5,115.0,1.4127975702285767,0,0.001,,0.07885762644885214,0.005,0.18457459060526743,0,,"115, 295",PFm,Area_PFm_Complex,Inferior_Parietal,17.0,149.0,"8220, 8141",idx_L,115,115.0
5,116.0,0.39894163608551025,0,0.001,,0.3449681046582068,0.005,0.4306847374103356,0,,"116, 296",PFop,Area_PF_Opercular,Inferior_Parietal,17.0,147.0,"1797, 1783",idx_L,116,116.0
5,117.0,-0.15668489038944244,0,0.001,,0.4377465978554988,0.005,0.4676976808666645,0,,"117, 297",PFt,Area_PFt,Inferior_Parietal,17.0,116.0,"1983, 2039",idx_L,117,117.0
5,118.0,-3.286463737487793,1,0.001,-,0.000507269177753962,0.005,0.010839541377268872,0,,"118, 298",PGi,Area_PGi,Inferior_Parietal,17.0,150.0,"4791, 4970",idx_L,118,118.0
5,119.0,1.0877799987792969,0,0.001,,0.13834612066740304,0.005,0.275335906818459,0,,"119, 299",PGp,Area_PGp,Inferior_Parietal,17.0,143.0,"2501, 3740",idx_L,119,119.0
5,120.0,-0.6969735026359558,0,0.001,,0.2429096882434485,0.005,0.3679900501001496,0,,"120, 300",PGs,Area_PGs,Inferior_Parietal,17.0,151.0,"4552, 3366",idx_L,120,120.0
5,121.0,-0.2882668972015381,0,0.001,,0.3865712221659326,0.005,0.45785354294925645,0,,"121, 301",23d,Area_23d,Posterior_Cingulate,18.0,32.0,"1261, 1513",idx_L,121,121.0
5,122.0,-0.9363188147544861,0,0.001,,0.17455453190447995,0.005,0.3054704308328399,0,,"122, 302",31a,Area_31a,Posterior_Cingulate,18.0,162.0,"1260, 1116",idx_L,122,122.0
5,123.0,-4.029731273651123,1,0.001,-,2.7920326307470946e-05,0.005,0.0016660071038726995,1,-,"123, 303",31pd,Area_31pd,Posterior_Cingulate,18.0,161.0,"1428, 864",idx_L,123,123.0
5,124.0,-4.119682788848877,1,0.001,-,1.8969717408140863e-05,0.005,0.0015403410535410381,1,-,"124, 304",31pv,Area_31p_ventral,Posterior_Cingulate,18.0,35.0,"950, 1022",idx_L,124,124.0
5,125.0,-3.813898801803589,1,0.001,-,6.839575015563413e-05,0.005,0.0027768674563187455,1,-,"125, 305",7 m,Area_7m,Posterior_Cingulate,18.0,30.0,"2128, 2067",idx_L,125,125.0
5,126.0,-2.942159414291382,0,0.001,,0.0016296604705781663,0.005,0.022054738368491183,0,,"126, 306",d23ab,Area_dorsal_23_a + b,Posterior_Cingulate,18.0,34.0,"1607, 1106",idx_L,126,126.0
5,127.0,-0.05634104833006859,0,0.001,,0.4775350594554487,0.005,0.4880834989800772,0,,"127, 307",DVT,Dorsal_Transitional_Visual_Area,Posterior_Cingulate,18.0,142.0,"1806, 2176",idx_L,127,127.0
5,128.0,-2.415408134460449,0,0.001,,0.007858793387398354,0.005,0.044314862712274056,0,,"128, 308",PCV,PreCuneus_Visual_Area,Posterior_Cingulate,18.0,27.0,"2245, 2416",idx_L,128,128.0
5,129.0,-2.4079439640045166,0,0.001,,0.008021321590326078,0.005,0.044611733776334074,0,,"129, 309",POS1,Parieto-Occipital_Sulcus_Area_1,Posterior_Cingulate,18.0,31.0,"2531, 2727",idx_L,129,129.0
5,130.0,-2.1163370609283447,0,0.001,,0.017158075428929397,0.005,0.07256436066818057,0,,"130, 310",POS2,Parieto-Occipital_Sulcus_Area_2,Posterior_Cingulate,18.0,15.0,"3261, 3093",idx_L,130,130.0
5,131.0,-0.3071380853652954,0,0.001,,0.3793691349145584,0.005,0.4543476955023915,0,,"131, 311",ProS,ProStriate_Area,Posterior_Cingulate,18.0,121.0,"1222, 1055",idx_L,131,131.0
5,132.0,-2.8369810581207275,0,0.001,,0.0022771156891726366,0.005,0.02714243648618939,0,,"132, 312",RSC,RetroSplenial_Complex,Posterior_Cingulate,18.0,14.0,"2830, 3067",idx_L,132,132.0
5,133.0,-1.6337776184082031,0,0.001,,0.05115277676822985,0.005,0.1403245092425765,0,,"133, 313",v23ab,Area_ventral_23_a + b,Posterior_Cingulate,18.0,33.0,"916, 1089",idx_L,133,133.0
5,134.0,-0.6034212708473206,0,0.001,,0.2731142376785904,0.005,0.3932070230408074,0,,"134, 314",10r,Area_10r,AntCing_MedPFC,19.0,65.0,"1589, 1053",idx_L,134,134.0
5,135.0,-1.0270540714263916,0,0.001,,0.15219750186702857,0.005,0.2887485315795028,0,,"135, 315",10v,Area_10v,AntCing_MedPFC,19.0,88.0,"3906, 2667",idx_L,135,135.0
5,136.0,0.058687660843133926,0,0.001,,0.47660044380940914,0.005,0.4880834989800772,0,,"136, 316",25,Area_25,AntCing_MedPFC,19.0,164.0,"1911, 2135",idx_L,136,136.0
5,137.0,1.563899040222168,0,0.001,,0.05892063997901923,0.005,0.1543831350444257,0,,"137, 317",33pr,Area_33_prime,AntCing_MedPFC,19.0,58.0,"1354, 1316",idx_L,137,137.0
5,138.0,2.984186887741089,0,0.001,,0.001421665228132938,0.005,0.01990331319386113,0,,"138, 318",8BM,Area_8BM,AntCing_MedPFC,19.0,63.0,"3122, 3436",idx_L,138,138.0
5,139.0,1.3530343770980835,0,0.001,,0.0880223241132232,0.005,0.19964839994395878,0,,"139, 319",9 m,Area_9_Middle,AntCing_MedPFC,19.0,69.0,"6338, 5881",idx_L,139,139.0
5,140.0,0.39662840962409973,0,0.001,,0.3458207497432744,0.005,0.4306847374103356,0,,"140, 320",a24,Area_a24,AntCing_MedPFC,19.0,61.0,"2085, 2152",idx_L,140,140.0
5,141.0,0.8366621136665344,0,0.001,,0.20139126036846605,0.005,0.33510185126884107,0,,"141, 321",a24pr,Anterior_24_prime,AntCing_MedPFC,19.0,59.0,"1095, 1474",idx_L,141,141.0
5,142.0,2.7772576808929443,0,0.001,,0.002740984965354101,0.005,0.02714243648618939,0,,"142, 322",a32pr,Area_anterior_32_prime,AntCing_MedPFC,19.0,179.0,"1759, 1118",idx_L,142,142.0
5,143.0,2.719449758529663,0,0.001,,0.0032695314003826845,0.005,0.02822530407059654,0,,"143, 323",d32,Area_dorsal_32,AntCing_MedPFC,19.0,62.0,"2228, 2374",idx_L,143,143.0
5,144.0,1.5888148546218872,0,0.001,,0.05605109928597508,0.005,0.1512504416416005,0,,"144, 324",p24,Area_posterior_24,AntCing_MedPFC,19.0,180.0,"2394, 2442",idx_L,144,144.0
5,145.0,0.8751147985458374,0,0.001,,0.19075572290290815,0.005,0.32269509791075296,0,,"145, 325",p24pr,Area_Posterior_24_prime,AntCing_MedPFC,19.0,57.0,"1422, 1724",idx_L,145,145.0
5,146.0,0.647752583026886,0,0.001,,0.2585724941864578,0.005,0.3814440344149152,0,,"146, 326",p32,Area_p32,AntCing_MedPFC,19.0,64.0,"1180, 1765",idx_L,146,146.0
5,147.0,2.583226442337036,0,0.001,,0.004894052796722729,0.005,0.03548188277623979,0,,"147, 327",p32pr,Area_p32_prime,AntCing_MedPFC,19.0,60.0,"1569, 1305",idx_L,147,147.0
5,148.0,-0.4440706670284271,0,0.001,,0.3284957465655508,0.005,0.4225746701565114,0,,"148, 328",pOFC,Posterior_OFC_Complex,AntCing_MedPFC,19.0,166.0,"2486, 2836",idx_L,148,148.0
5,149.0,-0.2111520767211914,0,0.001,,0.4163843024156832,0.005,0.4659418102211045,0,,"149, 329",s32,Area_s32,AntCing_MedPFC,19.0,165.0,"604, 1015",idx_L,149,149.0
5,150.0,0.8947747945785522,0,0.001,,0.18545374340789156,0.005,0.3163622681664032,0,,"150, 330",10d,Area_10d,OrbPolaFrontal,20.0,72.0,"3644, 3096",idx_L,150,150.0
5,151.0,1.9793120622634888,0,0.001,,0.023890441177132547,0.005,0.08811365655470219,0,,"151, 331",10 pp,Polar_10p,OrbPolaFrontal,20.0,90.0,"1997, 2487",idx_L,151,151.0
5,152.0,1.028243899345398,0,0.001,,0.15191755656861017,0.005,0.2887485315795028,0,,"152, 332",11 l,Area_11l,OrbPolaFrontal,20.0,91.0,"3531, 3793",idx_L,152,152.0
5,153.0,-0.206759512424469,0,0.001,,0.4180988386294018,0.005,0.4659418102211045,0,,"153, 333",13 l,Area_13l,OrbPolaFrontal,20.0,92.0,"2429, 1757",idx_L,153,153.0
5,154.0,-0.7441757917404175,0,0.001,,0.22838506575841516,0.005,0.35753640652150687,0,,"154, 334",47 m,Area_47m,OrbPolaFrontal,20.0,66.0,"799, 781",idx_L,154,154.0
5,155.0,0.8106786608695984,0,0.001,,0.20877511545561117,0.005,0.34398013082289736,0,,"155, 335",47 s,Area_47s,OrbPolaFrontal,20.0,94.0,"2795, 3080",idx_L,155,155.0
5,156.0,1.028663992881775,0,0.001,,0.15181879780949753,0.005,0.2887485315795028,0,,"156, 336",a10p,Area_anterior_10p,OrbPolaFrontal,20.0,89.0,"1964, 1748",idx_L,156,156.0
5,157.0,-0.5541160702705383,0,0.001,,0.2897497063520917,0.005,0.40611440585818814,0,,"157, 337",OFC,Orbital_Frontal_Complex,OrbPolaFrontal,20.0,93.0,"4560, 5232",idx_L,157,157.0
5,158.0,0.740039050579071,0,0.001,,0.22963814980875885,0.005,0.35753640652150687,0,,"158, 338",p10p,Area_posterior_10p,OrbPolaFrontal,20.0,170.0,"2116, 2365",idx_L,158,158.0
5,159.0,1.9757740497589111,0,0.001,,0.024090186890571286,0.005,0.08811365655470219,0,,"159, 339",44,Area_44,Inferior_Frontal,21.0,74.0,"2435, 2589",idx_L,159,159.0
5,160.0,3.008516311645508,0,0.001,,0.0013126335437001948,0.005,0.019630576873008575,0,,"160, 340",45,Area_45,Inferior_Frontal,21.0,75.0,"3762, 2962",idx_L,160,160.0
5,161.0,1.3934452533721924,0,0.001,,0.08174259466136224,0.005,0.1896428196143604,0,,"161, 341",47 l,Area_47l_(47_lateral),Inferior_Frontal,21.0,76.0,"2527, 2592",idx_L,161,161.0
5,162.0,1.6915127038955688,0,0.001,,0.04536946177201655,0.005,0.1276588803268925,0,,"162, 342",a47r,Area_anterior_47r,Inferior_Frontal,21.0,77.0,"4167, 3763",idx_L,162,162.0
5,163.0,0.959898829460144,0,0.001,,0.16855306769701112,0.005,0.301608651088553,0,,"163, 343",IFJa,Area_IFJa,Inferior_Frontal,21.0,79.0,"1513, 1405",idx_L,163,163.0
5,164.0,0.20601995289325714,0,0.001,,0.41838766273306993,0.005,0.4659418102211045,0,,"164, 344",IFJp,Area_IFJp,Inferior_Frontal,21.0,80.0,"960, 740",idx_L,164,164.0
5,165.0,1.9077001810073853,0,0.001,,0.028214989162164236,0.005,0.09626290420032503,0,,"165, 345",IFSa,Area_IFSa,Inferior_Frontal,21.0,82.0,"2057, 2641",idx_L,165,165.0
5,166.0,0.17256487905979156,0,0.001,,0.43149673006268063,0.005,0.4676976808666645,0,,"166, 346",IFSp,Area_IFSp,Inferior_Frontal,21.0,81.0,"1589, 1730",idx_L,166,166.0
5,167.0,2.005384922027588,0,0.001,,0.022460956188652056,0.005,0.08684903059612128,0,,"167, 347",p47r,Area_posterior_47r,Inferior_Frontal,21.0,171.0,"2133, 1761",idx_L,167,167.0
5,168.0,1.738716959953308,0,0.001,,0.04104228065638533,0.005,0.1216289485145434,0,,"168, 348",46,Area_46,Dorsolateral_Prefrontal,22.0,84.0,"4863, 4394",idx_L,168,168.0
5,169.0,-1.5696015357971191,0,0.001,,0.05825392050183762,0.005,0.1543831350444257,0,,"169, 349",8Ad,Area_8Ad,Dorsolateral_Prefrontal,22.0,68.0,"3386, 3492",idx_L,169,169.0
5,170.0,0.36463654041290283,0,0.001,,0.3576913674146993,0.005,0.439308633316571,0,,"170, 350",8Av,Area_8Av,Dorsolateral_Prefrontal,22.0,67.0,"4807, 5902",idx_L,170,170.0
5,171.0,0.8848658204078674,0,0.001,,0.18811450222988352,0.005,0.3195585268005553,0,,"171, 351",8BL,Area_8B_Lateral,Dorsolateral_Prefrontal,22.0,70.0,"3377, 4078",idx_L,171,171.0
5,172.0,1.9272793531417847,0,0.001,,0.026972412630282,0.005,0.09600366350387318,0,,"172, 352",8C,Area_8C,Dorsolateral_Prefrontal,22.0,73.0,"4085, 3134",idx_L,172,172.0
5,173.0,2.700079917907715,0,0.001,,0.0034661410735804753,0.005,0.02822530407059654,0,,"173, 353",9-46d,Area_9-46d,Dorsolateral_Prefrontal,22.0,86.0,"4534, 4666",idx_L,173,173.0
5,174.0,2.0431222915649414,0,0.001,,0.020520166870000158,0.005,0.08154421712481051,0,,"174, 354",9a,Area_9_anterior,Dorsolateral_Prefrontal,22.0,87.0,"3706, 3048",idx_L,174,174.0
5,175.0,0.9831675291061401,0,0.001,,0.16276249651886554,0.005,0.29681890117782456,0,,"175, 355",9p,Area_9_Posterior,Dorsolateral_Prefrontal,22.0,71.0,"3426, 2488",idx_L,175,175.0
5,176.0,2.0231363773345947,0,0.001,,0.021529544476849155,0.005,0.08404802940000727,0,,"176, 356",a9-46v,Area_anterior_9-46v,Dorsolateral_Prefrontal,22.0,85.0,"3314, 2628",idx_L,176,176.0
5,177.0,0.4100312292575836,0,0.001,,0.3408915195266415,0.005,0.42848903073627387,0,,"177, 357",i6-8,Inferior_6-8_Transitional_Area,Dorsolateral_Prefrontal,22.0,97.0,"1764, 2418",idx_L,177,177.0
5,178.0,2.460261106491089,0,0.001,,0.006941798361999777,0.005,0.040949576467802215,0,,"178, 358",p9-46v,Area_posterior_9-46v,Dorsolateral_Prefrontal,22.0,83.0,"2871, 4635",idx_L,178,178.0
5,179.0,-0.03804183751344681,0,0.001,,0.48482716232137657,0.005,0.4933329020112253,0,,"179, 359",s6-8,Superior_6-8_Transitional_Area,Dorsolateral_Prefrontal,22.0,98.0,"1336, 2132",idx_L,179,179.0
5,180.0,1.563739538192749,0,0.001,,0.058939374216467944,0.005,0.1543831350444257,0,,"180, 360",SFL,Superior_Frontal_Language_Area,Dorsolateral_Prefrontal,22.0,26.0,"3873, 3055",idx_L,180,180.0
5,181.0,1.8832298517227173,0,0.001,,0.02983461259487091,0.005,0.09912872744828015,0,,"1, 181",V1,Primary_Visual_Cortex,Primary_Visual,1.0,1.0,"13,812, 13,406",idx_R,181,181.0
5,182.0,2.444835662841797,0,0.001,,0.007245907914493319,0.005,0.04143434666597588,0,,"2, 182",V2,Second_Visual_Area,Early_Visual,2.0,4.0,"9515, 9420",idx_R,182,182.0
5,183.0,2.2801554203033447,0,0.001,,0.011299236130507675,0.005,0.05461297463078709,0,,"3, 183",V3,Third_Visual_Area,Early_Visual,2.0,5.0,"7106, 7481",idx_R,183,183.0
5,184.0,2.298229932785034,0,0.001,,0.010774352960259704,0.005,0.05334618660811512,0,,"4, 184",V4,Fourth_Visual_Area,Early_Visual,2.0,6.0,"4782, 4537",idx_R,184,184.0
5,185.0,2.4785656929016113,0,0.001,,0.006595590864853831,0.005,0.04057287713834326,0,,"5, 185",IPS1,IntraParietal_Sulcus_Area_1,Dorsal_Stream_Visual,3.0,17.0,"1751, 1750",idx_R,185,185.0
5,186.0,2.2179114818573,0,0.001,,0.01328043424109835,0.005,0.061975359791792306,0,,"6, 186",V3A,Area_V3A,Dorsal_Stream_Visual,3.0,13.0,"2191, 2212",idx_R,186,186.0
5,187.0,2.8454909324645996,0,0.001,,0.0022171510960783646,0.005,0.02714243648618939,0,,"7, 187",V3B,Area_V3B,Dorsal_Stream_Visual,3.0,19.0,"639, 731",idx_R,187,187.0
5,188.0,1.5873541831970215,0,0.001,,0.056216224964424286,0.005,0.1512504416416005,0,,"8, 188",V6,Sixth_Visual_Area,Dorsal_Stream_Visual,3.0,3.0,"1402, 1559",idx_R,188,188.0
5,189.0,1.871285080909729,0,0.001,,0.030652788656256612,0.005,0.10036316285838859,0,,"9, 189",V6A,Area_V6A,Dorsal_Stream_Visual,3.0,152.0,"904, 734",idx_R,189,189.0
5,190.0,2.737504005432129,0,0.001,,0.0030953683094176753,0.005,0.02744269947426984,0,,"10, 190",V7,Seventh_Visual_Area,Dorsal_Stream_Visual,3.0,16.0,"1005, 1041",idx_R,190,190.0
5,191.0,2.5288422107696533,0,0.001,,0.005721973146061902,0.005,0.0374696951177602,0,,"11, 191",FFC,Fusiform_Face_Complex,Ventral_Stream_Visual,4.0,18.0,"3848, 4402",idx_R,191,191.0
5,192.0,1.4224470853805542,0,0.001,,0.07744825119679005,0.005,0.18457459060526743,0,,"12, 192",PIT,Posterior_InferoTemporal_complex,Ventral_Stream_Visual,4.0,22.0,"1392, 1386",idx_R,192,192.0
5,193.0,1.8621340990066528,0,0.001,,0.03129209532157897,0.005,0.1016367256044885,0,,"13, 193",V8,Eighth_Visual_Area,Ventral_Stream_Visual,4.0,7.0,"1361, 1175",idx_R,193,193.0
5,194.0,1.7970892190933228,0,0.001,,0.03616072847832668,0.005,0.11380818420310566,0,,"14, 194",VMV1,VentroMedial_Visual_Area_1,Ventral_Stream_Visual,4.0,153.0,"939, 1219",idx_R,194,194.0
5,195.0,0.73191899061203,0,0.001,,0.23210900713850635,0.005,0.3583127638716106,0,,"15, 195",VMV2,VentroMedial_Visual_Area_2,Ventral_Stream_Visual,4.0,160.0,"639, 923",idx_R,195,195.0
5,196.0,1.977537989616394,0,0.001,,0.023990425376818683,0.005,0.08811365655470219,0,,"16, 196",VMV3,VentroMedial_Visual_Area_3,Ventral_Stream_Visual,4.0,154.0,"941, 1242",idx_R,196,196.0
5,197.0,1.9899482727050781,0,0.001,,0.02329831697948102,0.005,0.08773161887811944,0,,"17, 197",VVC,Ventral_Visual_Complex,Ventral_Stream_Visual,4.0,163.0,"2487, 2753",idx_R,197,197.0
5,198.0,0.6639967560768127,0,0.001,,0.253346193649133,0.005,0.37815645081451477,0,,"18, 198",FST,Area_FST,MT + _Complex,5.0,157.0,"1324, 1683",idx_R,198,198.0
5,199.0,2.4593489170074463,0,0.001,,0.006959463428222883,0.005,0.040949576467802215,0,,"19, 199",LO1,Area_Lateral_Occipital_1,MT + _Complex,5.0,20.0,"619, 909",idx_R,199,199.0
5,200.0,2.5176751613616943,0,0.001,,0.005906610722580053,0.005,0.03747006177136721,0,,"20, 200",LO2,Area_Lateral_Occipital_2,MT + _Complex,5.0,21.0,"1179, 1062",idx_R,200,200.0
5,201.0,2.4541821479797363,0,0.001,,0.007060271804793486,0.005,0.040949576467802215,0,,"21, 201",LO3,Area_Lateral_Occipital_3,MT + _Complex,5.0,159.0,"438, 915",idx_R,201,201.0
5,202.0,-0.06159614399075508,0,0.001,,0.4754422238815409,0.005,0.4880834989800772,0,,"22, 202",MST,Medial_Superior_Temporal_Area,MT + _Complex,5.0,2.0,"794, 1036",idx_R,202,202.0
5,203.0,0.9791126847267151,0,0.001,,0.16376215237397218,0.005,0.29681890117782456,0,,"23, 203",MT,Middle_Temporal_Area,MT + _Complex,5.0,23.0,"620, 1005",idx_R,203,203.0
5,204.0,2.6991326808929443,0,0.001,,0.0034760226687926775,0.005,0.02822530407059654,0,,"24, 204",PH,Area_PH,MT + _Complex,5.0,138.0,"3453, 3205",idx_R,204,204.0
5,205.0,3.2557456493377686,1,0.001,+,0.0005654750815147996,0.005,0.011479144154750433,0,,"25, 205",V3CD,Area_V3CD,MT + _Complex,5.0,158.0,"876, 1222",idx_R,205,205.0
5,206.0,0.9374018311500549,0,0.001,,0.17427594969167864,0.005,0.3054704308328399,0,,"26, 206",V4t,Area_V4t,MT + _Complex,5.0,156.0,"1037, 1249",idx_R,206,206.0
5,207.0,-1.0015605688095093,0,0.001,,0.15827793661056622,0.005,0.2961329136584787,0,,"27, 207",1,Area_1,SomaSens_Motor,6.0,51.0,"6590, 5925",idx_R,207,207.0
5,208.0,0.5793604850769043,0,0.001,,0.2811729804855426,0.005,0.4017760932579941,0,,"28, 208",2,Area_2,SomaSens_Motor,6.0,52.0,"4278, 4727",idx_R,208,208.0
5,209.0,-1.0664678812026978,0,0.001,,0.1431060952025645,0.005,0.27799557249876167,0,,"29, 209",3a,Area_3a,SomaSens_Motor,6.0,53.0,"2247, 2286",idx_R,209,209.0
5,210.0,-0.16280771791934967,0,0.001,,0.43533491566518856,0.005,0.4676976808666645,0,,"30, 210",3b,Primary_Sensory_Cortex,SomaSens_Motor,6.0,9.0,"5451, 4350",idx_R,210,210.0
5,211.0,-0.6970370411872864,0,0.001,,0.24288980653528158,0.005,0.3679900501001496,0,,"31, 211",4,Primary_Motor_Cortex,SomaSens_Motor,6.0,8.0,"10,776, 10,254",idx_R,211,211.0
5,212.0,-1.411128282546997,0,0.001,,0.07910339597368604,0.005,0.18457459060526743,0,,"32, 212",23c,Area_23c,ParaCentral_MidCing,7.0,38.0,"2259, 2498",idx_R,212,212.0
5,213.0,-0.36295580863952637,0,0.001,,0.35831894800487696,0.005,0.439308633316571,0,,"33, 213",24dd,Dorsal_Area_24d,ParaCentral_MidCing,7.0,40.0,"2665, 2820",idx_R,213,213.0
5,214.0,-0.26551496982574463,0,0.001,,0.3953063896641926,0.005,0.4601793237528855,0,,"34, 214",24dv,Ventral_Area_24d,ParaCentral_MidCing,7.0,41.0,"1076, 1349",idx_R,214,214.0
5,215.0,-0.5691574215888977,0,0.001,,0.28462465646432333,0.005,0.40177652979044065,0,,"35, 215",5L,Area_5L,ParaCentral_MidCing,7.0,39.0,"2249, 2327",idx_R,215,215.0
5,216.0,-0.054003745317459106,0,0.001,,0.4784660901331791,0.005,0.4880834989800772,0,,"36, 216",5 m,Area_5m,ParaCentral_MidCing,7.0,36.0,"1483, 2079",idx_R,216,216.0
5,217.0,-0.1704881638288498,0,0.001,,0.43231312099758507,0.005,0.4676976808666645,0,,"37, 217",5mv,Area_5m_ventral,ParaCentral_MidCing,7.0,37.0,"1651, 1996",idx_R,217,217.0
5,218.0,0.5752689838409424,0,0.001,,0.2825546973125813,0.005,0.4017760932579941,0,,"38, 218",6ma,Area_6m_anterior,ParaCentral_MidCing,7.0,44.0,"3941, 4251",idx_R,218,218.0
5,219.0,0.443094402551651,0,0.001,,0.32884872686001226,0.005,0.4225746701565114,0,,"39, 219",6mp,Area_6mp,ParaCentral_MidCing,7.0,55.0,"3701, 3105",idx_R,219,219.0
5,220.0,2.0787131786346436,0,0.001,,0.01882186048136445,0.005,0.07718863995387847,0,,"40, 220",SCEF,Supplementary_and_Cingulate_Eye_Field,ParaCentral_MidCing,7.0,43.0,"3500, 3371",idx_R,220,220.0
5,221.0,0.6371142268180847,0,0.001,,0.2620252211321248,0.005,0.3826699272649017,0,,"41, 221",55b,Area_55b,Premotor,8.0,12.0,"2422, 1537",idx_R,221,221.0
5,222.0,1.0508720874786377,0,0.001,,0.14665867082455886,0.005,0.28354009692748045,0,,"42, 222",6a,Area_6_anterior,Premotor,8.0,96.0,"4233, 3752",idx_R,222,222.0
5,223.0,-1.5331467390060425,0,0.001,,0.06261985190802434,0.005,0.16125905778385854,0,,"43, 223",6d,Dorsal_area_6,Premotor,8.0,54.0,"2916, 2909",idx_R,223,223.0
5,224.0,1.2376222610473633,0,0.001,,0.10792807812658611,0.005,0.23184550116081465,0,,"44, 224",6r,Rostral_Area_6,Premotor,8.0,78.0,"3029, 3981",idx_R,224,224.0
5,225.0,1.746781826019287,0,0.001,,0.04033759512543543,0.005,0.1216289485145434,0,,"45, 225",6v,Ventral_Area_6,Premotor,8.0,56.0,"2075, 2516",idx_R,225,225.0
5,226.0,0.824803352355957,0,0.001,,0.20474162156420744,0.005,0.33928611573497236,0,,"46, 226",FEF,Frontal_Eye_Fields,Premotor,8.0,10.0,"1787, 1889",idx_R,226,226.0
5,227.0,0.7857904434204102,0,0.001,,0.21599513311674373,0.005,0.34398013082289736,0,,"47, 227",PEF,Premotor_Eye_Field,Premotor,8.0,11.0,"1006, 1258",idx_R,227,227.0
5,228.0,-0.8403050899505615,0,0.001,,0.20036867414108522,0.005,0.3349134619843541,0,,"48, 228",43,Area_43,Posterior_Opercular,9.0,99.0,"1889, 1678",idx_R,228,228.0
5,229.0,1.460321068763733,0,0.001,,0.07210092714754354,0.005,0.17741197831456168,0,,"49, 229",FOP1,Frontal_Opercular_Area_1,Posterior_Opercular,9.0,113.0,"879, 932",idx_R,229,229.0
5,230.0,-0.7408596277236938,0,0.001,,0.22938927829114264,0.005,0.35753640652150687,0,,"50, 230",OP1,Area_OP1-SII,Posterior_Opercular,9.0,101.0,"1275, 1072",idx_R,230,230.0
5,231.0,0.46868419647216797,0,0.001,,0.31964769236234514,0.005,0.41955091274348794,0,,"51, 231",OP2-3,Area_OP2-3-VS,Posterior_Opercular,9.0,102.0,"943, 792",idx_R,231,231.0
5,232.0,-0.9818254113197327,0,0.001,,0.1630929334756896,0.005,0.29681890117782456,0,,"52, 232",OP4,Area_OP4-PV,Posterior_Opercular,9.0,100.0,"2332, 2409",idx_R,232,232.0
5,233.0,-0.4374326765537262,0,0.001,,0.330898795325274,0.005,0.4225746701565114,0,,"53, 233",52,Area_52,Early_Auditory,10.0,103.0,"725, 580",idx_R,233,233.0
5,234.0,-1.139636754989624,0,0.001,,0.1272188329954313,0.005,0.25569725839675794,0,,"54, 234",A1,Primary_Auditory_Cortex,Early_Auditory,10.0,24.0,"1023, 796",idx_R,234,234.0
5,235.0,0.49870771169662476,0,0.001,,0.30899265552282795,0.005,0.4176676159553053,0,,"55, 235",LBelt,Lateral_Belt_Complex,Early_Auditory,10.0,174.0,"820, 901",idx_R,235,235.0
5,236.0,-0.7884619832038879,0,0.001,,0.21521326365419802,0.005,0.34398013082289736,0,,"56, 236",MBelt,Medial_Belt_Complex,Early_Auditory,10.0,173.0,"1242, 1236",idx_R,236,236.0
5,237.0,-0.6454840302467346,0,0.001,,0.25930678201605073,0.005,0.3814440344149152,0,,"57, 237",PBelt,ParaBelt_Complex,Early_Auditory,10.0,124.0,"1719, 1439",idx_R,237,237.0
5,238.0,0.7960768938064575,0,0.001,,0.21299367168288624,0.005,0.34398013082289736,0,,"58, 238",PFcm,Area_PFcm,Early_Auditory,10.0,105.0,"1486, 1485",idx_R,238,238.0
5,239.0,0.08945332467556,0,0.001,,0.4643608231621449,0.005,0.4871588997515008,0,,"59, 239",RI,RetroInsular_Cortex,Early_Auditory,10.0,104.0,"1149, 1334",idx_R,239,239.0
5,240.0,-0.01621299237012863,0,0.001,,0.49353223520695577,0.005,0.49700253230674035,0,,"60, 240",A4,Auditory_4_Complex,Auditory_Association,11.0,175.0,"3514, 3610",idx_R,240,240.0
5,241.0,-0.2169700562953949,0,0.001,,0.4141158403444454,0.005,0.4659418102211045,0,,"61, 241",A5,Auditory_5_Complex,Auditory_Association,11.0,125.0,"3346, 3881",idx_R,241,241.0
5,242.0,-0.17541718482971191,0,0.001,,0.4303759192001789,0.005,0.4676976808666645,0,,"62, 242",STGa,Area_STGa,Auditory_Association,11.0,123.0,"2509, 2187",idx_R,242,242.0
5,243.0,-1.7394886016845703,0,0.001,,0.04097442772158911,0.005,0.1216289485145434,0,,"63, 243",STSda,Area_STSd_anterior,Auditory_Association,11.0,128.0,"1944, 2389",idx_R,243,243.0
5,244.0,-0.4272521734237671,0,0.001,,0.3345978319076884,0.005,0.42346162112979246,0,,"64, 244",STSdp,Area_STSd_posterior,Auditory_Association,11.0,129.0,"1994, 2605",idx_R,244,244.0
5,245.0,-1.2472082376480103,0,0.001,,0.10616057660099076,0.005,0.22998987080065783,0,,"65, 245",STSva,Area_STSv_anterior,Auditory_Association,11.0,176.0,"1694, 1900",idx_R,245,245.0
5,246.0,0.5120697021484375,0,0.001,,0.30430111406253446,0.005,0.4145847392932516,0,,"66, 246",STSvp,Area_STSv_posterior,Auditory_Association,11.0,130.0,"2898, 2515",idx_R,246,246.0
5,247.0,0.40230849385261536,0,0.001,,0.34372850218137985,0.005,0.4306847374103356,0,,"67, 247",TA2,Area_TA2,Auditory_Association,11.0,107.0,"1518, 1726",idx_R,247,247.0
5,248.0,2.3586790561676025,0,0.001,,0.009170054812229423,0.005,0.04658555451272827,0,,"68, 248",AAIC,Anterior_Agranular_Insula_Complex,Insula_FrontalOperc,12.0,112.0,"1859, 1691",idx_R,248,248.0
5,249.0,4.6498589515686035,1,0.001,+,1.6608105591348404e-06,0.005,0.0002247630290029151,1,+,"69, 249",AVI,Anterior_Ventral_Insular_Area,Insula_FrontalOperc,12.0,111.0,"1446, 1792",idx_R,249,249.0
5,250.0,-0.4525071978569031,0,0.001,,0.32545181852941196,0.005,0.4225746701565114,0,,"70, 250",FOP2,Frontal_Opercular_Area_2,Insula_FrontalOperc,12.0,115.0,"750, 720",idx_R,250,250.0
5,251.0,0.4949607849121094,0,0.001,,0.3103139010474043,0.005,0.4176676159553053,0,,"71, 251",FOP3,Frontal_Opercular_Area_3,Insula_FrontalOperc,12.0,114.0,"754, 614",idx_R,251,251.0
5,252.0,1.4862335920333862,0,0.001,,0.06860867255201465,0.005,0.17089031322771747,0,,"72, 252",FOP4,Frontal_Opercular_Area_4,Insula_FrontalOperc,12.0,108.0,"2522, 1678",idx_R,252,252.0
5,253.0,2.790428638458252,0,0.001,,0.0026319151281648675,0.005,0.02714243648618939,0,,"73, 253",FOP5,Area_Frontal_Opercular_5,Insula_FrontalOperc,12.0,169.0,"1297, 1365",idx_R,253,253.0
5,254.0,-0.5261993408203125,0,0.001,,0.2993748559858912,0.005,0.4120209882382096,0,,"74, 254",Ig,Insular_Granular_Complex,Insula_FrontalOperc,12.0,168.0,"841, 1077",idx_R,254,254.0
5,255.0,2.9252517223358154,0,0.001,,0.0017208884671683611,0.005,0.02244895988196662,0,,"75, 255",MI,Middle_Insular_Area,Insula_FrontalOperc,12.0,109.0,"2102, 1960",idx_R,255,255.0
5,256.0,0.5155512690544128,0,0.001,,0.3030839264763708,0.005,0.41431674797779977,0,,"76, 256",PI,Para-Insular_Area,Insula_FrontalOperc,12.0,178.0,"1033, 1058",idx_R,256,256.0
5,257.0,-0.15688057243824005,0,0.001,,0.4376694856022356,0.005,0.4676976808666645,0,,"77, 257",Pir,Pirform_Cortex,Insula_FrontalOperc,12.0,110.0,"2287, 1856",idx_R,257,257.0
5,258.0,1.0718640089035034,0,0.001,,0.14189055895518327,0.005,0.27695945642213654,0,,"78, 258",PoI1,Area_Posterior_Insular_1,Insula_FrontalOperc,12.0,167.0,"1811, 1835",idx_R,258,258.0
5,259.0,-0.48872867226600647,0,0.001,,0.31251690090966844,0.005,0.41790689941521536,0,,"79, 259",PoI2,Posterior_Insular_Area_2,Insula_FrontalOperc,12.0,106.0,"2747, 2675",idx_R,259,259.0
5,260.0,-0.6399463415145874,0,0.001,,0.2611037423411098,0.005,0.3826699272649017,0,,"80, 260",H,Hippocampus,Medial_Temporal,13.0,120.0,"4283, 3626",idx_R,260,260.0
5,261.0,-0.283358633518219,0,0.001,,0.3884509675378368,0.005,0.4584624791289586,0,,"81, 261",PreS,PreSubiculum,Medial_Temporal,13.0,119.0,"1817, 1558",idx_R,261,261.0
5,262.0,-0.21672748029232025,0,0.001,,0.4142103653913809,0.005,0.4659418102211045,0,,"82, 262",EC,Entorhinal_Cortex,Medial_Temporal,13.0,118.0,"2127, 2110",idx_R,262,262.0
5,263.0,2.9991133213043213,0,0.001,,0.0013538328877936948,0.005,0.019630576873008575,0,,"83, 263",PeEc,Perirhinal_Ectorhinal_Cortex,Medial_Temporal,13.0,122.0,"4826, 4755",idx_R,263,263.0
5,264.0,0.17669986188411713,0,0.001,,0.42987207468432886,0.005,0.4676976808666645,0,,"84, 264",TF,Area_TF,Medial_Temporal,13.0,135.0,"3986, 4752",idx_R,264,264.0
5,265.0,-2.645966053009033,0,0.001,,0.004072899532541347,0.005,0.03119994736248654,0,,"85, 265",PHA1,ParaHippocampal_Area_1,Medial_Temporal,13.0,126.0,"1281, 1168",idx_R,265,265.0
5,266.0,-0.4381273686885834,0,0.001,,0.3306469778419858,0.005,0.4225746701565114,0,,"86, 266",PHA2,ParaHippocampal_Area_2,Medial_Temporal,13.0,155.0,"783, 771",idx_R,266,266.0
5,267.0,0.006697950419038534,0,0.001,,0.4973279243651779,0.005,0.4985345466373336,0,,"87, 267",PHA3,ParaHippocampal_Area_3,Medial_Temporal,13.0,127.0,"2023, 1122",idx_R,267,267.0
5,268.0,0.927409291267395,0,0.001,,0.176857034195471,0.005,0.3059826500292408,0,,"88, 268",PHT,Area_PHT,Lateral_Temporal,14.0,137.0,"4182, 3410",idx_R,268,268.0
5,269.0,-1.1398147344589233,0,0.001,,0.12718174689369255,0.005,0.25569725839675794,0,,"89, 269",TE1a,Area_TE1_anterior,Lateral_Temporal,14.0,132.0,"5227, 4180",idx_R,269,269.0
5,270.0,0.1933164894580841,0,0.001,,0.42335555659095914,0.005,0.46707161949980813,0,,"90, 270",TE1m,Area_TE1_Middle,Lateral_Temporal,14.0,177.0,"3339, 3429",idx_R,270,270.0
5,271.0,2.0397558212280273,0,0.001,,0.02068732601934848,0.005,0.08154421712481051,0,,"91, 271",TE1p,Area_TE1_posterior,Lateral_Temporal,14.0,133.0,"7116, 6010",idx_R,271,271.0
5,272.0,1.2985296249389648,0,0.001,,0.09705270157679069,0.005,0.21769832508385092,0,,"92, 272",TE2a,Area_TE2_anterior,Lateral_Temporal,14.0,134.0,"5691, 5753",idx_R,272,272.0
5,273.0,0.9870977997779846,0,0.001,,0.16179734814940344,0.005,0.29681890117782456,0,,"93, 273",TE2p,Area_TE2_posterior,Lateral_Temporal,14.0,136.0,"4115, 3040",idx_R,273,273.0
5,274.0,1.230305790901184,0,0.001,,0.10929130830541267,0.005,0.2323155558743327,0,,"94, 274",TGd,Area_TG_dorsal,Lateral_Temporal,14.0,131.0,"10,192, 10,269",idx_R,274,274.0
5,275.0,-0.25126102566719055,0,0.001,,0.40080615287749094,0.005,0.4636105358070123,0,,"95, 275",TGv,Area_TG_Ventral,Lateral_Temporal,14.0,172.0,"3694, 4515",idx_R,275,275.0
5,276.0,1.0228575468063354,0,0.001,,0.15318760220439526,0.005,0.28927519299992777,0,,"96, 276",PSL,PeriSylvian_Language_Area,TPO,15.0,25.0,"2154, 2759",idx_R,276,276.0
5,277.0,-1.2852680683135986,0,0.001,,0.09934931227022564,0.005,0.22041432121153884,0,,"97, 277",STV,Superior_Temporal_Visual_Area,TPO,15.0,28.0,"2322, 2294",idx_R,277,277.0
5,278.0,-0.7243712544441223,0,0.001,,0.23441892130131553,0.005,0.3605078865467201,0,,"98, 278",TPOJ1,Area_TemporoParietoOccipital_Junction_1,TPO,15.0,139.0,"2102, 3938",idx_R,278,278.0
5,279.0,-1.155639886856079,0,0.001,,0.12391424290986591,0.005,0.25569725839675794,0,,"99, 279",TPOJ2,Area_TemporoParietoOccipital_Junction_2,TPO,15.0,140.0,"1930, 2068",idx_R,279,279.0
5,280.0,-1.8803292512893677,0,0.001,,0.03003160954713906,0.005,0.09912872744828015,0,,"100, 280",TPOJ3,Area_TemporoParietoOccipital_Junction_3,TPO,15.0,141.0,"1290, 1277",idx_R,280,280.0
5,281.0,1.532042384147644,0,0.001,,0.06275598800455578,0.005,0.16125905778385854,0,,"101, 281",7AL,Lateral_Area_7A,Superior_Parietal,16.0,42.0,"2134, 2030",idx_R,281,281.0
5,282.0,-0.4123515784740448,0,0.001,,0.3400408743671445,0.005,0.42848903073627387,0,,"102, 282",7Am,Medial_Area_7A,Superior_Parietal,16.0,45.0,"2995, 2379",idx_R,282,282.0
5,283.0,2.8056113719940186,0,0.001,,0.0025110611300015683,0.005,0.02714243648618939,0,,"103, 283",7PC,Area_7PC,Superior_Parietal,16.0,47.0,"3151, 3415",idx_R,283,283.0
5,284.0,1.2992582321166992,0,0.001,,0.09692766160016947,0.005,0.21769832508385092,0,,"104, 284",7Pl,Lateral_Area_7P,Superior_Parietal,16.0,46.0,"1695, 1363",idx_R,284,284.0
5,285.0,-2.473036050796509,0,0.001,,0.006698531390153868,0.005,0.040591100662723444,0,,"105, 285",7Pm,Medial_Area_7P,Superior_Parietal,16.0,29.0,"1601, 1308",idx_R,285,285.0
5,286.0,2.548830986022949,0,0.001,,0.005404233398498381,0.005,0.03658337293109493,0,,"106, 286",AIP,Anterior_IntraParietal_Area,Superior_Parietal,16.0,117.0,"1999, 2542",idx_R,286,286.0
5,287.0,1.0845695734024048,0,0.001,,0.13905616856881764,0.005,0.27539904604360954,0,,"107, 287",LIPd,Area_Lateral_IntraParietal_dorsal,Superior_Parietal,16.0,95.0,"1008, 869",idx_R,287,287.0
5,288.0,2.1993496417999268,0,0.001,,0.013926535217089853,0.005,0.06332121054315655,0,,"108, 288",LIPv,Area_Lateral_IntraParietal_ventral,Superior_Parietal,16.0,48.0,"1681, 1783",idx_R,288,288.0
5,289.0,0.9758580923080444,0,0.001,,0.16456739604984988,0.005,0.2969527235388402,0,,"109, 289",MIP,Medial_IntraParietal_Area,Superior_Parietal,16.0,50.0,"1872, 2403",idx_R,289,289.0
5,290.0,2.7376868724823,0,0.001,,0.0030936478240024628,0.005,0.02744269947426984,0,,"110, 290",VIP,Ventral_IntraParietal_Complex,Superior_Parietal,16.0,49.0,"1890, 1577",idx_R,290,290.0
5,291.0,2.1697261333465576,0,0.001,,0.015013799539125178,0.005,0.0651417639965753,0,,"111, 291",IP0,Area_IntraParietal_0,Inferior_Parietal,17.0,146.0,"1203, 1239",idx_R,291,291.0
5,292.0,-0.493927001953125,0,0.001,,0.31067886704064585,0.005,0.4176676159553053,0,,"112, 292",IP1,Area_IntraParietal_1,Inferior_Parietal,17.0,145.0,"1692, 1632",idx_R,292,292.0
5,293.0,1.0787616968154907,0,0.001,,0.1403469870014818,0.005,0.2760817634999183,0,,"113, 293",IP2,Area_IntraParietal_2,Inferior_Parietal,17.0,144.0,"2102, 1861",idx_R,293,293.0
5,294.0,0.9801244139671326,0,0.001,,0.16351235465180658,0.005,0.29681890117782456,0,,"114, 294",PF,Area_PF_Complex,Inferior_Parietal,17.0,148.0,"5457, 5251",idx_R,294,294.0
5,295.0,0.08067845553159714,0,0.001,,0.4678488354739238,0.005,0.48787453881584675,0,,"115, 295",PFm,Area_PFm_Complex,Inferior_Parietal,17.0,149.0,"8220, 8141",idx_R,295,295.0
5,296.0,0.5262370109558105,0,0.001,,0.2993617708581139,0.005,0.4120209882382096,0,,"116, 296",PFop,Area_PF_Opercular,Inferior_Parietal,17.0,147.0,"1797, 1783",idx_R,296,296.0
5,297.0,0.15857113897800446,0,0.001,,0.43700338440269165,0.005,0.4676976808666645,0,,"117, 297",PFt,Area_PFt,Inferior_Parietal,17.0,116.0,"1983, 2039",idx_R,297,297.0
5,298.0,-3.02012300491333,0,0.001,,0.0012633602329689088,0.005,0.019630576873008575,0,,"118, 298",PGi,Area_PGi,Inferior_Parietal,17.0,150.0,"4791, 4970",idx_R,298,298.0
5,299.0,-1.708333134651184,0,0.001,,0.043787273229785754,0.005,0.12602126537149286,0,,"119, 299",PGp,Area_PGp,Inferior_Parietal,17.0,143.0,"2501, 3740",idx_R,299,299.0
5,300.0,-2.6519877910614014,0,0.001,,0.004000971763996037,0.005,0.03119994736248654,0,,"120, 300",PGs,Area_PGs,Inferior_Parietal,17.0,151.0,"4552, 3366",idx_R,300,300.0
5,301.0,0.20632530748844147,0,0.001,,0.41826840564165163,0.005,0.4659418102211045,0,,"121, 301",23d,Area_23d,Posterior_Cingulate,18.0,32.0,"1261, 1513",idx_R,301,301.0
5,302.0,-2.5486905574798584,0,0.001,,0.0054064097927726505,0.005,0.03658337293109493,0,,"122, 302",31a,Area_31a,Posterior_Cingulate,18.0,162.0,"1260, 1116",idx_R,302,302.0
5,303.0,-4.912594795227051,1,0.001,-,4.493945182049315e-07,0.005,0.0001824541743912022,1,-,"123, 303",31pd,Area_31pd,Posterior_Cingulate,18.0,161.0,"1428, 864",idx_R,303,303.0
5,304.0,-3.513047933578491,1,0.001,-,0.00022149877499664307,0.005,0.006917577126818238,0,,"124, 304",31pv,Area_31p_ventral,Posterior_Cingulate,18.0,35.0,"950, 1022",idx_R,304,304.0
5,305.0,-4.760756015777588,1,0.001,-,9.643454979094953e-07,0.005,0.00019576213607562753,1,-,"125, 305",7 m,Area_7m,Posterior_Cingulate,18.0,30.0,"2128, 2067",idx_R,305,305.0
5,306.0,-1.4980494976043701,0,0.001,,0.06706019540796627,0.005,0.16806444034342166,0,,"126, 306",d23ab,Area_dorsal_23_a + b,Posterior_Cingulate,18.0,34.0,"1607, 1106",idx_R,306,306.0
5,307.0,-0.28021562099456787,0,0.001,,0.38965604137142634,0.005,0.4585517472370988,0,,"127, 307",DVT,Dorsal_Transitional_Visual_Area,Posterior_Cingulate,18.0,142.0,"1806, 2176",idx_R,307,307.0
5,308.0,-2.5571749210357666,0,0.001,,0.0052763069290972485,0.005,0.03658337293109493,0,,"128, 308",PCV,PreCuneus_Visual_Area,Posterior_Cingulate,18.0,27.0,"2245, 2416",idx_R,308,308.0
5,309.0,-3.758162260055542,1,0.001,-,8.558293806381855e-05,0.005,0.0031587884412645753,1,-,"129, 309",POS1,Parieto-Occipital_Sulcus_Area_1,Posterior_Cingulate,18.0,31.0,"2531, 2727",idx_R,309,309.0
5,310.0,-2.780250310897827,0,0.001,,0.002715850627073582,0.005,0.02714243648618939,0,,"130, 310",POS2,Parieto-Occipital_Sulcus_Area_2,Posterior_Cingulate,18.0,15.0,"3261, 3093",idx_R,310,310.0
5,311.0,0.7911639213562012,0,0.001,,0.21442417101196648,0.005,0.34398013082289736,0,,"131, 311",ProS,ProStriate_Area,Posterior_Cingulate,18.0,121.0,"1222, 1055",idx_R,311,311.0
5,312.0,-4.1461262702941895,1,0.001,-,1.6907369761212757e-05,0.005,0.0015403410535410381,1,-,"132, 312",RSC,RetroSplenial_Complex,Posterior_Cingulate,18.0,14.0,"2830, 3067",idx_R,312,312.0
5,313.0,-4.023053169250488,1,0.001,-,2.8724260411598265e-05,0.005,0.0016660071038726995,1,-,"133, 313",v23ab,Area_ventral_23_a + b,Posterior_Cingulate,18.0,33.0,"916, 1089",idx_R,313,313.0
5,314.0,-0.56803959608078,0,0.001,,0.2850040408365687,0.005,0.40177652979044065,0,,"134, 314",10r,Area_10r,AntCing_MedPFC,19.0,65.0,"1589, 1053",idx_R,314,314.0
5,315.0,-1.4428938627243042,0,0.001,,0.07452518614671348,0.005,0.18049387869451888,0,,"135, 315",10v,Area_10v,AntCing_MedPFC,19.0,88.0,"3906, 2667",idx_R,315,315.0
5,316.0,-0.23017944395542145,0,0.001,,0.40897616719093244,0.005,0.46511015092302116,0,,"136, 316",25,Area_25,AntCing_MedPFC,19.0,164.0,"1911, 2135",idx_R,316,316.0
5,317.0,1.290887713432312,0,0.001,,0.09837130822875612,0.005,0.21944368758722518,0,,"137, 317",33pr,Area_33_prime,AntCing_MedPFC,19.0,58.0,"1354, 1316",idx_R,317,317.0
5,318.0,2.7392396926879883,0,0.001,,0.0030790729426908425,0.005,0.02744269947426984,0,,"138, 318",8BM,Area_8BM,AntCing_MedPFC,19.0,63.0,"3122, 3436",idx_R,318,318.0
5,319.0,0.4426319897174835,0,0.001,,0.3290159711615515,0.005,0.4225746701565114,0,,"139, 319",9 m,Area_9_Middle,AntCing_MedPFC,19.0,69.0,"6338, 5881",idx_R,319,319.0
5,320.0,1.0355615615844727,0,0.001,,0.15020336616795055,0.005,0.2887485315795028,0,,"140, 320",a24,Area_a24,AntCing_MedPFC,19.0,61.0,"2085, 2152",idx_R,320,320.0
5,321.0,2.2989256381988525,0,0.001,,0.010754581135152461,0.005,0.05334618660811512,0,,"141, 321",a24pr,Anterior_24_prime,AntCing_MedPFC,19.0,59.0,"1095, 1474",idx_R,321,321.0
5,322.0,2.5740606784820557,0,0.001,,0.0050256321922835705,0.005,0.03579660824679175,0,,"142, 322",a32pr,Area_anterior_32_prime,AntCing_MedPFC,19.0,179.0,"1759, 1118",idx_R,322,322.0
5,323.0,2.2740142345428467,0,0.001,,0.011482565342785082,0.005,0.05484613563730286,0,,"143, 323",d32,Area_dorsal_32,AntCing_MedPFC,19.0,62.0,"2228, 2374",idx_R,323,323.0
5,324.0,3.3106932640075684,1,0.001,+,0.00046532580882019923,0.005,0.010495682132277829,0,,"144, 324",p24,Area_posterior_24,AntCing_MedPFC,19.0,180.0,"2394, 2442",idx_R,324,324.0
5,325.0,-1.1541612148284912,0,0.001,,0.12421704019066743,0.005,0.25569725839675794,0,,"145, 325",p24pr,Area_Posterior_24_prime,AntCing_MedPFC,19.0,57.0,"1422, 1724",idx_R,325,325.0
5,326.0,-0.7907112836837769,0,0.001,,0.2145562450003189,0.005,0.34398013082289736,0,,"146, 326",p32,Area_p32,AntCing_MedPFC,19.0,64.0,"1180, 1765",idx_R,326,326.0
5,327.0,3.0277888774871826,0,0.001,,0.0012317506521556127,0.005,0.019630576873008575,0,,"147, 327",p32pr,Area_p32_prime,AntCing_MedPFC,19.0,60.0,"1569, 1305",idx_R,327,327.0
5,328.0,0.9551480412483215,0,0.001,,0.1697514186041279,0.005,0.30227664891787687,0,,"148, 328",pOFC,Posterior_OFC_Complex,AntCing_MedPFC,19.0,166.0,"2486, 2836",idx_R,328,328.0
5,329.0,0.08611524850130081,0,0.001,,0.4656874010516285,0.005,0.48729145573959065,0,,"149, 329",s32,Area_s32,AntCing_MedPFC,19.0,165.0,"604, 1015",idx_R,329,329.0
5,330.0,-1.7830405235290527,0,0.001,,0.037289853506369465,0.005,0.1163121573023543,0,,"150, 330",10d,Area_10d,OrbPolaFrontal,20.0,72.0,"3644, 3096",idx_R,330,330.0
5,331.0,0.7483506202697754,0,0.001,,0.22712434946617222,0.005,0.35753640652150687,0,,"151, 331",10 pp,Polar_10p,OrbPolaFrontal,20.0,90.0,"1997, 2487",idx_R,331,331.0
5,332.0,1.2040826082229614,0,0.001,,0.11427882564339698,0.005,0.2391608412949442,0,,"152, 332",11 l,Area_11l,OrbPolaFrontal,20.0,91.0,"3531, 3793",idx_R,332,332.0
5,333.0,2.0681345462799072,0,0.001,,0.019313686494927318,0.005,0.0784135671694049,0,,"153, 333",13 l,Area_13l,OrbPolaFrontal,20.0,92.0,"2429, 1757",idx_R,333,333.0
5,334.0,0.23568721115589142,0,0.001,,0.40683769719508933,0.005,0.46511015092302116,0,,"154, 334",47 m,Area_47m,OrbPolaFrontal,20.0,66.0,"799, 781",idx_R,334,334.0
5,335.0,2.8204798698425293,0,0.001,,0.002397594097968481,0.005,0.02714243648618939,0,,"155, 335",47 s,Area_47s,OrbPolaFrontal,20.0,94.0,"2795, 3080",idx_R,335,335.0
5,336.0,0.31689757108688354,0,0.001,,0.37566066255636554,0.005,0.4525763471747312,0,,"156, 336",a10p,Area_anterior_10p,OrbPolaFrontal,20.0,89.0,"1964, 1748",idx_R,336,336.0
5,337.0,0.6904472708702087,0,0.001,,0.24495647925724706,0.005,0.3683419651053419,0,,"157, 337",OFC,Orbital_Frontal_Complex,OrbPolaFrontal,20.0,93.0,"4560, 5232",idx_R,337,337.0
5,338.0,1.5114755630493164,0,0.001,,0.06533366504123442,0.005,0.16492095203821516,0,,"158, 338",p10p,Area_posterior_10p,OrbPolaFrontal,20.0,170.0,"2116, 2365",idx_R,338,338.0
5,339.0,3.2335398197174072,1,0.001,+,0.0006113314505729962,0.005,0.011819074711077926,0,,"159, 339",44,Area_44,Inferior_Frontal,21.0,74.0,"2435, 2589",idx_R,339,339.0
5,340.0,3.424630880355835,1,0.001,+,0.0003078176166018254,0.005,0.00781087202127132,0,,"160, 340",45,Area_45,Inferior_Frontal,21.0,75.0,"3762, 2962",idx_R,340,340.0
5,341.0,1.5710299015045166,0,0.001,,0.05808785171666847,0.005,0.1543831350444257,0,,"161, 341",47 l,Area_47l_(47_lateral),Inferior_Frontal,21.0,76.0,"2527, 2592",idx_R,341,341.0
5,342.0,2.2322752475738525,0,0.001,,0.012798388390387572,0.005,0.0604202986802018,0,,"162, 342",a47r,Area_anterior_47r,Inferior_Frontal,21.0,77.0,"4167, 3763",idx_R,342,342.0
5,343.0,0.2897164225578308,0,0.001,,0.38601659576358355,0.005,0.45785354294925645,0,,"163, 343",IFJa,Area_IFJa,Inferior_Frontal,21.0,79.0,"1513, 1405",idx_R,343,343.0
5,344.0,0.003673355095088482,0,0.001,,0.4985345466373336,0.005,0.4985345466373336,0,,"164, 344",IFJp,Area_IFJp,Inferior_Frontal,21.0,80.0,"960, 740",idx_R,344,344.0
5,345.0,1.4268608093261719,0,0.001,,0.07681000958601808,0.005,0.18452582184570024,0,,"165, 345",IFSa,Area_IFSa,Inferior_Frontal,21.0,82.0,"2057, 2641",idx_R,345,345.0
5,346.0,1.4195396900177002,0,0.001,,0.07787086704952847,0.005,0.18457459060526743,0,,"166, 346",IFSp,Area_IFSp,Inferior_Frontal,21.0,81.0,"1589, 1730",idx_R,346,346.0
5,347.0,2.803544759750366,0,0.001,,0.002527210799308035,0.005,0.02714243648618939,0,,"167, 347",p47r,Area_posterior_47r,Inferior_Frontal,21.0,171.0,"2133, 1761",idx_R,347,347.0
5,348.0,-0.2678978443145752,0,0.001,,0.39438897652931204,0.005,0.4601793237528855,0,,"168, 348",46,Area_46,Dorsolateral_Prefrontal,22.0,84.0,"4863, 4394",idx_R,348,348.0
5,349.0,-3.4749765396118164,1,0.001,-,0.00025544901507291176,0.005,0.007408021437114441,0,,"169, 349",8Ad,Area_8Ad,Dorsolateral_Prefrontal,22.0,68.0,"3386, 3492",idx_R,349,349.0
5,350.0,0.12326983362436295,0,0.001,,0.45094671394780067,0.005,0.4780270649159453,0,,"170, 350",8Av,Area_8Av,Dorsolateral_Prefrontal,22.0,67.0,"4807, 5902",idx_R,350,350.0
5,351.0,0.8573483228683472,0,0.001,,0.19562620496204652,0.005,0.32956115856676715,0,,"171, 351",8BL,Area_8B_Lateral,Dorsolateral_Prefrontal,22.0,70.0,"3377, 4078",idx_R,351,351.0
5,352.0,-0.4876030683517456,0,0.001,,0.31291551089218095,0.005,0.41790689941521536,0,,"172, 352",8C,Area_8C,Dorsolateral_Prefrontal,22.0,73.0,"4085, 3134",idx_R,352,352.0
5,353.0,2.196258544921875,0,0.001,,0.01403672154897559,0.005,0.06332121054315655,0,,"173, 353",9-46d,Area_9-46d,Dorsolateral_Prefrontal,22.0,86.0,"4534, 4666",idx_R,353,353.0
5,354.0,0.3250138759613037,0,0.001,,0.37258528491961174,0.005,0.45020721927786417,0,,"174, 354",9a,Area_9_anterior,Dorsolateral_Prefrontal,22.0,87.0,"3706, 3048",idx_R,354,354.0
5,355.0,0.6920198798179626,0,0.001,,0.2444624223267502,0.005,0.3683419651053419,0,,"175, 355",9p,Area_9_Posterior,Dorsolateral_Prefrontal,22.0,71.0,"3426, 2488",idx_R,355,355.0
5,356.0,1.6759686470031738,0,0.001,,0.04687216701792174,0.005,0.13034314937860428,0,,"176, 356",a9-46v,Area_anterior_9-46v,Dorsolateral_Prefrontal,22.0,85.0,"3314, 2628",idx_R,356,356.0
5,357.0,0.23965595662593842,0,0.001,,0.40529849073350277,0.005,0.46511015092302116,0,,"177, 357",i6-8,Inferior_6-8_Transitional_Area,Dorsolateral_Prefrontal,22.0,97.0,"1764, 2418",idx_R,357,357.0
5,358.0,0.7091878056526184,0,0.001,,0.23910396989659888,0.005,0.3663253274642232,0,,"178, 358",p9-46v,Area_posterior_9-46v,Dorsolateral_Prefrontal,22.0,83.0,"2871, 4635",idx_R,358,358.0
5,359.0,-1.7146896123886108,0,0.001,,0.04320107452897389,0.005,0.1252831161340243,0,,"179, 359",s6-8,Superior_6-8_Transitional_Area,Dorsolateral_Prefrontal,22.0,98.0,"1336, 2132",idx_R,359,359.0
5,360.0,2.1774940490722656,0,0.001,,0.014721862669860095,0.005,0.06496822004307824,0,,"180, 360",SFL,Superior_Frontal_Language_Area,Dorsolateral_Prefrontal,22.0,26.0,"3873, 3055",idx_R,360,360.0
5,361.0,1.7264015674591064,0,0.001,,0.042137596998022435,0.005,0.123629992683696,0,,"361, 394",AV,Thalamus: Anteroventral Nucleus,,,,"256, 280",idx_L,361,361.0
5,362.0,-0.25803861021995544,0,0.001,,0.39818855465108965,0.005,0.46189872339526394,0,,"362, 395",CeM,Thalamus: Central medial,,,,"96, 88",idx_L,362,362.0
5,363.0,0.1344875544309616,0,0.001,,0.44650852590544476,0.005,0.474561417585368,0,,"363, 396",CL,Thalamus: Central lateral,,,,"16, 16",idx_L,363,363.0
5,366.0,-0.5208624601364136,0,0.001,,0.3012312940717142,0.005,0.4131753560578242,0,,"366, 399",LGN,Thalamus: Lateral Geniculate,,,,"328, 256",idx_L,366,366.0
5,367.0,-0.6189258694648743,0,0.001,,0.2679825977084471,0.005,0.38719193832608373,0,,"367, 400",LP,Thalamus: Lateral Posterior,,,,"256, 264",idx_L,367,367.0
5,368.0,-2.736029624938965,0,0.001,,0.003109271369005943,0.005,0.02744269947426984,0,,"368, 401",L-Sg,Thalamus: Limitans Suprageniculate,,,,"32, 16",idx_L,368,368.0
5,369.0,-0.48218315839767456,0,0.001,,0.3148379198527712,0.005,0.41869616428857037,0,,"369, 402",MDl,Thalamus: Mediodorsolateral parvocellular,,,,"328, 320",idx_L,369,369.0
5,370.0,1.7019027471542358,0,0.001,,0.04438680036483615,0.005,0.12602126537149286,0,,"370, 403",MDm,Thalamus: Mediodorsomedial magnocellular,,,,"1104, 1192",idx_L,370,370.0
5,371.0,0.3673211336135864,0,0.001,,0.35668974594102054,0.005,0.439308633316571,0,,"371, 404",MGN,Thalamus: Medial Geniculate,,,,"160, 168",idx_L,371,371.0
5,372.0,1.1219218969345093,0,0.001,,0.13094782476444672,0.005,0.26189564952889344,0,,"372, 405",MV(Re),Thalamus: Reuniens,,,,"8, 8",idx_L,372,372.0
5,374.0,0.5738798975944519,0,0.001,,0.2830245386004589,0.005,0.4017760932579941,0,,"374, 407",PuA,Thalamus: Pulvinar anterior,,,,"320, 280",idx_L,374,374.0
5,375.0,-0.7886276841163635,0,0.001,,0.21516482275797505,0.005,0.34398013082289736,0,,"375, 408",PuI,Thalamus: Pulvinar inferior,,,,"336, 280",idx_L,375,375.0
5,376.0,0.4608496129512787,0,0.001,,0.32245325202420233,0.005,0.42095183383223844,0,,"376, 409",PuL,Thalamus: Pulvinar lateral,,,,"304, 256",idx_L,376,376.0
5,377.0,0.9595796465873718,0,0.001,,0.16863340836724516,0.005,0.301608651088553,0,,"377, 410",PuM,Thalamus: Pulvinar medial,,,,"1904, 1680",idx_L,377,377.0
5,378.0,1.4417452812194824,0,0.001,,0.07468712221842161,0.005,0.18049387869451888,0,,"378, 411",VA,Thalamus: Ventral Anterior,,,,"608, 616",idx_L,378,378.0
5,379.0,0.6240871548652649,0,0.001,,0.2662851746206404,0.005,0.38611350319992854,0,,"379, 412",VLa,Thalamus: Ventral Lateral Anterior,,,,"880, 856",idx_L,379,379.0
5,380.0,1.3649189472198486,0,0.001,,0.08613926320305387,0.005,0.1964749486541566,0,,"380, 413",VLp,Thalamus: Ventral Lateral Posterior,,,,"1384, 1288",idx_L,380,380.0
5,382.0,0.2648231089115143,0,0.001,,0.39557286696984495,0.005,0.4601793237528855,0,,"382, 415",Putam,Putamen,,,,"7896, 7744",idx_L,382,382.0
5,383.0,2.4976282119750977,0,0.001,,0.006251362197958911,0.005,0.03904697003648182,0,,"383, 416",Caud,Caudate,,,,"6896, 6952",idx_L,383,383.0
5,384.0,0.8400037884712219,0,0.001,,0.20045313118767993,0.005,0.3349134619843541,0,,"384, 417",NAc,Nucleus Accumbens,,,,"600, 632",idx_L,384,384.0
5,387.0,0.11870407313108444,0,0.001,,0.4527549047377602,0.005,0.4786939878216944,0,,"387, 420",Amyg,Amygdala,,,,"1608, 1632",idx_L,387,387.0
5,391.0,-0.46672937273979187,0,0.001,,0.32034675603566815,0.005,0.41955091274348794,0,,"391, 424",MB,Mammillary bodies,,,,"112, 104",idx_L,391,391.0
5,392.0,0.9236890077590942,0,0.001,,0.17782412841570083,0.005,0.3059826500292408,0,,"392, 425",Septum,Septal nuclei,,,,"248, 136",idx_L,392,392.0
5,393.0,0.9274696111679077,0,0.001,,0.17684138136794414,0.005,0.3059826500292408,0,,"393, 426",Nb,Nucleus basalis,,,,"584, 600",idx_L,393,393.0
5,394.0,1.0769070386886597,0,0.001,,0.1407608991243426,0.005,0.2760817634999183,0,,"361, 394",AV,Thalamus: Anteroventral Nucleus,,,,"256, 280",idx_R,394,394.0
5,395.0,-1.1891897916793823,0,0.001,,0.1171824953307411,0.005,0.2439799646373379,0,,"362, 395",CeM,Thalamus: Central medial,,,,"96, 88",idx_R,395,395.0
5,399.0,0.6488204598426819,0,0.001,,0.25822721566352946,0.005,0.3814440344149152,0,,"366, 399",LGN,Thalamus: Lateral Geniculate,,,,"328, 256",idx_R,399,399.0
5,400.0,-0.5531460046768188,0,0.001,,0.2900817184701344,0.005,0.40611440585818814,0,,"367, 400",LP,Thalamus: Lateral Posterior,,,,"256, 264",idx_R,400,400.0
5,402.0,0.5473102927207947,0,0.001,,0.292082786879569,0.005,0.4063896522578167,0,,"369, 402",MDl,Thalamus: Mediodorsolateral parvocellular,,,,"328, 320",idx_R,402,402.0
5,403.0,1.9169689416885376,0,0.001,,0.02762093874166051,0.005,0.09600366350387318,0,,"370, 403",MDm,Thalamus: Mediodorsomedial magnocellular,,,,"1104, 1192",idx_R,403,403.0
5,404.0,-1.5468798875808716,0,0.001,,0.060946105859519886,0.005,0.15861614730105816,0,,"371, 404",MGN,Thalamus: Medial Geniculate,,,,"160, 168",idx_R,404,404.0
5,406.0,0.013650909997522831,0,0.001,,0.49455424397025394,0.005,0.49700253230674035,0,,"373, 406",Pf,Thalamus: Parafascicular,,,,"56, 72",idx_R,406,406.0
5,407.0,-0.5264448523521423,0,0.001,,0.29928957957193814,0.005,0.4120209882382096,0,,"374, 407",PuA,Thalamus: Pulvinar anterior,,,,"320, 280",idx_R,407,407.0
5,408.0,-1.8467152118682861,0,0.001,,0.032394212921422104,0.005,0.10355945233147539,0,,"375, 408",PuI,Thalamus: Pulvinar inferior,,,,"336, 280",idx_R,408,408.0
5,409.0,0.43433400988578796,0,0.001,,0.33202295512297325,0.005,0.4225746701565114,0,,"376, 409",PuL,Thalamus: Pulvinar lateral,,,,"304, 256",idx_R,409,409.0
5,410.0,0.20180083811283112,0,0.001,,0.42003621315498585,0.005,0.4659418102211045,0,,"377, 410",PuM,Thalamus: Pulvinar medial,,,,"1904, 1680",idx_R,410,410.0
5,411.0,0.7890269160270691,0,0.001,,0.21504813756064062,0.005,0.34398013082289736,0,,"378, 411",VA,Thalamus: Ventral Anterior,,,,"608, 616",idx_R,411,411.0
5,412.0,1.7038867473602295,0,0.001,,0.04420112367956983,0.005,0.12602126537149286,0,,"379, 412",VLa,Thalamus: Ventral Lateral Anterior,,,,"880, 856",idx_R,412,412.0
5,415.0,1.6376488208770752,0,0.001,,0.050747486266649794,0.005,0.14015972397455656,0,,"382, 415",Putam,Putamen,,,,"7896, 7744",idx_R,415,415.0
5,416.0,2.9165947437286377,0,0.001,,0.0017693761483323443,0.005,0.02244895988196662,0,,"383, 416",Caud,Caudate,,,,"6896, 6952",idx_R,416,416.0
5,417.0,0.9464591145515442,0,0.001,,0.17195723318367712,0.005,0.3048674090505367,0,,"384, 417",NAc,Nucleus Accumbens,,,,"600, 632",idx_R,417,417.0
5,420.0,-0.018547741696238518,0,0.001,,0.4926009458693624,0.005,0.49700253230674035,0,,"387, 420",Amyg,Amygdala,,,,"1608, 1632",idx_R,420,420.0
5,424.0,0.43483248353004456,0,0.001,,0.3318420123378243,0.005,0.4225746701565114,0,,"391, 424",MB,Mammillary bodies,,,,"112, 104",idx_R,424,424.0
5,425.0,0.7373950481414795,0,0.001,,0.23044107296848093,0.005,0.35753640652150687,0,,"392, 425",Septum,Septal nuclei,,,,"248, 136",idx_R,425,425.0
5,426.0,0.059110309928655624,0,0.001,,0.47643212343333396,0.005,0.4880834989800772,0,,"393, 426",Nb,Nucleus basalis,,,,"584, 600",idx_R,426,426.0
6,0.0,2.4036312103271484,0,0.001,,0.008116570170099466,0.005,0.02021673306172014,0,,,,,,,,,,,
6,1.0,0.08208948373794556,0,0.001,,0.4672877778306894,0.005,0.47668049698306514,0,,"1, 181",V1,Primary_Visual_Cortex,Primary_Visual,1.0,1.0,"13,812, 13,406",idx_L,1,1.0
6,2.0,-0.36565953493118286,0,0.001,,0.35730957223280657,0.005,0.3931373613184809,0,,"2, 182",V2,Second_Visual_Area,Early_Visual,2.0,4.0,"9515, 9420",idx_L,2,2.0
6,3.0,-2.6321518421173096,0,0.001,,0.004242296680244975,0.005,0.01187843070468593,0,,"3, 183",V3,Third_Visual_Area,Early_Visual,2.0,5.0,"7106, 7481",idx_L,3,3.0
6,4.0,-4.161636829376221,1,0.001,-,1.5798728989574675e-05,0.005,8.552378626356424e-05,1,-,"4, 184",V4,Fourth_Visual_Area,Early_Visual,2.0,6.0,"4782, 4537",idx_L,4,4.0
6,5.0,-2.360177516937256,0,0.001,,0.009133095978880445,0.005,0.022203814176200362,0,,"5, 185",IPS1,IntraParietal_Sulcus_Area_1,Dorsal_Stream_Visual,3.0,17.0,"1751, 1750",idx_L,5,5.0
6,6.0,-2.9271490573883057,0,0.001,,0.0017104244355434111,0.005,0.005511367625639881,0,,"6, 186",V3A,Area_V3A,Dorsal_Stream_Visual,3.0,13.0,"2191, 2212",idx_L,6,6.0
6,7.0,-4.847748756408691,1,0.001,-,6.243520200227758e-07,0.005,5.280977502692646e-06,1,-,"7, 187",V3B,Area_V3B,Dorsal_Stream_Visual,3.0,19.0,"639, 731",idx_L,7,7.0
6,8.0,-0.7547253966331482,0,0.001,,0.22520688245311338,0.005,0.28752828388667934,0,,"8, 188",V6,Sixth_Visual_Area,Dorsal_Stream_Visual,3.0,3.0,"1402, 1559",idx_L,8,8.0
6,9.0,0.16888129711151123,0,0.001,,0.4329450053128488,0.005,0.4542007032481049,0,,"9, 189",V6A,Area_V6A,Dorsal_Stream_Visual,3.0,152.0,"904, 734",idx_L,9,9.0
6,10.0,-2.652989149093628,0,0.001,,0.003989121779408673,0.005,0.011405517200281136,0,,"10, 190",V7,Seventh_Visual_Area,Dorsal_Stream_Visual,3.0,16.0,"1005, 1041",idx_L,10,10.0
6,11.0,0.810749888420105,0,0.001,,0.2087546587171349,0.005,0.2703933231742675,0,,"11, 191",FFC,Fusiform_Face_Complex,Ventral_Stream_Visual,4.0,18.0,"3848, 4402",idx_L,11,11.0
6,12.0,-3.109631061553955,1,0.001,-,0.0009366057970599378,0.005,0.0032225589288672435,1,-,"12, 192",PIT,Posterior_InferoTemporal_complex,Ventral_Stream_Visual,4.0,22.0,"1392, 1386",idx_L,12,12.0
6,13.0,-5.0331130027771,1,0.001,-,2.4128923214893754e-07,0.005,2.647660223039693e-06,1,-,"13, 193",V8,Eighth_Visual_Area,Ventral_Stream_Visual,4.0,7.0,"1361, 1175",idx_L,13,13.0
6,14.0,-1.0235086679458618,0,0.001,,0.15303370185068832,0.005,0.2118788439223303,0,,"14, 194",VMV1,VentroMedial_Visual_Area_1,Ventral_Stream_Visual,4.0,153.0,"939, 1219",idx_L,14,14.0
6,15.0,-1.8384660482406616,0,0.001,,0.03299688018250075,0.005,0.0631921384627137,0,,"15, 195",VMV2,VentroMedial_Visual_Area_2,Ventral_Stream_Visual,4.0,160.0,"639, 923",idx_L,15,15.0
6,16.0,-4.383096218109131,1,0.001,-,5.8502202519836596e-06,0.005,3.442303510587487e-05,1,-,"16, 196",VMV3,VentroMedial_Visual_Area_3,Ventral_Stream_Visual,4.0,154.0,"941, 1242",idx_L,16,16.0
6,17.0,1.1952656507492065,0,0.001,,0.11599162782819633,0.005,0.17506543084850448,0,,"17, 197",VVC,Ventral_Visual_Complex,Ventral_Stream_Visual,4.0,163.0,"2487, 2753",idx_L,17,17.0
6,18.0,0.6017743349075317,0,0.001,,0.2736621806271903,0.005,0.3267848392195272,0,,"18, 198",FST,Area_FST,MT + _Complex,5.0,157.0,"1324, 1683",idx_L,18,18.0
6,19.0,-3.6218936443328857,1,0.001,-,0.00014622718157060195,0.005,0.0006120436671924164,1,-,"19, 199",LO1,Area_Lateral_Occipital_1,MT + _Complex,5.0,20.0,"619, 909",idx_L,19,19.0
6,20.0,-2.498927354812622,0,0.001,,0.006228492201250263,0.005,0.016420570348750694,0,,"20, 200",LO2,Area_Lateral_Occipital_2,MT + _Complex,5.0,21.0,"1179, 1062",idx_L,20,20.0
6,21.0,0.9653036594390869,0,0.001,,0.1671963697139071,0.005,0.22933015575623747,0,,"21, 201",LO3,Area_Lateral_Occipital_3,MT + _Complex,5.0,159.0,"438, 915",idx_L,21,21.0
6,22.0,3.2233619689941406,1,0.001,+,0.0006334767152451329,0.005,0.002276031383978088,1,+,"22, 202",MST,Medial_Superior_Temporal_Area,MT + _Complex,5.0,2.0,"794, 1036",idx_L,22,22.0
6,23.0,2.3104934692382812,0,0.001,,0.010430424843305693,0.005,0.024620653990593672,0,,"23, 203",MT,Middle_Temporal_Area,MT + _Complex,5.0,23.0,"620, 1005",idx_L,23,23.0
6,24.0,2.266714572906494,0,0.001,,0.011703833799981524,0.005,0.026846082049675132,0,,"24, 204",PH,Area_PH,MT + _Complex,5.0,138.0,"3453, 3205",idx_L,24,24.0
6,25.0,-3.9011645317077637,1,0.001,-,4.7865528016699134e-05,0.005,0.0002259698183113936,1,-,"25, 205",V3CD,Area_V3CD,MT + _Complex,5.0,158.0,"876, 1222",idx_L,25,25.0
6,26.0,0.059354815632104874,0,0.001,,0.476334750736468,0.005,0.483479771997515,0,,"26, 206",V4t,Area_V4t,MT + _Complex,5.0,156.0,"1037, 1249",idx_L,26,26.0
6,27.0,2.345926523208618,0,0.001,,0.009489924335180071,0.005,0.022664172235782994,0,,"27, 207",1,Area_1,SomaSens_Motor,6.0,51.0,"6590, 5925",idx_L,27,27.0
6,28.0,0.8769797086715698,0,0.001,,0.1902488297798206,0.005,0.2521152203447215,0,,"28, 208",2,Area_2,SomaSens_Motor,6.0,52.0,"4278, 4727",idx_L,28,28.0
6,29.0,3.1886281967163086,1,0.001,+,0.0007147480463225478,0.005,0.002523371363538734,1,+,"29, 209",3a,Area_3a,SomaSens_Motor,6.0,53.0,"2247, 2286",idx_L,29,29.0
6,30.0,3.071645736694336,0,0.001,,0.0010644110756442542,0.005,0.0036012574725963935,1,,"30, 210",3b,Primary_Sensory_Cortex,SomaSens_Motor,6.0,9.0,"5451, 4350",idx_L,30,30.0
6,31.0,3.7279226779937744,1,0.001,+,9.653229419425647e-05,0.005,0.0004260012113355231,1,+,"31, 211",4,Primary_Motor_Cortex,SomaSens_Motor,6.0,8.0,"10,776, 10,254",idx_L,31,31.0
6,32.0,7.163213729858398,1,0.001,+,3.940366731795905e-13,0.005,1.9997361163864218e-11,1,+,"32, 212",23c,Area_23c,ParaCentral_MidCing,7.0,38.0,"2259, 2498",idx_L,32,32.0
6,33.0,4.8685383796691895,1,0.001,+,5.621334490627263e-07,0.005,5.020824103409649e-06,1,+,"33, 213",24dd,Dorsal_Area_24d,ParaCentral_MidCing,7.0,40.0,"2665, 2820",idx_L,33,33.0
6,34.0,3.7215089797973633,1,0.001,+,9.901791103361928e-05,0.005,0.00043227174064139166,1,+,"34, 214",24dv,Ventral_Area_24d,ParaCentral_MidCing,7.0,41.0,"1076, 1349",idx_L,34,34.0
6,35.0,1.038361668586731,0,0.001,,0.1495508540527794,0.005,0.21009566347899114,0,,"35, 215",5L,Area_5L,ParaCentral_MidCing,7.0,39.0,"2249, 2327",idx_L,35,35.0
6,36.0,3.8418047428131104,1,0.001,+,6.106648919002134e-05,0.005,0.00028173857512668935,1,+,"36, 216",5 m,Area_5m,ParaCentral_MidCing,7.0,36.0,"1483, 2079",idx_L,36,36.0
6,37.0,6.85841178894043,1,0.001,+,3.481515261825195e-12,0.005,1.2849956330009356e-10,1,+,"37, 217",5mv,Area_5m_ventral,ParaCentral_MidCing,7.0,37.0,"1651, 1996",idx_L,37,37.0
6,38.0,4.920321941375732,1,0.001,+,4.320098647647622e-07,0.005,4.277951343768133e-06,1,+,"38, 218",6ma,Area_6m_anterior,ParaCentral_MidCing,7.0,44.0,"3941, 4251",idx_L,38,38.0
6,39.0,2.852569341659546,0,0.001,,0.002168367484162642,0.005,0.006669372716439641,0,,"39, 219",6mp,Area_6mp,ParaCentral_MidCing,7.0,55.0,"3701, 3105",idx_L,39,39.0
6,40.0,1.5772467851638794,0,0.001,,0.057369375843415164,0.005,0.09911475145713429,0,,"40, 220",SCEF,Supplementary_and_Cingulate_Eye_Field,ParaCentral_MidCing,7.0,43.0,"3500, 3371",idx_L,40,40.0
6,41.0,-3.385549783706665,1,0.001,-,0.0003551791153225698,0.005,0.0013865646232784936,1,-,"41, 221",55b,Area_55b,Premotor,8.0,12.0,"2422, 1537",idx_L,41,41.0
6,42.0,6.65731143951416,1,0.001,+,1.3944092021697585e-11,0.005,4.3548472006224763e-10,1,+,"42, 222",6a,Area_6_anterior,Premotor,8.0,96.0,"4233, 3752",idx_L,42,42.0
6,43.0,1.3845728635787964,0,0.001,,0.08309155694362175,0.005,0.13334060126130606,0,,"43, 223",6d,Dorsal_area_6,Premotor,8.0,54.0,"2916, 2909",idx_L,43,43.0
6,44.0,5.518308162689209,1,0.001,+,1.7113941913324232e-08,0.005,2.2413743280031092e-07,1,+,"44, 224",6r,Rostral_Area_6,Premotor,8.0,78.0,"3029, 3981",idx_L,44,44.0
6,45.0,2.632310390472412,0,0.001,,0.004240317266377191,0.005,0.01187843070468593,0,,"45, 225",6v,Ventral_Area_6,Premotor,8.0,56.0,"2075, 2516",idx_L,45,45.0
6,46.0,5.801993370056152,1,0.001,+,3.2765576818972046e-09,0.005,4.9615659374586636e-08,1,+,"46, 226",FEF,Frontal_Eye_Fields,Premotor,8.0,10.0,"1787, 1889",idx_L,46,46.0
6,47.0,3.440748691558838,1,0.001,+,0.00029005352974030975,0.005,0.001154526794848684,1,+,"47, 227",PEF,Premotor_Eye_Field,Premotor,8.0,11.0,"1006, 1258",idx_L,47,47.0
6,48.0,2.5917718410491943,0,0.001,,0.0047741536259889176,0.005,0.013008767598332218,0,,"48, 228",43,Area_43,Posterior_Opercular,9.0,99.0,"1889, 1678",idx_L,48,48.0
6,49.0,1.945360541343689,0,0.001,,0.025865800160159914,0.005,0.05122690178060939,0,,"49, 229",FOP1,Frontal_Opercular_Area_1,Posterior_Opercular,9.0,113.0,"879, 932",idx_L,49,49.0
6,50.0,1.2050025463104248,0,0.001,,0.11410115945491656,0.005,0.17285474156229896,0,,"50, 230",OP1,Area_OP1-SII,Posterior_Opercular,9.0,101.0,"1275, 1072",idx_L,50,50.0
6,51.0,2.412160634994507,0,0.001,,0.0079291464730297,0.005,0.01999523893198794,0,,"51, 231",OP2-3,Area_OP2-3-VS,Posterior_Opercular,9.0,102.0,"943, 792",idx_L,51,51.0
6,52.0,0.7649730443954468,0,0.001,,0.22214379802533735,0.005,0.2845122460513784,0,,"52, 232",OP4,Area_OP4-PV,Posterior_Opercular,9.0,100.0,"2332, 2409",idx_L,52,52.0
6,53.0,0.4372970163822174,0,0.001,,0.33094797942925536,0.005,0.3748953421994143,0,,"53, 233",52,Area_52,Early_Auditory,10.0,103.0,"725, 580",idx_L,53,53.0
6,54.0,0.956573486328125,0,0.001,,0.16939128829338052,0.005,0.23000957540840297,0,,"54, 234",A1,Primary_Auditory_Cortex,Early_Auditory,10.0,24.0,"1023, 796",idx_L,54,54.0
6,55.0,-1.4950965642929077,0,0.001,,0.06744462120968889,0.005,0.1126852518976695,0,,"55, 235",LBelt,Lateral_Belt_Complex,Early_Auditory,10.0,174.0,"820, 901",idx_L,55,55.0
6,56.0,-1.6434667110443115,0,0.001,,0.05014320369565277,0.005,0.08775060646739234,0,,"56, 236",MBelt,Medial_Belt_Complex,Early_Auditory,10.0,173.0,"1242, 1236",idx_L,56,56.0
6,57.0,-2.9919018745422363,0,0.001,,0.0013862268070962418,0.005,0.00453877486839576,1,,"57, 237",PBelt,ParaBelt_Complex,Early_Auditory,10.0,124.0,"1719, 1439",idx_L,57,57.0
6,58.0,1.8407598733901978,0,0.001,,0.032828377757616045,0.005,0.0631673998558868,0,,"58, 238",PFcm,Area_PFcm,Early_Auditory,10.0,105.0,"1486, 1485",idx_L,58,58.0
6,59.0,-1.0218349695205688,0,0.001,,0.15342950766789437,0.005,0.2118788439223303,0,,"59, 239",RI,RetroInsular_Cortex,Early_Auditory,10.0,104.0,"1149, 1334",idx_L,59,59.0
6,60.0,-3.050994634628296,0,0.001,,0.001140423252239906,0.005,0.003826544135614891,1,,"60, 240",A4,Auditory_4_Complex,Auditory_Association,11.0,175.0,"3514, 3610",idx_L,60,60.0
6,61.0,-5.493536949157715,1,0.001,-,1.9698131712345174e-08,0.005,2.499200461003794e-07,1,-,"61, 241",A5,Auditory_5_Complex,Auditory_Association,11.0,125.0,"3346, 3881",idx_L,61,61.0
6,62.0,-5.75489616394043,1,0.001,-,4.334753320109366e-09,0.005,6.28539231415858e-08,1,-,"62, 242",STGa,Area_STGa,Auditory_Association,11.0,123.0,"2509, 2187",idx_L,62,62.0
6,63.0,-5.34061861038208,1,0.001,-,4.6314974225677966e-08,0.005,5.530552804595663e-07,1,-,"63, 243",STSda,Area_STSd_anterior,Auditory_Association,11.0,128.0,"1944, 2389",idx_L,63,63.0
6,64.0,-6.911876678466797,1,0.001,-,2.391417847993545e-12,0.005,9.709156462853793e-11,1,-,"64, 244",STSdp,Area_STSd_posterior,Auditory_Association,11.0,129.0,"1994, 2605",idx_L,64,64.0
6,65.0,-2.7299585342407227,0,0.001,,0.0031671146115595378,0.005,0.009272005475858972,0,,"65, 245",STSva,Area_STSv_anterior,Auditory_Association,11.0,176.0,"1694, 1900",idx_L,65,65.0
6,66.0,-5.8646931648254395,1,0.001,-,2.2498199750021937e-09,0.005,3.653707639403562e-08,1,-,"66, 246",STSvp,Area_STSv_posterior,Auditory_Association,11.0,130.0,"2898, 2515",idx_L,66,66.0
6,67.0,-1.4613910913467407,0,0.001,,0.07195407205869386,0.005,0.11827268524627411,0,,"67, 247",TA2,Area_TA2,Auditory_Association,11.0,107.0,"1518, 1726",idx_L,67,67.0
6,68.0,-0.14513187110424042,0,0.001,,0.4423033775887596,0.005,0.46044915718214463,0,,"68, 248",AAIC,Anterior_Agranular_Insula_Complex,Insula_FrontalOperc,12.0,112.0,"1859, 1691",idx_L,68,68.0
6,69.0,2.654979944229126,0,0.001,,0.003965656194369605,0.005,0.011405517200281136,0,,"69, 249",AVI,Anterior_Ventral_Insular_Area,Insula_FrontalOperc,12.0,111.0,"1446, 1792",idx_L,69,69.0
6,70.0,1.6323153972625732,0,0.001,,0.05130653063532122,0.005,0.08940107913279148,0,,"70, 250",FOP2,Frontal_Opercular_Area_2,Insula_FrontalOperc,12.0,115.0,"750, 720",idx_L,70,70.0
6,71.0,0.7410464882850647,0,0.001,,0.2293326267933436,0.005,0.2904183999609436,0,,"71, 251",FOP3,Frontal_Opercular_Area_3,Insula_FrontalOperc,12.0,114.0,"754, 614",idx_L,71,71.0
6,72.0,2.2173001766204834,0,0.001,,0.013301292920180119,0.005,0.02967211497578642,0,,"72, 252",FOP4,Frontal_Opercular_Area_4,Insula_FrontalOperc,12.0,108.0,"2522, 1678",idx_L,72,72.0
6,73.0,2.1365840435028076,0,0.001,,0.016315919291629167,0.005,0.03486454332842864,0,,"73, 253",FOP5,Area_Frontal_Opercular_5,Insula_FrontalOperc,12.0,169.0,"1297, 1365",idx_L,73,73.0
6,74.0,3.2633216381073,1,0.001,+,0.0005505723599920372,0.005,0.0020507557629061202,1,+,"74, 254",Ig,Insular_Granular_Complex,Insula_FrontalOperc,12.0,168.0,"841, 1077",idx_L,74,74.0
6,75.0,2.1929147243499756,0,0.001,,0.014156761824070987,0.005,0.0310683529760693,0,,"75, 255",MI,Middle_Insular_Area,Insula_FrontalOperc,12.0,109.0,"2102, 1960",idx_L,75,75.0
6,76.0,-0.6192991733551025,0,0.001,,0.26785964446934574,0.005,0.3227033105476391,0,,"76, 256",PI,Para-Insular_Area,Insula_FrontalOperc,12.0,178.0,"1033, 1058",idx_L,76,76.0
6,77.0,4.339805603027344,1,0.001,+,7.130440788635025e-06,0.005,4.077406986177212e-05,1,+,"77, 257",Pir,Pirform_Cortex,Insula_FrontalOperc,12.0,110.0,"2287, 1856",idx_L,77,77.0
6,78.0,4.3949432373046875,1,0.001,+,5.5400851446386485e-06,0.005,3.317390638860745e-05,1,+,"78, 258",PoI1,Area_Posterior_Insular_1,Insula_FrontalOperc,12.0,167.0,"1811, 1835",idx_L,78,78.0
6,79.0,7.065985679626465,1,0.001,+,7.973993159011673e-13,0.005,3.597156913954155e-11,1,+,"79, 259",PoI2,Posterior_Insular_Area_2,Insula_FrontalOperc,12.0,106.0,"2747, 2675",idx_L,79,79.0
6,80.0,4.65607213973999,1,0.001,+,1.6114952179576079e-06,0.005,1.2293278594431801e-05,1,+,"80, 260",H,Hippocampus,Medial_Temporal,13.0,120.0,"4283, 3626",idx_L,80,80.0
6,81.0,3.695408821105957,1,0.001,+,0.00010976662768266647,0.005,0.0004740984131825807,1,+,"81, 261",PreS,PreSubiculum,Medial_Temporal,13.0,119.0,"1817, 1558",idx_L,81,81.0
6,82.0,4.569300174713135,1,0.001,+,2.4467774249194207e-06,0.005,1.683714634775059e-05,1,+,"82, 262",EC,Entorhinal_Cortex,Medial_Temporal,13.0,118.0,"2127, 2110",idx_L,82,82.0
6,83.0,6.613661766052246,1,0.001,+,1.874639325258541e-11,0.005,5.074023773699785e-10,1,+,"83, 263",PeEc,Perirhinal_Ectorhinal_Cortex,Medial_Temporal,13.0,122.0,"4826, 4755",idx_L,83,83.0
6,84.0,5.800820350646973,1,0.001,+,3.2995635544675843e-09,0.005,4.9615659374586636e-08,1,+,"84, 264",TF,Area_TF,Medial_Temporal,13.0,135.0,"3986, 4752",idx_L,84,84.0
6,85.0,6.631653785705566,1,0.001,+,1.659732233400254e-11,0.005,4.813223476860737e-10,1,+,"85, 265",PHA1,ParaHippocampal_Area_1,Medial_Temporal,13.0,126.0,"1281, 1168",idx_L,85,85.0
6,86.0,9.053009986877441,1,0.001,+,6.954028600766025e-20,0.005,1.8811655202886642e-17,1,+,"86, 266",PHA2,ParaHippocampal_Area_2,Medial_Temporal,13.0,155.0,"783, 771",idx_L,86,86.0
6,87.0,9.021615028381348,1,0.001,+,9.266825223096868e-20,0.005,1.8811655202886642e-17,1,+,"87, 267",PHA3,ParaHippocampal_Area_3,Medial_Temporal,13.0,127.0,"2023, 1122",idx_L,87,87.0
6,88.0,6.346525192260742,1,0.001,+,1.1011624862000301e-10,0.005,2.6298351141012484e-09,1,+,"88, 268",PHT,Area_PHT,Lateral_Temporal,14.0,137.0,"4182, 3410",idx_L,88,88.0
6,89.0,-3.7917914390563965,1,0.001,-,7.47822480653371e-05,0.005,0.00033735103016140956,1,-,"89, 269",TE1a,Area_TE1_anterior,Lateral_Temporal,14.0,132.0,"5227, 4180",idx_L,89,89.0
6,90.0,-3.375682830810547,1,0.001,-,0.0003681637514546095,0.005,0.00142356650562449,1,-,"90, 270",TE1m,Area_TE1_Middle,Lateral_Temporal,14.0,177.0,"3339, 3429",idx_L,90,90.0
6,91.0,2.7292003631591797,0,0.001,,0.0031744058156265935,0.005,0.009272005475858972,0,,"91, 271",TE1p,Area_TE1_posterior,Lateral_Temporal,14.0,133.0,"7116, 6010",idx_L,91,91.0
6,92.0,-0.4732532203197479,0,0.001,,0.31801626614900824,0.005,0.3637031100183024,0,,"92, 272",TE2a,Area_TE2_anterior,Lateral_Temporal,14.0,134.0,"5691, 5753",idx_L,92,92.0
6,93.0,8.958700180053711,1,0.001,+,1.64264053376399e-19,0.005,2.2230401890272666e-17,1,+,"93, 273",TE2p,Area_TE2_posterior,Lateral_Temporal,14.0,136.0,"4115, 3040",idx_L,93,93.0
6,94.0,-2.827392578125,0,0.001,,0.0023464378706230912,0.005,0.007162810341902069,0,,"94, 274",TGd,Area_TG_dorsal,Lateral_Temporal,14.0,131.0,"10,192, 10,269",idx_L,94,94.0
6,95.0,1.9888336658477783,0,0.001,,0.02335978274938584,0.005,0.04718443679726692,0,,"95, 275",TGv,Area_TG_Ventral,Lateral_Temporal,14.0,172.0,"3694, 4515",idx_L,95,95.0
6,96.0,-0.5101915597915649,0,0.001,,0.3049586323363471,0.005,0.3527441730158317,0,,"96, 276",PSL,PeriSylvian_Language_Area,TPO,15.0,25.0,"2154, 2759",idx_L,96,96.0
6,97.0,1.396084189414978,0,0.001,,0.0813445721647259,0.005,0.1310551440431695,0,,"97, 277",STV,Superior_Temporal_Visual_Area,TPO,15.0,28.0,"2322, 2294",idx_L,97,97.0
6,98.0,-0.9445688724517822,0,0.001,,0.17243951242735345,0.005,0.233368140151685,0,,"98, 278",TPOJ1,Area_TemporoParietoOccipital_Junction_1,TPO,15.0,139.0,"2102, 3938",idx_L,98,98.0
6,99.0,4.751711368560791,1,0.001,+,1.008510796029524e-06,0.005,8.028536925254642e-06,1,+,"99, 279",TPOJ2,Area_TemporoParietoOccipital_Junction_2,TPO,15.0,140.0,"1930, 2068",idx_L,99,99.0
6,100.0,4.897280216217041,1,0.001,+,4.858611129974239e-07,0.005,4.6726474247939875e-06,1,+,"100, 280",TPOJ3,Area_TemporoParietoOccipital_Junction_3,TPO,15.0,141.0,"1290, 1277",idx_L,100,100.0
6,101.0,2.622718334197998,0,0.001,,0.004361567784277221,0.005,0.012046234832765656,0,,"101, 281",7AL,Lateral_Area_7A,Superior_Parietal,16.0,42.0,"2134, 2030",idx_L,101,101.0
6,102.0,4.344672679901123,1,0.001,+,6.974174302748995e-06,0.005,4.045021095594417e-05,1,+,"102, 282",7Am,Medial_Area_7A,Superior_Parietal,16.0,45.0,"2995, 2379",idx_L,102,102.0
6,103.0,0.2450069636106491,0,0.001,,0.40322551974139675,0.005,0.42765609407019867,0,,"103, 283",7PC,Area_7PC,Superior_Parietal,16.0,47.0,"3151, 3415",idx_L,103,103.0
6,104.0,2.2885115146636963,0,0.001,,0.011053875164066407,0.005,0.025644990380634062,0,,"104, 284",7Pl,Lateral_Area_7P,Superior_Parietal,16.0,46.0,"1695, 1363",idx_L,104,104.0
6,105.0,2.672144889831543,0,0.001,,0.003768404914884039,0.005,0.010928374253163713,0,,"105, 285",7Pm,Medial_Area_7P,Superior_Parietal,16.0,29.0,"1601, 1308",idx_L,105,105.0
6,106.0,2.006298780441284,0,0.001,,0.02241219003707628,0.005,0.04572537263845714,0,,"106, 286",AIP,Anterior_IntraParietal_Area,Superior_Parietal,16.0,117.0,"1999, 2542",idx_L,106,106.0
6,107.0,3.248347282409668,1,0.001,+,0.0005803875066499654,0.005,0.0021228588081070804,1,+,"107, 287",LIPd,Area_Lateral_IntraParietal_dorsal,Superior_Parietal,16.0,95.0,"1008, 869",idx_L,107,107.0
6,108.0,-0.10947640240192413,0,0.001,,0.4564123187068483,0.005,0.4679378823105566,0,,"108, 288",LIPv,Area_Lateral_IntraParietal_ventral,Superior_Parietal,16.0,48.0,"1681, 1783",idx_L,108,108.0
6,109.0,1.9919744729995728,0,0.001,,0.023186929389397516,0.005,0.047069466660476955,0,,"109, 289",MIP,Medial_IntraParietal_Area,Superior_Parietal,16.0,50.0,"1872, 2403",idx_L,109,109.0
6,110.0,-1.1200013160705566,0,0.001,,0.1313566006289068,0.005,0.19114974858543426,0,,"110, 290",VIP,Ventral_IntraParietal_Complex,Superior_Parietal,16.0,49.0,"1890, 1577",idx_L,110,110.0
6,111.0,1.2894394397735596,0,0.001,,0.09862267875319547,0.005,0.15341305583830406,0,,"111, 291",IP0,Area_IntraParietal_0,Inferior_Parietal,17.0,146.0,"1203, 1239",idx_L,111,111.0
6,112.0,5.990107536315918,1,0.001,+,1.0485116652100545e-09,0.005,1.8508510264142698e-08,1,+,"112, 292",IP1,Area_IntraParietal_1,Inferior_Parietal,17.0,145.0,"1692, 1632",idx_L,112,112.0
6,113.0,4.947419166564941,1,0.001,+,3.760195868438413e-07,0.005,3.914460314323066e-06,1,+,"113, 293",IP2,Area_IntraParietal_2,Inferior_Parietal,17.0,144.0,"2102, 1861",idx_L,113,113.0
6,114.0,4.212828159332275,1,0.001,+,1.2609646435489196e-05,0.005,7.013036236724128e-05,1,+,"114, 294",PF,Area_PF_Complex,Inferior_Parietal,17.0,148.0,"5457, 5251",idx_L,114,114.0
6,115.0,-1.5499825477600098,0,0.001,,0.0605728524562684,0.005,0.10333016007245786,0,,"115, 295",PFm,Area_PFm_Complex,Inferior_Parietal,17.0,149.0,"8220, 8141",idx_L,115,115.0
6,116.0,2.477827310562134,0,0.001,,0.006609255271521955,0.005,0.017311984775728474,0,,"116, 296",PFop,Area_PF_Opercular,Inferior_Parietal,17.0,147.0,"1797, 1783",idx_L,116,116.0
6,117.0,0.73940110206604,0,0.001,,0.22983173663823625,0.005,0.2904183999609436,0,,"117, 297",PFt,Area_PFt,Inferior_Parietal,17.0,116.0,"1983, 2039",idx_L,117,117.0
6,118.0,0.6394433975219727,0,0.001,,0.261267262375076,0.005,0.3185420676404831,0,,"118, 298",PGi,Area_PGi,Inferior_Parietal,17.0,150.0,"4791, 4970",idx_L,118,118.0
6,119.0,4.634345054626465,1,0.001,+,1.7903465524900451e-06,0.005,1.3191634262566353e-05,1,+,"119, 299",PGp,Area_PGp,Inferior_Parietal,17.0,143.0,"2501, 3740",idx_L,119,119.0
6,120.0,1.40401291847229,0,0.001,,0.08015750136755778,0.005,0.12965715360648788,0,,"120, 300",PGs,Area_PGs,Inferior_Parietal,17.0,151.0,"4552, 3366",idx_L,120,120.0
6,121.0,-2.1703550815582275,0,0.001,,0.014989978425182345,0.005,0.032371974684170385,0,,"121, 301",23d,Area_23d,Posterior_Cingulate,18.0,32.0,"1261, 1513",idx_L,121,121.0
6,122.0,1.5538064241409302,0,0.001,,0.060115298862103005,0.005,0.10333016007245786,0,,"122, 302",31a,Area_31a,Posterior_Cingulate,18.0,162.0,"1260, 1116",idx_L,122,122.0
6,123.0,-2.9216420650482178,0,0.001,,0.001740957195644183,0.005,0.005565579696311325,0,,"123, 303",31pd,Area_31pd,Posterior_Cingulate,18.0,161.0,"1428, 864",idx_L,123,123.0
6,124.0,-2.54307222366333,0,0.001,,0.0054941256832115835,0.005,0.014675098864367781,0,,"124, 304",31pv,Area_31p_ventral,Posterior_Cingulate,18.0,35.0,"950, 1022",idx_L,124,124.0
6,125.0,-0.11222560703754425,0,0.001,,0.45532226297011225,0.005,0.4679378823105566,0,,"125, 305",7 m,Area_7m,Posterior_Cingulate,18.0,30.0,"2128, 2067",idx_L,125,125.0
6,126.0,-3.2591006755828857,1,0.001,-,0.0005588299929724546,0.005,0.002062590701334696,1,-,"126, 306",d23ab,Area_dorsal_23_a + b,Posterior_Cingulate,18.0,34.0,"1607, 1106",idx_L,126,126.0
6,127.0,2.3771276473999023,0,0.001,,0.008724024485778324,0.005,0.021466387522581815,0,,"127, 307",DVT,Dorsal_Transitional_Visual_Area,Posterior_Cingulate,18.0,142.0,"1806, 2176",idx_L,127,127.0
6,128.0,2.6460230350494385,0,0.001,,0.0040722135107996585,0.005,0.011561669128564066,0,,"128, 308",PCV,PreCuneus_Visual_Area,Posterior_Cingulate,18.0,27.0,"2245, 2416",idx_L,128,128.0
6,129.0,6.238772869110107,1,0.001,+,2.2050839514981813e-10,0.005,4.711916233201377e-09,1,+,"129, 309",POS1,Parieto-Occipital_Sulcus_Area_1,Posterior_Cingulate,18.0,31.0,"2531, 2727",idx_L,129,129.0
6,130.0,-0.8365891575813293,0,0.001,,0.20141177109361297,0.005,0.2639133408456399,0,,"130, 310",POS2,Parieto-Occipital_Sulcus_Area_2,Posterior_Cingulate,18.0,15.0,"3261, 3093",idx_L,130,130.0
6,131.0,2.1370136737823486,0,0.001,,0.016298439737946275,0.005,0.03486454332842864,0,,"131, 311",ProS,ProStriate_Area,Posterior_Cingulate,18.0,121.0,"1222, 1055",idx_L,131,131.0
6,132.0,-0.6255814433097839,0,0.001,,0.2657947567253829,0.005,0.3211686643765043,0,,"132, 312",RSC,RetroSplenial_Complex,Posterior_Cingulate,18.0,14.0,"2830, 3067",idx_L,132,132.0
6,133.0,1.8238650560379028,0,0.001,,0.034086237837458976,0.005,0.0643675002884109,0,,"133, 313",v23ab,Area_ventral_23_a + b,Posterior_Cingulate,18.0,33.0,"916, 1089",idx_L,133,133.0
6,134.0,0.40480276942253113,0,0.001,,0.3428112464706333,0.005,0.3821965664867695,0,,"134, 314",10r,Area_10r,AntCing_MedPFC,19.0,65.0,"1589, 1053",idx_L,134,134.0
6,135.0,-0.6060295701026917,0,0.001,,0.2722475587951436,0.005,0.32605459843902157,0,,"135, 315",10v,Area_10v,AntCing_MedPFC,19.0,88.0,"3906, 2667",idx_L,135,135.0
6,136.0,1.8936553001403809,0,0.001,,0.029135389071829512,0.005,0.05687003828443645,0,,"136, 316",25,Area_25,AntCing_MedPFC,19.0,164.0,"1911, 2135",idx_L,136,136.0
6,137.0,4.548637866973877,1,0.001,+,2.6997132551305427e-06,0.005,1.823489193858533e-05,1,+,"137, 317",33pr,Area_33_prime,AntCing_MedPFC,19.0,58.0,"1354, 1316",idx_L,137,137.0
6,138.0,0.3257156312465668,0,0.001,,0.37231975830373915,0.005,0.4063489835250486,0,,"138, 318",8BM,Area_8BM,AntCing_MedPFC,19.0,63.0,"3122, 3436",idx_L,138,138.0
6,139.0,-3.9619407653808594,1,0.001,-,3.717149337223471e-05,0.005,0.00018864532886409116,1,-,"139, 319",9 m,Area_9_Middle,AntCing_MedPFC,19.0,69.0,"6338, 5881",idx_L,139,139.0
6,140.0,1.1870924234390259,0,0.001,,0.1175955832770767,0.005,0.17579110088783054,0,,"140, 320",a24,Area_a24,AntCing_MedPFC,19.0,61.0,"2085, 2152",idx_L,140,140.0
6,141.0,1.656537652015686,0,0.001,,0.048806493324205294,0.005,0.08615407082446674,0,,"141, 321",a24pr,Anterior_24_prime,AntCing_MedPFC,19.0,59.0,"1095, 1474",idx_L,141,141.0
6,142.0,0.25415095686912537,0,0.001,,0.39968946876709044,0.005,0.42591581186204386,0,,"142, 322",a32pr,Area_anterior_32_prime,AntCing_MedPFC,19.0,179.0,"1759, 1118",idx_L,142,142.0
6,143.0,-2.454188108444214,0,0.001,,0.007060154772157668,0.005,0.018257470302522377,0,,"143, 323",d32,Area_dorsal_32,AntCing_MedPFC,19.0,62.0,"2228, 2374",idx_L,143,143.0
6,144.0,0.5590853691101074,0,0.001,,0.2880517297167962,0.005,0.33800289671970885,0,,"144, 324",p24,Area_posterior_24,AntCing_MedPFC,19.0,180.0,"2394, 2442",idx_L,144,144.0
6,145.0,3.901439905166626,1,0.001,+,4.781110073665769e-05,0.005,0.0002259698183113936,1,+,"145, 325",p24pr,Area_Posterior_24_prime,AntCing_MedPFC,19.0,57.0,"1422, 1724",idx_L,145,145.0
6,146.0,1.0313524007797241,0,0.001,,0.15118779678872213,0.005,0.21124651611070208,0,,"146, 326",p32,Area_p32,AntCing_MedPFC,19.0,64.0,"1180, 1765",idx_L,146,146.0
6,147.0,2.2435059547424316,0,0.001,,0.012432103149473763,0.005,0.02819795462953267,0,,"147, 327",p32pr,Area_p32_prime,AntCing_MedPFC,19.0,60.0,"1569, 1305",idx_L,147,147.0
6,148.0,1.3722175359725952,0,0.001,,0.08499786398232773,0.005,0.13480129990947287,0,,"148, 328",pOFC,Posterior_OFC_Complex,AntCing_MedPFC,19.0,166.0,"2486, 2836",idx_L,148,148.0
6,149.0,1.9162529706954956,0,0.001,,0.027666451941890532,0.005,0.05426366902612346,0,,"149, 329",s32,Area_s32,AntCing_MedPFC,19.0,165.0,"604, 1015",idx_L,149,149.0
6,150.0,-0.9385170340538025,0,0.001,,0.1739893836115437,0.005,0.23412656795771766,0,,"150, 330",10d,Area_10d,OrbPolaFrontal,20.0,72.0,"3644, 3096",idx_L,150,150.0
6,151.0,0.01986931636929512,0,0.001,,0.49207381115071036,0.005,0.49328880821528,0,,"151, 331",10 pp,Polar_10p,OrbPolaFrontal,20.0,90.0,"1997, 2487",idx_L,151,151.0
6,152.0,1.7220333814620972,0,0.001,,0.042531735818700664,0.005,0.07573633658944065,0,,"152, 332",11 l,Area_11l,OrbPolaFrontal,20.0,91.0,"3531, 3793",idx_L,152,152.0
6,153.0,5.171142101287842,1,0.001,+,1.1633377303623612e-07,0.005,1.349471767220339e-06,1,+,"153, 333",13 l,Area_13l,OrbPolaFrontal,20.0,92.0,"2429, 1757",idx_L,153,153.0
6,154.0,4.868031024932861,1,0.001,+,5.635781891775036e-07,0.005,5.020824103409649e-06,1,+,"154, 334",47 m,Area_47m,OrbPolaFrontal,20.0,66.0,"799, 781",idx_L,154,154.0
6,155.0,-2.2835733890533447,0,0.001,,0.011198307599277374,0.005,0.025832459575605756,0,,"155, 335",47 s,Area_47s,OrbPolaFrontal,20.0,94.0,"2795, 3080",idx_L,155,155.0
6,156.0,0.3185552954673767,0,0.001,,0.37503187880102745,0.005,0.4082116428772578,0,,"156, 336",a10p,Area_anterior_10p,OrbPolaFrontal,20.0,89.0,"1964, 1748",idx_L,156,156.0
6,157.0,-1.1627355813980103,0,0.001,,0.12246840028362804,0.005,0.17950242063232125,0,,"157, 337",OFC,Orbital_Frontal_Complex,OrbPolaFrontal,20.0,93.0,"4560, 5232",idx_L,157,157.0
6,158.0,-1.181403636932373,0,0.001,,0.11872120696198946,0.005,0.17579110088783054,0,,"158, 338",p10p,Area_posterior_10p,OrbPolaFrontal,20.0,170.0,"2116, 2365",idx_L,158,158.0
6,159.0,-0.2906346917152405,0,0.001,,0.3856653623300992,0.005,0.4153319286631837,0,,"159, 339",44,Area_44,Inferior_Frontal,21.0,74.0,"2435, 2589",idx_L,159,159.0
6,160.0,-3.9261300563812256,1,0.001,-,4.316174634295523e-05,0.005,0.00021112854235228704,1,-,"160, 340",45,Area_45,Inferior_Frontal,21.0,75.0,"3762, 2962",idx_L,160,160.0
6,161.0,-2.555316209793091,0,0.001,,0.005304568563622047,0.005,0.014357698912203674,0,,"161, 341",47 l,Area_47l_(47_lateral),Inferior_Frontal,21.0,76.0,"2527, 2592",idx_L,161,161.0
6,162.0,-0.9334745407104492,0,0.001,,0.1752875047608003,0.005,0.23412656795771766,0,,"162, 342",a47r,Area_anterior_47r,Inferior_Frontal,21.0,77.0,"4167, 3763",idx_L,162,162.0
6,163.0,6.276336669921875,1,0.001,+,1.733215802220957e-10,0.005,3.909364531676159e-09,1,+,"163, 343",IFJa,Area_IFJa,Inferior_Frontal,21.0,79.0,"1513, 1405",idx_L,163,163.0
6,164.0,5.674066066741943,1,0.001,+,6.972365562118406e-09,0.005,9.761311786965769e-08,1,+,"164, 344",IFJp,Area_IFJp,Inferior_Frontal,21.0,80.0,"960, 740",idx_L,164,164.0
6,165.0,8.707391738891602,1,0.001,+,1.5547348656299967e-18,0.005,1.0520372590762978e-16,1,+,"165, 345",IFSa,Area_IFSa,Inferior_Frontal,21.0,82.0,"2057, 2641",idx_L,165,165.0
6,166.0,4.893661022186279,1,0.001,+,4.948863036111858e-07,0.005,4.6726474247939875e-06,1,+,"166, 346",IFSp,Area_IFSp,Inferior_Frontal,21.0,81.0,"1589, 1730",idx_L,166,166.0
6,167.0,3.019576072692871,0,0.001,,0.0012656435765069842,0.005,0.004211895836572423,1,,"167, 347",p47r,Area_posterior_47r,Inferior_Frontal,21.0,171.0,"2133, 1761",idx_L,167,167.0
6,168.0,3.9758188724517822,1,0.001,+,3.506874720967707e-05,0.005,0.00018022672616618848,1,+,"168, 348",46,Area_46,Dorsolateral_Prefrontal,22.0,84.0,"4863, 4394",idx_L,168,168.0
6,169.0,3.9284181594848633,1,0.001,+,4.2753219612827254e-05,0.005,0.00021112854235228704,1,+,"169, 349",8Ad,Area_8Ad,Dorsolateral_Prefrontal,22.0,68.0,"3386, 3492",idx_L,169,169.0
6,170.0,-2.131145477294922,0,0.001,,0.016538579566453007,0.005,0.03515530525643938,0,,"170, 350",8Av,Area_8Av,Dorsolateral_Prefrontal,22.0,67.0,"4807, 5902",idx_L,170,170.0
6,171.0,-4.827172756195068,1,0.001,-,6.924249223640631e-07,0.005,5.737235071016524e-06,1,-,"171, 351",8BL,Area_8B_Lateral,Dorsolateral_Prefrontal,22.0,70.0,"3377, 4078",idx_L,171,171.0
6,172.0,1.9761741161346436,0,0.001,,0.02406753020061562,0.005,0.04813506040123124,0,,"172, 352",8C,Area_8C,Dorsolateral_Prefrontal,22.0,73.0,"4085, 3134",idx_L,172,172.0
6,173.0,0.710844874382019,0,0.001,,0.23859018468425902,0.005,0.2977741254964917,0,,"173, 353",9-46d,Area_9-46d,Dorsolateral_Prefrontal,22.0,86.0,"4534, 4666",idx_L,173,173.0
6,174.0,-4.5455403327941895,1,0.001,-,2.7397251434820325e-06,0.005,1.823489193858533e-05,1,-,"174, 354",9a,Area_9_anterior,Dorsolateral_Prefrontal,22.0,87.0,"3706, 3048",idx_L,174,174.0
6,175.0,-2.6256418228149414,0,0.001,,0.004324288569201497,0.005,0.012025076432163067,0,,"175, 355",9p,Area_9_Posterior,Dorsolateral_Prefrontal,22.0,71.0,"3426, 2488",idx_L,175,175.0
6,176.0,0.21621809899806976,0,0.001,,0.41440887312564034,0.005,0.437012993477948,0,,"176, 356",a9-46v,Area_anterior_9-46v,Dorsolateral_Prefrontal,22.0,85.0,"3314, 2628",idx_L,176,176.0
6,177.0,4.041017532348633,1,0.001,+,2.6609889503331698e-05,0.005,0.0001403066901084762,1,+,"177, 357",i6-8,Inferior_6-8_Transitional_Area,Dorsolateral_Prefrontal,22.0,97.0,"1764, 2418",idx_L,177,177.0
6,178.0,4.427981376647949,1,0.001,+,4.755955608898549e-06,0.005,2.9256332988072892e-05,1,+,"178, 358",p9-46v,Area_posterior_9-46v,Dorsolateral_Prefrontal,22.0,83.0,"2871, 4635",idx_L,178,178.0
6,179.0,0.17669926583766937,0,0.001,,0.42987230878908606,0.005,0.4521454854102822,0,,"179, 359",s6-8,Superior_6-8_Transitional_Area,Dorsolateral_Prefrontal,22.0,98.0,"1336, 2132",idx_L,179,179.0
6,180.0,-6.415158748626709,1,0.001,-,7.033809657777004e-11,0.005,1.784829200660915e-09,1,-,"180, 360",SFL,Superior_Frontal_Language_Area,Dorsolateral_Prefrontal,22.0,26.0,"3873, 3055",idx_L,180,180.0
6,181.0,0.4357856512069702,0,0.001,,0.3314961277083491,0.005,0.3748953421994143,0,,"1, 181",V1,Primary_Visual_Cortex,Primary_Visual,1.0,1.0,"13,812, 13,406",idx_R,181,181.0
6,182.0,-0.8786179423332214,0,0.001,,0.18980423202264485,0.005,0.2521152203447215,0,,"2, 182",V2,Second_Visual_Area,Early_Visual,2.0,4.0,"9515, 9420",idx_R,182,182.0
6,183.0,-2.1796751022338867,0,0.001,,0.014640776697944478,0.005,0.03178692694847838,0,,"3, 183",V3,Third_Visual_Area,Early_Visual,2.0,5.0,"7106, 7481",idx_R,183,183.0
6,184.0,-3.344834566116333,1,0.001,-,0.000411658316508759,0.005,0.0015767290236090204,1,-,"4, 184",V4,Fourth_Visual_Area,Early_Visual,2.0,6.0,"4782, 4537",idx_R,184,184.0
6,185.0,-1.9382855892181396,0,0.001,,0.026294194785546357,0.005,0.05182253923753311,0,,"5, 185",IPS1,IntraParietal_Sulcus_Area_1,Dorsal_Stream_Visual,3.0,17.0,"1751, 1750",idx_R,185,185.0
6,186.0,-1.9628956317901611,0,0.001,,0.02482915122890355,0.005,0.04941487940654334,0,,"6, 186",V3A,Area_V3A,Dorsal_Stream_Visual,3.0,13.0,"2191, 2212",idx_R,186,186.0
6,187.0,-4.538700580596924,1,0.001,-,2.8300969795502817e-06,0.005,1.8532570543506684e-05,1,-,"7, 187",V3B,Area_V3B,Dorsal_Stream_Visual,3.0,19.0,"639, 731",idx_R,187,187.0
6,188.0,-0.6584886908531189,0,0.001,,0.2551120808158984,0.005,0.31481916356004486,0,,"8, 188",V6,Sixth_Visual_Area,Dorsal_Stream_Visual,3.0,3.0,"1402, 1559",idx_R,188,188.0
6,189.0,-0.4889034926891327,0,0.001,,0.3124550114318735,0.005,0.3603884506856268,0,,"9, 189",V6A,Area_V6A,Dorsal_Stream_Visual,3.0,152.0,"904, 734",idx_R,189,189.0
6,190.0,-2.4334590435028076,0,0.001,,0.007477663625190927,0.005,0.019093908376273686,0,,"10, 190",V7,Seventh_Visual_Area,Dorsal_Stream_Visual,3.0,16.0,"1005, 1041",idx_R,190,190.0
6,191.0,-0.3570511043071747,0,0.001,,0.3605267740373598,0.005,0.39560505475450825,0,,"11, 191",FFC,Fusiform_Face_Complex,Ventral_Stream_Visual,4.0,18.0,"3848, 4402",idx_R,191,191.0
6,192.0,-2.549781322479248,0,0.001,,0.005389525321095069,0.005,0.01449104159181853,0,,"12, 192",PIT,Posterior_InferoTemporal_complex,Ventral_Stream_Visual,4.0,22.0,"1392, 1386",idx_R,192,192.0
6,193.0,-3.0119049549102783,0,0.001,,0.0012980693475435259,0.005,0.004284684187826598,1,,"13, 193",V8,Eighth_Visual_Area,Ventral_Stream_Visual,4.0,7.0,"1361, 1175",idx_R,193,193.0
6,194.0,-2.0372538566589355,0,0.001,,0.02081230465782696,0.005,0.042739210867327876,0,,"14, 194",VMV1,VentroMedial_Visual_Area_1,Ventral_Stream_Visual,4.0,153.0,"939, 1219",idx_R,194,194.0
6,195.0,-2.262364149093628,0,0.001,,0.01183745701498804,0.005,0.02700004240497272,0,,"15, 195",VMV2,VentroMedial_Visual_Area_2,Ventral_Stream_Visual,4.0,160.0,"639, 923",idx_R,195,195.0
6,196.0,-3.8044209480285645,1,0.001,-,7.10681469079685e-05,0.005,0.0003241985128610698,1,-,"16, 196",VMV3,VentroMedial_Visual_Area_3,Ventral_Stream_Visual,4.0,154.0,"941, 1242",idx_R,196,196.0
6,197.0,-1.2530922889709473,0,0.001,,0.1050860609922386,0.005,0.16284328535438503,0,,"17, 197",VVC,Ventral_Visual_Complex,Ventral_Stream_Visual,4.0,163.0,"2487, 2753",idx_R,197,197.0
6,198.0,1.2210127115249634,0,0.001,,0.11104060347057287,0.005,0.16998908079233818,0,,"18, 198",FST,Area_FST,MT + _Complex,5.0,157.0,"1324, 1683",idx_R,198,198.0
6,199.0,-4.626295566558838,1,0.001,-,1.8613197717736402e-06,0.005,1.325782153228242e-05,1,-,"19, 199",LO1,Area_Lateral_Occipital_1,MT + _Complex,5.0,20.0,"619, 909",idx_R,199,199.0
6,200.0,-2.5921497344970703,0,0.001,,0.0047689124630422314,0.005,0.013008767598332218,0,,"20, 200",LO2,Area_Lateral_Occipital_2,MT + _Complex,5.0,21.0,"1179, 1062",idx_R,200,200.0
6,201.0,0.12660063803195953,0,0.001,,0.4496282459645126,0.005,0.464501444940438,0,,"21, 201",LO3,Area_Lateral_Occipital_3,MT + _Complex,5.0,159.0,"438, 915",idx_R,201,201.0
6,202.0,3.6885135173797607,1,0.001,+,0.00011278402212119627,0.005,0.0004820032945390072,1,+,"22, 202",MST,Medial_Superior_Temporal_Area,MT + _Complex,5.0,2.0,"794, 1036",idx_R,202,202.0
6,203.0,2.8112692832946777,0,0.001,,0.0024673233529855084,0.005,0.0074202465282379,0,,"23, 203",MT,Middle_Temporal_Area,MT + _Complex,5.0,23.0,"620, 1005",idx_R,203,203.0
6,204.0,-1.5275553464889526,0,0.001,,0.06331148783606916,0.005,0.10755005883449406,0,,"24, 204",PH,Area_PH,MT + _Complex,5.0,138.0,"3453, 3205",idx_R,204,204.0
6,205.0,-4.610250949859619,1,0.001,-,2.010915947453748e-06,0.005,1.4076411632176237e-05,1,-,"25, 205",V3CD,Area_V3CD,MT + _Complex,5.0,158.0,"876, 1222",idx_R,205,205.0
6,206.0,-0.4765944182872772,0,0.001,,0.3168254794204902,0.005,0.3637031100183024,0,,"26, 206",V4t,Area_V4t,MT + _Complex,5.0,156.0,"1037, 1249",idx_R,206,206.0
6,207.0,1.8613560199737549,0,0.001,,0.03134695849334377,0.005,0.06089409161864866,0,,"27, 207",1,Area_1,SomaSens_Motor,6.0,51.0,"6590, 5925",idx_R,207,207.0
6,208.0,1.8493129014968872,0,0.001,,0.03220632194281623,0.005,0.06226555575611138,0,,"28, 208",2,Area_2,SomaSens_Motor,6.0,52.0,"4278, 4727",idx_R,208,208.0
6,209.0,2.9024624824523926,0,0.001,,0.0018512075219968454,0.005,0.005866666974582633,0,,"29, 209",3a,Area_3a,SomaSens_Motor,6.0,53.0,"2247, 2286",idx_R,209,209.0
6,210.0,2.8133678436279297,0,0.001,,0.0024512766771282177,0.005,0.0074202465282379,0,,"30, 210",3b,Primary_Sensory_Cortex,SomaSens_Motor,6.0,9.0,"5451, 4350",idx_R,210,210.0
6,211.0,2.8535194396972656,0,0.001,,0.0021618941211139,0.005,0.006669372716439641,0,,"31, 211",4,Primary_Motor_Cortex,SomaSens_Motor,6.0,8.0,"10,776, 10,254",idx_R,211,211.0
6,212.0,4.866186141967773,1,0.001,+,5.688618442286795e-07,0.005,5.020824103409649e-06,1,+,"32, 212",23c,Area_23c,ParaCentral_MidCing,7.0,38.0,"2259, 2498",idx_R,212,212.0
6,213.0,3.5691001415252686,1,0.001,+,0.00017910474645756638,0.005,0.0007345103743613329,1,+,"33, 213",24dd,Dorsal_Area_24d,ParaCentral_MidCing,7.0,40.0,"2665, 2820",idx_R,213,213.0
6,214.0,3.4187979698181152,1,0.001,+,0.0003144920427662203,0.005,0.001239648246243548,1,+,"34, 214",24dv,Ventral_Area_24d,ParaCentral_MidCing,7.0,41.0,"1076, 1349",idx_R,214,214.0
6,215.0,2.3506438732147217,0,0.001,,0.009370480477812857,0.005,0.02251133179876935,0,,"35, 215",5L,Area_5L,ParaCentral_MidCing,7.0,39.0,"2249, 2327",idx_R,215,215.0
6,216.0,3.747638463973999,1,0.001,+,8.925364968734575e-05,0.005,0.00039820859091277335,1,+,"36, 216",5 m,Area_5m,ParaCentral_MidCing,7.0,36.0,"1483, 2079",idx_R,216,216.0
6,217.0,4.630998134613037,1,0.001,+,1.8195357603539798e-06,0.005,1.3191634262566353e-05,1,+,"37, 217",5mv,Area_5m_ventral,ParaCentral_MidCing,7.0,37.0,"1651, 1996",idx_R,217,217.0
6,218.0,2.9002981185913086,0,0.001,,0.0018640395067023637,0.005,0.005866666974582633,0,,"38, 218",6ma,Area_6m_anterior,ParaCentral_MidCing,7.0,44.0,"3941, 4251",idx_R,218,218.0
6,219.0,1.4501903057098389,0,0.001,,0.07350272883755034,0.005,0.11984782292387726,0,,"39, 219",6mp,Area_6mp,ParaCentral_MidCing,7.0,55.0,"3701, 3105",idx_R,219,219.0
6,220.0,0.8732631802558899,0,0.001,,0.1912598223304784,0.005,0.2521152203447215,0,,"40, 220",SCEF,Supplementary_and_Cingulate_Eye_Field,ParaCentral_MidCing,7.0,43.0,"3500, 3371",idx_R,220,220.0
6,221.0,-2.315009593963623,0,0.001,,0.010306203514729967,0.005,0.0244696995729846,0,,"41, 221",55b,Area_55b,Premotor,8.0,12.0,"2422, 1537",idx_R,221,221.0
6,222.0,3.1419625282287598,1,0.001,+,0.0008390975601488049,0.005,0.0029117402514565365,1,+,"42, 222",6a,Area_6_anterior,Premotor,8.0,96.0,"4233, 3752",idx_R,222,222.0
6,223.0,0.5910720825195312,0,0.001,,0.2772360622447095,0.005,0.3281569716365949,0,,"43, 223",6d,Dorsal_area_6,Premotor,8.0,54.0,"2916, 2909",idx_R,223,223.0
6,224.0,1.8174179792404175,0,0.001,,0.03457656841176954,0.005,0.06499114247767793,0,,"44, 224",6r,Rostral_Area_6,Premotor,8.0,78.0,"3029, 3981",idx_R,224,224.0
6,225.0,-0.11954721808433533,0,0.001,,0.45242091680248825,0.005,0.46620023406550826,0,,"45, 225",6v,Ventral_Area_6,Premotor,8.0,56.0,"2075, 2516",idx_R,225,225.0
6,226.0,1.1835860013961792,0,0.001,,0.11828849221343302,0.005,0.17579110088783054,0,,"46, 226",FEF,Frontal_Eye_Fields,Premotor,8.0,10.0,"1787, 1889",idx_R,226,226.0
6,227.0,0.6522997617721558,0,0.001,,0.2571039068523222,0.005,0.31581807490413094,0,,"47, 227",PEF,Premotor_Eye_Field,Premotor,8.0,11.0,"1006, 1258",idx_R,227,227.0
6,228.0,0.6116328239440918,0,0.001,,0.27039035800540234,0.005,0.3247884181958383,0,,"48, 228",43,Area_43,Posterior_Opercular,9.0,99.0,"1889, 1678",idx_R,228,228.0
6,229.0,0.9580804109573364,0,0.001,,0.169011106250137,0.005,0.23000957540840297,0,,"49, 229",FOP1,Frontal_Opercular_Area_1,Posterior_Opercular,9.0,113.0,"879, 932",idx_R,229,229.0
6,230.0,1.0481547117233276,0,0.001,,0.1472836661733531,0.005,0.20963018092590785,0,,"50, 230",OP1,Area_OP1-SII,Posterior_Opercular,9.0,101.0,"1275, 1072",idx_R,230,230.0
6,231.0,2.4601712226867676,0,0.001,,0.006943537252825252,0.005,0.018071000799019566,0,,"51, 231",OP2-3,Area_OP2-3-VS,Posterior_Opercular,9.0,102.0,"943, 792",idx_R,231,231.0
6,232.0,0.34987199306488037,0,0.001,,0.3632173832670136,0.005,0.39748317414126016,0,,"52, 232",OP4,Area_OP4-PV,Posterior_Opercular,9.0,100.0,"2332, 2409",idx_R,232,232.0
6,233.0,-0.42536985874176025,0,0.001,,0.33528353746381756,0.005,0.37707788423908567,0,,"53, 233",52,Area_52,Early_Auditory,10.0,103.0,"725, 580",idx_R,233,233.0
6,234.0,-2.413795232772827,0,0.001,,0.0078936659891695,0.005,0.01999523893198794,0,,"54, 234",A1,Primary_Auditory_Cortex,Early_Auditory,10.0,24.0,"1023, 796",idx_R,234,234.0
6,235.0,-4.51577091217041,1,0.001,-,3.154341835586009e-06,0.005,2.022403511527267e-05,1,-,"55, 235",LBelt,Lateral_Belt_Complex,Early_Auditory,10.0,174.0,"820, 901",idx_R,235,235.0
6,236.0,-2.5380184650421143,0,0.001,,0.0055741051130627165,0.005,0.014791416182375575,0,,"56, 236",MBelt,Medial_Belt_Complex,Early_Auditory,10.0,173.0,"1242, 1236",idx_R,236,236.0
6,237.0,-4.85715913772583,1,0.001,-,5.954094351498948e-07,0.005,5.143324056826751e-06,1,-,"57, 237",PBelt,ParaBelt_Complex,Early_Auditory,10.0,124.0,"1719, 1439",idx_R,237,237.0
6,238.0,2.235124111175537,0,0.001,,0.012704600931683211,0.005,0.028497613139576702,0,,"58, 238",PFcm,Area_PFcm,Early_Auditory,10.0,105.0,"1486, 1485",idx_R,238,238.0
6,239.0,-0.07872147113084793,0,0.001,,0.46862708349187737,0.005,0.47684861127243666,0,,"59, 239",RI,RetroInsular_Cortex,Early_Auditory,10.0,104.0,"1149, 1334",idx_R,239,239.0
6,240.0,-6.023508548736572,1,0.001,-,8.533804524158087e-10,0.005,1.642462862202695e-08,1,-,"60, 240",A4,Auditory_4_Complex,Auditory_Association,11.0,175.0,"3514, 3610",idx_R,240,240.0
6,241.0,-8.817713737487793,1,0.001,-,5.841022706463004e-19,0.005,5.754369037074123e-17,1,-,"61, 241",A5,Auditory_5_Complex,Auditory_Association,11.0,125.0,"3346, 3881",idx_R,241,241.0
6,242.0,-6.715984344482422,1,0.001,-,9.340042513822253e-12,0.005,3.1600477171765294e-10,1,-,"62, 242",STGa,Area_STGa,Auditory_Association,11.0,123.0,"2509, 2187",idx_R,242,242.0
6,243.0,-6.147565841674805,1,0.001,-,3.934052157715531e-10,0.005,7.986125880162528e-09,1,-,"63, 243",STSda,Area_STSd_anterior,Auditory_Association,11.0,128.0,"1944, 2389",idx_R,243,243.0
6,244.0,-8.796036720275879,1,0.001,-,7.086661375707047e-19,0.005,5.754369037074123e-17,1,-,"64, 244",STSdp,Area_STSd_posterior,Auditory_Association,11.0,129.0,"1994, 2605",idx_R,244,244.0
6,245.0,-2.212766647338867,0,0.001,,0.01345686891268186,0.005,0.029692873796461055,0,,"65, 245",STSva,Area_STSv_anterior,Auditory_Association,11.0,176.0,"1694, 1900",idx_R,245,245.0
6,246.0,-4.513519763946533,1,0.001,-,3.188025239845938e-06,0.005,2.022403511527267e-05,1,-,"66, 246",STSvp,Area_STSv_posterior,Auditory_Association,11.0,130.0,"2898, 2515",idx_R,246,246.0
6,247.0,-2.880462884902954,0,0.001,,0.0019854585115623253,0.005,0.006200739659186954,0,,"67, 247",TA2,Area_TA2,Auditory_Association,11.0,107.0,"1518, 1726",idx_R,247,247.0
6,248.0,-1.2505069971084595,0,0.001,,0.1055572004497361,0.005,0.16295141970567628,0,,"68, 248",AAIC,Anterior_Agranular_Insula_Complex,Insula_FrontalOperc,12.0,112.0,"1859, 1691",idx_R,248,248.0
6,249.0,2.08207631111145,0,0.001,,0.018667749963824604,0.005,0.039067559202643244,0,,"69, 249",AVI,Anterior_Ventral_Insular_Area,Insula_FrontalOperc,12.0,111.0,"1446, 1792",idx_R,249,249.0
6,250.0,1.408077359199524,0,0.001,,0.0795540821934031,0.005,0.12919582948208663,0,,"70, 250",FOP2,Frontal_Opercular_Area_2,Insula_FrontalOperc,12.0,115.0,"750, 720",idx_R,250,250.0
6,251.0,1.213762640953064,0,0.001,,0.11241918810862572,0.005,0.1709445332288466,0,,"71, 251",FOP3,Frontal_Opercular_Area_3,Insula_FrontalOperc,12.0,114.0,"754, 614",idx_R,251,251.0
6,252.0,2.2373950481414795,0,0.001,,0.012630265949949347,0.005,0.028488266531552415,0,,"72, 252",FOP4,Frontal_Opercular_Area_4,Insula_FrontalOperc,12.0,108.0,"2522, 1678",idx_R,252,252.0
6,253.0,0.38962721824645996,0,0.001,,0.3484061112147605,0.005,0.38547103601052335,0,,"73, 253",FOP5,Area_Frontal_Opercular_5,Insula_FrontalOperc,12.0,169.0,"1297, 1365",idx_R,253,253.0
6,254.0,0.8750657439231873,0,0.001,,0.19076906740405092,0.005,0.2521152203447215,0,,"74, 254",Ig,Insular_Granular_Complex,Insula_FrontalOperc,12.0,168.0,"841, 1077",idx_R,254,254.0
6,255.0,1.5822933912277222,0,0.001,,0.056791304369712726,0.005,0.0985353400602708,0,,"75, 255",MI,Middle_Insular_Area,Insula_FrontalOperc,12.0,109.0,"2102, 1960",idx_R,255,255.0
6,256.0,0.14039921760559082,0,0.001,,0.44417228799542763,0.005,0.4612121455911602,0,,"76, 256",PI,Para-Insular_Area,Insula_FrontalOperc,12.0,178.0,"1033, 1058",idx_R,256,256.0
6,257.0,2.406029224395752,0,0.001,,0.008063487281480958,0.005,0.020208492816551044,0,,"77, 257",Pir,Pirform_Cortex,Insula_FrontalOperc,12.0,110.0,"2287, 1856",idx_R,257,257.0
6,258.0,0.7392836213111877,0,0.001,,0.22986739638226555,0.005,0.2904183999609436,0,,"78, 258",PoI1,Area_Posterior_Insular_1,Insula_FrontalOperc,12.0,167.0,"1811, 1835",idx_R,258,258.0
6,259.0,3.303590774536133,1,0.001,+,0.0004772753014182769,0.005,0.0018109698352880414,1,+,"79, 259",PoI2,Posterior_Insular_Area_2,Insula_FrontalOperc,12.0,106.0,"2747, 2675",idx_R,259,259.0
6,260.0,3.496211051940918,1,0.001,+,0.00023595764228892402,0.005,0.0009485029977158729,1,+,"80, 260",H,Hippocampus,Medial_Temporal,13.0,120.0,"4283, 3626",idx_R,260,260.0
6,261.0,1.7581056356430054,0,0.001,,0.03936476852840368,0.005,0.071668592029291,0,,"81, 261",PreS,PreSubiculum,Medial_Temporal,13.0,119.0,"1817, 1558",idx_R,261,261.0
6,262.0,3.6587092876434326,1,0.001,+,0.00012674434347762647,0.005,0.0005360229526241287,1,+,"82, 262",EC,Entorhinal_Cortex,Medial_Temporal,13.0,118.0,"2127, 2110",idx_R,262,262.0
6,263.0,5.415453910827637,1,0.001,+,3.056670915895103e-08,0.005,3.760631490464884e-07,1,+,"83, 263",PeEc,Perirhinal_Ectorhinal_Cortex,Medial_Temporal,13.0,122.0,"4826, 4755",idx_R,263,263.0
6,264.0,8.41590690612793,1,0.001,+,1.949334175846455e-17,0.005,1.1306138219909439e-15,1,+,"84, 264",TF,Area_TF,Medial_Temporal,13.0,135.0,"3986, 4752",idx_R,264,264.0
6,265.0,5.003986835479736,1,0.001,+,2.807829686160604e-07,0.005,2.999944348897908e-06,1,+,"85, 265",PHA1,ParaHippocampal_Area_1,Medial_Temporal,13.0,126.0,"1281, 1168",idx_R,265,265.0
6,266.0,6.016706943511963,1,0.001,+,8.900045066122979e-10,0.005,1.642462862202695e-08,1,+,"86, 266",PHA2,ParaHippocampal_Area_2,Medial_Temporal,13.0,155.0,"783, 771",idx_R,266,266.0
6,267.0,3.8931257724761963,1,0.001,+,4.948040619984452e-05,0.005,0.0002309085622659411,1,+,"87, 267",PHA3,ParaHippocampal_Area_3,Medial_Temporal,13.0,127.0,"2023, 1122",idx_R,267,267.0
6,268.0,2.7353453636169434,0,0.001,,0.0031157428724592354,0.005,0.009233515373857297,0,,"88, 268",PHT,Area_PHT,Lateral_Temporal,14.0,137.0,"4182, 3410",idx_R,268,268.0
6,269.0,-3.2746167182922363,1,0.001,-,0.0005290271021310593,0.005,0.0019887500320852785,1,-,"89, 269",TE1a,Area_TE1_anterior,Lateral_Temporal,14.0,132.0,"5227, 4180",idx_R,269,269.0
6,270.0,-3.1894919872283936,1,0.001,-,0.0007126154505862133,0.005,0.002523371363538734,1,-,"90, 270",TE1m,Area_TE1_Middle,Lateral_Temporal,14.0,177.0,"3339, 3429",idx_R,270,270.0
6,271.0,1.376861333847046,0,0.001,,0.0842775618482135,0.005,0.13457297429991577,0,,"91, 271",TE1p,Area_TE1_posterior,Lateral_Temporal,14.0,133.0,"7116, 6010",idx_R,271,271.0
6,272.0,-2.44105863571167,0,0.001,,0.007322138406363189,0.005,0.018815115145464904,0,,"92, 272",TE2a,Area_TE2_anterior,Lateral_Temporal,14.0,134.0,"5691, 5753",idx_R,272,272.0
6,273.0,4.709233283996582,1,0.001,+,1.2432517638973571e-06,0.005,9.706927233506288e-06,1,+,"93, 273",TE2p,Area_TE2_posterior,Lateral_Temporal,14.0,136.0,"4115, 3040",idx_R,273,273.0
6,274.0,-2.296917676925659,0,0.001,,0.010811733193610977,0.005,0.025373200442809576,0,,"94, 274",TGd,Area_TG_dorsal,Lateral_Temporal,14.0,131.0,"10,192, 10,269",idx_R,274,274.0
6,275.0,1.300122618675232,0,0.001,,0.09677947327062097,0.005,0.15112486979950815,0,,"95, 275",TGv,Area_TG_Ventral,Lateral_Temporal,14.0,172.0,"3694, 4515",idx_R,275,275.0
6,276.0,1.7397866249084473,0,0.001,,0.040948245951317346,0.005,0.07356189316918071,0,,"96, 276",PSL,PeriSylvian_Language_Area,TPO,15.0,25.0,"2154, 2759",idx_R,276,276.0
6,277.0,3.6096396446228027,1,0.001,+,0.00015331133559905524,0.005,0.0006351469617675146,1,+,"97, 277",STV,Superior_Temporal_Visual_Area,TPO,15.0,28.0,"2322, 2294",idx_R,277,277.0
6,278.0,-0.26446542143821716,0,0.001,,0.3957106531127162,0.005,0.4239011218041234,0,,"98, 278",TPOJ1,Area_TemporoParietoOccipital_Junction_1,TPO,15.0,139.0,"2102, 3938",idx_R,278,278.0
6,279.0,4.933996677398682,1,0.001,+,4.028190529698973e-07,0.005,4.088613387644458e-06,1,+,"99, 279",TPOJ2,Area_TemporoParietoOccipital_Junction_2,TPO,15.0,140.0,"1930, 2068",idx_R,279,279.0
6,280.0,5.604036808013916,1,0.001,+,1.047081029127237e-08,0.005,1.4170496594188607e-07,1,+,"100, 280",TPOJ3,Area_TemporoParietoOccipital_Junction_3,TPO,15.0,141.0,"1290, 1277",idx_R,280,280.0
6,281.0,0.029540013521909714,0,0.001,,0.48821695333949944,0.005,0.49063386895009103,0,,"101, 281",7AL,Lateral_Area_7A,Superior_Parietal,16.0,42.0,"2134, 2030",idx_R,281,281.0
6,282.0,3.086677312850952,0,0.001,,0.0010120359483824057,0.005,0.0034528285297752664,1,,"102, 282",7Am,Medial_Area_7A,Superior_Parietal,16.0,45.0,"2995, 2379",idx_R,282,282.0
6,283.0,0.1311865746974945,0,0.001,,0.44781385800558504,0.005,0.4638072100772131,0,,"103, 283",7PC,Area_7PC,Superior_Parietal,16.0,47.0,"3151, 3415",idx_R,283,283.0
6,284.0,0.5915983319282532,0,0.001,,0.27705979556796073,0.005,0.3281569716365949,0,,"104, 284",7Pl,Lateral_Area_7P,Superior_Parietal,16.0,46.0,"1695, 1363",idx_R,284,284.0
6,285.0,1.5122222900390625,0,0.001,,0.06523866117850574,0.005,0.11036206849363887,0,,"105, 285",7Pm,Medial_Area_7P,Superior_Parietal,16.0,29.0,"1601, 1308",idx_R,285,285.0
6,286.0,0.7304567098617554,0,0.001,,0.23255553251934857,0.005,0.29231438452896447,0,,"106, 286",AIP,Anterior_IntraParietal_Area,Superior_Parietal,16.0,117.0,"1999, 2542",idx_R,286,286.0
6,287.0,1.3752793073654175,0,0.001,,0.08452243459723774,0.005,0.13457297429991577,0,,"107, 287",LIPd,Area_Lateral_IntraParietal_dorsal,Superior_Parietal,16.0,95.0,"1008, 869",idx_R,287,287.0
6,288.0,-2.2914910316467285,0,0.001,,0.010967514991723335,0.005,0.025590868314021117,0,,"108, 288",LIPv,Area_Lateral_IntraParietal_ventral,Superior_Parietal,16.0,48.0,"1681, 1783",idx_R,288,288.0
6,289.0,-0.42633846402168274,0,0.001,,0.3349306169943994,0.005,0.37707788423908567,0,,"109, 289",MIP,Medial_IntraParietal_Area,Superior_Parietal,16.0,50.0,"1872, 2403",idx_R,289,289.0
6,290.0,-0.933400571346283,0,0.001,,0.17530659275651767,0.005,0.23412656795771766,0,,"110, 290",VIP,Ventral_IntraParietal_Complex,Superior_Parietal,16.0,49.0,"1890, 1577",idx_R,290,290.0
6,291.0,-0.5802570581436157,0,0.001,,0.28087064051011235,0.005,0.33053182622349453,0,,"111, 291",IP0,Area_IntraParietal_0,Inferior_Parietal,17.0,146.0,"1203, 1239",idx_R,291,291.0
6,292.0,2.1008589267730713,0,0.001,,0.017826675930398758,0.005,0.03769599181115571,0,,"112, 292",IP1,Area_IntraParietal_1,Inferior_Parietal,17.0,145.0,"1692, 1632",idx_R,292,292.0
6,293.0,1.0806825160980225,0,0.001,,0.13991918149749605,0.005,0.20144392797157232,0,,"113, 293",IP2,Area_IntraParietal_2,Inferior_Parietal,17.0,144.0,"2102, 1861",idx_R,293,293.0
6,294.0,1.7959171533584595,0,0.001,,0.03625384697143184,0.005,0.06743859873713814,0,,"114, 294",PF,Area_PF_Complex,Inferior_Parietal,17.0,148.0,"5457, 5251",idx_R,294,294.0
6,295.0,-1.4920083284378052,0,0.001,,0.06784848100927637,0.005,0.11289542331871397,0,,"115, 295",PFm,Area_PFm_Complex,Inferior_Parietal,17.0,149.0,"8220, 8141",idx_R,295,295.0
6,296.0,1.7922922372817993,0,0.001,,0.03654308305953299,0.005,0.06743859873713814,0,,"116, 296",PFop,Area_PF_Opercular,Inferior_Parietal,17.0,147.0,"1797, 1783",idx_R,296,296.0
6,297.0,-0.15300291776657104,0,0.001,,0.43919798716986336,0.005,0.4583917295397546,0,,"117, 297",PFt,Area_PFt,Inferior_Parietal,17.0,116.0,"1983, 2039",idx_R,297,297.0
6,298.0,0.049346618354320526,0,0.001,,0.4803215343359205,0.005,0.48510085308553164,0,,"118, 298",PGi,Area_PGi,Inferior_Parietal,17.0,150.0,"4791, 4970",idx_R,298,298.0
6,299.0,4.203927516937256,1,0.001,+,1.3116148612797728e-05,0.005,7.196157211886321e-05,1,+,"119, 299",PGp,Area_PGp,Inferior_Parietal,17.0,143.0,"2501, 3740",idx_R,299,299.0
6,300.0,0.5484328269958496,0,0.001,,0.29169737061351864,0.005,0.3403135990491051,0,,"120, 300",PGs,Area_PGs,Inferior_Parietal,17.0,151.0,"4552, 3366",idx_R,300,300.0
6,301.0,-1.6592680215835571,0,0.001,,0.04853089806047441,0.005,0.08604167953079743,0,,"121, 301",23d,Area_23d,Posterior_Cingulate,18.0,32.0,"1261, 1513",idx_R,301,301.0
6,302.0,1.7534384727478027,0,0.001,,0.03976338600545187,0.005,0.07207113713488152,0,,"122, 302",31a,Area_31a,Posterior_Cingulate,18.0,162.0,"1260, 1116",idx_R,302,302.0
6,303.0,-1.9846041202545166,0,0.001,,0.023594266789173604,0.005,0.047422140180220215,0,,"123, 303",31pd,Area_31pd,Posterior_Cingulate,18.0,161.0,"1428, 864",idx_R,303,303.0
6,304.0,-1.0442414283752441,0,0.001,,0.14818685203383142,0.005,0.20963018092590785,0,,"124, 304",31pv,Area_31p_ventral,Posterior_Cingulate,18.0,35.0,"950, 1022",idx_R,304,304.0
6,305.0,-0.8094717264175415,0,0.001,,0.20912192974561578,0.005,0.2703933231742675,0,,"125, 305",7 m,Area_7m,Posterior_Cingulate,18.0,30.0,"2128, 2067",idx_R,305,305.0
6,306.0,0.7964966297149658,0,0.001,,0.21287171683403217,0.005,0.2743679905860859,0,,"126, 306",d23ab,Area_dorsal_23_a + b,Posterior_Cingulate,18.0,34.0,"1607, 1106",idx_R,306,306.0
6,307.0,1.4997649192810059,0,0.001,,0.06683765372686287,0.005,0.11213259261614184,0,,"127, 307",DVT,Dorsal_Transitional_Visual_Area,Posterior_Cingulate,18.0,142.0,"1806, 2176",idx_R,307,307.0
6,308.0,3.9406344890594482,1,0.001,+,4.063318665326519e-05,0.005,0.0002036675775459959,1,+,"128, 308",PCV,PreCuneus_Visual_Area,Posterior_Cingulate,18.0,27.0,"2245, 2416",idx_R,308,308.0
6,309.0,5.935329437255859,1,0.001,+,1.466280260689382e-09,0.005,2.4804574409995382e-08,1,+,"129, 309",POS1,Parieto-Occipital_Sulcus_Area_1,Posterior_Cingulate,18.0,31.0,"2531, 2727",idx_R,309,309.0
6,310.0,-1.4623501300811768,0,0.001,,0.0718226439324577,0.005,0.11827268524627411,0,,"130, 310",POS2,Parieto-Occipital_Sulcus_Area_2,Posterior_Cingulate,18.0,15.0,"3261, 3093",idx_R,310,310.0
6,311.0,0.5910897850990295,0,0.001,,0.27723013189315704,0.005,0.3281569716365949,0,,"131, 311",ProS,ProStriate_Area,Posterior_Cingulate,18.0,121.0,"1222, 1055",idx_R,311,311.0
6,312.0,0.7257851958274841,0,0.001,,0.23398523190459625,0.005,0.29320371652242616,0,,"132, 312",RSC,RetroSplenial_Complex,Posterior_Cingulate,18.0,14.0,"2830, 3067",idx_R,312,312.0
6,313.0,1.182259440422058,0,0.001,,0.1185513869084815,0.005,0.17579110088783054,0,,"133, 313",v23ab,Area_ventral_23_a + b,Posterior_Cingulate,18.0,33.0,"916, 1089",idx_R,313,313.0
6,314.0,1.1796469688415527,0,0.001,,0.11907032695604286,0.005,0.17579110088783054,0,,"134, 314",10r,Area_10r,AntCing_MedPFC,19.0,65.0,"1589, 1053",idx_R,314,314.0
6,315.0,0.26508060097694397,0,0.001,,0.39547368555689577,0.005,0.4239011218041234,0,,"135, 315",10v,Area_10v,AntCing_MedPFC,19.0,88.0,"3906, 2667",idx_R,315,315.0
6,316.0,0.6265903115272522,0,0.001,,0.2654639103705503,0.005,0.3211686643765043,0,,"136, 316",25,Area_25,AntCing_MedPFC,19.0,164.0,"1911, 2135",idx_R,316,316.0
6,317.0,3.2439706325531006,1,0.001,+,0.0005893794943755646,0.005,0.0021365006671114216,1,+,"137, 317",33pr,Area_33_prime,AntCing_MedPFC,19.0,58.0,"1354, 1316",idx_R,317,317.0
6,318.0,-0.9350758790969849,0,0.001,,0.17487459815990175,0.005,0.23412656795771766,0,,"138, 318",8BM,Area_8BM,AntCing_MedPFC,19.0,63.0,"3122, 3436",idx_R,318,318.0
6,319.0,-1.3451956510543823,0,0.001,,0.08928103014275784,0.005,0.1410431838052906,0,,"139, 319",9 m,Area_9_Middle,AntCing_MedPFC,19.0,69.0,"6338, 5881",idx_R,319,319.0
6,320.0,0.5860905051231384,0,0.001,,0.2789073482755654,0.005,0.3291755331391848,0,,"140, 320",a24,Area_a24,AntCing_MedPFC,19.0,61.0,"2085, 2152",idx_R,320,320.0
6,321.0,1.1240180730819702,0,0.001,,0.13050267943908234,0.005,0.19059024407290442,0,,"141, 321",a24pr,Anterior_24_prime,AntCing_MedPFC,19.0,59.0,"1095, 1474",idx_R,321,321.0
6,322.0,1.0596630573272705,0,0.001,,0.14464895757711005,0.005,0.20729123645568154,0,,"142, 322",a32pr,Area_anterior_32_prime,AntCing_MedPFC,19.0,179.0,"1759, 1118",idx_R,322,322.0
6,323.0,-1.1807149648666382,0,0.001,,0.11885798728255781,0.005,0.17579110088783054,0,,"143, 323",d32,Area_dorsal_32,AntCing_MedPFC,19.0,62.0,"2228, 2374",idx_R,323,323.0
6,324.0,2.056640625,0,0.001,,0.01986040370701706,0.005,0.04113940767882106,0,,"144, 324",p24,Area_posterior_24,AntCing_MedPFC,19.0,180.0,"2394, 2442",idx_R,324,324.0
6,325.0,4.033649444580078,1,0.001,+,2.745861346172054e-05,0.005,0.0001429256034033146,1,+,"145, 325",p24pr,Area_Posterior_24_prime,AntCing_MedPFC,19.0,57.0,"1422, 1724",idx_R,325,325.0
6,326.0,-0.10151439160108566,0,0.001,,0.4595710668646828,0.005,0.46998955452660257,0,,"146, 326",p32,Area_p32,AntCing_MedPFC,19.0,64.0,"1180, 1765",idx_R,326,326.0
6,327.0,1.7956894636154175,0,0.001,,0.03627195926003658,0.005,0.06743859873713814,0,,"147, 327",p32pr,Area_p32_prime,AntCing_MedPFC,19.0,60.0,"1569, 1305",idx_R,327,327.0
6,328.0,-0.6339274048805237,0,0.001,,0.2630640998994544,0.005,0.31977252862029487,0,,"148, 328",pOFC,Posterior_OFC_Complex,AntCing_MedPFC,19.0,166.0,"2486, 2836",idx_R,328,328.0
6,329.0,2.3630263805389404,0,0.001,,0.009063189621832507,0.005,0.02216659630399999,0,,"149, 329",s32,Area_s32,AntCing_MedPFC,19.0,165.0,"604, 1015",idx_R,329,329.0
6,330.0,-1.041520118713379,0,0.001,,0.14881711042288376,0.005,0.20979078761003753,0,,"150, 330",10d,Area_10d,OrbPolaFrontal,20.0,72.0,"3644, 3096",idx_R,330,330.0
6,331.0,-0.16110381484031677,0,0.001,,0.43600581784331405,0.005,0.45623289186697297,0,,"151, 331",10 pp,Polar_10p,OrbPolaFrontal,20.0,90.0,"1997, 2487",idx_R,331,331.0
6,332.0,2.378300666809082,0,0.001,,0.008696318850773621,0.005,0.021466387522581815,0,,"152, 332",11 l,Area_11l,OrbPolaFrontal,20.0,91.0,"3531, 3793",idx_R,332,332.0
6,333.0,4.394311428070068,1,0.001,+,5.556220774446568e-06,0.005,3.317390638860745e-05,1,+,"153, 333",13 l,Area_13l,OrbPolaFrontal,20.0,92.0,"2429, 1757",idx_R,333,333.0
6,334.0,4.767936706542969,1,0.001,+,9.306111648554385e-07,0.005,7.5565626586261594e-06,1,+,"154, 334",47 m,Area_47m,OrbPolaFrontal,20.0,66.0,"799, 781",idx_R,334,334.0
6,335.0,-1.3299771547317505,0,0.001,,0.091762899230446,0.005,0.14440208173473285,0,,"155, 335",47 s,Area_47s,OrbPolaFrontal,20.0,94.0,"2795, 3080",idx_R,335,335.0
6,336.0,1.04597806930542,0,0.001,,0.1477855789063683,0.005,0.20963018092590785,0,,"156, 336",a10p,Area_anterior_10p,OrbPolaFrontal,20.0,89.0,"1964, 1748",idx_R,336,336.0
6,337.0,-0.821796178817749,0,0.001,,0.20559645444273883,0.005,0.26839922991560117,0,,"157, 337",OFC,Orbital_Frontal_Complex,OrbPolaFrontal,20.0,93.0,"4560, 5232",idx_R,337,337.0
6,338.0,-0.6443202495574951,0,0.001,,0.2596838936474184,0.005,0.3175652434363008,0,,"158, 338",p10p,Area_posterior_10p,OrbPolaFrontal,20.0,170.0,"2116, 2365",idx_R,338,338.0
6,339.0,-1.084631085395813,0,0.001,,0.13904254072962263,0.005,0.2008942047552555,0,,"159, 339",44,Area_44,Inferior_Frontal,21.0,74.0,"2435, 2589",idx_R,339,339.0
6,340.0,-4.271852016448975,1,0.001,-,9.69281054503878e-06,0.005,5.465668168452424e-05,1,-,"160, 340",45,Area_45,Inferior_Frontal,21.0,75.0,"3762, 2962",idx_R,340,340.0
6,341.0,-1.0230330228805542,0,0.001,,0.1531461162200598,0.005,0.2118788439223303,0,,"161, 341",47 l,Area_47l_(47_lateral),Inferior_Frontal,21.0,76.0,"2527, 2592",idx_R,341,341.0
6,342.0,-0.8104565739631653,0,0.001,,0.20883890697844482,0.005,0.2703933231742675,0,,"162, 342",a47r,Area_anterior_47r,Inferior_Frontal,21.0,77.0,"4167, 3763",idx_R,342,342.0
6,343.0,3.163095235824585,1,0.001,+,0.0007805062819191008,0.005,0.0027317719867168528,1,+,"163, 343",IFJa,Area_IFJa,Inferior_Frontal,21.0,79.0,"1513, 1405",idx_R,343,343.0
6,344.0,5.060590744018555,1,0.001,+,2.08979739962808e-07,0.005,2.356827067358335e-06,1,+,"164, 344",IFJp,Area_IFJp,Inferior_Frontal,21.0,80.0,"960, 740",idx_R,344,344.0
6,345.0,4.653079986572266,1,0.001,+,1.6350666110820624e-06,0.005,1.2293278594431801e-05,1,+,"165, 345",IFSa,Area_IFSa,Inferior_Frontal,21.0,82.0,"2057, 2641",idx_R,345,345.0
6,346.0,3.9036927223205566,1,0.001,+,4.736802327189309e-05,0.005,0.0002259698183113936,1,+,"166, 346",IFSp,Area_IFSp,Inferior_Frontal,21.0,81.0,"1589, 1730",idx_R,346,346.0
6,347.0,-0.372676283121109,0,0.001,,0.3546946950962307,0.005,0.3913207777420371,0,,"167, 347",p47r,Area_posterior_47r,Inferior_Frontal,21.0,171.0,"2133, 1761",idx_R,347,347.0
6,348.0,2.0786046981811523,0,0.001,,0.018826849404000763,0.005,0.039198465938586204,0,,"168, 348",46,Area_46,Dorsolateral_Prefrontal,22.0,84.0,"4863, 4394",idx_R,348,348.0
6,349.0,2.754246234893799,0,0.001,,0.0029413745198732916,0.005,0.008780868051974679,0,,"169, 349",8Ad,Area_8Ad,Dorsolateral_Prefrontal,22.0,68.0,"3386, 3492",idx_R,349,349.0
6,350.0,-1.0027666091918945,0,0.001,,0.1579867415369101,0.005,0.21743260021690003,0,,"170, 350",8Av,Area_8Av,Dorsolateral_Prefrontal,22.0,67.0,"4807, 5902",idx_R,350,350.0
6,351.0,-3.5320684909820557,1,0.001,-,0.00020616127372166128,0.005,0.0008370147713099447,1,-,"171, 351",8BL,Area_8B_Lateral,Dorsolateral_Prefrontal,22.0,70.0,"3377, 4078",idx_R,351,351.0
6,352.0,1.0304019451141357,0,0.001,,0.1514106802665377,0.005,0.21124651611070208,0,,"172, 352",8C,Area_8C,Dorsolateral_Prefrontal,22.0,73.0,"4085, 3134",idx_R,352,352.0
6,353.0,1.5075056552886963,0,0.001,,0.06584054768053102,0.005,0.11091810107176595,0,,"173, 353",9-46d,Area_9-46d,Dorsolateral_Prefrontal,22.0,86.0,"4534, 4666",idx_R,353,353.0
6,354.0,-1.4833933115005493,0,0.001,,0.06898497171899884,0.005,0.11431795313434094,0,,"174, 354",9a,Area_9_anterior,Dorsolateral_Prefrontal,22.0,87.0,"3706, 3048",idx_R,354,354.0
6,355.0,-1.058113932609558,0,0.001,,0.145001751609393,0.005,0.20729123645568154,0,,"175, 355",9p,Area_9_Posterior,Dorsolateral_Prefrontal,22.0,71.0,"3426, 2488",idx_R,355,355.0
6,356.0,0.46512001752853394,0,0.001,,0.32092275586211955,0.005,0.3659961766292712,0,,"176, 356",a9-46v,Area_anterior_9-46v,Dorsolateral_Prefrontal,22.0,85.0,"3314, 2628",idx_R,356,356.0
6,357.0,1.7237259149551392,0,0.001,,0.04237866719307767,0.005,0.07573633658944065,0,,"177, 357",i6-8,Inferior_6-8_Transitional_Area,Dorsolateral_Prefrontal,22.0,97.0,"1764, 2418",idx_R,357,357.0
6,358.0,1.8334946632385254,0,0.001,,0.033364520744667725,0.005,0.06359622264007088,0,,"178, 358",p9-46v,Area_posterior_9-46v,Dorsolateral_Prefrontal,22.0,83.0,"2871, 4635",idx_R,358,358.0
6,359.0,-0.6612744927406311,0,0.001,,0.2542181481375794,0.005,0.3146724638532233,0,,"179, 359",s6-8,Superior_6-8_Transitional_Area,Dorsolateral_Prefrontal,22.0,98.0,"1336, 2132",idx_R,359,359.0
6,360.0,-4.468985557556152,1,0.001,-,3.929571818507469e-06,0.005,2.4544710127908192e-05,1,-,"180, 360",SFL,Superior_Frontal_Language_Area,Dorsolateral_Prefrontal,22.0,26.0,"3873, 3055",idx_R,360,360.0
6,361.0,2.0878407955169678,0,0.001,,0.018406099106389705,0.005,0.038719565995824975,0,,"361, 394",AV,Thalamus: Anteroventral Nucleus,,,,"256, 280",idx_L,361,361.0
6,362.0,0.7377544641494751,0,0.001,,0.23033183445178285,0.005,0.2904183999609436,0,,"362, 395",CeM,Thalamus: Central medial,,,,"96, 88",idx_L,362,362.0
6,363.0,0.7724994421005249,0,0.001,,0.2199093386011905,0.005,0.28254174516482067,0,,"363, 396",CL,Thalamus: Central lateral,,,,"16, 16",idx_L,363,363.0
6,366.0,0.049765314906835556,0,0.001,,0.48015470355649975,0.005,0.48510085308553164,0,,"366, 399",LGN,Thalamus: Lateral Geniculate,,,,"328, 256",idx_L,366,366.0
6,367.0,0.8362391591072083,0,0.001,,0.20151018635997137,0.005,0.2639133408456399,0,,"367, 400",LP,Thalamus: Lateral Posterior,,,,"256, 264",idx_L,367,367.0
6,368.0,-0.24252304434776306,0,0.001,,0.4041874514662612,0.005,0.42765609407019867,0,,"368, 401",L-Sg,Thalamus: Limitans Suprageniculate,,,,"32, 16",idx_L,368,368.0
6,369.0,1.652340054512024,0,0.001,,0.049232624149273915,0.005,0.08653006668660264,0,,"369, 402",MDl,Thalamus: Mediodorsolateral parvocellular,,,,"328, 320",idx_L,369,369.0
6,370.0,2.1849517822265625,0,0.001,,0.01444619108387099,0.005,0.0315330837637184,0,,"370, 403",MDm,Thalamus: Mediodorsomedial magnocellular,,,,"1104, 1192",idx_L,370,370.0
6,371.0,-0.5256888270378113,0,0.001,,0.29955221402415955,0.005,0.3484762145954406,0,,"371, 404",MGN,Thalamus: Medial Geniculate,,,,"160, 168",idx_L,371,371.0
6,372.0,0.40265679359436035,0,0.001,,0.34360036149672624,0.005,0.3821965664867695,0,,"372, 405",MV(Re),Thalamus: Reuniens,,,,"8, 8",idx_L,372,372.0
6,374.0,1.7932578325271606,0,0.001,,0.03646585327939991,0.005,0.06743859873713814,0,,"374, 407",PuA,Thalamus: Pulvinar anterior,,,,"320, 280",idx_L,374,374.0
6,375.0,0.47356653213500977,0,0.001,,0.31790452311258033,0.005,0.3637031100183024,0,,"375, 408",PuI,Thalamus: Pulvinar inferior,,,,"336, 280",idx_L,375,375.0
6,376.0,1.0883066654205322,0,0.001,,0.13822987449577173,0.005,0.20043331801886902,0,,"376, 409",PuL,Thalamus: Pulvinar lateral,,,,"304, 256",idx_L,376,376.0
6,377.0,1.7877802848815918,0,0.001,,0.03690573142406632,0.005,0.0677996694939861,0,,"377, 410",PuM,Thalamus: Pulvinar medial,,,,"1904, 1680",idx_L,377,377.0
6,378.0,0.4155961573123932,0,0.001,,0.3388527695160548,0.005,0.38003929398761943,0,,"378, 411",VA,Thalamus: Ventral Anterior,,,,"608, 616",idx_L,378,378.0
6,379.0,2.214237689971924,0,0.001,,0.013406216209675923,0.005,0.029692873796461055,0,,"379, 412",VLa,Thalamus: Ventral Lateral Anterior,,,,"880, 856",idx_L,379,379.0
6,380.0,2.3545989990234375,0,0.001,,0.009271351847640504,0.005,0.022405766965131215,0,,"380, 413",VLp,Thalamus: Ventral Lateral Posterior,,,,"1384, 1288",idx_L,380,380.0
6,382.0,0.6627037525177002,0,0.001,,0.2537601529985616,0.005,0.3146724638532233,0,,"382, 415",Putam,Putamen,,,,"7896, 7744",idx_L,382,382.0
6,383.0,0.3895273804664612,0,0.001,,0.3484430300883303,0.005,0.38547103601052335,0,,"383, 416",Caud,Caudate,,,,"6896, 6952",idx_L,383,383.0
6,384.0,-0.43729090690612793,0,0.001,,0.3309501945113934,0.005,0.3748953421994143,0,,"384, 417",NAc,Nucleus Accumbens,,,,"600, 632",idx_L,384,384.0
6,387.0,4.044741630554199,1,0.001,+,2.6190429588337456e-05,0.005,0.00013991203174822377,1,+,"387, 420",Amyg,Amygdala,,,,"1608, 1632",idx_L,387,387.0
6,391.0,-1.451633095741272,0,0.001,,0.07330182563337022,0.005,0.11984782292387726,0,,"391, 424",MB,Mammillary bodies,,,,"112, 104",idx_L,391,391.0
6,392.0,1.2255101203918457,0,0.001,,0.11019153966116935,0.005,0.1694612314486165,0,,"392, 425",Septum,Septal nuclei,,,,"248, 136",idx_L,392,392.0
6,393.0,0.008952430449426174,0,0.001,,0.4964285446877505,0.005,0.4964285446877505,0,,"393, 426",Nb,Nucleus basalis,,,,"584, 600",idx_L,393,393.0
6,394.0,0.9628019332885742,0,0.001,,0.16782346517782687,0.005,0.22941524196026164,0,,"361, 394",AV,Thalamus: Anteroventral Nucleus,,,,"256, 280",idx_R,394,394.0
6,395.0,1.8247175216674805,0,0.001,,0.034021833880471454,0.005,0.0643675002884109,0,,"362, 395",CeM,Thalamus: Central medial,,,,"96, 88",idx_R,395,395.0
6,399.0,-1.3219072818756104,0,0.001,,0.09309951365472452,0.005,0.14593977816146006,0,,"366, 399",LGN,Thalamus: Lateral Geniculate,,,,"328, 256",idx_R,399,399.0
6,400.0,1.747516393661499,0,0.001,,0.04027390187545605,0.005,0.07267201849526736,0,,"367, 400",LP,Thalamus: Lateral Posterior,,,,"256, 264",idx_R,400,400.0
6,402.0,-0.2971000671386719,0,0.001,,0.3831950565568294,0.005,0.41376913021827855,0,,"369, 402",MDl,Thalamus: Mediodorsolateral parvocellular,,,,"328, 320",idx_R,402,402.0
6,403.0,1.7805509567260742,0,0.001,,0.037492918886800855,0.005,0.06856813093712229,0,,"370, 403",MDm,Thalamus: Mediodorsomedial magnocellular,,,,"1104, 1192",idx_R,403,403.0
6,404.0,-1.2192631959915161,0,0.001,,0.11137215638118708,0.005,0.16998908079233818,0,,"371, 404",MGN,Thalamus: Medial Geniculate,,,,"160, 168",idx_R,404,404.0
6,406.0,-0.5554050803184509,0,0.001,,0.28930880922825497,0.005,0.3384996442267191,0,,"373, 406",Pf,Thalamus: Parafascicular,,,,"56, 72",idx_R,406,406.0
6,407.0,0.24176117777824402,0,0.001,,0.4044826111402864,0.005,0.42765609407019867,0,,"374, 407",PuA,Thalamus: Pulvinar anterior,,,,"320, 280",idx_R,407,407.0
6,408.0,0.4093955159187317,0,0.001,,0.3411247149119216,0.005,0.3815334276976313,0,,"375, 408",PuI,Thalamus: Pulvinar inferior,,,,"336, 280",idx_R,408,408.0
6,409.0,-0.3107556998729706,0,0.001,,0.3779931748514948,0.005,0.410334836870874,0,,"376, 409",PuL,Thalamus: Pulvinar lateral,,,,"304, 256",idx_R,409,409.0
6,410.0,1.165048599243164,0,0.001,,0.12199966062087231,0.005,0.17946326888432668,0,,"377, 410",PuM,Thalamus: Pulvinar medial,,,,"1904, 1680",idx_R,410,410.0
6,411.0,2.0366361141204834,0,0.001,,0.020843260472243642,0.005,0.042739210867327876,0,,"378, 411",VA,Thalamus: Ventral Anterior,,,,"608, 616",idx_R,411,411.0
6,412.0,-0.25606516003608704,0,0.001,,0.39895026177629234,0.005,0.42591581186204386,0,,"379, 412",VLa,Thalamus: Ventral Lateral Anterior,,,,"880, 856",idx_R,412,412.0
6,415.0,0.04092264175415039,0,0.001,,0.48367878352746346,0.005,0.4872793700053354,0,,"382, 415",Putam,Putamen,,,,"7896, 7744",idx_R,415,415.0
6,416.0,0.7092024683952332,0,0.001,,0.2390994209651633,0.005,0.2977741254964917,0,,"383, 416",Caud,Caudate,,,,"6896, 6952",idx_R,416,416.0
6,417.0,-0.6511423587799072,0,0.001,,0.2574772975203629,0.005,0.31581807490413094,0,,"384, 417",NAc,Nucleus Accumbens,,,,"600, 632",idx_R,417,417.0
6,420.0,2.940626859664917,0,0.001,,0.0016377442275400536,0.005,0.005319393251050094,0,,"387, 420",Amyg,Amygdala,,,,"1608, 1632",idx_R,420,420.0
6,424.0,0.30077460408210754,0,0.001,,0.3817931876047651,0.005,0.41335475778009234,0,,"391, 424",MB,Mammillary bodies,,,,"112, 104",idx_R,424,424.0
6,425.0,1.5511387586593628,0,0.001,,0.06043421728065636,0.005,0.10333016007245786,0,,"392, 425",Septum,Septal nuclei,,,,"248, 136",idx_R,425,425.0
6,426.0,0.5139486193656921,0,0.001,,0.3036439569668494,0.005,0.3522269900815453,0,,"393, 426",Nb,Nucleus basalis,,,,"584, 600",idx_R,426,426.0
7,0.0,-0.9959536194801331,0,0.001,,0.15963634046908554,0.005,0.2793635958208997,0,,,,,,,,,,,
7,1.0,0.011883264407515526,0,0.001,,0.4952593749710841,0.005,0.49648223762533367,0,,"1, 181",V1,Primary_Visual_Cortex,Primary_Visual,1.0,1.0,"13,812, 13,406",idx_L,1,1.0
7,2.0,-0.303285151720047,0,0.001,,0.38083628042554896,0.005,0.44081374858498223,0,,"2, 182",V2,Second_Visual_Area,Early_Visual,2.0,4.0,"9515, 9420",idx_L,2,2.0
7,3.0,-0.9417426586151123,0,0.001,,0.17316220452157083,0.005,0.29139028970438874,0,,"3, 183",V3,Third_Visual_Area,Early_Visual,2.0,5.0,"7106, 7481",idx_L,3,3.0
7,4.0,-2.3759725093841553,0,0.001,,0.008751383380590057,0.005,0.05303077093312781,0,,"4, 184",V4,Fourth_Visual_Area,Early_Visual,2.0,6.0,"4782, 4537",idx_L,4,4.0
7,5.0,-1.7330690622329712,0,0.001,,0.041541697217714973,0.005,0.12310897131673197,0,,"5, 185",IPS1,IntraParietal_Sulcus_Area_1,Dorsal_Stream_Visual,3.0,17.0,"1751, 1750",idx_L,5,5.0
7,6.0,-1.7802356481552124,0,0.001,,0.03751870182774378,0.005,0.1172857454575753,0,,"6, 186",V3A,Area_V3A,Dorsal_Stream_Visual,3.0,13.0,"2191, 2212",idx_L,6,6.0
7,7.0,-1.2688716650009155,0,0.001,,0.10224341988297775,0.005,0.21287604344866137,0,,"7, 187",V3B,Area_V3B,Dorsal_Stream_Visual,3.0,19.0,"639, 731",idx_L,7,7.0
7,8.0,-0.09875202178955078,0,0.001,,0.4606675816371678,0.005,0.4763677595165981,0,,"8, 188",V6,Sixth_Visual_Area,Dorsal_Stream_Visual,3.0,3.0,"1402, 1559",idx_L,8,8.0
7,9.0,-0.9396995902061462,0,0.001,,0.1736858377055716,0.005,0.29139028970438874,0,,"9, 189",V6A,Area_V6A,Dorsal_Stream_Visual,3.0,152.0,"904, 734",idx_L,9,9.0
7,10.0,-2.4608492851257324,0,0.001,,0.0069304289532442515,0.005,0.04466276436535185,0,,"10, 190",V7,Seventh_Visual_Area,Dorsal_Stream_Visual,3.0,16.0,"1005, 1041",idx_L,10,10.0
7,11.0,-0.3864397406578064,0,0.001,,0.34958551140520994,0.005,0.42494526236681207,0,,"11, 191",FFC,Fusiform_Face_Complex,Ventral_Stream_Visual,4.0,18.0,"3848, 4402",idx_L,11,11.0
7,12.0,-3.7935144901275635,1,0.001,-,7.426497959563844e-05,0.005,0.0021536844082735147,1,-,"12, 192",PIT,Posterior_InferoTemporal_complex,Ventral_Stream_Visual,4.0,22.0,"1392, 1386",idx_L,12,12.0
7,13.0,-1.853541374206543,0,0.001,,0.0319024008218,0.005,0.10969438068644699,0,,"13, 193",V8,Eighth_Visual_Area,Ventral_Stream_Visual,4.0,7.0,"1361, 1175",idx_L,13,13.0
7,14.0,-0.0068530854769051075,0,0.001,,0.4972660358520787,0.005,0.4972660358520787,0,,"14, 194",VMV1,VentroMedial_Visual_Area_1,Ventral_Stream_Visual,4.0,153.0,"939, 1219",idx_L,14,14.0
7,15.0,0.13866229355335236,0,0.001,,0.44485850778503383,0.005,0.4763677595165981,0,,"15, 195",VMV2,VentroMedial_Visual_Area_2,Ventral_Stream_Visual,4.0,160.0,"639, 923",idx_L,15,15.0
7,16.0,-1.5155726671218872,0,0.001,,0.06481372139895183,0.005,0.16056346155655657,0,,"16, 196",VMV3,VentroMedial_Visual_Area_3,Ventral_Stream_Visual,4.0,154.0,"941, 1242",idx_L,16,16.0
7,17.0,-0.280972957611084,0,0.001,,0.3893655706763887,0.005,0.44530259632285585,0,,"17, 197",VVC,Ventral_Visual_Complex,Ventral_Stream_Visual,4.0,163.0,"2487, 2753",idx_L,17,17.0
7,18.0,-0.2663317322731018,0,0.001,,0.39499186826457655,0.005,0.449206438418538,0,,"18, 198",FST,Area_FST,MT + _Complex,5.0,157.0,"1324, 1683",idx_L,18,18.0
7,19.0,-2.2913002967834473,0,0.001,,0.010973025730765255,0.005,0.060918181628681164,0,,"19, 199",LO1,Area_Lateral_Occipital_1,MT + _Complex,5.0,20.0,"619, 909",idx_L,19,19.0
7,20.0,-4.291716575622559,1,0.001,-,8.864858019196613e-06,0.005,0.0007573681470619851,1,-,"20, 200",LO2,Area_Lateral_Occipital_2,MT + _Complex,5.0,21.0,"1179, 1062",idx_L,20,20.0
7,21.0,-0.6738508939743042,0,0.001,,0.2502030572725311,0.005,0.3514963365143517,0,,"21, 201",LO3,Area_Lateral_Occipital_3,MT + _Complex,5.0,159.0,"438, 915",idx_L,21,21.0
7,22.0,1.6900626420974731,0,0.001,,0.04550798549637277,0.005,0.12920449029040101,0,,"22, 202",MST,Medial_Superior_Temporal_Area,MT + _Complex,5.0,2.0,"794, 1036",idx_L,22,22.0
7,23.0,0.6810458898544312,0,0.001,,0.24792122692341995,0.005,0.3507178332087404,0,,"23, 203",MT,Middle_Temporal_Area,MT + _Complex,5.0,23.0,"620, 1005",idx_L,23,23.0
7,24.0,-1.1200062036514282,0,0.001,,0.1313555592406061,0.005,0.24351761210815562,0,,"24, 204",PH,Area_PH,MT + _Complex,5.0,138.0,"3453, 3205",idx_L,24,24.0
7,25.0,-3.462696075439453,1,0.001,-,0.0002673960500503389,0.005,0.005169656967639886,0,,"25, 205",V3CD,Area_V3CD,MT + _Complex,5.0,158.0,"876, 1222",idx_L,25,25.0
7,26.0,-2.150573492050171,0,0.001,,0.01575493973546913,0.005,0.0711347600973319,0,,"26, 206",V4t,Area_V4t,MT + _Complex,5.0,156.0,"1037, 1249",idx_L,26,26.0
7,27.0,-0.3704564869403839,0,0.001,,0.3555211961239779,0.005,0.42704617049211546,0,,"27, 207",1,Area_1,SomaSens_Motor,6.0,51.0,"6590, 5925",idx_L,27,27.0
7,28.0,-2.041139841079712,0,0.001,,0.020618464637637047,0.005,0.0837109664288064,0,,"28, 208",2,Area_2,SomaSens_Motor,6.0,52.0,"4278, 4727",idx_L,28,28.0
7,29.0,-0.37936267256736755,0,0.001,,0.35220928275512176,0.005,0.4255862166624388,0,,"29, 209",3a,Area_3a,SomaSens_Motor,6.0,53.0,"2247, 2286",idx_L,29,29.0
7,30.0,-0.7093193531036377,0,0.001,,0.23906316064635857,0.005,0.34540798299794157,0,,"30, 210",3b,Primary_Sensory_Cortex,SomaSens_Motor,6.0,9.0,"5451, 4350",idx_L,30,30.0
7,31.0,-0.5465757250785828,0,0.001,,0.29233512506860415,0.005,0.38535084668134184,0,,"31, 211",4,Primary_Motor_Cortex,SomaSens_Motor,6.0,8.0,"10,776, 10,254",idx_L,31,31.0
7,32.0,1.455493450164795,0,0.001,,0.07276635109499882,0.005,0.16881793454039726,0,,"32, 212",23c,Area_23c,ParaCentral_MidCing,7.0,38.0,"2259, 2498",idx_L,32,32.0
7,33.0,-0.20693647861480713,0,0.001,,0.4180297336272489,0.005,0.4662639336611622,0,,"33, 213",24dd,Dorsal_Area_24d,ParaCentral_MidCing,7.0,40.0,"2665, 2820",idx_L,33,33.0
7,34.0,-0.29975152015686035,0,0.001,,0.3821833485268812,0.005,0.44081374858498223,0,,"34, 214",24dv,Ventral_Area_24d,ParaCentral_MidCing,7.0,41.0,"1076, 1349",idx_L,34,34.0
7,35.0,-0.7095876932144165,0,0.001,,0.23897992675936197,0.005,0.34540798299794157,0,,"35, 215",5L,Area_5L,ParaCentral_MidCing,7.0,39.0,"2249, 2327",idx_L,35,35.0
7,36.0,0.6480644345283508,0,0.001,,0.25847163797392325,0.005,0.3581552389672793,0,,"36, 216",5 m,Area_5m,ParaCentral_MidCing,7.0,36.0,"1483, 2079",idx_L,36,36.0
7,37.0,-0.30461737513542175,0,0.001,,0.3803287925699869,0.005,0.44081374858498223,0,,"37, 217",5mv,Area_5m_ventral,ParaCentral_MidCing,7.0,37.0,"1651, 1996",idx_L,37,37.0
7,38.0,0.8940793871879578,0,0.001,,0.18563970857817946,0.005,0.2990861971537336,0,,"38, 218",6ma,Area_6m_anterior,ParaCentral_MidCing,7.0,44.0,"3941, 4251",idx_L,38,38.0
7,39.0,-0.7383255362510681,0,0.001,,0.2301583261557773,0.005,0.33742645760640666,0,,"39, 219",6mp,Area_6mp,ParaCentral_MidCing,7.0,55.0,"3701, 3105",idx_L,39,39.0
7,40.0,1.5744009017944336,0,0.001,,0.05769739774253899,0.005,0.15112995795787632,0,,"40, 220",SCEF,Supplementary_and_Cingulate_Eye_Field,ParaCentral_MidCing,7.0,43.0,"3500, 3371",idx_L,40,40.0
7,41.0,2.26777982711792,0,0.001,,0.011671314769364366,0.005,0.06152954919086923,0,,"41, 221",55b,Area_55b,Premotor,8.0,12.0,"2422, 1537",idx_L,41,41.0
7,42.0,-0.27693504095077515,0,0.001,,0.3909149928252913,0.005,0.44581878395243896,0,,"42, 222",6a,Area_6_anterior,Premotor,8.0,96.0,"4233, 3752",idx_L,42,42.0
7,43.0,-0.5807718634605408,0,0.001,,0.2806971102934466,0.005,0.3736492681283256,0,,"43, 223",6d,Dorsal_area_6,Premotor,8.0,54.0,"2916, 2909",idx_L,43,43.0
7,44.0,1.870079755783081,0,0.001,,0.03073637163427329,0.005,0.10665783661123894,0,,"44, 224",6r,Rostral_Area_6,Premotor,8.0,78.0,"3029, 3981",idx_L,44,44.0
7,45.0,-1.602641224861145,0,0.001,,0.054506943334945504,0.005,0.14370012333758359,0,,"45, 225",6v,Ventral_Area_6,Premotor,8.0,56.0,"2075, 2516",idx_L,45,45.0
7,46.0,0.031197357922792435,0,0.001,,0.4875560734812403,0.005,0.49118552315976066,0,,"46, 226",FEF,Frontal_Eye_Fields,Premotor,8.0,10.0,"1787, 1889",idx_L,46,46.0
7,47.0,1.3237173557281494,0,0.001,,0.09279846608846404,0.005,0.20016691004096493,0,,"47, 227",PEF,Premotor_Eye_Field,Premotor,8.0,11.0,"1006, 1258",idx_L,47,47.0
7,48.0,-2.1901018619537354,0,0.001,,0.014258425117823414,0.005,0.06945394306642033,0,,"48, 228",43,Area_43,Posterior_Opercular,9.0,99.0,"1889, 1678",idx_L,48,48.0
7,49.0,0.10983831435441971,0,0.001,,0.4562688022012219,0.005,0.4763677595165981,0,,"49, 229",FOP1,Frontal_Opercular_Area_1,Posterior_Opercular,9.0,113.0,"879, 932",idx_L,49,49.0
7,50.0,-1.1529675722122192,0,0.001,,0.12446184740345911,0.005,0.23503027928281114,0,,"50, 230",OP1,Area_OP1-SII,Posterior_Opercular,9.0,101.0,"1275, 1072",idx_L,50,50.0
7,51.0,-2.1588780879974365,0,0.001,,0.015429813121203983,0.005,0.0711347600973319,0,,"51, 231",OP2-3,Area_OP2-3-VS,Posterior_Opercular,9.0,102.0,"943, 792",idx_L,51,51.0
7,52.0,-1.2052539587020874,0,0.001,,0.11405263882818062,0.005,0.22587986031337234,0,,"52, 232",OP4,Area_OP4-PV,Posterior_Opercular,9.0,100.0,"2332, 2409",idx_L,52,52.0
7,53.0,1.1795525550842285,0,0.001,,0.11908911123819915,0.005,0.22973116403725102,0,,"53, 233",52,Area_52,Early_Auditory,10.0,103.0,"725, 580",idx_L,53,53.0
7,54.0,0.17430542409420013,0,0.001,,0.4308127183441794,0.005,0.4703828563254357,0,,"54, 234",A1,Primary_Auditory_Cortex,Early_Auditory,10.0,24.0,"1023, 796",idx_L,54,54.0
7,55.0,1.4743002653121948,0,0.001,,0.07020038189180097,0.005,0.1653445559576899,0,,"55, 235",LBelt,Lateral_Belt_Complex,Early_Auditory,10.0,174.0,"820, 901",idx_L,55,55.0
7,56.0,1.1768559217453003,0,0.001,,0.11962650889350612,0.005,0.22973116403725102,0,,"56, 236",MBelt,Medial_Belt_Complex,Early_Auditory,10.0,173.0,"1242, 1236",idx_L,56,56.0
7,57.0,1.7396761178970337,0,0.001,,0.04095795256830053,0.005,0.12227153487301481,0,,"57, 237",PBelt,ParaBelt_Complex,Early_Auditory,10.0,124.0,"1719, 1439",idx_L,57,57.0
7,58.0,-0.01297252718359232,0,0.001,,0.4948248555743391,0.005,0.49648223762533367,0,,"58, 238",PFcm,Area_PFcm,Early_Auditory,10.0,105.0,"1486, 1485",idx_L,58,58.0
7,59.0,2.173914909362793,0,0.001,,0.014855763066532378,0.005,0.07080388391099973,0,,"59, 239",RI,RetroInsular_Cortex,Early_Auditory,10.0,104.0,"1149, 1334",idx_L,59,59.0
7,60.0,2.623668909072876,0,0.001,,0.004349415025146537,0.005,0.03331816038131121,0,,"60, 240",A4,Auditory_4_Complex,Auditory_Association,11.0,175.0,"3514, 3610",idx_L,60,60.0
7,61.0,2.3417491912841797,0,0.001,,0.009596804132089767,0.005,0.055790905217712475,0,,"61, 241",A5,Auditory_5_Complex,Auditory_Association,11.0,125.0,"3346, 3881",idx_L,61,61.0
7,62.0,-1.984086513519287,0,0.001,,0.023623098160797426,0.005,0.09134264622175005,0,,"62, 242",STGa,Area_STGa,Auditory_Association,11.0,123.0,"2509, 2187",idx_L,62,62.0
7,63.0,-0.16795752942562103,0,0.001,,0.43330834548205166,0.005,0.4703828563254357,0,,"63, 243",STSda,Area_STSd_anterior,Auditory_Association,11.0,128.0,"1944, 2389",idx_L,63,63.0
7,64.0,1.4724129438400269,0,0.001,,0.07045469995241466,0.005,0.1653445559576899,0,,"64, 244",STSdp,Area_STSd_posterior,Auditory_Association,11.0,129.0,"1994, 2605",idx_L,64,64.0
7,65.0,0.35082319378852844,0,0.001,,0.36286049783135305,0.005,0.43205310517573164,0,,"65, 245",STSva,Area_STSv_anterior,Auditory_Association,11.0,176.0,"1694, 1900",idx_L,65,65.0
7,66.0,1.336771011352539,0,0.001,,0.09064869717222918,0.005,0.19901198128518957,0,,"66, 246",STSvp,Area_STSv_posterior,Auditory_Association,11.0,130.0,"2898, 2515",idx_L,66,66.0
7,67.0,1.493275761604309,0,0.001,,0.06768250879056609,0.005,0.16168366290721609,0,,"67, 247",TA2,Area_TA2,Auditory_Association,11.0,107.0,"1518, 1726",idx_L,67,67.0
7,68.0,2.2589588165283203,0,0.001,,0.011942973391293986,0.005,0.06152954919086923,0,,"68, 248",AAIC,Anterior_Agranular_Insula_Complex,Insula_FrontalOperc,12.0,112.0,"1859, 1691",idx_L,68,68.0
7,69.0,0.2870189845561981,0,0.001,,0.38704889197955245,0.005,0.4451610485657176,0,,"69, 249",AVI,Anterior_Ventral_Insular_Area,Insula_FrontalOperc,12.0,111.0,"1446, 1792",idx_L,69,69.0
7,70.0,-0.48585933446884155,0,0.001,,0.31353345112470354,0.005,0.39841502874141616,0,,"70, 250",FOP2,Frontal_Opercular_Area_2,Insula_FrontalOperc,12.0,115.0,"750, 720",idx_L,70,70.0
7,71.0,-1.4637762308120728,0,0.001,,0.07162754946969091,0.005,0.16713094876261214,0,,"71, 251",FOP3,Frontal_Opercular_Area_3,Insula_FrontalOperc,12.0,114.0,"754, 614",idx_L,71,71.0
7,72.0,-0.3407483994960785,0,0.001,,0.36664649961791596,0.005,0.4347506802694506,0,,"72, 252",FOP4,Frontal_Opercular_Area_4,Insula_FrontalOperc,12.0,108.0,"2522, 1678",idx_L,72,72.0
7,73.0,1.2747738361358643,0,0.001,,0.1011946519470015,0.005,0.21177849840454954,0,,"73, 253",FOP5,Area_Frontal_Opercular_5,Insula_FrontalOperc,12.0,169.0,"1297, 1365",idx_L,73,73.0
7,74.0,-1.048567533493042,0,0.001,,0.14718860250167493,0.005,0.26145796826859125,0,,"74, 254",Ig,Insular_Granular_Complex,Insula_FrontalOperc,12.0,168.0,"841, 1077",idx_L,74,74.0
7,75.0,-1.5121046304702759,0,0.001,,0.06525362353899467,0.005,0.16056346155655657,0,,"75, 255",MI,Middle_Insular_Area,Insula_FrontalOperc,12.0,109.0,"2102, 1960",idx_L,75,75.0
7,76.0,1.9986505508422852,0,0.001,,0.022823088397070763,0.005,0.08965362245558366,0,,"76, 256",PI,Para-Insular_Area,Insula_FrontalOperc,12.0,178.0,"1033, 1058",idx_L,76,76.0
7,77.0,0.5422612428665161,0,0.001,,0.2938192754849796,0.005,0.386053805329779,0,,"77, 257",Pir,Pirform_Cortex,Insula_FrontalOperc,12.0,110.0,"2287, 1856",idx_L,77,77.0
7,78.0,1.5045703649520874,0,0.001,,0.06621728505590294,0.005,0.16168366290721609,0,,"78, 258",PoI1,Area_Posterior_Insular_1,Insula_FrontalOperc,12.0,167.0,"1811, 1835",idx_L,78,78.0
7,79.0,0.10705560445785522,0,0.001,,0.4573724335979065,0.005,0.4763677595165981,0,,"79, 259",PoI2,Posterior_Insular_Area_2,Insula_FrontalOperc,12.0,106.0,"2747, 2675",idx_L,79,79.0
7,80.0,0.9282013773918152,0,0.001,,0.17665156004803134,0.005,0.29273687093673767,0,,"80, 260",H,Hippocampus,Medial_Temporal,13.0,120.0,"4283, 3626",idx_L,80,80.0
7,81.0,0.9283942580223083,0,0.001,,0.1766015479693388,0.005,0.29273687093673767,0,,"81, 261",PreS,PreSubiculum,Medial_Temporal,13.0,119.0,"1817, 1558",idx_L,81,81.0
7,82.0,0.4831591248512268,0,0.001,,0.3144913778832906,0.005,0.39841502874141616,0,,"82, 262",EC,Entorhinal_Cortex,Medial_Temporal,13.0,118.0,"2127, 2110",idx_L,82,82.0
7,83.0,2.1935293674468994,0,0.001,,0.014134630547784988,0.005,0.06945394306642033,0,,"83, 263",PeEc,Perirhinal_Ectorhinal_Cortex,Medial_Temporal,13.0,122.0,"4826, 4755",idx_L,83,83.0
7,84.0,1.914327621459961,0,0.001,,0.02778915362527506,0.005,0.1007356818916221,0,,"84, 264",TF,Area_TF,Medial_Temporal,13.0,135.0,"3986, 4752",idx_L,84,84.0
7,85.0,2.3133175373077393,0,0.001,,0.010352593588374684,0.005,0.05919933798422707,0,,"85, 265",PHA1,ParaHippocampal_Area_1,Medial_Temporal,13.0,126.0,"1281, 1168",idx_L,85,85.0
7,86.0,1.0059648752212524,0,0.001,,0.15721623335430668,0.005,0.2763194404409026,0,,"86, 266",PHA2,ParaHippocampal_Area_2,Medial_Temporal,13.0,155.0,"783, 771",idx_L,86,86.0
7,87.0,1.2423956394195557,0,0.001,,0.1070453118561342,0.005,0.2179661518633991,0,,"87, 267",PHA3,ParaHippocampal_Area_3,Medial_Temporal,13.0,127.0,"2023, 1122",idx_L,87,87.0
7,88.0,2.0608675479888916,0,0.001,,0.019657839022572652,0.005,0.081439618807801,0,,"88, 268",PHT,Area_PHT,Lateral_Temporal,14.0,137.0,"4182, 3410",idx_L,88,88.0
7,89.0,-1.2301056385040283,0,0.001,,0.10932877444120964,0.005,0.2197400119956986,0,,"89, 269",TE1a,Area_TE1_anterior,Lateral_Temporal,14.0,132.0,"5227, 4180",idx_L,89,89.0
7,90.0,-0.09467138350009918,0,0.001,,0.46228792425994986,0.005,0.4763677595165981,0,,"90, 270",TE1m,Area_TE1_Middle,Lateral_Temporal,14.0,177.0,"3339, 3429",idx_L,90,90.0
7,91.0,-0.3933715522289276,0,0.001,,0.3470225388185257,0.005,0.4230965488297941,0,,"91, 271",TE1p,Area_TE1_posterior,Lateral_Temporal,14.0,133.0,"7116, 6010",idx_L,91,91.0
7,92.0,-2.3408820629119873,0,0.001,,0.009619121589260772,0.005,0.055790905217712475,0,,"92, 272",TE2a,Area_TE2_anterior,Lateral_Temporal,14.0,134.0,"5691, 5753",idx_L,92,92.0
7,93.0,3.7347145080566406,1,0.001,+,9.39641262288201e-05,0.005,0.0023843397030563103,1,+,"93, 273",TE2p,Area_TE2_posterior,Lateral_Temporal,14.0,136.0,"4115, 3040",idx_L,93,93.0
7,94.0,0.4222716987133026,0,0.001,,0.3364133565379548,0.005,0.41565224292860276,0,,"94, 274",TGd,Area_TG_dorsal,Lateral_Temporal,14.0,131.0,"10,192, 10,269",idx_L,94,94.0
7,95.0,0.2577379643917084,0,0.001,,0.398304572169505,0.005,0.4517085371531258,0,,"95, 275",TGv,Area_TG_Ventral,Lateral_Temporal,14.0,172.0,"3694, 4515",idx_L,95,95.0
7,96.0,5.38476037979126,1,0.001,+,3.627061108127643e-08,0.005,1.4725868098998231e-05,1,+,"96, 276",PSL,PeriSylvian_Language_Area,TPO,15.0,25.0,"2154, 2759",idx_L,96,96.0
7,97.0,3.84603214263916,1,0.001,+,6.002301093168888e-05,0.005,0.0018745648029435142,1,+,"97, 277",STV,Superior_Temporal_Visual_Area,TPO,15.0,28.0,"2322, 2294",idx_L,97,97.0
7,98.0,3.114006519317627,1,0.001,+,0.000922827058414407,0.005,0.012873800427006268,0,,"98, 278",TPOJ1,Area_TemporoParietoOccipital_Junction_1,TPO,15.0,139.0,"2102, 3938",idx_L,98,98.0
7,99.0,1.7100622653961182,0,0.001,,0.04362717982594421,0.005,0.125621524888889,0,,"99, 279",TPOJ2,Area_TemporoParietoOccipital_Junction_2,TPO,15.0,140.0,"1930, 2068",idx_L,99,99.0
7,100.0,1.7908066511154175,0,0.001,,0.03666216378908193,0.005,0.1172857454575753,0,,"100, 280",TPOJ3,Area_TemporoParietoOccipital_Junction_3,TPO,15.0,141.0,"1290, 1277",idx_L,100,100.0
7,101.0,-1.1947658061981201,0,0.001,,0.11608927174191375,0.005,0.2271976243202477,0,,"101, 281",7AL,Lateral_Area_7A,Superior_Parietal,16.0,42.0,"2134, 2030",idx_L,101,101.0
7,102.0,-0.3657251298427582,0,0.001,,0.3572850962057472,0.005,0.4278989647773846,0,,"102, 282",7Am,Medial_Area_7A,Superior_Parietal,16.0,45.0,"2995, 2379",idx_L,102,102.0
7,103.0,-2.7136223316192627,0,0.001,,0.003327599548021342,0.005,0.028037776517931136,0,,"103, 283",7PC,Area_7PC,Superior_Parietal,16.0,47.0,"3151, 3415",idx_L,103,103.0
7,104.0,-2.671020746231079,0,0.001,,0.003781048641770419,0.005,0.03010011271683902,0,,"104, 284",7Pl,Lateral_Area_7P,Superior_Parietal,16.0,46.0,"1695, 1363",idx_L,104,104.0
7,105.0,1.9594985246658325,0,0.001,,0.02502721624645132,0.005,0.09408379440795588,0,,"105, 285",7Pm,Medial_Area_7P,Superior_Parietal,16.0,29.0,"1601, 1308",idx_L,105,105.0
7,106.0,-2.4628419876098633,0,0.001,,0.006892032412755354,0.005,0.04466276436535185,0,,"106, 286",AIP,Anterior_IntraParietal_Area,Superior_Parietal,16.0,117.0,"1999, 2542",idx_L,106,106.0
7,107.0,2.243312120437622,0,0.001,,0.012438347162652848,0.005,0.062345295654778476,0,,"107, 287",LIPd,Area_Lateral_IntraParietal_dorsal,Superior_Parietal,16.0,95.0,"1008, 869",idx_L,107,107.0
7,108.0,-2.399031162261963,0,0.001,,0.008219257831492124,0.005,0.05133874891670465,0,,"108, 288",LIPv,Area_Lateral_IntraParietal_ventral,Superior_Parietal,16.0,48.0,"1681, 1783",idx_L,108,108.0
7,109.0,-2.2580106258392334,0,0.001,,0.011972498487878496,0.005,0.06152954919086923,0,,"109, 289",MIP,Medial_IntraParietal_Area,Superior_Parietal,16.0,50.0,"1872, 2403",idx_L,109,109.0
7,110.0,-4.179867744445801,1,0.001,-,1.4583934102212837e-05,0.005,0.0009582223751533146,1,-,"110, 290",VIP,Ventral_IntraParietal_Complex,Superior_Parietal,16.0,49.0,"1890, 1577",idx_L,110,110.0
7,111.0,-1.7890663146972656,0,0.001,,0.03680206816439915,0.005,0.1172857454575753,0,,"111, 291",IP0,Area_IntraParietal_0,Inferior_Parietal,17.0,146.0,"1203, 1239",idx_L,111,111.0
7,112.0,1.4085066318511963,0,0.001,,0.07949055229915053,0.005,0.18110367679039313,0,,"112, 292",IP1,Area_IntraParietal_1,Inferior_Parietal,17.0,145.0,"1692, 1632",idx_L,112,112.0
7,113.0,0.9137492179870605,0,0.001,,0.18042431782303137,0.005,0.29547293139113506,0,,"113, 293",IP2,Area_IntraParietal_2,Inferior_Parietal,17.0,144.0,"2102, 1861",idx_L,113,113.0
7,114.0,0.699323296546936,0,0.001,,0.24217500557617455,0.005,0.3474312800845472,0,,"114, 294",PF,Area_PF_Complex,Inferior_Parietal,17.0,148.0,"5457, 5251",idx_L,114,114.0
7,115.0,-0.5380020141601562,0,0.001,,0.2952878290285923,0.005,0.38673180188905953,0,,"115, 295",PFm,Area_PFm_Complex,Inferior_Parietal,17.0,149.0,"8220, 8141",idx_L,115,115.0
7,116.0,-0.315417617559433,0,0.001,,0.376222296076807,0.005,0.44019092855096154,0,,"116, 296",PFop,Area_PF_Opercular,Inferior_Parietal,17.0,147.0,"1797, 1783",idx_L,116,116.0
7,117.0,-1.8270490169525146,0,0.001,,0.03384619988952408,0.005,0.111719976871112,0,,"117, 297",PFt,Area_PFt,Inferior_Parietal,17.0,116.0,"1983, 2039",idx_L,117,117.0
7,118.0,-0.2106722891330719,0,0.001,,0.41657149968264706,0.005,0.4662639336611622,0,,"118, 298",PGi,Area_PGi,Inferior_Parietal,17.0,150.0,"4791, 4970",idx_L,118,118.0
7,119.0,-1.5564234256744385,0,0.001,,0.059803719168031406,0.005,0.15465165593771177,0,,"119, 299",PGp,Area_PGp,Inferior_Parietal,17.0,143.0,"2501, 3740",idx_L,119,119.0
7,120.0,-0.03531675040721893,0,0.001,,0.48591358338455004,0.005,0.490748544413252,0,,"120, 300",PGs,Area_PGs,Inferior_Parietal,17.0,151.0,"4552, 3366",idx_L,120,120.0
7,121.0,-1.665348768234253,0,0.001,,0.04792159708679786,0.005,0.1326834562734916,0,,"121, 301",23d,Area_23d,Posterior_Cingulate,18.0,32.0,"1261, 1513",idx_L,121,121.0
7,122.0,-1.0958648920059204,0,0.001,,0.1365689525531117,0.005,0.2508913788984767,0,,"122, 302",31a,Area_31a,Posterior_Cingulate,18.0,162.0,"1260, 1116",idx_L,122,122.0
7,123.0,1.5509562492370605,0,0.001,,0.06045608450891994,0.005,0.1553491791811487,0,,"123, 303",31pd,Area_31pd,Posterior_Cingulate,18.0,161.0,"1428, 864",idx_L,123,123.0
7,124.0,-0.7300862073898315,0,0.001,,0.23266874578867042,0.005,0.33857889172114763,0,,"124, 304",31pv,Area_31p_ventral,Posterior_Cingulate,18.0,35.0,"950, 1022",idx_L,124,124.0
7,125.0,3.3139612674713135,1,0.001,+,0.0004599212411426248,0.005,0.007780334329329404,0,,"125, 305",7 m,Area_7m,Posterior_Cingulate,18.0,30.0,"2128, 2067",idx_L,125,125.0
7,126.0,-1.7144360542297363,0,0.001,,0.0432243358476324,0.005,0.12535057395813395,0,,"126, 306",d23ab,Area_dorsal_23_a + b,Posterior_Cingulate,18.0,34.0,"1607, 1106",idx_L,126,126.0
7,127.0,0.11607743799686432,0,0.001,,0.45379558489728805,0.005,0.4763677595165981,0,,"127, 307",DVT,Dorsal_Transitional_Visual_Area,Posterior_Cingulate,18.0,142.0,"1806, 2176",idx_L,127,127.0
7,128.0,3.4482312202453613,1,0.001,+,0.000282135381605112,0.005,0.005206680224167067,0,,"128, 308",PCV,PreCuneus_Visual_Area,Posterior_Cingulate,18.0,27.0,"2245, 2416",idx_L,128,128.0
7,129.0,1.2761222124099731,0,0.001,,0.10095616035153288,0.005,0.21177849840454954,0,,"129, 309",POS1,Parieto-Occipital_Sulcus_Area_1,Posterior_Cingulate,18.0,31.0,"2531, 2727",idx_L,129,129.0
7,130.0,1.7216932773590088,0,0.001,,0.04256254789096996,0.005,0.12522024959227393,0,,"130, 310",POS2,Parieto-Occipital_Sulcus_Area_2,Posterior_Cingulate,18.0,15.0,"3261, 3093",idx_L,130,130.0
7,131.0,2.1612911224365234,0,0.001,,0.015336429128782502,0.005,0.0711347600973319,0,,"131, 311",ProS,ProStriate_Area,Posterior_Cingulate,18.0,121.0,"1222, 1055",idx_L,131,131.0
7,132.0,0.29982128739356995,0,0.001,,0.3821567384484046,0.005,0.44081374858498223,0,,"132, 312",RSC,RetroSplenial_Complex,Posterior_Cingulate,18.0,14.0,"2830, 3067",idx_L,132,132.0
7,133.0,0.9015458822250366,0,0.001,,0.1836490750645735,0.005,0.2970578664391109,0,,"133, 313",v23ab,Area_ventral_23_a + b,Posterior_Cingulate,18.0,33.0,"916, 1089",idx_L,133,133.0
7,134.0,0.04095529764890671,0,0.001,,0.48366576662307414,0.005,0.490748544413252,0,,"134, 314",10r,Area_10r,AntCing_MedPFC,19.0,65.0,"1589, 1053",idx_L,134,134.0
7,135.0,0.8871590495109558,0,0.001,,0.1874966380904231,0.005,0.30005941570969413,0,,"135, 315",10v,Area_10v,AntCing_MedPFC,19.0,88.0,"3906, 2667",idx_L,135,135.0
7,136.0,0.15880918502807617,0,0.001,,0.4369096060241596,0.005,0.4730274667888235,0,,"136, 316",25,Area_25,AntCing_MedPFC,19.0,164.0,"1911, 2135",idx_L,136,136.0
7,137.0,0.9901814460754395,0,0.001,,0.16104271982355095,0.005,0.2794160010613747,0,,"137, 317",33pr,Area_33_prime,AntCing_MedPFC,19.0,58.0,"1354, 1316",idx_L,137,137.0
7,138.0,1.6370564699172974,0,0.001,,0.05080933545311273,0.005,0.13661318009247528,0,,"138, 318",8BM,Area_8BM,AntCing_MedPFC,19.0,63.0,"3122, 3436",idx_L,138,138.0
7,139.0,0.6075851917266846,0,0.001,,0.2717313123247451,0.005,0.36728322509432326,0,,"139, 319",9 m,Area_9_Middle,AntCing_MedPFC,19.0,69.0,"6338, 5881",idx_L,139,139.0
7,140.0,-1.320107340812683,0,0.001,,0.09339959110520041,0.005,0.20016691004096493,0,,"140, 320",a24,Area_a24,AntCing_MedPFC,19.0,61.0,"2085, 2152",idx_L,140,140.0
7,141.0,-0.6167877316474915,0,0.001,,0.26868737255585706,0.005,0.3660957451069541,0,,"141, 321",a24pr,Anterior_24_prime,AntCing_MedPFC,19.0,59.0,"1095, 1474",idx_L,141,141.0
7,142.0,-0.18484827876091003,0,0.001,,0.4266740196649747,0.005,0.4703828563254357,0,,"142, 322",a32pr,Area_anterior_32_prime,AntCing_MedPFC,19.0,179.0,"1759, 1118",idx_L,142,142.0
7,143.0,0.036195140331983566,0,0.001,,0.4855633804527596,0.005,0.490748544413252,0,,"143, 323",d32,Area_dorsal_32,AntCing_MedPFC,19.0,62.0,"2228, 2374",idx_L,143,143.0
7,144.0,-1.4822145700454712,0,0.001,,0.06914160548153134,0.005,0.1641607709093668,0,,"144, 324",p24,Area_posterior_24,AntCing_MedPFC,19.0,180.0,"2394, 2442",idx_L,144,144.0
7,145.0,0.7955852746963501,0,0.001,,0.21313656411954074,0.005,0.322885988927364,0,,"145, 325",p24pr,Area_Posterior_24_prime,AntCing_MedPFC,19.0,57.0,"1422, 1724",idx_L,145,145.0
7,146.0,1.1443166732788086,0,0.001,,0.12624616552604906,0.005,0.2362025032422853,0,,"146, 326",p32,Area_p32,AntCing_MedPFC,19.0,64.0,"1180, 1765",idx_L,146,146.0
7,147.0,-0.9135147929191589,0,0.001,,0.18048592853448642,0.005,0.29547293139113506,0,,"147, 327",p32pr,Area_p32_prime,AntCing_MedPFC,19.0,60.0,"1569, 1305",idx_L,147,147.0
7,148.0,0.4858218729496002,0,0.001,,0.31354673240003195,0.005,0.39841502874141616,0,,"148, 328",pOFC,Posterior_OFC_Complex,AntCing_MedPFC,19.0,166.0,"2486, 2836",idx_L,148,148.0
7,149.0,-0.48171836137771606,0,0.001,,0.31500301533496206,0.005,0.39841502874141616,0,,"149, 329",s32,Area_s32,AntCing_MedPFC,19.0,165.0,"604, 1015",idx_L,149,149.0
7,150.0,-1.4931416511535645,0,0.001,,0.06770005589711019,0.005,0.16168366290721609,0,,"150, 330",10d,Area_10d,OrbPolaFrontal,20.0,72.0,"3644, 3096",idx_L,150,150.0
7,151.0,-0.9473429322242737,0,0.001,,0.17173203035021206,0.005,0.29051335134244205,0,,"151, 331",10 pp,Polar_10p,OrbPolaFrontal,20.0,90.0,"1997, 2487",idx_L,151,151.0
7,152.0,-1.513230800628662,0,0.001,,0.06511052154211659,0.005,0.16056346155655657,0,,"152, 332",11 l,Area_11l,OrbPolaFrontal,20.0,91.0,"3531, 3793",idx_L,152,152.0
7,153.0,2.1502230167388916,0,0.001,,0.015768789184137613,0.005,0.0711347600973319,0,,"153, 333",13 l,Area_13l,OrbPolaFrontal,20.0,92.0,"2429, 1757",idx_L,153,153.0
7,154.0,3.062657356262207,0,0.001,,0.001096905496963317,0.005,0.013175076218765808,0,,"154, 334",47 m,Area_47m,OrbPolaFrontal,20.0,66.0,"799, 781",idx_L,154,154.0
7,155.0,0.2035394012928009,0,0.001,,0.41935672619027375,0.005,0.46646255022808536,0,,"155, 335",47 s,Area_47s,OrbPolaFrontal,20.0,94.0,"2795, 3080",idx_L,155,155.0
7,156.0,-1.326551914215088,0,0.001,,0.09232847567999364,0.005,0.20016691004096493,0,,"156, 336",a10p,Area_anterior_10p,OrbPolaFrontal,20.0,89.0,"1964, 1748",idx_L,156,156.0
7,157.0,-0.8504594564437866,0,0.001,,0.19753484611686561,0.005,0.3096492182372488,0,,"157, 337",OFC,Orbital_Frontal_Complex,OrbPolaFrontal,20.0,93.0,"4560, 5232",idx_L,157,157.0
7,158.0,-1.7809233665466309,0,0.001,,0.03746248538678256,0.005,0.1172857454575753,0,,"158, 338",p10p,Area_posterior_10p,OrbPolaFrontal,20.0,170.0,"2116, 2365",idx_L,158,158.0
7,159.0,2.2868149280548096,0,0.001,,0.01110331389291233,0.005,0.060918181628681164,0,,"159, 339",44,Area_44,Inferior_Frontal,21.0,74.0,"2435, 2589",idx_L,159,159.0
7,160.0,3.155216932296753,1,0.001,+,0.000801894045871031,0.005,0.012058110467542169,0,,"160, 340",45,Area_45,Inferior_Frontal,21.0,75.0,"3762, 2962",idx_L,160,160.0
7,161.0,1.7608202695846558,0,0.001,,0.03913441399662591,0.005,0.11857143345246357,0,,"161, 341",47 l,Area_47l_(47_lateral),Inferior_Frontal,21.0,76.0,"2527, 2592",idx_L,161,161.0
7,162.0,-1.7570306062698364,0,0.001,,0.039456296257953244,0.005,0.11866115763502975,0,,"162, 342",a47r,Area_anterior_47r,Inferior_Frontal,21.0,77.0,"4167, 3763",idx_L,162,162.0
7,163.0,5.178553104400635,1,0.001,+,1.118067119378612e-07,0.005,2.2696762523385824e-05,1,+,"163, 343",IFJa,Area_IFJa,Inferior_Frontal,21.0,79.0,"1513, 1405",idx_L,163,163.0
7,164.0,3.4953763484954834,1,0.001,+,0.00023669687057166014,0.005,0.004804946472604701,1,+,"164, 344",IFJp,Area_IFJp,Inferior_Frontal,21.0,80.0,"960, 740",idx_L,164,164.0
7,165.0,4.110903739929199,1,0.001,+,1.9705674597789154e-05,0.005,0.0009582223751533146,1,+,"165, 345",IFSa,Area_IFSa,Inferior_Frontal,21.0,82.0,"2057, 2641",idx_L,165,165.0
7,166.0,2.828331708908081,0,0.001,,0.0023395647769501415,0.005,0.020649202161777333,0,,"166, 346",IFSp,Area_IFSp,Inferior_Frontal,21.0,81.0,"1589, 1730",idx_L,166,166.0
7,167.0,0.9336463809013367,0,0.001,,0.17524316601925705,0.005,0.29273687093673767,0,,"167, 347",p47r,Area_posterior_47r,Inferior_Frontal,21.0,171.0,"2133, 1761",idx_L,167,167.0
7,168.0,0.3252776861190796,0,0.001,,0.3724854586551279,0.005,0.4383452064173389,0,,"168, 348",46,Area_46,Dorsolateral_Prefrontal,22.0,84.0,"4863, 4394",idx_L,168,168.0
7,169.0,1.2989928722381592,0,0.001,,0.09697318765544938,0.005,0.205057886396419,0,,"169, 349",8Ad,Area_8Ad,Dorsolateral_Prefrontal,22.0,68.0,"3386, 3492",idx_L,169,169.0
7,170.0,-0.9568566083908081,0,0.001,,0.1693198175811132,0.005,0.288036461590001,0,,"170, 350",8Av,Area_8Av,Dorsolateral_Prefrontal,22.0,67.0,"4807, 5902",idx_L,170,170.0
7,171.0,0.6093978881835938,0,0.001,,0.27113036867197327,0.005,0.36728322509432326,0,,"171, 351",8BL,Area_8B_Lateral,Dorsolateral_Prefrontal,22.0,70.0,"3377, 4078",idx_L,171,171.0
7,172.0,2.607431173324585,0,0.001,,0.00456122039918849,0.005,0.03429362003834309,0,,"172, 352",8C,Area_8C,Dorsolateral_Prefrontal,22.0,73.0,"4085, 3134",idx_L,172,172.0
7,173.0,0.3069620430469513,0,0.001,,0.37943613179152963,0.005,0.44081374858498223,0,,"173, 353",9-46d,Area_9-46d,Dorsolateral_Prefrontal,22.0,86.0,"4534, 4666",idx_L,173,173.0
7,174.0,0.6524503231048584,0,0.001,,0.2570553548519747,0.005,0.35741258243117036,0,,"174, 354",9a,Area_9_anterior,Dorsolateral_Prefrontal,22.0,87.0,"3706, 3048",idx_L,174,174.0
7,175.0,0.7758329510688782,0,0.001,,0.21892381270472105,0.005,0.32550148755080466,0,,"175, 355",9p,Area_9_Posterior,Dorsolateral_Prefrontal,22.0,71.0,"3426, 2488",idx_L,175,175.0
7,176.0,-0.6825964450836182,0,0.001,,0.24743094051901665,0.005,0.3507178332087404,0,,"176, 356",a9-46v,Area_anterior_9-46v,Dorsolateral_Prefrontal,22.0,85.0,"3314, 2628",idx_L,176,176.0
7,177.0,0.17376001179218292,0,0.001,,0.4310270361071603,0.005,0.4703828563254357,0,,"177, 357",i6-8,Inferior_6-8_Transitional_Area,Dorsolateral_Prefrontal,22.0,97.0,"1764, 2418",idx_L,177,177.0
7,178.0,2.1135737895965576,0,0.001,,0.017275843226468836,0.005,0.07490073006007421,0,,"178, 358",p9-46v,Area_posterior_9-46v,Dorsolateral_Prefrontal,22.0,83.0,"2871, 4635",idx_L,178,178.0
7,179.0,-0.22079095244407654,0,0.001,,0.41262760432501533,0.005,0.4662639336611622,0,,"179, 359",s6-8,Superior_6-8_Transitional_Area,Dorsolateral_Prefrontal,22.0,98.0,"1336, 2132",idx_L,179,179.0
7,180.0,1.0112773180007935,0,0.001,,0.15594185946323041,0.005,0.27527128235683285,0,,"180, 360",SFL,Superior_Frontal_Language_Area,Dorsolateral_Prefrontal,22.0,26.0,"3873, 3055",idx_L,180,180.0
7,181.0,-0.07644817233085632,0,0.001,,0.46953127286492724,0.005,0.48017555864775935,0,,"1, 181",V1,Primary_Visual_Cortex,Primary_Visual,1.0,1.0,"13,812, 13,406",idx_R,181,181.0
7,182.0,-0.7732966542243958,0,0.001,,0.21967341770670068,0.005,0.32550148755080466,0,,"2, 182",V2,Second_Visual_Area,Early_Visual,2.0,4.0,"9515, 9420",idx_R,182,182.0
7,183.0,-2.3511414527893066,0,0.001,,0.009357958706307033,0.005,0.055790905217712475,0,,"3, 183",V3,Third_Visual_Area,Early_Visual,2.0,5.0,"7106, 7481",idx_R,183,183.0
7,184.0,-3.285710334777832,1,0.001,-,0.0005086278087690686,0.005,0.008260115614409674,0,,"4, 184",V4,Fourth_Visual_Area,Early_Visual,2.0,6.0,"4782, 4537",idx_R,184,184.0
7,185.0,-3.742762804031372,1,0.001,-,9.100400923424549e-05,0.005,0.0023843397030563103,1,-,"5, 185",IPS1,IntraParietal_Sulcus_Area_1,Dorsal_Stream_Visual,3.0,17.0,"1751, 1750",idx_R,185,185.0
7,186.0,-2.303784132003784,0,0.001,,0.010617382153775957,0.005,0.05987023825601443,0,,"6, 186",V3A,Area_V3A,Dorsal_Stream_Visual,3.0,13.0,"2191, 2212",idx_R,186,186.0
7,187.0,-3.0809326171875,0,0.001,,0.0010317667086311275,0.005,0.01309054011575743,0,,"7, 187",V3B,Area_V3B,Dorsal_Stream_Visual,3.0,19.0,"639, 731",idx_R,187,187.0
7,188.0,-1.0711932182312012,0,0.001,,0.14204128016070955,0.005,0.2563055988677692,0,,"8, 188",V6,Sixth_Visual_Area,Dorsal_Stream_Visual,3.0,3.0,"1402, 1559",idx_R,188,188.0
7,189.0,-2.265547275543213,0,0.001,,0.011739558182113507,0.005,0.06152954919086923,0,,"9, 189",V6A,Area_V6A,Dorsal_Stream_Visual,3.0,152.0,"904, 734",idx_R,189,189.0
7,190.0,-2.9258534908294678,0,0.001,,0.0017175633484999711,0.005,0.018350808407657588,0,,"10, 190",V7,Seventh_Visual_Area,Dorsal_Stream_Visual,3.0,16.0,"1005, 1041",idx_R,190,190.0
7,191.0,-0.7325379848480225,0,0.001,,0.23192013351341473,0.005,0.33857889172114763,0,,"11, 191",FFC,Fusiform_Face_Complex,Ventral_Stream_Visual,4.0,18.0,"3848, 4402",idx_R,191,191.0
7,192.0,-2.8035006523132324,0,0.001,,0.0025275565007006943,0.005,0.02183378594222302,0,,"12, 192",PIT,Posterior_InferoTemporal_complex,Ventral_Stream_Visual,4.0,22.0,"1392, 1386",idx_R,192,192.0
7,193.0,-2.0748202800750732,0,0.001,,0.019001597149477495,0.005,0.07953245817203983,0,,"13, 193",V8,Eighth_Visual_Area,Ventral_Stream_Visual,4.0,7.0,"1361, 1175",idx_R,193,193.0
7,194.0,-1.666826605796814,0,0.001,,0.04777444410621061,0.005,0.1326834562734916,0,,"14, 194",VMV1,VentroMedial_Visual_Area_1,Ventral_Stream_Visual,4.0,153.0,"939, 1219",idx_R,194,194.0
7,195.0,-2.376516819000244,0,0.001,,0.008738482308646956,0.005,0.05303077093312781,0,,"15, 195",VMV2,VentroMedial_Visual_Area_2,Ventral_Stream_Visual,4.0,160.0,"639, 923",idx_R,195,195.0
7,196.0,-1.5209083557128906,0,0.001,,0.06414141840986894,0.005,0.16056346155655657,0,,"16, 196",VMV3,VentroMedial_Visual_Area_3,Ventral_Stream_Visual,4.0,154.0,"941, 1242",idx_R,196,196.0
7,197.0,-0.797916054725647,0,0.001,,0.21245960300028172,0.005,0.322885988927364,0,,"17, 197",VVC,Ventral_Visual_Complex,Ventral_Stream_Visual,4.0,163.0,"2487, 2753",idx_R,197,197.0
7,198.0,-1.4964942932128906,0,0.001,,0.06726244697117387,0.005,0.16168366290721609,0,,"18, 198",FST,Area_FST,MT + _Complex,5.0,157.0,"1324, 1683",idx_R,198,198.0
7,199.0,-2.9760308265686035,0,0.001,,0.0014600275410195178,0.005,0.016465866157053453,0,,"19, 199",LO1,Area_Lateral_Occipital_1,MT + _Complex,5.0,20.0,"619, 909",idx_R,199,199.0
7,200.0,-2.708061933517456,0,0.001,,0.0033838695797503092,0.005,0.028037776517931136,0,,"20, 200",LO2,Area_Lateral_Occipital_2,MT + _Complex,5.0,21.0,"1179, 1062",idx_R,200,200.0
7,201.0,-1.9192216396331787,0,0.001,,0.027478145014053573,0.005,0.10050564752888064,0,,"21, 201",LO3,Area_Lateral_Occipital_3,MT + _Complex,5.0,159.0,"438, 915",idx_R,201,201.0
7,202.0,0.4026241898536682,0,0.001,,0.3436123557640296,0.005,0.4202006519283013,0,,"22, 202",MST,Medial_Superior_Temporal_Area,MT + _Complex,5.0,2.0,"794, 1036",idx_R,202,202.0
7,203.0,-1.0473347902297974,0,0.001,,0.14747259786578176,0.005,0.26145796826859125,0,,"23, 203",MT,Middle_Temporal_Area,MT + _Complex,5.0,23.0,"620, 1005",idx_R,203,203.0
7,204.0,-1.7677416801452637,0,0.001,,0.03855204930417728,0.005,0.11857143345246357,0,,"24, 204",PH,Area_PH,MT + _Complex,5.0,138.0,"3453, 3205",idx_R,204,204.0
7,205.0,-3.495633602142334,1,0.001,-,0.00023646881215458576,0.005,0.004804946472604701,1,-,"25, 205",V3CD,Area_V3CD,MT + _Complex,5.0,158.0,"876, 1222",idx_R,205,205.0
7,206.0,-2.6835100650787354,0,0.001,,0.003642689111120844,0.005,0.02957863558230125,0,,"26, 206",V4t,Area_V4t,MT + _Complex,5.0,156.0,"1037, 1249",idx_R,206,206.0
7,207.0,-0.1303798258304596,0,0.001,,0.44813296349756504,0.005,0.4763677595165981,0,,"27, 207",1,Area_1,SomaSens_Motor,6.0,51.0,"6590, 5925",idx_R,207,207.0
7,208.0,-1.5419483184814453,0,0.001,,0.061543076480934746,0.005,0.15714772988213527,0,,"28, 208",2,Area_2,SomaSens_Motor,6.0,52.0,"4278, 4727",idx_R,208,208.0
7,209.0,-0.16969959437847137,0,0.001,,0.4326231965419885,0.005,0.4703828563254357,0,,"29, 209",3a,Area_3a,SomaSens_Motor,6.0,53.0,"2247, 2286",idx_R,209,209.0
7,210.0,0.11597632616758347,0,0.001,,0.4538356520743747,0.005,0.4763677595165981,0,,"30, 210",3b,Primary_Sensory_Cortex,SomaSens_Motor,6.0,9.0,"5451, 4350",idx_R,210,210.0
7,211.0,-0.32082971930503845,0,0.001,,0.3741697181143222,0.005,0.43905464033067865,0,,"31, 211",4,Primary_Motor_Cortex,SomaSens_Motor,6.0,8.0,"10,776, 10,254",idx_R,211,211.0
7,212.0,-1.6444196701049805,0,0.001,,0.05004477239311848,0.005,0.13634941098446568,0,,"32, 212",23c,Area_23c,ParaCentral_MidCing,7.0,38.0,"2259, 2498",idx_R,212,212.0
7,213.0,-0.08295521140098572,0,0.001,,0.4669435764658225,0.005,0.47971421219462496,0,,"33, 213",24dd,Dorsal_Area_24d,ParaCentral_MidCing,7.0,40.0,"2665, 2820",idx_R,213,213.0
7,214.0,-0.11011996865272522,0,0.001,,0.45615711588608476,0.005,0.4763677595165981,0,,"34, 214",24dv,Ventral_Area_24d,ParaCentral_MidCing,7.0,41.0,"1076, 1349",idx_R,214,214.0
7,215.0,-0.1477629691362381,0,0.001,,0.44126491740565116,0.005,0.4763677595165981,0,,"35, 215",5L,Area_5L,ParaCentral_MidCing,7.0,39.0,"2249, 2327",idx_R,215,215.0
7,216.0,0.4772093892097473,0,0.001,,0.3166065129253524,0.005,0.3991995162971835,0,,"36, 216",5 m,Area_5m,ParaCentral_MidCing,7.0,36.0,"1483, 2079",idx_R,216,216.0
7,217.0,-2.843393087387085,0,0.001,,0.0022317990921097695,0.005,0.020593418895376508,0,,"37, 217",5mv,Area_5m_ventral,ParaCentral_MidCing,7.0,37.0,"1651, 1996",idx_R,217,217.0
7,218.0,-1.1643673181533813,0,0.001,,0.12213759308023991,0.005,0.23280686756139626,0,,"38, 218",6ma,Area_6m_anterior,ParaCentral_MidCing,7.0,44.0,"3941, 4251",idx_R,218,218.0
7,219.0,-1.1977806091308594,0,0.001,,0.11550121903522509,0.005,0.2271976243202477,0,,"39, 219",6mp,Area_6mp,ParaCentral_MidCing,7.0,55.0,"3701, 3105",idx_R,219,219.0
7,220.0,0.9559117555618286,0,0.001,,0.16955840965519764,0.005,0.288036461590001,0,,"40, 220",SCEF,Supplementary_and_Cingulate_Eye_Field,ParaCentral_MidCing,7.0,43.0,"3500, 3371",idx_R,220,220.0
7,221.0,3.9956178665161133,1,0.001,+,3.2262871917306094e-05,0.005,0.0013098725998426275,1,+,"41, 221",55b,Area_55b,Premotor,8.0,12.0,"2422, 1537",idx_R,221,221.0
7,222.0,-3.0953285694122314,1,0.001,-,0.0009829749094512174,0.005,0.012873800427006268,0,,"42, 222",6a,Area_6_anterior,Premotor,8.0,96.0,"4233, 3752",idx_R,222,222.0
7,223.0,-1.7630970478057861,0,0.001,,0.0389420615352232,0.005,0.11857143345246357,0,,"43, 223",6d,Dorsal_area_6,Premotor,8.0,54.0,"2916, 2909",idx_R,223,223.0
7,224.0,-0.48316705226898193,0,0.001,,0.3144885637184536,0.005,0.39841502874141616,0,,"44, 224",6r,Rostral_Area_6,Premotor,8.0,78.0,"3029, 3981",idx_R,224,224.0
7,225.0,-1.9498742818832397,0,0.001,,0.025595552574259366,0.005,0.09447085768317548,0,,"45, 225",6v,Ventral_Area_6,Premotor,8.0,56.0,"2075, 2516",idx_R,225,225.0
7,226.0,-0.09939069300889969,0,0.001,,0.4604140360389982,0.005,0.4763677595165981,0,,"46, 226",FEF,Frontal_Eye_Fields,Premotor,8.0,10.0,"1787, 1889",idx_R,226,226.0
7,227.0,1.1821149587631226,0,0.001,,0.1185800448544646,0.005,0.22973116403725102,0,,"47, 227",PEF,Premotor_Eye_Field,Premotor,8.0,11.0,"1006, 1258",idx_R,227,227.0
7,228.0,-2.6461915969848633,0,0.001,,0.004070184754872338,0.005,0.03177875020150325,0,,"48, 228",43,Area_43,Posterior_Opercular,9.0,99.0,"1889, 1678",idx_R,228,228.0
7,229.0,-0.8469904065132141,0,0.001,,0.19850023437661835,0.005,0.30996575060348863,0,,"49, 229",FOP1,Frontal_Opercular_Area_1,Posterior_Opercular,9.0,113.0,"879, 932",idx_R,229,229.0
7,230.0,-1.8297690153121948,0,0.001,,0.03364224293176987,0.005,0.111719976871112,0,,"50, 230",OP1,Area_OP1-SII,Posterior_Opercular,9.0,101.0,"1275, 1072",idx_R,230,230.0
7,231.0,0.7381402850151062,0,0.001,,0.23021460284969125,0.005,0.33742645760640666,0,,"51, 231",OP2-3,Area_OP2-3-VS,Posterior_Opercular,9.0,102.0,"943, 792",idx_R,231,231.0
7,232.0,-2.0287106037139893,0,0.001,,0.02124388761354671,0.005,0.08539622149603925,0,,"52, 232",OP4,Area_OP4-PV,Posterior_Opercular,9.0,100.0,"2332, 2409",idx_R,232,232.0
7,233.0,0.37345972657203674,0,0.001,,0.35440315706608483,0.005,0.426966414744304,0,,"53, 233",52,Area_52,Early_Auditory,10.0,103.0,"725, 580",idx_R,233,233.0
7,234.0,1.3171311616897583,0,0.001,,0.0938973316554636,0.005,0.20016691004096493,0,,"54, 234",A1,Primary_Auditory_Cortex,Early_Auditory,10.0,24.0,"1023, 796",idx_R,234,234.0
7,235.0,2.5204968452453613,0,0.001,,0.00585946443819627,0.005,0.040321060371316705,0,,"55, 235",LBelt,Lateral_Belt_Complex,Early_Auditory,10.0,174.0,"820, 901",idx_R,235,235.0
7,236.0,0.5917044281959534,0,0.001,,0.27702426538155195,0.005,0.3699731965293095,0,,"56, 236",MBelt,Medial_Belt_Complex,Early_Auditory,10.0,173.0,"1242, 1236",idx_R,236,236.0
7,237.0,2.5629215240478516,0,0.001,,0.00518977531426351,0.005,0.037625871028410446,0,,"57, 237",PBelt,ParaBelt_Complex,Early_Auditory,10.0,124.0,"1719, 1439",idx_R,237,237.0
7,238.0,-0.06831248849630356,0,0.001,,0.4727684414853897,0.005,0.4822713247313272,0,,"58, 238",PFcm,Area_PFcm,Early_Auditory,10.0,105.0,"1486, 1485",idx_R,238,238.0
7,239.0,-0.09721676260232925,0,0.001,,0.4612771282336564,0.005,0.4763677595165981,0,,"59, 239",RI,RetroInsular_Cortex,Early_Auditory,10.0,104.0,"1149, 1334",idx_R,239,239.0
7,240.0,2.1701467037200928,0,0.001,,0.014997867035334917,0.005,0.07080388391099973,0,,"60, 240",A4,Auditory_4_Complex,Auditory_Association,11.0,175.0,"3514, 3610",idx_R,240,240.0
7,241.0,4.280416488647461,1,0.001,+,9.327193929334792e-06,0.005,0.0007573681470619851,1,+,"61, 241",A5,Auditory_5_Complex,Auditory_Association,11.0,125.0,"3346, 3881",idx_R,241,241.0
7,242.0,1.109395146369934,0,0.001,,0.13362987764369333,0.005,0.2466078651060886,0,,"62, 242",STGa,Area_STGa,Auditory_Association,11.0,123.0,"2509, 2187",idx_R,242,242.0
7,243.0,0.7447126507759094,0,0.001,,0.2282227248627608,0.005,0.3369397319792032,0,,"63, 243",STSda,Area_STSd_anterior,Auditory_Association,11.0,128.0,"1944, 2389",idx_R,243,243.0
7,244.0,4.093544960021973,1,0.001,+,2.1241382700442932e-05,0.005,0.0009582223751533146,1,+,"64, 244",STSdp,Area_STSd_posterior,Auditory_Association,11.0,129.0,"1994, 2605",idx_R,244,244.0
7,245.0,2.2781310081481934,0,0.001,,0.01135938664111092,0.005,0.06149214635054711,0,,"65, 245",STSva,Area_STSv_anterior,Auditory_Association,11.0,176.0,"1694, 1900",idx_R,245,245.0
7,246.0,2.9883370399475098,0,0.001,,0.0014025001997565974,0.005,0.01626900231717653,0,,"66, 246",STSvp,Area_STSv_posterior,Auditory_Association,11.0,130.0,"2898, 2515",idx_R,246,246.0
7,247.0,2.1870405673980713,0,0.001,,0.014369781324086965,0.005,0.06945394306642033,0,,"67, 247",TA2,Area_TA2,Auditory_Association,11.0,107.0,"1518, 1726",idx_R,247,247.0
7,248.0,-0.10520369559526443,0,0.001,,0.4581070891684907,0.005,0.4763677595165981,0,,"68, 248",AAIC,Anterior_Agranular_Insula_Complex,Insula_FrontalOperc,12.0,112.0,"1859, 1691",idx_R,248,248.0
7,249.0,1.1751960515975952,0,0.001,,0.11995814476821975,0.005,0.22973116403725102,0,,"69, 249",AVI,Anterior_Ventral_Insular_Area,Insula_FrontalOperc,12.0,111.0,"1446, 1792",idx_R,249,249.0
7,250.0,-1.9546703100204468,0,0.001,,0.025310998305876152,0.005,0.09427766341454787,0,,"70, 250",FOP2,Frontal_Opercular_Area_2,Insula_FrontalOperc,12.0,115.0,"750, 720",idx_R,250,250.0
7,251.0,-2.24489688873291,0,0.001,,0.012387376365438617,0.005,0.062345295654778476,0,,"71, 251",FOP3,Frontal_Opercular_Area_3,Insula_FrontalOperc,12.0,114.0,"754, 614",idx_R,251,251.0
7,252.0,-1.4061068296432495,0,0.001,,0.07984620232876938,0.005,0.18110367679039313,0,,"72, 252",FOP4,Frontal_Opercular_Area_4,Insula_FrontalOperc,12.0,108.0,"2522, 1678",idx_R,252,252.0
7,253.0,0.1916336864233017,0,0.001,,0.4240145767857038,0.005,0.4703549676912452,0,,"73, 253",FOP5,Area_Frontal_Opercular_5,Insula_FrontalOperc,12.0,169.0,"1297, 1365",idx_R,253,253.0
7,254.0,-1.6069154739379883,0,0.001,,0.054036455735762434,0.005,0.14370012333758359,0,,"74, 254",Ig,Insular_Granular_Complex,Insula_FrontalOperc,12.0,168.0,"841, 1077",idx_R,254,254.0
7,255.0,-1.1501234769821167,0,0.001,,0.1250465090535564,0.005,0.23504112349881434,0,,"75, 255",MI,Middle_Insular_Area,Insula_FrontalOperc,12.0,109.0,"2102, 1960",idx_R,255,255.0
7,256.0,0.48336905241012573,0,0.001,,0.3144168590499997,0.005,0.39841502874141616,0,,"76, 256",PI,Para-Insular_Area,Insula_FrontalOperc,12.0,178.0,"1033, 1058",idx_R,256,256.0
7,257.0,-0.9569920301437378,0,0.001,,0.16928563885542214,0.005,0.288036461590001,0,,"77, 257",Pir,Pirform_Cortex,Insula_FrontalOperc,12.0,110.0,"2287, 1856",idx_R,257,257.0
7,258.0,-0.923862636089325,0,0.001,,0.1777789193532469,0.005,0.293407484786253,0,,"78, 258",PoI1,Area_Posterior_Insular_1,Insula_FrontalOperc,12.0,167.0,"1811, 1835",idx_R,258,258.0
7,259.0,-1.1557971239089966,0,0.001,,0.12388207487050812,0.005,0.23502860933376776,0,,"79, 259",PoI2,Posterior_Insular_Area_2,Insula_FrontalOperc,12.0,106.0,"2747, 2675",idx_R,259,259.0
7,260.0,1.051435112953186,0,0.001,,0.14652939808953303,0.005,0.26145796826859125,0,,"80, 260",H,Hippocampus,Medial_Temporal,13.0,120.0,"4283, 3626",idx_R,260,260.0
7,261.0,1.2124302387237549,0,0.001,,0.1126738658011916,0.005,0.22424308585923425,0,,"81, 261",PreS,PreSubiculum,Medial_Temporal,13.0,119.0,"1817, 1558",idx_R,261,261.0
7,262.0,1.804853081703186,0,0.001,,0.035548837695279625,0.005,0.11546262483426824,0,,"82, 262",EC,Entorhinal_Cortex,Medial_Temporal,13.0,118.0,"2127, 2110",idx_R,262,262.0
7,263.0,0.8573766946792603,0,0.001,,0.1956183674432062,0.005,0.30783355496876635,0,,"83, 263",PeEc,Perirhinal_Ectorhinal_Cortex,Medial_Temporal,13.0,122.0,"4826, 4755",idx_R,263,263.0
7,264.0,3.4003238677978516,1,0.001,+,0.00033653040921609176,0.005,0.005940493310510141,0,,"84, 264",TF,Area_TF,Medial_Temporal,13.0,135.0,"3986, 4752",idx_R,264,264.0
7,265.0,1.6578960418701172,0,0.001,,0.04866922561389518,0.005,0.13351152431919897,0,,"85, 265",PHA1,ParaHippocampal_Area_1,Medial_Temporal,13.0,126.0,"1281, 1168",idx_R,265,265.0
7,266.0,0.7980314493179321,0,0.001,,0.21242611999836797,0.005,0.322885988927364,0,,"86, 266",PHA2,ParaHippocampal_Area_2,Medial_Temporal,13.0,155.0,"783, 771",idx_R,266,266.0
7,267.0,0.17303267121315002,0,0.001,,0.431312873513391,0.005,0.4703828563254357,0,,"87, 267",PHA3,ParaHippocampal_Area_3,Medial_Temporal,13.0,127.0,"2023, 1122",idx_R,267,267.0
7,268.0,0.4353988766670227,0,0.001,,0.33163646280227005,0.005,0.41429047353145115,0,,"88, 268",PHT,Area_PHT,Lateral_Temporal,14.0,137.0,"4182, 3410",idx_R,268,268.0
7,269.0,-0.41636794805526733,0,0.001,,0.3385703893225,0.005,0.41654417595434845,0,,"89, 269",TE1a,Area_TE1_anterior,Lateral_Temporal,14.0,132.0,"5227, 4180",idx_R,269,269.0
7,270.0,-0.5767930150032043,0,0.001,,0.2820396443529059,0.005,0.3742094627688882,0,,"90, 270",TE1m,Area_TE1_Middle,Lateral_Temporal,14.0,177.0,"3339, 3429",idx_R,270,270.0
7,271.0,-0.21112550795078278,0,0.001,,0.4163946681765781,0.005,0.4662639336611622,0,,"91, 271",TE1p,Area_TE1_posterior,Lateral_Temporal,14.0,133.0,"7116, 6010",idx_R,271,271.0
7,272.0,-1.3155224323272705,0,0.001,,0.09416719166951798,0.005,0.20016691004096493,0,,"92, 272",TE2a,Area_TE2_anterior,Lateral_Temporal,14.0,134.0,"5691, 5753",idx_R,272,272.0
7,273.0,1.4174726009368896,0,0.001,,0.07817239974712827,0.005,0.1793107022448253,0,,"93, 273",TE2p,Area_TE2_posterior,Lateral_Temporal,14.0,136.0,"4115, 3040",idx_R,273,273.0
7,274.0,0.17048950493335724,0,0.001,,0.4323125936936769,0.005,0.4703828563254357,0,,"94, 274",TGd,Area_TG_dorsal,Lateral_Temporal,14.0,131.0,"10,192, 10,269",idx_R,274,274.0
7,275.0,0.904981791973114,0,0.001,,0.18273751670975286,0.005,0.2967657271366387,0,,"95, 275",TGv,Area_TG_Ventral,Lateral_Temporal,14.0,172.0,"3694, 4515",idx_R,275,275.0
7,276.0,0.4305554926395416,0,0.001,,0.33339580450586637,0.005,0.4152107258569992,0,,"96, 276",PSL,PeriSylvian_Language_Area,TPO,15.0,25.0,"2154, 2759",idx_R,276,276.0
7,277.0,2.8780734539031982,0,0.001,,0.002000559816300035,0.005,0.020172266549064816,0,,"97, 277",STV,Superior_Temporal_Visual_Area,TPO,15.0,28.0,"2322, 2294",idx_R,277,277.0
7,278.0,4.3194899559021,1,0.001,+,7.819511303515846e-06,0.005,0.0007573681470619851,1,+,"98, 278",TPOJ1,Area_TemporoParietoOccipital_Junction_1,TPO,15.0,139.0,"2102, 3938",idx_R,278,278.0
7,279.0,1.9699474573135376,0,0.001,,0.02442219633106832,0.005,0.09266739916274522,0,,"99, 279",TPOJ2,Area_TemporoParietoOccipital_Junction_2,TPO,15.0,140.0,"1930, 2068",idx_R,279,279.0
7,280.0,0.20889075100421906,0,0.001,,0.4172667622609873,0.005,0.4662639336611622,0,,"100, 280",TPOJ3,Area_TemporoParietoOccipital_Junction_3,TPO,15.0,141.0,"1290, 1277",idx_R,280,280.0
7,281.0,-1.846332311630249,0,0.001,,0.03242198443934394,0.005,0.10969438068644699,0,,"101, 281",7AL,Lateral_Area_7A,Superior_Parietal,16.0,42.0,"2134, 2030",idx_R,281,281.0
7,282.0,-1.7703746557235718,0,0.001,,0.038332374439496185,0.005,0.11857143345246357,0,,"102, 282",7Am,Medial_Area_7A,Superior_Parietal,16.0,45.0,"2995, 2379",idx_R,282,282.0
7,283.0,-2.1228818893432617,0,0.001,,0.01688187521961521,0.005,0.07450044933873667,0,,"103, 283",7PC,Area_7PC,Superior_Parietal,16.0,47.0,"3151, 3415",idx_R,283,283.0
7,284.0,-1.5143426656723022,0,0.001,,0.06496947632885536,0.005,0.16056346155655657,0,,"104, 284",7Pl,Lateral_Area_7P,Superior_Parietal,16.0,46.0,"1695, 1363",idx_R,284,284.0
7,285.0,1.897784948348999,0,0.001,,0.028862208389048318,0.005,0.10369961598189041,0,,"105, 285",7Pm,Medial_Area_7P,Superior_Parietal,16.0,29.0,"1601, 1308",idx_R,285,285.0
7,286.0,-3.1214113235473633,1,0.001,-,0.0008999322261847262,0.005,0.012873800427006268,0,,"106, 286",AIP,Anterior_IntraParietal_Area,Superior_Parietal,16.0,117.0,"1999, 2542",idx_R,286,286.0
7,287.0,0.1435990333557129,0,0.001,,0.4429085520082269,0.005,0.4763677595165981,0,,"107, 287",LIPd,Area_Lateral_IntraParietal_dorsal,Superior_Parietal,16.0,95.0,"1008, 869",idx_R,287,287.0
7,288.0,-1.8421955108642578,0,0.001,,0.03272327842906697,0.005,0.10979876894381149,0,,"108, 288",LIPv,Area_Lateral_IntraParietal_ventral,Superior_Parietal,16.0,48.0,"1681, 1783",idx_R,288,288.0
7,289.0,-2.8647358417510986,0,0.001,,0.002086786194730843,0.005,0.020172266549064816,0,,"109, 289",MIP,Medial_IntraParietal_Area,Superior_Parietal,16.0,50.0,"1872, 2403",idx_R,289,289.0
7,290.0,-2.112039089202881,0,0.001,,0.01734154833903196,0.005,0.07490073006007421,0,,"110, 290",VIP,Ventral_IntraParietal_Complex,Superior_Parietal,16.0,49.0,"1890, 1577",idx_R,290,290.0
7,291.0,-2.889793872833252,0,0.001,,0.0019274725272876612,0.005,0.020065483232789498,0,,"111, 291",IP0,Area_IntraParietal_0,Inferior_Parietal,17.0,146.0,"1203, 1239",idx_R,291,291.0
7,292.0,-0.5182791948318481,0,0.001,,0.3021317433537567,0.005,0.39190251693809974,0,,"112, 292",IP1,Area_IntraParietal_1,Inferior_Parietal,17.0,145.0,"1692, 1632",idx_R,292,292.0
7,293.0,-0.9928435683250427,0,0.001,,0.16039309704242127,0.005,0.2794160010613747,0,,"113, 293",IP2,Area_IntraParietal_2,Inferior_Parietal,17.0,144.0,"2102, 1861",idx_R,293,293.0
7,294.0,-1.875206708908081,0,0.001,,0.03038214578448272,0.005,0.10633751024568952,0,,"114, 294",PF,Area_PF_Complex,Inferior_Parietal,17.0,148.0,"5457, 5251",idx_R,294,294.0
7,295.0,-1.6043241024017334,0,0.001,,0.05432131550501025,0.005,0.14370012333758359,0,,"115, 295",PFm,Area_PFm_Complex,Inferior_Parietal,17.0,149.0,"8220, 8141",idx_R,295,295.0
7,296.0,-2.018669366836548,0,0.001,,0.021760797972643072,0.005,0.0866165095773832,0,,"116, 296",PFop,Area_PF_Opercular,Inferior_Parietal,17.0,147.0,"1797, 1783",idx_R,296,296.0
7,297.0,-2.5647287368774414,0,0.001,,0.0051628247660316035,0.005,0.037625871028410446,0,,"117, 297",PFt,Area_PFt,Inferior_Parietal,17.0,116.0,"1983, 2039",idx_R,297,297.0
7,298.0,-0.4663420021533966,0,0.001,,0.3204853592822362,0.005,0.4028391822556901,0,,"118, 298",PGi,Area_PGi,Inferior_Parietal,17.0,150.0,"4791, 4970",idx_R,298,298.0
7,299.0,-2.4196712970733643,0,0.001,,0.007767271096593749,0.005,0.049273626019016595,0,,"119, 299",PGp,Area_PGp,Inferior_Parietal,17.0,143.0,"2501, 3740",idx_R,299,299.0
7,300.0,-1.2391159534454346,0,0.001,,0.10765127986412693,0.005,0.2179661518633991,0,,"120, 300",PGs,Area_PGs,Inferior_Parietal,17.0,151.0,"4552, 3366",idx_R,300,300.0
7,301.0,-1.3248746395111084,0,0.001,,0.09260636676727502,0.005,0.20016691004096493,0,,"121, 301",23d,Area_23d,Posterior_Cingulate,18.0,32.0,"1261, 1513",idx_R,301,301.0
7,302.0,-0.521830677986145,0,0.001,,0.300894113897473,0.005,0.39154810975119886,0,,"122, 302",31a,Area_31a,Posterior_Cingulate,18.0,162.0,"1260, 1116",idx_R,302,302.0
7,303.0,1.6412246227264404,0,0.001,,0.05037539814697008,0.005,0.13634941098446568,0,,"123, 303",31pd,Area_31pd,Posterior_Cingulate,18.0,161.0,"1428, 864",idx_R,303,303.0
7,304.0,0.33255571126937866,0,0.001,,0.3697348397135817,0.005,0.43637309570847144,0,,"124, 304",31pv,Area_31p_ventral,Posterior_Cingulate,18.0,35.0,"950, 1022",idx_R,304,304.0
7,305.0,4.139800071716309,1,0.001,+,1.7380431816873586e-05,0.005,0.0009582223751533146,1,+,"125, 305",7 m,Area_7m,Posterior_Cingulate,18.0,30.0,"2128, 2067",idx_R,305,305.0
7,306.0,0.6167171001434326,0,0.001,,0.2687106700538727,0.005,0.3660957451069541,0,,"126, 306",d23ab,Area_dorsal_23_a + b,Posterior_Cingulate,18.0,34.0,"1607, 1106",idx_R,306,306.0
7,307.0,-1.5611640214920044,0,0.001,,0.059242527794843416,0.005,0.15418247618401557,0,,"127, 307",DVT,Dorsal_Transitional_Visual_Area,Posterior_Cingulate,18.0,142.0,"1806, 2176",idx_R,307,307.0
7,308.0,0.5996124744415283,0,0.001,,0.2743822658110439,0.005,0.3685326365217984,0,,"128, 308",PCV,PreCuneus_Visual_Area,Posterior_Cingulate,18.0,27.0,"2245, 2416",idx_R,308,308.0
7,309.0,1.424560308456421,0,0.001,,0.07714217017154003,0.005,0.17795296073662073,0,,"129, 309",POS1,Parieto-Occipital_Sulcus_Area_1,Posterior_Cingulate,18.0,31.0,"2531, 2727",idx_R,309,309.0
7,310.0,1.8477466106414795,0,0.001,,0.03231950383331632,0.005,0.10969438068644699,0,,"130, 310",POS2,Parieto-Occipital_Sulcus_Area_2,Posterior_Cingulate,18.0,15.0,"3261, 3093",idx_R,310,310.0
7,311.0,1.9960275888442993,0,0.001,,0.022965459939361332,0.005,0.08965362245558366,0,,"131, 311",ProS,ProStriate_Area,Posterior_Cingulate,18.0,121.0,"1222, 1055",idx_R,311,311.0
7,312.0,0.42115309834480286,0,0.001,,0.3368216451317988,0.005,0.41565224292860276,0,,"132, 312",RSC,RetroSplenial_Complex,Posterior_Cingulate,18.0,14.0,"2830, 3067",idx_R,312,312.0
7,313.0,0.9670246839523315,0,0.001,,0.16676584708145437,0.005,0.288036461590001,0,,"133, 313",v23ab,Area_ventral_23_a + b,Posterior_Cingulate,18.0,33.0,"916, 1089",idx_R,313,313.0
7,314.0,0.5976465344429016,0,0.001,,0.27503790361109587,0.005,0.3685326365217984,0,,"134, 314",10r,Area_10r,AntCing_MedPFC,19.0,65.0,"1589, 1053",idx_R,314,314.0
7,315.0,1.87580406665802,0,0.001,,0.030341094691775834,0.005,0.10633751024568952,0,,"135, 315",10v,Area_10v,AntCing_MedPFC,19.0,88.0,"3906, 2667",idx_R,315,315.0
7,316.0,0.21769148111343384,0,0.001,,0.41383475079914955,0.005,0.4662639336611622,0,,"136, 316",25,Area_25,AntCing_MedPFC,19.0,164.0,"1911, 2135",idx_R,316,316.0
7,317.0,0.35076576471328735,0,0.001,,0.3628820415392229,0.005,0.43205310517573164,0,,"137, 317",33pr,Area_33_prime,AntCing_MedPFC,19.0,58.0,"1354, 1316",idx_R,317,317.0
7,318.0,1.1403846740722656,0,0.001,,0.12706303752609865,0.005,0.23664033594310116,0,,"138, 318",8BM,Area_8BM,AntCing_MedPFC,19.0,63.0,"3122, 3436",idx_R,318,318.0
7,319.0,0.7889800667762756,0,0.001,,0.21506182848597483,0.005,0.32459145860708466,0,,"139, 319",9 m,Area_9_Middle,AntCing_MedPFC,19.0,69.0,"6338, 5881",idx_R,319,319.0
7,320.0,0.1007600948214531,0,0.001,,0.4598704526428823,0.005,0.4763677595165981,0,,"140, 320",a24,Area_a24,AntCing_MedPFC,19.0,61.0,"2085, 2152",idx_R,320,320.0
7,321.0,0.5070987939834595,0,0.001,,0.30604275059033614,0.005,0.3957113271964219,0,,"141, 321",a24pr,Anterior_24_prime,AntCing_MedPFC,19.0,59.0,"1095, 1474",idx_R,321,321.0
7,322.0,-0.6691924333572388,0,0.001,,0.2516863661967883,0.005,0.352162069717839,0,,"142, 322",a32pr,Area_anterior_32_prime,AntCing_MedPFC,19.0,179.0,"1759, 1118",idx_R,322,322.0
7,323.0,-0.38031792640686035,0,0.001,,0.35185471508616784,0.005,0.4255862166624388,0,,"143, 323",d32,Area_dorsal_32,AntCing_MedPFC,19.0,62.0,"2228, 2374",idx_R,323,323.0
7,324.0,0.12398098409175873,0,0.001,,0.45066516569094395,0.005,0.4763677595165981,0,,"144, 324",p24,Area_posterior_24,AntCing_MedPFC,19.0,180.0,"2394, 2442",idx_R,324,324.0
7,325.0,0.6821529269218445,0,0.001,,0.24757112827079486,0.005,0.3507178332087404,0,,"145, 325",p24pr,Area_Posterior_24_prime,AntCing_MedPFC,19.0,57.0,"1422, 1724",idx_R,325,325.0
7,326.0,-0.7805969715118408,0,0.001,,0.21751978677559247,0.005,0.32468026996650934,0,,"146, 326",p32,Area_p32,AntCing_MedPFC,19.0,64.0,"1180, 1765",idx_R,326,326.0
7,327.0,-0.2810506522655487,0,0.001,,0.38933577497581046,0.005,0.44530259632285585,0,,"147, 327",p32pr,Area_p32_prime,AntCing_MedPFC,19.0,60.0,"1569, 1305",idx_R,327,327.0
7,328.0,1.2248284816741943,0,0.001,,0.11031992566056886,0.005,0.22063985132113773,0,,"148, 328",pOFC,Posterior_OFC_Complex,AntCing_MedPFC,19.0,166.0,"2486, 2836",idx_R,328,328.0
7,329.0,2.5407755374908447,0,0.001,,0.005530345149902477,0.005,0.03939158124316501,0,,"149, 329",s32,Area_s32,AntCing_MedPFC,19.0,165.0,"604, 1015",idx_R,329,329.0
7,330.0,-0.821426272392273,0,0.001,,0.20570175187474704,0.005,0.31774252120930657,0,,"150, 330",10d,Area_10d,OrbPolaFrontal,20.0,72.0,"3644, 3096",idx_R,330,330.0
7,331.0,-1.6641566753387451,0,0.001,,0.04804056175419523,0.005,0.1326834562734916,0,,"151, 331",10 pp,Polar_10p,OrbPolaFrontal,20.0,90.0,"1997, 2487",idx_R,331,331.0
7,332.0,-0.8863224387168884,0,0.001,,0.18772190046862636,0.005,0.30005941570969413,0,,"152, 332",11 l,Area_11l,OrbPolaFrontal,20.0,91.0,"3531, 3793",idx_R,332,332.0
7,333.0,3.929258346557617,1,0.001,+,4.2604128631299345e-05,0.005,0.001475763875629328,1,+,"153, 333",13 l,Area_13l,OrbPolaFrontal,20.0,92.0,"2429, 1757",idx_R,333,333.0
7,334.0,2.4652466773986816,0,0.001,,0.006845947683583059,0.005,0.04466276436535185,0,,"154, 334",47 m,Area_47m,OrbPolaFrontal,20.0,66.0,"799, 781",idx_R,334,334.0
7,335.0,1.1931934356689453,0,0.001,,0.11639681245963429,0.005,0.2271976243202477,0,,"155, 335",47 s,Area_47s,OrbPolaFrontal,20.0,94.0,"2795, 3080",idx_R,335,335.0
7,336.0,-1.360982060432434,0,0.001,,0.0867596793869474,0.005,0.19354082324780575,0,,"156, 336",a10p,Area_anterior_10p,OrbPolaFrontal,20.0,89.0,"1964, 1748",idx_R,336,336.0
7,337.0,0.058309730142354965,0,0.001,,0.4767509585855514,0.005,0.4851150104905611,0,,"157, 337",OFC,Orbital_Frontal_Complex,OrbPolaFrontal,20.0,93.0,"4560, 5232",idx_R,337,337.0
7,338.0,-1.9792585372924805,0,0.001,,0.023893452635928007,0.005,0.09151643179421481,0,,"158, 338",p10p,Area_posterior_10p,OrbPolaFrontal,20.0,170.0,"2116, 2365",idx_R,338,338.0
7,339.0,1.5015034675598145,0,0.001,,0.06661269524622637,0.005,0.16168366290721609,0,,"159, 339",44,Area_44,Inferior_Frontal,21.0,74.0,"2435, 2589",idx_R,339,339.0
7,340.0,2.0919902324676514,0,0.001,,0.018219694729243757,0.005,0.07705412562576006,0,,"160, 340",45,Area_45,Inferior_Frontal,21.0,75.0,"3762, 2962",idx_R,340,340.0
7,341.0,-0.5310866236686707,0,0.001,,0.2976793765689757,0.005,0.38861037584245706,0,,"161, 341",47 l,Area_47l_(47_lateral),Inferior_Frontal,21.0,76.0,"2527, 2592",idx_R,341,341.0
7,342.0,-1.3542168140411377,0,0.001,,0.08783360812394786,0.005,0.19486581911651818,0,,"162, 342",a47r,Area_anterior_47r,Inferior_Frontal,21.0,77.0,"4167, 3763",idx_R,342,342.0
7,343.0,3.096822738647461,1,0.001,+,0.0009780340184794736,0.005,0.012873800427006268,0,,"163, 343",IFJa,Area_IFJa,Inferior_Frontal,21.0,79.0,"1513, 1405",idx_R,343,343.0
7,344.0,2.851633071899414,0,0.001,,0.0021747638162885373,0.005,0.020533816497980147,0,,"164, 344",IFJp,Area_IFJp,Inferior_Frontal,21.0,80.0,"960, 740",idx_R,344,344.0
7,345.0,3.5436253547668457,1,0.001,+,0.00019733281952802648,0.005,0.00445095137379882,1,+,"165, 345",IFSa,Area_IFSa,Inferior_Frontal,21.0,82.0,"2057, 2641",idx_R,345,345.0
7,346.0,3.9235951900482178,1,0.001,+,4.361863671810822e-05,0.005,0.001475763875629328,1,+,"166, 346",IFSp,Area_IFSp,Inferior_Frontal,21.0,81.0,"1589, 1730",idx_R,346,346.0
7,347.0,-0.42224907875061035,0,0.001,,0.3364216109047614,0.005,0.41565224292860276,0,,"167, 347",p47r,Area_posterior_47r,Inferior_Frontal,21.0,171.0,"2133, 1761",idx_R,347,347.0
7,348.0,-1.364582896232605,0,0.001,,0.08619209175641396,0.005,0.19333695719946997,0,,"168, 348",46,Area_46,Dorsolateral_Prefrontal,22.0,84.0,"4863, 4394",idx_R,348,348.0
7,349.0,-0.339041143655777,0,0.001,,0.3672893678138462,0.005,0.4347506802694506,0,,"169, 349",8Ad,Area_8Ad,Dorsolateral_Prefrontal,22.0,68.0,"3386, 3492",idx_R,349,349.0
7,350.0,-0.8031184077262878,0,0.001,,0.2109531495703102,0.005,0.322885988927364,0,,"170, 350",8Av,Area_8Av,Dorsolateral_Prefrontal,22.0,67.0,"4807, 5902",idx_R,350,350.0
7,351.0,0.6291952729225159,0,0.001,,0.2646106115947632,0.005,0.36417596036431815,0,,"171, 351",8BL,Area_8B_Lateral,Dorsolateral_Prefrontal,22.0,70.0,"3377, 4078",idx_R,351,351.0
7,352.0,1.8066776990890503,0,0.001,,0.03540627340607459,0.005,0.11546262483426824,0,,"172, 352",8C,Area_8C,Dorsolateral_Prefrontal,22.0,73.0,"4085, 3134",idx_R,352,352.0
7,353.0,-1.248317837715149,0,0.001,,0.10595734217394914,0.005,0.21726606526577452,0,,"173, 353",9-46d,Area_9-46d,Dorsolateral_Prefrontal,22.0,86.0,"4534, 4666",idx_R,353,353.0
7,354.0,-1.6912704706192017,0,0.001,,0.04539257857914776,0.005,0.12920449029040101,0,,"174, 354",9a,Area_9_anterior,Dorsolateral_Prefrontal,22.0,87.0,"3706, 3048",idx_R,354,354.0
7,355.0,-0.7828119397163391,0,0.001,,0.21686877756722062,0.005,0.32468026996650934,0,,"175, 355",9p,Area_9_Posterior,Dorsolateral_Prefrontal,22.0,71.0,"3426, 2488",idx_R,355,355.0
7,356.0,-1.6828941106796265,0,0.001,,0.04619779594516435,0.005,0.13025211912317172,0,,"176, 356",a9-46v,Area_anterior_9-46v,Dorsolateral_Prefrontal,22.0,85.0,"3314, 2628",idx_R,356,356.0
7,357.0,-0.8002113699913025,0,0.001,,0.21179417165962466,0.005,0.322885988927364,0,,"177, 357",i6-8,Inferior_6-8_Transitional_Area,Dorsolateral_Prefrontal,22.0,97.0,"1764, 2418",idx_R,357,357.0
7,358.0,0.705951452255249,0,0.001,,0.24010916440178576,0.005,0.3456890806635639,0,,"178, 358",p9-46v,Area_posterior_9-46v,Dorsolateral_Prefrontal,22.0,83.0,"2871, 4635",idx_R,358,358.0
7,359.0,-1.3684149980545044,0,0.001,,0.0855911061280194,0.005,0.19305549493319932,0,,"179, 359",s6-8,Superior_6-8_Transitional_Area,Dorsolateral_Prefrontal,22.0,98.0,"1336, 2132",idx_R,359,359.0
7,360.0,0.8324516415596008,0,0.001,,0.20257703164890678,0.005,0.31511982700941055,0,,"180, 360",SFL,Superior_Frontal_Language_Area,Dorsolateral_Prefrontal,22.0,26.0,"3873, 3055",idx_R,360,360.0
7,361.0,-0.9066311120986938,0,0.001,,0.18230095173461114,0.005,0.2967657271366387,0,,"361, 394",AV,Thalamus: Anteroventral Nucleus,,,,"256, 280",idx_L,361,361.0
7,362.0,-0.6058831214904785,0,0.001,,0.27229618412165346,0.005,0.36728322509432326,0,,"362, 395",CeM,Thalamus: Central medial,,,,"96, 88",idx_L,362,362.0
7,363.0,2.0440514087677,0,0.001,,0.020474234372874243,0.005,0.0837109664288064,0,,"363, 396",CL,Thalamus: Central lateral,,,,"16, 16",idx_L,363,363.0
7,366.0,1.2483406066894531,0,0.001,,0.10595317475296084,0.005,0.21726606526577452,0,,"366, 399",LGN,Thalamus: Lateral Geniculate,,,,"328, 256",idx_L,366,366.0
7,367.0,0.8209819197654724,0,0.001,,0.20582828344346704,0.005,0.31774252120930657,0,,"367, 400",LP,Thalamus: Lateral Posterior,,,,"256, 264",idx_L,367,367.0
7,368.0,-0.6303009390830994,0,0.001,,0.26424885435079115,0.005,0.36417596036431815,0,,"368, 401",L-Sg,Thalamus: Limitans Suprageniculate,,,,"32, 16",idx_L,368,368.0
7,369.0,0.13168030977249146,0,0.001,,0.4476185802036904,0.005,0.4763677595165981,0,,"369, 402",MDl,Thalamus: Mediodorsolateral parvocellular,,,,"328, 320",idx_L,369,369.0
7,370.0,2.8361761569976807,0,0.001,,0.0022828627697484808,0.005,0.020596495211508515,0,,"370, 403",MDm,Thalamus: Mediodorsomedial magnocellular,,,,"1104, 1192",idx_L,370,370.0
7,371.0,2.5303142070770264,0,0.001,,0.0056980210991229244,0.005,0.03988614769386047,0,,"371, 404",MGN,Thalamus: Medial Geniculate,,,,"160, 168",idx_L,371,371.0
7,372.0,0.8609267473220825,0,0.001,,0.19463919457743706,0.005,0.30783355496876635,0,,"372, 405",MV(Re),Thalamus: Reuniens,,,,"8, 8",idx_L,372,372.0
7,374.0,1.0903908014297485,0,0.001,,0.13777051604979101,0.005,0.25195869151448264,0,,"374, 407",PuA,Thalamus: Pulvinar anterior,,,,"320, 280",idx_L,374,374.0
7,375.0,3.060908794403076,0,0.001,,0.0011033315060050184,0.005,0.013175076218765808,0,,"375, 408",PuI,Thalamus: Pulvinar inferior,,,,"336, 280",idx_L,375,375.0
7,376.0,0.4112359881401062,0,0.001,,0.34044975094914787,0.005,0.41759093318838075,0,,"376, 409",PuL,Thalamus: Pulvinar lateral,,,,"304, 256",idx_L,376,376.0
7,377.0,2.1330902576446533,0,0.001,,0.016458661411799427,0.005,0.07343095091418206,0,,"377, 410",PuM,Thalamus: Pulvinar medial,,,,"1904, 1680",idx_L,377,377.0
7,378.0,0.874794065952301,0,0.001,,0.19084298328710203,0.005,0.30385196554730753,0,,"378, 411",VA,Thalamus: Ventral Anterior,,,,"608, 616",idx_L,378,378.0
7,379.0,-0.11845602095127106,0,0.001,,0.45285316994079006,0.005,0.4763677595165981,0,,"379, 412",VLa,Thalamus: Ventral Lateral Anterior,,,,"880, 856",idx_L,379,379.0
7,380.0,0.6669196486473083,0,0.001,,0.2524117297731309,0.005,0.352162069717839,0,,"380, 413",VLp,Thalamus: Ventral Lateral Posterior,,,,"1384, 1288",idx_L,380,380.0
7,382.0,-2.0951507091522217,0,0.001,,0.018078798682488444,0.005,0.07705412562576006,0,,"382, 415",Putam,Putamen,,,,"7896, 7744",idx_L,382,382.0
7,383.0,-0.4493693709373474,0,0.001,,0.3265826113165843,0.005,0.4092362351683124,0,,"383, 416",Caud,Caudate,,,,"6896, 6952",idx_L,383,383.0
7,384.0,-0.5029587745666504,0,0.001,,0.30749662845521963,0.005,0.39632898778672754,0,,"384, 417",NAc,Nucleus Accumbens,,,,"600, 632",idx_L,384,384.0
7,387.0,3.2043797969818115,1,0.001,+,0.0006767689808866666,0.005,0.010568007932307178,0,,"387, 420",Amyg,Amygdala,,,,"1608, 1632",idx_L,387,387.0
7,391.0,1.2624499797821045,0,0.001,,0.10339345723369453,0.005,0.21417216141265297,0,,"391, 424",MB,Mammillary bodies,,,,"112, 104",idx_L,391,391.0
7,392.0,1.0819180011749268,0,0.001,,0.1396444826769015,0.005,0.2542406276539103,0,,"392, 425",Septum,Septal nuclei,,,,"248, 136",idx_L,392,392.0
7,393.0,0.6772726774215698,0,0.001,,0.24911648153140237,0.005,0.35118503993662975,0,,"393, 426",Nb,Nucleus basalis,,,,"584, 600",idx_L,393,393.0
7,394.0,-0.10753163695335388,0,0.001,,0.4571836140819665,0.005,0.4763677595165981,0,,"361, 394",AV,Thalamus: Anteroventral Nucleus,,,,"256, 280",idx_R,394,394.0
7,395.0,1.7797975540161133,0,0.001,,0.03755454903813987,0.005,0.1172857454575753,0,,"362, 395",CeM,Thalamus: Central medial,,,,"96, 88",idx_R,395,395.0
7,399.0,0.5693394541740417,0,0.001,,0.2845628983554822,0.005,0.37632748121278753,0,,"366, 399",LGN,Thalamus: Lateral Geniculate,,,,"328, 256",idx_R,399,399.0
7,400.0,0.1816239207983017,0,0.001,,0.42793893749439343,0.005,0.4703828563254357,0,,"367, 400",LP,Thalamus: Lateral Posterior,,,,"256, 264",idx_R,400,400.0
7,402.0,0.9580196738243103,0,0.001,,0.16902641901495913,0.005,0.288036461590001,0,,"369, 402",MDl,Thalamus: Mediodorsolateral parvocellular,,,,"328, 320",idx_R,402,402.0
7,403.0,2.493086576461792,0,0.001,,0.006331898188166376,0.005,0.042845844406592476,0,,"370, 403",MDm,Thalamus: Mediodorsomedial magnocellular,,,,"1104, 1192",idx_R,403,403.0
7,404.0,0.0805533304810524,0,0.001,,0.4678985912046095,0.005,0.47971421219462496,0,,"371, 404",MGN,Thalamus: Medial Geniculate,,,,"160, 168",idx_R,404,404.0
7,406.0,1.047432780265808,0,0.001,,0.1474500098188356,0.005,0.26145796826859125,0,,"373, 406",Pf,Thalamus: Parafascicular,,,,"56, 72",idx_R,406,406.0
7,407.0,0.6179903745651245,0,0.001,,0.26829084178137824,0.005,0.3660957451069541,0,,"374, 407",PuA,Thalamus: Pulvinar anterior,,,,"320, 280",idx_R,407,407.0
7,408.0,-0.6890153288841248,0,0.001,,0.24540681059735792,0.005,0.3507178332087404,0,,"375, 408",PuI,Thalamus: Pulvinar inferior,,,,"336, 280",idx_R,408,408.0
7,409.0,0.8582324981689453,0,0.001,,0.19538204719299296,0.005,0.30783355496876635,0,,"376, 409",PuL,Thalamus: Pulvinar lateral,,,,"304, 256",idx_R,409,409.0
7,410.0,1.8862409591674805,0,0.001,,0.029631245668068434,0.005,0.10552882229154197,0,,"377, 410",PuM,Thalamus: Pulvinar medial,,,,"1904, 1680",idx_R,410,410.0
7,411.0,1.2377232313156128,0,0.001,,0.10790935104567295,0.005,0.2179661518633991,0,,"378, 411",VA,Thalamus: Ventral Anterior,,,,"608, 616",idx_R,411,411.0
7,412.0,-0.7830886244773865,0,0.001,,0.21678753537630335,0.005,0.32468026996650934,0,,"379, 412",VLa,Thalamus: Ventral Lateral Anterior,,,,"880, 856",idx_R,412,412.0
7,415.0,-2.86641001701355,0,0.001,,0.002075780815826694,0.005,0.020172266549064816,0,,"382, 415",Putam,Putamen,,,,"7896, 7744",idx_R,415,415.0
7,416.0,-1.7150263786315918,0,0.001,,0.04317019536806186,0.005,0.12535057395813395,0,,"383, 416",Caud,Caudate,,,,"6896, 6952",idx_R,416,416.0
7,417.0,-1.0727113485336304,0,0.001,,0.14170032348289302,0.005,0.2563055988677692,0,,"384, 417",NAc,Nucleus Accumbens,,,,"600, 632",idx_R,417,417.0
7,420.0,3.6473028659820557,1,0.001,+,0.00013250374442318633,0.005,0.0031645011903419793,1,+,"387, 420",Amyg,Amygdala,,,,"1608, 1632",idx_R,420,420.0
7,424.0,1.529645562171936,0,0.001,,0.06305224257362502,0.005,0.1599950655305735,0,,"391, 424",MB,Mammillary bodies,,,,"112, 104",idx_R,424,424.0
7,425.0,2.96492075920105,0,0.001,,0.001513804517676603,0.005,0.016610936058829753,0,,"392, 425",Septum,Septal nuclei,,,,"248, 136",idx_R,425,425.0
7,426.0,1.336562156677246,0,0.001,,0.09068279935408885,0.005,0.19901198128518957,0,,"393, 426",Nb,Nucleus basalis,,,,"584, 600",idx_R,426,426.0
8,0.0,-0.6381231546401978,0,0.001,,0.2616967574983363,0.005,0.3728031001555247,0,,,,,,,,,,,
8,1.0,-0.03609085828065872,0,0.001,,0.4856049558079468,0.005,0.4921304455172093,0,,"1, 181",V1,Primary_Visual_Cortex,Primary_Visual,1.0,1.0,"13,812, 13,406",idx_L,1,1.0
8,2.0,1.0946781635284424,0,0.001,,0.13682882924078332,0.005,0.2595911433259721,0,,"2, 182",V2,Second_Visual_Area,Early_Visual,2.0,4.0,"9515, 9420",idx_L,2,2.0
8,3.0,2.3600780963897705,0,0.001,,0.009135544094623589,0.005,0.04755167823611766,0,,"3, 183",V3,Third_Visual_Area,Early_Visual,2.0,5.0,"7106, 7481",idx_L,3,3.0
8,4.0,2.1420228481292725,0,0.001,,0.016095821746213542,0.005,0.06487553244886322,0,,"4, 184",V4,Fourth_Visual_Area,Early_Visual,2.0,6.0,"4782, 4537",idx_L,4,4.0
8,5.0,0.786986231803894,0,0.001,,0.21564496298843616,0.005,0.337468308530885,0,,"5, 185",IPS1,IntraParietal_Sulcus_Area_1,Dorsal_Stream_Visual,3.0,17.0,"1751, 1750",idx_L,5,5.0
8,6.0,1.8593627214431763,0,0.001,,0.03148787104242269,0.005,0.09794471347939782,0,,"6, 186",V3A,Area_V3A,Dorsal_Stream_Visual,3.0,13.0,"2191, 2212",idx_L,6,6.0
8,7.0,2.394981861114502,0,0.001,,0.008310593756152387,0.005,0.04516759109046789,0,,"7, 187",V3B,Area_V3B,Dorsal_Stream_Visual,3.0,19.0,"639, 731",idx_L,7,7.0
8,8.0,1.0548837184906006,0,0.001,,0.14573925474349453,0.005,0.2689551701175399,0,,"8, 188",V6,Sixth_Visual_Area,Dorsal_Stream_Visual,3.0,3.0,"1402, 1559",idx_L,8,8.0
8,9.0,1.3355604410171509,0,0.001,,0.09084649372079667,0.005,0.20838235282849407,0,,"9, 189",V6A,Area_V6A,Dorsal_Stream_Visual,3.0,152.0,"904, 734",idx_L,9,9.0
8,10.0,0.5524511337280273,0,0.001,,0.29031965274200044,0.005,0.39356116575436634,0,,"10, 190",V7,Seventh_Visual_Area,Dorsal_Stream_Visual,3.0,16.0,"1005, 1041",idx_L,10,10.0
8,11.0,0.2044699341058731,0,0.001,,0.41899314238572316,0.005,0.45780617210020885,0,,"11, 191",FFC,Fusiform_Face_Complex,Ventral_Stream_Visual,4.0,18.0,"3848, 4402",idx_L,11,11.0
8,12.0,0.4241068363189697,0,0.001,,0.33574395002339114,0.005,0.42248310683953566,0,,"12, 192",PIT,Posterior_InferoTemporal_complex,Ventral_Stream_Visual,4.0,22.0,"1392, 1386",idx_L,12,12.0
8,13.0,1.7354990243911743,0,0.001,,0.041326227074630524,0.005,0.11262925443702453,0,,"13, 193",V8,Eighth_Visual_Area,Ventral_Stream_Visual,4.0,7.0,"1361, 1175",idx_L,13,13.0
8,14.0,0.0033457367680966854,0,0.001,,0.4986652466343078,0.005,0.4986652466343078,0,,"14, 194",VMV1,VentroMedial_Visual_Area_1,Ventral_Stream_Visual,4.0,153.0,"939, 1219",idx_L,14,14.0
8,15.0,-0.02119901403784752,0,0.001,,0.4915434503952457,0.005,0.49397683381304397,0,,"15, 195",VMV2,VentroMedial_Visual_Area_2,Ventral_Stream_Visual,4.0,160.0,"639, 923",idx_L,15,15.0
8,16.0,1.7354068756103516,0,0.001,,0.04133438155447452,0.005,0.11262925443702453,0,,"16, 196",VMV3,VentroMedial_Visual_Area_3,Ventral_Stream_Visual,4.0,154.0,"941, 1242",idx_L,16,16.0
8,17.0,-0.21342632174491882,0,0.001,,0.41549722582414833,0.005,0.45715954928077024,0,,"17, 197",VVC,Ventral_Visual_Complex,Ventral_Stream_Visual,4.0,163.0,"2487, 2753",idx_L,17,17.0
8,18.0,-2.13700532913208,0,0.001,,0.016298779088138052,0.005,0.06487553244886322,0,,"18, 198",FST,Area_FST,MT + _Complex,5.0,157.0,"1324, 1683",idx_L,18,18.0
8,19.0,1.9711499214172363,0,0.001,,0.02435336502152102,0.005,0.08712438344113412,0,,"19, 199",LO1,Area_Lateral_Occipital_1,MT + _Complex,5.0,20.0,"619, 909",idx_L,19,19.0
8,20.0,1.101779580116272,0,0.001,,0.13527875495517672,0.005,0.2590715778858573,0,,"20, 200",LO2,Area_Lateral_Occipital_2,MT + _Complex,5.0,21.0,"1179, 1062",idx_L,20,20.0
8,21.0,0.860683798789978,0,0.001,,0.19470610924746112,0.005,0.32060267417907073,0,,"21, 201",LO3,Area_Lateral_Occipital_3,MT + _Complex,5.0,159.0,"438, 915",idx_L,21,21.0
8,22.0,-1.2572083473205566,0,0.001,,0.10433910073126856,0.005,0.22653302083901086,0,,"22, 202",MST,Medial_Superior_Temporal_Area,MT + _Complex,5.0,2.0,"794, 1036",idx_L,22,22.0
8,23.0,-1.5284144878387451,0,0.001,,0.06320482998960424,0.005,0.15647049375475194,0,,"23, 203",MT,Middle_Temporal_Area,MT + _Complex,5.0,23.0,"620, 1005",idx_L,23,23.0
8,24.0,-1.1396719217300415,0,0.001,,0.12721150460267378,0.005,0.25071781975090074,0,,"24, 204",PH,Area_PH,MT + _Complex,5.0,138.0,"3453, 3205",idx_L,24,24.0
8,25.0,2.7694387435913086,0,0.001,,0.0028076481128016567,0.005,0.022351081054852406,0,,"25, 205",V3CD,Area_V3CD,MT + _Complex,5.0,158.0,"876, 1222",idx_L,25,25.0
8,26.0,-0.8241920471191406,0,0.001,,0.2049152225771375,0.005,0.3262571779071287,0,,"26, 206",V4t,Area_V4t,MT + _Complex,5.0,156.0,"1037, 1249",idx_L,26,26.0
8,27.0,-0.8897580504417419,0,0.001,,0.1867979080196756,0.005,0.31081946990159137,0,,"27, 207",1,Area_1,SomaSens_Motor,6.0,51.0,"6590, 5925",idx_L,27,27.0
8,28.0,-1.1806690692901611,0,0.001,,0.1188671067680449,0.005,0.24748741204013455,0,,"28, 208",2,Area_2,SomaSens_Motor,6.0,52.0,"4278, 4727",idx_L,28,28.0
8,29.0,-2.1906511783599854,0,0.001,,0.014238522296992583,0.005,0.06094708913379379,0,,"29, 209",3a,Area_3a,SomaSens_Motor,6.0,53.0,"2247, 2286",idx_L,29,29.0
8,30.0,-1.8967137336730957,0,0.001,,0.0289328650619513,0.005,0.0947318001221954,0,,"30, 210",3b,Primary_Sensory_Cortex,SomaSens_Motor,6.0,9.0,"5451, 4350",idx_L,30,30.0
8,31.0,-1.9593119621276855,0,0.001,,0.025038131852633164,0.005,0.08839549158407882,0,,"31, 211",4,Primary_Motor_Cortex,SomaSens_Motor,6.0,8.0,"10,776, 10,254",idx_L,31,31.0
8,32.0,-3.89194917678833,1,0.001,-,4.972103947721067e-05,0.005,0.0018351583661588664,1,-,"32, 212",23c,Area_23c,ParaCentral_MidCing,7.0,38.0,"2259, 2498",idx_L,32,32.0
8,33.0,-1.484055995941162,0,0.001,,0.06889703293071257,0.005,0.16749817586748086,0,,"33, 213",24dd,Dorsal_Area_24d,ParaCentral_MidCing,7.0,40.0,"2665, 2820",idx_L,33,33.0
8,34.0,-2.190030336380005,0,0.001,,0.014261018393375395,0.005,0.06094708913379379,0,,"34, 214",24dv,Ventral_Area_24d,ParaCentral_MidCing,7.0,41.0,"1076, 1349",idx_L,34,34.0
8,35.0,-1.0436443090438843,0,0.001,,0.14832499236900748,0.005,0.27126102208025693,0,,"35, 215",5L,Area_5L,ParaCentral_MidCing,7.0,39.0,"2249, 2327",idx_L,35,35.0
8,36.0,-0.5343497395515442,0,0.001,,0.29654979265214537,0.005,0.3986729000555332,0,,"36, 216",5 m,Area_5m,ParaCentral_MidCing,7.0,36.0,"1483, 2079",idx_L,36,36.0
8,37.0,-2.977529287338257,0,0.001,,0.0014529094031559297,0.005,0.015125159427725833,0,,"37, 217",5mv,Area_5m_ventral,ParaCentral_MidCing,7.0,37.0,"1651, 1996",idx_L,37,37.0
8,38.0,-2.9864749908447266,0,0.001,,0.0014110696029377286,0.005,0.015125159427725833,0,,"38, 218",6ma,Area_6m_anterior,ParaCentral_MidCing,7.0,44.0,"3941, 4251",idx_L,38,38.0
8,39.0,-1.0392910242080688,0,0.001,,0.14933470400192816,0.005,0.27188291401247905,0,,"39, 219",6mp,Area_6mp,ParaCentral_MidCing,7.0,55.0,"3701, 3105",idx_L,39,39.0
8,40.0,2.7991890907287598,0,0.001,,0.0025615563353077603,0.005,0.02079983744269901,0,,"40, 220",SCEF,Supplementary_and_Cingulate_Eye_Field,ParaCentral_MidCing,7.0,43.0,"3500, 3371",idx_L,40,40.0
8,41.0,0.6393488645553589,0,0.001,,0.2612980033479814,0.005,0.3728031001555247,0,,"41, 221",55b,Area_55b,Premotor,8.0,12.0,"2422, 1537",idx_L,41,41.0
8,42.0,-4.413267612457275,1,0.001,-,5.0911002527017404e-06,0.005,0.00029528381465670096,1,-,"42, 222",6a,Area_6_anterior,Premotor,8.0,96.0,"4233, 3752",idx_L,42,42.0
8,43.0,-1.7931283712387085,0,0.001,,0.036476200031085024,0.005,0.10429110713113042,0,,"43, 223",6d,Dorsal_area_6,Premotor,8.0,54.0,"2916, 2909",idx_L,43,43.0
8,44.0,-0.07117865979671478,0,0.001,,0.4716277826729957,0.005,0.4865545544685654,0,,"44, 224",6r,Rostral_Area_6,Premotor,8.0,78.0,"3029, 3981",idx_L,44,44.0
8,45.0,-0.7327343225479126,0,0.001,,0.23186024290324125,0.005,0.3499451993260816,0,,"45, 225",6v,Ventral_Area_6,Premotor,8.0,56.0,"2075, 2516",idx_L,45,45.0
8,46.0,-2.5164973735809326,0,0.001,,0.005926389179916579,0.005,0.03591214935889748,0,,"46, 226",FEF,Frontal_Eye_Fields,Premotor,8.0,10.0,"1787, 1889",idx_L,46,46.0
8,47.0,0.6453256011009216,0,0.001,,0.2593581027705726,0.005,0.3720826492044257,0,,"47, 227",PEF,Premotor_Eye_Field,Premotor,8.0,11.0,"1006, 1258",idx_L,47,47.0
8,48.0,-0.3895074725151062,0,0.001,,0.34845039199363026,0.005,0.42356544655513134,0,,"48, 228",43,Area_43,Posterior_Opercular,9.0,99.0,"1889, 1678",idx_L,48,48.0
8,49.0,1.1565946340560913,0,0.001,,0.12371900780212691,0.005,0.248662956275562,0,,"49, 229",FOP1,Frontal_Opercular_Area_1,Posterior_Opercular,9.0,113.0,"879, 932",idx_L,49,49.0
8,50.0,-1.0178991556167603,0,0.001,,0.15436294147909407,0.005,0.279782831430858,0,,"50, 230",OP1,Area_OP1-SII,Posterior_Opercular,9.0,101.0,"1275, 1072",idx_L,50,50.0
8,51.0,-2.944429874420166,0,0.001,,0.0016177512942755152,0.005,0.01633025487410576,0,,"51, 231",OP2-3,Area_OP2-3-VS,Posterior_Opercular,9.0,102.0,"943, 792",idx_L,51,51.0
8,52.0,-0.9613097906112671,0,0.001,,0.16819821329904627,0.005,0.2889879999789876,0,,"52, 232",OP4,Area_OP4-PV,Posterior_Opercular,9.0,100.0,"2332, 2409",idx_L,52,52.0
8,53.0,2.387794256210327,0,0.001,,0.008474913876891433,0.005,0.0452738820265516,0,,"53, 233",52,Area_52,Early_Auditory,10.0,103.0,"725, 580",idx_L,53,53.0
8,54.0,-2.734419584274292,0,0.001,,0.0031245178704503427,0.005,0.02439527414236229,0,,"54, 234",A1,Primary_Auditory_Cortex,Early_Auditory,10.0,24.0,"1023, 796",idx_L,54,54.0
8,55.0,1.1410062313079834,0,0.001,,0.12693366495194647,0.005,0.25071781975090074,0,,"55, 235",LBelt,Lateral_Belt_Complex,Early_Auditory,10.0,174.0,"820, 901",idx_L,55,55.0
8,56.0,0.4041846692562103,0,0.001,,0.3430384632176833,0.005,0.42356544655513134,0,,"56, 236",MBelt,Medial_Belt_Complex,Early_Auditory,10.0,173.0,"1242, 1236",idx_L,56,56.0
8,57.0,2.491795539855957,0,0.001,,0.006354958922519695,0.005,0.03685876175061423,0,,"57, 237",PBelt,ParaBelt_Complex,Early_Auditory,10.0,124.0,"1719, 1439",idx_L,57,57.0
8,58.0,0.6161900162696838,0,0.001,,0.26888455844341763,0.005,0.37643838182078465,0,,"58, 238",PFcm,Area_PFcm,Early_Auditory,10.0,105.0,"1486, 1485",idx_L,58,58.0
8,59.0,0.5164126753807068,0,0.001,,0.3027831073836881,0.005,0.4017318352868541,0,,"59, 239",RI,RetroInsular_Cortex,Early_Auditory,10.0,104.0,"1149, 1334",idx_L,59,59.0
8,60.0,2.7158665657043457,0,0.001,,0.0033051276922871796,0.005,0.024602031286827402,0,,"60, 240",A4,Auditory_4_Complex,Auditory_Association,11.0,175.0,"3514, 3610",idx_L,60,60.0
8,61.0,2.713106155395508,0,0.001,,0.003332787489594845,0.005,0.024602031286827402,0,,"61, 241",A5,Auditory_5_Complex,Auditory_Association,11.0,125.0,"3346, 3881",idx_L,61,61.0
8,62.0,3.5635969638824463,1,0.001,+,0.00018290374014423528,0.005,0.00337540538629816,1,+,"62, 242",STGa,Area_STGa,Auditory_Association,11.0,123.0,"2509, 2187",idx_L,62,62.0
8,63.0,0.5746167302131653,0,0.001,,0.28277526735484804,0.005,0.385257579013652,0,,"63, 243",STSda,Area_STSd_anterior,Auditory_Association,11.0,128.0,"1944, 2389",idx_L,63,63.0
8,64.0,2.6621949672698975,0,0.001,,0.0038816448649939433,0.005,0.0267109799184329,0,,"64, 244",STSdp,Area_STSd_posterior,Auditory_Association,11.0,129.0,"1994, 2605",idx_L,64,64.0
8,65.0,1.3552970886230469,0,0.001,,0.08766146111083617,0.005,0.20221905233522433,0,,"65, 245",STSva,Area_STSv_anterior,Auditory_Association,11.0,176.0,"1694, 1900",idx_L,65,65.0
8,66.0,1.004095196723938,0,0.001,,0.15766636520894767,0.005,0.28194694427530287,0,,"66, 246",STSvp,Area_STSv_posterior,Auditory_Association,11.0,130.0,"2898, 2515",idx_L,66,66.0
8,67.0,4.033864974975586,1,0.001,+,2.743342666021183e-05,0.005,0.0011137971224046003,1,+,"67, 247",TA2,Area_TA2,Auditory_Association,11.0,107.0,"1518, 1726",idx_L,67,67.0
8,68.0,3.1174235343933105,1,0.001,+,0.000912196334375107,0.005,0.01028754754878593,0,,"68, 248",AAIC,Anterior_Agranular_Insula_Complex,Insula_FrontalOperc,12.0,112.0,"1859, 1691",idx_L,68,68.0
8,69.0,1.5641285181045532,0,0.001,,0.05889369495693285,0.005,0.15038264246864613,0,,"69, 249",AVI,Anterior_Ventral_Insular_Area,Insula_FrontalOperc,12.0,111.0,"1446, 1792",idx_L,69,69.0
8,70.0,-0.6078872680664062,0,0.001,,0.27163112220606717,0.005,0.37767888909473724,0,,"70, 250",FOP2,Frontal_Opercular_Area_2,Insula_FrontalOperc,12.0,115.0,"750, 720",idx_L,70,70.0
8,71.0,0.18700557947158813,0,0.001,,0.42582812916692026,0.005,0.4610299211780523,0,,"71, 251",FOP3,Frontal_Opercular_Area_3,Insula_FrontalOperc,12.0,114.0,"754, 614",idx_L,71,71.0
8,72.0,0.7465717196464539,0,0.001,,0.22766106226890415,0.005,0.34575434674359284,0,,"72, 252",FOP4,Frontal_Opercular_Area_4,Insula_FrontalOperc,12.0,108.0,"2522, 1678",idx_L,72,72.0
8,73.0,3.685934543609619,1,0.001,+,0.00011393245840878748,0.005,0.002569809895220429,1,+,"73, 253",FOP5,Area_Frontal_Opercular_5,Insula_FrontalOperc,12.0,169.0,"1297, 1365",idx_L,73,73.0
8,74.0,-1.926302194595337,0,0.001,,0.027033325784555768,0.005,0.09223134679436673,0,,"74, 254",Ig,Insular_Granular_Complex,Insula_FrontalOperc,12.0,168.0,"841, 1077",idx_L,74,74.0
8,75.0,1.6353368759155273,0,0.001,,0.050989223625563525,0.005,0.13270272302550506,0,,"75, 255",MI,Middle_Insular_Area,Insula_FrontalOperc,12.0,109.0,"2102, 1960",idx_L,75,75.0
8,76.0,3.7039480209350586,1,0.001,+,0.00010613488580037145,0.005,0.002569809895220429,1,+,"76, 256",PI,Para-Insular_Area,Insula_FrontalOperc,12.0,178.0,"1033, 1058",idx_L,76,76.0
8,77.0,2.5026960372924805,0,0.001,,0.006162567331859474,0.005,0.03626090343094125,0,,"77, 257",Pir,Pirform_Cortex,Insula_FrontalOperc,12.0,110.0,"2287, 1856",idx_L,77,77.0
8,78.0,-0.34777194261550903,0,0.001,,0.3640057312299367,0.005,0.43360828455306044,0,,"78, 258",PoI1,Area_Posterior_Insular_1,Insula_FrontalOperc,12.0,167.0,"1811, 1835",idx_L,78,78.0
8,79.0,-2.1702098846435547,0,0.001,,0.01499547480299182,0.005,0.06276456463932659,0,,"79, 259",PoI2,Posterior_Insular_Area_2,Insula_FrontalOperc,12.0,106.0,"2747, 2675",idx_L,79,79.0
8,80.0,0.7075040340423584,0,0.001,,0.2396266533342653,0.005,0.3550672308529625,0,,"80, 260",H,Hippocampus,Medial_Temporal,13.0,120.0,"4283, 3626",idx_L,80,80.0
8,81.0,0.021362703293561935,0,0.001,,0.49147816261564037,0.005,0.49397683381304397,0,,"81, 261",PreS,PreSubiculum,Medial_Temporal,13.0,119.0,"1817, 1558",idx_L,81,81.0
8,82.0,-2.185230255126953,0,0.001,,0.014435984113587067,0.005,0.061052182813711976,0,,"82, 262",EC,Entorhinal_Cortex,Medial_Temporal,13.0,118.0,"2127, 2110",idx_L,82,82.0
8,83.0,-0.8118694424629211,0,0.001,,0.20843327510234416,0.005,0.3292759131966993,0,,"83, 263",PeEc,Perirhinal_Ectorhinal_Cortex,Medial_Temporal,13.0,122.0,"4826, 4755",idx_L,83,83.0
8,84.0,-2.426142930984497,0,0.001,,0.007630129435158736,0.005,0.04293375610069056,0,,"84, 264",TF,Area_TF,Medial_Temporal,13.0,135.0,"3986, 4752",idx_L,84,84.0
8,85.0,-1.3234148025512695,0,0.001,,0.09284873591062887,0.005,0.21025302481185734,0,,"85, 265",PHA1,ParaHippocampal_Area_1,Medial_Temporal,13.0,126.0,"1281, 1168",idx_L,85,85.0
8,86.0,-5.322970867156982,1,0.001,-,5.1043049807211673e-08,0.005,6.907826073909314e-06,1,-,"86, 266",PHA2,ParaHippocampal_Area_2,Medial_Temporal,13.0,155.0,"783, 771",idx_L,86,86.0
8,87.0,-4.50333833694458,1,0.001,-,3.3447129038910107e-06,0.005,0.0002269395710527696,1,-,"87, 267",PHA3,ParaHippocampal_Area_3,Medial_Temporal,13.0,127.0,"2023, 1122",idx_L,87,87.0
8,88.0,-6.750214576721191,1,0.001,-,7.381333140775993e-12,0.005,2.9968212551550533e-09,1,-,"88, 268",PHT,Area_PHT,Lateral_Temporal,14.0,137.0,"4182, 3410",idx_L,88,88.0
8,89.0,1.3203094005584717,0,0.001,,0.09336586912615563,0.005,0.21025302481185734,0,,"89, 269",TE1a,Area_TE1_anterior,Lateral_Temporal,14.0,132.0,"5227, 4180",idx_L,89,89.0
8,90.0,2.281355857849121,0,0.001,,0.011263698932919071,0.005,0.053800726667825205,0,,"90, 270",TE1m,Area_TE1_Middle,Lateral_Temporal,14.0,177.0,"3339, 3429",idx_L,90,90.0
8,91.0,-2.6827285289764404,0,0.001,,0.003651212025865114,0.005,0.026006878640372565,0,,"91, 271",TE1p,Area_TE1_posterior,Lateral_Temporal,14.0,133.0,"7116, 6010",idx_L,91,91.0
8,92.0,-0.31159794330596924,0,0.001,,0.3776730487394697,0.005,0.4406185568627147,0,,"92, 272",TE2a,Area_TE2_anterior,Lateral_Temporal,14.0,134.0,"5691, 5753",idx_L,92,92.0
8,93.0,-1.5386995077133179,0,0.001,,0.06193883628928798,0.005,0.15628436891161818,0,,"93, 273",TE2p,Area_TE2_posterior,Lateral_Temporal,14.0,136.0,"4115, 3040",idx_L,93,93.0
8,94.0,1.3813234567642212,0,0.001,,0.08358976451564554,0.005,0.19499693007835273,0,,"94, 274",TGd,Area_TG_dorsal,Lateral_Temporal,14.0,131.0,"10,192, 10,269",idx_L,94,94.0
8,95.0,-0.7515465021133423,0,0.001,,0.22616191286559323,0.005,0.34560414318642885,0,,"95, 275",TGv,Area_TG_Ventral,Lateral_Temporal,14.0,172.0,"3694, 4515",idx_L,95,95.0
8,96.0,-0.004710787441581488,0,0.001,,0.49812067466641874,0.005,0.4986652466343078,0,,"96, 276",PSL,PeriSylvian_Language_Area,TPO,15.0,25.0,"2154, 2759",idx_L,96,96.0
8,97.0,-2.979085922241211,0,0.001,,0.0014455484765389384,0.005,0.015125159427725833,0,,"97, 277",STV,Superior_Temporal_Visual_Area,TPO,15.0,28.0,"2322, 2294",idx_L,97,97.0
8,98.0,-0.23003938794136047,0,0.001,,0.4090305815861808,0.005,0.4556876419667356,0,,"98, 278",TPOJ1,Area_TemporoParietoOccipital_Junction_1,TPO,15.0,139.0,"2102, 3938",idx_L,98,98.0
8,99.0,-4.292764186859131,1,0.001,-,8.823119616376896e-06,0.005,0.00044777332053112746,1,-,"99, 279",TPOJ2,Area_TemporoParietoOccipital_Junction_2,TPO,15.0,140.0,"1930, 2068",idx_L,99,99.0
8,100.0,-0.833204984664917,0,0.001,,0.20236456591244972,0.005,0.3250280977001729,0,,"100, 280",TPOJ3,Area_TemporoParietoOccipital_Junction_3,TPO,15.0,141.0,"1290, 1277",idx_L,100,100.0
8,101.0,-1.838523507118225,0,0.001,,0.03299265061618285,0.005,0.09996280709082268,0,,"101, 281",7AL,Lateral_Area_7A,Superior_Parietal,16.0,42.0,"2134, 2030",idx_L,101,101.0
8,102.0,-3.3899786472320557,1,0.001,-,0.0003494903392177091,0.005,0.005255299174903329,0,,"102, 282",7Am,Medial_Area_7A,Superior_Parietal,16.0,45.0,"2995, 2379",idx_L,102,102.0
8,103.0,-1.0702717304229736,0,0.001,,0.142248507614968,0.005,0.26492153253062845,0,,"103, 283",7PC,Area_7PC,Superior_Parietal,16.0,47.0,"3151, 3415",idx_L,103,103.0
8,104.0,-1.7225885391235352,0,0.001,,0.04248147950835152,0.005,0.11498320453593812,0,,"104, 284",7Pl,Lateral_Area_7P,Superior_Parietal,16.0,46.0,"1695, 1363",idx_L,104,104.0
8,105.0,-1.0109143257141113,0,0.001,,0.1560287184247865,0.005,0.28154515413539255,0,,"105, 285",7Pm,Medial_Area_7P,Superior_Parietal,16.0,29.0,"1601, 1308",idx_L,105,105.0
8,106.0,-1.822731375694275,0,0.001,,0.0341720428958108,0.005,0.10126897383722033,0,,"106, 286",AIP,Anterior_IntraParietal_Area,Superior_Parietal,16.0,117.0,"1999, 2542",idx_L,106,106.0
8,107.0,0.37031468749046326,0,0.001,,0.35557401573059844,0.005,0.4271096165284703,0,,"107, 287",LIPd,Area_Lateral_IntraParietal_dorsal,Superior_Parietal,16.0,95.0,"1008, 869",idx_L,107,107.0
8,108.0,0.3897593915462494,0,0.001,,0.34835723724353707,0.005,0.42356544655513134,0,,"108, 288",LIPv,Area_Lateral_IntraParietal_ventral,Superior_Parietal,16.0,48.0,"1681, 1783",idx_L,108,108.0
8,109.0,-0.09430430084466934,0,0.001,,0.46243371678167305,0.005,0.4826429023479673,0,,"109, 289",MIP,Medial_IntraParietal_Area,Superior_Parietal,16.0,50.0,"1872, 2403",idx_L,109,109.0
8,110.0,0.3226241171360016,0,0.001,,0.3734899634019534,0.005,0.4382570090785927,0,,"110, 290",VIP,Ventral_IntraParietal_Complex,Superior_Parietal,16.0,49.0,"1890, 1577",idx_L,110,110.0
8,111.0,0.24889953434467316,0,0.001,,0.4017192477521713,0.005,0.45143937147497765,0,,"111, 291",IP0,Area_IntraParietal_0,Inferior_Parietal,17.0,146.0,"1203, 1239",idx_L,111,111.0
8,112.0,0.5499027371406555,0,0.001,,0.29119304338041796,0.005,0.39356116575436634,0,,"112, 292",IP1,Area_IntraParietal_1,Inferior_Parietal,17.0,145.0,"1692, 1632",idx_L,112,112.0
8,113.0,-0.662693977355957,0,0.001,,0.2537632839008258,0.005,0.3667363792586057,0,,"113, 293",IP2,Area_IntraParietal_2,Inferior_Parietal,17.0,144.0,"2102, 1861",idx_L,113,113.0
8,114.0,-2.1416361331939697,0,0.001,,0.016111386866407593,0.005,0.06487553244886322,0,,"114, 294",PF,Area_PF_Complex,Inferior_Parietal,17.0,148.0,"5457, 5251",idx_L,114,114.0
8,115.0,-0.5096970796585083,0,0.001,,0.3051318496282778,0.005,0.40352941677225007,0,,"115, 295",PFm,Area_PFm_Complex,Inferior_Parietal,17.0,149.0,"8220, 8141",idx_L,115,115.0
8,116.0,0.33425745368003845,0,0.001,,0.3690926464207722,0.005,0.4366064927229684,0,,"116, 296",PFop,Area_PF_Opercular,Inferior_Parietal,17.0,147.0,"1797, 1783",idx_L,116,116.0
8,117.0,-1.3783320188522339,0,0.001,,0.0840504008958417,0.005,0.19499693007835273,0,,"117, 297",PFt,Area_PFt,Inferior_Parietal,17.0,116.0,"1983, 2039",idx_L,117,117.0
8,118.0,-1.9454692602157593,0,0.001,,0.025859262970907064,0.005,0.0889733963236294,0,,"118, 298",PGi,Area_PGi,Inferior_Parietal,17.0,150.0,"4791, 4970",idx_L,118,118.0
8,119.0,-1.649430274963379,0,0.001,,0.049529758311875685,0.005,0.12973601209433244,0,,"119, 299",PGp,Area_PGp,Inferior_Parietal,17.0,143.0,"2501, 3740",idx_L,119,119.0
8,120.0,-0.4228675067424774,0,0.001,,0.3361959655681581,0.005,0.42248310683953566,0,,"120, 300",PGs,Area_PGs,Inferior_Parietal,17.0,151.0,"4552, 3366",idx_L,120,120.0
8,121.0,-0.4586678147315979,0,0.001,,0.3232363649911307,0.005,0.4142949845972261,0,,"121, 301",23d,Area_23d,Posterior_Cingulate,18.0,32.0,"1261, 1513",idx_L,121,121.0
8,122.0,-0.585504949092865,0,0.001,,0.27910411991069306,0.005,0.38153627166242887,0,,"122, 302",31a,Area_31a,Posterior_Cingulate,18.0,162.0,"1260, 1116",idx_L,122,122.0
8,123.0,3.824039936065674,1,0.001,+,6.564131805412022e-05,0.005,0.0019035982235694865,1,+,"123, 303",31pd,Area_31pd,Posterior_Cingulate,18.0,161.0,"1428, 864",idx_L,123,123.0
8,124.0,2.8591787815093994,0,0.001,,0.0021236966704768624,0.005,0.01837433599918523,0,,"124, 304",31pv,Area_31p_ventral,Posterior_Cingulate,18.0,35.0,"950, 1022",idx_L,124,124.0
8,125.0,3.409120559692383,1,0.001,+,0.0003258633549560989,0.005,0.005088481619699083,0,,"125, 305",7 m,Area_7m,Posterior_Cingulate,18.0,30.0,"2128, 2067",idx_L,125,125.0
8,126.0,3.216991901397705,1,0.001,+,0.0006477112768231126,0.005,0.007754679539085219,0,,"126, 306",d23ab,Area_dorsal_23_a + b,Posterior_Cingulate,18.0,34.0,"1607, 1106",idx_L,126,126.0
8,127.0,0.06228068470954895,0,0.001,,0.4751696549904119,0.005,0.488402227661031,0,,"127, 307",DVT,Dorsal_Transitional_Visual_Area,Posterior_Cingulate,18.0,142.0,"1806, 2176",idx_L,127,127.0
8,128.0,0.08345155417919159,0,0.001,,0.4667462485626213,0.005,0.4846521148757654,0,,"128, 308",PCV,PreCuneus_Visual_Area,Posterior_Cingulate,18.0,27.0,"2245, 2416",idx_L,128,128.0
8,129.0,-1.055972695350647,0,0.001,,0.14549034484032147,0.005,0.2689551701175399,0,,"129, 309",POS1,Parieto-Occipital_Sulcus_Area_1,Posterior_Cingulate,18.0,31.0,"2531, 2727",idx_L,129,129.0
8,130.0,3.8450236320495605,1,0.001,+,6.027041052636312e-05,0.005,0.0019035982235694865,1,+,"130, 310",POS2,Parieto-Occipital_Sulcus_Area_2,Posterior_Cingulate,18.0,15.0,"3261, 3093",idx_L,130,130.0
8,131.0,0.19458994269371033,0,0.001,,0.4228569885610296,0.005,0.4602679285677695,0,,"131, 311",ProS,ProStriate_Area,Posterior_Cingulate,18.0,121.0,"1222, 1055",idx_L,131,131.0
8,132.0,3.6357173919677734,1,0.001,+,0.0001386040531260359,0.005,0.0028136622784585286,1,+,"132, 312",RSC,RetroSplenial_Complex,Posterior_Cingulate,18.0,14.0,"2830, 3067",idx_L,132,132.0
8,133.0,1.9485687017440796,0,0.001,,0.025673476436558495,0.005,0.0889733963236294,0,,"133, 313",v23ab,Area_ventral_23_a + b,Posterior_Cingulate,18.0,33.0,"916, 1089",idx_L,133,133.0
8,134.0,2.9310050010681152,0,0.001,,0.001689336711114389,0.005,0.01633025487410576,0,,"134, 314",10r,Area_10r,AntCing_MedPFC,19.0,65.0,"1589, 1053",idx_L,134,134.0
8,135.0,3.575714349746704,1,0.001,+,0.0001746364308434586,0.005,0.00337540538629816,1,+,"135, 315",10v,Area_10v,AntCing_MedPFC,19.0,88.0,"3906, 2667",idx_L,135,135.0
8,136.0,0.6688877940177917,0,0.001,,0.2517835284904674,0.005,0.36639466869938986,0,,"136, 316",25,Area_25,AntCing_MedPFC,19.0,164.0,"1911, 2135",idx_L,136,136.0
8,137.0,-1.7530052661895752,0,0.001,,0.039800551570999106,0.005,0.10992533291037848,0,,"137, 317",33pr,Area_33_prime,AntCing_MedPFC,19.0,58.0,"1354, 1316",idx_L,137,137.0
8,138.0,0.8554331064224243,0,0.001,,0.1961557111332793,0.005,0.32060267417907073,0,,"138, 318",8BM,Area_8BM,AntCing_MedPFC,19.0,63.0,"3122, 3436",idx_L,138,138.0
8,139.0,2.0842506885528564,0,0.001,,0.018568685111477905,0.005,0.0711215675024531,0,,"139, 319",9 m,Area_9_Middle,AntCing_MedPFC,19.0,69.0,"6338, 5881",idx_L,139,139.0
8,140.0,0.9200618863105774,0,0.001,,0.17877021002950855,0.005,0.30116475216589406,0,,"140, 320",a24,Area_a24,AntCing_MedPFC,19.0,61.0,"2085, 2152",idx_L,140,140.0
8,141.0,-0.057320743799209595,0,0.001,,0.4771448481781278,0.005,0.4888012723322884,0,,"141, 321",a24pr,Anterior_24_prime,AntCing_MedPFC,19.0,59.0,"1095, 1474",idx_L,141,141.0
8,142.0,0.724442720413208,0,0.001,,0.23439699032448563,0.005,0.35188120870774525,0,,"142, 322",a32pr,Area_anterior_32_prime,AntCing_MedPFC,19.0,179.0,"1759, 1118",idx_L,142,142.0
8,143.0,0.6807188987731934,0,0.001,,0.24802468784198428,0.005,0.36353076990557986,0,,"143, 323",d32,Area_dorsal_32,AntCing_MedPFC,19.0,62.0,"2228, 2374",idx_L,143,143.0
8,144.0,0.2536911070346832,0,0.001,,0.3998671024560473,0.005,0.4512813953695373,0,,"144, 324",p24,Area_posterior_24,AntCing_MedPFC,19.0,180.0,"2394, 2442",idx_L,144,144.0
8,145.0,-1.3090485334396362,0,0.001,,0.09525895559735703,0.005,0.2113395408334806,0,,"145, 325",p24pr,Area_Posterior_24_prime,AntCing_MedPFC,19.0,57.0,"1422, 1724",idx_L,145,145.0
8,146.0,1.1611955165863037,0,0.001,,0.1227811988148016,0.005,0.248662956275562,0,,"146, 326",p32,Area_p32,AntCing_MedPFC,19.0,64.0,"1180, 1765",idx_L,146,146.0
8,147.0,0.2468428909778595,0,0.001,,0.4025149075712855,0.005,0.45143937147497765,0,,"147, 327",p32pr,Area_p32_prime,AntCing_MedPFC,19.0,60.0,"1569, 1305",idx_L,147,147.0
8,148.0,0.03492511808872223,0,0.001,,0.4860697257448299,0.005,0.4921304455172093,0,,"148, 328",pOFC,Posterior_OFC_Complex,AntCing_MedPFC,19.0,166.0,"2486, 2836",idx_L,148,148.0
8,149.0,1.2010387182235718,0,0.001,,0.11486809132019943,0.005,0.24163961179275112,0,,"149, 329",s32,Area_s32,AntCing_MedPFC,19.0,165.0,"604, 1015",idx_L,149,149.0
8,150.0,2.3445284366607666,0,0.001,,0.009525578846949172,0.005,0.04834231264826705,0,,"150, 330",10d,Area_10d,OrbPolaFrontal,20.0,72.0,"3644, 3096",idx_L,150,150.0
8,151.0,-0.12216944247484207,0,0.001,,0.4513824132573258,0.005,0.4760032721622708,0,,"151, 331",10 pp,Polar_10p,OrbPolaFrontal,20.0,90.0,"1997, 2487",idx_L,151,151.0
8,152.0,-0.8408637046813965,0,0.001,,0.20021214684312533,0.005,0.3238491299534218,0,,"152, 332",11 l,Area_11l,OrbPolaFrontal,20.0,91.0,"3531, 3793",idx_L,152,152.0
8,153.0,1.0045772790908813,0,0.001,,0.15755022120753354,0.005,0.28194694427530287,0,,"153, 333",13 l,Area_13l,OrbPolaFrontal,20.0,92.0,"2429, 1757",idx_L,153,153.0
8,154.0,0.8190497756004333,0,0.001,,0.20637900759545258,0.005,0.3273042073584131,0,,"154, 334",47 m,Area_47m,OrbPolaFrontal,20.0,66.0,"799, 781",idx_L,154,154.0
8,155.0,3.5232954025268555,1,0.001,+,0.0002131080130951224,0.005,0.003528537296347189,1,+,"155, 335",47 s,Area_47s,OrbPolaFrontal,20.0,94.0,"2795, 3080",idx_L,155,155.0
8,156.0,-0.7200630903244019,0,0.001,,0.23574307578449927,0.005,0.35188120870774525,0,,"156, 336",a10p,Area_anterior_10p,OrbPolaFrontal,20.0,89.0,"1964, 1748",idx_L,156,156.0
8,157.0,1.390854001045227,0,0.001,,0.08213485196007397,0.005,0.19275577974445107,0,,"157, 337",OFC,Orbital_Frontal_Complex,OrbPolaFrontal,20.0,93.0,"4560, 5232",idx_L,157,157.0
8,158.0,0.3383946418762207,0,0.001,,0.367532905694246,0.005,0.43631099330954354,0,,"158, 338",p10p,Area_posterior_10p,OrbPolaFrontal,20.0,170.0,"2116, 2365",idx_L,158,158.0
8,159.0,0.9621171355247498,0,0.001,,0.16799538373279643,0.005,0.2889879999789876,0,,"159, 339",44,Area_44,Inferior_Frontal,21.0,74.0,"2435, 2589",idx_L,159,159.0
8,160.0,2.887268543243408,0,0.001,,0.00194301200930332,0.005,0.01789090619001457,0,,"160, 340",45,Area_45,Inferior_Frontal,21.0,75.0,"3762, 2962",idx_L,160,160.0
8,161.0,2.0375425815582275,0,0.001,,0.02079784966245462,0.005,0.07818450891626458,0,,"161, 341",47 l,Area_47l_(47_lateral),Inferior_Frontal,21.0,76.0,"2527, 2592",idx_L,161,161.0
8,162.0,-0.2167527675628662,0,0.001,,0.4142005114210352,0.005,0.456971216404729,0,,"162, 342",a47r,Area_anterior_47r,Inferior_Frontal,21.0,77.0,"4167, 3763",idx_L,162,162.0
8,163.0,2.7211997509002686,0,0.001,,0.0032522721957134937,0.005,0.024602031286827402,0,,"163, 343",IFJa,Area_IFJa,Inferior_Frontal,21.0,79.0,"1513, 1405",idx_L,163,163.0
8,164.0,0.7739619016647339,0,0.001,,0.21947666072108024,0.005,0.3401050543998419,0,,"164, 344",IFJp,Area_IFJp,Inferior_Frontal,21.0,80.0,"960, 740",idx_L,164,164.0
8,165.0,-1.303282380104065,0,0.001,,0.09623918714378121,0.005,0.2123538585889955,0,,"165, 345",IFSa,Area_IFSa,Inferior_Frontal,21.0,82.0,"2057, 2641",idx_L,165,165.0
8,166.0,2.0942888259887695,0,0.001,,0.01811712956256208,0.005,0.0707051209643965,0,,"166, 346",IFSp,Area_IFSp,Inferior_Frontal,21.0,81.0,"1589, 1730",idx_L,166,166.0
8,167.0,0.28140464425086975,0,0.001,,0.3892000281956751,0.005,0.44659193371697437,0,,"167, 347",p47r,Area_posterior_47r,Inferior_Frontal,21.0,171.0,"2133, 1761",idx_L,167,167.0
8,168.0,-2.64150333404541,0,0.001,,0.004126949739028752,0.005,0.027925693234094554,0,,"168, 348",46,Area_46,Dorsolateral_Prefrontal,22.0,84.0,"4863, 4394",idx_L,168,168.0
8,169.0,-2.004373788833618,0,0.001,,0.022515017453388787,0.005,0.08386327601904447,0,,"169, 349",8Ad,Area_8Ad,Dorsolateral_Prefrontal,22.0,68.0,"3386, 3492",idx_L,169,169.0
8,170.0,-1.827443242073059,0,0.001,,0.03381657634728579,0.005,0.10126897383722033,0,,"170, 350",8Av,Area_8Av,Dorsolateral_Prefrontal,22.0,67.0,"4807, 5902",idx_L,170,170.0
8,171.0,1.9001070261001587,0,0.001,,0.028709537925224633,0.005,0.0947318001221954,0,,"171, 351",8BL,Area_8B_Lateral,Dorsolateral_Prefrontal,22.0,70.0,"3377, 4078",idx_L,171,171.0
8,172.0,0.7446821928024292,0,0.001,,0.22823193331843072,0.005,0.34575434674359284,0,,"172, 352",8C,Area_8C,Dorsolateral_Prefrontal,22.0,73.0,"4085, 3134",idx_L,172,172.0
8,173.0,-1.0756440162658691,0,0.001,,0.1410432469817286,0.005,0.26492153253062845,0,,"173, 353",9-46d,Area_9-46d,Dorsolateral_Prefrontal,22.0,86.0,"4534, 4666",idx_L,173,173.0
8,174.0,0.9580724835395813,0,0.001,,0.16901310482344523,0.005,0.2889879999789876,0,,"174, 354",9a,Area_9_anterior,Dorsolateral_Prefrontal,22.0,87.0,"3706, 3048",idx_L,174,174.0
8,175.0,1.9096585512161255,0,0.001,,0.028088595503961318,0.005,0.09424768408767185,0,,"175, 355",9p,Area_9_Posterior,Dorsolateral_Prefrontal,22.0,71.0,"3426, 2488",idx_L,175,175.0
8,176.0,0.17522883415222168,0,0.001,,0.4304499142293542,0.005,0.46309841245932953,0,,"176, 356",a9-46v,Area_anterior_9-46v,Dorsolateral_Prefrontal,22.0,85.0,"3314, 2628",idx_L,176,176.0
8,177.0,-2.209958553314209,0,0.001,,0.01355401945120437,0.005,0.059814477143358406,0,,"177, 357",i6-8,Inferior_6-8_Transitional_Area,Dorsolateral_Prefrontal,22.0,97.0,"1764, 2418",idx_L,177,177.0
8,178.0,-0.7506545186042786,0,0.001,,0.2264303007083499,0.005,0.34560414318642885,0,,"178, 358",p9-46v,Area_posterior_9-46v,Dorsolateral_Prefrontal,22.0,83.0,"2871, 4635",idx_L,178,178.0
8,179.0,-0.41277459263801575,0,0.001,,0.33988588399901665,0.005,0.42248310683953566,0,,"179, 359",s6-8,Superior_6-8_Transitional_Area,Dorsolateral_Prefrontal,22.0,98.0,"1336, 2132",idx_L,179,179.0
8,180.0,1.6831440925598145,0,0.001,,0.04617360028562142,0.005,0.12333211655238352,0,,"180, 360",SFL,Superior_Frontal_Language_Area,Dorsolateral_Prefrontal,22.0,26.0,"3873, 3055",idx_L,180,180.0
8,181.0,0.051725298166275024,0,0.001,,0.47937378959818344,0.005,0.4890094436604585,0,,"1, 181",V1,Primary_Visual_Cortex,Primary_Visual,1.0,1.0,"13,812, 13,406",idx_R,181,181.0
8,182.0,0.41195356845855713,0,0.001,,0.3401867280225711,0.005,0.42248310683953566,0,,"2, 182",V2,Second_Visual_Area,Early_Visual,2.0,4.0,"9515, 9420",idx_R,182,182.0
8,183.0,1.417389154434204,0,0.001,,0.07818459091885342,0.005,0.1867231994885558,0,,"3, 183",V3,Third_Visual_Area,Early_Visual,2.0,5.0,"7106, 7481",idx_R,183,183.0
8,184.0,0.4579988718032837,0,0.001,,0.3234766259047307,0.005,0.4142949845972261,0,,"4, 184",V4,Fourth_Visual_Area,Early_Visual,2.0,6.0,"4782, 4537",idx_R,184,184.0
8,185.0,0.3936862647533417,0,0.001,,0.3469063416399196,0.005,0.42356544655513134,0,,"5, 185",IPS1,IntraParietal_Sulcus_Area_1,Dorsal_Stream_Visual,3.0,17.0,"1751, 1750",idx_R,185,185.0
8,186.0,0.9107431769371033,0,0.001,,0.18121535428871965,0.005,0.3040224538893396,0,,"6, 186",V3A,Area_V3A,Dorsal_Stream_Visual,3.0,13.0,"2191, 2212",idx_R,186,186.0
8,187.0,1.1580398082733154,0,0.001,,0.12342389576238855,0.005,0.248662956275562,0,,"7, 187",V3B,Area_V3B,Dorsal_Stream_Visual,3.0,19.0,"639, 731",idx_R,187,187.0
8,188.0,0.5027954578399658,0,0.001,,0.30755404371930883,0.005,0.40393138628455244,0,,"8, 188",V6,Sixth_Visual_Area,Dorsal_Stream_Visual,3.0,3.0,"1402, 1559",idx_R,188,188.0
8,189.0,0.3472859859466553,0,0.001,,0.36418823899653596,0.005,0.43360828455306044,0,,"9, 189",V6A,Area_V6A,Dorsal_Stream_Visual,3.0,152.0,"904, 734",idx_R,189,189.0
8,190.0,0.39494583010673523,0,0.001,,0.3464414330426992,0.005,0.42356544655513134,0,,"10, 190",V7,Seventh_Visual_Area,Dorsal_Stream_Visual,3.0,16.0,"1005, 1041",idx_R,190,190.0
8,191.0,0.2809015214443207,0,0.001,,0.3893929668369678,0.005,0.44659193371697437,0,,"11, 191",FFC,Fusiform_Face_Complex,Ventral_Stream_Visual,4.0,18.0,"3848, 4402",idx_R,191,191.0
8,192.0,0.32887765765190125,0,0.001,,0.3711240812014968,0.005,0.4367431216458194,0,,"12, 192",PIT,Posterior_InferoTemporal_complex,Ventral_Stream_Visual,4.0,22.0,"1392, 1386",idx_R,192,192.0
8,193.0,0.6625015139579773,0,0.001,,0.2538249324425325,0.005,0.3667363792586057,0,,"13, 193",V8,Eighth_Visual_Area,Ventral_Stream_Visual,4.0,7.0,"1361, 1175",idx_R,193,193.0
8,194.0,0.33203187584877014,0,0.001,,0.3699325948194609,0.005,0.4366064927229684,0,,"14, 194",VMV1,VentroMedial_Visual_Area_1,Ventral_Stream_Visual,4.0,153.0,"939, 1219",idx_R,194,194.0
8,195.0,0.8537355065345764,0,0.001,,0.19662577800637587,0.005,0.32060267417907073,0,,"15, 195",VMV2,VentroMedial_Visual_Area_2,Ventral_Stream_Visual,4.0,160.0,"639, 923",idx_R,195,195.0
8,196.0,0.517231822013855,0,0.001,,0.30249717026125655,0.005,0.4017318352868541,0,,"16, 196",VMV3,VentroMedial_Visual_Area_3,Ventral_Stream_Visual,4.0,154.0,"941, 1242",idx_R,196,196.0
8,197.0,0.8297407031059265,0,0.001,,0.2033427015168569,0.005,0.3250280977001729,0,,"17, 197",VVC,Ventral_Visual_Complex,Ventral_Stream_Visual,4.0,163.0,"2487, 2753",idx_R,197,197.0
8,198.0,-2.2279505729675293,0,0.001,,0.012941905598895338,0.005,0.059709246285812576,0,,"18, 198",FST,Area_FST,MT + _Complex,5.0,157.0,"1324, 1683",idx_R,198,198.0
8,199.0,2.2120487689971924,0,0.001,,0.01348164769489304,0.005,0.059814477143358406,0,,"19, 199",LO1,Area_Lateral_Occipital_1,MT + _Complex,5.0,20.0,"619, 909",idx_R,199,199.0
8,200.0,-0.7794256210327148,0,0.001,,0.2178645180680322,0.005,0.3389003614391612,0,,"20, 200",LO2,Area_Lateral_Occipital_2,MT + _Complex,5.0,21.0,"1179, 1062",idx_R,200,200.0
8,201.0,0.22360379993915558,0,0.001,,0.41153280330474096,0.005,0.4556876419667356,0,,"21, 201",LO3,Area_Lateral_Occipital_3,MT + _Complex,5.0,159.0,"438, 915",idx_R,201,201.0
8,202.0,-2.353224992752075,0,0.001,,0.009305684505277183,0.005,0.047824150748639695,0,,"22, 202",MST,Medial_Superior_Temporal_Area,MT + _Complex,5.0,2.0,"794, 1036",idx_R,202,202.0
8,203.0,-2.8196470737457275,0,0.001,,0.0024038246909238287,0.005,0.02033235051073072,0,,"23, 203",MT,Middle_Temporal_Area,MT + _Complex,5.0,23.0,"620, 1005",idx_R,203,203.0
8,204.0,-0.8577014803886414,0,0.001,,0.19552866119427564,0.005,0.32060267417907073,0,,"24, 204",PH,Area_PH,MT + _Complex,5.0,138.0,"3453, 3205",idx_R,204,204.0
8,205.0,1.5372936725616455,0,0.001,,0.06211070513186546,0.005,0.15628436891161818,0,,"25, 205",V3CD,Area_V3CD,MT + _Complex,5.0,158.0,"876, 1222",idx_R,205,205.0
8,206.0,-1.8102715015411377,0,0.001,,0.035126847098857654,0.005,0.10260071886428926,0,,"26, 206",V4t,Area_V4t,MT + _Complex,5.0,156.0,"1037, 1249",idx_R,206,206.0
8,207.0,-1.6595855951309204,0,0.001,,0.04849892408694184,0.005,0.12869649136796332,0,,"27, 207",1,Area_1,SomaSens_Motor,6.0,51.0,"6590, 5925",idx_R,207,207.0
8,208.0,-1.8239843845367432,0,0.001,,0.03407721651479672,0.005,0.10126897383722033,0,,"28, 208",2,Area_2,SomaSens_Motor,6.0,52.0,"4278, 4727",idx_R,208,208.0
8,209.0,-2.8808562755584717,0,0.001,,0.001982982213178955,0.005,0.01789090619001457,0,,"29, 209",3a,Area_3a,SomaSens_Motor,6.0,53.0,"2247, 2286",idx_R,209,209.0
8,210.0,-2.2869632244110107,0,0.001,,0.01109898486366075,0.005,0.05364509350769362,0,,"30, 210",3b,Primary_Sensory_Cortex,SomaSens_Motor,6.0,9.0,"5451, 4350",idx_R,210,210.0
8,211.0,-1.8699079751968384,0,0.001,,0.03074829906609657,0.005,0.09685691320266591,0,,"31, 211",4,Primary_Motor_Cortex,SomaSens_Motor,6.0,8.0,"10,776, 10,254",idx_R,211,211.0
8,212.0,-4.502762794494629,1,0.001,-,3.353786764326644e-06,0.005,0.0002269395710527696,1,-,"32, 212",23c,Area_23c,ParaCentral_MidCing,7.0,38.0,"2259, 2498",idx_R,212,212.0
8,213.0,-2.4219086170196533,0,0.001,,0.007719616244705445,0.005,0.04293375610069056,0,,"33, 213",24dd,Dorsal_Area_24d,ParaCentral_MidCing,7.0,40.0,"2665, 2820",idx_R,213,213.0
8,214.0,-0.830852210521698,0,0.001,,0.20302856182894424,0.005,0.3250280977001729,0,,"34, 214",24dv,Ventral_Area_24d,ParaCentral_MidCing,7.0,41.0,"1076, 1349",idx_R,214,214.0
8,215.0,-1.2285161018371582,0,0.001,,0.10962664432545832,0.005,0.23549427299542902,0,,"35, 215",5L,Area_5L,ParaCentral_MidCing,7.0,39.0,"2249, 2327",idx_R,215,215.0
8,216.0,-2.5060880184173584,0,0.001,,0.006103761342364863,0.005,0.03626090343094125,0,,"36, 216",5 m,Area_5m,ParaCentral_MidCing,7.0,36.0,"1483, 2079",idx_R,216,216.0
8,217.0,-3.2808642387390137,1,0.001,-,0.0005174477221779478,0.005,0.006776895974330543,0,,"37, 217",5mv,Area_5m_ventral,ParaCentral_MidCing,7.0,37.0,"1651, 1996",idx_R,217,217.0
8,218.0,-3.317056179046631,1,0.001,-,0.0004548566114580656,0.005,0.006367992560412919,0,,"38, 218",6ma,Area_6m_anterior,ParaCentral_MidCing,7.0,44.0,"3941, 4251",idx_R,218,218.0
8,219.0,-1.8035905361175537,0,0.001,,0.035647760393258836,0.005,0.1026453242529297,0,,"39, 219",6mp,Area_6mp,ParaCentral_MidCing,7.0,55.0,"3701, 3105",idx_R,219,219.0
8,220.0,2.197892189025879,0,0.001,,0.01397839483212639,0.005,0.06094708913379379,0,,"40, 220",SCEF,Supplementary_and_Cingulate_Eye_Field,ParaCentral_MidCing,7.0,43.0,"3500, 3371",idx_R,220,220.0
8,221.0,1.7606749534606934,0,0.001,,0.03914671716631487,0.005,0.10886004910632766,0,,"41, 221",55b,Area_55b,Premotor,8.0,12.0,"2422, 1537",idx_R,221,221.0
8,222.0,-2.0929713249206543,0,0.001,,0.01817585719500753,0.005,0.0707051209643965,0,,"42, 222",6a,Area_6_anterior,Premotor,8.0,96.0,"4233, 3752",idx_R,222,222.0
8,223.0,-1.8068419694900513,0,0.001,,0.0353934613734699,0.005,0.10264103798306272,0,,"43, 223",6d,Dorsal_area_6,Premotor,8.0,54.0,"2916, 2909",idx_R,223,223.0
8,224.0,2.9322423934936523,0,0.001,,0.0016826198915601957,0.005,0.01633025487410576,0,,"44, 224",6r,Rostral_Area_6,Premotor,8.0,78.0,"3029, 3981",idx_R,224,224.0
8,225.0,-0.8859034776687622,0,0.001,,0.18783477098959256,0.005,0.3112690490684677,0,,"45, 225",6v,Ventral_Area_6,Premotor,8.0,56.0,"2075, 2516",idx_R,225,225.0
8,226.0,1.0963470935821533,0,0.001,,0.13646345375826402,0.005,0.2595911433259721,0,,"46, 226",FEF,Frontal_Eye_Fields,Premotor,8.0,10.0,"1787, 1889",idx_R,226,226.0
8,227.0,1.2222154140472412,0,0.001,,0.11081308818106411,0.005,0.2365969349240523,0,,"47, 227",PEF,Premotor_Eye_Field,Premotor,8.0,11.0,"1006, 1258",idx_R,227,227.0
8,228.0,-0.6743832230567932,0,0.001,,0.25003385304533776,0.005,0.3651573537280832,0,,"48, 228",43,Area_43,Posterior_Opercular,9.0,99.0,"1889, 1678",idx_R,228,228.0
8,229.0,0.6234984397888184,0,0.001,,0.26647851360742003,0.005,0.37566068237712685,0,,"49, 229",FOP1,Frontal_Opercular_Area_1,Posterior_Opercular,9.0,113.0,"879, 932",idx_R,229,229.0
8,230.0,-1.1337556838989258,0,0.001,,0.12844852242801608,0.005,0.25172330730907455,0,,"50, 230",OP1,Area_OP1-SII,Posterior_Opercular,9.0,101.0,"1275, 1072",idx_R,230,230.0
8,231.0,-0.48034852743148804,0,0.001,,0.31548979404406796,0.005,0.40922957310508495,0,,"51, 231",OP2-3,Area_OP2-3-VS,Posterior_Opercular,9.0,102.0,"943, 792",idx_R,231,231.0
8,232.0,0.15020450949668884,0,0.001,,0.4403016340982958,0.005,0.469192817438079,0,,"52, 232",OP4,Area_OP4-PV,Posterior_Opercular,9.0,100.0,"2332, 2409",idx_R,232,232.0
8,233.0,0.26950541138648987,0,0.001,,0.3937703892699647,0.005,0.44907521922361143,0,,"53, 233",52,Area_52,Early_Auditory,10.0,103.0,"725, 580",idx_R,233,233.0
8,234.0,0.43352991342544556,0,0.001,,0.33231491961983534,0.005,0.42100547375362635,0,,"54, 234",A1,Primary_Auditory_Cortex,Early_Auditory,10.0,24.0,"1023, 796",idx_R,234,234.0
8,235.0,2.287614345550537,0,0.001,,0.011079994868771075,0.005,0.05364509350769362,0,,"55, 235",LBelt,Lateral_Belt_Complex,Early_Auditory,10.0,174.0,"820, 901",idx_R,235,235.0
8,236.0,0.366597056388855,0,0.001,,0.35695980212060274,0.005,0.42750937953086937,0,,"56, 236",MBelt,Medial_Belt_Complex,Early_Auditory,10.0,173.0,"1242, 1236",idx_R,236,236.0
8,237.0,2.8111484050750732,0,0.001,,0.002468250537653808,0.005,0.020451218740560127,0,,"57, 237",PBelt,ParaBelt_Complex,Early_Auditory,10.0,124.0,"1719, 1439",idx_R,237,237.0
8,238.0,-0.4545890986919403,0,0.001,,0.3247024394419043,0.005,0.41455720255790296,0,,"58, 238",PFcm,Area_PFcm,Early_Auditory,10.0,105.0,"1486, 1485",idx_R,238,238.0
8,239.0,2.2165322303771973,0,0.001,,0.013327536531242095,0.005,0.059814477143358406,0,,"59, 239",RI,RetroInsular_Cortex,Early_Auditory,10.0,104.0,"1149, 1334",idx_R,239,239.0
8,240.0,3.694859027862549,1,0.001,+,0.00011000440909871191,0.005,0.002569809895220429,1,+,"60, 240",A4,Auditory_4_Complex,Auditory_Association,11.0,175.0,"3514, 3610",idx_R,240,240.0
8,241.0,3.715412139892578,1,0.001,+,0.00010143637528817229,0.005,0.002569809895220429,1,+,"61, 241",A5,Auditory_5_Complex,Auditory_Association,11.0,125.0,"3346, 3881",idx_R,241,241.0
8,242.0,3.1729342937469482,1,0.001,+,0.0007545333637471701,0.005,0.008752587019467174,0,,"62, 242",STGa,Area_STGa,Auditory_Association,11.0,123.0,"2509, 2187",idx_R,242,242.0
8,243.0,0.48044419288635254,0,0.001,,0.3154557883359902,0.005,0.40922957310508495,0,,"63, 243",STSda,Area_STSd_anterior,Auditory_Association,11.0,128.0,"1944, 2389",idx_R,243,243.0
8,244.0,3.53924298286438,1,0.001,+,0.00020063815543348414,0.005,0.003528537296347189,1,+,"64, 244",STSdp,Area_STSd_posterior,Auditory_Association,11.0,129.0,"1994, 2605",idx_R,244,244.0
8,245.0,-0.6194834113121033,0,0.001,,0.2677989734073616,0.005,0.3762158588352554,0,,"65, 245",STSva,Area_STSv_anterior,Auditory_Association,11.0,176.0,"1694, 1900",idx_R,245,245.0
8,246.0,0.2572150230407715,0,0.001,,0.39850639368130153,0.005,0.4512813953695373,0,,"66, 246",STSvp,Area_STSv_posterior,Auditory_Association,11.0,130.0,"2898, 2515",idx_R,246,246.0
8,247.0,4.75108528137207,1,0.001,+,1.011638858260911e-06,0.005,0.00010268134411348248,1,+,"67, 247",TA2,Area_TA2,Auditory_Association,11.0,107.0,"1518, 1726",idx_R,247,247.0
8,248.0,1.9483355283737183,0,0.001,,0.025687414324824347,0.005,0.0889733963236294,0,,"68, 248",AAIC,Anterior_Agranular_Insula_Complex,Insula_FrontalOperc,12.0,112.0,"1859, 1691",idx_R,248,248.0
8,249.0,1.5298607349395752,0,0.001,,0.06302560213268134,0.005,0.15647049375475194,0,,"69, 249",AVI,Anterior_Ventral_Insular_Area,Insula_FrontalOperc,12.0,111.0,"1446, 1792",idx_R,249,249.0
8,250.0,-1.9167624711990356,0,0.001,,0.027634057352509317,0.005,0.09349522737598985,0,,"70, 250",FOP2,Frontal_Opercular_Area_2,Insula_FrontalOperc,12.0,115.0,"750, 720",idx_R,250,250.0
8,251.0,0.46400806307792664,0,0.001,,0.32132098440344314,0.005,0.41414704656443785,0,,"71, 251",FOP3,Frontal_Opercular_Area_3,Insula_FrontalOperc,12.0,114.0,"754, 614",idx_R,251,251.0
8,252.0,0.9050324559211731,0,0.001,,0.18272409656264144,0.005,0.3052921119523968,0,,"72, 252",FOP4,Frontal_Opercular_Area_4,Insula_FrontalOperc,12.0,108.0,"2522, 1678",idx_R,252,252.0
8,253.0,1.9692273139953613,0,0.001,,0.024463496828298743,0.005,0.08712438344113412,0,,"73, 253",FOP5,Area_Frontal_Opercular_5,Insula_FrontalOperc,12.0,169.0,"1297, 1365",idx_R,253,253.0
8,254.0,-2.338994264602661,0,0.001,,0.009667865161612013,0.005,0.04845868216807997,0,,"74, 254",Ig,Insular_Granular_Complex,Insula_FrontalOperc,12.0,168.0,"841, 1077",idx_R,254,254.0
8,255.0,2.159731149673462,0,0.001,,0.015396744156870418,0.005,0.0637865115070346,0,,"75, 255",MI,Middle_Insular_Area,Insula_FrontalOperc,12.0,109.0,"2102, 1960",idx_R,255,255.0
8,256.0,0.5929287672042847,0,0.001,,0.2766144124701681,0.005,0.38153627166242887,0,,"76, 256",PI,Para-Insular_Area,Insula_FrontalOperc,12.0,178.0,"1033, 1058",idx_R,256,256.0
8,257.0,0.7143204212188721,0,0.001,,0.23751453371205888,0.005,0.35322674244357477,0,,"77, 257",Pir,Pirform_Cortex,Insula_FrontalOperc,12.0,110.0,"2287, 1856",idx_R,257,257.0
8,258.0,-0.2529563009738922,0,0.001,,0.40015099096806267,0.005,0.4512813953695373,0,,"78, 258",PoI1,Area_Posterior_Insular_1,Insula_FrontalOperc,12.0,167.0,"1811, 1835",idx_R,258,258.0
8,259.0,-1.6223326921463013,0,0.001,,0.05236606617769883,0.005,0.1345609042287704,0,,"79, 259",PoI2,Posterior_Insular_Area_2,Insula_FrontalOperc,12.0,106.0,"2747, 2675",idx_R,259,259.0
8,260.0,0.22482845187187195,0,0.001,,0.41105636562932324,0.005,0.4556876419667356,0,,"80, 260",H,Hippocampus,Medial_Temporal,13.0,120.0,"4283, 3626",idx_R,260,260.0
8,261.0,2.688616991043091,0,0.001,,0.003587434460456318,0.005,0.026006878640372565,0,,"81, 261",PreS,PreSubiculum,Medial_Temporal,13.0,119.0,"1817, 1558",idx_R,261,261.0
8,262.0,0.6082615256309509,0,0.001,,0.2715070171463456,0.005,0.37767888909473724,0,,"82, 262",EC,Entorhinal_Cortex,Medial_Temporal,13.0,118.0,"2127, 2110",idx_R,262,262.0
8,263.0,-1.5058995485305786,0,0.001,,0.06604648124307626,0.005,0.16251437202841792,0,,"83, 263",PeEc,Perirhinal_Ectorhinal_Cortex,Medial_Temporal,13.0,122.0,"4826, 4755",idx_R,263,263.0
8,264.0,-2.5845186710357666,0,0.001,,0.004875751226746388,0.005,0.03197568831459355,0,,"84, 264",TF,Area_TF,Medial_Temporal,13.0,135.0,"3986, 4752",idx_R,264,264.0
8,265.0,-0.9589425921440125,0,0.001,,0.168793833221988,0.005,0.2889879999789876,0,,"85, 265",PHA1,ParaHippocampal_Area_1,Medial_Temporal,13.0,126.0,"1281, 1168",idx_R,265,265.0
8,266.0,-1.206972599029541,0,0.001,,0.1137213483222344,0.005,0.24047326780639153,0,,"86, 266",PHA2,ParaHippocampal_Area_2,Medial_Temporal,13.0,155.0,"783, 771",idx_R,266,266.0
8,267.0,-3.2688820362091064,1,0.001,-,0.0005398665316161835,0.005,0.006849556619880329,0,,"87, 267",PHA3,ParaHippocampal_Area_3,Medial_Temporal,13.0,127.0,"2023, 1122",idx_R,267,267.0
8,268.0,-3.328514814376831,1,0.001,-,0.0004365518068638044,0.005,0.006330001199525164,0,,"88, 268",PHT,Area_PHT,Lateral_Temporal,14.0,137.0,"4182, 3410",idx_R,268,268.0
8,269.0,-0.0698070153594017,0,0.001,,0.472173631676391,0.005,0.4865545544685654,0,,"89, 269",TE1a,Area_TE1_anterior,Lateral_Temporal,14.0,132.0,"5227, 4180",idx_R,269,269.0
8,270.0,-0.09643017500638962,0,0.001,,0.46158946379902377,0.005,0.4826429023479673,0,,"90, 270",TE1m,Area_TE1_Middle,Lateral_Temporal,14.0,177.0,"3339, 3429",idx_R,270,270.0
8,271.0,-0.13702745735645294,0,0.001,,0.4455045459918,0.005,0.4722580826962684,0,,"91, 271",TE1p,Area_TE1_posterior,Lateral_Temporal,14.0,133.0,"7116, 6010",idx_R,271,271.0
8,272.0,-0.31889209151268005,0,0.001,,0.37490417077566796,0.005,0.43864868396230894,0,,"92, 272",TE2a,Area_TE2_anterior,Lateral_Temporal,14.0,134.0,"5691, 5753",idx_R,272,272.0
8,273.0,-1.8810890913009644,0,0.001,,0.029979900335814675,0.005,0.09685691320266591,0,,"93, 273",TE2p,Area_TE2_posterior,Lateral_Temporal,14.0,136.0,"4115, 3040",idx_R,273,273.0
8,274.0,0.055259719491004944,0,0.001,,0.47796577614758246,0.005,0.4888012723322884,0,,"94, 274",TGd,Area_TG_dorsal,Lateral_Temporal,14.0,131.0,"10,192, 10,269",idx_R,274,274.0
8,275.0,0.27751317620277405,0,0.001,,0.39069304492031903,0.005,0.44682077813422405,0,,"95, 275",TGv,Area_TG_Ventral,Lateral_Temporal,14.0,172.0,"3694, 4515",idx_R,275,275.0
8,276.0,-1.0726181268692017,0,0.001,,0.14172124413463494,0.005,0.26492153253062845,0,,"96, 276",PSL,PeriSylvian_Language_Area,TPO,15.0,25.0,"2154, 2759",idx_R,276,276.0
8,277.0,-4.223757266998291,1,0.001,-,1.2013140879499672e-05,0.005,0.0005419261330085408,1,-,"97, 277",STV,Superior_Temporal_Visual_Area,TPO,15.0,28.0,"2322, 2294",idx_R,277,277.0
8,278.0,-1.318092942237854,0,0.001,,0.09373626842243848,0.005,0.21025302481185734,0,,"98, 278",TPOJ1,Area_TemporoParietoOccipital_Junction_1,TPO,15.0,139.0,"2102, 3938",idx_R,278,278.0
8,279.0,-3.2162418365478516,1,0.001,-,0.0006494066609086143,0.005,0.007754679539085219,0,,"99, 279",TPOJ2,Area_TemporoParietoOccipital_Junction_2,TPO,15.0,140.0,"1930, 2068",idx_R,279,279.0
8,280.0,-5.518101215362549,1,0.001,-,1.7134102809242863e-08,0.005,3.478222870276301e-06,1,-,"100, 280",TPOJ3,Area_TemporoParietoOccipital_Junction_3,TPO,15.0,141.0,"1290, 1277",idx_R,280,280.0
8,281.0,0.6524708271026611,0,0.001,,0.25704874323038385,0.005,0.37007726862246754,0,,"101, 281",7AL,Lateral_Area_7A,Superior_Parietal,16.0,42.0,"2134, 2030",idx_R,281,281.0
8,282.0,-2.072895050048828,0,0.001,,0.019091023903807562,0.005,0.0724388383639801,0,,"102, 282",7Am,Medial_Area_7A,Superior_Parietal,16.0,45.0,"2995, 2379",idx_R,282,282.0
8,283.0,-1.0013254880905151,0,0.001,,0.15833473717923413,0.005,0.28194694427530287,0,,"103, 283",7PC,Area_7PC,Superior_Parietal,16.0,47.0,"3151, 3415",idx_R,283,283.0
8,284.0,-0.1705184131860733,0,0.001,,0.4323012273943002,0.005,0.46309841245932953,0,,"104, 284",7Pl,Lateral_Area_7P,Superior_Parietal,16.0,46.0,"1695, 1363",idx_R,284,284.0
8,285.0,-0.9858579039573669,0,0.001,,0.16210142328529342,0.005,0.2861442515383875,0,,"105, 285",7Pm,Medial_Area_7P,Superior_Parietal,16.0,29.0,"1601, 1308",idx_R,285,285.0
8,286.0,-0.0887407511472702,0,0.001,,0.46464397277043046,0.005,0.4837062896020379,0,,"106, 286",AIP,Anterior_IntraParietal_Area,Superior_Parietal,16.0,117.0,"1999, 2542",idx_R,286,286.0
8,287.0,1.9852409362792969,0,0.001,,0.023558835914936817,0.005,0.08558930780954571,0,,"107, 287",LIPd,Area_Lateral_IntraParietal_dorsal,Superior_Parietal,16.0,95.0,"1008, 869",idx_R,287,287.0
8,288.0,1.9843064546585083,0,0.001,,0.023610843533667783,0.005,0.08558930780954571,0,,"108, 288",LIPv,Area_Lateral_IntraParietal_ventral,Superior_Parietal,16.0,48.0,"1681, 1783",idx_R,288,288.0
8,289.0,0.5067806243896484,0,0.001,,0.3061543763766901,0.005,0.40356713249654597,0,,"109, 289",MIP,Medial_IntraParietal_Area,Superior_Parietal,16.0,50.0,"1872, 2403",idx_R,289,289.0
8,290.0,1.104883074760437,0,0.001,,0.13460512858850948,0.005,0.25900323320822205,0,,"110, 290",VIP,Ventral_IntraParietal_Complex,Superior_Parietal,16.0,49.0,"1890, 1577",idx_R,290,290.0
8,291.0,1.1313129663467407,0,0.001,,0.1289616943849446,0.005,0.25172330730907455,0,,"111, 291",IP0,Area_IntraParietal_0,Inferior_Parietal,17.0,146.0,"1203, 1239",idx_R,291,291.0
8,292.0,1.3150213956832886,0,0.001,,0.09425135595014295,0.005,0.21025302481185734,0,,"112, 292",IP1,Area_IntraParietal_1,Inferior_Parietal,17.0,145.0,"1692, 1632",idx_R,292,292.0
8,293.0,1.051247239112854,0,0.001,,0.14657252611412008,0.005,0.26926898462594007,0,,"113, 293",IP2,Area_IntraParietal_2,Inferior_Parietal,17.0,144.0,"2102, 1861",idx_R,293,293.0
8,294.0,-0.9565122127532959,0,0.001,,0.16940675860837207,0.005,0.2889879999789876,0,,"114, 294",PF,Area_PF_Complex,Inferior_Parietal,17.0,148.0,"5457, 5251",idx_R,294,294.0
8,295.0,-0.846037745475769,0,0.001,,0.19876584398060693,0.005,0.3227957306245057,0,,"115, 295",PFm,Area_PFm_Complex,Inferior_Parietal,17.0,149.0,"8220, 8141",idx_R,295,295.0
8,296.0,0.2045556753873825,0,0.001,,0.41895964447299167,0.005,0.45780617210020885,0,,"116, 296",PFop,Area_PF_Opercular,Inferior_Parietal,17.0,147.0,"1797, 1783",idx_R,296,296.0
8,297.0,-1.2987303733825684,0,0.001,,0.09701823830640305,0.005,0.21291570136432234,0,,"117, 297",PFt,Area_PFt,Inferior_Parietal,17.0,116.0,"1983, 2039",idx_R,297,297.0
8,298.0,-1.8435678482055664,0,0.001,,0.03262307264961998,0.005,0.09958622177252414,0,,"118, 298",PGi,Area_PGi,Inferior_Parietal,17.0,150.0,"4791, 4970",idx_R,298,298.0
8,299.0,-2.8842413425445557,0,0.001,,0.0019617896545404993,0.005,0.01789090619001457,0,,"119, 299",PGp,Area_PGp,Inferior_Parietal,17.0,143.0,"2501, 3740",idx_R,299,299.0
8,300.0,-1.1859440803527832,0,0.001,,0.11782219183080161,0.005,0.24657633960466732,0,,"120, 300",PGs,Area_PGs,Inferior_Parietal,17.0,151.0,"4552, 3366",idx_R,300,300.0
8,301.0,-0.4320186376571655,0,0.001,,0.33286393368205436,0.005,0.42100547375362635,0,,"121, 301",23d,Area_23d,Posterior_Cingulate,18.0,32.0,"1261, 1513",idx_R,301,301.0
8,302.0,0.10806319862604141,0,0.001,,0.4569727801988224,0.005,0.4806501263231137,0,,"122, 302",31a,Area_31a,Posterior_Cingulate,18.0,162.0,"1260, 1116",idx_R,302,302.0
8,303.0,2.276885509490967,0,0.001,,0.011396531711201082,0.005,0.05380223110171674,0,,"123, 303",31pd,Area_31pd,Posterior_Cingulate,18.0,161.0,"1428, 864",idx_R,303,303.0
8,304.0,2.3935208320617676,0,0.001,,0.008343766827056877,0.005,0.04516759109046789,0,,"124, 304",31pv,Area_31p_ventral,Posterior_Cingulate,18.0,35.0,"950, 1022",idx_R,304,304.0
8,305.0,2.5840072631835938,0,0.001,,0.004882986885479802,0.005,0.03197568831459355,0,,"125, 305",7 m,Area_7m,Posterior_Cingulate,18.0,30.0,"2128, 2067",idx_R,305,305.0
8,306.0,2.8586740493774414,0,0.001,,0.0021270783053243987,0.005,0.01837433599918523,0,,"126, 306",d23ab,Area_dorsal_23_a + b,Posterior_Cingulate,18.0,34.0,"1607, 1106",idx_R,306,306.0
8,307.0,0.28354355692863464,0,0.001,,0.3883800986906998,0.005,0.44659193371697437,0,,"127, 307",DVT,Dorsal_Transitional_Visual_Area,Posterior_Cingulate,18.0,142.0,"1806, 2176",idx_R,307,307.0
8,308.0,-2.5718634128570557,0,0.001,,0.0050576395153269955,0.005,0.032084400675355625,0,,"128, 308",PCV,PreCuneus_Visual_Area,Posterior_Cingulate,18.0,27.0,"2245, 2416",idx_R,308,308.0
8,309.0,-1.7872313261032104,0,0.001,,0.03695005409679185,0.005,0.10490714659648595,0,,"129, 309",POS1,Parieto-Occipital_Sulcus_Area_1,Posterior_Cingulate,18.0,31.0,"2531, 2727",idx_R,309,309.0
8,310.0,3.669966220855713,1,0.001,+,0.00012129126124545166,0.005,0.002591802740297546,1,+,"130, 310",POS2,Parieto-Occipital_Sulcus_Area_2,Posterior_Cingulate,18.0,15.0,"3261, 3093",idx_R,310,310.0
8,311.0,1.1153061389923096,0,0.001,,0.13235962779816673,0.005,0.25711965974189327,0,,"131, 311",ProS,ProStriate_Area,Posterior_Cingulate,18.0,121.0,"1222, 1055",idx_R,311,311.0
8,312.0,2.5446033477783203,0,0.001,,0.005470096618639607,0.005,0.03416706503334893,0,,"132, 312",RSC,RetroSplenial_Complex,Posterior_Cingulate,18.0,14.0,"2830, 3067",idx_R,312,312.0
8,313.0,3.518160820007324,1,0.001,+,0.0002172744640607875,0.005,0.003528537296347189,1,+,"133, 313",v23ab,Area_ventral_23_a + b,Posterior_Cingulate,18.0,33.0,"916, 1089",idx_R,313,313.0
8,314.0,3.2972960472106934,1,0.001,+,0.0004881027243370648,0.005,0.00660565686936161,0,,"134, 314",10r,Area_10r,AntCing_MedPFC,19.0,65.0,"1589, 1053",idx_R,314,314.0
8,315.0,3.825221538543701,1,0.001,+,6.532727056032582e-05,0.005,0.0019035982235694865,1,+,"135, 315",10v,Area_10v,AntCing_MedPFC,19.0,88.0,"3906, 2667",idx_R,315,315.0
8,316.0,1.413817286491394,0,0.001,,0.07870777832697179,0.005,0.18687343860088038,0,,"136, 316",25,Area_25,AntCing_MedPFC,19.0,164.0,"1911, 2135",idx_R,316,316.0
8,317.0,0.1719478964805603,0,0.001,,0.43173924567978017,0.005,0.46309841245932953,0,,"137, 317",33pr,Area_33_prime,AntCing_MedPFC,19.0,58.0,"1354, 1316",idx_R,317,317.0
8,318.0,-0.5172277092933655,0,0.001,,0.30249860557416586,0.005,0.4017318352868541,0,,"138, 318",8BM,Area_8BM,AntCing_MedPFC,19.0,63.0,"3122, 3436",idx_R,318,318.0
8,319.0,1.7711594104766846,0,0.001,,0.03826709841357357,0.005,0.10714787555800599,0,,"139, 319",9 m,Area_9_Middle,AntCing_MedPFC,19.0,69.0,"6338, 5881",idx_R,319,319.0
8,320.0,-0.16384002566337585,0,0.001,,0.4349285407446069,0.005,0.46468680932186945,0,,"140, 320",a24,Area_a24,AntCing_MedPFC,19.0,61.0,"2085, 2152",idx_R,320,320.0
8,321.0,0.7853891849517822,0,0.001,,0.21611270989662584,0.005,0.337468308530885,0,,"141, 321",a24pr,Anterior_24_prime,AntCing_MedPFC,19.0,59.0,"1095, 1474",idx_R,321,321.0
8,322.0,1.1115843057632446,0,0.001,,0.1331584617490138,0.005,0.25743969271476,0,,"142, 322",a32pr,Area_anterior_32_prime,AntCing_MedPFC,19.0,179.0,"1759, 1118",idx_R,322,322.0
8,323.0,1.0814335346221924,0,0.001,,0.13975215565246174,0.005,0.263904070673951,0,,"143, 323",d32,Area_dorsal_32,AntCing_MedPFC,19.0,62.0,"2228, 2374",idx_R,323,323.0
8,324.0,0.9376375675201416,0,0.001,,0.1742153491411344,0.005,0.29471429896375234,0,,"144, 324",p24,Area_posterior_24,AntCing_MedPFC,19.0,180.0,"2394, 2442",idx_R,324,324.0
8,325.0,-1.4674838781356812,0,0.001,,0.07112223588013977,0.005,0.17187873671033777,0,,"145, 325",p24pr,Area_Posterior_24_prime,AntCing_MedPFC,19.0,57.0,"1422, 1724",idx_R,325,325.0
8,326.0,1.2432316541671753,0,0.001,,0.10689124065263389,0.005,0.23083959417536892,0,,"146, 326",p32,Area_p32,AntCing_MedPFC,19.0,64.0,"1180, 1765",idx_R,326,326.0
8,327.0,0.43547359108924866,0,0.001,,0.33160935200011854,0.005,0.42100547375362635,0,,"147, 327",p32pr,Area_p32_prime,AntCing_MedPFC,19.0,60.0,"1569, 1305",idx_R,327,327.0
8,328.0,0.9771042466163635,0,0.001,,0.16425877280481094,0.005,0.28869723705087985,0,,"148, 328",pOFC,Posterior_OFC_Complex,AntCing_MedPFC,19.0,166.0,"2486, 2836",idx_R,328,328.0
8,329.0,2.327361822128296,0,0.001,,0.00997300796288341,0.005,0.04937855162110566,0,,"149, 329",s32,Area_s32,AntCing_MedPFC,19.0,165.0,"604, 1015",idx_R,329,329.0
8,330.0,2.0905144214630127,0,0.001,,0.018285807145964613,0.005,0.0707051209643965,0,,"150, 330",10d,Area_10d,OrbPolaFrontal,20.0,72.0,"3644, 3096",idx_R,330,330.0
8,331.0,0.37902936339378357,0,0.001,,0.3523330295079392,0.005,0.42447243317573685,0,,"151, 331",10 pp,Polar_10p,OrbPolaFrontal,20.0,90.0,"1997, 2487",idx_R,331,331.0
8,332.0,-0.10309421271085739,0,0.001,,0.45894409906903016,0.005,0.4814762382998094,0,,"152, 332",11 l,Area_11l,OrbPolaFrontal,20.0,91.0,"3531, 3793",idx_R,332,332.0
8,333.0,1.6882139444351196,0,0.001,,0.0456850836904745,0.005,0.12283539058498441,0,,"153, 333",13 l,Area_13l,OrbPolaFrontal,20.0,92.0,"2429, 1757",idx_R,333,333.0
8,334.0,0.7675958871841431,0,0.001,,0.22136365329857854,0.005,0.34172487923658895,0,,"154, 334",47 m,Area_47m,OrbPolaFrontal,20.0,66.0,"799, 781",idx_R,334,334.0
8,335.0,2.576702833175659,0,0.001,,0.004987383187312171,0.005,0.032084400675355625,0,,"155, 335",47 s,Area_47s,OrbPolaFrontal,20.0,94.0,"2795, 3080",idx_R,335,335.0
8,336.0,-0.07487251609563828,0,0.001,,0.47015807206975696,0.005,0.4865545544685654,0,,"156, 336",a10p,Area_anterior_10p,OrbPolaFrontal,20.0,89.0,"1964, 1748",idx_R,336,336.0
8,337.0,0.9637680649757385,0,0.001,,0.16758111041464246,0.005,0.2889879999789876,0,,"157, 337",OFC,Orbital_Frontal_Complex,OrbPolaFrontal,20.0,93.0,"4560, 5232",idx_R,337,337.0
8,338.0,-0.29488039016723633,0,0.001,,0.3840426262991379,0.005,0.4454894465069999,0,,"158, 338",p10p,Area_posterior_10p,OrbPolaFrontal,20.0,170.0,"2116, 2365",idx_R,338,338.0
8,339.0,1.8577417135238647,0,0.001,,0.03160285090098797,0.005,0.09794471347939782,0,,"159, 339",44,Area_44,Inferior_Frontal,21.0,74.0,"2435, 2589",idx_R,339,339.0
8,340.0,1.8784315586090088,0,0.001,,0.030161075837598736,0.005,0.09685691320266591,0,,"160, 340",45,Area_45,Inferior_Frontal,21.0,75.0,"3762, 2962",idx_R,340,340.0
8,341.0,-0.22483739256858826,0,0.001,,0.4110528878287877,0.005,0.4556876419667356,0,,"161, 341",47 l,Area_47l_(47_lateral),Inferior_Frontal,21.0,76.0,"2527, 2592",idx_R,341,341.0
8,342.0,0.30706077814102173,0,0.001,,0.37939855547736095,0.005,0.44136336253240266,0,,"162, 342",a47r,Area_anterior_47r,Inferior_Frontal,21.0,77.0,"4167, 3763",idx_R,342,342.0
8,343.0,2.2571558952331543,0,0.001,,0.011999167621193789,0.005,0.05599611556557102,0,,"163, 343",IFJa,Area_IFJa,Inferior_Frontal,21.0,79.0,"1513, 1405",idx_R,343,343.0
8,344.0,0.18760113418102264,0,0.001,,0.4255946685415797,0.005,0.4610299211780523,0,,"164, 344",IFJp,Area_IFJp,Inferior_Frontal,21.0,80.0,"960, 740",idx_R,344,344.0
8,345.0,1.5352617502212524,0,0.001,,0.0623597728169511,0.005,0.15628436891161818,0,,"165, 345",IFSa,Area_IFSa,Inferior_Frontal,21.0,82.0,"2057, 2641",idx_R,345,345.0
8,346.0,2.662471055984497,0,0.001,,0.0038784620208004946,0.005,0.0267109799184329,0,,"166, 346",IFSp,Area_IFSp,Inferior_Frontal,21.0,81.0,"1589, 1730",idx_R,346,346.0
8,347.0,-0.261138379573822,0,0.001,,0.39699289779251057,0.005,0.4512813953695373,0,,"167, 347",p47r,Area_posterior_47r,Inferior_Frontal,21.0,171.0,"2133, 1761",idx_R,347,347.0
8,348.0,-2.3770532608032227,0,0.001,,0.008725784035133083,0.005,0.04600867945797443,0,,"168, 348",46,Area_46,Dorsolateral_Prefrontal,22.0,84.0,"4863, 4394",idx_R,348,348.0
8,349.0,-1.84737229347229,0,0.001,,0.03234660094115664,0.005,0.09949030289476966,0,,"169, 349",8Ad,Area_8Ad,Dorsolateral_Prefrontal,22.0,68.0,"3386, 3492",idx_R,349,349.0
8,350.0,-1.8149337768554688,0,0.001,,0.034767043528076746,0.005,0.10228564979999391,0,,"170, 350",8Av,Area_8Av,Dorsolateral_Prefrontal,22.0,67.0,"4807, 5902",idx_R,350,350.0
8,351.0,0.03522142767906189,0,0.001,,0.4859515880065897,0.005,0.4921304455172093,0,,"171, 351",8BL,Area_8B_Lateral,Dorsolateral_Prefrontal,22.0,70.0,"3377, 4078",idx_R,351,351.0
8,352.0,-0.17653901875019073,0,0.001,,0.4299352487471797,0.005,0.46309841245932953,0,,"172, 352",8C,Area_8C,Dorsolateral_Prefrontal,22.0,73.0,"4085, 3134",idx_R,352,352.0
8,353.0,-2.538766384124756,0,0.001,,0.0055622039237554115,0.005,0.03421598171279844,0,,"173, 353",9-46d,Area_9-46d,Dorsolateral_Prefrontal,22.0,86.0,"4534, 4666",idx_R,353,353.0
8,354.0,-0.2909265160560608,0,0.001,,0.3855537605687561,0.005,0.4459681674954843,0,,"174, 354",9a,Area_9_anterior,Dorsolateral_Prefrontal,22.0,87.0,"3706, 3048",idx_R,354,354.0
8,355.0,0.13224618136882782,0,0.001,,0.44739478720861325,0.005,0.47302678022577344,0,,"175, 355",9p,Area_9_Posterior,Dorsolateral_Prefrontal,22.0,71.0,"3426, 2488",idx_R,355,355.0
8,356.0,-0.38579097390174866,0,0.001,,0.3498257402958084,0.005,0.42396791211969614,0,,"176, 356",a9-46v,Area_anterior_9-46v,Dorsolateral_Prefrontal,22.0,85.0,"3314, 2628",idx_R,356,356.0
8,357.0,-1.9912376403808594,0,0.001,,0.023227383770475743,0.005,0.08558930780954571,0,,"177, 357",i6-8,Inferior_6-8_Transitional_Area,Dorsolateral_Prefrontal,22.0,97.0,"1764, 2418",idx_R,357,357.0
8,358.0,1.219614863395691,0,0.001,,0.11130545460712804,0.005,0.2365969349240523,0,,"178, 358",p9-46v,Area_posterior_9-46v,Dorsolateral_Prefrontal,22.0,83.0,"2871, 4635",idx_R,358,358.0
8,359.0,-1.1730868816375732,0,0.001,,0.12038048330418427,0.005,0.248662956275562,0,,"179, 359",s6-8,Superior_6-8_Transitional_Area,Dorsolateral_Prefrontal,22.0,98.0,"1336, 2132",idx_R,359,359.0
8,360.0,1.1409709453582764,0,0.001,,0.12694100700746547,0.005,0.25071781975090074,0,,"180, 360",SFL,Superior_Frontal_Language_Area,Dorsolateral_Prefrontal,22.0,26.0,"3873, 3055",idx_R,360,360.0
8,361.0,-0.7920324802398682,0,0.001,,0.21417086887791714,0.005,0.33702857660633473,0,,"361, 394",AV,Thalamus: Anteroventral Nucleus,,,,"256, 280",idx_L,361,361.0
8,362.0,1.8992114067077637,0,0.001,,0.028768342786262793,0.005,0.0947318001221954,0,,"362, 395",CeM,Thalamus: Central medial,,,,"96, 88",idx_L,362,362.0
8,363.0,0.473237007856369,0,0.001,,0.31802204879457574,0.005,0.41120048347324123,0,,"363, 396",CL,Thalamus: Central lateral,,,,"16, 16",idx_L,363,363.0
8,366.0,0.4117105305194855,0,0.001,,0.34027580279933045,0.005,0.42248310683953566,0,,"366, 399",LGN,Thalamus: Lateral Geniculate,,,,"328, 256",idx_L,366,366.0
8,367.0,0.6246843338012695,0,0.001,,0.26608912859180617,0.005,0.37566068237712685,0,,"367, 400",LP,Thalamus: Lateral Posterior,,,,"256, 264",idx_L,367,367.0
8,368.0,-0.5868557095527649,0,0.001,,0.2786503089414103,0.005,0.38153627166242887,0,,"368, 401",L-Sg,Thalamus: Limitans Suprageniculate,,,,"32, 16",idx_L,368,368.0
8,369.0,-0.9611523151397705,0,0.001,,0.1682377942754037,0.005,0.2889879999789876,0,,"369, 402",MDl,Thalamus: Mediodorsolateral parvocellular,,,,"328, 320",idx_L,369,369.0
8,370.0,1.8751980066299438,0,0.001,,0.030382744154697543,0.005,0.09685691320266591,0,,"370, 403",MDm,Thalamus: Mediodorsomedial magnocellular,,,,"1104, 1192",idx_L,370,370.0
8,371.0,1.1592695713043213,0,0.001,,0.1231731604337089,0.005,0.248662956275562,0,,"371, 404",MGN,Thalamus: Medial Geniculate,,,,"160, 168",idx_L,371,371.0
8,372.0,1.8695274591445923,0,0.001,,0.030774733505280552,0.005,0.09685691320266591,0,,"372, 405",MV(Re),Thalamus: Reuniens,,,,"8, 8",idx_L,372,372.0
8,374.0,1.1630514860153198,0,0.001,,0.12240430690205806,0.005,0.248662956275562,0,,"374, 407",PuA,Thalamus: Pulvinar anterior,,,,"320, 280",idx_L,374,374.0
8,375.0,1.3246432542800903,0,0.001,,0.09264475121318255,0.005,0.21025302481185734,0,,"375, 408",PuI,Thalamus: Pulvinar inferior,,,,"336, 280",idx_L,375,375.0
8,376.0,1.1449047327041626,0,0.001,,0.12612431164301635,0.005,0.25071781975090074,0,,"376, 409",PuL,Thalamus: Pulvinar lateral,,,,"304, 256",idx_L,376,376.0
8,377.0,1.2691762447357178,0,0.001,,0.10218910580382762,0.005,0.2230579406255592,0,,"377, 410",PuM,Thalamus: Pulvinar medial,,,,"1904, 1680",idx_L,377,377.0
8,378.0,-0.5003324151039124,0,0.001,,0.30842051662121,0.005,0.40393138628455244,0,,"378, 411",VA,Thalamus: Ventral Anterior,,,,"608, 616",idx_L,378,378.0
8,379.0,-1.4102548360824585,0,0.001,,0.07923222459443269,0.005,0.18702490224034693,0,,"379, 412",VLa,Thalamus: Ventral Lateral Anterior,,,,"880, 856",idx_L,379,379.0
8,380.0,-0.6837859153747559,0,0.001,,0.24705518087494543,0.005,0.36353076990557986,0,,"380, 413",VLp,Thalamus: Ventral Lateral Posterior,,,,"1384, 1288",idx_L,380,380.0
8,382.0,0.6252678632736206,0,0.001,,0.26589763413609,0.005,0.37566068237712685,0,,"382, 415",Putam,Putamen,,,,"7896, 7744",idx_L,382,382.0
8,383.0,1.778449535369873,0,0.001,,0.037665026602292255,0.005,0.10619445000368512,0,,"383, 416",Caud,Caudate,,,,"6896, 6952",idx_L,383,383.0
8,384.0,1.1675546169281006,0,0.001,,0.12149323268596762,0.005,0.248662956275562,0,,"384, 417",NAc,Nucleus Accumbens,,,,"600, 632",idx_L,384,384.0
8,387.0,2.437750816345215,0,0.001,,0.0073894788138388935,0.005,0.04225532955519142,0,,"387, 420",Amyg,Amygdala,,,,"1608, 1632",idx_L,387,387.0
8,391.0,0.39300835132598877,0,0.001,,0.347156656606134,0.005,0.42356544655513134,0,,"391, 424",MB,Mammillary bodies,,,,"112, 104",idx_L,391,391.0
8,392.0,0.5874115824699402,0,0.001,,0.2784636583822522,0.005,0.38153627166242887,0,,"392, 425",Septum,Septal nuclei,,,,"248, 136",idx_L,392,392.0
8,393.0,0.9378468990325928,0,0.001,,0.1741615476922458,0.005,0.29471429896375234,0,,"393, 426",Nb,Nucleus basalis,,,,"584, 600",idx_L,393,393.0
8,394.0,-0.7203515768051147,0,0.001,,0.23565427811656042,0.005,0.35188120870774525,0,,"361, 394",AV,Thalamus: Anteroventral Nucleus,,,,"256, 280",idx_R,394,394.0
8,395.0,0.9911150336265564,0,0.001,,0.16081470645866353,0.005,0.28511253634156064,0,,"362, 395",CeM,Thalamus: Central medial,,,,"96, 88",idx_R,395,395.0
8,399.0,1.4237889051437378,0,0.001,,0.07725379418231358,0.005,0.18559195525455213,0,,"366, 399",LGN,Thalamus: Lateral Geniculate,,,,"328, 256",idx_R,399,399.0
8,400.0,0.3966965973377228,0,0.001,,0.345795604838256,0.005,0.42356544655513134,0,,"367, 400",LP,Thalamus: Lateral Posterior,,,,"256, 264",idx_R,400,400.0
8,402.0,0.5975596904754639,0,0.001,,0.2750668837218116,0.005,0.3811506989455819,0,,"369, 402",MDl,Thalamus: Mediodorsolateral parvocellular,,,,"328, 320",idx_R,402,402.0
8,403.0,1.494820475578308,0,0.001,,0.06748065053599084,0.005,0.16504303685308605,0,,"370, 403",MDm,Thalamus: Mediodorsomedial magnocellular,,,,"1104, 1192",idx_R,403,403.0
8,404.0,0.5481976270675659,0,0.001,,0.2917781056454785,0.005,0.39356116575436634,0,,"371, 404",MGN,Thalamus: Medial Geniculate,,,,"160, 168",idx_R,404,404.0
8,406.0,-0.488627552986145,0,0.001,,0.3125527013118098,0.005,0.40802699914017615,0,,"373, 406",Pf,Thalamus: Parafascicular,,,,"56, 72",idx_R,406,406.0
8,407.0,0.13934552669525146,0,0.001,,0.4445885578393896,0.005,0.4722580826962684,0,,"374, 407",PuA,Thalamus: Pulvinar anterior,,,,"320, 280",idx_R,407,407.0
8,408.0,0.7621793746948242,0,0.001,,0.22297647712442603,0.005,0.3429107943655946,0,,"375, 408",PuI,Thalamus: Pulvinar inferior,,,,"336, 280",idx_R,408,408.0
8,409.0,0.3822273910045624,0,0.001,,0.3511463532131287,0.005,0.4243018434658638,0,,"376, 409",PuL,Thalamus: Pulvinar lateral,,,,"304, 256",idx_R,409,409.0
8,410.0,0.6809696555137634,0,0.001,,0.24794534562887838,0.005,0.36353076990557986,0,,"377, 410",PuM,Thalamus: Pulvinar medial,,,,"1904, 1680",idx_R,410,410.0
8,411.0,-1.626529335975647,0,0.001,,0.05191854896270831,0.005,0.13426070623477435,0,,"378, 411",VA,Thalamus: Ventral Anterior,,,,"608, 616",idx_R,411,411.0
8,412.0,0.22262242436408997,0,0.001,,0.4119146911374187,0.005,0.4556876419667356,0,,"379, 412",VLa,Thalamus: Ventral Lateral Anterior,,,,"880, 856",idx_R,412,412.0
8,415.0,-0.02793136052787304,0,0.001,,0.4888584480556627,0.005,0.4937227112203956,0,,"382, 415",Putam,Putamen,,,,"7896, 7744",idx_R,415,415.0
8,416.0,0.20325535535812378,0,0.001,,0.4194677241903392,0.005,0.45780617210020885,0,,"383, 416",Caud,Caudate,,,,"6896, 6952",idx_R,416,416.0
8,417.0,0.5310418605804443,0,0.001,,0.2976948857275997,0.005,0.39889149704754284,0,,"384, 417",NAc,Nucleus Accumbens,,,,"600, 632",idx_R,417,417.0
8,420.0,2.1370785236358643,0,0.001,,0.01629580270841702,0.005,0.06487553244886322,0,,"387, 420",Amyg,Amygdala,,,,"1608, 1632",idx_R,420,420.0
8,424.0,2.2210164070129395,0,0.001,,0.01317492507483797,0.005,0.059814477143358406,0,,"391, 424",MB,Mammillary bodies,,,,"112, 104",idx_R,424,424.0
8,425.0,0.41548824310302734,0,0.001,,0.3388922600248768,0.005,0.42248310683953566,0,,"392, 425",Septum,Septal nuclei,,,,"248, 136",idx_R,425,425.0
8,426.0,1.6555521488189697,0,0.001,,0.04890627370228396,0.005,0.1289347215787486,0,,"393, 426",Nb,Nucleus basalis,,,,"584, 600",idx_R,426,426.0
