iFA,ROI_idx,ROI_value,significant,alpha,label,p_value,alpha_FDR,p_value_FDR,significant_FDR,label_FDR,Reordered,Region,RegionLongName,Cortical Division,Cortex,Original,Voxel numbers,LR,idx,#No.
1,1.0,-1.0944880247116089,0,0.001,,0.1368704983393459,0.005,0.24885545152608343,0,,"1, 181",V1,Primary_Visual_Cortex,Primary_Visual,1.0,1.0,"13,812, 13,406",idx_L,1,1.0
1,2.0,0.06741958856582642,0,0.001,,0.4731238376233061,0.005,0.48354656101002513,0,,"2, 182",V2,Second_Visual_Area,Early_Visual,2.0,4.0,"9515, 9420",idx_L,2,2.0
1,3.0,0.10489682108163834,0,0.001,,0.4582288407313063,0.005,0.47747195047844754,0,,"3, 183",V3,Third_Visual_Area,Early_Visual,2.0,5.0,"7106, 7481",idx_L,3,3.0
1,4.0,-1.0683319568634033,0,0.001,,0.1426853990781502,0.005,0.2517977630790886,0,,"4, 184",V4,Fourth_Visual_Area,Early_Visual,2.0,6.0,"4782, 4537",idx_L,4,4.0
1,5.0,-1.6221158504486084,0,0.001,,0.052389272465326854,0.005,0.14582811893937725,0,,"5, 185",IPS1,IntraParietal_Sulcus_Area_1,Dorsal_Stream_Visual,3.0,17.0,"1751, 1750",idx_L,5,5.0
1,6.0,0.954020619392395,0,0.001,,0.1700366026086496,0.005,0.2720585641738394,0,,"6, 186",V3A,Area_V3A,Dorsal_Stream_Visual,3.0,13.0,"2191, 2212",idx_L,6,6.0
1,7.0,-0.5347726345062256,0,0.001,,0.2964035441207597,0.005,0.37050443015094964,0,,"7, 187",V3B,Area_V3B,Dorsal_Stream_Visual,3.0,19.0,"639, 731",idx_L,7,7.0
1,8.0,2.0084445476531982,0,0.001,,0.02229803654195751,0.005,0.08449782268531267,0,,"8, 188",V6,Sixth_Visual_Area,Dorsal_Stream_Visual,3.0,3.0,"1402, 1559",idx_L,8,8.0
1,9.0,1.1489201784133911,0,0.001,,0.12529444815120144,0.005,0.23992553901293895,0,,"9, 189",V6A,Area_V6A,Dorsal_Stream_Visual,3.0,152.0,"904, 734",idx_L,9,9.0
1,10.0,-0.6504805684089661,0,0.001,,0.2576909247377693,0.005,0.3474484378486777,0,,"10, 190",V7,Seventh_Visual_Area,Dorsal_Stream_Visual,3.0,16.0,"1005, 1041",idx_L,10,10.0
1,11.0,-4.830327987670898,1,0.001,-,6.815416380166748e-07,0.005,2.0446249140500243e-05,1,-,"11, 191",FFC,Fusiform_Face_Complex,Ventral_Stream_Visual,4.0,18.0,"3848, 4402",idx_L,11,11.0
1,12.0,0.6287953853607178,0,0.001,,0.2647415107622288,0.005,0.35298868101630504,0,,"12, 192",PIT,Posterior_InferoTemporal_complex,Ventral_Stream_Visual,4.0,22.0,"1392, 1386",idx_L,12,12.0
1,13.0,-1.132522463798523,0,0.001,,0.12870742281972136,0.005,0.24258990688533869,0,,"13, 193",V8,Eighth_Visual_Area,Ventral_Stream_Visual,4.0,7.0,"1361, 1175",idx_L,13,13.0
1,14.0,0.18611669540405273,0,0.001,,0.4261766248089921,0.005,0.45798085054100646,0,,"14, 194",VMV1,VentroMedial_Visual_Area_1,Ventral_Stream_Visual,4.0,153.0,"939, 1219",idx_L,14,14.0
1,15.0,-0.8593080639839172,0,0.001,,0.19508528818221327,0.005,0.2910469764833266,0,,"15, 195",VMV2,VentroMedial_Visual_Area_2,Ventral_Stream_Visual,4.0,160.0,"639, 923",idx_L,15,15.0
1,16.0,-0.06148255988955498,0,0.001,,0.47548745165985806,0.005,0.48354656101002513,0,,"16, 196",VMV3,VentroMedial_Visual_Area_3,Ventral_Stream_Visual,4.0,154.0,"941, 1242",idx_L,16,16.0
1,17.0,-2.1169817447662354,0,0.001,,0.017130698571529997,0.005,0.06776979654671207,0,,"17, 197",VVC,Ventral_Visual_Complex,Ventral_Stream_Visual,4.0,163.0,"2487, 2753",idx_L,17,17.0
1,18.0,-1.638511061668396,0,0.001,,0.050657564220251486,0.005,0.14582811893937725,0,,"18, 198",FST,Area_FST,MT + _Complex,5.0,157.0,"1324, 1683",idx_L,18,18.0
1,19.0,-0.8356659412384033,0,0.001,,0.2016714304007916,0.005,0.29393406860034405,0,,"19, 199",LO1,Area_Lateral_Occipital_1,MT + _Complex,5.0,20.0,"619, 909",idx_L,19,19.0
1,20.0,0.012334850616753101,0,0.001,,0.495079231348152,0.005,0.495079231348152,0,,"20, 200",LO2,Area_Lateral_Occipital_2,MT + _Complex,5.0,21.0,"1179, 1062",idx_L,20,20.0
1,21.0,0.5068821907043457,0,0.001,,0.3061187411607556,0.005,0.37611858982208884,0,,"21, 201",LO3,Area_Lateral_Occipital_3,MT + _Complex,5.0,159.0,"438, 915",idx_L,21,21.0
1,22.0,-1.0122547149658203,0,0.001,,0.15570814056318955,0.005,0.26228044776235576,0,,"22, 202",MST,Medial_Superior_Temporal_Area,MT + _Complex,5.0,2.0,"794, 1036",idx_L,22,22.0
1,23.0,-1.1665174961090088,0,0.001,,0.1217026394529851,0.005,0.23555349571545503,0,,"23, 203",MT,Middle_Temporal_Area,MT + _Complex,5.0,23.0,"620, 1005",idx_L,23,23.0
1,24.0,-3.4112699031829834,1,0.001,-,0.00032330525321555326,0.005,0.0036371840986749743,1,-,"24, 204",PH,Area_PH,MT + _Complex,5.0,138.0,"3453, 3205",idx_L,24,24.0
1,25.0,-1.0955207347869873,0,0.001,,0.13664428332299067,0.005,0.24885545152608343,0,,"25, 205",V3CD,Area_V3CD,MT + _Complex,5.0,158.0,"876, 1222",idx_L,25,25.0
1,26.0,-1.45761239528656,0,0.001,,0.07247370555135597,0.005,0.1754079198682626,0,,"26, 206",V4t,Area_V4t,MT + _Complex,5.0,156.0,"1037, 1249",idx_L,26,26.0
1,27.0,0.8908566832542419,0,0.001,,0.18650303063031481,0.005,0.2865322308117266,0,,"27, 207",1,Area_1,SomaSens_Motor,6.0,51.0,"6590, 5925",idx_L,27,27.0
1,28.0,0.46018052101135254,0,0.001,,0.32269332570227843,0.005,0.3840730118140951,0,,"28, 208",2,Area_2,SomaSens_Motor,6.0,52.0,"4278, 4727",idx_L,28,28.0
1,29.0,1.618302822113037,0,0.001,,0.052798676404792785,0.005,0.14582811893937725,0,,"29, 209",3a,Area_3a,SomaSens_Motor,6.0,53.0,"2247, 2286",idx_L,29,29.0
1,30.0,0.9681941866874695,0,0.001,,0.16647369883164714,0.005,0.27117887592485507,0,,"30, 210",3b,Primary_Sensory_Cortex,SomaSens_Motor,6.0,9.0,"5451, 4350",idx_L,30,30.0
1,31.0,0.9091113805770874,0,0.001,,0.1816456679423068,0.005,0.28308415783216645,0,,"31, 211",4,Primary_Motor_Cortex,SomaSens_Motor,6.0,8.0,"10,776, 10,254",idx_L,31,31.0
1,32.0,1.253743052482605,0,0.001,,0.10496770702518277,0.005,0.21881795008558666,0,,"32, 212",23c,Area_23c,ParaCentral_MidCing,7.0,38.0,"2259, 2498",idx_L,32,32.0
1,33.0,1.6373170614242554,0,0.001,,0.050782118901796035,0.005,0.14582811893937725,0,,"33, 213",24dd,Dorsal_Area_24d,ParaCentral_MidCing,7.0,40.0,"2665, 2820",idx_L,33,33.0
1,34.0,2.2640719413757324,0,0.001,,0.01178484519759094,0.005,0.05656725694843651,0,,"34, 214",24dv,Ventral_Area_24d,ParaCentral_MidCing,7.0,41.0,"1076, 1349",idx_L,34,34.0
1,35.0,-0.6886026263237,0,0.001,,0.24553668394154715,0.005,0.33609584113671853,0,,"35, 215",5L,Area_5L,ParaCentral_MidCing,7.0,39.0,"2249, 2327",idx_L,35,35.0
1,36.0,1.7849117517471313,0,0.001,,0.03713781609001929,0.005,0.12044697110276527,0,,"36, 216",5 m,Area_5m,ParaCentral_MidCing,7.0,36.0,"1483, 2079",idx_L,36,36.0
1,37.0,3.2751734256744385,1,0.001,+,0.0005279856328546921,0.005,0.005508587012047961,0,,"37, 217",5mv,Area_5m_ventral,ParaCentral_MidCing,7.0,37.0,"1651, 1996",idx_L,37,37.0
1,38.0,-0.5510016083717346,0,0.001,,0.2908162860053363,0.005,0.3691356926242343,0,,"38, 218",6ma,Area_6m_anterior,ParaCentral_MidCing,7.0,44.0,"3941, 4251",idx_L,38,38.0
1,39.0,0.8474965691566467,0,0.001,,0.1983591992834271,0.005,0.29266111369685965,0,,"39, 219",6mp,Area_6mp,ParaCentral_MidCing,7.0,55.0,"3701, 3105",idx_L,39,39.0
1,40.0,-0.8869393467903137,0,0.001,,0.18755577815989655,0.005,0.2865322308117266,0,,"40, 220",SCEF,Supplementary_and_Cingulate_Eye_Field,ParaCentral_MidCing,7.0,43.0,"3500, 3371",idx_L,40,40.0
1,41.0,-2.7948403358459473,0,0.001,,0.002596267661590768,0.005,0.01988630549303567,0,,"41, 221",55b,Area_55b,Premotor,8.0,12.0,"2422, 1537",idx_L,41,41.0
1,42.0,-0.4407629370689392,0,0.001,,0.3296923139300164,0.005,0.38846103624927036,0,,"42, 222",6a,Area_6_anterior,Premotor,8.0,96.0,"4233, 3752",idx_L,42,42.0
1,43.0,0.6129179000854492,0,0.001,,0.26996531340146224,0.005,0.3558498429234665,0,,"43, 223",6d,Dorsal_area_6,Premotor,8.0,54.0,"2916, 2909",idx_L,43,43.0
1,44.0,-1.612097978591919,0,0.001,,0.05347031027777166,0.005,0.14582811893937725,0,,"44, 224",6r,Rostral_Area_6,Premotor,8.0,78.0,"3029, 3981",idx_L,44,44.0
1,45.0,-0.3506433963775635,0,0.001,,0.3629279477425368,0.005,0.4134622189471938,0,,"45, 225",6v,Ventral_Area_6,Premotor,8.0,56.0,"2075, 2516",idx_L,45,45.0
1,46.0,1.0887600183486938,0,0.001,,0.13812986351744838,0.005,0.24988317018231868,0,,"46, 226",FEF,Frontal_Eye_Fields,Premotor,8.0,10.0,"1787, 1889",idx_L,46,46.0
1,47.0,-1.5193079710006714,0,0.001,,0.06434249713867735,0.005,0.16762634217449782,0,,"47, 227",PEF,Premotor_Eye_Field,Premotor,8.0,11.0,"1006, 1258",idx_L,47,47.0
1,48.0,1.5399011373519897,0,0.001,,0.06179222676511413,0.005,0.16448042903809337,0,,"48, 228",43,Area_43,Posterior_Opercular,9.0,99.0,"1889, 1678",idx_L,48,48.0
1,49.0,3.6030969619750977,1,0.001,+,0.00015722408094496758,0.005,0.002358361214174514,1,+,"49, 229",FOP1,Frontal_Opercular_Area_1,Posterior_Opercular,9.0,113.0,"879, 932",idx_L,49,49.0
1,50.0,2.043743371963501,0,0.001,,0.020489453035486785,0.005,0.07931401175027143,0,,"50, 230",OP1,Area_OP1-SII,Posterior_Opercular,9.0,101.0,"1275, 1072",idx_L,50,50.0
1,51.0,1.9572736024856567,0,0.001,,0.025157654672371615,0.005,0.09056755682053781,0,,"51, 231",OP2-3,Area_OP2-3-VS,Posterior_Opercular,9.0,102.0,"943, 792",idx_L,51,51.0
1,52.0,0.910049557685852,0,0.001,,0.18139818741730596,0.005,0.28308415783216645,0,,"52, 232",OP4,Area_OP4-PV,Posterior_Opercular,9.0,100.0,"2332, 2409",idx_L,52,52.0
1,53.0,-0.4764788746833801,0,0.001,,0.316866627031109,0.005,0.3815116579638771,0,,"53, 233",52,Area_52,Early_Auditory,10.0,103.0,"725, 580",idx_L,53,53.0
1,54.0,-0.42820295691490173,0,0.001,,0.3342516818501938,0.005,0.3919563695963185,0,,"54, 234",A1,Primary_Auditory_Cortex,Early_Auditory,10.0,24.0,"1023, 796",idx_L,54,54.0
1,55.0,-0.9642501473426819,0,0.001,,0.1674602640925586,0.005,0.27152890998767043,0,,"55, 235",LBelt,Lateral_Belt_Complex,Early_Auditory,10.0,174.0,"820, 901",idx_L,55,55.0
1,56.0,-1.6492542028427124,0,0.001,,0.04954778386278123,0.005,0.145017903988628,0,,"56, 236",MBelt,Medial_Belt_Complex,Early_Auditory,10.0,173.0,"1242, 1236",idx_L,56,56.0
1,57.0,-2.2020370960235596,0,0.001,,0.013831344101811274,0.005,0.05939341048796741,0,,"57, 237",PBelt,ParaBelt_Complex,Early_Auditory,10.0,124.0,"1719, 1439",idx_L,57,57.0
1,58.0,1.4925158023834229,0,0.001,,0.06778198886463822,0.005,0.17052722122465613,0,,"58, 238",PFcm,Area_PFcm,Early_Auditory,10.0,105.0,"1486, 1485",idx_L,58,58.0
1,59.0,-0.13765522837638855,0,0.001,,0.4452564525118323,0.005,0.46936755968187915,0,,"59, 239",RI,RetroInsular_Cortex,Early_Auditory,10.0,104.0,"1149, 1334",idx_L,59,59.0
1,60.0,-6.4559102058410645,1,0.001,-,5.3785190238239556e-11,0.005,9.68133424288312e-09,1,-,"60, 240",A4,Auditory_4_Complex,Auditory_Association,11.0,175.0,"3514, 3610",idx_L,60,60.0
1,61.0,-6.176083564758301,1,0.001,-,3.285560819788027e-10,0.005,3.942672983745633e-08,1,-,"61, 241",A5,Auditory_5_Complex,Auditory_Association,11.0,125.0,"3346, 3881",idx_L,61,61.0
1,62.0,-0.9503502249717712,0,0.001,,0.17096716328485062,0.005,0.27233707425905407,0,,"62, 242",STGa,Area_STGa,Auditory_Association,11.0,123.0,"2509, 2187",idx_L,62,62.0
1,63.0,0.03537702560424805,0,0.001,,0.48588955207707707,0.005,0.49134898524648246,0,,"63, 243",STSda,Area_STSd_anterior,Auditory_Association,11.0,128.0,"1944, 2389",idx_L,63,63.0
1,64.0,-2.3442928791046143,0,0.001,,0.009531597636056861,0.005,0.04765798818028431,0,,"64, 244",STSdp,Area_STSd_posterior,Auditory_Association,11.0,129.0,"1994, 2605",idx_L,64,64.0
1,65.0,1.671382188796997,0,0.001,,0.047323105855786356,0.005,0.14079601742217426,0,,"65, 245",STSva,Area_STSv_anterior,Auditory_Association,11.0,176.0,"1694, 1900",idx_L,65,65.0
1,66.0,-0.6815311312675476,0,0.001,,0.2477677376061418,0.005,0.33786509673564785,0,,"66, 246",STSvp,Area_STSv_posterior,Auditory_Association,11.0,130.0,"2898, 2515",idx_L,66,66.0
1,67.0,-3.8843822479248047,1,0.001,-,5.129519886967087e-05,0.005,0.0009719090312148164,1,-,"67, 247",TA2,Area_TA2,Auditory_Association,11.0,107.0,"1518, 1726",idx_L,67,67.0
1,68.0,-0.1468692123889923,0,0.001,,0.4416176266553437,0.005,0.4689744707844358,0,,"68, 248",AAIC,Anterior_Agranular_Insula_Complex,Insula_FrontalOperc,12.0,112.0,"1859, 1691",idx_L,68,68.0
1,69.0,1.5572463274002075,0,0.001,,0.05970600653310916,0.005,0.16040419665611416,0,,"69, 249",AVI,Anterior_Ventral_Insular_Area,Insula_FrontalOperc,12.0,111.0,"1446, 1792",idx_L,69,69.0
1,70.0,1.1996275186538696,0,0.001,,0.11514201707070193,0.005,0.22901174665995963,0,,"70, 250",FOP2,Frontal_Opercular_Area_2,Insula_FrontalOperc,12.0,115.0,"750, 720",idx_L,70,70.0
1,71.0,1.8543580770492554,0,0.001,,0.031843974175791885,0.005,0.10814934625740641,0,,"71, 251",FOP3,Frontal_Opercular_Area_3,Insula_FrontalOperc,12.0,114.0,"754, 614",idx_L,71,71.0
1,72.0,2.596426010131836,0,0.001,,0.004709959565301255,0.005,0.02898750098640778,0,,"72, 252",FOP4,Frontal_Opercular_Area_4,Insula_FrontalOperc,12.0,108.0,"2522, 1678",idx_L,72,72.0
1,73.0,0.5711501836776733,0,0.001,,0.2839489217156236,0.005,0.3650771850629446,0,,"73, 253",FOP5,Area_Frontal_Opercular_5,Insula_FrontalOperc,12.0,169.0,"1297, 1365",idx_L,73,73.0
1,74.0,1.0510191917419434,0,0.001,,0.1466248877573188,0.005,0.2537738441953595,0,,"74, 254",Ig,Insular_Granular_Complex,Insula_FrontalOperc,12.0,168.0,"841, 1077",idx_L,74,74.0
1,75.0,1.8266823291778564,0,0.001,,0.033873773333145375,0.005,0.11291257777715126,0,,"75, 255",MI,Middle_Insular_Area,Insula_FrontalOperc,12.0,109.0,"2102, 1960",idx_L,75,75.0
1,76.0,-1.0586105585098267,0,0.001,,0.14488858816621109,0.005,0.2537738441953595,0,,"76, 256",PI,Para-Insular_Area,Insula_FrontalOperc,12.0,178.0,"1033, 1058",idx_L,76,76.0
1,77.0,0.3440534472465515,0,0.001,,0.36540304586811734,0.005,0.4149687587145812,0,,"77, 257",Pir,Pirform_Cortex,Insula_FrontalOperc,12.0,110.0,"2287, 1856",idx_L,77,77.0
1,78.0,2.3830349445343018,0,0.001,,0.008585282161605078,0.005,0.04462727906889163,0,,"78, 258",PoI1,Area_Posterior_Insular_1,Insula_FrontalOperc,12.0,167.0,"1811, 1835",idx_L,78,78.0
1,79.0,3.572429656982422,1,0.001,+,0.00017684225193535387,0.005,0.0025465284278690958,1,+,"79, 259",PoI2,Posterior_Insular_Area_2,Insula_FrontalOperc,12.0,106.0,"2747, 2675",idx_L,79,79.0
1,80.0,-1.4957027435302734,0,0.001,,0.0673655675279936,0.005,0.17052722122465613,0,,"80, 260",H,Hippocampus,Medial_Temporal,13.0,120.0,"4283, 3626",idx_L,80,80.0
1,81.0,-1.0540533065795898,0,0.001,,0.14592925613656016,0.005,0.2537738441953595,0,,"81, 261",PreS,PreSubiculum,Medial_Temporal,13.0,119.0,"1817, 1558",idx_L,81,81.0
1,82.0,2.705410957336426,0,0.001,,0.003410996739970482,0.005,0.023657837496159757,0,,"82, 262",EC,Entorhinal_Cortex,Medial_Temporal,13.0,118.0,"2127, 2110",idx_L,82,82.0
1,83.0,-1.4155974388122559,0,0.001,,0.07844670081311403,0.005,0.18103084803026312,0,,"83, 263",PeEc,Perirhinal_Ectorhinal_Cortex,Medial_Temporal,13.0,122.0,"4826, 4755",idx_L,83,83.0
1,84.0,-4.642024040222168,1,0.001,-,1.7250635352547024e-06,0.005,4.77709902070533e-05,1,-,"84, 264",TF,Area_TF,Medial_Temporal,13.0,135.0,"3986, 4752",idx_L,84,84.0
1,85.0,-0.6405138373374939,0,0.001,,0.2609192980331596,0.005,0.35048860929827413,0,,"85, 265",PHA1,ParaHippocampal_Area_1,Medial_Temporal,13.0,126.0,"1281, 1168",idx_L,85,85.0
1,86.0,1.1123682260513306,0,0.001,,0.13298993015956379,0.005,0.24747419466488252,0,,"86, 266",PHA2,ParaHippocampal_Area_2,Medial_Temporal,13.0,155.0,"783, 771",idx_L,86,86.0
1,87.0,-0.9920358657836914,0,0.001,,0.16059001496775216,0.005,0.2669641334128763,0,,"87, 267",PHA3,ParaHippocampal_Area_3,Medial_Temporal,13.0,127.0,"2023, 1122",idx_L,87,87.0
1,88.0,-5.397815227508545,1,0.001,-,3.372864262408544e-08,0.005,1.761187617315944e-06,1,-,"88, 268",PHT,Area_PHT,Lateral_Temporal,14.0,137.0,"4182, 3410",idx_L,88,88.0
1,89.0,2.9169180393218994,0,0.001,,0.001767543257097458,0.005,0.015150370775121068,0,,"89, 269",TE1a,Area_TE1_anterior,Lateral_Temporal,14.0,132.0,"5227, 4180",idx_L,89,89.0
1,90.0,-0.8568266034126282,0,0.001,,0.1957703603796257,0.005,0.2910469764833266,0,,"90, 270",TE1m,Area_TE1_Middle,Lateral_Temporal,14.0,177.0,"3339, 3429",idx_L,90,90.0
1,91.0,-5.945975303649902,1,0.001,-,1.3740779103410925e-09,0.005,9.893360954455866e-08,1,-,"91, 271",TE1p,Area_TE1_posterior,Lateral_Temporal,14.0,133.0,"7116, 6010",idx_L,91,91.0
1,92.0,-1.0299891233444214,0,0.001,,0.15150755570341323,0.005,0.2584963035698046,0,,"92, 272",TE2a,Area_TE2_anterior,Lateral_Temporal,14.0,134.0,"5691, 5753",idx_L,92,92.0
1,93.0,-5.395086288452148,1,0.001,-,3.4245314781143354e-08,0.005,1.761187617315944e-06,1,-,"93, 273",TE2p,Area_TE2_posterior,Lateral_Temporal,14.0,136.0,"4115, 3040",idx_L,93,93.0
1,94.0,0.8564407229423523,0,0.001,,0.19587702382507016,0.005,0.2910469764833266,0,,"94, 274",TGd,Area_TG_dorsal,Lateral_Temporal,14.0,131.0,"10,192, 10,269",idx_L,94,94.0
1,95.0,-1.4531818628311157,0,0.001,,0.07308663327844275,0.005,0.1754079198682626,0,,"95, 275",TGv,Area_TG_Ventral,Lateral_Temporal,14.0,172.0,"3694, 4515",idx_L,95,95.0
1,96.0,-2.423184633255005,0,0.001,,0.007692552529482322,0.005,0.04133311806886024,0,,"96, 276",PSL,PeriSylvian_Language_Area,TPO,15.0,25.0,"2154, 2759",idx_L,96,96.0
1,97.0,-1.0106889009475708,0,0.001,,0.15608267545482835,0.005,0.26228044776235576,0,,"97, 277",STV,Superior_Temporal_Visual_Area,TPO,15.0,28.0,"2322, 2294",idx_L,97,97.0
1,98.0,-3.263174295425415,1,0.001,-,0.0005508587012047961,0.005,0.005508587012047961,0,,"98, 278",TPOJ1,Area_TemporoParietoOccipital_Junction_1,TPO,15.0,139.0,"2102, 3938",idx_L,98,98.0
1,99.0,-0.7895240187644958,0,0.001,,0.21490289861296907,0.005,0.30579068577339474,0,,"99, 279",TPOJ2,Area_TemporoParietoOccipital_Junction_2,TPO,15.0,140.0,"1930, 2068",idx_L,99,99.0
1,100.0,-0.5403532981872559,0,0.001,,0.29447670426346434,0.005,0.3693784443722897,0,,"100, 280",TPOJ3,Area_TemporoParietoOccipital_Junction_3,TPO,15.0,141.0,"1290, 1277",idx_L,100,100.0
1,101.0,1.4933905601501465,0,0.001,,0.06766749125854987,0.005,0.17052722122465613,0,,"101, 281",7AL,Lateral_Area_7A,Superior_Parietal,16.0,42.0,"2134, 2030",idx_L,101,101.0
1,102.0,-0.4110042154788971,0,0.001,,0.34053472182651223,0.005,0.3980275969400792,0,,"102, 282",7Am,Medial_Area_7A,Superior_Parietal,16.0,45.0,"2995, 2379",idx_L,102,102.0
1,103.0,-0.5731714367866516,0,0.001,,0.2832643110502582,0.005,0.3650771850629446,0,,"103, 283",7PC,Area_7PC,Superior_Parietal,16.0,47.0,"3151, 3415",idx_L,103,103.0
1,104.0,-0.29839393496513367,0,0.001,,0.3827012587717856,0.005,0.4265401026558601,0,,"104, 284",7Pl,Lateral_Area_7P,Superior_Parietal,16.0,46.0,"1695, 1363",idx_L,104,104.0
1,105.0,0.740497350692749,0,0.001,,0.2294991340640558,0.005,0.32147738623758787,0,,"105, 285",7Pm,Medial_Area_7P,Superior_Parietal,16.0,29.0,"1601, 1308",idx_L,105,105.0
1,106.0,-1.133865475654602,0,0.001,,0.12842549044783375,0.005,0.24258990688533869,0,,"106, 286",AIP,Anterior_IntraParietal_Area,Superior_Parietal,16.0,117.0,"1999, 2542",idx_L,106,106.0
1,107.0,-2.2281997203826904,0,0.001,,0.0129335998592655,0.005,0.058201199366694746,0,,"107, 287",LIPd,Area_Lateral_IntraParietal_dorsal,Superior_Parietal,16.0,95.0,"1008, 869",idx_L,107,107.0
1,108.0,-1.4875789880752563,0,0.001,,0.0684309790612466,0.005,0.17052722122465613,0,,"108, 288",LIPv,Area_Lateral_IntraParietal_ventral,Superior_Parietal,16.0,48.0,"1681, 1783",idx_L,108,108.0
1,109.0,-0.842436671257019,0,0.001,,0.19977178684440355,0.005,0.2935422174040216,0,,"109, 289",MIP,Medial_IntraParietal_Area,Superior_Parietal,16.0,50.0,"1872, 2403",idx_L,109,109.0
1,110.0,-1.625658631324768,0,0.001,,0.05201114751654922,0.005,0.14582811893937725,0,,"110, 290",VIP,Ventral_IntraParietal_Complex,Superior_Parietal,16.0,49.0,"1890, 1577",idx_L,110,110.0
1,111.0,-2.664571523666382,0,0.001,,0.003854323593582285,0.005,0.0244881582218285,0,,"111, 291",IP0,Area_IntraParietal_0,Inferior_Parietal,17.0,146.0,"1203, 1239",idx_L,111,111.0
1,112.0,-1.7330399751663208,0,0.001,,0.04154428193494924,0.005,0.12893053014294592,0,,"112, 292",IP1,Area_IntraParietal_1,Inferior_Parietal,17.0,145.0,"1692, 1632",idx_L,112,112.0
1,113.0,-1.3895634412765503,0,0.001,,0.08233074185087963,0.005,0.18557368154927423,0,,"113, 293",IP2,Area_IntraParietal_2,Inferior_Parietal,17.0,144.0,"2102, 1861",idx_L,113,113.0
1,114.0,-2.6861166954040527,0,0.001,,0.003614391839691074,0.005,0.023657837496159757,0,,"114, 294",PF,Area_PF_Complex,Inferior_Parietal,17.0,148.0,"5457, 5251",idx_L,114,114.0
1,115.0,-1.8079785108566284,0,0.001,,0.035304922585202354,0.005,0.11660341404287017,0,,"115, 295",PFm,Area_PFm_Complex,Inferior_Parietal,17.0,149.0,"8220, 8141",idx_L,115,115.0
1,116.0,0.8913343548774719,0,0.001,,0.1863749116496632,0.005,0.2865322308117266,0,,"116, 296",PFop,Area_PF_Opercular,Inferior_Parietal,17.0,147.0,"1797, 1783",idx_L,116,116.0
1,117.0,0.0667579248547554,0,0.001,,0.47338720987458643,0.005,0.48354656101002513,0,,"117, 297",PFt,Area_PFt,Inferior_Parietal,17.0,116.0,"1983, 2039",idx_L,117,117.0
1,118.0,1.6073721647262573,0,0.001,,0.053986376202729384,0.005,0.14612853709009457,0,,"118, 298",PGi,Area_PGi,Inferior_Parietal,17.0,150.0,"4791, 4970",idx_L,118,118.0
1,119.0,-1.2429336309432983,0,0.001,,0.10694614572058414,0.005,0.22126788769776032,0,,"119, 299",PGp,Area_PGp,Inferior_Parietal,17.0,143.0,"2501, 3740",idx_L,119,119.0
1,120.0,-0.96131432056427,0,0.001,,0.16819707479791807,0.005,0.27152890998767043,0,,"120, 300",PGs,Area_PGs,Inferior_Parietal,17.0,151.0,"4552, 3366",idx_L,120,120.0
1,121.0,0.12943486869335175,0,0.001,,0.4485067792515734,0.005,0.46936755968187915,0,,"121, 301",23d,Area_23d,Posterior_Cingulate,18.0,32.0,"1261, 1513",idx_L,121,121.0
1,122.0,-1.3886001110076904,0,0.001,,0.08247719179967744,0.005,0.18557368154927423,0,,"122, 302",31a,Area_31a,Posterior_Cingulate,18.0,162.0,"1260, 1116",idx_L,122,122.0
1,123.0,2.4539456367492676,0,0.001,,0.0070649170417189724,0.005,0.038535911136648934,0,,"123, 303",31pd,Area_31pd,Posterior_Cingulate,18.0,161.0,"1428, 864",idx_L,123,123.0
1,124.0,1.1256667375564575,0,0.001,,0.13015330399737735,0.005,0.2440374449950825,0,,"124, 304",31pv,Area_31p_ventral,Posterior_Cingulate,18.0,35.0,"950, 1022",idx_L,124,124.0
1,125.0,2.705108165740967,0,0.001,,0.00341410757630653,0.005,0.023657837496159757,0,,"125, 305",7 m,Area_7m,Posterior_Cingulate,18.0,30.0,"2128, 2067",idx_L,125,125.0
1,126.0,-0.520025372505188,0,0.001,,0.30152294547720915,0.005,0.37480555703659724,0,,"126, 306",d23ab,Area_dorsal_23_a + b,Posterior_Cingulate,18.0,34.0,"1607, 1106",idx_L,126,126.0
1,127.0,1.6251245737075806,0,0.001,,0.0520680088914301,0.005,0.14582811893937725,0,,"127, 307",DVT,Dorsal_Transitional_Visual_Area,Posterior_Cingulate,18.0,142.0,"1806, 2176",idx_L,127,127.0
1,128.0,0.5454002022743225,0,0.001,,0.2927391506780058,0.005,0.3693784443722897,0,,"128, 308",PCV,PreCuneus_Visual_Area,Posterior_Cingulate,18.0,27.0,"2245, 2416",idx_L,128,128.0
1,129.0,1.7970850467681885,0,0.001,,0.0361610596143146,0.005,0.11834528601048416,0,,"129, 309",POS1,Parieto-Occipital_Sulcus_Area_1,Posterior_Cingulate,18.0,31.0,"2531, 2727",idx_L,129,129.0
1,130.0,4.063439846038818,1,0.001,+,2.4177393999367944e-05,0.005,0.0005119918729277917,1,+,"130, 310",POS2,Parieto-Occipital_Sulcus_Area_2,Posterior_Cingulate,18.0,15.0,"3261, 3093",idx_L,130,130.0
1,131.0,-1.218122959136963,0,0.001,,0.11158862516932155,0.005,0.2244240506198646,0,,"131, 311",ProS,ProStriate_Area,Posterior_Cingulate,18.0,121.0,"1222, 1055",idx_L,131,131.0
1,132.0,2.4656713008880615,0,0.001,,0.006837838312147105,0.005,0.0378711044980455,0,,"132, 312",RSC,RetroSplenial_Complex,Posterior_Cingulate,18.0,14.0,"2830, 3067",idx_L,132,132.0
1,133.0,-0.2699894607067108,0,0.001,,0.3935841808803334,0.005,0.43406780671003525,0,,"133, 313",v23ab,Area_ventral_23_a + b,Posterior_Cingulate,18.0,33.0,"916, 1089",idx_L,133,133.0
1,134.0,0.335886150598526,0,0.001,,0.36847836058527145,0.005,0.4158376483093972,0,,"134, 314",10r,Area_10r,AntCing_MedPFC,19.0,65.0,"1589, 1053",idx_L,134,134.0
1,135.0,1.0758639574050903,0,0.001,,0.14099405168083834,0.005,0.25020058911912635,0,,"135, 315",10v,Area_10v,AntCing_MedPFC,19.0,88.0,"3906, 2667",idx_L,135,135.0
1,136.0,0.3600204288959503,0,0.001,,0.35941592822924595,0.005,0.4107610608334239,0,,"136, 316",25,Area_25,AntCing_MedPFC,19.0,164.0,"1911, 2135",idx_L,136,136.0
1,137.0,0.2681855261325836,0,0.001,,0.39427825776161535,0.005,0.43406780671003525,0,,"137, 317",33pr,Area_33_prime,AntCing_MedPFC,19.0,58.0,"1354, 1316",idx_L,137,137.0
1,138.0,-2.2012698650360107,0,0.001,,0.013858462447192396,0.005,0.05939341048796741,0,,"138, 318",8BM,Area_8BM,AntCing_MedPFC,19.0,63.0,"3122, 3436",idx_L,138,138.0
1,139.0,-0.5890558958053589,0,0.001,,0.2779118890525502,0.005,0.3624937683294133,0,,"139, 319",9 m,Area_9_Middle,AntCing_MedPFC,19.0,69.0,"6338, 5881",idx_L,139,139.0
1,140.0,2.099646806716919,0,0.001,,0.017879961035677266,0.005,0.0699650649222154,0,,"140, 320",a24,Area_a24,AntCing_MedPFC,19.0,61.0,"2085, 2152",idx_L,140,140.0
1,141.0,0.7450631856918335,0,0.001,,0.22811676156589844,0.005,0.32147738623758787,0,,"141, 321",a24pr,Anterior_24_prime,AntCing_MedPFC,19.0,59.0,"1095, 1474",idx_L,141,141.0
1,142.0,-0.5766392350196838,0,0.001,,0.2820915944519544,0.005,0.3650771850629446,0,,"142, 322",a32pr,Area_anterior_32_prime,AntCing_MedPFC,19.0,179.0,"1759, 1118",idx_L,142,142.0
1,143.0,-0.9093214869499207,0,0.001,,0.18159022590265084,0.005,0.28308415783216645,0,,"143, 323",d32,Area_dorsal_32,AntCing_MedPFC,19.0,62.0,"2228, 2374",idx_L,143,143.0
1,144.0,0.3096466660499573,0,0.001,,0.378414832413032,0.005,0.4243904662576059,0,,"144, 324",p24,Area_posterior_24,AntCing_MedPFC,19.0,180.0,"2394, 2442",idx_L,144,144.0
1,145.0,0.541604220867157,0,0.001,,0.2940455917477096,0.005,0.3693784443722897,0,,"145, 325",p24pr,Area_Posterior_24_prime,AntCing_MedPFC,19.0,57.0,"1422, 1724",idx_L,145,145.0
1,146.0,0.3931986391544342,0,0.001,,0.3470863873697003,0.005,0.4017720239649264,0,,"146, 326",p32,Area_p32,AntCing_MedPFC,19.0,64.0,"1180, 1765",idx_L,146,146.0
1,147.0,-0.14188000559806824,0,0.001,,0.44358739387818213,0.005,0.46936755968187915,0,,"147, 327",p32pr,Area_p32_prime,AntCing_MedPFC,19.0,60.0,"1569, 1305",idx_L,147,147.0
1,148.0,-1.220533847808838,0,0.001,,0.11113128319718313,0.005,0.2244240506198646,0,,"148, 328",pOFC,Posterior_OFC_Complex,AntCing_MedPFC,19.0,166.0,"2486, 2836",idx_L,148,148.0
1,149.0,-0.5565559267997742,0,0.001,,0.28891543661429486,0.005,0.3689951577550821,0,,"149, 329",s32,Area_s32,AntCing_MedPFC,19.0,165.0,"604, 1015",idx_L,149,149.0
1,150.0,-0.6115695834159851,0,0.001,,0.27041128372099277,0.005,0.3558498429234665,0,,"150, 330",10d,Area_10d,OrbPolaFrontal,20.0,72.0,"3644, 3096",idx_L,150,150.0
1,151.0,2.0176901817321777,0,0.001,,0.0218117690055172,0.005,0.08353443448921481,0,,"151, 331",10 pp,Polar_10p,OrbPolaFrontal,20.0,90.0,"1997, 2487",idx_L,151,151.0
1,152.0,-2.3790981769561768,0,0.001,,0.008677526485617816,0.005,0.04462727906889163,0,,"152, 332",11 l,Area_11l,OrbPolaFrontal,20.0,91.0,"3531, 3793",idx_L,152,152.0
1,153.0,-1.535658359527588,0,0.001,,0.06231109641433733,0.005,0.16448042903809337,0,,"153, 333",13 l,Area_13l,OrbPolaFrontal,20.0,92.0,"2429, 1757",idx_L,153,153.0
1,154.0,-3.441189765930176,1,0.001,-,0.0002895810968428996,0.005,0.0035947998228773744,1,-,"154, 334",47 m,Area_47m,OrbPolaFrontal,20.0,66.0,"799, 781",idx_L,154,154.0
1,155.0,0.8649537563323975,0,0.001,,0.19353208539886096,0.005,0.2910469764833266,0,,"155, 335",47 s,Area_47s,OrbPolaFrontal,20.0,94.0,"2795, 3080",idx_L,155,155.0
1,156.0,0.24579653143882751,0,0.001,,0.40291987111073646,0.005,0.4422291268288571,0,,"156, 336",a10p,Area_anterior_10p,OrbPolaFrontal,20.0,89.0,"1964, 1748",idx_L,156,156.0
1,157.0,-1.281378984451294,0,0.001,,0.10003029104348338,0.005,0.21059008640733343,0,,"157, 337",OFC,Orbital_Frontal_Complex,OrbPolaFrontal,20.0,93.0,"4560, 5232",idx_L,157,157.0
1,158.0,-0.08999853581190109,0,0.001,,0.46414418918047695,0.005,0.4787733756589447,0,,"158, 338",p10p,Area_posterior_10p,OrbPolaFrontal,20.0,170.0,"2116, 2365",idx_L,158,158.0
1,159.0,-1.960931658744812,0,0.001,,0.024943497820516667,0.005,0.09056755682053781,0,,"159, 339",44,Area_44,Inferior_Frontal,21.0,74.0,"2435, 2589",idx_L,159,159.0
1,160.0,-2.48882794380188,0,0.001,,0.006408248703396709,0.005,0.036618564019409765,0,,"160, 340",45,Area_45,Inferior_Frontal,21.0,75.0,"3762, 2962",idx_L,160,160.0
1,161.0,-1.3324953317642212,0,0.001,,0.091348737221984,0.005,0.19873088174429393,0,,"161, 341",47 l,Area_47l_(47_lateral),Inferior_Frontal,21.0,76.0,"2527, 2592",idx_L,161,161.0
1,162.0,-2.8234214782714844,0,0.001,,0.002375703155411128,0.005,0.018618901841757764,0,,"162, 342",a47r,Area_anterior_47r,Inferior_Frontal,21.0,77.0,"4167, 3763",idx_L,162,162.0
1,163.0,-3.2514216899871826,1,0.001,-,0.0005741470201151594,0.005,0.0055862953308502,0,,"163, 343",IFJa,Area_IFJa,Inferior_Frontal,21.0,79.0,"1513, 1405",idx_L,163,163.0
1,164.0,-4.982310771942139,1,0.001,-,3.141471056614966e-07,0.005,1.028117800346716e-05,1,-,"164, 344",IFJp,Area_IFJp,Inferior_Frontal,21.0,80.0,"960, 740",idx_L,164,164.0
1,165.0,-7.328250408172607,1,0.001,-,1.1658836657621817e-13,0.005,4.197181196743854e-11,1,-,"165, 345",IFSa,Area_IFSa,Inferior_Frontal,21.0,82.0,"2057, 2641",idx_L,165,165.0
1,166.0,-3.6790874004364014,1,0.001,-,0.00011703502364141735,0.005,0.0018318525439526194,1,-,"166, 346",IFSp,Area_IFSp,Inferior_Frontal,21.0,81.0,"1589, 1730",idx_L,166,166.0
1,167.0,-3.8033976554870605,1,0.001,-,7.136248675288844e-05,0.005,0.001223356915763802,1,-,"167, 347",p47r,Area_posterior_47r,Inferior_Frontal,21.0,171.0,"2133, 1761",idx_L,167,167.0
1,168.0,-2.873936653137207,0,0.001,,0.0020269513198717237,0.005,0.01658414716258683,0,,"168, 348",46,Area_46,Dorsolateral_Prefrontal,22.0,84.0,"4863, 4394",idx_L,168,168.0
1,169.0,-0.6072884798049927,0,0.001,,0.27182974112209246,0.005,0.3558498429234665,0,,"169, 349",8Ad,Area_8Ad,Dorsolateral_Prefrontal,22.0,68.0,"3386, 3492",idx_L,169,169.0
1,170.0,-1.7606282234191895,0,0.001,,0.03915067422781313,0.005,0.12472781169922768,0,,"170, 350",8Av,Area_8Av,Dorsolateral_Prefrontal,22.0,67.0,"4807, 5902",idx_L,170,170.0
1,171.0,-1.453369379043579,0,0.001,,0.0730606118137805,0.005,0.1754079198682626,0,,"171, 351",8BL,Area_8B_Lateral,Dorsolateral_Prefrontal,22.0,70.0,"3377, 4078",idx_L,171,171.0
1,172.0,-2.702131986618042,0,0.001,,0.0034448203491189515,0.005,0.023657837496159757,0,,"172, 352",8C,Area_8C,Dorsolateral_Prefrontal,22.0,73.0,"4085, 3134",idx_L,172,172.0
1,173.0,-1.1909129619598389,0,0.001,,0.11684387773378607,0.005,0.2306912691324252,0,,"173, 353",9-46d,Area_9-46d,Dorsolateral_Prefrontal,22.0,86.0,"4534, 4666",idx_L,173,173.0
1,174.0,-1.6760395765304565,0,0.001,,0.04686522041059149,0.005,0.14059566123177447,0,,"174, 354",9a,Area_9_anterior,Dorsolateral_Prefrontal,22.0,87.0,"3706, 3048",idx_L,174,174.0
1,175.0,-1.7686185836791992,0,0.001,,0.03847877367769568,0.005,0.1236817725354504,0,,"175, 355",9p,Area_9_Posterior,Dorsolateral_Prefrontal,22.0,71.0,"3426, 2488",idx_L,175,175.0
1,176.0,-4.122660160064697,1,0.001,-,1.8726101817054076e-05,0.005,0.0004213372908837167,1,-,"176, 356",a9-46v,Area_anterior_9-46v,Dorsolateral_Prefrontal,22.0,85.0,"3314, 2628",idx_L,176,176.0
1,177.0,-0.4889207184314728,0,0.001,,0.31244891350500403,0.005,0.37872595576364126,0,,"177, 357",i6-8,Inferior_6-8_Transitional_Area,Dorsolateral_Prefrontal,22.0,97.0,"1764, 2418",idx_L,177,177.0
1,178.0,-5.222972393035889,1,0.001,-,8.803682441331879e-08,0.005,3.961657098599345e-06,1,-,"178, 358",p9-46v,Area_posterior_9-46v,Dorsolateral_Prefrontal,22.0,83.0,"2871, 4635",idx_L,178,178.0
1,179.0,-3.2656853199005127,1,0.001,-,0.0005459976285451659,0.005,0.005508587012047961,0,,"179, 359",s6-8,Superior_6-8_Transitional_Area,Dorsolateral_Prefrontal,22.0,98.0,"1336, 2132",idx_L,179,179.0
1,180.0,-2.587678909301758,0,0.001,,0.004831250164401297,0.005,0.02898750098640778,0,,"180, 360",SFL,Superior_Frontal_Language_Area,Dorsolateral_Prefrontal,22.0,26.0,"3873, 3055",idx_L,180,180.0
1,181.0,-0.8832409381866455,0,0.001,,0.1885530535615566,0.005,0.2865322308117266,0,,"1, 181",V1,Primary_Visual_Cortex,Primary_Visual,1.0,1.0,"13,812, 13,406",idx_R,181,181.0
1,182.0,-0.4393833875656128,0,0.001,,0.3301918808118798,0.005,0.38846103624927036,0,,"2, 182",V2,Second_Visual_Area,Early_Visual,2.0,4.0,"9515, 9420",idx_R,182,182.0
1,183.0,-0.10319627821445465,0,0.001,,0.45890359684873017,0.005,0.47747195047844754,0,,"3, 183",V3,Third_Visual_Area,Early_Visual,2.0,5.0,"7106, 7481",idx_R,183,183.0
1,184.0,-0.06300341337919235,0,0.001,,0.4748818931198901,0.005,0.48354656101002513,0,,"4, 184",V4,Fourth_Visual_Area,Early_Visual,2.0,6.0,"4782, 4537",idx_R,184,184.0
1,185.0,1.307525634765625,0,0.001,,0.0955171272821394,0.005,0.20398537615756787,0,,"5, 185",IPS1,IntraParietal_Sulcus_Area_1,Dorsal_Stream_Visual,3.0,17.0,"1751, 1750",idx_R,185,185.0
1,186.0,-0.2172127515077591,0,0.001,,0.4140212738235564,0.005,0.4502950410165568,0,,"6, 186",V3A,Area_V3A,Dorsal_Stream_Visual,3.0,13.0,"2191, 2212",idx_R,186,186.0
1,187.0,-1.143740177154541,0,0.001,,0.12636570295903216,0.005,0.24069657706482314,0,,"7, 187",V3B,Area_V3B,Dorsal_Stream_Visual,3.0,19.0,"639, 731",idx_R,187,187.0
1,188.0,0.5120627284049988,0,0.001,,0.30430355433017425,0.005,0.37586755387401066,0,,"8, 188",V6,Sixth_Visual_Area,Dorsal_Stream_Visual,3.0,3.0,"1402, 1559",idx_R,188,188.0
1,189.0,1.08463454246521,0,0.001,,0.13904177485091634,0.005,0.25020058911912635,0,,"9, 189",V6A,Area_V6A,Dorsal_Stream_Visual,3.0,152.0,"904, 734",idx_R,189,189.0
1,190.0,-0.33152779936790466,0,0.001,,0.3701229231300346,0.005,0.4163882885212889,0,,"10, 190",V7,Seventh_Visual_Area,Dorsal_Stream_Visual,3.0,16.0,"1005, 1041",idx_R,190,190.0
1,191.0,-0.4596259891986847,0,0.001,,0.32289235063991256,0.005,0.3840730118140951,0,,"11, 191",FFC,Fusiform_Face_Complex,Ventral_Stream_Visual,4.0,18.0,"3848, 4402",idx_R,191,191.0
1,192.0,0.3989625871181488,0,0.001,,0.34496038578798593,0.005,0.400599157689274,0,,"12, 192",PIT,Posterior_InferoTemporal_complex,Ventral_Stream_Visual,4.0,22.0,"1392, 1386",idx_R,192,192.0
1,193.0,0.5188671350479126,0,0.001,,0.3019266987239255,0.005,0.37480555703659724,0,,"13, 193",V8,Eighth_Visual_Area,Ventral_Stream_Visual,4.0,7.0,"1361, 1175",idx_R,193,193.0
1,194.0,0.19290128350257874,0,0.001,,0.42351813991185117,0.005,0.45785744855335264,0,,"14, 194",VMV1,VentroMedial_Visual_Area_1,Ventral_Stream_Visual,4.0,153.0,"939, 1219",idx_R,194,194.0
1,195.0,0.150309219956398,0,0.001,,0.4402603295790736,0.005,0.4689163273623269,0,,"15, 195",VMV2,VentroMedial_Visual_Area_2,Ventral_Stream_Visual,4.0,160.0,"639, 923",idx_R,195,195.0
1,196.0,-0.7368288636207581,0,0.001,,0.23061321406624513,0.005,0.3217858800924351,0,,"16, 196",VMV3,VentroMedial_Visual_Area_3,Ventral_Stream_Visual,4.0,154.0,"941, 1242",idx_R,196,196.0
1,197.0,-0.2894764244556427,0,0.001,,0.38610840927188955,0.005,0.4287233204134798,0,,"17, 197",VVC,Ventral_Visual_Complex,Ventral_Stream_Visual,4.0,163.0,"2487, 2753",idx_R,197,197.0
1,198.0,-1.4421157836914062,0,0.001,,0.07463485654794401,0.005,0.17676676550828843,0,,"18, 198",FST,Area_FST,MT + _Complex,5.0,157.0,"1324, 1683",idx_R,198,198.0
1,199.0,-0.4012139141559601,0,0.001,,0.3441313186809942,0.005,0.400599157689274,0,,"19, 199",LO1,Area_Lateral_Occipital_1,MT + _Complex,5.0,20.0,"619, 909",idx_R,199,199.0
1,200.0,1.2057827711105347,0,0.001,,0.11395063014268575,0.005,0.2279012602853715,0,,"20, 200",LO2,Area_Lateral_Occipital_2,MT + _Complex,5.0,21.0,"1179, 1062",idx_R,200,200.0
1,201.0,0.45859795808792114,0,0.001,,0.3232614516101967,0.005,0.3840730118140951,0,,"21, 201",LO3,Area_Lateral_Occipital_3,MT + _Complex,5.0,159.0,"438, 915",idx_R,201,201.0
1,202.0,1.1555521488189697,0,0.001,,0.12393219516807419,0.005,0.23858604417383264,0,,"22, 202",MST,Medial_Superior_Temporal_Area,MT + _Complex,5.0,2.0,"794, 1036",idx_R,202,202.0
1,203.0,0.4892447888851166,0,0.001,,0.312334201872568,0.005,0.37872595576364126,0,,"23, 203",MT,Middle_Temporal_Area,MT + _Complex,5.0,23.0,"620, 1005",idx_R,203,203.0
1,204.0,-1.0528568029403687,0,0.001,,0.146203313282384,0.005,0.2537738441953595,0,,"24, 204",PH,Area_PH,MT + _Complex,5.0,138.0,"3453, 3205",idx_R,204,204.0
1,205.0,-0.07964301854372025,0,0.001,,0.46826059000672915,0.005,0.48163946400692137,0,,"25, 205",V3CD,Area_V3CD,MT + _Complex,5.0,158.0,"876, 1222",idx_R,205,205.0
1,206.0,0.7129616737365723,0,0.001,,0.2379347368441549,0.005,0.32944809716882983,0,,"26, 206",V4t,Area_V4t,MT + _Complex,5.0,156.0,"1037, 1249",idx_R,206,206.0
1,207.0,1.3307416439056396,0,0.001,,0.0916370176932022,0.005,0.19873088174429393,0,,"27, 207",1,Area_1,SomaSens_Motor,6.0,51.0,"6590, 5925",idx_R,207,207.0
1,208.0,2.1193060874938965,0,0.001,,0.017032303766604324,0.005,0.06776979654671207,0,,"28, 208",2,Area_2,SomaSens_Motor,6.0,52.0,"4278, 4727",idx_R,208,208.0
1,209.0,1.9242545366287231,0,0.001,,0.027161343097332622,0.005,0.09586356387293866,0,,"29, 209",3a,Area_3a,SomaSens_Motor,6.0,53.0,"2247, 2286",idx_R,209,209.0
1,210.0,0.5857296586036682,0,0.001,,0.2790286000137582,0.005,0.36263644767131026,0,,"30, 210",3b,Primary_Sensory_Cortex,SomaSens_Motor,6.0,9.0,"5451, 4350",idx_R,210,210.0
1,211.0,2.191572427749634,0,0.001,,0.014205197328672073,0.005,0.06016318868614055,0,,"31, 211",4,Primary_Motor_Cortex,SomaSens_Motor,6.0,8.0,"10,776, 10,254",idx_R,211,211.0
1,212.0,2.7238142490386963,0,0.001,,0.0032266395041186295,0.005,0.023657837496159757,0,,"32, 212",23c,Area_23c,ParaCentral_MidCing,7.0,38.0,"2259, 2498",idx_R,212,212.0
1,213.0,1.3179014921188354,0,0.001,,0.0937683130786075,0.005,0.20213528567843533,0,,"33, 213",24dd,Dorsal_Area_24d,ParaCentral_MidCing,7.0,40.0,"2665, 2820",idx_R,213,213.0
1,214.0,2.5900392532348633,0,0.001,,0.004798249432471731,0.005,0.02898750098640778,0,,"34, 214",24dv,Ventral_Area_24d,ParaCentral_MidCing,7.0,41.0,"1076, 1349",idx_R,214,214.0
1,215.0,0.8829423189163208,0,0.001,,0.18863371861772,0.005,0.2865322308117266,0,,"35, 215",5L,Area_5L,ParaCentral_MidCing,7.0,39.0,"2249, 2327",idx_R,215,215.0
1,216.0,2.4825637340545654,0,0.001,,0.006522036553861797,0.005,0.03668645561547261,0,,"36, 216",5 m,Area_5m,ParaCentral_MidCing,7.0,36.0,"1483, 2079",idx_R,216,216.0
1,217.0,3.485731363296509,1,0.001,+,0.00024539680158715683,0.005,0.0033978018681298638,1,+,"37, 217",5mv,Area_5m_ventral,ParaCentral_MidCing,7.0,37.0,"1651, 1996",idx_R,217,217.0
1,218.0,0.7196910977363586,0,0.001,,0.23585760430487424,0.005,0.3278329635125665,0,,"38, 218",6ma,Area_6m_anterior,ParaCentral_MidCing,7.0,44.0,"3941, 4251",idx_R,218,218.0
1,219.0,1.4296457767486572,0,0.001,,0.07640935506069028,0.005,0.1786192715704448,0,,"39, 219",6mp,Area_6mp,ParaCentral_MidCing,7.0,55.0,"3701, 3105",idx_R,219,219.0
1,220.0,0.6933571696281433,0,0.001,,0.24404271692236146,0.005,0.335325870580344,0,,"40, 220",SCEF,Supplementary_and_Cingulate_Eye_Field,ParaCentral_MidCing,7.0,43.0,"3500, 3371",idx_R,220,220.0
1,221.0,-0.09069131314754486,0,0.001,,0.463868936645071,0.005,0.4787733756589447,0,,"41, 221",55b,Area_55b,Premotor,8.0,12.0,"2422, 1537",idx_R,221,221.0
1,222.0,1.1037774085998535,0,0.001,,0.13484485351567027,0.005,0.24885545152608343,0,,"42, 222",6a,Area_6_anterior,Premotor,8.0,96.0,"4233, 3752",idx_R,222,222.0
1,223.0,1.9045792818069458,0,0.001,,0.028417390924026693,0.005,0.0983678916600924,0,,"43, 223",6d,Dorsal_area_6,Premotor,8.0,54.0,"2916, 2909",idx_R,223,223.0
1,224.0,1.234829306602478,0,0.001,,0.10844701892056485,0.005,0.22298628482446023,0,,"44, 224",6r,Rostral_Area_6,Premotor,8.0,78.0,"3029, 3981",idx_R,224,224.0
1,225.0,0.4399956166744232,0,0.001,,0.3299701410172167,0.005,0.38846103624927036,0,,"45, 225",6v,Ventral_Area_6,Premotor,8.0,56.0,"2075, 2516",idx_R,225,225.0
1,226.0,2.335855007171631,0,0.001,,0.009749399796620688,0.005,0.04807923187374586,0,,"46, 226",FEF,Frontal_Eye_Fields,Premotor,8.0,10.0,"1787, 1889",idx_R,226,226.0
1,227.0,0.7735766172409058,0,0.001,,0.2195906020725933,0.005,0.31123077459107706,0,,"47, 227",PEF,Premotor_Eye_Field,Premotor,8.0,11.0,"1006, 1258",idx_R,227,227.0
1,228.0,2.4904191493988037,0,0.001,,0.006379626105036994,0.005,0.036618564019409765,0,,"48, 228",43,Area_43,Posterior_Opercular,9.0,99.0,"1889, 1678",idx_R,228,228.0
1,229.0,2.8229658603668213,0,0.001,,0.002379081902002381,0.005,0.018618901841757764,0,,"49, 229",FOP1,Frontal_Opercular_Area_1,Posterior_Opercular,9.0,113.0,"879, 932",idx_R,229,229.0
1,230.0,2.1418209075927734,0,0.001,,0.016103948163008343,0.005,0.06513956560317982,0,,"50, 230",OP1,Area_OP1-SII,Posterior_Opercular,9.0,101.0,"1275, 1072",idx_R,230,230.0
1,231.0,1.4015320539474487,0,0.001,,0.0805275145998981,0.005,0.18348041301242607,0,,"51, 231",OP2-3,Area_OP2-3-VS,Posterior_Opercular,9.0,102.0,"943, 792",idx_R,231,231.0
1,232.0,2.354243516921997,0,0.001,,0.009280223727080447,0.005,0.047054655517591,0,,"52, 232",OP4,Area_OP4-PV,Posterior_Opercular,9.0,100.0,"2332, 2409",idx_R,232,232.0
1,233.0,1.0955840349197388,0,0.001,,0.13663042575679507,0.005,0.24885545152608343,0,,"53, 233",52,Area_52,Early_Auditory,10.0,103.0,"725, 580",idx_R,233,233.0
1,234.0,-1.8292044401168823,0,0.001,,0.03368449377180838,0.005,0.11291257777715126,0,,"54, 234",A1,Primary_Auditory_Cortex,Early_Auditory,10.0,24.0,"1023, 796",idx_R,234,234.0
1,235.0,-1.9935261011123657,0,0.001,,0.023101934173993716,0.005,0.08573913714059524,0,,"55, 235",LBelt,Lateral_Belt_Complex,Early_Auditory,10.0,174.0,"820, 901",idx_R,235,235.0
1,236.0,-1.9196510314941406,0,0.001,,0.02745099673941609,0.005,0.09594523132223098,0,,"56, 236",MBelt,Medial_Belt_Complex,Early_Auditory,10.0,173.0,"1242, 1236",idx_R,236,236.0
1,237.0,-0.708678126335144,0,0.001,,0.23926212088902565,0.005,0.3300167184676216,0,,"57, 237",PBelt,ParaBelt_Complex,Early_Auditory,10.0,124.0,"1719, 1439",idx_R,237,237.0
1,238.0,3.4438204765319824,1,0.001,+,0.000286778200977505,0.005,0.0035947998228773744,1,+,"58, 238",PFcm,Area_PFcm,Early_Auditory,10.0,105.0,"1486, 1485",idx_R,238,238.0
1,239.0,1.1777125597000122,0,0.001,,0.11945560903543717,0.005,0.2324541581230129,0,,"59, 239",RI,RetroInsular_Cortex,Early_Auditory,10.0,104.0,"1149, 1334",idx_R,239,239.0
1,240.0,-0.9758665561676025,0,0.001,,0.1645652986191677,0.005,0.2705182991000017,0,,"60, 240",A4,Auditory_4_Complex,Auditory_Association,11.0,175.0,"3514, 3610",idx_R,240,240.0
1,241.0,-5.027690887451172,1,0.001,-,2.482106175604258e-07,0.005,8.935582232175328e-06,1,-,"61, 241",A5,Auditory_5_Complex,Auditory_Association,11.0,125.0,"3346, 3881",idx_R,241,241.0
1,242.0,1.188754916191101,0,0.001,,0.1172680618089828,0.005,0.2306912691324252,0,,"62, 242",STGa,Area_STGa,Auditory_Association,11.0,123.0,"2509, 2187",idx_R,242,242.0
1,243.0,2.904799222946167,0,0.001,,0.0018374437574820166,0.005,0.01538325006264014,0,,"63, 243",STSda,Area_STSd_anterior,Auditory_Association,11.0,128.0,"1944, 2389",idx_R,243,243.0
1,244.0,0.6310653686523438,0,0.001,,0.2639988918958346,0.005,0.35298868101630504,0,,"64, 244",STSdp,Area_STSd_posterior,Auditory_Association,11.0,129.0,"1994, 2605",idx_R,244,244.0
1,245.0,2.698307991027832,0,0.001,,0.0034846464471535404,0.005,0.023657837496159757,0,,"65, 245",STSva,Area_STSv_anterior,Auditory_Association,11.0,176.0,"1694, 1900",idx_R,245,245.0
1,246.0,0.824744701385498,0,0.001,,0.20475827371676203,0.005,0.295242590683719,0,,"66, 246",STSvp,Area_STSv_posterior,Auditory_Association,11.0,130.0,"2898, 2515",idx_R,246,246.0
1,247.0,0.18686005473136902,0,0.001,,0.42588517959814054,0.005,0.45798085054100646,0,,"67, 247",TA2,Area_TA2,Auditory_Association,11.0,107.0,"1518, 1726",idx_R,247,247.0
1,248.0,0.8292022347450256,0,0.001,,0.2034949903209316,0.005,0.295242590683719,0,,"68, 248",AAIC,Anterior_Agranular_Insula_Complex,Insula_FrontalOperc,12.0,112.0,"1859, 1691",idx_R,248,248.0
1,249.0,1.3591628074645996,0,0.001,,0.08704750198454214,0.005,0.19225215162230166,0,,"69, 249",AVI,Anterior_Ventral_Insular_Area,Insula_FrontalOperc,12.0,111.0,"1446, 1792",idx_R,249,249.0
1,250.0,3.4261813163757324,1,0.001,+,0.0003060658048379841,0.005,0.0036125475534091716,1,+,"70, 250",FOP2,Frontal_Opercular_Area_2,Insula_FrontalOperc,12.0,115.0,"750, 720",idx_R,250,250.0
1,251.0,3.0259897708892822,0,0.001,,0.001239103432819574,0.005,0.011151930895376166,0,,"71, 251",FOP3,Frontal_Opercular_Area_3,Insula_FrontalOperc,12.0,114.0,"754, 614",idx_R,251,251.0
1,252.0,2.394669532775879,0,0.001,,0.008317675508816577,0.005,0.04403475269373482,0,,"72, 252",FOP4,Frontal_Opercular_Area_4,Insula_FrontalOperc,12.0,108.0,"2522, 1678",idx_R,252,252.0
1,253.0,2.2454278469085693,0,0.001,,0.012370339701257404,0.005,0.05748951770353481,0,,"73, 253",FOP5,Area_Frontal_Opercular_5,Insula_FrontalOperc,12.0,169.0,"1297, 1365",idx_R,253,253.0
1,254.0,0.900723397731781,0,0.001,,0.18386770254330342,0.005,0.2853119522223674,0,,"74, 254",Ig,Insular_Granular_Complex,Insula_FrontalOperc,12.0,168.0,"841, 1077",idx_R,254,254.0
1,255.0,2.785447835922241,0,0.001,,0.002672691996544331,0.005,0.020045189974082483,0,,"75, 255",MI,Middle_Insular_Area,Insula_FrontalOperc,12.0,109.0,"2102, 1960",idx_R,255,255.0
1,256.0,0.2283388376235962,0,0.001,,0.409691416939732,0.005,0.4469360912069803,0,,"76, 256",PI,Para-Insular_Area,Insula_FrontalOperc,12.0,178.0,"1033, 1058",idx_R,256,256.0
1,257.0,0.2995181083679199,0,0.001,,0.38227237868627706,0.005,0.4265401026558601,0,,"77, 257",Pir,Pirform_Cortex,Insula_FrontalOperc,12.0,110.0,"2287, 1856",idx_R,257,257.0
1,258.0,2.1769449710845947,0,0.001,,0.014742336747932041,0.005,0.06171210731692483,0,,"78, 258",PoI1,Area_Posterior_Insular_1,Insula_FrontalOperc,12.0,167.0,"1811, 1835",idx_R,258,258.0
1,259.0,3.3008639812469482,1,0.001,+,0.0004819379949214601,0.005,0.0052575053991432,0,,"79, 259",PoI2,Posterior_Insular_Area_2,Insula_FrontalOperc,12.0,106.0,"2747, 2675",idx_R,259,259.0
1,260.0,0.03638489171862602,0,0.001,,0.4854877304326054,0.005,0.49134898524648246,0,,"80, 260",H,Hippocampus,Medial_Temporal,13.0,120.0,"4283, 3626",idx_R,260,260.0
1,261.0,-1.4320327043533325,0,0.001,,0.07606723095747271,0.005,0.1786192715704448,0,,"81, 261",PreS,PreSubiculum,Medial_Temporal,13.0,119.0,"1817, 1558",idx_R,261,261.0
1,262.0,1.077844500541687,0,0.001,,0.14055157826955894,0.005,0.25020058911912635,0,,"82, 262",EC,Entorhinal_Cortex,Medial_Temporal,13.0,118.0,"2127, 2110",idx_R,262,262.0
1,263.0,-2.0011894702911377,0,0.001,,0.02268598764065604,0.005,0.08507245365246015,0,,"83, 263",PeEc,Perirhinal_Ectorhinal_Cortex,Medial_Temporal,13.0,122.0,"4826, 4755",idx_R,263,263.0
1,264.0,-2.240896224975586,0,0.001,,0.012516398920953806,0.005,0.05748951770353481,0,,"84, 264",TF,Area_TF,Medial_Temporal,13.0,135.0,"3986, 4752",idx_R,264,264.0
1,265.0,1.4035307168960571,0,0.001,,0.08022931943303435,0.005,0.18348041301242607,0,,"85, 265",PHA1,ParaHippocampal_Area_1,Medial_Temporal,13.0,126.0,"1281, 1168",idx_R,265,265.0
1,266.0,1.3465276956558228,0,0.001,,0.0890661973451603,0.005,0.19551116490401044,0,,"86, 266",PHA2,ParaHippocampal_Area_2,Medial_Temporal,13.0,155.0,"783, 771",idx_R,266,266.0
1,267.0,0.6093289852142334,0,0.001,,0.27115319920576536,0.005,0.3558498429234665,0,,"87, 267",PHA3,ParaHippocampal_Area_3,Medial_Temporal,13.0,127.0,"2023, 1122",idx_R,267,267.0
1,268.0,-1.4865483045578003,0,0.001,,0.06856707496972984,0.005,0.17052722122465613,0,,"88, 268",PHT,Area_PHT,Lateral_Temporal,14.0,137.0,"4182, 3410",idx_R,268,268.0
1,269.0,1.743878722190857,0,0.001,,0.04059011981686747,0.005,0.12817932573747623,0,,"89, 269",TE1a,Area_TE1_anterior,Lateral_Temporal,14.0,132.0,"5227, 4180",idx_R,269,269.0
1,270.0,-2.2512221336364746,0,0.001,,0.012185735852228029,0.005,0.05748951770353481,0,,"90, 270",TE1m,Area_TE1_Middle,Lateral_Temporal,14.0,177.0,"3339, 3429",idx_R,270,270.0
1,271.0,-2.329111337661743,0,0.001,,0.009926584108270494,0.005,0.048291490256451054,0,,"91, 271",TE1p,Area_TE1_posterior,Lateral_Temporal,14.0,133.0,"7116, 6010",idx_R,271,271.0
1,272.0,-1.690529465675354,0,0.001,,0.045463352986361845,0.005,0.1387017548736463,0,,"92, 272",TE2a,Area_TE2_anterior,Lateral_Temporal,14.0,134.0,"5691, 5753",idx_R,272,272.0
1,273.0,-0.9721513986587524,0,0.001,,0.1654876175240534,0.005,0.27079791958481464,0,,"93, 273",TE2p,Area_TE2_posterior,Lateral_Temporal,14.0,136.0,"4115, 3040",idx_R,273,273.0
1,274.0,1.0248439311981201,0,0.001,,0.1527184169526687,0.005,0.2593331608630223,0,,"94, 274",TGd,Area_TG_dorsal,Lateral_Temporal,14.0,131.0,"10,192, 10,269",idx_R,274,274.0
1,275.0,-1.7375153303146362,0,0.001,,0.041148125223300386,0.005,0.12881152243815774,0,,"95, 275",TGv,Area_TG_Ventral,Lateral_Temporal,14.0,172.0,"3694, 4515",idx_R,275,275.0
1,276.0,1.6121703386306763,0,0.001,,0.053462438945046084,0.005,0.14582811893937725,0,,"96, 276",PSL,PeriSylvian_Language_Area,TPO,15.0,25.0,"2154, 2759",idx_R,276,276.0
1,277.0,4.038320064544678,1,0.001,+,2.6917682710181516e-05,0.005,0.0005383536542036303,1,+,"97, 277",STV,Superior_Temporal_Visual_Area,TPO,15.0,28.0,"2322, 2294",idx_R,277,277.0
1,278.0,2.6625726222991943,0,0.001,,0.003877291718456179,0.005,0.0244881582218285,0,,"98, 278",TPOJ1,Area_TemporoParietoOccipital_Junction_1,TPO,15.0,139.0,"2102, 3938",idx_R,278,278.0
1,279.0,-0.09851164370775223,0,0.001,,0.4607630132953155,0.005,0.47802502820263276,0,,"99, 279",TPOJ2,Area_TemporoParietoOccipital_Junction_2,TPO,15.0,140.0,"1930, 2068",idx_R,279,279.0
1,280.0,1.7154732942581177,0,0.001,,0.04312924379171173,0.005,0.13270536551295917,0,,"100, 280",TPOJ3,Area_TemporoParietoOccipital_Junction_3,TPO,15.0,141.0,"1290, 1277",idx_R,280,280.0
1,281.0,0.33769696950912476,0,0.001,,0.36779577936302044,0.005,0.4158376483093972,0,,"101, 281",7AL,Lateral_Area_7A,Superior_Parietal,16.0,42.0,"2134, 2030",idx_R,281,281.0
1,282.0,0.7417284250259399,0,0.001,,0.22912594700572092,0.005,0.32147738623758787,0,,"102, 282",7Am,Medial_Area_7A,Superior_Parietal,16.0,45.0,"2995, 2379",idx_R,282,282.0
1,283.0,1.416945457458496,0,0.001,,0.07824943734053366,0.005,0.18103084803026312,0,,"103, 283",7PC,Area_7PC,Superior_Parietal,16.0,47.0,"3151, 3415",idx_R,283,283.0
1,284.0,0.49308401346206665,0,0.001,,0.3109766130801919,0.005,0.37872595576364126,0,,"104, 284",7Pl,Lateral_Area_7P,Superior_Parietal,16.0,46.0,"1695, 1363",idx_R,284,284.0
1,285.0,2.2150888442993164,0,0.001,,0.013376983497808219,0.005,0.05872822023427999,0,,"105, 285",7Pm,Medial_Area_7P,Superior_Parietal,16.0,29.0,"1601, 1308",idx_R,285,285.0
1,286.0,2.1629366874694824,0,0.001,,0.015273024764158838,0.005,0.06319872316203658,0,,"106, 286",AIP,Anterior_IntraParietal_Area,Superior_Parietal,16.0,117.0,"1999, 2542",idx_R,286,286.0
1,287.0,1.075455904006958,0,0.001,,0.14108533219772956,0.005,0.25020058911912635,0,,"107, 287",LIPd,Area_Lateral_IntraParietal_dorsal,Superior_Parietal,16.0,95.0,"1008, 869",idx_R,287,287.0
1,288.0,1.5162949562072754,0,0.001,,0.06472239322848666,0.005,0.16762634217449782,0,,"108, 288",LIPv,Area_Lateral_IntraParietal_ventral,Superior_Parietal,16.0,48.0,"1681, 1783",idx_R,288,288.0
1,289.0,1.2527179718017578,0,0.001,,0.10515418156890693,0.005,0.21881795008558666,0,,"109, 289",MIP,Medial_IntraParietal_Area,Superior_Parietal,16.0,50.0,"1872, 2403",idx_R,289,289.0
1,290.0,1.3592662811279297,0,0.001,,0.08703111239255873,0.005,0.19225215162230166,0,,"110, 290",VIP,Ventral_IntraParietal_Complex,Superior_Parietal,16.0,49.0,"1890, 1577",idx_R,290,290.0
1,291.0,0.017412256449460983,0,0.001,,0.4930538657027842,0.005,0.495079231348152,0,,"111, 291",IP0,Area_IntraParietal_0,Inferior_Parietal,17.0,146.0,"1203, 1239",idx_R,291,291.0
1,292.0,-0.5498619079589844,0,0.001,,0.2912070464035626,0.005,0.3691356926242343,0,,"112, 292",IP1,Area_IntraParietal_1,Inferior_Parietal,17.0,145.0,"1692, 1632",idx_R,292,292.0
1,293.0,1.377995252609253,0,0.001,,0.08410237694483985,0.005,0.1880550043487102,0,,"113, 293",IP2,Area_IntraParietal_2,Inferior_Parietal,17.0,144.0,"2102, 1861",idx_R,293,293.0
1,294.0,1.6344172954559326,0,0.001,,0.051085629537506,0.005,0.14582811893937725,0,,"114, 294",PF,Area_PF_Complex,Inferior_Parietal,17.0,148.0,"5457, 5251",idx_R,294,294.0
1,295.0,-0.014302283525466919,0,0.001,,0.4942944089142282,0.005,0.495079231348152,0,,"115, 295",PFm,Area_PFm_Complex,Inferior_Parietal,17.0,149.0,"8220, 8141",idx_R,295,295.0
1,296.0,3.45621395111084,1,0.001,+,0.0002739101544796986,0.005,0.0035947998228773744,1,+,"116, 296",PFop,Area_PF_Opercular,Inferior_Parietal,17.0,147.0,"1797, 1783",idx_R,296,296.0
1,297.0,2.2173385620117188,0,0.001,,0.013299982319161432,0.005,0.05872822023427999,0,,"117, 297",PFt,Area_PFt,Inferior_Parietal,17.0,116.0,"1983, 2039",idx_R,297,297.0
1,298.0,2.9241983890533447,0,0.001,,0.0017267228498241654,0.005,0.015150370775121068,0,,"118, 298",PGi,Area_PGi,Inferior_Parietal,17.0,150.0,"4791, 4970",idx_R,298,298.0
1,299.0,1.655497670173645,0,0.001,,0.04891179431525724,0.005,0.1443298848646935,0,,"119, 299",PGp,Area_PGp,Inferior_Parietal,17.0,143.0,"2501, 3740",idx_R,299,299.0
1,300.0,1.0083646774291992,0,0.001,,0.15663971185807357,0.005,0.26228044776235576,0,,"120, 300",PGs,Area_PGs,Inferior_Parietal,17.0,151.0,"4552, 3366",idx_R,300,300.0
1,301.0,0.8749032616615295,0,0.001,,0.1908132721148803,0.005,0.2886251174846929,0,,"121, 301",23d,Area_23d,Posterior_Cingulate,18.0,32.0,"1261, 1513",idx_R,301,301.0
1,302.0,1.0458900928497314,0,0.001,,0.14780588948053885,0.005,0.2545938766171961,0,,"122, 302",31a,Area_31a,Posterior_Cingulate,18.0,162.0,"1260, 1116",idx_R,302,302.0
1,303.0,1.8550561666488647,0,0.001,,0.031794103173215814,0.005,0.10814934625740641,0,,"123, 303",31pd,Area_31pd,Posterior_Cingulate,18.0,161.0,"1428, 864",idx_R,303,303.0
1,304.0,1.4553929567337036,0,0.001,,0.07278025258975984,0.005,0.1754079198682626,0,,"124, 304",31pv,Area_31p_ventral,Posterior_Cingulate,18.0,35.0,"950, 1022",idx_R,304,304.0
1,305.0,4.326202869415283,1,0.001,+,7.5850858265687e-06,0.005,0.0001820420598376488,1,+,"125, 305",7 m,Area_7m,Posterior_Cingulate,18.0,30.0,"2128, 2067",idx_R,305,305.0
1,306.0,0.9190306067466736,0,0.001,,0.17903978173281443,0.005,0.282694392209707,0,,"126, 306",d23ab,Area_dorsal_23_a + b,Posterior_Cingulate,18.0,34.0,"1607, 1106",idx_R,306,306.0
1,307.0,3.829030990600586,1,0.001,+,6.432440382231459e-05,0.005,0.0011578392688016627,1,+,"127, 307",DVT,Dorsal_Transitional_Visual_Area,Posterior_Cingulate,18.0,142.0,"1806, 2176",idx_R,307,307.0
1,308.0,3.094060182571411,1,0.001,+,0.0009871871578615058,0.005,0.009352299390266897,0,,"128, 308",PCV,PreCuneus_Visual_Area,Posterior_Cingulate,18.0,27.0,"2245, 2416",idx_R,308,308.0
1,309.0,2.4916913509368896,0,0.001,,0.006356823201832664,0.005,0.036618564019409765,0,,"129, 309",POS1,Parieto-Occipital_Sulcus_Area_1,Posterior_Cingulate,18.0,31.0,"2531, 2727",idx_R,309,309.0
1,310.0,5.150258541107178,1,0.001,+,1.3006381283068121e-07,0.005,5.202552513227249e-06,1,+,"130, 310",POS2,Parieto-Occipital_Sulcus_Area_2,Posterior_Cingulate,18.0,15.0,"3261, 3093",idx_R,310,310.0
1,311.0,-0.8543457984924316,0,0.001,,0.19645670912624547,0.005,0.2910469764833266,0,,"131, 311",ProS,ProStriate_Area,Posterior_Cingulate,18.0,121.0,"1222, 1055",idx_R,311,311.0
1,312.0,6.091870307922363,1,0.001,+,5.579954094540361e-10,0.005,5.021958685086325e-08,1,+,"132, 312",RSC,RetroSplenial_Complex,Posterior_Cingulate,18.0,14.0,"2830, 3067",idx_R,312,312.0
1,313.0,3.707152843475342,1,0.001,+,0.00010480122597637173,0.005,0.0017149291523406282,1,+,"133, 313",v23ab,Area_ventral_23_a + b,Posterior_Cingulate,18.0,33.0,"916, 1089",idx_R,313,313.0
1,314.0,1.4856597185134888,0,0.001,,0.0686845752154865,0.005,0.17052722122465613,0,,"134, 314",10r,Area_10r,AntCing_MedPFC,19.0,65.0,"1589, 1053",idx_R,314,314.0
1,315.0,3.054894208908081,0,0.001,,0.0011256996090107292,0.005,0.010391073313945192,0,,"135, 315",10v,Area_10v,AntCing_MedPFC,19.0,88.0,"3906, 2667",idx_R,315,315.0
1,316.0,0.6683860421180725,0,0.001,,0.25194360142796957,0.005,0.34097630268447005,0,,"136, 316",25,Area_25,AntCing_MedPFC,19.0,164.0,"1911, 2135",idx_R,316,316.0
1,317.0,-0.8237895369529724,0,0.001,,0.20502957686369377,0.005,0.295242590683719,0,,"137, 317",33pr,Area_33_prime,AntCing_MedPFC,19.0,58.0,"1354, 1316",idx_R,317,317.0
1,318.0,-2.157444953918457,0,0.001,,0.015485505883252666,0.005,0.06334979679512454,0,,"138, 318",8BM,Area_8BM,AntCing_MedPFC,19.0,63.0,"3122, 3436",idx_R,318,318.0
1,319.0,1.2317806482315063,0,0.001,,0.10901551702529166,0.005,0.22298628482446023,0,,"139, 319",9 m,Area_9_Middle,AntCing_MedPFC,19.0,69.0,"6338, 5881",idx_R,319,319.0
1,320.0,0.9410967826843262,0,0.001,,0.17332763207367424,0.005,0.27488082619613535,0,,"140, 320",a24,Area_a24,AntCing_MedPFC,19.0,61.0,"2085, 2152",idx_R,320,320.0
1,321.0,0.9906836152076721,0,0.001,,0.16092004708498375,0.005,0.2669641334128763,0,,"141, 321",a24pr,Anterior_24_prime,AntCing_MedPFC,19.0,59.0,"1095, 1474",idx_R,321,321.0
1,322.0,-0.9575621485710144,0,0.001,,0.1691417968001589,0.005,0.27183503057168396,0,,"142, 322",a32pr,Area_anterior_32_prime,AntCing_MedPFC,19.0,179.0,"1759, 1118",idx_R,322,322.0
1,323.0,-0.1344836950302124,0,0.001,,0.4465100517227438,0.005,0.46936755968187915,0,,"143, 323",d32,Area_dorsal_32,AntCing_MedPFC,19.0,62.0,"2228, 2374",idx_R,323,323.0
1,324.0,0.4602375030517578,0,0.001,,0.3226728773677731,0.005,0.3840730118140951,0,,"144, 324",p24,Area_posterior_24,AntCing_MedPFC,19.0,180.0,"2394, 2442",idx_R,324,324.0
1,325.0,4.403202056884766,1,0.001,+,5.333236824406176e-06,0.005,0.00013714037548473023,1,+,"145, 325",p24pr,Area_Posterior_24_prime,AntCing_MedPFC,19.0,57.0,"1422, 1724",idx_R,325,325.0
1,326.0,1.4425419569015503,0,0.001,,0.0745747720992949,0.005,0.17676676550828843,0,,"146, 326",p32,Area_p32,AntCing_MedPFC,19.0,64.0,"1180, 1765",idx_R,326,326.0
1,327.0,1.4550515413284302,0,0.001,,0.07282749658251272,0.005,0.1754079198682626,0,,"147, 327",p32pr,Area_p32_prime,AntCing_MedPFC,19.0,60.0,"1569, 1305",idx_R,327,327.0
1,328.0,-0.36014729738235474,0,0.001,,0.3593684921890365,0.005,0.4107610608334239,0,,"148, 328",pOFC,Posterior_OFC_Complex,AntCing_MedPFC,19.0,166.0,"2486, 2836",idx_R,328,328.0
1,329.0,0.7984700798988342,0,0.001,,0.21229887467798847,0.005,0.30328410668284067,0,,"149, 329",s32,Area_s32,AntCing_MedPFC,19.0,165.0,"604, 1015",idx_R,329,329.0
1,330.0,0.5104436278343201,0,0.001,,0.3048703492533642,0.005,0.37586755387401066,0,,"150, 330",10d,Area_10d,OrbPolaFrontal,20.0,72.0,"3644, 3096",idx_R,330,330.0
1,331.0,0.8179082274436951,0,0.001,,0.20670479601902686,0.005,0.2964690301468114,0,,"151, 331",10 pp,Polar_10p,OrbPolaFrontal,20.0,90.0,"1997, 2487",idx_R,331,331.0
1,332.0,-0.373128741979599,0,0.001,,0.3545263139468394,0.005,0.4077618946353425,0,,"152, 332",11 l,Area_11l,OrbPolaFrontal,20.0,91.0,"3531, 3793",idx_R,332,332.0
1,333.0,-3.421764850616455,1,0.001,-,0.0003110804837657898,0.005,0.0036125475534091716,1,-,"153, 333",13 l,Area_13l,OrbPolaFrontal,20.0,92.0,"2429, 1757",idx_R,333,333.0
1,334.0,-1.110642671585083,0,0.001,,0.13336109379163114,0.005,0.24747419466488252,0,,"154, 334",47 m,Area_47m,OrbPolaFrontal,20.0,66.0,"799, 781",idx_R,334,334.0
1,335.0,-0.47668707370758057,0,0.001,,0.3167924844308726,0.005,0.3815116579638771,0,,"155, 335",47 s,Area_47s,OrbPolaFrontal,20.0,94.0,"2795, 3080",idx_R,335,335.0
1,336.0,2.237839698791504,0,0.001,,0.012615755273831249,0.005,0.05748951770353481,0,,"156, 336",a10p,Area_anterior_10p,OrbPolaFrontal,20.0,89.0,"1964, 1748",idx_R,336,336.0
1,337.0,-0.9824870824813843,0,0.001,,0.1629299718549747,0.005,0.2690586691183069,0,,"157, 337",OFC,Orbital_Frontal_Complex,OrbPolaFrontal,20.0,93.0,"4560, 5232",idx_R,337,337.0
1,338.0,1.1845588684082031,0,0.001,,0.11809595391022149,0.005,0.23105730112869421,0,,"158, 338",p10p,Area_posterior_10p,OrbPolaFrontal,20.0,170.0,"2116, 2365",idx_R,338,338.0
1,339.0,-0.16210289299488068,0,0.001,,0.4356124140246706,0.005,0.4653426381272446,0,,"159, 339",44,Area_44,Inferior_Frontal,21.0,74.0,"2435, 2589",idx_R,339,339.0
1,340.0,0.2306378334760666,0,0.001,,0.4087980865133371,0.005,0.4469360912069803,0,,"160, 340",45,Area_45,Inferior_Frontal,21.0,75.0,"3762, 2962",idx_R,340,340.0
1,341.0,-0.8390055298805237,0,0.001,,0.20073310323573534,0.005,0.29375576083278343,0,,"161, 341",47 l,Area_47l_(47_lateral),Inferior_Frontal,21.0,76.0,"2527, 2592",idx_R,341,341.0
1,342.0,-1.6845691204071045,0,0.001,,0.04603586663930462,0.005,0.13926816798445094,0,,"162, 342",a47r,Area_anterior_47r,Inferior_Frontal,21.0,77.0,"4167, 3763",idx_R,342,342.0
1,343.0,0.6115385890007019,0,0.001,,0.2704215397866571,0.005,0.3558498429234665,0,,"163, 343",IFJa,Area_IFJa,Inferior_Frontal,21.0,79.0,"1513, 1405",idx_R,343,343.0
1,344.0,-1.287593126296997,0,0.001,,0.0989438166671524,0.005,0.2095280823539698,0,,"164, 344",IFJp,Area_IFJp,Inferior_Frontal,21.0,80.0,"960, 740",idx_R,344,344.0
1,345.0,-2.6906898021698,0,0.001,,0.0035652230557356858,0.005,0.023657837496159757,0,,"165, 345",IFSa,Area_IFSa,Inferior_Frontal,21.0,82.0,"2057, 2641",idx_R,345,345.0
1,346.0,-1.9802199602127075,0,0.001,,0.02383940897647154,0.005,0.0875733390972424,0,,"166, 346",IFSp,Area_IFSp,Inferior_Frontal,21.0,81.0,"1589, 1730",idx_R,346,346.0
1,347.0,-1.942967414855957,0,0.001,,0.026010047762999672,0.005,0.09270908113544438,0,,"167, 347",p47r,Area_posterior_47r,Inferior_Frontal,21.0,171.0,"2133, 1761",idx_R,347,347.0
1,348.0,-0.28703728318214417,0,0.001,,0.3870418864843915,0.005,0.4287233204134798,0,,"168, 348",46,Area_46,Dorsolateral_Prefrontal,22.0,84.0,"4863, 4394",idx_R,348,348.0
1,349.0,1.3060969114303589,0,0.001,,0.09575980158508046,0.005,0.20398537615756787,0,,"169, 349",8Ad,Area_8Ad,Dorsolateral_Prefrontal,22.0,68.0,"3386, 3492",idx_R,349,349.0
1,350.0,-0.1299169361591339,0,0.001,,0.44831607236725696,0.005,0.46936755968187915,0,,"170, 350",8Av,Area_8Av,Dorsolateral_Prefrontal,22.0,67.0,"4807, 5902",idx_R,350,350.0
1,351.0,-0.6761702299118042,0,0.001,,0.24946628569748647,0.005,0.3388975956645099,0,,"171, 351",8BL,Area_8B_Lateral,Dorsolateral_Prefrontal,22.0,70.0,"3377, 4078",idx_R,351,351.0
1,352.0,-0.19435590505599976,0,0.001,,0.42294860709186166,0.005,0.45785744855335264,0,,"172, 352",8C,Area_8C,Dorsolateral_Prefrontal,22.0,73.0,"4085, 3134",idx_R,352,352.0
1,353.0,1.0401990413665771,0,0.001,,0.14912371840325023,0.005,0.25564066011985753,0,,"173, 353",9-46d,Area_9-46d,Dorsolateral_Prefrontal,22.0,86.0,"4534, 4666",idx_R,353,353.0
1,354.0,-0.49012088775634766,0,0.001,,0.31202417910061964,0.005,0.37872595576364126,0,,"174, 354",9a,Area_9_anterior,Dorsolateral_Prefrontal,22.0,87.0,"3706, 3048",idx_R,354,354.0
1,355.0,0.3855364918708801,0,0.001,,0.34991998771420535,0.005,0.4037538319779292,0,,"175, 355",9p,Area_9_Posterior,Dorsolateral_Prefrontal,22.0,71.0,"3426, 2488",idx_R,355,355.0
1,356.0,-1.2235230207443237,0,0.001,,0.1105661073473892,0.005,0.2244240506198646,0,,"176, 356",a9-46v,Area_anterior_9-46v,Dorsolateral_Prefrontal,22.0,85.0,"3314, 2628",idx_R,356,356.0
1,357.0,-0.1759149134159088,0,0.001,,0.430180394425284,0.005,0.4609075654556614,0,,"177, 357",i6-8,Inferior_6-8_Transitional_Area,Dorsolateral_Prefrontal,22.0,97.0,"1764, 2418",idx_R,357,357.0
1,358.0,-1.5333571434020996,0,0.001,,0.06259394105060775,0.005,0.16448042903809337,0,,"178, 358",p9-46v,Area_posterior_9-46v,Dorsolateral_Prefrontal,22.0,83.0,"2871, 4635",idx_R,358,358.0
1,359.0,0.5561732649803162,0,0.001,,0.28904620690814764,0.005,0.3689951577550821,0,,"179, 359",s6-8,Superior_6-8_Transitional_Area,Dorsolateral_Prefrontal,22.0,98.0,"1336, 2132",idx_R,359,359.0
1,360.0,-0.025430025532841682,0,0.001,,0.4898559809678946,0.005,0.49397241778275086,0,,"180, 360",SFL,Superior_Frontal_Language_Area,Dorsolateral_Prefrontal,22.0,26.0,"3873, 3055",idx_R,360,360.0
2,1.0,-0.6284454464912415,0,0.001,,0.2648560867361484,0.005,0.3479353962400712,0,,"1, 181",V1,Primary_Visual_Cortex,Primary_Visual,1.0,1.0,"13,812, 13,406",idx_L,1,1.0
2,2.0,0.06139582023024559,0,0.001,,0.4755219905275657,0.005,0.48910833311406754,0,,"2, 182",V2,Second_Visual_Area,Early_Visual,2.0,4.0,"9515, 9420",idx_L,2,2.0
2,3.0,-0.16945958137512207,0,0.001,,0.43271758095552226,0.005,0.4710540389307989,0,,"3, 183",V3,Third_Visual_Area,Early_Visual,2.0,5.0,"7106, 7481",idx_L,3,3.0
2,4.0,-2.1052143573760986,0,0.001,,0.017636326522322446,0.005,0.051618516650699844,0,,"4, 184",V4,Fourth_Visual_Area,Early_Visual,2.0,6.0,"4782, 4537",idx_L,4,4.0
2,5.0,-1.0902175903320312,0,0.001,,0.13780865327771397,0.005,0.22653477251131063,0,,"5, 185",IPS1,IntraParietal_Sulcus_Area_1,Dorsal_Stream_Visual,3.0,17.0,"1751, 1750",idx_L,5,5.0
2,6.0,0.03989559784531593,0,0.001,,0.4840881803606382,0.005,0.4903078225488938,0,,"6, 186",V3A,Area_V3A,Dorsal_Stream_Visual,3.0,13.0,"2191, 2212",idx_L,6,6.0
2,7.0,-1.1018896102905273,0,0.001,,0.13525483300705698,0.005,0.22438589807622356,0,,"7, 187",V3B,Area_V3B,Dorsal_Stream_Visual,3.0,19.0,"639, 731",idx_L,7,7.0
2,8.0,0.2847861051559448,0,0.001,,0.38790400905156447,0.005,0.44191595967899755,0,,"8, 188",V6,Sixth_Visual_Area,Dorsal_Stream_Visual,3.0,3.0,"1402, 1559",idx_L,8,8.0
2,9.0,1.1684666872024536,0,0.001,,0.12130928450733613,0.005,0.2050297766321174,0,,"9, 189",V6A,Area_V6A,Dorsal_Stream_Visual,3.0,152.0,"904, 734",idx_L,9,9.0
2,10.0,-1.571524977684021,0,0.001,,0.05803037863263607,0.005,0.11937677890142276,0,,"10, 190",V7,Seventh_Visual_Area,Dorsal_Stream_Visual,3.0,16.0,"1005, 1041",idx_L,10,10.0
2,11.0,-1.542413353919983,0,0.001,,0.061486589271658336,0.005,0.12366017954076537,0,,"11, 191",FFC,Fusiform_Face_Complex,Ventral_Stream_Visual,4.0,18.0,"3848, 4402",idx_L,11,11.0
2,12.0,-0.6997104287147522,0,0.001,,0.24205408115927657,0.005,0.3289951164815102,0,,"12, 192",PIT,Posterior_InferoTemporal_complex,Ventral_Stream_Visual,4.0,22.0,"1392, 1386",idx_L,12,12.0
2,13.0,-1.4723578691482544,0,0.001,,0.0704621319328609,0.005,0.13637831987005336,0,,"13, 193",V8,Eighth_Visual_Area,Ventral_Stream_Visual,4.0,7.0,"1361, 1175",idx_L,13,13.0
2,14.0,0.39464837312698364,0,0.001,,0.3465512042972583,0.005,0.4117440051056534,0,,"14, 194",VMV1,VentroMedial_Visual_Area_1,Ventral_Stream_Visual,4.0,153.0,"939, 1219",idx_L,14,14.0
2,15.0,-1.301443338394165,0,0.001,,0.09655337370749284,0.005,0.1720753194787001,0,,"15, 195",VMV2,VentroMedial_Visual_Area_2,Ventral_Stream_Visual,4.0,160.0,"639, 923",idx_L,15,15.0
2,16.0,-1.2849656343460083,0,0.001,,0.09940214663215624,0.005,0.17627966890431648,0,,"16, 196",VMV3,VentroMedial_Visual_Area_3,Ventral_Stream_Visual,4.0,154.0,"941, 1242",idx_L,16,16.0
2,17.0,-0.7070981860160828,0,0.001,,0.23975273159149124,0.005,0.3281786440035621,0,,"17, 197",VVC,Ventral_Visual_Complex,Ventral_Stream_Visual,4.0,163.0,"2487, 2753",idx_L,17,17.0
2,18.0,-2.864448070526123,0,0.001,,0.0020886832138334688,0.005,0.011832318539373124,0,,"18, 198",FST,Area_FST,MT + _Complex,5.0,157.0,"1324, 1683",idx_L,18,18.0
2,19.0,-1.2577497959136963,0,0.001,,0.10424112862640827,0.005,0.18216896264809213,0,,"19, 199",LO1,Area_Lateral_Occipital_1,MT + _Complex,5.0,20.0,"619, 909",idx_L,19,19.0
2,20.0,-2.4531145095825195,0,0.001,,0.007081262327315376,0.005,0.027709287367755818,0,,"20, 200",LO2,Area_Lateral_Occipital_2,MT + _Complex,5.0,21.0,"1179, 1062",idx_L,20,20.0
2,21.0,0.272968053817749,0,0.001,,0.3924388863390754,0.005,0.44287774006917596,0,,"21, 201",LO3,Area_Lateral_Occipital_3,MT + _Complex,5.0,159.0,"438, 915",idx_L,21,21.0
2,22.0,-0.8018013834953308,0,0.001,,0.2113339291204856,0.005,0.3043208579334992,0,,"22, 202",MST,Medial_Superior_Temporal_Area,MT + _Complex,5.0,2.0,"794, 1036",idx_L,22,22.0
2,23.0,0.11250027269124985,0,0.001,,0.45521337676992846,0.005,0.4804764945339579,0,,"23, 203",MT,Middle_Temporal_Area,MT + _Complex,5.0,23.0,"620, 1005",idx_L,23,23.0
2,24.0,-2.8039066791534424,0,0.001,,0.00252437579319661,0.005,0.01356381023210119,0,,"24, 204",PH,Area_PH,MT + _Complex,5.0,138.0,"3453, 3205",idx_L,24,24.0
2,25.0,-1.722206950187683,0,0.001,,0.04251601813906339,0.005,0.09626268257901144,0,,"25, 205",V3CD,Area_V3CD,MT + _Complex,5.0,158.0,"876, 1222",idx_L,25,25.0
2,26.0,-3.59721040725708,1,0.001,-,0.00016082414496220568,0.005,0.0018316411883367671,1,-,"26, 206",V4t,Area_V4t,MT + _Complex,5.0,156.0,"1037, 1249",idx_L,26,26.0
2,27.0,-1.5729278326034546,0,0.001,,0.057867764791010017,0.005,0.11937677890142276,0,,"27, 207",1,Area_1,SomaSens_Motor,6.0,51.0,"6590, 5925",idx_L,27,27.0
2,28.0,-1.8405145406723022,0,0.001,,0.032846365744330135,0.005,0.0777940241313082,0,,"28, 208",2,Area_2,SomaSens_Motor,6.0,52.0,"4278, 4727",idx_L,28,28.0
2,29.0,-1.83516526222229,0,0.001,,0.0332406032411832,0.005,0.07821318409690164,0,,"29, 209",3a,Area_3a,SomaSens_Motor,6.0,53.0,"2247, 2286",idx_L,29,29.0
2,30.0,-1.9268183708190918,0,0.001,,0.02700113460585815,0.005,0.06902554940409157,0,,"30, 210",3b,Primary_Sensory_Cortex,SomaSens_Motor,6.0,9.0,"5451, 4350",idx_L,30,30.0
2,31.0,-2.565711498260498,0,0.001,,0.005148221416641744,0.005,0.023220183794424455,0,,"31, 211",4,Primary_Motor_Cortex,SomaSens_Motor,6.0,8.0,"10,776, 10,254",idx_L,31,31.0
2,32.0,-2.1999783515930176,0,0.001,,0.013904215500210133,0.005,0.042782201539108104,0,,"32, 212",23c,Area_23c,ParaCentral_MidCing,7.0,38.0,"2259, 2498",idx_L,32,32.0
2,33.0,-1.3797621726989746,0,0.001,,0.08382994152910589,0.005,0.15476296897681088,0,,"33, 213",24dd,Dorsal_Area_24d,ParaCentral_MidCing,7.0,40.0,"2665, 2820",idx_L,33,33.0
2,34.0,-0.8114091753959656,0,0.001,,0.20856536585166607,0.005,0.3027561762362895,0,,"34, 214",24dv,Ventral_Area_24d,ParaCentral_MidCing,7.0,41.0,"1076, 1349",idx_L,34,34.0
2,35.0,-0.8412783145904541,0,0.001,,0.200096018110118,0.005,0.29522363327722334,0,,"35, 215",5L,Area_5L,ParaCentral_MidCing,7.0,39.0,"2249, 2327",idx_L,35,35.0
2,36.0,0.4619767367839813,0,0.001,,0.3220490015173204,0.005,0.39300895100418765,0,,"36, 216",5 m,Area_5m,ParaCentral_MidCing,7.0,36.0,"1483, 2079",idx_L,36,36.0
2,37.0,0.16502709686756134,0,0.001,,0.4344613271210399,0.005,0.4710540389307989,0,,"37, 217",5mv,Area_5m_ventral,ParaCentral_MidCing,7.0,37.0,"1651, 1996",idx_L,37,37.0
2,38.0,-1.8705881834030151,0,0.001,,0.030701091861875546,0.005,0.0746783315559135,0,,"38, 218",6ma,Area_6m_anterior,ParaCentral_MidCing,7.0,44.0,"3941, 4251",idx_L,38,38.0
2,39.0,-1.7744325399398804,0,0.001,,0.03799581570909663,0.005,0.08748086193590562,0,,"39, 219",6mp,Area_6mp,ParaCentral_MidCing,7.0,55.0,"3701, 3105",idx_L,39,39.0
2,40.0,-2.5142598152160645,0,0.001,,0.005964126079183659,0.005,0.025259828100071966,0,,"40, 220",SCEF,Supplementary_and_Cingulate_Eye_Field,ParaCentral_MidCing,7.0,43.0,"3500, 3371",idx_L,40,40.0
2,41.0,-3.5345582962036133,1,0.001,-,0.00020422866177810723,0.005,0.0022279490375793514,1,-,"41, 221",55b,Area_55b,Premotor,8.0,12.0,"2422, 1537",idx_L,41,41.0
2,42.0,-0.17489531636238098,0,0.001,,0.4305809452775162,0.005,0.4710540389307989,0,,"42, 222",6a,Area_6_anterior,Premotor,8.0,96.0,"4233, 3752",idx_L,42,42.0
2,43.0,-3.178191661834717,1,0.001,-,0.0007409837555345989,0.005,0.005675914306163054,0,,"43, 223",6d,Dorsal_area_6,Premotor,8.0,54.0,"2916, 2909",idx_L,43,43.0
2,44.0,-2.77687668800354,0,0.001,,0.002744199848935284,0.005,0.01431756442922757,0,,"44, 224",6r,Rostral_Area_6,Premotor,8.0,78.0,"3029, 3981",idx_L,44,44.0
2,45.0,-2.2326037883758545,0,0.001,,0.012787542031674,0.005,0.041149244681750734,0,,"45, 225",6v,Ventral_Area_6,Premotor,8.0,56.0,"2075, 2516",idx_L,45,45.0
2,46.0,-2.021209239959717,0,0.001,,0.021629054807677104,0.005,0.05918264292798958,0,,"46, 226",FEF,Frontal_Eye_Fields,Premotor,8.0,10.0,"1787, 1889",idx_L,46,46.0
2,47.0,-2.5310165882110596,0,0.001,,0.005686623484577128,0.005,0.024965664078631294,0,,"47, 227",PEF,Premotor_Eye_Field,Premotor,8.0,11.0,"1006, 1258",idx_L,47,47.0
2,48.0,-2.3128998279571533,0,0.001,,0.01036407364664547,0.005,0.03688757209056689,0,,"48, 228",43,Area_43,Posterior_Opercular,9.0,99.0,"1889, 1678",idx_L,48,48.0
2,49.0,-2.297065019607544,0,0.001,,0.010807530448596144,0.005,0.03741068232206358,0,,"49, 229",FOP1,Frontal_Opercular_Area_1,Posterior_Opercular,9.0,113.0,"879, 932",idx_L,49,49.0
2,50.0,-1.6513497829437256,0,0.001,,0.04933358622279082,0.005,0.10634785054014788,0,,"50, 230",OP1,Area_OP1-SII,Posterior_Opercular,9.0,101.0,"1275, 1072",idx_L,50,50.0
2,51.0,-1.1453945636749268,0,0.001,,0.12602287463597828,0.005,0.21101504590210318,0,,"51, 231",OP2-3,Area_OP2-3-VS,Posterior_Opercular,9.0,102.0,"943, 792",idx_L,51,51.0
2,52.0,-0.9210094809532166,0,0.001,,0.1785227385583486,0.005,0.2700343944580063,0,,"52, 232",OP4,Area_OP4-PV,Posterior_Opercular,9.0,100.0,"2332, 2409",idx_L,52,52.0
2,53.0,-3.3718719482421875,1,0.001,-,0.0003732957589067002,0.005,0.003538124296757588,1,-,"53, 233",52,Area_52,Early_Auditory,10.0,103.0,"725, 580",idx_L,53,53.0
2,54.0,1.330151915550232,0,0.001,,0.09173411165397644,0.005,0.16512140097715758,0,,"54, 234",A1,Primary_Auditory_Cortex,Early_Auditory,10.0,24.0,"1023, 796",idx_L,54,54.0
2,55.0,1.6736347675323486,0,0.001,,0.047101200606547274,0.005,0.10339287938022573,0,,"55, 235",LBelt,Lateral_Belt_Complex,Early_Auditory,10.0,174.0,"820, 901",idx_L,55,55.0
2,56.0,1.675268292427063,0,0.001,,0.046940801812779515,0.005,0.10339287938022573,0,,"56, 236",MBelt,Medial_Belt_Complex,Early_Auditory,10.0,173.0,"1242, 1236",idx_L,56,56.0
2,57.0,0.21204334497451782,0,0.001,,0.4160366093513053,0.005,0.46084055189683054,0,,"57, 237",PBelt,ParaBelt_Complex,Early_Auditory,10.0,124.0,"1719, 1439",idx_L,57,57.0
2,58.0,-2.898942232131958,0,0.001,,0.0018721193638005739,0.005,0.011221070835776606,0,,"58, 238",PFcm,Area_PFcm,Early_Auditory,10.0,105.0,"1486, 1485",idx_L,58,58.0
2,59.0,-1.0710796117782593,0,0.001,,0.14206681733397708,0.005,0.2314210599105509,0,,"59, 239",RI,RetroInsular_Cortex,Early_Auditory,10.0,104.0,"1149, 1334",idx_L,59,59.0
2,60.0,0.9095786213874817,0,0.001,,0.1815223886958513,0.005,0.272283583043777,0,,"60, 240",A4,Auditory_4_Complex,Auditory_Association,11.0,175.0,"3514, 3610",idx_L,60,60.0
2,61.0,1.686657190322876,0,0.001,,0.04583464411545224,0.005,0.10248740299107333,0,,"61, 241",A5,Auditory_5_Complex,Auditory_Association,11.0,125.0,"3346, 3881",idx_L,61,61.0
2,62.0,0.18509426712989807,0,0.001,,0.42657754904239886,0.005,0.4710540389307989,0,,"62, 242",STGa,Area_STGa,Auditory_Association,11.0,123.0,"2509, 2187",idx_L,62,62.0
2,63.0,1.0532338619232178,0,0.001,,0.146116911279268,0.005,0.23588380296204703,0,,"63, 243",STSda,Area_STSd_anterior,Auditory_Association,11.0,128.0,"1944, 2389",idx_L,63,63.0
2,64.0,-0.09231600910425186,0,0.001,,0.463223484629023,0.005,0.481527701339363,0,,"64, 244",STSdp,Area_STSd_posterior,Auditory_Association,11.0,129.0,"1994, 2605",idx_L,64,64.0
2,65.0,2.7891762256622314,0,0.001,,0.0026421151545976693,0.005,0.013987668465517073,0,,"65, 245",STSva,Area_STSv_anterior,Auditory_Association,11.0,176.0,"1694, 1900",idx_L,65,65.0
2,66.0,-0.6993170380592346,0,0.001,,0.2421769607433339,0.005,0.3289951164815102,0,,"66, 246",STSvp,Area_STSv_posterior,Auditory_Association,11.0,130.0,"2898, 2515",idx_L,66,66.0
2,67.0,-3.728280544281006,1,0.001,-,9.639534562884201e-05,0.005,0.001239368729513683,1,-,"67, 247",TA2,Area_TA2,Auditory_Association,11.0,107.0,"1518, 1726",idx_L,67,67.0
2,68.0,-0.9740772843360901,0,0.001,,0.16500908368337247,0.005,0.2527798728766557,0,,"68, 248",AAIC,Anterior_Agranular_Insula_Complex,Insula_FrontalOperc,12.0,112.0,"1859, 1691",idx_L,68,68.0
2,69.0,0.357699453830719,0,0.001,,0.3602841209387621,0.005,0.4218202678069158,0,,"69, 249",AVI,Anterior_Ventral_Insular_Area,Insula_FrontalOperc,12.0,111.0,"1446, 1792",idx_L,69,69.0
2,70.0,-0.6581097841262817,0,0.001,,0.25523379464080986,0.005,0.33905596336048544,0,,"70, 250",FOP2,Frontal_Opercular_Area_2,Insula_FrontalOperc,12.0,115.0,"750, 720",idx_L,70,70.0
2,71.0,-0.5917760133743286,0,0.001,,0.2770002937462539,0.005,0.354875821169578,0,,"71, 251",FOP3,Frontal_Opercular_Area_3,Insula_FrontalOperc,12.0,114.0,"754, 614",idx_L,71,71.0
2,72.0,-2.019834041595459,0,0.001,,0.021700302406929516,0.005,0.05918264292798958,0,,"72, 252",FOP4,Frontal_Opercular_Area_4,Insula_FrontalOperc,12.0,108.0,"2522, 1678",idx_L,72,72.0
2,73.0,-1.6756699085235596,0,0.001,,0.046901433558046275,0.005,0.10339287938022573,0,,"73, 253",FOP5,Area_Frontal_Opercular_5,Insula_FrontalOperc,12.0,169.0,"1297, 1365",idx_L,73,73.0
2,74.0,-1.5808770656585693,0,0.001,,0.05695307457533456,0.005,0.11851506848046496,0,,"74, 254",Ig,Insular_Granular_Complex,Insula_FrontalOperc,12.0,168.0,"841, 1077",idx_L,74,74.0
2,75.0,-2.6307201385498047,0,0.001,,0.004260208388783975,0.005,0.02017993447318725,0,,"75, 255",MI,Middle_Insular_Area,Insula_FrontalOperc,12.0,109.0,"2102, 1960",idx_L,75,75.0
2,76.0,-2.564915895462036,0,0.001,,0.005160040843205435,0.005,0.023220183794424455,0,,"76, 256",PI,Para-Insular_Area,Insula_FrontalOperc,12.0,178.0,"1033, 1058",idx_L,76,76.0
2,77.0,-2.7100205421447754,0,0.001,,0.0033639520570500846,0.005,0.016819760285250424,0,,"77, 257",Pir,Pirform_Cortex,Insula_FrontalOperc,12.0,110.0,"2287, 1856",idx_L,77,77.0
2,78.0,-2.9427974224090576,0,0.001,,0.001626305902634338,0.005,0.010029761701281337,0,,"78, 258",PoI1,Area_Posterior_Insular_1,Insula_FrontalOperc,12.0,167.0,"1811, 1835",idx_L,78,78.0
2,79.0,-3.5940117835998535,1,0.001,-,0.0001628125500743793,0.005,0.0018316411883367671,1,-,"79, 259",PoI2,Posterior_Insular_Area_2,Insula_FrontalOperc,12.0,106.0,"2747, 2675",idx_L,79,79.0
2,80.0,0.32296475768089294,0,0.001,,0.37336096614518066,0.005,0.429424753393818,0,,"80, 260",H,Hippocampus,Medial_Temporal,13.0,120.0,"4283, 3626",idx_L,80,80.0
2,81.0,1.0639629364013672,0,0.001,,0.14367274504227834,0.005,0.23298282979828921,0,,"81, 261",PreS,PreSubiculum,Medial_Temporal,13.0,119.0,"1817, 1558",idx_L,81,81.0
2,82.0,-0.02432030811905861,0,0.001,,0.4902985571923506,0.005,0.49166429133494766,0,,"82, 262",EC,Entorhinal_Cortex,Medial_Temporal,13.0,118.0,"2127, 2110",idx_L,82,82.0
2,83.0,-0.9480316638946533,0,0.001,,0.1715566674390709,0.005,0.2605924062365634,0,,"83, 263",PeEc,Perirhinal_Ectorhinal_Cortex,Medial_Temporal,13.0,122.0,"4826, 4755",idx_L,83,83.0
2,84.0,-0.2770145535469055,0,0.001,,0.3908844655853334,0.005,0.4425107157569812,0,,"84, 264",TF,Area_TF,Medial_Temporal,13.0,135.0,"3986, 4752",idx_L,84,84.0
2,85.0,1.4581043720245361,0,0.001,,0.07240588824762974,0.005,0.13864957324014207,0,,"85, 265",PHA1,ParaHippocampal_Area_1,Medial_Temporal,13.0,126.0,"1281, 1168",idx_L,85,85.0
2,86.0,2.2587809562683105,0,0.001,,0.011948506850066742,0.005,0.03946295840389016,0,,"86, 266",PHA2,ParaHippocampal_Area_2,Medial_Temporal,13.0,155.0,"783, 771",idx_L,86,86.0
2,87.0,0.7821447849273682,0,0.001,,0.21706474477779908,0.005,0.3113279207968433,0,,"87, 267",PHA3,ParaHippocampal_Area_3,Medial_Temporal,13.0,127.0,"2023, 1122",idx_L,87,87.0
2,88.0,-3.603256940841675,1,0.001,-,0.0001571273032629925,0.005,0.0018316411883367671,1,-,"88, 268",PHT,Area_PHT,Lateral_Temporal,14.0,137.0,"4182, 3410",idx_L,88,88.0
2,89.0,1.5309066772460938,0,0.001,,0.06289622936996636,0.005,0.12579245873993272,0,,"89, 269",TE1a,Area_TE1_anterior,Lateral_Temporal,14.0,132.0,"5227, 4180",idx_L,89,89.0
2,90.0,-2.8622050285339355,0,0.001,,0.0021035232958885553,0.005,0.011832318539373124,0,,"90, 270",TE1m,Area_TE1_Middle,Lateral_Temporal,14.0,177.0,"3339, 3429",idx_L,90,90.0
2,91.0,-1.2650090456008911,0,0.001,,0.10293404264514178,0.005,0.18164831055025019,0,,"91, 271",TE1p,Area_TE1_posterior,Lateral_Temporal,14.0,133.0,"7116, 6010",idx_L,91,91.0
2,92.0,-2.602001428604126,0,0.001,,0.004634073308493748,0.005,0.021665797286464273,0,,"92, 272",TE2a,Area_TE2_anterior,Lateral_Temporal,14.0,134.0,"5691, 5753",idx_L,92,92.0
2,93.0,-1.5139814615249634,0,0.001,,0.06501527070994632,0.005,0.1286016343713224,0,,"93, 273",TE2p,Area_TE2_posterior,Lateral_Temporal,14.0,136.0,"4115, 3040",idx_L,93,93.0
2,94.0,-2.498586416244507,0,0.001,,0.006234486871690934,0.005,0.025744688645240495,0,,"94, 274",TGd,Area_TG_dorsal,Lateral_Temporal,14.0,131.0,"10,192, 10,269",idx_L,94,94.0
2,95.0,-1.6918362379074097,0,0.001,,0.04533860104322711,0.005,0.102011852347261,0,,"95, 275",TGv,Area_TG_Ventral,Lateral_Temporal,14.0,172.0,"3694, 4515",idx_L,95,95.0
2,96.0,-5.689453125,1,0.001,-,6.372343386175101e-09,0.005,2.8675545237787953e-07,1,-,"96, 276",PSL,PeriSylvian_Language_Area,TPO,15.0,25.0,"2154, 2759",idx_L,96,96.0
2,97.0,-4.25138521194458,1,0.001,-,1.0622619560986329e-05,0.005,0.00019120715209775392,1,-,"97, 277",STV,Superior_Temporal_Visual_Area,TPO,15.0,28.0,"2322, 2294",idx_L,97,97.0
2,98.0,-1.9093601703643799,0,0.001,,0.028107822573802874,0.005,0.07125926849696504,0,,"98, 278",TPOJ1,Area_TemporoParietoOccipital_Junction_1,TPO,15.0,139.0,"2102, 3938",idx_L,98,98.0
2,99.0,-0.3892417848110199,0,0.001,,0.3485486480349226,0.005,0.4127549779360925,0,,"99, 279",TPOJ2,Area_TemporoParietoOccipital_Junction_2,TPO,15.0,140.0,"1930, 2068",idx_L,99,99.0
2,100.0,2.234804391860962,0,0.001,,0.012715096702009671,0.005,0.041149244681750734,0,,"100, 280",TPOJ3,Area_TemporoParietoOccipital_Junction_3,TPO,15.0,141.0,"1290, 1277",idx_L,100,100.0
2,101.0,-1.1615560054779053,0,0.001,,0.12270793068069075,0.005,0.20642455628527415,0,,"101, 281",7AL,Lateral_Area_7A,Superior_Parietal,16.0,42.0,"2134, 2030",idx_L,101,101.0
2,102.0,-0.5266323089599609,0,0.001,,0.29922447547886033,0.005,0.37395079593901637,0,,"102, 282",7Am,Medial_Area_7A,Superior_Parietal,16.0,45.0,"2995, 2379",idx_L,102,102.0
2,103.0,-2.070373058319092,0,0.001,,0.01920871139707278,0.005,0.05467856108631879,0,,"103, 283",7PC,Area_7PC,Superior_Parietal,16.0,47.0,"3151, 3415",idx_L,103,103.0
2,104.0,0.45433342456817627,0,0.001,,0.3247944310746974,0.005,0.39502025400976715,0,,"104, 284",7Pl,Lateral_Area_7P,Superior_Parietal,16.0,46.0,"1695, 1363",idx_L,104,104.0
2,105.0,2.2812392711639404,0,0.001,,0.011267146046561123,0.005,0.03808151556007985,0,,"105, 285",7Pm,Medial_Area_7P,Superior_Parietal,16.0,29.0,"1601, 1308",idx_L,105,105.0
2,106.0,-2.078011989593506,0,0.001,,0.018854127433200748,0.005,0.054299887007618154,0,,"106, 286",AIP,Anterior_IntraParietal_Area,Superior_Parietal,16.0,117.0,"1999, 2542",idx_L,106,106.0
2,107.0,-0.11303139477968216,0,0.001,,0.45500283263356195,0.005,0.4804764945339579,0,,"107, 287",LIPd,Area_Lateral_IntraParietal_dorsal,Superior_Parietal,16.0,95.0,"1008, 869",idx_L,107,107.0
2,108.0,-1.1854403018951416,0,0.001,,0.11792170252206768,0.005,0.20311872204758072,0,,"108, 288",LIPv,Area_Lateral_IntraParietal_ventral,Superior_Parietal,16.0,48.0,"1681, 1783",idx_L,108,108.0
2,109.0,0.09983783215284348,0,0.001,,0.4602365361847004,0.005,0.481527701339363,0,,"109, 289",MIP,Medial_IntraParietal_Area,Superior_Parietal,16.0,50.0,"1872, 2403",idx_L,109,109.0
2,110.0,-1.554802656173706,0,0.001,,0.059996538177003046,0.005,0.12147063106268179,0,,"110, 290",VIP,Ventral_IntraParietal_Complex,Superior_Parietal,16.0,49.0,"1890, 1577",idx_L,110,110.0
2,111.0,-0.43821579217910767,0,0.001,,0.33061493089362637,0.005,0.39940058765672987,0,,"111, 291",IP0,Area_IntraParietal_0,Inferior_Parietal,17.0,146.0,"1203, 1239",idx_L,111,111.0
2,112.0,0.540582537651062,0,0.001,,0.29439767834892894,0.005,0.3718707515986471,0,,"112, 292",IP1,Area_IntraParietal_1,Inferior_Parietal,17.0,145.0,"1692, 1632",idx_L,112,112.0
2,113.0,-0.5098971128463745,0,0.001,,0.3050617723773661,0.005,0.3773960070647828,0,,"113, 293",IP2,Area_IntraParietal_2,Inferior_Parietal,17.0,144.0,"2102, 1861",idx_L,113,113.0
2,114.0,-4.614023208618164,1,0.001,-,1.974741471443265e-06,0.005,4.443168310747347e-05,1,-,"114, 294",PF,Area_PF_Complex,Inferior_Parietal,17.0,148.0,"5457, 5251",idx_L,114,114.0
2,115.0,-4.3466362953186035,1,0.001,-,6.912058165762146e-06,0.005,0.00013443510323829668,1,-,"115, 295",PFm,Area_PFm_Complex,Inferior_Parietal,17.0,149.0,"8220, 8141",idx_L,115,115.0
2,116.0,-2.171774387359619,0,0.001,,0.014936342242161846,0.005,0.04518557316956525,0,,"116, 296",PFop,Area_PF_Opercular,Inferior_Parietal,17.0,147.0,"1797, 1783",idx_L,116,116.0
2,117.0,-2.052873134613037,0,0.001,,0.02004244159364947,0.005,0.056124473878769066,0,,"117, 297",PFt,Area_PFt,Inferior_Parietal,17.0,116.0,"1983, 2039",idx_L,117,117.0
2,118.0,2.495265483856201,0,0.001,,0.00629314611328101,0.005,0.025744688645240495,0,,"118, 298",PGi,Area_PGi,Inferior_Parietal,17.0,150.0,"4791, 4970",idx_L,118,118.0
2,119.0,0.6216217875480652,0,0.001,,0.2670952955678636,0.005,0.348385168131996,0,,"119, 299",PGp,Area_PGp,Inferior_Parietal,17.0,143.0,"2501, 3740",idx_L,119,119.0
2,120.0,2.32582950592041,0,0.001,,0.010013823953749853,0.005,0.0364139052863631,0,,"120, 300",PGs,Area_PGs,Inferior_Parietal,17.0,151.0,"4552, 3366",idx_L,120,120.0
2,121.0,-2.7381439208984375,0,0.001,,0.0030893514969135985,0.005,0.015664317449139376,0,,"121, 301",23d,Area_23d,Posterior_Cingulate,18.0,32.0,"1261, 1513",idx_L,121,121.0
2,122.0,1.7725533246994019,0,0.001,,0.03815137589982551,0.005,0.08748086193590562,0,,"122, 302",31a,Area_31a,Posterior_Cingulate,18.0,162.0,"1260, 1116",idx_L,122,122.0
2,123.0,2.2795002460479736,0,0.001,,0.011318672680357066,0.005,0.03808151556007985,0,,"123, 303",31pd,Area_31pd,Posterior_Cingulate,18.0,161.0,"1428, 864",idx_L,123,123.0
2,124.0,2.435403347015381,0,0.001,,0.007437599002360186,0.005,0.028484421711166674,0,,"124, 304",31pv,Area_31p_ventral,Posterior_Cingulate,18.0,35.0,"950, 1022",idx_L,124,124.0
2,125.0,4.1827850341796875,1,0.001,+,1.439798226604036e-05,0.005,0.00024682255313212046,1,+,"125, 305",7 m,Area_7m,Posterior_Cingulate,18.0,30.0,"2128, 2067",idx_L,125,125.0
2,126.0,2.364483594894409,0,0.001,,0.009027613489668138,0.005,0.033504544910108555,0,,"126, 306",d23ab,Area_dorsal_23_a + b,Posterior_Cingulate,18.0,34.0,"1607, 1106",idx_L,126,126.0
2,127.0,0.48386985063552856,0,0.001,,0.3142391192206676,0.005,0.3847825949640828,0,,"127, 307",DVT,Dorsal_Transitional_Visual_Area,Posterior_Cingulate,18.0,142.0,"1806, 2176",idx_L,127,127.0
2,128.0,-0.3181503713130951,0,0.001,,0.37518543812589467,0.005,0.430148909953255,0,,"128, 308",PCV,PreCuneus_Visual_Area,Posterior_Cingulate,18.0,27.0,"2245, 2416",idx_L,128,128.0
2,129.0,4.786530017852783,1,0.001,+,8.484478470233661e-07,0.005,2.3495478840647063e-05,1,+,"129, 309",POS1,Parieto-Occipital_Sulcus_Area_1,Posterior_Cingulate,18.0,31.0,"2531, 2727",idx_L,129,129.0
2,130.0,2.495358943939209,0,0.001,,0.006291488623344255,0.005,0.025744688645240495,0,,"130, 310",POS2,Parieto-Occipital_Sulcus_Area_2,Posterior_Cingulate,18.0,15.0,"3261, 3093",idx_L,130,130.0
2,131.0,1.2167478799819946,0,0.001,,0.11185007791964408,0.005,0.1935866733224609,0,,"131, 311",ProS,ProStriate_Area,Posterior_Cingulate,18.0,121.0,"1222, 1055",idx_L,131,131.0
2,132.0,2.973097562789917,0,0.001,,0.001474053631568593,0.005,0.009309812409906902,0,,"132, 312",RSC,RetroSplenial_Complex,Posterior_Cingulate,18.0,14.0,"2830, 3067",idx_L,132,132.0
2,133.0,3.3856964111328125,1,0.001,+,0.0003549894066240997,0.005,0.003538124296757588,1,+,"133, 313",v23ab,Area_ventral_23_a + b,Posterior_Cingulate,18.0,33.0,"916, 1089",idx_L,133,133.0
2,134.0,0.7200995087623596,0,0.001,,0.23573186497875814,0.005,0.3263655735669831,0,,"134, 314",10r,Area_10r,AntCing_MedPFC,19.0,65.0,"1589, 1053",idx_L,134,134.0
2,135.0,1.554266095161438,0,0.001,,0.06006047869210377,0.005,0.12147063106268179,0,,"135, 315",10v,Area_10v,AntCing_MedPFC,19.0,88.0,"3906, 2667",idx_L,135,135.0
2,136.0,0.36918267607688904,0,0.001,,0.35599578386489283,0.005,0.41881856925281513,0,,"136, 316",25,Area_25,AntCing_MedPFC,19.0,164.0,"1911, 2135",idx_L,136,136.0
2,137.0,-1.8796342611312866,0,0.001,,0.03007897028168948,0.005,0.0746783315559135,0,,"137, 317",33pr,Area_33_prime,AntCing_MedPFC,19.0,58.0,"1354, 1316",idx_L,137,137.0
2,138.0,-1.9838531017303467,0,0.001,,0.02363610919266572,0.005,0.06246808024368939,0,,"138, 318",8BM,Area_8BM,AntCing_MedPFC,19.0,63.0,"3122, 3436",idx_L,138,138.0
2,139.0,-2.6566717624664307,0,0.001,,0.0039458119141253375,0.005,0.019195841744393535,0,,"139, 319",9 m,Area_9_Middle,AntCing_MedPFC,19.0,69.0,"6338, 5881",idx_L,139,139.0
2,140.0,0.4160221517086029,0,0.001,,0.3386968969131134,0.005,0.40401250119436394,0,,"140, 320",a24,Area_a24,AntCing_MedPFC,19.0,61.0,"2085, 2152",idx_L,140,140.0
2,141.0,-1.6683834791183472,0,0.001,,0.047619812869278584,0.005,0.10389777353297144,0,,"141, 321",a24pr,Anterior_24_prime,AntCing_MedPFC,19.0,59.0,"1095, 1474",idx_L,141,141.0
2,142.0,-2.292772054672241,0,0.001,,0.01093056584595816,0.005,0.03747622575757083,0,,"142, 322",a32pr,Area_anterior_32_prime,AntCing_MedPFC,19.0,179.0,"1759, 1118",idx_L,142,142.0
2,143.0,-3.377011299133301,1,0.001,-,0.0003663901993035872,0.005,0.003538124296757588,1,-,"143, 323",d32,Area_dorsal_32,AntCing_MedPFC,19.0,62.0,"2228, 2374",idx_L,143,143.0
2,144.0,-1.566922903060913,0,0.001,,0.05856635676138825,0.005,0.11979482064829415,0,,"144, 324",p24,Area_posterior_24,AntCing_MedPFC,19.0,180.0,"2394, 2442",idx_L,144,144.0
2,145.0,-2.232166290283203,0,0.001,,0.01280198723432245,0.005,0.041149244681750734,0,,"145, 325",p24pr,Area_Posterior_24_prime,AntCing_MedPFC,19.0,57.0,"1422, 1724",idx_L,145,145.0
2,146.0,0.0524328388273716,0,0.001,,0.47909190424742254,0.005,0.4903078225488938,0,,"146, 326",p32,Area_p32,AntCing_MedPFC,19.0,64.0,"1180, 1765",idx_L,146,146.0
2,147.0,-1.0227335691452026,0,0.001,,0.15321691744351645,0.005,0.23861240041883466,0,,"147, 327",p32pr,Area_p32_prime,AntCing_MedPFC,19.0,60.0,"1569, 1305",idx_L,147,147.0
2,148.0,-1.3066179752349854,0,0.001,,0.09567124434798008,0.005,0.17135148241429268,0,,"148, 328",pOFC,Posterior_OFC_Complex,AntCing_MedPFC,19.0,166.0,"2486, 2836",idx_L,148,148.0
2,149.0,1.3695541620254517,0,0.001,,0.08541305833089857,0.005,0.1568811275465484,0,,"149, 329",s32,Area_s32,AntCing_MedPFC,19.0,165.0,"604, 1015",idx_L,149,149.0
2,150.0,0.1494540423154831,0,0.001,,0.4405976854600686,0.005,0.4710540389307989,0,,"150, 330",10d,Area_10d,OrbPolaFrontal,20.0,72.0,"3644, 3096",idx_L,150,150.0
2,151.0,0.5246216058731079,0,0.001,,0.2999231319962592,0.005,0.37395079593901637,0,,"151, 331",10 pp,Polar_10p,OrbPolaFrontal,20.0,90.0,"1997, 2487",idx_L,151,151.0
2,152.0,-1.0947257280349731,0,0.001,,0.13681840679098878,0.005,0.22593865341631175,0,,"152, 332",11 l,Area_11l,OrbPolaFrontal,20.0,91.0,"3531, 3793",idx_L,152,152.0
2,153.0,-0.5016244053840637,0,0.001,,0.30796587435020606,0.005,0.37934742115092734,0,,"153, 333",13 l,Area_13l,OrbPolaFrontal,20.0,92.0,"2429, 1757",idx_L,153,153.0
2,154.0,-0.7107743620872498,0,0.001,,0.23861203517538632,0.005,0.327863865126485,0,,"154, 334",47 m,Area_47m,OrbPolaFrontal,20.0,66.0,"799, 781",idx_L,154,154.0
2,155.0,-2.4773178100585938,0,0.001,,0.006618698609032665,0.005,0.02647479443613066,0,,"155, 335",47 s,Area_47s,OrbPolaFrontal,20.0,94.0,"2795, 3080",idx_L,155,155.0
2,156.0,-1.9616398811340332,0,0.001,,0.02490221284090419,0.005,0.06449493973183819,0,,"156, 336",a10p,Area_anterior_10p,OrbPolaFrontal,20.0,89.0,"1964, 1748",idx_L,156,156.0
2,157.0,-1.4777919054031372,0,0.001,,0.06973174282704782,0.005,0.135694202258039,0,,"157, 337",OFC,Orbital_Frontal_Complex,OrbPolaFrontal,20.0,93.0,"4560, 5232",idx_L,157,157.0
2,158.0,-0.029406433925032616,0,0.001,,0.4882702207475039,0.005,0.49166429133494766,0,,"158, 338",p10p,Area_posterior_10p,OrbPolaFrontal,20.0,170.0,"2116, 2365",idx_L,158,158.0
2,159.0,-3.793008327484131,1,0.001,-,7.441658162786157e-05,0.005,0.0009922210883714876,1,-,"159, 339",44,Area_44,Inferior_Frontal,21.0,74.0,"2435, 2589",idx_L,159,159.0
2,160.0,-3.620293378829956,1,0.001,-,0.00014713458192897107,0.005,0.0018264982584286064,1,-,"160, 340",45,Area_45,Inferior_Frontal,21.0,75.0,"3762, 2962",idx_L,160,160.0
2,161.0,-2.574615955352783,0,0.001,,0.005017572144301232,0.005,0.0231580252813903,0,,"161, 341",47 l,Area_47l_(47_lateral),Inferior_Frontal,21.0,76.0,"2527, 2592",idx_L,161,161.0
2,162.0,-2.8940813541412354,0,0.001,,0.0019013481138399247,0.005,0.011221070835776606,0,,"162, 342",a47r,Area_anterior_47r,Inferior_Frontal,21.0,77.0,"4167, 3763",idx_L,162,162.0
2,163.0,1.9814114570617676,0,0.001,,0.02377257498162624,0.005,0.06246808024368939,0,,"163, 343",IFJa,Area_IFJa,Inferior_Frontal,21.0,79.0,"1513, 1405",idx_L,163,163.0
2,164.0,-1.4487245082855225,0,0.001,,0.07370726665162873,0.005,0.13914669626732692,0,,"164, 344",IFJp,Area_IFJp,Inferior_Frontal,21.0,80.0,"960, 740",idx_L,164,164.0
2,165.0,-0.7459192872047424,0,0.001,,0.22785808672811747,0.005,0.3185956427203386,0,,"165, 345",IFSa,Area_IFSa,Inferior_Frontal,21.0,82.0,"2057, 2641",idx_L,165,165.0
2,166.0,1.7556040287017822,0,0.001,,0.039578021930766524,0.005,0.09017777148782247,0,,"166, 346",IFSp,Area_IFSp,Inferior_Frontal,21.0,81.0,"1589, 1730",idx_L,166,166.0
2,167.0,-2.455612897872925,0,0.001,,0.0070322283585790395,0.005,0.027709287367755818,0,,"167, 347",p47r,Area_posterior_47r,Inferior_Frontal,21.0,171.0,"2133, 1761",idx_L,167,167.0
2,168.0,-2.5167288780212402,0,0.001,,0.005922496920872623,0.005,0.025259828100071966,0,,"168, 348",46,Area_46,Dorsolateral_Prefrontal,22.0,84.0,"4863, 4394",idx_L,168,168.0
2,169.0,2.3913938999176025,0,0.001,,0.008392267231926199,0.005,0.03147100211972324,0,,"169, 349",8Ad,Area_8Ad,Dorsolateral_Prefrontal,22.0,68.0,"3386, 3492",idx_L,169,169.0
2,170.0,-1.8536789417266846,0,0.001,,0.031892553091403715,0.005,0.07603522591328038,0,,"170, 350",8Av,Area_8Av,Dorsolateral_Prefrontal,22.0,67.0,"4807, 5902",idx_L,170,170.0
2,171.0,-2.4127681255340576,0,0.001,,0.007915943976401243,0.005,0.02999726138425734,0,,"171, 351",8BL,Area_8B_Lateral,Dorsolateral_Prefrontal,22.0,70.0,"3377, 4078",idx_L,171,171.0
2,172.0,-0.6639009118080139,0,0.001,,0.25337686632170053,0.005,0.33783582176226734,0,,"172, 352",8C,Area_8C,Dorsolateral_Prefrontal,22.0,73.0,"4085, 3134",idx_L,172,172.0
2,173.0,-3.243758201599121,1,0.001,-,0.0005898192000575919,0.005,0.004938021209784491,1,-,"173, 353",9-46d,Area_9-46d,Dorsolateral_Prefrontal,22.0,86.0,"4534, 4666",idx_L,173,173.0
2,174.0,-1.7981632947921753,0,0.001,,0.03607556716600987,0.005,0.08378841406299067,0,,"174, 354",9a,Area_9_anterior,Dorsolateral_Prefrontal,22.0,87.0,"3706, 3048",idx_L,174,174.0
2,175.0,-2.034562587738037,0,0.001,,0.02094745250595127,0.005,0.05800833001648043,0,,"175, 355",9p,Area_9_Posterior,Dorsolateral_Prefrontal,22.0,71.0,"3426, 2488",idx_L,175,175.0
2,176.0,-3.3048365116119385,1,0.001,-,0.00047515908270348984,0.005,0.004172128531055033,1,-,"176, 356",a9-46v,Area_anterior_9-46v,Dorsolateral_Prefrontal,22.0,85.0,"3314, 2628",idx_L,176,176.0
2,177.0,0.10937464982271194,0,0.001,,0.45645266980726,0.005,0.4804764945339579,0,,"177, 357",i6-8,Inferior_6-8_Transitional_Area,Dorsolateral_Prefrontal,22.0,97.0,"1764, 2418",idx_L,177,177.0
2,178.0,-2.1658055782318115,0,0.001,,0.015163023454679543,0.005,0.04548907036403863,0,,"178, 358",p9-46v,Area_posterior_9-46v,Dorsolateral_Prefrontal,22.0,83.0,"2871, 4635",idx_L,178,178.0
2,179.0,-0.6050137281417847,0,0.001,,0.27258493757383156,0.005,0.35046634830921203,0,,"179, 359",s6-8,Superior_6-8_Transitional_Area,Dorsolateral_Prefrontal,22.0,98.0,"1336, 2132",idx_L,179,179.0
2,180.0,-5.288417339324951,1,0.001,-,6.168961096046092e-08,0.005,2.220825994576593e-06,1,-,"180, 360",SFL,Superior_Frontal_Language_Area,Dorsolateral_Prefrontal,22.0,26.0,"3873, 3055",idx_L,180,180.0
2,181.0,-0.07712236046791077,0,0.001,,0.4692631024469332,0.005,0.4854445887382068,0,,"1, 181",V1,Primary_Visual_Cortex,Primary_Visual,1.0,1.0,"13,812, 13,406",idx_R,181,181.0
2,182.0,-0.09001109004020691,0,0.001,,0.46413920101321937,0.005,0.481527701339363,0,,"2, 182",V2,Second_Visual_Area,Early_Visual,2.0,4.0,"9515, 9420",idx_R,182,182.0
2,183.0,-0.16065703332424164,0,0.001,,0.43618176609020387,0.005,0.4710540389307989,0,,"3, 183",V3,Third_Visual_Area,Early_Visual,2.0,5.0,"7106, 7481",idx_R,183,183.0
2,184.0,-1.023290753364563,0,0.001,,0.1530851971815203,0.005,0.23861240041883466,0,,"4, 184",V4,Fourth_Visual_Area,Early_Visual,2.0,6.0,"4782, 4537",idx_R,184,184.0
2,185.0,0.7635930776596069,0,0.001,,0.22255488787729621,0.005,0.31685437207572154,0,,"5, 185",IPS1,IntraParietal_Sulcus_Area_1,Dorsal_Stream_Visual,3.0,17.0,"1751, 1750",idx_R,185,185.0
2,186.0,0.024797942489385605,0,0.001,,0.4901080661053378,0.005,0.49166429133494766,0,,"6, 186",V3A,Area_V3A,Dorsal_Stream_Visual,3.0,13.0,"2191, 2212",idx_R,186,186.0
2,187.0,-1.4351046085357666,0,0.001,,0.07562864525451539,0.005,0.14106897560427742,0,,"7, 187",V3B,Area_V3B,Dorsal_Stream_Visual,3.0,19.0,"639, 731",idx_R,187,187.0
2,188.0,-0.42265868186950684,0,0.001,,0.33627215274157685,0.005,0.40401250119436394,0,,"8, 188",V6,Sixth_Visual_Area,Dorsal_Stream_Visual,3.0,3.0,"1402, 1559",idx_R,188,188.0
2,189.0,1.2484562397003174,0,0.001,,0.10593201219191312,0.005,0.18422958642071846,0,,"9, 189",V6A,Area_V6A,Dorsal_Stream_Visual,3.0,152.0,"904, 734",idx_R,189,189.0
2,190.0,0.4490281641483307,0,0.001,,0.32670566988517336,0.005,0.3960068725880889,0,,"10, 190",V7,Seventh_Visual_Area,Dorsal_Stream_Visual,3.0,16.0,"1005, 1041",idx_R,190,190.0
2,191.0,-1.0176094770431519,0,0.001,,0.1544317908772762,0.005,0.23861240041883466,0,,"11, 191",FFC,Fusiform_Face_Complex,Ventral_Stream_Visual,4.0,18.0,"3848, 4402",idx_R,191,191.0
2,192.0,-1.4981400966644287,0,0.001,,0.06704842767495933,0.005,0.1311817063205726,0,,"12, 192",PIT,Posterior_InferoTemporal_complex,Ventral_Stream_Visual,4.0,22.0,"1392, 1386",idx_R,192,192.0
2,193.0,-0.7605587244033813,0,0.001,,0.2234603405886184,0.005,0.31685437207572154,0,,"13, 193",V8,Eighth_Visual_Area,Ventral_Stream_Visual,4.0,7.0,"1361, 1175",idx_R,193,193.0
2,194.0,-0.03795957192778587,0,0.001,,0.4848599578539061,0.005,0.4903078225488938,0,,"14, 194",VMV1,VentroMedial_Visual_Area_1,Ventral_Stream_Visual,4.0,153.0,"939, 1219",idx_R,194,194.0
2,195.0,-0.2160169631242752,0,0.001,,0.4144872625276901,0.005,0.46084055189683054,0,,"15, 195",VMV2,VentroMedial_Visual_Area_2,Ventral_Stream_Visual,4.0,160.0,"639, 923",idx_R,195,195.0
2,196.0,-1.383870244026184,0,0.001,,0.08319909474204618,0.005,0.1543900727171991,0,,"16, 196",VMV3,VentroMedial_Visual_Area_3,Ventral_Stream_Visual,4.0,154.0,"941, 1242",idx_R,196,196.0
2,197.0,-1.0774657726287842,0,0.001,,0.14063611695203637,0.005,0.2301318277396959,0,,"17, 197",VVC,Ventral_Visual_Complex,Ventral_Stream_Visual,4.0,163.0,"2487, 2753",idx_R,197,197.0
2,198.0,-2.3156425952911377,0,0.001,,0.010288895553251865,0.005,0.03688757209056689,0,,"18, 198",FST,Area_FST,MT + _Complex,5.0,157.0,"1324, 1683",idx_R,198,198.0
2,199.0,-1.3479737043380737,0,0.001,,0.08883342015735946,0.005,0.1623351840439056,0,,"19, 199",LO1,Area_Lateral_Occipital_1,MT + _Complex,5.0,20.0,"619, 909",idx_R,199,199.0
2,200.0,-0.9098995327949524,0,0.001,,0.18143774810340285,0.005,0.272283583043777,0,,"20, 200",LO2,Area_Lateral_Occipital_2,MT + _Complex,5.0,21.0,"1179, 1062",idx_R,200,200.0
2,201.0,-0.7555559873580933,0,0.001,,0.22495772628363392,0.005,0.31685437207572154,0,,"21, 201",LO3,Area_Lateral_Occipital_3,MT + _Complex,5.0,159.0,"438, 915",idx_R,201,201.0
2,202.0,-2.1749186515808105,0,0.001,,0.01481810647668713,0.005,0.04518557316956525,0,,"22, 202",MST,Medial_Superior_Temporal_Area,MT + _Complex,5.0,2.0,"794, 1036",idx_R,202,202.0
2,203.0,-0.09567022323608398,0,0.001,,0.46189124540408577,0.005,0.481527701339363,0,,"23, 203",MT,Middle_Temporal_Area,MT + _Complex,5.0,23.0,"620, 1005",idx_R,203,203.0
2,204.0,-0.5238271355628967,0,0.001,,0.3001993889621548,0.005,0.37395079593901637,0,,"24, 204",PH,Area_PH,MT + _Complex,5.0,138.0,"3453, 3205",idx_R,204,204.0
2,205.0,-0.674699604511261,0,0.001,,0.24993331793480278,0.005,0.3346582816536138,0,,"25, 205",V3CD,Area_V3CD,MT + _Complex,5.0,158.0,"876, 1222",idx_R,205,205.0
2,206.0,-0.8742689490318298,0,0.001,,0.19098590252899855,0.005,0.2841112599604937,0,,"26, 206",V4t,Area_V4t,MT + _Complex,5.0,156.0,"1037, 1249",idx_R,206,206.0
2,207.0,-0.35168585181236267,0,0.001,,0.36253693610038884,0.005,0.4218202678069158,0,,"27, 207",1,Area_1,SomaSens_Motor,6.0,51.0,"6590, 5925",idx_R,207,207.0
2,208.0,0.011729803867638111,0,0.001,,0.4953205926019128,0.005,0.4953205926019128,0,,"28, 208",2,Area_2,SomaSens_Motor,6.0,52.0,"4278, 4727",idx_R,208,208.0
2,209.0,-0.14490163326263428,0,0.001,,0.44239426844493396,0.005,0.47118916165732616,0,,"29, 209",3a,Area_3a,SomaSens_Motor,6.0,53.0,"2247, 2286",idx_R,209,209.0
2,210.0,-0.5106924772262573,0,0.001,,0.3047832045966632,0.005,0.3773960070647828,0,,"30, 210",3b,Primary_Sensory_Cortex,SomaSens_Motor,6.0,9.0,"5451, 4350",idx_R,210,210.0
2,211.0,-0.3483411967754364,0,0.001,,0.3637919791625562,0.005,0.4218202678069158,0,,"31, 211",4,Primary_Motor_Cortex,SomaSens_Motor,6.0,8.0,"10,776, 10,254",idx_R,211,211.0
2,212.0,0.04539714381098747,0,0.001,,0.4818953787754746,0.005,0.4903078225488938,0,,"32, 212",23c,Area_23c,ParaCentral_MidCing,7.0,38.0,"2259, 2498",idx_R,212,212.0
2,213.0,-0.41553995013237,0,0.001,,0.33887333795004915,0.005,0.40401250119436394,0,,"33, 213",24dd,Dorsal_Area_24d,ParaCentral_MidCing,7.0,40.0,"2665, 2820",idx_R,213,213.0
2,214.0,1.0191603899002075,0,0.001,,0.15406341400972534,0.005,0.23861240041883466,0,,"34, 214",24dv,Ventral_Area_24d,ParaCentral_MidCing,7.0,41.0,"1076, 1349",idx_R,214,214.0
2,215.0,1.1305395364761353,0,0.001,,0.1291244743500552,0.005,0.215207457250092,0,,"35, 215",5L,Area_5L,ParaCentral_MidCing,7.0,39.0,"2249, 2327",idx_R,215,215.0
2,216.0,1.0175949335098267,0,0.001,,0.1544352480488569,0.005,0.23861240041883466,0,,"36, 216",5 m,Area_5m,ParaCentral_MidCing,7.0,36.0,"1483, 2079",idx_R,216,216.0
2,217.0,-0.6121136546134949,0,0.001,,0.27023128198562657,0.005,0.34983702385729565,0,,"37, 217",5mv,Area_5m_ventral,ParaCentral_MidCing,7.0,37.0,"1651, 1996",idx_R,217,217.0
2,218.0,-1.5049041509628296,0,0.001,,0.06617436048260161,0.005,0.13017906980183924,0,,"38, 218",6ma,Area_6m_anterior,ParaCentral_MidCing,7.0,44.0,"3941, 4251",idx_R,218,218.0
2,219.0,-0.5359315276145935,0,0.001,,0.29600293703411684,0.005,0.3725911095534338,0,,"39, 219",6mp,Area_6mp,ParaCentral_MidCing,7.0,55.0,"3701, 3105",idx_R,219,219.0
2,220.0,-2.2283425331115723,0,0.001,,0.012928841040177158,0.005,0.0411892280925998,0,,"40, 220",SCEF,Supplementary_and_Cingulate_Eye_Field,ParaCentral_MidCing,7.0,43.0,"3500, 3371",idx_R,220,220.0
2,221.0,-4.747859477996826,1,0.001,-,1.0279039216415416e-06,0.005,2.6431815127925354e-05,1,-,"41, 221",55b,Area_55b,Premotor,8.0,12.0,"2422, 1537",idx_R,221,221.0
2,222.0,0.14853845536708832,0,0.001,,0.4409589197768867,0.005,0.4710540389307989,0,,"42, 222",6a,Area_6_anterior,Premotor,8.0,96.0,"4233, 3752",idx_R,222,222.0
2,223.0,-0.41540807485580444,0,0.001,,0.33892159822416085,0.005,0.40401250119436394,0,,"43, 223",6d,Dorsal_area_6,Premotor,8.0,54.0,"2916, 2909",idx_R,223,223.0
2,224.0,-2.306049108505249,0,0.001,,0.010553944237023305,0.005,0.03688757209056689,0,,"44, 224",6r,Rostral_Area_6,Premotor,8.0,78.0,"3029, 3981",idx_R,224,224.0
2,225.0,-1.989356517791748,0,0.001,,0.023330932743632276,0.005,0.06221582064968607,0,,"45, 225",6v,Ventral_Area_6,Premotor,8.0,56.0,"2075, 2516",idx_R,225,225.0
2,226.0,-3.8700177669525146,1,0.001,-,5.441371097290446e-05,0.005,0.0007534206134709848,1,-,"46, 226",FEF,Frontal_Eye_Fields,Premotor,8.0,10.0,"1787, 1889",idx_R,226,226.0
2,227.0,-2.7548980712890625,0,0.001,,0.0029355211279271996,0.005,0.015096965800768457,0,,"47, 227",PEF,Premotor_Eye_Field,Premotor,8.0,11.0,"1006, 1258",idx_R,227,227.0
2,228.0,-1.036348819732666,0,0.001,,0.15001971904608724,0.005,0.23861240041883466,0,,"48, 228",43,Area_43,Posterior_Opercular,9.0,99.0,"1889, 1678",idx_R,228,228.0
2,229.0,-1.9262752532958984,0,0.001,,0.027035006849935865,0.005,0.06902554940409157,0,,"49, 229",FOP1,Frontal_Opercular_Area_1,Posterior_Opercular,9.0,113.0,"879, 932",idx_R,229,229.0
2,230.0,0.25577041506767273,0,0.001,,0.39906405977949655,0.005,0.44754847825737926,0,,"50, 230",OP1,Area_OP1-SII,Posterior_Opercular,9.0,101.0,"1275, 1072",idx_R,230,230.0
2,231.0,-0.7556212544441223,0,0.001,,0.22493815443476745,0.005,0.31685437207572154,0,,"51, 231",OP2-3,Area_OP2-3-VS,Posterior_Opercular,9.0,102.0,"943, 792",idx_R,231,231.0
2,232.0,0.1593480259180069,0,0.001,,0.4366973424480352,0.005,0.4710540389307989,0,,"52, 232",OP4,Area_OP4-PV,Posterior_Opercular,9.0,100.0,"2332, 2409",idx_R,232,232.0
2,233.0,-3.154945135116577,1,0.001,-,0.0008026414490240886,0.005,0.005707915373080169,0,,"53, 233",52,Area_52,Early_Auditory,10.0,103.0,"725, 580",idx_R,233,233.0
2,234.0,0.34670668840408325,0,0.001,,0.36440584246653,0.005,0.4218202678069158,0,,"54, 234",A1,Primary_Auditory_Cortex,Early_Auditory,10.0,24.0,"1023, 796",idx_R,234,234.0
2,235.0,-2.6408426761627197,0,0.001,,0.004135005603118085,0.005,0.019848026894966807,0,,"55, 235",LBelt,Lateral_Belt_Complex,Early_Auditory,10.0,174.0,"820, 901",idx_R,235,235.0
2,236.0,2.8463358879089355,0,0.001,,0.002211275931892252,0.005,0.012247066699710934,0,,"56, 236",MBelt,Medial_Belt_Complex,Early_Auditory,10.0,173.0,"1242, 1236",idx_R,236,236.0
2,237.0,-1.030535101890564,0,0.001,,0.1513794416205419,0.005,0.23861240041883466,0,,"57, 237",PBelt,ParaBelt_Complex,Early_Auditory,10.0,124.0,"1719, 1439",idx_R,237,237.0
2,238.0,-0.26203691959381104,0,0.001,,0.39664648932095875,0.005,0.4462273004860786,0,,"58, 238",PFcm,Area_PFcm,Early_Auditory,10.0,105.0,"1486, 1485",idx_R,238,238.0
2,239.0,-1.258472204208374,0,0.001,,0.10411051672787469,0.005,0.18216896264809213,0,,"59, 239",RI,RetroInsular_Cortex,Early_Auditory,10.0,104.0,"1149, 1334",idx_R,239,239.0
2,240.0,-4.848232746124268,1,0.001,-,6.228310117369017e-07,0.005,2.038356038411678e-05,1,-,"60, 240",A4,Auditory_4_Complex,Auditory_Association,11.0,175.0,"3514, 3610",idx_R,240,240.0
2,241.0,-4.801207542419434,1,0.001,-,7.885585525858067e-07,0.005,2.3495478840647063e-05,1,-,"61, 241",A5,Auditory_5_Complex,Auditory_Association,11.0,125.0,"3346, 3881",idx_R,241,241.0
2,242.0,-3.3886547088623047,1,0.001,-,0.00035118197274717995,0.005,0.003538124296757588,1,-,"62, 242",STGa,Area_STGa,Auditory_Association,11.0,123.0,"2509, 2187",idx_R,242,242.0
2,243.0,-0.7543529272079468,0,0.001,,0.22531866458717975,0.005,0.31685437207572154,0,,"63, 243",STSda,Area_STSd_anterior,Auditory_Association,11.0,128.0,"1944, 2389",idx_R,243,243.0
2,244.0,-6.913629055023193,1,0.001,-,2.362047506583995e-12,0.005,4.2516855118511913e-10,1,-,"64, 244",STSdp,Area_STSd_posterior,Auditory_Association,11.0,129.0,"1994, 2605",idx_R,244,244.0
2,245.0,0.5726478695869446,0,0.001,,0.2834415704352964,0.005,0.3618403026833571,0,,"65, 245",STSva,Area_STSv_anterior,Auditory_Association,11.0,176.0,"1694, 1900",idx_R,245,245.0
2,246.0,-4.514472007751465,1,0.001,-,3.1737352518953154e-06,0.005,6.720851121660668e-05,1,-,"66, 246",STSvp,Area_STSv_posterior,Auditory_Association,11.0,130.0,"2898, 2515",idx_R,246,246.0
2,247.0,-2.306544780731201,0,0.001,,0.010540105473766553,0.005,0.03688757209056689,0,,"67, 247",TA2,Area_TA2,Auditory_Association,11.0,107.0,"1518, 1726",idx_R,247,247.0
2,248.0,-2.0686519145965576,0,0.001,,0.01928938127211802,0.005,0.05467856108631879,0,,"68, 248",AAIC,Anterior_Agranular_Insula_Complex,Insula_FrontalOperc,12.0,112.0,"1859, 1691",idx_R,248,248.0
2,249.0,-1.1717787981033325,0,0.001,,0.12064293853168317,0.005,0.20486536731795257,0,,"69, 249",AVI,Anterior_Ventral_Insular_Area,Insula_FrontalOperc,12.0,111.0,"1446, 1792",idx_R,249,249.0
2,250.0,-0.12288470566272736,0,0.001,,0.4510991984705163,0.005,0.4790433966058581,0,,"70, 250",FOP2,Frontal_Opercular_Area_2,Insula_FrontalOperc,12.0,115.0,"750, 720",idx_R,250,250.0
2,251.0,0.7376111745834351,0,0.001,,0.23037538146053593,0.005,0.320212885427772,0,,"71, 251",FOP3,Frontal_Opercular_Area_3,Insula_FrontalOperc,12.0,114.0,"754, 614",idx_R,251,251.0
2,252.0,-0.717233419418335,0,0.001,,0.23661504083606272,0.005,0.3263655735669831,0,,"72, 252",FOP4,Frontal_Opercular_Area_4,Insula_FrontalOperc,12.0,108.0,"2522, 1678",idx_R,252,252.0
2,253.0,-2.5178794860839844,0,0.001,,0.005903185485621156,0.005,0.025259828100071966,0,,"73, 253",FOP5,Area_Frontal_Opercular_5,Insula_FrontalOperc,12.0,169.0,"1297, 1365",idx_R,253,253.0
2,254.0,-2.6953721046447754,0,0.001,,0.003515503189807184,0.005,0.0173367280593231,0,,"74, 254",Ig,Insular_Granular_Complex,Insula_FrontalOperc,12.0,168.0,"841, 1077",idx_R,254,254.0
2,255.0,-1.0409562587738037,0,0.001,,0.1489479247374524,0.005,0.23861240041883466,0,,"75, 255",MI,Middle_Insular_Area,Insula_FrontalOperc,12.0,109.0,"2102, 1960",idx_R,255,255.0
2,256.0,-3.1527788639068604,1,0.001,-,0.0008086213445196907,0.005,0.005707915373080169,0,,"76, 256",PI,Para-Insular_Area,Insula_FrontalOperc,12.0,178.0,"1033, 1058",idx_R,256,256.0
2,257.0,-3.0702052116394043,0,0.001,,0.0010695586906893728,0.005,0.007130391271262486,0,,"77, 257",Pir,Pirform_Cortex,Insula_FrontalOperc,12.0,110.0,"2287, 1856",idx_R,257,257.0
2,258.0,-3.327763557434082,1,0.001,-,0.00043773067433894726,0.005,0.003939576069050525,1,-,"78, 258",PoI1,Area_Posterior_Insular_1,Insula_FrontalOperc,12.0,167.0,"1811, 1835",idx_R,258,258.0
2,259.0,-1.6038233041763306,0,0.001,,0.05437650311860461,0.005,0.11381128559707943,0,,"79, 259",PoI2,Posterior_Insular_Area_2,Insula_FrontalOperc,12.0,106.0,"2747, 2675",idx_R,259,259.0
2,260.0,0.4994061291217804,0,0.001,,0.3087466511033936,0.005,0.37934742115092734,0,,"80, 260",H,Hippocampus,Medial_Temporal,13.0,120.0,"4283, 3626",idx_R,260,260.0
2,261.0,1.4517995119094849,0,0.001,,0.07327867984020986,0.005,0.13914669626732692,0,,"81, 261",PreS,PreSubiculum,Medial_Temporal,13.0,119.0,"1817, 1558",idx_R,261,261.0
2,262.0,0.7443681955337524,0,0.001,,0.2283268772829093,0.005,0.3185956427203386,0,,"82, 262",EC,Entorhinal_Cortex,Medial_Temporal,13.0,118.0,"2127, 2110",idx_R,262,262.0
2,263.0,-3.098640203475952,1,0.001,-,0.0009720547969880571,0.005,0.006729610132994242,0,,"83, 263",PeEc,Perirhinal_Ectorhinal_Cortex,Medial_Temporal,13.0,122.0,"4826, 4755",idx_R,263,263.0
2,264.0,-0.9711907505989075,0,0.001,,0.16572664947884724,0.005,0.2528033636118009,0,,"84, 264",TF,Area_TF,Medial_Temporal,13.0,135.0,"3986, 4752",idx_R,264,264.0
2,265.0,2.8673653602600098,0,0.001,,0.002069524384618701,0.005,0.011832318539373124,0,,"85, 265",PHA1,ParaHippocampal_Area_1,Medial_Temporal,13.0,126.0,"1281, 1168",idx_R,265,265.0
2,266.0,3.083179473876953,0,0.001,,0.0010240079991825058,0.005,0.006955526032183058,0,,"86, 266",PHA2,ParaHippocampal_Area_2,Medial_Temporal,13.0,155.0,"783, 771",idx_R,266,266.0
2,267.0,0.6742880344390869,0,0.001,,0.2500641049022836,0.005,0.3346582816536138,0,,"87, 267",PHA3,ParaHippocampal_Area_3,Medial_Temporal,13.0,127.0,"2023, 1122",idx_R,267,267.0
2,268.0,-2.9394896030426025,0,0.001,,0.0016437665010433304,0.005,0.010029761701281337,0,,"88, 268",PHT,Area_PHT,Lateral_Temporal,14.0,137.0,"4182, 3410",idx_R,268,268.0
2,269.0,-0.8379284739494324,0,0.001,,0.2010354379121741,0.005,0.2953990108097252,0,,"89, 269",TE1a,Area_TE1_anterior,Lateral_Temporal,14.0,132.0,"5227, 4180",idx_R,269,269.0
2,270.0,-3.9030754566192627,1,0.001,-,4.7489038073110113e-05,0.005,0.0007123355710966517,1,-,"90, 270",TE1m,Area_TE1_Middle,Lateral_Temporal,14.0,177.0,"3339, 3429",idx_R,270,270.0
2,271.0,-1.3436766862869263,0,0.001,,0.0895264797220246,0.005,0.16277541767640835,0,,"91, 271",TE1p,Area_TE1_posterior,Lateral_Temporal,14.0,133.0,"7116, 6010",idx_R,271,271.0
2,272.0,-3.158576726913452,1,0.001,-,0.000792707849043287,0.005,0.005707915373080169,0,,"92, 272",TE2a,Area_TE2_anterior,Lateral_Temporal,14.0,134.0,"5691, 5753",idx_R,272,272.0
2,273.0,-1.4375128746032715,0,0.001,,0.07528615862583479,0.005,0.14106897560427742,0,,"93, 273",TE2p,Area_TE2_posterior,Lateral_Temporal,14.0,136.0,"4115, 3040",idx_R,273,273.0
2,274.0,-3.1592695713043213,1,0.001,-,0.00079082559626617,0.005,0.005707915373080169,0,,"94, 274",TGd,Area_TG_dorsal,Lateral_Temporal,14.0,131.0,"10,192, 10,269",idx_R,274,274.0
2,275.0,-3.3292136192321777,1,0.001,-,0.0004354578899966412,0.005,0.003939576069050525,1,-,"95, 275",TGv,Area_TG_Ventral,Lateral_Temporal,14.0,172.0,"3694, 4515",idx_R,275,275.0
2,276.0,-5.582177639007568,1,0.001,-,1.1876279366832183e-08,0.005,4.750511746732873e-07,1,-,"96, 276",PSL,PeriSylvian_Language_Area,TPO,15.0,25.0,"2154, 2759",idx_R,276,276.0
2,277.0,-5.865312576293945,1,0.001,-,2.2414369149792316e-09,0.005,1.152738984846462e-07,1,-,"97, 277",STV,Superior_Temporal_Visual_Area,TPO,15.0,28.0,"2322, 2294",idx_R,277,277.0
2,278.0,-6.024724006652832,1,0.001,-,8.469921925869578e-10,0.005,6.098343786626096e-08,1,-,"98, 278",TPOJ1,Area_TemporoParietoOccipital_Junction_1,TPO,15.0,139.0,"2102, 3938",idx_R,278,278.0
2,279.0,-2.448090076446533,0,0.001,,0.007180787325477298,0.005,0.027796596098621798,0,,"99, 279",TPOJ2,Area_TemporoParietoOccipital_Junction_2,TPO,15.0,140.0,"1930, 2068",idx_R,279,279.0
2,280.0,0.041837941855192184,0,0.001,,0.4833139441268427,0.005,0.4903078225488938,0,,"100, 280",TPOJ3,Area_TemporoParietoOccipital_Junction_3,TPO,15.0,141.0,"1290, 1277",idx_R,280,280.0
2,281.0,1.0358555316925049,0,0.001,,0.15013477296420386,0.005,0.23861240041883466,0,,"101, 281",7AL,Lateral_Area_7A,Superior_Parietal,16.0,42.0,"2134, 2030",idx_R,281,281.0
2,282.0,1.0290859937667847,0,0.001,,0.15171963361540364,0.005,0.23861240041883466,0,,"102, 282",7Am,Medial_Area_7A,Superior_Parietal,16.0,45.0,"2995, 2379",idx_R,282,282.0
2,283.0,-1.8562856912612915,0,0.001,,0.03170642375375005,0.005,0.07603522591328038,0,,"103, 283",7PC,Area_7PC,Superior_Parietal,16.0,47.0,"3151, 3415",idx_R,283,283.0
2,284.0,1.5178375244140625,0,0.001,,0.06452768141609785,0.005,0.12834234977787418,0,,"104, 284",7Pl,Lateral_Area_7P,Superior_Parietal,16.0,46.0,"1695, 1363",idx_R,284,284.0
2,285.0,1.3333964347839355,0,0.001,,0.09120087088760664,0.005,0.1649865000981829,0,,"105, 285",7Pm,Medial_Area_7P,Superior_Parietal,16.0,29.0,"1601, 1308",idx_R,285,285.0
2,286.0,-1.622530221939087,0,0.001,,0.05234493374456747,0.005,0.11084809498849582,0,,"106, 286",AIP,Anterior_IntraParietal_Area,Superior_Parietal,16.0,117.0,"1999, 2542",idx_R,286,286.0
2,287.0,0.8528774380683899,0,0.001,,0.19686363732111278,0.005,0.2916498330683152,0,,"107, 287",LIPd,Area_Lateral_IntraParietal_dorsal,Superior_Parietal,16.0,95.0,"1008, 869",idx_R,287,287.0
2,288.0,0.6813480854034424,0,0.001,,0.24782563186601947,0.005,0.33414691936991386,0,,"108, 288",LIPv,Area_Lateral_IntraParietal_ventral,Superior_Parietal,16.0,48.0,"1681, 1783",idx_R,288,288.0
2,289.0,1.636934757232666,0,0.001,,0.050822051279268414,0.005,0.10890439559843232,0,,"109, 289",MIP,Medial_IntraParietal_Area,Superior_Parietal,16.0,50.0,"1872, 2403",idx_R,289,289.0
2,290.0,2.2088260650634766,0,0.001,,0.013593370670840012,0.005,0.04218632277157245,0,,"110, 290",VIP,Ventral_IntraParietal_Complex,Superior_Parietal,16.0,49.0,"1890, 1577",idx_R,290,290.0
2,291.0,0.5642487406730652,0,0.001,,0.2862924305379685,0.005,0.36418825086101997,0,,"111, 291",IP0,Area_IntraParietal_0,Inferior_Parietal,17.0,146.0,"1203, 1239",idx_R,291,291.0
2,292.0,2.0107386112213135,0,0.001,,0.02217653669746274,0.005,0.060026715872831475,0,,"112, 292",IP1,Area_IntraParietal_1,Inferior_Parietal,17.0,145.0,"1692, 1632",idx_R,292,292.0
2,293.0,-0.6094180345535278,0,0.001,,0.2711236934894041,0.005,0.34983702385729565,0,,"113, 293",IP2,Area_IntraParietal_2,Inferior_Parietal,17.0,144.0,"2102, 1861",idx_R,293,293.0
2,294.0,-1.9640554189682007,0,0.001,,0.02476183271072318,0.005,0.06449493973183819,0,,"114, 294",PF,Area_PF_Complex,Inferior_Parietal,17.0,148.0,"5457, 5251",idx_R,294,294.0
2,295.0,-2.261136770248413,0,0.001,,0.011875394524083677,0.005,0.03946295840389016,0,,"115, 295",PFm,Area_PFm_Complex,Inferior_Parietal,17.0,149.0,"8220, 8141",idx_R,295,295.0
2,296.0,-0.6157623529434204,0,0.001,,0.2690256888591579,0.005,0.3496362743295915,0,,"116, 296",PFop,Area_PF_Opercular,Inferior_Parietal,17.0,147.0,"1797, 1783",idx_R,296,296.0
2,297.0,-1.1767328977584839,0,0.001,,0.11965106641733159,0.005,0.2041439995745942,0,,"117, 297",PFt,Area_PFt,Inferior_Parietal,17.0,116.0,"1983, 2039",idx_R,297,297.0
2,298.0,0.16722285747528076,0,0.001,,0.43359734998871435,0.005,0.4710540389307989,0,,"118, 298",PGi,Area_PGi,Inferior_Parietal,17.0,150.0,"4791, 4970",idx_R,298,298.0
2,299.0,1.8725093603134155,0,0.001,,0.030568084071553637,0.005,0.0746783315559135,0,,"119, 299",PGp,Area_PGp,Inferior_Parietal,17.0,143.0,"2501, 3740",idx_R,299,299.0
2,300.0,1.447881817817688,0,0.001,,0.07382505274183178,0.005,0.13914669626732692,0,,"120, 300",PGs,Area_PGs,Inferior_Parietal,17.0,151.0,"4552, 3366",idx_R,300,300.0
2,301.0,-1.4654457569122314,0,0.001,,0.07139967064639632,0.005,0.13745391140482713,0,,"121, 301",23d,Area_23d,Posterior_Cingulate,18.0,32.0,"1261, 1513",idx_R,301,301.0
2,302.0,2.9854843616485596,0,0.001,,0.001415648072428398,0.005,0.009100594751325415,0,,"122, 302",31a,Area_31a,Posterior_Cingulate,18.0,162.0,"1260, 1116",idx_R,302,302.0
2,303.0,2.1597907543182373,0,0.001,,0.015394435856955609,0.005,0.04580162734300842,0,,"123, 303",31pd,Area_31pd,Posterior_Cingulate,18.0,161.0,"1428, 864",idx_R,303,303.0
2,304.0,2.1437838077545166,0,0.001,,0.016025106671181615,0.005,0.0472872000133228,0,,"124, 304",31pv,Area_31p_ventral,Posterior_Cingulate,18.0,35.0,"950, 1022",idx_R,304,304.0
2,305.0,4.0715012550354,1,0.001,+,2.335555531377467e-05,0.005,0.00038218181422540367,1,+,"125, 305",7 m,Area_7m,Posterior_Cingulate,18.0,30.0,"2128, 2067",idx_R,305,305.0
2,306.0,3.1781766414642334,1,0.001,+,0.0007410221455268431,0.005,0.005675914306163054,0,,"126, 306",d23ab,Area_dorsal_23_a + b,Posterior_Cingulate,18.0,34.0,"1607, 1106",idx_R,306,306.0
2,307.0,1.8896830081939697,0,0.001,,0.029400183979006782,0.005,0.07350045994751696,0,,"127, 307",DVT,Dorsal_Transitional_Visual_Area,Posterior_Cingulate,18.0,142.0,"1806, 2176",idx_R,307,307.0
2,308.0,2.0514562129974365,0,0.001,,0.020111269806558914,0.005,0.056124473878769066,0,,"128, 308",PCV,PreCuneus_Visual_Area,Posterior_Cingulate,18.0,27.0,"2245, 2416",idx_R,308,308.0
2,309.0,4.673388957977295,1,0.001,+,1.481349591352676e-06,0.005,3.5552390192464223e-05,1,+,"129, 309",POS1,Parieto-Occipital_Sulcus_Area_1,Posterior_Cingulate,18.0,31.0,"2531, 2727",idx_R,309,309.0
2,310.0,3.9589357376098633,1,0.001,+,3.764224413493305e-05,0.005,0.000589182951677213,1,+,"130, 310",POS2,Parieto-Occipital_Sulcus_Area_2,Posterior_Cingulate,18.0,15.0,"3261, 3093",idx_R,310,310.0
2,311.0,0.6256142854690552,0,0.001,,0.26578398323894326,0.005,0.3479353962400712,0,,"131, 311",ProS,ProStriate_Area,Posterior_Cingulate,18.0,121.0,"1222, 1055",idx_R,311,311.0
2,312.0,5.914106369018555,1,0.001,+,1.6684110214499862e-09,0.005,1.0010466128699918e-07,1,+,"132, 312",RSC,RetroSplenial_Complex,Posterior_Cingulate,18.0,14.0,"2830, 3067",idx_R,312,312.0
2,313.0,6.114567756652832,1,0.001,+,4.840951363123963e-10,0.005,4.356856226811567e-08,1,+,"133, 313",v23ab,Area_ventral_23_a + b,Posterior_Cingulate,18.0,33.0,"916, 1089",idx_R,313,313.0
2,314.0,2.080817699432373,0,0.001,,0.018725297735771897,0.005,0.054299887007618154,0,,"134, 314",10r,Area_10r,AntCing_MedPFC,19.0,65.0,"1589, 1053",idx_R,314,314.0
2,315.0,1.6074731349945068,0,0.001,,0.053975309024856,0.005,0.11363222952601262,0,,"135, 315",10v,Area_10v,AntCing_MedPFC,19.0,88.0,"3906, 2667",idx_R,315,315.0
2,316.0,-0.2490900456905365,0,0.001,,0.40164556461172773,0.005,0.4490447306218074,0,,"136, 316",25,Area_25,AntCing_MedPFC,19.0,164.0,"1911, 2135",idx_R,316,316.0
2,317.0,0.3303232491016388,0,0.001,,0.370577863845558,0.005,0.42758984289872076,0,,"137, 317",33pr,Area_33_prime,AntCing_MedPFC,19.0,58.0,"1354, 1316",idx_R,317,317.0
2,318.0,-3.201319456100464,1,0.001,-,0.000683998870747765,0.005,0.00547199096598212,0,,"138, 318",8BM,Area_8BM,AntCing_MedPFC,19.0,63.0,"3122, 3436",idx_R,318,318.0
2,319.0,-1.1787713766098022,0,0.001,,0.11924461246951185,0.005,0.2041439995745942,0,,"139, 319",9 m,Area_9_Middle,AntCing_MedPFC,19.0,69.0,"6338, 5881",idx_R,319,319.0
2,320.0,-0.8029738664627075,0,0.001,,0.21099491984460306,0.005,0.3043208579334992,0,,"140, 320",a24,Area_a24,AntCing_MedPFC,19.0,61.0,"2085, 2152",idx_R,320,320.0
2,321.0,-1.8546096086502075,0,0.001,,0.031825997503329456,0.005,0.07603522591328038,0,,"141, 321",a24pr,Anterior_24_prime,AntCing_MedPFC,19.0,59.0,"1095, 1474",idx_R,321,321.0
2,322.0,-1.8069287538528442,0,0.001,,0.035386694287471425,0.005,0.08272214249019294,0,,"142, 322",a32pr,Area_anterior_32_prime,AntCing_MedPFC,19.0,179.0,"1759, 1118",idx_R,322,322.0
2,323.0,-1.9048073291778564,0,0.001,,0.028402560413912304,0.005,0.07150294929376524,0,,"143, 323",d32,Area_dorsal_32,AntCing_MedPFC,19.0,62.0,"2228, 2374",idx_R,323,323.0
2,324.0,-0.984954297542572,0,0.001,,0.1623232602586459,0.005,0.2497280927056091,0,,"144, 324",p24,Area_posterior_24,AntCing_MedPFC,19.0,180.0,"2394, 2442",idx_R,324,324.0
2,325.0,0.1557776927947998,0,0.001,,0.4381041272591281,0.005,0.4710540389307989,0,,"145, 325",p24pr,Area_Posterior_24_prime,AntCing_MedPFC,19.0,57.0,"1422, 1724",idx_R,325,325.0
2,326.0,-0.04818098619580269,0,0.001,,0.48078600170223823,0.005,0.4903078225488938,0,,"146, 326",p32,Area_p32,AntCing_MedPFC,19.0,64.0,"1180, 1765",idx_R,326,326.0
2,327.0,-0.813755452632904,0,0.001,,0.2078925298772757,0.005,0.3027561762362895,0,,"147, 327",p32pr,Area_p32_prime,AntCing_MedPFC,19.0,60.0,"1569, 1305",idx_R,327,327.0
2,328.0,-2.2183115482330322,0,0.001,,0.013266798660197828,0.005,0.04189515366378262,0,,"148, 328",pOFC,Posterior_OFC_Complex,AntCing_MedPFC,19.0,166.0,"2486, 2836",idx_R,328,328.0
2,329.0,0.816007137298584,0,0.001,,0.20724802680536641,0.005,0.3027561762362895,0,,"149, 329",s32,Area_s32,AntCing_MedPFC,19.0,165.0,"604, 1015",idx_R,329,329.0
2,330.0,-0.06416603922843933,0,0.001,,0.4744190092086377,0.005,0.48910833311406754,0,,"150, 330",10d,Area_10d,OrbPolaFrontal,20.0,72.0,"3644, 3096",idx_R,330,330.0
2,331.0,0.3488824963569641,0,0.001,,0.36358876320843414,0.005,0.4218202678069158,0,,"151, 331",10 pp,Polar_10p,OrbPolaFrontal,20.0,90.0,"1997, 2487",idx_R,331,331.0
2,332.0,-0.21219681203365326,0,0.001,,0.41597674687034947,0.005,0.46084055189683054,0,,"152, 332",11 l,Area_11l,OrbPolaFrontal,20.0,91.0,"3531, 3793",idx_R,332,332.0
2,333.0,-2.5385284423828125,0,0.001,,0.005565987698031395,0.005,0.024737723102361758,0,,"153, 333",13 l,Area_13l,OrbPolaFrontal,20.0,92.0,"2429, 1757",idx_R,333,333.0
2,334.0,-0.28154096007347107,0,0.001,,0.38914775820494113,0.005,0.44193436263021707,0,,"154, 334",47 m,Area_47m,OrbPolaFrontal,20.0,66.0,"799, 781",idx_R,334,334.0
2,335.0,-3.2156283855438232,1,0.001,-,0.0006507962980892982,0.005,0.005324696984366985,0,,"155, 335",47 s,Area_47s,OrbPolaFrontal,20.0,94.0,"2795, 3080",idx_R,335,335.0
2,336.0,0.38439497351646423,0,0.001,,0.3503428627272387,0.005,0.41351944453051126,0,,"156, 336",a10p,Area_anterior_10p,OrbPolaFrontal,20.0,89.0,"1964, 1748",idx_R,336,336.0
2,337.0,-1.9908561706542969,0,0.001,,0.02324835096579459,0.005,0.06221582064968607,0,,"157, 337",OFC,Orbital_Frontal_Complex,OrbPolaFrontal,20.0,93.0,"4560, 5232",idx_R,337,337.0
2,338.0,0.16669687628746033,0,0.001,,0.4338042817543913,0.005,0.4710540389307989,0,,"158, 338",p10p,Area_posterior_10p,OrbPolaFrontal,20.0,170.0,"2116, 2365",idx_R,338,338.0
2,339.0,-4.34089469909668,1,0.001,-,7.095186004243436e-06,0.005,0.00013443510323829668,1,-,"159, 339",44,Area_44,Inferior_Frontal,21.0,74.0,"2435, 2589",idx_R,339,339.0
2,340.0,-7.099116802215576,1,0.001,-,6.277833223706652e-13,0.005,2.260019960534395e-10,1,-,"160, 340",45,Area_45,Inferior_Frontal,21.0,75.0,"3762, 2962",idx_R,340,340.0
2,341.0,-2.479491710662842,0,0.001,,0.006578489412146062,0.005,0.02647479443613066,0,,"161, 341",47 l,Area_47l_(47_lateral),Inferior_Frontal,21.0,76.0,"2527, 2592",idx_R,341,341.0
2,342.0,-2.8285961151123047,0,0.001,,0.0023376329927934495,0.005,0.012750725415236997,0,,"162, 342",a47r,Area_anterior_47r,Inferior_Frontal,21.0,77.0,"4167, 3763",idx_R,342,342.0
2,343.0,-0.692546546459198,0,0.001,,0.24429708277871948,0.005,0.3306276308283421,0,,"163, 343",IFJa,Area_IFJa,Inferior_Frontal,21.0,79.0,"1513, 1405",idx_R,343,343.0
2,344.0,-0.6418779492378235,0,0.001,,0.2604762163197179,0.005,0.3447479333643325,0,,"164, 344",IFJp,Area_IFJp,Inferior_Frontal,21.0,80.0,"960, 740",idx_R,344,344.0
2,345.0,-3.2838361263275146,1,0.001,-,0.0005120222426659978,0.005,0.0043887620799942665,1,-,"165, 345",IFSa,Area_IFSa,Inferior_Frontal,21.0,82.0,"2057, 2641",idx_R,345,345.0
2,346.0,0.1001053899526596,0,0.001,,0.4601303281333094,0.005,0.481527701339363,0,,"166, 346",IFSp,Area_IFSp,Inferior_Frontal,21.0,81.0,"1589, 1730",idx_R,346,346.0
2,347.0,-3.8857786655426025,1,0.001,-,5.100120520893593e-05,0.005,0.0007344173550086774,1,-,"167, 347",p47r,Area_posterior_47r,Inferior_Frontal,21.0,171.0,"2133, 1761",idx_R,347,347.0
2,348.0,0.14973971247673035,0,0.001,,0.44048498768108335,0.005,0.4710540389307989,0,,"168, 348",46,Area_46,Dorsolateral_Prefrontal,22.0,84.0,"4863, 4394",idx_R,348,348.0
2,349.0,3.062566041946411,0,0.001,,0.0010972402285958196,0.005,0.007181936041718092,0,,"169, 349",8Ad,Area_8Ad,Dorsolateral_Prefrontal,22.0,68.0,"3386, 3492",idx_R,349,349.0
2,350.0,-0.9043634533882141,0,0.001,,0.1829013552391931,0.005,0.27321364268095233,0,,"170, 350",8Av,Area_8Av,Dorsolateral_Prefrontal,22.0,67.0,"4807, 5902",idx_R,350,350.0
2,351.0,-2.2104556560516357,0,0.001,,0.013536777412649623,0.005,0.04218632277157245,0,,"171, 351",8BL,Area_8B_Lateral,Dorsolateral_Prefrontal,22.0,70.0,"3377, 4078",idx_R,351,351.0
2,352.0,-2.3362317085266113,0,0.001,,0.009739584275506807,0.005,0.03577806468553521,0,,"172, 352",8C,Area_8C,Dorsolateral_Prefrontal,22.0,73.0,"4085, 3134",idx_R,352,352.0
2,353.0,-1.6643389463424683,0,0.001,,0.04802235676492365,0.005,0.1041448700926055,0,,"173, 353",9-46d,Area_9-46d,Dorsolateral_Prefrontal,22.0,86.0,"4534, 4666",idx_R,353,353.0
2,354.0,-1.630061149597168,0,0.001,,0.05154428683879036,0.005,0.10979848084002682,0,,"174, 354",9a,Area_9_anterior,Dorsolateral_Prefrontal,22.0,87.0,"3706, 3048",idx_R,354,354.0
2,355.0,-3.371744394302368,1,0.001,-,0.0003734686757688565,0.005,0.003538124296757588,1,-,"175, 355",9p,Area_9_Posterior,Dorsolateral_Prefrontal,22.0,71.0,"3426, 2488",idx_R,355,355.0
2,356.0,-1.8740051984786987,0,0.001,,0.03046485430390007,0.005,0.0746783315559135,0,,"176, 356",a9-46v,Area_anterior_9-46v,Dorsolateral_Prefrontal,22.0,85.0,"3314, 2628",idx_R,356,356.0
2,357.0,0.6364433169364929,0,0.001,,0.2622437575508661,0.005,0.3458159440231201,0,,"177, 357",i6-8,Inferior_6-8_Transitional_Area,Dorsolateral_Prefrontal,22.0,97.0,"1764, 2418",idx_R,357,357.0
2,358.0,0.3136674165725708,0,0.001,,0.3768868252397428,0.005,0.43072780027399177,0,,"178, 358",p9-46v,Area_posterior_9-46v,Dorsolateral_Prefrontal,22.0,83.0,"2871, 4635",idx_R,358,358.0
2,359.0,0.5567697882652283,0,0.001,,0.2888423640378813,0.005,0.3661382079353426,0,,"179, 359",s6-8,Superior_6-8_Transitional_Area,Dorsolateral_Prefrontal,22.0,98.0,"1336, 2132",idx_R,359,359.0
2,360.0,-6.321178913116455,1,0.001,-,1.2978763639768975e-10,0.005,1.557451636772277e-08,1,-,"180, 360",SFL,Superior_Frontal_Language_Area,Dorsolateral_Prefrontal,22.0,26.0,"3873, 3055",idx_R,360,360.0
3,1.0,-0.0654313862323761,0,0.001,,0.4739152675076119,0.005,0.48885242493621855,0,,"1, 181",V1,Primary_Visual_Cortex,Primary_Visual,1.0,1.0,"13,812, 13,406",idx_L,1,1.0
3,2.0,0.8238652944564819,0,0.001,,0.20500805104343173,0.005,0.3322873662136972,0,,"2, 182",V2,Second_Visual_Area,Early_Visual,2.0,4.0,"9515, 9420",idx_L,2,2.0
3,3.0,1.8109967708587646,0,0.001,,0.0350706757630593,0.005,0.12961840136070688,0,,"3, 183",V3,Third_Visual_Area,Early_Visual,2.0,5.0,"7106, 7481",idx_L,3,3.0
3,4.0,0.7181369662284851,0,0.001,,0.2363364195810138,0.005,0.35157483904613623,0,,"4, 184",V4,Fourth_Visual_Area,Early_Visual,2.0,6.0,"4782, 4537",idx_L,4,4.0
3,5.0,0.3800602853298187,0,0.001,,0.35195033269810766,0.005,0.4193351241038666,0,,"5, 185",IPS1,IntraParietal_Sulcus_Area_1,Dorsal_Stream_Visual,3.0,17.0,"1751, 1750",idx_L,5,5.0
3,6.0,0.6840302348136902,0,0.001,,0.24697803694609505,0.005,0.3629065032677315,0,,"6, 186",V3A,Area_V3A,Dorsal_Stream_Visual,3.0,13.0,"2191, 2212",idx_L,6,6.0
3,7.0,0.7425745725631714,0,0.001,,0.2288696438955694,0.005,0.34481103182793504,0,,"7, 187",V3B,Area_V3B,Dorsal_Stream_Visual,3.0,19.0,"639, 731",idx_L,7,7.0
3,8.0,1.0014410018920898,0,0.001,,0.1583068248839734,0.005,0.290767637541992,0,,"8, 188",V6,Sixth_Visual_Area,Dorsal_Stream_Visual,3.0,3.0,"1402, 1559",idx_L,8,8.0
3,9.0,0.824884295463562,0,0.001,,0.20471864156282837,0.005,0.3322873662136972,0,,"9, 189",V6A,Area_V6A,Dorsal_Stream_Visual,3.0,152.0,"904, 734",idx_L,9,9.0
3,10.0,-0.13458743691444397,0,0.001,,0.44646903755798845,0.005,0.4699674079557773,0,,"10, 190",V7,Seventh_Visual_Area,Dorsal_Stream_Visual,3.0,16.0,"1005, 1041",idx_L,10,10.0
3,11.0,-0.9538088440895081,0,0.001,,0.17009020590844115,0.005,0.3037075622347801,0,,"11, 191",FFC,Fusiform_Face_Complex,Ventral_Stream_Visual,4.0,18.0,"3848, 4402",idx_L,11,11.0
3,12.0,0.5669020414352417,0,0.001,,0.28539036856818756,0.005,0.38770012333791515,0,,"12, 192",PIT,Posterior_InferoTemporal_complex,Ventral_Stream_Visual,4.0,22.0,"1392, 1386",idx_L,12,12.0
3,13.0,1.404762625694275,0,0.001,,0.08004593811227351,0.005,0.19873474289943768,0,,"13, 193",V8,Eighth_Visual_Area,Ventral_Stream_Visual,4.0,7.0,"1361, 1175",idx_L,13,13.0
3,14.0,1.3481963872909546,0,0.001,,0.08879761314153395,0.005,0.21170291874802796,0,,"14, 194",VMV1,VentroMedial_Visual_Area_1,Ventral_Stream_Visual,4.0,153.0,"939, 1219",idx_L,14,14.0
3,15.0,-0.008673052303493023,0,0.001,,0.49653999611403227,0.005,0.49730808176576236,0,,"15, 195",VMV2,VentroMedial_Visual_Area_2,Ventral_Stream_Visual,4.0,160.0,"639, 923",idx_L,15,15.0
3,16.0,0.5982565879821777,0,0.001,,0.27483436918823695,0.005,0.3805398957990973,0,,"16, 196",VMV3,VentroMedial_Visual_Area_3,Ventral_Stream_Visual,4.0,154.0,"941, 1242",idx_L,16,16.0
3,17.0,1.1916770935058594,0,0.001,,0.11669394158773899,0.005,0.24153090438475663,0,,"17, 197",VVC,Ventral_Visual_Complex,Ventral_Stream_Visual,4.0,163.0,"2487, 2753",idx_L,17,17.0
3,18.0,0.08367365598678589,0,0.001,,0.46665795157605655,0.005,0.48414081431521716,0,,"18, 198",FST,Area_FST,MT + _Complex,5.0,157.0,"1324, 1683",idx_L,18,18.0
3,19.0,0.8500911593437195,0,0.001,,0.1976372031846947,0.005,0.3278773877718437,0,,"19, 199",LO1,Area_Lateral_Occipital_1,MT + _Complex,5.0,20.0,"619, 909",idx_L,19,19.0
3,20.0,0.0150303291156888,0,0.001,,0.4940039919887408,0.005,0.49730808176576236,0,,"20, 200",LO2,Area_Lateral_Occipital_2,MT + _Complex,5.0,21.0,"1179, 1062",idx_L,20,20.0
3,21.0,-0.3217526972293854,0,0.001,,0.3738200261267062,0.005,0.4318854826642857,0,,"21, 201",LO3,Area_Lateral_Occipital_3,MT + _Complex,5.0,159.0,"438, 915",idx_L,21,21.0
3,22.0,0.013229945674538612,0,0.001,,0.494722169267867,0.005,0.49730808176576236,0,,"22, 202",MST,Medial_Superior_Temporal_Area,MT + _Complex,5.0,2.0,"794, 1036",idx_L,22,22.0
3,23.0,-0.7619941234588623,0,0.001,,0.2230317557488662,0.005,0.34308376745172764,0,,"23, 203",MT,Middle_Temporal_Area,MT + _Complex,5.0,23.0,"620, 1005",idx_L,23,23.0
3,24.0,-0.18943622708320618,0,0.001,,0.4248754666796146,0.005,0.4596616533363695,0,,"24, 204",PH,Area_PH,MT + _Complex,5.0,138.0,"3453, 3205",idx_L,24,24.0
3,25.0,-0.3141590654850006,0,0.001,,0.37670011543496035,0.005,0.4318854826642857,0,,"25, 205",V3CD,Area_V3CD,MT + _Complex,5.0,158.0,"876, 1222",idx_L,25,25.0
3,26.0,0.4971976578235626,0,0.001,,0.309524836473265,0.005,0.4108350605280079,0,,"26, 206",V4t,Area_V4t,MT + _Complex,5.0,156.0,"1037, 1249",idx_L,26,26.0
3,27.0,-0.7840619683265686,0,0.001,,0.2165018749629395,0.005,0.34035229251815813,0,,"27, 207",1,Area_1,SomaSens_Motor,6.0,51.0,"6590, 5925",idx_L,27,27.0
3,28.0,1.3365774154663086,0,0.001,,0.0906803075481124,0.005,0.21476914945605569,0,,"28, 208",2,Area_2,SomaSens_Motor,6.0,52.0,"4278, 4727",idx_L,28,28.0
3,29.0,-1.7921873331069946,0,0.001,,0.036551481508622086,0.005,0.12982428594119533,0,,"29, 209",3a,Area_3a,SomaSens_Motor,6.0,53.0,"2247, 2286",idx_L,29,29.0
3,30.0,-2.069445848464966,0,0.001,,0.01925213394881883,0.005,0.08663460276968474,0,,"30, 210",3b,Primary_Sensory_Cortex,SomaSens_Motor,6.0,9.0,"5451, 4350",idx_L,30,30.0
3,31.0,-1.1593356132507324,0,0.001,,0.12315970530555914,0.005,0.2504943158757135,0,,"31, 211",4,Primary_Motor_Cortex,SomaSens_Motor,6.0,8.0,"10,776, 10,254",idx_L,31,31.0
3,32.0,-0.6359034180641174,0,0.001,,0.26241968734727966,0.005,0.37340350768782876,0,,"32, 212",23c,Area_23c,ParaCentral_MidCing,7.0,38.0,"2259, 2498",idx_L,32,32.0
3,33.0,-1.7109814882278442,0,0.001,,0.043542265097855554,0.005,0.14380931591952295,0,,"33, 213",24dd,Dorsal_Area_24d,ParaCentral_MidCing,7.0,40.0,"2665, 2820",idx_L,33,33.0
3,34.0,-1.0865730047225952,0,0.001,,0.13861278039093905,0.005,0.2668481333729308,0,,"34, 214",24dv,Ventral_Area_24d,ParaCentral_MidCing,7.0,41.0,"1076, 1349",idx_L,34,34.0
3,35.0,0.2939510941505432,0,0.001,,0.3843976371829098,0.005,0.4352672094082799,0,,"35, 215",5L,Area_5L,ParaCentral_MidCing,7.0,39.0,"2249, 2327",idx_L,35,35.0
3,36.0,-1.1492263078689575,0,0.001,,0.12523133779505202,0.005,0.2518619084146298,0,,"36, 216",5 m,Area_5m,ParaCentral_MidCing,7.0,36.0,"1483, 2079",idx_L,36,36.0
3,37.0,0.22607934474945068,0,0.001,,0.41056985460971984,0.005,0.44925576796200345,0,,"37, 217",5mv,Area_5m_ventral,ParaCentral_MidCing,7.0,37.0,"1651, 1996",idx_L,37,37.0
3,38.0,-0.14902538061141968,0,0.001,,0.4407668028777403,0.005,0.4699250485265323,0,,"38, 218",6ma,Area_6m_anterior,ParaCentral_MidCing,7.0,44.0,"3941, 4251",idx_L,38,38.0
3,39.0,-0.7310824394226074,0,0.001,,0.23236439987884583,0.005,0.34710034836674064,0,,"39, 219",6mp,Area_6mp,ParaCentral_MidCing,7.0,55.0,"3701, 3105",idx_L,39,39.0
3,40.0,-2.543571710586548,0,0.001,,0.005486276577310053,0.005,0.035268920854136056,0,,"40, 220",SCEF,Supplementary_and_Cingulate_Eye_Field,ParaCentral_MidCing,7.0,43.0,"3500, 3371",idx_L,40,40.0
3,41.0,-1.5950158834457397,0,0.001,,0.05535434198119276,0.005,0.16469060424156523,0,,"41, 221",55b,Area_55b,Premotor,8.0,12.0,"2422, 1537",idx_L,41,41.0
3,42.0,0.6204441785812378,0,0.001,,0.26748269714060935,0.005,0.37762263125733087,0,,"42, 222",6a,Area_6_anterior,Premotor,8.0,96.0,"4233, 3752",idx_L,42,42.0
3,43.0,-1.3104028701782227,0,0.001,,0.09502979159009395,0.005,0.21847558652408433,0,,"43, 223",6d,Dorsal_area_6,Premotor,8.0,54.0,"2916, 2909",idx_L,43,43.0
3,44.0,-1.5793017148971558,0,0.001,,0.05713343435159761,0.005,0.1685904620211077,0,,"44, 224",6r,Rostral_Area_6,Premotor,8.0,78.0,"3029, 3981",idx_L,44,44.0
3,45.0,-0.4572620093822479,0,0.001,,0.3237413663354636,0.005,0.4162388995741675,0,,"45, 225",6v,Ventral_Area_6,Premotor,8.0,56.0,"2075, 2516",idx_L,45,45.0
3,46.0,-2.1372952461242676,0,0.001,,0.016286992639494347,0.005,0.07614697857425928,0,,"46, 226",FEF,Frontal_Eye_Fields,Premotor,8.0,10.0,"1787, 1889",idx_L,46,46.0
3,47.0,-2.414503574371338,0,0.001,,0.007878334185265469,0.005,0.04501905248723125,0,,"47, 227",PEF,Premotor_Eye_Field,Premotor,8.0,11.0,"1006, 1258",idx_L,47,47.0
3,48.0,-0.6617943048477173,0,0.001,,0.2540515282669972,0.005,0.3673034143619236,0,,"48, 228",43,Area_43,Posterior_Opercular,9.0,99.0,"1889, 1678",idx_L,48,48.0
3,49.0,-2.371589183807373,0,0.001,,0.008855885818751469,0.005,0.048696348463082434,0,,"49, 229",FOP1,Frontal_Opercular_Area_1,Posterior_Opercular,9.0,113.0,"879, 932",idx_L,49,49.0
3,50.0,0.423854798078537,0,0.001,,0.3358358556655198,0.005,0.41706225666777735,0,,"50, 230",OP1,Area_OP1-SII,Posterior_Opercular,9.0,101.0,"1275, 1072",idx_L,50,50.0
3,51.0,-0.4879399538040161,0,0.001,,0.3127961867220691,0.005,0.41097309204359445,0,,"51, 231",OP2-3,Area_OP2-3-VS,Posterior_Opercular,9.0,102.0,"943, 792",idx_L,51,51.0
3,52.0,-1.1257911920547485,0,0.001,,0.13012695661869234,0.005,0.2588160463134212,0,,"52, 232",OP4,Area_OP4-PV,Posterior_Opercular,9.0,100.0,"2332, 2409",idx_L,52,52.0
3,53.0,-1.9698621034622192,0,0.001,,0.024427088347701117,0.005,0.10225292796712096,0,,"53, 233",52,Area_52,Early_Auditory,10.0,103.0,"725, 580",idx_L,53,53.0
3,54.0,0.3711308538913727,0,0.001,,0.3552700356991092,0.005,0.4193351241038666,0,,"54, 234",A1,Primary_Auditory_Cortex,Early_Auditory,10.0,24.0,"1023, 796",idx_L,54,54.0
3,55.0,0.21684971451759338,0,0.001,,0.4141627335296395,0.005,0.45181389112324305,0,,"55, 235",LBelt,Lateral_Belt_Complex,Early_Auditory,10.0,174.0,"820, 901",idx_L,55,55.0
3,56.0,0.5187302231788635,0,0.001,,0.30197444126556605,0.005,0.4048341325753148,0,,"56, 236",MBelt,Medial_Belt_Complex,Early_Auditory,10.0,173.0,"1242, 1236",idx_L,56,56.0
3,57.0,0.8962834477424622,0,0.001,,0.18505069856358464,0.005,0.31572631034545245,0,,"57, 237",PBelt,ParaBelt_Complex,Early_Auditory,10.0,124.0,"1719, 1439",idx_L,57,57.0
3,58.0,-0.5703831315040588,0,0.001,,0.2842089340275811,0.005,0.3875576373103378,0,,"58, 238",PFcm,Area_PFcm,Early_Auditory,10.0,105.0,"1486, 1485",idx_L,58,58.0
3,59.0,1.2674275636672974,0,0.001,,0.10250122457487665,0.005,0.22778049905528144,0,,"59, 239",RI,RetroInsular_Cortex,Early_Auditory,10.0,104.0,"1149, 1334",idx_L,59,59.0
3,60.0,0.758895754814148,0,0.001,,0.22395745930876665,0.005,0.34308376745172764,0,,"60, 240",A4,Auditory_4_Complex,Auditory_Association,11.0,175.0,"3514, 3610",idx_L,60,60.0
3,61.0,-2.807908535003662,0,0.001,,0.0024932193583994565,0.005,0.02182771221991289,0,,"61, 241",A5,Auditory_5_Complex,Auditory_Association,11.0,125.0,"3346, 3881",idx_L,61,61.0
3,62.0,-2.9084742069244385,0,0.001,,0.0018159856785644115,0.005,0.017331168531138783,0,,"62, 242",STGa,Area_STGa,Auditory_Association,11.0,123.0,"2509, 2187",idx_L,62,62.0
3,63.0,-3.985480785369873,1,0.001,-,3.3671813520482516e-05,0.005,0.0006734362704096503,1,-,"63, 243",STSda,Area_STSd_anterior,Auditory_Association,11.0,128.0,"1944, 2389",idx_L,63,63.0
3,64.0,-4.817233562469482,1,0.001,-,7.278113331466442e-07,0.005,4.709147533101979e-05,1,-,"64, 244",STSdp,Area_STSd_posterior,Auditory_Association,11.0,129.0,"1994, 2605",idx_L,64,64.0
3,65.0,-2.792886972427368,0,0.001,,0.0026119970916804766,0.005,0.021867882628022597,0,,"65, 245",STSva,Area_STSv_anterior,Auditory_Association,11.0,176.0,"1694, 1900",idx_L,65,65.0
3,66.0,-4.3757805824279785,1,0.001,-,6.049934212278805e-06,0.005,0.00019799784694730634,1,-,"66, 246",STSvp,Area_STSv_posterior,Auditory_Association,11.0,130.0,"2898, 2515",idx_L,66,66.0
3,67.0,-0.6164347529411316,0,0.001,,0.2688038112011817,0.005,0.37800535950166175,0,,"67, 247",TA2,Area_TA2,Auditory_Association,11.0,107.0,"1518, 1726",idx_L,67,67.0
3,68.0,-1.2139537334442139,0,0.001,,0.11238269610434104,0.005,0.23939509229327088,0,,"68, 248",AAIC,Anterior_Agranular_Insula_Complex,Insula_FrontalOperc,12.0,112.0,"1859, 1691",idx_L,68,68.0
3,69.0,-0.7496957182884216,0,0.001,,0.22671899344509572,0.005,0.34481103182793504,0,,"69, 249",AVI,Anterior_Ventral_Insular_Area,Insula_FrontalOperc,12.0,111.0,"1446, 1792",idx_L,69,69.0
3,70.0,0.47454559803009033,0,0.001,,0.31755544496760724,0.005,0.4128462162260628,0,,"70, 250",FOP2,Frontal_Opercular_Area_2,Insula_FrontalOperc,12.0,115.0,"750, 720",idx_L,70,70.0
3,71.0,-0.12318890541791916,0,0.001,,0.45097875542254007,0.005,0.47333047216359886,0,,"71, 251",FOP3,Frontal_Opercular_Area_3,Insula_FrontalOperc,12.0,114.0,"754, 614",idx_L,71,71.0
3,72.0,-3.748150587081909,1,0.001,-,8.907164631024843e-05,0.005,0.0016032896335844717,1,-,"72, 252",FOP4,Frontal_Opercular_Area_4,Insula_FrontalOperc,12.0,108.0,"2522, 1678",idx_L,72,72.0
3,73.0,-2.1535632610321045,0,0.001,,0.015637219011829222,0.005,0.07505865125678027,0,,"73, 253",FOP5,Area_Frontal_Opercular_5,Insula_FrontalOperc,12.0,169.0,"1297, 1365",idx_L,73,73.0
3,74.0,-0.8068400025367737,0,0.001,,0.20987933450134355,0.005,0.3373060733057307,0,,"74, 254",Ig,Insular_Granular_Complex,Insula_FrontalOperc,12.0,168.0,"841, 1077",idx_L,74,74.0
3,75.0,-4.55088472366333,1,0.001,-,2.6710405835595558e-06,0.005,0.00012019682626018001,1,-,"75, 255",MI,Middle_Insular_Area,Insula_FrontalOperc,12.0,109.0,"2102, 1960",idx_L,75,75.0
3,76.0,-1.9136942625045776,0,0.001,,0.027829616298478514,0.005,0.1100951853566183,0,,"76, 256",PI,Para-Insular_Area,Insula_FrontalOperc,12.0,178.0,"1033, 1058",idx_L,76,76.0
3,77.0,-3.6840126514434814,1,0.001,-,0.0001147954189415393,0.005,0.0017573181701723117,1,-,"77, 257",Pir,Pirform_Cortex,Insula_FrontalOperc,12.0,110.0,"2287, 1856",idx_L,77,77.0
3,78.0,-0.9393005967140198,0,0.001,,0.17378821616767975,0.005,0.3037075622347801,0,,"78, 258",PoI1,Area_Posterior_Insular_1,Insula_FrontalOperc,12.0,167.0,"1811, 1835",idx_L,78,78.0
3,79.0,-0.9507368803024292,0,0.001,,0.1708689807230483,0.005,0.3037075622347801,0,,"79, 259",PoI2,Posterior_Insular_Area_2,Insula_FrontalOperc,12.0,106.0,"2747, 2675",idx_L,79,79.0
3,80.0,-1.950368046760559,0,0.001,,0.02556613375252533,0.005,0.10579089828631172,0,,"80, 260",H,Hippocampus,Medial_Temporal,13.0,120.0,"4283, 3626",idx_L,80,80.0
3,81.0,-0.4059978127479553,0,0.001,,0.34237210376134375,0.005,0.41706225666777735,0,,"81, 261",PreS,PreSubiculum,Medial_Temporal,13.0,119.0,"1817, 1558",idx_L,81,81.0
3,82.0,-1.7892963886260986,0,0.001,,0.03678354768333868,0.005,0.12982428594119533,0,,"82, 262",EC,Entorhinal_Cortex,Medial_Temporal,13.0,118.0,"2127, 2110",idx_L,82,82.0
3,83.0,-2.570342540740967,0,0.001,,0.005079900063217198,0.005,0.03386600042144799,0,,"83, 263",PeEc,Perirhinal_Ectorhinal_Cortex,Medial_Temporal,13.0,122.0,"4826, 4755",idx_L,83,83.0
3,84.0,0.2840230464935303,0,0.001,,0.38819635953707865,0.005,0.4353604032191536,0,,"84, 264",TF,Area_TF,Medial_Temporal,13.0,135.0,"3986, 4752",idx_L,84,84.0
3,85.0,-0.4176553785800934,0,0.001,,0.3380995505550118,0.005,0.41706225666777735,0,,"85, 265",PHA1,ParaHippocampal_Area_1,Medial_Temporal,13.0,126.0,"1281, 1168",idx_L,85,85.0
3,86.0,1.2241151332855225,0,0.001,,0.11045439897833836,0.005,0.23784353107621162,0,,"86, 266",PHA2,ParaHippocampal_Area_2,Medial_Temporal,13.0,155.0,"783, 771",idx_L,86,86.0
3,87.0,0.41446277499198914,0,0.001,,0.33926761177062115,0.005,0.41706225666777735,0,,"87, 267",PHA3,ParaHippocampal_Area_3,Medial_Temporal,13.0,127.0,"2023, 1122",idx_L,87,87.0
3,88.0,-0.28874140977859497,0,0.001,,0.38638963564154166,0.005,0.4353604032191536,0,,"88, 268",PHT,Area_PHT,Lateral_Temporal,14.0,137.0,"4182, 3410",idx_L,88,88.0
3,89.0,-3.162620782852173,1,0.001,-,0.0007817792976298191,0.005,0.009078727327314028,0,,"89, 269",TE1a,Area_TE1_anterior,Lateral_Temporal,14.0,132.0,"5227, 4180",idx_L,89,89.0
3,90.0,-2.3686046600341797,0,0.001,,0.008927663884898447,0.005,0.048696348463082434,0,,"90, 270",TE1m,Area_TE1_Middle,Lateral_Temporal,14.0,177.0,"3339, 3429",idx_L,90,90.0
3,91.0,-0.3899020850658417,0,0.001,,0.3483044760170319,0.005,0.4193351241038666,0,,"91, 271",TE1p,Area_TE1_posterior,Lateral_Temporal,14.0,133.0,"7116, 6010",idx_L,91,91.0
3,92.0,-0.8218305110931396,0,0.001,,0.20558668305237898,0.005,0.3322873662136972,0,,"92, 272",TE2a,Area_TE2_anterior,Lateral_Temporal,14.0,134.0,"5691, 5753",idx_L,92,92.0
3,93.0,0.9808140993118286,0,0.001,,0.16334221204383376,0.005,0.2984933824151277,0,,"93, 273",TE2p,Area_TE2_posterior,Lateral_Temporal,14.0,136.0,"4115, 3040",idx_L,93,93.0
3,94.0,-4.558438777923584,1,0.001,-,2.5767641220131677e-06,0.005,0.00012019682626018001,1,-,"94, 274",TGd,Area_TG_dorsal,Lateral_Temporal,14.0,131.0,"10,192, 10,269",idx_L,94,94.0
3,95.0,-3.3056063652038574,1,0.001,-,0.00047385562867003977,0.005,0.005882345735214287,0,,"95, 275",TGv,Area_TG_Ventral,Lateral_Temporal,14.0,172.0,"3694, 4515",idx_L,95,95.0
3,96.0,-4.422410011291504,1,0.001,-,4.880300333261694e-06,0.005,0.00017569081199742098,1,-,"96, 276",PSL,PeriSylvian_Language_Area,TPO,15.0,25.0,"2154, 2759",idx_L,96,96.0
3,97.0,-3.0575621128082275,0,0.001,,0.001115726952073281,0.005,0.01155687544032943,0,,"97, 277",STV,Superior_Temporal_Visual_Area,TPO,15.0,28.0,"2322, 2294",idx_L,97,97.0
3,98.0,-4.081891059875488,1,0.001,-,2.2335368012122087e-05,0.005,0.0004729842637861148,1,-,"98, 278",TPOJ1,Area_TemporoParietoOccipital_Junction_1,TPO,15.0,139.0,"2102, 3938",idx_L,98,98.0
3,99.0,-0.8783307075500488,0,0.001,,0.18988213801217835,0.005,0.3209275572036817,0,,"99, 279",TPOJ2,Area_TemporoParietoOccipital_Junction_2,TPO,15.0,140.0,"1930, 2068",idx_L,99,99.0
3,100.0,-0.29371973872184753,0,0.001,,0.38448603497731393,0.005,0.4352672094082799,0,,"100, 280",TPOJ3,Area_TemporoParietoOccipital_Junction_3,TPO,15.0,141.0,"1290, 1277",idx_L,100,100.0
3,101.0,-0.23748308420181274,0,0.001,,0.4061410203731564,0.005,0.4457645345559034,0,,"101, 281",7AL,Lateral_Area_7A,Superior_Parietal,16.0,42.0,"2134, 2030",idx_L,101,101.0
3,102.0,1.8919199705123901,0,0.001,,0.029250822263588216,0.005,0.1141134917453407,0,,"102, 282",7Am,Medial_Area_7A,Superior_Parietal,16.0,45.0,"2995, 2379",idx_L,102,102.0
3,103.0,-0.03648709878325462,0,0.001,,0.4854469827700927,0.005,0.49647986874214023,0,,"103, 283",7PC,Area_7PC,Superior_Parietal,16.0,47.0,"3151, 3415",idx_L,103,103.0
3,104.0,2.3607277870178223,0,0.001,,0.009119556600228293,0.005,0.049000602628092325,0,,"104, 284",7Pl,Lateral_Area_7P,Superior_Parietal,16.0,46.0,"1695, 1363",idx_L,104,104.0
3,105.0,1.8885016441345215,0,0.001,,0.02947931870087968,0.005,0.1141134917453407,0,,"105, 285",7Pm,Medial_Area_7P,Superior_Parietal,16.0,29.0,"1601, 1308",idx_L,105,105.0
3,106.0,2.5492007732391357,0,0.001,,0.005398506075279012,0.005,0.035268920854136056,0,,"106, 286",AIP,Anterior_IntraParietal_Area,Superior_Parietal,16.0,117.0,"1999, 2542",idx_L,106,106.0
3,107.0,1.6783167123794556,0,0.001,,0.04664264358622778,0.005,0.14571542970690363,0,,"107, 287",LIPd,Area_Lateral_IntraParietal_dorsal,Superior_Parietal,16.0,95.0,"1008, 869",idx_L,107,107.0
3,108.0,0.17005854845046997,0,0.001,,0.4324820460755459,0.005,0.46475682563342247,0,,"108, 288",LIPv,Area_Lateral_IntraParietal_ventral,Superior_Parietal,16.0,48.0,"1681, 1783",idx_L,108,108.0
3,109.0,2.06954288482666,0,0.001,,0.01924758569322999,0.005,0.08663460276968474,0,,"109, 289",MIP,Medial_IntraParietal_Area,Superior_Parietal,16.0,50.0,"1872, 2403",idx_L,109,109.0
3,110.0,0.11398525536060333,0,0.001,,0.45462474088825583,0.005,0.47439103397035387,0,,"110, 290",VIP,Ventral_IntraParietal_Complex,Superior_Parietal,16.0,49.0,"1890, 1577",idx_L,110,110.0
3,111.0,0.6000204086303711,0,0.001,,0.2742463171339605,0.005,0.3805398957990973,0,,"111, 291",IP0,Area_IntraParietal_0,Inferior_Parietal,17.0,146.0,"1203, 1239",idx_L,111,111.0
3,112.0,2.7384133338928223,0,0.001,,0.0030868214899296914,0.005,0.02400488236290124,0,,"112, 292",IP1,Area_IntraParietal_1,Inferior_Parietal,17.0,145.0,"1692, 1632",idx_L,112,112.0
3,113.0,2.906172037124634,0,0.001,,0.001829401122731316,0.005,0.017331168531138783,0,,"113, 293",IP2,Area_IntraParietal_2,Inferior_Parietal,17.0,144.0,"2102, 1861",idx_L,113,113.0
3,114.0,-1.154886245727539,0,0.001,,0.1240685062891072,0.005,0.2509250688993179,0,,"114, 294",PF,Area_PF_Complex,Inferior_Parietal,17.0,148.0,"5457, 5251",idx_L,114,114.0
3,115.0,-0.3764679729938507,0,0.001,,0.3532845105091006,0.005,0.4193351241038666,0,,"115, 295",PFm,Area_PFm_Complex,Inferior_Parietal,17.0,149.0,"8220, 8141",idx_L,115,115.0
3,116.0,-1.2218364477157593,0,0.001,,0.1108847411899685,0.005,0.23784353107621162,0,,"116, 296",PFop,Area_PF_Opercular,Inferior_Parietal,17.0,147.0,"1797, 1783",idx_L,116,116.0
3,117.0,0.6722862720489502,0,0.001,,0.25070073376122326,0.005,0.3653937820001634,0,,"117, 297",PFt,Area_PFt,Inferior_Parietal,17.0,116.0,"1983, 2039",idx_L,117,117.0
3,118.0,-1.0228209495544434,0,0.001,,0.15319625545078464,0.005,0.2842738914523937,0,,"118, 298",PGi,Area_PGi,Inferior_Parietal,17.0,150.0,"4791, 4970",idx_L,118,118.0
3,119.0,0.35394835472106934,0,0.001,,0.3616887939201888,0.005,0.4241301817956612,0,,"119, 299",PGp,Area_PGp,Inferior_Parietal,17.0,143.0,"2501, 3740",idx_L,119,119.0
3,120.0,0.8648576736450195,0,0.001,,0.19355845573286584,0.005,0.3247415684256313,0,,"120, 300",PGs,Area_PGs,Inferior_Parietal,17.0,151.0,"4552, 3366",idx_L,120,120.0
3,121.0,-0.4884471297264099,0,0.001,,0.31261658299245165,0.005,0.41097309204359445,0,,"121, 301",23d,Area_23d,Posterior_Cingulate,18.0,32.0,"1261, 1513",idx_L,121,121.0
3,122.0,1.7997149229049683,0,0.001,,0.035952831769966234,0.005,0.12982428594119533,0,,"122, 302",31a,Area_31a,Posterior_Cingulate,18.0,162.0,"1260, 1116",idx_L,122,122.0
3,123.0,-0.44027474522590637,0,0.001,,0.3298690648453863,0.005,0.41706225666777735,0,,"123, 303",31pd,Area_31pd,Posterior_Cingulate,18.0,161.0,"1428, 864",idx_L,123,123.0
3,124.0,-0.3169477880001068,0,0.001,,0.37564161015097064,0.005,0.4318854826642857,0,,"124, 304",31pv,Area_31p_ventral,Posterior_Cingulate,18.0,35.0,"950, 1022",idx_L,124,124.0
3,125.0,1.466854214668274,0,0.001,,0.07120785892635677,0.005,0.18803954520867486,0,,"125, 305",7 m,Area_7m,Posterior_Cingulate,18.0,30.0,"2128, 2067",idx_L,125,125.0
3,126.0,0.02436000667512417,0,0.001,,0.49028272445056154,0.005,0.4971881149357807,0,,"126, 306",d23ab,Area_dorsal_23_a + b,Posterior_Cingulate,18.0,34.0,"1607, 1106",idx_L,126,126.0
3,127.0,3.0554580688476562,0,0.001,,0.00112358511225425,0.005,0.01155687544032943,0,,"127, 307",DVT,Dorsal_Transitional_Visual_Area,Posterior_Cingulate,18.0,142.0,"1806, 2176",idx_L,127,127.0
3,128.0,-0.28620195388793945,0,0.001,,0.3873617236627498,0.005,0.4353604032191536,0,,"128, 308",PCV,PreCuneus_Visual_Area,Posterior_Cingulate,18.0,27.0,"2245, 2416",idx_L,128,128.0
3,129.0,0.047611821442842484,0,0.001,,0.48101280528325735,0.005,0.49475602829135035,0,,"129, 309",POS1,Parieto-Occipital_Sulcus_Area_1,Posterior_Cingulate,18.0,31.0,"2531, 2727",idx_L,129,129.0
3,130.0,3.719921350479126,1,0.001,+,9.964241308374172e-05,0.005,0.0017081556528641439,1,+,"130, 310",POS2,Parieto-Occipital_Sulcus_Area_2,Posterior_Cingulate,18.0,15.0,"3261, 3093",idx_L,130,130.0
3,131.0,-1.7355566024780273,0,0.001,,0.041321132505325625,0.005,0.13902437104595536,0,,"131, 311",ProS,ProStriate_Area,Posterior_Cingulate,18.0,121.0,"1222, 1055",idx_L,131,131.0
3,132.0,3.0587093830108643,0,0.001,,0.0011114633879409212,0.005,0.01155687544032943,0,,"132, 312",RSC,RetroSplenial_Complex,Posterior_Cingulate,18.0,14.0,"2830, 3067",idx_L,132,132.0
3,133.0,-1.0195047855377197,0,0.001,,0.1539816912033799,0.005,0.2842738914523937,0,,"133, 313",v23ab,Area_ventral_23_a + b,Posterior_Cingulate,18.0,33.0,"916, 1089",idx_L,133,133.0
3,134.0,-1.398037314414978,0,0.001,,0.081050931092501,0.005,0.19985161091301618,0,,"134, 314",10r,Area_10r,AntCing_MedPFC,19.0,65.0,"1589, 1053",idx_L,134,134.0
3,135.0,-2.7334249019622803,0,0.001,,0.003133970752934328,0.005,0.02400488236290124,0,,"135, 315",10v,Area_10v,AntCing_MedPFC,19.0,88.0,"3906, 2667",idx_L,135,135.0
3,136.0,-1.3101907968521118,0,0.001,,0.09506564915875199,0.005,0.21847558652408433,0,,"136, 316",25,Area_25,AntCing_MedPFC,19.0,164.0,"1911, 2135",idx_L,136,136.0
3,137.0,-0.9246881604194641,0,0.001,,0.17756406987260992,0.005,0.3088070780393216,0,,"137, 317",33pr,Area_33_prime,AntCing_MedPFC,19.0,58.0,"1354, 1316",idx_L,137,137.0
3,138.0,-2.2088921070098877,0,0.001,,0.013591073169109761,0.005,0.06879665189576296,0,,"138, 318",8BM,Area_8BM,AntCing_MedPFC,19.0,63.0,"3122, 3436",idx_L,138,138.0
3,139.0,-4.8867082595825195,1,0.001,-,5.126792897781254e-07,0.005,4.614113608003128e-05,1,-,"139, 319",9 m,Area_9_Middle,AntCing_MedPFC,19.0,69.0,"6338, 5881",idx_L,139,139.0
3,140.0,-1.7162039279937744,0,0.001,,0.04306236226949778,0.005,0.1435412075649926,0,,"140, 320",a24,Area_a24,AntCing_MedPFC,19.0,61.0,"2085, 2152",idx_L,140,140.0
3,141.0,-1.9705926179885864,0,0.001,,0.02438524584136205,0.005,0.10225292796712096,0,,"141, 321",a24pr,Anterior_24_prime,AntCing_MedPFC,19.0,59.0,"1095, 1474",idx_L,141,141.0
3,142.0,-1.388896107673645,0,0.001,,0.08243217215219611,0.005,0.2018747073115007,0,,"142, 322",a32pr,Area_anterior_32_prime,AntCing_MedPFC,19.0,179.0,"1759, 1118",idx_L,142,142.0
3,143.0,-2.667762279510498,0,0.001,,0.003817913202838326,0.005,0.02643170678888072,0,,"143, 323",d32,Area_dorsal_32,AntCing_MedPFC,19.0,62.0,"2228, 2374",idx_L,143,143.0
3,144.0,-1.1085137128829956,0,0.001,,0.1338200101166543,0.005,0.2618217589238888,0,,"144, 324",p24,Area_posterior_24,AntCing_MedPFC,19.0,180.0,"2394, 2442",idx_L,144,144.0
3,145.0,-0.349552720785141,0,0.001,,0.3633371991644886,0.005,0.4246798431792724,0,,"145, 325",p24pr,Area_Posterior_24_prime,AntCing_MedPFC,19.0,57.0,"1422, 1724",idx_L,145,145.0
3,146.0,-1.9241083860397339,0,0.001,,0.02717049957749154,0.005,0.10868199830996617,0,,"146, 326",p32,Area_p32,AntCing_MedPFC,19.0,64.0,"1180, 1765",idx_L,146,146.0
3,147.0,-1.7394894361495972,0,0.001,,0.04097435439368087,0.005,0.13902437104595536,0,,"147, 327",p32pr,Area_p32_prime,AntCing_MedPFC,19.0,60.0,"1569, 1305",idx_L,147,147.0
3,148.0,-0.14744602143764496,0,0.001,,0.44138999129666756,0.005,0.4699250485265323,0,,"148, 328",pOFC,Posterior_OFC_Complex,AntCing_MedPFC,19.0,166.0,"2486, 2836",idx_L,148,148.0
3,149.0,-0.951698362827301,0,0.001,,0.17062498995923697,0.005,0.3037075622347801,0,,"149, 329",s32,Area_s32,AntCing_MedPFC,19.0,165.0,"604, 1015",idx_L,149,149.0
3,150.0,-1.808234453201294,0,0.001,,0.035285009259303536,0.005,0.12961840136070688,0,,"150, 330",10d,Area_10d,OrbPolaFrontal,20.0,72.0,"3644, 3096",idx_L,150,150.0
3,151.0,-1.675146460533142,0,0.001,,0.046952749572224506,0.005,0.14571542970690363,0,,"151, 331",10 pp,Polar_10p,OrbPolaFrontal,20.0,90.0,"1997, 2487",idx_L,151,151.0
3,152.0,0.2702234983444214,0,0.001,,0.3934941579286179,0.005,0.4384964645703656,0,,"152, 332",11 l,Area_11l,OrbPolaFrontal,20.0,91.0,"3531, 3793",idx_L,152,152.0
3,153.0,-0.30629149079322815,0,0.001,,0.37969135872763016,0.005,0.43393298140300585,0,,"153, 333",13 l,Area_13l,OrbPolaFrontal,20.0,92.0,"2429, 1757",idx_L,153,153.0
3,154.0,-2.1420412063598633,0,0.001,,0.016095083155336636,0.005,0.07614697857425928,0,,"154, 334",47 m,Area_47m,OrbPolaFrontal,20.0,66.0,"799, 781",idx_L,154,154.0
3,155.0,-3.0354855060577393,0,0.001,,0.0012007438279354684,0.005,0.012007438279354684,0,,"155, 335",47 s,Area_47s,OrbPolaFrontal,20.0,94.0,"2795, 3080",idx_L,155,155.0
3,156.0,-1.047847867012024,0,0.001,,0.14735435234128003,0.005,0.27773595205686286,0,,"156, 336",a10p,Area_anterior_10p,OrbPolaFrontal,20.0,89.0,"1964, 1748",idx_L,156,156.0
3,157.0,-1.5082051753997803,0,0.001,,0.06575101156581054,0.005,0.18068980277627322,0,,"157, 337",OFC,Orbital_Frontal_Complex,OrbPolaFrontal,20.0,93.0,"4560, 5232",idx_L,157,157.0
3,158.0,1.5607024431228638,0,0.001,,0.05929698728117492,0.005,0.17030440012581186,0,,"158, 338",p10p,Area_posterior_10p,OrbPolaFrontal,20.0,170.0,"2116, 2365",idx_L,158,158.0
3,159.0,-2.4172205924987793,0,0.001,,0.007819767944606867,0.005,0.04501905248723125,0,,"159, 339",44,Area_44,Inferior_Frontal,21.0,74.0,"2435, 2589",idx_L,159,159.0
3,160.0,-5.018073558807373,1,0.001,-,2.6096097140968056e-07,0.005,3.1315316569161667e-05,1,-,"160, 340",45,Area_45,Inferior_Frontal,21.0,75.0,"3762, 2962",idx_L,160,160.0
3,161.0,-5.761586666107178,1,0.001,-,4.16634287644747e-09,0.005,7.499417177605446e-07,1,-,"161, 341",47 l,Area_47l_(47_lateral),Inferior_Frontal,21.0,76.0,"2527, 2592",idx_L,161,161.0
3,162.0,-2.869122266769409,0,0.001,,0.002058063258337542,0.005,0.018997507000038848,0,,"162, 342",a47r,Area_anterior_47r,Inferior_Frontal,21.0,77.0,"4167, 3763",idx_L,162,162.0
3,163.0,-0.401059627532959,0,0.001,,0.34418811197028,0.005,0.41706225666777735,0,,"163, 343",IFJa,Area_IFJa,Inferior_Frontal,21.0,79.0,"1513, 1405",idx_L,163,163.0
3,164.0,-1.3706213235855103,0,0.001,,0.08524651609405248,0.005,0.2059647368715362,0,,"164, 344",IFJp,Area_IFJp,Inferior_Frontal,21.0,80.0,"960, 740",idx_L,164,164.0
3,165.0,-1.692276954650879,0,0.001,,0.04529658985020146,0.005,0.14418404274774374,0,,"165, 345",IFSa,Area_IFSa,Inferior_Frontal,21.0,82.0,"2057, 2641",idx_L,165,165.0
3,166.0,-1.19554603099823,0,0.001,,0.1159368814825596,0.005,0.24153090438475663,0,,"166, 346",IFSp,Area_IFSp,Inferior_Frontal,21.0,81.0,"1589, 1730",idx_L,166,166.0
3,167.0,-2.737901210784912,0,0.001,,0.00309163234075408,0.005,0.02400488236290124,0,,"167, 347",p47r,Area_posterior_47r,Inferior_Frontal,21.0,171.0,"2133, 1761",idx_L,167,167.0
3,168.0,0.9411280751228333,0,0.001,,0.1733196148542866,0.005,0.3037075622347801,0,,"168, 348",46,Area_46,Dorsolateral_Prefrontal,22.0,84.0,"4863, 4394",idx_L,168,168.0
3,169.0,0.7942230701446533,0,0.001,,0.2135327901280063,0.005,0.3386423103351642,0,,"169, 349",8Ad,Area_8Ad,Dorsolateral_Prefrontal,22.0,68.0,"3386, 3492",idx_L,169,169.0
3,170.0,-0.4469519555568695,0,0.001,,0.32745487477193586,0.005,0.41655037073461804,0,,"170, 350",8Av,Area_8Av,Dorsolateral_Prefrontal,22.0,67.0,"4807, 5902",idx_L,170,170.0
3,171.0,-3.532904624938965,1,0.001,-,0.00020551036118893852,0.005,0.002740138149185847,1,-,"171, 351",8BL,Area_8B_Lateral,Dorsolateral_Prefrontal,22.0,70.0,"3377, 4078",idx_L,171,171.0
3,172.0,-0.8396441340446472,0,0.001,,0.20055397298911998,0.005,0.3311900471379963,0,,"172, 352",8C,Area_8C,Dorsolateral_Prefrontal,22.0,73.0,"4085, 3134",idx_L,172,172.0
3,173.0,-1.9948842525482178,0,0.001,,0.023027752705536975,0.005,0.09869036873801561,0,,"173, 353",9-46d,Area_9-46d,Dorsolateral_Prefrontal,22.0,86.0,"4534, 4666",idx_L,173,173.0
3,174.0,-2.6853439807891846,0,0.001,,0.0036227596955815296,0.005,0.025572421380575503,0,,"174, 354",9a,Area_9_anterior,Dorsolateral_Prefrontal,22.0,87.0,"3706, 3048",idx_L,174,174.0
3,175.0,-3.6788270473480225,1,0.001,-,0.00011715454467815411,0.005,0.0017573181701723117,1,-,"175, 355",9p,Area_9_Posterior,Dorsolateral_Prefrontal,22.0,71.0,"3426, 2488",idx_L,175,175.0
3,176.0,0.6929140686988831,0,0.001,,0.2441817400832922,0.005,0.3602681411064967,0,,"176, 356",a9-46v,Area_anterior_9-46v,Dorsolateral_Prefrontal,22.0,85.0,"3314, 2628",idx_L,176,176.0
3,177.0,0.8920066952705383,0,0.001,,0.18619467187428773,0.005,0.31617963148463957,0,,"177, 357",i6-8,Inferior_6-8_Transitional_Area,Dorsolateral_Prefrontal,22.0,97.0,"1764, 2418",idx_L,177,177.0
3,178.0,1.4301815032958984,0,0.001,,0.07633246636787737,0.005,0.19489140349245287,0,,"178, 358",p9-46v,Area_posterior_9-46v,Dorsolateral_Prefrontal,22.0,83.0,"2871, 4635",idx_L,178,178.0
3,179.0,1.230777621269226,0,0.001,,0.10920302380511748,0.005,0.23784353107621162,0,,"179, 359",s6-8,Superior_6-8_Transitional_Area,Dorsolateral_Prefrontal,22.0,98.0,"1336, 2132",idx_L,179,179.0
3,180.0,-3.782346248626709,1,0.001,-,7.767852700139951e-05,0.005,0.001471803669500201,1,-,"180, 360",SFL,Superior_Frontal_Language_Area,Dorsolateral_Prefrontal,22.0,26.0,"3873, 3055",idx_L,180,180.0
3,181.0,0.14197558164596558,0,0.001,,0.4435496466532682,0.005,0.4699250485265323,0,,"1, 181",V1,Primary_Visual_Cortex,Primary_Visual,1.0,1.0,"13,812, 13,406",idx_R,181,181.0
3,182.0,1.4905325174331665,0,0.001,,0.0680421365063161,0.005,0.18536460549633474,0,,"2, 182",V2,Second_Visual_Area,Early_Visual,2.0,4.0,"9515, 9420",idx_R,182,182.0
3,183.0,1.3182986974716187,0,0.001,,0.09370183841012159,0.005,0.21847558652408433,0,,"3, 183",V3,Third_Visual_Area,Early_Visual,2.0,5.0,"7106, 7481",idx_R,183,183.0
3,184.0,0.44806185364723206,0,0.001,,0.327054278670841,0.005,0.41655037073461804,0,,"4, 184",V4,Fourth_Visual_Area,Early_Visual,2.0,6.0,"4782, 4537",idx_R,184,184.0
3,185.0,0.517220675945282,0,0.001,,0.3025010601743324,0.005,0.4048341325753148,0,,"5, 185",IPS1,IntraParietal_Sulcus_Area_1,Dorsal_Stream_Visual,3.0,17.0,"1751, 1750",idx_R,185,185.0
3,186.0,1.7062820196151733,0,0.001,,0.04397779206558502,0.005,0.14392731948736917,0,,"6, 186",V3A,Area_V3A,Dorsal_Stream_Visual,3.0,13.0,"2191, 2212",idx_R,186,186.0
3,187.0,1.2061060667037964,0,0.001,,0.11388829797971295,0.005,0.24055809915282694,0,,"7, 187",V3B,Area_V3B,Dorsal_Stream_Visual,3.0,19.0,"639, 731",idx_R,187,187.0
3,188.0,0.9410046935081482,0,0.001,,0.17335122697480193,0.005,0.3037075622347801,0,,"8, 188",V6,Sixth_Visual_Area,Dorsal_Stream_Visual,3.0,3.0,"1402, 1559",idx_R,188,188.0
3,189.0,1.4217747449874878,0,0.001,,0.07754582670369549,0.005,0.19556517108580296,0,,"9, 189",V6A,Area_V6A,Dorsal_Stream_Visual,3.0,152.0,"904, 734",idx_R,189,189.0
3,190.0,0.7424207925796509,0,0.001,,0.22891621279687913,0.005,0.34481103182793504,0,,"10, 190",V7,Seventh_Visual_Area,Dorsal_Stream_Visual,3.0,16.0,"1005, 1041",idx_R,190,190.0
3,191.0,-0.252549409866333,0,0.001,,0.4003082139489288,0.005,0.443418329297275,0,,"11, 191",FFC,Fusiform_Face_Complex,Ventral_Stream_Visual,4.0,18.0,"3848, 4402",idx_R,191,191.0
3,192.0,-0.48408663272857666,0,0.001,,0.3141621937787792,0.005,0.41126687185585636,0,,"12, 192",PIT,Posterior_InferoTemporal_complex,Ventral_Stream_Visual,4.0,22.0,"1392, 1386",idx_R,192,192.0
3,193.0,0.45062530040740967,0,0.001,,0.32612981436053196,0.005,0.41655037073461804,0,,"13, 193",V8,Eighth_Visual_Area,Ventral_Stream_Visual,4.0,7.0,"1361, 1175",idx_R,193,193.0
3,194.0,0.7044515609741211,0,0.001,,0.24057580284320107,0.005,0.3564085968047423,0,,"14, 194",VMV1,VentroMedial_Visual_Area_1,Ventral_Stream_Visual,4.0,153.0,"939, 1219",idx_R,194,194.0
3,195.0,0.34192386269569397,0,0.001,,0.36620409548151706,0.005,0.42664554813380623,0,,"15, 195",VMV2,VentroMedial_Visual_Area_2,Ventral_Stream_Visual,4.0,160.0,"639, 923",idx_R,195,195.0
3,196.0,0.11682581901550293,0,0.001,,0.45349904161522914,0.005,0.47439103397035387,0,,"16, 196",VMV3,VentroMedial_Visual_Area_3,Ventral_Stream_Visual,4.0,154.0,"941, 1242",idx_R,196,196.0
3,197.0,0.779105544090271,0,0.001,,0.21795877227419597,0.005,0.34060864011667286,0,,"17, 197",VVC,Ventral_Visual_Complex,Ventral_Stream_Visual,4.0,163.0,"2487, 2753",idx_R,197,197.0
3,198.0,-0.26722797751426697,0,0.001,,0.394646818113329,0.005,0.4384964645703656,0,,"18, 198",FST,Area_FST,MT + _Complex,5.0,157.0,"1324, 1683",idx_R,198,198.0
3,199.0,0.4026029407978058,0,0.001,,0.3436201729535193,0.005,0.41706225666777735,0,,"19, 199",LO1,Area_Lateral_Occipital_1,MT + _Complex,5.0,20.0,"619, 909",idx_R,199,199.0
3,200.0,-0.7342290282249451,0,0.001,,0.23140458225745858,0.005,0.34710034836674064,0,,"20, 200",LO2,Area_Lateral_Occipital_2,MT + _Complex,5.0,21.0,"1179, 1062",idx_R,200,200.0
3,201.0,1.9293519258499146,0,0.001,,0.02684359375897438,0.005,0.10858082868798626,0,,"21, 201",LO3,Area_Lateral_Occipital_3,MT + _Complex,5.0,159.0,"438, 915",idx_R,201,201.0
3,202.0,-0.39821767807006836,0,0.001,,0.3452348680194379,0.005,0.41706225666777735,0,,"22, 202",MST,Medial_Superior_Temporal_Area,MT + _Complex,5.0,2.0,"794, 1036",idx_R,202,202.0
3,203.0,0.13885974884033203,0,0.001,,0.44478048925848285,0.005,0.4699250485265323,0,,"23, 203",MT,Middle_Temporal_Area,MT + _Complex,5.0,23.0,"620, 1005",idx_R,203,203.0
3,204.0,0.3027799129486084,0,0.001,,0.3810287962261826,0.005,0.43408343873868904,0,,"24, 204",PH,Area_PH,MT + _Complex,5.0,138.0,"3453, 3205",idx_R,204,204.0
3,205.0,-0.4128405451774597,0,0.001,,0.339861721741567,0.005,0.41706225666777735,0,,"25, 205",V3CD,Area_V3CD,MT + _Complex,5.0,158.0,"876, 1222",idx_R,205,205.0
3,206.0,-0.4742460548877716,0,0.001,,0.3176622274850539,0.005,0.4128462162260628,0,,"26, 206",V4t,Area_V4t,MT + _Complex,5.0,156.0,"1037, 1249",idx_R,206,206.0
3,207.0,-0.3647553622722626,0,0.001,,0.35764701419564116,0.005,0.42076119317134253,0,,"27, 207",1,Area_1,SomaSens_Motor,6.0,51.0,"6590, 5925",idx_R,207,207.0
3,208.0,0.6373589634895325,0,0.001,,0.2619455259568159,0.005,0.37340350768782876,0,,"28, 208",2,Area_2,SomaSens_Motor,6.0,52.0,"4278, 4727",idx_R,208,208.0
3,209.0,-0.7977333068847656,0,0.001,,0.21251263559077815,0.005,0.33851570271097403,0,,"29, 209",3a,Area_3a,SomaSens_Motor,6.0,53.0,"2247, 2286",idx_R,209,209.0
3,210.0,-1.939432978630066,0,0.001,,0.026224319045602188,0.005,0.1072813051865544,0,,"30, 210",3b,Primary_Sensory_Cortex,SomaSens_Motor,6.0,9.0,"5451, 4350",idx_R,210,210.0
3,211.0,0.3729816973209381,0,0.001,,0.3545810330404269,0.005,0.4193351241038666,0,,"31, 211",4,Primary_Motor_Cortex,SomaSens_Motor,6.0,8.0,"10,776, 10,254",idx_R,211,211.0
3,212.0,0.41902318596839905,0,0.001,,0.33759959369476955,0.005,0.41706225666777735,0,,"32, 212",23c,Area_23c,ParaCentral_MidCing,7.0,38.0,"2259, 2498",idx_R,212,212.0
3,213.0,0.006747689563781023,0,0.001,,0.49730808176576236,0.005,0.49730808176576236,0,,"33, 213",24dd,Dorsal_Area_24d,ParaCentral_MidCing,7.0,40.0,"2665, 2820",idx_R,213,213.0
3,214.0,-1.4208317995071411,0,0.001,,0.07768283184797173,0.005,0.19556517108580296,0,,"34, 214",24dv,Ventral_Area_24d,ParaCentral_MidCing,7.0,41.0,"1076, 1349",idx_R,214,214.0
3,215.0,1.1047799587249756,0,0.001,,0.13462747330822294,0.005,0.2619777858970825,0,,"35, 215",5L,Area_5L,ParaCentral_MidCing,7.0,39.0,"2249, 2327",idx_R,215,215.0
3,216.0,-0.032177653163671494,0,0.001,,0.4871651885706709,0.005,0.4968256880607409,0,,"36, 216",5 m,Area_5m,ParaCentral_MidCing,7.0,36.0,"1483, 2079",idx_R,216,216.0
3,217.0,0.16372288763523102,0,0.001,,0.4349746494721936,0.005,0.466044267291636,0,,"37, 217",5mv,Area_5m_ventral,ParaCentral_MidCing,7.0,37.0,"1651, 1996",idx_R,217,217.0
3,218.0,0.18864117562770844,0,0.001,,0.4251870293361418,0.005,0.4596616533363695,0,,"38, 218",6ma,Area_6m_anterior,ParaCentral_MidCing,7.0,44.0,"3941, 4251",idx_R,218,218.0
3,219.0,1.4391549825668335,0,0.001,,0.07505330841359205,0.005,0.19489140349245287,0,,"39, 219",6mp,Area_6mp,ParaCentral_MidCing,7.0,55.0,"3701, 3105",idx_R,219,219.0
3,220.0,-1.222429633140564,0,0.001,,0.11077259941381518,0.005,0.23784353107621162,0,,"40, 220",SCEF,Supplementary_and_Cingulate_Eye_Field,ParaCentral_MidCing,7.0,43.0,"3500, 3371",idx_R,220,220.0
3,221.0,-2.446584939956665,0,0.001,,0.007210840562074838,0.005,0.04451145529600542,0,,"41, 221",55b,Area_55b,Premotor,8.0,12.0,"2422, 1537",idx_R,221,221.0
3,222.0,0.5748049020767212,0,0.001,,0.2827116255274421,0.005,0.3869816927371831,0,,"42, 222",6a,Area_6_anterior,Premotor,8.0,96.0,"4233, 3752",idx_R,222,222.0
3,223.0,0.45981770753860474,0,0.001,,0.3228235359875927,0.005,0.4162388995741675,0,,"43, 223",6d,Dorsal_area_6,Premotor,8.0,54.0,"2916, 2909",idx_R,223,223.0
3,224.0,-0.6654753684997559,0,0.001,,0.25287324643955067,0.005,0.36707406741225096,0,,"44, 224",6r,Rostral_Area_6,Premotor,8.0,78.0,"3029, 3981",idx_R,224,224.0
3,225.0,0.3998939096927643,0,0.001,,0.3446173291109321,0.005,0.41706225666777735,0,,"45, 225",6v,Ventral_Area_6,Premotor,8.0,56.0,"2075, 2516",idx_R,225,225.0
3,226.0,-0.763546347618103,0,0.001,,0.22256881626946046,0.005,0.34308376745172764,0,,"46, 226",FEF,Frontal_Eye_Fields,Premotor,8.0,10.0,"1787, 1889",idx_R,226,226.0
3,227.0,-2.4362356662750244,0,0.001,,0.007420505996471784,0.005,0.044523035978830706,0,,"47, 227",PEF,Premotor_Eye_Field,Premotor,8.0,11.0,"1006, 1258",idx_R,227,227.0
3,228.0,-0.6408978700637817,0,0.001,,0.2607945198980238,0.005,0.37340350768782876,0,,"48, 228",43,Area_43,Posterior_Opercular,9.0,99.0,"1889, 1678",idx_R,228,228.0
3,229.0,-1.700453519821167,0,0.001,,0.04452282607745698,0.005,0.14418404274774374,0,,"49, 229",FOP1,Frontal_Opercular_Area_1,Posterior_Opercular,9.0,113.0,"879, 932",idx_R,229,229.0
3,230.0,-0.6496362090110779,0,0.001,,0.25796361913009613,0.005,0.3714676115473384,0,,"50, 230",OP1,Area_OP1-SII,Posterior_Opercular,9.0,101.0,"1275, 1072",idx_R,230,230.0
3,231.0,-1.1658432483673096,0,0.001,,0.12183891388785784,0.005,0.24921596022516376,0,,"51, 231",OP2-3,Area_OP2-3-VS,Posterior_Opercular,9.0,102.0,"943, 792",idx_R,231,231.0
3,232.0,-0.8209633827209473,0,0.001,,0.20583356296015132,0.005,0.3322873662136972,0,,"52, 232",OP4,Area_OP4-PV,Posterior_Opercular,9.0,100.0,"2332, 2409",idx_R,232,232.0
3,233.0,-2.204080820083618,0,0.001,,0.013759330379152593,0.005,0.06879665189576296,0,,"53, 233",52,Area_52,Early_Auditory,10.0,103.0,"725, 580",idx_R,233,233.0
3,234.0,0.04010172188282013,0,0.001,,0.48400601452177927,0.005,0.4964164251505428,0,,"54, 234",A1,Primary_Auditory_Cortex,Early_Auditory,10.0,24.0,"1023, 796",idx_R,234,234.0
3,235.0,-1.6884933710098267,0,0.001,,0.04565828020345219,0.005,0.14418404274774374,0,,"55, 235",LBelt,Lateral_Belt_Complex,Early_Auditory,10.0,174.0,"820, 901",idx_R,235,235.0
3,236.0,1.6937309503555298,0,0.001,,0.045158210179621266,0.005,0.14418404274774374,0,,"56, 236",MBelt,Medial_Belt_Complex,Early_Auditory,10.0,173.0,"1242, 1236",idx_R,236,236.0
3,237.0,-1.7895185947418213,0,0.001,,0.036765667781387616,0.005,0.12982428594119533,0,,"57, 237",PBelt,ParaBelt_Complex,Early_Auditory,10.0,124.0,"1719, 1439",idx_R,237,237.0
3,238.0,-0.610852837562561,0,0.001,,0.2706485049593724,0.005,0.379118528347759,0,,"58, 238",PFcm,Area_PFcm,Early_Auditory,10.0,105.0,"1486, 1485",idx_R,238,238.0
3,239.0,-2.699577808380127,0,0.001,,0.003471375942820946,0.005,0.025512908311615224,0,,"59, 239",RI,RetroInsular_Cortex,Early_Auditory,10.0,104.0,"1149, 1334",idx_R,239,239.0
3,240.0,-2.0564279556274414,0,0.001,,0.019870641986103145,0.005,0.08831396438268065,0,,"60, 240",A4,Auditory_4_Complex,Auditory_Association,11.0,175.0,"3514, 3610",idx_R,240,240.0
3,241.0,-3.639312505722046,1,0.001,-,0.00013668344577562208,0.005,0.001968241619168958,1,-,"61, 241",A5,Auditory_5_Complex,Auditory_Association,11.0,125.0,"3346, 3881",idx_R,241,241.0
3,242.0,-4.130986213684082,1,0.001,-,1.8060512320421648e-05,0.005,0.00040636152720948705,1,-,"62, 242",STGa,Area_STGa,Auditory_Association,11.0,123.0,"2509, 2187",idx_R,242,242.0
3,243.0,-2.3759233951568604,0,0.001,,0.008752548292983876,0.005,0.048696348463082434,0,,"63, 243",STSda,Area_STSd_anterior,Auditory_Association,11.0,128.0,"1944, 2389",idx_R,243,243.0
3,244.0,-7.17615270614624,1,0.001,-,3.5850233108477983e-13,0.005,1.2906083919052073e-10,1,-,"64, 244",STSdp,Area_STSd_posterior,Auditory_Association,11.0,129.0,"1994, 2605",idx_R,244,244.0
3,245.0,0.377655953168869,0,0.001,,0.35284309644030365,0.005,0.4193351241038666,0,,"65, 245",STSva,Area_STSv_anterior,Auditory_Association,11.0,176.0,"1694, 1900",idx_R,245,245.0
3,246.0,-4.43251371383667,1,0.001,-,4.6570388127246225e-06,0.005,0.00017569081199742098,1,-,"66, 246",STSvp,Area_STSv_posterior,Auditory_Association,11.0,130.0,"2898, 2515",idx_R,246,246.0
3,247.0,-1.6530343294143677,0,0.001,,0.04916193853904964,0.005,0.15126750319707583,0,,"67, 247",TA2,Area_TA2,Auditory_Association,11.0,107.0,"1518, 1726",idx_R,247,247.0
3,248.0,-1.4329133033752441,0,0.001,,0.07594130747632455,0.005,0.19489140349245287,0,,"68, 248",AAIC,Anterior_Agranular_Insula_Complex,Insula_FrontalOperc,12.0,112.0,"1859, 1691",idx_R,248,248.0
3,249.0,-0.9418341517448425,0,0.001,,0.17313877861212174,0.005,0.3037075622347801,0,,"69, 249",AVI,Anterior_Ventral_Insular_Area,Insula_FrontalOperc,12.0,111.0,"1446, 1792",idx_R,249,249.0
3,250.0,1.2041536569595337,0,0.001,,0.1142650970975928,0.005,0.24055809915282694,0,,"70, 250",FOP2,Frontal_Opercular_Area_2,Insula_FrontalOperc,12.0,115.0,"750, 720",idx_R,250,250.0
3,251.0,-0.8318440914154053,0,0.001,,0.2027484764130753,0.005,0.3322873662136972,0,,"71, 251",FOP3,Frontal_Opercular_Area_3,Insula_FrontalOperc,12.0,114.0,"754, 614",idx_R,251,251.0
3,252.0,-1.2877641916275024,0,0.001,,0.09891403035880486,0.005,0.22190729654708796,0,,"72, 252",FOP4,Frontal_Opercular_Area_4,Insula_FrontalOperc,12.0,108.0,"2522, 1678",idx_R,252,252.0
3,253.0,-0.9649083614349365,0,0.001,,0.16729535652124067,0.005,0.3026448660685761,0,,"73, 253",FOP5,Area_Frontal_Opercular_5,Insula_FrontalOperc,12.0,169.0,"1297, 1365",idx_R,253,253.0
3,254.0,0.6769231557846069,0,0.001,,0.24922735572170374,0.005,0.36472295959273715,0,,"74, 254",Ig,Insular_Granular_Complex,Insula_FrontalOperc,12.0,168.0,"841, 1077",idx_R,254,254.0
3,255.0,-1.041683316230774,0,0.001,,0.1487792632748321,0.005,0.2789611186403102,0,,"75, 255",MI,Middle_Insular_Area,Insula_FrontalOperc,12.0,109.0,"2102, 1960",idx_R,255,255.0
3,256.0,-2.0190911293029785,0,0.001,,0.021738874342844407,0.005,0.09543896052956082,0,,"76, 256",PI,Para-Insular_Area,Insula_FrontalOperc,12.0,178.0,"1033, 1058",idx_R,256,256.0
3,257.0,-2.4424026012420654,0,0.001,,0.0072949329512897775,0.005,0.04451145529600542,0,,"77, 257",Pir,Pirform_Cortex,Insula_FrontalOperc,12.0,110.0,"2287, 1856",idx_R,257,257.0
3,258.0,-1.065024971961975,0,0.001,,0.14343231468578632,0.005,0.2717664909835951,0,,"78, 258",PoI1,Area_Posterior_Insular_1,Insula_FrontalOperc,12.0,167.0,"1811, 1835",idx_R,258,258.0
3,259.0,-0.07399356365203857,0,0.001,,0.4705077533422075,0.005,0.48673215862986985,0,,"79, 259",PoI2,Posterior_Insular_Area_2,Insula_FrontalOperc,12.0,106.0,"2747, 2675",idx_R,259,259.0
3,260.0,-1.4714853763580322,0,0.001,,0.07057994972100265,0.005,0.18803954520867486,0,,"80, 260",H,Hippocampus,Medial_Temporal,13.0,120.0,"4283, 3626",idx_R,260,260.0
3,261.0,-0.24457979202270508,0,0.001,,0.40339090627110097,0.005,0.4441000802984598,0,,"81, 261",PreS,PreSubiculum,Medial_Temporal,13.0,119.0,"1817, 1558",idx_R,261,261.0
3,262.0,-1.5430866479873657,0,0.001,,0.06140487694280814,0.005,0.17257947693954753,0,,"82, 262",EC,Entorhinal_Cortex,Medial_Temporal,13.0,118.0,"2127, 2110",idx_R,262,262.0
3,263.0,-1.5664254426956177,0,0.001,,0.05862452522732393,0.005,0.17020371622972,0,,"83, 263",PeEc,Perirhinal_Ectorhinal_Cortex,Medial_Temporal,13.0,122.0,"4826, 4755",idx_R,263,263.0
3,264.0,1.3737090826034546,0,0.001,,0.08476600802798578,0.005,0.2059647368715362,0,,"84, 264",TF,Area_TF,Medial_Temporal,13.0,135.0,"3986, 4752",idx_R,264,264.0
3,265.0,1.3533326387405396,0,0.001,,0.08797469330597729,0.005,0.21113926393434548,0,,"85, 265",PHA1,ParaHippocampal_Area_1,Medial_Temporal,13.0,126.0,"1281, 1168",idx_R,265,265.0
3,266.0,0.5984936356544495,0,0.001,,0.2747553021286595,0.005,0.3805398957990973,0,,"86, 266",PHA2,ParaHippocampal_Area_2,Medial_Temporal,13.0,155.0,"783, 771",idx_R,266,266.0
3,267.0,-0.3762069046497345,0,0.001,,0.35338154133864147,0.005,0.4193351241038666,0,,"87, 267",PHA3,ParaHippocampal_Area_3,Medial_Temporal,13.0,127.0,"2023, 1122",idx_R,267,267.0
3,268.0,1.191442608833313,0,0.001,,0.11673993711929903,0.005,0.24153090438475663,0,,"88, 268",PHT,Area_PHT,Lateral_Temporal,14.0,137.0,"4182, 3410",idx_R,268,268.0
3,269.0,-0.748386561870575,0,0.001,,0.2271135128681196,0.005,0.34481103182793504,0,,"89, 269",TE1a,Area_TE1_anterior,Lateral_Temporal,14.0,132.0,"5227, 4180",idx_R,269,269.0
3,270.0,-1.5498608350753784,0,0.001,,0.06058746084692511,0.005,0.17174398350309478,0,,"90, 270",TE1m,Area_TE1_Middle,Lateral_Temporal,14.0,177.0,"3339, 3429",idx_R,270,270.0
3,271.0,-0.2463538944721222,0,0.001,,0.40270414669449045,0.005,0.4441000802984598,0,,"91, 271",TE1p,Area_TE1_posterior,Lateral_Temporal,14.0,133.0,"7116, 6010",idx_R,271,271.0
3,272.0,1.0944561958312988,0,0.001,,0.13687747451544746,0.005,0.26492414422344673,0,,"92, 272",TE2a,Area_TE2_anterior,Lateral_Temporal,14.0,134.0,"5691, 5753",idx_R,272,272.0
3,273.0,-0.4164699614048004,0,0.001,,0.33853307180792835,0.005,0.41706225666777735,0,,"93, 273",TE2p,Area_TE2_posterior,Lateral_Temporal,14.0,136.0,"4115, 3040",idx_R,273,273.0
3,274.0,-4.1959075927734375,1,0.001,-,1.358905234848696e-05,0.005,0.00034943277467537896,1,-,"94, 274",TGd,Area_TG_dorsal,Lateral_Temporal,14.0,131.0,"10,192, 10,269",idx_R,274,274.0
3,275.0,-1.4348171949386597,0,0.001,,0.07566959834834956,0.005,0.19489140349245287,0,,"95, 275",TGv,Area_TG_Ventral,Lateral_Temporal,14.0,172.0,"3694, 4515",idx_R,275,275.0
3,276.0,-3.539578914642334,1,0.001,-,0.00020038296502525728,0.005,0.002740138149185847,1,-,"96, 276",PSL,PeriSylvian_Language_Area,TPO,15.0,25.0,"2154, 2759",idx_R,276,276.0
3,277.0,-3.690260887145996,1,0.001,-,0.00011201209022274427,0.005,0.0017573181701723117,1,-,"97, 277",STV,Superior_Temporal_Visual_Area,TPO,15.0,28.0,"2322, 2294",idx_R,277,277.0
3,278.0,-3.0761072635650635,0,0.001,,0.0010486119209362355,0.005,0.01155687544032943,0,,"98, 278",TPOJ1,Area_TemporoParietoOccipital_Junction_1,TPO,15.0,139.0,"2102, 3938",idx_R,278,278.0
3,279.0,-1.286278247833252,0,0.001,,0.09917298557031468,0.005,0.22190729654708796,0,,"99, 279",TPOJ2,Area_TemporoParietoOccipital_Junction_2,TPO,15.0,140.0,"1930, 2068",idx_R,279,279.0
3,280.0,1.1725497245788574,0,0.001,,0.12048821034320428,0.005,0.2478614612774488,0,,"100, 280",TPOJ3,Area_TemporoParietoOccipital_Junction_3,TPO,15.0,141.0,"1290, 1277",idx_R,280,280.0
3,281.0,1.0230673551559448,0,0.001,,0.15313800026806235,0.005,0.2842738914523937,0,,"101, 281",7AL,Lateral_Area_7A,Superior_Parietal,16.0,42.0,"2134, 2030",idx_R,281,281.0
3,282.0,0.9700990915298462,0,0.001,,0.16599855090105903,0.005,0.3018155470928346,0,,"102, 282",7Am,Medial_Area_7A,Superior_Parietal,16.0,45.0,"2995, 2379",idx_R,282,282.0
3,283.0,0.5822465419769287,0,0.001,,0.2802003139251363,0.005,0.38500806493530176,0,,"103, 283",7PC,Area_7PC,Superior_Parietal,16.0,47.0,"3151, 3415",idx_R,283,283.0
3,284.0,2.296006202697754,0,0.001,,0.010837763362665152,0.005,0.05654485232694862,0,,"104, 284",7Pl,Lateral_Area_7P,Superior_Parietal,16.0,46.0,"1695, 1363",idx_R,284,284.0
3,285.0,2.1907215118408203,0,0.001,,0.014235975704779826,0.005,0.07020481169480462,0,,"105, 285",7Pm,Medial_Area_7P,Superior_Parietal,16.0,29.0,"1601, 1308",idx_R,285,285.0
3,286.0,0.2727508246898651,0,0.001,,0.39252238144458845,0.005,0.4384964645703656,0,,"106, 286",AIP,Anterior_IntraParietal_Area,Superior_Parietal,16.0,117.0,"1999, 2542",idx_R,286,286.0
3,287.0,1.5395013093948364,0,0.001,,0.0618409792366712,0.005,0.17257947693954753,0,,"107, 287",LIPd,Area_Lateral_IntraParietal_dorsal,Superior_Parietal,16.0,95.0,"1008, 869",idx_R,287,287.0
3,288.0,1.0790214538574219,0,0.001,,0.1402890819461834,0.005,0.2674951464215352,0,,"108, 288",LIPv,Area_Lateral_IntraParietal_ventral,Superior_Parietal,16.0,48.0,"1681, 1783",idx_R,288,288.0
3,289.0,2.250849962234497,0,0.001,,0.012197520932548842,0.005,0.06273010765310834,0,,"109, 289",MIP,Medial_IntraParietal_Area,Superior_Parietal,16.0,50.0,"1872, 2403",idx_R,289,289.0
3,290.0,2.696345329284668,0,0.001,,0.0035052473269077656,0.005,0.025512908311615224,0,,"110, 290",VIP,Ventral_IntraParietal_Complex,Superior_Parietal,16.0,49.0,"1890, 1577",idx_R,290,290.0
3,291.0,0.8027694821357727,0,0.001,,0.21105399214832782,0.005,0.33768638743732454,0,,"111, 291",IP0,Area_IntraParietal_0,Inferior_Parietal,17.0,146.0,"1203, 1239",idx_R,291,291.0
3,292.0,2.0815389156341553,0,0.001,,0.01869230297048442,0.005,0.08627216755608193,0,,"112, 292",IP1,Area_IntraParietal_1,Inferior_Parietal,17.0,145.0,"1692, 1632",idx_R,292,292.0
3,293.0,2.4251999855041504,0,0.001,,0.0076499779483457184,0.005,0.04501905248723125,0,,"113, 293",IP2,Area_IntraParietal_2,Inferior_Parietal,17.0,144.0,"2102, 1861",idx_R,293,293.0
3,294.0,0.521862804889679,0,0.001,,0.3008829286776131,0.005,0.4048341325753148,0,,"114, 294",PF,Area_PF_Complex,Inferior_Parietal,17.0,148.0,"5457, 5251",idx_R,294,294.0
3,295.0,1.1213451623916626,0,0.001,,0.13107048432029528,0.005,0.25926029865552913,0,,"115, 295",PFm,Area_PFm_Complex,Inferior_Parietal,17.0,149.0,"8220, 8141",idx_R,295,295.0
3,296.0,-0.46524491906166077,0,0.001,,0.3208780372499866,0.005,0.41552551586329195,0,,"116, 296",PFop,Area_PF_Opercular,Inferior_Parietal,17.0,147.0,"1797, 1783",idx_R,296,296.0
3,297.0,0.4332684874534607,0,0.001,,0.3324098643737323,0.005,0.41706225666777735,0,,"117, 297",PFt,Area_PFt,Inferior_Parietal,17.0,116.0,"1983, 2039",idx_R,297,297.0
3,298.0,-1.7803130149841309,0,0.001,,0.03751237416305033,0.005,0.131111210666972,0,,"118, 298",PGi,Area_PGi,Inferior_Parietal,17.0,150.0,"4791, 4970",idx_R,298,298.0
3,299.0,1.2858834266662598,0,0.001,,0.09924187428911435,0.005,0.22190729654708796,0,,"119, 299",PGp,Area_PGp,Inferior_Parietal,17.0,143.0,"2501, 3740",idx_R,299,299.0
3,300.0,1.2212607860565186,0,0.001,,0.11099364783556542,0.005,0.23784353107621162,0,,"120, 300",PGs,Area_PGs,Inferior_Parietal,17.0,151.0,"4552, 3366",idx_R,300,300.0
3,301.0,1.8732167482376099,0,0.001,,0.030519230244666153,0.005,0.1157840441423384,0,,"121, 301",23d,Area_23d,Posterior_Cingulate,18.0,32.0,"1261, 1513",idx_R,301,301.0
3,302.0,1.3089264631271362,0,0.001,,0.09527963078967011,0.005,0.21847558652408433,0,,"122, 302",31a,Area_31a,Posterior_Cingulate,18.0,162.0,"1260, 1116",idx_R,302,302.0
3,303.0,0.33026036620140076,0,0.001,,0.3706016187591694,0.005,0.43037607339774514,0,,"123, 303",31pd,Area_31pd,Posterior_Cingulate,18.0,161.0,"1428, 864",idx_R,303,303.0
3,304.0,-0.014937890693545341,0,0.001,,0.49404086544394243,0.005,0.49730808176576236,0,,"124, 304",31pv,Area_31p_ventral,Posterior_Cingulate,18.0,35.0,"950, 1022",idx_R,304,304.0
3,305.0,0.8601799011230469,0,0.001,,0.19484494105537875,0.005,0.3247415684256313,0,,"125, 305",7 m,Area_7m,Posterior_Cingulate,18.0,30.0,"2128, 2067",idx_R,305,305.0
3,306.0,-0.9184629917144775,0,0.001,,0.17918826274008176,0.005,0.31013353166552615,0,,"126, 306",d23ab,Area_dorsal_23_a + b,Posterior_Cingulate,18.0,34.0,"1607, 1106",idx_R,306,306.0
3,307.0,2.339451313018799,0,0.001,,0.00965604426095769,0.005,0.05112023432271718,0,,"127, 307",DVT,Dorsal_Transitional_Visual_Area,Posterior_Cingulate,18.0,142.0,"1806, 2176",idx_R,307,307.0
3,308.0,1.4642744064331055,0,0.001,,0.07155949359330127,0.005,0.18803954520867486,0,,"128, 308",PCV,PreCuneus_Visual_Area,Posterior_Cingulate,18.0,27.0,"2245, 2416",idx_R,308,308.0
3,309.0,0.7603956460952759,0,0.001,,0.22350906251658254,0.005,0.34308376745172764,0,,"129, 309",POS1,Parieto-Occipital_Sulcus_Area_1,Posterior_Cingulate,18.0,31.0,"2531, 2727",idx_R,309,309.0
3,310.0,3.349008560180664,1,0.001,+,0.00040550644981480414,0.005,0.0052136543547617676,0,,"130, 310",POS2,Parieto-Occipital_Sulcus_Area_2,Posterior_Cingulate,18.0,15.0,"3261, 3093",idx_R,310,310.0
3,311.0,-1.5664151906967163,0,0.001,,0.05862572447912578,0.005,0.17020371622972,0,,"131, 311",ProS,ProStriate_Area,Posterior_Cingulate,18.0,121.0,"1222, 1055",idx_R,311,311.0
3,312.0,2.6378605365753174,0,0.001,,0.004171544286963729,0.005,0.028335017798244197,0,,"132, 312",RSC,RetroSplenial_Complex,Posterior_Cingulate,18.0,14.0,"2830, 3067",idx_R,312,312.0
3,313.0,-0.40537741780281067,0,0.001,,0.34260005380913977,0.005,0.41706225666777735,0,,"133, 313",v23ab,Area_ventral_23_a + b,Posterior_Cingulate,18.0,33.0,"916, 1089",idx_R,313,313.0
3,314.0,-1.0783672332763672,0,0.001,,0.140434951871306,0.005,0.2674951464215352,0,,"134, 314",10r,Area_10r,AntCing_MedPFC,19.0,65.0,"1589, 1053",idx_R,314,314.0
3,315.0,-2.1849193572998047,0,0.001,,0.014447379970444159,0.005,0.07028455120756617,0,,"135, 315",10v,Area_10v,AntCing_MedPFC,19.0,88.0,"3906, 2667",idx_R,315,315.0
3,316.0,-1.7450666427612305,0,0.001,,0.040486634601613856,0.005,0.13902437104595536,0,,"136, 316",25,Area_25,AntCing_MedPFC,19.0,164.0,"1911, 2135",idx_R,316,316.0
3,317.0,-0.4963504374027252,0,0.001,,0.30982359334810267,0.005,0.4108350605280079,0,,"137, 317",33pr,Area_33_prime,AntCing_MedPFC,19.0,58.0,"1354, 1316",idx_R,317,317.0
3,318.0,-1.2915370464324951,0,0.001,,0.098258758804044,0.005,0.22190729654708796,0,,"138, 318",8BM,Area_8BM,AntCing_MedPFC,19.0,63.0,"3122, 3436",idx_R,318,318.0
3,319.0,-4.279013633728027,1,0.001,-,9.386168263232554e-06,0.005,0.0002815850478969766,1,-,"139, 319",9 m,Area_9_Middle,AntCing_MedPFC,19.0,69.0,"6338, 5881",idx_R,319,319.0
3,320.0,-1.6284011602401733,0,0.001,,0.051719925890838084,0.005,0.15778960441272635,0,,"140, 320",a24,Area_a24,AntCing_MedPFC,19.0,61.0,"2085, 2152",idx_R,320,320.0
3,321.0,-0.9111159443855286,0,0.001,,0.1811171431246355,0.005,0.3119721125591808,0,,"141, 321",a24pr,Anterior_24_prime,AntCing_MedPFC,19.0,59.0,"1095, 1474",idx_R,321,321.0
3,322.0,-0.8623362183570862,0,0.001,,0.19425126384467833,0.005,0.3247415684256313,0,,"142, 322",a32pr,Area_anterior_32_prime,AntCing_MedPFC,19.0,179.0,"1759, 1118",idx_R,322,322.0
3,323.0,-1.5580850839614868,0,0.001,,0.05960654004403415,0.005,0.17030440012581186,0,,"143, 323",d32,Area_dorsal_32,AntCing_MedPFC,19.0,62.0,"2228, 2374",idx_R,323,323.0
3,324.0,-1.735967755317688,0,0.001,,0.04128476806699533,0.005,0.13902437104595536,0,,"144, 324",p24,Area_posterior_24,AntCing_MedPFC,19.0,180.0,"2394, 2442",idx_R,324,324.0
3,325.0,-0.02509237639605999,0,0.001,,0.48999064051197216,0.005,0.4971881149357807,0,,"145, 325",p24pr,Area_Posterior_24_prime,AntCing_MedPFC,19.0,57.0,"1422, 1724",idx_R,325,325.0
3,326.0,-0.17850744724273682,0,0.001,,0.4291622365363211,0.005,0.46257007530860955,0,,"146, 326",p32,Area_p32,AntCing_MedPFC,19.0,64.0,"1180, 1765",idx_R,326,326.0
3,327.0,-0.5939176082611084,0,0.001,,0.2762836106358466,0.005,0.3810808422563402,0,,"147, 327",p32pr,Area_p32_prime,AntCing_MedPFC,19.0,60.0,"1569, 1305",idx_R,327,327.0
3,328.0,-0.6265171766281128,0,0.001,,0.26548788706607473,0.005,0.37628204466057835,0,,"148, 328",pOFC,Posterior_OFC_Complex,AntCing_MedPFC,19.0,166.0,"2486, 2836",idx_R,328,328.0
3,329.0,-2.744246006011963,0,0.001,,0.0030325034154028846,0.005,0.02400488236290124,0,,"149, 329",s32,Area_s32,AntCing_MedPFC,19.0,165.0,"604, 1015",idx_R,329,329.0
3,330.0,-2.8283839225769043,0,0.001,,0.0023391831829963484,0.005,0.021052648646967136,0,,"150, 330",10d,Area_10d,OrbPolaFrontal,20.0,72.0,"3644, 3096",idx_R,330,330.0
3,331.0,0.09847436845302582,0,0.001,,0.46077781201582463,0.005,0.47942200094132037,0,,"151, 331",10 pp,Polar_10p,OrbPolaFrontal,20.0,90.0,"1997, 2487",idx_R,331,331.0
3,332.0,-1.145145058631897,0,0.001,,0.12607453646153532,0.005,0.25214907292307065,0,,"152, 332",11 l,Area_11l,OrbPolaFrontal,20.0,91.0,"3531, 3793",idx_R,332,332.0
3,333.0,-1.530903697013855,0,0.001,,0.06289659770120189,0.005,0.17417519363409753,0,,"153, 333",13 l,Area_13l,OrbPolaFrontal,20.0,92.0,"2429, 1757",idx_R,333,333.0
3,334.0,-1.851831316947937,0,0.001,,0.03202502455033857,0.005,0.12009384206376965,0,,"154, 334",47 m,Area_47m,OrbPolaFrontal,20.0,66.0,"799, 781",idx_R,334,334.0
3,335.0,-1.4163458347320557,0,0.001,,0.07833713714824114,0.005,0.19584284287060286,0,,"155, 335",47 s,Area_47s,OrbPolaFrontal,20.0,94.0,"2795, 3080",idx_R,335,335.0
3,336.0,0.7855069041252136,0,0.001,,0.21607821197591048,0.005,0.34035229251815813,0,,"156, 336",a10p,Area_anterior_10p,OrbPolaFrontal,20.0,89.0,"1964, 1748",idx_R,336,336.0
3,337.0,0.3162280321121216,0,0.001,,0.375914716043591,0.005,0.4318854826642857,0,,"157, 337",OFC,Orbital_Frontal_Complex,OrbPolaFrontal,20.0,93.0,"4560, 5232",idx_R,337,337.0
3,338.0,0.7770751714706421,0,0.001,,0.21855721074153173,0.005,0.34060864011667286,0,,"158, 338",p10p,Area_posterior_10p,OrbPolaFrontal,20.0,170.0,"2116, 2365",idx_R,338,338.0
3,339.0,-2.692732095718384,0,0.001,,0.0035434594877243367,0.005,0.025512908311615224,0,,"159, 339",44,Area_44,Inferior_Frontal,21.0,74.0,"2435, 2589",idx_R,339,339.0
3,340.0,-4.802149295806885,1,0.001,-,7.848579221836631e-07,0.005,4.709147533101979e-05,1,-,"160, 340",45,Area_45,Inferior_Frontal,21.0,75.0,"3762, 2962",idx_R,340,340.0
3,341.0,-3.2583401203155518,1,0.001,-,0.0005603300170565707,0.005,0.006723960204678849,0,,"161, 341",47 l,Area_47l_(47_lateral),Inferior_Frontal,21.0,76.0,"2527, 2592",idx_R,341,341.0
3,342.0,-1.487192988395691,0,0.001,,0.068481923697257,0.005,0.18536460549633474,0,,"162, 342",a47r,Area_anterior_47r,Inferior_Frontal,21.0,77.0,"4167, 3763",idx_R,342,342.0
3,343.0,-1.872711420059204,0,0.001,,0.030554122759783746,0.005,0.1157840441423384,0,,"163, 343",IFJa,Area_IFJa,Inferior_Frontal,21.0,79.0,"1513, 1405",idx_R,343,343.0
3,344.0,-1.2440701723098755,0,0.001,,0.10673686886413336,0.005,0.23573786988397552,0,,"164, 344",IFJp,Area_IFJp,Inferior_Frontal,21.0,80.0,"960, 740",idx_R,344,344.0
3,345.0,-0.4946921765804291,0,0.001,,0.3104087123989393,0.005,0.4108350605280079,0,,"165, 345",IFSa,Area_IFSa,Inferior_Frontal,21.0,82.0,"2057, 2641",idx_R,345,345.0
3,346.0,-2.0120139122009277,0,0.001,,0.022109235237331305,0.005,0.09589547813782252,0,,"166, 346",IFSp,Area_IFSp,Inferior_Frontal,21.0,81.0,"1589, 1730",idx_R,346,346.0
3,347.0,-1.3236966133117676,0,0.001,,0.09280191184016306,0.005,0.2183574396239131,0,,"167, 347",p47r,Area_posterior_47r,Inferior_Frontal,21.0,171.0,"2133, 1761",idx_R,347,347.0
3,348.0,1.476966142654419,0,0.001,,0.06984235660027041,0.005,0.18763618191117426,0,,"168, 348",46,Area_46,Dorsolateral_Prefrontal,22.0,84.0,"4863, 4394",idx_R,348,348.0
3,349.0,1.6063169240951538,0,0.001,,0.05410214683799365,0.005,0.16230644051398097,0,,"169, 349",8Ad,Area_8Ad,Dorsolateral_Prefrontal,22.0,68.0,"3386, 3492",idx_R,349,349.0
3,350.0,-0.9016769528388977,0,0.001,,0.18361424969584572,0.005,0.3147672851928784,0,,"170, 350",8Av,Area_8Av,Dorsolateral_Prefrontal,22.0,67.0,"4807, 5902",idx_R,350,350.0
3,351.0,-4.146243572235107,1,0.001,-,1.6898714707829316e-05,0.005,0.0004055691529879036,1,-,"171, 351",8BL,Area_8B_Lateral,Dorsolateral_Prefrontal,22.0,70.0,"3377, 4078",idx_R,351,351.0
3,352.0,-1.6233279705047607,0,0.001,,0.05225965667889823,0.005,0.1580964403731375,0,,"172, 352",8C,Area_8C,Dorsolateral_Prefrontal,22.0,73.0,"4085, 3134",idx_R,352,352.0
3,353.0,-0.20353800058364868,0,0.001,,0.41935727353640867,0.005,0.4560985452359732,0,,"173, 353",9-46d,Area_9-46d,Dorsolateral_Prefrontal,22.0,86.0,"4534, 4666",idx_R,353,353.0
3,354.0,-2.801083564758301,0,0.001,,0.0025465664256565036,0.005,0.02182771221991289,0,,"174, 354",9a,Area_9_anterior,Dorsolateral_Prefrontal,22.0,87.0,"3706, 3048",idx_R,354,354.0
3,355.0,-2.4609155654907227,0,0.001,,0.0069291487945995,0.005,0.04376304501852316,0,,"175, 355",9p,Area_9_Posterior,Dorsolateral_Prefrontal,22.0,71.0,"3426, 2488",idx_R,355,355.0
3,356.0,-0.137991800904274,0,0.001,,0.44512344874318754,0.005,0.4699250485265323,0,,"176, 356",a9-46v,Area_anterior_9-46v,Dorsolateral_Prefrontal,22.0,85.0,"3314, 2628",idx_R,356,356.0
3,357.0,0.5528132915496826,0,0.001,,0.29019563304868967,0.005,0.39274596953957996,0,,"177, 357",i6-8,Inferior_6-8_Transitional_Area,Dorsolateral_Prefrontal,22.0,97.0,"1764, 2418",idx_R,357,357.0
3,358.0,1.1150352954864502,0,0.001,,0.13241764849496096,0.005,0.26049373474418547,0,,"178, 358",p9-46v,Area_posterior_9-46v,Dorsolateral_Prefrontal,22.0,83.0,"2871, 4635",idx_R,358,358.0
3,359.0,0.41874656081199646,0,0.001,,0.3377006818094778,0.005,0.41706225666777735,0,,"179, 359",s6-8,Superior_6-8_Transitional_Area,Dorsolateral_Prefrontal,22.0,98.0,"1336, 2132",idx_R,359,359.0
3,360.0,-4.260195255279541,1,0.001,-,1.021241971652405e-05,0.005,0.0002828054690729737,1,-,"180, 360",SFL,Superior_Frontal_Language_Area,Dorsolateral_Prefrontal,22.0,26.0,"3873, 3055",idx_R,360,360.0
4,1.0,-0.6738007664680481,0,0.001,,0.2502189937510272,0.005,0.36552926682181713,0,,"1, 181",V1,Primary_Visual_Cortex,Primary_Visual,1.0,1.0,"13,812, 13,406",idx_L,1,1.0
4,2.0,-1.4925670623779297,0,0.001,,0.06777527528614027,0.005,0.23688445731078153,0,,"2, 182",V2,Second_Visual_Area,Early_Visual,2.0,4.0,"9515, 9420",idx_L,2,2.0
4,3.0,-1.5786811113357544,0,0.001,,0.05720460973643382,0.005,0.2101393827052671,0,,"3, 183",V3,Third_Visual_Area,Early_Visual,2.0,5.0,"7106, 7481",idx_L,3,3.0
4,4.0,-0.9162827730178833,0,0.001,,0.17975930053776495,0.005,0.32683509188684534,0,,"4, 184",V4,Fourth_Visual_Area,Early_Visual,2.0,6.0,"4782, 4537",idx_L,4,4.0
4,5.0,-1.3379076719284058,0,0.001,,0.0904632679653723,0.005,0.25618069789872583,0,,"5, 185",IPS1,IntraParietal_Sulcus_Area_1,Dorsal_Stream_Visual,3.0,17.0,"1751, 1750",idx_L,5,5.0
4,6.0,-0.047413915395736694,0,0.001,,0.4810916693059216,0.005,0.48513445644294617,0,,"6, 186",V3A,Area_V3A,Dorsal_Stream_Visual,3.0,13.0,"2191, 2212",idx_L,6,6.0
4,7.0,-0.9355061650276184,0,0.001,,0.1747637538325656,0.005,0.325172358650518,0,,"7, 187",V3B,Area_V3B,Dorsal_Stream_Visual,3.0,19.0,"639, 731",idx_L,7,7.0
4,8.0,-0.7000590562820435,0,0.001,,0.24194521204788116,0.005,0.3629178180718218,0,,"8, 188",V6,Sixth_Visual_Area,Dorsal_Stream_Visual,3.0,3.0,"1402, 1559",idx_L,8,8.0
4,9.0,-1.4260375499725342,0,0.001,,0.07692875171375688,0.005,0.2450827488225883,0,,"9, 189",V6A,Area_V6A,Dorsal_Stream_Visual,3.0,152.0,"904, 734",idx_L,9,9.0
4,10.0,-0.8880389928817749,0,0.001,,0.1872598884998276,0.005,0.333059417181607,0,,"10, 190",V7,Seventh_Visual_Area,Dorsal_Stream_Visual,3.0,16.0,"1005, 1041",idx_L,10,10.0
4,11.0,-3.3229572772979736,1,0.001,-,0.00044534277290774133,0.005,0.008016169912339343,0,,"11, 191",FFC,Fusiform_Face_Complex,Ventral_Stream_Visual,4.0,18.0,"3848, 4402",idx_L,11,11.0
4,12.0,-0.8462152481079102,0,0.001,,0.1987163385744004,0.005,0.33904209425016185,0,,"12, 192",PIT,Posterior_InferoTemporal_complex,Ventral_Stream_Visual,4.0,22.0,"1392, 1386",idx_L,12,12.0
4,13.0,-1.3810012340545654,0,0.001,,0.08363929061101749,0.005,0.24829930672614167,0,,"13, 193",V8,Eighth_Visual_Area,Ventral_Stream_Visual,4.0,7.0,"1361, 1175",idx_L,13,13.0
4,14.0,-0.8601353168487549,0,0.001,,0.19485722762927593,0.005,0.33704506040459564,0,,"14, 194",VMV1,VentroMedial_Visual_Area_1,Ventral_Stream_Visual,4.0,153.0,"939, 1219",idx_L,14,14.0
4,15.0,-0.7110476493835449,0,0.001,,0.2385273544641418,0.005,0.36232003209743063,0,,"15, 195",VMV2,VentroMedial_Visual_Area_2,Ventral_Stream_Visual,4.0,160.0,"639, 923",idx_L,15,15.0
4,16.0,-0.5761491656303406,0,0.001,,0.28225718088540896,0.005,0.38932024949711586,0,,"16, 196",VMV3,VentroMedial_Visual_Area_3,Ventral_Stream_Visual,4.0,154.0,"941, 1242",idx_L,16,16.0
4,17.0,-2.680471181869507,0,0.001,,0.003675929722380759,0.005,0.04159883427002748,0,,"17, 197",VVC,Ventral_Visual_Complex,Ventral_Stream_Visual,4.0,163.0,"2487, 2753",idx_L,17,17.0
4,18.0,-0.5138745307922363,0,0.001,,0.3036698576729049,0.005,0.40201689715162875,0,,"18, 198",FST,Area_FST,MT + _Complex,5.0,157.0,"1324, 1683",idx_L,18,18.0
4,19.0,-0.589876651763916,0,0.001,,0.27763667421482363,0.005,0.3876626137595222,0,,"19, 199",LO1,Area_Lateral_Occipital_1,MT + _Complex,5.0,20.0,"619, 909",idx_L,19,19.0
4,20.0,-1.1704360246658325,0,0.001,,0.12091277273097722,0.005,0.2864984110909183,0,,"20, 200",LO2,Area_Lateral_Occipital_2,MT + _Complex,5.0,21.0,"1179, 1062",idx_L,20,20.0
4,21.0,-0.43375110626220703,0,0.001,,0.3322345951499918,0.005,0.4132020588320912,0,,"21, 201",LO3,Area_Lateral_Occipital_3,MT + _Complex,5.0,159.0,"438, 915",idx_L,21,21.0
4,22.0,-2.0336785316467285,0,0.001,,0.020992009041991652,0.005,0.10952352543647818,0,,"22, 202",MST,Medial_Superior_Temporal_Area,MT + _Complex,5.0,2.0,"794, 1036",idx_L,22,22.0
4,23.0,-2.6339163780212402,0,0.001,,0.00422031364754406,0.005,0.045034005826396675,0,,"23, 203",MT,Middle_Temporal_Area,MT + _Complex,5.0,23.0,"620, 1005",idx_L,23,23.0
4,24.0,-4.022304058074951,1,0.001,-,2.8815796462243906e-05,0.005,0.000943062429673437,1,-,"24, 204",PH,Area_PH,MT + _Complex,5.0,138.0,"3453, 3205",idx_L,24,24.0
4,25.0,-0.061869215220212936,0,0.001,,0.47533349160560867,0.005,0.4847593682096859,0,,"25, 205",V3CD,Area_V3CD,MT + _Complex,5.0,158.0,"876, 1222",idx_L,25,25.0
4,26.0,-1.092149019241333,0,0.001,,0.1373838031909862,0.005,0.2943938639806847,0,,"26, 206",V4t,Area_V4t,MT + _Complex,5.0,156.0,"1037, 1249",idx_L,26,26.0
4,27.0,0.1342214196920395,0,0.001,,0.4466137443504451,0.005,0.46541685918560594,0,,"27, 207",1,Area_1,SomaSens_Motor,6.0,51.0,"6590, 5925",idx_L,27,27.0
4,28.0,-1.3927078247070312,0,0.001,,0.08185408073964218,0.005,0.24829930672614167,0,,"28, 208",2,Area_2,SomaSens_Motor,6.0,52.0,"4278, 4727",idx_L,28,28.0
4,29.0,-0.7250254154205322,0,0.001,,0.23421821932909342,0.005,0.35880237854669633,0,,"29, 209",3a,Area_3a,SomaSens_Motor,6.0,53.0,"2247, 2286",idx_L,29,29.0
4,30.0,-0.280790239572525,0,0.001,,0.38943564513849355,0.005,0.4408705416662191,0,,"30, 210",3b,Primary_Sensory_Cortex,SomaSens_Motor,6.0,9.0,"5451, 4350",idx_L,30,30.0
4,31.0,-0.5250715017318726,0,0.001,,0.2997667431298118,0.005,0.40201689715162875,0,,"31, 211",4,Primary_Motor_Cortex,SomaSens_Motor,6.0,8.0,"10,776, 10,254",idx_L,31,31.0
4,32.0,-0.22405637800693512,0,0.001,,0.4113567174339873,0.005,0.4514890801104739,0,,"32, 212",23c,Area_23c,ParaCentral_MidCing,7.0,38.0,"2259, 2498",idx_L,32,32.0
4,33.0,-0.12590651214122772,0,0.001,,0.449902963879419,0.005,0.46541685918560594,0,,"33, 213",24dd,Dorsal_Area_24d,ParaCentral_MidCing,7.0,40.0,"2665, 2820",idx_L,33,33.0
4,34.0,-0.8007868528366089,0,0.001,,0.21162752571537202,0.005,0.34219535419754277,0,,"34, 214",24dv,Ventral_Area_24d,ParaCentral_MidCing,7.0,41.0,"1076, 1349",idx_L,34,34.0
4,35.0,-1.013870120048523,0,0.001,,0.15532236538178934,0.005,0.31165488380111467,0,,"35, 215",5L,Area_5L,ParaCentral_MidCing,7.0,39.0,"2249, 2327",idx_L,35,35.0
4,36.0,-0.3463095724582672,0,0.001,,0.36455503771070896,0.005,0.4282861297246357,0,,"36, 216",5 m,Area_5m,ParaCentral_MidCing,7.0,36.0,"1483, 2079",idx_L,36,36.0
4,37.0,-0.677279531955719,0,0.001,,0.2491143074192863,0.005,0.36552926682181713,0,,"37, 217",5mv,Area_5m_ventral,ParaCentral_MidCing,7.0,37.0,"1651, 1996",idx_L,37,37.0
4,38.0,-1.3281558752059937,0,0.001,,0.09206330893995551,0.005,0.25618069789872583,0,,"38, 218",6ma,Area_6m_anterior,ParaCentral_MidCing,7.0,44.0,"3941, 4251",idx_L,38,38.0
4,39.0,0.13378803431987762,0,0.001,,0.4467850946785009,0.005,0.46541685918560594,0,,"39, 219",6mp,Area_6mp,ParaCentral_MidCing,7.0,55.0,"3701, 3105",idx_L,39,39.0
4,40.0,0.3086368143558502,0,0.001,,0.37879890665875393,0.005,0.43480984957292124,0,,"40, 220",SCEF,Supplementary_and_Cingulate_Eye_Field,ParaCentral_MidCing,7.0,43.0,"3500, 3371",idx_L,40,40.0
4,41.0,-0.004803251475095749,0,0.001,,0.49808378727141567,0.005,0.49808378727141567,0,,"41, 221",55b,Area_55b,Premotor,8.0,12.0,"2422, 1537",idx_L,41,41.0
4,42.0,-2.86434268951416,0,0.001,,0.0020893782881501294,0.005,0.02785837717533506,0,,"42, 222",6a,Area_6_anterior,Premotor,8.0,96.0,"4233, 3752",idx_L,42,42.0
4,43.0,0.6608597636222839,0,0.001,,0.2543511259338588,0.005,0.3677365676152175,0,,"43, 223",6d,Dorsal_area_6,Premotor,8.0,54.0,"2916, 2909",idx_L,43,43.0
4,44.0,-1.27864670753479,0,0.001,,0.10051074711334479,0.005,0.26411583183068704,0,,"44, 224",6r,Rostral_Area_6,Premotor,8.0,78.0,"3029, 3981",idx_L,44,44.0
4,45.0,-1.7711585760116577,0,0.001,,0.038267167776339525,0.005,0.1614558253820433,0,,"45, 225",6v,Ventral_Area_6,Premotor,8.0,56.0,"2075, 2516",idx_L,45,45.0
4,46.0,-0.8218895792961121,0,0.001,,0.20556987215619316,0.005,0.34219535419754277,0,,"46, 226",FEF,Frontal_Eye_Fields,Premotor,8.0,10.0,"1787, 1889",idx_L,46,46.0
4,47.0,0.6870381832122803,0,0.001,,0.24602933353559703,0.005,0.3644879015342178,0,,"47, 227",PEF,Premotor_Eye_Field,Premotor,8.0,11.0,"1006, 1258",idx_L,47,47.0
4,48.0,-1.9091852903366089,0,0.001,,0.02811909658828214,0.005,0.13497166362375426,0,,"48, 228",43,Area_43,Posterior_Opercular,9.0,99.0,"1889, 1678",idx_L,48,48.0
4,49.0,0.689444899559021,0,0.001,,0.24527166824740015,0.005,0.3644879015342178,0,,"49, 229",FOP1,Frontal_Opercular_Area_1,Posterior_Opercular,9.0,113.0,"879, 932",idx_L,49,49.0
4,50.0,-0.8712392449378967,0,0.001,,0.1918117678856171,0.005,0.3335856832793341,0,,"50, 230",OP1,Area_OP1-SII,Posterior_Opercular,9.0,101.0,"1275, 1072",idx_L,50,50.0
4,51.0,-0.315837562084198,0,0.001,,0.3760629029428531,0.005,0.43391873416483046,0,,"51, 231",OP2-3,Area_OP2-3-VS,Posterior_Opercular,9.0,102.0,"943, 792",idx_L,51,51.0
4,52.0,-0.5772422552108765,0,0.001,,0.28188790799704494,0.005,0.38932024949711586,0,,"52, 232",OP4,Area_OP4-PV,Posterior_Opercular,9.0,100.0,"2332, 2409",idx_L,52,52.0
4,53.0,1.894828200340271,0,0.001,,0.029057582921983488,0.005,0.13585363444044227,0,,"53, 233",52,Area_52,Early_Auditory,10.0,103.0,"725, 580",idx_L,53,53.0
4,54.0,-2.961078643798828,0,0.001,,0.0015328182413312588,0.005,0.022992273619968882,0,,"54, 234",A1,Primary_Auditory_Cortex,Early_Auditory,10.0,24.0,"1023, 796",idx_L,54,54.0
4,55.0,1.2102199792861938,0,0.001,,0.11309724680092753,0.005,0.2793097682045204,0,,"55, 235",LBelt,Lateral_Belt_Complex,Early_Auditory,10.0,174.0,"820, 901",idx_L,55,55.0
4,56.0,-0.607426643371582,0,0.001,,0.27178390565826294,0.005,0.38557226767347513,0,,"56, 236",MBelt,Medial_Belt_Complex,Early_Auditory,10.0,173.0,"1242, 1236",idx_L,56,56.0
4,57.0,2.121157169342041,0,0.001,,0.016954289133211273,0.005,0.09844425948316224,0,,"57, 237",PBelt,ParaBelt_Complex,Early_Auditory,10.0,124.0,"1719, 1439",idx_L,57,57.0
4,58.0,-0.27644672989845276,0,0.001,,0.391102484630646,0.005,0.4413695751317635,0,,"58, 238",PFcm,Area_PFcm,Early_Auditory,10.0,105.0,"1486, 1485",idx_L,58,58.0
4,59.0,-0.7252898216247559,0,0.001,,0.23413712433350337,0.005,0.35880237854669633,0,,"59, 239",RI,RetroInsular_Cortex,Early_Auditory,10.0,104.0,"1149, 1334",idx_L,59,59.0
4,60.0,-0.9807462692260742,0,0.001,,0.1633589403526179,0.005,0.3140497124904322,0,,"60, 240",A4,Auditory_4_Complex,Auditory_Association,11.0,175.0,"3514, 3610",idx_L,60,60.0
4,61.0,-0.05054731294512749,0,0.001,,0.4798431236442575,0.005,0.48513445644294617,0,,"61, 241",A5,Auditory_5_Complex,Auditory_Association,11.0,125.0,"3346, 3881",idx_L,61,61.0
4,62.0,1.3783966302871704,0,0.001,,0.08404043161182279,0.005,0.24829930672614167,0,,"62, 242",STGa,Area_STGa,Auditory_Association,11.0,123.0,"2509, 2187",idx_L,62,62.0
4,63.0,0.9086793065071106,0,0.001,,0.18175971522518714,0.005,0.3288115451309918,0,,"63, 243",STSda,Area_STSd_anterior,Auditory_Association,11.0,128.0,"1944, 2389",idx_L,63,63.0
4,64.0,1.23137366771698,0,0.001,,0.10909157041811557,0.005,0.27657017852480004,0,,"64, 244",STSdp,Area_STSd_posterior,Auditory_Association,11.0,129.0,"1994, 2605",idx_L,64,64.0
4,65.0,-0.4294787049293518,0,0.001,,0.3337874439457677,0.005,0.4132020588320912,0,,"65, 245",STSva,Area_STSv_anterior,Auditory_Association,11.0,176.0,"1694, 1900",idx_L,65,65.0
4,66.0,1.7621912956237793,0,0.001,,0.0390184911339938,0.005,0.1614558253820433,0,,"66, 246",STSvp,Area_STSv_posterior,Auditory_Association,11.0,130.0,"2898, 2515",idx_L,66,66.0
4,67.0,-0.24184131622314453,0,0.001,,0.4044515616235177,0.005,0.4493906240261308,0,,"67, 247",TA2,Area_TA2,Auditory_Association,11.0,107.0,"1518, 1726",idx_L,67,67.0
4,68.0,-0.5065022706985474,0,0.001,,0.3062520480187261,0.005,0.4023749536012459,0,,"68, 248",AAIC,Anterior_Agranular_Insula_Complex,Insula_FrontalOperc,12.0,112.0,"1859, 1691",idx_L,68,68.0
4,69.0,-1.2088711261749268,0,0.001,,0.11335618029342048,0.005,0.2793097682045204,0,,"69, 249",AVI,Anterior_Ventral_Insular_Area,Insula_FrontalOperc,12.0,111.0,"1446, 1792",idx_L,69,69.0
4,70.0,-2.113509178161621,0,0.001,,0.01727860514089484,0.005,0.09873488651939909,0,,"70, 250",FOP2,Frontal_Opercular_Area_2,Insula_FrontalOperc,12.0,115.0,"750, 720",idx_L,70,70.0
4,71.0,-0.6612285375595093,0,0.001,,0.2542328813056245,0.005,0.3677365676152175,0,,"71, 251",FOP3,Frontal_Opercular_Area_3,Insula_FrontalOperc,12.0,114.0,"754, 614",idx_L,71,71.0
4,72.0,1.4958404302597046,0,0.001,,0.0673476213677915,0.005,0.23688445731078153,0,,"72, 252",FOP4,Frontal_Opercular_Area_4,Insula_FrontalOperc,12.0,108.0,"2522, 1678",idx_L,72,72.0
4,73.0,0.231004536151886,0,0.001,,0.40865563899722407,0.005,0.4498961163272192,0,,"73, 253",FOP5,Area_Frontal_Opercular_5,Insula_FrontalOperc,12.0,169.0,"1297, 1365",idx_L,73,73.0
4,74.0,-1.4732686281204224,0,0.001,,0.07033930818766912,0.005,0.23783969234109456,0,,"74, 254",Ig,Insular_Granular_Complex,Insula_FrontalOperc,12.0,168.0,"841, 1077",idx_L,74,74.0
4,75.0,1.3753113746643066,0,0.001,,0.08451746579101804,0.005,0.24829930672614167,0,,"75, 255",MI,Middle_Insular_Area,Insula_FrontalOperc,12.0,109.0,"2102, 1960",idx_L,75,75.0
4,76.0,3.8172221183776855,1,0.001,+,6.748132949748394e-05,0.005,0.0020244398849245185,1,+,"76, 256",PI,Para-Insular_Area,Insula_FrontalOperc,12.0,178.0,"1033, 1058",idx_L,76,76.0
4,77.0,2.1828927993774414,0,0.001,,0.014521852718492278,0.005,0.0857027373550364,0,,"77, 257",Pir,Pirform_Cortex,Insula_FrontalOperc,12.0,110.0,"2287, 1856",idx_L,77,77.0
4,78.0,1.1376652717590332,0,0.001,,0.12763013999656508,0.005,0.2896016364829152,0,,"78, 258",PoI1,Area_Posterior_Insular_1,Insula_FrontalOperc,12.0,167.0,"1811, 1835",idx_L,78,78.0
4,79.0,-1.677988886833191,0,0.001,,0.04667463426785556,0.005,0.1846469047959121,0,,"79, 259",PoI2,Posterior_Insular_Area_2,Insula_FrontalOperc,12.0,106.0,"2747, 2675",idx_L,79,79.0
4,80.0,-1.0346633195877075,0,0.001,,0.1504130859153034,0.005,0.30713210822886017,0,,"80, 260",H,Hippocampus,Medial_Temporal,13.0,120.0,"4283, 3626",idx_L,80,80.0
4,81.0,-1.3732610940933228,0,0.001,,0.08483559646476507,0.005,0.24829930672614167,0,,"81, 261",PreS,PreSubiculum,Medial_Temporal,13.0,119.0,"1817, 1558",idx_L,81,81.0
4,82.0,0.4257286787033081,0,0.001,,0.3351527810526962,0.005,0.4132020588320912,0,,"82, 262",EC,Entorhinal_Cortex,Medial_Temporal,13.0,118.0,"2127, 2110",idx_L,82,82.0
4,83.0,-0.44483596086502075,0,0.001,,0.3282191522319081,0.005,0.4124094156511154,0,,"83, 263",PeEc,Perirhinal_Ectorhinal_Cortex,Medial_Temporal,13.0,122.0,"4826, 4755",idx_L,83,83.0
4,84.0,-2.3240549564361572,0,0.001,,0.010061274389751426,0.005,0.07102076039824536,0,,"84, 264",TF,Area_TF,Medial_Temporal,13.0,135.0,"3986, 4752",idx_L,84,84.0
4,85.0,-2.254437208175659,0,0.001,,0.012084338368033359,0.005,0.07785950510270036,0,,"85, 265",PHA1,ParaHippocampal_Area_1,Medial_Temporal,13.0,126.0,"1281, 1168",idx_L,85,85.0
4,86.0,-2.6015772819519043,0,0.001,,0.0046398077299081904,0.005,0.04744905333946992,0,,"86, 266",PHA2,ParaHippocampal_Area_2,Medial_Temporal,13.0,155.0,"783, 771",idx_L,86,86.0
4,87.0,-2.500361919403076,0,0.001,,0.006203324362942467,0.005,0.054045260405015255,0,,"87, 267",PHA3,ParaHippocampal_Area_3,Medial_Temporal,13.0,127.0,"2023, 1122",idx_L,87,87.0
4,88.0,-0.13576087355613708,0,0.001,,0.4460051614966813,0.005,0.46541685918560594,0,,"88, 268",PHT,Area_PHT,Lateral_Temporal,14.0,137.0,"4182, 3410",idx_L,88,88.0
4,89.0,0.38496264815330505,0,0.001,,0.3501325446593738,0.005,0.4215642678173063,0,,"89, 269",TE1a,Area_TE1_anterior,Lateral_Temporal,14.0,132.0,"5227, 4180",idx_L,89,89.0
4,90.0,0.9876498579978943,0,0.001,,0.1616620796836331,0.005,0.3138831714740382,0,,"90, 270",TE1m,Area_TE1_Middle,Lateral_Temporal,14.0,177.0,"3339, 3429",idx_L,90,90.0
4,91.0,0.1519603431224823,0,0.001,,0.4396091069676815,0.005,0.46541685918560594,0,,"91, 271",TE1p,Area_TE1_posterior,Lateral_Temporal,14.0,133.0,"7116, 6010",idx_L,91,91.0
4,92.0,1.343339204788208,0,0.001,,0.08958108144076143,0.005,0.25618069789872583,0,,"92, 272",TE2a,Area_TE2_anterior,Lateral_Temporal,14.0,134.0,"5691, 5753",idx_L,92,92.0
4,93.0,-4.257104873657227,1,0.001,-,1.0354561245428246e-05,0.005,0.00041418244981712986,1,-,"93, 273",TE2p,Area_TE2_posterior,Lateral_Temporal,14.0,136.0,"4115, 3040",idx_L,93,93.0
4,94.0,2.8705646991729736,0,0.001,,0.0020486966840751845,0.005,0.02785837717533506,0,,"94, 274",TGd,Area_TG_dorsal,Lateral_Temporal,14.0,131.0,"10,192, 10,269",idx_L,94,94.0
4,95.0,2.0455918312072754,0,0.001,,0.020398272919304336,0.005,0.10800216743676574,0,,"95, 275",TGv,Area_TG_Ventral,Lateral_Temporal,14.0,172.0,"3694, 4515",idx_L,95,95.0
4,96.0,2.6784965991973877,0,0.001,,0.003697674157335776,0.005,0.04159883427002748,0,,"96, 276",PSL,PeriSylvian_Language_Area,TPO,15.0,25.0,"2154, 2759",idx_L,96,96.0
4,97.0,1.7674764394760132,0,0.001,,0.03857423567511321,0.005,0.1614558253820433,0,,"97, 277",STV,Superior_Temporal_Visual_Area,TPO,15.0,28.0,"2322, 2294",idx_L,97,97.0
4,98.0,1.77622389793396,0,0.001,,0.03784801040732323,0.005,0.1614558253820433,0,,"98, 278",TPOJ1,Area_TemporoParietoOccipital_Junction_1,TPO,15.0,139.0,"2102, 3938",idx_L,98,98.0
4,99.0,-2.301900625228882,0,0.001,,0.010670388477214007,0.005,0.07387192022686621,0,,"99, 279",TPOJ2,Area_TemporoParietoOccipital_Junction_2,TPO,15.0,140.0,"1930, 2068",idx_L,99,99.0
4,100.0,-2.5466256141662598,0,0.001,,0.005438502847244454,0.005,0.051212509623100186,0,,"100, 280",TPOJ3,Area_TemporoParietoOccipital_Junction_3,TPO,15.0,141.0,"1290, 1277",idx_L,100,100.0
4,101.0,-0.727952241897583,0,0.001,,0.23332141088228092,0.005,0.35880237854669633,0,,"101, 281",7AL,Lateral_Area_7A,Superior_Parietal,16.0,42.0,"2134, 2030",idx_L,101,101.0
4,102.0,-1.4358150959014893,0,0.001,,0.07552748153795222,0.005,0.2450827488225883,0,,"102, 282",7Am,Medial_Area_7A,Superior_Parietal,16.0,45.0,"2995, 2379",idx_L,102,102.0
4,103.0,-0.49097245931625366,0,0.001,,0.31172296329779015,0.005,0.4065951695188567,0,,"103, 283",7PC,Area_7PC,Superior_Parietal,16.0,47.0,"3151, 3415",idx_L,103,103.0
4,104.0,-0.7319329380989075,0,0.001,,0.2321047504011075,0.005,0.35880237854669633,0,,"104, 284",7Pl,Lateral_Area_7P,Superior_Parietal,16.0,46.0,"1695, 1363",idx_L,104,104.0
4,105.0,-3.0567286014556885,0,0.001,,0.0011188338978040601,0.005,0.01918000967664103,0,,"105, 285",7Pm,Medial_Area_7P,Superior_Parietal,16.0,29.0,"1601, 1308",idx_L,105,105.0
4,106.0,-2.7645959854125977,0,0.001,,0.002849666828570194,0.005,0.03663857351018821,0,,"106, 286",AIP,Anterior_IntraParietal_Area,Superior_Parietal,16.0,117.0,"1999, 2542",idx_L,106,106.0
4,107.0,-2.3261513710021973,0,0.001,,0.010005238424136418,0.005,0.07102076039824536,0,,"107, 287",LIPd,Area_Lateral_IntraParietal_dorsal,Superior_Parietal,16.0,95.0,"1008, 869",idx_L,107,107.0
4,108.0,-1.436167597770691,0,0.001,,0.07547732836291896,0.005,0.2450827488225883,0,,"108, 288",LIPv,Area_Lateral_IntraParietal_ventral,Superior_Parietal,16.0,48.0,"1681, 1783",idx_L,108,108.0
4,109.0,-1.4298948049545288,0,0.001,,0.07637360663992257,0.005,0.2450827488225883,0,,"109, 289",MIP,Medial_IntraParietal_Area,Superior_Parietal,16.0,50.0,"1872, 2403",idx_L,109,109.0
4,110.0,-0.8404949903488159,0,0.001,,0.20031545463059747,0.005,0.34015831918403344,0,,"110, 290",VIP,Ventral_IntraParietal_Complex,Superior_Parietal,16.0,49.0,"1890, 1577",idx_L,110,110.0
4,111.0,-2.1866071224212646,0,0.001,,0.014385608478402579,0.005,0.0857027373550364,0,,"111, 291",IP0,Area_IntraParietal_0,Inferior_Parietal,17.0,146.0,"1203, 1239",idx_L,111,111.0
4,112.0,-2.6926493644714355,0,0.001,,0.0035443387844645994,0.005,0.04159883427002748,0,,"112, 292",IP1,Area_IntraParietal_1,Inferior_Parietal,17.0,145.0,"1692, 1632",idx_L,112,112.0
4,113.0,-1.6153453588485718,0,0.001,,0.05311796301368827,0.005,0.19920847141011133,0,,"113, 293",IP2,Area_IntraParietal_2,Inferior_Parietal,17.0,144.0,"2102, 1861",idx_L,113,113.0
4,114.0,1.6153056621551514,0,0.001,,0.05312225904269635,0.005,0.19920847141011133,0,,"114, 294",PF,Area_PF_Complex,Inferior_Parietal,17.0,148.0,"5457, 5251",idx_L,114,114.0
4,115.0,1.011173129081726,0,0.001,,0.1559667871479306,0.005,0.31165488380111467,0,,"115, 295",PFm,Area_PFm_Complex,Inferior_Parietal,17.0,149.0,"8220, 8141",idx_L,115,115.0
4,116.0,-0.3772830665111542,0,0.001,,0.3529816274715911,0.005,0.42357795296590933,0,,"116, 296",PFop,Area_PF_Opercular,Inferior_Parietal,17.0,147.0,"1797, 1783",idx_L,116,116.0
4,117.0,-0.8764305710792542,0,0.001,,0.19039800245762734,0.005,0.3335856832793341,0,,"117, 297",PFt,Area_PFt,Inferior_Parietal,17.0,116.0,"1983, 2039",idx_L,117,117.0
4,118.0,-0.05453423783183098,0,0.001,,0.4782547656597992,0.005,0.48499074827472594,0,,"118, 298",PGi,Area_PGi,Inferior_Parietal,17.0,150.0,"4791, 4970",idx_L,118,118.0
4,119.0,-0.9336905479431152,0,0.001,,0.17523177105055693,0.005,0.325172358650518,0,,"119, 299",PGp,Area_PGp,Inferior_Parietal,17.0,143.0,"2501, 3740",idx_L,119,119.0
4,120.0,0.38796544075012207,0,0.001,,0.34902080434349625,0.005,0.4215642678173063,0,,"120, 300",PGs,Area_PGs,Inferior_Parietal,17.0,151.0,"4552, 3366",idx_L,120,120.0
4,121.0,1.2730847597122192,0,0.001,,0.10149398318405173,0.005,0.264766912654048,0,,"121, 301",23d,Area_23d,Posterior_Cingulate,18.0,32.0,"1261, 1513",idx_L,121,121.0
4,122.0,-0.5704848766326904,0,0.001,,0.28417443831865574,0.005,0.3904686938729621,0,,"122, 302",31a,Area_31a,Posterior_Cingulate,18.0,162.0,"1260, 1116",idx_L,122,122.0
4,123.0,-1.880041241645813,0,0.001,,0.030051228717329553,0.005,0.13869797869536715,0,,"123, 303",31pd,Area_31pd,Posterior_Cingulate,18.0,161.0,"1428, 864",idx_L,123,123.0
4,124.0,-0.9951245188713074,0,0.001,,0.15983785348146268,0.005,0.3138831714740382,0,,"124, 304",31pv,Area_31p_ventral,Posterior_Cingulate,18.0,35.0,"950, 1022",idx_L,124,124.0
4,125.0,-3.5067155361175537,1,0.001,-,0.00022683692777714527,0.005,0.0048036055293983705,1,-,"125, 305",7 m,Area_7m,Posterior_Cingulate,18.0,30.0,"2128, 2067",idx_L,125,125.0
4,126.0,-0.260145366191864,0,0.001,,0.3973758225352792,0.005,0.44427110594006364,0,,"126, 306",d23ab,Area_dorsal_23_a + b,Posterior_Cingulate,18.0,34.0,"1607, 1106",idx_L,126,126.0
4,127.0,-2.5246267318725586,0,0.001,,0.005791061791087546,0.005,0.05211955611978791,0,,"127, 307",DVT,Dorsal_Transitional_Visual_Area,Posterior_Cingulate,18.0,142.0,"1806, 2176",idx_L,127,127.0
4,128.0,-3.6328389644622803,1,0.001,-,0.00014015998736488695,0.005,0.0031535997157099566,1,-,"128, 308",PCV,PreCuneus_Visual_Area,Posterior_Cingulate,18.0,27.0,"2245, 2416",idx_L,128,128.0
4,129.0,-0.7800799608230591,0,0.001,,0.21767190544719667,0.005,0.3467340086769505,0,,"129, 309",POS1,Parieto-Occipital_Sulcus_Area_1,Posterior_Cingulate,18.0,31.0,"2531, 2727",idx_L,129,129.0
4,130.0,-0.964123547077179,0,0.001,,0.167491994261676,0.005,0.31735325228528083,0,,"130, 310",POS2,Parieto-Occipital_Sulcus_Area_2,Posterior_Cingulate,18.0,15.0,"3261, 3093",idx_L,130,130.0
4,131.0,-1.096083164215088,0,0.001,,0.13652119081400838,0.005,0.2943938639806847,0,,"131, 311",ProS,ProStriate_Area,Posterior_Cingulate,18.0,121.0,"1222, 1055",idx_L,131,131.0
4,132.0,0.13776537775993347,0,0.001,,0.4452129239690323,0.005,0.46541685918560594,0,,"132, 312",RSC,RetroSplenial_Complex,Posterior_Cingulate,18.0,14.0,"2830, 3067",idx_L,132,132.0
4,133.0,-0.9200769662857056,0,0.001,,0.17876627009025453,0.005,0.32683509188684534,0,,"133, 313",v23ab,Area_ventral_23_a + b,Posterior_Cingulate,18.0,33.0,"916, 1089",idx_L,133,133.0
4,134.0,0.5117397308349609,0,0.001,,0.30441658789734805,0.005,0.40201689715162875,0,,"134, 314",10r,Area_10r,AntCing_MedPFC,19.0,65.0,"1589, 1053",idx_L,134,134.0
4,135.0,1.569564700126648,0,0.001,,0.058258208125123355,0.005,0.2118480295459031,0,,"135, 315",10v,Area_10v,AntCing_MedPFC,19.0,88.0,"3906, 2667",idx_L,135,135.0
4,136.0,1.433571696281433,0,0.001,,0.07584726267024117,0.005,0.2450827488225883,0,,"136, 316",25,Area_25,AntCing_MedPFC,19.0,164.0,"1911, 2135",idx_L,136,136.0
4,137.0,0.7839077711105347,0,0.001,,0.2165471147857756,0.005,0.34647538365724095,0,,"137, 317",33pr,Area_33_prime,AntCing_MedPFC,19.0,58.0,"1354, 1316",idx_L,137,137.0
4,138.0,0.3031074106693268,0,0.001,,0.3809040033806244,0.005,0.43531886100642786,0,,"138, 318",8BM,Area_8BM,AntCing_MedPFC,19.0,63.0,"3122, 3436",idx_L,138,138.0
4,139.0,0.7069517374038696,0,0.001,,0.2397982353039511,0.005,0.3627200197874891,0,,"139, 319",9 m,Area_9_Middle,AntCing_MedPFC,19.0,69.0,"6338, 5881",idx_L,139,139.0
4,140.0,0.8285230994224548,0,0.001,,0.20368715932317977,0.005,0.34219535419754277,0,,"140, 320",a24,Area_a24,AntCing_MedPFC,19.0,61.0,"2085, 2152",idx_L,140,140.0
4,141.0,-1.1697803735733032,0,0.001,,0.12104468191037165,0.005,0.2864984110909183,0,,"141, 321",a24pr,Anterior_24_prime,AntCing_MedPFC,19.0,59.0,"1095, 1474",idx_L,141,141.0
4,142.0,-0.3608967959880829,0,0.001,,0.3590882994190203,0.005,0.42663956366616274,0,,"142, 322",a32pr,Area_anterior_32_prime,AntCing_MedPFC,19.0,179.0,"1759, 1118",idx_L,142,142.0
4,143.0,0.7021427154541016,0,0.001,,0.24129508292538676,0.005,0.3629178180718218,0,,"143, 323",d32,Area_dorsal_32,AntCing_MedPFC,19.0,62.0,"2228, 2374",idx_L,143,143.0
4,144.0,0.10597546398639679,0,0.001,,0.4578009097221261,0.005,0.4722301647563478,0,,"144, 324",p24,Area_posterior_24,AntCing_MedPFC,19.0,180.0,"2394, 2442",idx_L,144,144.0
4,145.0,-1.3736945390701294,0,0.001,,0.08476826647989821,0.005,0.24829930672614167,0,,"145, 325",p24pr,Area_Posterior_24_prime,AntCing_MedPFC,19.0,57.0,"1422, 1724",idx_L,145,145.0
4,146.0,0.4087979793548584,0,0.001,,0.3413439614533662,0.005,0.4171956183099248,0,,"146, 326",p32,Area_p32,AntCing_MedPFC,19.0,64.0,"1180, 1765",idx_L,146,146.0
4,147.0,-0.9894840121269226,0,0.001,,0.16121319417641594,0.005,0.3138831714740382,0,,"147, 327",p32pr,Area_p32_prime,AntCing_MedPFC,19.0,60.0,"1569, 1305",idx_L,147,147.0
4,148.0,-0.1505960375070572,0,0.001,,0.44014719367711064,0.005,0.46541685918560594,0,,"148, 328",pOFC,Posterior_OFC_Complex,AntCing_MedPFC,19.0,166.0,"2486, 2836",idx_L,148,148.0
4,149.0,0.3375767767429352,0,0.001,,0.3678410726565604,0.005,0.4295606182635931,0,,"149, 329",s32,Area_s32,AntCing_MedPFC,19.0,165.0,"604, 1015",idx_L,149,149.0
4,150.0,-0.1306646764278412,0,0.001,,0.44802028841993424,0.005,0.46541685918560594,0,,"150, 330",10d,Area_10d,OrbPolaFrontal,20.0,72.0,"3644, 3096",idx_L,150,150.0
4,151.0,-0.42961791157722473,0,0.001,,0.3337368027649199,0.005,0.4132020588320912,0,,"151, 331",10 pp,Polar_10p,OrbPolaFrontal,20.0,90.0,"1997, 2487",idx_L,151,151.0
4,152.0,-0.5616690516471863,0,0.001,,0.28717076201252667,0.005,0.39255489825277734,0,,"152, 332",11 l,Area_11l,OrbPolaFrontal,20.0,91.0,"3531, 3793",idx_L,152,152.0
4,153.0,0.44327905774116516,0,0.001,,0.32878195081075035,0.005,0.4124094156511154,0,,"153, 333",13 l,Area_13l,OrbPolaFrontal,20.0,92.0,"2429, 1757",idx_L,153,153.0
4,154.0,-0.8208058476448059,0,0.001,,0.20587843360672714,0.005,0.34219535419754277,0,,"154, 334",47 m,Area_47m,OrbPolaFrontal,20.0,66.0,"799, 781",idx_L,154,154.0
4,155.0,3.6664891242980957,1,0.001,+,0.0001229516861141493,0.005,0.0029508404667395833,1,+,"155, 335",47 s,Area_47s,OrbPolaFrontal,20.0,94.0,"2795, 3080",idx_L,155,155.0
4,156.0,-1.8131673336029053,0,0.001,,0.034903008242353664,0.005,0.1551244810771274,0,,"156, 336",a10p,Area_anterior_10p,OrbPolaFrontal,20.0,89.0,"1964, 1748",idx_L,156,156.0
4,157.0,2.2535743713378906,0,0.001,,0.012111478571531166,0.005,0.07785950510270036,0,,"157, 337",OFC,Orbital_Frontal_Complex,OrbPolaFrontal,20.0,93.0,"4560, 5232",idx_L,157,157.0
4,158.0,-1.9002926349639893,0,0.001,,0.02869736367176646,0.005,0.13585363444044227,0,,"158, 338",p10p,Area_posterior_10p,OrbPolaFrontal,20.0,170.0,"2116, 2365",idx_L,158,158.0
4,159.0,0.6719942092895508,0,0.001,,0.25079369140274677,0.005,0.36552926682181713,0,,"159, 339",44,Area_44,Inferior_Frontal,21.0,74.0,"2435, 2589",idx_L,159,159.0
4,160.0,2.494581937789917,0,0.001,,0.006305280380585114,0.005,0.054045260405015255,0,,"160, 340",45,Area_45,Inferior_Frontal,21.0,75.0,"3762, 2962",idx_L,160,160.0
4,161.0,1.7681926488876343,0,0.001,,0.03851435135980161,0.005,0.1614558253820433,0,,"161, 341",47 l,Area_47l_(47_lateral),Inferior_Frontal,21.0,76.0,"2527, 2592",idx_L,161,161.0
4,162.0,0.39173194766044617,0,0.001,,0.3476281410027431,0.005,0.4213674436396886,0,,"162, 342",a47r,Area_anterior_47r,Inferior_Frontal,21.0,77.0,"4167, 3763",idx_L,162,162.0
4,163.0,-2.188743829727173,0,0.001,,0.01430773219372185,0.005,0.0857027373550364,0,,"163, 343",IFJa,Area_IFJa,Inferior_Frontal,21.0,79.0,"1513, 1405",idx_L,163,163.0
4,164.0,-1.225119709968567,0,0.001,,0.11026505997174824,0.005,0.2775903607680375,0,,"164, 344",IFJp,Area_IFJp,Inferior_Frontal,21.0,80.0,"960, 740",idx_L,164,164.0
4,165.0,-0.6066468358039856,0,0.001,,0.27204265552517415,0.005,0.38557226767347513,0,,"165, 345",IFSa,Area_IFSa,Inferior_Frontal,21.0,82.0,"2057, 2641",idx_L,165,165.0
4,166.0,-0.5508948564529419,0,0.001,,0.29085287681532423,0.005,0.39512088925855365,0,,"166, 346",IFSp,Area_IFSp,Inferior_Frontal,21.0,81.0,"1589, 1730",idx_L,166,166.0
4,167.0,1.2611056566238403,0,0.001,,0.10363539144073097,0.005,0.2664910065618797,0,,"167, 347",p47r,Area_posterior_47r,Inferior_Frontal,21.0,171.0,"2133, 1761",idx_L,167,167.0
4,168.0,-1.470662236213684,0,0.001,,0.07069124189026978,0.005,0.23783969234109456,0,,"168, 348",46,Area_46,Dorsolateral_Prefrontal,22.0,84.0,"4863, 4394",idx_L,168,168.0
4,169.0,-1.975409984588623,0,0.001,,0.024110820318271553,0.005,0.12055410159135777,0,,"169, 349",8Ad,Area_8Ad,Dorsolateral_Prefrontal,22.0,68.0,"3386, 3492",idx_L,169,169.0
4,170.0,-1.5611634254455566,0,0.001,,0.05924259809429356,0.005,0.2132733531394568,0,,"170, 350",8Av,Area_8Av,Dorsolateral_Prefrontal,22.0,67.0,"4807, 5902",idx_L,170,170.0
4,171.0,0.4650340676307678,0,0.001,,0.32095353009303385,0.005,0.41144207384886633,0,,"171, 351",8BL,Area_8B_Lateral,Dorsolateral_Prefrontal,22.0,70.0,"3377, 4078",idx_L,171,171.0
4,172.0,-1.0318938493728638,0,0.001,,0.15106092380482106,0.005,0.30713210822886017,0,,"172, 352",8C,Area_8C,Dorsolateral_Prefrontal,22.0,73.0,"4085, 3134",idx_L,172,172.0
4,173.0,-0.8571775555610657,0,0.001,,0.19567338229044579,0.005,0.33704506040459564,0,,"173, 353",9-46d,Area_9-46d,Dorsolateral_Prefrontal,22.0,86.0,"4534, 4666",idx_L,173,173.0
4,174.0,-0.5327798128128052,0,0.001,,0.2970930048014551,0.005,0.40201689715162875,0,,"174, 354",9a,Area_9_anterior,Dorsolateral_Prefrontal,22.0,87.0,"3706, 3048",idx_L,174,174.0
4,175.0,-1.1176306009292603,0,0.001,,0.1318623968622341,0.005,0.2912298335607625,0,,"175, 355",9p,Area_9_Posterior,Dorsolateral_Prefrontal,22.0,71.0,"3426, 2488",idx_L,175,175.0
4,176.0,-1.4120123386383057,0,0.001,,0.07897316408239474,0.005,0.24725215100398054,0,,"176, 356",a9-46v,Area_anterior_9-46v,Dorsolateral_Prefrontal,22.0,85.0,"3314, 2628",idx_L,176,176.0
4,177.0,-2.2088890075683594,0,0.001,,0.013591180986605328,0.005,0.08435905439961928,0,,"177, 357",i6-8,Inferior_6-8_Transitional_Area,Dorsolateral_Prefrontal,22.0,97.0,"1764, 2418",idx_L,177,177.0
4,178.0,-2.392477512359619,0,0.001,,0.008367526793729093,0.005,0.06493748185401949,0,,"178, 358",p9-46v,Area_posterior_9-46v,Dorsolateral_Prefrontal,22.0,83.0,"2871, 4635",idx_L,178,178.0
4,179.0,-2.3447623252868652,0,0.001,,0.009519605988942144,0.005,0.07102076039824536,0,,"179, 359",s6-8,Superior_6-8_Transitional_Area,Dorsolateral_Prefrontal,22.0,98.0,"1336, 2132",idx_L,179,179.0
4,180.0,0.4549236595630646,0,0.001,,0.3245820804807723,0.005,0.41144207384886633,0,,"180, 360",SFL,Superior_Frontal_Language_Area,Dorsolateral_Prefrontal,22.0,26.0,"3873, 3055",idx_L,180,180.0
4,181.0,-1.0009286403656006,0,0.001,,0.15843065448386118,0.005,0.31337931656148366,0,,"1, 181",V1,Primary_Visual_Cortex,Primary_Visual,1.0,1.0,"13,812, 13,406",idx_R,181,181.0
4,182.0,-1.124894142150879,0,0.001,,0.13031694727834492,0.005,0.2896016364829152,0,,"2, 182",V2,Second_Visual_Area,Early_Visual,2.0,4.0,"9515, 9420",idx_R,182,182.0
4,183.0,-1.267945408821106,0,0.001,,0.10240872322602662,0.005,0.2652312256213639,0,,"3, 183",V3,Third_Visual_Area,Early_Visual,2.0,5.0,"7106, 7481",idx_R,183,183.0
4,184.0,-1.1383854150772095,0,0.001,,0.1274797907531498,0.005,0.2896016364829152,0,,"4, 184",V4,Fourth_Visual_Area,Early_Visual,2.0,6.0,"4782, 4537",idx_R,184,184.0
4,185.0,0.4436138868331909,0,0.001,,0.3286608819713199,0.005,0.4124094156511154,0,,"5, 185",IPS1,IntraParietal_Sulcus_Area_1,Dorsal_Stream_Visual,3.0,17.0,"1751, 1750",idx_R,185,185.0
4,186.0,-1.096488356590271,0,0.001,,0.1364325579965952,0.005,0.2943938639806847,0,,"6, 186",V3A,Area_V3A,Dorsal_Stream_Visual,3.0,13.0,"2191, 2212",idx_R,186,186.0
4,187.0,-1.1746491193771362,0,0.001,,0.12006756160879484,0.005,0.2864984110909183,0,,"7, 187",V3B,Area_V3B,Dorsal_Stream_Visual,3.0,19.0,"639, 731",idx_R,187,187.0
4,188.0,-0.6478688716888428,0,0.001,,0.2585348827689141,0.005,0.3708719446149709,0,,"8, 188",V6,Sixth_Visual_Area,Dorsal_Stream_Visual,3.0,3.0,"1402, 1559",idx_R,188,188.0
4,189.0,-1.6094112396240234,0,0.001,,0.053763224614045826,0.005,0.1995336171242938,0,,"9, 189",V6A,Area_V6A,Dorsal_Stream_Visual,3.0,152.0,"904, 734",idx_R,189,189.0
4,190.0,-2.432710886001587,0,0.001,,0.007493130859603909,0.005,0.06273318859203272,0,,"10, 190",V7,Seventh_Visual_Area,Dorsal_Stream_Visual,3.0,16.0,"1005, 1041",idx_R,190,190.0
4,191.0,-2.0200304985046387,0,0.001,,0.021690112054835755,0.005,0.11154914771058388,0,,"11, 191",FFC,Fusiform_Face_Complex,Ventral_Stream_Visual,4.0,18.0,"3848, 4402",idx_R,191,191.0
4,192.0,-0.6809878945350647,0,0.001,,0.24793957512878967,0.005,0.36552926682181713,0,,"12, 192",PIT,Posterior_InferoTemporal_complex,Ventral_Stream_Visual,4.0,22.0,"1392, 1386",idx_R,192,192.0
4,193.0,0.08586595207452774,0,0.001,,0.4657864889114931,0.005,0.4790946743089643,0,,"13, 193",V8,Eighth_Visual_Area,Ventral_Stream_Visual,4.0,7.0,"1361, 1175",idx_R,193,193.0
4,194.0,-0.40736863017082214,0,0.001,,0.3418686316706328,0.005,0.4171956183099248,0,,"14, 194",VMV1,VentroMedial_Visual_Area_1,Ventral_Stream_Visual,4.0,153.0,"939, 1219",idx_R,194,194.0
4,195.0,-0.9855663776397705,0,0.001,,0.16217297192825308,0.005,0.3138831714740382,0,,"15, 195",VMV2,VentroMedial_Visual_Area_2,Ventral_Stream_Visual,4.0,160.0,"639, 923",idx_R,195,195.0
4,196.0,-1.169935941696167,0,0.001,,0.12101337430229603,0.005,0.2864984110909183,0,,"16, 196",VMV3,VentroMedial_Visual_Area_3,Ventral_Stream_Visual,4.0,154.0,"941, 1242",idx_R,196,196.0
4,197.0,-1.0284897089004517,0,0.001,,0.15185976462426976,0.005,0.30713210822886017,0,,"17, 197",VVC,Ventral_Visual_Complex,Ventral_Stream_Visual,4.0,163.0,"2487, 2753",idx_R,197,197.0
4,198.0,-0.6445471048355103,0,0.001,,0.25961036123047965,0.005,0.3708719446149709,0,,"18, 198",FST,Area_FST,MT + _Complex,5.0,157.0,"1324, 1683",idx_R,198,198.0
4,199.0,-0.1934235692024231,0,0.001,,0.4233136292009319,0.005,0.4590147786516129,0,,"19, 199",LO1,Area_Lateral_Occipital_1,MT + _Complex,5.0,20.0,"619, 909",idx_R,199,199.0
4,200.0,-0.47093701362609863,0,0.001,,0.31884285752922054,0.005,0.41144207384886633,0,,"20, 200",LO2,Area_Lateral_Occipital_2,MT + _Complex,5.0,21.0,"1179, 1062",idx_R,200,200.0
4,201.0,-0.6467787623405457,0,0.001,,0.25888756965876264,0.005,0.3708719446149709,0,,"21, 201",LO3,Area_Lateral_Occipital_3,MT + _Complex,5.0,159.0,"438, 915",idx_R,201,201.0
4,202.0,0.06369992345571518,0,0.001,,0.47460458284917895,0.005,0.4847593682096859,0,,"22, 202",MST,Medial_Superior_Temporal_Area,MT + _Complex,5.0,2.0,"794, 1036",idx_R,202,202.0
4,203.0,-1.205259919166565,0,0.001,,0.1140514886835125,0.005,0.2793097682045204,0,,"23, 203",MT,Middle_Temporal_Area,MT + _Complex,5.0,23.0,"620, 1005",idx_R,203,203.0
4,204.0,-1.126763105392456,0,0.001,,0.1299213267063093,0.005,0.2896016364829152,0,,"24, 204",PH,Area_PH,MT + _Complex,5.0,138.0,"3453, 3205",idx_R,204,204.0
4,205.0,0.3975261151790619,0,0.001,,0.34548976628898365,0.005,0.4201902562974125,0,,"25, 205",V3CD,Area_V3CD,MT + _Complex,5.0,158.0,"876, 1222",idx_R,205,205.0
4,206.0,-0.7975743412971497,0,0.001,,0.212558772967832,0.005,0.34219535419754277,0,,"26, 206",V4t,Area_V4t,MT + _Complex,5.0,156.0,"1037, 1249",idx_R,206,206.0
4,207.0,-0.8872002363204956,0,0.001,,0.18748555261583522,0.005,0.333059417181607,0,,"27, 207",1,Area_1,SomaSens_Motor,6.0,51.0,"6590, 5925",idx_R,207,207.0
4,208.0,-0.9365885853767395,0,0.001,,0.1744851128943657,0.005,0.325172358650518,0,,"28, 208",2,Area_2,SomaSens_Motor,6.0,52.0,"4278, 4727",idx_R,208,208.0
4,209.0,-1.0081419944763184,0,0.001,,0.156693149911116,0.005,0.31165488380111467,0,,"29, 209",3a,Area_3a,SomaSens_Motor,6.0,53.0,"2247, 2286",idx_R,209,209.0
4,210.0,-1.076620101928711,0,0.001,,0.1408250099615631,0.005,0.2999822697406078,0,,"30, 210",3b,Primary_Sensory_Cortex,SomaSens_Motor,6.0,9.0,"5451, 4350",idx_R,210,210.0
4,211.0,-0.8825724124908447,0,0.001,,0.18873366973624395,0.005,0.333059417181607,0,,"31, 211",4,Primary_Motor_Cortex,SomaSens_Motor,6.0,8.0,"10,776, 10,254",idx_R,211,211.0
4,212.0,-0.2916128933429718,0,0.001,,0.3852913081284436,0.005,0.4375547978745732,0,,"32, 212",23c,Area_23c,ParaCentral_MidCing,7.0,38.0,"2259, 2498",idx_R,212,212.0
4,213.0,-1.306915044784546,0,0.001,,0.09562078296256471,0.005,0.25882317192874654,0,,"33, 213",24dd,Dorsal_Area_24d,ParaCentral_MidCing,7.0,40.0,"2665, 2820",idx_R,213,213.0
4,214.0,-0.9170337319374084,0,0.001,,0.17956248218496645,0.005,0.32683509188684534,0,,"34, 214",24dv,Ventral_Area_24d,ParaCentral_MidCing,7.0,41.0,"1076, 1349",idx_R,214,214.0
4,215.0,-1.1524171829223633,0,0.001,,0.12457484171079508,0.005,0.2896016364829152,0,,"35, 215",5L,Area_5L,ParaCentral_MidCing,7.0,39.0,"2249, 2327",idx_R,215,215.0
4,216.0,-0.510465145111084,0,0.001,,0.30486281367331847,0.005,0.40201689715162875,0,,"36, 216",5 m,Area_5m,ParaCentral_MidCing,7.0,36.0,"1483, 2079",idx_R,216,216.0
4,217.0,-0.5032917261123657,0,0.001,,0.30737959136141557,0.005,0.4023878286913077,0,,"37, 217",5mv,Area_5m_ventral,ParaCentral_MidCing,7.0,37.0,"1651, 1996",idx_R,217,217.0
4,218.0,-0.34450599551200867,0,0.001,,0.3652328939596199,0.005,0.4282861297246357,0,,"38, 218",6ma,Area_6m_anterior,ParaCentral_MidCing,7.0,44.0,"3941, 4251",idx_R,218,218.0
4,219.0,-1.6297804117202759,0,0.001,,0.051573957597576395,0.005,0.19751728441625002,0,,"39, 219",6mp,Area_6mp,ParaCentral_MidCing,7.0,55.0,"3701, 3105",idx_R,219,219.0
4,220.0,1.4008337259292603,0,0.001,,0.08063190040224083,0.005,0.24829930672614167,0,,"40, 220",SCEF,Supplementary_and_Cingulate_Eye_Field,ParaCentral_MidCing,7.0,43.0,"3500, 3371",idx_R,220,220.0
4,221.0,0.801740825176239,0,0.001,,0.21135144748738272,0.005,0.34219535419754277,0,,"41, 221",55b,Area_55b,Premotor,8.0,12.0,"2422, 1537",idx_R,221,221.0
4,222.0,-1.094731092453003,0,0.001,,0.13681723136078017,0.005,0.2943938639806847,0,,"42, 222",6a,Area_6_anterior,Premotor,8.0,96.0,"4233, 3752",idx_R,222,222.0
4,223.0,0.18204711377620697,0,0.001,,0.4277728760827732,0.005,0.4610725610473005,0,,"43, 223",6d,Dorsal_area_6,Premotor,8.0,54.0,"2916, 2909",idx_R,223,223.0
4,224.0,1.7520555257797241,0,0.001,,0.03988213032371539,0.005,0.16315416950610842,0,,"44, 224",6r,Rostral_Area_6,Premotor,8.0,78.0,"3029, 3981",idx_R,224,224.0
4,225.0,-1.1248762607574463,0,0.001,,0.13032073641731184,0.005,0.2896016364829152,0,,"45, 225",6v,Ventral_Area_6,Premotor,8.0,56.0,"2075, 2516",idx_R,225,225.0
4,226.0,1.9611912965774536,0,0.001,,0.02492835588435366,0.005,0.12293435778585367,0,,"46, 226",FEF,Frontal_Eye_Fields,Premotor,8.0,10.0,"1787, 1889",idx_R,226,226.0
4,227.0,3.026388645172119,0,0.001,,0.0012374698147229798,0.005,0.020249506059103306,0,,"47, 227",PEF,Premotor_Eye_Field,Premotor,8.0,11.0,"1006, 1258",idx_R,227,227.0
4,228.0,-0.19657854735851288,0,0.001,,0.4220786798796483,0.005,0.4590147786516129,0,,"48, 228",43,Area_43,Posterior_Opercular,9.0,99.0,"1889, 1678",idx_R,228,228.0
4,229.0,1.6302459239959717,0,0.001,,0.05152476572169901,0.005,0.19751728441625002,0,,"49, 229",FOP1,Frontal_Opercular_Area_1,Posterior_Opercular,9.0,113.0,"879, 932",idx_R,229,229.0
4,230.0,-0.9570226073265076,0,0.001,,0.16927792217686738,0.005,0.31905786378886,0,,"50, 230",OP1,Area_OP1-SII,Posterior_Opercular,9.0,101.0,"1275, 1072",idx_R,230,230.0
4,231.0,-1.1898572444915771,0,0.001,,0.11705125278980505,0.005,0.28471926354276905,0,,"51, 231",OP2-3,Area_OP2-3-VS,Posterior_Opercular,9.0,102.0,"943, 792",idx_R,231,231.0
4,232.0,0.4600938856601715,0,0.001,,0.3227244163260762,0.005,0.41144207384886633,0,,"52, 232",OP4,Area_OP4-PV,Posterior_Opercular,9.0,100.0,"2332, 2409",idx_R,232,232.0
4,233.0,1.126800537109375,0,0.001,,0.12991341169421422,0.005,0.2896016364829152,0,,"53, 233",52,Area_52,Early_Auditory,10.0,103.0,"725, 580",idx_R,233,233.0
4,234.0,0.8222014307975769,0,0.001,,0.2054811322954252,0.005,0.34219535419754277,0,,"54, 234",A1,Primary_Auditory_Cortex,Early_Auditory,10.0,24.0,"1023, 796",idx_R,234,234.0
4,235.0,2.559117078781128,0,0.001,,0.005246919654801105,0.005,0.05105111015482156,0,,"55, 235",LBelt,Lateral_Belt_Complex,Early_Auditory,10.0,174.0,"820, 901",idx_R,235,235.0
4,236.0,0.592826247215271,0,0.001,,0.27664872008689634,0.005,0.3876626137595222,0,,"56, 236",MBelt,Medial_Belt_Complex,Early_Auditory,10.0,173.0,"1242, 1236",idx_R,236,236.0
4,237.0,3.7178757190704346,1,0.001,+,0.00010045252921149413,0.005,0.002583065036866992,1,+,"57, 237",PBelt,ParaBelt_Complex,Early_Auditory,10.0,124.0,"1719, 1439",idx_R,237,237.0
4,238.0,0.2539767026901245,0,0.001,,0.3997567783274855,0.005,0.4455493504578786,0,,"58, 238",PFcm,Area_PFcm,Early_Auditory,10.0,105.0,"1486, 1485",idx_R,238,238.0
4,239.0,2.407224178314209,0,0.001,,0.008037149654149707,0.005,0.06429719723319766,0,,"59, 239",RI,RetroInsular_Cortex,Early_Auditory,10.0,104.0,"1149, 1334",idx_R,239,239.0
4,240.0,5.696309566497803,1,0.001,+,6.121424834108455e-09,0.005,1.1018564701395218e-06,1,+,"60, 240",A4,Auditory_4_Complex,Auditory_Association,11.0,175.0,"3514, 3610",idx_R,240,240.0
4,241.0,4.709547996520996,1,0.001,+,1.2413337382791067e-06,0.005,8.392232912821177e-05,1,+,"61, 241",A5,Auditory_5_Complex,Auditory_Association,11.0,125.0,"3346, 3881",idx_R,241,241.0
4,242.0,4.4801530838012695,1,0.001,+,3.7294761312280513e-06,0.005,0.0001678264259052623,1,+,"62, 242",STGa,Area_STGa,Auditory_Association,11.0,123.0,"2509, 2187",idx_R,242,242.0
4,243.0,2.5938854217529297,0,0.001,,0.004744905333946992,0.005,0.04744905333946992,0,,"63, 243",STSda,Area_STSd_anterior,Auditory_Association,11.0,128.0,"1944, 2389",idx_R,243,243.0
4,244.0,6.797361850738525,1,0.001,+,5.327611986533657e-12,0.005,1.9179403151521164e-09,1,+,"64, 244",STSdp,Area_STSd_posterior,Auditory_Association,11.0,129.0,"1994, 2605",idx_R,244,244.0
4,245.0,-0.4622291922569275,0,0.001,,0.3219584855039661,0.005,0.41144207384886633,0,,"65, 245",STSva,Area_STSv_anterior,Auditory_Association,11.0,176.0,"1694, 1900",idx_R,245,245.0
4,246.0,3.480158567428589,1,0.001,+,0.00025055854922891306,0.005,0.0050111709845782615,0,,"66, 246",STSvp,Area_STSv_posterior,Auditory_Association,11.0,130.0,"2898, 2515",idx_R,246,246.0
4,247.0,4.9849114418029785,1,0.001,+,3.099509954313595e-07,0.005,2.7895589588822357e-05,1,+,"67, 247",TA2,Area_TA2,Auditory_Association,11.0,107.0,"1518, 1726",idx_R,247,247.0
4,248.0,0.30744901299476624,0,0.001,,0.37925081323860355,0.005,0.43480984957292124,0,,"68, 248",AAIC,Anterior_Agranular_Insula_Complex,Insula_FrontalOperc,12.0,112.0,"1859, 1691",idx_R,248,248.0
4,249.0,-0.6961978077888489,0,0.001,,0.24315248018547775,0.005,0.36321532309863896,0,,"69, 249",AVI,Anterior_Ventral_Insular_Area,Insula_FrontalOperc,12.0,111.0,"1446, 1792",idx_R,249,249.0
4,250.0,-1.3126593828201294,0,0.001,,0.09464887497491398,0.005,0.258133295386129,0,,"70, 250",FOP2,Frontal_Opercular_Area_2,Insula_FrontalOperc,12.0,115.0,"750, 720",idx_R,250,250.0
4,251.0,-0.3642657995223999,0,0.001,,0.35782976803767497,0.005,0.4265520413694139,0,,"71, 251",FOP3,Frontal_Opercular_Area_3,Insula_FrontalOperc,12.0,114.0,"754, 614",idx_R,251,251.0
4,252.0,1.045876145362854,0,0.001,,0.14780910962124855,0.005,0.30713210822886017,0,,"72, 252",FOP4,Frontal_Opercular_Area_4,Insula_FrontalOperc,12.0,108.0,"2522, 1678",idx_R,252,252.0
4,253.0,2.387662649154663,0,0.001,,0.008477949019830322,0.005,0.06493748185401949,0,,"73, 253",FOP5,Area_Frontal_Opercular_5,Insula_FrontalOperc,12.0,169.0,"1297, 1365",idx_R,253,253.0
4,254.0,-1.9957859516143799,0,0.001,,0.02297861329763263,0.005,0.11651127869222179,0,,"74, 254",Ig,Insular_Granular_Complex,Insula_FrontalOperc,12.0,168.0,"841, 1077",idx_R,254,254.0
4,255.0,0.8723952770233154,0,0.001,,0.1914963880973678,0.005,0.3335856832793341,0,,"75, 255",MI,Middle_Insular_Area,Insula_FrontalOperc,12.0,109.0,"2102, 1960",idx_R,255,255.0
4,256.0,2.2294857501983643,0,0.001,,0.012890801196417345,0.005,0.08141558650368849,0,,"76, 256",PI,Para-Insular_Area,Insula_FrontalOperc,12.0,178.0,"1033, 1058",idx_R,256,256.0
4,257.0,1.8551831245422363,0,0.001,,0.031785040333531134,0.005,0.14484322177305328,0,,"77, 257",Pir,Pirform_Cortex,Insula_FrontalOperc,12.0,110.0,"2287, 1856",idx_R,257,257.0
4,258.0,2.8724513053894043,0,0.001,,0.0020365042173557143,0.005,0.02785837717533506,0,,"78, 258",PoI1,Area_Posterior_Insular_1,Insula_FrontalOperc,12.0,167.0,"1811, 1835",idx_R,258,258.0
4,259.0,0.3206365406513214,0,0.001,,0.37424292152565103,0.005,0.4332072403512359,0,,"79, 259",PoI2,Posterior_Insular_Area_2,Insula_FrontalOperc,12.0,106.0,"2747, 2675",idx_R,259,259.0
4,260.0,-0.4114282727241516,0,0.001,,0.340379263061548,0.005,0.4171956183099248,0,,"80, 260",H,Hippocampus,Medial_Temporal,13.0,120.0,"4283, 3626",idx_R,260,260.0
4,261.0,-0.4797780513763428,0,0.001,,0.31569261067444065,0.005,0.41028642542526583,0,,"81, 261",PreS,PreSubiculum,Medial_Temporal,13.0,119.0,"1817, 1558",idx_R,261,261.0
4,262.0,-0.9746131300926208,0,0.001,,0.1648760990574769,0.005,0.3140497124904322,0,,"82, 262",EC,Entorhinal_Cortex,Medial_Temporal,13.0,118.0,"2127, 2110",idx_R,262,262.0
4,263.0,-2.9958646297454834,0,0.001,,0.001368339470061838,0.005,0.02141748735748964,0,,"83, 263",PeEc,Perirhinal_Ectorhinal_Cortex,Medial_Temporal,13.0,122.0,"4826, 4755",idx_R,263,263.0
4,264.0,-2.6312787532806396,0,0.001,,0.004253211661381908,0.005,0.045034005826396675,0,,"84, 264",TF,Area_TF,Medial_Temporal,13.0,135.0,"3986, 4752",idx_R,264,264.0
4,265.0,-2.0712530612945557,0,0.001,,0.019167576637439565,0.005,0.10615888599197297,0,,"85, 265",PHA1,ParaHippocampal_Area_1,Medial_Temporal,13.0,126.0,"1281, 1168",idx_R,265,265.0
4,266.0,-0.8113229274749756,0,0.001,,0.2085901233890431,0.005,0.34219535419754277,0,,"86, 266",PHA2,ParaHippocampal_Area_2,Medial_Temporal,13.0,155.0,"783, 771",idx_R,266,266.0
4,267.0,-2.045548439025879,0,0.001,,0.02040040940472242,0.005,0.10800216743676574,0,,"87, 267",PHA3,ParaHippocampal_Area_3,Medial_Temporal,13.0,127.0,"2023, 1122",idx_R,267,267.0
4,268.0,2.4207403659820557,0,0.001,,0.007744467758463445,0.005,0.06336382711470091,0,,"88, 268",PHT,Area_PHT,Lateral_Temporal,14.0,137.0,"4182, 3410",idx_R,268,268.0
4,269.0,-0.29445844888687134,0,0.001,,0.38420380482145,0.005,0.4375547978745732,0,,"89, 269",TE1a,Area_TE1_anterior,Lateral_Temporal,14.0,132.0,"5227, 4180",idx_R,269,269.0
4,270.0,0.23500540852546692,0,0.001,,0.40710226768637203,0.005,0.44956078640212865,0,,"90, 270",TE1m,Area_TE1_Middle,Lateral_Temporal,14.0,177.0,"3339, 3429",idx_R,270,270.0
4,271.0,1.4834569692611694,0,0.001,,0.0689765205258074,0.005,0.23783969234109456,0,,"91, 271",TE1p,Area_TE1_posterior,Lateral_Temporal,14.0,133.0,"7116, 6010",idx_R,271,271.0
4,272.0,-0.5197429656982422,0,0.001,,0.30162136806210027,0.005,0.40201689715162875,0,,"92, 272",TE2a,Area_TE2_anterior,Lateral_Temporal,14.0,134.0,"5691, 5753",idx_R,272,272.0
4,273.0,0.15528520941734314,0,0.001,,0.43829823767467824,0.005,0.46541685918560594,0,,"93, 273",TE2p,Area_TE2_posterior,Lateral_Temporal,14.0,136.0,"4115, 3040",idx_R,273,273.0
4,274.0,1.0640442371368408,0,0.001,,0.14365433005768186,0.005,0.3042091695339145,0,,"94, 274",TGd,Area_TG_dorsal,Lateral_Temporal,14.0,131.0,"10,192, 10,269",idx_R,274,274.0
4,275.0,0.6022593379020691,0,0.001,,0.27350076147848235,0.005,0.3861187220872692,0,,"95, 275",TGv,Area_TG_Ventral,Lateral_Temporal,14.0,172.0,"3694, 4515",idx_R,275,275.0
4,276.0,4.685160160064697,1,0.001,+,1.3987054854701962e-06,0.005,8.392232912821177e-05,1,+,"96, 276",PSL,PeriSylvian_Language_Area,TPO,15.0,25.0,"2154, 2759",idx_R,276,276.0
4,277.0,4.596240043640137,1,0.001,+,2.1509154191373296e-06,0.005,0.00011061850726991981,1,+,"97, 277",STV,Superior_Temporal_Visual_Area,TPO,15.0,28.0,"2322, 2294",idx_R,277,277.0
4,278.0,5.313297271728516,1,0.001,+,5.382959755192613e-08,0.005,6.459551706231136e-06,1,+,"98, 278",TPOJ1,Area_TemporoParietoOccipital_Junction_1,TPO,15.0,139.0,"2102, 3938",idx_R,278,278.0
4,279.0,1.0328021049499512,0,0.001,,0.15084825924078732,0.005,0.30713210822886017,0,,"99, 279",TPOJ2,Area_TemporoParietoOccipital_Junction_2,TPO,15.0,140.0,"1930, 2068",idx_R,279,279.0
4,280.0,-1.9400928020477295,0,0.001,,0.026184206315944026,0.005,0.12738262532080877,0,,"100, 280",TPOJ3,Area_TemporoParietoOccipital_Junction_3,TPO,15.0,141.0,"1290, 1277",idx_R,280,280.0
4,281.0,-1.837427020072937,0,0.001,,0.033073440503790186,0.005,0.14883048226705584,0,,"101, 281",7AL,Lateral_Area_7A,Superior_Parietal,16.0,42.0,"2134, 2030",idx_R,281,281.0
4,282.0,-1.3278764486312866,0,0.001,,0.09210946312137902,0.005,0.25618069789872583,0,,"102, 282",7Am,Medial_Area_7A,Superior_Parietal,16.0,45.0,"2995, 2379",idx_R,282,282.0
4,283.0,-1.4752802848815918,0,0.001,,0.07006860228571596,0.005,0.23783969234109456,0,,"103, 283",7PC,Area_7PC,Superior_Parietal,16.0,47.0,"3151, 3415",idx_R,283,283.0
4,284.0,-1.2143367528915405,0,0.001,,0.11230957822691112,0.005,0.2793097682045204,0,,"104, 284",7Pl,Lateral_Area_7P,Superior_Parietal,16.0,46.0,"1695, 1363",idx_R,284,284.0
4,285.0,-1.3325862884521484,0,0.001,,0.09133380364154114,0.005,0.25618069789872583,0,,"105, 285",7Pm,Medial_Area_7P,Superior_Parietal,16.0,29.0,"1601, 1308",idx_R,285,285.0
4,286.0,-0.5893153548240662,0,0.001,,0.27782487319432425,0.005,0.3876626137595222,0,,"106, 286",AIP,Anterior_IntraParietal_Area,Superior_Parietal,16.0,117.0,"1999, 2542",idx_R,286,286.0
4,287.0,-0.20671424269676208,0,0.001,,0.4181165167887938,0.005,0.45751351381144606,0,,"107, 287",LIPd,Area_Lateral_IntraParietal_dorsal,Superior_Parietal,16.0,95.0,"1008, 869",idx_R,287,287.0
4,288.0,0.46718358993530273,0,0.001,,0.3201842666354536,0.005,0.41144207384886633,0,,"108, 288",LIPv,Area_Lateral_IntraParietal_ventral,Superior_Parietal,16.0,48.0,"1681, 1783",idx_R,288,288.0
4,289.0,-0.3668747544288635,0,0.001,,0.35685622171382225,0.005,0.4265520413694139,0,,"109, 289",MIP,Medial_IntraParietal_Area,Superior_Parietal,16.0,50.0,"1872, 2403",idx_R,289,289.0
4,290.0,-2.2869861125946045,0,0.001,,0.011098316848442022,0.005,0.07538479368753072,0,,"110, 290",VIP,Ventral_IntraParietal_Complex,Superior_Parietal,16.0,49.0,"1890, 1577",idx_R,290,290.0
4,291.0,-1.0579991340637207,0,0.001,,0.1450279185935615,0.005,0.3053219338811821,0,,"111, 291",IP0,Area_IntraParietal_0,Inferior_Parietal,17.0,146.0,"1203, 1239",idx_R,291,291.0
4,292.0,-0.5596075057983398,0,0.001,,0.2878735920520367,0.005,0.39255489825277734,0,,"112, 292",IP1,Area_IntraParietal_1,Inferior_Parietal,17.0,145.0,"1692, 1632",idx_R,292,292.0
4,293.0,0.13758911192417145,0,0.001,,0.44528258055401115,0.005,0.46541685918560594,0,,"113, 293",IP2,Area_IntraParietal_2,Inferior_Parietal,17.0,144.0,"2102, 1861",idx_R,293,293.0
4,294.0,0.16890497505664825,0,0.001,,0.43293569294818357,0.005,0.4652443267502868,0,,"114, 294",PF,Area_PF_Complex,Inferior_Parietal,17.0,148.0,"5457, 5251",idx_R,294,294.0
4,295.0,1.331693410873413,0,0.001,,0.09148047767785744,0.005,0.25618069789872583,0,,"115, 295",PFm,Area_PFm_Complex,Inferior_Parietal,17.0,149.0,"8220, 8141",idx_R,295,295.0
4,296.0,-0.3482514023780823,0,0.001,,0.3638256936922777,0.005,0.4282861297246357,0,,"116, 296",PFop,Area_PF_Opercular,Inferior_Parietal,17.0,147.0,"1797, 1783",idx_R,296,296.0
4,297.0,-0.4566076993942261,0,0.001,,0.3239765220592428,0.005,0.41144207384886633,0,,"117, 297",PFt,Area_PFt,Inferior_Parietal,17.0,116.0,"1983, 2039",idx_R,297,297.0
4,298.0,-0.34954917430877686,0,0.001,,0.3633385301545487,0.005,0.4282861297246357,0,,"118, 298",PGi,Area_PGi,Inferior_Parietal,17.0,150.0,"4791, 4970",idx_R,298,298.0
4,299.0,-0.07640858739614487,0,0.001,,0.46954701891315165,0.005,0.4815866860647709,0,,"119, 299",PGp,Area_PGp,Inferior_Parietal,17.0,143.0,"2501, 3740",idx_R,299,299.0
4,300.0,0.33528196811676025,0,0.001,,0.36870619734291743,0.005,0.4295606182635931,0,,"120, 300",PGs,Area_PGs,Inferior_Parietal,17.0,151.0,"4552, 3366",idx_R,300,300.0
4,301.0,0.03995164856314659,0,0.001,,0.48406583717290425,0.005,0.48677011559286465,0,,"121, 301",23d,Area_23d,Posterior_Cingulate,18.0,32.0,"1261, 1513",idx_R,301,301.0
4,302.0,0.1266847848892212,0,0.001,,0.44959494435094155,0.005,0.46541685918560594,0,,"122, 302",31a,Area_31a,Posterior_Cingulate,18.0,162.0,"1260, 1116",idx_R,302,302.0
4,303.0,0.12634874880313873,0,0.001,,0.4497279347275492,0.005,0.46541685918560594,0,,"123, 303",31pd,Area_31pd,Posterior_Cingulate,18.0,161.0,"1428, 864",idx_R,303,303.0
4,304.0,1.0287587642669678,0,0.001,,0.15179652413564476,0.005,0.30713210822886017,0,,"124, 304",31pv,Area_31p_ventral,Posterior_Cingulate,18.0,35.0,"950, 1022",idx_R,304,304.0
4,305.0,-1.7158854007720947,0,0.001,,0.04309150964194438,0.005,0.17430273563033682,0,,"125, 305",7 m,Area_7m,Posterior_Cingulate,18.0,30.0,"2128, 2067",idx_R,305,305.0
4,306.0,1.1662245988845825,0,0.001,,0.12176182471364028,0.005,0.2864984110909183,0,,"126, 306",d23ab,Area_dorsal_23_a + b,Posterior_Cingulate,18.0,34.0,"1607, 1106",idx_R,306,306.0
4,307.0,0.8534037470817566,0,0.001,,0.19671772213346017,0.005,0.33723038080021744,0,,"127, 307",DVT,Dorsal_Transitional_Visual_Area,Posterior_Cingulate,18.0,142.0,"1806, 2176",idx_R,307,307.0
4,308.0,-1.1469554901123047,0,0.001,,0.12570000853261903,0.005,0.2896016364829152,0,,"128, 308",PCV,PreCuneus_Visual_Area,Posterior_Cingulate,18.0,27.0,"2245, 2416",idx_R,308,308.0
4,309.0,-0.8155596852302551,0,0.001,,0.20737600752171664,0.005,0.34219535419754277,0,,"129, 309",POS1,Parieto-Occipital_Sulcus_Area_1,Posterior_Cingulate,18.0,31.0,"2531, 2727",idx_R,309,309.0
4,310.0,-0.5161405205726624,0,0.001,,0.3028781344494079,0.005,0.40201689715162875,0,,"130, 310",POS2,Parieto-Occipital_Sulcus_Area_2,Posterior_Cingulate,18.0,15.0,"3261, 3093",idx_R,310,310.0
4,311.0,0.5769516825675964,0,0.001,,0.28198604795641447,0.005,0.38932024949711586,0,,"131, 311",ProS,ProStriate_Area,Posterior_Cingulate,18.0,121.0,"1222, 1055",idx_R,311,311.0
4,312.0,1.2903437614440918,0,0.001,,0.09846566452195432,0.005,0.26064440608752615,0,,"132, 312",RSC,RetroSplenial_Complex,Posterior_Cingulate,18.0,14.0,"2830, 3067",idx_R,312,312.0
4,313.0,-0.8170831203460693,0,0.001,,0.20694046426111923,0.005,0.34219535419754277,0,,"133, 313",v23ab,Area_ventral_23_a + b,Posterior_Cingulate,18.0,33.0,"916, 1089",idx_R,313,313.0
4,314.0,0.9278254508972168,0,0.001,,0.1767490598794294,0.005,0.32630595670048507,0,,"134, 314",10r,Area_10r,AntCing_MedPFC,19.0,65.0,"1589, 1053",idx_R,314,314.0
4,315.0,1.3192212581634521,0,0.001,,0.09354757667818708,0.005,0.2570773099553233,0,,"135, 315",10v,Area_10v,AntCing_MedPFC,19.0,88.0,"3906, 2667",idx_R,315,315.0
4,316.0,0.7963250875473022,0,0.001,,0.2129215537229155,0.005,0.34219535419754277,0,,"136, 316",25,Area_25,AntCing_MedPFC,19.0,164.0,"1911, 2135",idx_R,316,316.0
4,317.0,0.716553807258606,0,0.001,,0.23682472774599655,0.005,0.36125805927355403,0,,"137, 317",33pr,Area_33_prime,AntCing_MedPFC,19.0,58.0,"1354, 1316",idx_R,317,317.0
4,318.0,-0.05525990575551987,0,0.001,,0.477965701952162,0.005,0.48499074827472594,0,,"138, 318",8BM,Area_8BM,AntCing_MedPFC,19.0,63.0,"3122, 3436",idx_R,318,318.0
4,319.0,0.7364214062690735,0,0.001,,0.23073714066411577,0.005,0.35880237854669633,0,,"139, 319",9 m,Area_9_Middle,AntCing_MedPFC,19.0,69.0,"6338, 5881",idx_R,319,319.0
4,320.0,0.9766223430633545,0,0.001,,0.16437807676389277,0.005,0.3140497124904322,0,,"140, 320",a24,Area_a24,AntCing_MedPFC,19.0,61.0,"2085, 2152",idx_R,320,320.0
4,321.0,-0.32600146532058716,0,0.001,,0.3722116232386228,0.005,0.43224575601904586,0,,"141, 321",a24pr,Anterior_24_prime,AntCing_MedPFC,19.0,59.0,"1095, 1474",idx_R,321,321.0
4,322.0,-1.149190068244934,0,0.001,,0.1252388076444913,0.005,0.2896016364829152,0,,"142, 322",a32pr,Area_anterior_32_prime,AntCing_MedPFC,19.0,179.0,"1759, 1118",idx_R,322,322.0
4,323.0,0.13480094075202942,0,0.001,,0.44638463100760034,0.005,0.46541685918560594,0,,"143, 323",d32,Area_dorsal_32,AntCing_MedPFC,19.0,62.0,"2228, 2374",idx_R,323,323.0
4,324.0,-1.1100925207138062,0,0.001,,0.1334795799234268,0.005,0.2930039559294735,0,,"144, 324",p24,Area_posterior_24,AntCing_MedPFC,19.0,180.0,"2394, 2442",idx_R,324,324.0
4,325.0,0.26414597034454346,0,0.001,,0.39583372109486137,0.005,0.4439256685176015,0,,"145, 325",p24pr,Area_Posterior_24_prime,AntCing_MedPFC,19.0,57.0,"1422, 1724",idx_R,325,325.0
4,326.0,-0.18667712807655334,0,0.001,,0.42595689499691153,0.005,0.46049394053720166,0,,"146, 326",p32,Area_p32,AntCing_MedPFC,19.0,64.0,"1180, 1765",idx_R,326,326.0
4,327.0,0.005300126038491726,0,0.001,,0.49788556553134194,0.005,0.49808378727141567,0,,"147, 327",p32pr,Area_p32_prime,AntCing_MedPFC,19.0,60.0,"1569, 1305",idx_R,327,327.0
4,328.0,2.262316942214966,0,0.001,,0.01183891420322136,0.005,0.07785950510270036,0,,"148, 328",pOFC,Posterior_OFC_Complex,AntCing_MedPFC,19.0,166.0,"2486, 2836",idx_R,328,328.0
4,329.0,1.803725004196167,0,0.001,,0.03563721385551932,0.005,0.15645606082910923,0,,"149, 329",s32,Area_s32,AntCing_MedPFC,19.0,165.0,"604, 1015",idx_R,329,329.0
4,330.0,0.5249625444412231,0,0.001,,0.2998046145220824,0.005,0.40201689715162875,0,,"150, 330",10d,Area_10d,OrbPolaFrontal,20.0,72.0,"3644, 3096",idx_R,330,330.0
4,331.0,-2.327181100845337,0,0.001,,0.009977814232406903,0.005,0.07102076039824536,0,,"151, 331",10 pp,Polar_10p,OrbPolaFrontal,20.0,90.0,"1997, 2487",idx_R,331,331.0
4,332.0,1.041858196258545,0,0.001,,0.14873871397572114,0.005,0.30713210822886017,0,,"152, 332",11 l,Area_11l,OrbPolaFrontal,20.0,91.0,"3531, 3793",idx_R,332,332.0
4,333.0,1.2321358919143677,0,0.001,,0.10894916297093565,0.005,0.27657017852480004,0,,"153, 333",13 l,Area_13l,OrbPolaFrontal,20.0,92.0,"2429, 1757",idx_R,333,333.0
4,334.0,-0.8059107661247253,0,0.001,,0.210147151527887,0.005,0.34219535419754277,0,,"154, 334",47 m,Area_47m,OrbPolaFrontal,20.0,66.0,"799, 781",idx_R,334,334.0
4,335.0,1.455425500869751,0,0.001,,0.07277575045959168,0.005,0.24258583486530563,0,,"155, 335",47 s,Area_47s,OrbPolaFrontal,20.0,94.0,"2795, 3080",idx_R,335,335.0
4,336.0,-1.4957698583602905,0,0.001,,0.06735681928430194,0.005,0.23688445731078153,0,,"156, 336",a10p,Area_anterior_10p,OrbPolaFrontal,20.0,89.0,"1964, 1748",idx_R,336,336.0
4,337.0,2.752368688583374,0,0.001,,0.0029582934393815943,0.005,0.03672364269577152,0,,"157, 337",OFC,Orbital_Frontal_Complex,OrbPolaFrontal,20.0,93.0,"4560, 5232",idx_R,337,337.0
4,338.0,-0.8994297981262207,0,0.001,,0.18421188658382737,0.005,0.33158139585088925,0,,"158, 338",p10p,Area_posterior_10p,OrbPolaFrontal,20.0,170.0,"2116, 2365",idx_R,338,338.0
4,339.0,3.7767224311828613,1,0.001,+,7.945282532317246e-05,0.005,0.0022002320858724683,1,+,"159, 339",44,Area_44,Inferior_Frontal,21.0,74.0,"2435, 2589",idx_R,339,339.0
4,340.0,4.18522834777832,1,0.001,+,1.4243978772788284e-05,0.005,0.0005127832358203783,1,+,"160, 340",45,Area_45,Inferior_Frontal,21.0,75.0,"3762, 2962",idx_R,340,340.0
4,341.0,1.300767421722412,0,0.001,,0.09666903819797013,0.005,0.25970786381544214,0,,"161, 341",47 l,Area_47l_(47_lateral),Inferior_Frontal,21.0,76.0,"2527, 2592",idx_R,341,341.0
4,342.0,1.3254576921463013,0,0.001,,0.09250969646342877,0.005,0.25618069789872583,0,,"162, 342",a47r,Area_anterior_47r,Inferior_Frontal,21.0,77.0,"4167, 3763",idx_R,342,342.0
4,343.0,1.3779114484786987,0,0.001,,0.08411531491027219,0.005,0.24829930672614167,0,,"163, 343",IFJa,Area_IFJa,Inferior_Frontal,21.0,79.0,"1513, 1405",idx_R,343,343.0
4,344.0,0.7414586544036865,0,0.001,,0.22920769596074175,0.005,0.35880237854669633,0,,"164, 344",IFJp,Area_IFJp,Inferior_Frontal,21.0,80.0,"960, 740",idx_R,344,344.0
4,345.0,3.354072093963623,1,0.001,+,0.0003981580615081812,0.005,0.007544047481207643,0,,"165, 345",IFSa,Area_IFSa,Inferior_Frontal,21.0,82.0,"2057, 2641",idx_R,345,345.0
4,346.0,1.6497503519058228,0,0.001,,0.04949700353582419,0.005,0.19368392687931205,0,,"166, 346",IFSp,Area_IFSp,Inferior_Frontal,21.0,81.0,"1589, 1730",idx_R,346,346.0
4,347.0,2.0764737129211426,0,0.001,,0.018925079950790413,0.005,0.10615888599197297,0,,"167, 347",p47r,Area_posterior_47r,Inferior_Frontal,21.0,171.0,"2133, 1761",idx_R,347,347.0
4,348.0,-0.8854186534881592,0,0.001,,0.18796543771675966,0.005,0.333059417181607,0,,"168, 348",46,Area_46,Dorsolateral_Prefrontal,22.0,84.0,"4863, 4394",idx_R,348,348.0
4,349.0,-2.5396595001220703,0,0.001,,0.005548021875835854,0.005,0.051212509623100186,0,,"169, 349",8Ad,Area_8Ad,Dorsolateral_Prefrontal,22.0,68.0,"3386, 3492",idx_R,349,349.0
4,350.0,-0.7727848291397095,0,0.001,,0.21982486662625683,0.005,0.3478110788069211,0,,"170, 350",8Av,Area_8Av,Dorsolateral_Prefrontal,22.0,67.0,"4807, 5902",idx_R,350,350.0
4,351.0,-0.26902997493743896,0,0.001,,0.3939533080327431,0.005,0.443197471536836,0,,"171, 351",8BL,Area_8B_Lateral,Dorsolateral_Prefrontal,22.0,70.0,"3377, 4078",idx_R,351,351.0
4,352.0,0.4277052879333496,0,0.001,,0.33443284975520426,0.005,0.4132020588320912,0,,"172, 352",8C,Area_8C,Dorsolateral_Prefrontal,22.0,73.0,"4085, 3134",idx_R,352,352.0
4,353.0,-1.6918714046478271,0,0.001,,0.04533524763385266,0.005,0.18134099053541064,0,,"173, 353",9-46d,Area_9-46d,Dorsolateral_Prefrontal,22.0,86.0,"4534, 4666",idx_R,353,353.0
4,354.0,-0.23825524747371674,0,0.001,,0.4058415646433096,0.005,0.4495475792972045,0,,"174, 354",9a,Area_9_anterior,Dorsolateral_Prefrontal,22.0,87.0,"3706, 3048",idx_R,354,354.0
4,355.0,-0.7354015707969666,0,0.001,,0.23104748274594794,0.005,0.35880237854669633,0,,"175, 355",9p,Area_9_Posterior,Dorsolateral_Prefrontal,22.0,71.0,"3426, 2488",idx_R,355,355.0
4,356.0,-0.7712467312812805,0,0.001,,0.22028034991105,0.005,0.3478110788069211,0,,"176, 356",a9-46v,Area_anterior_9-46v,Dorsolateral_Prefrontal,22.0,85.0,"3314, 2628",idx_R,356,356.0
4,357.0,-1.4119433164596558,0,0.001,,0.07898332601516045,0.005,0.24725215100398054,0,,"177, 357",i6-8,Inferior_6-8_Transitional_Area,Dorsolateral_Prefrontal,22.0,97.0,"1764, 2418",idx_R,357,357.0
4,358.0,0.19733725488185883,0,0.001,,0.4217818136610984,0.005,0.4590147786516129,0,,"178, 358",p9-46v,Area_posterior_9-46v,Dorsolateral_Prefrontal,22.0,83.0,"2871, 4635",idx_R,358,358.0
4,359.0,-1.2923911809921265,0,0.001,,0.09811085462918112,0.005,0.26064440608752615,0,,"179, 359",s6-8,Superior_6-8_Transitional_Area,Dorsolateral_Prefrontal,22.0,98.0,"1336, 2132",idx_R,359,359.0
4,360.0,2.0526912212371826,0,0.001,,0.020051267000935562,0.005,0.10800216743676574,0,,"180, 360",SFL,Superior_Frontal_Language_Area,Dorsolateral_Prefrontal,22.0,26.0,"3873, 3055",idx_R,360,360.0
5,1.0,1.760037899017334,0,0.001,,0.03920069045384953,0.005,0.11112006742823488,0,,"1, 181",V1,Primary_Visual_Cortex,Primary_Visual,1.0,1.0,"13,812, 13,406",idx_L,1,1.0
5,2.0,1.6804193258285522,0,0.001,,0.04643787926200849,0.005,0.12292379804649306,0,,"2, 182",V2,Second_Visual_Area,Early_Visual,2.0,4.0,"9515, 9420",idx_L,2,2.0
5,3.0,2.7587320804595947,0,0.001,,0.0029013043145178414,0.005,0.029841987235040657,0,,"3, 183",V3,Third_Visual_Area,Early_Visual,2.0,5.0,"7106, 7481",idx_L,3,3.0
5,4.0,2.669818162918091,0,0.001,,0.003794616709722451,0.005,0.03249429228988561,0,,"4, 184",V4,Fourth_Visual_Area,Early_Visual,2.0,6.0,"4782, 4537",idx_L,4,4.0
5,5.0,2.5232388973236084,0,0.001,,0.0058139688108719625,0.005,0.03322267891926836,0,,"5, 185",IPS1,IntraParietal_Sulcus_Area_1,Dorsal_Stream_Visual,3.0,17.0,"1751, 1750",idx_L,5,5.0
5,6.0,1.8773280382156372,0,0.001,,0.030236573827531723,0.005,0.09465362241662105,0,,"6, 186",V3A,Area_V3A,Dorsal_Stream_Visual,3.0,13.0,"2191, 2212",idx_L,6,6.0
5,7.0,1.857175588607788,0,0.001,,0.03164308842256794,0.005,0.09624952972103457,0,,"7, 187",V3B,Area_V3B,Dorsal_Stream_Visual,3.0,19.0,"639, 731",idx_L,7,7.0
5,8.0,1.7701410055160522,0,0.001,,0.038351827029736815,0.005,0.11045326184564203,0,,"8, 188",V6,Sixth_Visual_Area,Dorsal_Stream_Visual,3.0,3.0,"1402, 1559",idx_L,8,8.0
5,9.0,2.6216650009155273,0,0.001,,0.004375069707515046,0.005,0.03322267891926836,0,,"9, 189",V6A,Area_V6A,Dorsal_Stream_Visual,3.0,152.0,"904, 734",idx_L,9,9.0
5,10.0,4.117917537689209,1,0.001,+,1.911557192797541e-05,0.005,0.0009830865562958783,1,+,"10, 190",V7,Seventh_Visual_Area,Dorsal_Stream_Visual,3.0,16.0,"1005, 1041",idx_L,10,10.0
5,11.0,1.9096267223358154,0,0.001,,0.028090645971900856,0.005,0.09110479774670548,0,,"11, 191",FFC,Fusiform_Face_Complex,Ventral_Stream_Visual,4.0,18.0,"3848, 4402",idx_L,11,11.0
5,12.0,1.3733659982681274,0,0.001,,0.08481929730217425,0.005,0.19204369200492283,0,,"12, 192",PIT,Posterior_InferoTemporal_complex,Ventral_Stream_Visual,4.0,22.0,"1392, 1386",idx_L,12,12.0
5,13.0,1.8621443510055542,0,0.001,,0.03129137297272426,0.005,0.09624952972103457,0,,"13, 193",V8,Eighth_Visual_Area,Ventral_Stream_Visual,4.0,7.0,"1361, 1175",idx_L,13,13.0
5,14.0,1.2994344234466553,0,0.001,,0.09689744227776453,0.005,0.2064087527810369,0,,"14, 194",VMV1,VentroMedial_Visual_Area_1,Ventral_Stream_Visual,4.0,153.0,"939, 1219",idx_L,14,14.0
5,15.0,2.1198151111602783,0,0.001,,0.017010820218265096,0.005,0.06584833632876812,0,,"15, 195",VMV2,VentroMedial_Visual_Area_2,Ventral_Stream_Visual,4.0,160.0,"639, 923",idx_L,15,15.0
5,16.0,2.208209276199341,0,0.001,,0.013614844031876332,0.005,0.059772485993603415,0,,"16, 196",VMV3,VentroMedial_Visual_Area_3,Ventral_Stream_Visual,4.0,154.0,"941, 1242",idx_L,16,16.0
5,17.0,1.2652040719985962,0,0.001,,0.10289909157499993,0.005,0.2128946722241378,0,,"17, 197",VVC,Ventral_Visual_Complex,Ventral_Stream_Visual,4.0,163.0,"2487, 2753",idx_L,17,17.0
5,18.0,2.4404115676879883,0,0.001,,0.007335268660728777,0.005,0.03772423882660514,0,,"18, 198",FST,Area_FST,MT + _Complex,5.0,157.0,"1324, 1683",idx_L,18,18.0
5,19.0,1.633865475654602,0,0.001,,0.05114355018922761,0.005,0.13341795701537637,0,,"19, 199",LO1,Area_Lateral_Occipital_1,MT + _Complex,5.0,20.0,"619, 909",idx_L,19,19.0
5,20.0,2.182961940765381,0,0.001,,0.014519306449812652,0.005,0.06096696052363875,0,,"20, 200",LO2,Area_Lateral_Occipital_2,MT + _Complex,5.0,21.0,"1179, 1062",idx_L,20,20.0
5,21.0,1.0397926568984985,0,0.001,,0.14921812070553603,0.005,0.27689960543295344,0,,"21, 201",LO3,Area_Lateral_Occipital_3,MT + _Complex,5.0,159.0,"438, 915",idx_L,21,21.0
5,22.0,1.2581490278244019,0,0.001,,0.10416893255822418,0.005,0.21429037554834687,0,,"22, 202",MST,Medial_Superior_Temporal_Area,MT + _Complex,5.0,2.0,"794, 1036",idx_L,22,22.0
5,23.0,-0.33384233713150024,0,0.001,,0.36924926698858923,0.005,0.44607293998621517,0,,"23, 203",MT,Middle_Temporal_Area,MT + _Complex,5.0,23.0,"620, 1005",idx_L,23,23.0
5,24.0,3.628142833709717,1,0.001,+,0.000142733662213479,0.005,0.003952624492065572,1,+,"24, 204",PH,Area_PH,MT + _Complex,5.0,138.0,"3453, 3205",idx_L,24,24.0
5,25.0,2.977837562561035,0,0.001,,0.0014514489377256906,0.005,0.018017986813146505,0,,"25, 205",V3CD,Area_V3CD,MT + _Complex,5.0,158.0,"876, 1222",idx_L,25,25.0
5,26.0,2.009779214859009,0,0.001,,0.022227280801376058,0.005,0.07844922635779784,0,,"26, 206",V4t,Area_V4t,MT + _Complex,5.0,156.0,"1037, 1249",idx_L,26,26.0
5,27.0,-0.20939968526363373,0,0.001,,0.4170681192205814,0.005,0.46599881366609913,0,,"27, 207",1,Area_1,SomaSens_Motor,6.0,51.0,"6590, 5925",idx_L,27,27.0
5,28.0,0.7799595594406128,0,0.001,,0.21770733963348093,0.005,0.34343235608086614,0,,"28, 208",2,Area_2,SomaSens_Motor,6.0,52.0,"4278, 4727",idx_L,28,28.0
5,29.0,-0.5155802965164185,0,0.001,,0.3030737873709022,0.005,0.41472935820171436,0,,"29, 209",3a,Area_3a,SomaSens_Motor,6.0,53.0,"2247, 2286",idx_L,29,29.0
5,30.0,-0.2005080282688141,0,0.001,,0.4205416399187746,0.005,0.46599881366609913,0,,"30, 210",3b,Primary_Sensory_Cortex,SomaSens_Motor,6.0,9.0,"5451, 4350",idx_L,30,30.0
5,31.0,0.0628487765789032,0,0.001,,0.4749434622593629,0.005,0.4843616045704551,0,,"31, 211",4,Primary_Motor_Cortex,SomaSens_Motor,6.0,8.0,"10,776, 10,254",idx_L,31,31.0
5,32.0,-0.49285978078842163,0,0.001,,0.31105583357624733,0.005,0.41520660497007333,0,,"32, 212",23c,Area_23c,ParaCentral_MidCing,7.0,38.0,"2259, 2498",idx_L,32,32.0
5,33.0,-0.11222895234823227,0,0.001,,0.45532093676235885,0.005,0.4778878636572862,0,,"33, 213",24dd,Dorsal_Area_24d,ParaCentral_MidCing,7.0,40.0,"2665, 2820",idx_L,33,33.0
5,34.0,0.18929603695869446,0,0.001,,0.4249304006119863,0.005,0.46599881366609913,0,,"34, 214",24dv,Ventral_Area_24d,ParaCentral_MidCing,7.0,41.0,"1076, 1349",idx_L,34,34.0
5,35.0,0.8629842400550842,0,0.001,,0.19407306602011065,0.005,0.3147130800326119,0,,"35, 215",5L,Area_5L,ParaCentral_MidCing,7.0,39.0,"2249, 2327",idx_L,35,35.0
5,36.0,-0.5429244041442871,0,0.001,,0.29359092625147254,0.005,0.4051180849081875,0,,"36, 216",5 m,Area_5m,ParaCentral_MidCing,7.0,36.0,"1483, 2079",idx_L,36,36.0
5,37.0,-0.48058265447616577,0,0.001,,0.31540657287370033,0.005,0.41520660497007333,0,,"37, 217",5mv,Area_5m_ventral,ParaCentral_MidCing,7.0,37.0,"1651, 1996",idx_L,37,37.0
5,38.0,1.1675124168395996,0,0.001,,0.12150174842863065,0.005,0.24033312875992877,0,,"38, 218",6ma,Area_6m_anterior,ParaCentral_MidCing,7.0,44.0,"3941, 4251",idx_L,38,38.0
5,39.0,0.3487113118171692,0,0.001,,0.36365302556210116,0.005,0.44242653954405625,0,,"39, 219",6mp,Area_6mp,ParaCentral_MidCing,7.0,55.0,"3701, 3105",idx_L,39,39.0
5,40.0,2.2502307891845703,0,0.001,,0.01221714938830568,0.005,0.05638684333064159,0,,"40, 220",SCEF,Supplementary_and_Cingulate_Eye_Field,ParaCentral_MidCing,7.0,43.0,"3500, 3371",idx_L,40,40.0
5,41.0,0.7565456032752991,0,0.001,,0.22466107065924684,0.005,0.350491941445799,0,,"41, 221",55b,Area_55b,Premotor,8.0,12.0,"2422, 1537",idx_L,41,41.0
5,42.0,0.9028759598731995,0,0.001,,0.18329586541752108,0.005,0.30516541081282456,0,,"42, 222",6a,Area_6_anterior,Premotor,8.0,96.0,"4233, 3752",idx_L,42,42.0
5,43.0,0.5459604263305664,0,0.001,,0.29254657007961304,0.005,0.4051180849081875,0,,"43, 223",6d,Dorsal_area_6,Premotor,8.0,54.0,"2916, 2909",idx_L,43,43.0
5,44.0,1.3667699098587036,0,0.001,,0.08584871856701876,0.005,0.1931596167757922,0,,"44, 224",6r,Rostral_Area_6,Premotor,8.0,78.0,"3029, 3981",idx_L,44,44.0
5,45.0,0.3846730887889862,0,0.001,,0.35023981791843073,0.005,0.4362848942928549,0,,"45, 225",6v,Ventral_Area_6,Premotor,8.0,56.0,"2075, 2516",idx_L,45,45.0
5,46.0,1.0403704643249512,0,0.001,,0.14908390915606018,0.005,0.27689960543295344,0,,"46, 226",FEF,Frontal_Eye_Fields,Premotor,8.0,10.0,"1787, 1889",idx_L,46,46.0
5,47.0,2.9619481563568115,0,0.001,,0.0015284962611236633,0.005,0.01834195513348396,0,,"47, 227",PEF,Premotor_Eye_Field,Premotor,8.0,11.0,"1006, 1258",idx_L,47,47.0
5,48.0,0.6785644888877869,0,0.001,,0.24870692482280482,0.005,0.36694464318118747,0,,"48, 228",43,Area_43,Posterior_Opercular,9.0,99.0,"1889, 1678",idx_L,48,48.0
5,49.0,1.4770148992538452,0,0.001,,0.0698358217363181,0.005,0.16649599884155308,0,,"49, 229",FOP1,Frontal_Opercular_Area_1,Posterior_Opercular,9.0,113.0,"879, 932",idx_L,49,49.0
5,50.0,0.5090471506118774,0,0.001,,0.30535958736192137,0.005,0.41482811868034597,0,,"50, 230",OP1,Area_OP1-SII,Posterior_Opercular,9.0,101.0,"1275, 1072",idx_L,50,50.0
5,51.0,-0.2623845040798187,0,0.001,,0.3965125091254841,0.005,0.46195632131124353,0,,"51, 231",OP2-3,Area_OP2-3-VS,Posterior_Opercular,9.0,102.0,"943, 792",idx_L,51,51.0
5,52.0,-1.7657965421676636,0,0.001,,0.03871499442276813,0.005,0.11061426977933751,0,,"52, 232",OP4,Area_OP4-PV,Posterior_Opercular,9.0,100.0,"2332, 2409",idx_L,52,52.0
5,53.0,-0.10859700292348862,0,0.001,,0.45676106900824226,0.005,0.4780057698923466,0,,"53, 233",52,Area_52,Early_Auditory,10.0,103.0,"725, 580",idx_L,53,53.0
5,54.0,-0.7043768763542175,0,0.001,,0.2405990512347831,0.005,0.35940107238390834,0,,"54, 234",A1,Primary_Auditory_Cortex,Early_Auditory,10.0,24.0,"1023, 796",idx_L,54,54.0
5,55.0,-0.1861201524734497,0,0.001,,0.4261752693194592,0.005,0.46599881366609913,0,,"55, 235",LBelt,Lateral_Belt_Complex,Early_Auditory,10.0,174.0,"820, 901",idx_L,55,55.0
5,56.0,-1.4350638389587402,0,0.001,,0.07563445341694923,0.005,0.17796341980458644,0,,"56, 236",MBelt,Medial_Belt_Complex,Early_Auditory,10.0,173.0,"1242, 1236",idx_L,56,56.0
5,57.0,-0.3290265202522278,0,0.001,,0.37106782138943045,0.005,0.4467706210708862,0,,"57, 237",PBelt,ParaBelt_Complex,Early_Auditory,10.0,124.0,"1719, 1439",idx_L,57,57.0
5,58.0,2.61053729057312,0,0.001,,0.004520005773249391,0.005,0.03322267891926836,0,,"58, 238",PFcm,Area_PFcm,Early_Auditory,10.0,105.0,"1486, 1485",idx_L,58,58.0
5,59.0,-0.13479962944984436,0,0.001,,0.4463851494100473,0.005,0.47125704923054845,0,,"59, 239",RI,RetroInsular_Cortex,Early_Auditory,10.0,104.0,"1149, 1334",idx_L,59,59.0
5,60.0,2.149243116378784,0,0.001,,0.01580756653657287,0.005,0.0625354280567718,0,,"60, 240",A4,Auditory_4_Complex,Auditory_Association,11.0,175.0,"3514, 3610",idx_L,60,60.0
5,61.0,1.0693494081497192,0,0.001,,0.14245612748182301,0.005,0.27327965362502993,0,,"61, 241",A5,Auditory_5_Complex,Auditory_Association,11.0,125.0,"3346, 3881",idx_L,61,61.0
5,62.0,0.3577330410480499,0,0.001,,0.3602715520254505,0.005,0.44242653954405625,0,,"62, 242",STGa,Area_STGa,Auditory_Association,11.0,123.0,"2509, 2187",idx_L,62,62.0
5,63.0,-1.0608071088790894,0,0.001,,0.14438878543641215,0.005,0.27502625797411834,0,,"63, 243",STSda,Area_STSd_anterior,Auditory_Association,11.0,128.0,"1944, 2389",idx_L,63,63.0
5,64.0,0.4709779620170593,0,0.001,,0.31882823631495716,0.005,0.41586291693255284,0,,"64, 244",STSdp,Area_STSd_posterior,Auditory_Association,11.0,129.0,"1994, 2605",idx_L,64,64.0
5,65.0,-1.2810415029525757,0,0.001,,0.10008954439332063,0.005,0.2094897440790432,0,,"65, 245",STSva,Area_STSv_anterior,Auditory_Association,11.0,176.0,"1694, 1900",idx_L,65,65.0
5,66.0,0.019158536568284035,0,0.001,,0.49235731727566306,0.005,0.49510791681351596,0,,"66, 246",STSvp,Area_STSv_posterior,Auditory_Association,11.0,130.0,"2898, 2515",idx_L,66,66.0
5,67.0,1.7469546794891357,0,0.001,,0.040322599907235475,0.005,0.1131838794591933,0,,"67, 247",TA2,Area_TA2,Auditory_Association,11.0,107.0,"1518, 1726",idx_L,67,67.0
5,68.0,2.1744956970214844,0,0.001,,0.014833964103890217,0.005,0.06096696052363875,0,,"68, 248",AAIC,Anterior_Agranular_Insula_Complex,Insula_FrontalOperc,12.0,112.0,"1859, 1691",idx_L,68,68.0
5,69.0,2.1149790287017822,0,0.001,,0.0172158673672973,0.005,0.06593310906624499,0,,"69, 249",AVI,Anterior_Ventral_Insular_Area,Insula_FrontalOperc,12.0,111.0,"1446, 1792",idx_L,69,69.0
5,70.0,-0.14100968837738037,0,0.001,,0.44393114430140274,0.005,0.47004474102501465,0,,"70, 250",FOP2,Frontal_Opercular_Area_2,Insula_FrontalOperc,12.0,115.0,"750, 720",idx_L,70,70.0
5,71.0,0.2536662220954895,0,0.001,,0.3998767157584201,0.005,0.4628548645733522,0,,"71, 251",FOP3,Frontal_Opercular_Area_3,Insula_FrontalOperc,12.0,114.0,"754, 614",idx_L,71,71.0
5,72.0,2.560403347015381,0,0.001,,0.00522753704738267,0.005,0.03322267891926836,0,,"72, 252",FOP4,Frontal_Opercular_Area_4,Insula_FrontalOperc,12.0,108.0,"2522, 1678",idx_L,72,72.0
5,73.0,1.945241928100586,0,0.001,,0.025872933868219997,0.005,0.08624311289406666,0,,"73, 253",FOP5,Area_Frontal_Opercular_5,Insula_FrontalOperc,12.0,169.0,"1297, 1365",idx_L,73,73.0
5,74.0,-2.0863029956817627,0,0.001,,0.018475592746848856,0.005,0.06928347280068321,0,,"74, 254",Ig,Insular_Granular_Complex,Insula_FrontalOperc,12.0,168.0,"841, 1077",idx_L,74,74.0
5,75.0,2.394158124923706,0,0.001,,0.008329282645537426,0.005,0.041646413227687126,0,,"75, 255",MI,Middle_Insular_Area,Insula_FrontalOperc,12.0,109.0,"2102, 1960",idx_L,75,75.0
5,76.0,0.07512814551591873,0,0.001,,0.4700563771083667,0.005,0.4837704570434353,0,,"76, 256",PI,Para-Insular_Area,Insula_FrontalOperc,12.0,178.0,"1033, 1058",idx_L,76,76.0
5,77.0,1.2945011854171753,0,0.001,,0.09774618004677305,0.005,0.2069919106872841,0,,"77, 257",Pir,Pirform_Cortex,Insula_FrontalOperc,12.0,110.0,"2287, 1856",idx_L,77,77.0
5,78.0,1.2664945125579834,0,0.001,,0.10266804640069438,0.005,0.2128946722241378,0,,"78, 258",PoI1,Area_Posterior_Insular_1,Insula_FrontalOperc,12.0,167.0,"1811, 1835",idx_L,78,78.0
5,79.0,-0.34512048959732056,0,0.001,,0.3650018951238464,0.005,0.44242653954405625,0,,"79, 259",PoI2,Posterior_Insular_Area_2,Insula_FrontalOperc,12.0,106.0,"2747, 2675",idx_L,79,79.0
5,80.0,-0.1828427016735077,0,0.001,,0.42746072113127376,0.005,0.46599881366609913,0,,"80, 260",H,Hippocampus,Medial_Temporal,13.0,120.0,"4283, 3626",idx_L,80,80.0
5,81.0,0.47562238574028015,0,0.001,,0.3171717121299171,0.005,0.41520660497007333,0,,"81, 261",PreS,PreSubiculum,Medial_Temporal,13.0,119.0,"1817, 1558",idx_L,81,81.0
5,82.0,-0.827296257019043,0,0.001,,0.20403458238140382,0.005,0.3250108391916167,0,,"82, 262",EC,Entorhinal_Cortex,Medial_Temporal,13.0,118.0,"2127, 2110",idx_L,82,82.0
5,83.0,0.35320034623146057,0,0.001,,0.3619691241676547,0.005,0.44242653954405625,0,,"83, 263",PeEc,Perirhinal_Ectorhinal_Cortex,Medial_Temporal,13.0,122.0,"4826, 4755",idx_L,83,83.0
5,84.0,-0.24597296118736267,0,0.001,,0.4028515817089397,0.005,0.4628548645733522,0,,"84, 264",TF,Area_TF,Medial_Temporal,13.0,135.0,"3986, 4752",idx_L,84,84.0
5,85.0,-0.07222627848386765,0,0.001,,0.4712109162884096,0.005,0.4837704570434353,0,,"85, 265",PHA1,ParaHippocampal_Area_1,Medial_Temporal,13.0,126.0,"1281, 1168",idx_L,85,85.0
5,86.0,0.2717770040035248,0,0.001,,0.3928967440261171,0.005,0.4615559747099012,0,,"86, 266",PHA2,ParaHippocampal_Area_2,Medial_Temporal,13.0,155.0,"783, 771",idx_L,86,86.0
5,87.0,-0.2310996800661087,0,0.001,,0.4086186818314593,0.005,0.4640464525530768,0,,"87, 267",PHA3,ParaHippocampal_Area_3,Medial_Temporal,13.0,127.0,"2023, 1122",idx_L,87,87.0
5,88.0,0.5033763647079468,0,0.001,,0.30734984284503886,0.005,0.41520660497007333,0,,"88, 268",PHT,Area_PHT,Lateral_Temporal,14.0,137.0,"4182, 3410",idx_L,88,88.0
5,89.0,-2.151524782180786,0,0.001,,0.01571740095652091,0.005,0.0625354280567718,0,,"89, 269",TE1a,Area_TE1_anterior,Lateral_Temporal,14.0,132.0,"5227, 4180",idx_L,89,89.0
5,90.0,1.3443487882614136,0,0.001,,0.08941781290897771,0.005,0.1974311196168785,0,,"90, 270",TE1m,Area_TE1_Middle,Lateral_Temporal,14.0,177.0,"3339, 3429",idx_L,90,90.0
5,91.0,3.187943696975708,1,0.001,+,0.0007164421711340033,0.005,0.011291570160168943,0,,"91, 271",TE1p,Area_TE1_posterior,Lateral_Temporal,14.0,133.0,"7116, 6010",idx_L,91,91.0
5,92.0,-0.07105699926614761,0,0.001,,0.47167619561734947,0.005,0.4837704570434353,0,,"92, 272",TE2a,Area_TE2_anterior,Lateral_Temporal,14.0,134.0,"5691, 5753",idx_L,92,92.0
5,93.0,1.304904818534851,0,0.001,,0.09596263013313855,0.005,0.20563420742815403,0,,"93, 273",TE2p,Area_TE2_posterior,Lateral_Temporal,14.0,136.0,"4115, 3040",idx_L,93,93.0
5,94.0,-0.3934822380542755,0,0.001,,0.34698167010207875,0.005,0.436049374221682,0,,"94, 274",TGd,Area_TG_dorsal,Lateral_Temporal,14.0,131.0,"10,192, 10,269",idx_L,94,94.0
5,95.0,0.7557518482208252,0,0.001,,0.22489899576105432,0.005,0.350491941445799,0,,"95, 275",TGv,Area_TG_Ventral,Lateral_Temporal,14.0,172.0,"3694, 4515",idx_L,95,95.0
5,96.0,-0.019288843497633934,0,0.001,,0.49230534193679015,0.005,0.49510791681351596,0,,"96, 276",PSL,PeriSylvian_Language_Area,TPO,15.0,25.0,"2154, 2759",idx_L,96,96.0
5,97.0,-2.1865484714508057,0,0.001,,0.01438775125905932,0.005,0.06096696052363875,0,,"97, 277",STV,Superior_Temporal_Visual_Area,TPO,15.0,28.0,"2322, 2294",idx_L,97,97.0
5,98.0,-0.9318739175796509,0,0.001,,0.17570084419633308,0.005,0.29695917328957705,0,,"98, 278",TPOJ1,Area_TemporoParietoOccipital_Junction_1,TPO,15.0,139.0,"2102, 3938",idx_L,98,98.0
5,99.0,-3.1859467029571533,1,0.001,-,0.0007214058713441269,0.005,0.011291570160168943,0,,"99, 279",TPOJ2,Area_TemporoParietoOccipital_Junction_2,TPO,15.0,140.0,"1930, 2068",idx_L,99,99.0
5,100.0,-1.9976093769073486,0,0.001,,0.022879512931121993,0.005,0.07996722966217396,0,,"100, 280",TPOJ3,Area_TemporoParietoOccipital_Junction_3,TPO,15.0,141.0,"1290, 1277",idx_L,100,100.0
5,101.0,1.7439147233963013,0,0.001,,0.04058698043476004,0.005,0.1131838794591933,0,,"101, 281",7AL,Lateral_Area_7A,Superior_Parietal,16.0,42.0,"2134, 2030",idx_L,101,101.0
5,102.0,-0.17554537951946259,0,0.001,,0.43032555831691793,0.005,0.466618075283405,0,,"102, 282",7Am,Medial_Area_7A,Superior_Parietal,16.0,45.0,"2995, 2379",idx_L,102,102.0
5,103.0,2.160092353820801,0,0.001,,0.015382760414401191,0.005,0.06222240167622954,0,,"103, 283",7PC,Area_7PC,Superior_Parietal,16.0,47.0,"3151, 3415",idx_L,103,103.0
5,104.0,0.746951699256897,0,0.001,,0.22754635854003835,0.005,0.3515737728515614,0,,"104, 284",7Pl,Lateral_Area_7P,Superior_Parietal,16.0,46.0,"1695, 1363",idx_L,104,104.0
5,105.0,-2.5550291538238525,0,0.001,,0.005308945219700326,0.005,0.03322267891926836,0,,"105, 285",7Pm,Medial_Area_7P,Superior_Parietal,16.0,29.0,"1601, 1308",idx_L,105,105.0
5,106.0,1.8316320180892944,0,0.001,,0.03350313161159314,0.005,0.09967873867912008,0,,"106, 286",AIP,Anterior_IntraParietal_Area,Superior_Parietal,16.0,117.0,"1999, 2542",idx_L,106,106.0
5,107.0,2.4445905685424805,0,0.001,,0.007250833254956892,0.005,0.03772423882660514,0,,"107, 287",LIPd,Area_Lateral_IntraParietal_dorsal,Superior_Parietal,16.0,95.0,"1008, 869",idx_L,107,107.0
5,108.0,3.607296943664551,1,0.001,+,0.0001547017506483454,0.005,0.003978045016671739,1,+,"108, 288",LIPv,Area_Lateral_IntraParietal_ventral,Superior_Parietal,16.0,48.0,"1681, 1783",idx_L,108,108.0
5,109.0,1.9184271097183228,0,0.001,,0.02752843815397895,0.005,0.09009307032211293,0,,"109, 289",MIP,Medial_IntraParietal_Area,Superior_Parietal,16.0,50.0,"1872, 2403",idx_L,109,109.0
5,110.0,3.935689687728882,1,0.001,+,4.1479054618293084e-05,0.005,0.001493245966258551,1,+,"110, 290",VIP,Ventral_IntraParietal_Complex,Superior_Parietal,16.0,49.0,"1890, 1577",idx_L,110,110.0
5,111.0,2.822967767715454,0,0.001,,0.002379067748529087,0.005,0.025953466347590038,0,,"111, 291",IP0,Area_IntraParietal_0,Inferior_Parietal,17.0,146.0,"1203, 1239",idx_L,111,111.0
5,112.0,1.1540648937225342,0,0.001,,0.12423678242981373,0.005,0.2444002277307811,0,,"112, 292",IP1,Area_IntraParietal_1,Inferior_Parietal,17.0,145.0,"1692, 1632",idx_L,112,112.0
5,113.0,1.2388030290603638,0,0.001,,0.1077092259334434,0.005,0.21754369090557343,0,,"113, 293",IP2,Area_IntraParietal_2,Inferior_Parietal,17.0,144.0,"2102, 1861",idx_L,113,113.0
5,114.0,1.6638563871383667,0,0.001,,0.048070566191679855,0.005,0.12631681627010763,0,,"114, 294",PF,Area_PF_Complex,Inferior_Parietal,17.0,148.0,"5457, 5251",idx_L,114,114.0
5,115.0,1.4172626733779907,0,0.001,,0.0782030720012927,0.005,0.18078139003862367,0,,"115, 295",PFm,Area_PFm_Complex,Inferior_Parietal,17.0,149.0,"8220, 8141",idx_L,115,115.0
5,116.0,0.4131600856781006,0,0.001,,0.33974466475728815,0.005,0.4306622511007878,0,,"116, 296",PFop,Area_PF_Opercular,Inferior_Parietal,17.0,147.0,"1797, 1783",idx_L,116,116.0
5,117.0,-0.16142414510250092,0,0.001,,0.4358796755023005,0.005,0.46787899154823986,0,,"117, 297",PFt,Area_PFt,Inferior_Parietal,17.0,116.0,"1983, 2039",idx_L,117,117.0
5,118.0,-3.3656163215637207,1,0.001,-,0.00038186429091138866,0.005,0.0076372858182277735,0,,"118, 298",PGi,Area_PGi,Inferior_Parietal,17.0,150.0,"4791, 4970",idx_L,118,118.0
5,119.0,1.0129785537719727,0,0.001,,0.1555352024216139,0.005,0.279963364358905,0,,"119, 299",PGp,Area_PGp,Inferior_Parietal,17.0,143.0,"2501, 3740",idx_L,119,119.0
5,120.0,-0.7083237767219543,0,0.001,,0.2393721075064575,0.005,0.359265353651263,0,,"120, 300",PGs,Area_PGs,Inferior_Parietal,17.0,151.0,"4552, 3366",idx_L,120,120.0
5,121.0,-0.2959692180156708,0,0.001,,0.3836267946276766,0.005,0.4573034637945814,0,,"121, 301",23d,Area_23d,Posterior_Cingulate,18.0,32.0,"1261, 1513",idx_L,121,121.0
5,122.0,-0.9392870664596558,0,0.001,,0.17379168859289035,0.005,0.29694270896832514,0,,"122, 302",31a,Area_31a,Posterior_Cingulate,18.0,162.0,"1260, 1116",idx_L,122,122.0
5,123.0,-4.1729536056518555,1,0.001,-,1.5033809264977621e-05,0.005,0.0009020285558986573,1,-,"123, 303",31pd,Area_31pd,Posterior_Cingulate,18.0,161.0,"1428, 864",idx_L,123,123.0
5,124.0,-4.236142158508301,1,0.001,-,1.1369642184303895e-05,0.005,0.0008186142372698805,1,-,"124, 304",31pv,Area_31p_ventral,Posterior_Cingulate,18.0,35.0,"950, 1022",idx_L,124,124.0
5,125.0,-4.0275373458862305,1,0.001,-,2.818205836928327e-05,0.005,0.001268192626617747,1,-,"125, 305",7 m,Area_7m,Posterior_Cingulate,18.0,30.0,"2128, 2067",idx_L,125,125.0
5,126.0,-2.986402988433838,0,0.001,,0.0014114019259522075,0.005,0.018017986813146505,0,,"126, 306",d23ab,Area_dorsal_23_a + b,Posterior_Cingulate,18.0,34.0,"1607, 1106",idx_L,126,126.0
5,127.0,-0.05574902892112732,0,0.001,,0.47777087038754984,0.005,0.4845000375761069,0,,"127, 307",DVT,Dorsal_Transitional_Visual_Area,Posterior_Cingulate,18.0,142.0,"1806, 2176",idx_L,127,127.0
5,128.0,-2.5343587398529053,0,0.001,,0.005632666849612838,0.005,0.03322267891926836,0,,"128, 308",PCV,PreCuneus_Visual_Area,Posterior_Cingulate,18.0,27.0,"2245, 2416",idx_L,128,128.0
5,129.0,-2.4962196350097656,0,0.001,,0.006276242653792436,0.005,0.03476072854408118,0,,"129, 309",POS1,Parieto-Occipital_Sulcus_Area_1,Posterior_Cingulate,18.0,31.0,"2531, 2727",idx_L,129,129.0
5,130.0,-1.9356714487075806,0,0.001,,0.026453976724595544,0.005,0.08737093230141647,0,,"130, 310",POS2,Parieto-Occipital_Sulcus_Area_2,Posterior_Cingulate,18.0,15.0,"3261, 3093",idx_L,130,130.0
5,131.0,-0.24066272377967834,0,0.001,,0.4049082660007577,0.005,0.4628548645733522,0,,"131, 311",ProS,ProStriate_Area,Posterior_Cingulate,18.0,121.0,"1222, 1055",idx_L,131,131.0
5,132.0,-2.8961663246154785,0,0.001,,0.0018887606453560977,0.005,0.0212485572602561,0,,"132, 312",RSC,RetroSplenial_Complex,Posterior_Cingulate,18.0,14.0,"2830, 3067",idx_L,132,132.0
5,133.0,-1.5460011959075928,0,0.001,,0.061052139499626464,0.005,0.15263034874906617,0,,"133, 313",v23ab,Area_ventral_23_a + b,Posterior_Cingulate,18.0,33.0,"916, 1089",idx_L,133,133.0
5,134.0,-0.6026679873466492,0,0.001,,0.2733647909833321,0.005,0.3968198578790305,0,,"134, 314",10r,Area_10r,AntCing_MedPFC,19.0,65.0,"1589, 1053",idx_L,134,134.0
5,135.0,-0.9936884641647339,0,0.001,,0.16018728030884188,0.005,0.28536505419731556,0,,"135, 315",10v,Area_10v,AntCing_MedPFC,19.0,88.0,"3906, 2667",idx_L,135,135.0
5,136.0,0.05778360739350319,0,0.001,,0.4769604978823043,0.005,0.4845000375761069,0,,"136, 316",25,Area_25,AntCing_MedPFC,19.0,164.0,"1911, 2135",idx_L,136,136.0
5,137.0,1.5620917081832886,0,0.001,,0.05913319298952585,0.005,0.14991513715654442,0,,"137, 317",33pr,Area_33_prime,AntCing_MedPFC,19.0,58.0,"1354, 1316",idx_L,137,137.0
5,138.0,3.028094530105591,0,0.001,,0.0012305054532995305,0.005,0.01705421520707277,0,,"138, 318",8BM,Area_8BM,AntCing_MedPFC,19.0,63.0,"3122, 3436",idx_L,138,138.0
5,139.0,1.341243028640747,0,0.001,,0.08992078011564097,0.005,0.1974311196168785,0,,"139, 319",9 m,Area_9_Middle,AntCing_MedPFC,19.0,69.0,"6338, 5881",idx_L,139,139.0
5,140.0,0.3872717022895813,0,0.001,,0.3492775362571024,0.005,0.4362848942928549,0,,"140, 320",a24,Area_a24,AntCing_MedPFC,19.0,61.0,"2085, 2152",idx_L,140,140.0
5,141.0,0.8331798911094666,0,0.001,,0.2023716409143047,0.005,0.32379462546288756,0,,"141, 321",a24pr,Anterior_24_prime,AntCing_MedPFC,19.0,59.0,"1095, 1474",idx_L,141,141.0
5,142.0,2.7064080238342285,0,0.001,,0.0034007710200361003,0.005,0.0312082950198649,0,,"142, 322",a32pr,Area_anterior_32_prime,AntCing_MedPFC,19.0,179.0,"1759, 1118",idx_L,142,142.0
5,143.0,2.562316417694092,0,0.001,,0.0051988270613807985,0.005,0.03322267891926836,0,,"143, 323",d32,Area_dorsal_32,AntCing_MedPFC,19.0,62.0,"2228, 2374",idx_L,143,143.0
5,144.0,1.5864152908325195,0,0.001,,0.05632256701415199,0.005,0.143802298759537,0,,"144, 324",p24,Area_posterior_24,AntCing_MedPFC,19.0,180.0,"2394, 2442",idx_L,144,144.0
5,145.0,0.8701498508453369,0,0.001,,0.19210925886384755,0.005,0.3129381592352268,0,,"145, 325",p24pr,Area_Posterior_24_prime,AntCing_MedPFC,19.0,57.0,"1422, 1724",idx_L,145,145.0
5,146.0,0.6261872053146362,0,0.001,,0.2655960791986932,0.005,0.3871035972126703,0,,"146, 326",p32,Area_p32,AntCing_MedPFC,19.0,64.0,"1180, 1765",idx_L,146,146.0
5,147.0,2.646747350692749,0,0.001,,0.00406350229321822,0.005,0.03322267891926836,0,,"147, 327",p32pr,Area_p32_prime,AntCing_MedPFC,19.0,60.0,"1569, 1305",idx_L,147,147.0
5,148.0,-0.3723270893096924,0,0.001,,0.35482466589637307,0.005,0.4404719990437735,0,,"148, 328",pOFC,Posterior_OFC_Complex,AntCing_MedPFC,19.0,166.0,"2486, 2836",idx_L,148,148.0
5,149.0,-0.21905063092708588,0,0.001,,0.4133053037911716,0.005,0.46599881366609913,0,,"149, 329",s32,Area_s32,AntCing_MedPFC,19.0,165.0,"604, 1015",idx_L,149,149.0
5,150.0,0.8940697312355042,0,0.001,,0.1856422915778016,0.005,0.30516541081282456,0,,"150, 330",10d,Area_10d,OrbPolaFrontal,20.0,72.0,"3644, 3096",idx_L,150,150.0
5,151.0,1.8510222434997559,0,0.001,,0.032083176573678186,0.005,0.09624952972103457,0,,"151, 331",10 pp,Polar_10p,OrbPolaFrontal,20.0,90.0,"1997, 2487",idx_L,151,151.0
5,152.0,1.0268185138702393,0,0.001,,0.15225296495266188,0.005,0.27713150988372237,0,,"152, 332",11 l,Area_11l,OrbPolaFrontal,20.0,91.0,"3531, 3793",idx_L,152,152.0
5,153.0,-0.19343996047973633,0,0.001,,0.4233072112245343,0.005,0.46599881366609913,0,,"153, 333",13 l,Area_13l,OrbPolaFrontal,20.0,92.0,"2429, 1757",idx_L,153,153.0
5,154.0,-0.7518132925033569,0,0.001,,0.22608167356513853,0.005,0.35081639001487014,0,,"154, 334",47 m,Area_47m,OrbPolaFrontal,20.0,66.0,"799, 781",idx_L,154,154.0
5,155.0,0.8514273762702942,0,0.001,,0.1972659948361043,0.005,0.3170346345580248,0,,"155, 335",47 s,Area_47s,OrbPolaFrontal,20.0,94.0,"2795, 3080",idx_L,155,155.0
5,156.0,1.0236817598342896,0,0.001,,0.15299280674108184,0.005,0.27713150988372237,0,,"156, 336",a10p,Area_anterior_10p,OrbPolaFrontal,20.0,89.0,"1964, 1748",idx_L,156,156.0
5,157.0,-0.5486968755722046,0,0.001,,0.2916067453651041,0.005,0.4051180849081875,0,,"157, 337",OFC,Orbital_Frontal_Complex,OrbPolaFrontal,20.0,93.0,"4560, 5232",idx_L,157,157.0
5,158.0,0.6720677018165588,0,0.001,,0.25077029850662463,0.005,0.36847880596891786,0,,"158, 338",p10p,Area_posterior_10p,OrbPolaFrontal,20.0,170.0,"2116, 2365",idx_L,158,158.0
5,159.0,1.980552077293396,0,0.001,,0.023820763852773062,0.005,0.08245649025959907,0,,"159, 339",44,Area_44,Inferior_Frontal,21.0,74.0,"2435, 2589",idx_L,159,159.0
5,160.0,3.2307581901550293,1,0.001,+,0.0006173117050742607,0.005,0.010726096009236354,0,,"160, 340",45,Area_45,Inferior_Frontal,21.0,75.0,"3762, 2962",idx_L,160,160.0
5,161.0,1.5389950275421143,0,0.001,,0.061902755089349774,0.005,0.15292630303278032,0,,"161, 341",47 l,Area_47l_(47_lateral),Inferior_Frontal,21.0,76.0,"2527, 2592",idx_L,161,161.0
5,162.0,1.7105213403701782,0,0.001,,0.043584755327151246,0.005,0.1188675145285943,0,,"162, 342",a47r,Area_anterior_47r,Inferior_Frontal,21.0,77.0,"4167, 3763",idx_L,162,162.0
5,163.0,0.9453110694885254,0,0.001,,0.17225004437028035,0.005,0.29694270896832514,0,,"163, 343",IFJa,Area_IFJa,Inferior_Frontal,21.0,79.0,"1513, 1405",idx_L,163,163.0
5,164.0,0.20968061685562134,0,0.001,,0.4169584773731783,0.005,0.46599881366609913,0,,"164, 344",IFJp,Area_IFJp,Inferior_Frontal,21.0,80.0,"960, 740",idx_L,164,164.0
5,165.0,1.9660029411315918,0,0.001,,0.024649135436133496,0.005,0.08451132149531485,0,,"165, 345",IFSa,Area_IFSa,Inferior_Frontal,21.0,82.0,"2057, 2641",idx_L,165,165.0
5,166.0,0.1708238124847412,0,0.001,,0.4321811523105554,0.005,0.46722286736276264,0,,"166, 346",IFSp,Area_IFSp,Inferior_Frontal,21.0,81.0,"1589, 1730",idx_L,166,166.0
5,167.0,2.0200061798095703,0,0.001,,0.021691373262619714,0.005,0.07808894374543097,0,,"167, 347",p47r,Area_posterior_47r,Inferior_Frontal,21.0,171.0,"2133, 1761",idx_L,167,167.0
5,168.0,1.7251884937286377,0,0.001,,0.04224675430607311,0.005,0.11609795076478106,0,,"168, 348",46,Area_46,Dorsolateral_Prefrontal,22.0,84.0,"4863, 4394",idx_L,168,168.0
5,169.0,-1.5919826030731201,0,0.001,,0.05569430678086057,0.005,0.14321393172221292,0,,"169, 349",8Ad,Area_8Ad,Dorsolateral_Prefrontal,22.0,68.0,"3386, 3492",idx_L,169,169.0
5,170.0,0.3676337003707886,0,0.001,,0.35657319135571325,0.005,0.44112147384211947,0,,"170, 350",8Av,Area_8Av,Dorsolateral_Prefrontal,22.0,67.0,"4807, 5902",idx_L,170,170.0
5,171.0,0.9326543211936951,0,0.001,,0.17549923835531545,0.005,0.29695917328957705,0,,"171, 351",8BL,Area_8B_Lateral,Dorsolateral_Prefrontal,22.0,70.0,"3377, 4078",idx_L,171,171.0
5,172.0,1.9537063837051392,0,0.001,,0.025367975460060373,0.005,0.08535019780954892,0,,"172, 352",8C,Area_8C,Dorsolateral_Prefrontal,22.0,73.0,"4085, 3134",idx_L,172,172.0
5,173.0,2.693575143814087,0,0.001,,0.0035345104370966152,0.005,0.0312082950198649,0,,"173, 353",9-46d,Area_9-46d,Dorsolateral_Prefrontal,22.0,86.0,"4534, 4666",idx_L,173,173.0
5,174.0,2.1726579666137695,0,0.001,,0.014903034794667251,0.005,0.06096696052363875,0,,"174, 354",9a,Area_9_anterior,Dorsolateral_Prefrontal,22.0,87.0,"3706, 3048",idx_L,174,174.0
5,175.0,1.0044786930084229,0,0.001,,0.15757396813920915,0.005,0.2822220324881358,0,,"175, 355",9p,Area_9_Posterior,Dorsolateral_Prefrontal,22.0,71.0,"3426, 2488",idx_L,175,175.0
5,176.0,2.054455518722534,0,0.001,,0.01996581216891036,0.005,0.07290006902212741,0,,"176, 356",a9-46v,Area_anterior_9-46v,Dorsolateral_Prefrontal,22.0,85.0,"3314, 2628",idx_L,176,176.0
5,177.0,0.4189606010913849,0,0.001,,0.33762246328363654,0.005,0.4306622511007878,0,,"177, 357",i6-8,Inferior_6-8_Transitional_Area,Dorsolateral_Prefrontal,22.0,97.0,"1764, 2418",idx_L,177,177.0
5,178.0,2.479168653488159,0,0.001,,0.0065844510886388695,0.005,0.03591518775621201,0,,"178, 358",p9-46v,Area_posterior_9-46v,Dorsolateral_Prefrontal,22.0,83.0,"2871, 4635",idx_L,178,178.0
5,179.0,-0.03843831643462181,0,0.001,,0.48466910572308125,0.005,0.49011482601210465,0,,"179, 359",s6-8,Superior_6-8_Transitional_Area,Dorsolateral_Prefrontal,22.0,98.0,"1336, 2132",idx_L,179,179.0
5,180.0,1.7014830112457275,0,0.001,,0.0444261626401149,0.005,0.1202512672965516,0,,"180, 360",SFL,Superior_Frontal_Language_Area,Dorsolateral_Prefrontal,22.0,26.0,"3873, 3055",idx_L,180,180.0
5,181.0,1.8829346895217896,0,0.001,,0.029854609691529817,0.005,0.09465362241662105,0,,"1, 181",V1,Primary_Visual_Cortex,Primary_Visual,1.0,1.0,"13,812, 13,406",idx_R,181,181.0
5,182.0,2.4638686180114746,0,0.001,,0.006872324124340272,0.005,0.03692592066809699,0,,"2, 182",V2,Second_Visual_Area,Early_Visual,2.0,4.0,"9515, 9420",idx_R,182,182.0
5,183.0,2.276386260986328,0,0.001,,0.011411450628280534,0.005,0.05352492201777684,0,,"3, 183",V3,Third_Visual_Area,Early_Visual,2.0,5.0,"7106, 7481",idx_R,183,183.0
5,184.0,2.316425323486328,0,0.001,,0.010267528708053865,0.005,0.050634388149306736,0,,"4, 184",V4,Fourth_Visual_Area,Early_Visual,2.0,6.0,"4782, 4537",idx_R,184,184.0
5,185.0,2.5268871784210205,0,0.001,,0.005753923216549618,0.005,0.03322267891926836,0,,"5, 185",IPS1,IntraParietal_Sulcus_Area_1,Dorsal_Stream_Visual,3.0,17.0,"1751, 1750",idx_R,185,185.0
5,186.0,2.2331550121307373,0,0.001,,0.012769361940120984,0.005,0.058189497448652594,0,,"6, 186",V3A,Area_V3A,Dorsal_Stream_Visual,3.0,13.0,"2191, 2212",idx_R,186,186.0
5,187.0,2.933558940887451,0,0.001,,0.0016755001115169629,0.005,0.019457420649874407,0,,"7, 187",V3B,Area_V3B,Dorsal_Stream_Visual,3.0,19.0,"639, 731",idx_R,187,187.0
5,188.0,1.6211161613464355,0,0.001,,0.05249636428906008,0.005,0.13596180679181027,0,,"8, 188",V6,Sixth_Visual_Area,Dorsal_Stream_Visual,3.0,3.0,"1402, 1559",idx_R,188,188.0
5,189.0,1.8651217222213745,0,0.001,,0.03108217220948786,0.005,0.09624952972103457,0,,"9, 189",V6A,Area_V6A,Dorsal_Stream_Visual,3.0,152.0,"904, 734",idx_R,189,189.0
5,190.0,2.6917154788970947,0,0.001,,0.0035542780439290576,0.005,0.0312082950198649,0,,"10, 190",V7,Seventh_Visual_Area,Dorsal_Stream_Visual,3.0,16.0,"1005, 1041",idx_R,190,190.0
5,191.0,2.6008992195129395,0,0.001,,0.0046489882213328285,0.005,0.03322267891926836,0,,"11, 191",FFC,Fusiform_Face_Complex,Ventral_Stream_Visual,4.0,18.0,"3848, 4402",idx_R,191,191.0
5,192.0,1.4220062494277954,0,0.001,,0.0775122183643833,0.005,0.18078139003862367,0,,"12, 192",PIT,Posterior_InferoTemporal_complex,Ventral_Stream_Visual,4.0,22.0,"1392, 1386",idx_R,192,192.0
5,193.0,1.851942777633667,0,0.001,,0.032017020156790296,0.005,0.09624952972103457,0,,"13, 193",V8,Eighth_Visual_Area,Ventral_Stream_Visual,4.0,7.0,"1361, 1175",idx_R,193,193.0
5,194.0,1.8199576139450073,0,0.001,,0.03438272998336397,0.005,0.10145723601648385,0,,"14, 194",VMV1,VentroMedial_Visual_Area_1,Ventral_Stream_Visual,4.0,153.0,"939, 1219",idx_R,194,194.0
5,195.0,0.7290926575660706,0,0.001,,0.2329724928402992,0.005,0.3538822676055178,0,,"15, 195",VMV2,VentroMedial_Visual_Area_2,Ventral_Stream_Visual,4.0,160.0,"639, 923",idx_R,195,195.0
5,196.0,1.8800771236419678,0,0.001,,0.030048783862194638,0.005,0.09465362241662105,0,,"16, 196",VMV3,VentroMedial_Visual_Area_3,Ventral_Stream_Visual,4.0,154.0,"941, 1242",idx_R,196,196.0
5,197.0,1.8980960845947266,0,0.001,,0.028841712931457403,0.005,0.09270550585111309,0,,"17, 197",VVC,Ventral_Visual_Complex,Ventral_Stream_Visual,4.0,163.0,"2487, 2753",idx_R,197,197.0
5,198.0,0.6879936456680298,0,0.001,,0.24572839144669562,0.005,0.36554636744136537,0,,"18, 198",FST,Area_FST,MT + _Complex,5.0,157.0,"1324, 1683",idx_R,198,198.0
5,199.0,2.534554958343506,0,0.001,,0.005629513218567287,0.005,0.03322267891926836,0,,"19, 199",LO1,Area_Lateral_Occipital_1,MT + _Complex,5.0,20.0,"619, 909",idx_R,199,199.0
5,200.0,2.5051848888397217,0,0.001,,0.006119369920869409,0.005,0.03442145580489042,0,,"20, 200",LO2,Area_Lateral_Occipital_2,MT + _Complex,5.0,21.0,"1179, 1062",idx_R,200,200.0
5,201.0,2.443422555923462,0,0.001,,0.007274345860387823,0.005,0.03772423882660514,0,,"21, 201",LO3,Area_Lateral_Occipital_3,MT + _Complex,5.0,159.0,"438, 915",idx_R,201,201.0
5,202.0,-0.06398358941078186,0,0.001,,0.47449164689172574,0.005,0.4843616045704551,0,,"22, 202",MST,Medial_Superior_Temporal_Area,MT + _Complex,5.0,2.0,"794, 1036",idx_R,202,202.0
5,203.0,0.9037962555885315,0,0.001,,0.1830517238024319,0.005,0.30516541081282456,0,,"23, 203",MT,Middle_Temporal_Area,MT + _Complex,5.0,23.0,"620, 1005",idx_R,203,203.0
5,204.0,2.7493772506713867,0,0.001,,0.002985431096523947,0.005,0.02985431096523947,0,,"24, 204",PH,Area_PH,MT + _Complex,5.0,138.0,"3453, 3205",idx_R,204,204.0
5,205.0,3.450108528137207,1,0.001,+,0.0002801806151743022,0.005,0.0059332365566322825,0,,"25, 205",V3CD,Area_V3CD,MT + _Complex,5.0,158.0,"876, 1222",idx_R,205,205.0
5,206.0,0.9383144378662109,0,0.001,,0.17404142108976833,0.005,0.29694270896832514,0,,"26, 206",V4t,Area_V4t,MT + _Complex,5.0,156.0,"1037, 1249",idx_R,206,206.0
5,207.0,-0.978609561920166,0,0.001,,0.16388646644639504,0.005,0.28780062400342543,0,,"27, 207",1,Area_1,SomaSens_Motor,6.0,51.0,"6590, 5925",idx_R,207,207.0
5,208.0,0.5760323405265808,0,0.001,,0.2822966610808635,0.005,0.4048876413908799,0,,"28, 208",2,Area_2,SomaSens_Motor,6.0,52.0,"4278, 4727",idx_R,208,208.0
5,209.0,-0.9057503342628479,0,0.001,,0.18253400710559853,0.005,0.30516541081282456,0,,"29, 209",3a,Area_3a,SomaSens_Motor,6.0,53.0,"2247, 2286",idx_R,209,209.0
5,210.0,-0.15260782837867737,0,0.001,,0.4393537755824747,0.005,0.46795076689257664,0,,"30, 210",3b,Primary_Sensory_Cortex,SomaSens_Motor,6.0,9.0,"5451, 4350",idx_R,210,210.0
5,211.0,-0.5574018359184265,0,0.001,,0.2886264557020993,0.005,0.4051180849081875,0,,"31, 211",4,Primary_Motor_Cortex,SomaSens_Motor,6.0,8.0,"10,776, 10,254",idx_R,211,211.0
5,212.0,-1.341119408607483,0,0.001,,0.08994084338102243,0.005,0.1974311196168785,0,,"32, 212",23c,Area_23c,ParaCentral_MidCing,7.0,38.0,"2259, 2498",idx_R,212,212.0
5,213.0,-0.3465263843536377,0,0.001,,0.36447357960129423,0.005,0.44242653954405625,0,,"33, 213",24dd,Dorsal_Area_24d,ParaCentral_MidCing,7.0,40.0,"2665, 2820",idx_R,213,213.0
5,214.0,-0.26531562209129333,0,0.001,,0.3953831654679043,0.005,0.46195632131124353,0,,"34, 214",24dv,Ventral_Area_24d,ParaCentral_MidCing,7.0,41.0,"1076, 1349",idx_R,214,214.0
5,215.0,-0.5546858906745911,0,0.001,,0.28955476427684446,0.005,0.4051180849081875,0,,"35, 215",5L,Area_5L,ParaCentral_MidCing,7.0,39.0,"2249, 2327",idx_R,215,215.0
5,216.0,0.2339021861553192,0,0.001,,0.4075304579898729,0.005,0.4640464525530768,0,,"36, 216",5 m,Area_5m,ParaCentral_MidCing,7.0,36.0,"1483, 2079",idx_R,216,216.0
5,217.0,-0.14615343511104584,0,0.001,,0.44190013206967077,0.005,0.4692744765341637,0,,"37, 217",5mv,Area_5m_ventral,ParaCentral_MidCing,7.0,37.0,"1651, 1996",idx_R,217,217.0
5,218.0,0.584111213684082,0,0.001,,0.27957274540676696,0.005,0.4025847533857444,0,,"38, 218",6ma,Area_6m_anterior,ParaCentral_MidCing,7.0,44.0,"3941, 4251",idx_R,218,218.0
5,219.0,0.44158974289894104,0,0.001,,0.32939305384601814,0.005,0.4235053549448805,0,,"39, 219",6mp,Area_6mp,ParaCentral_MidCing,7.0,55.0,"3701, 3105",idx_R,219,219.0
5,220.0,2.0628106594085693,0,0.001,,0.019565310446679807,0.005,0.07261352330726527,0,,"40, 220",SCEF,Supplementary_and_Cingulate_Eye_Field,ParaCentral_MidCing,7.0,43.0,"3500, 3371",idx_R,220,220.0
5,221.0,0.5661326050758362,0,0.001,,0.2856518200575856,0.005,0.4051180849081875,0,,"41, 221",55b,Area_55b,Premotor,8.0,12.0,"2422, 1537",idx_R,221,221.0
5,222.0,1.0545985698699951,0,0.001,,0.14580447907270427,0.005,0.27626111824301863,0,,"42, 222",6a,Area_6_anterior,Premotor,8.0,96.0,"4233, 3752",idx_R,222,222.0
5,223.0,-1.5023465156555176,0,0.001,,0.06650382071024998,0.005,0.16068037218583886,0,,"43, 223",6d,Dorsal_area_6,Premotor,8.0,54.0,"2916, 2909",idx_R,223,223.0
5,224.0,1.2363321781158447,0,0.001,,0.10816755742249345,0.005,0.21754369090557343,0,,"44, 224",6r,Rostral_Area_6,Premotor,8.0,78.0,"3029, 3981",idx_R,224,224.0
5,225.0,1.7406558990478516,0,0.001,,0.040871956471375356,0.005,0.1131838794591933,0,,"45, 225",6v,Ventral_Area_6,Premotor,8.0,56.0,"2075, 2516",idx_R,225,225.0
5,226.0,0.8555017709732056,0,0.001,,0.19613671221085227,0.005,0.31663325738074805,0,,"46, 226",FEF,Frontal_Eye_Fields,Premotor,8.0,10.0,"1787, 1889",idx_R,226,226.0
5,227.0,0.7782436609268188,0,0.001,,0.21821269096645424,0.005,0.34343235608086614,0,,"47, 227",PEF,Premotor_Eye_Field,Premotor,8.0,11.0,"1006, 1258",idx_R,227,227.0
5,228.0,-0.8961741328239441,0,0.001,,0.18507988433533729,0.005,0.30516541081282456,0,,"48, 228",43,Area_43,Posterior_Opercular,9.0,99.0,"1889, 1678",idx_R,228,228.0
5,229.0,1.5321341753005981,0,0.001,,0.06274466393919895,0.005,0.15366040148375254,0,,"49, 229",FOP1,Frontal_Opercular_Area_1,Posterior_Opercular,9.0,113.0,"879, 932",idx_R,229,229.0
5,230.0,-0.7419260740280151,0,0.001,,0.22906606354376507,0.005,0.35240932852886936,0,,"50, 230",OP1,Area_OP1-SII,Posterior_Opercular,9.0,101.0,"1275, 1072",idx_R,230,230.0
5,231.0,0.457816481590271,0,0.001,,0.3235421468695485,0.005,0.4204879887113266,0,,"51, 231",OP2-3,Area_OP2-3-VS,Posterior_Opercular,9.0,102.0,"943, 792",idx_R,231,231.0
5,232.0,-0.9548594355583191,0,0.001,,0.16982439286282175,0.005,0.29534677019621175,0,,"52, 232",OP4,Area_OP4-PV,Posterior_Opercular,9.0,100.0,"2332, 2409",idx_R,232,232.0
5,233.0,-0.44975462555885315,0,0.001,,0.32644368927318107,0.005,0.4227328350300186,0,,"53, 233",52,Area_52,Early_Auditory,10.0,103.0,"725, 580",idx_R,233,233.0
5,234.0,-1.0430494546890259,0,0.001,,0.14846269433789022,0.005,0.27689960543295344,0,,"54, 234",A1,Primary_Auditory_Cortex,Early_Auditory,10.0,24.0,"1023, 796",idx_R,234,234.0
5,235.0,0.4922453761100769,0,0.001,,0.3112729451160763,0.005,0.41520660497007333,0,,"55, 235",LBelt,Lateral_Belt_Complex,Early_Auditory,10.0,174.0,"820, 901",idx_R,235,235.0
5,236.0,-0.7309544682502747,0,0.001,,0.2324034822890534,0.005,0.3538822676055178,0,,"56, 236",MBelt,Medial_Belt_Complex,Early_Auditory,10.0,173.0,"1242, 1236",idx_R,236,236.0
5,237.0,-0.5608977675437927,0,0.001,,0.2874336160031953,0.005,0.4051180849081875,0,,"57, 237",PBelt,ParaBelt_Complex,Early_Auditory,10.0,124.0,"1719, 1439",idx_R,237,237.0
5,238.0,0.7774009108543396,0,0.001,,0.21846113761810654,0.005,0.34343235608086614,0,,"58, 238",PFcm,Area_PFcm,Early_Auditory,10.0,105.0,"1486, 1485",idx_R,238,238.0
5,239.0,0.08683165162801743,0,0.001,,0.46540266413584047,0.005,0.4818214240056031,0,,"59, 239",RI,RetroInsular_Cortex,Early_Auditory,10.0,104.0,"1149, 1334",idx_R,239,239.0
5,240.0,0.0021864105947315693,0,0.001,,0.4991277490663941,0.005,0.4991277490663941,0,,"60, 240",A4,Auditory_4_Complex,Auditory_Association,11.0,175.0,"3514, 3610",idx_R,240,240.0
5,241.0,-0.2141893059015274,0,0.001,,0.41519971761467034,0.005,0.46599881366609913,0,,"61, 241",A5,Auditory_5_Complex,Auditory_Association,11.0,125.0,"3346, 3881",idx_R,241,241.0
5,242.0,-0.18658983707427979,0,0.001,,0.42599111782224536,0.005,0.46599881366609913,0,,"62, 242",STGa,Area_STGa,Auditory_Association,11.0,123.0,"2509, 2187",idx_R,242,242.0
5,243.0,-1.7752872705459595,0,0.001,,0.03792523308269126,0.005,0.11010551540136172,0,,"63, 243",STSda,Area_STSd_anterior,Auditory_Association,11.0,128.0,"1944, 2389",idx_R,243,243.0
5,244.0,-0.4451427161693573,0,0.001,,0.32810831041816835,0.005,0.42336556182989465,0,,"64, 244",STSdp,Area_STSd_posterior,Auditory_Association,11.0,129.0,"1994, 2605",idx_R,244,244.0
5,245.0,-1.1255234479904175,0,0.001,,0.13018364338624028,0.005,0.25333033307592706,0,,"65, 245",STSva,Area_STSv_anterior,Auditory_Association,11.0,176.0,"1694, 1900",idx_R,245,245.0
5,246.0,0.3917316496372223,0,0.001,,0.34762825111561874,0.005,0.436049374221682,0,,"66, 246",STSvp,Area_STSv_posterior,Auditory_Association,11.0,130.0,"2898, 2515",idx_R,246,246.0
5,247.0,0.40734750032424927,0,0.001,,0.3418763900831491,0.005,0.431843861157662,0,,"67, 247",TA2,Area_TA2,Auditory_Association,11.0,107.0,"1518, 1726",idx_R,247,247.0
5,248.0,2.3047099113464355,0,0.001,,0.010591412716229487,0.005,0.05152579159246778,0,,"68, 248",AAIC,Anterior_Agranular_Insula_Complex,Insula_FrontalOperc,12.0,112.0,"1859, 1691",idx_R,248,248.0
5,249.0,4.565454006195068,1,0.001,+,2.492072349496339e-06,0.005,0.0004282827923923581,1,+,"69, 249",AVI,Anterior_Ventral_Insular_Area,Insula_FrontalOperc,12.0,111.0,"1446, 1792",idx_R,249,249.0
5,250.0,-0.4780741333961487,0,0.001,,0.31629872089105193,0.005,0.41520660497007333,0,,"70, 250",FOP2,Frontal_Opercular_Area_2,Insula_FrontalOperc,12.0,115.0,"750, 720",idx_R,250,250.0
5,251.0,0.5164534449577332,0,0.001,,0.3027688732045207,0.005,0.41472935820171436,0,,"71, 251",FOP3,Frontal_Opercular_Area_3,Insula_FrontalOperc,12.0,114.0,"754, 614",idx_R,251,251.0
5,252.0,1.5215786695480347,0,0.001,,0.0640573427931942,0.005,0.1558151581456075,0,,"72, 252",FOP4,Frontal_Opercular_Area_4,Insula_FrontalOperc,12.0,108.0,"2522, 1678",idx_R,252,252.0
5,253.0,2.5425643920898438,0,0.001,,0.005502116147737039,0.005,0.03322267891926836,0,,"73, 253",FOP5,Area_Frontal_Opercular_5,Insula_FrontalOperc,12.0,169.0,"1297, 1365",idx_R,253,253.0
5,254.0,-0.5437164902687073,0,0.001,,0.2933182914917237,0.005,0.4051180849081875,0,,"74, 254",Ig,Insular_Granular_Complex,Insula_FrontalOperc,12.0,168.0,"841, 1077",idx_R,254,254.0
5,255.0,3.0278029441833496,0,0.001,,0.001231693320510811,0.005,0.01705421520707277,0,,"75, 255",MI,Middle_Insular_Area,Insula_FrontalOperc,12.0,109.0,"2102, 1960",idx_R,255,255.0
5,256.0,0.5125448703765869,0,0.001,,0.3041348626812572,0.005,0.41472935820171436,0,,"76, 256",PI,Para-Insular_Area,Insula_FrontalOperc,12.0,178.0,"1033, 1058",idx_R,256,256.0
5,257.0,-0.156075581908226,0,0.001,,0.437986722643769,0.005,0.46787899154823986,0,,"77, 257",Pir,Pirform_Cortex,Insula_FrontalOperc,12.0,110.0,"2287, 1856",idx_R,257,257.0
5,258.0,1.0682108402252197,0,0.001,,0.1427127080041823,0.005,0.27327965362502993,0,,"78, 258",PoI1,Area_Posterior_Insular_1,Insula_FrontalOperc,12.0,167.0,"1811, 1835",idx_R,258,258.0
5,259.0,-0.5847409963607788,0,0.001,,0.2793609418296719,0.005,0.4025847533857444,0,,"79, 259",PoI2,Posterior_Insular_Area_2,Insula_FrontalOperc,12.0,106.0,"2747, 2675",idx_R,259,259.0
5,260.0,-0.3197818398475647,0,0.001,,0.3745668575197779,0.005,0.4488856843190858,0,,"80, 260",H,Hippocampus,Medial_Temporal,13.0,120.0,"4283, 3626",idx_R,260,260.0
5,261.0,-0.2856973111629486,0,0.001,,0.38755498214217476,0.005,0.4580190926350625,0,,"81, 261",PreS,PreSubiculum,Medial_Temporal,13.0,119.0,"1817, 1558",idx_R,261,261.0
5,262.0,-0.19251932203769684,0,0.001,,0.42366771709828194,0.005,0.46599881366609913,0,,"82, 262",EC,Entorhinal_Cortex,Medial_Temporal,13.0,118.0,"2127, 2110",idx_R,262,262.0
5,263.0,2.9845478534698486,0,0.001,,0.0014199888757572335,0.005,0.018017986813146505,0,,"83, 263",PeEc,Perirhinal_Ectorhinal_Cortex,Medial_Temporal,13.0,122.0,"4826, 4755",idx_R,263,263.0
5,264.0,0.18029619753360748,0,0.001,,0.4284600203429967,0.005,0.46599881366609913,0,,"84, 264",TF,Area_TF,Medial_Temporal,13.0,135.0,"3986, 4752",idx_R,264,264.0
5,265.0,-2.6622281074523926,0,0.001,,0.003881262690180781,0.005,0.03249429228988561,0,,"85, 265",PHA1,ParaHippocampal_Area_1,Medial_Temporal,13.0,126.0,"1281, 1168",idx_R,265,265.0
5,266.0,-0.48790207505226135,0,0.001,,0.31280960232360944,0.005,0.41520660497007333,0,,"86, 266",PHA2,ParaHippocampal_Area_2,Medial_Temporal,13.0,155.0,"783, 771",idx_R,266,266.0
5,267.0,-0.0997636467218399,0,0.001,,0.4602659848667219,0.005,0.47987491859125353,0,,"87, 267",PHA3,ParaHippocampal_Area_3,Medial_Temporal,13.0,127.0,"2023, 1122",idx_R,267,267.0
5,268.0,0.9742517471313477,0,0.001,,0.1649657783965059,0.005,0.2882897098191365,0,,"88, 268",PHT,Area_PHT,Lateral_Temporal,14.0,137.0,"4182, 3410",idx_R,268,268.0
5,269.0,-1.1938503980636597,0,0.001,,0.11626824664229785,0.005,0.23125176127749847,0,,"89, 269",TE1a,Area_TE1_anterior,Lateral_Temporal,14.0,132.0,"5227, 4180",idx_R,269,269.0
5,270.0,0.195327028632164,0,0.001,,0.4225684693911062,0.005,0.46599881366609913,0,,"90, 270",TE1m,Area_TE1_Middle,Lateral_Temporal,14.0,177.0,"3339, 3429",idx_R,270,270.0
5,271.0,2.0982584953308105,0,0.001,,0.017941158397563647,0.005,0.06798754761182013,0,,"91, 271",TE1p,Area_TE1_posterior,Lateral_Temporal,14.0,133.0,"7116, 6010",idx_R,271,271.0
5,272.0,1.3188412189483643,0,0.001,,0.09361110045107973,0.005,0.20301202507463073,0,,"92, 272",TE2a,Area_TE2_anterior,Lateral_Temporal,14.0,134.0,"5691, 5753",idx_R,272,272.0
5,273.0,1.0277786254882812,0,0.001,,0.15202698645768276,0.005,0.27713150988372237,0,,"93, 273",TE2p,Area_TE2_posterior,Lateral_Temporal,14.0,136.0,"4115, 3040",idx_R,273,273.0
5,274.0,1.25078284740448,0,0.001,,0.10550685725652165,0.005,0.21580154185668454,0,,"94, 274",TGd,Area_TG_dorsal,Lateral_Temporal,14.0,131.0,"10,192, 10,269",idx_R,274,274.0
5,275.0,-0.24849994480609894,0,0.001,,0.4018738063884241,0.005,0.4628548645733522,0,,"95, 275",TGv,Area_TG_Ventral,Lateral_Temporal,14.0,172.0,"3694, 4515",idx_R,275,275.0
5,276.0,1.04541015625,0,0.001,,0.14791672235015352,0.005,0.27689960543295344,0,,"96, 276",PSL,PeriSylvian_Language_Area,TPO,15.0,25.0,"2154, 2759",idx_R,276,276.0
5,277.0,-1.3078062534332275,0,0.001,,0.09546951631906758,0.005,0.20563420742815403,0,,"97, 277",STV,Superior_Temporal_Visual_Area,TPO,15.0,28.0,"2322, 2294",idx_R,277,277.0
5,278.0,-0.7304320931434631,0,0.001,,0.2325630536221206,0.005,0.3538822676055178,0,,"98, 278",TPOJ1,Area_TemporoParietoOccipital_Junction_1,TPO,15.0,139.0,"2102, 3938",idx_R,278,278.0
5,279.0,-1.2475255727767944,0,0.001,,0.10610242474620324,0.005,0.21580154185668454,0,,"99, 279",TPOJ2,Area_TemporoParietoOccipital_Junction_2,TPO,15.0,140.0,"1930, 2068",idx_R,279,279.0
5,280.0,-2.0135858058929443,0,0.001,,0.022026518953142032,0.005,0.07844922635779784,0,,"100, 280",TPOJ3,Area_TemporoParietoOccipital_Junction_3,TPO,15.0,141.0,"1290, 1277",idx_R,280,280.0
5,281.0,1.4897265434265137,0,0.001,,0.06814807619773025,0.005,0.1635553828745526,0,,"101, 281",7AL,Lateral_Area_7A,Superior_Parietal,16.0,42.0,"2134, 2030",idx_R,281,281.0
5,282.0,-0.41366153955459595,0,0.001,,0.33956099876656753,0.005,0.4306622511007878,0,,"102, 282",7Am,Medial_Area_7A,Superior_Parietal,16.0,45.0,"2995, 2379",idx_R,282,282.0
5,283.0,2.793750047683716,0,0.001,,0.002605036604848055,0.005,0.027582740521920585,0,,"103, 283",7PC,Area_7PC,Superior_Parietal,16.0,47.0,"3151, 3415",idx_R,283,283.0
5,284.0,1.324415922164917,0,0.001,,0.09268247474794983,0.005,0.20221630854098144,0,,"104, 284",7Pl,Lateral_Area_7P,Superior_Parietal,16.0,46.0,"1695, 1363",idx_R,284,284.0
5,285.0,-2.5989418029785156,0,0.001,,0.0046755812696980155,0.005,0.03322267891926836,0,,"105, 285",7Pm,Medial_Area_7P,Superior_Parietal,16.0,29.0,"1601, 1308",idx_R,285,285.0
5,286.0,2.5954267978668213,0,0.001,,0.0047236762368121285,0.005,0.03322267891926836,0,,"106, 286",AIP,Anterior_IntraParietal_Area,Superior_Parietal,16.0,117.0,"1999, 2542",idx_R,286,286.0
5,287.0,1.139876365661621,0,0.001,,0.12716890637354417,0.005,0.24880872986128208,0,,"107, 287",LIPd,Area_Lateral_IntraParietal_dorsal,Superior_Parietal,16.0,95.0,"1008, 869",idx_R,287,287.0
5,288.0,2.2865352630615234,0,0.001,,0.011111481797655136,0.005,0.05333511262874465,0,,"108, 288",LIPv,Area_Lateral_IntraParietal_ventral,Superior_Parietal,16.0,48.0,"1681, 1783",idx_R,288,288.0
5,289.0,0.9884861707687378,0,0.001,,0.16145730199674257,0.005,0.28536505419731556,0,,"109, 289",MIP,Medial_IntraParietal_Area,Superior_Parietal,16.0,50.0,"1872, 2403",idx_R,289,289.0
5,290.0,2.2751526832580566,0,0.001,,0.011448386098246712,0.005,0.05352492201777684,0,,"110, 290",VIP,Ventral_IntraParietal_Complex,Superior_Parietal,16.0,49.0,"1890, 1577",idx_R,290,290.0
5,291.0,2.1808676719665527,0,0.001,,0.014596602726882952,0.005,0.06096696052363875,0,,"111, 291",IP0,Area_IntraParietal_0,Inferior_Parietal,17.0,146.0,"1203, 1239",idx_R,291,291.0
5,292.0,-0.5010493397712708,0,0.001,,0.3081681995433633,0.005,0.41520660497007333,0,,"112, 292",IP1,Area_IntraParietal_1,Inferior_Parietal,17.0,145.0,"1692, 1632",idx_R,292,292.0
5,293.0,1.1086599826812744,0,0.001,,0.13378844565308312,0.005,0.2589453786833867,0,,"113, 293",IP2,Area_IntraParietal_2,Inferior_Parietal,17.0,144.0,"2102, 1861",idx_R,293,293.0
5,294.0,0.9874670505523682,0,0.001,,0.1617068640451455,0.005,0.28536505419731556,0,,"114, 294",PF,Area_PF_Complex,Inferior_Parietal,17.0,148.0,"5457, 5251",idx_R,294,294.0
5,295.0,0.15924058854579926,0,0.001,,0.4367396633974655,0.005,0.46787899154823986,0,,"115, 295",PFm,Area_PFm_Complex,Inferior_Parietal,17.0,149.0,"8220, 8141",idx_R,295,295.0
5,296.0,0.49122682213783264,0,0.001,,0.3116330151188107,0.005,0.41520660497007333,0,,"116, 296",PFop,Area_PF_Opercular,Inferior_Parietal,17.0,147.0,"1797, 1783",idx_R,296,296.0
5,297.0,0.09737797826528549,0,0.001,,0.4612131162015937,0.005,0.47987491859125353,0,,"117, 297",PFt,Area_PFt,Inferior_Parietal,17.0,116.0,"1983, 2039",idx_R,297,297.0
5,298.0,-2.733407497406006,0,0.001,,0.003134136384644853,0.005,0.030494299958706676,0,,"118, 298",PGi,Area_PGi,Inferior_Parietal,17.0,150.0,"4791, 4970",idx_R,298,298.0
5,299.0,-1.6921377182006836,0,0.001,,0.04530985913833424,0.005,0.12082629103555798,0,,"119, 299",PGp,Area_PGp,Inferior_Parietal,17.0,143.0,"2501, 3740",idx_R,299,299.0
5,300.0,-2.5319454669952393,0,0.001,,0.0056715815518647,0.005,0.03322267891926836,0,,"120, 300",PGs,Area_PGs,Inferior_Parietal,17.0,151.0,"4552, 3366",idx_R,300,300.0
5,301.0,0.16014134883880615,0,0.001,,0.43638486490274087,0.005,0.46787899154823986,0,,"121, 301",23d,Area_23d,Posterior_Cingulate,18.0,32.0,"1261, 1513",idx_R,301,301.0
5,302.0,-2.5767624378204346,0,0.001,,0.004986523322903315,0.005,0.03322267891926836,0,,"122, 302",31a,Area_31a,Posterior_Cingulate,18.0,162.0,"1260, 1116",idx_R,302,302.0
5,303.0,-5.270604133605957,1,0.001,-,6.798772708089915e-08,0.005,2.4475581749123695e-05,1,-,"123, 303",31pd,Area_31pd,Posterior_Cingulate,18.0,161.0,"1428, 864",idx_R,303,303.0
5,304.0,-3.6939616203308105,1,0.001,-,0.00011039357021368099,0.005,0.0033118071064104295,1,-,"124, 304",31pv,Area_31p_ventral,Posterior_Cingulate,18.0,35.0,"950, 1022",idx_R,304,304.0
5,305.0,-4.489530086517334,1,0.001,-,3.5690232699363175e-06,0.005,0.0004282827923923581,1,-,"125, 305",7 m,Area_7m,Posterior_Cingulate,18.0,30.0,"2128, 2067",idx_R,305,305.0
5,306.0,-1.3520989418029785,0,0.001,,0.08817183290367647,0.005,0.19715440897716477,0,,"126, 306",d23ab,Area_dorsal_23_a + b,Posterior_Cingulate,18.0,34.0,"1607, 1106",idx_R,306,306.0
5,307.0,-0.2504706084728241,0,0.001,,0.4011117157359707,0.005,0.4628548645733522,0,,"127, 307",DVT,Dorsal_Transitional_Visual_Area,Posterior_Cingulate,18.0,142.0,"1806, 2176",idx_R,307,307.0
5,308.0,-2.716032028198242,0,0.001,,0.0033034763049774535,0.005,0.0312082950198649,0,,"128, 308",PCV,PreCuneus_Visual_Area,Posterior_Cingulate,18.0,27.0,"2245, 2416",idx_R,308,308.0
5,309.0,-3.876817464828491,1,0.001,-,5.29158472764105e-05,0.005,0.0017317913654097982,1,-,"129, 309",POS1,Parieto-Occipital_Sulcus_Area_1,Posterior_Cingulate,18.0,31.0,"2531, 2727",idx_R,309,309.0
5,310.0,-2.4222283363342285,0,0.001,,0.007712827289184966,0.005,0.039107293297275886,0,,"130, 310",POS2,Parieto-Occipital_Sulcus_Area_2,Posterior_Cingulate,18.0,15.0,"3261, 3093",idx_R,310,310.0
5,311.0,0.8730747103691101,0,0.001,,0.19131117863504504,0.005,0.3129381592352268,0,,"131, 311",ProS,ProStriate_Area,Posterior_Cingulate,18.0,121.0,"1222, 1055",idx_R,311,311.0
5,312.0,-4.319540023803711,1,0.001,-,7.817737560538608e-06,0.005,0.0007035963804484747,1,-,"132, 312",RSC,RetroSplenial_Complex,Posterior_Cingulate,18.0,14.0,"2830, 3067",idx_R,312,312.0
5,313.0,-3.969388723373413,1,0.001,-,3.602862381996367e-05,0.005,0.0014411449527985468,1,-,"133, 313",v23ab,Area_ventral_23_a + b,Posterior_Cingulate,18.0,33.0,"916, 1089",idx_R,313,313.0
5,314.0,-0.5707091689109802,0,0.001,,0.28409840124753216,0.005,0.4051180849081875,0,,"134, 314",10r,Area_10r,AntCing_MedPFC,19.0,65.0,"1589, 1053",idx_R,314,314.0
5,315.0,-1.4513505697250366,0,0.001,,0.07334113323160307,0.005,0.1737026839695862,0,,"135, 315",10v,Area_10v,AntCing_MedPFC,19.0,88.0,"3906, 2667",idx_R,315,315.0
5,316.0,-0.2222522646188736,0,0.001,,0.4120587550345951,0.005,0.46599881366609913,0,,"136, 316",25,Area_25,AntCing_MedPFC,19.0,164.0,"1911, 2135",idx_R,316,316.0
5,317.0,1.2887564897537231,0,0.001,,0.09874137840613573,0.005,0.20787658611818047,0,,"137, 317",33pr,Area_33_prime,AntCing_MedPFC,19.0,58.0,"1354, 1316",idx_R,317,317.0
5,318.0,2.5805625915527344,0,0.001,,0.004931973662620997,0.005,0.03322267891926836,0,,"138, 318",8BM,Area_8BM,AntCing_MedPFC,19.0,63.0,"3122, 3436",idx_R,318,318.0
5,319.0,0.43458113074302673,0,0.001,,0.33193324691298576,0.005,0.42525255832268644,0,,"139, 319",9 m,Area_9_Middle,AntCing_MedPFC,19.0,69.0,"6338, 5881",idx_R,319,319.0
5,320.0,1.0362482070922852,0,0.001,,0.15004318104540626,0.005,0.2770027957761346,0,,"140, 320",a24,Area_a24,AntCing_MedPFC,19.0,61.0,"2085, 2152",idx_R,320,320.0
5,321.0,2.222022294998169,0,0.001,,0.013140899463454864,0.005,0.05846016121964569,0,,"141, 321",a24pr,Anterior_24_prime,AntCing_MedPFC,19.0,59.0,"1095, 1474",idx_R,321,321.0
5,322.0,2.545868158340454,0,0.001,,0.005450317496394715,0.005,0.03322267891926836,0,,"142, 322",a32pr,Area_anterior_32_prime,AntCing_MedPFC,19.0,179.0,"1759, 1118",idx_R,322,322.0
5,323.0,1.9570748805999756,0,0.001,,0.02516933262009574,0.005,0.08535019780954892,0,,"143, 323",d32,Area_dorsal_32,AntCing_MedPFC,19.0,62.0,"2228, 2374",idx_R,323,323.0
5,324.0,3.253180742263794,1,0.001,+,0.0005706044178324651,0.005,0.010726096009236354,0,,"144, 324",p24,Area_posterior_24,AntCing_MedPFC,19.0,180.0,"2394, 2442",idx_R,324,324.0
5,325.0,-1.0228383541107178,0,0.001,,0.1531921401857243,0.005,0.27713150988372237,0,,"145, 325",p24pr,Area_Posterior_24_prime,AntCing_MedPFC,19.0,57.0,"1422, 1724",idx_R,325,325.0
5,326.0,-0.7170881032943726,0,0.001,,0.23665986795197053,0.005,0.3579729095071823,0,,"146, 326",p32,Area_p32,AntCing_MedPFC,19.0,64.0,"1180, 1765",idx_R,326,326.0
5,327.0,3.067607879638672,0,0.001,,0.0010788977934523788,0.005,0.01618346690178568,0,,"147, 327",p32pr,Area_p32_prime,AntCing_MedPFC,19.0,60.0,"1569, 1305",idx_R,327,327.0
5,328.0,0.9422838091850281,0,0.001,,0.1730236776179273,0.005,0.29694270896832514,0,,"148, 328",pOFC,Posterior_OFC_Complex,AntCing_MedPFC,19.0,166.0,"2486, 2836",idx_R,328,328.0
5,329.0,0.08593080937862396,0,0.001,,0.465760709872083,0.005,0.4818214240056031,0,,"149, 329",s32,Area_s32,AntCing_MedPFC,19.0,165.0,"604, 1015",idx_R,329,329.0
5,330.0,-1.7791638374328613,0,0.001,,0.03760645260714363,0.005,0.11006766616724965,0,,"150, 330",10d,Area_10d,OrbPolaFrontal,20.0,72.0,"3644, 3096",idx_R,330,330.0
5,331.0,0.6415200233459473,0,0.001,,0.2605924379097978,0.005,0.38135478718506993,0,,"151, 331",10 pp,Polar_10p,OrbPolaFrontal,20.0,90.0,"1997, 2487",idx_R,331,331.0
5,332.0,1.2016128301620483,0,0.001,,0.11475678410785878,0.005,0.22951356821571756,0,,"152, 332",11 l,Area_11l,OrbPolaFrontal,20.0,91.0,"3531, 3793",idx_R,332,332.0
5,333.0,2.0527684688568115,0,0.001,,0.02004751898108504,0.005,0.07290006902212741,0,,"153, 333",13 l,Area_13l,OrbPolaFrontal,20.0,92.0,"2429, 1757",idx_R,333,333.0
5,334.0,0.24043117463588715,0,0.001,,0.40499800650168316,0.005,0.4628548645733522,0,,"154, 334",47 m,Area_47m,OrbPolaFrontal,20.0,66.0,"799, 781",idx_R,334,334.0
5,335.0,2.6086549758911133,0,0.001,,0.004544942055154995,0.005,0.03322267891926836,0,,"155, 335",47 s,Area_47s,OrbPolaFrontal,20.0,94.0,"2795, 3080",idx_R,335,335.0
5,336.0,0.31780004501342773,0,0.001,,0.3753183082779023,0.005,0.4488856843190858,0,,"156, 336",a10p,Area_anterior_10p,OrbPolaFrontal,20.0,89.0,"1964, 1748",idx_R,336,336.0
5,337.0,0.6829816699028015,0,0.001,,0.24730921263133693,0.005,0.36638401871309173,0,,"157, 337",OFC,Orbital_Frontal_Complex,OrbPolaFrontal,20.0,93.0,"4560, 5232",idx_R,337,337.0
5,338.0,1.5380343198776245,0,0.001,,0.06202011178551646,0.005,0.15292630303278032,0,,"158, 338",p10p,Area_posterior_10p,OrbPolaFrontal,20.0,170.0,"2116, 2365",idx_R,338,338.0
5,339.0,3.226903200149536,1,0.001,+,0.0006256889338721207,0.005,0.010726096009236354,0,,"159, 339",44,Area_44,Inferior_Frontal,21.0,74.0,"2435, 2589",idx_R,339,339.0
5,340.0,3.495317220687866,1,0.001,+,0.00023674931706665385,0.005,0.005507690747279085,0,,"160, 340",45,Area_45,Inferior_Frontal,21.0,75.0,"3762, 2962",idx_R,340,340.0
5,341.0,1.5522675514221191,0,0.001,,0.060299109316958054,0.005,0.1518019535252091,0,,"161, 341",47 l,Area_47l_(47_lateral),Inferior_Frontal,21.0,76.0,"2527, 2592",idx_R,341,341.0
5,342.0,2.2216484546661377,0,0.001,,0.013153536274420279,0.005,0.05846016121964569,0,,"162, 342",a47r,Area_anterior_47r,Inferior_Frontal,21.0,77.0,"4167, 3763",idx_R,342,342.0
5,343.0,0.2909758985042572,0,0.001,,0.38553487628128463,0.005,0.4580190926350625,0,,"163, 343",IFJa,Area_IFJa,Inferior_Frontal,21.0,79.0,"1513, 1405",idx_R,343,343.0
5,344.0,0.0038129466120153666,0,0.001,,0.49847885806942394,0.005,0.4991277490663941,0,,"164, 344",IFJp,Area_IFJp,Inferior_Frontal,21.0,80.0,"960, 740",idx_R,344,344.0
5,345.0,1.4123339653015137,0,0.001,,0.07892582499115902,0.005,0.18097641399246653,0,,"165, 345",IFSa,Area_IFSa,Inferior_Frontal,21.0,82.0,"2057, 2641",idx_R,345,345.0
5,346.0,1.4163358211517334,0,0.001,,0.07833860235007027,0.005,0.18078139003862367,0,,"166, 346",IFSp,Area_IFSp,Inferior_Frontal,21.0,81.0,"1589, 1730",idx_R,346,346.0
5,347.0,2.629244327545166,0,0.001,,0.004278742663067645,0.005,0.03322267891926836,0,,"167, 347",p47r,Area_posterior_47r,Inferior_Frontal,21.0,171.0,"2133, 1761",idx_R,347,347.0
5,348.0,-0.2699361741542816,0,0.001,,0.3936046784331657,0.005,0.4615559747099012,0,,"168, 348",46,Area_46,Dorsolateral_Prefrontal,22.0,84.0,"4863, 4394",idx_R,348,348.0
5,349.0,-3.4863977432250977,1,0.001,-,0.000244786255434626,0.005,0.005507690747279085,0,,"169, 349",8Ad,Area_8Ad,Dorsolateral_Prefrontal,22.0,68.0,"3386, 3492",idx_R,349,349.0
5,350.0,0.12220809608697891,0,0.001,,0.4513671073837688,0.005,0.4751232709302829,0,,"170, 350",8Av,Area_8Av,Dorsolateral_Prefrontal,22.0,67.0,"4807, 5902",idx_R,350,350.0
5,351.0,0.8950408101081848,0,0.001,,0.18538263638064556,0.005,0.30516541081282456,0,,"171, 351",8BL,Area_8B_Lateral,Dorsolateral_Prefrontal,22.0,70.0,"3377, 4078",idx_R,351,351.0
5,352.0,-0.48355427384376526,0,0.001,,0.3143511165284596,0.005,0.41520660497007333,0,,"172, 352",8C,Area_8C,Dorsolateral_Prefrontal,22.0,73.0,"4085, 3134",idx_R,352,352.0
5,353.0,2.1261725425720215,0,0.001,,0.016744447723063275,0.005,0.06552175195981282,0,,"173, 353",9-46d,Area_9-46d,Dorsolateral_Prefrontal,22.0,86.0,"4534, 4666",idx_R,353,353.0
5,354.0,0.3477902114391327,0,0.001,,0.3639988707211378,0.005,0.44242653954405625,0,,"174, 354",9a,Area_9_anterior,Dorsolateral_Prefrontal,22.0,87.0,"3706, 3048",idx_R,354,354.0
5,355.0,0.542576789855957,0,0.001,,0.2937106115584359,0.005,0.4051180849081875,0,,"175, 355",9p,Area_9_Posterior,Dorsolateral_Prefrontal,22.0,71.0,"3426, 2488",idx_R,355,355.0
5,356.0,1.693421721458435,0,0.001,,0.045187611595767625,0.005,0.12082629103555798,0,,"176, 356",a9-46v,Area_anterior_9-46v,Dorsolateral_Prefrontal,22.0,85.0,"3314, 2628",idx_R,356,356.0
5,357.0,0.28442081809043884,0,0.001,,0.38804395348248355,0.005,0.4580190926350625,0,,"177, 357",i6-8,Inferior_6-8_Transitional_Area,Dorsolateral_Prefrontal,22.0,97.0,"1764, 2418",idx_R,357,357.0
5,358.0,0.7078788876533508,0,0.001,,0.23951023576750868,0.005,0.359265353651263,0,,"178, 358",p9-46v,Area_posterior_9-46v,Dorsolateral_Prefrontal,22.0,83.0,"2871, 4635",idx_R,358,358.0
5,359.0,-1.3813942670822144,0,0.001,,0.08357888382150874,0.005,0.19043289984647563,0,,"179, 359",s6-8,Superior_6-8_Transitional_Area,Dorsolateral_Prefrontal,22.0,98.0,"1336, 2132",idx_R,359,359.0
5,360.0,2.176525354385376,0,0.001,,0.014757999966282952,0.005,0.06096696052363875,0,,"180, 360",SFL,Superior_Frontal_Language_Area,Dorsolateral_Prefrontal,22.0,26.0,"3873, 3055",idx_R,360,360.0
6,1.0,0.1421647071838379,0,0.001,,0.4434749540910504,0.005,0.4600892895469111,0,,"1, 181",V1,Primary_Visual_Cortex,Primary_Visual,1.0,1.0,"13,812, 13,406",idx_L,1,1.0
6,2.0,-0.3090992271900177,0,0.001,,0.3786230235175406,0.005,0.40809667205483424,0,,"2, 182",V2,Second_Visual_Area,Early_Visual,2.0,4.0,"9515, 9420",idx_L,2,2.0
6,3.0,-2.6420116424560547,0,0.001,,0.004120761140892407,0.005,0.010688803840352567,0,,"3, 183",V3,Third_Visual_Area,Early_Visual,2.0,5.0,"7106, 7481",idx_L,3,3.0
6,4.0,-4.205297946929932,1,0.001,-,1.303692188048903e-05,0.005,7.111048298448562e-05,1,-,"4, 184",V4,Fourth_Visual_Area,Early_Visual,2.0,6.0,"4782, 4537",idx_L,4,4.0
6,5.0,-2.237311363220215,0,0.001,,0.012632998528243485,0.005,0.02659578637524944,0,,"5, 185",IPS1,IntraParietal_Sulcus_Area_1,Dorsal_Stream_Visual,3.0,17.0,"1751, 1750",idx_L,5,5.0
6,6.0,-2.9292452335357666,0,0.001,,0.0016989311422439203,0.005,0.00489292168966249,1,,"6, 186",V3A,Area_V3A,Dorsal_Stream_Visual,3.0,13.0,"2191, 2212",idx_L,6,6.0
6,7.0,-4.691849708557129,1,0.001,-,1.353729968712305e-06,0.005,9.94577119870265e-06,1,-,"7, 187",V3B,Area_V3B,Dorsal_Stream_Visual,3.0,19.0,"639, 731",idx_L,7,7.0
6,8.0,-0.6623706817626953,0,0.001,,0.25386684419284045,0.005,0.29989867612117616,0,,"8, 188",V6,Sixth_Visual_Area,Dorsal_Stream_Visual,3.0,3.0,"1402, 1559",idx_L,8,8.0
6,9.0,0.196547269821167,0,0.001,,0.4220909190704199,0.005,0.444306230600442,0,,"9, 189",V6A,Area_V6A,Dorsal_Stream_Visual,3.0,152.0,"904, 734",idx_L,9,9.0
6,10.0,-2.5601296424865723,0,0.001,,0.005231656121398195,0.005,0.01317060282310035,0,,"10, 190",V7,Seventh_Visual_Area,Dorsal_Stream_Visual,3.0,16.0,"1005, 1041",idx_L,10,10.0
6,11.0,0.7803210020065308,0,0.001,,0.2176009769083609,0.005,0.26827517701030795,0,,"11, 191",FFC,Fusiform_Face_Complex,Ventral_Stream_Visual,4.0,18.0,"3848, 4402",idx_L,11,11.0
6,12.0,-3.138657569885254,1,0.001,-,0.0008486182855721176,0.005,0.0027035626796987817,1,-,"12, 192",PIT,Posterior_InferoTemporal_complex,Ventral_Stream_Visual,4.0,22.0,"1392, 1386",idx_L,12,12.0
6,13.0,-4.843252182006836,1,0.001,-,6.386550217560896e-07,0.005,5.432723112487018e-06,1,-,"13, 193",V8,Eighth_Visual_Area,Ventral_Stream_Visual,4.0,7.0,"1361, 1175",idx_L,13,13.0
6,14.0,-1.0251973867416382,0,0.001,,0.15263503052920402,0.005,0.2058000411629717,0,,"14, 194",VMV1,VentroMedial_Visual_Area_1,Ventral_Stream_Visual,4.0,153.0,"939, 1219",idx_L,14,14.0
6,15.0,-1.7580204010009766,0,0.001,,0.039372019073320684,0.005,0.06914110666534364,0,,"15, 195",VMV2,VentroMedial_Visual_Area_2,Ventral_Stream_Visual,4.0,160.0,"639, 923",idx_L,15,15.0
6,16.0,-3.7170486450195312,1,0.001,-,0.00010078182249941662,0.005,0.0004253888075094343,1,-,"16, 196",VMV3,VentroMedial_Visual_Area_3,Ventral_Stream_Visual,4.0,154.0,"941, 1242",idx_L,16,16.0
6,17.0,1.0047190189361572,0,0.001,,0.15751608373040143,0.005,0.21002144497386857,0,,"17, 197",VVC,Ventral_Visual_Complex,Ventral_Stream_Visual,4.0,163.0,"2487, 2753",idx_L,17,17.0
6,18.0,0.628603994846344,0,0.001,,0.2648041721688861,0.005,0.3067036119898105,0,,"18, 198",FST,Area_FST,MT + _Complex,5.0,157.0,"1324, 1683",idx_L,18,18.0
6,19.0,-3.182466983795166,1,0.001,-,0.000730130817840967,0.005,0.002351873799221446,1,-,"19, 199",LO1,Area_Lateral_Occipital_1,MT + _Complex,5.0,20.0,"619, 909",idx_L,19,19.0
6,20.0,-2.537320852279663,0,0.001,,0.005585226189611554,0.005,0.013866768470759721,0,,"20, 200",LO2,Area_Lateral_Occipital_2,MT + _Complex,5.0,21.0,"1179, 1062",idx_L,20,20.0
6,21.0,0.7804756164550781,0,0.001,,0.21755548723708412,0.005,0.26827517701030795,0,,"21, 201",LO3,Area_Lateral_Occipital_3,MT + _Complex,5.0,159.0,"438, 915",idx_L,21,21.0
6,22.0,3.002791404724121,0,0.001,,0.0013375786197593156,0.005,0.003979572753002922,1,,"22, 202",MST,Medial_Superior_Temporal_Area,MT + _Complex,5.0,2.0,"794, 1036",idx_L,22,22.0
6,23.0,1.9445303678512573,0,0.001,,0.02591576351542349,0.005,0.049625930135917325,0,,"23, 203",MT,Middle_Temporal_Area,MT + _Complex,5.0,23.0,"620, 1005",idx_L,23,23.0
6,24.0,2.3084776401519775,0,0.001,,0.010486292537061761,0.005,0.023018690935013623,0,,"24, 204",PH,Area_PH,MT + _Complex,5.0,138.0,"3453, 3205",idx_L,24,24.0
6,25.0,-3.5024666786193848,1,0.001,-,0.000230485718997006,0.005,0.0008643214462387725,1,-,"25, 205",V3CD,Area_V3CD,MT + _Complex,5.0,158.0,"876, 1222",idx_L,25,25.0
6,26.0,0.18671037256717682,0,0.001,,0.4259438614932567,0.005,0.44688836363565687,0,,"26, 206",V4t,Area_V4t,MT + _Complex,5.0,156.0,"1037, 1249",idx_L,26,26.0
6,27.0,2.338585615158081,0,0.001,,0.009678444998309152,0.005,0.021776501246195592,0,,"27, 207",1,Area_1,SomaSens_Motor,6.0,51.0,"6590, 5925",idx_L,27,27.0
6,28.0,0.8964754343032837,0,0.001,,0.18499944737604757,0.005,0.23677541676963504,0,,"28, 208",2,Area_2,SomaSens_Motor,6.0,52.0,"4278, 4727",idx_L,28,28.0
6,29.0,3.1976912021636963,1,0.001,+,0.0006926626944405243,0.005,0.0022668960908962615,1,+,"29, 209",3a,Area_3a,SomaSens_Motor,6.0,53.0,"2247, 2286",idx_L,29,29.0
6,30.0,3.049128770828247,0,0.001,,0.0011475304203264175,0.005,0.0035308628317735923,1,,"30, 210",3b,Primary_Sensory_Cortex,SomaSens_Motor,6.0,9.0,"5451, 4350",idx_L,30,30.0
6,31.0,3.8114547729492188,1,0.001,+,6.907566740506871e-05,0.005,0.000303259027632009,1,+,"31, 211",4,Primary_Motor_Cortex,SomaSens_Motor,6.0,8.0,"10,776, 10,254",idx_L,31,31.0
6,32.0,6.28954553604126,1,0.001,+,1.5919835219030785e-10,0.005,3.371259222853578e-09,1,+,"32, 212",23c,Area_23c,ParaCentral_MidCing,7.0,38.0,"2259, 2498",idx_L,32,32.0
6,33.0,4.9240288734436035,1,0.001,+,4.2390159457470046e-07,0.005,3.8151143511723045e-06,1,+,"33, 213",24dd,Dorsal_Area_24d,ParaCentral_MidCing,7.0,40.0,"2665, 2820",idx_L,33,33.0
6,34.0,3.462386131286621,1,0.001,+,0.00026770420830739386,0.005,0.0009734698483905231,1,+,"34, 214",24dv,Ventral_Area_24d,ParaCentral_MidCing,7.0,41.0,"1076, 1349",idx_L,34,34.0
6,35.0,1.0315916538238525,0,0.001,,0.1511317259454712,0.005,0.2049842834955232,0,,"35, 215",5L,Area_5L,ParaCentral_MidCing,7.0,39.0,"2249, 2327",idx_L,35,35.0
6,36.0,3.5642759799957275,1,0.001,+,0.0001824309553801332,0.005,0.0007061843434069671,1,+,"36, 216",5 m,Area_5m,ParaCentral_MidCing,7.0,36.0,"1483, 2079",idx_L,36,36.0
6,37.0,6.874121189117432,1,0.001,+,3.1186583567805298e-12,0.005,1.0206518258554461e-10,1,+,"37, 217",5mv,Area_5m_ventral,ParaCentral_MidCing,7.0,37.0,"1651, 1996",idx_L,37,37.0
6,38.0,4.398660182952881,1,0.001,+,5.446060943584854e-06,0.005,3.323020236763639e-05,1,+,"38, 218",6ma,Area_6m_anterior,ParaCentral_MidCing,7.0,44.0,"3941, 4251",idx_L,38,38.0
6,39.0,2.8907785415649414,0,0.001,,0.001921444077733089,0.005,0.005446613133731591,0,,"39, 219",6mp,Area_6mp,ParaCentral_MidCing,7.0,55.0,"3701, 3105",idx_L,39,39.0
6,40.0,1.6797736883163452,0,0.001,,0.046500678163527924,0.005,0.07896341574938705,0,,"40, 220",SCEF,Supplementary_and_Cingulate_Eye_Field,ParaCentral_MidCing,7.0,43.0,"3500, 3371",idx_L,40,40.0
6,41.0,-3.451525926589966,1,0.001,-,0.00027871309942262843,0.005,0.000985653194528593,1,-,"41, 221",55b,Area_55b,Premotor,8.0,12.0,"2422, 1537",idx_L,41,41.0
6,42.0,5.965509414672852,1,0.001,+,1.2193599282163001e-09,0.005,1.9085633659037742e-08,1,+,"42, 222",6a,Area_6_anterior,Premotor,8.0,96.0,"4233, 3752",idx_L,42,42.0
6,43.0,1.360372543334961,0,0.001,,0.08685603128750358,0.005,0.13305604792979273,0,,"43, 223",6d,Dorsal_area_6,Premotor,8.0,54.0,"2916, 2909",idx_L,43,43.0
6,44.0,5.11112117767334,1,0.001,+,1.6012623592352028e-07,0.005,1.6470127123562087e-06,1,+,"44, 224",6r,Rostral_Area_6,Premotor,8.0,78.0,"3029, 3981",idx_L,44,44.0
6,45.0,2.639043092727661,0,0.001,,0.004157020592300738,0.005,0.010689481523059041,0,,"45, 225",6v,Ventral_Area_6,Premotor,8.0,56.0,"2075, 2516",idx_L,45,45.0
6,46.0,5.291859149932861,1,0.001,+,6.053956524611422e-08,0.005,7.692906721744063e-07,1,+,"46, 226",FEF,Frontal_Eye_Fields,Premotor,8.0,10.0,"1787, 1889",idx_L,46,46.0
6,47.0,3.4521234035491943,1,0.001,+,0.00027809664408801657,0.005,0.000985653194528593,1,+,"47, 227",PEF,Premotor_Eye_Field,Premotor,8.0,11.0,"1006, 1258",idx_L,47,47.0
6,48.0,2.5271456241607666,0,0.001,,0.005749690511402953,0.005,0.01408087472180315,0,,"48, 228",43,Area_43,Posterior_Opercular,9.0,99.0,"1889, 1678",idx_L,48,48.0
6,49.0,1.9618353843688965,0,0.001,,0.02489082631034033,0.005,0.04791816829798139,0,,"49, 229",FOP1,Frontal_Opercular_Area_1,Posterior_Opercular,9.0,113.0,"879, 932",idx_L,49,49.0
6,50.0,1.2081793546676636,0,0.001,,0.11348914058936038,0.005,0.16540927373348072,0,,"50, 230",OP1,Area_OP1-SII,Posterior_Opercular,9.0,101.0,"1275, 1072",idx_L,50,50.0
6,51.0,2.4046216011047363,0,0.001,,0.008094609582699913,0.005,0.01942706299847979,0,,"51, 231",OP2-3,Area_OP2-3-VS,Posterior_Opercular,9.0,102.0,"943, 792",idx_L,51,51.0
6,52.0,0.7543191313743591,0,0.001,,0.22532880863967297,0.005,0.275912826905722,0,,"52, 232",OP4,Area_OP4-PV,Posterior_Opercular,9.0,100.0,"2332, 2409",idx_L,52,52.0
6,53.0,0.4822564423084259,0,0.001,,0.31481189284954,0.005,0.3508739363028929,0,,"53, 233",52,Area_52,Early_Auditory,10.0,103.0,"725, 580",idx_L,53,53.0
6,54.0,0.974359929561615,0,0.001,,0.16493892896884188,0.005,0.2159200524683021,0,,"54, 234",A1,Primary_Auditory_Cortex,Early_Auditory,10.0,24.0,"1023, 796",idx_L,54,54.0
6,55.0,-1.5127300024032593,0,0.001,,0.06517412767590025,0.005,0.10616599983404566,0,,"55, 235",LBelt,Lateral_Belt_Complex,Early_Auditory,10.0,174.0,"820, 901",idx_L,55,55.0
6,56.0,-1.7326853275299072,0,0.001,,0.04157580689820018,0.005,0.07253734967432034,0,,"56, 236",MBelt,Medial_Belt_Complex,Early_Auditory,10.0,173.0,"1242, 1236",idx_L,56,56.0
6,57.0,-3.087777614593506,0,0.001,,0.001008296586701383,0.005,0.0031564067061956337,1,,"57, 237",PBelt,ParaBelt_Complex,Early_Auditory,10.0,124.0,"1719, 1439",idx_L,57,57.0
6,58.0,1.841045618057251,0,0.001,,0.03280743697341106,0.005,0.05964988540620193,0,,"58, 238",PFcm,Area_PFcm,Early_Auditory,10.0,105.0,"1486, 1485",idx_L,58,58.0
6,59.0,-1.020870327949524,0,0.001,,0.153657939412566,0.005,0.20640618727061105,0,,"59, 239",RI,RetroInsular_Cortex,Early_Auditory,10.0,104.0,"1149, 1334",idx_L,59,59.0
6,60.0,-3.478965997695923,1,0.001,-,0.0002516762246180644,0.005,0.0009340560913660121,1,-,"60, 240",A4,Auditory_4_Complex,Auditory_Association,11.0,175.0,"3514, 3610",idx_L,60,60.0
6,61.0,-5.724381446838379,1,0.001,-,5.190563468154539e-09,0.005,7.186934032829362e-08,1,-,"61, 241",A5,Auditory_5_Complex,Auditory_Association,11.0,125.0,"3346, 3881",idx_L,61,61.0
6,62.0,-5.162130832672119,1,0.001,-,1.2207727216823755e-07,0.005,1.3733693118926724e-06,1,-,"62, 242",STGa,Area_STGa,Auditory_Association,11.0,123.0,"2509, 2187",idx_L,62,62.0
6,63.0,-4.994009971618652,1,0.001,-,2.9569171129376064e-07,0.005,2.801289896467206e-06,1,-,"63, 243",STSda,Area_STSd_anterior,Auditory_Association,11.0,128.0,"1944, 2389",idx_L,63,63.0
6,64.0,-6.37454891204834,1,0.001,-,9.17511232665197e-11,0.005,2.0644002734966932e-09,1,-,"64, 244",STSdp,Area_STSd_posterior,Auditory_Association,11.0,129.0,"1994, 2605",idx_L,64,64.0
6,65.0,-2.807443618774414,0,0.001,,0.0024968210235834258,0.005,0.006967872623953746,0,,"65, 245",STSva,Area_STSv_anterior,Auditory_Association,11.0,176.0,"1694, 1900",idx_L,65,65.0
6,66.0,-5.693136215209961,1,0.001,-,6.236340016015016e-09,0.005,8.315120021353355e-08,1,-,"66, 246",STSvp,Area_STSv_posterior,Auditory_Association,11.0,130.0,"2898, 2515",idx_L,66,66.0
6,67.0,-1.6125707626342773,0,0.001,,0.05341889737670263,0.005,0.08847589924207949,0,,"67, 247",TA2,Area_TA2,Auditory_Association,11.0,107.0,"1518, 1726",idx_L,67,67.0
6,68.0,-0.1472720503807068,0,0.001,,0.44145864623528996,0.005,0.45932113481128434,0,,"68, 248",AAIC,Anterior_Agranular_Insula_Complex,Insula_FrontalOperc,12.0,112.0,"1859, 1691",idx_L,68,68.0
6,69.0,2.53361439704895,0,0.001,,0.005644644222943579,0.005,0.013918300823696498,0,,"69, 249",AVI,Anterior_Ventral_Insular_Area,Insula_FrontalOperc,12.0,111.0,"1446, 1792",idx_L,69,69.0
6,70.0,1.6626927852630615,0,0.001,,0.04818697357107599,0.005,0.08093392270755329,0,,"70, 250",FOP2,Frontal_Opercular_Area_2,Insula_FrontalOperc,12.0,115.0,"750, 720",idx_L,70,70.0
6,71.0,0.7150852084159851,0,0.001,,0.2372781966489601,0.005,0.28568612305560415,0,,"71, 251",FOP3,Frontal_Opercular_Area_3,Insula_FrontalOperc,12.0,114.0,"754, 614",idx_L,71,71.0
6,72.0,2.3625924587249756,0,0.001,,0.009073806995575358,0.005,0.020939554605173903,0,,"72, 252",FOP4,Frontal_Opercular_Area_4,Insula_FrontalOperc,12.0,108.0,"2522, 1678",idx_L,72,72.0
6,73.0,2.100376605987549,0,0.001,,0.017847862626079958,0.005,0.035695725252159916,0,,"73, 253",FOP5,Area_Frontal_Opercular_5,Insula_FrontalOperc,12.0,169.0,"1297, 1365",idx_L,73,73.0
6,74.0,3.2795960903167725,1,0.001,+,0.000519779008850266,0.005,0.0017820994589151974,1,+,"74, 254",Ig,Insular_Granular_Complex,Insula_FrontalOperc,12.0,168.0,"841, 1077",idx_L,74,74.0
6,75.0,2.14607834815979,0,0.001,,0.01593336419910117,0.005,0.032224781526272034,0,,"75, 255",MI,Middle_Insular_Area,Insula_FrontalOperc,12.0,109.0,"2102, 1960",idx_L,75,75.0
6,76.0,-0.7005147933959961,0,0.001,,0.24180293492681143,0.005,0.2891995235005054,0,,"76, 256",PI,Para-Insular_Area,Insula_FrontalOperc,12.0,178.0,"1033, 1058",idx_L,76,76.0
6,77.0,4.373571872711182,1,0.001,+,6.1114988824614125e-06,0.005,3.606786225714932e-05,1,+,"77, 257",Pir,Pirform_Cortex,Insula_FrontalOperc,12.0,110.0,"2287, 1856",idx_L,77,77.0
6,78.0,4.257490634918213,1,0.001,+,1.0336715886848136e-05,0.005,5.724950337331275e-05,1,+,"78, 258",PoI1,Area_Posterior_Insular_1,Insula_FrontalOperc,12.0,167.0,"1811, 1835",idx_L,78,78.0
6,79.0,6.928669452667236,1,0.001,+,2.1240855345330263e-12,0.005,7.646707924318895e-11,1,+,"79, 259",PoI2,Posterior_Insular_Area_2,Insula_FrontalOperc,12.0,106.0,"2747, 2675",idx_L,79,79.0
6,80.0,4.400511264801025,1,0.001,+,5.399806033348568e-06,0.005,3.323020236763639e-05,1,+,"80, 260",H,Hippocampus,Medial_Temporal,13.0,120.0,"4283, 3626",idx_L,80,80.0
6,81.0,3.628246545791626,1,0.001,+,0.00014267634866668052,0.005,0.0005771178148315168,1,+,"81, 261",PreS,PreSubiculum,Medial_Temporal,13.0,119.0,"1817, 1558",idx_L,81,81.0
6,82.0,4.406554222106934,1,0.001,+,5.2514013025975564e-06,0.005,3.31667450690372e-05,1,+,"82, 262",EC,Entorhinal_Cortex,Medial_Temporal,13.0,118.0,"2127, 2110",idx_L,82,82.0
6,83.0,6.124661922454834,1,0.001,+,4.5438177659183556e-10,0.005,8.609338924897936e-09,1,+,"83, 263",PeEc,Perirhinal_Ectorhinal_Cortex,Medial_Temporal,13.0,122.0,"4826, 4755",idx_L,83,83.0
6,84.0,5.823803901672363,1,0.001,+,2.8761533753554756e-09,0.005,4.3142300630332134e-08,1,+,"84, 264",TF,Area_TF,Medial_Temporal,13.0,135.0,"3986, 4752",idx_L,84,84.0
6,85.0,6.859860420227051,1,0.001,+,3.4463931208414824e-12,0.005,1.0339179362524447e-10,1,+,"85, 265",PHA1,ParaHippocampal_Area_1,Medial_Temporal,13.0,126.0,"1281, 1168",idx_L,85,85.0
6,86.0,9.2847900390625,1,0.001,+,8.101315475631024e-21,0.005,7.291183928067921e-19,1,+,"86, 266",PHA2,ParaHippocampal_Area_2,Medial_Temporal,13.0,155.0,"783, 771",idx_L,86,86.0
6,87.0,8.458409309387207,1,0.001,+,1.3552464768487175e-17,0.005,6.969839023793405e-16,1,+,"87, 267",PHA3,ParaHippocampal_Area_3,Medial_Temporal,13.0,127.0,"2023, 1122",idx_L,87,87.0
6,88.0,6.068930149078369,1,0.001,+,6.438256562601348e-10,0.005,1.1588861812682427e-08,1,+,"88, 268",PHT,Area_PHT,Lateral_Temporal,14.0,137.0,"4182, 3410",idx_L,88,88.0
6,89.0,-3.5763871669769287,1,0.001,-,0.0001741877906691236,0.005,0.0006816043982704836,1,-,"89, 269",TE1a,Area_TE1_anterior,Lateral_Temporal,14.0,132.0,"5227, 4180",idx_L,89,89.0
6,90.0,-3.3868253231048584,1,0.001,-,0.00035353195378143217,0.005,0.0012237644553972653,1,-,"90, 270",TE1m,Area_TE1_Middle,Lateral_Temporal,14.0,177.0,"3339, 3429",idx_L,90,90.0
6,91.0,2.680936813354492,0,0.001,,0.0036708188552752033,0.005,0.009788850280733875,0,,"91, 271",TE1p,Area_TE1_posterior,Lateral_Temporal,14.0,133.0,"7116, 6010",idx_L,91,91.0
6,92.0,-0.4864533245563507,0,0.001,,0.31332289545154124,0.005,0.3508739363028929,0,,"92, 272",TE2a,Area_TE2_anterior,Lateral_Temporal,14.0,134.0,"5691, 5753",idx_L,92,92.0
6,93.0,9.368870735168457,1,0.001,+,3.665634141635747e-21,0.005,4.778692849255185e-19,1,+,"93, 273",TE2p,Area_TE2_posterior,Lateral_Temporal,14.0,136.0,"4115, 3040",idx_L,93,93.0
6,94.0,-2.641493797302246,0,0.001,,0.004127065927247242,0.005,0.010688803840352567,0,,"94, 274",TGd,Area_TG_dorsal,Lateral_Temporal,14.0,131.0,"10,192, 10,269",idx_L,94,94.0
6,95.0,1.6249244213104248,0,0.001,,0.05208933193238313,0.005,0.08681555322063855,0,,"95, 275",TGv,Area_TG_Ventral,Lateral_Temporal,14.0,172.0,"3694, 4515",idx_L,95,95.0
6,96.0,-0.4179975688457489,0,0.001,,0.3379744473675582,0.005,0.3715520124797751,0,,"96, 276",PSL,PeriSylvian_Language_Area,TPO,15.0,25.0,"2154, 2759",idx_L,96,96.0
6,97.0,1.4401097297668457,0,0.001,,0.07491817839164293,0.005,0.11726323574344111,0,,"97, 277",STV,Superior_Temporal_Visual_Area,TPO,15.0,28.0,"2322, 2294",idx_L,97,97.0
6,98.0,-1.014240026473999,0,0.001,,0.15523411679423044,0.005,0.20774826039376565,0,,"98, 278",TPOJ1,Area_TemporoParietoOccipital_Junction_1,TPO,15.0,139.0,"2102, 3938",idx_L,98,98.0
6,99.0,4.767024517059326,1,0.001,+,9.348328296140651e-07,0.005,7.648632242296896e-06,1,+,"99, 279",TPOJ2,Area_TemporoParietoOccipital_Junction_2,TPO,15.0,140.0,"1930, 2068",idx_L,99,99.0
6,100.0,4.701977252960205,1,0.001,+,1.2882710476049386e-06,0.005,9.867608024208041e-06,1,+,"100, 280",TPOJ3,Area_TemporoParietoOccipital_Junction_3,TPO,15.0,141.0,"1290, 1277",idx_L,100,100.0
6,101.0,2.6215314865112305,0,0.001,,0.004376783797236101,0.005,0.011174767141879408,0,,"101, 281",7AL,Lateral_Area_7A,Superior_Parietal,16.0,42.0,"2134, 2030",idx_L,101,101.0
6,102.0,4.379404067993164,1,0.001,+,5.950214726266297e-06,0.005,3.570128835759778e-05,1,+,"102, 282",7Am,Medial_Area_7A,Superior_Parietal,16.0,45.0,"2995, 2379",idx_L,102,102.0
6,103.0,0.3010411560535431,0,0.001,,0.38169155565749835,0.005,0.41017600010955046,0,,"103, 283",7PC,Area_7PC,Superior_Parietal,16.0,47.0,"3151, 3415",idx_L,103,103.0
6,104.0,2.2213611602783203,0,0.001,,0.01316325473381172,0.005,0.02739174395475271,0,,"104, 284",7Pl,Lateral_Area_7P,Superior_Parietal,16.0,46.0,"1695, 1363",idx_L,104,104.0
6,105.0,2.0498571395874023,0,0.001,,0.02018918687438211,0.005,0.03950058301509543,0,,"105, 285",7Pm,Medial_Area_7P,Superior_Parietal,16.0,29.0,"1601, 1308",idx_L,105,105.0
6,106.0,1.974442958831787,0,0.001,,0.02416569869620584,0.005,0.04677232005717259,0,,"106, 286",AIP,Anterior_IntraParietal_Area,Superior_Parietal,16.0,117.0,"1999, 2542",idx_L,106,106.0
6,107.0,2.9296300411224365,0,0.001,,0.0016968289041997665,0.005,0.00489292168966249,1,,"107, 287",LIPd,Area_Lateral_IntraParietal_dorsal,Superior_Parietal,16.0,95.0,"1008, 869",idx_L,107,107.0
6,108.0,-0.01565379649400711,0,0.001,,0.4937552937659845,0.005,0.49513065670126577,0,,"108, 288",LIPv,Area_Lateral_IntraParietal_ventral,Superior_Parietal,16.0,48.0,"1681, 1783",idx_L,108,108.0
6,109.0,1.7141965627670288,0,0.001,,0.04324631598148139,0.005,0.0744912619776713,0,,"109, 289",MIP,Medial_IntraParietal_Area,Superior_Parietal,16.0,50.0,"1872, 2403",idx_L,109,109.0
6,110.0,-1.1513394117355347,0,0.001,,0.12479631459177887,0.005,0.17549481739468903,0,,"110, 290",VIP,Ventral_IntraParietal_Complex,Superior_Parietal,16.0,49.0,"1890, 1577",idx_L,110,110.0
6,111.0,1.1453479528427124,0,0.001,,0.12603252462494757,0.005,0.17654361426062695,0,,"111, 291",IP0,Area_IntraParietal_0,Inferior_Parietal,17.0,146.0,"1203, 1239",idx_L,111,111.0
6,112.0,5.287585735321045,1,0.001,+,6.197063748071607e-08,0.005,7.692906721744063e-07,1,+,"112, 292",IP1,Area_IntraParietal_1,Inferior_Parietal,17.0,145.0,"1692, 1632",idx_L,112,112.0
6,113.0,4.644586086273193,1,0.001,+,1.703794699933847e-06,0.005,1.2026786117180096e-05,1,+,"113, 293",IP2,Area_IntraParietal_2,Inferior_Parietal,17.0,144.0,"2102, 1861",idx_L,113,113.0
6,114.0,4.125722408294678,1,0.001,+,1.8478641367998328e-05,0.005,9.503301274970569e-05,1,+,"114, 294",PF,Area_PF_Complex,Inferior_Parietal,17.0,148.0,"5457, 5251",idx_L,114,114.0
6,115.0,-1.4881651401519775,0,0.001,,0.06835367402409925,0.005,0.1088965285585456,0,,"115, 295",PFm,Area_PFm_Complex,Inferior_Parietal,17.0,149.0,"8220, 8141",idx_L,115,115.0
6,116.0,2.5094988346099854,0,0.001,,0.006045130727984884,0.005,0.014704372041044314,0,,"116, 296",PFop,Area_PF_Opercular,Inferior_Parietal,17.0,147.0,"1797, 1783",idx_L,116,116.0
6,117.0,0.7702938318252563,0,0.001,,0.22056280722368887,0.005,0.27099867099156316,0,,"117, 297",PFt,Area_PFt,Inferior_Parietal,17.0,116.0,"1983, 2039",idx_L,117,117.0
6,118.0,0.6902052164077759,0,0.001,,0.24503257170785725,0.005,0.2920918073338696,0,,"118, 298",PGi,Area_PGi,Inferior_Parietal,17.0,150.0,"4791, 4970",idx_L,118,118.0
6,119.0,4.007889270782471,1,0.001,+,3.063191511868631e-05,0.005,0.0001490201276044199,1,+,"119, 299",PGp,Area_PGp,Inferior_Parietal,17.0,143.0,"2501, 3740",idx_L,119,119.0
6,120.0,1.3894151449203491,0,0.001,,0.08235327379178231,0.005,0.12778956278035186,0,,"120, 300",PGs,Area_PGs,Inferior_Parietal,17.0,151.0,"4552, 3366",idx_L,120,120.0
6,121.0,-1.9240418672561646,0,0.001,,0.02717466789837243,0.005,0.05142516361477536,0,,"121, 301",23d,Area_23d,Posterior_Cingulate,18.0,32.0,"1261, 1513",idx_L,121,121.0
6,122.0,1.4981595277786255,0,0.001,,0.06704590401391457,0.005,0.10775234573664842,0,,"122, 302",31a,Area_31a,Posterior_Cingulate,18.0,162.0,"1260, 1116",idx_L,122,122.0
6,123.0,-3.080965518951416,0,0.001,,0.0010316527062384066,0.005,0.0032016808124640207,1,,"123, 303",31pd,Area_31pd,Posterior_Cingulate,18.0,161.0,"1428, 864",idx_L,123,123.0
6,124.0,-2.595791816711426,0,0.001,,0.004718661320960653,0.005,0.011962803348914332,0,,"124, 304",31pv,Area_31p_ventral,Posterior_Cingulate,18.0,35.0,"950, 1022",idx_L,124,124.0
6,125.0,-0.11943169683218002,0,0.001,,0.4524666752818325,0.005,0.4640683849044435,0,,"125, 305",7 m,Area_7m,Posterior_Cingulate,18.0,30.0,"2128, 2067",idx_L,125,125.0
6,126.0,-3.2729852199554443,1,0.001,-,0.0005320902106262811,0.005,0.001797539483157149,1,-,"126, 306",d23ab,Area_dorsal_23_a + b,Posterior_Cingulate,18.0,34.0,"1607, 1106",idx_L,126,126.0
6,127.0,2.4020514488220215,0,0.001,,0.008151707633834097,0.005,0.019434534756160762,0,,"127, 307",DVT,Dorsal_Transitional_Visual_Area,Posterior_Cingulate,18.0,142.0,"1806, 2176",idx_L,127,127.0
6,128.0,2.2537899017333984,0,0.001,,0.01210469419883532,0.005,0.025633470068121857,0,,"128, 308",PCV,PreCuneus_Visual_Area,Posterior_Cingulate,18.0,27.0,"2245, 2416",idx_L,128,128.0
6,129.0,6.842315196990967,1,0.001,+,3.896169880497616e-12,0.005,1.0789393515224168e-10,1,+,"129, 309",POS1,Parieto-Occipital_Sulcus_Area_1,Posterior_Cingulate,18.0,31.0,"2531, 2727",idx_L,129,129.0
6,130.0,-0.8969343900680542,0,0.001,,0.18487696398375475,0.005,0.23677541676963504,0,,"130, 310",POS2,Parieto-Occipital_Sulcus_Area_2,Posterior_Cingulate,18.0,15.0,"3261, 3093",idx_L,130,130.0
6,131.0,2.005537986755371,0,0.001,,0.022452781974887592,0.005,0.04369190005924072,0,,"131, 311",ProS,ProStriate_Area,Posterior_Cingulate,18.0,121.0,"1222, 1055",idx_L,131,131.0
6,132.0,-0.6570537090301514,0,0.001,,0.25557319117433186,0.005,0.29989867612117616,0,,"132, 312",RSC,RetroSplenial_Complex,Posterior_Cingulate,18.0,14.0,"2830, 3067",idx_L,132,132.0
6,133.0,1.8915185928344727,0,0.001,,0.029277575712278254,0.005,0.05461102205399052,0,,"133, 313",v23ab,Area_ventral_23_a + b,Posterior_Cingulate,18.0,33.0,"916, 1089",idx_L,133,133.0
6,134.0,0.41134968400001526,0,0.001,,0.3404080715260748,0.005,0.3715520124797751,0,,"134, 314",10r,Area_10r,AntCing_MedPFC,19.0,65.0,"1589, 1053",idx_L,134,134.0
6,135.0,-0.6180071234703064,0,0.001,,0.2682853214762603,0.005,0.30826338453301516,0,,"135, 315",10v,Area_10v,AntCing_MedPFC,19.0,88.0,"3906, 2667",idx_L,135,135.0
6,136.0,1.6898679733276367,0,0.001,,0.045526607979055306,0.005,0.07804561367838052,0,,"136, 316",25,Area_25,AntCing_MedPFC,19.0,164.0,"1911, 2135",idx_L,136,136.0
6,137.0,3.879181146621704,1,0.001,+,5.2404342731643354e-05,0.005,0.0002329081899184149,1,+,"137, 317",33pr,Area_33_prime,AntCing_MedPFC,19.0,58.0,"1354, 1316",idx_L,137,137.0
6,138.0,0.32333478331565857,0,0.001,,0.3732208571213789,0.005,0.40348200769878806,0,,"138, 318",8BM,Area_8BM,AntCing_MedPFC,19.0,63.0,"3122, 3436",idx_L,138,138.0
6,139.0,-3.914489507675171,1,0.001,-,4.529783848254815e-05,0.005,0.0002064205297938903,1,-,"139, 319",9 m,Area_9_Middle,AntCing_MedPFC,19.0,69.0,"6338, 5881",idx_L,139,139.0
6,140.0,1.153737187385559,0,0.001,,0.12430396645883007,0.005,0.17548795264776013,0,,"140, 320",a24,Area_a24,AntCing_MedPFC,19.0,61.0,"2085, 2152",idx_L,140,140.0
6,141.0,1.6852537393569946,0,0.001,,0.0459698134282444,0.005,0.0784319091666729,0,,"141, 321",a24pr,Anterior_24_prime,AntCing_MedPFC,19.0,59.0,"1095, 1474",idx_L,141,141.0
6,142.0,0.2629297971725464,0,0.001,,0.3963023446373798,0.005,0.42209717180312645,0,,"142, 322",a32pr,Area_anterior_32_prime,AntCing_MedPFC,19.0,179.0,"1759, 1118",idx_L,142,142.0
6,143.0,-2.279698133468628,0,0.001,,0.01131279904632918,0.005,0.024533781064328342,0,,"143, 323",d32,Area_dorsal_32,AntCing_MedPFC,19.0,62.0,"2228, 2374",idx_L,143,143.0
6,144.0,0.5419853925704956,0,0.001,,0.29391428441919853,0.005,0.3334143337821378,0,,"144, 324",p24,Area_posterior_24,AntCing_MedPFC,19.0,180.0,"2394, 2442",idx_L,144,144.0
6,145.0,3.902801990509033,1,0.001,+,4.754274431080473e-05,0.005,0.0002139423493986213,1,+,"145, 325",p24pr,Area_Posterior_24_prime,AntCing_MedPFC,19.0,57.0,"1422, 1724",idx_L,145,145.0
6,146.0,0.9773964881896973,0,0.001,,0.16418645046330937,0.005,0.21571942396639188,0,,"146, 326",p32,Area_p32,AntCing_MedPFC,19.0,64.0,"1180, 1765",idx_L,146,146.0
6,147.0,2.368499994277954,0,0.001,,0.008930190330474767,0.005,0.0207611211220841,0,,"147, 327",p32pr,Area_p32_prime,AntCing_MedPFC,19.0,60.0,"1569, 1305",idx_L,147,147.0
6,148.0,1.3646900653839111,0,0.001,,0.08617524170775792,0.005,0.1325772949350122,0,,"148, 328",pOFC,Posterior_OFC_Complex,AntCing_MedPFC,19.0,166.0,"2486, 2836",idx_L,148,148.0
6,149.0,1.8230308294296265,0,0.001,,0.03414936085061195,0.005,0.061468849531101516,0,,"149, 329",s32,Area_s32,AntCing_MedPFC,19.0,165.0,"604, 1015",idx_L,149,149.0
6,150.0,-0.9308963418006897,0,0.001,,0.17595359351032058,0.005,0.22703689485202655,0,,"150, 330",10d,Area_10d,OrbPolaFrontal,20.0,72.0,"3644, 3096",idx_L,150,150.0
6,151.0,0.01577211543917656,0,0.001,,0.4937080971629205,0.005,0.49513065670126577,0,,"151, 331",10 pp,Polar_10p,OrbPolaFrontal,20.0,90.0,"1997, 2487",idx_L,151,151.0
6,152.0,1.488095760345459,0,0.001,,0.06836282070619808,0.005,0.1088965285585456,0,,"152, 332",11 l,Area_11l,OrbPolaFrontal,20.0,91.0,"3531, 3793",idx_L,152,152.0
6,153.0,5.0124359130859375,1,0.001,+,2.687263912990122e-07,0.005,2.6681935451739775e-06,1,+,"153, 333",13 l,Area_13l,OrbPolaFrontal,20.0,92.0,"2429, 1757",idx_L,153,153.0
6,154.0,4.6239237785339355,1,0.001,+,1.8827414020988477e-06,0.005,1.3034363552992023e-05,1,+,"154, 334",47 m,Area_47m,OrbPolaFrontal,20.0,66.0,"799, 781",idx_L,154,154.0
6,155.0,-2.1884288787841797,0,0.001,,0.014319188304242905,0.005,0.02945661594015683,0,,"155, 335",47 s,Area_47s,OrbPolaFrontal,20.0,94.0,"2795, 3080",idx_L,155,155.0
6,156.0,0.28003785014152527,0,0.001,,0.3897242329686974,0.005,0.4175616781807472,0,,"156, 336",a10p,Area_anterior_10p,OrbPolaFrontal,20.0,89.0,"1964, 1748",idx_L,156,156.0
6,157.0,-1.1982128620147705,0,0.001,,0.11541707969999587,0.005,0.1668680670361386,0,,"157, 337",OFC,Orbital_Frontal_Complex,OrbPolaFrontal,20.0,93.0,"4560, 5232",idx_L,157,157.0
6,158.0,-1.172623872756958,0,0.001,,0.12047333586213838,0.005,0.17210476551734055,0,,"158, 338",p10p,Area_posterior_10p,OrbPolaFrontal,20.0,170.0,"2116, 2365",idx_L,158,158.0
6,159.0,-0.3329116106033325,0,0.001,,0.3696005024488807,0.005,0.4007716291614369,0,,"159, 339",44,Area_44,Inferior_Frontal,21.0,74.0,"2435, 2589",idx_L,159,159.0
6,160.0,-3.9631407260894775,1,0.001,-,3.698507431424873e-05,0.005,0.00017519245727802029,1,-,"160, 340",45,Area_45,Inferior_Frontal,21.0,75.0,"3762, 2962",idx_L,160,160.0
6,161.0,-2.5053820610046387,0,0.001,,0.00611595922577286,0.005,0.014776814236766642,0,,"161, 341",47 l,Area_47l_(47_lateral),Inferior_Frontal,21.0,76.0,"2527, 2592",idx_L,161,161.0
6,162.0,-0.8875929117202759,0,0.001,,0.18737988394610555,0.005,0.23836310325299645,0,,"162, 342",a47r,Area_anterior_47r,Inferior_Frontal,21.0,77.0,"4167, 3763",idx_L,162,162.0
6,163.0,7.144954681396484,1,0.001,+,4.5012792762830797e-13,0.005,2.025575674327386e-11,1,+,"163, 343",IFJa,Area_IFJa,Inferior_Frontal,21.0,79.0,"1513, 1405",idx_L,163,163.0
6,164.0,5.144874572753906,1,0.001,+,1.338498043229653e-07,0.005,1.417233222243162e-06,1,+,"164, 344",IFJp,Area_IFJp,Inferior_Frontal,21.0,80.0,"960, 740",idx_L,164,164.0
6,165.0,9.360121726989746,1,0.001,+,3.982244041045987e-21,0.005,4.778692849255185e-19,1,+,"165, 345",IFSa,Area_IFSa,Inferior_Frontal,21.0,82.0,"2057, 2641",idx_L,165,165.0
6,166.0,4.694095134735107,1,0.001,+,1.3389469859807162e-06,0.005,9.94577119870265e-06,1,+,"166, 346",IFSp,Area_IFSp,Inferior_Frontal,21.0,81.0,"1589, 1730",idx_L,166,166.0
6,167.0,2.79530668258667,0,0.001,,0.0025925250898594762,0.005,0.007124496430148179,0,,"167, 347",p47r,Area_posterior_47r,Inferior_Frontal,21.0,171.0,"2133, 1761",idx_L,167,167.0
6,168.0,3.9553160667419434,1,0.001,+,3.8216767304051936e-05,0.005,0.00017867579518777527,1,+,"168, 348",46,Area_46,Dorsolateral_Prefrontal,22.0,84.0,"4863, 4394",idx_L,168,168.0
6,169.0,4.018734455108643,1,0.001,+,2.92557842208974e-05,0.005,0.00014427510026743923,1,+,"169, 349",8Ad,Area_8Ad,Dorsolateral_Prefrontal,22.0,68.0,"3386, 3492",idx_L,169,169.0
6,170.0,-2.322970151901245,0,0.001,,0.010090377978328659,0.005,0.022359128030829626,0,,"170, 350",8Av,Area_8Av,Dorsolateral_Prefrontal,22.0,67.0,"4807, 5902",idx_L,170,170.0
6,171.0,-5.008533954620361,1,0.001,-,2.742310032539921e-07,0.005,2.6681935451739775e-06,1,-,"171, 351",8BL,Area_8B_Lateral,Dorsolateral_Prefrontal,22.0,70.0,"3377, 4078",idx_L,171,171.0
6,172.0,1.9223016500473022,0,0.001,,0.027283906251172482,0.005,0.05142516361477536,0,,"172, 352",8C,Area_8C,Dorsolateral_Prefrontal,22.0,73.0,"4085, 3134",idx_L,172,172.0
6,173.0,0.6163521409034729,0,0.001,,0.26883106645846117,0.005,0.30826338453301516,0,,"173, 353",9-46d,Area_9-46d,Dorsolateral_Prefrontal,22.0,86.0,"4534, 4666",idx_L,173,173.0
6,174.0,-4.364983558654785,1,0.001,-,6.356616015876672e-06,0.005,3.690938331799358e-05,1,-,"174, 354",9a,Area_9_anterior,Dorsolateral_Prefrontal,22.0,87.0,"3706, 3048",idx_L,174,174.0
6,175.0,-2.6611177921295166,0,0.001,,0.0038940852956059913,0.005,0.010307872841309977,0,,"175, 355",9p,Area_9_Posterior,Dorsolateral_Prefrontal,22.0,71.0,"3426, 2488",idx_L,175,175.0
6,176.0,0.1971081793308258,0,0.001,,0.4218714414065354,0.005,0.444306230600442,0,,"176, 356",a9-46v,Area_anterior_9-46v,Dorsolateral_Prefrontal,22.0,85.0,"3314, 2628",idx_L,176,176.0
6,177.0,4.176660537719727,1,0.001,+,1.4790999327500012e-05,0.005,7.8305290557353e-05,1,+,"177, 357",i6-8,Inferior_6-8_Transitional_Area,Dorsolateral_Prefrontal,22.0,97.0,"1764, 2418",idx_L,177,177.0
6,178.0,4.351792812347412,1,0.001,+,6.751441653388307e-06,0.005,3.797685930030922e-05,1,+,"178, 358",p9-46v,Area_posterior_9-46v,Dorsolateral_Prefrontal,22.0,83.0,"2871, 4635",idx_L,178,178.0
6,179.0,0.18394918739795685,0,0.001,,0.4270266585851832,0.005,0.44688836363565687,0,,"179, 359",s6-8,Superior_6-8_Transitional_Area,Dorsolateral_Prefrontal,22.0,98.0,"1336, 2132",idx_L,179,179.0
6,180.0,-6.49338960647583,1,0.001,-,4.196313545786917e-11,0.005,1.0790520546309216e-09,1,-,"180, 360",SFL,Superior_Frontal_Language_Area,Dorsolateral_Prefrontal,22.0,26.0,"3873, 3055",idx_L,180,180.0
6,181.0,0.4135824143886566,0,0.001,,0.33958997717089767,0.005,0.3715520124797751,0,,"1, 181",V1,Primary_Visual_Cortex,Primary_Visual,1.0,1.0,"13,812, 13,406",idx_R,181,181.0
6,182.0,-0.8700445890426636,0,0.001,,0.19213801863242946,0.005,0.24355523488617822,0,,"2, 182",V2,Second_Visual_Area,Early_Visual,2.0,4.0,"9515, 9420",idx_R,182,182.0
6,183.0,-2.1919121742248535,0,0.001,,0.01419292442343334,0.005,0.029364671220896567,0,,"3, 183",V3,Third_Visual_Area,Early_Visual,2.0,5.0,"7106, 7481",idx_R,183,183.0
6,184.0,-3.4414031505584717,1,0.001,-,0.0002893527987012607,0.005,0.0010113301702179985,1,-,"4, 184",V4,Fourth_Visual_Area,Early_Visual,2.0,6.0,"4782, 4537",idx_R,184,184.0
6,185.0,-1.8552298545837402,0,0.001,,0.03178170506514265,0.005,0.058374560323731395,0,,"5, 185",IPS1,IntraParietal_Sulcus_Area_1,Dorsal_Stream_Visual,3.0,17.0,"1751, 1750",idx_R,185,185.0
6,186.0,-1.6663411855697632,0,0.001,,0.04782273898408509,0.005,0.0808271644801438,0,,"6, 186",V3A,Area_V3A,Dorsal_Stream_Visual,3.0,13.0,"2191, 2212",idx_R,186,186.0
6,187.0,-4.0291900634765625,1,0.001,-,2.7984677018803674e-05,0.005,0.00013992338509401838,1,-,"7, 187",V3B,Area_V3B,Dorsal_Stream_Visual,3.0,19.0,"639, 731",idx_R,187,187.0
6,188.0,-0.6565133929252625,0,0.001,,0.2557469265811141,0.005,0.29989867612117616,0,,"8, 188",V6,Sixth_Visual_Area,Dorsal_Stream_Visual,3.0,3.0,"1402, 1559",idx_R,188,188.0
6,189.0,-0.49002283811569214,0,0.001,,0.31205886905475294,0.005,0.3508739363028929,0,,"9, 189",V6A,Area_V6A,Dorsal_Stream_Visual,3.0,152.0,"904, 734",idx_R,189,189.0
6,190.0,-2.1100380420684814,0,0.001,,0.017427539629750164,0.005,0.0350498003726819,0,,"10, 190",V7,Seventh_Visual_Area,Dorsal_Stream_Visual,3.0,16.0,"1005, 1041",idx_R,190,190.0
6,191.0,-0.1693258136510849,0,0.001,,0.43277018638919906,0.005,0.451586281449599,0,,"11, 191",FFC,Fusiform_Face_Complex,Ventral_Stream_Visual,4.0,18.0,"3848, 4402",idx_R,191,191.0
6,192.0,-2.391653537750244,0,0.001,,0.00838633348222957,0.005,0.01986236877370161,0,,"12, 192",PIT,Posterior_InferoTemporal_complex,Ventral_Stream_Visual,4.0,22.0,"1392, 1386",idx_R,192,192.0
6,193.0,-2.7545459270477295,0,0.001,,0.002938682024530776,0.005,0.008014587339629389,0,,"13, 193",V8,Eighth_Visual_Area,Ventral_Stream_Visual,4.0,7.0,"1361, 1175",idx_R,193,193.0
6,194.0,-1.8385714292526245,0,0.001,,0.03298912339428141,0.005,0.05967881619065984,0,,"14, 194",VMV1,VentroMedial_Visual_Area_1,Ventral_Stream_Visual,4.0,153.0,"939, 1219",idx_R,194,194.0
6,195.0,-2.2320961952209473,0,0.001,,0.012804302927052364,0.005,0.026799703800807276,0,,"15, 195",VMV2,VentroMedial_Visual_Area_2,Ventral_Stream_Visual,4.0,160.0,"639, 923",idx_R,195,195.0
6,196.0,-3.744777202606201,1,0.001,-,9.027696451814237e-05,0.005,0.00038690127650632444,1,-,"16, 196",VMV3,VentroMedial_Visual_Area_3,Ventral_Stream_Visual,4.0,154.0,"941, 1242",idx_R,196,196.0
6,197.0,-1.1634283065795898,0,0.001,,0.12232788517372384,0.005,0.1733781049706322,0,,"17, 197",VVC,Ventral_Visual_Complex,Ventral_Stream_Visual,4.0,163.0,"2487, 2753",idx_R,197,197.0
6,198.0,1.2216317653656006,0,0.001,,0.11092345528010922,0.005,0.16298956694220132,0,,"18, 198",FST,Area_FST,MT + _Complex,5.0,157.0,"1324, 1683",idx_R,198,198.0
6,199.0,-4.189825057983398,1,0.001,-,1.395848006192887e-05,0.005,7.500078839245364e-05,1,-,"19, 199",LO1,Area_Lateral_Occipital_1,MT + _Complex,5.0,20.0,"619, 909",idx_R,199,199.0
6,200.0,-2.5544662475585938,0,0.001,,0.0053175370067728754,0.005,0.013293842516932188,0,,"20, 200",LO2,Area_Lateral_Occipital_2,MT + _Complex,5.0,21.0,"1179, 1062",idx_R,200,200.0
6,201.0,0.1292034238576889,0,0.001,,0.4485983435369542,0.005,0.46141543906658145,0,,"21, 201",LO3,Area_Lateral_Occipital_3,MT + _Complex,5.0,159.0,"438, 915",idx_R,201,201.0
6,202.0,3.7149531841278076,1,0.001,+,0.00010162065957169818,0.005,0.0004253888075094343,1,+,"22, 202",MST,Medial_Superior_Temporal_Area,MT + _Complex,5.0,2.0,"794, 1036",idx_R,202,202.0
6,203.0,2.819035291671753,0,0.001,,0.0024084110906995985,0.005,0.006773656192592621,0,,"23, 203",MT,Middle_Temporal_Area,MT + _Complex,5.0,23.0,"620, 1005",idx_R,203,203.0
6,204.0,-1.378981113433838,0,0.001,,0.0839502885554484,0.005,0.12970860034318207,0,,"24, 204",PH,Area_PH,MT + _Complex,5.0,138.0,"3453, 3205",idx_R,204,204.0
6,205.0,-4.660905838012695,1,0.001,-,1.5741036878523318e-06,0.005,1.133354655253679e-05,1,-,"25, 205",V3CD,Area_V3CD,MT + _Complex,5.0,158.0,"876, 1222",idx_R,205,205.0
6,206.0,-0.4846206605434418,0,0.001,,0.31397272767141604,0.005,0.3508739363028929,0,,"26, 206",V4t,Area_V4t,MT + _Complex,5.0,156.0,"1037, 1249",idx_R,206,206.0
6,207.0,1.7999298572540283,0,0.001,,0.03593585724342574,0.005,0.06404410201798647,0,,"27, 207",1,Area_1,SomaSens_Motor,6.0,51.0,"6590, 5925",idx_R,207,207.0
6,208.0,1.8528664112091064,0,0.001,,0.031950754246449733,0.005,0.05838716512041575,0,,"28, 208",2,Area_2,SomaSens_Motor,6.0,52.0,"4278, 4727",idx_R,208,208.0
6,209.0,2.9346213340759277,0,0.001,,0.0016697747899060156,0.005,0.004887145726554192,1,,"29, 209",3a,Area_3a,SomaSens_Motor,6.0,53.0,"2247, 2286",idx_R,209,209.0
6,210.0,2.795510768890381,0,0.001,,0.002590888770431591,0.005,0.007124496430148179,0,,"30, 210",3b,Primary_Sensory_Cortex,SomaSens_Motor,6.0,9.0,"5451, 4350",idx_R,210,210.0
6,211.0,2.641502618789673,0,0.001,,0.0041269584530436105,0.005,0.010688803840352567,0,,"31, 211",4,Primary_Motor_Cortex,SomaSens_Motor,6.0,8.0,"10,776, 10,254",idx_R,211,211.0
6,212.0,4.75167989730835,1,0.001,+,1.0086678109506527e-06,0.005,8.069342487605222e-06,1,+,"32, 212",23c,Area_23c,ParaCentral_MidCing,7.0,38.0,"2259, 2498",idx_R,212,212.0
6,213.0,3.45098876953125,1,0.001,+,0.0002792684051164347,0.005,0.000985653194528593,1,+,"33, 213",24dd,Dorsal_Area_24d,ParaCentral_MidCing,7.0,40.0,"2665, 2820",idx_R,213,213.0
6,214.0,3.462599754333496,1,0.001,+,0.0002674917807389695,0.005,0.0009734698483905231,1,+,"34, 214",24dv,Ventral_Area_24d,ParaCentral_MidCing,7.0,41.0,"1076, 1349",idx_R,214,214.0
6,215.0,2.3558883666992188,0,0.001,,0.0092392349408648,0.005,0.02105142138424891,0,,"35, 215",5L,Area_5L,ParaCentral_MidCing,7.0,39.0,"2249, 2327",idx_R,215,215.0
6,216.0,3.6005985736846924,1,0.001,+,0.00015874271613260506,0.005,0.0006279931627223937,1,+,"36, 216",5 m,Area_5m,ParaCentral_MidCing,7.0,36.0,"1483, 2079",idx_R,216,216.0
6,217.0,4.494105339050293,1,0.001,+,3.493152047330799e-06,0.005,2.328768031553866e-05,1,+,"37, 217",5mv,Area_5m_ventral,ParaCentral_MidCing,7.0,37.0,"1651, 1996",idx_R,217,217.0
6,218.0,2.6970231533050537,0,0.001,,0.0034981202845232365,0.005,0.009397935092748994,0,,"38, 218",6ma,Area_6m_anterior,ParaCentral_MidCing,7.0,44.0,"3941, 4251",idx_R,218,218.0
6,219.0,1.4718880653381348,0,0.001,,0.07052555347876482,0.005,0.11135613707173393,0,,"39, 219",6mp,Area_6mp,ParaCentral_MidCing,7.0,55.0,"3701, 3105",idx_R,219,219.0
6,220.0,0.9954902529716492,0,0.001,,0.1597489412572669,0.005,0.21143242225226502,0,,"40, 220",SCEF,Supplementary_and_Cingulate_Eye_Field,ParaCentral_MidCing,7.0,43.0,"3500, 3371",idx_R,220,220.0
6,221.0,-2.1519103050231934,0,0.001,,0.015702209734828686,0.005,0.03193669776575326,0,,"41, 221",55b,Area_55b,Premotor,8.0,12.0,"2422, 1537",idx_R,221,221.0
6,222.0,3.0268828868865967,0,0.001,,0.0012354483462425014,0.005,0.003706345038727504,1,,"42, 222",6a,Area_6_anterior,Premotor,8.0,96.0,"4233, 3752",idx_R,222,222.0
6,223.0,0.6565712690353394,0,0.001,,0.25572831391647954,0.005,0.29989867612117616,0,,"43, 223",6d,Dorsal_area_6,Premotor,8.0,54.0,"2916, 2909",idx_R,223,223.0
6,224.0,1.885032296180725,0,0.001,,0.02971273881537468,0.005,0.05513704110069528,0,,"44, 224",6r,Rostral_Area_6,Premotor,8.0,78.0,"3029, 3981",idx_R,224,224.0
6,225.0,-0.0002738571783993393,0,0.001,,0.49989074679411066,0.005,0.49989074679411066,0,,"45, 225",6v,Ventral_Area_6,Premotor,8.0,56.0,"2075, 2516",idx_R,225,225.0
6,226.0,1.2287676334381104,0,0.001,,0.10957947000529306,0.005,0.1616746278766619,0,,"46, 226",FEF,Frontal_Eye_Fields,Premotor,8.0,10.0,"1787, 1889",idx_R,226,226.0
6,227.0,0.6609410047531128,0,0.001,,0.2543250740921693,0.005,0.29989867612117616,0,,"47, 227",PEF,Premotor_Eye_Field,Premotor,8.0,11.0,"1006, 1258",idx_R,227,227.0
6,228.0,0.6162214875221252,0,0.001,,0.2688741742871299,0.005,0.30826338453301516,0,,"48, 228",43,Area_43,Posterior_Opercular,9.0,99.0,"1889, 1678",idx_R,228,228.0
6,229.0,0.9807889461517334,0,0.001,,0.16334841520601873,0.005,0.21540450356837634,0,,"49, 229",FOP1,Frontal_Opercular_Area_1,Posterior_Opercular,9.0,113.0,"879, 932",idx_R,229,229.0
6,230.0,1.0607558488845825,0,0.001,,0.1444004358701218,0.005,0.1984128126459689,0,,"50, 230",OP1,Area_OP1-SII,Posterior_Opercular,9.0,101.0,"1275, 1072",idx_R,230,230.0
6,231.0,2.2703750133514404,0,0.001,,0.011592419598450577,0.005,0.024989647038576094,0,,"51, 231",OP2-3,Area_OP2-3-VS,Posterior_Opercular,9.0,102.0,"943, 792",idx_R,231,231.0
6,232.0,0.3478702902793884,0,0.001,,0.3639687991520312,0.005,0.39585730421368953,0,,"52, 232",OP4,Area_OP4-PV,Posterior_Opercular,9.0,100.0,"2332, 2409",idx_R,232,232.0
6,233.0,-0.4109751582145691,0,0.001,,0.3405453751693073,0.005,0.3715520124797751,0,,"53, 233",52,Area_52,Early_Auditory,10.0,103.0,"725, 580",idx_R,233,233.0
6,234.0,-2.356346845626831,0,0.001,,0.009227838162101413,0.005,0.02105142138424891,0,,"54, 234",A1,Primary_Auditory_Cortex,Early_Auditory,10.0,24.0,"1023, 796",idx_R,234,234.0
6,235.0,-4.475990295410156,1,0.001,-,3.802896976375787e-06,0.005,2.4891689299914245e-05,1,-,"55, 235",LBelt,Lateral_Belt_Complex,Early_Auditory,10.0,174.0,"820, 901",idx_R,235,235.0
6,236.0,-2.3413796424865723,0,0.001,,0.009606309743781957,0.005,0.02175013526894028,0,,"56, 236",MBelt,Medial_Belt_Complex,Early_Auditory,10.0,173.0,"1242, 1236",idx_R,236,236.0
6,237.0,-5.212103366851807,1,0.001,-,9.335572934655383e-08,0.005,1.084131050476109e-06,1,-,"57, 237",PBelt,ParaBelt_Complex,Early_Auditory,10.0,124.0,"1719, 1439",idx_R,237,237.0
6,238.0,2.2556207180023193,0,0.001,,0.01204719728839223,0.005,0.025633470068121857,0,,"58, 238",PFcm,Area_PFcm,Early_Auditory,10.0,105.0,"1486, 1485",idx_R,238,238.0
6,239.0,-0.07850879430770874,0,0.001,,0.46871166748538046,0.005,0.47531324026686467,0,,"59, 239",RI,RetroInsular_Cortex,Early_Auditory,10.0,104.0,"1149, 1334",idx_R,239,239.0
6,240.0,-6.9397783279418945,1,0.001,-,1.963578374304612e-12,0.005,7.646707924318895e-11,1,-,"60, 240",A4,Auditory_4_Complex,Auditory_Association,11.0,175.0,"3514, 3610",idx_R,240,240.0
6,241.0,-9.853787422180176,1,0.001,-,3.3004310284342366e-23,0.005,1.1881551702363251e-20,1,-,"61, 241",A5,Auditory_5_Complex,Auditory_Association,11.0,125.0,"3346, 3881",idx_R,241,241.0
6,242.0,-6.246617794036865,1,0.001,-,2.0971786419833667e-10,0.005,4.194357283966733e-09,1,-,"62, 242",STGa,Area_STGa,Auditory_Association,11.0,123.0,"2509, 2187",idx_R,242,242.0
6,243.0,-5.995248794555664,1,0.001,-,1.015870709822338e-09,0.005,1.6623338888001894e-08,1,-,"63, 243",STSda,Area_STSd_anterior,Auditory_Association,11.0,128.0,"1944, 2389",idx_R,243,243.0
6,244.0,-9.051877975463867,1,0.001,-,7.026514546780851e-20,0.005,5.059090473682213e-18,1,-,"64, 244",STSdp,Area_STSd_posterior,Auditory_Association,11.0,129.0,"1994, 2605",idx_R,244,244.0
6,245.0,-2.167659282684326,0,0.001,,0.015092309805930425,0.005,0.030870633693948595,0,,"65, 245",STSva,Area_STSv_anterior,Auditory_Association,11.0,176.0,"1694, 1900",idx_R,245,245.0
6,246.0,-4.718813896179199,1,0.001,-,1.1861185586893698e-06,0.005,9.282666981047241e-06,1,-,"66, 246",STSvp,Area_STSv_posterior,Auditory_Association,11.0,130.0,"2898, 2515",idx_R,246,246.0
6,247.0,-3.0301220417022705,0,0.001,,0.001222274689073699,0.005,0.0036976377148448033,1,,"67, 247",TA2,Area_TA2,Auditory_Association,11.0,107.0,"1518, 1726",idx_R,247,247.0
6,248.0,-1.1993565559387207,0,0.001,,0.11519466632753805,0.005,0.1668680670361386,0,,"68, 248",AAIC,Anterior_Agranular_Insula_Complex,Insula_FrontalOperc,12.0,112.0,"1859, 1691",idx_R,248,248.0
6,249.0,1.8740602731704712,0,0.001,,0.030461059045812488,0.005,0.05623580131534613,0,,"69, 249",AVI,Anterior_Ventral_Insular_Area,Insula_FrontalOperc,12.0,111.0,"1446, 1792",idx_R,249,249.0
6,250.0,1.253055453300476,0,0.001,,0.10509276316043581,0.005,0.1556929824599049,0,,"70, 250",FOP2,Frontal_Opercular_Area_2,Insula_FrontalOperc,12.0,115.0,"750, 720",idx_R,250,250.0
6,251.0,1.1935001611709595,0,0.001,,0.11633677453767816,0.005,0.16752495533425654,0,,"71, 251",FOP3,Frontal_Opercular_Area_3,Insula_FrontalOperc,12.0,114.0,"754, 614",idx_R,251,251.0
6,252.0,2.3730132579803467,0,0.001,,0.008821815298729578,0.005,0.02075721246759901,0,,"72, 252",FOP4,Frontal_Opercular_Area_4,Insula_FrontalOperc,12.0,108.0,"2522, 1678",idx_R,252,252.0
6,253.0,0.410855233669281,0,0.001,,0.3405893447731272,0.005,0.3715520124797751,0,,"73, 253",FOP5,Area_Frontal_Opercular_5,Insula_FrontalOperc,12.0,169.0,"1297, 1365",idx_R,253,253.0
6,254.0,0.8434127569198608,0,0.001,,0.1994988198821815,0.005,0.2511173956558928,0,,"74, 254",Ig,Insular_Granular_Complex,Insula_FrontalOperc,12.0,168.0,"841, 1077",idx_R,254,254.0
6,255.0,1.6111173629760742,0,0.001,,0.053577072318814804,0.005,0.08847589924207949,0,,"75, 255",MI,Middle_Insular_Area,Insula_FrontalOperc,12.0,109.0,"2102, 1960",idx_R,255,255.0
6,256.0,0.13385196030139923,0,0.001,,0.44675981923160446,0.005,0.4608410742790189,0,,"76, 256",PI,Para-Insular_Area,Insula_FrontalOperc,12.0,178.0,"1033, 1058",idx_R,256,256.0
6,257.0,2.36814284324646,0,0.001,,0.008938816038675098,0.005,0.0207611211220841,0,,"77, 257",Pir,Pirform_Cortex,Insula_FrontalOperc,12.0,110.0,"2287, 1856",idx_R,257,257.0
6,258.0,0.7045547962188721,0,0.001,,0.2405436690117026,0.005,0.2886524028140431,0,,"78, 258",PoI1,Area_Posterior_Insular_1,Insula_FrontalOperc,12.0,167.0,"1811, 1835",idx_R,258,258.0
6,259.0,3.18184757232666,1,0.001,+,0.0007316940708688943,0.005,0.002351873799221446,1,+,"79, 259",PoI2,Posterior_Insular_Area_2,Insula_FrontalOperc,12.0,106.0,"2747, 2675",idx_R,259,259.0
6,260.0,3.687192678451538,1,0.001,+,0.00011337083722851836,0.005,0.00046912070577317944,1,+,"80, 260",H,Hippocampus,Medial_Temporal,13.0,120.0,"4283, 3626",idx_R,260,260.0
6,261.0,1.6612110137939453,0,0.001,,0.04833553717256654,0.005,0.08093392270755329,0,,"81, 261",PreS,PreSubiculum,Medial_Temporal,13.0,119.0,"1817, 1558",idx_R,261,261.0
6,262.0,3.5490763187408447,1,0.001,+,0.00019329250954152404,0.005,0.0007402691854781772,1,+,"82, 262",EC,Entorhinal_Cortex,Medial_Temporal,13.0,118.0,"2127, 2110",idx_R,262,262.0
6,263.0,4.840087890625,1,0.001,+,6.489085939915049e-07,0.005,5.432723112487018e-06,1,+,"83, 263",PeEc,Perirhinal_Ectorhinal_Cortex,Medial_Temporal,13.0,122.0,"4826, 4755",idx_R,263,263.0
6,264.0,8.580371856689453,1,0.001,+,4.728346355844417e-18,0.005,2.83700781350665e-16,1,+,"84, 264",TF,Area_TF,Medial_Temporal,13.0,135.0,"3986, 4752",idx_R,264,264.0
6,265.0,4.903783321380615,1,0.001,+,4.7004092966018206e-07,0.005,4.1271886506747695e-06,1,+,"85, 265",PHA1,ParaHippocampal_Area_1,Medial_Temporal,13.0,126.0,"1281, 1168",idx_R,265,265.0
6,266.0,6.004841327667236,1,0.001,+,9.57595538788351e-10,0.005,1.6415923522086017e-08,1,+,"86, 266",PHA2,ParaHippocampal_Area_2,Medial_Temporal,13.0,155.0,"783, 771",idx_R,266,266.0
6,267.0,3.650484323501587,1,0.001,+,0.0001308731426419982,0.005,0.0005353901289899926,1,+,"87, 267",PHA3,ParaHippocampal_Area_3,Medial_Temporal,13.0,127.0,"2023, 1122",idx_R,267,267.0
6,268.0,2.7150700092315674,0,0.001,,0.003313088063656319,0.005,0.008967757164784021,0,,"88, 268",PHT,Area_PHT,Lateral_Temporal,14.0,137.0,"4182, 3410",idx_R,268,268.0
6,269.0,-3.2691991329193115,1,0.001,-,0.0005392618449471447,0.005,0.001797539483157149,1,-,"89, 269",TE1a,Area_TE1_anterior,Lateral_Temporal,14.0,132.0,"5227, 4180",idx_R,269,269.0
6,270.0,-3.270195245742798,1,0.001,-,0.0005373663830761119,0.005,0.001797539483157149,1,-,"90, 270",TE1m,Area_TE1_Middle,Lateral_Temporal,14.0,177.0,"3339, 3429",idx_R,270,270.0
6,271.0,1.3577613830566406,0,0.001,,0.08726970608622919,0.005,0.13307299182234003,0,,"91, 271",TE1p,Area_TE1_posterior,Lateral_Temporal,14.0,133.0,"7116, 6010",idx_R,271,271.0
6,272.0,-2.321730852127075,0,0.001,,0.010123716302847858,0.005,0.022359128030829626,0,,"92, 272",TE2a,Area_TE2_anterior,Lateral_Temporal,14.0,134.0,"5691, 5753",idx_R,272,272.0
6,273.0,4.406874179840088,1,0.001,+,5.243653256439125e-06,0.005,3.31667450690372e-05,1,+,"93, 273",TE2p,Area_TE2_posterior,Lateral_Temporal,14.0,136.0,"4115, 3040",idx_R,273,273.0
6,274.0,-2.329285144805908,0,0.001,,0.009921982409346854,0.005,0.0221857991761793,0,,"94, 274",TGd,Area_TG_dorsal,Lateral_Temporal,14.0,131.0,"10,192, 10,269",idx_R,274,274.0
6,275.0,1.3064829111099243,0,0.001,,0.09569419334202695,0.005,0.14414188118464308,0,,"95, 275",TGv,Area_TG_Ventral,Lateral_Temporal,14.0,172.0,"3694, 4515",idx_R,275,275.0
6,276.0,1.7951860427856445,0,0.001,,0.036312031730942655,0.005,0.06439572129625298,0,,"96, 276",PSL,PeriSylvian_Language_Area,TPO,15.0,25.0,"2154, 2759",idx_R,276,276.0
6,277.0,3.801051616668701,1,0.001,+,7.204164035216255e-05,0.005,0.00031246976538287373,1,+,"97, 277",STV,Superior_Temporal_Visual_Area,TPO,15.0,28.0,"2322, 2294",idx_R,277,277.0
6,278.0,-0.22294659912586212,0,0.001,,0.41178853406313576,0.005,0.43722436380562224,0,,"98, 278",TPOJ1,Area_TemporoParietoOccipital_Junction_1,TPO,15.0,139.0,"2102, 3938",idx_R,278,278.0
6,279.0,5.150890350341797,1,0.001,+,1.2962636765136967e-07,0.005,1.4141058289240326e-06,1,+,"99, 279",TPOJ2,Area_TemporoParietoOccipital_Junction_2,TPO,15.0,140.0,"1930, 2068",idx_R,279,279.0
6,280.0,5.796862602233887,1,0.001,+,3.3783501318178216e-09,0.005,4.864824189817663e-08,1,+,"100, 280",TPOJ3,Area_TemporoParietoOccipital_Junction_3,TPO,15.0,141.0,"1290, 1277",idx_R,280,280.0
6,281.0,0.03032141737639904,0,0.001,,0.48790535791408896,0.005,0.4920054029385771,0,,"101, 281",7AL,Lateral_Area_7A,Superior_Parietal,16.0,42.0,"2134, 2030",idx_R,281,281.0
6,282.0,2.94497013092041,0,0.001,,0.0016149292076923236,0.005,0.004765364875157677,1,,"102, 282",7Am,Medial_Area_7A,Superior_Parietal,16.0,45.0,"2995, 2379",idx_R,282,282.0
6,283.0,0.1341462880373001,0,0.001,,0.4466434489168322,0.005,0.4608410742790189,0,,"103, 283",7PC,Area_7PC,Superior_Parietal,16.0,47.0,"3151, 3415",idx_R,283,283.0
6,284.0,0.6067930459976196,0,0.001,,0.271994131832293,0.005,0.3108504363797634,0,,"104, 284",7Pl,Lateral_Area_7P,Superior_Parietal,16.0,46.0,"1695, 1363",idx_R,284,284.0
6,285.0,1.4633800983428955,0,0.001,,0.07168170064217792,0.005,0.11268738965582555,0,,"105, 285",7Pm,Medial_Area_7P,Superior_Parietal,16.0,29.0,"1601, 1308",idx_R,285,285.0
6,286.0,0.7368525862693787,0,0.001,,0.23060600005912374,0.005,0.28141749159757473,0,,"106, 286",AIP,Anterior_IntraParietal_Area,Superior_Parietal,16.0,117.0,"1999, 2542",idx_R,286,286.0
6,287.0,1.2641937732696533,0,0.001,,0.10308024261296111,0.005,0.15462036391944167,0,,"107, 287",LIPd,Area_Lateral_IntraParietal_dorsal,Superior_Parietal,16.0,95.0,"1008, 869",idx_R,287,287.0
6,288.0,-1.90127432346344,0,0.001,,0.02863304521046773,0.005,0.05368695976962699,0,,"108, 288",LIPv,Area_Lateral_IntraParietal_ventral,Superior_Parietal,16.0,48.0,"1681, 1783",idx_R,288,288.0
6,289.0,-0.42732691764831543,0,0.001,,0.3345706148136157,0.005,0.3706012964089282,0,,"109, 289",MIP,Medial_IntraParietal_Area,Superior_Parietal,16.0,50.0,"1872, 2403",idx_R,289,289.0
6,290.0,-0.8069940209388733,0,0.001,,0.20983496394855322,0.005,0.2604847828326868,0,,"110, 290",VIP,Ventral_IntraParietal_Complex,Superior_Parietal,16.0,49.0,"1890, 1577",idx_R,290,290.0
6,291.0,-0.4921495020389557,0,0.001,,0.3113068299615477,0.005,0.3508739363028929,0,,"111, 291",IP0,Area_IntraParietal_0,Inferior_Parietal,17.0,146.0,"1203, 1239",idx_R,291,291.0
6,292.0,1.9319640398025513,0,0.001,,0.02668197225039058,0.005,0.050822804286458245,0,,"112, 292",IP1,Area_IntraParietal_1,Inferior_Parietal,17.0,145.0,"1692, 1632",idx_R,292,292.0
6,293.0,1.066855788230896,0,0.001,,0.14301848097273712,0.005,0.19726687030722362,0,,"113, 293",IP2,Area_IntraParietal_2,Inferior_Parietal,17.0,144.0,"2102, 1861",idx_R,293,293.0
6,294.0,1.806634783744812,0,0.001,,0.035409621152853316,0.005,0.06342021699018505,0,,"114, 294",PF,Area_PF_Complex,Inferior_Parietal,17.0,148.0,"5457, 5251",idx_R,294,294.0
6,295.0,-1.5937609672546387,0,0.001,,0.05549479153994496,0.005,0.0912243148601835,0,,"115, 295",PFm,Area_PFm_Complex,Inferior_Parietal,17.0,149.0,"8220, 8141",idx_R,295,295.0
6,296.0,1.7311896085739136,0,0.001,,0.041708976062734195,0.005,0.07253734967432034,0,,"116, 296",PFop,Area_PF_Opercular,Inferior_Parietal,17.0,147.0,"1797, 1783",idx_R,296,296.0
6,297.0,-0.10623784363269806,0,0.001,,0.45769682297696407,0.005,0.46791507067159643,0,,"117, 297",PFt,Area_PFt,Inferior_Parietal,17.0,116.0,"1983, 2039",idx_R,297,297.0
6,298.0,0.05675431340932846,0,0.001,,0.47737045392861044,0.005,0.4827341668941005,0,,"118, 298",PGi,Area_PGi,Inferior_Parietal,17.0,150.0,"4791, 4970",idx_R,298,298.0
6,299.0,4.139578819274902,1,0.001,+,1.7397202071254887e-05,0.005,9.076801080654724e-05,1,+,"119, 299",PGp,Area_PGp,Inferior_Parietal,17.0,143.0,"2501, 3740",idx_R,299,299.0
6,300.0,0.6281347274780273,0,0.001,,0.2649578425800863,0.005,0.3067036119898105,0,,"120, 300",PGs,Area_PGs,Inferior_Parietal,17.0,151.0,"4552, 3366",idx_R,300,300.0
6,301.0,-1.5322229862213135,0,0.001,,0.0627337090540507,0.005,0.10265516027026478,0,,"121, 301",23d,Area_23d,Posterior_Cingulate,18.0,32.0,"1261, 1513",idx_R,301,301.0
6,302.0,1.7176129817962646,0,0.001,,0.04293361542857402,0.005,0.07430818054945504,0,,"122, 302",31a,Area_31a,Posterior_Cingulate,18.0,162.0,"1260, 1116",idx_R,302,302.0
6,303.0,-2.0699923038482666,0,0.001,,0.019226532584493364,0.005,0.03824061729512492,0,,"123, 303",31pd,Area_31pd,Posterior_Cingulate,18.0,161.0,"1428, 864",idx_R,303,303.0
6,304.0,-1.1237249374389648,0,0.001,,0.13056486689679186,0.005,0.18218353520482586,0,,"124, 304",31pv,Area_31p_ventral,Posterior_Cingulate,18.0,35.0,"950, 1022",idx_R,304,304.0
6,305.0,-0.8655490279197693,0,0.001,,0.19336875923151775,0.005,0.24425527481875925,0,,"125, 305",7 m,Area_7m,Posterior_Cingulate,18.0,30.0,"2128, 2067",idx_R,305,305.0
6,306.0,0.8188970685005188,0,0.001,,0.2064225713044125,0.005,0.2571353829397526,0,,"126, 306",d23ab,Area_dorsal_23_a + b,Posterior_Cingulate,18.0,34.0,"1607, 1106",idx_R,306,306.0
6,307.0,1.5052474737167358,0,0.001,,0.06613023198178267,0.005,0.10716608727953186,0,,"127, 307",DVT,Dorsal_Transitional_Visual_Area,Posterior_Cingulate,18.0,142.0,"1806, 2176",idx_R,307,307.0
6,308.0,4.001691818237305,1,0.001,+,3.14455899095367e-05,0.005,0.00015093883156577616,1,+,"128, 308",PCV,PreCuneus_Visual_Area,Posterior_Cingulate,18.0,27.0,"2245, 2416",idx_R,308,308.0
6,309.0,6.4809417724609375,1,0.001,+,4.557592362998246e-11,0.005,1.093822167119579e-09,1,+,"129, 309",POS1,Parieto-Occipital_Sulcus_Area_1,Posterior_Cingulate,18.0,31.0,"2531, 2727",idx_R,309,309.0
6,310.0,-1.5032799243927002,0,0.001,,0.06638343739815446,0.005,0.10716608727953186,0,,"130, 310",POS2,Parieto-Occipital_Sulcus_Area_2,Posterior_Cingulate,18.0,15.0,"3261, 3093",idx_R,310,310.0
6,311.0,0.5402393341064453,0,0.001,,0.2945159948408884,0.005,0.3334143337821378,0,,"131, 311",ProS,ProStriate_Area,Posterior_Cingulate,18.0,121.0,"1222, 1055",idx_R,311,311.0
6,312.0,0.7250669002532959,0,0.001,,0.23420549464945795,0.005,0.28388544805994903,0,,"132, 312",RSC,RetroSplenial_Complex,Posterior_Cingulate,18.0,14.0,"2830, 3067",idx_R,312,312.0
6,313.0,1.2542946338653564,0,0.001,,0.10486746683192566,0.005,0.1556929824599049,0,,"133, 313",v23ab,Area_ventral_23_a + b,Posterior_Cingulate,18.0,33.0,"916, 1089",idx_R,313,313.0
6,314.0,1.1197290420532227,0,0.001,,0.1314146225816092,0.005,0.18266125146478498,0,,"134, 314",10r,Area_10r,AntCing_MedPFC,19.0,65.0,"1589, 1053",idx_R,314,314.0
6,315.0,0.2693985104560852,0,0.001,,0.39381151614527227,0.005,0.42068885997714545,0,,"135, 315",10v,Area_10v,AntCing_MedPFC,19.0,88.0,"3906, 2667",idx_R,315,315.0
6,316.0,0.6384745836257935,0,0.001,,0.26158239692293045,0.005,0.30475619058982184,0,,"136, 316",25,Area_25,AntCing_MedPFC,19.0,164.0,"1911, 2135",idx_R,316,316.0
6,317.0,3.098780632019043,1,0.001,+,0.0009715942050907578,0.005,0.003068192226602393,1,+,"137, 317",33pr,Area_33_prime,AntCing_MedPFC,19.0,58.0,"1354, 1316",idx_R,317,317.0
6,318.0,-0.9533133506774902,0,0.001,,0.17021566454821546,0.005,0.2204231627243078,0,,"138, 318",8BM,Area_8BM,AntCing_MedPFC,19.0,63.0,"3122, 3436",idx_R,318,318.0
6,319.0,-1.3556430339813232,0,0.001,,0.08760638628304052,0.005,0.13307299182234003,0,,"139, 319",9 m,Area_9_Middle,AntCing_MedPFC,19.0,69.0,"6338, 5881",idx_R,319,319.0
6,320.0,0.5608996748924255,0,0.001,,0.2874329658375396,0.005,0.3274552775364375,0,,"140, 320",a24,Area_a24,AntCing_MedPFC,19.0,61.0,"2085, 2152",idx_R,320,320.0
6,321.0,1.1689777374267578,0,0.001,,0.12120630051749814,0.005,0.17246746318695388,0,,"141, 321",a24pr,Anterior_24_prime,AntCing_MedPFC,19.0,59.0,"1095, 1474",idx_R,321,321.0
6,322.0,1.0301891565322876,0,0.001,,0.15146060947169215,0.005,0.2049842834955232,0,,"142, 322",a32pr,Area_anterior_32_prime,AntCing_MedPFC,19.0,179.0,"1759, 1118",idx_R,322,322.0
6,323.0,-1.1837923526763916,0,0.001,,0.11824763508152208,0.005,0.16959820171054962,0,,"143, 323",d32,Area_dorsal_32,AntCing_MedPFC,19.0,62.0,"2228, 2374",idx_R,323,323.0
6,324.0,2.0576682090759277,0,0.001,,0.01981099704716321,0.005,0.039068811387055646,0,,"144, 324",p24,Area_posterior_24,AntCing_MedPFC,19.0,180.0,"2394, 2442",idx_R,324,324.0
6,325.0,4.0662431716918945,1,0.001,+,2.3888541750681613e-05,0.005,0.00012112500042599129,1,+,"145, 325",p24pr,Area_Posterior_24_prime,AntCing_MedPFC,19.0,57.0,"1422, 1724",idx_R,325,325.0
6,326.0,-0.10341520607471466,0,0.001,,0.4588167220752043,0.005,0.46791507067159643,0,,"146, 326",p32,Area_p32,AntCing_MedPFC,19.0,64.0,"1180, 1765",idx_R,326,326.0
6,327.0,1.7820430994033813,0,0.001,,0.03737110181333329,0.005,0.06594900319999993,0,,"147, 327",p32pr,Area_p32_prime,AntCing_MedPFC,19.0,60.0,"1569, 1305",idx_R,327,327.0
6,328.0,-0.7324548959732056,0,0.001,,0.23194548143568366,0.005,0.28209585580015584,0,,"148, 328",pOFC,Posterior_OFC_Complex,AntCing_MedPFC,19.0,166.0,"2486, 2836",idx_R,328,328.0
6,329.0,2.2913618087768555,0,0.001,,0.010971248254301647,0.005,0.023937268918476317,0,,"149, 329",s32,Area_s32,AntCing_MedPFC,19.0,165.0,"604, 1015",idx_R,329,329.0
6,330.0,-0.8946987390518188,0,0.001,,0.18547407646954744,0.005,0.23677541676963504,0,,"150, 330",10d,Area_10d,OrbPolaFrontal,20.0,72.0,"3644, 3096",idx_R,330,330.0
6,331.0,-0.08879011124372482,0,0.001,,0.46462435836730887,0.005,0.4724993474921785,0,,"151, 331",10 pp,Polar_10p,OrbPolaFrontal,20.0,90.0,"1997, 2487",idx_R,331,331.0
6,332.0,2.2542829513549805,0,0.001,,0.012089186583374675,0.005,0.025633470068121857,0,,"152, 332",11 l,Area_11l,OrbPolaFrontal,20.0,91.0,"3531, 3793",idx_R,332,332.0
6,333.0,4.360971927642822,1,0.001,+,6.474299021855035e-06,0.005,3.69959944106002e-05,1,+,"153, 333",13 l,Area_13l,OrbPolaFrontal,20.0,92.0,"2429, 1757",idx_R,333,333.0
6,334.0,4.928421497344971,1,0.001,+,4.1448314778544245e-07,0.005,3.8151143511723045e-06,1,+,"154, 334",47 m,Area_47m,OrbPolaFrontal,20.0,66.0,"799, 781",idx_R,334,334.0
6,335.0,-1.2186282873153687,0,0.001,,0.11149265379443374,0.005,0.16315998116258595,0,,"155, 335",47 s,Area_47s,OrbPolaFrontal,20.0,94.0,"2795, 3080",idx_R,335,335.0
6,336.0,0.9643786549568176,0,0.001,,0.16742805984063425,0.005,0.21759603444992176,0,,"156, 336",a10p,Area_anterior_10p,OrbPolaFrontal,20.0,89.0,"1964, 1748",idx_R,336,336.0
6,337.0,-0.8312915563583374,0,0.001,,0.20290447170441822,0.005,0.254514319907981,0,,"157, 337",OFC,Orbital_Frontal_Complex,OrbPolaFrontal,20.0,93.0,"4560, 5232",idx_R,337,337.0
6,338.0,-0.6512235403060913,0,0.001,,0.2574510983024155,0.005,0.30091686814568047,0,,"158, 338",p10p,Area_posterior_10p,OrbPolaFrontal,20.0,170.0,"2116, 2365",idx_R,338,338.0
6,339.0,-1.0420434474945068,0,0.001,,0.14869576797001877,0.005,0.20276695632275285,0,,"159, 339",44,Area_44,Inferior_Frontal,21.0,74.0,"2435, 2589",idx_R,339,339.0
6,340.0,-3.948678493499756,1,0.001,-,3.929190500875743e-05,0.005,0.00018134725388657273,1,-,"160, 340",45,Area_45,Inferior_Frontal,21.0,75.0,"3762, 2962",idx_R,340,340.0
6,341.0,-0.9666019082069397,0,0.001,,0.16687154015668465,0.005,0.21759603444992176,0,,"161, 341",47 l,Area_47l_(47_lateral),Inferior_Frontal,21.0,76.0,"2527, 2592",idx_R,341,341.0
6,342.0,-0.8251340985298157,0,0.001,,0.20464773136544773,0.005,0.2558096642068097,0,,"162, 342",a47r,Area_anterior_47r,Inferior_Frontal,21.0,77.0,"4167, 3763",idx_R,342,342.0
6,343.0,3.0306222438812256,0,0.001,,0.0012202518616148534,0.005,0.0036976377148448033,1,,"163, 343",IFJa,Area_IFJa,Inferior_Frontal,21.0,79.0,"1513, 1405",idx_R,343,343.0
6,344.0,5.2282633781433105,1,0.001,+,8.555482111359911e-08,0.005,1.0266578533631893e-06,1,+,"164, 344",IFJp,Area_IFJp,Inferior_Frontal,21.0,80.0,"960, 740",idx_R,344,344.0
6,345.0,4.496768951416016,1,0.001,+,3.4496945506072016e-06,0.005,2.328768031553866e-05,1,+,"165, 345",IFSa,Area_IFSa,Inferior_Frontal,21.0,82.0,"2057, 2641",idx_R,345,345.0
6,346.0,3.2289297580718994,1,0.001,+,0.0006212720488180828,0.005,0.002051907684169815,1,+,"166, 346",IFSp,Area_IFSp,Inferior_Frontal,21.0,81.0,"1589, 1730",idx_R,346,346.0
6,347.0,-0.22000373899936676,0,0.001,,0.41293412137197655,0.005,0.43722436380562224,0,,"167, 347",p47r,Area_posterior_47r,Inferior_Frontal,21.0,171.0,"2133, 1761",idx_R,347,347.0
6,348.0,2.0566494464874268,0,0.001,,0.019859979121753288,0.005,0.039068811387055646,0,,"168, 348",46,Area_46,Dorsolateral_Prefrontal,22.0,84.0,"4863, 4394",idx_R,348,348.0
6,349.0,2.90041184425354,0,0.001,,0.001863363247581709,0.005,0.005323894993090598,0,,"169, 349",8Ad,Area_8Ad,Dorsolateral_Prefrontal,22.0,68.0,"3386, 3492",idx_R,349,349.0
6,350.0,-1.0701868534088135,0,0.001,,0.1422676053437243,0.005,0.19698591509131055,0,,"170, 350",8Av,Area_8Av,Dorsolateral_Prefrontal,22.0,67.0,"4807, 5902",idx_R,350,350.0
6,351.0,-3.515258550643921,1,0.001,-,0.0002196630229286642,0.005,0.0008324072447823064,1,-,"171, 351",8BL,Area_8B_Lateral,Dorsolateral_Prefrontal,22.0,70.0,"3377, 4078",idx_R,351,351.0
6,352.0,1.0016560554504395,0,0.001,,0.1582548687988527,0.005,0.21022786999109583,0,,"172, 352",8C,Area_8C,Dorsolateral_Prefrontal,22.0,73.0,"4085, 3134",idx_R,352,352.0
6,353.0,1.25608229637146,0,0.001,,0.10454306703868427,0.005,0.1556929824599049,0,,"173, 353",9-46d,Area_9-46d,Dorsolateral_Prefrontal,22.0,86.0,"4534, 4666",idx_R,353,353.0
6,354.0,-1.4799479246139526,0,0.001,,0.06944357229607447,0.005,0.11013077544751897,0,,"174, 354",9a,Area_9_anterior,Dorsolateral_Prefrontal,22.0,87.0,"3706, 3048",idx_R,354,354.0
6,355.0,-1.0434355735778809,0,0.001,,0.14837330250530012,0.005,0.20276695632275285,0,,"175, 355",9p,Area_9_Posterior,Dorsolateral_Prefrontal,22.0,71.0,"3426, 2488",idx_R,355,355.0
6,356.0,0.4676034152507782,0,0.001,,0.3200341110748879,0.005,0.35559345674987547,0,,"176, 356",a9-46v,Area_anterior_9-46v,Dorsolateral_Prefrontal,22.0,85.0,"3314, 2628",idx_R,356,356.0
6,357.0,1.3166660070419312,0,0.001,,0.09397530136865989,0.005,0.14214751467528386,0,,"177, 357",i6-8,Inferior_6-8_Transitional_Area,Dorsolateral_Prefrontal,22.0,97.0,"1764, 2418",idx_R,357,357.0
6,358.0,1.4165688753128052,0,0.001,,0.0783045069077462,0.005,0.12203299777830576,0,,"178, 358",p9-46v,Area_posterior_9-46v,Dorsolateral_Prefrontal,22.0,83.0,"2871, 4635",idx_R,358,358.0
6,359.0,-0.718783974647522,0,0.001,,0.23613701655332597,0.005,0.28526619449395085,0,,"179, 359",s6-8,Superior_6-8_Transitional_Area,Dorsolateral_Prefrontal,22.0,98.0,"1336, 2132",idx_R,359,359.0
6,360.0,-3.6032135486602783,1,0.001,-,0.00015715354743393186,0.005,0.0006279931627223937,1,-,"180, 360",SFL,Superior_Frontal_Language_Area,Dorsolateral_Prefrontal,22.0,26.0,"3873, 3055",idx_R,360,360.0
7,1.0,0.0503951832652092,0,0.001,,0.4799037373543637,0.005,0.49026762183827094,0,,"1, 181",V1,Primary_Visual_Cortex,Primary_Visual,1.0,1.0,"13,812, 13,406",idx_L,1,1.0
7,2.0,-0.17680881917476654,0,0.001,,0.4298292807490093,0.005,0.4697797374498084,0,,"2, 182",V2,Second_Visual_Area,Early_Visual,2.0,4.0,"9515, 9420",idx_L,2,2.0
7,3.0,-0.6741422414779663,0,0.001,,0.25011044307012675,0.005,0.3587241414551619,0,,"3, 183",V3,Third_Visual_Area,Early_Visual,2.0,5.0,"7106, 7481",idx_L,3,3.0
7,4.0,-2.062592029571533,0,0.001,,0.019575702829460903,0.005,0.085072195400317,0,,"4, 184",V4,Fourth_Visual_Area,Early_Visual,2.0,6.0,"4782, 4537",idx_L,4,4.0
7,5.0,-1.7083359956741333,0,0.001,,0.04378700794803068,0.005,0.12490334994953407,0,,"5, 185",IPS1,IntraParietal_Sulcus_Area_1,Dorsal_Stream_Visual,3.0,17.0,"1751, 1750",idx_L,5,5.0
7,6.0,-1.7756057977676392,0,0.001,,0.03789895686610306,0.005,0.12074003957342569,0,,"6, 186",V3A,Area_V3A,Dorsal_Stream_Visual,3.0,13.0,"2191, 2212",idx_L,6,6.0
7,7.0,-1.2460272312164307,0,0.001,,0.10637719902860943,0.005,0.2115789593939193,0,,"7, 187",V3B,Area_V3B,Dorsal_Stream_Visual,3.0,19.0,"639, 731",idx_L,7,7.0
7,8.0,-0.12191374599933624,0,0.001,,0.45148366455143635,0.005,0.48229708972853735,0,,"8, 188",V6,Sixth_Visual_Area,Dorsal_Stream_Visual,3.0,3.0,"1402, 1559",idx_L,8,8.0
7,9.0,-0.9368473887443542,0,0.001,,0.17441853252713418,0.005,0.2893579341463977,0,,"9, 189",V6A,Area_V6A,Dorsal_Stream_Visual,3.0,152.0,"904, 734",idx_L,9,9.0
7,10.0,-2.5066537857055664,0,0.001,,0.0060940012991323855,0.005,0.04541786006113382,0,,"10, 190",V7,Seventh_Visual_Area,Dorsal_Stream_Visual,3.0,16.0,"1005, 1041",idx_L,10,10.0
7,11.0,-0.3848297894001007,0,0.001,,0.3501817634500288,0.005,0.42826687998116214,0,,"11, 191",FFC,Fusiform_Face_Complex,Ventral_Stream_Visual,4.0,18.0,"3848, 4402",idx_L,11,11.0
7,12.0,-3.3819971084594727,1,0.001,-,0.0003598045103773652,0.005,0.006476481186792574,0,,"12, 192",PIT,Posterior_InferoTemporal_complex,Ventral_Stream_Visual,4.0,22.0,"1392, 1386",idx_L,12,12.0
7,13.0,-1.691720962524414,0,0.001,,0.0453495948044714,0.005,0.12490334994953407,0,,"13, 193",V8,Eighth_Visual_Area,Ventral_Stream_Visual,4.0,7.0,"1361, 1175",idx_L,13,13.0
7,14.0,-0.04733849689364433,0,0.001,,0.48112172318814783,0.005,0.49026762183827094,0,,"14, 194",VMV1,VentroMedial_Visual_Area_1,Ventral_Stream_Visual,4.0,153.0,"939, 1219",idx_L,14,14.0
7,15.0,0.03225306048989296,0,0.001,,0.4871351210065434,0.005,0.49026762183827094,0,,"15, 195",VMV2,VentroMedial_Visual_Area_2,Ventral_Stream_Visual,4.0,160.0,"639, 923",idx_L,15,15.0
7,16.0,-1.5066863298416138,0,0.001,,0.06594553858404031,0.005,0.1599268582305442,0,,"16, 196",VMV3,VentroMedial_Visual_Area_3,Ventral_Stream_Visual,4.0,154.0,"941, 1242",idx_L,16,16.0
7,17.0,-0.21122758090496063,0,0.001,,0.41635484490340097,0.005,0.46204383940704297,0,,"17, 197",VVC,Ventral_Visual_Complex,Ventral_Stream_Visual,4.0,163.0,"2487, 2753",idx_L,17,17.0
7,18.0,-0.2734221816062927,0,0.001,,0.3922643518610957,0.005,0.4483021164126808,0,,"18, 198",FST,Area_FST,MT + _Complex,5.0,157.0,"1324, 1683",idx_L,18,18.0
7,19.0,-2.271589517593384,0,0.001,,0.011555657303049393,0.005,0.06086320486013711,0,,"19, 199",LO1,Area_Lateral_Occipital_1,MT + _Complex,5.0,20.0,"619, 909",idx_L,19,19.0
7,20.0,-4.304789066314697,1,0.001,-,8.357245769423467e-06,0.005,0.0004298012109989212,1,-,"20, 200",LO2,Area_Lateral_Occipital_2,MT + _Complex,5.0,21.0,"1179, 1062",idx_L,20,20.0
7,21.0,-0.7470340132713318,0,0.001,,0.22752151485291539,0.005,0.33706891089320795,0,,"21, 201",LO3,Area_Lateral_Occipital_3,MT + _Complex,5.0,159.0,"438, 915",idx_L,21,21.0
7,22.0,1.7136837244033813,0,0.001,,0.04329341380523015,0.005,0.12490334994953407,0,,"22, 202",MST,Medial_Superior_Temporal_Area,MT + _Complex,5.0,2.0,"794, 1036",idx_L,22,22.0
7,23.0,0.6766209006309509,0,0.001,,0.24932325733610566,0.005,0.3587241414551619,0,,"23, 203",MT,Middle_Temporal_Area,MT + _Complex,5.0,23.0,"620, 1005",idx_L,23,23.0
7,24.0,-1.1611528396606445,0,0.001,,0.1227898747846905,0.005,0.22553242307392132,0,,"24, 204",PH,Area_PH,MT + _Complex,5.0,138.0,"3453, 3205",idx_L,24,24.0
7,25.0,-3.431197166442871,1,0.001,-,0.00030046183091128115,0.005,0.0061414496584367,0,,"25, 205",V3CD,Area_V3CD,MT + _Complex,5.0,158.0,"876, 1222",idx_L,25,25.0
7,26.0,-2.1396262645721436,0,0.001,,0.01619249114701557,0.005,0.07473457452468724,0,,"26, 206",V4t,Area_V4t,MT + _Complex,5.0,156.0,"1037, 1249",idx_L,26,26.0
7,27.0,-0.37637200951576233,0,0.001,,0.35332017598445875,0.005,0.42826687998116214,0,,"27, 207",1,Area_1,SomaSens_Motor,6.0,51.0,"6590, 5925",idx_L,27,27.0
7,28.0,-2.0617899894714355,0,0.001,,0.019613867272850867,0.005,0.085072195400317,0,,"28, 208",2,Area_2,SomaSens_Motor,6.0,52.0,"4278, 4727",idx_L,28,28.0
7,29.0,-0.36272767186164856,0,0.001,,0.358404163199002,0.005,0.43016484462993854,0,,"29, 209",3a,Area_3a,SomaSens_Motor,6.0,53.0,"2247, 2286",idx_L,29,29.0
7,30.0,-0.6217710971832275,0,0.001,,0.267046196970324,0.005,0.3688402529453468,0,,"30, 210",3b,Primary_Sensory_Cortex,SomaSens_Motor,6.0,9.0,"5451, 4350",idx_L,30,30.0
7,31.0,-0.5492563843727112,0,0.001,,0.2914147573316324,0.005,0.3885530097755099,0,,"31, 211",4,Primary_Motor_Cortex,SomaSens_Motor,6.0,8.0,"10,776, 10,254",idx_L,31,31.0
7,32.0,1.4758480787277222,0,0.001,,0.06999234026428411,0.005,0.16361845776066414,0,,"32, 212",23c,Area_23c,ParaCentral_MidCing,7.0,38.0,"2259, 2498",idx_L,32,32.0
7,33.0,-0.22013212740421295,0,0.001,,0.4128841271918706,0.005,0.46160958319588014,0,,"33, 213",24dd,Dorsal_Area_24d,ParaCentral_MidCing,7.0,40.0,"2665, 2820",idx_L,33,33.0
7,34.0,-0.24977780878543854,0,0.001,,0.4013795909610923,0.005,0.4558254029842058,0,,"34, 214",24dv,Ventral_Area_24d,ParaCentral_MidCing,7.0,41.0,"1076, 1349",idx_L,34,34.0
7,35.0,-0.6543093919754028,0,0.001,,0.25645624809996914,0.005,0.3606415988905816,0,,"35, 215",5L,Area_5L,ParaCentral_MidCing,7.0,39.0,"2249, 2327",idx_L,35,35.0
7,36.0,0.6002443432807922,0,0.001,,0.2741717025262972,0.005,0.37245967135647917,0,,"36, 216",5 m,Area_5m,ParaCentral_MidCing,7.0,36.0,"1483, 2079",idx_L,36,36.0
7,37.0,-0.30778762698173523,0,0.001,,0.37912196854878166,0.005,0.4423607017001555,0,,"37, 217",5mv,Area_5m_ventral,ParaCentral_MidCing,7.0,37.0,"1651, 1996",idx_L,37,37.0
7,38.0,0.8273349404335022,0,0.001,,0.20402362244084482,0.005,0.31980016622424523,0,,"38, 218",6ma,Area_6m_anterior,ParaCentral_MidCing,7.0,44.0,"3941, 4251",idx_L,38,38.0
7,39.0,-0.7817287445068359,0,0.001,,0.21718700250472145,0.005,0.327143602099162,0,,"39, 219",6mp,Area_6mp,ParaCentral_MidCing,7.0,55.0,"3701, 3105",idx_L,39,39.0
7,40.0,1.6192004680633545,0,0.001,,0.05270206867053074,0.005,0.13649456634094292,0,,"40, 220",SCEF,Supplementary_and_Cingulate_Eye_Field,ParaCentral_MidCing,7.0,43.0,"3500, 3371",idx_L,40,40.0
7,41.0,2.3368520736694336,0,0.001,,0.009723438542920756,0.005,0.05645867541050762,0,,"41, 221",55b,Area_55b,Premotor,8.0,12.0,"2422, 1537",idx_L,41,41.0
7,42.0,-0.2800919711589813,0,0.001,,0.3897034721832399,0.005,0.4474335328854454,0,,"42, 222",6a,Area_6_anterior,Premotor,8.0,96.0,"4233, 3752",idx_L,42,42.0
7,43.0,-0.6080678105354309,0,0.001,,0.2715712501936585,0.005,0.37032443208226157,0,,"43, 223",6d,Dorsal_area_6,Premotor,8.0,54.0,"2916, 2909",idx_L,43,43.0
7,44.0,1.9035022258758545,0,0.001,,0.028487521761602165,0.005,0.1025550783417678,0,,"44, 224",6r,Rostral_Area_6,Premotor,8.0,78.0,"3029, 3981",idx_L,44,44.0
7,45.0,-1.4321635961532593,0,0.001,,0.07604850370267249,0.005,0.17004634368299437,0,,"45, 225",6v,Ventral_Area_6,Premotor,8.0,56.0,"2075, 2516",idx_L,45,45.0
7,46.0,0.031227855011820793,0,0.001,,0.4875439128280583,0.005,0.49026762183827094,0,,"46, 226",FEF,Frontal_Eye_Fields,Premotor,8.0,10.0,"1787, 1889",idx_L,46,46.0
7,47.0,1.2922337055206299,0,0.001,,0.09813811122258453,0.005,0.20073704568255926,0,,"47, 227",PEF,Premotor_Eye_Field,Premotor,8.0,11.0,"1006, 1258",idx_L,47,47.0
7,48.0,-2.2795395851135254,0,0.001,,0.011317504819201308,0.005,0.06086320486013711,0,,"48, 228",43,Area_43,Posterior_Opercular,9.0,99.0,"1889, 1678",idx_L,48,48.0
7,49.0,0.11455520242452621,0,0.001,,0.4543988445763679,0.005,0.482959700673644,0,,"49, 229",FOP1,Frontal_Opercular_Area_1,Posterior_Opercular,9.0,113.0,"879, 932",idx_L,49,49.0
7,50.0,-1.1664280891418457,0,0.001,,0.12172070362790244,0.005,0.22471514515920452,0,,"50, 230",OP1,Area_OP1-SII,Posterior_Opercular,9.0,101.0,"1275, 1072",idx_L,50,50.0
7,51.0,-2.201632499694824,0,0.001,,0.013845639148693464,0.005,0.06827986429492668,0,,"51, 231",OP2-3,Area_OP2-3-VS,Posterior_Opercular,9.0,102.0,"943, 792",idx_L,51,51.0
7,52.0,-1.0965932607650757,0,0.001,,0.13640961740484575,0.005,0.24633341350410534,0,,"52, 232",OP4,Area_OP4-PV,Posterior_Opercular,9.0,100.0,"2332, 2409",idx_L,52,52.0
7,53.0,1.175756573677063,0,0.001,,0.11984608214788395,0.005,0.2247114040272824,0,,"53, 233",52,Area_52,Early_Auditory,10.0,103.0,"725, 580",idx_L,53,53.0
7,54.0,0.17479202151298523,0,0.001,,0.43062152886867744,0.005,0.4697797374498084,0,,"54, 234",A1,Primary_Auditory_Cortex,Early_Auditory,10.0,24.0,"1023, 796",idx_L,54,54.0
7,55.0,1.608961582183838,0,0.001,,0.05381237118496567,0.005,0.13739328813182725,0,,"55, 235",LBelt,Lateral_Belt_Complex,Early_Auditory,10.0,174.0,"820, 901",idx_L,55,55.0
7,56.0,1.1890265941619873,0,0.001,,0.11721460102964709,0.005,0.2247114040272824,0,,"56, 236",MBelt,Medial_Belt_Complex,Early_Auditory,10.0,173.0,"1242, 1236",idx_L,56,56.0
7,57.0,1.6969324350357056,0,0.001,,0.044854717516253334,0.005,0.12490334994953407,0,,"57, 237",PBelt,ParaBelt_Complex,Early_Auditory,10.0,124.0,"1719, 1439",idx_L,57,57.0
7,58.0,-0.013025347143411636,0,0.001,,0.49480378523934787,0.005,0.4961820687636914,0,,"58, 238",PFcm,Area_PFcm,Early_Auditory,10.0,105.0,"1486, 1485",idx_L,58,58.0
7,59.0,2.0552854537963867,0,0.001,,0.019925720735730085,0.005,0.0853959460102718,0,,"59, 239",RI,RetroInsular_Cortex,Early_Auditory,10.0,104.0,"1149, 1334",idx_L,59,59.0
7,60.0,2.758260488510132,0,0.001,,0.0029054935772105045,0.005,0.02752572862620478,0,,"60, 240",A4,Auditory_4_Complex,Auditory_Association,11.0,175.0,"3514, 3610",idx_L,60,60.0
7,61.0,2.4587550163269043,0,0.001,,0.006970985970958511,0.005,0.0475337487764221,0,,"61, 241",A5,Auditory_5_Complex,Auditory_Association,11.0,125.0,"3346, 3881",idx_L,61,61.0
7,62.0,-2.0013439655303955,0,0.001,,0.022677667405539177,0.005,0.09277227574993299,0,,"62, 242",STGa,Area_STGa,Auditory_Association,11.0,123.0,"2509, 2187",idx_L,62,62.0
7,63.0,-0.17144644260406494,0,0.001,,0.431936369710796,0.005,0.4697797374498084,0,,"63, 243",STSda,Area_STSd_anterior,Auditory_Association,11.0,128.0,"1944, 2389",idx_L,63,63.0
7,64.0,1.5030951499938965,0,0.001,,0.06640725466219566,0.005,0.1599268582305442,0,,"64, 244",STSdp,Area_STSd_posterior,Auditory_Association,11.0,129.0,"1994, 2605",idx_L,64,64.0
7,65.0,0.3625495433807373,0,0.001,,0.3584707038582821,0.005,0.43016484462993854,0,,"65, 245",STSva,Area_STSv_anterior,Auditory_Association,11.0,176.0,"1694, 1900",idx_L,65,65.0
7,66.0,1.3879413604736328,0,0.001,,0.0825774509739835,0.005,0.1812675753087443,0,,"66, 246",STSvp,Area_STSv_posterior,Auditory_Association,11.0,130.0,"2898, 2515",idx_L,66,66.0
7,67.0,1.5081140995025635,0,0.001,,0.06576266361330854,0.005,0.1599268582305442,0,,"67, 247",TA2,Area_TA2,Auditory_Association,11.0,107.0,"1518, 1726",idx_L,67,67.0
7,68.0,2.312498092651367,0,0.001,,0.01037512515237696,0.005,0.059286429442154065,0,,"68, 248",AAIC,Anterior_Agranular_Insula_Complex,Insula_FrontalOperc,12.0,112.0,"1859, 1691",idx_L,68,68.0
7,69.0,0.3773341178894043,0,0.001,,0.35296266023459477,0.005,0.42826687998116214,0,,"69, 249",AVI,Anterior_Ventral_Insular_Area,Insula_FrontalOperc,12.0,111.0,"1446, 1792",idx_L,69,69.0
7,70.0,-0.5098039507865906,0,0.001,,0.3050944087776658,0.005,0.39764745562280873,0,,"70, 250",FOP2,Frontal_Opercular_Area_2,Insula_FrontalOperc,12.0,115.0,"750, 720",idx_L,70,70.0
7,71.0,-1.5023201704025269,0,0.001,,0.06650722095303571,0.005,0.1599268582305442,0,,"71, 251",FOP3,Frontal_Opercular_Area_3,Insula_FrontalOperc,12.0,114.0,"754, 614",idx_L,71,71.0
7,72.0,-0.2892446517944336,0,0.001,,0.3861970821158925,0.005,0.4468059636162757,0,,"72, 252",FOP4,Frontal_Opercular_Area_4,Insula_FrontalOperc,12.0,108.0,"2522, 1678",idx_L,72,72.0
7,73.0,1.2956387996673584,0,0.001,,0.09754997761409517,0.005,0.20073704568255926,0,,"73, 253",FOP5,Area_Frontal_Opercular_5,Insula_FrontalOperc,12.0,169.0,"1297, 1365",idx_L,73,73.0
7,74.0,-1.094572901725769,0,0.001,,0.13685189639116963,0.005,0.24633341350410534,0,,"74, 254",Ig,Insular_Granular_Complex,Insula_FrontalOperc,12.0,168.0,"841, 1077",idx_L,74,74.0
7,75.0,-1.5149081945419312,0,0.001,,0.06489782743377825,0.005,0.1599268582305442,0,,"75, 255",MI,Middle_Insular_Area,Insula_FrontalOperc,12.0,109.0,"2102, 1960",idx_L,75,75.0
7,76.0,1.7504912614822388,0,0.001,,0.04001679035600491,0.005,0.12490334994953407,0,,"76, 256",PI,Para-Insular_Area,Insula_FrontalOperc,12.0,178.0,"1033, 1058",idx_L,76,76.0
7,77.0,0.5520892143249512,0,0.001,,0.2904436155808563,0.005,0.3885530097755099,0,,"77, 257",Pir,Pirform_Cortex,Insula_FrontalOperc,12.0,110.0,"2287, 1856",idx_L,77,77.0
7,78.0,1.5434685945510864,0,0.001,,0.061358560859135276,0.005,0.15446910426076013,0,,"78, 258",PoI1,Area_Posterior_Insular_1,Insula_FrontalOperc,12.0,167.0,"1811, 1835",idx_L,78,78.0
7,79.0,0.11353578418493271,0,0.001,,0.45480289740243773,0.005,0.482959700673644,0,,"79, 259",PoI2,Posterior_Insular_Area_2,Insula_FrontalOperc,12.0,106.0,"2747, 2675",idx_L,79,79.0
7,80.0,0.9559746384620667,0,0.001,,0.16954252391221442,0.005,0.2839777165652306,0,,"80, 260",H,Hippocampus,Medial_Temporal,13.0,120.0,"4283, 3626",idx_L,80,80.0
7,81.0,0.9551690816879272,0,0.001,,0.16974609929299067,0.005,0.2839777165652306,0,,"81, 261",PreS,PreSubiculum,Medial_Temporal,13.0,119.0,"1817, 1558",idx_L,81,81.0
7,82.0,0.4799540936946869,0,0.001,,0.3156300178808394,0.005,0.4029319377202205,0,,"82, 262",EC,Entorhinal_Cortex,Medial_Temporal,13.0,118.0,"2127, 2110",idx_L,82,82.0
7,83.0,2.185615301132202,0,0.001,,0.014421881107788888,0.005,0.07016050268654053,0,,"83, 263",PeEc,Perirhinal_Ectorhinal_Cortex,Medial_Temporal,13.0,122.0,"4826, 4755",idx_L,83,83.0
7,84.0,1.8868480920791626,0,0.001,,0.029590380252734024,0.005,0.10443663618612008,0,,"84, 264",TF,Area_TF,Medial_Temporal,13.0,135.0,"3986, 4752",idx_L,84,84.0
7,85.0,2.4279181957244873,0,0.001,,0.0075928840417112545,0.005,0.04881139741100093,0,,"85, 265",PHA1,ParaHippocampal_Area_1,Medial_Temporal,13.0,126.0,"1281, 1168",idx_L,85,85.0
7,86.0,1.030566930770874,0,0.001,,0.1513719751841327,0.005,0.26325560901588296,0,,"86, 266",PHA2,ParaHippocampal_Area_2,Medial_Temporal,13.0,155.0,"783, 771",idx_L,86,86.0
7,87.0,1.274281620979309,0,0.001,,0.10128181381473506,0.005,0.20483962344553158,0,,"87, 267",PHA3,ParaHippocampal_Area_3,Medial_Temporal,13.0,127.0,"2023, 1122",idx_L,87,87.0
7,88.0,2.232243537902832,0,0.001,,0.012799435666047347,0.005,0.06399717833023674,0,,"88, 268",PHT,Area_PHT,Lateral_Temporal,14.0,137.0,"4182, 3410",idx_L,88,88.0
7,89.0,-1.2749979496002197,0,0.001,,0.101154983864025,0.005,0.20483962344553158,0,,"89, 269",TE1a,Area_TE1_anterior,Lateral_Temporal,14.0,132.0,"5227, 4180",idx_L,89,89.0
7,90.0,-0.09001918137073517,0,0.001,,0.46413598609060314,0.005,0.48431581157280323,0,,"90, 270",TE1m,Area_TE1_Middle,Lateral_Temporal,14.0,177.0,"3339, 3429",idx_L,90,90.0
7,91.0,-0.39761289954185486,0,0.001,,0.3454577752074071,0.005,0.42720170119196305,0,,"91, 271",TE1p,Area_TE1_posterior,Lateral_Temporal,14.0,133.0,"7116, 6010",idx_L,91,91.0
7,92.0,-2.287559747695923,0,0.001,,0.011081586132993248,0.005,0.06086320486013711,0,,"92, 272",TE2a,Area_TE2_anterior,Lateral_Temporal,14.0,134.0,"5691, 5753",idx_L,92,92.0
7,93.0,3.748826503753662,1,0.001,+,8.883196657194685e-05,0.005,0.0026649589971584056,1,+,"93, 273",TE2p,Area_TE2_posterior,Lateral_Temporal,14.0,136.0,"4115, 3040",idx_L,93,93.0
7,94.0,0.4319232404232025,0,0.001,,0.33289860149252715,0.005,0.42060246295671705,0,,"94, 274",TGd,Area_TG_dorsal,Lateral_Temporal,14.0,131.0,"10,192, 10,269",idx_L,94,94.0
7,95.0,-0.009177901782095432,0,0.001,,0.49633859833616806,0.005,0.49633859833616806,0,,"95, 275",TGv,Area_TG_Ventral,Lateral_Temporal,14.0,172.0,"3694, 4515",idx_L,95,95.0
7,96.0,5.594588756561279,1,0.001,+,1.1057265855524335e-08,0.005,3.98061570798876e-06,1,+,"96, 276",PSL,PeriSylvian_Language_Area,TPO,15.0,25.0,"2154, 2759",idx_L,96,96.0
7,97.0,3.8215572834014893,1,0.001,+,6.630580054393405e-05,0.005,0.002194259436908527,1,+,"97, 277",STV,Superior_Temporal_Visual_Area,TPO,15.0,28.0,"2322, 2294",idx_L,97,97.0
7,98.0,3.221022367477417,1,0.001,+,0.0006386708929389571,0.005,0.008874632264803837,0,,"98, 278",TPOJ1,Area_TemporoParietoOccipital_Junction_1,TPO,15.0,139.0,"2102, 3938",idx_L,98,98.0
7,99.0,1.7876628637313843,0,0.001,,0.03691520829603488,0.005,0.11940039760765558,0,,"99, 279",TPOJ2,Area_TemporoParietoOccipital_Junction_2,TPO,15.0,140.0,"1930, 2068",idx_L,99,99.0
7,100.0,1.8237353563308716,0,0.001,,0.03409604545814872,0.005,0.11471566696199569,0,,"100, 280",TPOJ3,Area_TemporoParietoOccipital_Junction_3,TPO,15.0,141.0,"1290, 1277",idx_L,100,100.0
7,101.0,-1.1865252256393433,0,0.001,,0.11770747279924004,0.005,0.2247114040272824,0,,"101, 281",7AL,Lateral_Area_7A,Superior_Parietal,16.0,42.0,"2134, 2030",idx_L,101,101.0
7,102.0,-0.4231405258178711,0,0.001,,0.33609636808135895,0.005,0.42060246295671705,0,,"102, 282",7Am,Medial_Area_7A,Superior_Parietal,16.0,45.0,"2995, 2379",idx_L,102,102.0
7,103.0,-2.6000943183898926,0,0.001,,0.004659907057003316,0.005,0.039013175360958,0,,"103, 283",7PC,Area_7PC,Superior_Parietal,16.0,47.0,"3151, 3415",idx_L,103,103.0
7,104.0,-2.8524632453918457,0,0.001,,0.0021690914462420613,0.005,0.021570133197533425,0,,"104, 284",7Pl,Lateral_Area_7P,Superior_Parietal,16.0,46.0,"1695, 1363",idx_L,104,104.0
7,105.0,1.9708826541900635,0,0.001,,0.024368649806391716,0.005,0.09597294541491556,0,,"105, 285",7Pm,Medial_Area_7P,Superior_Parietal,16.0,29.0,"1601, 1308",idx_L,105,105.0
7,106.0,-2.5299134254455566,0,0.001,,0.005704533708880982,0.005,0.04541786006113382,0,,"106, 286",AIP,Anterior_IntraParietal_Area,Superior_Parietal,16.0,117.0,"1999, 2542",idx_L,106,106.0
7,107.0,2.2649991512298584,0,0.001,,0.011756365800571818,0.005,0.06086320486013711,0,,"107, 287",LIPd,Area_Lateral_IntraParietal_dorsal,Superior_Parietal,16.0,95.0,"1008, 869",idx_L,107,107.0
7,108.0,-2.434422492980957,0,0.001,,0.0074577869314553435,0.005,0.04881139741100093,0,,"108, 288",LIPv,Area_Lateral_IntraParietal_ventral,Superior_Parietal,16.0,48.0,"1681, 1783",idx_L,108,108.0
7,109.0,-2.0224344730377197,0,0.001,,0.021565743356069273,0.005,0.0902670085522478,0,,"109, 289",MIP,Medial_IntraParietal_Area,Superior_Parietal,16.0,50.0,"1872, 2403",idx_L,109,109.0
7,110.0,-4.40107536315918,1,0.001,-,5.385785054133883e-06,0.005,0.00042211403208188415,1,-,"110, 290",VIP,Ventral_IntraParietal_Complex,Superior_Parietal,16.0,49.0,"1890, 1577",idx_L,110,110.0
7,111.0,-1.7039073705673218,0,0.001,,0.04419919690793816,0.005,0.12490334994953407,0,,"111, 291",IP0,Area_IntraParietal_0,Inferior_Parietal,17.0,146.0,"1203, 1239",idx_L,111,111.0
7,112.0,1.4540024995803833,0,0.001,,0.07297280659785096,0.005,0.1662671542735845,0,,"112, 292",IP1,Area_IntraParietal_1,Inferior_Parietal,17.0,145.0,"1692, 1632",idx_L,112,112.0
7,113.0,0.9210795164108276,0,0.001,,0.17850445683871263,0.005,0.2934319838444591,0,,"113, 293",IP2,Area_IntraParietal_2,Inferior_Parietal,17.0,144.0,"2102, 1861",idx_L,113,113.0
7,114.0,0.6395651698112488,0,0.001,,0.2612276662436843,0.005,0.36592202275379904,0,,"114, 294",PF,Area_PF_Complex,Inferior_Parietal,17.0,148.0,"5457, 5251",idx_L,114,114.0
7,115.0,-0.5542564988136292,0,0.001,,0.2897016584239092,0.005,0.3885530097755099,0,,"115, 295",PFm,Area_PFm_Complex,Inferior_Parietal,17.0,149.0,"8220, 8141",idx_L,115,115.0
7,116.0,-0.32314029335975647,0,0.001,,0.37329449803283,0.005,0.442059273986246,0,,"116, 296",PFop,Area_PF_Opercular,Inferior_Parietal,17.0,147.0,"1797, 1783",idx_L,116,116.0
7,117.0,-1.7961465120315552,0,0.001,,0.03623560940902103,0.005,0.11940039760765558,0,,"117, 297",PFt,Area_PFt,Inferior_Parietal,17.0,116.0,"1983, 2039",idx_L,117,117.0
7,118.0,-0.2912308871746063,0,0.001,,0.38543737066436057,0.005,0.4468059636162757,0,,"118, 298",PGi,Area_PGi,Inferior_Parietal,17.0,150.0,"4791, 4970",idx_L,118,118.0
7,119.0,-1.7107213735580444,0,0.001,,0.04356628007622515,0.005,0.12490334994953407,0,,"119, 299",PGp,Area_PGp,Inferior_Parietal,17.0,143.0,"2501, 3740",idx_L,119,119.0
7,120.0,-0.03536542132496834,0,0.001,,0.4858941786196219,0.005,0.49026762183827094,0,,"120, 300",PGs,Area_PGs,Inferior_Parietal,17.0,151.0,"4552, 3366",idx_L,120,120.0
7,121.0,-1.7337219715118408,0,0.001,,0.04148371306852808,0.005,0.12490334994953407,0,,"121, 301",23d,Area_23d,Posterior_Cingulate,18.0,32.0,"1261, 1513",idx_L,121,121.0
7,122.0,-1.1137789487838745,0,0.001,,0.13268701507737507,0.005,0.24124911832250012,0,,"122, 302",31a,Area_31a,Posterior_Cingulate,18.0,162.0,"1260, 1116",idx_L,122,122.0
7,123.0,1.6151326894760132,0,0.001,,0.05314098159183676,0.005,0.1366482383790088,0,,"123, 303",31pd,Area_31pd,Posterior_Cingulate,18.0,161.0,"1428, 864",idx_L,123,123.0
7,124.0,-0.7411841154098511,0,0.001,,0.22929090667131774,0.005,0.3382980590232557,0,,"124, 304",31pv,Area_31p_ventral,Posterior_Cingulate,18.0,35.0,"950, 1022",idx_L,124,124.0
7,125.0,3.3427813053131104,1,0.001,+,0.00041471619674870276,0.005,0.006786265037706045,0,,"125, 305",7 m,Area_7m,Posterior_Cingulate,18.0,30.0,"2128, 2067",idx_L,125,125.0
7,126.0,-1.7328158617019653,0,0.001,,0.04156420133924054,0.005,0.12490334994953407,0,,"126, 306",d23ab,Area_dorsal_23_a + b,Posterior_Cingulate,18.0,34.0,"1607, 1106",idx_L,126,126.0
7,127.0,0.04716998338699341,0,0.001,,0.48118887533468463,0.005,0.49026762183827094,0,,"127, 307",DVT,Dorsal_Transitional_Visual_Area,Posterior_Cingulate,18.0,142.0,"1806, 2176",idx_L,127,127.0
7,128.0,3.598120927810669,1,0.001,+,0.0001602622951907773,0.005,0.0038462950845786553,1,+,"128, 308",PCV,PreCuneus_Visual_Area,Posterior_Cingulate,18.0,27.0,"2245, 2416",idx_L,128,128.0
7,129.0,1.3336515426635742,0,0.001,,0.09115904126063218,0.005,0.19349848191065797,0,,"129, 309",POS1,Parieto-Occipital_Sulcus_Area_1,Posterior_Cingulate,18.0,31.0,"2531, 2727",idx_L,129,129.0
7,130.0,1.7848011255264282,0,0.001,,0.03714679036682618,0.005,0.11940039760765558,0,,"130, 310",POS2,Parieto-Occipital_Sulcus_Area_2,Posterior_Cingulate,18.0,15.0,"3261, 3093",idx_L,130,130.0
7,131.0,2.101872682571411,0,0.001,,0.017782215045319898,0.005,0.07903206686808843,0,,"131, 311",ProS,ProStriate_Area,Posterior_Cingulate,18.0,121.0,"1222, 1055",idx_L,131,131.0
7,132.0,0.30671924352645874,0,0.001,,0.3795285405680996,0.005,0.4423607017001555,0,,"132, 312",RSC,RetroSplenial_Complex,Posterior_Cingulate,18.0,14.0,"2830, 3067",idx_L,132,132.0
7,133.0,0.9159601926803589,0,0.001,,0.17984388701364395,0.005,0.2942899969314174,0,,"133, 313",v23ab,Area_ventral_23_a + b,Posterior_Cingulate,18.0,33.0,"916, 1089",idx_L,133,133.0
7,134.0,0.06614182889461517,0,0.001,,0.47363245455036124,0.005,0.49026762183827094,0,,"134, 314",10r,Area_10r,AntCing_MedPFC,19.0,65.0,"1589, 1053",idx_L,134,134.0
7,135.0,0.8798343539237976,0,0.001,,0.18947452560091788,0.005,0.30663376407710646,0,,"135, 315",10v,Area_10v,AntCing_MedPFC,19.0,88.0,"3906, 2667",idx_L,135,135.0
7,136.0,0.2643275260925293,0,0.001,,0.39576377578185573,0.005,0.45087012430844325,0,,"136, 316",25,Area_25,AntCing_MedPFC,19.0,164.0,"1911, 2135",idx_L,136,136.0
7,137.0,0.9810048937797546,0,0.001,,0.16329516413069045,0.005,0.27729367493890833,0,,"137, 317",33pr,Area_33_prime,AntCing_MedPFC,19.0,58.0,"1354, 1316",idx_L,137,137.0
7,138.0,1.6369041204452515,0,0.001,,0.050825252429946954,0.005,0.13258761503464422,0,,"138, 318",8BM,Area_8BM,AntCing_MedPFC,19.0,63.0,"3122, 3436",idx_L,138,138.0
7,139.0,0.655417263507843,0,0.001,,0.2560995697612228,0.005,0.3606415988905816,0,,"139, 319",9 m,Area_9_Middle,AntCing_MedPFC,19.0,69.0,"6338, 5881",idx_L,139,139.0
7,140.0,-1.3135371208190918,0,0.001,,0.0945010105031307,0.005,0.19664950162501185,0,,"140, 320",a24,Area_a24,AntCing_MedPFC,19.0,61.0,"2085, 2152",idx_L,140,140.0
7,141.0,-0.6093130111694336,0,0.001,,0.2711584922345569,0.005,0.37032443208226157,0,,"141, 321",a24pr,Anterior_24_prime,AntCing_MedPFC,19.0,59.0,"1095, 1474",idx_L,141,141.0
7,142.0,-0.09581907093524933,0,0.001,,0.46183213531765155,0.005,0.48431581157280323,0,,"142, 322",a32pr,Area_anterior_32_prime,AntCing_MedPFC,19.0,179.0,"1759, 1118",idx_L,142,142.0
7,143.0,0.03675195202231407,0,0.001,,0.4853413924367507,0.005,0.49026762183827094,0,,"143, 323",d32,Area_dorsal_32,AntCing_MedPFC,19.0,62.0,"2228, 2374",idx_L,143,143.0
7,144.0,-1.5058677196502686,0,0.001,,0.0660505673504342,0.005,0.1599268582305442,0,,"144, 324",p24,Area_posterior_24,AntCing_MedPFC,19.0,180.0,"2394, 2442",idx_L,144,144.0
7,145.0,0.7911235094070435,0,0.001,,0.2144359607888487,0.005,0.3243569154789308,0,,"145, 325",p24pr,Area_Posterior_24_prime,AntCing_MedPFC,19.0,57.0,"1422, 1724",idx_L,145,145.0
7,146.0,1.1708464622497559,0,0.001,,0.12083024908440604,0.005,0.22471514515920452,0,,"146, 326",p32,Area_p32,AntCing_MedPFC,19.0,64.0,"1180, 1765",idx_L,146,146.0
7,147.0,-0.9002161622047424,0,0.001,,0.18400261336748358,0.005,0.29973276385653436,0,,"147, 327",p32pr,Area_p32_prime,AntCing_MedPFC,19.0,60.0,"1569, 1305",idx_L,147,147.0
7,148.0,0.4900435507297516,0,0.001,,0.3120515407948746,0.005,0.3997813334026864,0,,"148, 328",pOFC,Posterior_OFC_Complex,AntCing_MedPFC,19.0,166.0,"2486, 2836",idx_L,148,148.0
7,149.0,-0.5073129534721375,0,0.001,,0.3059676255764389,0.005,0.39764745562280873,0,,"149, 329",s32,Area_s32,AntCing_MedPFC,19.0,165.0,"604, 1015",idx_L,149,149.0
7,150.0,-1.4464055299758911,0,0.001,,0.07403174585758357,0.005,0.16761904722471752,0,,"150, 330",10d,Area_10d,OrbPolaFrontal,20.0,72.0,"3644, 3096",idx_L,150,150.0
7,151.0,-0.874406099319458,0,0.001,,0.1909485684808948,0.005,0.3068816279157238,0,,"151, 331",10 pp,Polar_10p,OrbPolaFrontal,20.0,90.0,"1997, 2487",idx_L,151,151.0
7,152.0,-1.4586877822875977,0,0.001,,0.07232553017359587,0.005,0.16584198001588862,0,,"152, 332",11 l,Area_11l,OrbPolaFrontal,20.0,91.0,"3531, 3793",idx_L,152,152.0
7,153.0,2.1460142135620117,0,0.001,,0.01593592235875017,0.005,0.07473457452468724,0,,"153, 333",13 l,Area_13l,OrbPolaFrontal,20.0,92.0,"2429, 1757",idx_L,153,153.0
7,154.0,3.137526512145996,1,0.001,+,0.0008518993229160447,0.005,0.010952991294634862,0,,"154, 334",47 m,Area_47m,OrbPolaFrontal,20.0,66.0,"799, 781",idx_L,154,154.0
7,155.0,0.2100095897912979,0,0.001,,0.4168300941831644,0.005,0.46204383940704297,0,,"155, 335",47 s,Area_47s,OrbPolaFrontal,20.0,94.0,"2795, 3080",idx_L,155,155.0
7,156.0,-1.176872968673706,0,0.001,,0.11962310633877515,0.005,0.2247114040272824,0,,"156, 336",a10p,Area_anterior_10p,OrbPolaFrontal,20.0,89.0,"1964, 1748",idx_L,156,156.0
7,157.0,-0.8562705516815186,0,0.001,,0.19592407304678866,0.005,0.3120914437913448,0,,"157, 337",OFC,Orbital_Frontal_Complex,OrbPolaFrontal,20.0,93.0,"4560, 5232",idx_L,157,157.0
7,158.0,-1.7692450284957886,0,0.001,,0.03842649637349894,0.005,0.12134683065315455,0,,"158, 338",p10p,Area_posterior_10p,OrbPolaFrontal,20.0,170.0,"2116, 2365",idx_L,158,158.0
7,159.0,2.259676456451416,0,0.001,,0.011920669271467522,0.005,0.06086320486013711,0,,"159, 339",44,Area_44,Inferior_Frontal,21.0,74.0,"2435, 2589",idx_L,159,159.0
7,160.0,3.215129852294922,1,0.001,+,0.0006519276354176517,0.005,0.008874632264803837,0,,"160, 340",45,Area_45,Inferior_Frontal,21.0,75.0,"3762, 2962",idx_L,160,160.0
7,161.0,1.8064451217651367,0,0.001,,0.03542441944240357,0.005,0.11808139814134525,0,,"161, 341",47 l,Area_47l_(47_lateral),Inferior_Frontal,21.0,76.0,"2527, 2592",idx_L,161,161.0
7,162.0,-1.662851333618164,0,0.001,,0.048171099045900646,0.005,0.12843913378789634,0,,"162, 342",a47r,Area_anterior_47r,Inferior_Frontal,21.0,77.0,"4167, 3763",idx_L,162,162.0
7,163.0,5.187405109405518,1,0.001,+,1.0662225945001471e-07,0.005,1.9192006701002646e-05,1,+,"163, 343",IFJa,Area_IFJa,Inferior_Frontal,21.0,79.0,"1513, 1405",idx_L,163,163.0
7,164.0,3.5132508277893066,1,0.001,+,0.0002213296915781064,0.005,0.004979918060507394,1,+,"164, 344",IFJp,Area_IFJp,Inferior_Frontal,21.0,80.0,"960, 740",idx_L,164,164.0
7,165.0,4.364464282989502,1,0.001,+,6.371733385444327e-06,0.005,0.00042211403208188415,1,+,"165, 345",IFSa,Area_IFSa,Inferior_Frontal,21.0,82.0,"2057, 2641",idx_L,165,165.0
7,166.0,2.5532066822052,0,0.001,,0.005336806890912969,0.005,0.04366478365292429,0,,"166, 346",IFSp,Area_IFSp,Inferior_Frontal,21.0,81.0,"1589, 1730",idx_L,166,166.0
7,167.0,0.8781079053878784,0,0.001,,0.18994258163665206,0.005,0.30663376407710646,0,,"167, 347",p47r,Area_posterior_47r,Inferior_Frontal,21.0,171.0,"2133, 1761",idx_L,167,167.0
7,168.0,0.3250853419303894,0,0.001,,0.3725582412156664,0.005,0.442059273986246,0,,"168, 348",46,Area_46,Dorsolateral_Prefrontal,22.0,84.0,"4863, 4394",idx_L,168,168.0
7,169.0,1.3323397636413574,0,0.001,,0.09137428312447737,0.005,0.19349848191065797,0,,"169, 349",8Ad,Area_8Ad,Dorsolateral_Prefrontal,22.0,68.0,"3386, 3492",idx_L,169,169.0
7,170.0,-1.0085654258728027,0,0.001,,0.15659154779389595,0.005,0.2685119810312606,0,,"170, 350",8Av,Area_8Av,Dorsolateral_Prefrontal,22.0,67.0,"4807, 5902",idx_L,170,170.0
7,171.0,0.49523869156837463,0,0.001,,0.310215820909577,0.005,0.3990285724101934,0,,"171, 351",8BL,Area_8B_Lateral,Dorsolateral_Prefrontal,22.0,70.0,"3377, 4078",idx_L,171,171.0
7,172.0,2.4812285900115967,0,0.001,,0.006546518893654731,0.005,0.046457355205486925,0,,"172, 352",8C,Area_8C,Dorsolateral_Prefrontal,22.0,73.0,"4085, 3134",idx_L,172,172.0
7,173.0,0.30628734827041626,0,0.001,,0.37969293562596684,0.005,0.4423607017001555,0,,"173, 353",9-46d,Area_9-46d,Dorsolateral_Prefrontal,22.0,86.0,"4534, 4666",idx_L,173,173.0
7,174.0,0.6652390360832214,0,0.001,,0.25294880822869203,0.005,0.3588732642627161,0,,"174, 354",9a,Area_9_anterior,Dorsolateral_Prefrontal,22.0,87.0,"3706, 3048",idx_L,174,174.0
7,175.0,0.7965196371078491,0,0.001,,0.2128650331826154,0.005,0.3233392909103019,0,,"175, 355",9p,Area_9_Posterior,Dorsolateral_Prefrontal,22.0,71.0,"3426, 2488",idx_L,175,175.0
7,176.0,-0.6309661865234375,0,0.001,,0.26403131686751036,0.005,0.36828024859213115,0,,"176, 356",a9-46v,Area_anterior_9-46v,Dorsolateral_Prefrontal,22.0,85.0,"3314, 2628",idx_L,176,176.0
7,177.0,0.18040797114372253,0,0.001,,0.4284161484652623,0.005,0.4697797374498084,0,,"177, 357",i6-8,Inferior_6-8_Transitional_Area,Dorsolateral_Prefrontal,22.0,97.0,"1764, 2418",idx_L,177,177.0
7,178.0,1.9663981199264526,0,0.001,,0.02462632022359611,0.005,0.09597294541491556,0,,"178, 358",p9-46v,Area_posterior_9-46v,Dorsolateral_Prefrontal,22.0,83.0,"2871, 4635",idx_L,178,178.0
7,179.0,-0.2212982326745987,0,0.001,,0.41243011299702514,0.005,0.46160958319588014,0,,"179, 359",s6-8,Superior_6-8_Transitional_Area,Dorsolateral_Prefrontal,22.0,98.0,"1336, 2132",idx_L,179,179.0
7,180.0,1.0532938241958618,0,0.001,,0.14610317425511687,0.005,0.2578291310384415,0,,"180, 360",SFL,Superior_Frontal_Language_Area,Dorsolateral_Prefrontal,22.0,26.0,"3873, 3055",idx_L,180,180.0
7,181.0,0.0440378375351429,0,0.001,,0.4824371215593353,0.005,0.49026762183827094,0,,"1, 181",V1,Primary_Visual_Cortex,Primary_Visual,1.0,1.0,"13,812, 13,406",idx_R,181,181.0
7,182.0,-0.7348358035087585,0,0.001,,0.23121974956711128,0.005,0.338525840579792,0,,"2, 182",V2,Second_Visual_Area,Early_Visual,2.0,4.0,"9515, 9420",idx_R,182,182.0
7,183.0,-2.122178316116333,0,0.001,,0.016911383369166862,0.005,0.07706453180886165,0,,"3, 183",V3,Third_Visual_Area,Early_Visual,2.0,5.0,"7106, 7481",idx_R,183,183.0
7,184.0,-3.349684476852417,1,0.001,-,0.0004045183085268289,0.005,0.006786265037706045,0,,"4, 184",V4,Fourth_Visual_Area,Early_Visual,2.0,6.0,"4782, 4537",idx_R,184,184.0
7,185.0,-3.6146492958068848,1,0.001,-,0.00015037723256702444,0.005,0.0038462950845786553,1,-,"5, 185",IPS1,IntraParietal_Sulcus_Area_1,Dorsal_Stream_Visual,3.0,17.0,"1751, 1750",idx_R,185,185.0
7,186.0,-2.1428885459899902,0,0.001,,0.016061024462517243,0.005,0.07473457452468724,0,,"6, 186",V3A,Area_V3A,Dorsal_Stream_Visual,3.0,13.0,"2191, 2212",idx_R,186,186.0
7,187.0,-2.7496824264526367,0,0.001,,0.00298265237130489,0.005,0.02753217573512206,0,,"7, 187",V3B,Area_V3B,Dorsal_Stream_Visual,3.0,19.0,"639, 731",idx_R,187,187.0
7,188.0,-1.063920259475708,0,0.001,,0.1436824121966896,0.005,0.2550507027327776,0,,"8, 188",V6,Sixth_Visual_Area,Dorsal_Stream_Visual,3.0,3.0,"1402, 1559",idx_R,188,188.0
7,189.0,-2.306133508682251,0,0.001,,0.010551586735444853,0.005,0.059352675386877295,0,,"9, 189",V6A,Area_V6A,Dorsal_Stream_Visual,3.0,152.0,"904, 734",idx_R,189,189.0
7,190.0,-2.8710992336273193,0,0.001,,0.002045235469182012,0.005,0.021570133197533425,0,,"10, 190",V7,Seventh_Visual_Area,Dorsal_Stream_Visual,3.0,16.0,"1005, 1041",idx_R,190,190.0
7,191.0,-0.734486997127533,0,0.001,,0.2313259910628579,0.005,0.338525840579792,0,,"11, 191",FFC,Fusiform_Face_Complex,Ventral_Stream_Visual,4.0,18.0,"3848, 4402",idx_R,191,191.0
7,192.0,-2.5015885829925537,0,0.001,,0.00618187539720988,0.005,0.04541786006113382,0,,"12, 192",PIT,Posterior_InferoTemporal_complex,Ventral_Stream_Visual,4.0,22.0,"1392, 1386",idx_R,192,192.0
7,193.0,-2.017637252807617,0,0.001,,0.021814527066793217,0.005,0.0902670085522478,0,,"13, 193",V8,Eighth_Visual_Area,Ventral_Stream_Visual,4.0,7.0,"1361, 1175",idx_R,193,193.0
7,194.0,-1.6834412813186646,0,0.001,,0.046144848731355645,0.005,0.12490334994953407,0,,"14, 194",VMV1,VentroMedial_Visual_Area_1,Ventral_Stream_Visual,4.0,153.0,"939, 1219",idx_R,194,194.0
7,195.0,-2.3815600872039795,0,0.001,,0.008619739007669396,0.005,0.051823988963898754,0,,"15, 195",VMV2,VentroMedial_Visual_Area_2,Ventral_Stream_Visual,4.0,160.0,"639, 923",idx_R,195,195.0
7,196.0,-1.5013216733932495,0,0.001,,0.06663619092939342,0.005,0.1599268582305442,0,,"16, 196",VMV3,VentroMedial_Visual_Area_3,Ventral_Stream_Visual,4.0,154.0,"941, 1242",idx_R,196,196.0
7,197.0,-0.7972242832183838,0,0.001,,0.21266039269825726,0.005,0.3233392909103019,0,,"17, 197",VVC,Ventral_Visual_Complex,Ventral_Stream_Visual,4.0,163.0,"2487, 2753",idx_R,197,197.0
7,198.0,-1.3584446907043457,0,0.001,,0.087161310784307,0.005,0.1890245294117501,0,,"18, 198",FST,Area_FST,MT + _Complex,5.0,157.0,"1324, 1683",idx_R,198,198.0
7,199.0,-3.006633758544922,0,0.001,,0.0013207890476105394,0.005,0.015338195391606264,0,,"19, 199",LO1,Area_Lateral_Occipital_1,MT + _Complex,5.0,20.0,"619, 909",idx_R,199,199.0
7,200.0,-2.398073434829712,0,0.001,,0.008240780318674928,0.005,0.05114967094349955,0,,"20, 200",LO2,Area_Lateral_Occipital_2,MT + _Complex,5.0,21.0,"1179, 1062",idx_R,200,200.0
7,201.0,-1.4376859664916992,0,0.001,,0.07526158833504504,0.005,0.16933857375385133,0,,"21, 201",LO3,Area_Lateral_Occipital_3,MT + _Complex,5.0,159.0,"438, 915",idx_R,201,201.0
7,202.0,0.383306086063385,0,0.001,,0.35074641360819403,0.005,0.42826687998116214,0,,"22, 202",MST,Medial_Superior_Temporal_Area,MT + _Complex,5.0,2.0,"794, 1036",idx_R,202,202.0
7,203.0,-1.0320968627929688,0,0.001,,0.15101337168612766,0.005,0.26325560901588296,0,,"23, 203",MT,Middle_Temporal_Area,MT + _Complex,5.0,23.0,"620, 1005",idx_R,203,203.0
7,204.0,-1.7422446012496948,0,0.001,,0.04073282630685403,0.005,0.12490334994953407,0,,"24, 204",PH,Area_PH,MT + _Complex,5.0,138.0,"3453, 3205",idx_R,204,204.0
7,205.0,-3.2775967121124268,1,0.001,-,0.0005234742928906489,0.005,0.007852114393359734,0,,"25, 205",V3CD,Area_V3CD,MT + _Complex,5.0,158.0,"876, 1222",idx_R,205,205.0
7,206.0,-2.448101282119751,0,0.001,,0.007180563995430961,0.005,0.04787042663620641,0,,"26, 206",V4t,Area_V4t,MT + _Complex,5.0,156.0,"1037, 1249",idx_R,206,206.0
7,207.0,-0.13270612061023712,0,0.001,,0.4472129010681035,0.005,0.4791566797158252,0,,"27, 207",1,Area_1,SomaSens_Motor,6.0,51.0,"6590, 5925",idx_R,207,207.0
7,208.0,-1.4624332189559937,0,0.001,,0.07181126597897323,0.005,0.16571830610532284,0,,"28, 208",2,Area_2,SomaSens_Motor,6.0,52.0,"4278, 4727",idx_R,208,208.0
7,209.0,-0.15923266112804413,0,0.001,,0.43674278613698664,0.005,0.47215436339133693,0,,"29, 209",3a,Area_3a,SomaSens_Motor,6.0,53.0,"2247, 2286",idx_R,209,209.0
7,210.0,0.0968131572008133,0,0.001,,0.4614373875420125,0.005,0.48431581157280323,0,,"30, 210",3b,Primary_Sensory_Cortex,SomaSens_Motor,6.0,9.0,"5451, 4350",idx_R,210,210.0
7,211.0,-0.3102967143058777,0,0.001,,0.3781676647691588,0.005,0.4423607017001555,0,,"31, 211",4,Primary_Motor_Cortex,SomaSens_Motor,6.0,8.0,"10,776, 10,254",idx_R,211,211.0
7,212.0,-1.6593618392944336,0,0.001,,0.048521450542094176,0.005,0.12843913378789634,0,,"32, 212",23c,Area_23c,ParaCentral_MidCing,7.0,38.0,"2259, 2498",idx_R,212,212.0
7,213.0,-0.056928277015686035,0,0.001,,0.47730116451605187,0.005,0.49026762183827094,0,,"33, 213",24dd,Dorsal_Area_24d,ParaCentral_MidCing,7.0,40.0,"2665, 2820",idx_R,213,213.0
7,214.0,0.041910238564014435,0,0.001,,0.4832851271884221,0.005,0.49026762183827094,0,,"34, 214",24dv,Ventral_Area_24d,ParaCentral_MidCing,7.0,41.0,"1076, 1349",idx_R,214,214.0
7,215.0,-0.1736927181482315,0,0.001,,0.43105348030657187,0.005,0.4697797374498084,0,,"35, 215",5L,Area_5L,ParaCentral_MidCing,7.0,39.0,"2249, 2327",idx_R,215,215.0
7,216.0,0.4948427677154541,0,0.001,,0.31035555631903927,0.005,0.3990285724101934,0,,"36, 216",5 m,Area_5m,ParaCentral_MidCing,7.0,36.0,"1483, 2079",idx_R,216,216.0
7,217.0,-2.9757251739501953,0,0.001,,0.0014614833849949278,0.005,0.016441688081192937,0,,"37, 217",5mv,Area_5m_ventral,ParaCentral_MidCing,7.0,37.0,"1651, 1996",idx_R,217,217.0
7,218.0,-1.1796623468399048,0,0.001,,0.11906726759305508,0.005,0.2247114040272824,0,,"38, 218",6ma,Area_6m_anterior,ParaCentral_MidCing,7.0,44.0,"3941, 4251",idx_R,218,218.0
7,219.0,-1.0476610660552979,0,0.001,,0.14739739580559952,0.005,0.2588442072683699,0,,"39, 219",6mp,Area_6mp,ParaCentral_MidCing,7.0,55.0,"3701, 3105",idx_R,219,219.0
7,220.0,0.9526385068893433,0,0.001,,0.17038662993913833,0.005,0.2839777165652306,0,,"40, 220",SCEF,Supplementary_and_Cingulate_Eye_Field,ParaCentral_MidCing,7.0,43.0,"3500, 3371",idx_R,220,220.0
7,221.0,3.6861157417297363,1,0.001,+,0.00011385141239168585,0.005,0.0031528083431543777,1,+,"41, 221",55b,Area_55b,Premotor,8.0,12.0,"2422, 1537",idx_R,221,221.0
7,222.0,-2.9479925632476807,0,0.001,,0.0015992237948664202,0.005,0.017446077762179126,0,,"42, 222",6a,Area_6_anterior,Premotor,8.0,96.0,"4233, 3752",idx_R,222,222.0
7,223.0,-1.7233939170837402,0,0.001,,0.042408657092565666,0.005,0.12490334994953407,0,,"43, 223",6d,Dorsal_area_6,Premotor,8.0,54.0,"2916, 2909",idx_R,223,223.0
7,224.0,-0.4225415587425232,0,0.001,,0.33631488661029785,0.005,0.42060246295671705,0,,"44, 224",6r,Rostral_Area_6,Premotor,8.0,78.0,"3029, 3981",idx_R,224,224.0
7,225.0,-1.8762524127960205,0,0.001,,0.030310314047084546,0.005,0.1059389617179654,0,,"45, 225",6v,Ventral_Area_6,Premotor,8.0,56.0,"2075, 2516",idx_R,225,225.0
7,226.0,-0.08240891247987747,0,0.001,,0.4671607745121596,0.005,0.4860632335964666,0,,"46, 226",FEF,Frontal_Eye_Fields,Premotor,8.0,10.0,"1787, 1889",idx_R,226,226.0
7,227.0,1.169136881828308,0,0.001,,0.12117424318480086,0.005,0.22471514515920452,0,,"47, 227",PEF,Premotor_Eye_Field,Premotor,8.0,11.0,"1006, 1258",idx_R,227,227.0
7,228.0,-2.685818672180176,0,0.001,,0.00361761712594284,0.005,0.03176444305705908,0,,"48, 228",43,Area_43,Posterior_Opercular,9.0,99.0,"1889, 1678",idx_R,228,228.0
7,229.0,-0.7664057612419128,0,0.001,,0.22171745292458134,0.005,0.332576179386872,0,,"49, 229",FOP1,Frontal_Opercular_Area_1,Posterior_Opercular,9.0,113.0,"879, 932",idx_R,229,229.0
7,230.0,-1.9179185628890991,0,0.001,,0.027560669043184383,0.005,0.10022061470248866,0,,"50, 230",OP1,Area_OP1-SII,Posterior_Opercular,9.0,101.0,"1275, 1072",idx_R,230,230.0
7,231.0,0.7611849308013916,0,0.001,,0.22327330881460417,0.005,0.33352029532471994,0,,"51, 231",OP2-3,Area_OP2-3-VS,Posterior_Opercular,9.0,102.0,"943, 792",idx_R,231,231.0
7,232.0,-1.9618841409683228,0,0.001,,0.02488798730100985,0.005,0.09597294541491556,0,,"52, 232",OP4,Area_OP4-PV,Posterior_Opercular,9.0,100.0,"2332, 2409",idx_R,232,232.0
7,233.0,0.3811919391155243,0,0.001,,0.3515304150267523,0.005,0.42826687998116214,0,,"53, 233",52,Area_52,Early_Auditory,10.0,103.0,"725, 580",idx_R,233,233.0
7,234.0,1.32245671749115,0,0.001,,0.09300805651411825,0.005,0.19580643476656473,0,,"54, 234",A1,Primary_Auditory_Cortex,Early_Auditory,10.0,24.0,"1023, 796",idx_R,234,234.0
7,235.0,2.5122334957122803,0,0.001,,0.00599848406154689,0.005,0.04541786006113382,0,,"55, 235",LBelt,Lateral_Belt_Complex,Early_Auditory,10.0,174.0,"820, 901",idx_R,235,235.0
7,236.0,0.5959806442260742,0,0.001,,0.2755940786631018,0.005,0.3729844673635964,0,,"56, 236",MBelt,Medial_Belt_Complex,Early_Auditory,10.0,173.0,"1242, 1236",idx_R,236,236.0
7,237.0,2.7336225509643555,0,0.001,,0.0031320903647500207,0.005,0.028188813282750184,0,,"57, 237",PBelt,ParaBelt_Complex,Early_Auditory,10.0,124.0,"1719, 1439",idx_R,237,237.0
7,238.0,-0.09265260398387909,0,0.001,,0.4630897757545074,0.005,0.48431581157280323,0,,"58, 238",PFcm,Area_PFcm,Early_Auditory,10.0,105.0,"1486, 1485",idx_R,238,238.0
7,239.0,-0.2865411639213562,0,0.001,,0.38723183513410564,0.005,0.4468059636162757,0,,"59, 239",RI,RetroInsular_Cortex,Early_Auditory,10.0,104.0,"1149, 1334",idx_R,239,239.0
7,240.0,2.0182065963745117,0,0.001,,0.021784874724465483,0.005,0.0902670085522478,0,,"60, 240",A4,Auditory_4_Complex,Auditory_Association,11.0,175.0,"3514, 3610",idx_R,240,240.0
7,241.0,4.450701713562012,1,0.001,+,4.279507836359921e-06,0.005,0.00042211403208188415,1,+,"61, 241",A5,Auditory_5_Complex,Auditory_Association,11.0,125.0,"3346, 3881",idx_R,241,241.0
7,242.0,1.0633119344711304,0,0.001,,0.14382025737431625,0.005,0.2550507027327776,0,,"62, 242",STGa,Area_STGa,Auditory_Association,11.0,123.0,"2509, 2187",idx_R,242,242.0
7,243.0,0.718562662601471,0,0.001,,0.23620521279630585,0.005,0.3442667069095956,0,,"63, 243",STSda,Area_STSd_anterior,Auditory_Association,11.0,128.0,"1944, 2389",idx_R,243,243.0
7,244.0,3.952338457107544,1,0.001,+,3.8695586595629155e-05,0.005,0.0015478234638251662,1,+,"64, 244",STSdp,Area_STSd_posterior,Auditory_Association,11.0,129.0,"1994, 2605",idx_R,244,244.0
7,245.0,2.369483232498169,0,0.001,,0.008906481384334,0.005,0.05256284095672525,0,,"65, 245",STSva,Area_STSv_anterior,Auditory_Association,11.0,176.0,"1694, 1900",idx_R,245,245.0
7,246.0,3.035135507583618,0,0.001,,0.0012021381877102637,0.005,0.014425658252523165,0,,"66, 246",STSvp,Area_STSv_posterior,Auditory_Association,11.0,130.0,"2898, 2515",idx_R,246,246.0
7,247.0,2.257014751434326,0,0.001,,0.012003576514082596,0.005,0.06086320486013711,0,,"67, 247",TA2,Area_TA2,Auditory_Association,11.0,107.0,"1518, 1726",idx_R,247,247.0
7,248.0,-0.11019186675548553,0,0.001,,0.4561286061917749,0.005,0.482959700673644,0,,"68, 248",AAIC,Anterior_Agranular_Insula_Complex,Insula_FrontalOperc,12.0,112.0,"1859, 1691",idx_R,248,248.0
7,249.0,1.2475758790969849,0,0.001,,0.10609320819622087,0.005,0.2115789593939193,0,,"69, 249",AVI,Anterior_Ventral_Insular_Area,Insula_FrontalOperc,12.0,111.0,"1446, 1792",idx_R,249,249.0
7,250.0,-1.9550784826278687,0,0.001,,0.025286903779918078,0.005,0.09597294541491556,0,,"70, 250",FOP2,Frontal_Opercular_Area_2,Insula_FrontalOperc,12.0,115.0,"750, 720",idx_R,250,250.0
7,251.0,-2.3808090686798096,0,0.001,,0.008637331493983125,0.005,0.051823988963898754,0,,"71, 251",FOP3,Frontal_Opercular_Area_3,Insula_FrontalOperc,12.0,114.0,"754, 614",idx_R,251,251.0
7,252.0,-1.3490047454833984,0,0.001,,0.08866772092369435,0.005,0.19113999720077823,0,,"72, 252",FOP4,Frontal_Opercular_Area_4,Insula_FrontalOperc,12.0,108.0,"2522, 1678",idx_R,252,252.0
7,253.0,0.3290291428565979,0,0.001,,0.37106683025027154,0.005,0.442059273986246,0,,"73, 253",FOP5,Area_Frontal_Opercular_5,Insula_FrontalOperc,12.0,169.0,"1297, 1365",idx_R,253,253.0
7,254.0,-1.7006099224090576,0,0.001,,0.04450812985072327,0.005,0.12490334994953407,0,,"74, 254",Ig,Insular_Granular_Complex,Insula_FrontalOperc,12.0,168.0,"841, 1077",idx_R,254,254.0
7,255.0,-1.2069793939590454,0,0.001,,0.11372003987304424,0.005,0.2224957301863909,0,,"75, 255",MI,Middle_Insular_Area,Insula_FrontalOperc,12.0,109.0,"2102, 1960",idx_R,255,255.0
7,256.0,0.4537622630596161,0,0.001,,0.3249999737659226,0.005,0.4134275284654846,0,,"76, 256",PI,Para-Insular_Area,Insula_FrontalOperc,12.0,178.0,"1033, 1058",idx_R,256,256.0
7,257.0,-0.9834304451942444,0,0.001,,0.16269781613676376,0.005,0.27729367493890833,0,,"77, 257",Pir,Pirform_Cortex,Insula_FrontalOperc,12.0,110.0,"2287, 1856",idx_R,257,257.0
7,258.0,-0.932693362236023,0,0.001,,0.17548915652646824,0.005,0.2897986071079292,0,,"78, 258",PoI1,Area_Posterior_Insular_1,Insula_FrontalOperc,12.0,167.0,"1811, 1835",idx_R,258,258.0
7,259.0,-1.1929047107696533,0,0.001,,0.11645334705464849,0.005,0.2247114040272824,0,,"79, 259",PoI2,Posterior_Insular_Area_2,Insula_FrontalOperc,12.0,106.0,"2747, 2675",idx_R,259,259.0
7,260.0,1.0745066404342651,0,0.001,,0.1412978350906824,0.005,0.25307074941614754,0,,"80, 260",H,Hippocampus,Medial_Temporal,13.0,120.0,"4283, 3626",idx_R,260,260.0
7,261.0,1.2245540618896484,0,0.001,,0.1103716426377907,0.005,0.21831753488793765,0,,"81, 261",PreS,PreSubiculum,Medial_Temporal,13.0,119.0,"1817, 1558",idx_R,261,261.0
7,262.0,1.7045143842697144,0,0.001,,0.044142515542578926,0.005,0.12490334994953407,0,,"82, 262",EC,Entorhinal_Cortex,Medial_Temporal,13.0,118.0,"2127, 2110",idx_R,262,262.0
7,263.0,0.6653984189033508,0,0.001,,0.2528978479773285,0.005,0.3588732642627161,0,,"83, 263",PeEc,Perirhinal_Ectorhinal_Cortex,Medial_Temporal,13.0,122.0,"4826, 4755",idx_R,263,263.0
7,264.0,3.416045665740967,1,0.001,+,0.00031768795505395626,0.005,0.0061414496584367,0,,"84, 264",TF,Area_TF,Medial_Temporal,13.0,135.0,"3986, 4752",idx_R,264,264.0
7,265.0,1.6955255270004272,0,0.001,,0.04498788597532313,0.005,0.12490334994953407,0,,"85, 265",PHA1,ParaHippocampal_Area_1,Medial_Temporal,13.0,126.0,"1281, 1168",idx_R,265,265.0
7,266.0,0.8356298804283142,0,0.001,,0.20168157675484,0.005,0.31844459487606314,0,,"86, 266",PHA2,ParaHippocampal_Area_2,Medial_Temporal,13.0,155.0,"783, 771",idx_R,266,266.0
7,267.0,0.17230381071567535,0,0.001,,0.43159934432071595,0.005,0.4697797374498084,0,,"87, 267",PHA3,ParaHippocampal_Area_3,Medial_Temporal,13.0,127.0,"2023, 1122",idx_R,267,267.0
7,268.0,0.4197494685649872,0,0.001,,0.3373342414434658,0.005,0.42060246295671705,0,,"88, 268",PHT,Area_PHT,Lateral_Temporal,14.0,137.0,"4182, 3410",idx_R,268,268.0
7,269.0,-0.5380172729492188,0,0.001,,0.29528256187581015,0.005,0.39225727776860386,0,,"89, 269",TE1a,Area_TE1_anterior,Lateral_Temporal,14.0,132.0,"5227, 4180",idx_R,269,269.0
7,270.0,-0.5837202668190002,0,0.001,,0.27970426480062605,0.005,0.3771293457985969,0,,"90, 270",TE1m,Area_TE1_Middle,Lateral_Temporal,14.0,177.0,"3339, 3429",idx_R,270,270.0
7,271.0,-0.2092593014240265,0,0.001,,0.41712291057580264,0.005,0.46204383940704297,0,,"91, 271",TE1p,Area_TE1_posterior,Lateral_Temporal,14.0,133.0,"7116, 6010",idx_R,271,271.0
7,272.0,-1.361293077468872,0,0.001,,0.08671054488773683,0.005,0.1890245294117501,0,,"92, 272",TE2a,Area_TE2_anterior,Lateral_Temporal,14.0,134.0,"5691, 5753",idx_R,272,272.0
7,273.0,1.467454195022583,0,0.001,,0.07112627047980698,0.005,0.16519649917890655,0,,"93, 273",TE2p,Area_TE2_posterior,Lateral_Temporal,14.0,136.0,"4115, 3040",idx_R,273,273.0
7,274.0,0.16115222871303558,0,0.001,,0.43598675260399405,0.005,0.47215436339133693,0,,"94, 274",TGd,Area_TG_dorsal,Lateral_Temporal,14.0,131.0,"10,192, 10,269",idx_R,274,274.0
7,275.0,0.8465349078178406,0,0.001,,0.19862720437408088,0.005,0.31500349592365245,0,,"95, 275",TGv,Area_TG_Ventral,Lateral_Temporal,14.0,172.0,"3694, 4515",idx_R,275,275.0
7,276.0,0.39476531744003296,0,0.001,,0.34650804652237,0.005,0.42720170119196305,0,,"96, 276",PSL,PeriSylvian_Language_Area,TPO,15.0,25.0,"2154, 2759",idx_R,276,276.0
7,277.0,3.059684991836548,0,0.001,,0.0011078495158631705,0.005,0.013752614679680737,0,,"97, 277",STV,Superior_Temporal_Visual_Area,TPO,15.0,28.0,"2322, 2294",idx_R,277,277.0
7,278.0,4.2226362228393555,1,0.001,+,1.2073068533554421e-05,0.005,0.0005432880840099489,1,+,"98, 278",TPOJ1,Area_TemporoParietoOccipital_Junction_1,TPO,15.0,139.0,"2102, 3938",idx_R,278,278.0
7,279.0,1.9607967138290405,0,0.001,,0.024951370779341533,0.005,0.09597294541491556,0,,"99, 279",TPOJ2,Area_TemporoParietoOccipital_Junction_2,TPO,15.0,140.0,"1930, 2068",idx_R,279,279.0
7,280.0,0.22080160677433014,0,0.001,,0.41262345621681756,0.005,0.46160958319588014,0,,"100, 280",TPOJ3,Area_TemporoParietoOccipital_Junction_3,TPO,15.0,141.0,"1290, 1277",idx_R,280,280.0
7,281.0,-1.684780478477478,0,0.001,,0.04601546631921411,0.005,0.12490334994953407,0,,"101, 281",7AL,Lateral_Area_7A,Superior_Parietal,16.0,42.0,"2134, 2030",idx_R,281,281.0
7,282.0,-1.852585792541504,0,0.001,,0.0319708751884533,0.005,0.1106684141138768,0,,"102, 282",7Am,Medial_Area_7A,Superior_Parietal,16.0,45.0,"2995, 2379",idx_R,282,282.0
7,283.0,-1.937160611152649,0,0.001,,0.026362856724164243,0.005,0.09767584696127897,0,,"103, 283",7PC,Area_7PC,Superior_Parietal,16.0,47.0,"3151, 3415",idx_R,283,283.0
7,284.0,-1.4158389568328857,0,0.001,,0.07841133036928533,0.005,0.17424740082063406,0,,"104, 284",7Pl,Lateral_Area_7P,Superior_Parietal,16.0,46.0,"1695, 1363",idx_R,284,284.0
7,285.0,1.9408533573150635,0,0.001,,0.02613803344445615,0.005,0.09767584696127897,0,,"105, 285",7Pm,Medial_Area_7P,Superior_Parietal,16.0,29.0,"1601, 1308",idx_R,285,285.0
7,286.0,-3.2091684341430664,1,0.001,-,0.0006655974198602878,0.005,0.008874632264803837,0,,"106, 286",AIP,Anterior_IntraParietal_Area,Superior_Parietal,16.0,117.0,"1999, 2542",idx_R,286,286.0
7,287.0,0.14991125464439392,0,0.001,,0.4404173160712244,0.005,0.4732842799571367,0,,"107, 287",LIPd,Area_Lateral_IntraParietal_dorsal,Superior_Parietal,16.0,95.0,"1008, 869",idx_R,287,287.0
7,288.0,-1.8426949977874756,0,0.001,,0.03268677739276226,0.005,0.11101169680560768,0,,"108, 288",LIPv,Area_Lateral_IntraParietal_ventral,Superior_Parietal,16.0,48.0,"1681, 1783",idx_R,288,288.0
7,289.0,-2.270714521408081,0,0.001,,0.011582132686590425,0.005,0.06086320486013711,0,,"109, 289",MIP,Medial_IntraParietal_Area,Superior_Parietal,16.0,50.0,"1872, 2403",idx_R,289,289.0
7,290.0,-2.163356065750122,0,0.001,,0.015256901975742174,0.005,0.07323312948356243,0,,"110, 290",VIP,Ventral_IntraParietal_Complex,Superior_Parietal,16.0,49.0,"1890, 1577",idx_R,290,290.0
7,291.0,-2.84552264213562,0,0.001,,0.0022169303564131574,0.005,0.021570133197533425,0,,"111, 291",IP0,Area_IntraParietal_0,Inferior_Parietal,17.0,146.0,"1203, 1239",idx_R,291,291.0
7,292.0,-0.37244120240211487,0,0.001,,0.3547821908616213,0.005,0.42859593526907275,0,,"112, 292",IP1,Area_IntraParietal_1,Inferior_Parietal,17.0,145.0,"1692, 1632",idx_R,292,292.0
7,293.0,-1.0200390815734863,0,0.001,,0.1538549630676419,0.005,0.266287436078611,0,,"113, 293",IP2,Area_IntraParietal_2,Inferior_Parietal,17.0,144.0,"2102, 1861",idx_R,293,293.0
7,294.0,-1.8886901140213013,0,0.001,,0.02946668203579519,0.005,0.10443663618612008,0,,"114, 294",PF,Area_PF_Complex,Inferior_Parietal,17.0,148.0,"5457, 5251",idx_R,294,294.0
7,295.0,-1.700168490409851,0,0.001,,0.04454961866027482,0.005,0.12490334994953407,0,,"115, 295",PFm,Area_PFm_Complex,Inferior_Parietal,17.0,149.0,"8220, 8141",idx_R,295,295.0
7,296.0,-1.788053274154663,0,0.001,,0.03688370658709066,0.005,0.11940039760765558,0,,"116, 296",PFop,Area_PF_Opercular,Inferior_Parietal,17.0,147.0,"1797, 1783",idx_R,296,296.0
7,297.0,-2.4793307781219482,0,0.001,,0.006581458654110648,0.005,0.046457355205486925,0,,"117, 297",PFt,Area_PFt,Inferior_Parietal,17.0,116.0,"1983, 2039",idx_R,297,297.0
7,298.0,-0.41888439655303955,0,0.001,,0.3376503105402534,0.005,0.42060246295671705,0,,"118, 298",PGi,Area_PGi,Inferior_Parietal,17.0,150.0,"4791, 4970",idx_R,298,298.0
7,299.0,-2.518873929977417,0,0.001,,0.005886540071588926,0.005,0.04541786006113382,0,,"119, 299",PGp,Area_PGp,Inferior_Parietal,17.0,143.0,"2501, 3740",idx_R,299,299.0
7,300.0,-0.9738309383392334,0,0.001,,0.16507024440623574,0.005,0.27899196237673646,0,,"120, 300",PGs,Area_PGs,Inferior_Parietal,17.0,151.0,"4552, 3366",idx_R,300,300.0
7,301.0,-1.3424456119537354,0,0.001,,0.0897257769665128,0.005,0.19226952207109885,0,,"121, 301",23d,Area_23d,Posterior_Cingulate,18.0,32.0,"1261, 1513",idx_R,301,301.0
7,302.0,-0.5328318476676941,0,0.001,,0.2970749928731739,0.005,0.3928041763640364,0,,"122, 302",31a,Area_31a,Posterior_Cingulate,18.0,162.0,"1260, 1116",idx_R,302,302.0
7,303.0,1.6867213249206543,0,0.001,,0.04582847481713537,0.005,0.12490334994953407,0,,"123, 303",31pd,Area_31pd,Posterior_Cingulate,18.0,161.0,"1428, 864",idx_R,303,303.0
7,304.0,0.3294571042060852,0,0.001,,0.37090510582157493,0.005,0.442059273986246,0,,"124, 304",31pv,Area_31p_ventral,Posterior_Cingulate,18.0,35.0,"950, 1022",idx_R,304,304.0
7,305.0,4.342758655548096,1,0.001,+,7.0352338680314025e-06,0.005,0.00042211403208188415,1,+,"125, 305",7 m,Area_7m,Posterior_Cingulate,18.0,30.0,"2128, 2067",idx_R,305,305.0
7,306.0,0.6644379496574402,0,0.001,,0.2532050253409164,0.005,0.3588732642627161,0,,"126, 306",d23ab,Area_dorsal_23_a + b,Posterior_Cingulate,18.0,34.0,"1607, 1106",idx_R,306,306.0
7,307.0,-1.5897636413574219,0,0.001,,0.055944046138659394,0.005,0.14182997612617876,0,,"127, 307",DVT,Dorsal_Transitional_Visual_Area,Posterior_Cingulate,18.0,142.0,"1806, 2176",idx_R,307,307.0
7,308.0,0.6281367540359497,0,0.001,,0.26495717884822767,0.005,0.36828024859213115,0,,"128, 308",PCV,PreCuneus_Visual_Area,Posterior_Cingulate,18.0,27.0,"2245, 2416",idx_R,308,308.0
7,309.0,1.4864140748977661,0,0.001,,0.06858481458904951,0.005,0.16137603432717532,0,,"129, 309",POS1,Parieto-Occipital_Sulcus_Area_1,Posterior_Cingulate,18.0,31.0,"2531, 2727",idx_R,309,309.0
7,310.0,1.9334639310836792,0,0.001,,0.026589536117237054,0.005,0.09767584696127897,0,,"130, 310",POS2,Parieto-Occipital_Sulcus_Area_2,Posterior_Cingulate,18.0,15.0,"3261, 3093",idx_R,310,310.0
7,311.0,1.9718173742294312,0,0.001,,0.024315229112662373,0.005,0.09597294541491556,0,,"131, 311",ProS,ProStriate_Area,Posterior_Cingulate,18.0,121.0,"1222, 1055",idx_R,311,311.0
7,312.0,0.5014503002166748,0,0.001,,0.30802712357143025,0.005,0.39888404491264345,0,,"132, 312",RSC,RetroSplenial_Complex,Posterior_Cingulate,18.0,14.0,"2830, 3067",idx_R,312,312.0
7,313.0,1.008396863937378,0,0.001,,0.15663198893490204,0.005,0.2685119810312606,0,,"133, 313",v23ab,Area_ventral_23_a + b,Posterior_Cingulate,18.0,33.0,"916, 1089",idx_R,313,313.0
7,314.0,0.7575465440750122,0,0.001,,0.22436124603839191,0.005,0.33376053129678135,0,,"134, 314",10r,Area_10r,AntCing_MedPFC,19.0,65.0,"1589, 1053",idx_R,314,314.0
7,315.0,1.8460214138031006,0,0.001,,0.032444548114075704,0.005,0.11101169680560768,0,,"135, 315",10v,Area_10v,AntCing_MedPFC,19.0,88.0,"3906, 2667",idx_R,315,315.0
7,316.0,0.229350283741951,0,0.001,,0.4092983370409232,0.005,0.46160958319588014,0,,"136, 316",25,Area_25,AntCing_MedPFC,19.0,164.0,"1911, 2135",idx_R,316,316.0
7,317.0,0.22852827608585358,0,0.001,,0.40961778825008366,0.005,0.46160958319588014,0,,"137, 317",33pr,Area_33_prime,AntCing_MedPFC,19.0,58.0,"1354, 1316",idx_R,317,317.0
7,318.0,1.1212384700775146,0,0.001,,0.13109318427483208,0.005,0.23956114892862712,0,,"138, 318",8BM,Area_8BM,AntCing_MedPFC,19.0,63.0,"3122, 3436",idx_R,318,318.0
7,319.0,0.620667576789856,0,0.001,,0.2674091833853764,0.005,0.3688402529453468,0,,"139, 319",9 m,Area_9_Middle,AntCing_MedPFC,19.0,69.0,"6338, 5881",idx_R,319,319.0
7,320.0,0.1021333709359169,0,0.001,,0.4593254066630324,0.005,0.48431581157280323,0,,"140, 320",a24,Area_a24,AntCing_MedPFC,19.0,61.0,"2085, 2152",idx_R,320,320.0
7,321.0,0.5305177569389343,0,0.001,,0.2978765004093943,0.005,0.3928041763640364,0,,"141, 321",a24pr,Anterior_24_prime,AntCing_MedPFC,19.0,59.0,"1095, 1474",idx_R,321,321.0
7,322.0,-0.6124590635299683,0,0.001,,0.2701170372271295,0.005,0.37032443208226157,0,,"142, 322",a32pr,Area_anterior_32_prime,AntCing_MedPFC,19.0,179.0,"1759, 1118",idx_R,322,322.0
7,323.0,-0.39667895436286926,0,0.001,,0.3458021107974103,0.005,0.42720170119196305,0,,"143, 323",d32,Area_dorsal_32,AntCing_MedPFC,19.0,62.0,"2228, 2374",idx_R,323,323.0
7,324.0,0.15394136309623718,0,0.001,,0.43882798488406083,0.005,0.47298824718042487,0,,"144, 324",p24,Area_posterior_24,AntCing_MedPFC,19.0,180.0,"2394, 2442",idx_R,324,324.0
7,325.0,0.6863954067230225,0,0.001,,0.24623190009827772,0.005,0.35599792785293166,0,,"145, 325",p24pr,Area_Posterior_24_prime,AntCing_MedPFC,19.0,57.0,"1422, 1724",idx_R,325,325.0
7,326.0,-0.8147495985031128,0,0.001,,0.2076078282210173,0.005,0.31980016622424523,0,,"146, 326",p32,Area_p32,AntCing_MedPFC,19.0,64.0,"1180, 1765",idx_R,326,326.0
7,327.0,-0.2786376178264618,0,0.001,,0.39026147035008296,0.005,0.4474335328854454,0,,"147, 327",p32pr,Area_p32_prime,AntCing_MedPFC,19.0,60.0,"1569, 1305",idx_R,327,327.0
7,328.0,1.2155112028121948,0,0.001,,0.11208558932121176,0.005,0.2204962412876297,0,,"148, 328",pOFC,Posterior_OFC_Complex,AntCing_MedPFC,19.0,166.0,"2486, 2836",idx_R,328,328.0
7,329.0,2.457364797592163,0,0.001,,0.006998024125417698,0.005,0.0475337487764221,0,,"149, 329",s32,Area_s32,AntCing_MedPFC,19.0,165.0,"604, 1015",idx_R,329,329.0
7,330.0,-0.8151565790176392,0,0.001,,0.2074913443864292,0.005,0.31980016622424523,0,,"150, 330",10d,Area_10d,OrbPolaFrontal,20.0,72.0,"3644, 3096",idx_R,330,330.0
7,331.0,-1.642496943473816,0,0.001,,0.05024352953834823,0.005,0.1320267929474844,0,,"151, 331",10 pp,Polar_10p,OrbPolaFrontal,20.0,90.0,"1997, 2487",idx_R,331,331.0
7,332.0,-0.8177603483200073,0,0.001,,0.20674702176856097,0.005,0.31980016622424523,0,,"152, 332",11 l,Area_11l,OrbPolaFrontal,20.0,91.0,"3531, 3793",idx_R,332,332.0
7,333.0,3.8188161849975586,1,0.001,+,6.704681612776055e-05,0.005,0.002194259436908527,1,+,"153, 333",13 l,Area_13l,OrbPolaFrontal,20.0,92.0,"2429, 1757",idx_R,333,333.0
7,334.0,2.4191906452178955,0,0.001,,0.00777754268437985,0.005,0.049121322217135895,0,,"154, 334",47 m,Area_47m,OrbPolaFrontal,20.0,66.0,"799, 781",idx_R,334,334.0
7,335.0,1.1786853075027466,0,0.001,,0.11926175412952478,0.005,0.2247114040272824,0,,"155, 335",47 s,Area_47s,OrbPolaFrontal,20.0,94.0,"2795, 3080",idx_R,335,335.0
7,336.0,-1.3165991306304932,0,0.001,,0.09398651519057377,0.005,0.19664950162501185,0,,"156, 336",a10p,Area_anterior_10p,OrbPolaFrontal,20.0,89.0,"1964, 1748",idx_R,336,336.0
7,337.0,0.05750545486807823,0,0.001,,0.47707128047246367,0.005,0.49026762183827094,0,,"157, 337",OFC,Orbital_Frontal_Complex,OrbPolaFrontal,20.0,93.0,"4560, 5232",idx_R,337,337.0
7,338.0,-1.9544130563735962,0,0.001,,0.025326193928936053,0.005,0.09597294541491556,0,,"158, 338",p10p,Area_posterior_10p,OrbPolaFrontal,20.0,170.0,"2116, 2365",idx_R,338,338.0
7,339.0,1.492139220237732,0,0.001,,0.06783132599650475,0.005,0.16065314051803756,0,,"159, 339",44,Area_44,Inferior_Frontal,21.0,74.0,"2435, 2589",idx_R,339,339.0
7,340.0,2.112703800201416,0,0.001,,0.017313063917416,0.005,0.077908787628372,0,,"160, 340",45,Area_45,Inferior_Frontal,21.0,75.0,"3762, 2962",idx_R,340,340.0
7,341.0,-0.5267856121063232,0,0.001,,0.299171237735236,0.005,0.39307169921417867,0,,"161, 341",47 l,Area_47l_(47_lateral),Inferior_Frontal,21.0,76.0,"2527, 2592",idx_R,341,341.0
7,342.0,-1.2927613258361816,0,0.001,,0.09804681006319027,0.005,0.20073704568255926,0,,"162, 342",a47r,Area_anterior_47r,Inferior_Frontal,21.0,77.0,"4167, 3763",idx_R,342,342.0
7,343.0,2.84804630279541,0,0.001,,0.0021994262027507277,0.005,0.021570133197533425,0,,"163, 343",IFJa,Area_IFJa,Inferior_Frontal,21.0,79.0,"1513, 1405",idx_R,343,343.0
7,344.0,2.6682541370391846,0,0.001,,0.0038123280224681005,0.005,0.03267709733544086,0,,"164, 344",IFJp,Area_IFJp,Inferior_Frontal,21.0,80.0,"960, 740",idx_R,344,344.0
7,345.0,3.279431104660034,1,0.001,+,0.0005200830218856519,0.005,0.007852114393359734,0,,"165, 345",IFSa,Area_IFSa,Inferior_Frontal,21.0,82.0,"2057, 2641",idx_R,345,345.0
7,346.0,3.4105734825134277,1,0.001,+,0.00032413206530638143,0.005,0.0061414496584367,0,,"166, 346",IFSp,Area_IFSp,Inferior_Frontal,21.0,81.0,"1589, 1730",idx_R,346,346.0
7,347.0,-0.4268503785133362,0,0.001,,0.33474415495797116,0.005,0.42060246295671705,0,,"167, 347",p47r,Area_posterior_47r,Inferior_Frontal,21.0,171.0,"2133, 1761",idx_R,347,347.0
7,348.0,-1.3932485580444336,0,0.001,,0.08177232029147624,0.005,0.1806014435885365,0,,"168, 348",46,Area_46,Dorsolateral_Prefrontal,22.0,84.0,"4863, 4394",idx_R,348,348.0
7,349.0,-0.3119775950908661,0,0.001,,0.3775287753363917,0.005,0.4423607017001555,0,,"169, 349",8Ad,Area_8Ad,Dorsolateral_Prefrontal,22.0,68.0,"3386, 3492",idx_R,349,349.0
7,350.0,-0.8144770860671997,0,0.001,,0.20768584689955705,0.005,0.31980016622424523,0,,"170, 350",8Av,Area_8Av,Dorsolateral_Prefrontal,22.0,67.0,"4807, 5902",idx_R,350,350.0
7,351.0,0.5209370851516724,0,0.001,,0.30120529998816714,0.005,0.39430511998450973,0,,"171, 351",8BL,Area_8B_Lateral,Dorsolateral_Prefrontal,22.0,70.0,"3377, 4078",idx_R,351,351.0
7,352.0,1.6674714088439941,0,0.001,,0.04771035249350922,0.005,0.12817706640047252,0,,"172, 352",8C,Area_8C,Dorsolateral_Prefrontal,22.0,73.0,"4085, 3134",idx_R,352,352.0
7,353.0,-1.2623828649520874,0,0.001,,0.10340552597670921,0.005,0.2079664209587448,0,,"173, 353",9-46d,Area_9-46d,Dorsolateral_Prefrontal,22.0,86.0,"4534, 4666",idx_R,353,353.0
7,354.0,-1.7059119939804077,0,0.001,,0.04401223315343172,0.005,0.12490334994953407,0,,"174, 354",9a,Area_9_anterior,Dorsolateral_Prefrontal,22.0,87.0,"3706, 3048",idx_R,354,354.0
7,355.0,-0.8132595419883728,0,0.001,,0.20803463399290328,0.005,0.31980016622424523,0,,"175, 355",9p,Area_9_Posterior,Dorsolateral_Prefrontal,22.0,71.0,"3426, 2488",idx_R,355,355.0
7,356.0,-1.496519923210144,0,0.001,,0.06725911001809906,0.005,0.16035284507626268,0,,"176, 356",a9-46v,Area_anterior_9-46v,Dorsolateral_Prefrontal,22.0,85.0,"3314, 2628",idx_R,356,356.0
7,357.0,-0.8107367157936096,0,0.001,,0.20875844184082676,0.005,0.31980016622424523,0,,"177, 357",i6-8,Inferior_6-8_Transitional_Area,Dorsolateral_Prefrontal,22.0,97.0,"1764, 2418",idx_R,357,357.0
7,358.0,0.7114377021789551,0,0.001,,0.23840652133514728,0.005,0.3460739825832783,0,,"178, 358",p9-46v,Area_posterior_9-46v,Dorsolateral_Prefrontal,22.0,83.0,"2871, 4635",idx_R,358,358.0
7,359.0,-1.1869057416915894,0,0.001,,0.11763240114755102,0.005,0.2247114040272824,0,,"179, 359",s6-8,Superior_6-8_Transitional_Area,Dorsolateral_Prefrontal,22.0,98.0,"1336, 2132",idx_R,359,359.0
7,360.0,0.861598014831543,0,0.001,,0.19445438190183817,0.005,0.3111270110429411,0,,"180, 360",SFL,Superior_Frontal_Language_Area,Dorsolateral_Prefrontal,22.0,26.0,"3873, 3055",idx_R,360,360.0
8,1.0,-0.0319342240691185,0,0.001,,0.4872622528449058,0.005,0.49271980127292964,0,,"1, 181",V1,Primary_Visual_Cortex,Primary_Visual,1.0,1.0,"13,812, 13,406",idx_L,1,1.0
8,2.0,1.0871694087982178,0,0.001,,0.13848097383320596,0.005,0.2560569715976629,0,,"2, 182",V2,Second_Visual_Area,Early_Visual,2.0,4.0,"9515, 9420",idx_L,2,2.0
8,3.0,2.1118979454040527,0,0.001,,0.017347601830339076,0.005,0.06505350686377154,0,,"3, 183",V3,Third_Visual_Area,Early_Visual,2.0,5.0,"7106, 7481",idx_L,3,3.0
8,4.0,2.0845131874084473,0,0.001,,0.01855675597123049,0.005,0.06747911262265632,0,,"4, 184",V4,Fourth_Visual_Area,Early_Visual,2.0,6.0,"4782, 4537",idx_L,4,4.0
8,5.0,0.7297648191452026,0,0.001,,0.23276697618618414,0.005,0.3477017071660842,0,,"5, 185",IPS1,IntraParietal_Sulcus_Area_1,Dorsal_Stream_Visual,3.0,17.0,"1751, 1750",idx_L,5,5.0
8,6.0,1.39584219455719,0,0.001,,0.08138101049789459,0.005,0.1828812023227485,0,,"6, 186",V3A,Area_V3A,Dorsal_Stream_Visual,3.0,13.0,"2191, 2212",idx_L,6,6.0
8,7.0,2.381659507751465,0,0.001,,0.008617412454926717,0.005,0.04424152460360726,0,,"7, 187",V3B,Area_V3B,Dorsal_Stream_Visual,3.0,19.0,"639, 731",idx_L,7,7.0
8,8.0,1.0464816093444824,0,0.001,,0.14766936572673967,0.005,0.26317312703775386,0,,"8, 188",V6,Sixth_Visual_Area,Dorsal_Stream_Visual,3.0,3.0,"1402, 1559",idx_L,8,8.0
8,9.0,1.3393511772155762,0,0.001,,0.09022818774263819,0.005,0.19686150052939239,0,,"9, 189",V6A,Area_V6A,Dorsal_Stream_Visual,3.0,152.0,"904, 734",idx_L,9,9.0
8,10.0,0.478767454624176,0,0.001,,0.3160520360320357,0.005,0.4078090787510138,0,,"10, 190",V7,Seventh_Visual_Area,Dorsal_Stream_Visual,3.0,16.0,"1005, 1041",idx_L,10,10.0
8,11.0,0.23401933908462524,0,0.001,,0.4074849825309362,0.005,0.4555732723948354,0,,"11, 191",FFC,Fusiform_Face_Complex,Ventral_Stream_Visual,4.0,18.0,"3848, 4402",idx_L,11,11.0
8,12.0,0.41751033067703247,0,0.001,,0.33815258479803134,0.005,0.4256466102352842,0,,"12, 192",PIT,Posterior_InferoTemporal_complex,Ventral_Stream_Visual,4.0,22.0,"1392, 1386",idx_L,12,12.0
8,13.0,1.7162317037582397,0,0.001,,0.04305982135633395,0.005,0.11595379705563245,0,,"13, 193",V8,Eighth_Visual_Area,Ventral_Stream_Visual,4.0,7.0,"1361, 1175",idx_L,13,13.0
8,14.0,0.003978244494646788,0,0.001,,0.498412914255629,0.005,0.4996190540239372,0,,"14, 194",VMV1,VentroMedial_Visual_Area_1,Ventral_Stream_Visual,4.0,153.0,"939, 1219",idx_L,14,14.0
8,15.0,0.09806781262159348,0,0.001,,0.4609392230505993,0.005,0.48080210790063105,0,,"15, 195",VMV2,VentroMedial_Visual_Area_2,Ventral_Stream_Visual,4.0,160.0,"639, 923",idx_L,15,15.0
8,16.0,1.6620917320251465,0,0.001,,0.04824719155207302,0.005,0.1256992458318059,0,,"16, 196",VMV3,VentroMedial_Visual_Area_3,Ventral_Stream_Visual,4.0,154.0,"941, 1242",idx_L,16,16.0
8,17.0,-0.21289469301700592,0,0.001,,0.41570455092990705,0.005,0.45813349529307157,0,,"17, 197",VVC,Ventral_Visual_Complex,Ventral_Stream_Visual,4.0,163.0,"2487, 2753",idx_L,17,17.0
8,18.0,-2.102461814880371,0,0.001,,0.017756420611194843,0.005,0.06590011773226952,0,,"18, 198",FST,Area_FST,MT + _Complex,5.0,157.0,"1324, 1683",idx_L,18,18.0
8,19.0,1.9660156965255737,0,0.001,,0.024648398740619398,0.005,0.08140755547360536,0,,"19, 199",LO1,Area_Lateral_Occipital_1,MT + _Complex,5.0,20.0,"619, 909",idx_L,19,19.0
8,20.0,0.9523351192474365,0,0.001,,0.17046352619877203,0.005,0.2894663652431978,0,,"20, 200",LO2,Area_Lateral_Occipital_2,MT + _Complex,5.0,21.0,"1179, 1062",idx_L,20,20.0
8,21.0,0.8663415908813477,0,0.001,,0.19315143231008908,0.005,0.3146358173377017,0,,"21, 201",LO3,Area_Lateral_Occipital_3,MT + _Complex,5.0,159.0,"438, 915",idx_L,21,21.0
8,22.0,-1.272090196609497,0,0.001,,0.10167053697517786,0.005,0.21576279348131525,0,,"22, 202",MST,Medial_Superior_Temporal_Area,MT + _Complex,5.0,2.0,"794, 1036",idx_L,22,22.0
8,23.0,-1.3501571416854858,0,0.001,,0.08848279120422275,0.005,0.19542211554306868,0,,"23, 203",MT,Middle_Temporal_Area,MT + _Complex,5.0,23.0,"620, 1005",idx_L,23,23.0
8,24.0,-1.1422985792160034,0,0.001,,0.1266649658139853,0.005,0.24143472887945103,0,,"24, 204",PH,Area_PH,MT + _Complex,5.0,138.0,"3453, 3205",idx_L,24,24.0
8,25.0,2.7339258193969727,0,0.001,,0.0031292071117420828,0.005,0.021254991702399053,0,,"25, 205",V3CD,Area_V3CD,MT + _Complex,5.0,158.0,"876, 1222",idx_L,25,25.0
8,26.0,-0.7227832674980164,0,0.001,,0.23490652442892296,0.005,0.3480096658206266,0,,"26, 206",V4t,Area_V4t,MT + _Complex,5.0,156.0,"1037, 1249",idx_L,26,26.0
8,27.0,-0.8986722230911255,0,0.001,,0.18441363827529267,0.005,0.30453628339039157,0,,"27, 207",1,Area_1,SomaSens_Motor,6.0,51.0,"6590, 5925",idx_L,27,27.0
8,28.0,-1.2117598056793213,0,0.001,,0.11280216924880176,0.005,0.231520259618958,0,,"28, 208",2,Area_2,SomaSens_Motor,6.0,52.0,"4278, 4727",idx_L,28,28.0
8,29.0,-2.3011057376861572,0,0.001,,0.010692827550485645,0.005,0.04937256475811933,0,,"29, 209",3a,Area_3a,SomaSens_Motor,6.0,53.0,"2247, 2286",idx_L,29,29.0
8,30.0,-1.9106625318527222,0,0.001,,0.02802398138513257,0.005,0.08860115525678394,0,,"30, 210",3b,Primary_Sensory_Cortex,SomaSens_Motor,6.0,9.0,"5451, 4350",idx_L,30,30.0
8,31.0,-1.997546911239624,0,0.001,,0.022882901878400475,0.005,0.07856767613344093,0,,"31, 211",4,Primary_Motor_Cortex,SomaSens_Motor,6.0,8.0,"10,776, 10,254",idx_L,31,31.0
8,32.0,-3.9058785438537598,1,0.001,-,4.694183074446478e-05,0.005,0.0012679583093527303,1,-,"32, 212",23c,Area_23c,ParaCentral_MidCing,7.0,38.0,"2259, 2498",idx_L,32,32.0
8,33.0,-1.5209063291549683,0,0.001,,0.06414167272544538,0.005,0.1581575491860297,0,,"33, 213",24dd,Dorsal_Area_24d,ParaCentral_MidCing,7.0,40.0,"2665, 2820",idx_L,33,33.0
8,34.0,-2.2122623920440674,0,0.001,,0.01347427002160261,0.005,0.05450266525592067,0,,"34, 214",24dv,Ventral_Area_24d,ParaCentral_MidCing,7.0,41.0,"1076, 1349",idx_L,34,34.0
8,35.0,-1.0072691440582275,0,0.001,,0.1569027267424662,0.005,0.27144989394313745,0,,"35, 215",5L,Area_5L,ParaCentral_MidCing,7.0,39.0,"2249, 2327",idx_L,35,35.0
8,36.0,-0.5274338722229004,0,0.001,,0.2989461633059599,0.005,0.3971240545761829,0,,"36, 216",5 m,Area_5m,ParaCentral_MidCing,7.0,36.0,"1483, 2079",idx_L,36,36.0
8,37.0,-2.901154041290283,0,0.001,,0.0018589553159903645,0.005,0.015037378533998235,0,,"37, 217",5mv,Area_5m_ventral,ParaCentral_MidCing,7.0,37.0,"1651, 1996",idx_L,37,37.0
8,38.0,-2.9004898071289062,0,0.001,,0.001862899777419459,0.005,0.015037378533998235,0,,"38, 218",6ma,Area_6m_anterior,ParaCentral_MidCing,7.0,44.0,"3941, 4251",idx_L,38,38.0
8,39.0,-1.0562210083007812,0,0.001,,0.14543362744081734,0.005,0.2604781386999714,0,,"39, 219",6mp,Area_6mp,ParaCentral_MidCing,7.0,55.0,"3701, 3105",idx_L,39,39.0
8,40.0,2.829087018966675,0,0.001,,0.002334050218208112,0.005,0.017877831458615327,0,,"40, 220",SCEF,Supplementary_and_Cingulate_Eye_Field,ParaCentral_MidCing,7.0,43.0,"3500, 3371",idx_L,40,40.0
8,41.0,0.6654220819473267,0,0.001,,0.25289028253685064,0.005,0.36101935460458495,0,,"41, 221",55b,Area_55b,Premotor,8.0,12.0,"2422, 1537",idx_L,41,41.0
8,42.0,-4.192496299743652,1,0.001,-,1.3795079197116592e-05,0.005,0.0006207785638702466,1,-,"42, 222",6a,Area_6_anterior,Premotor,8.0,96.0,"4233, 3752",idx_L,42,42.0
8,43.0,-1.7940199375152588,0,0.001,,0.036404993311235555,0.005,0.10238904368785,0,,"43, 223",6d,Dorsal_area_6,Premotor,8.0,54.0,"2916, 2909",idx_L,43,43.0
8,44.0,-0.06911342591047287,0,0.001,,0.47244966712626246,0.005,0.48318715956095026,0,,"44, 224",6r,Rostral_Area_6,Premotor,8.0,78.0,"3029, 3981",idx_L,44,44.0
8,45.0,-0.7362391352653503,0,0.001,,0.2307925897342024,0.005,0.3461888846013036,0,,"45, 225",6v,Ventral_Area_6,Premotor,8.0,56.0,"2075, 2516",idx_L,45,45.0
8,46.0,-2.2136452198028564,0,0.001,,0.013426597017502269,0.005,0.05450266525592067,0,,"46, 226",FEF,Frontal_Eye_Fields,Premotor,8.0,10.0,"1787, 1889",idx_L,46,46.0
8,47.0,0.6501420140266418,0,0.001,,0.2578002463176162,0.005,0.36252917715168914,0,,"47, 227",PEF,Premotor_Eye_Field,Premotor,8.0,11.0,"1006, 1258",idx_L,47,47.0
8,48.0,-0.4179478883743286,0,0.001,,0.3379926092094265,0.005,0.4256466102352842,0,,"48, 228",43,Area_43,Posterior_Opercular,9.0,99.0,"1889, 1678",idx_L,48,48.0
8,49.0,1.202536702156067,0,0.001,,0.11457782754007229,0.005,0.23303964923404533,0,,"49, 229",FOP1,Frontal_Opercular_Area_1,Posterior_Opercular,9.0,113.0,"879, 932",idx_L,49,49.0
8,50.0,-1.072427749633789,0,0.001,,0.14176397477747554,0.005,0.25902736915339747,0,,"50, 230",OP1,Area_OP1-SII,Posterior_Opercular,9.0,101.0,"1275, 1072",idx_L,50,50.0
8,51.0,-2.991039752960205,0,0.001,,0.0013901464839116656,0.005,0.013169808794952621,0,,"51, 231",OP2-3,Area_OP2-3-VS,Posterior_Opercular,9.0,102.0,"943, 792",idx_L,51,51.0
8,52.0,-0.8875473737716675,0,0.001,,0.18739213628809248,0.005,0.3080418678708369,0,,"52, 232",OP4,Area_OP4-PV,Posterior_Opercular,9.0,100.0,"2332, 2409",idx_L,52,52.0
8,53.0,2.4680256843566895,0,0.001,,0.00679302854761575,0.005,0.03649985488271149,0,,"53, 233",52,Area_52,Early_Auditory,10.0,103.0,"725, 580",idx_L,53,53.0
8,54.0,-2.75709867477417,0,0.001,,0.0029158375201922496,0.005,0.0206308039591336,0,,"54, 234",A1,Primary_Auditory_Cortex,Early_Auditory,10.0,24.0,"1023, 796",idx_L,54,54.0
8,55.0,1.020917296409607,0,0.001,,0.1536468118438935,0.005,0.2698187915307398,0,,"55, 235",LBelt,Lateral_Belt_Complex,Early_Auditory,10.0,174.0,"820, 901",idx_L,55,55.0
8,56.0,0.40238523483276367,0,0.001,,0.3437002673654459,0.005,0.4281387413548807,0,,"56, 236",MBelt,Medial_Belt_Complex,Early_Auditory,10.0,173.0,"1242, 1236",idx_L,56,56.0
8,57.0,2.4812071323394775,0,0.001,,0.0065469130225355755,0.005,0.03625982597096626,0,,"57, 237",PBelt,ParaBelt_Complex,Early_Auditory,10.0,124.0,"1719, 1439",idx_L,57,57.0
8,58.0,0.635693371295929,0,0.001,,0.26248814887017835,0.005,0.3630491853621477,0,,"58, 238",PFcm,Area_PFcm,Early_Auditory,10.0,105.0,"1486, 1485",idx_L,58,58.0
8,59.0,0.5330101847648621,0,0.001,,0.29701326505909953,0.005,0.396017686745466,0,,"59, 239",RI,RetroInsular_Cortex,Early_Auditory,10.0,104.0,"1149, 1334",idx_L,59,59.0
8,60.0,3.1058032512664795,1,0.001,+,0.0009488146578518062,0.005,0.01067416490083282,0,,"60, 240",A4,Auditory_4_Complex,Auditory_Association,11.0,175.0,"3514, 3610",idx_L,60,60.0
8,61.0,2.905317783355713,0,0.001,,0.001834401999517894,0.005,0.015037378533998235,0,,"61, 241",A5,Auditory_5_Complex,Auditory_Association,11.0,125.0,"3346, 3881",idx_L,61,61.0
8,62.0,3.9897091388702393,1,0.001,+,3.3077183731696004e-05,0.005,0.00099231551195088,1,+,"62, 242",STGa,Area_STGa,Auditory_Association,11.0,123.0,"2509, 2187",idx_L,62,62.0
8,63.0,0.6653074026107788,0,0.001,,0.2529269484014421,0.005,0.36101935460458495,0,,"63, 243",STSda,Area_STSd_anterior,Auditory_Association,11.0,128.0,"1944, 2389",idx_L,63,63.0
8,64.0,2.919762134552002,0,0.001,,0.0017514932411431313,0.005,0.015037378533998235,0,,"64, 244",STSdp,Area_STSd_posterior,Auditory_Association,11.0,129.0,"1994, 2605",idx_L,64,64.0
8,65.0,1.4114725589752197,0,0.001,,0.07905266067281441,0.005,0.18242921693726402,0,,"65, 245",STSva,Area_STSv_anterior,Auditory_Association,11.0,176.0,"1694, 1900",idx_L,65,65.0
8,66.0,1.141873836517334,0,0.001,,0.1267532326617118,0.005,0.24143472887945103,0,,"66, 246",STSvp,Area_STSv_posterior,Auditory_Association,11.0,130.0,"2898, 2515",idx_L,66,66.0
8,67.0,4.032020568847656,1,0.001,+,2.764967291601411e-05,0.005,0.0009048983863422799,1,+,"67, 247",TA2,Area_TA2,Auditory_Association,11.0,107.0,"1518, 1726",idx_L,67,67.0
8,68.0,3.00492525100708,0,0.001,,0.001328230624038362,0.005,0.012923324990643522,0,,"68, 248",AAIC,Anterior_Agranular_Insula_Complex,Insula_FrontalOperc,12.0,112.0,"1859, 1691",idx_L,68,68.0
8,69.0,1.5727580785751343,0,0.001,,0.057887422989635555,0.005,0.14675684701597747,0,,"69, 249",AVI,Anterior_Ventral_Insular_Area,Insula_FrontalOperc,12.0,111.0,"1446, 1792",idx_L,69,69.0
8,70.0,-0.6236615777015686,0,0.001,,0.2664249306324733,0.005,0.3660800573575969,0,,"70, 250",FOP2,Frontal_Opercular_Area_2,Insula_FrontalOperc,12.0,115.0,"750, 720",idx_L,70,70.0
8,71.0,0.18878406286239624,0,0.001,,0.4251310316153252,0.005,0.4651889707644895,0,,"71, 251",FOP3,Frontal_Opercular_Area_3,Insula_FrontalOperc,12.0,114.0,"754, 614",idx_L,71,71.0
8,72.0,0.6788159012794495,0,0.001,,0.2486272585865582,0.005,0.35802325236464383,0,,"72, 252",FOP4,Frontal_Opercular_Area_4,Insula_FrontalOperc,12.0,108.0,"2522, 1678",idx_L,72,72.0
8,73.0,3.8939647674560547,1,0.001,+,4.9309489808161734e-05,0.005,0.0012679583093527303,1,+,"73, 253",FOP5,Area_Frontal_Opercular_5,Insula_FrontalOperc,12.0,169.0,"1297, 1365",idx_L,73,73.0
8,74.0,-1.973041296005249,0,0.001,,0.02424542880213489,0.005,0.08113672544845078,0,,"74, 254",Ig,Insular_Granular_Complex,Insula_FrontalOperc,12.0,168.0,"841, 1077",idx_L,74,74.0
8,75.0,1.485979676246643,0,0.001,,0.06864224842253853,0.005,0.16584704316854948,0,,"75, 255",MI,Middle_Insular_Area,Insula_FrontalOperc,12.0,109.0,"2102, 1960",idx_L,75,75.0
8,76.0,3.561445713043213,1,0.001,+,0.0001844091863182375,0.005,0.00307137286266946,1,+,"76, 256",PI,Para-Insular_Area,Insula_FrontalOperc,12.0,178.0,"1033, 1058",idx_L,76,76.0
8,77.0,2.3153746128082275,0,0.001,,0.010296219820007202,0.005,0.04877156756845516,0,,"77, 257",Pir,Pirform_Cortex,Insula_FrontalOperc,12.0,110.0,"2287, 1856",idx_L,77,77.0
8,78.0,-0.3196004033088684,0,0.001,,0.3746356343007745,0.005,0.4436474616719698,0,,"78, 258",PoI1,Area_Posterior_Insular_1,Insula_FrontalOperc,12.0,167.0,"1811, 1835",idx_L,78,78.0
8,79.0,-2.2288854122161865,0,0.001,,0.012910764986742795,0.005,0.053423855117556394,0,,"79, 259",PoI2,Posterior_Insular_Area_2,Insula_FrontalOperc,12.0,106.0,"2747, 2675",idx_L,79,79.0
8,80.0,0.711611807346344,0,0.001,,0.2383525967092513,0.005,0.35023238700134884,0,,"80, 260",H,Hippocampus,Medial_Temporal,13.0,120.0,"4283, 3626",idx_L,80,80.0
8,81.0,0.024285070598125458,0,0.001,,0.4903126107785243,0.005,0.4930517873750524,0,,"81, 261",PreS,PreSubiculum,Medial_Temporal,13.0,119.0,"1817, 1558",idx_L,81,81.0
8,82.0,-2.1844239234924316,0,0.001,,0.014465555936490905,0.005,0.055400001458901345,0,,"82, 262",EC,Entorhinal_Cortex,Medial_Temporal,13.0,118.0,"2127, 2110",idx_L,82,82.0
8,83.0,-0.8178331255912781,0,0.001,,0.20672624013875907,0.005,0.32217076385261156,0,,"83, 263",PeEc,Perirhinal_Ectorhinal_Cortex,Medial_Temporal,13.0,122.0,"4826, 4755",idx_L,83,83.0
8,84.0,-2.4090988636016846,0,0.001,,0.007995982640681278,0.005,0.041718170299206665,0,,"84, 264",TF,Area_TF,Medial_Temporal,13.0,135.0,"3986, 4752",idx_L,84,84.0
8,85.0,-1.39630126953125,0,0.001,,0.0813118958372756,0.005,0.1828812023227485,0,,"85, 265",PHA1,ParaHippocampal_Area_1,Medial_Temporal,13.0,126.0,"1281, 1168",idx_L,85,85.0
8,86.0,-5.794531345367432,1,0.001,-,3.4256113726777166e-09,0.005,8.741998616610979e-07,1,-,"86, 266",PHA2,ParaHippocampal_Area_2,Medial_Temporal,13.0,155.0,"783, 771",idx_L,86,86.0
8,87.0,-4.685085773468018,1,0.001,-,1.3992135757745107e-06,0.005,0.00010074337745576477,1,-,"87, 267",PHA3,ParaHippocampal_Area_3,Medial_Temporal,13.0,127.0,"2023, 1122",idx_L,87,87.0
8,88.0,-5.722604274749756,1,0.001,-,5.245170879145896e-09,0.005,8.741998616610979e-07,1,-,"88, 268",PHT,Area_PHT,Lateral_Temporal,14.0,137.0,"4182, 3410",idx_L,88,88.0
8,89.0,1.1949405670166016,0,0.001,,0.11605512583625055,0.005,0.23471823202837191,0,,"89, 269",TE1a,Area_TE1_anterior,Lateral_Temporal,14.0,132.0,"5227, 4180",idx_L,89,89.0
8,90.0,2.3335916996002197,0,0.001,,0.009808555818839826,0.005,0.04708106793043116,0,,"90, 270",TE1m,Area_TE1_Middle,Lateral_Temporal,14.0,177.0,"3339, 3429",idx_L,90,90.0
8,91.0,-2.4873123168945312,0,0.001,,0.006435617400242391,0.005,0.03620034787636345,0,,"91, 271",TE1p,Area_TE1_posterior,Lateral_Temporal,14.0,133.0,"7116, 6010",idx_L,91,91.0
8,92.0,-0.30865970253944397,0,0.001,,0.3787902003285548,0.005,0.444809309809416,0,,"92, 272",TE2a,Area_TE2_anterior,Lateral_Temporal,14.0,134.0,"5691, 5753",idx_L,92,92.0
8,93.0,-1.478905200958252,0,0.001,,0.06958282656178592,0.005,0.16695720107563422,0,,"93, 273",TE2p,Area_TE2_posterior,Lateral_Temporal,14.0,136.0,"4115, 3040",idx_L,93,93.0
8,94.0,1.4199079275131226,0,0.001,,0.0778172438541562,0.005,0.18073682443545958,0,,"94, 274",TGd,Area_TG_dorsal,Lateral_Temporal,14.0,131.0,"10,192, 10,269",idx_L,94,94.0
8,95.0,-0.8058385848999023,0,0.001,,0.21016796341748073,0.005,0.32500905033890326,0,,"95, 275",TGv,Area_TG_Ventral,Lateral_Temporal,14.0,172.0,"3694, 4515",idx_L,95,95.0
8,96.0,-0.0009548900998197496,0,0.001,,0.4996190540239372,0.005,0.4996190540239372,0,,"96, 276",PSL,PeriSylvian_Language_Area,TPO,15.0,25.0,"2154, 2759",idx_L,96,96.0
8,97.0,-2.897679567337036,0,0.001,,0.0018796723167497794,0.005,0.015037378533998235,0,,"97, 277",STV,Superior_Temporal_Visual_Area,TPO,15.0,28.0,"2322, 2294",idx_L,97,97.0
8,98.0,-0.09385889023542404,0,0.001,,0.4626106252303103,0.005,0.48080210790063105,0,,"98, 278",TPOJ1,Area_TemporoParietoOccipital_Junction_1,TPO,15.0,139.0,"2102, 3938",idx_L,98,98.0
8,99.0,-4.164272308349609,1,0.001,-,1.5617357688234595e-05,0.005,0.0006246943075293838,1,-,"99, 279",TPOJ2,Area_TemporoParietoOccipital_Junction_2,TPO,15.0,140.0,"1930, 2068",idx_L,99,99.0
8,100.0,-0.5831934213638306,0,0.001,,0.2798815496515582,0.005,0.3773683815526627,0,,"100, 280",TPOJ3,Area_TemporoParietoOccipital_Junction_3,TPO,15.0,141.0,"1290, 1277",idx_L,100,100.0
8,101.0,-1.8913633823394775,0,0.001,,0.02928792656797672,0.005,0.09011669713223606,0,,"101, 281",7AL,Lateral_Area_7A,Superior_Parietal,16.0,42.0,"2134, 2030",idx_L,101,101.0
8,102.0,-3.3411200046539307,1,0.001,-,0.00041720574594932464,0.005,0.005407030975848363,0,,"102, 282",7Am,Medial_Area_7A,Superior_Parietal,16.0,45.0,"2995, 2379",idx_L,102,102.0
8,103.0,-1.0325844287872314,0,0.001,,0.15089920911248422,0.005,0.26629272196320747,0,,"103, 283",7PC,Area_7PC,Superior_Parietal,16.0,47.0,"3151, 3415",idx_L,103,103.0
8,104.0,-1.7151312828063965,0,0.001,,0.04316058001515208,0.005,0.11595379705563245,0,,"104, 284",7Pl,Lateral_Area_7P,Superior_Parietal,16.0,46.0,"1695, 1363",idx_L,104,104.0
8,105.0,-0.6824193000793457,0,0.001,,0.2474869276353277,0.005,0.35802325236464383,0,,"105, 285",7Pm,Medial_Area_7P,Superior_Parietal,16.0,29.0,"1601, 1308",idx_L,105,105.0
8,106.0,-1.8139185905456543,0,0.001,,0.03484513007662182,0.005,0.09877359706758941,0,,"106, 286",AIP,Anterior_IntraParietal_Area,Superior_Parietal,16.0,117.0,"1999, 2542",idx_L,106,106.0
8,107.0,0.6005604863166809,0,0.001,,0.2740663813302715,0.005,0.37372688363218837,0,,"107, 287",LIPd,Area_Lateral_IntraParietal_dorsal,Superior_Parietal,16.0,95.0,"1008, 869",idx_L,107,107.0
8,108.0,0.3890993893146515,0,0.001,,0.34860131260658533,0.005,0.4282189540039587,0,,"108, 288",LIPv,Area_Lateral_IntraParietal_ventral,Superior_Parietal,16.0,48.0,"1681, 1783",idx_L,108,108.0
8,109.0,-0.09375445544719696,0,0.001,,0.46265210577277094,0.005,0.48080210790063105,0,,"109, 289",MIP,Medial_IntraParietal_Area,Superior_Parietal,16.0,50.0,"1872, 2403",idx_L,109,109.0
8,110.0,0.3311552405357361,0,0.001,,0.37026361368377636,0.005,0.4399750681681915,0,,"110, 290",VIP,Ventral_IntraParietal_Complex,Superior_Parietal,16.0,49.0,"1890, 1577",idx_L,110,110.0
8,111.0,0.35477393865585327,0,0.001,,0.3613794769741579,0.005,0.43549558587820403,0,,"111, 291",IP0,Area_IntraParietal_0,Inferior_Parietal,17.0,146.0,"1203, 1239",idx_L,111,111.0
8,112.0,0.6379302740097046,0,0.001,,0.26175953482227476,0.005,0.3630491853621477,0,,"112, 292",IP1,Area_IntraParietal_1,Inferior_Parietal,17.0,145.0,"1692, 1632",idx_L,112,112.0
8,113.0,-0.6334783434867859,0,0.001,,0.26321065938755706,0.005,0.3630491853621477,0,,"113, 293",IP2,Area_IntraParietal_2,Inferior_Parietal,17.0,144.0,"2102, 1861",idx_L,113,113.0
8,114.0,-1.9713659286499023,0,0.001,,0.024341017634535233,0.005,0.08113672544845078,0,,"114, 294",PF,Area_PF_Complex,Inferior_Parietal,17.0,148.0,"5457, 5251",idx_L,114,114.0
8,115.0,-0.48390886187553406,0,0.001,,0.31422527542976164,0.005,0.4069104286140798,0,,"115, 295",PFm,Area_PFm_Complex,Inferior_Parietal,17.0,149.0,"8220, 8141",idx_L,115,115.0
8,116.0,0.30649006366729736,0,0.001,,0.3796157720559097,0.005,0.444809309809416,0,,"116, 296",PFop,Area_PF_Opercular,Inferior_Parietal,17.0,147.0,"1797, 1783",idx_L,116,116.0
8,117.0,-1.1588925123214722,0,0.001,,0.12325000068947711,0.005,0.2412893813195335,0,,"117, 297",PFt,Area_PFt,Inferior_Parietal,17.0,116.0,"1983, 2039",idx_L,117,117.0
8,118.0,-1.9318691492080688,0,0.001,,0.026687829236729604,0.005,0.08655512184885278,0,,"118, 298",PGi,Area_PGi,Inferior_Parietal,17.0,150.0,"4791, 4970",idx_L,118,118.0
8,119.0,-1.164347529411316,0,0.001,,0.12214160115315137,0.005,0.2412893813195335,0,,"119, 299",PGp,Area_PGp,Inferior_Parietal,17.0,143.0,"2501, 3740",idx_L,119,119.0
8,120.0,-0.40727752447128296,0,0.001,,0.34190208414606227,0.005,0.42737760518257784,0,,"120, 300",PGs,Area_PGs,Inferior_Parietal,17.0,151.0,"4552, 3366",idx_L,120,120.0
8,121.0,-0.5101625323295593,0,0.001,,0.3049687995023138,0.005,0.39823479170910026,0,,"121, 301",23d,Area_23d,Posterior_Cingulate,18.0,32.0,"1261, 1513",idx_L,121,121.0
8,122.0,-0.586068332195282,0,0.001,,0.27891479808909947,0.005,0.3773683815526627,0,,"122, 302",31a,Area_31a,Posterior_Cingulate,18.0,162.0,"1260, 1116",idx_L,122,122.0
8,123.0,3.7288506031036377,1,0.001,+,9.617757205848366e-05,0.005,0.00203670152594436,1,+,"123, 303",31pd,Area_31pd,Posterior_Cingulate,18.0,161.0,"1428, 864",idx_L,123,123.0
8,124.0,2.626897096633911,0,0.001,,0.004308369380364742,0.005,0.028722462535764947,0,,"124, 304",31pv,Area_31p_ventral,Posterior_Cingulate,18.0,35.0,"950, 1022",idx_L,124,124.0
8,125.0,3.4708034992218018,1,0.001,+,0.0002594517870224664,0.005,0.0038567579261443523,1,+,"125, 305",7 m,Area_7m,Posterior_Cingulate,18.0,30.0,"2128, 2067",idx_L,125,125.0
8,126.0,3.0220465660095215,0,0.001,,0.0012553596087661893,0.005,0.012553596087661894,0,,"126, 306",d23ab,Area_dorsal_23_a + b,Posterior_Cingulate,18.0,34.0,"1607, 1106",idx_L,126,126.0
8,127.0,0.09306467324495316,0,0.001,,0.4629260911323122,0.005,0.48080210790063105,0,,"127, 307",DVT,Dorsal_Transitional_Visual_Area,Posterior_Cingulate,18.0,142.0,"1806, 2176",idx_L,127,127.0
8,128.0,0.12921977043151855,0,0.001,,0.44859187640987913,0.005,0.4763807537096062,0,,"128, 308",PCV,PreCuneus_Visual_Area,Posterior_Cingulate,18.0,27.0,"2245, 2416",idx_L,128,128.0
8,129.0,-0.8192973136901855,0,0.001,,0.20630840243147458,0.005,0.32217076385261156,0,,"129, 309",POS1,Parieto-Occipital_Sulcus_Area_1,Posterior_Cingulate,18.0,31.0,"2531, 2727",idx_L,129,129.0
8,130.0,3.434300661087036,1,0.001,+,0.00029704242337123094,0.005,0.0041128950928324285,1,+,"130, 310",POS2,Parieto-Occipital_Sulcus_Area_2,Posterior_Cingulate,18.0,15.0,"3261, 3093",idx_L,130,130.0
8,131.0,0.2254166454076767,0,0.001,,0.4108275818394761,0.005,0.4567653873598454,0,,"131, 311",ProS,ProStriate_Area,Posterior_Cingulate,18.0,121.0,"1222, 1055",idx_L,131,131.0
8,132.0,3.514615058898926,1,0.001,+,0.00022019592398395528,0.005,0.0034465448971401696,1,+,"132, 312",RSC,RetroSplenial_Complex,Posterior_Cingulate,18.0,14.0,"2830, 3067",idx_L,132,132.0
8,133.0,1.9101487398147583,0,0.001,,0.028057032497981582,0.005,0.08860115525678394,0,,"133, 313",v23ab,Area_ventral_23_a + b,Posterior_Cingulate,18.0,33.0,"916, 1089",idx_L,133,133.0
8,134.0,2.956206798553467,0,0.001,,0.0015572409602837578,0.005,0.01437453194108084,0,,"134, 314",10r,Area_10r,AntCing_MedPFC,19.0,65.0,"1589, 1053",idx_L,134,134.0
8,135.0,3.462259292602539,1,0.001,+,0.00026783041153780225,0.005,0.0038567579261443523,1,+,"135, 315",10v,Area_10v,AntCing_MedPFC,19.0,88.0,"3906, 2667",idx_L,135,135.0
8,136.0,0.7002764940261841,0,0.001,,0.241877324231425,0.005,0.352533751916247,0,,"136, 316",25,Area_25,AntCing_MedPFC,19.0,164.0,"1911, 2135",idx_L,136,136.0
8,137.0,-1.7627981901168823,0,0.001,,0.038967266395001844,0.005,0.10708561757405087,0,,"137, 317",33pr,Area_33_prime,AntCing_MedPFC,19.0,58.0,"1354, 1316",idx_L,137,137.0
8,138.0,0.8723132014274597,0,0.001,,0.1915187688477315,0.005,0.31339434902356067,0,,"138, 318",8BM,Area_8BM,AntCing_MedPFC,19.0,63.0,"3122, 3436",idx_L,138,138.0
8,139.0,1.8347153663635254,0,0.001,,0.03327393713258599,0.005,0.09660175296557222,0,,"139, 319",9 m,Area_9_Middle,AntCing_MedPFC,19.0,69.0,"6338, 5881",idx_L,139,139.0
8,140.0,0.9288839101791382,0,0.001,,0.17647462613159465,0.005,0.2941243768859911,0,,"140, 320",a24,Area_a24,AntCing_MedPFC,19.0,61.0,"2085, 2152",idx_L,140,140.0
8,141.0,-0.06009768694639206,0,0.001,,0.4760389160923202,0.005,0.4850050938128336,0,,"141, 321",a24pr,Anterior_24_prime,AntCing_MedPFC,19.0,59.0,"1095, 1474",idx_L,141,141.0
8,142.0,0.7479833960533142,0,0.001,,0.2272350863679779,0.005,0.34227879118189136,0,,"142, 322",a32pr,Area_anterior_32_prime,AntCing_MedPFC,19.0,179.0,"1759, 1118",idx_L,142,142.0
8,143.0,0.6814931035041809,0,0.001,,0.24777976453962341,0.005,0.35802325236464383,0,,"143, 323",d32,Area_dorsal_32,AntCing_MedPFC,19.0,62.0,"2228, 2374",idx_L,143,143.0
8,144.0,0.25396668910980225,0,0.001,,0.3997606463865966,0.005,0.45104583243389545,0,,"144, 324",p24,Area_posterior_24,AntCing_MedPFC,19.0,180.0,"2394, 2442",idx_L,144,144.0
8,145.0,-1.312397837638855,0,0.001,,0.09469296805422611,0.005,0.20412855388934972,0,,"145, 325",p24pr,Area_Posterior_24_prime,AntCing_MedPFC,19.0,57.0,"1422, 1724",idx_L,145,145.0
8,146.0,1.184794545173645,0,0.001,,0.11804934492930097,0.005,0.2374176769527841,0,,"146, 326",p32,Area_p32,AntCing_MedPFC,19.0,64.0,"1180, 1765",idx_L,146,146.0
8,147.0,0.25094160437583923,0,0.001,,0.4009296288301293,0.005,0.45104583243389545,0,,"147, 327",p32pr,Area_p32_prime,AntCing_MedPFC,19.0,60.0,"1569, 1305",idx_L,147,147.0
8,148.0,0.028544839471578598,0,0.001,,0.4886138029289886,0.005,0.49271980127292964,0,,"148, 328",pOFC,Posterior_OFC_Complex,AntCing_MedPFC,19.0,166.0,"2486, 2836",idx_L,148,148.0
8,149.0,1.0915464162826538,0,0.001,,0.13751625969061726,0.005,0.2560569715976629,0,,"149, 329",s32,Area_s32,AntCing_MedPFC,19.0,165.0,"604, 1015",idx_L,149,149.0
8,150.0,2.2786264419555664,0,0.001,,0.011344640366832614,0.005,0.050410099026176804,0,,"150, 330",10d,Area_10d,OrbPolaFrontal,20.0,72.0,"3644, 3096",idx_L,150,150.0
8,151.0,-0.12150253355503082,0,0.001,,0.4516465040429932,0.005,0.47821394545728696,0,,"151, 331",10 pp,Polar_10p,OrbPolaFrontal,20.0,90.0,"1997, 2487",idx_L,151,151.0
8,152.0,-0.8296200633049011,0,0.001,,0.20337681476960418,0.005,0.3211212864783224,0,,"152, 332",11 l,Area_11l,OrbPolaFrontal,20.0,91.0,"3531, 3793",idx_L,152,152.0
8,153.0,1.004404902458191,0,0.001,,0.15759174398365478,0.005,0.27144989394313745,0,,"153, 333",13 l,Area_13l,OrbPolaFrontal,20.0,92.0,"2429, 1757",idx_L,153,153.0
8,154.0,0.7188460826873779,0,0.001,,0.2361178802086248,0.005,0.3483706429307579,0,,"154, 334",47 m,Area_47m,OrbPolaFrontal,20.0,66.0,"799, 781",idx_L,154,154.0
8,155.0,3.7533717155456543,1,0.001,+,8.723591939650927e-05,0.005,0.0019628081864214585,1,+,"155, 335",47 s,Area_47s,OrbPolaFrontal,20.0,94.0,"2795, 3080",idx_L,155,155.0
8,156.0,-0.6534425020217896,0,0.001,,0.2567355230031515,0.005,0.36252917715168914,0,,"156, 336",a10p,Area_anterior_10p,OrbPolaFrontal,20.0,89.0,"1964, 1748",idx_L,156,156.0
8,157.0,1.394705057144165,0,0.001,,0.08155239963291461,0.005,0.1828812023227485,0,,"157, 337",OFC,Orbital_Frontal_Complex,OrbPolaFrontal,20.0,93.0,"4560, 5232",idx_L,157,157.0
8,158.0,0.2978806495666504,0,0.001,,0.3828971286509747,0.005,0.444809309809416,0,,"158, 338",p10p,Area_posterior_10p,OrbPolaFrontal,20.0,170.0,"2116, 2365",idx_L,158,158.0
8,159.0,1.0366318225860596,0,0.001,,0.14995373834085168,0.005,0.2659278118359931,0,,"159, 339",44,Area_44,Inferior_Frontal,21.0,74.0,"2435, 2589",idx_L,159,159.0
8,160.0,3.041260004043579,0,0.001,,0.00117795147671123,0.005,0.012472427400471846,0,,"160, 340",45,Area_45,Inferior_Frontal,21.0,75.0,"3762, 2962",idx_L,160,160.0
8,161.0,2.19854998588562,0,0.001,,0.013954968288533024,0.005,0.054862498673621814,0,,"161, 341",47 l,Area_47l_(47_lateral),Inferior_Frontal,21.0,76.0,"2527, 2592",idx_L,161,161.0
8,162.0,-0.22051261365413666,0,0.001,,0.41273597493207037,0.005,0.4571844645401395,0,,"162, 342",a47r,Area_anterior_47r,Inferior_Frontal,21.0,77.0,"4167, 3763",idx_L,162,162.0
8,163.0,2.578673839569092,0,0.001,,0.004959019113106617,0.005,0.03098569734661833,0,,"163, 343",IFJa,Area_IFJa,Inferior_Frontal,21.0,79.0,"1513, 1405",idx_L,163,163.0
8,164.0,0.7803548574447632,0,0.001,,0.2175910157091432,0.005,0.33333091768209167,0,,"164, 344",IFJp,Area_IFJp,Inferior_Frontal,21.0,80.0,"960, 740",idx_L,164,164.0
8,165.0,-1.2101786136627197,0,0.001,,0.11310518130206415,0.005,0.231520259618958,0,,"165, 345",IFSa,Area_IFSa,Inferior_Frontal,21.0,82.0,"2057, 2641",idx_L,165,165.0
8,166.0,1.8965157270431519,0,0.001,,0.028945941189824353,0.005,0.08983223127876523,0,,"166, 346",IFSp,Area_IFSp,Inferior_Frontal,21.0,81.0,"1589, 1730",idx_L,166,166.0
8,167.0,0.28269919753074646,0,0.001,,0.3887037157215698,0.005,0.4476842536139518,0,,"167, 347",p47r,Area_posterior_47r,Inferior_Frontal,21.0,171.0,"2133, 1761",idx_L,167,167.0
8,168.0,-2.4747703075408936,0,0.001,,0.006666094451682129,0.005,0.03636051519099343,0,,"168, 348",46,Area_46,Dorsolateral_Prefrontal,22.0,84.0,"4863, 4394",idx_L,168,168.0
8,169.0,-1.9945369958877563,0,0.001,,0.02304670055436212,0.005,0.07856767613344093,0,,"169, 349",8Ad,Area_8Ad,Dorsolateral_Prefrontal,22.0,68.0,"3386, 3492",idx_L,169,169.0
8,170.0,-1.882224202156067,0,0.001,,0.029902790462575764,0.005,0.09122885225870572,0,,"170, 350",8Av,Area_8Av,Dorsolateral_Prefrontal,22.0,67.0,"4807, 5902",idx_L,170,170.0
8,171.0,1.7405117750167847,0,0.001,,0.04088459714496201,0.005,0.1115034467589873,0,,"171, 351",8BL,Area_8B_Lateral,Dorsolateral_Prefrontal,22.0,70.0,"3377, 4078",idx_L,171,171.0
8,172.0,0.7671401500701904,0,0.001,,0.2214990962818384,0.005,0.33504064983807486,0,,"172, 352",8C,Area_8C,Dorsolateral_Prefrontal,22.0,73.0,"4085, 3134",idx_L,172,172.0
8,173.0,-1.0723154544830322,0,0.001,,0.14178918379377242,0.005,0.25902736915339747,0,,"173, 353",9-46d,Area_9-46d,Dorsolateral_Prefrontal,22.0,86.0,"4534, 4666",idx_L,173,173.0
8,174.0,0.9724869132041931,0,0.001,,0.165404186143349,0.005,0.28220619436779926,0,,"174, 354",9a,Area_9_anterior,Dorsolateral_Prefrontal,22.0,87.0,"3706, 3048",idx_L,174,174.0
8,175.0,1.9475772380828857,0,0.001,,0.02573278476429647,0.005,0.08421638650133391,0,,"175, 355",9p,Area_9_Posterior,Dorsolateral_Prefrontal,22.0,71.0,"3426, 2488",idx_L,175,175.0
8,176.0,0.17625081539154053,0,0.001,,0.4300484503378403,0.005,0.4671717929369347,0,,"176, 356",a9-46v,Area_anterior_9-46v,Dorsolateral_Prefrontal,22.0,85.0,"3314, 2628",idx_L,176,176.0
8,177.0,-2.252715826034546,0,0.001,,0.012138536217432102,0.005,0.052022298074709004,0,,"177, 357",i6-8,Inferior_6-8_Transitional_Area,Dorsolateral_Prefrontal,22.0,97.0,"1764, 2418",idx_L,177,177.0
8,178.0,-0.6470322012901306,0,0.001,,0.25880555146662254,0.005,0.36252917715168914,0,,"178, 358",p9-46v,Area_posterior_9-46v,Dorsolateral_Prefrontal,22.0,83.0,"2871, 4635",idx_L,178,178.0
8,179.0,-0.41312459111213684,0,0.001,,0.33975766668697877,0.005,0.4261768641369768,0,,"179, 359",s6-8,Superior_6-8_Transitional_Area,Dorsolateral_Prefrontal,22.0,98.0,"1336, 2132",idx_L,179,179.0
8,180.0,1.6764941215515137,0,0.001,,0.04682072334822653,0.005,0.12303255770336899,0,,"180, 360",SFL,Superior_Frontal_Language_Area,Dorsolateral_Prefrontal,22.0,26.0,"3873, 3055",idx_L,180,180.0
8,181.0,0.07050414383411407,0,0.001,,0.47189620122864595,0.005,0.48318715956095026,0,,"1, 181",V1,Primary_Visual_Cortex,Primary_Visual,1.0,1.0,"13,812, 13,406",idx_R,181,181.0
8,182.0,0.38905417919158936,0,0.001,,0.3486180340531011,0.005,0.4282189540039587,0,,"2, 182",V2,Second_Visual_Area,Early_Visual,2.0,4.0,"9515, 9420",idx_R,182,182.0
8,183.0,1.3398185968399048,0,0.001,,0.09015216404926352,0.005,0.19686150052939239,0,,"3, 183",V3,Third_Visual_Area,Early_Visual,2.0,5.0,"7106, 7481",idx_R,183,183.0
8,184.0,0.4455673396587372,0,0.001,,0.3279549035318371,0.005,0.41866583429596227,0,,"4, 184",V4,Fourth_Visual_Area,Early_Visual,2.0,6.0,"4782, 4537",idx_R,184,184.0
8,185.0,0.393282949924469,0,0.001,,0.34705525488118966,0.005,0.4282189540039587,0,,"5, 185",IPS1,IntraParietal_Sulcus_Area_1,Dorsal_Stream_Visual,3.0,17.0,"1751, 1750",idx_R,185,185.0
8,186.0,0.8322336673736572,0,0.001,,0.20263853188179715,0.005,0.3211212864783224,0,,"6, 186",V3A,Area_V3A,Dorsal_Stream_Visual,3.0,13.0,"2191, 2212",idx_R,186,186.0
8,187.0,1.1386288404464722,0,0.001,,0.12742899703790106,0.005,0.24144441544023357,0,,"7, 187",V3B,Area_V3B,Dorsal_Stream_Visual,3.0,19.0,"639, 731",idx_R,187,187.0
8,188.0,0.37565499544143677,0,0.001,,0.3535866998633007,0.005,0.43003787821212247,0,,"8, 188",V6,Sixth_Visual_Area,Dorsal_Stream_Visual,3.0,3.0,"1402, 1559",idx_R,188,188.0
8,189.0,0.3539097011089325,0,0.001,,0.36170327827106385,0.005,0.43549558587820403,0,,"9, 189",V6A,Area_V6A,Dorsal_Stream_Visual,3.0,152.0,"904, 734",idx_R,189,189.0
8,190.0,0.39049455523490906,0,0.001,,0.3480854403424798,0.005,0.4282189540039587,0,,"10, 190",V7,Seventh_Visual_Area,Dorsal_Stream_Visual,3.0,16.0,"1005, 1041",idx_R,190,190.0
8,191.0,0.276581734418869,0,0.001,,0.39105064579100923,0.005,0.4476842536139518,0,,"11, 191",FFC,Fusiform_Face_Complex,Ventral_Stream_Visual,4.0,18.0,"3848, 4402",idx_R,191,191.0
8,192.0,0.33676037192344666,0,0.001,,0.3681487742474826,0.005,0.4399750681681915,0,,"12, 192",PIT,Posterior_InferoTemporal_complex,Ventral_Stream_Visual,4.0,22.0,"1392, 1386",idx_R,192,192.0
8,193.0,0.651409387588501,0,0.001,,0.2573911261593598,0.005,0.36252917715168914,0,,"13, 193",V8,Eighth_Visual_Area,Ventral_Stream_Visual,4.0,7.0,"1361, 1175",idx_R,193,193.0
8,194.0,0.33102619647979736,0,0.001,,0.3703123490415612,0.005,0.4399750681681915,0,,"14, 194",VMV1,VentroMedial_Visual_Area_1,Ventral_Stream_Visual,4.0,153.0,"939, 1219",idx_R,194,194.0
8,195.0,0.8494035601615906,0,0.001,,0.19782838640897854,0.005,0.31936421124319403,0,,"15, 195",VMV2,VentroMedial_Visual_Area_2,Ventral_Stream_Visual,4.0,160.0,"639, 923",idx_R,195,195.0
8,196.0,0.5180767774581909,0,0.001,,0.30220235104112736,0.005,0.39823479170910026,0,,"16, 196",VMV3,VentroMedial_Visual_Area_3,Ventral_Stream_Visual,4.0,154.0,"941, 1242",idx_R,196,196.0
8,197.0,0.8340967297554016,0,0.001,,0.20211323890755345,0.005,0.3211212864783224,0,,"17, 197",VVC,Ventral_Visual_Complex,Ventral_Stream_Visual,4.0,163.0,"2487, 2753",idx_R,197,197.0
8,198.0,-1.8655705451965332,0,0.001,,0.031050736894764723,0.005,0.09238235770343223,0,,"18, 198",FST,Area_FST,MT + _Complex,5.0,157.0,"1324, 1683",idx_R,198,198.0
8,199.0,1.9935088157653809,0,0.001,,0.023102879585193383,0.005,0.07856767613344093,0,,"19, 199",LO1,Area_Lateral_Occipital_1,MT + _Complex,5.0,20.0,"619, 909",idx_R,199,199.0
8,200.0,-0.7719690203666687,0,0.001,,0.22006638809808426,0.005,0.33436322081226083,0,,"20, 200",LO2,Area_Lateral_Occipital_2,MT + _Complex,5.0,21.0,"1179, 1062",idx_R,200,200.0
8,201.0,0.24571767449378967,0,0.001,,0.40295039466261495,0.005,0.45190698466835316,0,,"21, 201",LO3,Area_Lateral_Occipital_3,MT + _Complex,5.0,159.0,"438, 915",idx_R,201,201.0
8,202.0,-2.2378196716308594,0,0.001,,0.012616408527343081,0.005,0.05281287290515709,0,,"22, 202",MST,Medial_Superior_Temporal_Area,MT + _Complex,5.0,2.0,"794, 1036",idx_R,202,202.0
8,203.0,-2.366374969482422,0,0.001,,0.00898162029487953,0.005,0.04429292200214563,0,,"23, 203",MT,Middle_Temporal_Area,MT + _Complex,5.0,23.0,"620, 1005",idx_R,203,203.0
8,204.0,-0.8542996644973755,0,0.001,,0.1964694865251561,0.005,0.318599167338091,0,,"24, 204",PH,Area_PH,MT + _Complex,5.0,138.0,"3453, 3205",idx_R,204,204.0
8,205.0,1.393654227256775,0,0.001,,0.08171102235614464,0.005,0.1828812023227485,0,,"25, 205",V3CD,Area_V3CD,MT + _Complex,5.0,158.0,"876, 1222",idx_R,205,205.0
8,206.0,-1.6592384576797485,0,0.001,,0.04853387547394728,0.005,0.1256992458318059,0,,"26, 206",V4t,Area_V4t,MT + _Complex,5.0,156.0,"1037, 1249",idx_R,206,206.0
8,207.0,-1.4475113153457642,0,0.001,,0.07387688480382505,0.005,0.17382796424429425,0,,"27, 207",1,Area_1,SomaSens_Motor,6.0,51.0,"6590, 5925",idx_R,207,207.0
8,208.0,-1.8349454402923584,0,0.001,,0.03325688695098919,0.005,0.09660175296557222,0,,"28, 208",2,Area_2,SomaSens_Motor,6.0,52.0,"4278, 4727",idx_R,208,208.0
8,209.0,-2.6080515384674072,0,0.001,,0.004552962152374356,0.005,0.029801206815541242,0,,"29, 209",3a,Area_3a,SomaSens_Motor,6.0,53.0,"2247, 2286",idx_R,209,209.0
8,210.0,-2.3770689964294434,0,0.001,,0.008725411796822543,0.005,0.04424152460360726,0,,"30, 210",3b,Primary_Sensory_Cortex,SomaSens_Motor,6.0,9.0,"5451, 4350",idx_R,210,210.0
8,211.0,-1.4541904926300049,0,0.001,,0.07294675007457563,0.005,0.1727686185976791,0,,"31, 211",4,Primary_Motor_Cortex,SomaSens_Motor,6.0,8.0,"10,776, 10,254",idx_R,211,211.0
8,212.0,-4.593151569366455,1,0.001,-,2.183008563854041e-06,0.005,0.00013098051383124244,1,-,"32, 212",23c,Area_23c,ParaCentral_MidCing,7.0,38.0,"2259, 2498",idx_R,212,212.0
8,213.0,-2.4907467365264893,0,0.001,,0.006373747533182037,0.005,0.03620034787636345,0,,"33, 213",24dd,Dorsal_Area_24d,ParaCentral_MidCing,7.0,40.0,"2665, 2820",idx_R,213,213.0
8,214.0,-0.8457480072975159,0,0.001,,0.1988466678041752,0.005,0.31957500182813875,0,,"34, 214",24dv,Ventral_Area_24d,ParaCentral_MidCing,7.0,41.0,"1076, 1349",idx_R,214,214.0
8,215.0,-1.2192848920822144,0,0.001,,0.11136804039294329,0.005,0.231520259618958,0,,"35, 215",5L,Area_5L,ParaCentral_MidCing,7.0,39.0,"2249, 2327",idx_R,215,215.0
8,216.0,-2.2693893909454346,0,0.001,,0.011622328386590764,0.005,0.050410099026176804,0,,"36, 216",5 m,Area_5m,ParaCentral_MidCing,7.0,36.0,"1483, 2079",idx_R,216,216.0
8,217.0,-3.0930047035217285,1,0.001,-,0.0009907049740457685,0.005,0.010807690625953837,0,,"37, 217",5mv,Area_5m_ventral,ParaCentral_MidCing,7.0,37.0,"1651, 1996",idx_R,217,217.0
8,218.0,-3.3382160663604736,1,0.001,-,0.0004215907777045872,0.005,0.005407030975848363,0,,"38, 218",6ma,Area_6m_anterior,ParaCentral_MidCing,7.0,44.0,"3941, 4251",idx_R,218,218.0
8,219.0,-1.818851351737976,0,0.001,,0.03446705575059221,0.005,0.09847730214454917,0,,"39, 219",6mp,Area_6mp,ParaCentral_MidCing,7.0,55.0,"3701, 3105",idx_R,219,219.0
8,220.0,2.1967146396636963,0,0.001,,0.014020416327703351,0.005,0.054862498673621814,0,,"40, 220",SCEF,Supplementary_and_Cingulate_Eye_Field,ParaCentral_MidCing,7.0,43.0,"3500, 3371",idx_R,220,220.0
8,221.0,1.5096842050552368,0,0.001,,0.06556201174676508,0.005,0.1594751637083475,0,,"41, 221",55b,Area_55b,Premotor,8.0,12.0,"2422, 1537",idx_R,221,221.0
8,222.0,-2.0884430408477783,0,0.001,,0.01837894419112913,0.005,0.06747911262265632,0,,"42, 222",6a,Area_6_anterior,Premotor,8.0,96.0,"4233, 3752",idx_R,222,222.0
8,223.0,-1.5266849994659424,0,0.001,,0.06341967962835135,0.005,0.15745575631866543,0,,"43, 223",6d,Dorsal_area_6,Premotor,8.0,54.0,"2916, 2909",idx_R,223,223.0
8,224.0,2.744138479232788,0,0.001,,0.0030334969423070736,0.005,0.02100113267751051,0,,"44, 224",6r,Rostral_Area_6,Premotor,8.0,78.0,"3029, 3981",idx_R,224,224.0
8,225.0,-0.802071213722229,0,0.001,,0.2112558827202871,0.005,0.32500905033890326,0,,"45, 225",6v,Ventral_Area_6,Premotor,8.0,56.0,"2075, 2516",idx_R,225,225.0
8,226.0,1.166533350944519,0,0.001,,0.12169943626929541,0.005,0.2412893813195335,0,,"46, 226",FEF,Frontal_Eye_Fields,Premotor,8.0,10.0,"1787, 1889",idx_R,226,226.0
8,227.0,1.1543124914169312,0,0.001,,0.12418603855447918,0.005,0.2412893813195335,0,,"47, 227",PEF,Premotor_Eye_Field,Premotor,8.0,11.0,"1006, 1258",idx_R,227,227.0
8,228.0,-0.7016640305519104,0,0.001,,0.2414443548807625,0.005,0.352533751916247,0,,"48, 228",43,Area_43,Posterior_Opercular,9.0,99.0,"1889, 1678",idx_R,228,228.0
8,229.0,0.6370507478713989,0,0.001,,0.26204589421937496,0.005,0.3630491853621477,0,,"49, 229",FOP1,Frontal_Opercular_Area_1,Posterior_Opercular,9.0,113.0,"879, 932",idx_R,229,229.0
8,230.0,-1.1447007656097412,0,0.001,,0.12616656709891122,0.005,0.24143472887945103,0,,"50, 230",OP1,Area_OP1-SII,Posterior_Opercular,9.0,101.0,"1275, 1072",idx_R,230,230.0
8,231.0,-0.4888540506362915,0,0.001,,0.31247251424423134,0.005,0.40610146255567975,0,,"51, 231",OP2-3,Area_OP2-3-VS,Posterior_Opercular,9.0,102.0,"943, 792",idx_R,231,231.0
8,232.0,0.149147629737854,0,0.001,,0.44071857153588145,0.005,0.4707972871006449,0,,"52, 232",OP4,Area_OP4-PV,Posterior_Opercular,9.0,100.0,"2332, 2409",idx_R,232,232.0
8,233.0,0.27467870712280273,0,0.001,,0.3917815457014531,0.005,0.4476842536139518,0,,"53, 233",52,Area_52,Early_Auditory,10.0,103.0,"725, 580",idx_R,233,233.0
8,234.0,0.5490401983261108,0,0.001,,0.29148893171895845,0.005,0.39009671159414516,0,,"54, 234",A1,Primary_Auditory_Cortex,Early_Auditory,10.0,24.0,"1023, 796",idx_R,234,234.0
8,235.0,2.3009443283081055,0,0.001,,0.010697389030925855,0.005,0.04937256475811933,0,,"55, 235",LBelt,Lateral_Belt_Complex,Early_Auditory,10.0,174.0,"820, 901",idx_R,235,235.0
8,236.0,0.36377665400505066,0,0.001,,0.3580123986786843,0.005,0.43395442264082945,0,,"56, 236",MBelt,Medial_Belt_Complex,Early_Auditory,10.0,173.0,"1242, 1236",idx_R,236,236.0
8,237.0,2.9023258686065674,0,0.001,,0.0018520150914640055,0.005,0.015037378533998235,0,,"57, 237",PBelt,ParaBelt_Complex,Early_Auditory,10.0,124.0,"1719, 1439",idx_R,237,237.0
8,238.0,-0.4594680070877075,0,0.001,,0.3229490606958939,0.005,0.41522022089472077,0,,"58, 238",PFcm,Area_PFcm,Early_Auditory,10.0,105.0,"1486, 1485",idx_R,238,238.0
8,239.0,2.352299213409424,0,0.001,,0.009328879877538797,0.005,0.045383739944783334,0,,"59, 239",RI,RetroInsular_Cortex,Early_Auditory,10.0,104.0,"1149, 1334",idx_R,239,239.0
8,240.0,3.6450002193450928,1,0.001,+,0.00013369578677609252,0.005,0.0026739157355218503,1,+,"60, 240",A4,Auditory_4_Complex,Auditory_Association,11.0,175.0,"3514, 3610",idx_R,240,240.0
8,241.0,3.8691279888153076,1,0.001,+,5.4612648775424454e-05,0.005,0.001310703570610187,1,+,"61, 241",A5,Auditory_5_Complex,Auditory_Association,11.0,125.0,"3346, 3881",idx_R,241,241.0
8,242.0,3.5648856163024902,1,0.001,+,0.0001820074520596115,0.005,0.00307137286266946,1,+,"62, 242",STGa,Area_STGa,Auditory_Association,11.0,123.0,"2509, 2187",idx_R,242,242.0
8,243.0,0.5091791152954102,0,0.001,,0.3053133403103102,0.005,0.39823479170910026,0,,"63, 243",STSda,Area_STSd_anterior,Auditory_Association,11.0,128.0,"1944, 2389",idx_R,243,243.0
8,244.0,4.127905368804932,1,0.001,+,1.8304135082667602e-05,0.005,0.0006589488629760336,1,+,"64, 244",STSdp,Area_STSd_posterior,Auditory_Association,11.0,129.0,"1994, 2605",idx_R,244,244.0
8,245.0,-0.4479844570159912,0,0.001,,0.32708220702213736,0.005,0.41866583429596227,0,,"65, 245",STSva,Area_STSv_anterior,Auditory_Association,11.0,176.0,"1694, 1900",idx_R,245,245.0
8,246.0,0.3029995560646057,0,0.001,,0.3809450999573627,0.005,0.444809309809416,0,,"66, 246",STSvp,Area_STSv_posterior,Auditory_Association,11.0,130.0,"2898, 2515",idx_R,246,246.0
8,247.0,5.036980628967285,1,0.001,+,2.3646631040807838e-07,0.005,2.1281967936727055e-05,1,+,"67, 247",TA2,Area_TA2,Auditory_Association,11.0,107.0,"1518, 1726",idx_R,247,247.0
8,248.0,1.7643307447433472,0,0.001,,0.03883815530837805,0.005,0.10708561757405087,0,,"68, 248",AAIC,Anterior_Agranular_Insula_Complex,Insula_FrontalOperc,12.0,112.0,"1859, 1691",idx_R,248,248.0
8,249.0,1.5761290788650513,0,0.001,,0.057498029381961184,0.005,0.14675684701597747,0,,"69, 249",AVI,Anterior_Ventral_Insular_Area,Insula_FrontalOperc,12.0,111.0,"1446, 1792",idx_R,249,249.0
8,250.0,-1.8693478107452393,0,0.001,,0.030787220211031047,0.005,0.09236166063309315,0,,"70, 250",FOP2,Frontal_Opercular_Area_2,Insula_FrontalOperc,12.0,115.0,"750, 720",idx_R,250,250.0
8,251.0,0.440926194190979,0,0.001,,0.32963321481829727,0.005,0.4192590254115116,0,,"71, 251",FOP3,Frontal_Opercular_Area_3,Insula_FrontalOperc,12.0,114.0,"754, 614",idx_R,251,251.0
8,252.0,0.9303527474403381,0,0.001,,0.17609423777420724,0.005,0.2941243768859911,0,,"72, 252",FOP4,Frontal_Opercular_Area_4,Insula_FrontalOperc,12.0,108.0,"2522, 1678",idx_R,252,252.0
8,253.0,2.000840425491333,0,0.001,,0.02270479468222726,0.005,0.07856767613344093,0,,"73, 253",FOP5,Area_Frontal_Opercular_5,Insula_FrontalOperc,12.0,169.0,"1297, 1365",idx_R,253,253.0
8,254.0,-2.1916418075561523,0,0.001,,0.01420269032961941,0.005,0.054978156114655785,0,,"74, 254",Ig,Insular_Granular_Complex,Insula_FrontalOperc,12.0,168.0,"841, 1077",idx_R,254,254.0
8,255.0,2.113193988800049,0,0.001,,0.017292083800025265,0.005,0.06505350686377154,0,,"75, 255",MI,Middle_Insular_Area,Insula_FrontalOperc,12.0,109.0,"2102, 1960",idx_R,255,255.0
8,256.0,0.5907078385353088,0,0.001,,0.2773580974925697,0.005,0.37678835885783046,0,,"76, 256",PI,Para-Insular_Area,Insula_FrontalOperc,12.0,178.0,"1033, 1058",idx_R,256,256.0
8,257.0,0.7248363494873047,0,0.001,,0.23427621653765862,0.005,0.3480096658206266,0,,"77, 257",Pir,Pirform_Cortex,Insula_FrontalOperc,12.0,110.0,"2287, 1856",idx_R,257,257.0
8,258.0,-0.2673318088054657,0,0.001,,0.3946068488965355,0.005,0.4476842536139518,0,,"78, 258",PoI1,Area_Posterior_Insular_1,Insula_FrontalOperc,12.0,167.0,"1811, 1835",idx_R,258,258.0
8,259.0,-1.6488488912582397,0,0.001,,0.04958929791974241,0.005,0.12751533750790905,0,,"79, 259",PoI2,Posterior_Insular_Area_2,Insula_FrontalOperc,12.0,106.0,"2747, 2675",idx_R,259,259.0
8,260.0,0.22474494576454163,0,0.001,,0.41108884862386086,0.005,0.4567653873598454,0,,"80, 260",H,Hippocampus,Medial_Temporal,13.0,120.0,"4283, 3626",idx_R,260,260.0
8,261.0,2.7565910816192627,0,0.001,,0.002920367171429544,0.005,0.0206308039591336,0,,"81, 261",PreS,PreSubiculum,Medial_Temporal,13.0,119.0,"1817, 1558",idx_R,261,261.0
8,262.0,0.6108163595199585,0,0.001,,0.2706605808689062,0.005,0.3704859662083887,0,,"82, 262",EC,Entorhinal_Cortex,Medial_Temporal,13.0,118.0,"2127, 2110",idx_R,262,262.0
8,263.0,-1.5443145036697388,0,0.001,,0.06125608032400112,0.005,0.15421111130517764,0,,"83, 263",PeEc,Perirhinal_Ectorhinal_Cortex,Medial_Temporal,13.0,122.0,"4826, 4755",idx_R,263,263.0
8,264.0,-2.5718817710876465,0,0.001,,0.0050573713428247145,0.005,0.03098569734661833,0,,"84, 264",TF,Area_TF,Medial_Temporal,13.0,135.0,"3986, 4752",idx_R,264,264.0
8,265.0,-1.012507438659668,0,0.001,,0.15564774591364794,0.005,0.27144989394313745,0,,"85, 265",PHA1,ParaHippocampal_Area_1,Medial_Temporal,13.0,126.0,"1281, 1168",idx_R,265,265.0
8,266.0,-1.393141269683838,0,0.001,,0.08178853770545141,0.005,0.1828812023227485,0,,"86, 266",PHA2,ParaHippocampal_Area_2,Medial_Temporal,13.0,155.0,"783, 771",idx_R,266,266.0
8,267.0,-3.329144239425659,1,0.001,-,0.0004355663841655626,0.005,0.005407030975848363,0,,"87, 267",PHA3,ParaHippocampal_Area_3,Medial_Temporal,13.0,127.0,"2023, 1122",idx_R,267,267.0
8,268.0,-2.7563302516937256,0,0.001,,0.0029226972275439266,0.005,0.0206308039591336,0,,"88, 268",PHT,Area_PHT,Lateral_Temporal,14.0,137.0,"4182, 3410",idx_R,268,268.0
8,269.0,-0.07073048502206802,0,0.001,,0.47180612902565194,0.005,0.48318715956095026,0,,"89, 269",TE1a,Area_TE1_anterior,Lateral_Temporal,14.0,132.0,"5227, 4180",idx_R,269,269.0
8,270.0,-0.0961667001247406,0,0.001,,0.46169408882813134,0.005,0.48080210790063105,0,,"90, 270",TE1m,Area_TE1_Middle,Lateral_Temporal,14.0,177.0,"3339, 3429",idx_R,270,270.0
8,271.0,-0.1323077529668808,0,0.001,,0.4473704376539041,0.005,0.4763807537096062,0,,"91, 271",TE1p,Area_TE1_posterior,Lateral_Temporal,14.0,133.0,"7116, 6010",idx_R,271,271.0
8,272.0,-0.3097057342529297,0,0.001,,0.3783923708721841,0.005,0.444809309809416,0,,"92, 272",TE2a,Area_TE2_anterior,Lateral_Temporal,14.0,134.0,"5691, 5753",idx_R,272,272.0
8,273.0,-1.4755730628967285,0,0.001,,0.07002927045116879,0.005,0.16695720107563422,0,,"93, 273",TE2p,Area_TE2_posterior,Lateral_Temporal,14.0,136.0,"4115, 3040",idx_R,273,273.0
8,274.0,0.057881083339452744,0,0.001,,0.4769216755826197,0.005,0.4850050938128336,0,,"94, 274",TGd,Area_TG_dorsal,Lateral_Temporal,14.0,131.0,"10,192, 10,269",idx_R,274,274.0
8,275.0,0.27942705154418945,0,0.001,,0.38995855669554547,0.005,0.4476842536139518,0,,"95, 275",TGv,Area_TG_Ventral,Lateral_Temporal,14.0,172.0,"3694, 4515",idx_R,275,275.0
8,276.0,-1.1774494647979736,0,0.001,,0.11950807831037757,0.005,0.23901615662075515,0,,"96, 276",PSL,PeriSylvian_Language_Area,TPO,15.0,25.0,"2154, 2759",idx_R,276,276.0
8,277.0,-4.40523099899292,1,0.001,-,5.283560517557159e-06,0.005,0.0002717259694743682,1,-,"97, 277",STV,Superior_Temporal_Visual_Area,TPO,15.0,28.0,"2322, 2294",idx_R,277,277.0
8,278.0,-1.2708669900894165,0,0.001,,0.10188798581062108,0.005,0.21576279348131525,0,,"98, 278",TPOJ1,Area_TemporoParietoOccipital_Junction_1,TPO,15.0,139.0,"2102, 3938",idx_R,278,278.0
8,279.0,-3.0232081413269043,0,0.001,,0.001250550766992301,0.005,0.012553596087661894,0,,"99, 279",TPOJ2,Area_TemporoParietoOccipital_Junction_2,TPO,15.0,140.0,"1930, 2068",idx_R,279,279.0
8,280.0,-5.66655158996582,1,0.001,-,7.284998847175816e-09,0.005,8.741998616610979e-07,1,-,"100, 280",TPOJ3,Area_TemporoParietoOccipital_Junction_3,TPO,15.0,141.0,"1290, 1277",idx_R,280,280.0
8,281.0,0.6628404259681702,0,0.001,,0.25371637976377776,0.005,0.36101935460458495,0,,"101, 281",7AL,Lateral_Area_7A,Superior_Parietal,16.0,42.0,"2134, 2030",idx_R,281,281.0
8,282.0,-2.047898054122925,0,0.001,,0.02028499479098385,0.005,0.07302598124754185,0,,"102, 282",7Am,Medial_Area_7A,Superior_Parietal,16.0,45.0,"2995, 2379",idx_R,282,282.0
8,283.0,-1.0101107358932495,0,0.001,,0.15622111959989532,0.005,0.27144989394313745,0,,"103, 283",7PC,Area_7PC,Superior_Parietal,16.0,47.0,"3151, 3415",idx_R,283,283.0
8,284.0,-0.10113204270601273,0,0.001,,0.4597228210171226,0.005,0.48080210790063105,0,,"104, 284",7Pl,Lateral_Area_7P,Superior_Parietal,16.0,46.0,"1695, 1363",idx_R,284,284.0
8,285.0,-0.8360472917556763,0,0.001,,0.20156414932483652,0.005,0.3211212864783224,0,,"105, 285",7Pm,Medial_Area_7P,Superior_Parietal,16.0,29.0,"1601, 1308",idx_R,285,285.0
8,286.0,-0.08736369758844376,0,0.001,,0.4651912120707887,0.005,0.48123228834909176,0,,"106, 286",AIP,Anterior_IntraParietal_Area,Superior_Parietal,16.0,117.0,"1999, 2542",idx_R,286,286.0
8,287.0,1.992943525314331,0,0.001,,0.02313381575040205,0.005,0.07856767613344093,0,,"107, 287",LIPd,Area_Lateral_IntraParietal_dorsal,Superior_Parietal,16.0,95.0,"1008, 869",idx_R,287,287.0
8,288.0,1.9038573503494263,0,0.001,,0.028464382484744026,0.005,0.08910589299572043,0,,"108, 288",LIPv,Area_Lateral_IntraParietal_ventral,Superior_Parietal,16.0,48.0,"1681, 1783",idx_R,288,288.0
8,289.0,0.5496357083320618,0,0.001,,0.2912846308910455,0.005,0.39009671159414516,0,,"109, 289",MIP,Medial_IntraParietal_Area,Superior_Parietal,16.0,50.0,"1872, 2403",idx_R,289,289.0
8,290.0,1.0914777517318726,0,0.001,,0.13753135818784984,0.005,0.2560569715976629,0,,"110, 290",VIP,Ventral_IntraParietal_Complex,Superior_Parietal,16.0,49.0,"1890, 1577",idx_R,290,290.0
8,291.0,1.1519725322723389,0,0.001,,0.12466618034842564,0.005,0.2412893813195335,0,,"111, 291",IP0,Area_IntraParietal_0,Inferior_Parietal,17.0,146.0,"1203, 1239",idx_R,291,291.0
8,292.0,1.366194248199463,0,0.001,,0.08593900118351788,0.005,0.1909755581855953,0,,"112, 292",IP1,Area_IntraParietal_1,Inferior_Parietal,17.0,145.0,"1692, 1632",idx_R,292,292.0
8,293.0,1.0629421472549438,0,0.001,,0.1439040939741097,0.005,0.25902736915339747,0,,"113, 293",IP2,Area_IntraParietal_2,Inferior_Parietal,17.0,144.0,"2102, 1861",idx_R,293,293.0
8,294.0,-0.9404482245445251,0,0.001,,0.17349384782736504,0.005,0.29322903858146204,0,,"114, 294",PF,Area_PF_Complex,Inferior_Parietal,17.0,148.0,"5457, 5251",idx_R,294,294.0
8,295.0,-0.8233605623245239,0,0.001,,0.2051514915258153,0.005,0.32217076385261156,0,,"115, 295",PFm,Area_PFm_Complex,Inferior_Parietal,17.0,149.0,"8220, 8141",idx_R,295,295.0
8,296.0,0.21178361773490906,0,0.001,,0.41613792489120666,0.005,0.45813349529307157,0,,"116, 296",PFop,Area_PF_Opercular,Inferior_Parietal,17.0,147.0,"1797, 1783",idx_R,296,296.0
8,297.0,-1.292083978652954,0,0.001,,0.09816403179571981,0.005,0.21035149670511386,0,,"117, 297",PFt,Area_PFt,Inferior_Parietal,17.0,116.0,"1983, 2039",idx_R,297,297.0
8,298.0,-1.7867004871368408,0,0.001,,0.03699295516078119,0.005,0.10323615393706378,0,,"118, 298",PGi,Area_PGi,Inferior_Parietal,17.0,150.0,"4791, 4970",idx_R,298,298.0
8,299.0,-2.8816542625427246,0,0.001,,0.001977967691771397,0.005,0.01547974715299354,0,,"119, 299",PGp,Area_PGp,Inferior_Parietal,17.0,143.0,"2501, 3740",idx_R,299,299.0
8,300.0,-1.20974862575531,0,0.001,,0.11318768248037947,0.005,0.231520259618958,0,,"120, 300",PGs,Area_PGs,Inferior_Parietal,17.0,151.0,"4552, 3366",idx_R,300,300.0
8,301.0,-0.5101098418235779,0,0.001,,0.30498725527656734,0.005,0.39823479170910026,0,,"121, 301",23d,Area_23d,Posterior_Cingulate,18.0,32.0,"1261, 1513",idx_R,301,301.0
8,302.0,0.15929573774337769,0,0.001,,0.4367179393355869,0.005,0.4693088303307799,0,,"122, 302",31a,Area_31a,Posterior_Cingulate,18.0,162.0,"1260, 1116",idx_R,302,302.0
8,303.0,2.27382493019104,0,0.001,,0.011488257346804514,0.005,0.050410099026176804,0,,"123, 303",31pd,Area_31pd,Posterior_Cingulate,18.0,161.0,"1428, 864",idx_R,303,303.0
8,304.0,2.2872798442840576,0,0.001,,0.01108974708969611,0.005,0.050410099026176804,0,,"124, 304",31pv,Area_31p_ventral,Posterior_Cingulate,18.0,35.0,"950, 1022",idx_R,304,304.0
8,305.0,2.5236051082611084,0,0.001,,0.00580791649072403,0.005,0.034511398952080094,0,,"125, 305",7 m,Area_7m,Posterior_Cingulate,18.0,30.0,"2128, 2067",idx_R,305,305.0
8,306.0,2.7886803150177,0,0.001,,0.0026461638586629892,0.005,0.01984622893997242,0,,"126, 306",d23ab,Area_dorsal_23_a + b,Posterior_Cingulate,18.0,34.0,"1607, 1106",idx_R,306,306.0
8,307.0,0.27026721835136414,0,0.001,,0.3934773415889676,0.005,0.4476842536139518,0,,"127, 307",DVT,Dorsal_Transitional_Visual_Area,Posterior_Cingulate,18.0,142.0,"1806, 2176",idx_R,307,307.0
8,308.0,-2.5791172981262207,0,0.001,,0.0049526572919105834,0.005,0.03098569734661833,0,,"128, 308",PCV,PreCuneus_Visual_Area,Posterior_Cingulate,18.0,27.0,"2245, 2416",idx_R,308,308.0
8,309.0,-1.6880165338516235,0,0.001,,0.045704027565838835,0.005,0.12098124943898515,0,,"129, 309",POS1,Parieto-Occipital_Sulcus_Area_1,Posterior_Cingulate,18.0,31.0,"2531, 2727",idx_R,309,309.0
8,310.0,3.556806802749634,1,0.001,+,0.00018769500827424477,0.005,0.00307137286266946,1,+,"130, 310",POS2,Parieto-Occipital_Sulcus_Area_2,Posterior_Cingulate,18.0,15.0,"3261, 3093",idx_R,310,310.0
8,311.0,1.0639184713363647,0,0.001,,0.14368281725463983,0.005,0.25902736915339747,0,,"131, 311",ProS,ProStriate_Area,Posterior_Cingulate,18.0,121.0,"1222, 1055",idx_R,311,311.0
8,312.0,2.521200180053711,0,0.001,,0.005847764822435793,0.005,0.034511398952080094,0,,"132, 312",RSC,RetroSplenial_Complex,Posterior_Cingulate,18.0,14.0,"2830, 3067",idx_R,312,312.0
8,313.0,3.280438184738159,1,0.001,+,0.0005182298723311497,0.005,0.0062187584679737964,0,,"133, 313",v23ab,Area_ventral_23_a + b,Posterior_Cingulate,18.0,33.0,"916, 1089",idx_R,313,313.0
8,314.0,3.2710351943969727,1,0.001,+,0.000535772870802792,0.005,0.006221878499645326,0,,"134, 314",10r,Area_10r,AntCing_MedPFC,19.0,65.0,"1589, 1053",idx_R,314,314.0
8,315.0,3.6157355308532715,1,0.001,+,0.000149748011812217,0.005,0.0028373307501262167,1,+,"135, 315",10v,Area_10v,AntCing_MedPFC,19.0,88.0,"3906, 2667",idx_R,315,315.0
8,316.0,1.4234651327133179,0,0.001,,0.07730068141529585,0.005,0.1807028916201721,0,,"136, 316",25,Area_25,AntCing_MedPFC,19.0,164.0,"1911, 2135",idx_R,316,316.0
8,317.0,0.17657361924648285,0,0.001,,0.429921658622187,0.005,0.4671717929369347,0,,"137, 317",33pr,Area_33_prime,AntCing_MedPFC,19.0,58.0,"1354, 1316",idx_R,317,317.0
8,318.0,-0.5151339173316956,0,0.001,,0.3032297215154281,0.005,0.39823479170910026,0,,"138, 318",8BM,Area_8BM,AntCing_MedPFC,19.0,63.0,"3122, 3436",idx_R,318,318.0
8,319.0,1.334605097770691,0,0.001,,0.09100281434669871,0.005,0.19735550099284058,0,,"139, 319",9 m,Area_9_Middle,AntCing_MedPFC,19.0,69.0,"6338, 5881",idx_R,319,319.0
8,320.0,-0.16233421862125397,0,0.001,,0.4355213347397005,0.005,0.4693088303307799,0,,"140, 320",a24,Area_a24,AntCing_MedPFC,19.0,61.0,"2085, 2152",idx_R,320,320.0
8,321.0,0.8044606447219849,0,0.001,,0.21056549465908359,0.005,0.32500905033890326,0,,"141, 321",a24pr,Anterior_24_prime,AntCing_MedPFC,19.0,59.0,"1095, 1474",idx_R,321,321.0
8,322.0,1.121636152267456,0,0.001,,0.1310085868509474,0.005,0.24692717940492703,0,,"142, 322",a32pr,Area_anterior_32_prime,AntCing_MedPFC,19.0,179.0,"1759, 1118",idx_R,322,322.0
8,323.0,1.068089246749878,0,0.001,,0.14274012799997088,0.005,0.25902736915339747,0,,"143, 323",d32,Area_dorsal_32,AntCing_MedPFC,19.0,62.0,"2228, 2374",idx_R,323,323.0
8,324.0,0.9237059354782104,0,0.001,,0.1778197204846939,0.005,0.2950004579469576,0,,"144, 324",p24,Area_posterior_24,AntCing_MedPFC,19.0,180.0,"2394, 2442",idx_R,324,324.0
8,325.0,-1.5131365060806274,0,0.001,,0.06512249416306942,0.005,0.1594751637083475,0,,"145, 325",p24pr,Area_Posterior_24_prime,AntCing_MedPFC,19.0,57.0,"1422, 1724",idx_R,325,325.0
8,326.0,1.2371153831481934,0,0.001,,0.10802212476533041,0.005,0.22720809513549994,0,,"146, 326",p32,Area_p32,AntCing_MedPFC,19.0,64.0,"1180, 1765",idx_R,326,326.0
8,327.0,0.43784648180007935,0,0.001,,0.3307487867135258,0.005,0.4192590254115116,0,,"147, 327",p32pr,Area_p32_prime,AntCing_MedPFC,19.0,60.0,"1569, 1305",idx_R,327,327.0
8,328.0,0.9743161201477051,0,0.001,,0.16494980153659622,0.005,0.28220619436779926,0,,"148, 328",pOFC,Posterior_OFC_Complex,AntCing_MedPFC,19.0,166.0,"2486, 2836",idx_R,328,328.0
8,329.0,2.241905927658081,0,0.001,,0.012483726431000215,0.005,0.05281287290515709,0,,"149, 329",s32,Area_s32,AntCing_MedPFC,19.0,165.0,"604, 1015",idx_R,329,329.0
8,330.0,2.199944496154785,0,0.001,,0.013905416610027215,0.005,0.054862498673621814,0,,"150, 330",10d,Area_10d,OrbPolaFrontal,20.0,72.0,"3644, 3096",idx_R,330,330.0
8,331.0,0.38183337450027466,0,0.001,,0.3512924808773451,0.005,0.4286959088672686,0,,"151, 331",10 pp,Polar_10p,OrbPolaFrontal,20.0,90.0,"1997, 2487",idx_R,331,331.0
8,332.0,-0.09177146106958389,0,0.001,,0.46343980955977493,0.005,0.48080210790063105,0,,"152, 332",11 l,Area_11l,OrbPolaFrontal,20.0,91.0,"3531, 3793",idx_R,332,332.0
8,333.0,1.6897861957550049,0,0.001,,0.04553443284584263,0.005,0.12098124943898515,0,,"153, 333",13 l,Area_13l,OrbPolaFrontal,20.0,92.0,"2429, 1757",idx_R,333,333.0
8,334.0,0.7717797160148621,0,0.001,,0.22012245370140504,0.005,0.33436322081226083,0,,"154, 334",47 m,Area_47m,OrbPolaFrontal,20.0,66.0,"799, 781",idx_R,334,334.0
8,335.0,2.435671329498291,0,0.001,,0.007432091770927224,0.005,0.039346368199026475,0,,"155, 335",47 s,Area_47s,OrbPolaFrontal,20.0,94.0,"2795, 3080",idx_R,335,335.0
8,336.0,-0.0743689313530922,0,0.001,,0.4703584147567029,0.005,0.48318715956095026,0,,"156, 336",a10p,Area_anterior_10p,OrbPolaFrontal,20.0,89.0,"1964, 1748",idx_R,336,336.0
8,337.0,0.9300172924995422,0,0.001,,0.17618106558951924,0.005,0.2941243768859911,0,,"157, 337",OFC,Orbital_Frontal_Complex,OrbPolaFrontal,20.0,93.0,"4560, 5232",idx_R,337,337.0
8,338.0,-0.2975318729877472,0,0.001,,0.3830302390025527,0.005,0.444809309809416,0,,"158, 338",p10p,Area_posterior_10p,OrbPolaFrontal,20.0,170.0,"2116, 2365",idx_R,338,338.0
8,339.0,1.8715431690216064,0,0.001,,0.030634916086785306,0.005,0.09236166063309315,0,,"159, 339",44,Area_44,Inferior_Frontal,21.0,74.0,"2435, 2589",idx_R,339,339.0
8,340.0,1.915528416633606,0,0.001,,0.027712574369404035,0.005,0.08860115525678394,0,,"160, 340",45,Area_45,Inferior_Frontal,21.0,75.0,"3762, 2962",idx_R,340,340.0
8,341.0,-0.15264548361301422,0,0.001,,0.4393389272734337,0.005,0.4707202792215361,0,,"161, 341",47 l,Area_47l_(47_lateral),Inferior_Frontal,21.0,76.0,"2527, 2592",idx_R,341,341.0
8,342.0,0.34599629044532776,0,0.001,,0.3646727512832011,0.005,0.4376073015398413,0,,"162, 342",a47r,Area_anterior_47r,Inferior_Frontal,21.0,77.0,"4167, 3763",idx_R,342,342.0
8,343.0,2.2812535762786865,0,0.001,,0.011266723038485228,0.005,0.050410099026176804,0,,"163, 343",IFJa,Area_IFJa,Inferior_Frontal,21.0,79.0,"1513, 1405",idx_R,343,343.0
8,344.0,0.17424564063549042,0,0.001,,0.43083620904183983,0.005,0.4671717929369347,0,,"164, 344",IFJp,Area_IFJp,Inferior_Frontal,21.0,80.0,"960, 740",idx_R,344,344.0
8,345.0,1.5302618741989136,0,0.001,,0.06297596067499404,0.005,0.15743990168748512,0,,"165, 345",IFSa,Area_IFSa,Inferior_Frontal,21.0,82.0,"2057, 2641",idx_R,345,345.0
8,346.0,2.488767623901367,0,0.001,,0.0064093359694500866,0.005,0.03620034787636345,0,,"166, 346",IFSp,Area_IFSp,Inferior_Frontal,21.0,81.0,"1589, 1730",idx_R,346,346.0
8,347.0,-0.2651306092739105,0,0.001,,0.39545442402565745,0.005,0.4476842536139518,0,,"167, 347",p47r,Area_posterior_47r,Inferior_Frontal,21.0,171.0,"2133, 1761",idx_R,347,347.0
8,348.0,-2.3698887825012207,0,0.001,,0.008896718383756497,0.005,0.04429292200214563,0,,"168, 348",46,Area_46,Dorsolateral_Prefrontal,22.0,84.0,"4863, 4394",idx_R,348,348.0
8,349.0,-1.8490151166915894,0,0.001,,0.032227814975152834,0.005,0.09509847041848378,0,,"169, 349",8Ad,Area_8Ad,Dorsolateral_Prefrontal,22.0,68.0,"3386, 3492",idx_R,349,349.0
8,350.0,-1.821577787399292,0,0.001,,0.03425953692523558,0.005,0.09847730214454917,0,,"170, 350",8Av,Area_8Av,Dorsolateral_Prefrontal,22.0,67.0,"4807, 5902",idx_R,350,350.0
8,351.0,0.19228842854499817,0,0.001,,0.4237581409765516,0.005,0.4651003986328006,0,,"171, 351",8BL,Area_8B_Lateral,Dorsolateral_Prefrontal,22.0,70.0,"3377, 4078",idx_R,351,351.0
8,352.0,-0.04323401302099228,0,0.001,,0.48275749597869666,0.005,0.4895568973305093,0,,"172, 352",8C,Area_8C,Dorsolateral_Prefrontal,22.0,73.0,"4085, 3134",idx_R,352,352.0
8,353.0,-2.570457696914673,0,0.001,,0.005078211509584671,0.005,0.03098569734661833,0,,"173, 353",9-46d,Area_9-46d,Dorsolateral_Prefrontal,22.0,86.0,"4534, 4666",idx_R,353,353.0
8,354.0,-0.28185176849365234,0,0.001,,0.3890285869289515,0.005,0.4476842536139518,0,,"174, 354",9a,Area_9_anterior,Dorsolateral_Prefrontal,22.0,87.0,"3706, 3048",idx_R,354,354.0
8,355.0,0.16414684057235718,0,0.001,,0.4348077742114936,0.005,0.4693088303307799,0,,"175, 355",9p,Area_9_Posterior,Dorsolateral_Prefrontal,22.0,71.0,"3426, 2488",idx_R,355,355.0
8,356.0,-0.3860977292060852,0,0.001,,0.3497121457698996,0.005,0.4282189540039587,0,,"176, 356",a9-46v,Area_anterior_9-46v,Dorsolateral_Prefrontal,22.0,85.0,"3314, 2628",idx_R,356,356.0
8,357.0,-2.009915590286255,0,0.001,,0.02222006170524572,0.005,0.07856767613344093,0,,"177, 357",i6-8,Inferior_6-8_Transitional_Area,Dorsolateral_Prefrontal,22.0,97.0,"1764, 2418",idx_R,357,357.0
8,358.0,1.234249472618103,0,0.001,,0.10855497878696108,0.005,0.22720809513549994,0,,"178, 358",p9-46v,Area_posterior_9-46v,Dorsolateral_Prefrontal,22.0,83.0,"2871, 4635",idx_R,358,358.0
8,359.0,-1.1581603288650513,0,0.001,,0.1233993071307724,0.005,0.2412893813195335,0,,"179, 359",s6-8,Superior_6-8_Transitional_Area,Dorsolateral_Prefrontal,22.0,98.0,"1336, 2132",idx_R,359,359.0
8,360.0,1.0861897468566895,0,0.001,,0.13869752628206738,0.005,0.2560569715976629,0,,"180, 360",SFL,Superior_Frontal_Language_Area,Dorsolateral_Prefrontal,22.0,26.0,"3873, 3055",idx_R,360,360.0
