iFA,ROI_idx,ROI_value,significant,alpha,label,p_value,alpha_FDR,p_value_FDR,significant_FDR,label_FDR,Reordered,Region,RegionLongName,Cortical Division,Cortex,Original,Voxel numbers,LR,idx,#No.
1,1.0,-2.8549890518188477,0,0.001,,0.002151915626463587,0.005,0.033682157631603975,0,,"1, 181",V1,Primary_Visual_Cortex,Primary_Visual,1.0,1.0,"13,812, 13,406",idx_L,1,1.0
1,2.0,-1.3970768451690674,0,0.001,,0.08119523197343742,0.005,0.28106041836959106,0,,"2, 182",V2,Second_Visual_Area,Early_Visual,2.0,4.0,"9515, 9420",idx_L,2,2.0
1,3.0,-0.8567498922348022,0,0.001,,0.19579156175059703,0.005,0.37728185280622795,0,,"3, 183",V3,Third_Visual_Area,Early_Visual,2.0,5.0,"7106, 7481",idx_L,3,3.0
1,4.0,-0.9005528092384338,0,0.001,,0.18391306755563647,0.005,0.36988102972083314,0,,"4, 184",V4,Fourth_Visual_Area,Early_Visual,2.0,6.0,"4782, 4537",idx_L,4,4.0
1,5.0,-1.1296111345291138,0,0.001,,0.12932005857726603,0.005,0.3378853578319274,0,,"5, 185",IPS1,IntraParietal_Sulcus_Area_1,Dorsal_Stream_Visual,3.0,17.0,"1751, 1750",idx_L,5,5.0
1,6.0,0.09095761924982071,0,0.001,,0.46376313317369383,0.005,0.4974920820200491,0,,"6, 186",V3A,Area_V3A,Dorsal_Stream_Visual,3.0,13.0,"2191, 2212",idx_L,6,6.0
1,7.0,0.017109114676713943,0,0.001,,0.4931747837584495,0.005,0.4974920820200491,0,,"7, 187",V3B,Area_V3B,Dorsal_Stream_Visual,3.0,19.0,"639, 731",idx_L,7,7.0
1,8.0,1.4523752927780151,0,0.001,,0.07319864118390193,0.005,0.27166506006396596,0,,"8, 188",V6,Sixth_Visual_Area,Dorsal_Stream_Visual,3.0,3.0,"1402, 1559",idx_L,8,8.0
1,9.0,2.8346164226531982,0,0.001,,0.002294036850904234,0.005,0.03441055276356351,0,,"9, 189",V6A,Area_V6A,Dorsal_Stream_Visual,3.0,152.0,"904, 734",idx_L,9,9.0
1,10.0,-0.9187994599342346,0,0.001,,0.179100237507907,0.005,0.3674642993830026,0,,"10, 190",V7,Seventh_Visual_Area,Dorsal_Stream_Visual,3.0,16.0,"1005, 1041",idx_L,10,10.0
1,11.0,-4.777542591094971,1,0.001,-,8.87252361268696e-07,0.005,5.323514167612176e-05,1,-,"11, 191",FFC,Fusiform_Face_Complex,Ventral_Stream_Visual,4.0,18.0,"3848, 4402",idx_L,11,11.0
1,12.0,-0.14028756320476532,0,0.001,,0.4442163951377358,0.005,0.49432474986532554,0,,"12, 192",PIT,Posterior_InferoTemporal_complex,Ventral_Stream_Visual,4.0,22.0,"1392, 1386",idx_L,12,12.0
1,13.0,-1.4796693325042725,0,0.001,,0.0694807568486499,0.005,0.26667384525658505,0,,"13, 193",V8,Eighth_Visual_Area,Ventral_Stream_Visual,4.0,7.0,"1361, 1175",idx_L,13,13.0
1,14.0,0.6965866684913635,0,0.001,,0.24303075066025737,0.005,0.3958871956456681,0,,"14, 194",VMV1,VentroMedial_Visual_Area_1,Ventral_Stream_Visual,4.0,153.0,"939, 1219",idx_L,14,14.0
1,15.0,0.04390827566385269,0,0.001,,0.48248875931938995,0.005,0.4974920820200491,0,,"15, 195",VMV2,VentroMedial_Visual_Area_2,Ventral_Stream_Visual,4.0,160.0,"639, 923",idx_L,15,15.0
1,16.0,0.0342642143368721,0,0.001,,0.4863332304627108,0.005,0.4974920820200491,0,,"16, 196",VMV3,VentroMedial_Visual_Area_3,Ventral_Stream_Visual,4.0,154.0,"941, 1242",idx_L,16,16.0
1,17.0,-0.8335474729537964,0,0.001,,0.20226801784814963,0.005,0.3806287991289621,0,,"17, 197",VVC,Ventral_Visual_Complex,Ventral_Stream_Visual,4.0,163.0,"2487, 2753",idx_L,17,17.0
1,18.0,-2.326462507247925,0,0.001,,0.009996945186812139,0.005,0.0856881016012469,0,,"18, 198",FST,Area_FST,MT + _Complex,5.0,157.0,"1324, 1683",idx_L,18,18.0
1,19.0,-0.46985527873039246,0,0.001,,0.31922920864324433,0.005,0.4366988324523116,0,,"19, 199",LO1,Area_Lateral_Occipital_1,MT + _Complex,5.0,20.0,"619, 909",idx_L,19,19.0
1,20.0,-0.016184331849217415,0,0.001,,0.4935436676005159,0.005,0.4974920820200491,0,,"20, 200",LO2,Area_Lateral_Occipital_2,MT + _Complex,5.0,21.0,"1179, 1062",idx_L,20,20.0
1,21.0,0.9747582674026489,0,0.001,,0.16484009125605575,0.005,0.3596511081950307,0,,"21, 201",LO3,Area_Lateral_Occipital_3,MT + _Complex,5.0,159.0,"438, 915",idx_L,21,21.0
1,22.0,-2.5555200576782227,0,0.001,,0.00530146250495812,0.005,0.06361755005949744,0,,"22, 202",MST,Medial_Superior_Temporal_Area,MT + _Complex,5.0,2.0,"794, 1036",idx_L,22,22.0
1,23.0,-1.3825104236602783,0,0.001,,0.08340751607570612,0.005,0.2859686265452781,0,,"23, 203",MT,Middle_Temporal_Area,MT + _Complex,5.0,23.0,"620, 1005",idx_L,23,23.0
1,24.0,-3.4277641773223877,1,0.001,-,0.00030428693062613997,0.005,0.00684645593908815,0,,"24, 204",PH,Area_PH,MT + _Complex,5.0,138.0,"3453, 3205",idx_L,24,24.0
1,25.0,-0.40176859498023987,0,0.001,,0.3439271683377241,0.005,0.44540533285838707,0,,"25, 205",V3CD,Area_V3CD,MT + _Complex,5.0,158.0,"876, 1222",idx_L,25,25.0
1,26.0,-3.495797634124756,1,0.001,-,0.00023632350288851973,0.005,0.006076890074276222,0,,"26, 206",V4t,Area_V4t,MT + _Complex,5.0,156.0,"1037, 1249",idx_L,26,26.0
1,27.0,0.13890571892261505,0,0.001,,0.4447623258679414,0.005,0.49432474986532554,0,,"27, 207",1,Area_1,SomaSens_Motor,6.0,51.0,"6590, 5925",idx_L,27,27.0
1,28.0,-1.4283777475357056,0,0.001,,0.07659158028200422,0.005,0.2757296890152152,0,,"28, 208",2,Area_2,SomaSens_Motor,6.0,52.0,"4278, 4727",idx_L,28,28.0
1,29.0,0.17867755889892578,0,0.001,,0.42909544550251233,0.005,0.4940563333989829,0,,"29, 209",3a,Area_3a,SomaSens_Motor,6.0,53.0,"2247, 2286",idx_L,29,29.0
1,30.0,-0.6424558758735657,0,0.001,,0.2602886149721655,0.005,0.40044402303410076,0,,"30, 210",3b,Primary_Sensory_Cortex,SomaSens_Motor,6.0,9.0,"5451, 4350",idx_L,30,30.0
1,31.0,-0.6553287506103516,0,0.001,,0.2561280569039522,0.005,0.40044402303410076,0,,"31, 211",4,Primary_Motor_Cortex,SomaSens_Motor,6.0,8.0,"10,776, 10,254",idx_L,31,31.0
1,32.0,0.46701154112815857,0,0.001,,0.32024581046502854,0.005,0.4366988324523116,0,,"32, 212",23c,Area_23c,ParaCentral_MidCing,7.0,38.0,"2259, 2498",idx_L,32,32.0
1,33.0,0.6858403086662292,0,0.001,,0.24640690734444276,0.005,0.396011101089283,0,,"33, 213",24dd,Dorsal_Area_24d,ParaCentral_MidCing,7.0,40.0,"2665, 2820",idx_L,33,33.0
1,34.0,0.7128488421440125,0,0.001,,0.23796964920302482,0.005,0.3938089901025947,0,,"34, 214",24dv,Ventral_Area_24d,ParaCentral_MidCing,7.0,41.0,"1076, 1349",idx_L,34,34.0
1,35.0,-1.1504648923873901,0,0.001,,0.12497622302450012,0.005,0.3357570170807466,0,,"35, 215",5L,Area_5L,ParaCentral_MidCing,7.0,39.0,"2249, 2327",idx_L,35,35.0
1,36.0,1.4995460510253906,0,0.001,,0.06686601566836461,0.005,0.26452489714957433,0,,"36, 216",5 m,Area_5m,ParaCentral_MidCing,7.0,36.0,"1483, 2079",idx_L,36,36.0
1,37.0,0.4158425033092499,0,0.001,,0.3387626274242704,0.005,0.44347107590086304,0,,"37, 217",5mv,Area_5m_ventral,ParaCentral_MidCing,7.0,37.0,"1651, 1996",idx_L,37,37.0
1,38.0,-2.232462167739868,0,0.001,,0.01279221648222238,0.005,0.09594162361666786,0,,"38, 218",6ma,Area_6m_anterior,ParaCentral_MidCing,7.0,44.0,"3941, 4251",idx_L,38,38.0
1,39.0,-1.124951720237732,0,0.001,,0.13030474676870046,0.005,0.3378853578319274,0,,"39, 219",6mp,Area_6mp,ParaCentral_MidCing,7.0,55.0,"3701, 3105",idx_L,39,39.0
1,40.0,-0.3734985291957855,0,0.001,,0.3543887198979167,0.005,0.4476489093447369,0,,"40, 220",SCEF,Supplementary_and_Cingulate_Eye_Field,ParaCentral_MidCing,7.0,43.0,"3500, 3371",idx_L,40,40.0
1,41.0,-1.641496181488037,0,0.001,,0.05034722954263503,0.005,0.22831778468294725,0,,"41, 221",55b,Area_55b,Premotor,8.0,12.0,"2422, 1537",idx_L,41,41.0
1,42.0,-2.2897121906280518,0,0.001,,0.011019003130924188,0.005,0.09015548016210699,0,,"42, 222",6a,Area_6_anterior,Premotor,8.0,96.0,"4233, 3752",idx_L,42,42.0
1,43.0,0.1066434234380722,0,0.001,,0.4575359340363169,0.005,0.4974920820200491,0,,"43, 223",6d,Dorsal_area_6,Premotor,8.0,54.0,"2916, 2909",idx_L,43,43.0
1,44.0,-2.4921023845672607,0,0.001,,0.00634947128156079,0.005,0.06530884746748242,0,,"44, 224",6r,Rostral_Area_6,Premotor,8.0,78.0,"3029, 3981",idx_L,44,44.0
1,45.0,-3.0027644634246826,0,0.001,,0.0013376970281384528,0.005,0.021889587733174683,0,,"45, 225",6v,Ventral_Area_6,Premotor,8.0,56.0,"2075, 2516",idx_L,45,45.0
1,46.0,-1.2273938655853271,0,0.001,,0.10983729546530058,0.005,0.3167804138720889,0,,"46, 226",FEF,Frontal_Eye_Fields,Premotor,8.0,10.0,"1787, 1889",idx_L,46,46.0
1,47.0,-1.0798566341400146,0,0.001,,0.1401030134703537,0.005,0.33824471812334445,0,,"47, 227",PEF,Premotor_Eye_Field,Premotor,8.0,11.0,"1006, 1258",idx_L,47,47.0
1,48.0,-0.04465650022029877,0,0.001,,0.48219055343933015,0.005,0.4974920820200491,0,,"48, 228",43,Area_43,Posterior_Opercular,9.0,99.0,"1889, 1678",idx_L,48,48.0
1,49.0,2.3791699409484863,0,0.001,,0.008675837201427889,0.005,0.07617808274424488,0,,"49, 229",FOP1,Frontal_Opercular_Area_1,Posterior_Opercular,9.0,113.0,"879, 932",idx_L,49,49.0
1,50.0,0.7876149415969849,0,0.001,,0.21546098610326953,0.005,0.3938089901025947,0,,"50, 230",OP1,Area_OP1-SII,Posterior_Opercular,9.0,101.0,"1275, 1072",idx_L,50,50.0
1,51.0,0.5849948525428772,0,0.001,,0.27927558895625515,0.005,0.4102135954881025,0,,"51, 231",OP2-3,Area_OP2-3-VS,Posterior_Opercular,9.0,102.0,"943, 792",idx_L,51,51.0
1,52.0,0.3893265724182129,0,0.001,,0.34851729096457096,0.005,0.44540533285838707,0,,"52, 232",OP4,Area_OP4-PV,Posterior_Opercular,9.0,100.0,"2332, 2409",idx_L,52,52.0
1,53.0,0.30532917380332947,0,0.001,,0.3800577293168076,0.005,0.4681798239754462,0,,"53, 233",52,Area_52,Early_Auditory,10.0,103.0,"725, 580",idx_L,53,53.0
1,54.0,-1.440302848815918,0,0.001,,0.07489086789218125,0.005,0.2736782569335929,0,,"54, 234",A1,Primary_Auditory_Cortex,Early_Auditory,10.0,24.0,"1023, 796",idx_L,54,54.0
1,55.0,-0.8447651863098145,0,0.001,,0.19912097786995364,0.005,0.37728185280622795,0,,"55, 235",LBelt,Lateral_Belt_Complex,Early_Auditory,10.0,174.0,"820, 901",idx_L,55,55.0
1,56.0,-0.41159316897392273,0,0.001,,0.3403188196599721,0.005,0.44389411259996364,0,,"56, 236",MBelt,Medial_Belt_Complex,Early_Auditory,10.0,173.0,"1242, 1236",idx_L,56,56.0
1,57.0,-0.5162976384162903,0,0.001,,0.3028232726921228,0.005,0.428032039258335,0,,"57, 237",PBelt,ParaBelt_Complex,Early_Auditory,10.0,124.0,"1719, 1439",idx_L,57,57.0
1,58.0,0.2062770575284958,0,0.001,,0.4182872492989682,0.005,0.4901898333730647,0,,"58, 238",PFcm,Area_PFcm,Early_Auditory,10.0,105.0,"1486, 1485",idx_L,58,58.0
1,59.0,-0.16538786888122559,0,0.001,,0.43431935071018635,0.005,0.4942943292606343,0,,"59, 239",RI,RetroInsular_Cortex,Early_Auditory,10.0,104.0,"1149, 1334",idx_L,59,59.0
1,60.0,-0.830946147441864,0,0.001,,0.2030020262021131,0.005,0.3806287991289621,0,,"60, 240",A4,Auditory_4_Complex,Auditory_Association,11.0,175.0,"3514, 3610",idx_L,60,60.0
1,61.0,-0.8657515645027161,0,0.001,,0.1933132079394445,0.005,0.37728185280622795,0,,"61, 241",A5,Auditory_5_Complex,Auditory_Association,11.0,125.0,"3346, 3881",idx_L,61,61.0
1,62.0,0.741191565990448,0,0.001,,0.22928864823264672,0.005,0.3938089901025947,0,,"62, 242",STGa,Area_STGa,Auditory_Association,11.0,123.0,"2509, 2187",idx_L,62,62.0
1,63.0,1.1197983026504517,0,0.001,,0.13139986137908288,0.005,0.3378853578319274,0,,"63, 243",STSda,Area_STSd_anterior,Auditory_Association,11.0,128.0,"1944, 2389",idx_L,63,63.0
1,64.0,0.002479574643075466,0,0.001,,0.49901079385112046,0.005,0.49901079385112046,0,,"64, 244",STSdp,Area_STSd_posterior,Auditory_Association,11.0,129.0,"1994, 2605",idx_L,64,64.0
1,65.0,1.9354408979415894,0,0.001,,0.026468107339366106,0.005,0.16316989598177958,0,,"65, 245",STSva,Area_STSv_anterior,Auditory_Association,11.0,176.0,"1694, 1900",idx_L,65,65.0
1,66.0,0.7138921022415161,0,0.001,,0.2376469506782496,0.005,0.3938089901025947,0,,"66, 246",STSvp,Area_STSv_posterior,Auditory_Association,11.0,130.0,"2898, 2515",idx_L,66,66.0
1,67.0,-0.4864223301410675,0,0.001,,0.31333388074722945,0.005,0.43053510331680384,0,,"67, 247",TA2,Area_TA2,Auditory_Association,11.0,107.0,"1518, 1726",idx_L,67,67.0
1,68.0,0.4983058273792267,0,0.001,,0.3091342505754642,0.005,0.428032039258335,0,,"68, 248",AAIC,Anterior_Agranular_Insula_Complex,Insula_FrontalOperc,12.0,112.0,"1859, 1691",idx_L,68,68.0
1,69.0,1.4769905805587769,0,0.001,,0.06983908112063894,0.005,0.26667384525658505,0,,"69, 249",AVI,Anterior_Ventral_Insular_Area,Insula_FrontalOperc,12.0,111.0,"1446, 1792",idx_L,69,69.0
1,70.0,1.4574044942855835,0,0.001,,0.07250237861247677,0.005,0.27166506006396596,0,,"70, 250",FOP2,Frontal_Opercular_Area_2,Insula_FrontalOperc,12.0,115.0,"750, 720",idx_L,70,70.0
1,71.0,0.8461204767227173,0,0.001,,0.19874276934701662,0.005,0.37728185280622795,0,,"71, 251",FOP3,Frontal_Opercular_Area_3,Insula_FrontalOperc,12.0,114.0,"754, 614",idx_L,71,71.0
1,72.0,1.28329598903656,0,0.001,,0.09969419868942975,0.005,0.30652970624093956,0,,"72, 252",FOP4,Frontal_Opercular_Area_4,Insula_FrontalOperc,12.0,108.0,"2522, 1678",idx_L,72,72.0
1,73.0,0.416931688785553,0,0.001,,0.3383641870962695,0.005,0.44347107590086304,0,,"73, 253",FOP5,Area_Frontal_Opercular_5,Insula_FrontalOperc,12.0,169.0,"1297, 1365",idx_L,73,73.0
1,74.0,-0.08704783767461777,0,0.001,,0.4653167437115398,0.005,0.4974920820200491,0,,"74, 254",Ig,Insular_Granular_Complex,Insula_FrontalOperc,12.0,168.0,"841, 1077",idx_L,74,74.0
1,75.0,0.6891460418701172,0,0.001,,0.24536568423466665,0.005,0.396011101089283,0,,"75, 255",MI,Middle_Insular_Area,Insula_FrontalOperc,12.0,109.0,"2102, 1960",idx_L,75,75.0
1,76.0,0.02577146328985691,0,0.001,,0.48971981164102923,0.005,0.4974920820200491,0,,"76, 256",PI,Para-Insular_Area,Insula_FrontalOperc,12.0,178.0,"1033, 1058",idx_L,76,76.0
1,77.0,-0.29552313685417175,0,0.001,,0.3837971402542194,0.005,0.4681798239754462,0,,"77, 257",Pir,Pirform_Cortex,Insula_FrontalOperc,12.0,110.0,"2287, 1856",idx_L,77,77.0
1,78.0,0.6757164597511292,0,0.001,,0.24961034176409647,0.005,0.3985986998336421,0,,"78, 258",PoI1,Area_Posterior_Insular_1,Insula_FrontalOperc,12.0,167.0,"1811, 1835",idx_L,78,78.0
1,79.0,1.2428789138793945,0,0.001,,0.10695622850121672,0.005,0.31560854311834446,0,,"79, 259",PoI2,Posterior_Insular_Area_2,Insula_FrontalOperc,12.0,106.0,"2747, 2675",idx_L,79,79.0
1,80.0,-0.6206030249595642,0,0.001,,0.2674304244400428,0.005,0.4039144821887684,0,,"80, 260",H,Hippocampus,Medial_Temporal,13.0,120.0,"4283, 3626",idx_L,80,80.0
1,81.0,0.13388878107070923,0,0.001,,0.44674526090801486,0.005,0.49432474986532554,0,,"81, 261",PreS,PreSubiculum,Medial_Temporal,13.0,119.0,"1817, 1558",idx_L,81,81.0
1,82.0,1.6440715789794922,0,0.001,,0.05008070890917301,0.005,0.22831778468294725,0,,"82, 262",EC,Entorhinal_Cortex,Medial_Temporal,13.0,118.0,"2127, 2110",idx_L,82,82.0
1,83.0,-0.6897010207176208,0,0.001,,0.2451911119215311,0.005,0.396011101089283,0,,"83, 263",PeEc,Perirhinal_Ectorhinal_Cortex,Medial_Temporal,13.0,122.0,"4826, 4755",idx_L,83,83.0
1,84.0,-2.2906551361083984,0,0.001,,0.010991683665046105,0.005,0.09015548016210699,0,,"84, 264",TF,Area_TF,Medial_Temporal,13.0,135.0,"3986, 4752",idx_L,84,84.0
1,85.0,0.18556416034698486,0,0.001,,0.42639328062766035,0.005,0.49357421551754893,0,,"85, 265",PHA1,ParaHippocampal_Area_1,Medial_Temporal,13.0,126.0,"1281, 1168",idx_L,85,85.0
1,86.0,0.44973790645599365,0,0.001,,0.3264497176486384,0.005,0.4398612574662983,0,,"86, 266",PHA2,ParaHippocampal_Area_2,Medial_Temporal,13.0,155.0,"783, 771",idx_L,86,86.0
1,87.0,-0.43682873249053955,0,0.001,,0.331117779926019,0.005,0.4398612574662983,0,,"87, 267",PHA3,ParaHippocampal_Area_3,Medial_Temporal,13.0,127.0,"2023, 1122",idx_L,87,87.0
1,88.0,-5.07347297668457,1,0.001,-,1.9530998469253675e-07,0.005,1.4062318897862646e-05,1,-,"88, 268",PHT,Area_PHT,Lateral_Temporal,14.0,137.0,"4182, 3410",idx_L,88,88.0
1,89.0,2.0887889862060547,0,0.001,,0.018363361139398984,0.005,0.12922560710210812,0,,"89, 269",TE1a,Area_TE1_anterior,Lateral_Temporal,14.0,132.0,"5227, 4180",idx_L,89,89.0
1,90.0,-0.010682610794901848,0,0.001,,0.49573833594454797,0.005,0.4974920820200491,0,,"90, 270",TE1m,Area_TE1_Middle,Lateral_Temporal,14.0,177.0,"3339, 3429",idx_L,90,90.0
1,91.0,-3.4512288570404053,1,0.001,-,0.0002790200786618238,0.005,0.006696481887883771,0,,"91, 271",TE1p,Area_TE1_posterior,Lateral_Temporal,14.0,133.0,"7116, 6010",idx_L,91,91.0
1,92.0,0.04127561300992966,0,0.001,,0.48353808724842456,0.005,0.4974920820200491,0,,"92, 272",TE2a,Area_TE2_anterior,Lateral_Temporal,14.0,134.0,"5691, 5753",idx_L,92,92.0
1,93.0,-6.155336856842041,1,0.001,-,3.7459041272489544e-10,0.005,6.742627429048117e-08,1,-,"93, 273",TE2p,Area_TE2_posterior,Lateral_Temporal,14.0,136.0,"4115, 3040",idx_L,93,93.0
1,94.0,1.6377465724945068,0,0.001,,0.05073728548509939,0.005,0.22831778468294725,0,,"94, 274",TGd,Area_TG_dorsal,Lateral_Temporal,14.0,131.0,"10,192, 10,269",idx_L,94,94.0
1,95.0,0.06006566062569618,0,0.001,,0.4760516697058997,0.005,0.4974920820200491,0,,"95, 275",TGv,Area_TG_Ventral,Lateral_Temporal,14.0,172.0,"3694, 4515",idx_L,95,95.0
1,96.0,-0.39922213554382324,0,0.001,,0.34486476718388814,0.005,0.44540533285838707,0,,"96, 276",PSL,PeriSylvian_Language_Area,TPO,15.0,25.0,"2154, 2759",idx_L,96,96.0
1,97.0,-0.15255974233150482,0,0.001,,0.43937273712056385,0.005,0.4942943292606343,0,,"97, 277",STV,Superior_Temporal_Visual_Area,TPO,15.0,28.0,"2322, 2294",idx_L,97,97.0
1,98.0,-0.7346906065940857,0,0.001,,0.2312639711882713,0.005,0.3938089901025947,0,,"98, 278",TPOJ1,Area_TemporoParietoOccipital_Junction_1,TPO,15.0,139.0,"2102, 3938",idx_L,98,98.0
1,99.0,-1.0427979230880737,0,0.001,,0.1485209467317648,0.005,0.34495187628022794,0,,"99, 279",TPOJ2,Area_TemporoParietoOccipital_Junction_2,TPO,15.0,140.0,"1930, 2068",idx_L,99,99.0
1,100.0,-0.7720834612846375,0,0.001,,0.22003249850773593,0.005,0.3938089901025947,0,,"100, 280",TPOJ3,Area_TemporoParietoOccipital_Junction_3,TPO,15.0,141.0,"1290, 1277",idx_L,100,100.0
1,101.0,-0.6737617254257202,0,0.001,,0.2502314060066753,0.005,0.3985986998336421,0,,"101, 281",7AL,Lateral_Area_7A,Superior_Parietal,16.0,42.0,"2134, 2030",idx_L,101,101.0
1,102.0,-1.5578480958938599,0,0.001,,0.05963463082139793,0.005,0.25435188331073566,0,,"102, 282",7Am,Medial_Area_7A,Superior_Parietal,16.0,45.0,"2995, 2379",idx_L,102,102.0
1,103.0,-3.3623154163360596,1,0.001,-,0.00038645890601389727,0.005,0.008063994997834185,0,,"103, 283",7PC,Area_7PC,Superior_Parietal,16.0,47.0,"3151, 3415",idx_L,103,103.0
1,104.0,-1.4092061519622803,0,0.001,,0.07938710959620199,0.005,0.2774695092682788,0,,"104, 284",7Pl,Lateral_Area_7P,Superior_Parietal,16.0,46.0,"1695, 1363",idx_L,104,104.0
1,105.0,3.350588798522949,1,0.001,+,0.0004031997498917092,0.005,0.008063994997834185,0,,"105, 285",7Pm,Medial_Area_7P,Superior_Parietal,16.0,29.0,"1601, 1308",idx_L,105,105.0
1,106.0,-3.094982862472534,1,0.001,-,0.0009841213459991264,0.005,0.018646509713667655,0,,"106, 286",AIP,Anterior_IntraParietal_Area,Superior_Parietal,16.0,117.0,"1999, 2542",idx_L,106,106.0
1,107.0,-2.511756420135498,0,0.001,,0.006006598760503002,0.005,0.06508371065139686,0,,"107, 287",LIPd,Area_Lateral_IntraParietal_dorsal,Superior_Parietal,16.0,95.0,"1008, 869",idx_L,107,107.0
1,108.0,-1.9309966564178467,0,0.001,,0.026741732952569434,0.005,0.16316989598177958,0,,"108, 288",LIPv,Area_Lateral_IntraParietal_ventral,Superior_Parietal,16.0,48.0,"1681, 1783",idx_L,108,108.0
1,109.0,0.22480478882789612,0,0.001,,0.4110655702418093,0.005,0.48678817528635304,0,,"109, 289",MIP,Medial_IntraParietal_Area,Superior_Parietal,16.0,50.0,"1872, 2403",idx_L,109,109.0
1,110.0,-3.5657365322113037,1,0.001,-,0.00018141787296689817,0.005,0.005023879559083334,0,,"110, 290",VIP,Ventral_IntraParietal_Complex,Superior_Parietal,16.0,49.0,"1890, 1577",idx_L,110,110.0
1,111.0,-2.115435838699341,0,0.001,,0.017196408987846367,0.005,0.12634096399234065,0,,"111, 291",IP0,Area_IntraParietal_0,Inferior_Parietal,17.0,146.0,"1203, 1239",idx_L,111,111.0
1,112.0,-0.6506462097167969,0,0.001,,0.25763744676961897,0.005,0.40044402303410076,0,,"112, 292",IP1,Area_IntraParietal_1,Inferior_Parietal,17.0,145.0,"1692, 1632",idx_L,112,112.0
1,113.0,-3.021890640258789,0,0.001,,0.0012560064168151807,0.005,0.021531538573974527,0,,"113, 293",IP2,Area_IntraParietal_2,Inferior_Parietal,17.0,144.0,"2102, 1861",idx_L,113,113.0
1,114.0,-5.643640518188477,1,0.001,-,8.324576039855533e-09,0.005,7.49211843586998e-07,1,-,"114, 294",PF,Area_PF_Complex,Inferior_Parietal,17.0,148.0,"5457, 5251",idx_L,114,114.0
1,115.0,-0.7422600984573364,0,0.001,,0.22896488117475933,0.005,0.3938089901025947,0,,"115, 295",PFm,Area_PFm_Complex,Inferior_Parietal,17.0,149.0,"8220, 8141",idx_L,115,115.0
1,116.0,-2.267435073852539,0,0.001,,0.011681830462239147,0.005,0.09345464369791318,0,,"116, 296",PFop,Area_PF_Opercular,Inferior_Parietal,17.0,147.0,"1797, 1783",idx_L,116,116.0
1,117.0,-3.650397777557373,1,0.001,-,0.00013091725024793645,0.005,0.0039275175074380934,1,-,"117, 297",PFt,Area_PFt,Inferior_Parietal,17.0,116.0,"1983, 2039",idx_L,117,117.0
1,118.0,1.2564060688018799,0,0.001,,0.1044843912232013,0.005,0.3134531736696039,0,,"118, 298",PGi,Area_PGi,Inferior_Parietal,17.0,150.0,"4791, 4970",idx_L,118,118.0
1,119.0,-1.4376864433288574,0,0.001,,0.07526152065673805,0.005,0.2736782569335929,0,,"119, 299",PGp,Area_PGp,Inferior_Parietal,17.0,143.0,"2501, 3740",idx_L,119,119.0
1,120.0,1.0195144414901733,0,0.001,,0.15397940032320273,0.005,0.3484218750333307,0,,"120, 300",PGs,Area_PGs,Inferior_Parietal,17.0,151.0,"4552, 3366",idx_L,120,120.0
1,121.0,0.8905224800109863,0,0.001,,0.18659270157688568,0.005,0.37112360534629196,0,,"121, 301",23d,Area_23d,Posterior_Cingulate,18.0,32.0,"1261, 1513",idx_L,121,121.0
1,122.0,-0.28028881549835205,0,0.001,,0.3896279654829429,0.005,0.4706915019257028,0,,"122, 302",31a,Area_31a,Posterior_Cingulate,18.0,162.0,"1260, 1116",idx_L,122,122.0
1,123.0,1.3115140199661255,0,0.001,,0.09484208011358403,0.005,0.2995013056218443,0,,"123, 303",31pd,Area_31pd,Posterior_Cingulate,18.0,161.0,"1428, 864",idx_L,123,123.0
1,124.0,0.5819130539894104,0,0.001,,0.2803126235835367,0.005,0.4102135954881025,0,,"124, 304",31pv,Area_31p_ventral,Posterior_Cingulate,18.0,35.0,"950, 1022",idx_L,124,124.0
1,125.0,1.5114206075668335,0,0.001,,0.06534066110210406,0.005,0.26452489714957433,0,,"125, 305",7 m,Area_7m,Posterior_Cingulate,18.0,30.0,"2128, 2067",idx_L,125,125.0
1,126.0,0.2485123574733734,0,0.001,,0.4018690050183044,0.005,0.4822629199781922,0,,"126, 306",d23ab,Area_dorsal_23_a + b,Posterior_Cingulate,18.0,34.0,"1607, 1106",idx_L,126,126.0
1,127.0,1.3326292037963867,0,0.001,,0.09132675828184583,0.005,0.29391637147357713,0,,"127, 307",DVT,Dorsal_Transitional_Visual_Area,Posterior_Cingulate,18.0,142.0,"1806, 2176",idx_L,127,127.0
1,128.0,0.7596045136451721,0,0.001,,0.2237455101582752,0.005,0.3938089901025947,0,,"128, 308",PCV,PreCuneus_Visual_Area,Posterior_Cingulate,18.0,27.0,"2245, 2416",idx_L,128,128.0
1,129.0,1.2488594055175781,0,0.001,,0.10585825074274369,0.005,0.3149501674990721,0,,"129, 309",POS1,Parieto-Occipital_Sulcus_Area_1,Posterior_Cingulate,18.0,31.0,"2531, 2727",idx_L,129,129.0
1,130.0,4.193724155426025,1,0.001,+,1.3720582433995765e-05,0.005,0.0005488232973598306,1,+,"130, 310",POS2,Parieto-Occipital_Sulcus_Area_2,Posterior_Cingulate,18.0,15.0,"3261, 3093",idx_L,130,130.0
1,131.0,-0.08039221167564392,0,0.001,,0.46796266051978647,0.005,0.4974920820200491,0,,"131, 311",ProS,ProStriate_Area,Posterior_Cingulate,18.0,121.0,"1222, 1055",idx_L,131,131.0
1,132.0,1.353249192237854,0,0.001,,0.08798801733443556,0.005,0.29150445757028265,0,,"132, 312",RSC,RetroSplenial_Complex,Posterior_Cingulate,18.0,14.0,"2830, 3067",idx_L,132,132.0
1,133.0,0.12288365513086319,0,0.001,,0.4510996144196833,0.005,0.49662342871891746,0,,"133, 313",v23ab,Area_ventral_23_a + b,Posterior_Cingulate,18.0,33.0,"916, 1089",idx_L,133,133.0
1,134.0,0.9252510070800781,0,0.001,,0.17741767840342326,0.005,0.3674642993830026,0,,"134, 314",10r,Area_10r,AntCing_MedPFC,19.0,65.0,"1589, 1053",idx_L,134,134.0
1,135.0,2.0090718269348145,0,0.001,,0.02226475847081779,0.005,0.14573296453626192,0,,"135, 315",10v,Area_10v,AntCing_MedPFC,19.0,88.0,"3906, 2667",idx_L,135,135.0
1,136.0,1.0765769481658936,0,0.001,,0.14083465360407948,0.005,0.33824471812334445,0,,"136, 316",25,Area_25,AntCing_MedPFC,19.0,164.0,"1911, 2135",idx_L,136,136.0
1,137.0,0.331406831741333,0,0.001,,0.370168602607964,0.005,0.46110967798915936,0,,"137, 317",33pr,Area_33_prime,AntCing_MedPFC,19.0,58.0,"1354, 1316",idx_L,137,137.0
1,138.0,-1.2998640537261963,0,0.001,,0.09682378356582999,0.005,0.30048760416981724,0,,"138, 318",8BM,Area_8BM,AntCing_MedPFC,19.0,63.0,"3122, 3436",idx_L,138,138.0
1,139.0,-1.029077172279358,0,0.001,,0.15172170609862634,0.005,0.3484218750333307,0,,"139, 319",9 m,Area_9_Middle,AntCing_MedPFC,19.0,69.0,"6338, 5881",idx_L,139,139.0
1,140.0,0.8591270446777344,0,0.001,,0.1951352139747226,0.005,0.37728185280622795,0,,"140, 320",a24,Area_a24,AntCing_MedPFC,19.0,61.0,"2085, 2152",idx_L,140,140.0
1,141.0,0.7083896398544312,0,0.001,,0.2393516621519734,0.005,0.3938089901025947,0,,"141, 321",a24pr,Anterior_24_prime,AntCing_MedPFC,19.0,59.0,"1095, 1474",idx_L,141,141.0
1,142.0,0.39724066853523254,0,0.001,,0.34559499748629635,0.005,0.44540533285838707,0,,"142, 322",a32pr,Area_anterior_32_prime,AntCing_MedPFC,19.0,179.0,"1759, 1118",idx_L,142,142.0
1,143.0,-0.23956269025802612,0,0.001,,0.4053346457143846,0.005,0.4847856227813238,0,,"143, 323",d32,Area_dorsal_32,AntCing_MedPFC,19.0,62.0,"2228, 2374",idx_L,143,143.0
1,144.0,-0.009750538505613804,0,0.001,,0.4961101595699934,0.005,0.4974920820200491,0,,"144, 324",p24,Area_posterior_24,AntCing_MedPFC,19.0,180.0,"2394, 2442",idx_L,144,144.0
1,145.0,0.7853543758392334,0,0.001,,0.21612291141181694,0.005,0.3938089901025947,0,,"145, 325",p24pr,Area_Posterior_24_prime,AntCing_MedPFC,19.0,57.0,"1422, 1724",idx_L,145,145.0
1,146.0,0.43794387578964233,0,0.001,,0.33071348435157055,0.005,0.4398612574662983,0,,"146, 326",p32,Area_p32,AntCing_MedPFC,19.0,64.0,"1180, 1765",idx_L,146,146.0
1,147.0,-0.08159623295068741,0,0.001,,0.46748389848851163,0.005,0.4974920820200491,0,,"147, 327",p32pr,Area_p32_prime,AntCing_MedPFC,19.0,60.0,"1569, 1305",idx_L,147,147.0
1,148.0,-0.16048450767993927,0,0.001,,0.43624971226655185,0.005,0.4942943292606343,0,,"148, 328",pOFC,Posterior_OFC_Complex,AntCing_MedPFC,19.0,166.0,"2486, 2836",idx_L,148,148.0
1,149.0,0.2976135015487671,0,0.001,,0.3829990842772865,0.005,0.4681798239754462,0,,"149, 329",s32,Area_s32,AntCing_MedPFC,19.0,165.0,"604, 1015",idx_L,149,149.0
1,150.0,0.09600219130516052,0,0.001,,0.4617594160967221,0.005,0.4974920820200491,0,,"150, 330",10d,Area_10d,OrbPolaFrontal,20.0,72.0,"3644, 3096",idx_L,150,150.0
1,151.0,1.6054368019104004,0,0.001,,0.05419885540694819,0.005,0.23794619446952864,0,,"151, 331",10 pp,Polar_10p,OrbPolaFrontal,20.0,90.0,"1997, 2487",idx_L,151,151.0
1,152.0,-1.5543094873428345,0,0.001,,0.06005530578170147,0.005,0.25435188331073566,0,,"152, 332",11 l,Area_11l,OrbPolaFrontal,20.0,91.0,"3531, 3793",idx_L,152,152.0
1,153.0,-0.9655668139457703,0,0.001,,0.1671304939761571,0.005,0.36215751143727326,0,,"153, 333",13 l,Area_13l,OrbPolaFrontal,20.0,92.0,"2429, 1757",idx_L,153,153.0
1,154.0,-1.8831828832626343,0,0.001,,0.029837793941801305,0.005,0.16783759092263234,0,,"154, 334",47 m,Area_47m,OrbPolaFrontal,20.0,66.0,"799, 781",idx_L,154,154.0
1,155.0,0.752382218837738,0,0.001,,0.22591061826367692,0.005,0.3938089901025947,0,,"155, 335",47 s,Area_47s,OrbPolaFrontal,20.0,94.0,"2795, 3080",idx_L,155,155.0
1,156.0,2.04252028465271,0,0.001,,0.02054997469772925,0.005,0.13699983131819501,0,,"156, 336",a10p,Area_anterior_10p,OrbPolaFrontal,20.0,89.0,"1964, 1748",idx_L,156,156.0
1,157.0,0.802975594997406,0,0.001,,0.21099442029515364,0.005,0.393564721794069,0,,"157, 337",OFC,Orbital_Frontal_Complex,OrbPolaFrontal,20.0,93.0,"4560, 5232",idx_L,157,157.0
1,158.0,1.8722856044769287,0,0.001,,0.030583550638879634,0.005,0.16938581892302565,0,,"158, 338",p10p,Area_posterior_10p,OrbPolaFrontal,20.0,170.0,"2116, 2365",idx_L,158,158.0
1,159.0,-0.7544960379600525,0,0.001,,0.2252757117743444,0.005,0.3938089901025947,0,,"159, 339",44,Area_44,Inferior_Frontal,21.0,74.0,"2435, 2589",idx_L,159,159.0
1,160.0,-0.020933469757437706,0,0.001,,0.4916493637316443,0.005,0.4974920820200491,0,,"160, 340",45,Area_45,Inferior_Frontal,21.0,75.0,"3762, 2962",idx_L,160,160.0
1,161.0,0.7177568078041077,0,0.001,,0.2364536247136121,0.005,0.3938089901025947,0,,"161, 341",47 l,Area_47l_(47_lateral),Inferior_Frontal,21.0,76.0,"2527, 2592",idx_L,161,161.0
1,162.0,-0.5057541131973267,0,0.001,,0.30651463754990643,0.005,0.428032039258335,0,,"162, 342",a47r,Area_anterior_47r,Inferior_Frontal,21.0,77.0,"4167, 3763",idx_L,162,162.0
1,163.0,-1.410738468170166,0,0.001,,0.07916087186895499,0.005,0.2774695092682788,0,,"163, 343",IFJa,Area_IFJa,Inferior_Frontal,21.0,79.0,"1513, 1405",idx_L,163,163.0
1,164.0,-2.461703300476074,0,0.001,,0.00691395022595319,0.005,0.06768896669777173,0,,"164, 344",IFJp,Area_IFJp,Inferior_Frontal,21.0,80.0,"960, 740",idx_L,164,164.0
1,165.0,-6.016999244689941,1,0.001,-,8.883995507208696e-10,0.005,1.0660794608650435e-07,1,-,"165, 345",IFSa,Area_IFSa,Inferior_Frontal,21.0,82.0,"2057, 2641",idx_L,165,165.0
1,166.0,-2.5193936824798584,0,0.001,,0.00587785681447734,0.005,0.06508371065139686,0,,"166, 346",IFSp,Area_IFSp,Inferior_Frontal,21.0,81.0,"1589, 1730",idx_L,166,166.0
1,167.0,-2.0581417083740234,0,0.001,,0.019788266140676608,0.005,0.13441086435176564,0,,"167, 347",p47r,Area_posterior_47r,Inferior_Frontal,21.0,171.0,"2133, 1761",idx_L,167,167.0
1,168.0,-2.0821163654327393,0,0.001,,0.018665921025860063,0.005,0.12922560710210812,0,,"168, 348",46,Area_46,Dorsolateral_Prefrontal,22.0,84.0,"4863, 4394",idx_L,168,168.0
1,169.0,0.6053131222724915,0,0.001,,0.272485482010264,0.005,0.40535030381692166,0,,"169, 349",8Ad,Area_8Ad,Dorsolateral_Prefrontal,22.0,68.0,"3386, 3492",idx_L,169,169.0
1,170.0,-0.1775083988904953,0,0.001,,0.4295545343163379,0.005,0.4940563333989829,0,,"170, 350",8Av,Area_8Av,Dorsolateral_Prefrontal,22.0,67.0,"4807, 5902",idx_L,170,170.0
1,171.0,-0.15529751777648926,0,0.001,,0.438293386201534,0.005,0.4942943292606343,0,,"171, 351",8BL,Area_8B_Lateral,Dorsolateral_Prefrontal,22.0,70.0,"3377, 4078",idx_L,171,171.0
1,172.0,-1.7286447286605835,0,0.001,,0.04193634956321595,0.005,0.20680939510627044,0,,"172, 352",8C,Area_8C,Dorsolateral_Prefrontal,22.0,73.0,"4085, 3134",idx_L,172,172.0
1,173.0,-1.714983344078064,0,0.001,,0.043174140348490105,0.005,0.21003635845211402,0,,"173, 353",9-46d,Area_9-46d,Dorsolateral_Prefrontal,22.0,86.0,"4534, 4666",idx_L,173,173.0
1,174.0,-1.2678455114364624,0,0.001,,0.10242656291198404,0.005,0.30986187099423745,0,,"174, 354",9a,Area_9_anterior,Dorsolateral_Prefrontal,22.0,87.0,"3706, 3048",idx_L,174,174.0
1,175.0,-1.0761266946792603,0,0.001,,0.1409352992180602,0.005,0.33824471812334445,0,,"175, 355",9p,Area_9_Posterior,Dorsolateral_Prefrontal,22.0,71.0,"3426, 2488",idx_L,175,175.0
1,176.0,-3.804255962371826,1,0.001,-,7.111552593966076e-05,0.005,0.002327417212570716,1,-,"176, 356",a9-46v,Area_anterior_9-46v,Dorsolateral_Prefrontal,22.0,85.0,"3314, 2628",idx_L,176,176.0
1,177.0,-0.040316615253686905,0,0.001,,0.4839203537457205,0.005,0.4974920820200491,0,,"177, 357",i6-8,Inferior_6-8_Transitional_Area,Dorsolateral_Prefrontal,22.0,97.0,"1764, 2418",idx_L,177,177.0
1,178.0,-7.927847385406494,1,0.001,-,1.1148854603435991e-15,0.005,4.013587657236957e-13,1,-,"178, 358",p9-46v,Area_posterior_9-46v,Dorsolateral_Prefrontal,22.0,83.0,"2871, 4635",idx_L,178,178.0
1,179.0,-1.6274566650390625,0,0.001,,0.051820072565889844,0.005,0.2303114336261771,0,,"179, 359",s6-8,Superior_6-8_Transitional_Area,Dorsolateral_Prefrontal,22.0,98.0,"1336, 2132",idx_L,179,179.0
1,180.0,-0.9323921203613281,0,0.001,,0.17556695773746717,0.005,0.3674642993830026,0,,"180, 360",SFL,Superior_Frontal_Language_Area,Dorsolateral_Prefrontal,22.0,26.0,"3873, 3055",idx_L,180,180.0
1,181.0,-1.8058788776397705,0,0.001,,0.035468630556806234,0.005,0.18241010000643207,0,,"1, 181",V1,Primary_Visual_Cortex,Primary_Visual,1.0,1.0,"13,812, 13,406",idx_R,181,181.0
1,182.0,-1.9044291973114014,0,0.001,,0.02842715482205797,0.005,0.16506089896678822,0,,"2, 182",V2,Second_Visual_Area,Early_Visual,2.0,4.0,"9515, 9420",idx_R,182,182.0
1,183.0,-1.0607306957244873,0,0.001,,0.14440615294254633,0.005,0.3420145727586623,0,,"3, 183",V3,Third_Visual_Area,Early_Visual,2.0,5.0,"7106, 7481",idx_R,183,183.0
1,184.0,-0.564786434173584,0,0.001,,0.28610951763462833,0.005,0.41528372086364795,0,,"4, 184",V4,Fourth_Visual_Area,Early_Visual,2.0,6.0,"4782, 4537",idx_R,184,184.0
1,185.0,1.9885869026184082,0,0.001,,0.023373409113695152,0.005,0.14762153124439042,0,,"5, 185",IPS1,IntraParietal_Sulcus_Area_1,Dorsal_Stream_Visual,3.0,17.0,"1751, 1750",idx_R,185,185.0
1,186.0,-1.8446497917175293,0,0.001,,0.03254424946576526,0.005,0.17486462399515662,0,,"6, 186",V3A,Area_V3A,Dorsal_Stream_Visual,3.0,13.0,"2191, 2212",idx_R,186,186.0
1,187.0,-1.1145862340927124,0,0.001,,0.1325138860398426,0.005,0.33824471812334445,0,,"7, 187",V3B,Area_V3B,Dorsal_Stream_Visual,3.0,19.0,"639, 731",idx_R,187,187.0
1,188.0,-0.7163662314414978,0,0.001,,0.2368826202034744,0.005,0.3938089901025947,0,,"8, 188",V6,Sixth_Visual_Area,Dorsal_Stream_Visual,3.0,3.0,"1402, 1559",idx_R,188,188.0
1,189.0,1.3515411615371704,0,0.001,,0.08826107187544668,0.005,0.29150445757028265,0,,"9, 189",V6A,Area_V6A,Dorsal_Stream_Visual,3.0,152.0,"904, 734",idx_R,189,189.0
1,190.0,-0.7204426527023315,0,0.001,,0.23562624830452256,0.005,0.3938089901025947,0,,"10, 190",V7,Seventh_Visual_Area,Dorsal_Stream_Visual,3.0,16.0,"1005, 1041",idx_R,190,190.0
1,191.0,-0.9580973386764526,0,0.001,,0.16900683867072752,0.005,0.36215751143727326,0,,"11, 191",FFC,Fusiform_Face_Complex,Ventral_Stream_Visual,4.0,18.0,"3848, 4402",idx_R,191,191.0
1,192.0,-0.5614719986915588,0,0.001,,0.28723790693068985,0.005,0.41528372086364795,0,,"12, 192",PIT,Posterior_InferoTemporal_complex,Ventral_Stream_Visual,4.0,22.0,"1392, 1386",idx_R,192,192.0
1,193.0,-0.31473806500434875,0,0.001,,0.37648027012740615,0.005,0.4673548180891939,0,,"13, 193",V8,Eighth_Visual_Area,Ventral_Stream_Visual,4.0,7.0,"1361, 1175",idx_R,193,193.0
1,194.0,0.7391360998153687,0,0.001,,0.2299121789861086,0.005,0.3938089901025947,0,,"14, 194",VMV1,VentroMedial_Visual_Area_1,Ventral_Stream_Visual,4.0,153.0,"939, 1219",idx_R,194,194.0
1,195.0,0.03571561723947525,0,0.001,,0.48575455887030844,0.005,0.4974920820200491,0,,"15, 195",VMV2,VentroMedial_Visual_Area_2,Ventral_Stream_Visual,4.0,160.0,"639, 923",idx_R,195,195.0
1,196.0,-1.1960468292236328,0,0.001,,0.1158391425279256,0.005,0.3232720256593273,0,,"16, 196",VMV3,VentroMedial_Visual_Area_3,Ventral_Stream_Visual,4.0,154.0,"941, 1242",idx_R,196,196.0
1,197.0,-0.02764143794775009,0,0.001,,0.4889740657885959,0.005,0.4974920820200491,0,,"17, 197",VVC,Ventral_Visual_Complex,Ventral_Stream_Visual,4.0,163.0,"2487, 2753",idx_R,197,197.0
1,198.0,-2.752199649810791,0,0.001,,0.002959820974668366,0.005,0.042621422035224475,0,,"18, 198",FST,Area_FST,MT + _Complex,5.0,157.0,"1324, 1683",idx_R,198,198.0
1,199.0,-0.8920202255249023,0,0.001,,0.18619104581775897,0.005,0.37112360534629196,0,,"19, 199",LO1,Area_Lateral_Occipital_1,MT + _Complex,5.0,20.0,"619, 909",idx_R,199,199.0
1,200.0,0.3397992253303528,0,0.001,,0.3670038656681259,0.005,0.4587548320851573,0,,"20, 200",LO2,Area_Lateral_Occipital_2,MT + _Complex,5.0,21.0,"1179, 1062",idx_R,200,200.0
1,201.0,-0.2034679800271988,0,0.001,,0.4193846352191776,0.005,0.4901898333730647,0,,"21, 201",LO3,Area_Lateral_Occipital_3,MT + _Complex,5.0,159.0,"438, 915",idx_R,201,201.0
1,202.0,-0.9408095479011536,0,0.001,,0.17340123354217052,0.005,0.3674642993830026,0,,"22, 202",MST,Medial_Superior_Temporal_Area,MT + _Complex,5.0,2.0,"794, 1036",idx_R,202,202.0
1,203.0,-1.5277457237243652,0,0.001,,0.0632878414346521,0.005,0.26452489714957433,0,,"23, 203",MT,Middle_Temporal_Area,MT + _Complex,5.0,23.0,"620, 1005",idx_R,203,203.0
1,204.0,-1.4861971139907837,0,0.001,,0.06861349534846446,0.005,0.26667384525658505,0,,"24, 204",PH,Area_PH,MT + _Complex,5.0,138.0,"3453, 3205",idx_R,204,204.0
1,205.0,0.06152117997407913,0,0.001,,0.4754720735864167,0.005,0.4974920820200491,0,,"25, 205",V3CD,Area_V3CD,MT + _Complex,5.0,158.0,"876, 1222",idx_R,205,205.0
1,206.0,0.6162319779396057,0,0.001,,0.2688707129464516,0.005,0.4039144821887684,0,,"26, 206",V4t,Area_V4t,MT + _Complex,5.0,156.0,"1037, 1249",idx_R,206,206.0
1,207.0,-0.18840332329273224,0,0.001,,0.42528024736867504,0.005,0.49357421551754893,0,,"27, 207",1,Area_1,SomaSens_Motor,6.0,51.0,"6590, 5925",idx_R,207,207.0
1,208.0,1.1980749368667603,0,0.001,,0.11544392251526847,0.005,0.3232720256593273,0,,"28, 208",2,Area_2,SomaSens_Motor,6.0,52.0,"4278, 4727",idx_R,208,208.0
1,209.0,0.5095425248146057,0,0.001,,0.3051859994296159,0.005,0.428032039258335,0,,"29, 209",3a,Area_3a,SomaSens_Motor,6.0,53.0,"2247, 2286",idx_R,209,209.0
1,210.0,-1.0977178812026978,0,0.001,,0.13616384960846956,0.005,0.33824471812334445,0,,"30, 210",3b,Primary_Sensory_Cortex,SomaSens_Motor,6.0,9.0,"5451, 4350",idx_R,210,210.0
1,211.0,1.2265642881393433,0,0.001,,0.10999319926114198,0.005,0.3167804138720889,0,,"31, 211",4,Primary_Motor_Cortex,SomaSens_Motor,6.0,8.0,"10,776, 10,254",idx_R,211,211.0
1,212.0,1.2203341722488403,0,0.001,,0.11116911029542664,0.005,0.3176260294155047,0,,"32, 212",23c,Area_23c,ParaCentral_MidCing,7.0,38.0,"2259, 2498",idx_R,212,212.0
1,213.0,0.20780803263187408,0,0.001,,0.4176894301992008,0.005,0.4901898333730647,0,,"33, 213",24dd,Dorsal_Area_24d,ParaCentral_MidCing,7.0,40.0,"2665, 2820",idx_R,213,213.0
1,214.0,1.914861798286438,0,0.001,,0.027755065401976604,0.005,0.16506089896678822,0,,"34, 214",24dv,Ventral_Area_24d,ParaCentral_MidCing,7.0,41.0,"1076, 1349",idx_R,214,214.0
1,215.0,-0.44616976380348206,0,0.001,,0.3277373110794696,0.005,0.4398612574662983,0,,"35, 215",5L,Area_5L,ParaCentral_MidCing,7.0,39.0,"2249, 2327",idx_R,215,215.0
1,216.0,0.8699933886528015,0,0.001,,0.19215200862269416,0.005,0.37728185280622795,0,,"36, 216",5 m,Area_5m,ParaCentral_MidCing,7.0,36.0,"1483, 2079",idx_R,216,216.0
1,217.0,-0.03998555988073349,0,0.001,,0.48405231931616455,0.005,0.4974920820200491,0,,"37, 217",5mv,Area_5m_ventral,ParaCentral_MidCing,7.0,37.0,"1651, 1996",idx_R,217,217.0
1,218.0,0.2890801727771759,0,0.001,,0.38626001299851015,0.005,0.4681939551497093,0,,"38, 218",6ma,Area_6m_anterior,ParaCentral_MidCing,7.0,44.0,"3941, 4251",idx_R,218,218.0
1,219.0,-0.7803410887718201,0,0.001,,0.21759506679890644,0.005,0.3938089901025947,0,,"39, 219",6mp,Area_6mp,ParaCentral_MidCing,7.0,55.0,"3701, 3105",idx_R,219,219.0
1,220.0,0.6175968647003174,0,0.001,,0.2684205559233651,0.005,0.4039144821887684,0,,"40, 220",SCEF,Supplementary_and_Cingulate_Eye_Field,ParaCentral_MidCing,7.0,43.0,"3500, 3371",idx_R,220,220.0
1,221.0,0.08899741619825363,0,0.001,,0.4645419817740768,0.005,0.4974920820200491,0,,"41, 221",55b,Area_55b,Premotor,8.0,12.0,"2422, 1537",idx_R,221,221.0
1,222.0,-0.03332722559571266,0,0.001,,0.48670682146462024,0.005,0.4974920820200491,0,,"42, 222",6a,Area_6_anterior,Premotor,8.0,96.0,"4233, 3752",idx_R,222,222.0
1,223.0,0.9015159606933594,0,0.001,,0.18365702577121024,0.005,0.36988102972083314,0,,"43, 223",6d,Dorsal_area_6,Premotor,8.0,54.0,"2916, 2909",idx_R,223,223.0
1,224.0,0.2484690248966217,0,0.001,,0.4018857666484935,0.005,0.4822629199781922,0,,"44, 224",6r,Rostral_Area_6,Premotor,8.0,78.0,"3029, 3981",idx_R,224,224.0
1,225.0,-1.504203200340271,0,0.001,,0.06626452699125739,0.005,0.26452489714957433,0,,"45, 225",6v,Ventral_Area_6,Premotor,8.0,56.0,"2075, 2516",idx_R,225,225.0
1,226.0,0.993444561958313,0,0.001,,0.16024667718353686,0.005,0.35271472506042406,0,,"46, 226",FEF,Frontal_Eye_Fields,Premotor,8.0,10.0,"1787, 1889",idx_R,226,226.0
1,227.0,-0.3905775845050812,0,0.001,,0.34805474854444457,0.005,0.44540533285838707,0,,"47, 227",PEF,Premotor_Eye_Field,Premotor,8.0,11.0,"1006, 1258",idx_R,227,227.0
1,228.0,0.46336010098457336,0,0.001,,0.3215531363700781,0.005,0.43682690223859666,0,,"48, 228",43,Area_43,Posterior_Opercular,9.0,99.0,"1889, 1678",idx_R,228,228.0
1,229.0,0.9265929460525513,0,0.001,,0.17706895936719458,0.005,0.3674642993830026,0,,"49, 229",FOP1,Frontal_Opercular_Area_1,Posterior_Opercular,9.0,113.0,"879, 932",idx_R,229,229.0
1,230.0,0.9207571744918823,0,0.001,,0.17858860920237252,0.005,0.3674642993830026,0,,"50, 230",OP1,Area_OP1-SII,Posterior_Opercular,9.0,101.0,"1275, 1072",idx_R,230,230.0
1,231.0,0.7107468247413635,0,0.001,,0.23862056880064136,0.005,0.3938089901025947,0,,"51, 231",OP2-3,Area_OP2-3-VS,Posterior_Opercular,9.0,102.0,"943, 792",idx_R,231,231.0
1,232.0,0.7784525752067566,0,0.001,,0.21815112725521907,0.005,0.3938089901025947,0,,"52, 232",OP4,Area_OP4-PV,Posterior_Opercular,9.0,100.0,"2332, 2409",idx_R,232,232.0
1,233.0,0.21717359125614166,0,0.001,,0.41403653233191917,0.005,0.48869885783439637,0,,"53, 233",52,Area_52,Early_Auditory,10.0,103.0,"725, 580",idx_R,233,233.0
1,234.0,-0.4332389533519745,0,0.001,,0.3324205912527789,0.005,0.4399684295992662,0,,"54, 234",A1,Primary_Auditory_Cortex,Early_Auditory,10.0,24.0,"1023, 796",idx_R,234,234.0
1,235.0,-0.5075101256370544,0,0.001,,0.3058984667625082,0.005,0.428032039258335,0,,"55, 235",LBelt,Lateral_Belt_Complex,Early_Auditory,10.0,174.0,"820, 901",idx_R,235,235.0
1,236.0,-0.1957269012928009,0,0.001,,0.42241196372548295,0.005,0.4921304431753199,0,,"56, 236",MBelt,Medial_Belt_Complex,Early_Auditory,10.0,173.0,"1242, 1236",idx_R,236,236.0
1,237.0,0.3769678771495819,0,0.001,,0.35309873859520796,0.005,0.4475899503319538,0,,"57, 237",PBelt,ParaBelt_Complex,Early_Auditory,10.0,124.0,"1719, 1439",idx_R,237,237.0
1,238.0,1.2035683393478394,0,0.001,,0.11437823137938491,0.005,0.3232720256593273,0,,"58, 238",PFcm,Area_PFcm,Early_Auditory,10.0,105.0,"1486, 1485",idx_R,238,238.0
1,239.0,0.13162988424301147,0,0.001,,0.4476385234891559,0.005,0.49432474986532554,0,,"59, 239",RI,RetroInsular_Cortex,Early_Auditory,10.0,104.0,"1149, 1334",idx_R,239,239.0
1,240.0,1.1341471672058105,0,0.001,,0.12836641065320553,0.005,0.3378853578319274,0,,"60, 240",A4,Auditory_4_Complex,Auditory_Association,11.0,175.0,"3514, 3610",idx_R,240,240.0
1,241.0,-0.36188384890556335,0,0.001,,0.3587194149136807,0.005,0.4515349278633743,0,,"61, 241",A5,Auditory_5_Complex,Auditory_Association,11.0,125.0,"3346, 3881",idx_R,241,241.0
1,242.0,1.0978963375091553,0,0.001,,0.13612487871555745,0.005,0.33824471812334445,0,,"62, 242",STGa,Area_STGa,Auditory_Association,11.0,123.0,"2509, 2187",idx_R,242,242.0
1,243.0,1.8186990022659302,0,0.001,,0.03447868201761581,0.005,0.18241010000643207,0,,"63, 243",STSda,Area_STSd_anterior,Auditory_Association,11.0,128.0,"1944, 2389",idx_R,243,243.0
1,244.0,0.6214328408241272,0,0.001,,0.26715743485649984,0.005,0.4039144821887684,0,,"64, 244",STSdp,Area_STSd_posterior,Auditory_Association,11.0,129.0,"1994, 2605",idx_R,244,244.0
1,245.0,1.0086272954940796,0,0.001,,0.15657670584664274,0.005,0.3484218750333307,0,,"65, 245",STSva,Area_STSv_anterior,Auditory_Association,11.0,176.0,"1694, 1900",idx_R,245,245.0
1,246.0,0.7554387450218201,0,0.001,,0.22499288654035526,0.005,0.3938089901025947,0,,"66, 246",STSvp,Area_STSv_posterior,Auditory_Association,11.0,130.0,"2898, 2515",idx_R,246,246.0
1,247.0,0.6144745349884033,0,0.001,,0.2694508977819544,0.005,0.4039144821887684,0,,"67, 247",TA2,Area_TA2,Auditory_Association,11.0,107.0,"1518, 1726",idx_R,247,247.0
1,248.0,1.0908434391021729,0,0.001,,0.1376708893118067,0.005,0.33824471812334445,0,,"68, 248",AAIC,Anterior_Agranular_Insula_Complex,Insula_FrontalOperc,12.0,112.0,"1859, 1691",idx_R,248,248.0
1,249.0,1.1758348941802979,0,0.001,,0.1198304297662498,0.005,0.3318381131988456,0,,"69, 249",AVI,Anterior_Ventral_Insular_Area,Insula_FrontalOperc,12.0,111.0,"1446, 1792",idx_R,249,249.0
1,250.0,2.503602981567383,0,0.001,,0.006146794894854148,0.005,0.06508371065139686,0,,"70, 250",FOP2,Frontal_Opercular_Area_2,Insula_FrontalOperc,12.0,115.0,"750, 720",idx_R,250,250.0
1,251.0,1.2788574695587158,0,0.001,,0.10047362593453019,0.005,0.30652970624093956,0,,"71, 251",FOP3,Frontal_Opercular_Area_3,Insula_FrontalOperc,12.0,114.0,"754, 614",idx_R,251,251.0
1,252.0,1.4100316762924194,0,0.001,,0.07926516491740238,0.005,0.2774695092682788,0,,"72, 252",FOP4,Frontal_Opercular_Area_4,Insula_FrontalOperc,12.0,108.0,"2522, 1678",idx_R,252,252.0
1,253.0,1.0209683179855347,0,0.001,,0.15363472463279454,0.005,0.3484218750333307,0,,"73, 253",FOP5,Area_Frontal_Opercular_5,Insula_FrontalOperc,12.0,169.0,"1297, 1365",idx_R,253,253.0
1,254.0,-0.1379442811012268,0,0.001,,0.4451422268264703,0.005,0.49432474986532554,0,,"74, 254",Ig,Insular_Granular_Complex,Insula_FrontalOperc,12.0,168.0,"841, 1077",idx_R,254,254.0
1,255.0,1.5170034170150757,0,0.001,,0.0646329106585669,0.005,0.26452489714957433,0,,"75, 255",MI,Middle_Insular_Area,Insula_FrontalOperc,12.0,109.0,"2102, 1960",idx_R,255,255.0
1,256.0,0.665047824382782,0,0.001,,0.25300995241396634,0.005,0.3994893985483679,0,,"76, 256",PI,Para-Insular_Area,Insula_FrontalOperc,12.0,178.0,"1033, 1058",idx_R,256,256.0
1,257.0,0.6437812447547913,0,0.001,,0.25985864869381814,0.005,0.40044402303410076,0,,"77, 257",Pir,Pirform_Cortex,Insula_FrontalOperc,12.0,110.0,"2287, 1856",idx_R,257,257.0
1,258.0,0.7076956629753113,0,0.001,,0.2395671356457451,0.005,0.3938089901025947,0,,"78, 258",PoI1,Area_Posterior_Insular_1,Insula_FrontalOperc,12.0,167.0,"1811, 1835",idx_R,258,258.0
1,259.0,1.3357287645339966,0,0.001,,0.09081897198628486,0.005,0.29391637147357713,0,,"79, 259",PoI2,Posterior_Insular_Area_2,Insula_FrontalOperc,12.0,106.0,"2747, 2675",idx_R,259,259.0
1,260.0,0.060097500681877136,0,0.001,,0.47603899026704033,0.005,0.4974920820200491,0,,"80, 260",H,Hippocampus,Medial_Temporal,13.0,120.0,"4283, 3626",idx_R,260,260.0
1,261.0,-0.38116711378097534,0,0.001,,0.3515396249105869,0.005,0.4471882154339621,0,,"81, 261",PreS,PreSubiculum,Medial_Temporal,13.0,119.0,"1817, 1558",idx_R,261,261.0
1,262.0,0.4277576208114624,0,0.001,,0.3344137970482972,0.005,0.4409852268768754,0,,"82, 262",EC,Entorhinal_Cortex,Medial_Temporal,13.0,118.0,"2127, 2110",idx_R,262,262.0
1,263.0,-0.9596847295761108,0,0.001,,0.1686069554907259,0.005,0.36215751143727326,0,,"83, 263",PeEc,Perirhinal_Ectorhinal_Cortex,Medial_Temporal,13.0,122.0,"4826, 4755",idx_R,263,263.0
1,264.0,-0.9167027473449707,0,0.001,,0.17964921303169018,0.005,0.3674642993830026,0,,"84, 264",TF,Area_TF,Medial_Temporal,13.0,135.0,"3986, 4752",idx_R,264,264.0
1,265.0,1.4730241298675537,0,0.001,,0.07037226472048773,0.005,0.26667384525658505,0,,"85, 265",PHA1,ParaHippocampal_Area_1,Medial_Temporal,13.0,126.0,"1281, 1168",idx_R,265,265.0
1,266.0,0.5722543001174927,0,0.001,,0.28357485266861926,0.005,0.41330747757369607,0,,"86, 266",PHA2,ParaHippocampal_Area_2,Medial_Temporal,13.0,155.0,"783, 771",idx_R,266,266.0
1,267.0,0.8525087833404541,0,0.001,,0.19696588306853768,0.005,0.37728185280622795,0,,"87, 267",PHA3,ParaHippocampal_Area_3,Medial_Temporal,13.0,127.0,"2023, 1122",idx_R,267,267.0
1,268.0,-1.3652907609939575,0,0.001,,0.08608084082734746,0.005,0.29148392224486547,0,,"88, 268",PHT,Area_PHT,Lateral_Temporal,14.0,137.0,"4182, 3410",idx_R,268,268.0
1,269.0,1.845595121383667,0,0.001,,0.03247550770841939,0.005,0.17486462399515662,0,,"89, 269",TE1a,Area_TE1_anterior,Lateral_Temporal,14.0,132.0,"5227, 4180",idx_R,269,269.0
1,270.0,-0.5449187159538269,0,0.001,,0.2929047117037929,0.005,0.4201023753520536,0,,"90, 270",TE1m,Area_TE1_Middle,Lateral_Temporal,14.0,177.0,"3339, 3429",idx_R,270,270.0
1,271.0,-0.7345557808876038,0,0.001,,0.2313050383463786,0.005,0.3938089901025947,0,,"91, 271",TE1p,Area_TE1_posterior,Lateral_Temporal,14.0,133.0,"7116, 6010",idx_R,271,271.0
1,272.0,-1.0077391862869263,0,0.001,,0.15678984376499883,0.005,0.3484218750333307,0,,"92, 272",TE2a,Area_TE2_anterior,Lateral_Temporal,14.0,134.0,"5691, 5753",idx_R,272,272.0
1,273.0,-1.0110185146331787,0,0.001,,0.15600378421628092,0.005,0.3484218750333307,0,,"93, 273",TE2p,Area_TE2_posterior,Lateral_Temporal,14.0,136.0,"4115, 3040",idx_R,273,273.0
1,274.0,0.7224454283714294,0,0.001,,0.23501033268874283,0.005,0.3938089901025947,0,,"94, 274",TGd,Area_TG_dorsal,Lateral_Temporal,14.0,131.0,"10,192, 10,269",idx_R,274,274.0
1,275.0,-0.3882896602153778,0,0.001,,0.3489008440724032,0.005,0.44540533285838707,0,,"95, 275",TGv,Area_TG_Ventral,Lateral_Temporal,14.0,172.0,"3694, 4515",idx_R,275,275.0
1,276.0,-0.01860172674059868,0,0.001,,0.49257941266768157,0.005,0.4974920820200491,0,,"96, 276",PSL,PeriSylvian_Language_Area,TPO,15.0,25.0,"2154, 2759",idx_R,276,276.0
1,277.0,1.6386535167694092,0,0.001,,0.050642719973316465,0.005,0.22831778468294725,0,,"97, 277",STV,Superior_Temporal_Visual_Area,TPO,15.0,28.0,"2322, 2294",idx_R,277,277.0
1,278.0,1.1615170240402222,0,0.001,,0.12271585204541968,0.005,0.3321632085439931,0,,"98, 278",TPOJ1,Area_TemporoParietoOccipital_Junction_1,TPO,15.0,139.0,"2102, 3938",idx_R,278,278.0
1,279.0,-0.2276124209165573,0,0.001,,0.40997378145087965,0.005,0.48678817528635304,0,,"99, 279",TPOJ2,Area_TemporoParietoOccipital_Junction_2,TPO,15.0,140.0,"1930, 2068",idx_R,279,279.0
1,280.0,0.2985905110836029,0,0.001,,0.3826262532008911,0.005,0.4681798239754462,0,,"100, 280",TPOJ3,Area_TemporoParietoOccipital_Junction_3,TPO,15.0,141.0,"1290, 1277",idx_R,280,280.0
1,281.0,-1.0185222625732422,0,0.001,,0.15421491323010023,0.005,0.3484218750333307,0,,"101, 281",7AL,Lateral_Area_7A,Superior_Parietal,16.0,42.0,"2134, 2030",idx_R,281,281.0
1,282.0,0.022480182349681854,0,0.001,,0.491032460099838,0.005,0.4974920820200491,0,,"102, 282",7Am,Medial_Area_7A,Superior_Parietal,16.0,45.0,"2995, 2379",idx_R,282,282.0
1,283.0,-0.024461977183818817,0,0.001,,0.4902420562221401,0.005,0.4974920820200491,0,,"103, 283",7PC,Area_7PC,Superior_Parietal,16.0,47.0,"3151, 3415",idx_R,283,283.0
1,284.0,1.3319357633590698,0,0.001,,0.09144064890289066,0.005,0.29391637147357713,0,,"104, 284",7Pl,Lateral_Area_7P,Superior_Parietal,16.0,46.0,"1695, 1363",idx_R,284,284.0
1,285.0,3.8678855895996094,1,0.001,+,5.489157432405917e-05,0.005,0.00197609667566613,1,+,"105, 285",7Pm,Medial_Area_7P,Superior_Parietal,16.0,29.0,"1601, 1308",idx_R,285,285.0
1,286.0,-0.4596579968929291,0,0.001,,0.3228808614980336,0.005,0.4369816170650078,0,,"106, 286",AIP,Anterior_IntraParietal_Area,Superior_Parietal,16.0,117.0,"1999, 2542",idx_R,286,286.0
1,287.0,1.6450936794281006,0,0.001,,0.04997524692154985,0.005,0.22831778468294725,0,,"107, 287",LIPd,Area_Lateral_IntraParietal_dorsal,Superior_Parietal,16.0,95.0,"1008, 869",idx_R,287,287.0
1,288.0,1.9917324781417847,0,0.001,,0.023200209106178468,0.005,0.14762153124439042,0,,"108, 288",LIPv,Area_Lateral_IntraParietal_ventral,Superior_Parietal,16.0,48.0,"1681, 1783",idx_R,288,288.0
1,289.0,1.6925829648971558,0,0.001,,0.04526743793898146,0.005,0.217283702107111,0,,"109, 289",MIP,Medial_IntraParietal_Area,Superior_Parietal,16.0,50.0,"1872, 2403",idx_R,289,289.0
1,290.0,2.588102340698242,0,0.001,,0.0048253151819272555,0.005,0.062039766624779,0,,"110, 290",VIP,Ventral_IntraParietal_Complex,Superior_Parietal,16.0,49.0,"1890, 1577",idx_R,290,290.0
1,291.0,0.14704078435897827,0,0.001,,0.44154991445277164,0.005,0.49432474986532554,0,,"111, 291",IP0,Area_IntraParietal_0,Inferior_Parietal,17.0,146.0,"1203, 1239",idx_R,291,291.0
1,292.0,0.5011905431747437,0,0.001,,0.3081185145821025,0.005,0.428032039258335,0,,"112, 292",IP1,Area_IntraParietal_1,Inferior_Parietal,17.0,145.0,"1692, 1632",idx_R,292,292.0
1,293.0,0.22986286878585815,0,0.001,,0.40909916509469,0.005,0.48678817528635304,0,,"113, 293",IP2,Area_IntraParietal_2,Inferior_Parietal,17.0,144.0,"2102, 1861",idx_R,293,293.0
1,294.0,-1.1085553169250488,0,0.001,,0.1338110316024841,0.005,0.33824471812334445,0,,"114, 294",PF,Area_PF_Complex,Inferior_Parietal,17.0,148.0,"5457, 5251",idx_R,294,294.0
1,295.0,0.5040496587753296,0,0.001,,0.30711324064788653,0.005,0.428032039258335,0,,"115, 295",PFm,Area_PFm_Complex,Inferior_Parietal,17.0,149.0,"8220, 8141",idx_R,295,295.0
1,296.0,1.0612766742706299,0,0.001,,0.14428209152562227,0.005,0.3420145727586623,0,,"116, 296",PFop,Area_PF_Opercular,Inferior_Parietal,17.0,147.0,"1797, 1783",idx_R,296,296.0
1,297.0,-0.29411792755126953,0,0.001,,0.38433389611691304,0.005,0.4681798239754462,0,,"117, 297",PFt,Area_PFt,Inferior_Parietal,17.0,116.0,"1983, 2039",idx_R,297,297.0
1,298.0,2.459480047225952,0,0.001,,0.006956921577270984,0.005,0.06768896669777173,0,,"118, 298",PGi,Area_PGi,Inferior_Parietal,17.0,150.0,"4791, 4970",idx_R,298,298.0
1,299.0,1.0768413543701172,0,0.001,,0.1407755733509578,0.005,0.33824471812334445,0,,"119, 299",PGp,Area_PGp,Inferior_Parietal,17.0,143.0,"2501, 3740",idx_R,299,299.0
1,300.0,1.361768364906311,0,0.001,,0.08663549911166835,0.005,0.29148392224486547,0,,"120, 300",PGs,Area_PGs,Inferior_Parietal,17.0,151.0,"4552, 3366",idx_R,300,300.0
1,301.0,0.7225984334945679,0,0.001,,0.2349633154695045,0.005,0.3938089901025947,0,,"121, 301",23d,Area_23d,Posterior_Cingulate,18.0,32.0,"1261, 1513",idx_R,301,301.0
1,302.0,0.5041778087615967,0,0.001,,0.3070682165667211,0.005,0.428032039258335,0,,"122, 302",31a,Area_31a,Posterior_Cingulate,18.0,162.0,"1260, 1116",idx_R,302,302.0
1,303.0,1.500967264175415,0,0.001,,0.066682014396556,0.005,0.26452489714957433,0,,"123, 303",31pd,Area_31pd,Posterior_Cingulate,18.0,161.0,"1428, 864",idx_R,303,303.0
1,304.0,1.084365963935852,0,0.001,,0.13910128425865137,0.005,0.33824471812334445,0,,"124, 304",31pv,Area_31p_ventral,Posterior_Cingulate,18.0,35.0,"950, 1022",idx_R,304,304.0
1,305.0,2.234297513961792,0,0.001,,0.012731751905232997,0.005,0.09594162361666786,0,,"125, 305",7 m,Area_7m,Posterior_Cingulate,18.0,30.0,"2128, 2067",idx_R,305,305.0
1,306.0,0.6116088032722473,0,0.001,,0.2703983061319255,0.005,0.4039144821887684,0,,"126, 306",d23ab,Area_dorsal_23_a + b,Posterior_Cingulate,18.0,34.0,"1607, 1106",idx_R,306,306.0
1,307.0,2.7324368953704834,0,0.001,,0.003143385670920051,0.005,0.043523801597354556,0,,"127, 307",DVT,Dorsal_Transitional_Visual_Area,Posterior_Cingulate,18.0,142.0,"1806, 2176",idx_R,307,307.0
1,308.0,3.0240023136138916,0,0.001,,0.0012472726544287874,0.005,0.021531538573974527,0,,"128, 308",PCV,PreCuneus_Visual_Area,Posterior_Cingulate,18.0,27.0,"2245, 2416",idx_R,308,308.0
1,309.0,1.8942583799362183,0,0.001,,0.02909536124954598,0.005,0.16625920714026277,0,,"129, 309",POS1,Parieto-Occipital_Sulcus_Area_1,Posterior_Cingulate,18.0,31.0,"2531, 2727",idx_R,309,309.0
1,310.0,4.20196533203125,1,0.001,+,1.3230383183828482e-05,0.005,0.0005488232973598306,1,+,"130, 310",POS2,Parieto-Occipital_Sulcus_Area_2,Posterior_Cingulate,18.0,15.0,"3261, 3093",idx_R,310,310.0
1,311.0,0.646385669708252,0,0.001,,0.2590148093285505,0.005,0.40044402303410076,0,,"131, 311",ProS,ProStriate_Area,Posterior_Cingulate,18.0,121.0,"1222, 1055",idx_R,311,311.0
1,312.0,4.196681499481201,1,0.001,+,1.3542720734524474e-05,0.005,0.0005488232973598306,1,+,"132, 312",RSC,RetroSplenial_Complex,Posterior_Cingulate,18.0,14.0,"2830, 3067",idx_R,312,312.0
1,313.0,1.166757583618164,0,0.001,,0.12165414044366635,0.005,0.3321632085439931,0,,"133, 313",v23ab,Area_ventral_23_a + b,Posterior_Cingulate,18.0,33.0,"916, 1089",idx_R,313,313.0
1,314.0,1.5918625593185425,0,0.001,,0.055707794897019755,0.005,0.24162417063767602,0,,"134, 314",10r,Area_10r,AntCing_MedPFC,19.0,65.0,"1589, 1053",idx_R,314,314.0
1,315.0,2.536618709564209,0,0.001,,0.005596439375816872,0.005,0.064990908880454,0,,"135, 315",10v,Area_10v,AntCing_MedPFC,19.0,88.0,"3906, 2667",idx_R,315,315.0
1,316.0,0.5866825580596924,0,0.001,,0.2787084620509268,0.005,0.4102135954881025,0,,"136, 316",25,Area_25,AntCing_MedPFC,19.0,164.0,"1911, 2135",idx_R,316,316.0
1,317.0,0.06091184914112091,0,0.001,,0.47571470635999,0.005,0.4974920820200491,0,,"137, 317",33pr,Area_33_prime,AntCing_MedPFC,19.0,58.0,"1354, 1316",idx_R,317,317.0
1,318.0,-2.7022879123687744,0,0.001,,0.0034432051276096815,0.005,0.04590940170146242,0,,"138, 318",8BM,Area_8BM,AntCing_MedPFC,19.0,63.0,"3122, 3436",idx_R,318,318.0
1,319.0,-0.1648595929145813,0,0.001,,0.4345272486620969,0.005,0.4942943292606343,0,,"139, 319",9 m,Area_9_Middle,AntCing_MedPFC,19.0,69.0,"6338, 5881",idx_R,319,319.0
1,320.0,0.6462109684944153,0,0.001,,0.25907136852829243,0.005,0.40044402303410076,0,,"140, 320",a24,Area_a24,AntCing_MedPFC,19.0,61.0,"2085, 2152",idx_R,320,320.0
1,321.0,1.049638032913208,0,0.001,,0.1469422819574296,0.005,0.34350143834204316,0,,"141, 321",a24pr,Anterior_24_prime,AntCing_MedPFC,19.0,59.0,"1095, 1474",idx_R,321,321.0
1,322.0,-1.1241769790649414,0,0.001,,0.1304689767857461,0.005,0.3378853578319274,0,,"142, 322",a32pr,Area_anterior_32_prime,AntCing_MedPFC,19.0,179.0,"1759, 1118",idx_R,322,322.0
1,323.0,-1.0514343976974487,0,0.001,,0.14652956226636615,0.005,0.34350143834204316,0,,"143, 323",d32,Area_dorsal_32,AntCing_MedPFC,19.0,62.0,"2228, 2374",idx_R,323,323.0
1,324.0,-0.344210147857666,0,0.001,,0.3653441255984687,0.005,0.4582713770573126,0,,"144, 324",p24,Area_posterior_24,AntCing_MedPFC,19.0,180.0,"2394, 2442",idx_R,324,324.0
1,325.0,1.749900460243225,0,0.001,,0.04006774563517106,0.005,0.20033872817585532,0,,"145, 325",p24pr,Area_Posterior_24_prime,AntCing_MedPFC,19.0,57.0,"1422, 1724",idx_R,325,325.0
1,326.0,1.907526969909668,0,0.001,,0.02822619099893353,0.005,0.16506089896678822,0,,"146, 326",p32,Area_p32,AntCing_MedPFC,19.0,64.0,"1180, 1765",idx_R,326,326.0
1,327.0,1.1621850728988647,0,0.001,,0.12258014834217196,0.005,0.3321632085439931,0,,"147, 327",p32pr,Area_p32_prime,AntCing_MedPFC,19.0,60.0,"1569, 1305",idx_R,327,327.0
1,328.0,-0.15670886635780334,0,0.001,,0.43773714953952947,0.005,0.4942943292606343,0,,"148, 328",pOFC,Posterior_OFC_Complex,AntCing_MedPFC,19.0,166.0,"2486, 2836",idx_R,328,328.0
1,329.0,0.7336138486862183,0,0.001,,0.23159205909013164,0.005,0.3938089901025947,0,,"149, 329",s32,Area_s32,AntCing_MedPFC,19.0,165.0,"604, 1015",idx_R,329,329.0
1,330.0,0.703659176826477,0,0.001,,0.24082252449403863,0.005,0.39407322189933597,0,,"150, 330",10d,Area_10d,OrbPolaFrontal,20.0,72.0,"3644, 3096",idx_R,330,330.0
1,331.0,1.301000714302063,0,0.001,,0.0966291051136352,0.005,0.30048760416981724,0,,"151, 331",10 pp,Polar_10p,OrbPolaFrontal,20.0,90.0,"1997, 2487",idx_R,331,331.0
1,332.0,-0.6162020564079285,0,0.001,,0.2688805856931752,0.005,0.4039144821887684,0,,"152, 332",11 l,Area_11l,OrbPolaFrontal,20.0,91.0,"3531, 3793",idx_R,332,332.0
1,333.0,-2.240487575531006,0,0.001,,0.012529643244958439,0.005,0.09594162361666786,0,,"153, 333",13 l,Area_13l,OrbPolaFrontal,20.0,92.0,"2429, 1757",idx_R,333,333.0
1,334.0,-0.5053678750991821,0,0.001,,0.3066502389250509,0.005,0.428032039258335,0,,"154, 334",47 m,Area_47m,OrbPolaFrontal,20.0,66.0,"799, 781",idx_R,334,334.0
1,335.0,0.1585240215063095,0,0.001,,0.43702194677764983,0.005,0.4942943292606343,0,,"155, 335",47 s,Area_47s,OrbPolaFrontal,20.0,94.0,"2795, 3080",idx_R,335,335.0
1,336.0,2.568983554840088,0,0.001,,0.005099864885675871,0.005,0.06330866754632115,0,,"156, 336",a10p,Area_anterior_10p,OrbPolaFrontal,20.0,89.0,"1964, 1748",idx_R,336,336.0
1,337.0,0.5873700976371765,0,0.001,,0.2784775860222132,0.005,0.4102135954881025,0,,"157, 337",OFC,Orbital_Frontal_Complex,OrbPolaFrontal,20.0,93.0,"4560, 5232",idx_R,337,337.0
1,338.0,1.797635555267334,0,0.001,,0.03611739002932496,0.005,0.183130428317704,0,,"158, 338",p10p,Area_posterior_10p,OrbPolaFrontal,20.0,170.0,"2116, 2365",idx_R,338,338.0
1,339.0,0.03348410129547119,0,0.001,,0.4866442720256805,0.005,0.4974920820200491,0,,"159, 339",44,Area_44,Inferior_Frontal,21.0,74.0,"2435, 2589",idx_R,339,339.0
1,340.0,-0.05377836525440216,0,0.001,,0.47855587329840327,0.005,0.4974920820200491,0,,"160, 340",45,Area_45,Inferior_Frontal,21.0,75.0,"3762, 2962",idx_R,340,340.0
1,341.0,0.8463029265403748,0,0.001,,0.19869188784151354,0.005,0.37728185280622795,0,,"161, 341",47 l,Area_47l_(47_lateral),Inferior_Frontal,21.0,76.0,"2527, 2592",idx_R,341,341.0
1,342.0,-1.3134738206863403,0,0.001,,0.09451166839440384,0.005,0.2995013056218443,0,,"162, 342",a47r,Area_anterior_47r,Inferior_Frontal,21.0,77.0,"4167, 3763",idx_R,342,342.0
1,343.0,0.4915379583835602,0,0.001,,0.31152300591399773,0.005,0.4296869047089624,0,,"163, 343",IFJa,Area_IFJa,Inferior_Frontal,21.0,79.0,"1513, 1405",idx_R,343,343.0
1,344.0,-1.1223713159561157,0,0.001,,0.13085229760001738,0.005,0.3378853578319274,0,,"164, 344",IFJp,Area_IFJp,Inferior_Frontal,21.0,80.0,"960, 740",idx_R,344,344.0
1,345.0,-2.3886477947235107,0,0.001,,0.008455252572866154,0.005,0.07609727315579538,0,,"165, 345",IFSa,Area_IFSa,Inferior_Frontal,21.0,82.0,"2057, 2641",idx_R,345,345.0
1,346.0,-2.4240574836730957,0,0.001,,0.007674087912544709,0.005,0.07270188548726565,0,,"166, 346",IFSp,Area_IFSp,Inferior_Frontal,21.0,81.0,"1589, 1730",idx_R,346,346.0
1,347.0,-2.398524284362793,0,0.001,,0.008230642463532492,0.005,0.07597516120183838,0,,"167, 347",p47r,Area_posterior_47r,Inferior_Frontal,21.0,171.0,"2133, 1761",idx_R,347,347.0
1,348.0,-0.9052497744560242,0,0.001,,0.18266653900630037,0.005,0.36988102972083314,0,,"168, 348",46,Area_46,Dorsolateral_Prefrontal,22.0,84.0,"4863, 4394",idx_R,348,348.0
1,349.0,2.0960588455200195,0,0.001,,0.0180384855838631,0.005,0.12922560710210812,0,,"169, 349",8Ad,Area_8Ad,Dorsolateral_Prefrontal,22.0,68.0,"3386, 3492",idx_R,349,349.0
1,350.0,0.5494035482406616,0,0.001,,0.2913642697966342,0.005,0.41956454850715325,0,,"170, 350",8Av,Area_8Av,Dorsolateral_Prefrontal,22.0,67.0,"4807, 5902",idx_R,350,350.0
1,351.0,-0.8659948110580444,0,0.001,,0.19324650367821028,0.005,0.37728185280622795,0,,"171, 351",8BL,Area_8B_Lateral,Dorsolateral_Prefrontal,22.0,70.0,"3377, 4078",idx_R,351,351.0
1,352.0,0.7791773676872253,0,0.001,,0.21793762007601453,0.005,0.3938089901025947,0,,"172, 352",8C,Area_8C,Dorsolateral_Prefrontal,22.0,73.0,"4085, 3134",idx_R,352,352.0
1,353.0,-0.29251131415367126,0,0.001,,0.38494785526870023,0.005,0.4681798239754462,0,,"173, 353",9-46d,Area_9-46d,Dorsolateral_Prefrontal,22.0,86.0,"4534, 4666",idx_R,353,353.0
1,354.0,-1.8062466382980347,0,0.001,,0.035439911454753864,0.005,0.18241010000643207,0,,"174, 354",9a,Area_9_anterior,Dorsolateral_Prefrontal,22.0,87.0,"3706, 3048",idx_R,354,354.0
1,355.0,0.4423495829105377,0,0.001,,0.32911812817991815,0.005,0.4398612574662983,0,,"175, 355",9p,Area_9_Posterior,Dorsolateral_Prefrontal,22.0,71.0,"3426, 2488",idx_R,355,355.0
1,356.0,-0.9916622638702393,0,0.001,,0.16068115252752652,0.005,0.35271472506042406,0,,"176, 356",a9-46v,Area_anterior_9-46v,Dorsolateral_Prefrontal,22.0,85.0,"3314, 2628",idx_R,356,356.0
1,357.0,-0.08539324253797531,0,0.001,,0.4659743826074415,0.005,0.4974920820200491,0,,"177, 357",i6-8,Inferior_6-8_Transitional_Area,Dorsolateral_Prefrontal,22.0,97.0,"1764, 2418",idx_R,357,357.0
1,358.0,-1.234918236732483,0,0.001,,0.10843046776608822,0.005,0.3167804138720889,0,,"178, 358",p9-46v,Area_posterior_9-46v,Dorsolateral_Prefrontal,22.0,83.0,"2871, 4635",idx_R,358,358.0
1,359.0,0.9355998039245605,0,0.001,,0.17473963778154755,0.005,0.3674642993830026,0,,"179, 359",s6-8,Superior_6-8_Transitional_Area,Dorsolateral_Prefrontal,22.0,98.0,"1336, 2132",idx_R,359,359.0
1,360.0,-0.66581130027771,0,0.001,,0.25276586052356376,0.005,0.3994893985483679,0,,"180, 360",SFL,Superior_Frontal_Language_Area,Dorsolateral_Prefrontal,22.0,26.0,"3873, 3055",idx_R,360,360.0
2,1.0,-1.7110170125961304,0,0.001,,0.0435389861547681,0.005,0.12953747946873154,0,,"1, 181",V1,Primary_Visual_Cortex,Primary_Visual,1.0,1.0,"13,812, 13,406",idx_L,1,1.0
2,2.0,-1.045702338218689,0,0.001,,0.14784924146852174,0.005,0.2648046115854121,0,,"2, 182",V2,Second_Visual_Area,Early_Visual,2.0,4.0,"9515, 9420",idx_L,2,2.0
2,3.0,-0.5378322601318359,0,0.001,,0.2953464290194037,0.005,0.39329503860134846,0,,"3, 183",V3,Third_Visual_Area,Early_Visual,2.0,5.0,"7106, 7481",idx_L,3,3.0
2,4.0,-1.395521640777588,0,0.001,,0.08142929678089894,0.005,0.18791376180207447,0,,"4, 184",V4,Fourth_Visual_Area,Early_Visual,2.0,6.0,"4782, 4537",idx_L,4,4.0
2,5.0,-0.02999367192387581,0,0.001,,0.48803604998746025,0.005,0.49351960111091486,0,,"5, 185",IPS1,IntraParietal_Sulcus_Area_1,Dorsal_Stream_Visual,3.0,17.0,"1751, 1750",idx_L,5,5.0
2,6.0,-0.29660364985466003,0,0.001,,0.3833845620128794,0.005,0.44246137120442935,0,,"6, 186",V3A,Area_V3A,Dorsal_Stream_Visual,3.0,13.0,"2191, 2212",idx_L,6,6.0
2,7.0,-1.0811736583709717,0,0.001,,0.13980993655379076,0.005,0.2607853738827185,0,,"7, 187",V3B,Area_V3B,Dorsal_Stream_Visual,3.0,19.0,"639, 731",idx_L,7,7.0
2,8.0,0.9822090268135071,0,0.001,,0.16299844070887337,0.005,0.2781016050009214,0,,"8, 188",V6,Sixth_Visual_Area,Dorsal_Stream_Visual,3.0,3.0,"1402, 1559",idx_L,8,8.0
2,9.0,2.996220827102661,0,0.001,,0.001366742017127073,0.005,0.015871842779540204,0,,"9, 189",V6A,Area_V6A,Dorsal_Stream_Visual,3.0,152.0,"904, 734",idx_L,9,9.0
2,10.0,-0.8520668148994446,0,0.001,,0.1970885046080496,0.005,0.31587020477453565,0,,"10, 190",V7,Seventh_Visual_Area,Dorsal_Stream_Visual,3.0,16.0,"1005, 1041",idx_L,10,10.0
2,11.0,-1.9598006010055542,0,0.001,,0.025009550491111775,0.005,0.0900343817680024,0,,"11, 191",FFC,Fusiform_Face_Complex,Ventral_Stream_Visual,4.0,18.0,"3848, 4402",idx_L,11,11.0
2,12.0,-0.3199858069419861,0,0.001,,0.37448954489114306,0.005,0.43922420104057364,0,,"12, 192",PIT,Posterior_InferoTemporal_complex,Ventral_Stream_Visual,4.0,22.0,"1392, 1386",idx_L,12,12.0
2,13.0,-1.4492601156234741,0,0.001,,0.07363247745577846,0.005,0.17439270976368582,0,,"13, 193",V8,Eighth_Visual_Area,Ventral_Stream_Visual,4.0,7.0,"1361, 1175",idx_L,13,13.0
2,14.0,0.11648517847061157,0,0.001,,0.4536340159989324,0.005,0.47335723408584246,0,,"14, 194",VMV1,VentroMedial_Visual_Area_1,Ventral_Stream_Visual,4.0,153.0,"939, 1219",idx_L,14,14.0
2,15.0,0.20722109079360962,0,0.001,,0.4179185983548643,0.005,0.4630833385263366,0,,"15, 195",VMV2,VentroMedial_Visual_Area_2,Ventral_Stream_Visual,4.0,160.0,"639, 923",idx_L,15,15.0
2,16.0,-0.6306850910186768,0,0.001,,0.26412322462680504,0.005,0.3717311154755163,0,,"16, 196",VMV3,VentroMedial_Visual_Area_3,Ventral_Stream_Visual,4.0,154.0,"941, 1242",idx_L,16,16.0
2,17.0,-0.4102354645729065,0,0.001,,0.3408166138543057,0.005,0.41875078835341323,0,,"17, 197",VVC,Ventral_Visual_Complex,Ventral_Stream_Visual,4.0,163.0,"2487, 2753",idx_L,17,17.0
2,18.0,-1.6151617765426636,0,0.001,,0.05313783284417818,0.005,0.14321674376850013,0,,"18, 198",FST,Area_FST,MT + _Complex,5.0,157.0,"1324, 1683",idx_L,18,18.0
2,19.0,-0.780235230922699,0,0.001,,0.21762621429340268,0.005,0.33624651135461353,0,,"19, 199",LO1,Area_Lateral_Occipital_1,MT + _Complex,5.0,20.0,"619, 909",idx_L,19,19.0
2,20.0,-2.0035922527313232,0,0.001,,0.022556878215151024,0.005,0.0852182818241733,0,,"20, 200",LO2,Area_Lateral_Occipital_2,MT + _Complex,5.0,21.0,"1179, 1062",idx_L,20,20.0
2,21.0,1.3113763332366943,0,0.001,,0.09486532530453434,0.005,0.2045001024528884,0,,"21, 201",LO3,Area_Lateral_Occipital_3,MT + _Complex,5.0,159.0,"438, 915",idx_L,21,21.0
2,22.0,-0.5692012310028076,0,0.001,,0.28460979268050873,0.005,0.3890440464526859,0,,"22, 202",MST,Medial_Superior_Temporal_Area,MT + _Complex,5.0,2.0,"794, 1036",idx_L,22,22.0
2,23.0,-0.14302034676074982,0,0.001,,0.44313705599636855,0.005,0.4678279770049638,0,,"23, 203",MT,Middle_Temporal_Area,MT + _Complex,5.0,23.0,"620, 1005",idx_L,23,23.0
2,24.0,-1.478310465812683,0,0.001,,0.06966234883071497,0.005,0.17024992555880586,0,,"24, 204",PH,Area_PH,MT + _Complex,5.0,138.0,"3453, 3205",idx_L,24,24.0
2,25.0,-1.2401283979415894,0,0.001,,0.10746395339865983,0.005,0.22362441169663316,0,,"25, 205",V3CD,Area_V3CD,MT + _Complex,5.0,158.0,"876, 1222",idx_L,25,25.0
2,26.0,-3.8976640701293945,1,0.001,-,4.8562509031246184e-05,0.005,0.002086227202706538,1,-,"26, 206",V4t,Area_V4t,MT + _Complex,5.0,156.0,"1037, 1249",idx_L,26,26.0
2,27.0,-1.8914146423339844,0,0.001,,0.029284507746538905,0.005,0.09852731578274772,0,,"27, 207",1,Area_1,SomaSens_Motor,6.0,51.0,"6590, 5925",idx_L,27,27.0
2,28.0,-1.410690188407898,0,0.001,,0.07916799264333724,0.005,0.1838740474296865,0,,"28, 208",2,Area_2,SomaSens_Motor,6.0,52.0,"4278, 4727",idx_L,28,28.0
2,29.0,-1.5496699810028076,0,0.001,,0.06061037338275714,0.005,0.1547498894878906,0,,"29, 209",3a,Area_3a,SomaSens_Motor,6.0,53.0,"2247, 2286",idx_L,29,29.0
2,30.0,-2.1089582443237305,0,0.001,,0.01747409300250393,0.005,0.07537036127297045,0,,"30, 210",3b,Primary_Sensory_Cortex,SomaSens_Motor,6.0,9.0,"5451, 4350",idx_L,30,30.0
2,31.0,-3.173651695251465,1,0.001,-,0.0007526710808315672,0.005,0.010838463563974568,0,,"31, 211",4,Primary_Motor_Cortex,SomaSens_Motor,6.0,8.0,"10,776, 10,254",idx_L,31,31.0
2,32.0,-0.9654686450958252,0,0.001,,0.16715506672795288,0.005,0.2838482265191653,0,,"32, 212",23c,Area_23c,ParaCentral_MidCing,7.0,38.0,"2259, 2498",idx_L,32,32.0
2,33.0,-0.81412273645401,0,0.001,,0.20778732097240643,0.005,0.3263562577706987,0,,"33, 213",24dd,Dorsal_Area_24d,ParaCentral_MidCing,7.0,40.0,"2665, 2820",idx_L,33,33.0
2,34.0,-0.31658118963241577,0,0.001,,0.375780705334713,0.005,0.43922420104057364,0,,"34, 214",24dv,Ventral_Area_24d,ParaCentral_MidCing,7.0,41.0,"1076, 1349",idx_L,34,34.0
2,35.0,-0.31819772720336914,0,0.001,,0.37516747833689595,0.005,0.43922420104057364,0,,"35, 215",5L,Area_5L,ParaCentral_MidCing,7.0,39.0,"2249, 2327",idx_L,35,35.0
2,36.0,0.30106669664382935,0,0.001,,0.3816818178723329,0.005,0.44246137120442935,0,,"36, 216",5 m,Area_5m,ParaCentral_MidCing,7.0,36.0,"1483, 2079",idx_L,36,36.0
2,37.0,0.14627613127231598,0,0.001,,0.44185170382793404,0.005,0.4678279770049638,0,,"37, 217",5mv,Area_5m_ventral,ParaCentral_MidCing,7.0,37.0,"1651, 1996",idx_L,37,37.0
2,38.0,-3.803083896636963,1,0.001,-,7.145296607124907e-05,0.005,0.002143588982137472,1,-,"38, 218",6ma,Area_6m_anterior,ParaCentral_MidCing,7.0,44.0,"3941, 4251",idx_L,38,38.0
2,39.0,-2.545210838317871,0,0.001,,0.005460588727527225,0.005,0.032226425277209855,0,,"39, 219",6mp,Area_6mp,ParaCentral_MidCing,7.0,55.0,"3701, 3105",idx_L,39,39.0
2,40.0,-1.3269567489624023,0,0.001,,0.09226149515560894,0.005,0.20108456511790762,0,,"40, 220",SCEF,Supplementary_and_Cingulate_Eye_Field,ParaCentral_MidCing,7.0,43.0,"3500, 3371",idx_L,40,40.0
2,41.0,-3.5906925201416016,1,0.001,-,0.00016490026081821115,0.005,0.0032546377133801196,1,-,"41, 221",55b,Area_55b,Premotor,8.0,12.0,"2422, 1537",idx_L,41,41.0
2,42.0,-1.4758533239364624,0,0.001,,0.06999163606306463,0.005,0.17024992555880586,0,,"42, 222",6a,Area_6_anterior,Premotor,8.0,96.0,"4233, 3752",idx_L,42,42.0
2,43.0,-3.865769147872925,1,0.001,-,5.536982447633988e-05,0.005,0.002086227202706538,1,-,"43, 223",6d,Dorsal_area_6,Premotor,8.0,54.0,"2916, 2909",idx_L,43,43.0
2,44.0,-2.205974578857422,0,0.001,,0.013692889842067174,0.005,0.06486105714663398,0,,"44, 224",6r,Rostral_Area_6,Premotor,8.0,78.0,"3029, 3981",idx_L,44,44.0
2,45.0,-3.619614362716675,1,0.001,-,0.00014752119671919656,0.005,0.003123978283465339,1,-,"45, 225",6v,Ventral_Area_6,Premotor,8.0,56.0,"2075, 2516",idx_L,45,45.0
2,46.0,-2.704188346862793,0,0.001,,0.003423573301246454,0.005,0.026793182357580946,0,,"46, 226",FEF,Frontal_Eye_Fields,Premotor,8.0,10.0,"1787, 1889",idx_L,46,46.0
2,47.0,-1.2048288583755493,0,0.001,,0.1141346884555125,0.005,0.228269376911025,0,,"47, 227",PEF,Premotor_Eye_Field,Premotor,8.0,11.0,"1006, 1258",idx_L,47,47.0
2,48.0,-1.8296394348144531,0,0.001,,0.03365193642621783,0.005,0.10914141543638216,0,,"48, 228",43,Area_43,Posterior_Opercular,9.0,99.0,"1889, 1678",idx_L,48,48.0
2,49.0,-0.21018481254577637,0,0.001,,0.41676171632263026,0.005,0.4630833385263366,0,,"49, 229",FOP1,Frontal_Opercular_Area_1,Posterior_Opercular,9.0,113.0,"879, 932",idx_L,49,49.0
2,50.0,-1.3892689943313599,0,0.001,,0.08237548425060309,0.005,0.18888646070201984,0,,"50, 230",OP1,Area_OP1-SII,Posterior_Opercular,9.0,101.0,"1275, 1072",idx_L,50,50.0
2,51.0,-0.9274820685386658,0,0.001,,0.1768381488278774,0.005,0.2920263008166783,0,,"51, 231",OP2-3,Area_OP2-3-VS,Posterior_Opercular,9.0,102.0,"943, 792",idx_L,51,51.0
2,52.0,-0.146287739276886,0,0.001,,0.4418471221871958,0.005,0.4678279770049638,0,,"52, 232",OP4,Area_OP4-PV,Posterior_Opercular,9.0,100.0,"2332, 2409",idx_L,52,52.0
2,53.0,-1.1664915084838867,0,0.001,,0.12170788991228115,0.005,0.2355636578947377,0,,"53, 233",52,Area_52,Early_Auditory,10.0,103.0,"725, 580",idx_L,53,53.0
2,54.0,0.19335810840129852,0,0.001,,0.4233392604677353,0.005,0.46367645853712075,0,,"54, 234",A1,Primary_Auditory_Cortex,Early_Auditory,10.0,24.0,"1023, 796",idx_L,54,54.0
2,55.0,0.5004106163978577,0,0.001,,0.3083929897728128,0.005,0.4022517257906254,0,,"55, 235",LBelt,Lateral_Belt_Complex,Early_Auditory,10.0,174.0,"820, 901",idx_L,55,55.0
2,56.0,0.2589559257030487,0,0.001,,0.3978346234784482,0.005,0.4532293178868398,0,,"56, 236",MBelt,Medial_Belt_Complex,Early_Auditory,10.0,173.0,"1242, 1236",idx_L,56,56.0
2,57.0,0.09451654553413391,0,0.001,,0.462349419922581,0.005,0.4782925033681873,0,,"57, 237",PBelt,ParaBelt_Complex,Early_Auditory,10.0,124.0,"1719, 1439",idx_L,57,57.0
2,58.0,-2.600212335586548,0,0.001,,0.00465830467198399,0.005,0.03105536447989327,0,,"58, 238",PFcm,Area_PFcm,Early_Auditory,10.0,105.0,"1486, 1485",idx_L,58,58.0
2,59.0,-1.6127640008926392,0,0.001,,0.05339789496332206,0.005,0.14321674376850013,0,,"59, 239",RI,RetroInsular_Cortex,Early_Auditory,10.0,104.0,"1149, 1334",idx_L,59,59.0
2,60.0,-0.20685552060604095,0,0.001,,0.41806134728072053,0.005,0.4630833385263366,0,,"60, 240",A4,Auditory_4_Complex,Auditory_Association,11.0,175.0,"3514, 3610",idx_L,60,60.0
2,61.0,-0.6386555433273315,0,0.001,,0.2615235197676806,0.005,0.3717311154755163,0,,"61, 241",A5,Auditory_5_Complex,Auditory_Association,11.0,125.0,"3346, 3881",idx_L,61,61.0
2,62.0,-0.3037029206752777,0,0.001,,0.3806771163349799,0.005,0.44246137120442935,0,,"62, 242",STGa,Area_STGa,Auditory_Association,11.0,123.0,"2509, 2187",idx_L,62,62.0
2,63.0,-0.3451588749885559,0,0.001,,0.36498746702351115,0.005,0.43222448104894434,0,,"63, 243",STSda,Area_STSd_anterior,Auditory_Association,11.0,128.0,"1944, 2389",idx_L,63,63.0
2,64.0,-1.1894441843032837,0,0.001,,0.11713246132666005,0.005,0.23169058284394298,0,,"64, 244",STSdp,Area_STSd_posterior,Auditory_Association,11.0,129.0,"1994, 2605",idx_L,64,64.0
2,65.0,1.4386532306671143,0,0.001,,0.07512439827552965,0.005,0.17676329006006977,0,,"65, 245",STSva,Area_STSv_anterior,Auditory_Association,11.0,176.0,"1694, 1900",idx_L,65,65.0
2,66.0,-1.2555181980133057,0,0.001,,0.10464535305535766,0.005,0.2203060064323319,0,,"66, 246",STSvp,Area_STSv_posterior,Auditory_Association,11.0,130.0,"2898, 2515",idx_L,66,66.0
2,67.0,-2.591805934906006,0,0.001,,0.004773680553257899,0.005,0.03124590907586989,0,,"67, 247",TA2,Area_TA2,Auditory_Association,11.0,107.0,"1518, 1726",idx_L,67,67.0
2,68.0,0.23140524327754974,0,0.001,,0.4084999960770237,0.005,0.45956249558665163,0,,"68, 248",AAIC,Anterior_Agranular_Insula_Complex,Insula_FrontalOperc,12.0,112.0,"1859, 1691",idx_L,68,68.0
2,69.0,0.23719647526741028,0,0.001,,0.4062521853156452,0.005,0.45846641603019517,0,,"69, 249",AVI,Anterior_Ventral_Insular_Area,Insula_FrontalOperc,12.0,111.0,"1446, 1792",idx_L,69,69.0
2,70.0,0.39191776514053345,0,0.001,,0.3475594881278683,0.005,0.42408695631531784,0,,"70, 250",FOP2,Frontal_Opercular_Area_2,Insula_FrontalOperc,12.0,115.0,"750, 720",idx_L,70,70.0
2,71.0,-0.3545372784137726,0,0.001,,0.3614681358987156,0.005,0.43222448104894434,0,,"71, 251",FOP3,Frontal_Opercular_Area_3,Insula_FrontalOperc,12.0,114.0,"754, 614",idx_L,71,71.0
2,72.0,-0.5611454248428345,0,0.001,,0.2873492018751781,0.005,0.3890440464526859,0,,"72, 252",FOP4,Frontal_Opercular_Area_4,Insula_FrontalOperc,12.0,108.0,"2522, 1678",idx_L,72,72.0
2,73.0,-0.6992145776748657,0,0.001,,0.24220897083960324,0.005,0.3573574979600704,0,,"73, 253",FOP5,Area_Frontal_Opercular_5,Insula_FrontalOperc,12.0,169.0,"1297, 1365",idx_L,73,73.0
2,74.0,-0.8982207775115967,0,0.001,,0.18453392920720552,0.005,0.3005982557221447,0,,"74, 254",Ig,Insular_Granular_Complex,Insula_FrontalOperc,12.0,168.0,"841, 1077",idx_L,74,74.0
2,75.0,-0.7753885984420776,0,0.001,,0.21905503514207203,0.005,0.33700774637241854,0,,"75, 255",MI,Middle_Insular_Area,Insula_FrontalOperc,12.0,109.0,"2102, 1960",idx_L,75,75.0
2,76.0,-1.3537628650665283,0,0.001,,0.08790602229638572,0.005,0.19778855016686786,0,,"76, 256",PI,Para-Insular_Area,Insula_FrontalOperc,12.0,178.0,"1033, 1058",idx_L,76,76.0
2,77.0,-1.151875615119934,0,0.001,,0.12468609495469296,0.005,0.2400374020518153,0,,"77, 257",Pir,Pirform_Cortex,Insula_FrontalOperc,12.0,110.0,"2287, 1856",idx_L,77,77.0
2,78.0,-2.7713425159454346,0,0.001,,0.002791283471315375,0.005,0.0241245706141145,0,,"78, 258",PoI1,Area_Posterior_Insular_1,Insula_FrontalOperc,12.0,167.0,"1811, 1835",idx_L,78,78.0
2,79.0,-2.087447166442871,0,0.001,,0.018423866088948332,0.005,0.07537036127297045,0,,"79, 259",PoI2,Posterior_Insular_Area_2,Insula_FrontalOperc,12.0,106.0,"2747, 2675",idx_L,79,79.0
2,80.0,0.14332382380962372,0,0.001,,0.44301722069323723,0.005,0.4678279770049638,0,,"80, 260",H,Hippocampus,Medial_Temporal,13.0,120.0,"4283, 3626",idx_L,80,80.0
2,81.0,0.9100105166435242,0,0.001,,0.18140848179192637,0.005,0.29685024293224316,0,,"81, 261",PreS,PreSubiculum,Medial_Temporal,13.0,119.0,"1817, 1558",idx_L,81,81.0
2,82.0,0.558652937412262,0,0.001,,0.2881993020552934,0.005,0.3890440464526859,0,,"82, 262",EC,Entorhinal_Cortex,Medial_Temporal,13.0,118.0,"2127, 2110",idx_L,82,82.0
2,83.0,-0.18776072561740875,0,0.001,,0.42553211227438237,0.005,0.46367645853712075,0,,"83, 263",PeEc,Perirhinal_Ectorhinal_Cortex,Medial_Temporal,13.0,122.0,"4826, 4755",idx_L,83,83.0
2,84.0,-0.5775508880615234,0,0.001,,0.2817836862879233,0.005,0.38866715350058384,0,,"84, 264",TF,Area_TF,Medial_Temporal,13.0,135.0,"3986, 4752",idx_L,84,84.0
2,85.0,0.7444127798080444,0,0.001,,0.22831339489721397,0.005,0.34247009234582093,0,,"85, 265",PHA1,ParaHippocampal_Area_1,Medial_Temporal,13.0,126.0,"1281, 1168",idx_L,85,85.0
2,86.0,1.173779845237732,0,0.001,,0.1202416094471277,0.005,0.23490398512147498,0,,"86, 266",PHA2,ParaHippocampal_Area_2,Medial_Temporal,13.0,155.0,"783, 771",idx_L,86,86.0
2,87.0,0.3451533019542694,0,0.001,,0.36498956177466413,0.005,0.43222448104894434,0,,"87, 267",PHA3,ParaHippocampal_Area_3,Medial_Temporal,13.0,127.0,"2023, 1122",idx_L,87,87.0
2,88.0,-3.036386728286743,0,0.001,,0.0011971602577379532,0.005,0.01490684611766541,0,,"88, 268",PHT,Area_PHT,Lateral_Temporal,14.0,137.0,"4182, 3410",idx_L,88,88.0
2,89.0,0.6472576260566711,0,0.001,,0.2587326105560134,0.005,0.37109059681340567,0,,"89, 269",TE1a,Area_TE1_anterior,Lateral_Temporal,14.0,132.0,"5227, 4180",idx_L,89,89.0
2,90.0,-2.259605646133423,0,0.001,,0.011922868435607421,0.005,0.06093516958254985,0,,"90, 270",TE1m,Area_TE1_Middle,Lateral_Temporal,14.0,177.0,"3339, 3429",idx_L,90,90.0
2,91.0,-2.0675203800201416,0,0.001,,0.01934257292630811,0.005,0.07737029170523244,0,,"91, 271",TE1p,Area_TE1_posterior,Lateral_Temporal,14.0,133.0,"7116, 6010",idx_L,91,91.0
2,92.0,-1.5607457160949707,0,0.001,,0.059291880037400484,0.005,0.15246483438188696,0,,"92, 272",TE2a,Area_TE2_anterior,Lateral_Temporal,14.0,134.0,"5691, 5753",idx_L,92,92.0
2,93.0,-1.9921011924743652,0,0.001,,0.02317997808108211,0.005,0.08579332770185381,0,,"93, 273",TE2p,Area_TE2_posterior,Lateral_Temporal,14.0,136.0,"4115, 3040",idx_L,93,93.0
2,94.0,-1.3279958963394165,0,0.001,,0.09208973129439801,0.005,0.20108456511790762,0,,"94, 274",TGd,Area_TG_dorsal,Lateral_Temporal,14.0,131.0,"10,192, 10,269",idx_L,94,94.0
2,95.0,-0.06229337677359581,0,0.001,,0.4751646014020906,0.005,0.48576844508508765,0,,"95, 275",TGv,Area_TG_Ventral,Lateral_Temporal,14.0,172.0,"3694, 4515",idx_L,95,95.0
2,96.0,-2.629300832748413,0,0.001,,0.004278031705802304,0.005,0.03019787086448685,0,,"96, 276",PSL,PeriSylvian_Language_Area,TPO,15.0,25.0,"2154, 2759",idx_L,96,96.0
2,97.0,-1.950418472290039,0,0.001,,0.025563130961740593,0.005,0.09111611035867935,0,,"97, 277",STV,Superior_Temporal_Visual_Area,TPO,15.0,28.0,"2322, 2294",idx_L,97,97.0
2,98.0,-1.5382851362228394,0,0.001,,0.06198945620326194,0.005,0.15605737225996014,0,,"98, 278",TPOJ1,Area_TemporoParietoOccipital_Junction_1,TPO,15.0,139.0,"2102, 3938",idx_L,98,98.0
2,99.0,-0.7310006618499756,0,0.001,,0.23238937433690832,0.005,0.34713765461114937,0,,"99, 279",TPOJ2,Area_TemporoParietoOccipital_Junction_2,TPO,15.0,140.0,"1930, 2068",idx_L,99,99.0
2,100.0,0.9997184872627258,0,0.001,,0.15872338136047642,0.005,0.27339912578838044,0,,"100, 280",TPOJ3,Area_TemporoParietoOccipital_Junction_3,TPO,15.0,141.0,"1290, 1277",idx_L,100,100.0
2,101.0,-1.9216309785842896,0,0.001,,0.027326103864141953,0.005,0.09496386228510803,0,,"101, 281",7AL,Lateral_Area_7A,Superior_Parietal,16.0,42.0,"2134, 2030",idx_L,101,101.0
2,102.0,0.10499671846628189,0,0.001,,0.45818920630627047,0.005,0.47667595441338945,0,,"102, 282",7Am,Medial_Area_7A,Superior_Parietal,16.0,45.0,"2995, 2379",idx_L,102,102.0
2,103.0,-1.8361914157867432,0,0.001,,0.033164675905301304,0.005,0.10898359434833511,0,,"103, 283",7PC,Area_7PC,Superior_Parietal,16.0,47.0,"3151, 3415",idx_L,103,103.0
2,104.0,1.1714222431182861,0,0.001,,0.12071454790964686,0.005,0.23490398512147498,0,,"104, 284",7Pl,Lateral_Area_7P,Superior_Parietal,16.0,46.0,"1695, 1363",idx_L,104,104.0
2,105.0,3.078295946121216,0,0.001,,0.0010409402582630507,0.005,0.013879203443507343,0,,"105, 285",7Pm,Medial_Area_7P,Superior_Parietal,16.0,29.0,"1601, 1308",idx_L,105,105.0
2,106.0,-2.5221951007843018,0,0.001,,0.005831250215482011,0.005,0.033858872218927805,0,,"106, 286",AIP,Anterior_IntraParietal_Area,Superior_Parietal,16.0,117.0,"1999, 2542",idx_L,106,106.0
2,107.0,-0.17150165140628815,0,0.001,,0.43191466602293954,0.005,0.46367645853712075,0,,"107, 287",LIPd,Area_Lateral_IntraParietal_dorsal,Superior_Parietal,16.0,95.0,"1008, 869",idx_L,107,107.0
2,108.0,0.21526047587394714,0,0.001,,0.4147821214743198,0.005,0.4630833385263366,0,,"108, 288",LIPv,Area_Lateral_IntraParietal_ventral,Superior_Parietal,16.0,48.0,"1681, 1783",idx_L,108,108.0
2,109.0,2.251181125640869,0,0.001,,0.01218703391650997,0.005,0.06093516958254985,0,,"109, 289",MIP,Medial_IntraParietal_Area,Superior_Parietal,16.0,50.0,"1872, 2403",idx_L,109,109.0
2,110.0,-1.9880475997924805,0,0.001,,0.023403212916586934,0.005,0.08579332770185381,0,,"110, 290",VIP,Ventral_IntraParietal_Complex,Superior_Parietal,16.0,49.0,"1890, 1577",idx_L,110,110.0
2,111.0,0.17442555725574493,0,0.001,,0.4307655151949595,0.005,0.46367645853712075,0,,"111, 291",IP0,Area_IntraParietal_0,Inferior_Parietal,17.0,146.0,"1203, 1239",idx_L,111,111.0
2,112.0,1.413663625717163,0,0.001,,0.07873034508268534,0.005,0.1838740474296865,0,,"112, 292",IP1,Area_IntraParietal_1,Inferior_Parietal,17.0,145.0,"1692, 1632",idx_L,112,112.0
2,113.0,-0.5357555150985718,0,0.001,,0.2960637651693484,0.005,0.39329503860134846,0,,"113, 293",IP2,Area_IntraParietal_2,Inferior_Parietal,17.0,144.0,"2102, 1861",idx_L,113,113.0
2,114.0,-6.40377950668335,1,0.001,-,7.578848626154313e-11,0.005,2.7283855054155526e-08,1,-,"114, 294",PF,Area_PF_Complex,Inferior_Parietal,17.0,148.0,"5457, 5251",idx_L,114,114.0
2,115.0,-3.729163646697998,1,0.001,-,9.605818005936676e-05,0.005,0.0026282714978292684,1,-,"115, 295",PFm,Area_PFm_Complex,Inferior_Parietal,17.0,149.0,"8220, 8141",idx_L,115,115.0
2,116.0,-2.7308058738708496,0,0.001,,0.003158983726637376,0.005,0.025271869813099007,0,,"116, 296",PFop,Area_PF_Opercular,Inferior_Parietal,17.0,147.0,"1797, 1783",idx_L,116,116.0
2,117.0,-2.9508450031280518,0,0.001,,0.0015845295119190136,0.005,0.016777371302671908,0,,"117, 297",PFt,Area_PFt,Inferior_Parietal,17.0,116.0,"1983, 2039",idx_L,117,117.0
2,118.0,0.8688196539878845,0,0.001,,0.19247289065934725,0.005,0.3116119978403743,0,,"118, 298",PGi,Area_PGi,Inferior_Parietal,17.0,150.0,"4791, 4970",idx_L,118,118.0
2,119.0,1.700523018836975,0,0.001,,0.04451629518318893,0.005,0.13135955955695094,0,,"119, 299",PGp,Area_PGp,Inferior_Parietal,17.0,143.0,"2501, 3740",idx_L,119,119.0
2,120.0,1.6769828796386719,0,0.001,,0.04677291486281011,0.005,0.13689633618383446,0,,"120, 300",PGs,Area_PGs,Inferior_Parietal,17.0,151.0,"4552, 3366",idx_L,120,120.0
2,121.0,-0.6670917868614197,0,0.001,,0.252356752995186,0.005,0.366249540934948,0,,"121, 301",23d,Area_23d,Posterior_Cingulate,18.0,32.0,"1261, 1513",idx_L,121,121.0
2,122.0,1.1297364234924316,0,0.001,,0.12929365227194783,0.005,0.24627362337513872,0,,"122, 302",31a,Area_31a,Posterior_Cingulate,18.0,162.0,"1260, 1116",idx_L,122,122.0
2,123.0,1.6042593717575073,0,0.001,,0.05432844628200037,0.005,0.14381059309941274,0,,"123, 303",31pd,Area_31pd,Posterior_Cingulate,18.0,161.0,"1428, 864",idx_L,123,123.0
2,124.0,0.8245764970779419,0,0.001,,0.20480603466252972,0.005,0.3233779494671522,0,,"124, 304",31pv,Area_31p_ventral,Posterior_Cingulate,18.0,35.0,"950, 1022",idx_L,124,124.0
2,125.0,2.336045026779175,0,0.001,,0.009744447469967825,0.005,0.05158825131159436,0,,"125, 305",7 m,Area_7m,Posterior_Cingulate,18.0,30.0,"2128, 2067",idx_L,125,125.0
2,126.0,1.761065125465393,0,0.001,,0.03911369042712767,0.005,0.12138731511867208,0,,"126, 306",d23ab,Area_dorsal_23_a + b,Posterior_Cingulate,18.0,34.0,"1607, 1106",idx_L,126,126.0
2,127.0,2.188413381576538,0,0.001,,0.014319752207710356,0.005,0.06609116403558625,0,,"127, 307",DVT,Dorsal_Transitional_Visual_Area,Posterior_Cingulate,18.0,142.0,"1806, 2176",idx_L,127,127.0
2,128.0,1.0504413843154907,0,0.001,,0.14675761351672217,0.005,0.2648046115854121,0,,"128, 308",PCV,PreCuneus_Visual_Area,Posterior_Cingulate,18.0,27.0,"2245, 2416",idx_L,128,128.0
2,129.0,2.2556278705596924,0,0.001,,0.012046973127013189,0.005,0.06093516958254985,0,,"129, 309",POS1,Parieto-Occipital_Sulcus_Area_1,Posterior_Cingulate,18.0,31.0,"2531, 2727",idx_L,129,129.0
2,130.0,3.1620054244995117,1,0.001,+,0.0007834332276914469,0.005,0.01084753699880465,0,,"130, 310",POS2,Parieto-Occipital_Sulcus_Area_2,Posterior_Cingulate,18.0,15.0,"3261, 3093",idx_L,130,130.0
2,131.0,0.8403422236442566,0,0.001,,0.200358266770284,0.005,0.3177487931158689,0,,"131, 311",ProS,ProStriate_Area,Posterior_Cingulate,18.0,121.0,"1222, 1055",idx_L,131,131.0
2,132.0,2.5498955249786377,0,0.001,,0.005387760239958106,0.005,0.032226425277209855,0,,"132, 312",RSC,RetroSplenial_Complex,Posterior_Cingulate,18.0,14.0,"2830, 3067",idx_L,132,132.0
2,133.0,1.3249706029891968,0,0.001,,0.09259045085830037,0.005,0.20108456511790762,0,,"133, 313",v23ab,Area_ventral_23_a + b,Posterior_Cingulate,18.0,33.0,"916, 1089",idx_L,133,133.0
2,134.0,0.4340975880622864,0,0.001,,0.33210878845207487,0.005,0.4123938147047947,0,,"134, 314",10r,Area_10r,AntCing_MedPFC,19.0,65.0,"1589, 1053",idx_L,134,134.0
2,135.0,2.0004680156707764,0,0.001,,0.022724875153112882,0.005,0.0852182818241733,0,,"135, 315",10v,Area_10v,AntCing_MedPFC,19.0,88.0,"3906, 2667",idx_L,135,135.0
2,136.0,0.4306768774986267,0,0.001,,0.3333516668863757,0.005,0.4123938147047947,0,,"136, 316",25,Area_25,AntCing_MedPFC,19.0,164.0,"1911, 2135",idx_L,136,136.0
2,137.0,-1.5236347913742065,0,0.001,,0.06379998354801399,0.005,0.15949995887003496,0,,"137, 317",33pr,Area_33_prime,AntCing_MedPFC,19.0,58.0,"1354, 1316",idx_L,137,137.0
2,138.0,-2.155606508255005,0,0.001,,0.015557201965984093,0.005,0.0691431198488182,0,,"138, 318",8BM,Area_8BM,AntCing_MedPFC,19.0,63.0,"3122, 3436",idx_L,138,138.0
2,139.0,-3.3457396030426025,1,0.001,-,0.0004103171165285568,0.005,0.006714280088649111,0,,"139, 319",9 m,Area_9_Middle,AntCing_MedPFC,19.0,69.0,"6338, 5881",idx_L,139,139.0
2,140.0,0.015486624091863632,0,0.001,,0.4938219778215921,0.005,0.4954961575937723,0,,"140, 320",a24,Area_a24,AntCing_MedPFC,19.0,61.0,"2085, 2152",idx_L,140,140.0
2,141.0,-0.35019323229789734,0,0.001,,0.36309684272220233,0.005,0.43222448104894434,0,,"141, 321",a24pr,Anterior_24_prime,AntCing_MedPFC,19.0,59.0,"1095, 1474",idx_L,141,141.0
2,142.0,-1.9156262874603271,0,0.001,,0.027706340534570325,0.005,0.09499316754709825,0,,"142, 322",a32pr,Area_anterior_32_prime,AntCing_MedPFC,19.0,179.0,"1759, 1118",idx_L,142,142.0
2,143.0,-3.627525806427002,1,0.001,-,0.00014307509104342317,0.005,0.003123978283465339,1,-,"143, 323",d32,Area_dorsal_32,AntCing_MedPFC,19.0,62.0,"2228, 2374",idx_L,143,143.0
2,144.0,-1.7909486293792725,0,0.001,,0.03665076947937896,0.005,0.11473284358762109,0,,"144, 324",p24,Area_posterior_24,AntCing_MedPFC,19.0,180.0,"2394, 2442",idx_L,144,144.0
2,145.0,-0.2764686644077301,0,0.001,,0.3910940621179784,0.005,0.44696464242054673,0,,"145, 325",p24pr,Area_Posterior_24_prime,AntCing_MedPFC,19.0,57.0,"1422, 1724",idx_L,145,145.0
2,146.0,0.11679890006780624,0,0.001,,0.45350970770274307,0.005,0.47335723408584246,0,,"146, 326",p32,Area_p32,AntCing_MedPFC,19.0,64.0,"1180, 1765",idx_L,146,146.0
2,147.0,-0.38884955644607544,0,0.001,,0.3486937196370391,0.005,0.42408695631531784,0,,"147, 327",p32pr,Area_p32_prime,AntCing_MedPFC,19.0,60.0,"1569, 1305",idx_L,147,147.0
2,148.0,-0.23792719841003418,0,0.001,,0.4059687799435957,0.005,0.45846641603019517,0,,"148, 328",pOFC,Posterior_OFC_Complex,AntCing_MedPFC,19.0,166.0,"2486, 2836",idx_L,148,148.0
2,149.0,0.6870226263999939,0,0.001,,0.24603423510142147,0.005,0.36151969239392545,0,,"149, 329",s32,Area_s32,AntCing_MedPFC,19.0,165.0,"604, 1015",idx_L,149,149.0
2,150.0,0.6640704870223999,0,0.001,,0.2533225991466724,0.005,0.366249540934948,0,,"150, 330",10d,Area_10d,OrbPolaFrontal,20.0,72.0,"3644, 3096",idx_L,150,150.0
2,151.0,2.6123929023742676,0,0.001,,0.004495542888534636,0.005,0.030535763016461683,0,,"151, 331",10 pp,Polar_10p,OrbPolaFrontal,20.0,90.0,"1997, 2487",idx_L,151,151.0
2,152.0,-1.7389206886291504,0,0.001,,0.04102435729250185,0.005,0.1241072993722745,0,,"152, 332",11 l,Area_11l,OrbPolaFrontal,20.0,91.0,"3531, 3793",idx_L,152,152.0
2,153.0,0.18216969072818756,0,0.001,,0.42772477913384277,0.005,0.46367645853712075,0,,"153, 333",13 l,Area_13l,OrbPolaFrontal,20.0,92.0,"2429, 1757",idx_L,153,153.0
2,154.0,0.00347053911536932,0,0.001,,0.4986154579904782,0.005,0.4986154579904782,0,,"154, 334",47 m,Area_47m,OrbPolaFrontal,20.0,66.0,"799, 781",idx_L,154,154.0
2,155.0,-1.6726809740066528,0,0.001,,0.047195058336318506,0.005,0.13701791129898921,0,,"155, 335",47 s,Area_47s,OrbPolaFrontal,20.0,94.0,"2795, 3080",idx_L,155,155.0
2,156.0,1.0621365308761597,0,0.001,,0.14408685404765553,0.005,0.2648046115854121,0,,"156, 336",a10p,Area_anterior_10p,OrbPolaFrontal,20.0,89.0,"1964, 1748",idx_L,156,156.0
2,157.0,0.7656941413879395,0,0.001,,0.22192915691979026,0.005,0.33853600208103596,0,,"157, 337",OFC,Orbital_Frontal_Complex,OrbPolaFrontal,20.0,93.0,"4560, 5232",idx_L,157,157.0
2,158.0,2.0367419719696045,0,0.001,,0.02083795304350848,0.005,0.08066304403938768,0,,"158, 338",p10p,Area_posterior_10p,OrbPolaFrontal,20.0,170.0,"2116, 2365",idx_L,158,158.0
2,159.0,-3.4177143573760986,1,0.001,-,0.00031574672204079146,0.005,0.00541280094927071,0,,"159, 339",44,Area_44,Inferior_Frontal,21.0,74.0,"2435, 2589",idx_L,159,159.0
2,160.0,-2.167910575866699,0,0.001,,0.015082745519083757,0.005,0.06816158409459913,0,,"160, 340",45,Area_45,Inferior_Frontal,21.0,75.0,"3762, 2962",idx_L,160,160.0
2,161.0,-1.9072085618972778,0,0.001,,0.028246792608332977,0.005,0.095932503198112,0,,"161, 341",47 l,Area_47l_(47_lateral),Inferior_Frontal,21.0,76.0,"2527, 2592",idx_L,161,161.0
2,162.0,-1.2240729331970215,0,0.001,,0.11046235779783131,0.005,0.22596066245026333,0,,"162, 342",a47r,Area_anterior_47r,Inferior_Frontal,21.0,77.0,"4167, 3763",idx_L,162,162.0
2,163.0,1.0946611166000366,0,0.001,,0.13683256473709748,0.005,0.25656105888205777,0,,"163, 343",IFJa,Area_IFJa,Inferior_Frontal,21.0,79.0,"1513, 1405",idx_L,163,163.0
2,164.0,-0.6426217555999756,0,0.001,,0.26023478144862167,0.005,0.3717311154755163,0,,"164, 344",IFJp,Area_IFJp,Inferior_Frontal,21.0,80.0,"960, 740",idx_L,164,164.0
2,165.0,-1.8201568126678467,0,0.001,,0.03436756391975513,0.005,0.10948958416913139,0,,"165, 345",IFSa,Area_IFSa,Inferior_Frontal,21.0,82.0,"2057, 2641",idx_L,165,165.0
2,166.0,-0.4342767596244812,0,0.001,,0.3320437391152806,0.005,0.4123938147047947,0,,"166, 346",IFSp,Area_IFSp,Inferior_Frontal,21.0,81.0,"1589, 1730",idx_L,166,166.0
2,167.0,-1.545654058456421,0,0.001,,0.061094069046806386,0.005,0.15488637223134014,0,,"167, 347",p47r,Area_posterior_47r,Inferior_Frontal,21.0,171.0,"2133, 1761",idx_L,167,167.0
2,168.0,-3.03546404838562,0,0.001,,0.0012008292705897137,0.005,0.01490684611766541,0,,"168, 348",46,Area_46,Dorsolateral_Prefrontal,22.0,84.0,"4863, 4394",idx_L,168,168.0
2,169.0,1.0457903146743774,0,0.001,,0.14782892690574795,0.005,0.2648046115854121,0,,"169, 349",8Ad,Area_8Ad,Dorsolateral_Prefrontal,22.0,68.0,"3386, 3492",idx_L,169,169.0
2,170.0,-1.1407179832458496,0,0.001,,0.1269936502638227,0.005,0.24317933029242647,0,,"170, 350",8Av,Area_8Av,Dorsolateral_Prefrontal,22.0,67.0,"4807, 5902",idx_L,170,170.0
2,171.0,-2.6444828510284424,0,0.001,,0.004090792617908762,0.005,0.029753462756324123,0,,"171, 351",8BL,Area_8B_Lateral,Dorsolateral_Prefrontal,22.0,70.0,"3377, 4078",idx_L,171,171.0
2,172.0,-1.5725092887878418,0,0.001,,0.05791624333088543,0.005,0.1499989035907824,0,,"172, 352",8C,Area_8C,Dorsolateral_Prefrontal,22.0,73.0,"4085, 3134",idx_L,172,172.0
2,173.0,-3.8059444427490234,1,0.001,-,7.063204650026093e-05,0.005,0.002143588982137472,1,-,"173, 353",9-46d,Area_9-46d,Dorsolateral_Prefrontal,22.0,86.0,"4534, 4666",idx_L,173,173.0
2,174.0,-1.3847535848617554,0,0.001,,0.08306391397718821,0.005,0.18925955083409973,0,,"174, 354",9a,Area_9_anterior,Dorsolateral_Prefrontal,22.0,87.0,"3706, 3048",idx_L,174,174.0
2,175.0,-2.166224479675293,0,0.001,,0.015147018687688696,0.005,0.06816158409459913,0,,"175, 355",9p,Area_9_Posterior,Dorsolateral_Prefrontal,22.0,71.0,"3426, 2488",idx_L,175,175.0
2,176.0,-3.8546369075775146,1,0.001,-,5.795075563073717e-05,0.005,0.002086227202706538,1,-,"176, 356",a9-46v,Area_anterior_9-46v,Dorsolateral_Prefrontal,22.0,85.0,"3314, 2628",idx_L,176,176.0
2,177.0,-0.4530450105667114,0,0.001,,0.3252581653675656,0.005,0.41229908286029443,0,,"177, 357",i6-8,Inferior_6-8_Transitional_Area,Dorsolateral_Prefrontal,22.0,97.0,"1764, 2418",idx_L,177,177.0
2,178.0,-3.005488395690918,0,0.001,,0.0013257735674376899,0.005,0.015871842779540204,0,,"178, 358",p9-46v,Area_posterior_9-46v,Dorsolateral_Prefrontal,22.0,83.0,"2871, 4635",idx_L,178,178.0
2,179.0,-0.7470293045043945,0,0.001,,0.22752293599295476,0.005,0.34247009234582093,0,,"179, 359",s6-8,Superior_6-8_Transitional_Area,Dorsolateral_Prefrontal,22.0,98.0,"1336, 2132",idx_L,179,179.0
2,180.0,-2.9712412357330322,0,0.001,,0.0014829935121958748,0.005,0.01621073524077061,0,,"180, 360",SFL,Superior_Frontal_Language_Area,Dorsolateral_Prefrontal,22.0,26.0,"3873, 3055",idx_L,180,180.0
2,181.0,-0.4393799602985382,0,0.001,,0.33019312228231434,0.005,0.4123938147047947,0,,"1, 181",V1,Primary_Visual_Cortex,Primary_Visual,1.0,1.0,"13,812, 13,406",idx_R,181,181.0
2,182.0,-0.790237545967102,0,0.001,,0.21469452635217628,0.005,0.3331466788223425,0,,"2, 182",V2,Second_Visual_Area,Early_Visual,2.0,4.0,"9515, 9420",idx_R,182,182.0
2,183.0,-0.48318085074424744,0,0.001,,0.3144836654046159,0.005,0.4029068054135726,0,,"3, 183",V3,Third_Visual_Area,Early_Visual,2.0,5.0,"7106, 7481",idx_R,183,183.0
2,184.0,-0.7109232544898987,0,0.001,,0.23856589738476197,0.005,0.3534309590885362,0,,"4, 184",V4,Fourth_Visual_Area,Early_Visual,2.0,6.0,"4782, 4537",idx_R,184,184.0
2,185.0,3.2837185859680176,1,0.001,+,0.0005122358205684345,0.005,0.008017604148027671,0,,"5, 185",IPS1,IntraParietal_Sulcus_Area_1,Dorsal_Stream_Visual,3.0,17.0,"1751, 1750",idx_R,185,185.0
2,186.0,-0.4464450776576996,0,0.001,,0.32763788861962373,0.005,0.4123938147047947,0,,"6, 186",V3A,Area_V3A,Dorsal_Stream_Visual,3.0,13.0,"2191, 2212",idx_R,186,186.0
2,187.0,-1.0029973983764648,0,0.001,,0.1579310582535337,0.005,0.2733422162080391,0,,"7, 187",V3B,Area_V3B,Dorsal_Stream_Visual,3.0,19.0,"639, 731",idx_R,187,187.0
2,188.0,0.3963116705417633,0,0.001,,0.3459375593793661,0.005,0.4235970114849381,0,,"8, 188",V6,Sixth_Visual_Area,Dorsal_Stream_Visual,3.0,3.0,"1402, 1559",idx_R,188,188.0
2,189.0,2.6179754734039307,0,0.001,,0.004422658126746552,0.005,0.030535763016461683,0,,"9, 189",V6A,Area_V6A,Dorsal_Stream_Visual,3.0,152.0,"904, 734",idx_R,189,189.0
2,190.0,1.1136358976364136,0,0.001,,0.1327177098263133,0.005,0.25014856302341776,0,,"10, 190",V7,Seventh_Visual_Area,Dorsal_Stream_Visual,3.0,16.0,"1005, 1041",idx_R,190,190.0
2,191.0,-0.5184951424598694,0,0.001,,0.30205642417860434,0.005,0.39978056141285867,0,,"11, 191",FFC,Fusiform_Face_Complex,Ventral_Stream_Visual,4.0,18.0,"3848, 4402",idx_R,191,191.0
2,192.0,-1.5741709470748901,0,0.001,,0.057723967026283476,0.005,0.1499989035907824,0,,"12, 192",PIT,Posterior_InferoTemporal_complex,Ventral_Stream_Visual,4.0,22.0,"1392, 1386",idx_R,192,192.0
2,193.0,-0.4835560619831085,0,0.001,,0.31435048187472414,0.005,0.4029068054135726,0,,"13, 193",V8,Eighth_Visual_Area,Ventral_Stream_Visual,4.0,7.0,"1361, 1175",idx_R,193,193.0
2,194.0,0.47665461897850037,0,0.001,,0.3168040415322486,0.005,0.4030016076028604,0,,"14, 194",VMV1,VentroMedial_Visual_Area_1,Ventral_Stream_Visual,4.0,153.0,"939, 1219",idx_R,194,194.0
2,195.0,0.5576520562171936,0,0.001,,0.2885410011190754,0.005,0.3890440464526859,0,,"15, 195",VMV2,VentroMedial_Visual_Area_2,Ventral_Stream_Visual,4.0,160.0,"639, 923",idx_R,195,195.0
2,196.0,-1.4537497758865356,0,0.001,,0.07300784624971306,0.005,0.17439270976368582,0,,"16, 196",VMV3,VentroMedial_Visual_Area_3,Ventral_Stream_Visual,4.0,154.0,"941, 1242",idx_R,196,196.0
2,197.0,-0.5135568380355835,0,0.001,,0.3037809314126948,0.005,0.4005902392255316,0,,"17, 197",VVC,Ventral_Visual_Complex,Ventral_Stream_Visual,4.0,163.0,"2487, 2753",idx_R,197,197.0
2,198.0,-2.0587127208709717,0,0.001,,0.019760883443957305,0.005,0.07770972883249519,0,,"18, 198",FST,Area_FST,MT + _Complex,5.0,157.0,"1324, 1683",idx_R,198,198.0
2,199.0,-0.6313149929046631,0,0.001,,0.26391729283605503,0.005,0.3717311154755163,0,,"19, 199",LO1,Area_Lateral_Occipital_1,MT + _Complex,5.0,20.0,"619, 909",idx_R,199,199.0
2,200.0,-1.6099326610565186,0,0.001,,0.05370627891318755,0.005,0.14321674376850013,0,,"20, 200",LO2,Area_Lateral_Occipital_2,MT + _Complex,5.0,21.0,"1179, 1062",idx_R,200,200.0
2,201.0,-0.6604211330413818,0,0.001,,0.25449180710307456,0.005,0.36646820222842735,0,,"21, 201",LO3,Area_Lateral_Occipital_3,MT + _Complex,5.0,159.0,"438, 915",idx_R,201,201.0
2,202.0,-1.214495301246643,0,0.001,,0.11227932151775427,0.005,0.22708177385613224,0,,"22, 202",MST,Medial_Superior_Temporal_Area,MT + _Complex,5.0,2.0,"794, 1036",idx_R,202,202.0
2,203.0,-0.9313472509384155,0,0.001,,0.17583698369887335,0.005,0.2920263008166783,0,,"23, 203",MT,Middle_Temporal_Area,MT + _Complex,5.0,23.0,"620, 1005",idx_R,203,203.0
2,204.0,-0.05191292613744736,0,0.001,,0.47929903729821066,0.005,0.4874227497947905,0,,"24, 204",PH,Area_PH,MT + _Complex,5.0,138.0,"3453, 3205",idx_R,204,204.0
2,205.0,-0.6660357713699341,0,0.001,,0.2526941181669031,0.005,0.366249540934948,0,,"25, 205",V3CD,Area_V3CD,MT + _Complex,5.0,158.0,"876, 1222",idx_R,205,205.0
2,206.0,-0.9431222081184387,0,0.001,,0.17280919879118534,0.005,0.289354937510822,0,,"26, 206",V4t,Area_V4t,MT + _Complex,5.0,156.0,"1037, 1249",idx_R,206,206.0
2,207.0,-1.2676441669464111,0,0.001,,0.1024625259000771,0.005,0.21697946661192796,0,,"27, 207",1,Area_1,SomaSens_Motor,6.0,51.0,"6590, 5925",idx_R,207,207.0
2,208.0,0.05938445404171944,0,0.001,,0.4763229475417665,0.005,0.48576844508508765,0,,"28, 208",2,Area_2,SomaSens_Motor,6.0,52.0,"4278, 4727",idx_R,208,208.0
2,209.0,-0.7236360311508179,0,0.001,,0.23464460739599502,0.005,0.34905809364693474,0,,"29, 209",3a,Area_3a,SomaSens_Motor,6.0,53.0,"2247, 2286",idx_R,209,209.0
2,210.0,-1.4908849000930786,0,0.001,,0.06799585821722112,0.005,0.16766102026164112,0,,"30, 210",3b,Primary_Sensory_Cortex,SomaSens_Motor,6.0,9.0,"5451, 4350",idx_R,210,210.0
2,211.0,-1.2306599617004395,0,0.001,,0.10922503436955389,0.005,0.22596066245026333,0,,"31, 211",4,Primary_Motor_Cortex,SomaSens_Motor,6.0,8.0,"10,776, 10,254",idx_R,211,211.0
2,212.0,0.4800094664096832,0,0.001,,0.3156103309072985,0.005,0.4029068054135726,0,,"32, 212",23c,Area_23c,ParaCentral_MidCing,7.0,38.0,"2259, 2498",idx_R,212,212.0
2,213.0,-0.2907409965991974,0,0.001,,0.3856247072831565,0.005,0.44246137120442935,0,,"33, 213",24dd,Dorsal_Area_24d,ParaCentral_MidCing,7.0,40.0,"2665, 2820",idx_R,213,213.0
2,214.0,1.6369389295578003,0,0.001,,0.050821615337316065,0.005,0.14073678093410602,0,,"34, 214",24dv,Ventral_Area_24d,ParaCentral_MidCing,7.0,41.0,"1076, 1349",idx_R,214,214.0
2,215.0,1.8144210577011108,0,0.001,,0.03480646310879473,0.005,0.10991514665935179,0,,"35, 215",5L,Area_5L,ParaCentral_MidCing,7.0,39.0,"2249, 2327",idx_R,215,215.0
2,216.0,0.9532962441444397,0,0.001,,0.17021999697086415,0.005,0.28769576952822107,0,,"36, 216",5 m,Area_5m,ParaCentral_MidCing,7.0,36.0,"1483, 2079",idx_R,216,216.0
2,217.0,-1.0090053081512451,0,0.001,,0.15648604423871892,0.005,0.27214964215429377,0,,"37, 217",5mv,Area_5m_ventral,ParaCentral_MidCing,7.0,37.0,"1651, 1996",idx_R,217,217.0
2,218.0,-2.641054153442383,0,0.001,,0.004132425382822795,0.005,0.029753462756324123,0,,"38, 218",6ma,Area_6m_anterior,ParaCentral_MidCing,7.0,44.0,"3941, 4251",idx_R,218,218.0
2,219.0,-2.094860553741455,0,0.001,,0.01809169515544057,0.005,0.07537036127297045,0,,"39, 219",6mp,Area_6mp,ParaCentral_MidCing,7.0,55.0,"3701, 3105",idx_R,219,219.0
2,220.0,-0.7923640012741089,0,0.001,,0.21407423168392575,0.005,0.3331466788223425,0,,"40, 220",SCEF,Supplementary_and_Cingulate_Eye_Field,ParaCentral_MidCing,7.0,43.0,"3500, 3371",idx_R,220,220.0
2,221.0,-2.372920274734497,0,0.001,,0.008824036382265622,0.005,0.0474127328002332,0,,"41, 221",55b,Area_55b,Premotor,8.0,12.0,"2422, 1537",idx_R,221,221.0
2,222.0,-0.6116609573364258,0,0.001,,0.2703810491818682,0.005,0.377275882579351,0,,"42, 222",6a,Area_6_anterior,Premotor,8.0,96.0,"4233, 3752",idx_R,222,222.0
2,223.0,-1.1723079681396484,0,0.001,,0.12053671683001227,0.005,0.23490398512147498,0,,"43, 223",6d,Dorsal_area_6,Premotor,8.0,54.0,"2916, 2909",idx_R,223,223.0
2,224.0,-1.210425615310669,0,0.001,,0.11305780885035016,0.005,0.22737883344204501,0,,"44, 224",6r,Rostral_Area_6,Premotor,8.0,78.0,"3029, 3981",idx_R,224,224.0
2,225.0,-2.5644443035125732,0,0.001,,0.005167058178862434,0.005,0.032226425277209855,0,,"45, 225",6v,Ventral_Area_6,Premotor,8.0,56.0,"2075, 2516",idx_R,225,225.0
2,226.0,-2.0008175373077393,0,0.001,,0.022706028389818826,0.005,0.0852182818241733,0,,"46, 226",FEF,Frontal_Eye_Fields,Premotor,8.0,10.0,"1787, 1889",idx_R,226,226.0
2,227.0,-2.7695112228393555,0,0.001,,0.0028070235067129577,0.005,0.0241245706141145,0,,"47, 227",PEF,Premotor_Eye_Field,Premotor,8.0,11.0,"1006, 1258",idx_R,227,227.0
2,228.0,-0.9287856817245483,0,0.001,,0.17650008312162457,0.005,0.2920263008166783,0,,"48, 228",43,Area_43,Posterior_Opercular,9.0,99.0,"1889, 1678",idx_R,228,228.0
2,229.0,-1.0208975076675415,0,0.001,,0.15365150004382316,0.005,0.2711497059596879,0,,"49, 229",FOP1,Frontal_Opercular_Area_1,Posterior_Opercular,9.0,113.0,"879, 932",idx_R,229,229.0
2,230.0,-0.3815653920173645,0,0.001,,0.35139187926281246,0.005,0.4245002568275587,0,,"50, 230",OP1,Area_OP1-SII,Posterior_Opercular,9.0,101.0,"1275, 1072",idx_R,230,230.0
2,231.0,-0.16739152371883392,0,0.001,,0.4335309970872391,0.005,0.46367645853712075,0,,"51, 231",OP2-3,Area_OP2-3-VS,Posterior_Opercular,9.0,102.0,"943, 792",idx_R,231,231.0
2,232.0,-0.01474006101489067,0,0.001,,0.4941197793782341,0.005,0.4954961575937723,0,,"52, 232",OP4,Area_OP4-PV,Posterior_Opercular,9.0,100.0,"2332, 2409",idx_R,232,232.0
2,233.0,-2.094564437866211,0,0.001,,0.0181048646364411,0.005,0.07537036127297045,0,,"53, 233",52,Area_52,Early_Auditory,10.0,103.0,"725, 580",idx_R,233,233.0
2,234.0,-0.10178754478693008,0,0.001,,0.4594626560595726,0.005,0.47667595441338945,0,,"54, 234",A1,Primary_Auditory_Cortex,Early_Auditory,10.0,24.0,"1023, 796",idx_R,234,234.0
2,235.0,-1.0122864246368408,0,0.001,,0.1557005618961838,0.005,0.27214964215429377,0,,"55, 235",LBelt,Lateral_Belt_Complex,Early_Auditory,10.0,174.0,"820, 901",idx_R,235,235.0
2,236.0,1.6104438304901123,0,0.001,,0.053650499241376076,0.005,0.14321674376850013,0,,"56, 236",MBelt,Medial_Belt_Complex,Early_Auditory,10.0,173.0,"1242, 1236",idx_R,236,236.0
2,237.0,-0.6300157904624939,0,0.001,,0.26434212656036715,0.005,0.3717311154755163,0,,"57, 237",PBelt,ParaBelt_Complex,Early_Auditory,10.0,124.0,"1719, 1439",idx_R,237,237.0
2,238.0,0.19663813710212708,0,0.001,,0.42205536206795724,0.005,0.46367645853712075,0,,"58, 238",PFcm,Area_PFcm,Early_Auditory,10.0,105.0,"1486, 1485",idx_R,238,238.0
2,239.0,-0.6160144805908203,0,0.001,,0.26894248134228604,0.005,0.3767287676389999,0,,"59, 239",RI,RetroInsular_Cortex,Early_Auditory,10.0,104.0,"1149, 1334",idx_R,239,239.0
2,240.0,-1.6369569301605225,0,0.001,,0.0508197345933105,0.005,0.14073678093410602,0,,"60, 240",A4,Auditory_4_Complex,Auditory_Association,11.0,175.0,"3514, 3610",idx_R,240,240.0
2,241.0,-2.8004345893859863,0,0.001,,0.002551692451409168,0.005,0.023554084166853853,0,,"61, 241",A5,Auditory_5_Complex,Auditory_Association,11.0,125.0,"3346, 3881",idx_R,241,241.0
2,242.0,-1.3241758346557617,0,0.001,,0.09272232724881296,0.005,0.20108456511790762,0,,"62, 242",STGa,Area_STGa,Auditory_Association,11.0,123.0,"2509, 2187",idx_R,242,242.0
2,243.0,-0.6081535220146179,0,0.001,,0.27154282860733714,0.005,0.37743404748510184,0,,"63, 243",STSda,Area_STSd_anterior,Auditory_Association,11.0,128.0,"1944, 2389",idx_R,243,243.0
2,244.0,-2.2409281730651855,0,0.001,,0.012515363994763253,0.005,0.06108421269611828,0,,"64, 244",STSdp,Area_STSd_posterior,Auditory_Association,11.0,129.0,"1994, 2605",idx_R,244,244.0
2,245.0,-0.5063092708587646,0,0.001,,0.3063197778974108,0.005,0.4019562244087377,0,,"65, 245",STSva,Area_STSv_anterior,Auditory_Association,11.0,176.0,"1694, 1900",idx_R,245,245.0
2,246.0,-2.4566564559936523,0,0.001,,0.007011836120494983,0.005,0.038246378839063545,0,,"66, 246",STSvp,Area_STSv_posterior,Auditory_Association,11.0,130.0,"2898, 2515",idx_R,246,246.0
2,247.0,-1.5912318229675293,0,0.001,,0.055778706793324764,0.005,0.14657178427443004,0,,"67, 247",TA2,Area_TA2,Auditory_Association,11.0,107.0,"1518, 1726",idx_R,247,247.0
2,248.0,-1.048935055732727,0,0.001,,0.14710400492164527,0.005,0.2648046115854121,0,,"68, 248",AAIC,Anterior_Agranular_Insula_Complex,Insula_FrontalOperc,12.0,112.0,"1859, 1691",idx_R,248,248.0
2,249.0,-0.5384085774421692,0,0.001,,0.2951475029869502,0.005,0.39329503860134846,0,,"69, 249",AVI,Anterior_Ventral_Insular_Area,Insula_FrontalOperc,12.0,111.0,"1446, 1792",idx_R,249,249.0
2,250.0,-0.12289592623710632,0,0.001,,0.4510947557827631,0.005,0.47335723408584246,0,,"70, 250",FOP2,Frontal_Opercular_Area_2,Insula_FrontalOperc,12.0,115.0,"750, 720",idx_R,250,250.0
2,251.0,0.5515360236167908,0,0.001,,0.29063313958317616,0.005,0.39040272481322175,0,,"71, 251",FOP3,Frontal_Opercular_Area_3,Insula_FrontalOperc,12.0,114.0,"754, 614",idx_R,251,251.0
2,252.0,-0.8508768677711487,0,0.001,,0.19741887798408475,0.005,0.31587020477453565,0,,"72, 252",FOP4,Frontal_Opercular_Area_4,Insula_FrontalOperc,12.0,108.0,"2522, 1678",idx_R,252,252.0
2,253.0,-2.831125259399414,0,0.001,,0.002319227596875108,0.005,0.022099571133595293,0,,"73, 253",FOP5,Area_Frontal_Opercular_5,Insula_FrontalOperc,12.0,169.0,"1297, 1365",idx_R,253,253.0
2,254.0,-3.2256124019622803,1,0.001,-,0.0006285173262230519,0.005,0.009427759893345778,0,,"74, 254",Ig,Insular_Granular_Complex,Insula_FrontalOperc,12.0,168.0,"841, 1077",idx_R,254,254.0
2,255.0,-0.18543048202991486,0,0.001,,0.42644570088635697,0.005,0.46367645853712075,0,,"75, 255",MI,Middle_Insular_Area,Insula_FrontalOperc,12.0,109.0,"2102, 1960",idx_R,255,255.0
2,256.0,-1.297222375869751,0,0.001,,0.09727734193610998,0.005,0.20721800649112188,0,,"76, 256",PI,Para-Insular_Area,Insula_FrontalOperc,12.0,178.0,"1033, 1058",idx_R,256,256.0
2,257.0,-0.44828328490257263,0,0.001,,0.32697438119019673,0.005,0.4123938147047947,0,,"77, 257",Pir,Pirform_Cortex,Insula_FrontalOperc,12.0,110.0,"2287, 1856",idx_R,257,257.0
2,258.0,-1.6631720066070557,0,0.001,,0.04813900471379666,0.005,0.13814208969416608,0,,"78, 258",PoI1,Area_Posterior_Insular_1,Insula_FrontalOperc,12.0,167.0,"1811, 1835",idx_R,258,258.0
2,259.0,-0.48998987674713135,0,0.001,,0.31207053115836847,0.005,0.4029068054135726,0,,"79, 259",PoI2,Posterior_Insular_Area_2,Insula_FrontalOperc,12.0,106.0,"2747, 2675",idx_R,259,259.0
2,260.0,0.17648492753505707,0,0.001,,0.42995649445774003,0.005,0.46367645853712075,0,,"80, 260",H,Hippocampus,Medial_Temporal,13.0,120.0,"4283, 3626",idx_R,260,260.0
2,261.0,1.0476078987121582,0,0.001,,0.14740964838918352,0.005,0.2648046115854121,0,,"81, 261",PreS,PreSubiculum,Medial_Temporal,13.0,119.0,"1817, 1558",idx_R,261,261.0
2,262.0,0.5042299628257751,0,0.001,,0.3070498936455635,0.005,0.4019562244087377,0,,"82, 262",EC,Entorhinal_Cortex,Medial_Temporal,13.0,118.0,"2127, 2110",idx_R,262,262.0
2,263.0,-1.9283745288848877,0,0.001,,0.02690427883357219,0.005,0.09495627823613714,0,,"83, 263",PeEc,Perirhinal_Ectorhinal_Cortex,Medial_Temporal,13.0,122.0,"4826, 4755",idx_R,263,263.0
2,264.0,-0.3375411033630371,0,0.001,,0.36785451612267495,0.005,0.43418893706282946,0,,"84, 264",TF,Area_TF,Medial_Temporal,13.0,135.0,"3986, 4752",idx_R,264,264.0
2,265.0,1.2226847410202026,0,0.001,,0.11072439623625369,0.005,0.22596066245026333,0,,"85, 265",PHA1,ParaHippocampal_Area_1,Medial_Temporal,13.0,126.0,"1281, 1168",idx_R,265,265.0
2,266.0,1.6283892393112183,0,0.001,,0.05172118893094047,0.005,0.14213456500105778,0,,"86, 266",PHA2,ParaHippocampal_Area_2,Medial_Temporal,13.0,155.0,"783, 771",idx_R,266,266.0
2,267.0,0.7511429190635681,0,0.001,,0.22628332420951597,0.005,0.3422772971236376,0,,"87, 267",PHA3,ParaHippocampal_Area_3,Medial_Temporal,13.0,127.0,"2023, 1122",idx_R,267,267.0
2,268.0,-1.984623908996582,0,0.001,,0.0235931651180098,0.005,0.08579332770185381,0,,"88, 268",PHT,Area_PHT,Lateral_Temporal,14.0,137.0,"4182, 3410",idx_R,268,268.0
2,269.0,-1.009271264076233,0,0.001,,0.15642227875565662,0.005,0.27214964215429377,0,,"89, 269",TE1a,Area_TE1_anterior,Lateral_Temporal,14.0,132.0,"5227, 4180",idx_R,269,269.0
2,270.0,-3.959132194519043,1,0.001,-,3.7611296861087906e-05,0.005,0.002086227202706538,1,-,"90, 270",TE1m,Area_TE1_Middle,Lateral_Temporal,14.0,177.0,"3339, 3429",idx_R,270,270.0
2,271.0,-0.566125214099884,0,0.001,,0.2856543320350712,0.005,0.3890440464526859,0,,"91, 271",TE1p,Area_TE1_posterior,Lateral_Temporal,14.0,133.0,"7116, 6010",idx_R,271,271.0
2,272.0,-2.562937021255493,0,0.001,,0.005189543676827585,0.005,0.032226425277209855,0,,"92, 272",TE2a,Area_TE2_anterior,Lateral_Temporal,14.0,134.0,"5691, 5753",idx_R,272,272.0
2,273.0,-0.28995680809020996,0,0.001,,0.38592464043941893,0.005,0.44246137120442935,0,,"93, 273",TE2p,Area_TE2_posterior,Lateral_Temporal,14.0,136.0,"4115, 3040",idx_R,273,273.0
2,274.0,-1.3069359064102173,0,0.001,,0.09561724006204875,0.005,0.2048940858472473,0,,"94, 274",TGd,Area_TG_dorsal,Lateral_Temporal,14.0,131.0,"10,192, 10,269",idx_R,274,274.0
2,275.0,-1.4523646831512451,0,0.001,,0.07320011541114667,0.005,0.17439270976368582,0,,"95, 275",TGv,Area_TG_Ventral,Lateral_Temporal,14.0,172.0,"3694, 4515",idx_R,275,275.0
2,276.0,-2.829267740249634,0,0.001,,0.00233273250854617,0.005,0.022099571133595293,0,,"96, 276",PSL,PeriSylvian_Language_Area,TPO,15.0,25.0,"2154, 2759",idx_R,276,276.0
2,277.0,-2.483088970184326,0,0.001,,0.006512427592759698,0.005,0.036265720294153675,0,,"97, 277",STV,Superior_Temporal_Visual_Area,TPO,15.0,28.0,"2322, 2294",idx_R,277,277.0
2,278.0,-1.8239130973815918,0,0.001,,0.034082605640267834,0.005,0.10948958416913139,0,,"98, 278",TPOJ1,Area_TemporoParietoOccipital_Junction_1,TPO,15.0,139.0,"2102, 3938",idx_R,278,278.0
2,279.0,-1.2435954809188843,0,0.001,,0.10682424011677044,0.005,0.22358561884905442,0,,"99, 279",TPOJ2,Area_TemporoParietoOccipital_Junction_2,TPO,15.0,140.0,"1930, 2068",idx_R,279,279.0
2,280.0,-0.48224273324012756,0,0.001,,0.3148167615967996,0.005,0.4029068054135726,0,,"100, 280",TPOJ3,Area_TemporoParietoOccipital_Junction_3,TPO,15.0,141.0,"1290, 1277",idx_R,280,280.0
2,281.0,0.3838154971599579,0,0.001,,0.35055760055989726,0.005,0.4245002568275587,0,,"101, 281",7AL,Lateral_Area_7A,Superior_Parietal,16.0,42.0,"2134, 2030",idx_R,281,281.0
2,282.0,1.6385104656219482,0,0.001,,0.0506576263373508,0.005,0.14073678093410602,0,,"102, 282",7Am,Medial_Area_7A,Superior_Parietal,16.0,45.0,"2995, 2379",idx_R,282,282.0
2,283.0,-1.3709313869476318,0,0.001,,0.0851981729587395,0.005,0.1929015236801649,0,,"103, 283",7PC,Area_7PC,Superior_Parietal,16.0,47.0,"3151, 3415",idx_R,283,283.0
2,284.0,3.4740376472473145,1,0.001,+,0.00025634454731566245,0.005,0.004614201851681924,1,+,"104, 284",7Pl,Lateral_Area_7P,Superior_Parietal,16.0,46.0,"1695, 1363",idx_R,284,284.0
2,285.0,2.9706225395202637,0,0.001,,0.0014859840637373059,0.005,0.01621073524077061,0,,"105, 285",7Pm,Medial_Area_7P,Superior_Parietal,16.0,29.0,"1601, 1308",idx_R,285,285.0
2,286.0,-1.648200511932373,0,0.001,,0.0496557659148681,0.005,0.14073678093410602,0,,"106, 286",AIP,Anterior_IntraParietal_Area,Superior_Parietal,16.0,117.0,"1999, 2542",idx_R,286,286.0
2,287.0,1.0460463762283325,0,0.001,,0.14776981060308875,0.005,0.2648046115854121,0,,"107, 287",LIPd,Area_Lateral_IntraParietal_dorsal,Superior_Parietal,16.0,95.0,"1008, 869",idx_R,287,287.0
2,288.0,1.748966097831726,0,0.001,,0.04014843990175407,0.005,0.12353366123616637,0,,"108, 288",LIPv,Area_Lateral_IntraParietal_ventral,Superior_Parietal,16.0,48.0,"1681, 1783",idx_R,288,288.0
2,289.0,2.273359775543213,0,0.001,,0.011502254029303022,0.005,0.060011760152885334,0,,"109, 289",MIP,Medial_IntraParietal_Area,Superior_Parietal,16.0,50.0,"1872, 2403",idx_R,289,289.0
2,290.0,2.92763090133667,0,0.001,,0.0017077762471067188,0.005,0.01756569854166911,0,,"110, 290",VIP,Ventral_IntraParietal_Complex,Superior_Parietal,16.0,49.0,"1890, 1577",idx_R,290,290.0
2,291.0,1.8343565464019775,0,0.001,,0.03330054271754684,0.005,0.10898359434833511,0,,"111, 291",IP0,Area_IntraParietal_0,Inferior_Parietal,17.0,146.0,"1203, 1239",idx_R,291,291.0
2,292.0,2.887814521789551,0,0.001,,0.0019396427491232546,0.005,0.019396427491232545,0,,"112, 292",IP1,Area_IntraParietal_1,Inferior_Parietal,17.0,145.0,"1692, 1632",idx_R,292,292.0
2,293.0,-0.7586991190910339,0,0.001,,0.2240162819941714,0.005,0.3402778967000072,0,,"113, 293",IP2,Area_IntraParietal_2,Inferior_Parietal,17.0,144.0,"2102, 1861",idx_R,293,293.0
2,294.0,-2.2396693229675293,0,0.001,,0.012556199276424313,0.005,0.06108421269611828,0,,"114, 294",PF,Area_PF_Complex,Inferior_Parietal,17.0,148.0,"5457, 5251",idx_R,294,294.0
2,295.0,-1.0210480690002441,0,0.001,,0.1536158325664005,0.005,0.2711497059596879,0,,"115, 295",PFm,Area_PFm_Complex,Inferior_Parietal,17.0,149.0,"8220, 8141",idx_R,295,295.0
2,296.0,0.8667981028556824,0,0.001,,0.1930263208844541,0.005,0.3116119978403743,0,,"116, 296",PFop,Area_PF_Opercular,Inferior_Parietal,17.0,147.0,"1797, 1783",idx_R,296,296.0
2,297.0,-1.9199199676513672,0,0.001,,0.02743400466014232,0.005,0.09496386228510803,0,,"117, 297",PFt,Area_PFt,Inferior_Parietal,17.0,116.0,"1983, 2039",idx_R,297,297.0
2,298.0,0.07682784646749496,0,0.001,,0.4693802489625394,0.005,0.4814156399615788,0,,"118, 298",PGi,Area_PGi,Inferior_Parietal,17.0,150.0,"4791, 4970",idx_R,298,298.0
2,299.0,1.661069631576538,0,0.001,,0.048349731392958124,0.005,0.13814208969416608,0,,"119, 299",PGp,Area_PGp,Inferior_Parietal,17.0,143.0,"2501, 3740",idx_R,299,299.0
2,300.0,0.9921713471412659,0,0.001,,0.1605569735871954,0.005,0.2752405261494778,0,,"120, 300",PGs,Area_PGs,Inferior_Parietal,17.0,151.0,"4552, 3366",idx_R,300,300.0
2,301.0,-0.48464104533195496,0,0.001,,0.3139654963853711,0.005,0.4029068054135726,0,,"121, 301",23d,Area_23d,Posterior_Cingulate,18.0,32.0,"1261, 1513",idx_R,301,301.0
2,302.0,2.068054437637329,0,0.001,,0.019317452210112534,0.005,0.07737029170523244,0,,"122, 302",31a,Area_31a,Posterior_Cingulate,18.0,162.0,"1260, 1116",idx_R,302,302.0
2,303.0,1.0714170932769775,0,0.001,,0.14199096521503968,0.005,0.26348838905883654,0,,"123, 303",31pd,Area_31pd,Posterior_Cingulate,18.0,161.0,"1428, 864",idx_R,303,303.0
2,304.0,1.3458824157714844,0,0.001,,0.08917022030128546,0.005,0.1993868280028743,0,,"124, 304",31pv,Area_31p_ventral,Posterior_Cingulate,18.0,35.0,"950, 1022",idx_R,304,304.0
2,305.0,2.497952938079834,0,0.001,,0.006245638788518592,0.005,0.035689364505820526,0,,"125, 305",7 m,Area_7m,Posterior_Cingulate,18.0,30.0,"2128, 2067",idx_R,305,305.0
2,306.0,2.056666612625122,0,0.001,,0.019859152923859882,0.005,0.07770972883249519,0,,"126, 306",d23ab,Area_dorsal_23_a + b,Posterior_Cingulate,18.0,34.0,"1607, 1106",idx_R,306,306.0
2,307.0,2.7686407566070557,0,0.001,,0.0028145332383133583,0.005,0.0241245706141145,0,,"127, 307",DVT,Dorsal_Transitional_Visual_Area,Posterior_Cingulate,18.0,142.0,"1806, 2176",idx_R,307,307.0
2,308.0,2.1324212551116943,0,0.001,,0.01648611579462805,0.005,0.0723780693422695,0,,"128, 308",PCV,PreCuneus_Visual_Area,Posterior_Cingulate,18.0,27.0,"2245, 2416",idx_R,308,308.0
2,309.0,2.1887948513031006,0,0.001,,0.014305877064314713,0.005,0.06609116403558625,0,,"129, 309",POS1,Parieto-Occipital_Sulcus_Area_1,Posterior_Cingulate,18.0,31.0,"2531, 2727",idx_R,309,309.0
2,310.0,4.58514928817749,1,0.001,+,2.2683108597231244e-06,0.005,0.00022234949003302246,1,+,"130, 310",POS2,Parieto-Occipital_Sulcus_Area_2,Posterior_Cingulate,18.0,15.0,"3261, 3093",idx_R,310,310.0
2,311.0,0.6778052449226379,0,0.001,,0.2489475925489381,0.005,0.36431355007161675,0,,"131, 311",ProS,ProStriate_Area,Posterior_Cingulate,18.0,121.0,"1222, 1055",idx_R,311,311.0
2,312.0,3.5800373554229736,1,0.001,+,0.00017177254598395078,0.005,0.0032546377133801196,1,+,"132, 312",RSC,RetroSplenial_Complex,Posterior_Cingulate,18.0,14.0,"2830, 3067",idx_R,312,312.0
2,313.0,2.6753830909729004,0,0.001,,0.0037321950907649513,0.005,0.028587026227135798,0,,"133, 313",v23ab,Area_ventral_23_a + b,Posterior_Cingulate,18.0,33.0,"916, 1089",idx_R,313,313.0
2,314.0,0.60398268699646,0,0.001,,0.2729275763592761,0.005,0.37789972111284387,0,,"134, 314",10r,Area_10r,AntCing_MedPFC,19.0,65.0,"1589, 1053",idx_R,314,314.0
2,315.0,1.7411229610443115,0,0.001,,0.040831013691258994,0.005,0.1241072993722745,0,,"135, 315",10v,Area_10v,AntCing_MedPFC,19.0,88.0,"3906, 2667",idx_R,315,315.0
2,316.0,-0.5673285722732544,0,0.001,,0.2852454841591905,0.005,0.3890440464526859,0,,"136, 316",25,Area_25,AntCing_MedPFC,19.0,164.0,"1911, 2135",idx_R,316,316.0
2,317.0,0.9243455529212952,0,0.001,,0.1776532163855194,0.005,0.29203268446934694,0,,"137, 317",33pr,Area_33_prime,AntCing_MedPFC,19.0,58.0,"1354, 1316",idx_R,317,317.0
2,318.0,-3.713489294052124,1,0.001,-,0.00010221055824891599,0.005,0.0026282714978292684,1,-,"138, 318",8BM,Area_8BM,AntCing_MedPFC,19.0,63.0,"3122, 3436",idx_R,318,318.0
2,319.0,-2.0943472385406494,0,0.001,,0.018114529570860478,0.005,0.07537036127297045,0,,"139, 319",9 m,Area_9_Middle,AntCing_MedPFC,19.0,69.0,"6338, 5881",idx_R,319,319.0
2,320.0,-1.1932244300842285,0,0.001,,0.11639074466798949,0.005,0.23149540375953712,0,,"140, 320",a24,Area_a24,AntCing_MedPFC,19.0,61.0,"2085, 2152",idx_R,320,320.0
2,321.0,-0.12998127937316895,0,0.001,,0.4482906189614932,0.005,0.4718848620647296,0,,"141, 321",a24pr,Anterior_24_prime,AntCing_MedPFC,19.0,59.0,"1095, 1474",idx_R,321,321.0
2,322.0,-1.7341701984405518,0,0.001,,0.04144394451004353,0.005,0.1243318335301306,0,,"142, 322",a32pr,Area_anterior_32_prime,AntCing_MedPFC,19.0,179.0,"1759, 1118",idx_R,322,322.0
2,323.0,-2.750808000564575,0,0.001,,0.0029724237893679274,0.005,0.024319831003919407,0,,"143, 323",d32,Area_dorsal_32,AntCing_MedPFC,19.0,62.0,"2228, 2374",idx_R,323,323.0
2,324.0,-0.8116181492805481,0,0.001,,0.2085053869090575,0.005,0.3263562577706987,0,,"144, 324",p24,Area_posterior_24,AntCing_MedPFC,19.0,180.0,"2394, 2442",idx_R,324,324.0
2,325.0,1.0288442373275757,0,0.001,,0.15177643766575727,0.005,0.2704926611864981,0,,"145, 325",p24pr,Area_Posterior_24_prime,AntCing_MedPFC,19.0,57.0,"1422, 1724",idx_R,325,325.0
2,326.0,-0.43270447850227356,0,0.001,,0.33261473791789825,0.005,0.4123938147047947,0,,"146, 326",p32,Area_p32,AntCing_MedPFC,19.0,64.0,"1180, 1765",idx_R,326,326.0
2,327.0,-0.015864836052060127,0,0.001,,0.493671111617818,0.005,0.4954961575937723,0,,"147, 327",p32pr,Area_p32_prime,AntCing_MedPFC,19.0,60.0,"1569, 1305",idx_R,327,327.0
2,328.0,-0.9496831297874451,0,0.001,,0.17113664217246388,0.005,0.28789341673872426,0,,"148, 328",pOFC,Posterior_OFC_Complex,AntCing_MedPFC,19.0,166.0,"2486, 2836",idx_R,328,328.0
2,329.0,0.7667911648750305,0,0.001,,0.22160284510389677,0.005,0.33853600208103596,0,,"149, 329",s32,Area_s32,AntCing_MedPFC,19.0,165.0,"604, 1015",idx_R,329,329.0
2,330.0,-0.2940908968448639,0,0.001,,0.3843442233692411,0.005,0.44246137120442935,0,,"150, 330",10d,Area_10d,OrbPolaFrontal,20.0,72.0,"3644, 3096",idx_R,330,330.0
2,331.0,1.2207131385803223,0,0.001,,0.11109732570471281,0.005,0.22596066245026333,0,,"151, 331",10 pp,Polar_10p,OrbPolaFrontal,20.0,90.0,"1997, 2487",idx_R,331,331.0
2,332.0,0.1660655438899994,0,0.001,,0.4340526847972491,0.005,0.46367645853712075,0,,"152, 332",11 l,Area_11l,OrbPolaFrontal,20.0,91.0,"3531, 3793",idx_R,332,332.0
2,333.0,-1.3334203958511353,0,0.001,,0.09119694142459239,0.005,0.20108456511790762,0,,"153, 333",13 l,Area_13l,OrbPolaFrontal,20.0,92.0,"2429, 1757",idx_R,333,333.0
2,334.0,0.2193426489830017,0,0.001,,0.4131915708003269,0.005,0.4630833385263366,0,,"154, 334",47 m,Area_47m,OrbPolaFrontal,20.0,66.0,"799, 781",idx_R,334,334.0
2,335.0,-2.090791940689087,0,0.001,,0.01827335944020271,0.005,0.07537036127297045,0,,"155, 335",47 s,Area_47s,OrbPolaFrontal,20.0,94.0,"2795, 3080",idx_R,335,335.0
2,336.0,2.2339022159576416,0,0.001,,0.012744753867774716,0.005,0.06117481856531863,0,,"156, 336",a10p,Area_anterior_10p,OrbPolaFrontal,20.0,89.0,"1964, 1748",idx_R,336,336.0
2,337.0,-0.08872372657060623,0,0.001,,0.4646507379090212,0.005,0.47929589010672674,0,,"157, 337",OFC,Orbital_Frontal_Complex,OrbPolaFrontal,20.0,93.0,"4560, 5232",idx_R,337,337.0
2,338.0,1.4932148456573486,0,0.001,,0.06769047864073997,0.005,0.16766102026164112,0,,"158, 338",p10p,Area_posterior_10p,OrbPolaFrontal,20.0,170.0,"2116, 2365",idx_R,338,338.0
2,339.0,-3.916144609451294,1,0.001,-,4.4988145220952075e-05,0.005,0.002086227202706538,1,-,"159, 339",44,Area_44,Inferior_Frontal,21.0,74.0,"2435, 2589",idx_R,339,339.0
2,340.0,-4.256302356719971,1,0.001,-,1.0391779796875526e-05,0.005,0.0007482081453750378,1,-,"160, 340",45,Area_45,Inferior_Frontal,21.0,75.0,"3762, 2962",idx_R,340,340.0
2,341.0,-0.8443516492843628,0,0.001,,0.19923646615033702,0.005,0.31736782218637755,0,,"161, 341",47 l,Area_47l_(47_lateral),Inferior_Frontal,21.0,76.0,"2527, 2592",idx_R,341,341.0
2,342.0,-2.758011817932129,0,0.001,,0.002907704772014236,0.005,0.024319831003919407,0,,"162, 342",a47r,Area_anterior_47r,Inferior_Frontal,21.0,77.0,"4167, 3763",idx_R,342,342.0
2,343.0,-0.07742811739444733,0,0.001,,0.4691414867363324,0.005,0.4814156399615788,0,,"163, 343",IFJa,Area_IFJa,Inferior_Frontal,21.0,79.0,"1513, 1405",idx_R,343,343.0
2,344.0,-0.16725125908851624,0,0.001,,0.4335861767301236,0.005,0.46367645853712075,0,,"164, 344",IFJp,Area_IFJp,Inferior_Frontal,21.0,80.0,"960, 740",idx_R,344,344.0
2,345.0,-2.5551249980926514,0,0.001,,0.005307483553948697,0.005,0.032226425277209855,0,,"165, 345",IFSa,Area_IFSa,Inferior_Frontal,21.0,82.0,"2057, 2641",idx_R,345,345.0
2,346.0,0.2548377513885498,0,0.001,,0.3994242081218906,0.005,0.45360477893968654,0,,"166, 346",IFSp,Area_IFSp,Inferior_Frontal,21.0,81.0,"1589, 1730",idx_R,346,346.0
2,347.0,-4.567273139953613,1,0.001,-,2.470549889255805e-06,0.005,0.00022234949003302246,1,-,"167, 347",p47r,Area_posterior_47r,Inferior_Frontal,21.0,171.0,"2133, 1761",idx_R,347,347.0
2,348.0,-0.03692609444260597,0,0.001,,0.48527196678780654,0.005,0.4921067832214376,0,,"168, 348",46,Area_46,Dorsolateral_Prefrontal,22.0,84.0,"4863, 4394",idx_R,348,348.0
2,349.0,1.1173847913742065,0,0.001,,0.13191491753250761,0.005,0.2499440542721197,0,,"169, 349",8Ad,Area_8Ad,Dorsolateral_Prefrontal,22.0,68.0,"3386, 3492",idx_R,349,349.0
2,350.0,-0.34673699736595154,0,0.001,,0.36439445632582,0.005,0.43222448104894434,0,,"170, 350",8Av,Area_8Av,Dorsolateral_Prefrontal,22.0,67.0,"4807, 5902",idx_R,350,350.0
2,351.0,-2.481149196624756,0,0.001,,0.006547977275333302,0.005,0.036265720294153675,0,,"171, 351",8BL,Area_8B_Lateral,Dorsolateral_Prefrontal,22.0,70.0,"3377, 4078",idx_R,351,351.0
2,352.0,-1.456884503364563,0,0.001,,0.07257413219514627,0.005,0.17439270976368582,0,,"172, 352",8C,Area_8C,Dorsolateral_Prefrontal,22.0,73.0,"4085, 3134",idx_R,352,352.0
2,353.0,-2.552135467529297,0,0.001,,0.005353244063926367,0.005,0.032226425277209855,0,,"173, 353",9-46d,Area_9-46d,Dorsolateral_Prefrontal,22.0,86.0,"4534, 4666",idx_R,353,353.0
2,354.0,-2.659015417098999,0,0.001,,0.003918468836882533,0.005,0.029388516276619002,0,,"174, 354",9a,Area_9_anterior,Dorsolateral_Prefrontal,22.0,87.0,"3706, 3048",idx_R,354,354.0
2,355.0,-3.6201634407043457,1,0.001,-,0.0001472084919384581,0.005,0.003123978283465339,1,-,"175, 355",9p,Area_9_Posterior,Dorsolateral_Prefrontal,22.0,71.0,"3426, 2488",idx_R,355,355.0
2,356.0,-1.8826848268508911,0,0.001,,0.029871546455315725,0.005,0.09957182151771908,0,,"176, 356",a9-46v,Area_anterior_9-46v,Dorsolateral_Prefrontal,22.0,85.0,"3314, 2628",idx_R,356,356.0
2,357.0,-0.3639916479587555,0,0.001,,0.3579321230932438,0.005,0.4309550645938722,0,,"177, 357",i6-8,Inferior_6-8_Transitional_Area,Dorsolateral_Prefrontal,22.0,97.0,"1764, 2418",idx_R,357,357.0
2,358.0,0.17790687084197998,0,0.001,,0.42939805738912473,0.005,0.46367645853712075,0,,"178, 358",p9-46v,Area_posterior_9-46v,Dorsolateral_Prefrontal,22.0,83.0,"2871, 4635",idx_R,358,358.0
2,359.0,-0.42523762583732605,0,0.001,,0.3353317290586576,0.005,0.4134226796613587,0,,"179, 359",s6-8,Superior_6-8_Transitional_Area,Dorsolateral_Prefrontal,22.0,98.0,"1336, 2132",idx_R,359,359.0
2,360.0,-5.293574810028076,1,0.001,-,5.997406993531566e-08,0.005,1.079533258835682e-05,1,-,"180, 360",SFL,Superior_Frontal_Language_Area,Dorsolateral_Prefrontal,22.0,26.0,"3873, 3055",idx_R,360,360.0
3,1.0,1.7255805730819702,0,0.001,,0.042211448414973984,0.005,0.15148546699762283,0,,"1, 181",V1,Primary_Visual_Cortex,Primary_Visual,1.0,1.0,"13,812, 13,406",idx_L,1,1.0
3,2.0,0.9679641723632812,0,0.001,,0.16653113156474436,0.005,0.3022831183325072,0,,"2, 182",V2,Second_Visual_Area,Early_Visual,2.0,4.0,"9515, 9420",idx_L,2,2.0
3,3.0,1.8777198791503906,0,0.001,,0.030209747886884037,0.005,0.12219673302559836,0,,"3, 183",V3,Third_Visual_Area,Early_Visual,2.0,5.0,"7106, 7481",idx_L,3,3.0
3,4.0,2.5593488216400146,0,0.001,,0.005243422837463824,0.005,0.04769325478596453,0,,"4, 184",V4,Fourth_Visual_Area,Early_Visual,2.0,6.0,"4782, 4537",idx_L,4,4.0
3,5.0,1.265883445739746,0,0.001,,0.10277740698361926,0.005,0.23536085790558087,0,,"5, 185",IPS1,IntraParietal_Sulcus_Area_1,Dorsal_Stream_Visual,3.0,17.0,"1751, 1750",idx_L,5,5.0
3,6.0,0.4837241470813751,0,0.001,,0.3142908268740281,0.005,0.41905443583203744,0,,"6, 186",V3A,Area_V3A,Dorsal_Stream_Visual,3.0,13.0,"2191, 2212",idx_L,6,6.0
3,7.0,1.9777406454086304,0,0.001,,0.023978986225796826,0.005,0.11067224411906226,0,,"7, 187",V3B,Area_V3B,Dorsal_Stream_Visual,3.0,19.0,"639, 731",idx_L,7,7.0
3,8.0,0.40495091676712036,0,0.001,,0.3427567951998821,0.005,0.4375618662126155,0,,"8, 188",V6,Sixth_Visual_Area,Dorsal_Stream_Visual,3.0,3.0,"1402, 1559",idx_L,8,8.0
3,9.0,1.321089267730713,0,0.001,,0.09323580056131942,0.005,0.22376592134716658,0,,"9, 189",V6A,Area_V6A,Dorsal_Stream_Visual,3.0,152.0,"904, 734",idx_L,9,9.0
3,10.0,1.5903172492980957,0,0.001,,0.05588165620609028,0.005,0.1704864087643432,0,,"10, 190",V7,Seventh_Visual_Area,Dorsal_Stream_Visual,3.0,16.0,"1005, 1041",idx_L,10,10.0
3,11.0,0.13491062819957733,0,0.001,,0.4463412681456014,0.005,0.4795045977901524,0,,"11, 191",FFC,Fusiform_Face_Complex,Ventral_Stream_Visual,4.0,18.0,"3848, 4402",idx_L,11,11.0
3,12.0,2.3627452850341797,0,0.001,,0.009070066338013143,0.005,0.06802549753509858,0,,"12, 192",PIT,Posterior_InferoTemporal_complex,Ventral_Stream_Visual,4.0,22.0,"1392, 1386",idx_L,12,12.0
3,13.0,2.0497045516967773,0,0.001,,0.020196635290992762,0.005,0.09959984527064925,0,,"13, 193",V8,Eighth_Visual_Area,Ventral_Stream_Visual,4.0,7.0,"1361, 1175",idx_L,13,13.0
3,14.0,1.1830061674118042,0,0.001,,0.11840335158101722,0.005,0.2552468656919741,0,,"14, 194",VMV1,VentroMedial_Visual_Area_1,Ventral_Stream_Visual,4.0,153.0,"939, 1219",idx_L,14,14.0
3,15.0,0.43853306770324707,0,0.001,,0.3304999523020656,0.005,0.428290407077992,0,,"15, 195",VMV2,VentroMedial_Visual_Area_2,Ventral_Stream_Visual,4.0,160.0,"639, 923",idx_L,15,15.0
3,16.0,0.730283796787262,0,0.001,,0.2326083652090037,0.005,0.3597923342465438,0,,"16, 196",VMV3,VentroMedial_Visual_Area_3,Ventral_Stream_Visual,4.0,154.0,"941, 1242",idx_L,16,16.0
3,17.0,1.1698880195617676,0,0.001,,0.12102301787776687,0.005,0.25628403785880044,0,,"17, 197",VVC,Ventral_Visual_Complex,Ventral_Stream_Visual,4.0,163.0,"2487, 2753",idx_L,17,17.0
3,18.0,0.906135082244873,0,0.001,,0.18243217922954713,0.005,0.3188135171001794,0,,"18, 198",FST,Area_FST,MT + _Complex,5.0,157.0,"1324, 1683",idx_L,18,18.0
3,19.0,1.6059612035751343,0,0.001,,0.054141217251601696,0.005,0.16978272971081101,0,,"19, 199",LO1,Area_Lateral_Occipital_1,MT + _Complex,5.0,20.0,"619, 909",idx_L,19,19.0
3,20.0,2.6444385051727295,0,0.001,,0.004091328679930522,0.005,0.04463267650833296,0,,"20, 200",LO2,Area_Lateral_Occipital_2,MT + _Complex,5.0,21.0,"1179, 1062",idx_L,20,20.0
3,21.0,0.5683813691139221,0,0.001,,0.28488801919276663,0.005,0.3915588638849822,0,,"21, 201",LO3,Area_Lateral_Occipital_3,MT + _Complex,5.0,159.0,"438, 915",idx_L,21,21.0
3,22.0,1.3464322090148926,0,0.001,,0.0890815846635385,0.005,0.22009974256581966,0,,"22, 202",MST,Medial_Superior_Temporal_Area,MT + _Complex,5.0,2.0,"794, 1036",idx_L,22,22.0
3,23.0,-0.21538123488426208,0,0.001,,0.4147350495451278,0.005,0.46684825941363833,0,,"23, 203",MT,Middle_Temporal_Area,MT + _Complex,5.0,23.0,"620, 1005",idx_L,23,23.0
3,24.0,1.3530230522155762,0,0.001,,0.08802413301591205,0.005,0.22006033253978013,0,,"24, 204",PH,Area_PH,MT + _Complex,5.0,138.0,"3453, 3205",idx_L,24,24.0
3,25.0,0.49807262420654297,0,0.001,,0.30921642756022544,0.005,0.41692102592389946,0,,"25, 205",V3CD,Area_V3CD,MT + _Complex,5.0,158.0,"876, 1222",idx_L,25,25.0
3,26.0,2.9063405990600586,0,0.001,,0.0018284158119426335,0.005,0.029919531468152183,0,,"26, 206",V4t,Area_V4t,MT + _Complex,5.0,156.0,"1037, 1249",idx_L,26,26.0
3,27.0,-1.4589929580688477,0,0.001,,0.07228352294130326,0.005,0.19275606117680869,0,,"27, 207",1,Area_1,SomaSens_Motor,6.0,51.0,"6590, 5925",idx_L,27,27.0
3,28.0,0.03415041044354439,0,0.001,,0.48637860509230196,0.005,0.49884985137671994,0,,"28, 208",2,Area_2,SomaSens_Motor,6.0,52.0,"4278, 4727",idx_L,28,28.0
3,29.0,-1.7337474822998047,0,0.001,,0.04148144881568179,0.005,0.15148546699762283,0,,"29, 209",3a,Area_3a,SomaSens_Motor,6.0,53.0,"2247, 2286",idx_L,29,29.0
3,30.0,-1.4962503910064697,0,0.001,,0.06729420875270477,0.005,0.1863531934690286,0,,"30, 210",3b,Primary_Sensory_Cortex,SomaSens_Motor,6.0,9.0,"5451, 4350",idx_L,30,30.0
3,31.0,-1.5525964498519897,0,0.001,,0.06025978717007174,0.005,0.17928531720021343,0,,"31, 211",4,Primary_Motor_Cortex,SomaSens_Motor,6.0,8.0,"10,776, 10,254",idx_L,31,31.0
3,32.0,-0.4436442255973816,0,0.001,,0.328649912848185,0.005,0.428290407077992,0,,"32, 212",23c,Area_23c,ParaCentral_MidCing,7.0,38.0,"2259, 2498",idx_L,32,32.0
3,33.0,-2.172401189804077,0,0.001,,0.014912707677204087,0.005,0.08658991554505599,0,,"33, 213",24dd,Dorsal_Area_24d,ParaCentral_MidCing,7.0,40.0,"2665, 2820",idx_L,33,33.0
3,34.0,-0.7125632762908936,0,0.001,,0.23805802155525163,0.005,0.3619914645289889,0,,"34, 214",24dv,Ventral_Area_24d,ParaCentral_MidCing,7.0,41.0,"1076, 1349",idx_L,34,34.0
3,35.0,-0.07846477627754211,0,0.001,,0.46872917413357257,0.005,0.4876950944742373,0,,"35, 215",5L,Area_5L,ParaCentral_MidCing,7.0,39.0,"2249, 2327",idx_L,35,35.0
3,36.0,-2.6243200302124023,0,0.001,,0.0043411081476185205,0.005,0.044730797258661074,0,,"36, 216",5 m,Area_5m,ParaCentral_MidCing,7.0,36.0,"1483, 2079",idx_L,36,36.0
3,37.0,-0.2784854769706726,0,0.001,,0.39031985599028374,0.005,0.4562180134951368,0,,"37, 217",5mv,Area_5m_ventral,ParaCentral_MidCing,7.0,37.0,"1651, 1996",idx_L,37,37.0
3,38.0,-0.7294422388076782,0,0.001,,0.23286559410956864,0.005,0.3597923342465438,0,,"38, 218",6ma,Area_6m_anterior,ParaCentral_MidCing,7.0,44.0,"3941, 4251",idx_L,38,38.0
3,39.0,-1.6313667297363281,0,0.001,,0.051406480359061466,0.005,0.16523054595773967,0,,"39, 219",6mp,Area_6mp,ParaCentral_MidCing,7.0,55.0,"3701, 3105",idx_L,39,39.0
3,40.0,-1.9484224319458008,0,0.001,,0.02568221894217226,0.005,0.11556998523977517,0,,"40, 220",SCEF,Supplementary_and_Cingulate_Eye_Field,ParaCentral_MidCing,7.0,43.0,"3500, 3371",idx_L,40,40.0
3,41.0,-1.6854631900787354,0,0.001,,0.04594962048122192,0.005,0.157541555935618,0,,"41, 221",55b,Area_55b,Premotor,8.0,12.0,"2422, 1537",idx_L,41,41.0
3,42.0,-0.38133636116981506,0,0.001,,0.35147683800726126,0.005,0.438772330206913,0,,"42, 222",6a,Area_6_anterior,Premotor,8.0,96.0,"4233, 3752",idx_L,42,42.0
3,43.0,-2.1761748790740967,0,0.001,,0.014771093281825395,0.005,0.08658991554505599,0,,"43, 223",6d,Dorsal_area_6,Premotor,8.0,54.0,"2916, 2909",idx_L,43,43.0
3,44.0,-0.8292675614356995,0,0.001,,0.20347651110013448,0.005,0.3437172602875984,0,,"44, 224",6r,Rostral_Area_6,Premotor,8.0,78.0,"3029, 3981",idx_L,44,44.0
3,45.0,-0.6456058025360107,0,0.001,,0.2592673392694913,0.005,0.3738520786568416,0,,"45, 225",6v,Ventral_Area_6,Premotor,8.0,56.0,"2075, 2516",idx_L,45,45.0
3,46.0,-1.9226552248001099,0,0.001,,0.027261681763318547,0.005,0.11585858946201884,0,,"46, 226",FEF,Frontal_Eye_Fields,Premotor,8.0,10.0,"1787, 1889",idx_L,46,46.0
3,47.0,-2.255434989929199,0,0.001,,0.012053019278546387,0.005,0.07612433228555614,0,,"47, 227",PEF,Premotor_Eye_Field,Premotor,8.0,11.0,"1006, 1258",idx_L,47,47.0
3,48.0,-0.1278293877840042,0,0.001,,0.44914199637788166,0.005,0.4795045977901524,0,,"48, 228",43,Area_43,Posterior_Opercular,9.0,99.0,"1889, 1678",idx_L,48,48.0
3,49.0,-1.1387217044830322,0,0.001,,0.12740962351703755,0.005,0.2606105935575768,0,,"49, 229",FOP1,Frontal_Opercular_Area_1,Posterior_Opercular,9.0,113.0,"879, 932",idx_L,49,49.0
3,50.0,0.3629242479801178,0,0.001,,0.3583307363356456,0.005,0.438772330206913,0,,"50, 230",OP1,Area_OP1-SII,Posterior_Opercular,9.0,101.0,"1275, 1072",idx_L,50,50.0
3,51.0,-1.0267069339752197,0,0.001,,0.1522792416234373,0.005,0.288771884533904,0,,"51, 231",OP2-3,Area_OP2-3-VS,Posterior_Opercular,9.0,102.0,"943, 792",idx_L,51,51.0
3,52.0,-0.31001925468444824,0,0.001,,0.37827315706135123,0.005,0.4509216441790942,0,,"52, 232",OP4,Area_OP4-PV,Posterior_Opercular,9.0,100.0,"2332, 2409",idx_L,52,52.0
3,53.0,-1.3453093767166138,0,0.001,,0.08926267337391575,0.005,0.22009974256581966,0,,"53, 233",52,Area_52,Early_Auditory,10.0,103.0,"725, 580",idx_L,53,53.0
3,54.0,-0.6590153574943542,0,0.001,,0.25494295343998813,0.005,0.373087248936568,0,,"54, 234",A1,Primary_Auditory_Cortex,Early_Auditory,10.0,24.0,"1023, 796",idx_L,54,54.0
3,55.0,1.0387728214263916,0,0.001,,0.14945520215618507,0.005,0.28619081263950336,0,,"55, 235",LBelt,Lateral_Belt_Complex,Early_Auditory,10.0,174.0,"820, 901",idx_L,55,55.0
3,56.0,0.9720712304115295,0,0.001,,0.16550755674670536,0.005,0.3022831183325072,0,,"56, 236",MBelt,Medial_Belt_Complex,Early_Auditory,10.0,173.0,"1242, 1236",idx_L,56,56.0
3,57.0,1.4502657651901245,0,0.001,,0.07349221095806789,0.005,0.19453820547723852,0,,"57, 237",PBelt,ParaBelt_Complex,Early_Auditory,10.0,124.0,"1719, 1439",idx_L,57,57.0
3,58.0,1.262985110282898,0,0.001,,0.10329726541411605,0.005,0.23536085790558087,0,,"58, 238",PFcm,Area_PFcm,Early_Auditory,10.0,105.0,"1486, 1485",idx_L,58,58.0
3,59.0,1.72238290309906,0,0.001,,0.04250008935211085,0.005,0.15148546699762283,0,,"59, 239",RI,RetroInsular_Cortex,Early_Auditory,10.0,104.0,"1149, 1334",idx_L,59,59.0
3,60.0,0.166666641831398,0,0.001,,0.4338161771602774,0.005,0.4788225621352532,0,,"60, 240",A4,Auditory_4_Complex,Auditory_Association,11.0,175.0,"3514, 3610",idx_L,60,60.0
3,61.0,-5.127409934997559,1,0.001,-,1.4687771539068405e-07,0.005,5.287597754064625e-05,1,-,"61, 241",A5,Auditory_5_Complex,Auditory_Association,11.0,125.0,"3346, 3881",idx_L,61,61.0
3,62.0,-3.8949503898620605,1,0.001,-,4.910941512170786e-05,0.005,0.001767938944381483,1,-,"62, 242",STGa,Area_STGa,Auditory_Association,11.0,123.0,"2509, 2187",idx_L,62,62.0
3,63.0,-4.703757286071777,1,0.001,-,1.2770843372149116e-06,0.005,0.00013321095366187493,1,-,"63, 243",STSda,Area_STSd_anterior,Auditory_Association,11.0,128.0,"1944, 2389",idx_L,63,63.0
3,64.0,-3.734772205352783,1,0.001,-,9.394258705987288e-05,0.005,0.0027750142234849633,1,-,"64, 244",STSdp,Area_STSd_posterior,Auditory_Association,11.0,129.0,"1994, 2605",idx_L,64,64.0
3,65.0,-2.4514544010162354,0,0.001,,0.007114010618994898,0.005,0.05449029410293965,0,,"65, 245",STSva,Area_STSv_anterior,Auditory_Association,11.0,176.0,"1694, 1900",idx_L,65,65.0
3,66.0,-2.995311737060547,0,0.001,,0.0013708224295953702,0.005,0.02597347761338596,0,,"66, 246",STSvp,Area_STSv_posterior,Auditory_Association,11.0,130.0,"2898, 2515",idx_L,66,66.0
3,67.0,-0.13059543073177338,0,0.001,,0.44804767875876067,0.005,0.4795045977901524,0,,"67, 247",TA2,Area_TA2,Auditory_Association,11.0,107.0,"1518, 1726",idx_L,67,67.0
3,68.0,-0.9128972291946411,0,0.001,,0.18064829746837174,0.005,0.31723603457860405,0,,"68, 248",AAIC,Anterior_Agranular_Insula_Complex,Insula_FrontalOperc,12.0,112.0,"1859, 1691",idx_L,68,68.0
3,69.0,-0.5280448794364929,0,0.001,,0.29873409343582524,0.005,0.40582744768640405,0,,"69, 249",AVI,Anterior_Ventral_Insular_Area,Insula_FrontalOperc,12.0,111.0,"1446, 1792",idx_L,69,69.0
3,70.0,-1.121345043182373,0,0.001,,0.13107050968185763,0.005,0.2650864240756671,0,,"70, 250",FOP2,Frontal_Opercular_Area_2,Insula_FrontalOperc,12.0,115.0,"750, 720",idx_L,70,70.0
3,71.0,-0.7996425032615662,0,0.001,,0.21195897717735235,0.005,0.3437172602875984,0,,"71, 251",FOP3,Frontal_Opercular_Area_3,Insula_FrontalOperc,12.0,114.0,"754, 614",idx_L,71,71.0
3,72.0,-1.6685189008712769,0,0.001,,0.047606381529229566,0.005,0.16017100327591255,0,,"72, 252",FOP4,Frontal_Opercular_Area_4,Insula_FrontalOperc,12.0,108.0,"2522, 1678",idx_L,72,72.0
3,73.0,-0.9806151390075684,0,0.001,,0.16339128294492733,0.005,0.30164544543678895,0,,"73, 253",FOP5,Area_Frontal_Opercular_5,Insula_FrontalOperc,12.0,169.0,"1297, 1365",idx_L,73,73.0
3,74.0,-0.3840234875679016,0,0.001,,0.3504805195966698,0.005,0.438772330206913,0,,"74, 254",Ig,Insular_Granular_Complex,Insula_FrontalOperc,12.0,168.0,"841, 1077",idx_L,74,74.0
3,75.0,-2.1493935585021973,0,0.001,,0.015801607819149098,0.005,0.09029490182370914,0,,"75, 255",MI,Middle_Insular_Area,Insula_FrontalOperc,12.0,109.0,"2102, 1960",idx_L,75,75.0
3,76.0,-0.42483705282211304,0,0.001,,0.33547773234803585,0.005,0.4313285130189033,0,,"76, 256",PI,Para-Insular_Area,Insula_FrontalOperc,12.0,178.0,"1033, 1058",idx_L,76,76.0
3,77.0,-1.0408189296722412,0,0.001,,0.148979796429567,0.005,0.28619081263950336,0,,"77, 257",Pir,Pirform_Cortex,Insula_FrontalOperc,12.0,110.0,"2287, 1856",idx_L,77,77.0
3,78.0,-1.5825202465057373,0,0.001,,0.05676542701962255,0.005,0.17172734224423628,0,,"78, 258",PoI1,Area_Posterior_Insular_1,Insula_FrontalOperc,12.0,167.0,"1811, 1835",idx_L,78,78.0
3,79.0,0.21784627437591553,0,0.001,,0.41377444427697546,0.005,0.46684825941363833,0,,"79, 259",PoI2,Posterior_Insular_Area_2,Insula_FrontalOperc,12.0,106.0,"2747, 2675",idx_L,79,79.0
3,80.0,-0.40040817856788635,0,0.001,,0.344427950686196,0.005,0.43814156271035537,0,,"80, 260",H,Hippocampus,Medial_Temporal,13.0,120.0,"4283, 3626",idx_L,80,80.0
3,81.0,-0.06122651696205139,0,0.001,,0.4755894059309739,0.005,0.4919890406182489,0,,"81, 261",PreS,PreSubiculum,Medial_Temporal,13.0,119.0,"1817, 1558",idx_L,81,81.0
3,82.0,-1.0685641765594482,0,0.001,,0.14263304893243617,0.005,0.28058960445725145,0,,"82, 262",EC,Entorhinal_Cortex,Medial_Temporal,13.0,118.0,"2127, 2110",idx_L,82,82.0
3,83.0,-1.1568182706832886,0,0.001,,0.12367330776576013,0.005,0.2573548600905991,0,,"83, 263",PeEc,Perirhinal_Ectorhinal_Cortex,Medial_Temporal,13.0,122.0,"4826, 4755",idx_L,83,83.0
3,84.0,-0.24081172049045563,0,0.001,,0.40485052263343535,0.005,0.464159834866359,0,,"84, 264",TF,Area_TF,Medial_Temporal,13.0,135.0,"3986, 4752",idx_L,84,84.0
3,85.0,-0.14874039590358734,0,0.001,,0.44087924222360453,0.005,0.4795045977901524,0,,"85, 265",PHA1,ParaHippocampal_Area_1,Medial_Temporal,13.0,126.0,"1281, 1168",idx_L,85,85.0
3,86.0,0.7584649324417114,0,0.001,,0.2240863493191333,0.005,0.352275483645799,0,,"86, 266",PHA2,ParaHippocampal_Area_2,Medial_Temporal,13.0,155.0,"783, 771",idx_L,86,86.0
3,87.0,0.750251293182373,0,0.001,,0.22655168572467344,0.005,0.35460263852557583,0,,"87, 267",PHA3,ParaHippocampal_Area_3,Medial_Temporal,13.0,127.0,"2023, 1122",idx_L,87,87.0
3,88.0,-0.17753341794013977,0,0.001,,0.4295447091985056,0.005,0.47580337018911395,0,,"88, 268",PHT,Area_PHT,Lateral_Temporal,14.0,137.0,"4182, 3410",idx_L,88,88.0
3,89.0,-3.482896566390991,1,0.001,-,0.0002480099841978325,0.005,0.005733178473810195,0,,"89, 269",TE1a,Area_TE1_anterior,Lateral_Temporal,14.0,132.0,"5227, 4180",idx_L,89,89.0
3,90.0,-1.6862574815750122,0,0.001,,0.04587310833541782,0.005,0.157541555935618,0,,"90, 270",TE1m,Area_TE1_Middle,Lateral_Temporal,14.0,177.0,"3339, 3429",idx_L,90,90.0
3,91.0,0.6445189118385315,0,0.001,,0.2596194990672511,0.005,0.3738520786568416,0,,"91, 271",TE1p,Area_TE1_posterior,Lateral_Temporal,14.0,133.0,"7116, 6010",idx_L,91,91.0
3,92.0,-0.24247820675373077,0,0.001,,0.4042048207810248,0.005,0.464159834866359,0,,"92, 272",TE2a,Area_TE2_anterior,Lateral_Temporal,14.0,134.0,"5691, 5753",idx_L,92,92.0
3,93.0,1.7283419370651245,0,0.001,,0.04196346929677784,0.005,0.15148546699762283,0,,"93, 273",TE2p,Area_TE2_posterior,Lateral_Temporal,14.0,136.0,"4115, 3040",idx_L,93,93.0
3,94.0,-2.785238027572632,0,0.001,,0.002674422112354549,0.005,0.034385427158844205,0,,"94, 274",TGd,Area_TG_dorsal,Lateral_Temporal,14.0,131.0,"10,192, 10,269",idx_L,94,94.0
3,95.0,-2.7895185947418213,0,0.001,,0.002639323257445058,0.005,0.034385427158844205,0,,"95, 275",TGv,Area_TG_Ventral,Lateral_Temporal,14.0,172.0,"3694, 4515",idx_L,95,95.0
3,96.0,-2.0529353618621826,0,0.001,,0.020039423436185068,0.005,0.09959984527064925,0,,"96, 276",PSL,PeriSylvian_Language_Area,TPO,15.0,25.0,"2154, 2759",idx_L,96,96.0
3,97.0,-4.059886455535889,1,0.001,-,2.4548292566623068e-05,0.005,0.0009819317026649227,1,-,"97, 277",STV,Superior_Temporal_Visual_Area,TPO,15.0,28.0,"2322, 2294",idx_L,97,97.0
3,98.0,-4.673559188842773,1,0.001,-,1.480121707354166e-06,0.005,0.00013321095366187493,1,-,"98, 278",TPOJ1,Area_TemporoParietoOccipital_Junction_1,TPO,15.0,139.0,"2102, 3938",idx_L,98,98.0
3,99.0,-1.4967999458312988,0,0.001,,0.06722266020317944,0.005,0.1863531934690286,0,,"99, 279",TPOJ2,Area_TemporoParietoOccipital_Junction_2,TPO,15.0,140.0,"1930, 2068",idx_L,99,99.0
3,100.0,-0.9217696189880371,0,0.001,,0.17832437883770025,0.005,0.31469008030182394,0,,"100, 280",TPOJ3,Area_TemporoParietoOccipital_Junction_3,TPO,15.0,141.0,"1290, 1277",idx_L,100,100.0
3,101.0,-1.3323837518692017,0,0.001,,0.09136705926337108,0.005,0.2222441982081999,0,,"101, 281",7AL,Lateral_Area_7A,Superior_Parietal,16.0,42.0,"2134, 2030",idx_L,101,101.0
3,102.0,0.37164193391799927,0,0.001,,0.35507973152347344,0.005,0.438772330206913,0,,"102, 282",7Am,Medial_Area_7A,Superior_Parietal,16.0,45.0,"2995, 2379",idx_L,102,102.0
3,103.0,-1.101973295211792,0,0.001,,0.13523664079101333,0.005,0.26897895405947403,0,,"103, 283",7PC,Area_7PC,Superior_Parietal,16.0,47.0,"3151, 3415",idx_L,103,103.0
3,104.0,3.4756505489349365,1,0.001,+,0.000254807932169342,0.005,0.005733178473810195,0,,"104, 284",7Pl,Lateral_Area_7P,Superior_Parietal,16.0,46.0,"1695, 1363",idx_L,104,104.0
3,105.0,0.6318991184234619,0,0.001,,0.2637263997311774,0.005,0.3752628612775647,0,,"105, 285",7Pm,Medial_Area_7P,Superior_Parietal,16.0,29.0,"1601, 1308",idx_L,105,105.0
3,106.0,1.8900090456008911,0,0.001,,0.029378375156382964,0.005,0.12219673302559836,0,,"106, 286",AIP,Anterior_IntraParietal_Area,Superior_Parietal,16.0,117.0,"1999, 2542",idx_L,106,106.0
3,107.0,1.8246326446533203,0,0.001,,0.03402824186762134,0.005,0.13461722057520528,0,,"107, 287",LIPd,Area_Lateral_IntraParietal_dorsal,Superior_Parietal,16.0,95.0,"1008, 869",idx_L,107,107.0
3,108.0,0.024753443896770477,0,0.001,,0.4901258130276721,0.005,0.4995621373056586,0,,"108, 288",LIPv,Area_Lateral_IntraParietal_ventral,Superior_Parietal,16.0,48.0,"1681, 1783",idx_L,108,108.0
3,109.0,1.6687813997268677,0,0.001,,0.04758035512598257,0.005,0.16017100327591255,0,,"109, 289",MIP,Medial_IntraParietal_Area,Superior_Parietal,16.0,50.0,"1872, 2403",idx_L,109,109.0
3,110.0,-0.5400915145874023,0,0.001,,0.2945669611183108,0.005,0.40320952852696534,0,,"110, 290",VIP,Ventral_IntraParietal_Complex,Superior_Parietal,16.0,49.0,"1890, 1577",idx_L,110,110.0
3,111.0,1.01200532913208,0,0.001,,0.15576775269494864,0.005,0.2920645363030287,0,,"111, 291",IP0,Area_IntraParietal_0,Inferior_Parietal,17.0,146.0,"1203, 1239",idx_L,111,111.0
3,112.0,1.7424167394638062,0,0.001,,0.040717774453780685,0.005,0.15148546699762283,0,,"112, 292",IP1,Area_IntraParietal_1,Inferior_Parietal,17.0,145.0,"1692, 1632",idx_L,112,112.0
3,113.0,2.5696446895599365,0,0.001,,0.005090143465943541,0.005,0.04769325478596453,0,,"113, 293",IP2,Area_IntraParietal_2,Inferior_Parietal,17.0,144.0,"2102, 1861",idx_L,113,113.0
3,114.0,-1.0533161163330078,0,0.001,,0.1460980674713382,0.005,0.28429894210638784,0,,"114, 294",PF,Area_PF_Complex,Inferior_Parietal,17.0,148.0,"5457, 5251",idx_L,114,114.0
3,115.0,-0.25151753425598145,0,0.001,,0.4007070037229556,0.005,0.46384090463107397,0,,"115, 295",PFm,Area_PFm_Complex,Inferior_Parietal,17.0,149.0,"8220, 8141",idx_L,115,115.0
3,116.0,-0.3325464129447937,0,0.001,,0.3697383496593759,0.005,0.4451699193223255,0,,"116, 296",PFop,Area_PF_Opercular,Inferior_Parietal,17.0,147.0,"1797, 1783",idx_L,116,116.0
3,117.0,1.508319616317749,0,0.001,,0.06573637251853426,0.005,0.1852604535902505,0,,"117, 297",PFt,Area_PFt,Inferior_Parietal,17.0,116.0,"1983, 2039",idx_L,117,117.0
3,118.0,-2.2018837928771973,0,0.001,,0.013836759053079377,0.005,0.08302055431847626,0,,"118, 298",PGi,Area_PGi,Inferior_Parietal,17.0,150.0,"4791, 4970",idx_L,118,118.0
3,119.0,2.514810562133789,0,0.001,,0.005954817901676106,0.005,0.04985428940938135,0,,"119, 299",PGp,Area_PGp,Inferior_Parietal,17.0,143.0,"2501, 3740",idx_L,119,119.0
3,120.0,1.5442759990692139,0,0.001,,0.061260742187606396,0.005,0.18057627050995598,0,,"120, 300",PGs,Area_PGs,Inferior_Parietal,17.0,151.0,"4552, 3366",idx_L,120,120.0
3,121.0,-0.49003690481185913,0,0.001,,0.31205389215648677,0.005,0.41854978939075627,0,,"121, 301",23d,Area_23d,Posterior_Cingulate,18.0,32.0,"1261, 1513",idx_L,121,121.0
3,122.0,1.5372302532196045,0,0.001,,0.06211846715637189,0.005,0.18057627050995598,0,,"122, 302",31a,Area_31a,Posterior_Cingulate,18.0,162.0,"1260, 1116",idx_L,122,122.0
3,123.0,-1.4890488386154175,0,0.001,,0.06823725429421221,0.005,0.18752222554134654,0,,"123, 303",31pd,Area_31pd,Posterior_Cingulate,18.0,161.0,"1428, 864",idx_L,123,123.0
3,124.0,-0.38637465238571167,0,0.001,,0.349609609929039,0.005,0.438772330206913,0,,"124, 304",31pv,Area_31p_ventral,Posterior_Cingulate,18.0,35.0,"950, 1022",idx_L,124,124.0
3,125.0,-0.01144716702401638,0,0.001,,0.4954333408175555,0.005,0.4995621373056586,0,,"125, 305",7 m,Area_7m,Posterior_Cingulate,18.0,30.0,"2128, 2067",idx_L,125,125.0
3,126.0,-0.13696683943271637,0,0.001,,0.4455285031695893,0.005,0.4795045977901524,0,,"126, 306",d23ab,Area_dorsal_23_a + b,Posterior_Cingulate,18.0,34.0,"1607, 1106",idx_L,126,126.0
3,127.0,2.2093923091888428,0,0.001,,0.013573682753385021,0.005,0.08282247103760351,0,,"127, 307",DVT,Dorsal_Transitional_Visual_Area,Posterior_Cingulate,18.0,142.0,"1806, 2176",idx_L,127,127.0
3,128.0,-0.37298572063446045,0,0.001,,0.354579535822208,0.005,0.438772330206913,0,,"128, 308",PCV,PreCuneus_Visual_Area,Posterior_Cingulate,18.0,27.0,"2245, 2416",idx_L,128,128.0
3,129.0,-0.05323517695069313,0,0.001,,0.47877226409383034,0.005,0.4924514716393683,0,,"129, 309",POS1,Parieto-Occipital_Sulcus_Area_1,Posterior_Cingulate,18.0,31.0,"2531, 2727",idx_L,129,129.0
3,130.0,1.5762251615524292,0,0.001,,0.05748696087950796,0.005,0.17246088263852388,0,,"130, 310",POS2,Parieto-Occipital_Sulcus_Area_2,Posterior_Cingulate,18.0,15.0,"3261, 3093",idx_L,130,130.0
3,131.0,-1.2132784128189087,0,0.001,,0.11251169670593214,0.005,0.2511605460201414,0,,"131, 311",ProS,ProStriate_Area,Posterior_Cingulate,18.0,121.0,"1222, 1055",idx_L,131,131.0
3,132.0,2.059230327606201,0,0.001,,0.019736089600127973,0.005,0.09959984527064925,0,,"132, 312",RSC,RetroSplenial_Complex,Posterior_Cingulate,18.0,14.0,"2830, 3067",idx_L,132,132.0
3,133.0,-0.5820910930633545,0,0.001,,0.28025266216674705,0.005,0.38859604109013945,0,,"133, 313",v23ab,Area_ventral_23_a + b,Posterior_Cingulate,18.0,33.0,"916, 1089",idx_L,133,133.0
3,134.0,-0.7053254246711731,0,0.001,,0.2403038708615422,0.005,0.3619914645289889,0,,"134, 314",10r,Area_10r,AntCing_MedPFC,19.0,65.0,"1589, 1053",idx_L,134,134.0
3,135.0,-2.4984469413757324,0,0.001,,0.006236940709144555,0.005,0.05102951489300091,0,,"135, 315",10v,Area_10v,AntCing_MedPFC,19.0,88.0,"3906, 2667",idx_L,135,135.0
3,136.0,-2.071906566619873,0,0.001,,0.01913707773356236,0.005,0.09841925691546356,0,,"136, 316",25,Area_25,AntCing_MedPFC,19.0,164.0,"1911, 2135",idx_L,136,136.0
3,137.0,-0.004663093946874142,0,0.001,,0.49813970140897046,0.005,0.4995621373056586,0,,"137, 317",33pr,Area_33_prime,AntCing_MedPFC,19.0,58.0,"1354, 1316",idx_L,137,137.0
3,138.0,-1.7237579822540283,0,0.001,,0.042375771411357344,0.005,0.15148546699762283,0,,"138, 318",8BM,Area_8BM,AntCing_MedPFC,19.0,63.0,"3122, 3436",idx_L,138,138.0
3,139.0,-4.72363805770874,1,0.001,-,1.1583128249222259e-06,0.005,0.00013321095366187493,1,-,"139, 319",9 m,Area_9_Middle,AntCing_MedPFC,19.0,69.0,"6338, 5881",idx_L,139,139.0
3,140.0,-1.5290189981460571,0,0.001,,0.06312986713132868,0.005,0.18057627050995598,0,,"140, 320",a24,Area_a24,AntCing_MedPFC,19.0,61.0,"2085, 2152",idx_L,140,140.0
3,141.0,-2.02779221534729,0,0.001,,0.021290729604566638,0.005,0.10219550210191986,0,,"141, 321",a24pr,Anterior_24_prime,AntCing_MedPFC,19.0,59.0,"1095, 1474",idx_L,141,141.0
3,142.0,-0.8132513761520386,0,0.001,,0.20803697440821273,0.005,0.3437172602875984,0,,"142, 322",a32pr,Area_anterior_32_prime,AntCing_MedPFC,19.0,179.0,"1759, 1118",idx_L,142,142.0
3,143.0,-2.0955700874328613,0,0.001,,0.01806017251916454,0.005,0.09459599426137509,0,,"143, 323",d32,Area_dorsal_32,AntCing_MedPFC,19.0,62.0,"2228, 2374",idx_L,143,143.0
3,144.0,-1.1840876340866089,0,0.001,,0.11818918732239675,0.005,0.2552468656919741,0,,"144, 324",p24,Area_posterior_24,AntCing_MedPFC,19.0,180.0,"2394, 2442",idx_L,144,144.0
3,145.0,0.668778121471405,0,0.001,,0.25181851252422194,0.005,0.37121398249422527,0,,"145, 325",p24pr,Area_Posterior_24_prime,AntCing_MedPFC,19.0,57.0,"1422, 1724",idx_L,145,145.0
3,146.0,-1.2758440971374512,0,0.001,,0.10100531791107464,0.005,0.23444229252751983,0,,"146, 326",p32,Area_p32,AntCing_MedPFC,19.0,64.0,"1180, 1765",idx_L,146,146.0
3,147.0,-1.7243534326553345,0,0.001,,0.04232202937200863,0.005,0.15148546699762283,0,,"147, 327",p32pr,Area_p32_prime,AntCing_MedPFC,19.0,60.0,"1569, 1305",idx_L,147,147.0
3,148.0,0.5681462287902832,0,0.001,,0.2849678398274037,0.005,0.3915588638849822,0,,"148, 328",pOFC,Posterior_OFC_Complex,AntCing_MedPFC,19.0,166.0,"2486, 2836",idx_L,148,148.0
3,149.0,-0.47908174991607666,0,0.001,,0.3159402362020131,0.005,0.41969920676282185,0,,"149, 329",s32,Area_s32,AntCing_MedPFC,19.0,165.0,"604, 1015",idx_L,149,149.0
3,150.0,-2.478087902069092,0,0.001,,0.006604429944033158,0.005,0.0516868430402595,0,,"150, 330",10d,Area_10d,OrbPolaFrontal,20.0,72.0,"3644, 3096",idx_L,150,150.0
3,151.0,-4.229006290435791,1,0.001,-,1.1736289185962546e-05,0.005,0.0006035805867066452,1,-,"151, 331",10 pp,Polar_10p,OrbPolaFrontal,20.0,90.0,"1997, 2487",idx_L,151,151.0
3,152.0,-0.14137819409370422,0,0.001,,0.4437855899129373,0.005,0.4795045977901524,0,,"152, 332",11 l,Area_11l,OrbPolaFrontal,20.0,91.0,"3531, 3793",idx_L,152,152.0
3,153.0,-0.14994797110557556,0,0.001,,0.4404028320332982,0.005,0.4795045977901524,0,,"153, 333",13 l,Area_13l,OrbPolaFrontal,20.0,92.0,"2429, 1757",idx_L,153,153.0
3,154.0,-1.6985492706298828,0,0.001,,0.04470207085436664,0.005,0.157541555935618,0,,"154, 334",47 m,Area_47m,OrbPolaFrontal,20.0,66.0,"799, 781",idx_L,154,154.0
3,155.0,-1.657659649848938,0,0.001,,0.04869309124300636,0.005,0.16231030414335454,0,,"155, 335",47 s,Area_47s,OrbPolaFrontal,20.0,94.0,"2795, 3080",idx_L,155,155.0
3,156.0,-1.4137455224990845,0,0.001,,0.07871831703953086,0.005,0.20535213140747183,0,,"156, 336",a10p,Area_anterior_10p,OrbPolaFrontal,20.0,89.0,"1964, 1748",idx_L,156,156.0
3,157.0,-1.9249696731567383,0,0.001,,0.02711657619317164,0.005,0.11585858946201884,0,,"157, 337",OFC,Orbital_Frontal_Complex,OrbPolaFrontal,20.0,93.0,"4560, 5232",idx_L,157,157.0
3,158.0,1.92851722240448,0,0.001,,0.026895412079080923,0.005,0.11585858946201884,0,,"158, 338",p10p,Area_posterior_10p,OrbPolaFrontal,20.0,170.0,"2116, 2365",idx_L,158,158.0
3,159.0,-2.592164993286133,0,0.001,,0.00476870094030121,0.005,0.0463981713110388,0,,"159, 339",44,Area_44,Inferior_Frontal,21.0,74.0,"2435, 2589",idx_L,159,159.0
3,160.0,-4.095012664794922,1,0.001,-,2.110726554070451e-05,0.005,0.000949826949331703,1,-,"160, 340",45,Area_45,Inferior_Frontal,21.0,75.0,"3762, 2962",idx_L,160,160.0
3,161.0,-3.718489408493042,1,0.001,-,0.00010020884695917922,0.005,0.0027750142234849633,1,-,"161, 341",47 l,Area_47l_(47_lateral),Inferior_Frontal,21.0,76.0,"2527, 2592",idx_L,161,161.0
3,162.0,-2.2887489795684814,0,0.001,,0.011046970707267496,0.005,0.07230744462938725,0,,"162, 342",a47r,Area_anterior_47r,Inferior_Frontal,21.0,77.0,"4167, 3763",idx_L,162,162.0
3,163.0,-0.12438254058361053,0,0.001,,0.4505061982939856,0.005,0.4795045977901524,0,,"163, 343",IFJa,Area_IFJa,Inferior_Frontal,21.0,79.0,"1513, 1405",idx_L,163,163.0
3,164.0,-0.7996556758880615,0,0.001,,0.21195516010755472,0.005,0.3437172602875984,0,,"164, 344",IFJp,Area_IFJp,Inferior_Frontal,21.0,80.0,"960, 740",idx_L,164,164.0
3,165.0,-0.24795572459697723,0,0.001,,0.4020843319097829,0.005,0.4639434598959033,0,,"165, 345",IFSa,Area_IFSa,Inferior_Frontal,21.0,82.0,"2057, 2641",idx_L,165,165.0
3,166.0,-0.7020382881164551,0,0.001,,0.2413276430193259,0.005,0.3619914645289889,0,,"166, 346",IFSp,Area_IFSp,Inferior_Frontal,21.0,81.0,"1589, 1730",idx_L,166,166.0
3,167.0,-1.9211642742156982,0,0.001,,0.027355500289643335,0.005,0.11585858946201884,0,,"167, 347",p47r,Area_posterior_47r,Inferior_Frontal,21.0,171.0,"2133, 1761",idx_L,167,167.0
3,168.0,0.7623847126960754,0,0.001,,0.22291521376633294,0.005,0.35197139015736784,0,,"168, 348",46,Area_46,Dorsolateral_Prefrontal,22.0,84.0,"4863, 4394",idx_L,168,168.0
3,169.0,1.4184714555740356,0,0.001,,0.07802658332730474,0.005,0.205033357648392,0,,"169, 349",8Ad,Area_8Ad,Dorsolateral_Prefrontal,22.0,68.0,"3386, 3492",idx_L,169,169.0
3,170.0,-0.9685292840003967,0,0.001,,0.16639005060585954,0.005,0.3022831183325072,0,,"170, 350",8Av,Area_8Av,Dorsolateral_Prefrontal,22.0,67.0,"4807, 5902",idx_L,170,170.0
3,171.0,-3.1112914085388184,1,0.001,-,0.0009313551054538888,0.005,0.019722813997847057,0,,"171, 351",8BL,Area_8B_Lateral,Dorsolateral_Prefrontal,22.0,70.0,"3377, 4078",idx_L,171,171.0
3,172.0,-0.7827421426773071,0,0.001,,0.2168892746609486,0.005,0.3470228394575178,0,,"172, 352",8C,Area_8C,Dorsolateral_Prefrontal,22.0,73.0,"4085, 3134",idx_L,172,172.0
3,173.0,-1.6354371309280396,0,0.001,,0.05097872196695848,0.005,0.16523054595773967,0,,"173, 353",9-46d,Area_9-46d,Dorsolateral_Prefrontal,22.0,86.0,"4534, 4666",idx_L,173,173.0
3,174.0,-3.5045006275177,1,0.001,-,0.0002287322449161906,0.005,0.005733178473810195,0,,"174, 354",9a,Area_9_anterior,Dorsolateral_Prefrontal,22.0,87.0,"3706, 3048",idx_L,174,174.0
3,175.0,-4.557796478271484,1,0.001,-,2.5846545775767446e-06,0.005,0.00015559786966498328,1,-,"175, 355",9p,Area_9_Posterior,Dorsolateral_Prefrontal,22.0,71.0,"3426, 2488",idx_L,175,175.0
3,176.0,1.0752696990966797,0,0.001,,0.1411269990800798,0.005,0.27915230587268536,0,,"176, 356",a9-46v,Area_anterior_9-46v,Dorsolateral_Prefrontal,22.0,85.0,"3314, 2628",idx_L,176,176.0
3,177.0,0.3903684616088867,0,0.001,,0.3481320527974535,0.005,0.438772330206913,0,,"177, 357",i6-8,Inferior_6-8_Transitional_Area,Dorsolateral_Prefrontal,22.0,97.0,"1764, 2418",idx_L,177,177.0
3,178.0,1.5296611785888672,0,0.001,,0.06305030881713643,0.005,0.18057627050995598,0,,"178, 358",p9-46v,Area_posterior_9-46v,Dorsolateral_Prefrontal,22.0,83.0,"2871, 4635",idx_L,178,178.0
3,179.0,-0.28435826301574707,0,0.001,,0.3880679202965214,0.005,0.4562180134951368,0,,"179, 359",s6-8,Superior_6-8_Transitional_Area,Dorsolateral_Prefrontal,22.0,98.0,"1336, 2132",idx_L,179,179.0
3,180.0,-2.6237149238586426,0,0.001,,0.0043488275112587155,0.005,0.044730797258661074,0,,"180, 360",SFL,Superior_Frontal_Language_Area,Dorsolateral_Prefrontal,22.0,26.0,"3873, 3055",idx_L,180,180.0
3,181.0,1.5284397602081299,0,0.001,,0.06320169467848459,0.005,0.18057627050995598,0,,"1, 181",V1,Primary_Visual_Cortex,Primary_Visual,1.0,1.0,"13,812, 13,406",idx_R,181,181.0
3,182.0,1.6008256673812866,0,0.001,,0.054707768462372436,0.005,0.16978272971081101,0,,"2, 182",V2,Second_Visual_Area,Early_Visual,2.0,4.0,"9515, 9420",idx_R,182,182.0
3,183.0,2.26159405708313,0,0.001,,0.01186124776473358,0.005,0.07612433228555614,0,,"3, 183",V3,Third_Visual_Area,Early_Visual,2.0,5.0,"7106, 7481",idx_R,183,183.0
3,184.0,2.329993724822998,0,0.001,,0.009903241391250608,0.005,0.0685609019394273,0,,"4, 184",V4,Fourth_Visual_Area,Early_Visual,2.0,6.0,"4782, 4537",idx_R,184,184.0
3,185.0,0.8939616680145264,0,0.001,,0.18567120037257928,0.005,0.3226577547883372,0,,"5, 185",IPS1,IntraParietal_Sulcus_Area_1,Dorsal_Stream_Visual,3.0,17.0,"1751, 1750",idx_R,185,185.0
3,186.0,2.830054998397827,0,0.001,,0.0023270001553559218,0.005,0.034385427158844205,0,,"6, 186",V3A,Area_V3A,Dorsal_Stream_Visual,3.0,13.0,"2191, 2212",idx_R,186,186.0
3,187.0,3.0706863403320312,0,0.001,,0.0010678368778657642,0.005,0.021356737557315285,0,,"7, 187",V3B,Area_V3B,Dorsal_Stream_Visual,3.0,19.0,"639, 731",idx_R,187,187.0
3,188.0,1.0422345399856567,0,0.001,,0.14865147649666305,0.005,0.28619081263950336,0,,"8, 188",V6,Sixth_Visual_Area,Dorsal_Stream_Visual,3.0,3.0,"1402, 1559",idx_R,188,188.0
3,189.0,2.6094441413879395,0,0.001,,0.004534472538366781,0.005,0.04534472538366781,0,,"9, 189",V6A,Area_V6A,Dorsal_Stream_Visual,3.0,152.0,"904, 734",idx_R,189,189.0
3,190.0,1.627042531967163,0,0.001,,0.05186403248117939,0.005,0.16523054595773967,0,,"10, 190",V7,Seventh_Visual_Area,Dorsal_Stream_Visual,3.0,16.0,"1005, 1041",idx_R,190,190.0
3,191.0,0.8408737778663635,0,0.001,,0.20020932494913807,0.005,0.3415893695814678,0,,"11, 191",FFC,Fusiform_Face_Complex,Ventral_Stream_Visual,4.0,18.0,"3848, 4402",idx_R,191,191.0
3,192.0,0.35538339614868164,0,0.001,,0.3611511930287569,0.005,0.43955476717228587,0,,"12, 192",PIT,Posterior_InferoTemporal_complex,Ventral_Stream_Visual,4.0,22.0,"1392, 1386",idx_R,192,192.0
3,193.0,1.2435131072998047,0,0.001,,0.10683940698086763,0.005,0.24190054410762482,0,,"13, 193",V8,Eighth_Visual_Area,Ventral_Stream_Visual,4.0,7.0,"1361, 1175",idx_R,193,193.0
3,194.0,0.09596442431211472,0,0.001,,0.46177441370275213,0.005,0.48466119222446286,0,,"14, 194",VMV1,VentroMedial_Visual_Area_1,Ventral_Stream_Visual,4.0,153.0,"939, 1219",idx_R,194,194.0
3,195.0,1.157401442527771,0,0.001,,0.12355419248579802,0.005,0.2573548600905991,0,,"15, 195",VMV2,VentroMedial_Visual_Area_2,Ventral_Stream_Visual,4.0,160.0,"639, 923",idx_R,195,195.0
3,196.0,0.8052817583084106,0,0.001,,0.21032855296778707,0.005,0.3437172602875984,0,,"16, 196",VMV3,VentroMedial_Visual_Area_3,Ventral_Stream_Visual,4.0,154.0,"941, 1242",idx_R,196,196.0
3,197.0,0.8734714388847351,0,0.001,,0.19120308360578103,0.005,0.3293450243927329,0,,"17, 197",VVC,Ventral_Visual_Complex,Ventral_Stream_Visual,4.0,163.0,"2487, 2753",idx_R,197,197.0
3,198.0,0.6269349455833435,0,0.001,,0.2653509396229262,0.005,0.37608794592225764,0,,"18, 198",FST,Area_FST,MT + _Complex,5.0,157.0,"1324, 1683",idx_R,198,198.0
3,199.0,1.4638357162475586,0,0.001,,0.07161942054212837,0.005,0.19241038354601653,0,,"19, 199",LO1,Area_Lateral_Occipital_1,MT + _Complex,5.0,20.0,"619, 909",idx_R,199,199.0
3,200.0,-0.10516474395990372,0,0.001,,0.45812254289796717,0.005,0.4822342556820707,0,,"20, 200",LO2,Area_Lateral_Occipital_2,MT + _Complex,5.0,21.0,"1179, 1062",idx_R,200,200.0
3,201.0,2.2327663898468018,0,0.001,,0.012782176892262557,0.005,0.07933764967611243,0,,"21, 201",LO3,Area_Lateral_Occipital_3,MT + _Complex,5.0,159.0,"438, 915",idx_R,201,201.0
3,202.0,1.0184950828552246,0,0.001,,0.1542213682140811,0.005,0.29067901862339895,0,,"22, 202",MST,Medial_Superior_Temporal_Area,MT + _Complex,5.0,2.0,"794, 1036",idx_R,202,202.0
3,203.0,0.5358225703239441,0,0.001,,0.2960405908890315,0.005,0.4036917148486793,0,,"23, 203",MT,Middle_Temporal_Area,MT + _Complex,5.0,23.0,"620, 1005",idx_R,203,203.0
3,204.0,1.1143198013305664,0,0.001,,0.13257100754196238,0.005,0.2666232553916562,0,,"24, 204",PH,Area_PH,MT + _Complex,5.0,138.0,"3453, 3205",idx_R,204,204.0
3,205.0,0.5809036493301392,0,0.001,,0.2806526963428785,0.005,0.38859604109013945,0,,"25, 205",V3CD,Area_V3CD,MT + _Complex,5.0,158.0,"876, 1222",idx_R,205,205.0
3,206.0,1.3628226518630981,0,0.001,,0.0864692051746539,0.005,0.21848977249116325,0,,"26, 206",V4t,Area_V4t,MT + _Complex,5.0,156.0,"1037, 1249",idx_R,206,206.0
3,207.0,-1.2033648490905762,0,0.001,,0.11441758207584218,0.005,0.2511605460201414,0,,"27, 207",1,Area_1,SomaSens_Motor,6.0,51.0,"6590, 5925",idx_R,207,207.0
3,208.0,0.001097559230402112,0,0.001,,0.4995621373056586,0.005,0.4995621373056586,0,,"28, 208",2,Area_2,SomaSens_Motor,6.0,52.0,"4278, 4727",idx_R,208,208.0
3,209.0,-1.2125375270843506,0,0.001,,0.11265334327642018,0.005,0.2511605460201414,0,,"29, 209",3a,Area_3a,SomaSens_Motor,6.0,53.0,"2247, 2286",idx_R,209,209.0
3,210.0,-2.8113255500793457,0,0.001,,0.002466891871520494,0.005,0.034385427158844205,0,,"30, 210",3b,Primary_Sensory_Cortex,SomaSens_Motor,6.0,9.0,"5451, 4350",idx_R,210,210.0
3,211.0,-0.6662309765815735,0,0.001,,0.25263173808634776,0.005,0.37121398249422527,0,,"31, 211",4,Primary_Motor_Cortex,SomaSens_Motor,6.0,8.0,"10,776, 10,254",idx_R,211,211.0
3,212.0,0.3656664490699768,0,0.001,,0.35730699226951557,0.005,0.438772330206913,0,,"32, 212",23c,Area_23c,ParaCentral_MidCing,7.0,38.0,"2259, 2498",idx_R,212,212.0
3,213.0,-0.9556900858879089,0,0.001,,0.1696144163976846,0.005,0.3022831183325072,0,,"33, 213",24dd,Dorsal_Area_24d,ParaCentral_MidCing,7.0,40.0,"2665, 2820",idx_R,213,213.0
3,214.0,-1.507272720336914,0,0.001,,0.06587038349875574,0.005,0.1852604535902505,0,,"34, 214",24dv,Ventral_Area_24d,ParaCentral_MidCing,7.0,41.0,"1076, 1349",idx_R,214,214.0
3,215.0,0.806380033493042,0,0.001,,0.21001187798817983,0.005,0.3437172602875984,0,,"35, 215",5L,Area_5L,ParaCentral_MidCing,7.0,39.0,"2249, 2327",idx_R,215,215.0
3,216.0,-1.1794214248657227,0,0.001,,0.11911520398958791,0.005,0.2552468656919741,0,,"36, 216",5 m,Area_5m,ParaCentral_MidCing,7.0,36.0,"1483, 2079",idx_R,216,216.0
3,217.0,-0.7023441791534424,0,0.001,,0.24123227396470565,0.005,0.3619914645289889,0,,"37, 217",5mv,Area_5m_ventral,ParaCentral_MidCing,7.0,37.0,"1651, 1996",idx_R,217,217.0
3,218.0,-0.1944267898797989,0,0.001,,0.4229208574251856,0.005,0.47283077227660497,0,,"38, 218",6ma,Area_6m_anterior,ParaCentral_MidCing,7.0,44.0,"3941, 4251",idx_R,218,218.0
3,219.0,0.015810111537575722,0,0.001,,0.49369294080258697,0.005,0.4995621373056586,0,,"39, 219",6mp,Area_6mp,ParaCentral_MidCing,7.0,55.0,"3701, 3105",idx_R,219,219.0
3,220.0,-0.7113616466522217,0,0.001,,0.23843007968713453,0.005,0.3619914645289889,0,,"40, 220",SCEF,Supplementary_and_Cingulate_Eye_Field,ParaCentral_MidCing,7.0,43.0,"3500, 3371",idx_R,220,220.0
3,221.0,-2.298845052719116,0,0.001,,0.010756869741460761,0.005,0.07230744462938725,0,,"41, 221",55b,Area_55b,Premotor,8.0,12.0,"2422, 1537",idx_R,221,221.0
3,222.0,0.21476253867149353,0,0.001,,0.41497623058990074,0.005,0.46684825941363833,0,,"42, 222",6a,Area_6_anterior,Premotor,8.0,96.0,"4233, 3752",idx_R,222,222.0
3,223.0,-0.028924928978085518,0,0.001,,0.48846223174401343,0.005,0.4995621373056586,0,,"43, 223",6d,Dorsal_area_6,Premotor,8.0,54.0,"2916, 2909",idx_R,223,223.0
3,224.0,0.08784612268209457,0,0.001,,0.4649994894182956,0.005,0.4866273726470536,0,,"44, 224",6r,Rostral_Area_6,Premotor,8.0,78.0,"3029, 3981",idx_R,224,224.0
3,225.0,1.9881365299224854,0,0.001,,0.023398296118890504,0.005,0.11067224411906226,0,,"45, 225",6v,Ventral_Area_6,Premotor,8.0,56.0,"2075, 2516",idx_R,225,225.0
3,226.0,-0.37043190002441406,0,0.001,,0.35553035443199044,0.005,0.438772330206913,0,,"46, 226",FEF,Frontal_Eye_Fields,Premotor,8.0,10.0,"1787, 1889",idx_R,226,226.0
3,227.0,-1.3286089897155762,0,0.001,,0.09198850231844163,0.005,0.2222540995613355,0,,"47, 227",PEF,Premotor_Eye_Field,Premotor,8.0,11.0,"1006, 1258",idx_R,227,227.0
3,228.0,0.106632761657238,0,0.001,,0.45754016335574244,0.005,0.4822342556820707,0,,"48, 228",43,Area_43,Posterior_Opercular,9.0,99.0,"1889, 1678",idx_R,228,228.0
3,229.0,-1.1800665855407715,0,0.001,,0.11898686656704788,0.005,0.2552468656919741,0,,"49, 229",FOP1,Frontal_Opercular_Area_1,Posterior_Opercular,9.0,113.0,"879, 932",idx_R,229,229.0
3,230.0,-1.6939184665679932,0,0.001,,0.04514038867761465,0.005,0.157541555935618,0,,"50, 230",OP1,Area_OP1-SII,Posterior_Opercular,9.0,101.0,"1275, 1072",idx_R,230,230.0
3,231.0,-1.2940716743469238,0,0.001,,0.0978203322889506,0.005,0.2301654877387073,0,,"51, 231",OP2-3,Area_OP2-3-VS,Posterior_Opercular,9.0,102.0,"943, 792",idx_R,231,231.0
3,232.0,-1.2773467302322388,0,0.001,,0.10073993125406239,0.005,0.23444229252751983,0,,"52, 232",OP4,Area_OP4-PV,Posterior_Opercular,9.0,100.0,"2332, 2409",idx_R,232,232.0
3,233.0,-1.4799764156341553,0,0.001,,0.06943977037527961,0.005,0.18938119193258074,0,,"53, 233",52,Area_52,Early_Auditory,10.0,103.0,"725, 580",idx_R,233,233.0
3,234.0,-0.3737298548221588,0,0.001,,0.3543026556540966,0.005,0.438772330206913,0,,"54, 234",A1,Primary_Auditory_Cortex,Early_Auditory,10.0,24.0,"1023, 796",idx_R,234,234.0
3,235.0,-2.0282695293426514,0,0.001,,0.021266373526468332,0.005,0.10219550210191986,0,,"55, 235",LBelt,Lateral_Belt_Complex,Early_Auditory,10.0,174.0,"820, 901",idx_R,235,235.0
3,236.0,0.08424365520477295,0,0.001,,0.4664313548468431,0.005,0.4867109789706189,0,,"56, 236",MBelt,Medial_Belt_Complex,Early_Auditory,10.0,173.0,"1242, 1236",idx_R,236,236.0
3,237.0,-1.173781156539917,0,0.001,,0.12024134676173476,0.005,0.2561354132202634,0,,"57, 237",PBelt,ParaBelt_Complex,Early_Auditory,10.0,124.0,"1719, 1439",idx_R,237,237.0
3,238.0,-0.31429779529571533,0,0.001,,0.37664743627416497,0.005,0.4504753390654465,0,,"58, 238",PFcm,Area_PFcm,Early_Auditory,10.0,105.0,"1486, 1485",idx_R,238,238.0
3,239.0,-1.3113839626312256,0,0.001,,0.09486403714947372,0.005,0.22467798272243775,0,,"59, 239",RI,RetroInsular_Cortex,Early_Auditory,10.0,104.0,"1149, 1334",idx_R,239,239.0
3,240.0,-0.26453667879104614,0,0.001,,0.39568320275840824,0.005,0.45950307417105474,0,,"60, 240",A4,Auditory_4_Complex,Auditory_Association,11.0,175.0,"3514, 3610",idx_R,240,240.0
3,241.0,-2.538640022277832,0,0.001,,0.0055642130583625285,0.005,0.04769325478596453,0,,"61, 241",A5,Auditory_5_Complex,Auditory_Association,11.0,125.0,"3346, 3881",idx_R,241,241.0
3,242.0,-2.7184789180755615,0,0.001,,0.0032791417473317245,0.005,0.04029528778021353,0,,"62, 242",STGa,Area_STGa,Auditory_Association,11.0,123.0,"2509, 2187",idx_R,242,242.0
3,243.0,-2.8017492294311523,0,0.001,,0.0025413182489210494,0.005,0.034385427158844205,0,,"63, 243",STSda,Area_STSd_anterior,Auditory_Association,11.0,128.0,"1944, 2389",idx_R,243,243.0
3,244.0,-2.6745710372924805,0,0.001,,0.003741246106035188,0.005,0.042906377567048265,0,,"64, 244",STSdp,Area_STSd_posterior,Auditory_Association,11.0,129.0,"1994, 2605",idx_R,244,244.0
3,245.0,-0.6360076665878296,0,0.001,,0.2623857125348169,0.005,0.37510672888337276,0,,"65, 245",STSva,Area_STSv_anterior,Auditory_Association,11.0,176.0,"1694, 1900",idx_R,245,245.0
3,246.0,-2.339127540588379,0,0.001,,0.009664416864302024,0.005,0.0685609019394273,0,,"66, 246",STSvp,Area_STSv_posterior,Auditory_Association,11.0,130.0,"2898, 2515",idx_R,246,246.0
3,247.0,-0.6463258862495422,0,0.001,,0.2590341633956485,0.005,0.3738520786568416,0,,"67, 247",TA2,Area_TA2,Auditory_Association,11.0,107.0,"1518, 1726",idx_R,247,247.0
3,248.0,-1.3151326179504395,0,0.001,,0.09423266801182201,0.005,0.22466066545864852,0,,"68, 248",AAIC,Anterior_Agranular_Insula_Complex,Insula_FrontalOperc,12.0,112.0,"1859, 1691",idx_R,248,248.0
3,249.0,-0.45200133323669434,0,0.001,,0.32563401098605643,0.005,0.4267407237424156,0,,"69, 249",AVI,Anterior_Ventral_Insular_Area,Insula_FrontalOperc,12.0,111.0,"1446, 1792",idx_R,249,249.0
3,250.0,0.6098333597183228,0,0.001,,0.27098610029568393,0.005,0.3810742035408055,0,,"70, 250",FOP2,Frontal_Opercular_Area_2,Insula_FrontalOperc,12.0,115.0,"750, 720",idx_R,250,250.0
3,251.0,-0.43788349628448486,0,0.001,,0.3307353699102272,0.005,0.428290407077992,0,,"71, 251",FOP3,Frontal_Opercular_Area_3,Insula_FrontalOperc,12.0,114.0,"754, 614",idx_R,251,251.0
3,252.0,-0.8911495208740234,0,0.001,,0.1864244805443726,0.005,0.3226577547883372,0,,"72, 252",FOP4,Frontal_Opercular_Area_4,Insula_FrontalOperc,12.0,108.0,"2522, 1678",idx_R,252,252.0
3,253.0,-0.7136128544807434,0,0.001,,0.23773330333611098,0.005,0.3619914645289889,0,,"73, 253",FOP5,Area_Frontal_Opercular_5,Insula_FrontalOperc,12.0,169.0,"1297, 1365",idx_R,253,253.0
3,254.0,-0.36742717027664185,0,0.001,,0.356650203897656,0.005,0.438772330206913,0,,"74, 254",Ig,Insular_Granular_Complex,Insula_FrontalOperc,12.0,168.0,"841, 1077",idx_R,254,254.0
3,255.0,-1.1057881116867065,0,0.001,,0.13440912091031676,0.005,0.2688182418206335,0,,"75, 255",MI,Middle_Insular_Area,Insula_FrontalOperc,12.0,109.0,"2102, 1960",idx_R,255,255.0
3,256.0,-0.3394373059272766,0,0.001,,0.36714015945076484,0.005,0.4435250248398501,0,,"76, 256",PI,Para-Insular_Area,Insula_FrontalOperc,12.0,178.0,"1033, 1058",idx_R,256,256.0
3,257.0,-0.6765127182006836,0,0.001,,0.2493575869758652,0.005,0.3709451707078986,0,,"77, 257",Pir,Pirform_Cortex,Insula_FrontalOperc,12.0,110.0,"2287, 1856",idx_R,257,257.0
3,258.0,-0.2809727191925049,0,0.001,,0.38936566211030305,0.005,0.4562180134951368,0,,"78, 258",PoI1,Area_Posterior_Insular_1,Insula_FrontalOperc,12.0,167.0,"1811, 1835",idx_R,258,258.0
3,259.0,0.4510340690612793,0,0.001,,0.32598249730323414,0.005,0.4267407237424156,0,,"79, 259",PoI2,Posterior_Insular_Area_2,Insula_FrontalOperc,12.0,106.0,"2747, 2675",idx_R,259,259.0
3,260.0,-0.6464208364486694,0,0.001,,0.25900342493255557,0.005,0.3738520786568416,0,,"80, 260",H,Hippocampus,Medial_Temporal,13.0,120.0,"4283, 3626",idx_R,260,260.0
3,261.0,-0.7432555556297302,0,0.001,,0.22866348700117112,0.005,0.35635868104078616,0,,"81, 261",PreS,PreSubiculum,Medial_Temporal,13.0,119.0,"1817, 1558",idx_R,261,261.0
3,262.0,-1.207647442817688,0,0.001,,0.11359145104392093,0.005,0.2511605460201414,0,,"82, 262",EC,Entorhinal_Cortex,Medial_Temporal,13.0,118.0,"2127, 2110",idx_R,262,262.0
3,263.0,-1.0261629819869995,0,0.001,,0.1524073835040049,0.005,0.288771884533904,0,,"83, 263",PeEc,Perirhinal_Ectorhinal_Cortex,Medial_Temporal,13.0,122.0,"4826, 4755",idx_R,263,263.0
3,264.0,1.3338226079940796,0,0.001,,0.09113099992461204,0.005,0.2222441982081999,0,,"84, 264",TF,Area_TF,Medial_Temporal,13.0,135.0,"3986, 4752",idx_R,264,264.0
3,265.0,0.43412744998931885,0,0.001,,0.3320979465445356,0.005,0.428513479412304,0,,"85, 265",PHA1,ParaHippocampal_Area_1,Medial_Temporal,13.0,126.0,"1281, 1168",idx_R,265,265.0
3,266.0,0.8020907640457153,0,0.001,,0.21125022858976833,0.005,0.3437172602875984,0,,"86, 266",PHA2,ParaHippocampal_Area_2,Medial_Temporal,13.0,155.0,"783, 771",idx_R,266,266.0
3,267.0,-0.2853008508682251,0,0.001,,0.3877068305178906,0.005,0.4562180134951368,0,,"87, 267",PHA3,ParaHippocampal_Area_3,Medial_Temporal,13.0,127.0,"2023, 1122",idx_R,267,267.0
3,268.0,0.9588655233383179,0,0.001,,0.16881324755433536,0.005,0.3022831183325072,0,,"88, 268",PHT,Area_PHT,Lateral_Temporal,14.0,137.0,"4182, 3410",idx_R,268,268.0
3,269.0,-1.4675812721252441,0,0.001,,0.07110899909062056,0.005,0.19241038354601653,0,,"89, 269",TE1a,Area_TE1_anterior,Lateral_Temporal,14.0,132.0,"5227, 4180",idx_R,269,269.0
3,270.0,-0.9822483658790588,0,0.001,,0.16298875266126522,0.005,0.30164544543678895,0,,"90, 270",TE1m,Area_TE1_Middle,Lateral_Temporal,14.0,177.0,"3339, 3429",idx_R,270,270.0
3,271.0,1.641968011856079,0,0.001,,0.05029831675465641,0.005,0.16523054595773967,0,,"91, 271",TE1p,Area_TE1_posterior,Lateral_Temporal,14.0,133.0,"7116, 6010",idx_R,271,271.0
3,272.0,0.26750850677490234,0,0.001,,0.3945388326509125,0.005,0.45950307417105474,0,,"92, 272",TE2a,Area_TE2_anterior,Lateral_Temporal,14.0,134.0,"5691, 5753",idx_R,272,272.0
3,273.0,0.9879090189933777,0,0.001,,0.1615986040042981,0.005,0.3014274478836648,0,,"93, 273",TE2p,Area_TE2_posterior,Lateral_Temporal,14.0,136.0,"4115, 3040",idx_R,273,273.0
3,274.0,-1.929874300956726,0,0.001,,0.026811207182218615,0.005,0.11585858946201884,0,,"94, 274",TGd,Area_TG_dorsal,Lateral_Temporal,14.0,131.0,"10,192, 10,269",idx_R,274,274.0
3,275.0,-0.9617217183113098,0,0.001,,0.1680947048707877,0.005,0.3022831183325072,0,,"95, 275",TGv,Area_TG_Ventral,Lateral_Temporal,14.0,172.0,"3694, 4515",idx_R,275,275.0
3,276.0,-2.1393392086029053,0,0.001,,0.016204103221963737,0.005,0.09114808062354601,0,,"96, 276",PSL,PeriSylvian_Language_Area,TPO,15.0,25.0,"2154, 2759",idx_R,276,276.0
3,277.0,-2.71061372756958,0,0.001,,0.0033579406483511274,0.005,0.04029528778021353,0,,"97, 277",STV,Superior_Temporal_Visual_Area,TPO,15.0,28.0,"2322, 2294",idx_R,277,277.0
3,278.0,-1.978696346282959,0,0.001,,0.023925102293027484,0.005,0.11067224411906226,0,,"98, 278",TPOJ1,Area_TemporoParietoOccipital_Junction_1,TPO,15.0,139.0,"2102, 3938",idx_R,278,278.0
3,279.0,-0.8313459157943726,0,0.001,,0.20288912141603738,0.005,0.3437172602875984,0,,"99, 279",TPOJ2,Area_TemporoParietoOccipital_Junction_2,TPO,15.0,140.0,"1930, 2068",idx_R,279,279.0
3,280.0,0.8260691165924072,0,0.001,,0.20438244276402112,0.005,0.3437172602875984,0,,"100, 280",TPOJ3,Area_TemporoParietoOccipital_Junction_3,TPO,15.0,141.0,"1290, 1277",idx_R,280,280.0
3,281.0,0.7956575751304626,0,0.001,,0.2131155460005606,0.005,0.3440430339022503,0,,"101, 281",7AL,Lateral_Area_7A,Superior_Parietal,16.0,42.0,"2134, 2030",idx_R,281,281.0
3,282.0,-0.1955910623073578,0,0.001,,0.42246512820532683,0.005,0.47283077227660497,0,,"102, 282",7Am,Medial_Area_7A,Superior_Parietal,16.0,45.0,"2995, 2379",idx_R,282,282.0
3,283.0,0.007042139768600464,0,0.001,,0.4971906159221987,0.005,0.4995621373056586,0,,"103, 283",7PC,Area_7PC,Superior_Parietal,16.0,47.0,"3151, 3415",idx_R,283,283.0
3,284.0,1.5958818197250366,0,0.001,,0.05525759062769675,0.005,0.17002335577752847,0,,"104, 284",7Pl,Lateral_Area_7P,Superior_Parietal,16.0,46.0,"1695, 1363",idx_R,284,284.0
3,285.0,-0.34918105602264404,0,0.001,,0.3634766936572783,0.005,0.4405778104936707,0,,"105, 285",7Pm,Medial_Area_7P,Superior_Parietal,16.0,29.0,"1601, 1308",idx_R,285,285.0
3,286.0,-0.007443959359079599,0,0.001,,0.4970303173043709,0.005,0.4995621373056586,0,,"106, 286",AIP,Anterior_IntraParietal_Area,Superior_Parietal,16.0,117.0,"1999, 2542",idx_R,286,286.0
3,287.0,2.8312573432922363,0,0.001,,0.0023182699951738153,0.005,0.034385427158844205,0,,"107, 287",LIPd,Area_Lateral_IntraParietal_dorsal,Superior_Parietal,16.0,95.0,"1008, 869",idx_R,287,287.0
3,288.0,1.1321258544921875,0,0.001,,0.12879076328001454,0.005,0.2619473151457923,0,,"108, 288",LIPv,Area_Lateral_IntraParietal_ventral,Superior_Parietal,16.0,48.0,"1681, 1783",idx_R,288,288.0
3,289.0,2.6681156158447266,0,0.001,,0.0038139002281820677,0.005,0.042906377567048265,0,,"109, 289",MIP,Medial_IntraParietal_Area,Superior_Parietal,16.0,50.0,"1872, 2403",idx_R,289,289.0
3,290.0,2.541409730911255,0,0.001,,0.005520322578819253,0.005,0.04769325478596453,0,,"110, 290",VIP,Ventral_IntraParietal_Complex,Superior_Parietal,16.0,49.0,"1890, 1577",idx_R,290,290.0
3,291.0,1.3782902956008911,0,0.001,,0.08405683909716416,0.005,0.21614615767842213,0,,"111, 291",IP0,Area_IntraParietal_0,Inferior_Parietal,17.0,146.0,"1203, 1239",idx_R,291,291.0
3,292.0,2.1095306873321533,0,0.001,,0.01744940003251132,0.005,0.0944014123686074,0,,"112, 292",IP1,Area_IntraParietal_1,Inferior_Parietal,17.0,145.0,"1692, 1632",idx_R,292,292.0
3,293.0,1.8782384395599365,0,0.001,,0.03017427689746995,0.005,0.12219673302559836,0,,"113, 293",IP2,Area_IntraParietal_2,Inferior_Parietal,17.0,144.0,"2102, 1861",idx_R,293,293.0
3,294.0,0.7225177884101868,0,0.001,,0.23498809639459162,0.005,0.36152014829937174,0,,"114, 294",PF,Area_PF_Complex,Inferior_Parietal,17.0,148.0,"5457, 5251",idx_R,294,294.0
3,295.0,1.2725343704223633,0,0.001,,0.1015916600952586,0.005,0.23444229252751983,0,,"115, 295",PFm,Area_PFm_Complex,Inferior_Parietal,17.0,149.0,"8220, 8141",idx_R,295,295.0
3,296.0,-0.23087655007839203,0,0.001,,0.40870535446741396,0.005,0.4656136949628767,0,,"116, 296",PFop,Area_PF_Opercular,Inferior_Parietal,17.0,147.0,"1797, 1783",idx_R,296,296.0
3,297.0,-0.17921185493469238,0,0.001,,0.42888567776418773,0.005,0.47580337018911395,0,,"117, 297",PFt,Area_PFt,Inferior_Parietal,17.0,116.0,"1983, 2039",idx_R,297,297.0
3,298.0,-1.203630805015564,0,0.001,,0.11436615377825049,0.005,0.2511605460201414,0,,"118, 298",PGi,Area_PGi,Inferior_Parietal,17.0,150.0,"4791, 4970",idx_R,298,298.0
3,299.0,2.5468671321868896,0,0.001,,0.0054347404849671,0.005,0.04769325478596453,0,,"119, 299",PGp,Area_PGp,Inferior_Parietal,17.0,143.0,"2501, 3740",idx_R,299,299.0
3,300.0,2.1067609786987305,0,0.001,,0.01756915174637971,0.005,0.0944014123686074,0,,"120, 300",PGs,Area_PGs,Inferior_Parietal,17.0,151.0,"4552, 3366",idx_R,300,300.0
3,301.0,0.3208818733692169,0,0.001,,0.37414995555199076,0.005,0.4489799466623889,0,,"121, 301",23d,Area_23d,Posterior_Cingulate,18.0,32.0,"1261, 1513",idx_R,301,301.0
3,302.0,0.5976940393447876,0,0.001,,0.2750220517092384,0.005,0.3852448973358981,0,,"122, 302",31a,Area_31a,Posterior_Cingulate,18.0,162.0,"1260, 1116",idx_R,302,302.0
3,303.0,-0.30002984404563904,0,0.001,,0.38207719570663157,0.005,0.45245983702101106,0,,"123, 303",31pd,Area_31pd,Posterior_Cingulate,18.0,161.0,"1428, 864",idx_R,303,303.0
3,304.0,-1.149391770362854,0,0.001,,0.1251972359878636,0.005,0.2590287641128212,0,,"124, 304",31pv,Area_31p_ventral,Posterior_Cingulate,18.0,35.0,"950, 1022",idx_R,304,304.0
3,305.0,-0.6979243159294128,0,0.001,,0.2426122633679848,0.005,0.36240836021773665,0,,"125, 305",7 m,Area_7m,Posterior_Cingulate,18.0,30.0,"2128, 2067",idx_R,305,305.0
3,306.0,-0.7873696684837341,0,0.001,,0.21553274858050198,0.005,0.34639191736152103,0,,"126, 306",d23ab,Area_dorsal_23_a + b,Posterior_Cingulate,18.0,34.0,"1607, 1106",idx_R,306,306.0
3,307.0,1.8838120698928833,0,0.001,,0.02979520016922953,0.005,0.12219673302559836,0,,"127, 307",DVT,Dorsal_Transitional_Visual_Area,Posterior_Cingulate,18.0,142.0,"1806, 2176",idx_R,307,307.0
3,308.0,0.1400326043367386,0,0.001,,0.44431711482350544,0.005,0.4795045977901524,0,,"128, 308",PCV,PreCuneus_Visual_Area,Posterior_Cingulate,18.0,27.0,"2245, 2416",idx_R,308,308.0
3,309.0,-0.2270488440990448,0,0.001,,0.4101928808474157,0.005,0.4658341864513238,0,,"129, 309",POS1,Parieto-Occipital_Sulcus_Area_1,Posterior_Cingulate,18.0,31.0,"2531, 2727",idx_R,309,309.0
3,310.0,0.4631368815898895,0,0.001,,0.32163312760004903,0.005,0.4256909041765355,0,,"130, 310",POS2,Parieto-Occipital_Sulcus_Area_2,Posterior_Cingulate,18.0,15.0,"3261, 3093",idx_R,310,310.0
3,311.0,-2.4861185550689697,0,0.001,,0.006457246718969347,0.005,0.05165797375175478,0,,"131, 311",ProS,ProStriate_Area,Posterior_Cingulate,18.0,121.0,"1222, 1055",idx_R,311,311.0
3,312.0,0.4521788954734802,0,0.001,,0.3255700553339559,0.005,0.4267407237424156,0,,"132, 312",RSC,RetroSplenial_Complex,Posterior_Cingulate,18.0,14.0,"2830, 3067",idx_R,312,312.0
3,313.0,-0.30115804076194763,0,0.001,,0.3816469919839408,0.005,0.45245983702101106,0,,"133, 313",v23ab,Area_ventral_23_a + b,Posterior_Cingulate,18.0,33.0,"916, 1089",idx_R,313,313.0
3,314.0,-1.3882719278335571,0,0.001,,0.08252712849407462,0.005,0.2137393255961645,0,,"134, 314",10r,Area_10r,AntCing_MedPFC,19.0,65.0,"1589, 1053",idx_R,314,314.0
3,315.0,-2.9526684284210205,0,0.001,,0.0015752007647954088,0.005,0.028353613766317357,0,,"135, 315",10v,Area_10v,AntCing_MedPFC,19.0,88.0,"3906, 2667",idx_R,315,315.0
3,316.0,-1.360796570777893,0,0.001,,0.08678899296176762,0.005,0.21848977249116325,0,,"136, 316",25,Area_25,AntCing_MedPFC,19.0,164.0,"1911, 2135",idx_R,316,316.0
3,317.0,-0.18776598572731018,0,0.001,,0.42553005046106185,0.005,0.47427497884205033,0,,"137, 317",33pr,Area_33_prime,AntCing_MedPFC,19.0,58.0,"1354, 1316",idx_R,317,317.0
3,318.0,-1.1642463207244873,0,0.001,,0.12216210171705955,0.005,0.2571833720359148,0,,"138, 318",8BM,Area_8BM,AntCing_MedPFC,19.0,63.0,"3122, 3436",idx_R,318,318.0
3,319.0,-2.918635845184326,0,0.001,,0.0017578332759349165,0.005,0.029919531468152183,0,,"139, 319",9 m,Area_9_Middle,AntCing_MedPFC,19.0,69.0,"6338, 5881",idx_R,319,319.0
3,320.0,-1.6018426418304443,0,0.001,,0.05459520543941607,0.005,0.16978272971081101,0,,"140, 320",a24,Area_a24,AntCing_MedPFC,19.0,61.0,"2085, 2152",idx_R,320,320.0
3,321.0,0.23236854374408722,0,0.001,,0.4081258893816063,0.005,0.4656136949628767,0,,"141, 321",a24pr,Anterior_24_prime,AntCing_MedPFC,19.0,59.0,"1095, 1474",idx_R,321,321.0
3,322.0,-0.41874614357948303,0,0.001,,0.33770083428908526,0.005,0.4326416382351271,0,,"142, 322",a32pr,Area_anterior_32_prime,AntCing_MedPFC,19.0,179.0,"1759, 1118",idx_R,322,322.0
3,323.0,-0.9483060240745544,0,0.001,,0.17148684250577895,0.005,0.3041145975471942,0,,"143, 323",d32,Area_dorsal_32,AntCing_MedPFC,19.0,62.0,"2228, 2374",idx_R,323,323.0
3,324.0,-1.6361432075500488,0,0.001,,0.05090480957317567,0.005,0.16523054595773967,0,,"144, 324",p24,Area_posterior_24,AntCing_MedPFC,19.0,180.0,"2394, 2442",idx_R,324,324.0
3,325.0,0.1638350635766983,0,0.001,,0.43493049393952166,0.005,0.4788225621352532,0,,"145, 325",p24pr,Area_Posterior_24_prime,AntCing_MedPFC,19.0,57.0,"1422, 1724",idx_R,325,325.0
3,326.0,-0.7775499820709229,0,0.001,,0.21841717887282258,0.005,0.3479211698859121,0,,"146, 326",p32,Area_p32,AntCing_MedPFC,19.0,64.0,"1180, 1765",idx_R,326,326.0
3,327.0,-0.4880712032318115,0,0.001,,0.31274970373920397,0.005,0.41854978939075627,0,,"147, 327",p32pr,Area_p32_prime,AntCing_MedPFC,19.0,60.0,"1569, 1305",idx_R,327,327.0
3,328.0,0.3546879291534424,0,0.001,,0.36141169745276835,0.005,0.43955476717228587,0,,"148, 328",pOFC,Posterior_OFC_Complex,AntCing_MedPFC,19.0,166.0,"2486, 2836",idx_R,328,328.0
3,329.0,-2.293976306915283,0,0.001,,0.01089592985766007,0.005,0.07230744462938725,0,,"149, 329",s32,Area_s32,AntCing_MedPFC,19.0,165.0,"604, 1015",idx_R,329,329.0
3,330.0,-4.557095050811768,1,0.001,-,2.5932978277497212e-06,0.005,0.00015559786966498328,1,-,"150, 330",10d,Area_10d,OrbPolaFrontal,20.0,72.0,"3644, 3096",idx_R,330,330.0
3,331.0,-0.05399461090564728,0,0.001,,0.478469728927188,0.005,0.4924514716393683,0,,"151, 331",10 pp,Polar_10p,OrbPolaFrontal,20.0,90.0,"1997, 2487",idx_R,331,331.0
3,332.0,-0.8155627846717834,0,0.001,,0.20737512085548288,0.005,0.3437172602875984,0,,"152, 332",11 l,Area_11l,OrbPolaFrontal,20.0,91.0,"3531, 3793",idx_R,332,332.0
3,333.0,-0.11324356496334076,0,0.001,,0.45491872897016744,0.005,0.4816786542037067,0,,"153, 333",13 l,Area_13l,OrbPolaFrontal,20.0,92.0,"2429, 1757",idx_R,333,333.0
3,334.0,-0.7637668251991272,0,0.001,,0.2225031049111933,0.005,0.35197139015736784,0,,"154, 334",47 m,Area_47m,OrbPolaFrontal,20.0,66.0,"799, 781",idx_R,334,334.0
3,335.0,-0.9581788778305054,0,0.001,,0.16898628313111286,0.005,0.3022831183325072,0,,"155, 335",47 s,Area_47s,OrbPolaFrontal,20.0,94.0,"2795, 3080",idx_R,335,335.0
3,336.0,1.0594193935394287,0,0.001,,0.14470441064388573,0.005,0.2831173251728199,0,,"156, 336",a10p,Area_anterior_10p,OrbPolaFrontal,20.0,89.0,"1964, 1748",idx_R,336,336.0
3,337.0,-0.1497001349925995,0,0.001,,0.4405006008358463,0.005,0.4795045977901524,0,,"157, 337",OFC,Orbital_Frontal_Complex,OrbPolaFrontal,20.0,93.0,"4560, 5232",idx_R,337,337.0
3,338.0,-0.14550691843032837,0,0.001,,0.44215532688342235,0.005,0.4795045977901524,0,,"158, 338",p10p,Area_posterior_10p,OrbPolaFrontal,20.0,170.0,"2116, 2365",idx_R,338,338.0
3,339.0,-1.9518862962722778,0,0.001,,0.02547585280657651,0.005,0.11556998523977517,0,,"159, 339",44,Area_44,Inferior_Frontal,21.0,74.0,"2435, 2589",idx_R,339,339.0
3,340.0,-2.093979597091675,0,0.001,,0.018130898900096892,0.005,0.09459599426137509,0,,"160, 340",45,Area_45,Inferior_Frontal,21.0,75.0,"3762, 2962",idx_R,340,340.0
3,341.0,-1.7355637550354004,0,0.001,,0.041320499675121615,0.005,0.15148546699762283,0,,"161, 341",47 l,Area_47l_(47_lateral),Inferior_Frontal,21.0,76.0,"2527, 2592",idx_R,341,341.0
3,342.0,-0.8032478094100952,0,0.001,,0.21091575852266442,0.005,0.3437172602875984,0,,"162, 342",a47r,Area_anterior_47r,Inferior_Frontal,21.0,77.0,"4167, 3763",idx_R,342,342.0
3,343.0,-0.1217879056930542,0,0.001,,0.4515334962523935,0.005,0.4795045977901524,0,,"163, 343",IFJa,Area_IFJa,Inferior_Frontal,21.0,79.0,"1513, 1405",idx_R,343,343.0
3,344.0,-0.8504589200019836,0,0.001,,0.1975349951813708,0.005,0.33863142031092136,0,,"164, 344",IFJp,Area_IFJp,Inferior_Frontal,21.0,80.0,"960, 740",idx_R,344,344.0
3,345.0,0.6354278326034546,0,0.001,,0.26257471021836093,0.005,0.37510672888337276,0,,"165, 345",IFSa,Area_IFSa,Inferior_Frontal,21.0,82.0,"2057, 2641",idx_R,345,345.0
3,346.0,-0.5197848081588745,0,0.001,,0.30160678448781786,0.005,0.4081896331414076,0,,"166, 346",IFSp,Area_IFSp,Inferior_Frontal,21.0,81.0,"1589, 1730",idx_R,346,346.0
3,347.0,-1.3732573986053467,0,0.001,,0.084836170682628,0.005,0.21660298897692257,0,,"167, 347",p47r,Area_posterior_47r,Inferior_Frontal,21.0,171.0,"2133, 1761",idx_R,347,347.0
3,348.0,1.7571524381637573,0,0.001,,0.039445914831046584,0.005,0.15148546699762283,0,,"168, 348",46,Area_46,Dorsolateral_Prefrontal,22.0,84.0,"4863, 4394",idx_R,348,348.0
3,349.0,0.6229733228683472,0,0.001,,0.26665102631852766,0.005,0.3764485077438038,0,,"169, 349",8Ad,Area_8Ad,Dorsolateral_Prefrontal,22.0,68.0,"3386, 3492",idx_R,349,349.0
3,350.0,-0.6691666841506958,0,0.001,,0.2516945779351538,0.005,0.37121398249422527,0,,"170, 350",8Av,Area_8Av,Dorsolateral_Prefrontal,22.0,67.0,"4807, 5902",idx_R,350,350.0
3,351.0,-3.793313503265381,1,0.001,-,7.43251428297558e-05,0.005,0.002432459219882917,1,-,"171, 351",8BL,Area_8B_Lateral,Dorsolateral_Prefrontal,22.0,70.0,"3377, 4078",idx_R,351,351.0
3,352.0,-1.7683204412460327,0,0.001,,0.03850367424539506,0.005,0.15066655139502416,0,,"172, 352",8C,Area_8C,Dorsolateral_Prefrontal,22.0,73.0,"4085, 3134",idx_R,352,352.0
3,353.0,0.002867839764803648,0,0.001,,0.4988558990326809,0.005,0.4995621373056586,0,,"173, 353",9-46d,Area_9-46d,Dorsolateral_Prefrontal,22.0,86.0,"4534, 4666",idx_R,353,353.0
3,354.0,-2.110556125640869,0,0.001,,0.01740524109031242,0.005,0.0944014123686074,0,,"174, 354",9a,Area_9_anterior,Dorsolateral_Prefrontal,22.0,87.0,"3706, 3048",idx_R,354,354.0
3,355.0,-2.3301637172698975,0,0.001,,0.009898749912210758,0.005,0.0685609019394273,0,,"175, 355",9p,Area_9_Posterior,Dorsolateral_Prefrontal,22.0,71.0,"3426, 2488",idx_R,355,355.0
3,356.0,-0.5820568203926086,0,0.001,,0.2802642043067552,0.005,0.38859604109013945,0,,"176, 356",a9-46v,Area_anterior_9-46v,Dorsolateral_Prefrontal,22.0,85.0,"3314, 2628",idx_R,356,356.0
3,357.0,0.07419823110103607,0,0.001,,0.4704263266750276,0.005,0.4880503677320171,0,,"177, 357",i6-8,Inferior_6-8_Transitional_Area,Dorsolateral_Prefrontal,22.0,97.0,"1764, 2418",idx_R,357,357.0
3,358.0,1.8710402250289917,0,0.001,,0.030669752876451985,0.005,0.12267901150580794,0,,"178, 358",p9-46v,Area_posterior_9-46v,Dorsolateral_Prefrontal,22.0,83.0,"2871, 4635",idx_R,358,358.0
3,359.0,-1.1430342197418213,0,0.001,,0.1265121917984543,0.005,0.2602536516996774,0,,"179, 359",s6-8,Superior_6-8_Transitional_Area,Dorsolateral_Prefrontal,22.0,98.0,"1336, 2132",idx_R,359,359.0
3,360.0,-2.343729019165039,0,0.001,,0.009546018466906654,0.005,0.0685609019394273,0,,"180, 360",SFL,Superior_Frontal_Language_Area,Dorsolateral_Prefrontal,22.0,26.0,"3873, 3055",idx_R,360,360.0
4,1.0,-1.2508156299591064,0,0.001,,0.10550087553383108,0.005,0.43837258144230185,0,,"1, 181",V1,Primary_Visual_Cortex,Primary_Visual,1.0,1.0,"13,812, 13,406",idx_L,1,1.0
4,2.0,-0.7012577652931213,0,0.001,,0.24157108300790792,0.005,0.4934761679847136,0,,"2, 182",V2,Second_Visual_Area,Early_Visual,2.0,4.0,"9515, 9420",idx_L,2,2.0
4,3.0,-0.8673482537269592,0,0.001,,0.19287561260148334,0.005,0.4934761679847136,0,,"3, 183",V3,Third_Visual_Area,Early_Visual,2.0,5.0,"7106, 7481",idx_L,3,3.0
4,4.0,-0.14044257998466492,0,0.001,,0.4441551586229986,0.005,0.4934761679847136,0,,"4, 184",V4,Fourth_Visual_Area,Early_Visual,2.0,6.0,"4782, 4537",idx_L,4,4.0
4,5.0,-0.7990583181381226,0,0.001,,0.21212829860493942,0.005,0.4934761679847136,0,,"5, 185",IPS1,IntraParietal_Sulcus_Area_1,Dorsal_Stream_Visual,3.0,17.0,"1751, 1750",idx_L,5,5.0
4,6.0,0.9378094673156738,0,0.001,,0.17417116744927197,0.005,0.4934761679847136,0,,"6, 186",V3A,Area_V3A,Dorsal_Stream_Visual,3.0,13.0,"2191, 2212",idx_L,6,6.0
4,7.0,0.06471148878335953,0,0.001,,0.47420185763551637,0.005,0.4934761679847136,0,,"7, 187",V3B,Area_V3B,Dorsal_Stream_Visual,3.0,19.0,"639, 731",idx_L,7,7.0
4,8.0,-0.7145561575889587,0,0.001,,0.23744167190917964,0.005,0.4934761679847136,0,,"8, 188",V6,Sixth_Visual_Area,Dorsal_Stream_Visual,3.0,3.0,"1402, 1559",idx_L,8,8.0
4,9.0,0.5591756105422974,0,0.001,,0.28802093827853636,0.005,0.4934761679847136,0,,"9, 189",V6A,Area_V6A,Dorsal_Stream_Visual,3.0,152.0,"904, 734",idx_L,9,9.0
4,10.0,-0.4293447434902191,0,0.001,,0.3338361798612547,0.005,0.4934761679847136,0,,"10, 190",V7,Seventh_Visual_Area,Dorsal_Stream_Visual,3.0,16.0,"1005, 1041",idx_L,10,10.0
4,11.0,-1.8363972902297974,0,0.001,,0.03314946002744013,0.005,0.28254016934504506,0,,"11, 191",FFC,Fusiform_Face_Complex,Ventral_Stream_Visual,4.0,18.0,"3848, 4402",idx_L,11,11.0
4,12.0,-0.30189505219459534,0,0.001,,0.38136603383514106,0.005,0.4934761679847136,0,,"12, 192",PIT,Posterior_InferoTemporal_complex,Ventral_Stream_Visual,4.0,22.0,"1392, 1386",idx_L,12,12.0
4,13.0,-0.5008729100227356,0,0.001,,0.3082302844688284,0.005,0.4934761679847136,0,,"13, 193",V8,Eighth_Visual_Area,Ventral_Stream_Visual,4.0,7.0,"1361, 1175",idx_L,13,13.0
4,14.0,-0.338895708322525,0,0.001,,0.3673441488025292,0.005,0.4934761679847136,0,,"14, 194",VMV1,VentroMedial_Visual_Area_1,Ventral_Stream_Visual,4.0,153.0,"939, 1219",idx_L,14,14.0
4,15.0,-0.611636221408844,0,0.001,,0.2703892338381241,0.005,0.4934761679847136,0,,"15, 195",VMV2,VentroMedial_Visual_Area_2,Ventral_Stream_Visual,4.0,160.0,"639, 923",idx_L,15,15.0
4,16.0,0.03412668779492378,0,0.001,,0.4863880635466004,0.005,0.49643295952254457,0,,"16, 196",VMV3,VentroMedial_Visual_Area_3,Ventral_Stream_Visual,4.0,154.0,"941, 1242",idx_L,16,16.0
4,17.0,-0.7740705609321594,0,0.001,,0.2194445327217685,0.005,0.4934761679847136,0,,"17, 197",VVC,Ventral_Visual_Complex,Ventral_Stream_Visual,4.0,163.0,"2487, 2753",idx_L,17,17.0
4,18.0,-0.3139590919017792,0,0.001,,0.37677605441979867,0.005,0.4934761679847136,0,,"18, 198",FST,Area_FST,MT + _Complex,5.0,157.0,"1324, 1683",idx_L,18,18.0
4,19.0,-0.20981965959072113,0,0.001,,0.41690421422974083,0.005,0.4934761679847136,0,,"19, 199",LO1,Area_Lateral_Occipital_1,MT + _Complex,5.0,20.0,"619, 909",idx_L,19,19.0
4,20.0,0.6466258764266968,0,0.001,,0.2589370532687516,0.005,0.4934761679847136,0,,"20, 200",LO2,Area_Lateral_Occipital_2,MT + _Complex,5.0,21.0,"1179, 1062",idx_L,20,20.0
4,21.0,0.03716428577899933,0,0.001,,0.48517700737406944,0.005,0.49643295952254457,0,,"21, 201",LO3,Area_Lateral_Occipital_3,MT + _Complex,5.0,159.0,"438, 915",idx_L,21,21.0
4,22.0,-1.90369713306427,0,0.001,,0.028474820020362827,0.005,0.27180281581474786,0,,"22, 202",MST,Medial_Superior_Temporal_Area,MT + _Complex,5.0,2.0,"794, 1036",idx_L,22,22.0
4,23.0,-2.028172731399536,0,0.001,,0.02127131096527427,0.005,0.2470216757257657,0,,"23, 203",MT,Middle_Temporal_Area,MT + _Complex,5.0,23.0,"620, 1005",idx_L,23,23.0
4,24.0,-3.849384307861328,1,0.001,-,5.920754824408525e-05,0.005,0.00710490578929023,0,,"24, 204",PH,Area_PH,MT + _Complex,5.0,138.0,"3453, 3205",idx_L,24,24.0
4,25.0,0.8726646304130554,0,0.001,,0.19142295083709648,0.005,0.4934761679847136,0,,"25, 205",V3CD,Area_V3CD,MT + _Complex,5.0,158.0,"876, 1222",idx_L,25,25.0
4,26.0,0.30289995670318604,0,0.001,,0.3809830521751592,0.005,0.4934761679847136,0,,"26, 206",V4t,Area_V4t,MT + _Complex,5.0,156.0,"1037, 1249",idx_L,26,26.0
4,27.0,1.3846186399459839,0,0.001,,0.08308455437710827,0.005,0.4380961836058533,0,,"27, 207",1,Area_1,SomaSens_Motor,6.0,51.0,"6590, 5925",idx_L,27,27.0
4,28.0,0.504896879196167,0,0.001,,0.3068156330887827,0.005,0.4934761679847136,0,,"28, 208",2,Area_2,SomaSens_Motor,6.0,52.0,"4278, 4727",idx_L,28,28.0
4,29.0,-1.3180394172668457,0,0.001,,0.09374522654377382,0.005,0.43828937085400743,0,,"29, 209",3a,Area_3a,SomaSens_Motor,6.0,53.0,"2247, 2286",idx_L,29,29.0
4,30.0,0.3518508970737457,0,0.001,,0.36247504287564286,0.005,0.4934761679847136,0,,"30, 210",3b,Primary_Sensory_Cortex,SomaSens_Motor,6.0,9.0,"5451, 4350",idx_L,30,30.0
4,31.0,0.4479498565196991,0,0.001,,0.3270946928247229,0.005,0.4934761679847136,0,,"31, 211",4,Primary_Motor_Cortex,SomaSens_Motor,6.0,8.0,"10,776, 10,254",idx_L,31,31.0
4,32.0,-0.07632077485322952,0,0.001,,0.46958194905195116,0.005,0.4934761679847136,0,,"32, 212",23c,Area_23c,ParaCentral_MidCing,7.0,38.0,"2259, 2498",idx_L,32,32.0
4,33.0,0.43987271189689636,0,0.001,,0.33001465041357214,0.005,0.4934761679847136,0,,"33, 213",24dd,Dorsal_Area_24d,ParaCentral_MidCing,7.0,40.0,"2665, 2820",idx_L,33,33.0
4,34.0,-0.6444557905197144,0,0.001,,0.25963995837783005,0.005,0.4934761679847136,0,,"34, 214",24dv,Ventral_Area_24d,ParaCentral_MidCing,7.0,41.0,"1076, 1349",idx_L,34,34.0
4,35.0,0.1247168555855751,0,0.001,,0.4503738563819032,0.005,0.4934761679847136,0,,"35, 215",5L,Area_5L,ParaCentral_MidCing,7.0,39.0,"2249, 2327",idx_L,35,35.0
4,36.0,1.1223405599594116,0,0.001,,0.13085883346716487,0.005,0.47053787731817587,0,,"36, 216",5 m,Area_5m,ParaCentral_MidCing,7.0,36.0,"1483, 2079",idx_L,36,36.0
4,37.0,-0.5836839079856873,0,0.001,,0.27971649789074643,0.005,0.4934761679847136,0,,"37, 217",5mv,Area_5m_ventral,ParaCentral_MidCing,7.0,37.0,"1651, 1996",idx_L,37,37.0
4,38.0,-0.6855849027633667,0,0.001,,0.24648745223149016,0.005,0.4934761679847136,0,,"38, 218",6ma,Area_6m_anterior,ParaCentral_MidCing,7.0,44.0,"3941, 4251",idx_L,38,38.0
4,39.0,0.5708642601966858,0,0.001,,0.28404582961793523,0.005,0.4934761679847136,0,,"39, 219",6mp,Area_6mp,ParaCentral_MidCing,7.0,55.0,"3701, 3105",idx_L,39,39.0
4,40.0,-0.018634047359228134,0,0.001,,0.49256652084089514,0.005,0.49647972391331235,0,,"40, 220",SCEF,Supplementary_and_Cingulate_Eye_Field,ParaCentral_MidCing,7.0,43.0,"3500, 3371",idx_L,40,40.0
4,41.0,0.3178701102733612,0,0.001,,0.3752917330635316,0.005,0.4934761679847136,0,,"41, 221",55b,Area_55b,Premotor,8.0,12.0,"2422, 1537",idx_L,41,41.0
4,42.0,-1.0874773263931274,0,0.001,,0.13841295683736138,0.005,0.47053787731817587,0,,"42, 222",6a,Area_6_anterior,Premotor,8.0,96.0,"4233, 3752",idx_L,42,42.0
4,43.0,1.9527007341384888,0,0.001,,0.02542753333100664,0.005,0.26509893069182994,0,,"43, 223",6d,Dorsal_area_6,Premotor,8.0,54.0,"2916, 2909",idx_L,43,43.0
4,44.0,-2.09590220451355,0,0.001,,0.018045433563334504,0.005,0.2320127172428722,0,,"44, 224",6r,Rostral_Area_6,Premotor,8.0,78.0,"3029, 3981",idx_L,44,44.0
4,45.0,-0.732549786567688,0,0.001,,0.2319165332880322,0.005,0.4934761679847136,0,,"45, 225",6v,Ventral_Area_6,Premotor,8.0,56.0,"2075, 2516",idx_L,45,45.0
4,46.0,-1.8283588886260986,0,0.001,,0.03374785356065816,0.005,0.28254016934504506,0,,"46, 226",FEF,Frontal_Eye_Fields,Premotor,8.0,10.0,"1787, 1889",idx_L,46,46.0
4,47.0,0.2543240785598755,0,0.001,,0.3996225996073861,0.005,0.4934761679847136,0,,"47, 227",PEF,Premotor_Eye_Field,Premotor,8.0,11.0,"1006, 1258",idx_L,47,47.0
4,48.0,-2.2488911151885986,0,0.001,,0.012259712208567948,0.005,0.20061347250383915,0,,"48, 228",43,Area_43,Posterior_Opercular,9.0,99.0,"1889, 1678",idx_L,48,48.0
4,49.0,-0.7945588231086731,0,0.001,,0.2134350894361518,0.005,0.4934761679847136,0,,"49, 229",FOP1,Frontal_Opercular_Area_1,Posterior_Opercular,9.0,113.0,"879, 932",idx_L,49,49.0
4,50.0,0.6117032766342163,0,0.001,,0.2703670468041083,0.005,0.4934761679847136,0,,"50, 230",OP1,Area_OP1-SII,Posterior_Opercular,9.0,101.0,"1275, 1072",idx_L,50,50.0
4,51.0,0.8407737016677856,0,0.001,,0.200237361276291,0.005,0.4934761679847136,0,,"51, 231",OP2-3,Area_OP2-3-VS,Posterior_Opercular,9.0,102.0,"943, 792",idx_L,51,51.0
4,52.0,-0.4318641722202301,0,0.001,,0.33292006787571354,0.005,0.4934761679847136,0,,"52, 232",OP4,Area_OP4-PV,Posterior_Opercular,9.0,100.0,"2332, 2409",idx_L,52,52.0
4,53.0,1.3381277322769165,0,0.001,,0.09042740096715585,0.005,0.4380961836058533,0,,"53, 233",52,Area_52,Early_Auditory,10.0,103.0,"725, 580",idx_L,53,53.0
4,54.0,-1.319266676902771,0,0.001,,0.09353998703997302,0.005,0.43828937085400743,0,,"54, 234",A1,Primary_Auditory_Cortex,Early_Auditory,10.0,24.0,"1023, 796",idx_L,54,54.0
4,55.0,-0.13566933572292328,0,0.001,,0.44604134504453,0.005,0.4934761679847136,0,,"55, 235",LBelt,Lateral_Belt_Complex,Early_Auditory,10.0,174.0,"820, 901",idx_L,55,55.0
4,56.0,-0.19241711497306824,0,0.001,,0.4237077435392411,0.005,0.4934761679847136,0,,"56, 236",MBelt,Medial_Belt_Complex,Early_Auditory,10.0,173.0,"1242, 1236",idx_L,56,56.0
4,57.0,1.0752812623977661,0,0.001,,0.14112441132904896,0.005,0.47053787731817587,0,,"57, 237",PBelt,ParaBelt_Complex,Early_Auditory,10.0,124.0,"1719, 1439",idx_L,57,57.0
4,58.0,-0.42226848006248474,0,0.001,,0.3364145310675509,0.005,0.4934761679847136,0,,"58, 238",PFcm,Area_PFcm,Early_Auditory,10.0,105.0,"1486, 1485",idx_L,58,58.0
4,59.0,-0.35717809200286865,0,0.001,,0.3604792428417304,0.005,0.4934761679847136,0,,"59, 239",RI,RetroInsular_Cortex,Early_Auditory,10.0,104.0,"1149, 1334",idx_L,59,59.0
4,60.0,-0.5483570098876953,0,0.001,,0.2917233945550323,0.005,0.4934761679847136,0,,"60, 240",A4,Auditory_4_Complex,Auditory_Association,11.0,175.0,"3514, 3610",idx_L,60,60.0
4,61.0,1.773209571838379,0,0.001,,0.03809699327834821,0.005,0.3117026722773944,0,,"61, 241",A5,Auditory_5_Complex,Auditory_Association,11.0,125.0,"3346, 3881",idx_L,61,61.0
4,62.0,1.540549397468567,0,0.001,,0.06171324582303039,0.005,0.39174564160443776,0,,"62, 242",STGa,Area_STGa,Auditory_Association,11.0,123.0,"2509, 2187",idx_L,62,62.0
4,63.0,1.6801711320877075,0,0.001,,0.04646201213890713,0.005,0.3484650910418035,0,,"63, 243",STSda,Area_STSd_anterior,Auditory_Association,11.0,128.0,"1944, 2389",idx_L,63,63.0
4,64.0,0.653810977935791,0,0.001,,0.2566167964646163,0.005,0.4934761679847136,0,,"64, 244",STSdp,Area_STSd_posterior,Auditory_Association,11.0,129.0,"1994, 2605",idx_L,64,64.0
4,65.0,0.6286572217941284,0,0.001,,0.2647867448669853,0.005,0.4934761679847136,0,,"65, 245",STSva,Area_STSv_anterior,Auditory_Association,11.0,176.0,"1694, 1900",idx_L,65,65.0
4,66.0,1.1573599576950073,0,0.001,,0.12356266328032567,0.005,0.47053787731817587,0,,"66, 246",STSvp,Area_STSv_posterior,Auditory_Association,11.0,130.0,"2898, 2515",idx_L,66,66.0
4,67.0,0.456024706363678,0,0.001,,0.32418610602471143,0.005,0.4934761679847136,0,,"67, 247",TA2,Area_TA2,Auditory_Association,11.0,107.0,"1518, 1726",idx_L,67,67.0
4,68.0,-0.49495476484298706,0,0.001,,0.310316025828129,0.005,0.4934761679847136,0,,"68, 248",AAIC,Anterior_Agranular_Insula_Complex,Insula_FrontalOperc,12.0,112.0,"1859, 1691",idx_L,68,68.0
4,69.0,-0.44177260994911194,0,0.001,,0.32932688036976143,0.005,0.4934761679847136,0,,"69, 249",AVI,Anterior_Ventral_Insular_Area,Insula_FrontalOperc,12.0,111.0,"1446, 1792",idx_L,69,69.0
4,70.0,-0.6827322840690613,0,0.001,,0.24738801285775408,0.005,0.4934761679847136,0,,"70, 250",FOP2,Frontal_Opercular_Area_2,Insula_FrontalOperc,12.0,115.0,"750, 720",idx_L,70,70.0
4,71.0,-0.3336014449596405,0,0.001,,0.3693401638732161,0.005,0.4934761679847136,0,,"71, 251",FOP3,Frontal_Opercular_Area_3,Insula_FrontalOperc,12.0,114.0,"754, 614",idx_L,71,71.0
4,72.0,0.5626368522644043,0,0.001,,0.28684109616390585,0.005,0.4934761679847136,0,,"72, 252",FOP4,Frontal_Opercular_Area_4,Insula_FrontalOperc,12.0,108.0,"2522, 1678",idx_L,72,72.0
4,73.0,0.03469381853938103,0,0.001,,0.4861619450263568,0.005,0.49643295952254457,0,,"73, 253",FOP5,Area_Frontal_Opercular_5,Insula_FrontalOperc,12.0,169.0,"1297, 1365",idx_L,73,73.0
4,74.0,-0.35389086604118347,0,0.001,,0.36171033625323734,0.005,0.4934761679847136,0,,"74, 254",Ig,Insular_Granular_Complex,Insula_FrontalOperc,12.0,168.0,"841, 1077",idx_L,74,74.0
4,75.0,0.09644931554794312,0,0.001,,0.46158186325494155,0.005,0.4934761679847136,0,,"75, 255",MI,Middle_Insular_Area,Insula_FrontalOperc,12.0,109.0,"2102, 1960",idx_L,75,75.0
4,76.0,2.593594789505005,0,0.001,,0.004748917680856382,0.005,0.10745441541241768,0,,"76, 256",PI,Para-Insular_Area,Insula_FrontalOperc,12.0,178.0,"1033, 1058",idx_L,76,76.0
4,77.0,0.9624409079551697,0,0.001,,0.1679140865062302,0.005,0.4932311213464855,0,,"77, 257",Pir,Pirform_Cortex,Insula_FrontalOperc,12.0,110.0,"2287, 1856",idx_L,77,77.0
4,78.0,1.09544038772583,0,0.001,,0.13666187416018993,0.005,0.47053787731817587,0,,"78, 258",PoI1,Area_Posterior_Insular_1,Insula_FrontalOperc,12.0,167.0,"1811, 1835",idx_L,78,78.0
4,79.0,-0.3333721160888672,0,0.001,,0.36942670431490854,0.005,0.4934761679847136,0,,"79, 259",PoI2,Posterior_Insular_Area_2,Insula_FrontalOperc,12.0,106.0,"2747, 2675",idx_L,79,79.0
4,80.0,-0.5605255961418152,0,0.001,,0.2875604928840202,0.005,0.4934761679847136,0,,"80, 260",H,Hippocampus,Medial_Temporal,13.0,120.0,"4283, 3626",idx_L,80,80.0
4,81.0,-0.30890536308288574,0,0.001,,0.37869675852538515,0.005,0.4934761679847136,0,,"81, 261",PreS,PreSubiculum,Medial_Temporal,13.0,119.0,"1817, 1558",idx_L,81,81.0
4,82.0,0.13255932927131653,0,0.001,,0.44727094950966584,0.005,0.4934761679847136,0,,"82, 262",EC,Entorhinal_Cortex,Medial_Temporal,13.0,118.0,"2127, 2110",idx_L,82,82.0
4,83.0,-0.8221974968910217,0,0.001,,0.2054822515785959,0.005,0.4934761679847136,0,,"83, 263",PeEc,Perirhinal_Ectorhinal_Cortex,Medial_Temporal,13.0,122.0,"4826, 4755",idx_L,83,83.0
4,84.0,-0.7231711745262146,0,0.001,,0.23478736299925995,0.005,0.4934761679847136,0,,"84, 264",TF,Area_TF,Medial_Temporal,13.0,135.0,"3986, 4752",idx_L,84,84.0
4,85.0,-0.1630655825138092,0,0.001,,0.43523339910826464,0.005,0.4934761679847136,0,,"85, 265",PHA1,ParaHippocampal_Area_1,Medial_Temporal,13.0,126.0,"1281, 1168",idx_L,85,85.0
4,86.0,-0.950603723526001,0,0.001,,0.17090278886499266,0.005,0.4932311213464855,0,,"86, 266",PHA2,ParaHippocampal_Area_2,Medial_Temporal,13.0,155.0,"783, 771",idx_L,86,86.0
4,87.0,-0.8551902174949646,0,0.001,,0.19622292547860082,0.005,0.4934761679847136,0,,"87, 267",PHA3,ParaHippocampal_Area_3,Medial_Temporal,13.0,127.0,"2023, 1122",idx_L,87,87.0
4,88.0,-0.5641513466835022,0,0.001,,0.28632556802306364,0.005,0.4934761679847136,0,,"88, 268",PHT,Area_PHT,Lateral_Temporal,14.0,137.0,"4182, 3410",idx_L,88,88.0
4,89.0,0.4431338310241699,0,0.001,,0.3288344680549561,0.005,0.4934761679847136,0,,"89, 269",TE1a,Area_TE1_anterior,Lateral_Temporal,14.0,132.0,"5227, 4180",idx_L,89,89.0
4,90.0,0.31851926445961,0,0.001,,0.3750455420321064,0.005,0.4934761679847136,0,,"90, 270",TE1m,Area_TE1_Middle,Lateral_Temporal,14.0,177.0,"3339, 3429",idx_L,90,90.0
4,91.0,0.5257796049118042,0,0.001,,0.299520673323033,0.005,0.4934761679847136,0,,"91, 271",TE1p,Area_TE1_posterior,Lateral_Temporal,14.0,133.0,"7116, 6010",idx_L,91,91.0
4,92.0,0.41514769196510315,0,0.001,,0.3390168941261428,0.005,0.4934761679847136,0,,"92, 272",TE2a,Area_TE2_anterior,Lateral_Temporal,14.0,134.0,"5691, 5753",idx_L,92,92.0
4,93.0,-2.6746885776519775,0,0.001,,0.003739934803524097,0.005,0.10356742532835961,0,,"93, 273",TE2p,Area_TE2_posterior,Lateral_Temporal,14.0,136.0,"4115, 3040",idx_L,93,93.0
4,94.0,1.1349531412124634,0,0.001,,0.12819747617437227,0.005,0.47053787731817587,0,,"94, 274",TGd,Area_TG_dorsal,Lateral_Temporal,14.0,131.0,"10,192, 10,269",idx_L,94,94.0
4,95.0,1.2077829837799072,0,0.001,,0.11356537420956159,0.005,0.4492696122576063,0,,"95, 275",TGv,Area_TG_Ventral,Lateral_Temporal,14.0,172.0,"3694, 4515",idx_L,95,95.0
4,96.0,2.056251287460327,0,0.001,,0.019879150509063716,0.005,0.23854980610876458,0,,"96, 276",PSL,PeriSylvian_Language_Area,TPO,15.0,25.0,"2154, 2759",idx_L,96,96.0
4,97.0,1.6853502988815308,0,0.001,,0.04596050332973338,0.005,0.3484650910418035,0,,"97, 277",STV,Superior_Temporal_Visual_Area,TPO,15.0,28.0,"2322, 2294",idx_L,97,97.0
4,98.0,2.716130256652832,0,0.001,,0.003302496293486347,0.005,0.10356742532835961,0,,"98, 278",TPOJ1,Area_TemporoParietoOccipital_Junction_1,TPO,15.0,139.0,"2102, 3938",idx_L,98,98.0
4,99.0,-1.3329747915267944,0,0.001,,0.09127003825121943,0.005,0.4380961836058533,0,,"99, 279",TPOJ2,Area_TemporoParietoOccipital_Junction_2,TPO,15.0,140.0,"1930, 2068",idx_L,99,99.0
4,100.0,-2.165789842605591,0,0.001,,0.01516362494125232,0.005,0.21758013888258992,0,,"100, 280",TPOJ3,Area_TemporoParietoOccipital_Junction_3,TPO,15.0,141.0,"1290, 1277",idx_L,100,100.0
4,101.0,0.4419150948524475,0,0.001,,0.32927532354856,0.005,0.4934761679847136,0,,"101, 281",7AL,Lateral_Area_7A,Superior_Parietal,16.0,42.0,"2134, 2030",idx_L,101,101.0
4,102.0,-0.7462501525878906,0,0.001,,0.22775815853538672,0.005,0.4934761679847136,0,,"102, 282",7Am,Medial_Area_7A,Superior_Parietal,16.0,45.0,"2995, 2379",idx_L,102,102.0
4,103.0,0.20084910094738007,0,0.001,,0.4204082840703731,0.005,0.4934761679847136,0,,"103, 283",7PC,Area_7PC,Superior_Parietal,16.0,47.0,"3151, 3415",idx_L,103,103.0
4,104.0,-1.1191051006317139,0,0.001,,0.1315476520498327,0.005,0.47053787731817587,0,,"104, 284",7Pl,Lateral_Area_7P,Superior_Parietal,16.0,46.0,"1695, 1363",idx_L,104,104.0
4,105.0,-2.5916566848754883,0,0.001,,0.0047757517961074525,0.005,0.10745441541241768,0,,"105, 285",7Pm,Medial_Area_7P,Superior_Parietal,16.0,29.0,"1601, 1308",idx_L,105,105.0
4,106.0,-1.4299615621566772,0,0.001,,0.07636402569376698,0.005,0.43636586110723985,0,,"106, 286",AIP,Anterior_IntraParietal_Area,Superior_Parietal,16.0,117.0,"1999, 2542",idx_L,106,106.0
4,107.0,-1.444358468055725,0,0.001,,0.07431908348596597,0.005,0.43636586110723985,0,,"107, 287",LIPd,Area_Lateral_IntraParietal_dorsal,Superior_Parietal,16.0,95.0,"1008, 869",idx_L,107,107.0
4,108.0,-1.104438066482544,0,0.001,,0.13470157782898012,0.005,0.47053787731817587,0,,"108, 288",LIPv,Area_Lateral_IntraParietal_ventral,Superior_Parietal,16.0,48.0,"1681, 1783",idx_L,108,108.0
4,109.0,-0.4399951696395874,0,0.001,,0.32997030290445256,0.005,0.4934761679847136,0,,"109, 289",MIP,Medial_IntraParietal_Area,Superior_Parietal,16.0,50.0,"1872, 2403",idx_L,109,109.0
4,110.0,0.7683132290840149,0,0.001,,0.22115055854248783,0.005,0.4934761679847136,0,,"110, 290",VIP,Ventral_IntraParietal_Complex,Superior_Parietal,16.0,49.0,"1890, 1577",idx_L,110,110.0
4,111.0,-2.3826980590820312,0,0.001,,0.008593142094544523,0.005,0.16281742915979094,0,,"111, 291",IP0,Area_IntraParietal_0,Inferior_Parietal,17.0,146.0,"1203, 1239",idx_L,111,111.0
4,112.0,-1.2484123706817627,0,0.001,,0.10594004051522293,0.005,0.43837258144230185,0,,"112, 292",IP1,Area_IntraParietal_1,Inferior_Parietal,17.0,145.0,"1692, 1632",idx_L,112,112.0
4,113.0,-1.2787162065505981,0,0.001,,0.10049850525704507,0.005,0.43837258144230185,0,,"113, 293",IP2,Area_IntraParietal_2,Inferior_Parietal,17.0,144.0,"2102, 1861",idx_L,113,113.0
4,114.0,-0.45379915833473206,0,0.001,,0.32498669473063685,0.005,0.4934761679847136,0,,"114, 294",PF,Area_PF_Complex,Inferior_Parietal,17.0,148.0,"5457, 5251",idx_L,114,114.0
4,115.0,1.361686110496521,0,0.001,,0.0866484832428665,0.005,0.4380961836058533,0,,"115, 295",PFm,Area_PFm_Complex,Inferior_Parietal,17.0,149.0,"8220, 8141",idx_L,115,115.0
4,116.0,-0.6749541163444519,0,0.001,,0.24985245842917259,0.005,0.4934761679847136,0,,"116, 296",PFop,Area_PF_Opercular,Inferior_Parietal,17.0,147.0,"1797, 1783",idx_L,116,116.0
4,117.0,-1.2969459295272827,0,0.001,,0.09732489587211607,0.005,0.43837258144230185,0,,"117, 297",PFt,Area_PFt,Inferior_Parietal,17.0,116.0,"1983, 2039",idx_L,117,117.0
4,118.0,0.6952782869338989,0,0.001,,0.24344045944381582,0.005,0.4934761679847136,0,,"118, 298",PGi,Area_PGi,Inferior_Parietal,17.0,150.0,"4791, 4970",idx_L,118,118.0
4,119.0,-0.4050953984260559,0,0.001,,0.34270369439113957,0.005,0.4934761679847136,0,,"119, 299",PGp,Area_PGp,Inferior_Parietal,17.0,143.0,"2501, 3740",idx_L,119,119.0
4,120.0,0.2590760588645935,0,0.001,,0.39778827828287844,0.005,0.4934761679847136,0,,"120, 300",PGs,Area_PGs,Inferior_Parietal,17.0,151.0,"4552, 3366",idx_L,120,120.0
4,121.0,0.5682739019393921,0,0.001,,0.2849244986309184,0.005,0.4934761679847136,0,,"121, 301",23d,Area_23d,Posterior_Cingulate,18.0,32.0,"1261, 1513",idx_L,121,121.0
4,122.0,0.07386229187250137,0,0.001,,0.4705599802910941,0.005,0.4934761679847136,0,,"122, 302",31a,Area_31a,Posterior_Cingulate,18.0,162.0,"1260, 1116",idx_L,122,122.0
4,123.0,-0.1793338656425476,0,0.001,,0.42883777846387006,0.005,0.4934761679847136,0,,"123, 303",31pd,Area_31pd,Posterior_Cingulate,18.0,161.0,"1428, 864",idx_L,123,123.0
4,124.0,-0.09065889567136765,0,0.001,,0.4638818162899017,0.005,0.4934761679847136,0,,"124, 304",31pv,Area_31p_ventral,Posterior_Cingulate,18.0,35.0,"950, 1022",idx_L,124,124.0
4,125.0,-0.4362073838710785,0,0.001,,0.33134313556107664,0.005,0.4934761679847136,0,,"125, 305",7 m,Area_7m,Posterior_Cingulate,18.0,30.0,"2128, 2067",idx_L,125,125.0
4,126.0,0.14528244733810425,0,0.001,,0.4422439363405565,0.005,0.4934761679847136,0,,"126, 306",d23ab,Area_dorsal_23_a + b,Posterior_Cingulate,18.0,34.0,"1607, 1106",idx_L,126,126.0
4,127.0,-2.9952900409698486,0,0.001,,0.001370919947415342,0.005,0.055884613179258955,0,,"127, 307",DVT,Dorsal_Transitional_Visual_Area,Posterior_Cingulate,18.0,142.0,"1806, 2176",idx_L,127,127.0
4,128.0,-1.4364656209945679,0,0.001,,0.07543494608990681,0.005,0.43636586110723985,0,,"128, 308",PCV,PreCuneus_Visual_Area,Posterior_Cingulate,18.0,27.0,"2245, 2416",idx_L,128,128.0
4,129.0,0.2709147036075592,0,0.001,,0.39322831797193597,0.005,0.4934761679847136,0,,"129, 309",POS1,Parieto-Occipital_Sulcus_Area_1,Posterior_Cingulate,18.0,31.0,"2531, 2727",idx_L,129,129.0
4,130.0,-1.57931387424469,0,0.001,,0.05713204052469682,0.005,0.37395517434347014,0,,"130, 310",POS2,Parieto-Occipital_Sulcus_Area_2,Posterior_Cingulate,18.0,15.0,"3261, 3093",idx_L,130,130.0
4,131.0,-0.3629559874534607,0,0.001,,0.3583188812158522,0.005,0.4934761679847136,0,,"131, 311",ProS,ProStriate_Area,Posterior_Cingulate,18.0,121.0,"1222, 1055",idx_L,131,131.0
4,132.0,-0.11825601756572723,0,0.001,,0.452932402846259,0.005,0.4934761679847136,0,,"132, 312",RSC,RetroSplenial_Complex,Posterior_Cingulate,18.0,14.0,"2830, 3067",idx_L,132,132.0
4,133.0,-0.007211343850940466,0,0.001,,0.49712311497404077,0.005,0.49712311497404077,0,,"133, 313",v23ab,Area_ventral_23_a + b,Posterior_Cingulate,18.0,33.0,"916, 1089",idx_L,133,133.0
4,134.0,1.0200356245040894,0,0.001,,0.15385578281802254,0.005,0.4734024086708386,0,,"134, 314",10r,Area_10r,AntCing_MedPFC,19.0,65.0,"1589, 1053",idx_L,134,134.0
4,135.0,1.2559367418289185,0,0.001,,0.10456945300765447,0.005,0.43837258144230185,0,,"135, 315",10v,Area_10v,AntCing_MedPFC,19.0,88.0,"3906, 2667",idx_L,135,135.0
4,136.0,1.5897413492202759,0,0.001,,0.05594655954512492,0.005,0.37395517434347014,0,,"136, 316",25,Area_25,AntCing_MedPFC,19.0,164.0,"1911, 2135",idx_L,136,136.0
4,137.0,0.1948748081922531,0,0.001,,0.4227454781177233,0.005,0.4934761679847136,0,,"137, 317",33pr,Area_33_prime,AntCing_MedPFC,19.0,58.0,"1354, 1316",idx_L,137,137.0
4,138.0,0.9527155756950378,0,0.001,,0.17036709971351321,0.005,0.4932311213464855,0,,"138, 318",8BM,Area_8BM,AntCing_MedPFC,19.0,63.0,"3122, 3436",idx_L,138,138.0
4,139.0,0.9736939668655396,0,0.001,,0.16510425688543812,0.005,0.4932311213464855,0,,"139, 319",9 m,Area_9_Middle,AntCing_MedPFC,19.0,69.0,"6338, 5881",idx_L,139,139.0
4,140.0,1.0416579246520996,0,0.001,,0.148785151415059,0.005,0.4719176537156928,0,,"140, 320",a24,Area_a24,AntCing_MedPFC,19.0,61.0,"2085, 2152",idx_L,140,140.0
4,141.0,-0.6641038656234741,0,0.001,,0.25331191810262343,0.005,0.4934761679847136,0,,"141, 321",a24pr,Anterior_24_prime,AntCing_MedPFC,19.0,59.0,"1095, 1474",idx_L,141,141.0
4,142.0,0.26687687635421753,0,0.001,,0.39478198055812863,0.005,0.4934761679847136,0,,"142, 322",a32pr,Area_anterior_32_prime,AntCing_MedPFC,19.0,179.0,"1759, 1118",idx_L,142,142.0
4,143.0,0.3815927803516388,0,0.001,,0.3513817200868421,0.005,0.4934761679847136,0,,"143, 323",d32,Area_dorsal_32,AntCing_MedPFC,19.0,62.0,"2228, 2374",idx_L,143,143.0
4,144.0,0.3750288784503937,0,0.001,,0.35381949478654195,0.005,0.4934761679847136,0,,"144, 324",p24,Area_posterior_24,AntCing_MedPFC,19.0,180.0,"2394, 2442",idx_L,144,144.0
4,145.0,-1.0830668210983276,0,0.001,,0.13938938229885656,0.005,0.47053787731817587,0,,"145, 325",p24pr,Area_Posterior_24_prime,AntCing_MedPFC,19.0,57.0,"1422, 1724",idx_L,145,145.0
4,146.0,0.480975478887558,0,0.001,,0.3152669632775846,0.005,0.4934761679847136,0,,"146, 326",p32,Area_p32,AntCing_MedPFC,19.0,64.0,"1180, 1765",idx_L,146,146.0
4,147.0,-0.0927342027425766,0,0.001,,0.46305736210929016,0.005,0.4934761679847136,0,,"147, 327",p32pr,Area_p32_prime,AntCing_MedPFC,19.0,60.0,"1569, 1305",idx_L,147,147.0
4,148.0,-0.8344009518623352,0,0.001,,0.20202754052509364,0.005,0.4934761679847136,0,,"148, 328",pOFC,Posterior_OFC_Complex,AntCing_MedPFC,19.0,166.0,"2486, 2836",idx_L,148,148.0
4,149.0,0.48530107736587524,0,0.001,,0.3137313956869728,0.005,0.4934761679847136,0,,"149, 329",s32,Area_s32,AntCing_MedPFC,19.0,165.0,"604, 1015",idx_L,149,149.0
4,150.0,-0.07911943644285202,0,0.001,,0.4684688119643118,0.005,0.4934761679847136,0,,"150, 330",10d,Area_10d,OrbPolaFrontal,20.0,72.0,"3644, 3096",idx_L,150,150.0
4,151.0,-0.45511215925216675,0,0.001,,0.3245142753969855,0.005,0.4934761679847136,0,,"151, 331",10 pp,Polar_10p,OrbPolaFrontal,20.0,90.0,"1997, 2487",idx_L,151,151.0
4,152.0,-0.2887958884239197,0,0.001,,0.3863687893390016,0.005,0.4934761679847136,0,,"152, 332",11 l,Area_11l,OrbPolaFrontal,20.0,91.0,"3531, 3793",idx_L,152,152.0
4,153.0,-0.5708901286125183,0,0.001,,0.2840370613977711,0.005,0.4934761679847136,0,,"153, 333",13 l,Area_13l,OrbPolaFrontal,20.0,92.0,"2429, 1757",idx_L,153,153.0
4,154.0,-0.7185131907463074,0,0.001,,0.23622045879390402,0.005,0.4934761679847136,0,,"154, 334",47 m,Area_47m,OrbPolaFrontal,20.0,66.0,"799, 781",idx_L,154,154.0
4,155.0,2.001276731491089,0,0.001,,0.022681287932441646,0.005,0.25516448923996854,0,,"155, 335",47 s,Area_47s,OrbPolaFrontal,20.0,94.0,"2795, 3080",idx_L,155,155.0
4,156.0,-1.3416188955307007,0,0.001,,0.08985979815927653,0.005,0.4380961836058533,0,,"156, 336",a10p,Area_anterior_10p,OrbPolaFrontal,20.0,89.0,"1964, 1748",idx_L,156,156.0
4,157.0,1.0751161575317383,0,0.001,,0.14116136319545275,0.005,0.47053787731817587,0,,"157, 337",OFC,Orbital_Frontal_Complex,OrbPolaFrontal,20.0,93.0,"4560, 5232",idx_L,157,157.0
4,158.0,-1.9742563962936401,0,0.001,,0.024176298120146423,0.005,0.26374143403796096,0,,"158, 338",p10p,Area_posterior_10p,OrbPolaFrontal,20.0,170.0,"2116, 2365",idx_L,158,158.0
4,159.0,0.24809089303016663,0,0.001,,0.4020320408539825,0.005,0.4934761679847136,0,,"159, 339",44,Area_44,Inferior_Frontal,21.0,74.0,"2435, 2589",idx_L,159,159.0
4,160.0,1.7017444372177124,0,0.001,,0.044401643157937945,0.005,0.3484650910418035,0,,"160, 340",45,Area_45,Inferior_Frontal,21.0,75.0,"3762, 2962",idx_L,160,160.0
4,161.0,1.2355074882507324,0,0.001,,0.10832084564543121,0.005,0.4431307321858549,0,,"161, 341",47 l,Area_47l_(47_lateral),Inferior_Frontal,21.0,76.0,"2527, 2592",idx_L,161,161.0
4,162.0,0.09699659794569016,0,0.001,,0.4613645480786926,0.005,0.4934761679847136,0,,"162, 342",a47r,Area_anterior_47r,Inferior_Frontal,21.0,77.0,"4167, 3763",idx_L,162,162.0
4,163.0,-1.1021385192871094,0,0.001,,0.1352007277517393,0.005,0.47053787731817587,0,,"163, 343",IFJa,Area_IFJa,Inferior_Frontal,21.0,79.0,"1513, 1405",idx_L,163,163.0
4,164.0,-0.6630584597587585,0,0.001,,0.253646556968437,0.005,0.4934761679847136,0,,"164, 344",IFJp,Area_IFJp,Inferior_Frontal,21.0,80.0,"960, 740",idx_L,164,164.0
4,165.0,-0.6005703210830688,0,0.001,,0.27406310525624233,0.005,0.4934761679847136,0,,"165, 345",IFSa,Area_IFSa,Inferior_Frontal,21.0,82.0,"2057, 2641",idx_L,165,165.0
4,166.0,0.45532292127609253,0,0.001,,0.3244384692329456,0.005,0.4934761679847136,0,,"166, 346",IFSp,Area_IFSp,Inferior_Frontal,21.0,81.0,"1589, 1730",idx_L,166,166.0
4,167.0,1.0220617055892944,0,0.001,,0.1533758481471958,0.005,0.4734024086708386,0,,"167, 347",p47r,Area_posterior_47r,Inferior_Frontal,21.0,171.0,"2133, 1761",idx_L,167,167.0
4,168.0,-0.46249625086784363,0,0.001,,0.32186274514128327,0.005,0.4934761679847136,0,,"168, 348",46,Area_46,Dorsolateral_Prefrontal,22.0,84.0,"4863, 4394",idx_L,168,168.0
4,169.0,-0.5566412210464478,0,0.001,,0.28888629207732,0.005,0.4934761679847136,0,,"169, 349",8Ad,Area_8Ad,Dorsolateral_Prefrontal,22.0,68.0,"3386, 3492",idx_L,169,169.0
4,170.0,-0.3089713454246521,0,0.001,,0.37867166205609526,0.005,0.4934761679847136,0,,"170, 350",8Av,Area_8Av,Dorsolateral_Prefrontal,22.0,67.0,"4807, 5902",idx_L,170,170.0
4,171.0,-0.3035643398761749,0,0.001,,0.38072991143152307,0.005,0.4934761679847136,0,,"171, 351",8BL,Area_8B_Lateral,Dorsolateral_Prefrontal,22.0,70.0,"3377, 4078",idx_L,171,171.0
4,172.0,0.08778604865074158,0,0.001,,0.46502336325812677,0.005,0.4934761679847136,0,,"172, 352",8C,Area_8C,Dorsolateral_Prefrontal,22.0,73.0,"4085, 3134",idx_L,172,172.0
4,173.0,-0.36284133791923523,0,0.001,,0.3583617050017438,0.005,0.4934761679847136,0,,"173, 353",9-46d,Area_9-46d,Dorsolateral_Prefrontal,22.0,86.0,"4534, 4666",idx_L,173,173.0
4,174.0,-0.7114205360412598,0,0.001,,0.23841183846935637,0.005,0.4934761679847136,0,,"174, 354",9a,Area_9_anterior,Dorsolateral_Prefrontal,22.0,87.0,"3706, 3048",idx_L,174,174.0
4,175.0,-0.07719293236732483,0,0.001,,0.46923503201282774,0.005,0.4934761679847136,0,,"175, 355",9p,Area_9_Posterior,Dorsolateral_Prefrontal,22.0,71.0,"3426, 2488",idx_L,175,175.0
4,176.0,-1.9347597360610962,0,0.001,,0.026509893069182996,0.005,0.26509893069182994,0,,"176, 356",a9-46v,Area_anterior_9-46v,Dorsolateral_Prefrontal,22.0,85.0,"3314, 2628",idx_L,176,176.0
4,177.0,-2.6847727298736572,0,0.001,,0.0036289570401837226,0.005,0.10356742532835961,0,,"177, 357",i6-8,Inferior_6-8_Transitional_Area,Dorsolateral_Prefrontal,22.0,97.0,"1764, 2418",idx_L,177,177.0
4,178.0,-1.6543405055999756,0,0.001,,0.0490291736571971,0.005,0.3602143370732848,0,,"178, 358",p9-46v,Area_posterior_9-46v,Dorsolateral_Prefrontal,22.0,83.0,"2871, 4635",idx_L,178,178.0
4,179.0,-1.2692972421646118,0,0.001,,0.10216753480408103,0.005,0.43837258144230185,0,,"179, 359",s6-8,Superior_6-8_Transitional_Area,Dorsolateral_Prefrontal,22.0,98.0,"1336, 2132",idx_L,179,179.0
4,180.0,0.2288057953119278,0,0.001,,0.4095099311319377,0.005,0.4934761679847136,0,,"180, 360",SFL,Superior_Frontal_Language_Area,Dorsolateral_Prefrontal,22.0,26.0,"3873, 3055",idx_L,180,180.0
4,181.0,-1.33379328250885,0,0.001,,0.09113580655641723,0.005,0.4380961836058533,0,,"1, 181",V1,Primary_Visual_Cortex,Primary_Visual,1.0,1.0,"13,812, 13,406",idx_R,181,181.0
4,182.0,-0.7894831299781799,0,0.001,,0.21491484297501878,0.005,0.4934761679847136,0,,"2, 182",V2,Second_Visual_Area,Early_Visual,2.0,4.0,"9515, 9420",idx_R,182,182.0
4,183.0,-0.547034502029419,0,0.001,,0.29217751442816786,0.005,0.4934761679847136,0,,"3, 183",V3,Third_Visual_Area,Early_Visual,2.0,5.0,"7106, 7481",idx_R,183,183.0
4,184.0,-0.6829066872596741,0,0.001,,0.24733290402280422,0.005,0.4934761679847136,0,,"4, 184",V4,Fourth_Visual_Area,Early_Visual,2.0,6.0,"4782, 4537",idx_R,184,184.0
4,185.0,0.7191097140312195,0,0.001,,0.23603666126152423,0.005,0.4934761679847136,0,,"5, 185",IPS1,IntraParietal_Sulcus_Area_1,Dorsal_Stream_Visual,3.0,17.0,"1751, 1750",idx_R,185,185.0
4,186.0,-0.8414098620414734,0,0.001,,0.20005918124328181,0.005,0.4934761679847136,0,,"6, 186",V3A,Area_V3A,Dorsal_Stream_Visual,3.0,13.0,"2191, 2212",idx_R,186,186.0
4,187.0,-0.9174509644508362,0,0.001,,0.17945318852851444,0.005,0.4934761679847136,0,,"7, 187",V3B,Area_V3B,Dorsal_Stream_Visual,3.0,19.0,"639, 731",idx_R,187,187.0
4,188.0,-1.5291423797607422,0,0.001,,0.06311457559182608,0.005,0.39174564160443776,0,,"8, 188",V6,Sixth_Visual_Area,Dorsal_Stream_Visual,3.0,3.0,"1402, 1559",idx_R,188,188.0
4,189.0,-1.355422019958496,0,0.001,,0.08764156894502073,0.005,0.4380961836058533,0,,"9, 189",V6A,Area_V6A,Dorsal_Stream_Visual,3.0,152.0,"904, 734",idx_R,189,189.0
4,190.0,-2.2014660835266113,0,0.001,,0.013851522599831342,0.005,0.21680644069301233,0,,"10, 190",V7,Seventh_Visual_Area,Dorsal_Stream_Visual,3.0,16.0,"1005, 1041",idx_R,190,190.0
4,191.0,-0.884006142616272,0,0.001,,0.18834644846868331,0.005,0.4934761679847136,0,,"11, 191",FFC,Fusiform_Face_Complex,Ventral_Stream_Visual,4.0,18.0,"3848, 4402",idx_R,191,191.0
4,192.0,0.06152898818254471,0,0.001,,0.47546896445205694,0.005,0.4934761679847136,0,,"12, 192",PIT,Posterior_InferoTemporal_complex,Ventral_Stream_Visual,4.0,22.0,"1392, 1386",idx_R,192,192.0
4,193.0,0.43001243472099304,0,0.001,,0.33359329793040693,0.005,0.4934761679847136,0,,"13, 193",V8,Eighth_Visual_Area,Ventral_Stream_Visual,4.0,7.0,"1361, 1175",idx_R,193,193.0
4,194.0,-0.3256142735481262,0,0.001,,0.37235810577030537,0.005,0.4934761679847136,0,,"14, 194",VMV1,VentroMedial_Visual_Area_1,Ventral_Stream_Visual,4.0,153.0,"939, 1219",idx_R,194,194.0
4,195.0,-1.0681593418121338,0,0.001,,0.14272432074411823,0.005,0.471383077686996,0,,"15, 195",VMV2,VentroMedial_Visual_Area_2,Ventral_Stream_Visual,4.0,160.0,"639, 923",idx_R,195,195.0
4,196.0,-0.799570620059967,0,0.001,,0.21197980768741315,0.005,0.4934761679847136,0,,"16, 196",VMV3,VentroMedial_Visual_Area_3,Ventral_Stream_Visual,4.0,154.0,"941, 1242",idx_R,196,196.0
4,197.0,-0.14479628205299377,0,0.001,,0.44243585889097314,0.005,0.4934761679847136,0,,"17, 197",VVC,Ventral_Visual_Complex,Ventral_Stream_Visual,4.0,163.0,"2487, 2753",idx_R,197,197.0
4,198.0,-0.4480705261230469,0,0.001,,0.3270511492932794,0.005,0.4934761679847136,0,,"18, 198",FST,Area_FST,MT + _Complex,5.0,157.0,"1324, 1683",idx_R,198,198.0
4,199.0,-0.4047999978065491,0,0.001,,0.3428122652038631,0.005,0.4934761679847136,0,,"19, 199",LO1,Area_Lateral_Occipital_1,MT + _Complex,5.0,20.0,"619, 909",idx_R,199,199.0
4,200.0,1.351691722869873,0,0.001,,0.08823697701660671,0.005,0.4380961836058533,0,,"20, 200",LO2,Area_Lateral_Occipital_2,MT + _Complex,5.0,21.0,"1179, 1062",idx_R,200,200.0
4,201.0,-0.0866330936551094,0,0.001,,0.4654815799251145,0.005,0.4934761679847136,0,,"21, 201",LO3,Area_Lateral_Occipital_3,MT + _Complex,5.0,159.0,"438, 915",idx_R,201,201.0
4,202.0,0.06409204751253128,0,0.001,,0.4744484669971049,0.005,0.4934761679847136,0,,"22, 202",MST,Medial_Superior_Temporal_Area,MT + _Complex,5.0,2.0,"794, 1036",idx_R,202,202.0
4,203.0,-0.8030710220336914,0,0.001,,0.21096684279613775,0.005,0.4934761679847136,0,,"23, 203",MT,Middle_Temporal_Area,MT + _Complex,5.0,23.0,"620, 1005",idx_R,203,203.0
4,204.0,-0.4907674789428711,0,0.001,,0.3117954569525247,0.005,0.4934761679847136,0,,"24, 204",PH,Area_PH,MT + _Complex,5.0,138.0,"3453, 3205",idx_R,204,204.0
4,205.0,1.9379404783248901,0,0.001,,0.026315242378608075,0.005,0.26509893069182994,0,,"25, 205",V3CD,Area_V3CD,MT + _Complex,5.0,158.0,"876, 1222",idx_R,205,205.0
4,206.0,0.8938877582550049,0,0.001,,0.18569097412955876,0.005,0.4934761679847136,0,,"26, 206",V4t,Area_V4t,MT + _Complex,5.0,156.0,"1037, 1249",idx_R,206,206.0
4,207.0,0.536183774471283,0,0.001,,0.2959157730900138,0.005,0.4934761679847136,0,,"27, 207",1,Area_1,SomaSens_Motor,6.0,51.0,"6590, 5925",idx_R,207,207.0
4,208.0,0.2575232684612274,0,0.001,,0.39838742761327106,0.005,0.4934761679847136,0,,"28, 208",2,Area_2,SomaSens_Motor,6.0,52.0,"4278, 4727",idx_R,208,208.0
4,209.0,-0.016228683292865753,0,0.001,,0.49352597625792516,0.005,0.49647972391331235,0,,"29, 209",3a,Area_3a,SomaSens_Motor,6.0,53.0,"2247, 2286",idx_R,209,209.0
4,210.0,-0.1608048677444458,0,0.001,,0.4361235456143456,0.005,0.4934761679847136,0,,"30, 210",3b,Primary_Sensory_Cortex,SomaSens_Motor,6.0,9.0,"5451, 4350",idx_R,210,210.0
4,211.0,0.18040697276592255,0,0.001,,0.4284165403312059,0.005,0.4934761679847136,0,,"31, 211",4,Primary_Motor_Cortex,SomaSens_Motor,6.0,8.0,"10,776, 10,254",idx_R,211,211.0
4,212.0,-0.0741865262389183,0,0.001,,0.4704309834052524,0.005,0.4934761679847136,0,,"32, 212",23c,Area_23c,ParaCentral_MidCing,7.0,38.0,"2259, 2498",idx_R,212,212.0
4,213.0,-0.251592755317688,0,0.001,,0.40067792947772224,0.005,0.4934761679847136,0,,"33, 213",24dd,Dorsal_Area_24d,ParaCentral_MidCing,7.0,40.0,"2665, 2820",idx_R,213,213.0
4,214.0,0.054175350815057755,0,0.001,,0.47839772951851406,0.005,0.4934761679847136,0,,"34, 214",24dv,Ventral_Area_24d,ParaCentral_MidCing,7.0,41.0,"1076, 1349",idx_R,214,214.0
4,215.0,0.17837737500667572,0,0.001,,0.42921330823884707,0.005,0.4934761679847136,0,,"35, 215",5L,Area_5L,ParaCentral_MidCing,7.0,39.0,"2249, 2327",idx_R,215,215.0
4,216.0,0.3097975552082062,0,0.001,,0.37835745543811683,0.005,0.4934761679847136,0,,"36, 216",5 m,Area_5m,ParaCentral_MidCing,7.0,36.0,"1483, 2079",idx_R,216,216.0
4,217.0,-0.27226486802101135,0,0.001,,0.39270918371047076,0.005,0.4934761679847136,0,,"37, 217",5mv,Area_5m_ventral,ParaCentral_MidCing,7.0,37.0,"1651, 1996",idx_R,217,217.0
4,218.0,-0.19948963820934296,0,0.001,,0.42093987398755583,0.005,0.4934761679847136,0,,"38, 218",6ma,Area_6m_anterior,ParaCentral_MidCing,7.0,44.0,"3941, 4251",idx_R,218,218.0
4,219.0,-0.48198944330215454,0,0.001,,0.3149067227850739,0.005,0.4934761679847136,0,,"39, 219",6mp,Area_6mp,ParaCentral_MidCing,7.0,55.0,"3701, 3105",idx_R,219,219.0
4,220.0,0.6998540163040161,0,0.001,,0.24200923853535022,0.005,0.4934761679847136,0,,"40, 220",SCEF,Supplementary_and_Cingulate_Eye_Field,ParaCentral_MidCing,7.0,43.0,"3500, 3371",idx_R,220,220.0
4,221.0,-0.19303572177886963,0,0.001,,0.4234654961248502,0.005,0.4934761679847136,0,,"41, 221",55b,Area_55b,Premotor,8.0,12.0,"2422, 1537",idx_R,221,221.0
4,222.0,-0.028543682768940926,0,0.001,,0.48861426419862286,0.005,0.49643295952254457,0,,"42, 222",6a,Area_6_anterior,Premotor,8.0,96.0,"4233, 3752",idx_R,222,222.0
4,223.0,1.5000617504119873,0,0.001,,0.0667992038743587,0.005,0.40602010435338654,0,,"43, 223",6d,Dorsal_area_6,Premotor,8.0,54.0,"2916, 2909",idx_R,223,223.0
4,224.0,-0.15478003025054932,0,0.001,,0.4384973675102217,0.005,0.4934761679847136,0,,"44, 224",6r,Rostral_Area_6,Premotor,8.0,78.0,"3029, 3981",idx_R,224,224.0
4,225.0,-1.4048662185668945,0,0.001,,0.08003053178607356,0.005,0.4380961836058533,0,,"45, 225",6v,Ventral_Area_6,Premotor,8.0,56.0,"2075, 2516",idx_R,225,225.0
4,226.0,0.6247382164001465,0,0.001,,0.2660714432356202,0.005,0.4934761679847136,0,,"46, 226",FEF,Frontal_Eye_Fields,Premotor,8.0,10.0,"1787, 1889",idx_R,226,226.0
4,227.0,0.27061015367507935,0,0.001,,0.39334544281169165,0.005,0.4934761679847136,0,,"47, 227",PEF,Premotor_Eye_Field,Premotor,8.0,11.0,"1006, 1258",idx_R,227,227.0
4,228.0,-0.6878995895385742,0,0.001,,0.24575800754035237,0.005,0.4934761679847136,0,,"48, 228",43,Area_43,Posterior_Opercular,9.0,99.0,"1889, 1678",idx_R,228,228.0
4,229.0,0.13502058386802673,0,0.001,,0.44629779989156676,0.005,0.4934761679847136,0,,"49, 229",FOP1,Frontal_Opercular_Area_1,Posterior_Opercular,9.0,113.0,"879, 932",idx_R,229,229.0
4,230.0,0.7107317447662354,0,0.001,,0.23862524204715274,0.005,0.4934761679847136,0,,"50, 230",OP1,Area_OP1-SII,Posterior_Opercular,9.0,101.0,"1275, 1072",idx_R,230,230.0
4,231.0,0.25782325863838196,0,0.001,,0.3982716566900011,0.005,0.4934761679847136,0,,"51, 231",OP2-3,Area_OP2-3-VS,Posterior_Opercular,9.0,102.0,"943, 792",idx_R,231,231.0
4,232.0,-0.5249428153038025,0,0.001,,0.2998114722104249,0.005,0.4934761679847136,0,,"52, 232",OP4,Area_OP4-PV,Posterior_Opercular,9.0,100.0,"2332, 2409",idx_R,232,232.0
4,233.0,0.9660863280296326,0,0.001,,0.16700049261718702,0.005,0.4932311213464855,0,,"53, 233",52,Area_52,Early_Auditory,10.0,103.0,"725, 580",idx_R,233,233.0
4,234.0,0.2463461458683014,0,0.001,,0.4027071455477703,0.005,0.4934761679847136,0,,"54, 234",A1,Primary_Auditory_Cortex,Early_Auditory,10.0,24.0,"1023, 796",idx_R,234,234.0
4,235.0,0.9552124738693237,0,0.001,,0.1697351294931448,0.005,0.4932311213464855,0,,"55, 235",LBelt,Lateral_Belt_Complex,Early_Auditory,10.0,174.0,"820, 901",idx_R,235,235.0
4,236.0,0.11047367006540298,0,0.001,,0.45601686514089723,0.005,0.4934761679847136,0,,"56, 236",MBelt,Medial_Belt_Complex,Early_Auditory,10.0,173.0,"1242, 1236",idx_R,236,236.0
4,237.0,1.098984956741333,0,0.001,,0.1358873137887603,0.005,0.47053787731817587,0,,"57, 237",PBelt,ParaBelt_Complex,Early_Auditory,10.0,124.0,"1719, 1439",idx_R,237,237.0
4,238.0,0.4222307503223419,0,0.001,,0.3364282992835139,0.005,0.4934761679847136,0,,"58, 238",PFcm,Area_PFcm,Early_Auditory,10.0,105.0,"1486, 1485",idx_R,238,238.0
4,239.0,1.100346565246582,0,0.001,,0.13559057534373387,0.005,0.47053787731817587,0,,"59, 239",RI,RetroInsular_Cortex,Early_Auditory,10.0,104.0,"1149, 1334",idx_R,239,239.0
4,240.0,4.249665260314941,1,0.001,+,1.0704510463565235e-05,0.005,0.0038536237668834843,1,+,"60, 240",A4,Auditory_4_Complex,Auditory_Association,11.0,175.0,"3514, 3610",idx_R,240,240.0
4,241.0,2.803698778152466,0,0.001,,0.0025260039826262848,0.005,0.09093614337454625,0,,"61, 241",A5,Auditory_5_Complex,Auditory_Association,11.0,125.0,"3346, 3881",idx_R,241,241.0
4,242.0,2.4136123657226562,0,0.001,,0.007897628341395084,0.005,0.15795256682790168,0,,"62, 242",STGa,Area_STGa,Auditory_Association,11.0,123.0,"2509, 2187",idx_R,242,242.0
4,243.0,2.1516079902648926,0,0.001,,0.015714121141520383,0.005,0.21758013888258992,0,,"63, 243",STSda,Area_STSd_anterior,Auditory_Association,11.0,128.0,"1944, 2389",idx_R,243,243.0
4,244.0,2.9895124435424805,0,0.001,,0.0013971153294814738,0.005,0.055884613179258955,0,,"64, 244",STSdp,Area_STSd_posterior,Auditory_Association,11.0,129.0,"1994, 2605",idx_R,244,244.0
4,245.0,0.13386110961437225,0,0.001,,0.4467562017377801,0.005,0.4934761679847136,0,,"65, 245",STSva,Area_STSv_anterior,Auditory_Association,11.0,176.0,"1694, 1900",idx_R,245,245.0
4,246.0,3.0335261821746826,0,0.001,,0.001208568678631407,0.005,0.055884613179258955,0,,"66, 246",STSvp,Area_STSv_posterior,Auditory_Association,11.0,130.0,"2898, 2515",idx_R,246,246.0
4,247.0,1.5817087888717651,0,0.001,,0.05685803270278623,0.005,0.37395517434347014,0,,"67, 247",TA2,Area_TA2,Auditory_Association,11.0,107.0,"1518, 1726",idx_R,247,247.0
4,248.0,0.42462098598480225,0,0.001,,0.3355564960209588,0.005,0.4934761679847136,0,,"68, 248",AAIC,Anterior_Agranular_Insula_Complex,Insula_FrontalOperc,12.0,112.0,"1859, 1691",idx_R,248,248.0
4,249.0,-0.18218351900577545,0,0.001,,0.42771935323861204,0.005,0.4934761679847136,0,,"69, 249",AVI,Anterior_Ventral_Insular_Area,Insula_FrontalOperc,12.0,111.0,"1446, 1792",idx_R,249,249.0
4,250.0,-0.2449260801076889,0,0.001,,0.4032568337968412,0.005,0.4934761679847136,0,,"70, 250",FOP2,Frontal_Opercular_Area_2,Insula_FrontalOperc,12.0,115.0,"750, 720",idx_R,250,250.0
4,251.0,-0.3440365195274353,0,0.001,,0.36540941097137225,0.005,0.4934761679847136,0,,"71, 251",FOP3,Frontal_Opercular_Area_3,Insula_FrontalOperc,12.0,114.0,"754, 614",idx_R,251,251.0
4,252.0,0.8239858746528625,0,0.001,,0.20497379202493393,0.005,0.4934761679847136,0,,"72, 252",FOP4,Frontal_Opercular_Area_4,Insula_FrontalOperc,12.0,108.0,"2522, 1678",idx_R,252,252.0
4,253.0,2.1290018558502197,0,0.001,,0.01662705342928463,0.005,0.22169404572379509,0,,"73, 253",FOP5,Area_Frontal_Opercular_5,Insula_FrontalOperc,12.0,169.0,"1297, 1365",idx_R,253,253.0
4,254.0,-0.19818080961704254,0,0.001,,0.42145180070607924,0.005,0.4934761679847136,0,,"74, 254",Ig,Insular_Granular_Complex,Insula_FrontalOperc,12.0,168.0,"841, 1077",idx_R,254,254.0
4,255.0,0.39318719506263733,0,0.001,,0.3470906132801487,0.005,0.4934761679847136,0,,"75, 255",MI,Middle_Insular_Area,Insula_FrontalOperc,12.0,109.0,"2102, 1960",idx_R,255,255.0
4,256.0,1.0388356447219849,0,0.001,,0.1494405903433027,0.005,0.4719176537156928,0,,"76, 256",PI,Para-Insular_Area,Insula_FrontalOperc,12.0,178.0,"1033, 1058",idx_R,256,256.0
4,257.0,0.7990527153015137,0,0.001,,0.21212992292550392,0.005,0.4934761679847136,0,,"77, 257",Pir,Pirform_Cortex,Insula_FrontalOperc,12.0,110.0,"2287, 1856",idx_R,257,257.0
4,258.0,1.259157419204712,0,0.001,,0.10398673908349476,0.005,0.43837258144230185,0,,"78, 258",PoI1,Area_Posterior_Insular_1,Insula_FrontalOperc,12.0,167.0,"1811, 1835",idx_R,258,258.0
4,259.0,0.3741576671600342,0,0.001,,0.35414350852277554,0.005,0.4934761679847136,0,,"79, 259",PoI2,Posterior_Insular_Area_2,Insula_FrontalOperc,12.0,106.0,"2747, 2675",idx_R,259,259.0
4,260.0,0.2588026821613312,0,0.001,,0.3978937441508848,0.005,0.4934761679847136,0,,"80, 260",H,Hippocampus,Medial_Temporal,13.0,120.0,"4283, 3626",idx_R,260,260.0
4,261.0,-0.012281249277293682,0,0.001,,0.4951006135691087,0.005,0.49647972391331235,0,,"81, 261",PreS,PreSubiculum,Medial_Temporal,13.0,119.0,"1817, 1558",idx_R,261,261.0
4,262.0,-0.18505850434303284,0,0.001,,0.4265915740600816,0.005,0.4934761679847136,0,,"82, 262",EC,Entorhinal_Cortex,Medial_Temporal,13.0,118.0,"2127, 2110",idx_R,262,262.0
4,263.0,-1.1411020755767822,0,0.001,,0.12691372383355848,0.005,0.47053787731817587,0,,"83, 263",PeEc,Perirhinal_Ectorhinal_Cortex,Medial_Temporal,13.0,122.0,"4826, 4755",idx_R,263,263.0
4,264.0,-1.0407277345657349,0,0.001,,0.14900096374233662,0.005,0.4719176537156928,0,,"84, 264",TF,Area_TF,Medial_Temporal,13.0,135.0,"3986, 4752",idx_R,264,264.0
4,265.0,-0.09719675779342651,0,0.001,,0.46128507138093533,0.005,0.4934761679847136,0,,"85, 265",PHA1,ParaHippocampal_Area_1,Medial_Temporal,13.0,126.0,"1281, 1168",idx_R,265,265.0
4,266.0,-0.24211721122264862,0,0.001,,0.4043446711350035,0.005,0.4934761679847136,0,,"86, 266",PHA2,ParaHippocampal_Area_2,Medial_Temporal,13.0,155.0,"783, 771",idx_R,266,266.0
4,267.0,-0.4995116889476776,0,0.001,,0.3087094770983505,0.005,0.4934761679847136,0,,"87, 267",PHA3,ParaHippocampal_Area_3,Medial_Temporal,13.0,127.0,"2023, 1122",idx_R,267,267.0
4,268.0,2.996391534805298,0,0.001,,0.0013659770413701243,0.005,0.055884613179258955,0,,"88, 268",PHT,Area_PHT,Lateral_Temporal,14.0,137.0,"4182, 3410",idx_R,268,268.0
4,269.0,0.40190041065216064,0,0.001,,0.34387866025179686,0.005,0.4934761679847136,0,,"89, 269",TE1a,Area_TE1_anterior,Lateral_Temporal,14.0,132.0,"5227, 4180",idx_R,269,269.0
4,270.0,0.43143993616104126,0,0.001,,0.3330742585153327,0.005,0.4934761679847136,0,,"90, 270",TE1m,Area_TE1_Middle,Lateral_Temporal,14.0,177.0,"3339, 3429",idx_R,270,270.0
4,271.0,1.4933712482452393,0,0.001,,0.0676700173922311,0.005,0.40602010435338654,0,,"91, 271",TE1p,Area_TE1_posterior,Lateral_Temporal,14.0,133.0,"7116, 6010",idx_R,271,271.0
4,272.0,-0.49747905135154724,0,0.001,,0.3094256359896022,0.005,0.4934761679847136,0,,"92, 272",TE2a,Area_TE2_anterior,Lateral_Temporal,14.0,134.0,"5691, 5753",idx_R,272,272.0
4,273.0,-0.9365358352661133,0,0.001,,0.1744986854929379,0.005,0.4934761679847136,0,,"93, 273",TE2p,Area_TE2_posterior,Lateral_Temporal,14.0,136.0,"4115, 3040",idx_R,273,273.0
4,274.0,0.8549529314041138,0,0.001,,0.19628860284159066,0.005,0.4934761679847136,0,,"94, 274",TGd,Area_TG_dorsal,Lateral_Temporal,14.0,131.0,"10,192, 10,269",idx_R,274,274.0
4,275.0,0.2501571476459503,0,0.001,,0.4012329115266058,0.005,0.4934761679847136,0,,"95, 275",TGv,Area_TG_Ventral,Lateral_Temporal,14.0,172.0,"3694, 4515",idx_R,275,275.0
4,276.0,0.6647698879241943,0,0.001,,0.25309884263108795,0.005,0.4934761679847136,0,,"96, 276",PSL,PeriSylvian_Language_Area,TPO,15.0,25.0,"2154, 2759",idx_R,276,276.0
4,277.0,3.333085536956787,1,0.001,+,0.0004294426622176694,0.005,0.0309198716796722,0,,"97, 277",STV,Superior_Temporal_Visual_Area,TPO,15.0,28.0,"2322, 2294",idx_R,277,277.0
4,278.0,4.0049824714660645,1,0.001,+,3.101104002302733e-05,0.005,0.00558198720414492,0,,"98, 278",TPOJ1,Area_TemporoParietoOccipital_Junction_1,TPO,15.0,139.0,"2102, 3938",idx_R,278,278.0
4,279.0,0.6481323838233948,0,0.001,,0.25844966512703726,0.005,0.4934761679847136,0,,"99, 279",TPOJ2,Area_TemporoParietoOccipital_Junction_2,TPO,15.0,140.0,"1930, 2068",idx_R,279,279.0
4,280.0,-0.5571750402450562,0,0.001,,0.28870392066623934,0.005,0.4934761679847136,0,,"100, 280",TPOJ3,Area_TemporoParietoOccipital_Junction_3,TPO,15.0,141.0,"1290, 1277",idx_R,280,280.0
4,281.0,-0.05785481631755829,0,0.001,,0.4769321370773593,0.005,0.4934761679847136,0,,"101, 281",7AL,Lateral_Area_7A,Superior_Parietal,16.0,42.0,"2134, 2030",idx_R,281,281.0
4,282.0,-0.28164049983024597,0,0.001,,0.38910959117979516,0.005,0.4934761679847136,0,,"102, 282",7Am,Medial_Area_7A,Superior_Parietal,16.0,45.0,"2995, 2379",idx_R,282,282.0
4,283.0,-0.5026496052742004,0,0.001,,0.30760532330751267,0.005,0.4934761679847136,0,,"103, 283",7PC,Area_7PC,Superior_Parietal,16.0,47.0,"3151, 3415",idx_R,283,283.0
4,284.0,-0.16212044656276703,0,0.001,,0.43560550258060693,0.005,0.4934761679847136,0,,"104, 284",7Pl,Lateral_Area_7P,Superior_Parietal,16.0,46.0,"1695, 1363",idx_R,284,284.0
4,285.0,-0.30563589930534363,0,0.001,,0.37994094195153133,0.005,0.4934761679847136,0,,"105, 285",7Pm,Medial_Area_7P,Superior_Parietal,16.0,29.0,"1601, 1308",idx_R,285,285.0
4,286.0,-0.16975979506969452,0,0.001,,0.4325995233985731,0.005,0.4934761679847136,0,,"106, 286",AIP,Anterior_IntraParietal_Area,Superior_Parietal,16.0,117.0,"1999, 2542",idx_R,286,286.0
4,287.0,0.11915332078933716,0,0.001,,0.4525769438571823,0.005,0.4934761679847136,0,,"107, 287",LIPd,Area_Lateral_IntraParietal_dorsal,Superior_Parietal,16.0,95.0,"1008, 869",idx_R,287,287.0
4,288.0,0.8397579193115234,0,0.001,,0.2005220659831748,0.005,0.4934761679847136,0,,"108, 288",LIPv,Area_Lateral_IntraParietal_ventral,Superior_Parietal,16.0,48.0,"1681, 1783",idx_R,288,288.0
4,289.0,-0.1713104248046875,0,0.001,,0.4319898419131779,0.005,0.4934761679847136,0,,"109, 289",MIP,Medial_IntraParietal_Area,Superior_Parietal,16.0,50.0,"1872, 2403",idx_R,289,289.0
4,290.0,-0.8061152100563049,0,0.001,,0.21008821112797327,0.005,0.4934761679847136,0,,"110, 290",VIP,Ventral_IntraParietal_Complex,Superior_Parietal,16.0,49.0,"1890, 1577",idx_R,290,290.0
4,291.0,-1.832303524017334,0,0.001,,0.033453106185504206,0.005,0.28254016934504506,0,,"111, 291",IP0,Area_IntraParietal_0,Inferior_Parietal,17.0,146.0,"1203, 1239",idx_R,291,291.0
4,292.0,-0.5541527271270752,0,0.001,,0.28973716376911274,0.005,0.4934761679847136,0,,"112, 292",IP1,Area_IntraParietal_1,Inferior_Parietal,17.0,145.0,"1692, 1632",idx_R,292,292.0
4,293.0,0.015617418102920055,0,0.001,,0.49376980487039196,0.005,0.49647972391331235,0,,"113, 293",IP2,Area_IntraParietal_2,Inferior_Parietal,17.0,144.0,"2102, 1861",idx_R,293,293.0
4,294.0,-1.0533113479614258,0,0.001,,0.14609915982142346,0.005,0.4719176537156928,0,,"114, 294",PF,Area_PF_Complex,Inferior_Parietal,17.0,148.0,"5457, 5251",idx_R,294,294.0
4,295.0,1.6897835731506348,0,0.001,,0.045534683806987636,0.005,0.3484650910418035,0,,"115, 295",PFm,Area_PFm_Complex,Inferior_Parietal,17.0,149.0,"8220, 8141",idx_R,295,295.0
4,296.0,-2.6212265491485596,0,0.001,,0.004380700906304628,0.005,0.10745441541241768,0,,"116, 296",PFop,Area_PF_Opercular,Inferior_Parietal,17.0,147.0,"1797, 1783",idx_R,296,296.0
4,297.0,-0.5080997347831726,0,0.001,,0.3056917006246821,0.005,0.4934761679847136,0,,"117, 297",PFt,Area_PFt,Inferior_Parietal,17.0,116.0,"1983, 2039",idx_R,297,297.0
4,298.0,0.6802423000335693,0,0.001,,0.2481755263013708,0.005,0.4934761679847136,0,,"118, 298",PGi,Area_PGi,Inferior_Parietal,17.0,150.0,"4791, 4970",idx_R,298,298.0
4,299.0,0.7414008378982544,0,0.001,,0.22922521830232367,0.005,0.4934761679847136,0,,"119, 299",PGp,Area_PGp,Inferior_Parietal,17.0,143.0,"2501, 3740",idx_R,299,299.0
4,300.0,0.7852841019630432,0,0.001,,0.21614350744386646,0.005,0.4934761679847136,0,,"120, 300",PGs,Area_PGs,Inferior_Parietal,17.0,151.0,"4552, 3366",idx_R,300,300.0
4,301.0,-0.0914076641201973,0,0.001,,0.46358433607946414,0.005,0.4934761679847136,0,,"121, 301",23d,Area_23d,Posterior_Cingulate,18.0,32.0,"1261, 1513",idx_R,301,301.0
4,302.0,0.5639100074768066,0,0.001,,0.28640768950215706,0.005,0.4934761679847136,0,,"122, 302",31a,Area_31a,Posterior_Cingulate,18.0,162.0,"1260, 1116",idx_R,302,302.0
4,303.0,0.8591015338897705,0,0.001,,0.19514225056843826,0.005,0.4934761679847136,0,,"123, 303",31pd,Area_31pd,Posterior_Cingulate,18.0,161.0,"1428, 864",idx_R,303,303.0
4,304.0,1.5326147079467773,0,0.001,,0.06268540770853931,0.005,0.39174564160443776,0,,"124, 304",31pv,Area_31p_ventral,Posterior_Cingulate,18.0,35.0,"950, 1022",idx_R,304,304.0
4,305.0,0.11532510071992874,0,0.001,,0.4540937217986706,0.005,0.4934761679847136,0,,"125, 305",7 m,Area_7m,Posterior_Cingulate,18.0,30.0,"2128, 2067",idx_R,305,305.0
4,306.0,1.090246319770813,0,0.001,,0.13780232719659785,0.005,0.47053787731817587,0,,"126, 306",d23ab,Area_dorsal_23_a + b,Posterior_Cingulate,18.0,34.0,"1607, 1106",idx_R,306,306.0
4,307.0,0.15353648364543915,0,0.001,,0.4389876107920013,0.005,0.4934761679847136,0,,"127, 307",DVT,Dorsal_Transitional_Visual_Area,Posterior_Cingulate,18.0,142.0,"1806, 2176",idx_R,307,307.0
4,308.0,0.5812035202980042,0,0.001,,0.2805516476907483,0.005,0.4934761679847136,0,,"128, 308",PCV,PreCuneus_Visual_Area,Posterior_Cingulate,18.0,27.0,"2245, 2416",idx_R,308,308.0
4,309.0,0.26687556505203247,0,0.001,,0.3947824853902621,0.005,0.4934761679847136,0,,"129, 309",POS1,Parieto-Occipital_Sulcus_Area_1,Posterior_Cingulate,18.0,31.0,"2531, 2727",idx_R,309,309.0
4,310.0,-0.745353639125824,0,0.001,,0.2280289812797897,0.005,0.4934761679847136,0,,"130, 310",POS2,Parieto-Occipital_Sulcus_Area_2,Posterior_Cingulate,18.0,15.0,"3261, 3093",idx_R,310,310.0
4,311.0,1.2094675302505493,0,0.001,,0.11324163908489027,0.005,0.4492696122576063,0,,"131, 311",ProS,ProStriate_Area,Posterior_Cingulate,18.0,121.0,"1222, 1055",idx_R,311,311.0
4,312.0,0.9251660704612732,0,0.001,,0.17743976478861195,0.005,0.4934761679847136,0,,"132, 312",RSC,RetroSplenial_Complex,Posterior_Cingulate,18.0,14.0,"2830, 3067",idx_R,312,312.0
4,313.0,-0.15933546423912048,0,0.001,,0.43670229061596233,0.005,0.4934761679847136,0,,"133, 313",v23ab,Area_ventral_23_a + b,Posterior_Cingulate,18.0,33.0,"916, 1089",idx_R,313,313.0
4,314.0,1.9004004001617432,0,0.001,,0.028690297224890055,0.005,0.27180281581474786,0,,"134, 314",10r,Area_10r,AntCing_MedPFC,19.0,65.0,"1589, 1053",idx_R,314,314.0
4,315.0,1.8299024105072021,0,0.001,,0.03363226647280908,0.005,0.28254016934504506,0,,"135, 315",10v,Area_10v,AntCing_MedPFC,19.0,88.0,"3906, 2667",idx_R,315,315.0
4,316.0,0.702267587184906,0,0.001,,0.2412561514723186,0.005,0.4934761679847136,0,,"136, 316",25,Area_25,AntCing_MedPFC,19.0,164.0,"1911, 2135",idx_R,316,316.0
4,317.0,0.14581790566444397,0,0.001,,0.44203257015770275,0.005,0.4934761679847136,0,,"137, 317",33pr,Area_33_prime,AntCing_MedPFC,19.0,58.0,"1354, 1316",idx_R,317,317.0
4,318.0,0.8424949049949646,0,0.001,,0.19975549520524366,0.005,0.4934761679847136,0,,"138, 318",8BM,Area_8BM,AntCing_MedPFC,19.0,63.0,"3122, 3436",idx_R,318,318.0
4,319.0,1.6117275953292847,0,0.001,,0.05351061498932157,0.005,0.37395517434347014,0,,"139, 319",9 m,Area_9_Middle,AntCing_MedPFC,19.0,69.0,"6338, 5881",idx_R,319,319.0
4,320.0,1.2825108766555786,0,0.001,,0.09983174597353589,0.005,0.43837258144230185,0,,"140, 320",a24,Area_a24,AntCing_MedPFC,19.0,61.0,"2085, 2152",idx_R,320,320.0
4,321.0,-0.8226144313812256,0,0.001,,0.2053636446634699,0.005,0.4934761679847136,0,,"141, 321",a24pr,Anterior_24_prime,AntCing_MedPFC,19.0,59.0,"1095, 1474",idx_R,321,321.0
4,322.0,-1.153511643409729,0,0.001,,0.12435022064521495,0.005,0.47053787731817587,0,,"142, 322",a32pr,Area_anterior_32_prime,AntCing_MedPFC,19.0,179.0,"1759, 1118",idx_R,322,322.0
4,323.0,0.9491946697235107,0,0.001,,0.17126080602308524,0.005,0.4932311213464855,0,,"143, 323",d32,Area_dorsal_32,AntCing_MedPFC,19.0,62.0,"2228, 2374",idx_R,323,323.0
4,324.0,-1.3907848596572876,0,0.001,,0.08214533779856514,0.005,0.4380961836058533,0,,"144, 324",p24,Area_posterior_24,AntCing_MedPFC,19.0,180.0,"2394, 2442",idx_R,324,324.0
4,325.0,-0.02738920971751213,0,0.001,,0.4890746522098343,0.005,0.49643295952254457,0,,"145, 325",p24pr,Area_Posterior_24_prime,AntCing_MedPFC,19.0,57.0,"1422, 1724",idx_R,325,325.0
4,326.0,0.5503540635108948,0,0.001,,0.29103827470750554,0.005,0.4934761679847136,0,,"146, 326",p32,Area_p32,AntCing_MedPFC,19.0,64.0,"1180, 1765",idx_R,326,326.0
4,327.0,0.38501235842704773,0,0.001,,0.3501141296620468,0.005,0.4934761679847136,0,,"147, 327",p32pr,Area_p32_prime,AntCing_MedPFC,19.0,60.0,"1569, 1305",idx_R,327,327.0
4,328.0,0.7876244187355042,0,0.001,,0.21545821354207145,0.005,0.4934761679847136,0,,"148, 328",pOFC,Posterior_OFC_Complex,AntCing_MedPFC,19.0,166.0,"2486, 2836",idx_R,328,328.0
4,329.0,1.597626805305481,0,0.001,,0.05506302859091468,0.005,0.37395517434347014,0,,"149, 329",s32,Area_s32,AntCing_MedPFC,19.0,165.0,"604, 1015",idx_R,329,329.0
4,330.0,2.339303731918335,0,0.001,,0.009659859852588486,0.005,0.16559759747294547,0,,"150, 330",10d,Area_10d,OrbPolaFrontal,20.0,72.0,"3644, 3096",idx_R,330,330.0
4,331.0,-2.0804667472839355,0,0.001,,0.018741371290178076,0.005,0.23265150567117612,0,,"151, 331",10 pp,Polar_10p,OrbPolaFrontal,20.0,90.0,"1997, 2487",idx_R,331,331.0
4,332.0,-0.18199969828128815,0,0.001,,0.42779148134170153,0.005,0.4934761679847136,0,,"152, 332",11 l,Area_11l,OrbPolaFrontal,20.0,91.0,"3531, 3793",idx_R,332,332.0
4,333.0,0.055905781686306,0,0.001,,0.4777084324579893,0.005,0.4934761679847136,0,,"153, 333",13 l,Area_13l,OrbPolaFrontal,20.0,92.0,"2429, 1757",idx_R,333,333.0
4,334.0,-0.3840583562850952,0,0.001,,0.3504675978998355,0.005,0.4934761679847136,0,,"154, 334",47 m,Area_47m,OrbPolaFrontal,20.0,66.0,"799, 781",idx_R,334,334.0
4,335.0,0.4837314188480377,0,0.001,,0.3142882461642934,0.005,0.4934761679847136,0,,"155, 335",47 s,Area_47s,OrbPolaFrontal,20.0,94.0,"2795, 3080",idx_R,335,335.0
4,336.0,-2.3558623790740967,0,0.001,,0.00923988130487443,0.005,0.16559759747294547,0,,"156, 336",a10p,Area_anterior_10p,OrbPolaFrontal,20.0,89.0,"1964, 1748",idx_R,336,336.0
4,337.0,1.0911228656768799,0,0.001,,0.1376094113415276,0.005,0.47053787731817587,0,,"157, 337",OFC,Orbital_Frontal_Complex,OrbPolaFrontal,20.0,93.0,"4560, 5232",idx_R,337,337.0
4,338.0,-0.1506928652524948,0,0.001,,0.4401090008330167,0.005,0.4934761679847136,0,,"158, 338",p10p,Area_posterior_10p,OrbPolaFrontal,20.0,170.0,"2116, 2365",idx_R,338,338.0
4,339.0,3.7124955654144287,1,0.001,+,0.00010261282887017,0.005,0.009235154598315299,0,,"159, 339",44,Area_44,Inferior_Frontal,21.0,74.0,"2435, 2589",idx_R,339,339.0
4,340.0,2.4769742488861084,0,0.001,,0.00662507307583078,0.005,0.14029566513524003,0,,"160, 340",45,Area_45,Inferior_Frontal,21.0,75.0,"3762, 2962",idx_R,340,340.0
4,341.0,1.2944822311401367,0,0.001,,0.09774945150780107,0.005,0.43837258144230185,0,,"161, 341",47 l,Area_47l_(47_lateral),Inferior_Frontal,21.0,76.0,"2527, 2592",idx_R,341,341.0
4,342.0,1.4122275114059448,0,0.001,,0.07894149118310495,0.005,0.4380961836058533,0,,"162, 342",a47r,Area_anterior_47r,Inferior_Frontal,21.0,77.0,"4167, 3763",idx_R,342,342.0
4,343.0,1.6085536479949951,0,0.001,,0.053856988267639704,0.005,0.37395517434347014,0,,"163, 343",IFJa,Area_IFJa,Inferior_Frontal,21.0,79.0,"1513, 1405",idx_R,343,343.0
4,344.0,-0.25157755613327026,0,0.001,,0.4006838041818127,0.005,0.4934761679847136,0,,"164, 344",IFJp,Area_IFJp,Inferior_Frontal,21.0,80.0,"960, 740",idx_R,344,344.0
4,345.0,1.8385343551635742,0,0.001,,0.03299185213824158,0.005,0.28254016934504506,0,,"165, 345",IFSa,Area_IFSa,Inferior_Frontal,21.0,82.0,"2057, 2641",idx_R,345,345.0
4,346.0,1.2234315872192383,0,0.001,,0.11058336447610057,0.005,0.4473034967572607,0,,"166, 346",IFSp,Area_IFSp,Inferior_Frontal,21.0,81.0,"1589, 1730",idx_R,346,346.0
4,347.0,1.023402214050293,0,0.001,,0.1530588565047838,0.005,0.4734024086708386,0,,"167, 347",p47r,Area_posterior_47r,Inferior_Frontal,21.0,171.0,"2133, 1761",idx_R,347,347.0
4,348.0,0.055760033428668976,0,0.001,,0.47776648704247643,0.005,0.4934761679847136,0,,"168, 348",46,Area_46,Dorsolateral_Prefrontal,22.0,84.0,"4863, 4394",idx_R,348,348.0
4,349.0,0.026227207854390144,0,0.001,,0.48953805730695366,0.005,0.49643295952254457,0,,"169, 349",8Ad,Area_8Ad,Dorsolateral_Prefrontal,22.0,68.0,"3386, 3492",idx_R,349,349.0
4,350.0,0.7775225639343262,0,0.001,,0.21842526366552462,0.005,0.4934761679847136,0,,"170, 350",8Av,Area_8Av,Dorsolateral_Prefrontal,22.0,67.0,"4807, 5902",idx_R,350,350.0
4,351.0,-0.9021962285041809,0,0.001,,0.1834763189735107,0.005,0.4934761679847136,0,,"171, 351",8BL,Area_8B_Lateral,Dorsolateral_Prefrontal,22.0,70.0,"3377, 4078",idx_R,351,351.0
4,352.0,1.0411244630813599,0,0.001,,0.1489088936552877,0.005,0.4719176537156928,0,,"172, 352",8C,Area_8C,Dorsolateral_Prefrontal,22.0,73.0,"4085, 3134",idx_R,352,352.0
4,353.0,-1.4010142087936401,0,0.001,,0.08060491210528326,0.005,0.4380961836058533,0,,"173, 353",9-46d,Area_9-46d,Dorsolateral_Prefrontal,22.0,86.0,"4534, 4666",idx_R,353,353.0
4,354.0,2.169407844543457,0,0.001,,0.015025866970227314,0.005,0.21758013888258992,0,,"174, 354",9a,Area_9_anterior,Dorsolateral_Prefrontal,22.0,87.0,"3706, 3048",idx_R,354,354.0
4,355.0,0.09176705777645111,0,0.001,,0.4634415588381898,0.005,0.4934761679847136,0,,"175, 355",9p,Area_9_Posterior,Dorsolateral_Prefrontal,22.0,71.0,"3426, 2488",idx_R,355,355.0
4,356.0,-0.9508808851242065,0,0.001,,0.17083242310894975,0.005,0.4932311213464855,0,,"176, 356",a9-46v,Area_anterior_9-46v,Dorsolateral_Prefrontal,22.0,85.0,"3314, 2628",idx_R,356,356.0
4,357.0,-1.2798712253570557,0,0.001,,0.10029521451081091,0.005,0.43837258144230185,0,,"177, 357",i6-8,Inferior_6-8_Transitional_Area,Dorsolateral_Prefrontal,22.0,97.0,"1764, 2418",idx_R,357,357.0
4,358.0,0.4081098437309265,0,0.001,,0.341596516718793,0.005,0.4934761679847136,0,,"178, 358",p9-46v,Area_posterior_9-46v,Dorsolateral_Prefrontal,22.0,83.0,"2871, 4635",idx_R,358,358.0
4,359.0,0.22655940055847168,0,0.001,,0.41038318251109707,0.005,0.4934761679847136,0,,"179, 359",s6-8,Superior_6-8_Transitional_Area,Dorsolateral_Prefrontal,22.0,98.0,"1336, 2132",idx_R,359,359.0
4,360.0,0.5492352843284607,0,0.001,,0.29142199646219513,0.005,0.4934761679847136,0,,"180, 360",SFL,Superior_Frontal_Language_Area,Dorsolateral_Prefrontal,22.0,26.0,"3873, 3055",idx_R,360,360.0
5,1.0,1.3216925859451294,0,0.001,,0.09313526924705917,0.005,0.4039602039631482,0,,"1, 181",V1,Primary_Visual_Cortex,Primary_Visual,1.0,1.0,"13,812, 13,406",idx_L,1,1.0
5,2.0,1.2679327726364136,0,0.001,,0.10241097967245077,0.005,0.41604316544043224,0,,"2, 182",V2,Second_Visual_Area,Early_Visual,2.0,4.0,"9515, 9420",idx_L,2,2.0
5,3.0,1.8744359016418457,0,0.001,,0.030435184515950425,0.005,0.29890821916023114,0,,"3, 183",V3,Third_Visual_Area,Early_Visual,2.0,5.0,"7106, 7481",idx_L,3,3.0
5,4.0,0.3180560767650604,0,0.001,,0.3752212002736489,0.005,0.4918973291365914,0,,"4, 184",V4,Fourth_Visual_Area,Early_Visual,2.0,6.0,"4782, 4537",idx_L,4,4.0
5,5.0,0.5199839472770691,0,0.001,,0.30153738182406564,0.005,0.4720012855752408,0,,"5, 185",IPS1,IntraParietal_Sulcus_Area_1,Dorsal_Stream_Visual,3.0,17.0,"1751, 1750",idx_L,5,5.0
5,6.0,-0.03983011096715927,0,0.001,,0.4841142850960722,0.005,0.4962200081640993,0,,"6, 186",V3A,Area_V3A,Dorsal_Stream_Visual,3.0,13.0,"2191, 2212",idx_L,6,6.0
5,7.0,-0.3657843768596649,0,0.001,,0.35726298933114664,0.005,0.49089571053134656,0,,"7, 187",V3B,Area_V3B,Dorsal_Stream_Visual,3.0,19.0,"639, 731",idx_L,7,7.0
5,8.0,0.8870058059692383,0,0.001,,0.18753788731364324,0.005,0.4471101949199442,0,,"8, 188",V6,Sixth_Visual_Area,Dorsal_Stream_Visual,3.0,3.0,"1402, 1559",idx_L,8,8.0
5,9.0,1.3107882738113403,0,0.001,,0.09496465266635856,0.005,0.4069913685701081,0,,"9, 189",V6A,Area_V6A,Dorsal_Stream_Visual,3.0,152.0,"904, 734",idx_L,9,9.0
5,10.0,0.8199291229248047,0,0.001,,0.20612825671629942,0.005,0.4567199311414127,0,,"10, 190",V7,Seventh_Visual_Area,Dorsal_Stream_Visual,3.0,16.0,"1005, 1041",idx_L,10,10.0
5,11.0,0.9718642234802246,0,0.001,,0.1655590501193488,0.005,0.43739381926310605,0,,"11, 191",FFC,Fusiform_Face_Complex,Ventral_Stream_Visual,4.0,18.0,"3848, 4402",idx_L,11,11.0
5,12.0,0.25809961557388306,0,0.001,,0.3981650141294156,0.005,0.4918973291365914,0,,"12, 192",PIT,Posterior_InferoTemporal_complex,Ventral_Stream_Visual,4.0,22.0,"1392, 1386",idx_L,12,12.0
5,13.0,0.10298758000135422,0,0.001,,0.45898641412945934,0.005,0.49189783148282984,0,,"13, 193",V8,Eighth_Visual_Area,Ventral_Stream_Visual,4.0,7.0,"1361, 1175",idx_L,13,13.0
5,14.0,0.6228898763656616,0,0.001,,0.26667844556842846,0.005,0.459788228135467,0,,"14, 194",VMV1,VentroMedial_Visual_Area_1,Ventral_Stream_Visual,4.0,153.0,"939, 1219",idx_L,14,14.0
5,15.0,0.6212466955184937,0,0.001,,0.267218659972284,0.005,0.459788228135467,0,,"15, 195",VMV2,VentroMedial_Visual_Area_2,Ventral_Stream_Visual,4.0,160.0,"639, 923",idx_L,15,15.0
5,16.0,0.10268965363502502,0,0.001,,0.4591046427173079,0.005,0.49189783148282984,0,,"16, 196",VMV3,VentroMedial_Visual_Area_3,Ventral_Stream_Visual,4.0,154.0,"941, 1242",idx_L,16,16.0
5,17.0,0.6109992265701294,0,0.001,,0.27060004617297434,0.005,0.459788228135467,0,,"17, 197",VVC,Ventral_Visual_Complex,Ventral_Stream_Visual,4.0,163.0,"2487, 2753",idx_L,17,17.0
5,18.0,2.4732186794281006,0,0.001,,0.006695109008333907,0.005,0.17857087687491624,0,,"18, 198",FST,Area_FST,MT + _Complex,5.0,157.0,"1324, 1683",idx_L,18,18.0
5,19.0,0.6275596022605896,0,0.001,,0.2651462399145528,0.005,0.459788228135467,0,,"19, 199",LO1,Area_Lateral_Occipital_1,MT + _Complex,5.0,20.0,"619, 909",idx_L,19,19.0
5,20.0,0.7194725871086121,0,0.001,,0.23592489332699534,0.005,0.459788228135467,0,,"20, 200",LO2,Area_Lateral_Occipital_2,MT + _Complex,5.0,21.0,"1179, 1062",idx_L,20,20.0
5,21.0,1.0809880495071411,0,0.001,,0.13985121477946616,0.005,0.43739381926310605,0,,"21, 201",LO3,Area_Lateral_Occipital_3,MT + _Complex,5.0,159.0,"438, 915",idx_L,21,21.0
5,22.0,1.6243455410003662,0,0.001,,0.05215104142785539,0.005,0.36104567142361427,0,,"22, 202",MST,Medial_Superior_Temporal_Area,MT + _Complex,5.0,2.0,"794, 1036",idx_L,22,22.0
5,23.0,0.9329460859298706,0,0.001,,0.1754239028805762,0.005,0.43739381926310605,0,,"23, 203",MT,Middle_Temporal_Area,MT + _Complex,5.0,23.0,"620, 1005",idx_L,23,23.0
5,24.0,2.1619086265563965,0,0.001,,0.015312609969784098,0.005,0.22784908025961492,0,,"24, 204",PH,Area_PH,MT + _Complex,5.0,138.0,"3453, 3205",idx_L,24,24.0
5,25.0,0.7774773836135864,0,0.001,,0.21843858637385188,0.005,0.45814732169787525,0,,"25, 205",V3CD,Area_V3CD,MT + _Complex,5.0,158.0,"876, 1222",idx_L,25,25.0
5,26.0,2.1032583713531494,0,0.001,,0.01772159513130338,0.005,0.22784908025961492,0,,"26, 206",V4t,Area_V4t,MT + _Complex,5.0,156.0,"1037, 1249",idx_L,26,26.0
5,27.0,1.1228809356689453,0,0.001,,0.1307440326409981,0.005,0.43739381926310605,0,,"27, 207",1,Area_1,SomaSens_Motor,6.0,51.0,"6590, 5925",idx_L,27,27.0
5,28.0,1.191164255142212,0,0.001,,0.11679455449726117,0.005,0.43739381926310605,0,,"28, 208",2,Area_2,SomaSens_Motor,6.0,52.0,"4278, 4727",idx_L,28,28.0
5,29.0,1.0161679983139038,0,0.001,,0.15477469637018443,0.005,0.43739381926310605,0,,"29, 209",3a,Area_3a,SomaSens_Motor,6.0,53.0,"2247, 2286",idx_L,29,29.0
5,30.0,1.1563998460769653,0,0.001,,0.1237588222641895,0.005,0.43739381926310605,0,,"30, 210",3b,Primary_Sensory_Cortex,SomaSens_Motor,6.0,9.0,"5451, 4350",idx_L,30,30.0
5,31.0,1.6708438396453857,0,0.001,,0.04737626336964714,0.005,0.35860060347081446,0,,"31, 211",4,Primary_Motor_Cortex,SomaSens_Motor,6.0,8.0,"10,776, 10,254",idx_L,31,31.0
5,32.0,0.4606098234653473,0,0.001,,0.3225392812372147,0.005,0.47921448516084647,0,,"32, 212",23c,Area_23c,ParaCentral_MidCing,7.0,38.0,"2259, 2498",idx_L,32,32.0
5,33.0,0.7710857391357422,0,0.001,,0.2203280564447575,0.005,0.45814732169787525,0,,"33, 213",24dd,Dorsal_Area_24d,ParaCentral_MidCing,7.0,40.0,"2665, 2820",idx_L,33,33.0
5,34.0,-0.045720621943473816,0,0.001,,0.4817664635306518,0.005,0.4962200081640993,0,,"34, 214",24dv,Ventral_Area_24d,ParaCentral_MidCing,7.0,41.0,"1076, 1349",idx_L,34,34.0
5,35.0,1.4543125629425049,0,0.001,,0.07292983449737685,0.005,0.38027521370650386,0,,"35, 215",5L,Area_5L,ParaCentral_MidCing,7.0,39.0,"2249, 2327",idx_L,35,35.0
5,36.0,0.4319809675216675,0,0.001,,0.33287762301853535,0.005,0.47921448516084647,0,,"36, 216",5 m,Area_5m,ParaCentral_MidCing,7.0,36.0,"1483, 2079",idx_L,36,36.0
5,37.0,0.14318722486495972,0,0.001,,0.4430711594686547,0.005,0.49189783148282984,0,,"37, 217",5mv,Area_5m_ventral,ParaCentral_MidCing,7.0,37.0,"1651, 1996",idx_L,37,37.0
5,38.0,1.7157663106918335,0,0.001,,0.043102411273565865,0.005,0.35539462889974005,0,,"38, 218",6ma,Area_6m_anterior,ParaCentral_MidCing,7.0,44.0,"3941, 4251",idx_L,38,38.0
5,39.0,1.51254403591156,0,0.001,,0.06519775946019615,0.005,0.38027521370650386,0,,"39, 219",6mp,Area_6mp,ParaCentral_MidCing,7.0,55.0,"3701, 3105",idx_L,39,39.0
5,40.0,0.6488859057426453,0,0.001,,0.2582060626984853,0.005,0.459788228135467,0,,"40, 220",SCEF,Supplementary_and_Cingulate_Eye_Field,ParaCentral_MidCing,7.0,43.0,"3500, 3371",idx_L,40,40.0
5,41.0,1.0572367906570435,0,0.001,,0.14520176648184568,0.005,0.43739381926310605,0,,"41, 221",55b,Area_55b,Premotor,8.0,12.0,"2422, 1537",idx_L,41,41.0
5,42.0,2.029390335083008,0,0.001,,0.021209274372513503,0.005,0.26328754393465037,0,,"42, 222",6a,Area_6_anterior,Premotor,8.0,96.0,"4233, 3752",idx_L,42,42.0
5,43.0,1.8963650465011597,0,0.001,,0.028955895248536378,0.005,0.29783206541351703,0,,"43, 223",6d,Dorsal_area_6,Premotor,8.0,54.0,"2916, 2909",idx_L,43,43.0
5,44.0,1.742596983909607,0,0.001,,0.0407020186254452,0.005,0.3521343889639684,0,,"44, 224",6r,Rostral_Area_6,Premotor,8.0,78.0,"3029, 3981",idx_L,44,44.0
5,45.0,1.0503944158554077,0,0.001,,0.14676840598920488,0.005,0.43739381926310605,0,,"45, 225",6v,Ventral_Area_6,Premotor,8.0,56.0,"2075, 2516",idx_L,45,45.0
5,46.0,1.593883991241455,0,0.001,,0.05548101033406462,0.005,0.3768521456653446,0,,"46, 226",FEF,Frontal_Eye_Fields,Premotor,8.0,10.0,"1787, 1889",idx_L,46,46.0
5,47.0,1.9809871912002563,0,0.001,,0.023796355017465076,0.005,0.2763447679447557,0,,"47, 227",PEF,Premotor_Eye_Field,Premotor,8.0,11.0,"1006, 1258",idx_L,47,47.0
5,48.0,1.0112181901931763,0,0.001,,0.15595600574459595,0.005,0.43739381926310605,0,,"48, 228",43,Area_43,Posterior_Opercular,9.0,99.0,"1889, 1678",idx_L,48,48.0
5,49.0,0.9216681718826294,0,0.001,,0.1783508436533452,0.005,0.43739381926310605,0,,"49, 229",FOP1,Frontal_Opercular_Area_1,Posterior_Opercular,9.0,113.0,"879, 932",idx_L,49,49.0
5,50.0,0.48275381326675415,0,0.001,,0.3146352743560341,0.005,0.47591890238727846,0,,"50, 230",OP1,Area_OP1-SII,Posterior_Opercular,9.0,101.0,"1275, 1072",idx_L,50,50.0
5,51.0,-0.19225524365901947,0,0.001,,0.42377113736838856,0.005,0.49189783148282984,0,,"51, 231",OP2-3,Area_OP2-3-VS,Posterior_Opercular,9.0,102.0,"943, 792",idx_L,51,51.0
5,52.0,-0.9028607606887817,0,0.001,,0.18329989925277163,0.005,0.44248245215240767,0,,"52, 232",OP4,Area_OP4-PV,Posterior_Opercular,9.0,100.0,"2332, 2409",idx_L,52,52.0
5,53.0,0.05081214755773544,0,0.001,,0.47973760551556127,0.005,0.4962200081640993,0,,"53, 233",52,Area_52,Early_Auditory,10.0,103.0,"725, 580",idx_L,53,53.0
5,54.0,-0.28444090485572815,0,0.001,,0.38803625770219496,0.005,0.4918973291365914,0,,"54, 234",A1,Primary_Auditory_Cortex,Early_Auditory,10.0,24.0,"1023, 796",idx_L,54,54.0
5,55.0,-0.7561658024787903,0,0.001,,0.22477489670688794,0.005,0.45814732169787525,0,,"55, 235",LBelt,Lateral_Belt_Complex,Early_Auditory,10.0,174.0,"820, 901",idx_L,55,55.0
5,56.0,-0.7220566272735596,0,0.001,,0.235129831459708,0.005,0.459788228135467,0,,"56, 236",MBelt,Medial_Belt_Complex,Early_Auditory,10.0,173.0,"1242, 1236",idx_L,56,56.0
5,57.0,-0.4004010856151581,0,0.001,,0.3444305623859334,0.005,0.48247082668846697,0,,"57, 237",PBelt,ParaBelt_Complex,Early_Auditory,10.0,124.0,"1719, 1439",idx_L,57,57.0
5,58.0,2.859461545944214,0,0.001,,0.0021218043198834103,0.005,0.15276991103160553,0,,"58, 238",PFcm,Area_PFcm,Early_Auditory,10.0,105.0,"1486, 1485",idx_L,58,58.0
5,59.0,-0.15459582209587097,0,0.001,,0.43856998194162883,0.005,0.49189783148282984,0,,"59, 239",RI,RetroInsular_Cortex,Early_Auditory,10.0,104.0,"1149, 1334",idx_L,59,59.0
5,60.0,0.2861878573894501,0,0.001,,0.38736712169310095,0.005,0.4918973291365914,0,,"60, 240",A4,Auditory_4_Complex,Auditory_Association,11.0,175.0,"3514, 3610",idx_L,60,60.0
5,61.0,-0.06527358293533325,0,0.001,,0.47397808762069005,0.005,0.4962200081640993,0,,"61, 241",A5,Auditory_5_Complex,Auditory_Association,11.0,125.0,"3346, 3881",idx_L,61,61.0
5,62.0,-0.5454701781272888,0,0.001,,0.29271509281425456,0.005,0.46511179893911836,0,,"62, 242",STGa,Area_STGa,Auditory_Association,11.0,123.0,"2509, 2187",idx_L,62,62.0
5,63.0,-1.1783342361450195,0,0.001,,0.11933169207312216,0.005,0.43739381926310605,0,,"63, 243",STSda,Area_STSd_anterior,Auditory_Association,11.0,128.0,"1944, 2389",idx_L,63,63.0
5,64.0,-0.29963377118110657,0,0.001,,0.3822282606903653,0.005,0.4918973291365914,0,,"64, 244",STSdp,Area_STSd_posterior,Auditory_Association,11.0,129.0,"1994, 2605",idx_L,64,64.0
5,65.0,-0.9604990482330322,0,0.001,,0.1684020548859348,0.005,0.43739381926310605,0,,"65, 245",STSva,Area_STSv_anterior,Auditory_Association,11.0,176.0,"1694, 1900",idx_L,65,65.0
5,66.0,-0.6254713535308838,0,0.001,,0.26583087200499167,0.005,0.459788228135467,0,,"66, 246",STSvp,Area_STSv_posterior,Auditory_Association,11.0,130.0,"2898, 2515",idx_L,66,66.0
5,67.0,-0.1674242466688156,0,0.001,,0.43351812417299745,0.005,0.49189783148282984,0,,"67, 247",TA2,Area_TA2,Auditory_Association,11.0,107.0,"1518, 1726",idx_L,67,67.0
5,68.0,0.8697375059127808,0,0.001,,0.19222193534088472,0.005,0.4509220557538267,0,,"68, 248",AAIC,Anterior_Agranular_Insula_Complex,Insula_FrontalOperc,12.0,112.0,"1859, 1691",idx_L,68,68.0
5,69.0,0.15582379698753357,0,0.001,,0.43808595623171664,0.005,0.49189783148282984,0,,"69, 249",AVI,Anterior_Ventral_Insular_Area,Insula_FrontalOperc,12.0,111.0,"1446, 1792",idx_L,69,69.0
5,70.0,0.7708591222763062,0,0.001,,0.22039521947621588,0.005,0.45814732169787525,0,,"70, 250",FOP2,Frontal_Opercular_Area_2,Insula_FrontalOperc,12.0,115.0,"750, 720",idx_L,70,70.0
5,71.0,0.6270663738250732,0,0.001,,0.265307863986156,0.005,0.459788228135467,0,,"71, 251",FOP3,Frontal_Opercular_Area_3,Insula_FrontalOperc,12.0,114.0,"754, 614",idx_L,71,71.0
5,72.0,0.4897005259990692,0,0.001,,0.31217291479658793,0.005,0.4741867060201336,0,,"72, 252",FOP4,Frontal_Opercular_Area_4,Insula_FrontalOperc,12.0,108.0,"2522, 1678",idx_L,72,72.0
5,73.0,0.2417442351579666,0,0.001,,0.4044891756094005,0.005,0.4918973291365914,0,,"73, 253",FOP5,Area_Frontal_Opercular_5,Insula_FrontalOperc,12.0,169.0,"1297, 1365",idx_L,73,73.0
5,74.0,-1.0192711353302002,0,0.001,,0.15403713172243227,0.005,0.43739381926310605,0,,"74, 254",Ig,Insular_Granular_Complex,Insula_FrontalOperc,12.0,168.0,"841, 1077",idx_L,74,74.0
5,75.0,1.4046200513839722,0,0.001,,0.08006714542217519,0.005,0.38027521370650386,0,,"75, 255",MI,Middle_Insular_Area,Insula_FrontalOperc,12.0,109.0,"2102, 1960",idx_L,75,75.0
5,76.0,-0.32607021927833557,0,0.001,,0.37218561414885104,0.005,0.4918973291365914,0,,"76, 256",PI,Para-Insular_Area,Insula_FrontalOperc,12.0,178.0,"1033, 1058",idx_L,76,76.0
5,77.0,0.44602063298225403,0,0.001,,0.3277911709087987,0.005,0.47921448516084647,0,,"77, 257",Pir,Pirform_Cortex,Insula_FrontalOperc,12.0,110.0,"2287, 1856",idx_L,77,77.0
5,78.0,1.5231764316558838,0,0.001,,0.06385728542823338,0.005,0.38027521370650386,0,,"78, 258",PoI1,Area_Posterior_Insular_1,Insula_FrontalOperc,12.0,167.0,"1811, 1835",idx_L,78,78.0
5,79.0,0.11536946147680283,0,0.001,,0.45407614175821454,0.005,0.49189783148282984,0,,"79, 259",PoI2,Posterior_Insular_Area_2,Insula_FrontalOperc,12.0,106.0,"2747, 2675",idx_L,79,79.0
5,80.0,0.3712204396724701,0,0.001,,0.3552366752046132,0.005,0.490848054668512,0,,"80, 260",H,Hippocampus,Medial_Temporal,13.0,120.0,"4283, 3626",idx_L,80,80.0
5,81.0,-0.030210280790925026,0,0.001,,0.48794967469469763,0.005,0.4962200081640993,0,,"81, 261",PreS,PreSubiculum,Medial_Temporal,13.0,119.0,"1817, 1558",idx_L,81,81.0
5,82.0,-0.9454333782196045,0,0.001,,0.17221883415117145,0.005,0.43739381926310605,0,,"82, 262",EC,Entorhinal_Cortex,Medial_Temporal,13.0,118.0,"2127, 2110",idx_L,82,82.0
5,83.0,1.0767080783843994,0,0.001,,0.14080535110573594,0.005,0.43739381926310605,0,,"83, 263",PeEc,Perirhinal_Ectorhinal_Cortex,Medial_Temporal,13.0,122.0,"4826, 4755",idx_L,83,83.0
5,84.0,0.5970985293388367,0,0.001,,0.27522079986777725,0.005,0.459788228135467,0,,"84, 264",TF,Area_TF,Medial_Temporal,13.0,135.0,"3986, 4752",idx_L,84,84.0
5,85.0,0.24838624894618988,0,0.001,,0.4019177860138329,0.005,0.4918973291365914,0,,"85, 265",PHA1,ParaHippocampal_Area_1,Medial_Temporal,13.0,126.0,"1281, 1168",idx_L,85,85.0
5,86.0,1.3287111520767212,0,0.001,,0.09197164211534081,0.005,0.4037779409941792,0,,"86, 266",PHA2,ParaHippocampal_Area_2,Medial_Temporal,13.0,155.0,"783, 771",idx_L,86,86.0
5,87.0,0.06055273860692978,0,0.001,,0.4758577067691427,0.005,0.4962200081640993,0,,"87, 267",PHA3,ParaHippocampal_Area_3,Medial_Temporal,13.0,127.0,"2023, 1122",idx_L,87,87.0
5,88.0,2.259329319000244,0,0.001,,0.011931453725459971,0.005,0.22784908025961492,0,,"88, 268",PHT,Area_PHT,Lateral_Temporal,14.0,137.0,"4182, 3410",idx_L,88,88.0
5,89.0,-0.8275618553161621,0,0.001,,0.20395933906730435,0.005,0.45632208852987843,0,,"89, 269",TE1a,Area_TE1_anterior,Lateral_Temporal,14.0,132.0,"5227, 4180",idx_L,89,89.0
5,90.0,0.31755152344703674,0,0.001,,0.3754125753683209,0.005,0.4918973291365914,0,,"90, 270",TE1m,Area_TE1_Middle,Lateral_Temporal,14.0,177.0,"3339, 3429",idx_L,90,90.0
5,91.0,2.2203924655914307,0,0.001,,0.01319606902715273,0.005,0.22784908025961492,0,,"91, 271",TE1p,Area_TE1_posterior,Lateral_Temporal,14.0,133.0,"7116, 6010",idx_L,91,91.0
5,92.0,-0.42914140224456787,0,0.001,,0.33391016189217887,0.005,0.47921448516084647,0,,"92, 272",TE2a,Area_TE2_anterior,Lateral_Temporal,14.0,134.0,"5691, 5753",idx_L,92,92.0
5,93.0,1.4076217412948608,0,0.001,,0.07962155305516722,0.005,0.38027521370650386,0,,"93, 273",TE2p,Area_TE2_posterior,Lateral_Temporal,14.0,136.0,"4115, 3040",idx_L,93,93.0
5,94.0,-0.5438311696052551,0,0.001,,0.29327882877549966,0.005,0.46511179893911836,0,,"94, 274",TGd,Area_TG_dorsal,Lateral_Temporal,14.0,131.0,"10,192, 10,269",idx_L,94,94.0
5,95.0,0.7104426622390747,0,0.001,,0.23871483768075152,0.005,0.459788228135467,0,,"95, 275",TGv,Area_TG_Ventral,Lateral_Temporal,14.0,172.0,"3694, 4515",idx_L,95,95.0
5,96.0,-0.40480586886405945,0,0.001,,0.34281010724342914,0.005,0.4820767133110722,0,,"96, 276",PSL,PeriSylvian_Language_Area,TPO,15.0,25.0,"2154, 2759",idx_L,96,96.0
5,97.0,-1.6531933546066284,0,0.001,,0.04914575925902376,0.005,0.36104567142361427,0,,"97, 277",STV,Superior_Temporal_Visual_Area,TPO,15.0,28.0,"2322, 2294",idx_L,97,97.0
5,98.0,-0.09540189057588577,0,0.001,,0.46199780723353584,0.005,0.493528814848881,0,,"98, 278",TPOJ1,Area_TemporoParietoOccipital_Junction_1,TPO,15.0,139.0,"2102, 3938",idx_L,98,98.0
5,99.0,-0.7936622500419617,0,0.001,,0.21369604117306573,0.005,0.45814732169787525,0,,"99, 279",TPOJ2,Area_TemporoParietoOccipital_Junction_2,TPO,15.0,140.0,"1930, 2068",idx_L,99,99.0
5,100.0,1.140236496925354,0,0.001,,0.12709389305175484,0.005,0.43739381926310605,0,,"100, 280",TPOJ3,Area_TemporoParietoOccipital_Junction_3,TPO,15.0,141.0,"1290, 1277",idx_L,100,100.0
5,101.0,3.3043134212493896,1,0.001,+,0.00047604663125961293,0.005,0.08568839362673032,0,,"101, 281",7AL,Lateral_Area_7A,Superior_Parietal,16.0,42.0,"2134, 2030",idx_L,101,101.0
5,102.0,1.4468750953674316,0,0.001,,0.07396595473278401,0.005,0.38027521370650386,0,,"102, 282",7Am,Medial_Area_7A,Superior_Parietal,16.0,45.0,"2995, 2379",idx_L,102,102.0
5,103.0,2.4661643505096436,0,0.001,,0.006828432799417392,0.005,0.17857087687491624,0,,"103, 283",7PC,Area_7PC,Superior_Parietal,16.0,47.0,"3151, 3415",idx_L,103,103.0
5,104.0,2.1475491523742676,0,0.001,,0.01587479424902242,0.005,0.22784908025961492,0,,"104, 284",7Pl,Lateral_Area_7P,Superior_Parietal,16.0,46.0,"1695, 1363",idx_L,104,104.0
5,105.0,-0.003231113078072667,0,0.001,,0.49871097462332303,0.005,0.4998532794331564,0,,"105, 285",7Pm,Medial_Area_7P,Superior_Parietal,16.0,29.0,"1601, 1308",idx_L,105,105.0
5,106.0,2.717865467071533,0,0.001,,0.0032852273875330434,0.005,0.16895455135884224,0,,"106, 286",AIP,Anterior_IntraParietal_Area,Superior_Parietal,16.0,117.0,"1999, 2542",idx_L,106,106.0
5,107.0,1.6909208297729492,0,0.001,,0.045425962210523224,0.005,0.35550753034322524,0,,"107, 287",LIPd,Area_Lateral_IntraParietal_dorsal,Superior_Parietal,16.0,95.0,"1008, 869",idx_L,107,107.0
5,108.0,0.9213213920593262,0,0.001,,0.1784413278500145,0.005,0.43739381926310605,0,,"108, 288",LIPv,Area_Lateral_IntraParietal_ventral,Superior_Parietal,16.0,48.0,"1681, 1783",idx_L,108,108.0
5,109.0,0.7553877830505371,0,0.001,,0.22500817069366802,0.005,0.45814732169787525,0,,"109, 289",MIP,Medial_IntraParietal_Area,Superior_Parietal,16.0,50.0,"1872, 2403",idx_L,109,109.0
5,110.0,3.413140058517456,1,0.001,+,0.0003210946434818178,0.005,0.08568839362673032,0,,"110, 290",VIP,Ventral_IntraParietal_Complex,Superior_Parietal,16.0,49.0,"1890, 1577",idx_L,110,110.0
5,111.0,1.4561891555786133,0,0.001,,0.07267016826546883,0.005,0.38027521370650386,0,,"111, 291",IP0,Area_IntraParietal_0,Inferior_Parietal,17.0,146.0,"1203, 1239",idx_L,111,111.0
5,112.0,0.7393430471420288,0,0.001,,0.22984935806273055,0.005,0.459788228135467,0,,"112, 292",IP1,Area_IntraParietal_1,Inferior_Parietal,17.0,145.0,"1692, 1632",idx_L,112,112.0
5,113.0,1.4324206113815308,0,0.001,,0.07601174163765612,0.005,0.38027521370650386,0,,"113, 293",IP2,Area_IntraParietal_2,Inferior_Parietal,17.0,144.0,"2102, 1861",idx_L,113,113.0
5,114.0,3.0871052742004395,0,0.001,,0.001010580017483032,0.005,0.10779513193834171,0,,"114, 294",PF,Area_PF_Complex,Inferior_Parietal,17.0,148.0,"5457, 5251",idx_L,114,114.0
5,115.0,1.3766177892684937,0,0.001,,0.08431522399623181,0.005,0.389147187674916,0,,"115, 295",PFm,Area_PFm_Complex,Inferior_Parietal,17.0,149.0,"8220, 8141",idx_L,115,115.0
5,116.0,1.088422417640686,0,0.001,,0.13820433452636754,0.005,0.43739381926310605,0,,"116, 296",PFop,Area_PF_Opercular,Inferior_Parietal,17.0,147.0,"1797, 1783",idx_L,116,116.0
5,117.0,1.7015025615692139,0,0.001,,0.044424328612467506,0.005,0.35539462889974005,0,,"117, 297",PFt,Area_PFt,Inferior_Parietal,17.0,116.0,"1983, 2039",idx_L,117,117.0
5,118.0,-1.1770298480987549,0,0.001,,0.11959179652225216,0.005,0.43739381926310605,0,,"118, 298",PGi,Area_PGi,Inferior_Parietal,17.0,150.0,"4791, 4970",idx_L,118,118.0
5,119.0,1.4478856325149536,0,0.001,,0.07382451922297639,0.005,0.38027521370650386,0,,"119, 299",PGp,Area_PGp,Inferior_Parietal,17.0,143.0,"2501, 3740",idx_L,119,119.0
5,120.0,1.123207926750183,0,0.001,,0.13067459841147272,0.005,0.43739381926310605,0,,"120, 300",PGs,Area_PGs,Inferior_Parietal,17.0,151.0,"4552, 3366",idx_L,120,120.0
5,121.0,0.27620407938957214,0,0.001,,0.39119566208374934,0.005,0.4918973291365914,0,,"121, 301",23d,Area_23d,Posterior_Cingulate,18.0,32.0,"1261, 1513",idx_L,121,121.0
5,122.0,-0.4455329477787018,0,0.001,,0.3279673274623456,0.005,0.47921448516084647,0,,"122, 302",31a,Area_31a,Posterior_Cingulate,18.0,162.0,"1260, 1116",idx_L,122,122.0
5,123.0,-1.4746133089065552,0,0.001,,0.07015826737396258,0.005,0.38027521370650386,0,,"123, 303",31pd,Area_31pd,Posterior_Cingulate,18.0,161.0,"1428, 864",idx_L,123,123.0
5,124.0,-1.7061710357666016,0,0.001,,0.04398811989016228,0.005,0.35539462889974005,0,,"124, 304",31pv,Area_31p_ventral,Posterior_Cingulate,18.0,35.0,"950, 1022",idx_L,124,124.0
5,125.0,-1.1055892705917358,0,0.001,,0.13445216796077963,0.005,0.43739381926310605,0,,"125, 305",7 m,Area_7m,Posterior_Cingulate,18.0,30.0,"2128, 2067",idx_L,125,125.0
5,126.0,-0.9529198408126831,0,0.001,,0.17031534324496395,0.005,0.43739381926310605,0,,"126, 306",d23ab,Area_dorsal_23_a + b,Posterior_Cingulate,18.0,34.0,"1607, 1106",idx_L,126,126.0
5,127.0,0.28754326701164246,0,0.001,,0.3868481888578264,0.005,0.4918973291365914,0,,"127, 307",DVT,Dorsal_Transitional_Visual_Area,Posterior_Cingulate,18.0,142.0,"1806, 2176",idx_L,127,127.0
5,128.0,-0.5127508044242859,0,0.001,,0.304062823257336,0.005,0.4720012855752408,0,,"128, 308",PCV,PreCuneus_Visual_Area,Posterior_Cingulate,18.0,27.0,"2245, 2416",idx_L,128,128.0
5,129.0,-0.15072593092918396,0,0.001,,0.44009595849818794,0.005,0.49189783148282984,0,,"129, 309",POS1,Parieto-Occipital_Sulcus_Area_1,Posterior_Cingulate,18.0,31.0,"2531, 2727",idx_L,129,129.0
5,130.0,-0.3240100145339966,0,0.001,,0.37296522619337125,0.005,0.4918973291365914,0,,"130, 310",POS2,Parieto-Occipital_Sulcus_Area_2,Posterior_Cingulate,18.0,15.0,"3261, 3093",idx_L,130,130.0
5,131.0,-0.623573899269104,0,0.001,,0.26645372811208556,0.005,0.459788228135467,0,,"131, 311",ProS,ProStriate_Area,Posterior_Cingulate,18.0,121.0,"1222, 1055",idx_L,131,131.0
5,132.0,-0.651170015335083,0,0.001,,0.2574683719337401,0.005,0.459788228135467,0,,"132, 312",RSC,RetroSplenial_Complex,Posterior_Cingulate,18.0,14.0,"2830, 3067",idx_L,132,132.0
5,133.0,-0.14213140308856964,0,0.001,,0.443488106945486,0.005,0.49189783148282984,0,,"133, 313",v23ab,Area_ventral_23_a + b,Posterior_Cingulate,18.0,33.0,"916, 1089",idx_L,133,133.0
5,134.0,0.12617367506027222,0,0.001,,0.449797224533264,0.005,0.49189783148282984,0,,"134, 314",10r,Area_10r,AntCing_MedPFC,19.0,65.0,"1589, 1053",idx_L,134,134.0
5,135.0,-0.1641114056110382,0,0.001,,0.43482172158515964,0.005,0.49189783148282984,0,,"135, 315",10v,Area_10v,AntCing_MedPFC,19.0,88.0,"3906, 2667",idx_L,135,135.0
5,136.0,0.5097881555557251,0,0.001,,0.30509994229417037,0.005,0.4720012855752408,0,,"136, 316",25,Area_25,AntCing_MedPFC,19.0,164.0,"1911, 2135",idx_L,136,136.0
5,137.0,0.2082081437110901,0,0.001,,0.41753322508399937,0.005,0.4918973291365914,0,,"137, 317",33pr,Area_33_prime,AntCing_MedPFC,19.0,58.0,"1354, 1316",idx_L,137,137.0
5,138.0,1.4671978950500488,0,0.001,,0.07116111469510801,0.005,0.38027521370650386,0,,"138, 318",8BM,Area_8BM,AntCing_MedPFC,19.0,63.0,"3122, 3436",idx_L,138,138.0
5,139.0,0.7613569498062134,0,0.001,,0.2232219467576731,0.005,0.45814732169787525,0,,"139, 319",9 m,Area_9_Middle,AntCing_MedPFC,19.0,69.0,"6338, 5881",idx_L,139,139.0
5,140.0,0.023487616330385208,0,0.001,,0.49063065824907465,0.005,0.4975409492103292,0,,"140, 320",a24,Area_a24,AntCing_MedPFC,19.0,61.0,"2085, 2152",idx_L,140,140.0
5,141.0,0.2515944838523865,0,0.001,,0.4006772613755425,0.005,0.4918973291365914,0,,"141, 321",a24pr,Anterior_24_prime,AntCing_MedPFC,19.0,59.0,"1095, 1474",idx_L,141,141.0
5,142.0,0.6423629522323608,0,0.001,,0.26031877431134887,0.005,0.459788228135467,0,,"142, 322",a32pr,Area_anterior_32_prime,AntCing_MedPFC,19.0,179.0,"1759, 1118",idx_L,142,142.0
5,143.0,1.3387510776519775,0,0.001,,0.0903258610291986,0.005,0.40264666514625597,0,,"143, 323",d32,Area_dorsal_32,AntCing_MedPFC,19.0,62.0,"2228, 2374",idx_L,143,143.0
5,144.0,0.754562497138977,0,0.001,,0.22525576650145535,0.005,0.45814732169787525,0,,"144, 324",p24,Area_posterior_24,AntCing_MedPFC,19.0,180.0,"2394, 2442",idx_L,144,144.0
5,145.0,0.6523458361625671,0,0.001,,0.2570890485881134,0.005,0.459788228135467,0,,"145, 325",p24pr,Area_Posterior_24_prime,AntCing_MedPFC,19.0,57.0,"1422, 1724",idx_L,145,145.0
5,146.0,0.599784255027771,0,0.001,,0.2743250139354845,0.005,0.459788228135467,0,,"146, 326",p32,Area_p32,AntCing_MedPFC,19.0,64.0,"1180, 1765",idx_L,146,146.0
5,147.0,0.8295601606369019,0,0.001,,0.2033937546839829,0.005,0.45632208852987843,0,,"147, 327",p32pr,Area_p32_prime,AntCing_MedPFC,19.0,60.0,"1569, 1305",idx_L,147,147.0
5,148.0,-0.571584165096283,0,0.001,,0.2838018628494991,0.005,0.4602192370532418,0,,"148, 328",pOFC,Posterior_OFC_Complex,AntCing_MedPFC,19.0,166.0,"2486, 2836",idx_L,148,148.0
5,149.0,0.25269222259521484,0,0.001,,0.40025302917882133,0.005,0.4918973291365914,0,,"149, 329",s32,Area_s32,AntCing_MedPFC,19.0,165.0,"604, 1015",idx_L,149,149.0
5,150.0,2.1161904335021973,0,0.001,,0.01716430725998781,0.005,0.22784908025961492,0,,"150, 330",10d,Area_10d,OrbPolaFrontal,20.0,72.0,"3644, 3096",idx_L,150,150.0
5,151.0,1.413309931755066,0,0.001,,0.0787823075180421,0.005,0.38027521370650386,0,,"151, 331",10 pp,Polar_10p,OrbPolaFrontal,20.0,90.0,"1997, 2487",idx_L,151,151.0
5,152.0,1.0263581275939941,0,0.001,,0.15236140370784101,0.005,0.43739381926310605,0,,"152, 332",11 l,Area_11l,OrbPolaFrontal,20.0,91.0,"3531, 3793",idx_L,152,152.0
5,153.0,0.10952349007129669,0,0.001,,0.456393645727625,0.005,0.49189783148282984,0,,"153, 333",13 l,Area_13l,OrbPolaFrontal,20.0,92.0,"2429, 1757",idx_L,153,153.0
5,154.0,-0.2576013505458832,0,0.001,,0.39835729364842953,0.005,0.4918973291365914,0,,"154, 334",47 m,Area_47m,OrbPolaFrontal,20.0,66.0,"799, 781",idx_L,154,154.0
5,155.0,0.2212320864200592,0,0.001,,0.4124558634083161,0.005,0.4918973291365914,0,,"155, 335",47 s,Area_47s,OrbPolaFrontal,20.0,94.0,"2795, 3080",idx_L,155,155.0
5,156.0,0.03330380842089653,0,0.001,,0.48671615838267046,0.005,0.4962200081640993,0,,"156, 336",a10p,Area_anterior_10p,OrbPolaFrontal,20.0,89.0,"1964, 1748",idx_L,156,156.0
5,157.0,-0.18138514459133148,0,0.001,,0.4280326391874094,0.005,0.49189783148282984,0,,"157, 337",OFC,Orbital_Frontal_Complex,OrbPolaFrontal,20.0,93.0,"4560, 5232",idx_L,157,157.0
5,158.0,0.22158583998680115,0,0.001,,0.4123181532700313,0.005,0.4918973291365914,0,,"158, 338",p10p,Area_posterior_10p,OrbPolaFrontal,20.0,170.0,"2116, 2365",idx_L,158,158.0
5,159.0,1.4277141094207764,0,0.001,,0.07668708168058601,0.005,0.38027521370650386,0,,"159, 339",44,Area_44,Inferior_Frontal,21.0,74.0,"2435, 2589",idx_L,159,159.0
5,160.0,0.6974344849586487,0,0.001,,0.24276546326157594,0.005,0.459788228135467,0,,"160, 340",45,Area_45,Inferior_Frontal,21.0,75.0,"3762, 2962",idx_L,160,160.0
5,161.0,0.21110881865024567,0,0.001,,0.4164011795087251,0.005,0.4918973291365914,0,,"161, 341",47 l,Area_47l_(47_lateral),Inferior_Frontal,21.0,76.0,"2527, 2592",idx_L,161,161.0
5,162.0,1.1676870584487915,0,0.001,,0.12146650944990445,0.005,0.43739381926310605,0,,"162, 342",a47r,Area_anterior_47r,Inferior_Frontal,21.0,77.0,"4167, 3763",idx_L,162,162.0
5,163.0,0.5721248984336853,0,0.001,,0.28361868108540045,0.005,0.4602192370532418,0,,"163, 343",IFJa,Area_IFJa,Inferior_Frontal,21.0,79.0,"1513, 1405",idx_L,163,163.0
5,164.0,-0.05361706018447876,0,0.001,,0.47862013200075815,0.005,0.4962200081640993,0,,"164, 344",IFJp,Area_IFJp,Inferior_Frontal,21.0,80.0,"960, 740",idx_L,164,164.0
5,165.0,1.8658227920532227,0,0.001,,0.031033081213049686,0.005,0.29890821916023114,0,,"165, 345",IFSa,Area_IFSa,Inferior_Frontal,21.0,82.0,"2057, 2641",idx_L,165,165.0
5,166.0,0.5764983296394348,0,0.001,,0.2821391992849172,0.005,0.4602192370532418,0,,"166, 346",IFSp,Area_IFSp,Inferior_Frontal,21.0,81.0,"1589, 1730",idx_L,166,166.0
5,167.0,2.522614002227783,0,0.001,,0.005824309292091144,0.005,0.17857087687491624,0,,"167, 347",p47r,Area_posterior_47r,Inferior_Frontal,21.0,171.0,"2133, 1761",idx_L,167,167.0
5,168.0,1.1068247556686401,0,0.001,,0.134184851433993,0.005,0.43739381926310605,0,,"168, 348",46,Area_46,Dorsolateral_Prefrontal,22.0,84.0,"4863, 4394",idx_L,168,168.0
5,169.0,0.06440448015928268,0,0.001,,0.474324081392053,0.005,0.4962200081640993,0,,"169, 349",8Ad,Area_8Ad,Dorsolateral_Prefrontal,22.0,68.0,"3386, 3492",idx_L,169,169.0
5,170.0,0.2475256621837616,0,0.001,,0.40225071685971026,0.005,0.4918973291365914,0,,"170, 350",8Av,Area_8Av,Dorsolateral_Prefrontal,22.0,67.0,"4807, 5902",idx_L,170,170.0
5,171.0,0.9443088173866272,0,0.001,,0.1725059307192055,0.005,0.43739381926310605,0,,"171, 351",8BL,Area_8B_Lateral,Dorsolateral_Prefrontal,22.0,70.0,"3377, 4078",idx_L,171,171.0
5,172.0,0.7633043527603149,0,0.001,,0.22264095339363982,0.005,0.45814732169787525,0,,"172, 352",8C,Area_8C,Dorsolateral_Prefrontal,22.0,73.0,"4085, 3134",idx_L,172,172.0
5,173.0,1.2996641397476196,0,0.001,,0.09685805304991219,0.005,0.41022234232903987,0,,"173, 353",9-46d,Area_9-46d,Dorsolateral_Prefrontal,22.0,86.0,"4534, 4666",idx_L,173,173.0
5,174.0,1.1574878692626953,0,0.001,,0.12353654630347305,0.005,0.43739381926310605,0,,"174, 354",9a,Area_9_anterior,Dorsolateral_Prefrontal,22.0,87.0,"3706, 3048",idx_L,174,174.0
5,175.0,0.9560187458992004,0,0.001,,0.16953138187557742,0.005,0.43739381926310605,0,,"175, 355",9p,Area_9_Posterior,Dorsolateral_Prefrontal,22.0,71.0,"3426, 2488",idx_L,175,175.0
5,176.0,2.494269371032715,0,0.001,,0.006310835944233326,0.005,0.17857087687491624,0,,"176, 356",a9-46v,Area_anterior_9-46v,Dorsolateral_Prefrontal,22.0,85.0,"3314, 2628",idx_L,176,176.0
5,177.0,0.6807422041893005,0,0.001,,0.24801731317896097,0.005,0.459788228135467,0,,"177, 357",i6-8,Inferior_6-8_Transitional_Area,Dorsolateral_Prefrontal,22.0,97.0,"1764, 2418",idx_L,177,177.0
5,178.0,1.9182894229888916,0,0.001,,0.027537161416217724,0.005,0.2915699444070112,0,,"178, 358",p9-46v,Area_posterior_9-46v,Dorsolateral_Prefrontal,22.0,83.0,"2871, 4635",idx_L,178,178.0
5,179.0,1.0743547677993774,0,0.001,,0.1413318535411821,0.005,0.43739381926310605,0,,"179, 359",s6-8,Superior_6-8_Transitional_Area,Dorsolateral_Prefrontal,22.0,98.0,"1336, 2132",idx_L,179,179.0
5,180.0,0.31512245535850525,0,0.001,,0.37633433976904296,0.005,0.4918973291365914,0,,"180, 360",SFL,Superior_Frontal_Language_Area,Dorsolateral_Prefrontal,22.0,26.0,"3873, 3055",idx_L,180,180.0
5,181.0,0.9537953734397888,0,0.001,,0.170093615885144,0.005,0.43739381926310605,0,,"1, 181",V1,Primary_Visual_Cortex,Primary_Visual,1.0,1.0,"13,812, 13,406",idx_R,181,181.0
5,182.0,2.4706594944000244,0,0.001,,0.006743208209783006,0.005,0.17857087687491624,0,,"2, 182",V2,Second_Visual_Area,Early_Visual,2.0,4.0,"9515, 9420",idx_R,182,182.0
5,183.0,1.9868110418319702,0,0.001,,0.023471670269258386,0.005,0.2763447679447557,0,,"3, 183",V3,Third_Visual_Area,Early_Visual,2.0,5.0,"7106, 7481",idx_R,183,183.0
5,184.0,0.6030284762382507,0,0.001,,0.27324487281130055,0.005,0.459788228135467,0,,"4, 184",V4,Fourth_Visual_Area,Early_Visual,2.0,6.0,"4782, 4537",idx_R,184,184.0
5,185.0,0.002309683710336685,0,0.001,,0.4990785703328414,0.005,0.4998532794331564,0,,"5, 185",IPS1,IntraParietal_Sulcus_Area_1,Dorsal_Stream_Visual,3.0,17.0,"1751, 1750",idx_R,185,185.0
5,186.0,1.0713354349136353,0,0.001,,0.14200931618001905,0.005,0.43739381926310605,0,,"6, 186",V3A,Area_V3A,Dorsal_Stream_Visual,3.0,13.0,"2191, 2212",idx_R,186,186.0
5,187.0,-0.20427070558071136,0,0.001,,0.41907098043562346,0.005,0.4918973291365914,0,,"7, 187",V3B,Area_V3B,Dorsal_Stream_Visual,3.0,19.0,"639, 731",idx_R,187,187.0
5,188.0,0.47636789083480835,0,0.001,,0.31690615294595914,0.005,0.47734818016964553,0,,"8, 188",V6,Sixth_Visual_Area,Dorsal_Stream_Visual,3.0,3.0,"1402, 1559",idx_R,188,188.0
5,189.0,1.459590196609497,0,0.001,,0.07220136757801328,0.005,0.38027521370650386,0,,"9, 189",V6A,Area_V6A,Dorsal_Stream_Visual,3.0,152.0,"904, 734",idx_R,189,189.0
5,190.0,0.5458521842956543,0,0.001,,0.29258377438173566,0.005,0.46511179893911836,0,,"10, 190",V7,Seventh_Visual_Area,Dorsal_Stream_Visual,3.0,16.0,"1005, 1041",idx_R,190,190.0
5,191.0,1.0188703536987305,0,0.001,,0.1541322599356914,0.005,0.43739381926310605,0,,"11, 191",FFC,Fusiform_Face_Complex,Ventral_Stream_Visual,4.0,18.0,"3848, 4402",idx_R,191,191.0
5,192.0,1.1432491540908813,0,0.001,,0.12646757958626315,0.005,0.43739381926310605,0,,"12, 192",PIT,Posterior_InferoTemporal_complex,Ventral_Stream_Visual,4.0,22.0,"1392, 1386",idx_R,192,192.0
5,193.0,0.3384568691253662,0,0.001,,0.3675094623069466,0.005,0.4918973291365914,0,,"13, 193",V8,Eighth_Visual_Area,Ventral_Stream_Visual,4.0,7.0,"1361, 1175",idx_R,193,193.0
5,194.0,-0.10359539091587067,0,0.001,,0.45874522275004287,0.005,0.49189783148282984,0,,"14, 194",VMV1,VentroMedial_Visual_Area_1,Ventral_Stream_Visual,4.0,153.0,"939, 1219",idx_R,194,194.0
5,195.0,-0.3576424717903137,0,0.001,,0.36030544494188554,0.005,0.4918973291365914,0,,"15, 195",VMV2,VentroMedial_Visual_Area_2,Ventral_Stream_Visual,4.0,160.0,"639, 923",idx_R,195,195.0
5,196.0,0.6187283396720886,0,0.001,,0.26804766860525603,0.005,0.459788228135467,0,,"16, 196",VMV3,VentroMedial_Visual_Area_3,Ventral_Stream_Visual,4.0,154.0,"941, 1242",idx_R,196,196.0
5,197.0,0.7603141069412231,0,0.001,,0.22353342574638263,0.005,0.45814732169787525,0,,"17, 197",VVC,Ventral_Visual_Complex,Ventral_Stream_Visual,4.0,163.0,"2487, 2753",idx_R,197,197.0
5,198.0,2.106328010559082,0,0.001,,0.017587934907521547,0.005,0.22784908025961492,0,,"18, 198",FST,Area_FST,MT + _Complex,5.0,157.0,"1324, 1683",idx_R,198,198.0
5,199.0,0.813126802444458,0,0.001,,0.20807268048129207,0.005,0.4567199311414127,0,,"19, 199",LO1,Area_Lateral_Occipital_1,MT + _Complex,5.0,20.0,"619, 909",idx_R,199,199.0
5,200.0,2.260388135910034,0,0.001,,0.011898586092741985,0.005,0.22784908025961492,0,,"20, 200",LO2,Area_Lateral_Occipital_2,MT + _Complex,5.0,21.0,"1179, 1062",idx_R,200,200.0
5,201.0,1.1131902933120728,0,0.001,,0.13281335531225696,0.005,0.43739381926310605,0,,"21, 201",LO3,Area_Lateral_Occipital_3,MT + _Complex,5.0,159.0,"438, 915",idx_R,201,201.0
5,202.0,0.9248049259185791,0,0.001,,0.17753369392723495,0.005,0.43739381926310605,0,,"22, 202",MST,Medial_Superior_Temporal_Area,MT + _Complex,5.0,2.0,"794, 1036",idx_R,202,202.0
5,203.0,0.7153595089912415,0,0.001,,0.23719346285983622,0.005,0.459788228135467,0,,"23, 203",MT,Middle_Temporal_Area,MT + _Complex,5.0,23.0,"620, 1005",idx_R,203,203.0
5,204.0,1.4889919757843018,0,0.001,,0.06824474087714667,0.005,0.38027521370650386,0,,"24, 204",PH,Area_PH,MT + _Complex,5.0,138.0,"3453, 3205",idx_R,204,204.0
5,205.0,0.15340545773506165,0,0.001,,0.43903927059062026,0.005,0.49189783148282984,0,,"25, 205",V3CD,Area_V3CD,MT + _Complex,5.0,158.0,"876, 1222",idx_R,205,205.0
5,206.0,0.8542974591255188,0,0.001,,0.19647009734365944,0.005,0.45339253233152177,0,,"26, 206",V4t,Area_V4t,MT + _Complex,5.0,156.0,"1037, 1249",idx_R,206,206.0
5,207.0,0.005768752656877041,0,0.001,,0.4976986134244524,0.005,0.4998532794331564,0,,"27, 207",1,Area_1,SomaSens_Motor,6.0,51.0,"6590, 5925",idx_R,207,207.0
5,208.0,0.17207112908363342,0,0.001,,0.43169080492591827,0.005,0.49189783148282984,0,,"28, 208",2,Area_2,SomaSens_Motor,6.0,52.0,"4278, 4727",idx_R,208,208.0
5,209.0,0.7634207606315613,0,0.001,,0.22260625128594902,0.005,0.45814732169787525,0,,"29, 209",3a,Area_3a,SomaSens_Motor,6.0,53.0,"2247, 2286",idx_R,209,209.0
5,210.0,1.3677923679351807,0,0.001,,0.08568853867090237,0.005,0.3904794167281627,0,,"30, 210",3b,Primary_Sensory_Cortex,SomaSens_Motor,6.0,9.0,"5451, 4350",idx_R,210,210.0
5,211.0,0.7473469376564026,0,0.001,,0.22742708320769273,0.005,0.459788228135467,0,,"31, 211",4,Primary_Motor_Cortex,SomaSens_Motor,6.0,8.0,"10,776, 10,254",idx_R,211,211.0
5,212.0,-0.10439980775117874,0,0.001,,0.4584260376209306,0.005,0.49189783148282984,0,,"32, 212",23c,Area_23c,ParaCentral_MidCing,7.0,38.0,"2259, 2498",idx_R,212,212.0
5,213.0,0.921779453754425,0,0.001,,0.17832181334379105,0.005,0.43739381926310605,0,,"33, 213",24dd,Dorsal_Area_24d,ParaCentral_MidCing,7.0,40.0,"2665, 2820",idx_R,213,213.0
5,214.0,0.5939252376556396,0,0.001,,0.27628105909194667,0.005,0.459788228135467,0,,"34, 214",24dv,Ventral_Area_24d,ParaCentral_MidCing,7.0,41.0,"1076, 1349",idx_R,214,214.0
5,215.0,0.03788413107395172,0,0.001,,0.48489003276751896,0.005,0.4962200081640993,0,,"35, 215",5L,Area_5L,ParaCentral_MidCing,7.0,39.0,"2249, 2327",idx_R,215,215.0
5,216.0,0.44387516379356384,0,0.001,,0.3285664208950625,0.005,0.47921448516084647,0,,"36, 216",5 m,Area_5m,ParaCentral_MidCing,7.0,36.0,"1483, 2079",idx_R,216,216.0
5,217.0,0.6355791091918945,0,0.001,,0.26252539469000413,0.005,0.459788228135467,0,,"37, 217",5mv,Area_5m_ventral,ParaCentral_MidCing,7.0,37.0,"1651, 1996",idx_R,217,217.0
5,218.0,0.4249127507209778,0,0.001,,0.3354501396125925,0.005,0.47921448516084647,0,,"38, 218",6ma,Area_6m_anterior,ParaCentral_MidCing,7.0,44.0,"3941, 4251",idx_R,218,218.0
5,219.0,1.388856053352356,0,0.001,,0.08243826313621666,0.005,0.3854256458316623,0,,"39, 219",6mp,Area_6mp,ParaCentral_MidCing,7.0,55.0,"3701, 3105",idx_R,219,219.0
5,220.0,0.33413806557655334,0,0.001,,0.36913768849136974,0.005,0.4918973291365914,0,,"40, 220",SCEF,Supplementary_and_Cingulate_Eye_Field,ParaCentral_MidCing,7.0,43.0,"3500, 3371",idx_R,220,220.0
5,221.0,1.2654495239257812,0,0.001,,0.1028551159005513,0.005,0.41604316544043224,0,,"41, 221",55b,Area_55b,Premotor,8.0,12.0,"2422, 1537",idx_R,221,221.0
5,222.0,1.1040464639663696,0,0.001,,0.13478649134789633,0.005,0.43739381926310605,0,,"42, 222",6a,Area_6_anterior,Premotor,8.0,96.0,"4233, 3752",idx_R,222,222.0
5,223.0,-1.5170904397964478,0,0.001,,0.06462192582324063,0.005,0.38027521370650386,0,,"43, 223",6d,Dorsal_area_6,Premotor,8.0,54.0,"2916, 2909",idx_R,223,223.0
5,224.0,0.8418688178062439,0,0.001,,0.19993069306435074,0.005,0.45632208852987843,0,,"44, 224",6r,Rostral_Area_6,Premotor,8.0,78.0,"3029, 3981",idx_R,224,224.0
5,225.0,2.1968939304351807,0,0.001,,0.014014011219376211,0.005,0.22784908025961492,0,,"45, 225",6v,Ventral_Area_6,Premotor,8.0,56.0,"2075, 2516",idx_R,225,225.0
5,226.0,-0.8672795295715332,0,0.001,,0.19289443496135922,0.005,0.4509220557538267,0,,"46, 226",FEF,Frontal_Eye_Fields,Premotor,8.0,10.0,"1787, 1889",idx_R,226,226.0
5,227.0,0.36953407526016235,0,0.001,,0.3558648396346712,0.005,0.490848054668512,0,,"47, 227",PEF,Premotor_Eye_Field,Premotor,8.0,11.0,"1006, 1258",idx_R,227,227.0
5,228.0,0.003765443107113242,0,0.001,,0.498497809089945,0.005,0.4998532794331564,0,,"48, 228",43,Area_43,Posterior_Opercular,9.0,99.0,"1889, 1678",idx_R,228,228.0
5,229.0,0.42642146348953247,0,0.001,,0.3349003821294765,0.005,0.47921448516084647,0,,"49, 229",FOP1,Frontal_Opercular_Area_1,Posterior_Opercular,9.0,113.0,"879, 932",idx_R,229,229.0
5,230.0,0.37400558590888977,0,0.001,,0.3542000801661571,0.005,0.490848054668512,0,,"50, 230",OP1,Area_OP1-SII,Posterior_Opercular,9.0,101.0,"1275, 1072",idx_R,230,230.0
5,231.0,0.5883975625038147,0,0.001,,0.2781327367284524,0.005,0.459788228135467,0,,"51, 231",OP2-3,Area_OP2-3-VS,Posterior_Opercular,9.0,102.0,"943, 792",idx_R,231,231.0
5,232.0,-0.19977788627147675,0,0.001,,0.4208271484401719,0.005,0.4918973291365914,0,,"52, 232",OP4,Area_OP4-PV,Posterior_Opercular,9.0,100.0,"2332, 2409",idx_R,232,232.0
5,233.0,-0.2932874262332916,0,0.001,,0.38465123185539674,0.005,0.4918973291365914,0,,"53, 233",52,Area_52,Early_Auditory,10.0,103.0,"725, 580",idx_R,233,233.0
5,234.0,0.13295435905456543,0,0.001,,0.44711473807605484,0.005,0.49189783148282984,0,,"54, 234",A1,Primary_Auditory_Cortex,Early_Auditory,10.0,24.0,"1023, 796",idx_R,234,234.0
5,235.0,0.35458868741989136,0,0.001,,0.36144887614949206,0.005,0.4918973291365914,0,,"55, 235",LBelt,Lateral_Belt_Complex,Early_Auditory,10.0,174.0,"820, 901",idx_R,235,235.0
5,236.0,0.0003677739296108484,0,0.001,,0.4998532794331564,0.005,0.4998532794331564,0,,"56, 236",MBelt,Medial_Belt_Complex,Early_Auditory,10.0,173.0,"1242, 1236",idx_R,236,236.0
5,237.0,-0.7966346740722656,0,0.001,,0.2128316167627936,0.005,0.45814732169787525,0,,"57, 237",PBelt,ParaBelt_Complex,Early_Auditory,10.0,124.0,"1719, 1439",idx_R,237,237.0
5,238.0,-0.08915594965219498,0,0.001,,0.4644789864958402,0.005,0.4947113465636168,0,,"58, 238",PFcm,Area_PFcm,Early_Auditory,10.0,105.0,"1486, 1485",idx_R,238,238.0
5,239.0,-0.24608813226222992,0,0.001,,0.4028070048626906,0.005,0.4918973291365914,0,,"59, 239",RI,RetroInsular_Cortex,Early_Auditory,10.0,104.0,"1149, 1334",idx_R,239,239.0
5,240.0,-1.1020904779434204,0,0.001,,0.13521116932482513,0.005,0.43739381926310605,0,,"60, 240",A4,Auditory_4_Complex,Auditory_Association,11.0,175.0,"3514, 3610",idx_R,240,240.0
5,241.0,-0.8117110729217529,0,0.001,,0.2084787195625477,0.005,0.4567199311414127,0,,"61, 241",A5,Auditory_5_Complex,Auditory_Association,11.0,125.0,"3346, 3881",idx_R,241,241.0
5,242.0,-0.9371125102043152,0,0.001,,0.17435034348945844,0.005,0.43739381926310605,0,,"62, 242",STGa,Area_STGa,Auditory_Association,11.0,123.0,"2509, 2187",idx_R,242,242.0
5,243.0,-1.6317434310913086,0,0.001,,0.05136677333112727,0.005,0.36104567142361427,0,,"63, 243",STSda,Area_STSd_anterior,Auditory_Association,11.0,128.0,"1944, 2389",idx_R,243,243.0
5,244.0,-1.0499354600906372,0,0.001,,0.1468738934511351,0.005,0.43739381926310605,0,,"64, 244",STSdp,Area_STSd_posterior,Auditory_Association,11.0,129.0,"1994, 2605",idx_R,244,244.0
5,245.0,-0.8709099292755127,0,0.001,,0.19190166741876657,0.005,0.4509220557538267,0,,"65, 245",STSva,Area_STSv_anterior,Auditory_Association,11.0,176.0,"1694, 1900",idx_R,245,245.0
5,246.0,-0.2676011919975281,0,0.001,,0.39450315666792696,0.005,0.4918973291365914,0,,"66, 246",STSvp,Area_STSv_posterior,Auditory_Association,11.0,130.0,"2898, 2515",idx_R,246,246.0
5,247.0,-0.3304418921470642,0,0.001,,0.3705330460845578,0.005,0.4918973291365914,0,,"67, 247",TA2,Area_TA2,Auditory_Association,11.0,107.0,"1518, 1726",idx_R,247,247.0
5,248.0,1.9390628337860107,0,0.001,,0.026246843794622114,0.005,0.28632920503224124,0,,"68, 248",AAIC,Anterior_Agranular_Insula_Complex,Insula_FrontalOperc,12.0,112.0,"1859, 1691",idx_R,248,248.0
5,249.0,2.799915313720703,0,0.001,,0.0025558007400518015,0.005,0.1533480444031081,0,,"69, 249",AVI,Anterior_Ventral_Insular_Area,Insula_FrontalOperc,12.0,111.0,"1446, 1792",idx_R,249,249.0
5,250.0,-0.5327755808830261,0,0.001,,0.2970944697110509,0.005,0.469096531122712,0,,"70, 250",FOP2,Frontal_Opercular_Area_2,Insula_FrontalOperc,12.0,115.0,"750, 720",idx_R,250,250.0
5,251.0,0.20685522258281708,0,0.001,,0.4180614636581149,0.005,0.4918973291365914,0,,"71, 251",FOP3,Frontal_Opercular_Area_3,Insula_FrontalOperc,12.0,114.0,"754, 614",idx_R,251,251.0
5,252.0,0.37914103269577026,0,0.001,,0.35229156862033684,0.005,0.490848054668512,0,,"72, 252",FOP4,Frontal_Opercular_Area_4,Insula_FrontalOperc,12.0,108.0,"2522, 1678",idx_R,252,252.0
5,253.0,0.9036229848861694,0,0.001,,0.18309767459296222,0.005,0.44248245215240767,0,,"73, 253",FOP5,Area_Frontal_Opercular_5,Insula_FrontalOperc,12.0,169.0,"1297, 1365",idx_R,253,253.0
5,254.0,0.1296500414609909,0,0.001,,0.4484216549876931,0.005,0.49189783148282984,0,,"74, 254",Ig,Insular_Granular_Complex,Insula_FrontalOperc,12.0,168.0,"841, 1077",idx_R,254,254.0
5,255.0,1.0903117656707764,0,0.001,,0.13778791707111615,0.005,0.43739381926310605,0,,"75, 255",MI,Middle_Insular_Area,Insula_FrontalOperc,12.0,109.0,"2102, 1960",idx_R,255,255.0
5,256.0,-0.07250694185495377,0,0.001,,0.47109924060532615,0.005,0.4962200081640993,0,,"76, 256",PI,Para-Insular_Area,Insula_FrontalOperc,12.0,178.0,"1033, 1058",idx_R,256,256.0
5,257.0,-0.054827604442834854,0,0.001,,0.4781379041542238,0.005,0.4962200081640993,0,,"77, 257",Pir,Pirform_Cortex,Insula_FrontalOperc,12.0,110.0,"2287, 1856",idx_R,257,257.0
5,258.0,1.0689359903335571,0,0.001,,0.1425492566239689,0.005,0.43739381926310605,0,,"78, 258",PoI1,Area_Posterior_Insular_1,Insula_FrontalOperc,12.0,167.0,"1811, 1835",idx_R,258,258.0
5,259.0,-0.12745192646980286,0,0.001,,0.44929135995921105,0.005,0.49189783148282984,0,,"79, 259",PoI2,Posterior_Insular_Area_2,Insula_FrontalOperc,12.0,106.0,"2747, 2675",idx_R,259,259.0
5,260.0,0.5149180293083191,0,0.001,,0.3033051507896347,0.005,0.4720012855752408,0,,"80, 260",H,Hippocampus,Medial_Temporal,13.0,120.0,"4283, 3626",idx_R,260,260.0
5,261.0,-0.1345706284046173,0,0.001,,0.44647568273283444,0.005,0.49189783148282984,0,,"81, 261",PreS,PreSubiculum,Medial_Temporal,13.0,119.0,"1817, 1558",idx_R,261,261.0
5,262.0,0.12893974781036377,0,0.001,,0.44870266248174384,0.005,0.49189783148282984,0,,"82, 262",EC,Entorhinal_Cortex,Medial_Temporal,13.0,118.0,"2127, 2110",idx_R,262,262.0
5,263.0,2.567776918411255,0,0.001,,0.005117650060642517,0.005,0.17857087687491624,0,,"83, 263",PeEc,Perirhinal_Ectorhinal_Cortex,Medial_Temporal,13.0,122.0,"4826, 4755",idx_R,263,263.0
5,264.0,0.5012091994285583,0,0.001,,0.30811195030606,0.005,0.4720012855752408,0,,"84, 264",TF,Area_TF,Medial_Temporal,13.0,135.0,"3986, 4752",idx_R,264,264.0
5,265.0,-0.9951804280281067,0,0.001,,0.15982425952362173,0.005,0.43739381926310605,0,,"85, 265",PHA1,ParaHippocampal_Area_1,Medial_Temporal,13.0,126.0,"1281, 1168",idx_R,265,265.0
5,266.0,0.6513446569442749,0,0.001,,0.25741201364442995,0.005,0.459788228135467,0,,"86, 266",PHA2,ParaHippocampal_Area_2,Medial_Temporal,13.0,155.0,"783, 771",idx_R,266,266.0
5,267.0,-0.23216594755649567,0,0.001,,0.4082045625532007,0.005,0.4918973291365914,0,,"87, 267",PHA3,ParaHippocampal_Area_3,Medial_Temporal,13.0,127.0,"2023, 1122",idx_R,267,267.0
5,268.0,1.104549527168274,0,0.001,,0.13467741585370813,0.005,0.43739381926310605,0,,"88, 268",PHT,Area_PHT,Lateral_Temporal,14.0,137.0,"4182, 3410",idx_R,268,268.0
5,269.0,-0.10328231006860733,0,0.001,,0.45886945752476394,0.005,0.49189783148282984,0,,"89, 269",TE1a,Area_TE1_anterior,Lateral_Temporal,14.0,132.0,"5227, 4180",idx_R,269,269.0
5,270.0,-0.23309297859668732,0,0.001,,0.40784460351257057,0.005,0.4918973291365914,0,,"90, 270",TE1m,Area_TE1_Middle,Lateral_Temporal,14.0,177.0,"3339, 3429",idx_R,270,270.0
5,271.0,0.7371834516525269,0,0.001,,0.23050539774307138,0.005,0.459788228135467,0,,"91, 271",TE1p,Area_TE1_posterior,Lateral_Temporal,14.0,133.0,"7116, 6010",idx_R,271,271.0
5,272.0,0.9286709427833557,0,0.001,,0.17652982192782374,0.005,0.43739381926310605,0,,"92, 272",TE2a,Area_TE2_anterior,Lateral_Temporal,14.0,134.0,"5691, 5753",idx_R,272,272.0
5,273.0,1.2710988521575928,0,0.001,,0.10184674182345776,0.005,0.41604316544043224,0,,"93, 273",TE2p,Area_TE2_posterior,Lateral_Temporal,14.0,136.0,"4115, 3040",idx_R,273,273.0
5,274.0,0.5028162598609924,0,0.001,,0.3075467303451561,0.005,0.4720012855752408,0,,"94, 274",TGd,Area_TG_dorsal,Lateral_Temporal,14.0,131.0,"10,192, 10,269",idx_R,274,274.0
5,275.0,0.7108632922172546,0,0.001,,0.2385844775089785,0.005,0.459788228135467,0,,"95, 275",TGv,Area_TG_Ventral,Lateral_Temporal,14.0,172.0,"3694, 4515",idx_R,275,275.0
5,276.0,0.6265106797218323,0,0.001,,0.2654900170783068,0.005,0.459788228135467,0,,"96, 276",PSL,PeriSylvian_Language_Area,TPO,15.0,25.0,"2154, 2759",idx_R,276,276.0
5,277.0,-0.13746342062950134,0,0.001,,0.44533225216624894,0.005,0.49189783148282984,0,,"97, 277",STV,Superior_Temporal_Visual_Area,TPO,15.0,28.0,"2322, 2294",idx_R,277,277.0
5,278.0,0.061976779252290726,0,0.001,,0.4752906619583821,0.005,0.4962200081640993,0,,"98, 278",TPOJ1,Area_TemporoParietoOccipital_Junction_1,TPO,15.0,139.0,"2102, 3938",idx_R,278,278.0
5,279.0,0.5939121842384338,0,0.001,,0.2762854246311196,0.005,0.459788228135467,0,,"99, 279",TPOJ2,Area_TemporoParietoOccipital_Junction_2,TPO,15.0,140.0,"1930, 2068",idx_R,279,279.0
5,280.0,0.03585482016205788,0,0.001,,0.48569906048547135,0.005,0.4962200081640993,0,,"100, 280",TPOJ3,Area_TemporoParietoOccipital_Junction_3,TPO,15.0,141.0,"1290, 1277",idx_R,280,280.0
5,281.0,1.2744849920272827,0,0.001,,0.10124579407208578,0.005,0.41604316544043224,0,,"101, 281",7AL,Lateral_Area_7A,Superior_Parietal,16.0,42.0,"2134, 2030",idx_R,281,281.0
5,282.0,0.5837195515632629,0,0.001,,0.27970450544907577,0.005,0.459788228135467,0,,"102, 282",7Am,Medial_Area_7A,Superior_Parietal,16.0,45.0,"2995, 2379",idx_R,282,282.0
5,283.0,2.3669323921203613,0,0.001,,0.008968104480550741,0.005,0.21523450753321777,0,,"103, 283",7PC,Area_7PC,Superior_Parietal,16.0,47.0,"3151, 3415",idx_R,283,283.0
5,284.0,2.1289873123168945,0,0.001,,0.016627655066256162,0.005,0.22784908025961492,0,,"104, 284",7Pl,Lateral_Area_7P,Superior_Parietal,16.0,46.0,"1695, 1363",idx_R,284,284.0
5,285.0,-0.7099685072898865,0,0.001,,0.2388618328378217,0.005,0.459788228135467,0,,"105, 285",7Pm,Medial_Area_7P,Superior_Parietal,16.0,29.0,"1601, 1308",idx_R,285,285.0
5,286.0,1.4950108528137207,0,0.001,,0.06745580488813963,0.005,0.38027521370650386,0,,"106, 286",AIP,Anterior_IntraParietal_Area,Superior_Parietal,16.0,117.0,"1999, 2542",idx_R,286,286.0
5,287.0,-0.5567058324813843,0,0.001,,0.28886421565522447,0.005,0.46511179893911836,0,,"107, 287",LIPd,Area_Lateral_IntraParietal_dorsal,Superior_Parietal,16.0,95.0,"1008, 869",idx_R,287,287.0
5,288.0,-0.2085336595773697,0,0.001,,0.41740615186459934,0.005,0.4918973291365914,0,,"108, 288",LIPv,Area_Lateral_IntraParietal_ventral,Superior_Parietal,16.0,48.0,"1681, 1783",idx_R,288,288.0
5,289.0,-0.43719613552093506,0,0.001,,0.33098455605559035,0.005,0.47921448516084647,0,,"109, 289",MIP,Medial_IntraParietal_Area,Superior_Parietal,16.0,50.0,"1872, 2403",idx_R,289,289.0
5,290.0,0.6597496271133423,0,0.001,,0.2547072569052087,0.005,0.459788228135467,0,,"110, 290",VIP,Ventral_IntraParietal_Complex,Superior_Parietal,16.0,49.0,"1890, 1577",idx_R,290,290.0
5,291.0,0.413133442401886,0,0.001,,0.3397544243743247,0.005,0.4820767133110722,0,,"111, 291",IP0,Area_IntraParietal_0,Inferior_Parietal,17.0,146.0,"1203, 1239",idx_R,291,291.0
5,292.0,0.46114811301231384,0,0.001,,0.32234617251605285,0.005,0.47921448516084647,0,,"112, 292",IP1,Area_IntraParietal_1,Inferior_Parietal,17.0,145.0,"1692, 1632",idx_R,292,292.0
5,293.0,0.9557108283042908,0,0.001,,0.1696091751452225,0.005,0.43739381926310605,0,,"113, 293",IP2,Area_IntraParietal_2,Inferior_Parietal,17.0,144.0,"2102, 1861",idx_R,293,293.0
5,294.0,2.1204450130462646,0,0.001,,0.016984267029219523,0.005,0.22784908025961492,0,,"114, 294",PF,Area_PF_Complex,Inferior_Parietal,17.0,148.0,"5457, 5251",idx_R,294,294.0
5,295.0,-0.2119063138961792,0,0.001,,0.41609006233997664,0.005,0.4918973291365914,0,,"115, 295",PFm,Area_PFm_Complex,Inferior_Parietal,17.0,149.0,"8220, 8141",idx_R,295,295.0
5,296.0,0.8988447189331055,0,0.001,,0.18436768839683654,0.005,0.44248245215240767,0,,"116, 296",PFop,Area_PF_Opercular,Inferior_Parietal,17.0,147.0,"1797, 1783",idx_R,296,296.0
5,297.0,0.6493598222732544,0,0.001,,0.2580529135266816,0.005,0.459788228135467,0,,"117, 297",PFt,Area_PFt,Inferior_Parietal,17.0,116.0,"1983, 2039",idx_R,297,297.0
5,298.0,-1.66643488407135,0,0.001,,0.047813413796108595,0.005,0.35860060347081446,0,,"118, 298",PGi,Area_PGi,Inferior_Parietal,17.0,150.0,"4791, 4970",idx_R,298,298.0
5,299.0,0.2005029022693634,0,0.001,,0.4205436442005238,0.005,0.4918973291365914,0,,"119, 299",PGp,Area_PGp,Inferior_Parietal,17.0,143.0,"2501, 3740",idx_R,299,299.0
5,300.0,-1.05994713306427,0,0.001,,0.14458432562330165,0.005,0.43739381926310605,0,,"120, 300",PGs,Area_PGs,Inferior_Parietal,17.0,151.0,"4552, 3366",idx_R,300,300.0
5,301.0,0.4415939152240753,0,0.001,,0.32939154396136144,0.005,0.47921448516084647,0,,"121, 301",23d,Area_23d,Posterior_Cingulate,18.0,32.0,"1261, 1513",idx_R,301,301.0
5,302.0,-0.9599242806434631,0,0.001,,0.16854666250695632,0.005,0.43739381926310605,0,,"122, 302",31a,Area_31a,Posterior_Cingulate,18.0,162.0,"1260, 1116",idx_R,302,302.0
5,303.0,-1.7382618188858032,0,0.001,,0.04108234537912965,0.005,0.3521343889639684,0,,"123, 303",31pd,Area_31pd,Posterior_Cingulate,18.0,161.0,"1428, 864",idx_R,303,303.0
5,304.0,-1.2400376796722412,0,0.001,,0.1074807288612451,0.005,0.4299229154449804,0,,"124, 304",31pv,Area_31p_ventral,Posterior_Cingulate,18.0,35.0,"950, 1022",idx_R,304,304.0
5,305.0,-1.6355092525482178,0,0.001,,0.050971168330859594,0.005,0.36104567142361427,0,,"125, 305",7 m,Area_7m,Posterior_Cingulate,18.0,30.0,"2128, 2067",idx_R,305,305.0
5,306.0,-0.5869360566139221,0,0.001,,0.27862332630417397,0.005,0.459788228135467,0,,"126, 306",d23ab,Area_dorsal_23_a + b,Posterior_Cingulate,18.0,34.0,"1607, 1106",idx_R,306,306.0
5,307.0,0.30272671580314636,0,0.001,,0.3810490681409716,0.005,0.4918973291365914,0,,"127, 307",DVT,Dorsal_Transitional_Visual_Area,Posterior_Cingulate,18.0,142.0,"1806, 2176",idx_R,307,307.0
5,308.0,-0.8271452188491821,0,0.001,,0.20407737848141788,0.005,0.45632208852987843,0,,"128, 308",PCV,PreCuneus_Visual_Area,Posterior_Cingulate,18.0,27.0,"2245, 2416",idx_R,308,308.0
5,309.0,-0.9417557120323181,0,0.001,,0.1731588621999649,0.005,0.43739381926310605,0,,"129, 309",POS1,Parieto-Occipital_Sulcus_Area_1,Posterior_Cingulate,18.0,31.0,"2531, 2727",idx_R,309,309.0
5,310.0,-0.5486850738525391,0,0.001,,0.29161079560385067,0.005,0.46511179893911836,0,,"130, 310",POS2,Parieto-Occipital_Sulcus_Area_2,Posterior_Cingulate,18.0,15.0,"3261, 3093",idx_R,310,310.0
5,311.0,0.8087483048439026,0,0.001,,0.20932996843981416,0.005,0.4567199311414127,0,,"131, 311",ProS,ProStriate_Area,Posterior_Cingulate,18.0,121.0,"1222, 1055",idx_R,311,311.0
5,312.0,-1.4090173244476318,0,0.001,,0.07941502273493595,0.005,0.38027521370650386,0,,"132, 312",RSC,RetroSplenial_Complex,Posterior_Cingulate,18.0,14.0,"2830, 3067",idx_R,312,312.0
5,313.0,-0.95622718334198,0,0.001,,0.16947873458024842,0.005,0.43739381926310605,0,,"133, 313",v23ab,Area_ventral_23_a + b,Posterior_Cingulate,18.0,33.0,"916, 1089",idx_R,313,313.0
5,314.0,-0.4929704964160919,0,0.001,,0.3110167170986323,0.005,0.4741867060201336,0,,"134, 314",10r,Area_10r,AntCing_MedPFC,19.0,65.0,"1589, 1053",idx_R,314,314.0
5,315.0,-0.6727464199066162,0,0.001,,0.2505543150779013,0.005,0.459788228135467,0,,"135, 315",10v,Area_10v,AntCing_MedPFC,19.0,88.0,"3906, 2667",idx_R,315,315.0
5,316.0,-0.04361560940742493,0,0.001,,0.482605404515165,0.005,0.4962200081640993,0,,"136, 316",25,Area_25,AntCing_MedPFC,19.0,164.0,"1911, 2135",idx_R,316,316.0
5,317.0,0.4542282223701477,0,0.001,,0.32483228596323277,0.005,0.47921448516084647,0,,"137, 317",33pr,Area_33_prime,AntCing_MedPFC,19.0,58.0,"1354, 1316",idx_R,317,317.0
5,318.0,1.0023479461669922,0,0.001,,0.1580877866699853,0.005,0.43739381926310605,0,,"138, 318",8BM,Area_8BM,AntCing_MedPFC,19.0,63.0,"3122, 3436",idx_R,318,318.0
5,319.0,0.044726427644491196,0,0.001,,0.48216268427908027,0.005,0.4962200081640993,0,,"139, 319",9 m,Area_9_Middle,AntCing_MedPFC,19.0,69.0,"6338, 5881",idx_R,319,319.0
5,320.0,0.1997309774160385,0,0.001,,0.42084549270575045,0.005,0.4918973291365914,0,,"140, 320",a24,Area_a24,AntCing_MedPFC,19.0,61.0,"2085, 2152",idx_R,320,320.0
5,321.0,0.22081461548805237,0,0.001,,0.41261839147696266,0.005,0.4918973291365914,0,,"141, 321",a24pr,Anterior_24_prime,AntCing_MedPFC,19.0,59.0,"1095, 1474",idx_R,321,321.0
5,322.0,1.7461564540863037,0,0.001,,0.04039188462538449,0.005,0.3521343889639684,0,,"142, 322",a32pr,Area_anterior_32_prime,AntCing_MedPFC,19.0,179.0,"1759, 1118",idx_R,322,322.0
5,323.0,1.1154568195343018,0,0.001,,0.1323273562647047,0.005,0.43739381926310605,0,,"143, 323",d32,Area_dorsal_32,AntCing_MedPFC,19.0,62.0,"2228, 2374",idx_R,323,323.0
5,324.0,1.531044363975525,0,0.001,,0.06287921429908867,0.005,0.38027521370650386,0,,"144, 324",p24,Area_posterior_24,AntCing_MedPFC,19.0,180.0,"2394, 2442",idx_R,324,324.0
5,325.0,-0.12669920921325684,0,0.001,,0.44958923587552074,0.005,0.49189783148282984,0,,"145, 325",p24pr,Area_Posterior_24_prime,AntCing_MedPFC,19.0,57.0,"1422, 1724",idx_R,325,325.0
5,326.0,-0.618407666683197,0,0.001,,0.26815332266340247,0.005,0.459788228135467,0,,"146, 326",p32,Area_p32,AntCing_MedPFC,19.0,64.0,"1180, 1765",idx_R,326,326.0
5,327.0,1.167927622795105,0,0.001,,0.12141798042448149,0.005,0.43739381926310605,0,,"147, 327",p32pr,Area_p32_prime,AntCing_MedPFC,19.0,60.0,"1569, 1305",idx_R,327,327.0
5,328.0,0.6012440323829651,0,0.001,,0.2738387303328301,0.005,0.459788228135467,0,,"148, 328",pOFC,Posterior_OFC_Complex,AntCing_MedPFC,19.0,166.0,"2486, 2836",idx_R,328,328.0
5,329.0,1.080013394355774,0,0.001,,0.14006810781016332,0.005,0.43739381926310605,0,,"149, 329",s32,Area_s32,AntCing_MedPFC,19.0,165.0,"604, 1015",idx_R,329,329.0
5,330.0,-1.4031884670257568,0,0.001,,0.08028032289359527,0.005,0.38027521370650386,0,,"150, 330",10d,Area_10d,OrbPolaFrontal,20.0,72.0,"3644, 3096",idx_R,330,330.0
5,331.0,0.2748241424560547,0,0.001,,0.3917256745129397,0.005,0.4918973291365914,0,,"151, 331",10 pp,Polar_10p,OrbPolaFrontal,20.0,90.0,"1997, 2487",idx_R,331,331.0
5,332.0,1.4820013046264648,0,0.001,,0.06916997391384504,0.005,0.38027521370650386,0,,"152, 332",11 l,Area_11l,OrbPolaFrontal,20.0,91.0,"3531, 3793",idx_R,332,332.0
5,333.0,1.4191495180130005,0,0.001,,0.07792771496772792,0.005,0.38027521370650386,0,,"153, 333",13 l,Area_13l,OrbPolaFrontal,20.0,92.0,"2429, 1757",idx_R,333,333.0
5,334.0,0.20362192392349243,0,0.001,,0.4193244796264145,0.005,0.4918973291365914,0,,"154, 334",47 m,Area_47m,OrbPolaFrontal,20.0,66.0,"799, 781",idx_R,334,334.0
5,335.0,1.4404571056365967,0,0.001,,0.0748690586658032,0.005,0.38027521370650386,0,,"155, 335",47 s,Area_47s,OrbPolaFrontal,20.0,94.0,"2795, 3080",idx_R,335,335.0
5,336.0,-0.46963831782341003,0,0.001,,0.31930672179508857,0.005,0.47896008269263285,0,,"156, 336",a10p,Area_anterior_10p,OrbPolaFrontal,20.0,89.0,"1964, 1748",idx_R,336,336.0
5,337.0,0.5024241209030151,0,0.001,,0.307684607650191,0.005,0.4720012855752408,0,,"157, 337",OFC,Orbital_Frontal_Complex,OrbPolaFrontal,20.0,93.0,"4560, 5232",idx_R,337,337.0
5,338.0,0.2699383795261383,0,0.001,,0.39360383009459315,0.005,0.4918973291365914,0,,"158, 338",p10p,Area_posterior_10p,OrbPolaFrontal,20.0,170.0,"2116, 2365",idx_R,338,338.0
5,339.0,2.2181098461151123,0,0.001,,0.01327367182087687,0.005,0.22784908025961492,0,,"159, 339",44,Area_44,Inferior_Frontal,21.0,74.0,"2435, 2589",idx_R,339,339.0
5,340.0,1.7711529731750488,0,0.001,,0.03826763350042321,0.005,0.3521343889639684,0,,"160, 340",45,Area_45,Inferior_Frontal,21.0,75.0,"3762, 2962",idx_R,340,340.0
5,341.0,1.019019603729248,0,0.001,,0.15409682989778561,0.005,0.43739381926310605,0,,"161, 341",47 l,Area_47l_(47_lateral),Inferior_Frontal,21.0,76.0,"2527, 2592",idx_R,341,341.0
5,342.0,1.337096929550171,0,0.001,,0.09059549965790759,0.005,0.40264666514625597,0,,"162, 342",a47r,Area_anterior_47r,Inferior_Frontal,21.0,77.0,"4167, 3763",idx_R,342,342.0
5,343.0,-0.6768020987510681,0,0.001,,0.2492657631829679,0.005,0.459788228135467,0,,"163, 343",IFJa,Area_IFJa,Inferior_Frontal,21.0,79.0,"1513, 1405",idx_R,343,343.0
5,344.0,0.16307979822158813,0,0.001,,0.4352278027691723,0.005,0.49189783148282984,0,,"164, 344",IFJp,Area_IFJp,Inferior_Frontal,21.0,80.0,"960, 740",idx_R,344,344.0
5,345.0,2.46012544631958,0,0.001,,0.0069444229895800754,0.005,0.17857087687491624,0,,"165, 345",IFSa,Area_IFSa,Inferior_Frontal,21.0,82.0,"2057, 2641",idx_R,345,345.0
5,346.0,0.6229425072669983,0,0.001,,0.2666611516898267,0.005,0.459788228135467,0,,"166, 346",IFSp,Area_IFSp,Inferior_Frontal,21.0,81.0,"1589, 1730",idx_R,346,346.0
5,347.0,3.0362448692321777,0,0.001,,0.0011977236882037968,0.005,0.10779513193834171,0,,"167, 347",p47r,Area_posterior_47r,Inferior_Frontal,21.0,171.0,"2133, 1761",idx_R,347,347.0
5,348.0,-0.40757715702056885,0,0.001,,0.34179206880361057,0.005,0.4820767133110722,0,,"168, 348",46,Area_46,Dorsolateral_Prefrontal,22.0,84.0,"4863, 4394",idx_R,348,348.0
5,349.0,-1.962515115737915,0,0.001,,0.024851271261616913,0.005,0.27957680169319027,0,,"169, 349",8Ad,Area_8Ad,Dorsolateral_Prefrontal,22.0,68.0,"3386, 3492",idx_R,349,349.0
5,350.0,0.33535197377204895,0,0.001,,0.3686797958974888,0.005,0.4918973291365914,0,,"170, 350",8Av,Area_8Av,Dorsolateral_Prefrontal,22.0,67.0,"4807, 5902",idx_R,350,350.0
5,351.0,0.827880322933197,0,0.001,,0.2038691398128774,0.005,0.45632208852987843,0,,"171, 351",8BL,Area_8B_Lateral,Dorsolateral_Prefrontal,22.0,70.0,"3377, 4078",idx_R,351,351.0
5,352.0,-0.2577947676181793,0,0.001,,0.39828265143773633,0.005,0.4918973291365914,0,,"172, 352",8C,Area_8C,Dorsolateral_Prefrontal,22.0,73.0,"4085, 3134",idx_R,352,352.0
5,353.0,0.9207040667533875,0,0.001,,0.17860247619910163,0.005,0.43739381926310605,0,,"173, 353",9-46d,Area_9-46d,Dorsolateral_Prefrontal,22.0,86.0,"4534, 4666",idx_R,353,353.0
5,354.0,0.13159602880477905,0,0.001,,0.4476519133815694,0.005,0.49189783148282984,0,,"174, 354",9a,Area_9_anterior,Dorsolateral_Prefrontal,22.0,87.0,"3706, 3048",idx_R,354,354.0
5,355.0,0.3454737961292267,0,0.001,,0.36486910332941086,0.005,0.4918973291365914,0,,"175, 355",9p,Area_9_Posterior,Dorsolateral_Prefrontal,22.0,71.0,"3426, 2488",idx_R,355,355.0
5,356.0,2.3314297199249268,0,0.001,,0.009865355960703627,0.005,0.2219705091158316,0,,"176, 356",a9-46v,Area_anterior_9-46v,Dorsolateral_Prefrontal,22.0,85.0,"3314, 2628",idx_R,356,356.0
5,357.0,0.8614335656166077,0,0.001,,0.19449964800767194,0.005,0.45174111795330263,0,,"177, 357",i6-8,Inferior_6-8_Transitional_Area,Dorsolateral_Prefrontal,22.0,97.0,"1764, 2418",idx_R,357,357.0
5,358.0,0.5961114764213562,0,0.001,,0.27555037894884404,0.005,0.459788228135467,0,,"178, 358",p9-46v,Area_posterior_9-46v,Dorsolateral_Prefrontal,22.0,83.0,"2871, 4635",idx_R,358,358.0
5,359.0,-0.4081467092037201,0,0.001,,0.34158298478256693,0.005,0.4820767133110722,0,,"179, 359",s6-8,Superior_6-8_Transitional_Area,Dorsolateral_Prefrontal,22.0,98.0,"1336, 2132",idx_R,359,359.0
5,360.0,1.8584661483764648,0,0.001,,0.031551423133579955,0.005,0.29890821916023114,0,,"180, 360",SFL,Superior_Frontal_Language_Area,Dorsolateral_Prefrontal,22.0,26.0,"3873, 3055",idx_R,360,360.0
6,1.0,-1.9791021347045898,0,0.001,,0.023902254094399573,0.005,0.08749863715309271,0,,"1, 181",V1,Primary_Visual_Cortex,Primary_Visual,1.0,1.0,"13,812, 13,406",idx_L,1,1.0
6,2.0,-1.7497034072875977,0,0.001,,0.040084752729480616,0.005,0.12196075215040406,0,,"2, 182",V2,Second_Visual_Area,Early_Visual,2.0,4.0,"9515, 9420",idx_L,2,2.0
6,3.0,-2.736284017562866,0,0.001,,0.0031068685004723043,0.005,0.021103257739057163,0,,"3, 183",V3,Third_Visual_Area,Early_Visual,2.0,5.0,"7106, 7481",idx_L,3,3.0
6,4.0,-3.2706246376037598,1,0.001,-,0.0005365512135021674,0.005,0.00804826820253251,0,,"4, 184",V4,Fourth_Visual_Area,Early_Visual,2.0,6.0,"4782, 4537",idx_L,4,4.0
6,5.0,-0.9393201470375061,0,0.001,,0.17378319882065774,0.005,0.28354771670672574,0,,"5, 185",IPS1,IntraParietal_Sulcus_Area_1,Dorsal_Stream_Visual,3.0,17.0,"1751, 1750",idx_L,5,5.0
6,6.0,-1.7531481981277466,0,0.001,,0.03978828606399591,0.005,0.12196075215040406,0,,"6, 186",V3A,Area_V3A,Dorsal_Stream_Visual,3.0,13.0,"2191, 2212",idx_L,6,6.0
6,7.0,-4.553776264190674,1,0.001,-,2.6345697869455044e-06,0.005,0.00047422256165019077,1,-,"7, 187",V3B,Area_V3B,Dorsal_Stream_Visual,3.0,19.0,"639, 731",idx_L,7,7.0
6,8.0,0.5256337523460388,0,0.001,,0.299571350416248,0.005,0.37752133319864295,0,,"8, 188",V6,Sixth_Visual_Area,Dorsal_Stream_Visual,3.0,3.0,"1402, 1559",idx_L,8,8.0
6,9.0,1.4018527269363403,0,0.001,,0.08047961474046134,0.005,0.17995441805320544,0,,"9, 189",V6A,Area_V6A,Dorsal_Stream_Visual,3.0,152.0,"904, 734",idx_L,9,9.0
6,10.0,-2.142976999282837,0,0.001,,0.01605747265837953,0.005,0.0688177399644837,0,,"10, 190",V7,Seventh_Visual_Area,Dorsal_Stream_Visual,3.0,16.0,"1005, 1041",idx_L,10,10.0
6,11.0,-1.9374057054519653,0,0.001,,0.026347884878411238,0.005,0.09208969472066063,0,,"11, 191",FFC,Fusiform_Face_Complex,Ventral_Stream_Visual,4.0,18.0,"3848, 4402",idx_L,11,11.0
6,12.0,-2.8848700523376465,0,0.001,,0.0019578762779731565,0.005,0.015663010223785252,0,,"12, 192",PIT,Posterior_InferoTemporal_complex,Ventral_Stream_Visual,4.0,22.0,"1392, 1386",idx_L,12,12.0
6,13.0,-3.3261759281158447,1,0.001,-,0.0004402316874078058,0.005,0.006890582933339569,0,,"13, 193",V8,Eighth_Visual_Area,Ventral_Stream_Visual,4.0,7.0,"1361, 1175",idx_L,13,13.0
6,14.0,-0.056702934205532074,0,0.001,,0.47739091831024016,0.005,0.4882407119082002,0,,"14, 194",VMV1,VentroMedial_Visual_Area_1,Ventral_Stream_Visual,4.0,153.0,"939, 1219",idx_L,14,14.0
6,15.0,-0.2984529435634613,0,0.001,,0.3826787429926177,0.005,0.431527770320372,0,,"15, 195",VMV2,VentroMedial_Visual_Area_2,Ventral_Stream_Visual,4.0,160.0,"639, 923",idx_L,15,15.0
6,16.0,-1.8558610677719116,0,0.001,,0.031736681740034155,0.005,0.10547425858930787,0,,"16, 196",VMV3,VentroMedial_Visual_Area_3,Ventral_Stream_Visual,4.0,154.0,"941, 1242",idx_L,16,16.0
6,17.0,0.4433887004852295,0,0.001,,0.3287423037703856,0.005,0.39686112000273766,0,,"17, 197",VVC,Ventral_Visual_Complex,Ventral_Stream_Visual,4.0,163.0,"2487, 2753",idx_L,17,17.0
6,18.0,0.1941731572151184,0,0.001,,0.42302015014393435,0.005,0.460082338525125,0,,"18, 198",FST,Area_FST,MT + _Complex,5.0,157.0,"1324, 1683",idx_L,18,18.0
6,19.0,-1.7070579528808594,0,0.001,,0.04390564065668113,0.005,0.12732651628528469,0,,"19, 199",LO1,Area_Lateral_Occipital_1,MT + _Complex,5.0,20.0,"619, 909",idx_L,19,19.0
6,20.0,-1.7542327642440796,0,0.001,,0.03969531561314956,0.005,0.12196075215040406,0,,"20, 200",LO2,Area_Lateral_Occipital_2,MT + _Complex,5.0,21.0,"1179, 1062",idx_L,20,20.0
6,21.0,0.5797435641288757,0,0.001,,0.2810437803606486,0.005,0.37196321216299094,0,,"21, 201",LO3,Area_Lateral_Occipital_3,MT + _Complex,5.0,159.0,"438, 915",idx_L,21,21.0
6,22.0,1.138668179512024,0,0.001,,0.1274207897763967,0.005,0.23285017421067417,0,,"22, 202",MST,Medial_Superior_Temporal_Area,MT + _Complex,5.0,2.0,"794, 1036",idx_L,22,22.0
6,23.0,0.9045004844665527,0,0.001,,0.1828650387958728,0.005,0.29520813437898746,0,,"23, 203",MT,Middle_Temporal_Area,MT + _Complex,5.0,23.0,"620, 1005",idx_L,23,23.0
6,24.0,0.8846238851547241,0,0.001,,0.1881797599842735,0.005,0.2958284436433994,0,,"24, 204",PH,Area_PH,MT + _Complex,5.0,138.0,"3453, 3205",idx_L,24,24.0
6,25.0,-2.649785280227661,0,0.001,,0.004027147064814074,0.005,0.02461455486214139,0,,"25, 205",V3CD,Area_V3CD,MT + _Complex,5.0,158.0,"876, 1222",idx_L,25,25.0
6,26.0,-1.184033989906311,0,0.001,,0.11819980408841563,0.005,0.220844800966453,0,,"26, 206",V4t,Area_V4t,MT + _Complex,5.0,156.0,"1037, 1249",idx_L,26,26.0
6,27.0,0.588258683681488,0,0.001,,0.2781793366215528,0.005,0.37196321216299094,0,,"27, 207",1,Area_1,SomaSens_Motor,6.0,51.0,"6590, 5925",idx_L,27,27.0
6,28.0,-0.7589619755744934,0,0.001,,0.2239376516440505,0.005,0.3290512432320742,0,,"28, 208",2,Area_2,SomaSens_Motor,6.0,52.0,"4278, 4727",idx_L,28,28.0
6,29.0,0.506342351436615,0,0.001,,0.3063081683839083,0.005,0.37825041596460085,0,,"29, 209",3a,Area_3a,SomaSens_Motor,6.0,53.0,"2247, 2286",idx_L,29,29.0
6,30.0,0.0937059298157692,0,0.001,,0.4626713798478656,0.005,0.48139218712494686,0,,"30, 210",3b,Primary_Sensory_Cortex,SomaSens_Motor,6.0,9.0,"5451, 4350",idx_L,30,30.0
6,31.0,0.2690989375114441,0,0.001,,0.3939267740155481,0.005,0.4390515128346666,0,,"31, 211",4,Primary_Motor_Cortex,SomaSens_Motor,6.0,8.0,"10,776, 10,254",idx_L,31,31.0
6,32.0,3.3969509601593018,1,0.001,+,0.0003407058869720287,0.005,0.005840672348091921,0,,"32, 212",23c,Area_23c,ParaCentral_MidCing,7.0,38.0,"2259, 2498",idx_L,32,32.0
6,33.0,1.6981734037399292,0,0.001,,0.044737519353931714,0.005,0.12732651628528469,0,,"33, 213",24dd,Dorsal_Area_24d,ParaCentral_MidCing,7.0,40.0,"2665, 2820",idx_L,33,33.0
6,34.0,1.6576751470565796,0,0.001,,0.04869152639183642,0.005,0.13380877481726042,0,,"34, 214",24dv,Ventral_Area_24d,ParaCentral_MidCing,7.0,41.0,"1076, 1349",idx_L,34,34.0
6,35.0,-0.3254377245903015,0,0.001,,0.37242490396782585,0.005,0.42877085394595654,0,,"35, 215",5L,Area_5L,ParaCentral_MidCing,7.0,39.0,"2249, 2327",idx_L,35,35.0
6,36.0,2.165529489517212,0,0.001,,0.0151735797858266,0.005,0.06581311714334429,0,,"36, 216",5 m,Area_5m,ParaCentral_MidCing,7.0,36.0,"1483, 2079",idx_L,36,36.0
6,37.0,3.7896881103515625,1,0.001,+,7.54182754733698e-05,0.005,0.0026847016937217704,1,+,"37, 217",5mv,Area_5m_ventral,ParaCentral_MidCing,7.0,37.0,"1651, 1996",idx_L,37,37.0
6,38.0,2.9666972160339355,0,0.001,,0.0015050861926742003,0.005,0.013545775734067803,0,,"38, 218",6ma,Area_6m_anterior,ParaCentral_MidCing,7.0,44.0,"3941, 4251",idx_L,38,38.0
6,39.0,-0.025163674727082253,0,0.001,,0.4899622055717904,0.005,0.4940795350303768,0,,"39, 219",6mp,Area_6mp,ParaCentral_MidCing,7.0,55.0,"3701, 3105",idx_L,39,39.0
6,40.0,0.9382156729698181,0,0.001,,0.17406679275607329,0.005,0.28354771670672574,0,,"40, 220",SCEF,Supplementary_and_Cingulate_Eye_Field,ParaCentral_MidCing,7.0,43.0,"3500, 3371",idx_L,40,40.0
6,41.0,-1.538163423538208,0,0.001,,0.062004330842872594,0.005,0.1539417869202354,0,,"41, 221",55b,Area_55b,Premotor,8.0,12.0,"2422, 1537",idx_L,41,41.0
6,42.0,3.4734244346618652,1,0.001,+,0.00025693101931074166,0.005,0.005004833213043074,0,,"42, 222",6a,Area_6_anterior,Premotor,8.0,96.0,"4233, 3752",idx_L,42,42.0
6,43.0,-0.4726649522781372,0,0.001,,0.3182261174111075,0.005,0.3883437365016906,0,,"43, 223",6d,Dorsal_area_6,Premotor,8.0,54.0,"2916, 2909",idx_L,43,43.0
6,44.0,2.4347078800201416,0,0.001,,0.00745190812386223,0.005,0.04004010335209557,0,,"44, 224",6r,Rostral_Area_6,Premotor,8.0,78.0,"3029, 3981",idx_L,44,44.0
6,45.0,0.6768708825111389,0,0.001,,0.24924393994594135,0.005,0.3561453613443599,0,,"45, 225",6v,Ventral_Area_6,Premotor,8.0,56.0,"2075, 2516",idx_L,45,45.0
6,46.0,2.8905532360076904,0,0.001,,0.0019228219553481505,0.005,0.015663010223785252,0,,"46, 226",FEF,Frontal_Eye_Fields,Premotor,8.0,10.0,"1787, 1889",idx_L,46,46.0
6,47.0,0.8972654342651367,0,0.001,,0.18478864816564639,0.005,0.2952475587885317,0,,"47, 227",PEF,Premotor_Eye_Field,Premotor,8.0,11.0,"1006, 1258",idx_L,47,47.0
6,48.0,1.0996348857879639,0,0.001,,0.13574561784554845,0.005,0.23722535157474484,0,,"48, 228",43,Area_43,Posterior_Opercular,9.0,99.0,"1889, 1678",idx_L,48,48.0
6,49.0,1.346256971359253,0,0.001,,0.0891098287095558,0.005,0.18981975346414257,0,,"49, 229",FOP1,Frontal_Opercular_Area_1,Posterior_Opercular,9.0,113.0,"879, 932",idx_L,49,49.0
6,50.0,-0.15503142774105072,0,0.001,,0.4383982705382292,0.005,0.47394407625754514,0,,"50, 230",OP1,Area_OP1-SII,Posterior_Opercular,9.0,101.0,"1275, 1072",idx_L,50,50.0
6,51.0,1.1966243982315063,0,0.001,,0.11572649317172023,0.005,0.22031509562489204,0,,"51, 231",OP2-3,Area_OP2-3-VS,Posterior_Opercular,9.0,102.0,"943, 792",idx_L,51,51.0
6,52.0,0.5524945855140686,0,0.001,,0.2903047715178683,0.005,0.375934236497959,0,,"52, 232",OP4,Area_OP4-PV,Posterior_Opercular,9.0,100.0,"2332, 2409",idx_L,52,52.0
6,53.0,0.796624481678009,0,0.001,,0.21283457736858197,0.005,0.31907820671488857,0,,"53, 233",52,Area_52,Early_Auditory,10.0,103.0,"725, 580",idx_L,53,53.0
6,54.0,0.1515273153781891,0,0.001,,0.43977988252512895,0.005,0.47401424463786357,0,,"54, 234",A1,Primary_Auditory_Cortex,Early_Auditory,10.0,24.0,"1023, 796",idx_L,54,54.0
6,55.0,-1.1982465982437134,0,0.001,,0.11541051467361302,0.005,0.22031509562489204,0,,"55, 235",LBelt,Lateral_Belt_Complex,Early_Auditory,10.0,174.0,"820, 901",idx_L,55,55.0
6,56.0,0.13866008818149567,0,0.001,,0.444859379183558,0.005,0.4766350491252407,0,,"56, 236",MBelt,Medial_Belt_Complex,Early_Auditory,10.0,173.0,"1242, 1236",idx_L,56,56.0
6,57.0,-0.5785198211669922,0,0.001,,0.2814566096271427,0.005,0.37196321216299094,0,,"57, 237",PBelt,ParaBelt_Complex,Early_Auditory,10.0,124.0,"1719, 1439",idx_L,57,57.0
6,58.0,1.0116674900054932,0,0.001,,0.1558485323251585,0.005,0.2641768789198091,0,,"58, 238",PFcm,Area_PFcm,Early_Auditory,10.0,105.0,"1486, 1485",idx_L,58,58.0
6,59.0,-0.5009863376617432,0,0.001,,0.30819036910475817,0.005,0.3786639347362217,0,,"59, 239",RI,RetroInsular_Cortex,Early_Auditory,10.0,104.0,"1149, 1334",idx_L,59,59.0
6,60.0,-0.6351322531700134,0,0.001,,0.2626710815443568,0.005,0.3659489881353596,0,,"60, 240",A4,Auditory_4_Complex,Auditory_Association,11.0,175.0,"3514, 3610",idx_L,60,60.0
6,61.0,-1.9900295734405518,0,0.001,,0.02329383892549668,0.005,0.08645136096060624,0,,"61, 241",A5,Auditory_5_Complex,Auditory_Association,11.0,125.0,"3346, 3881",idx_L,61,61.0
6,62.0,-3.017831802368164,0,0.001,,0.001272950829087608,0.005,0.012385467526257807,0,,"62, 242",STGa,Area_STGa,Auditory_Association,11.0,123.0,"2509, 2187",idx_L,62,62.0
6,63.0,-3.577119827270508,1,0.001,-,0.00017370047292236776,0.005,0.004168811350136826,1,-,"63, 243",STSda,Area_STSd_anterior,Auditory_Association,11.0,128.0,"1944, 2389",idx_L,63,63.0
6,64.0,-2.587954044342041,0,0.001,,0.004827393022540558,0.005,0.028030024001848404,0,,"64, 244",STSdp,Area_STSd_posterior,Auditory_Association,11.0,129.0,"1994, 2605",idx_L,64,64.0
6,65.0,-1.3163764476776123,0,0.001,,0.09402386173702038,0.005,0.19794497207793763,0,,"65, 245",STSva,Area_STSv_anterior,Auditory_Association,11.0,176.0,"1694, 1900",idx_L,65,65.0
6,66.0,-2.568981885910034,0,0.001,,0.005099889446763128,0.005,0.028739736663652343,0,,"66, 246",STSvp,Area_STSv_posterior,Auditory_Association,11.0,130.0,"2898, 2515",idx_L,66,66.0
6,67.0,-0.2970881164073944,0,0.001,,0.3831996183760159,0.005,0.431527770320372,0,,"67, 247",TA2,Area_TA2,Auditory_Association,11.0,107.0,"1518, 1726",idx_L,67,67.0
6,68.0,1.1184254884719849,0,0.001,,0.13169265670718971,0.005,0.23571384153311722,0,,"68, 248",AAIC,Anterior_Agranular_Insula_Complex,Insula_FrontalOperc,12.0,112.0,"1859, 1691",idx_L,68,68.0
6,69.0,1.8828169107437134,0,0.001,,0.029862592249691566,0.005,0.10238603057037107,0,,"69, 249",AVI,Anterior_Ventral_Insular_Area,Insula_FrontalOperc,12.0,111.0,"1446, 1792",idx_L,69,69.0
6,70.0,1.4962095022201538,0,0.001,,0.06729953456526043,0.005,0.163701570564147,0,,"70, 250",FOP2,Frontal_Opercular_Area_2,Insula_FrontalOperc,12.0,115.0,"750, 720",idx_L,70,70.0
6,71.0,0.7829205393791199,0,0.001,,0.21683688764651765,0.005,0.32256727087911713,0,,"71, 251",FOP3,Frontal_Opercular_Area_3,Insula_FrontalOperc,12.0,114.0,"754, 614",idx_L,71,71.0
6,72.0,1.4140926599502563,0,0.001,,0.07866734900369338,0.005,0.17882584705847993,0,,"72, 252",FOP4,Frontal_Opercular_Area_4,Insula_FrontalOperc,12.0,108.0,"2522, 1678",idx_L,72,72.0
6,73.0,1.4126783609390259,0,0.001,,0.07887515845041598,0.005,0.17882584705847993,0,,"73, 253",FOP5,Area_Frontal_Opercular_5,Insula_FrontalOperc,12.0,169.0,"1297, 1365",idx_L,73,73.0
6,74.0,0.653298556804657,0,0.001,,0.2567819113245039,0.005,0.36538137579771307,0,,"74, 254",Ig,Insular_Granular_Complex,Insula_FrontalOperc,12.0,168.0,"841, 1077",idx_L,74,74.0
6,75.0,1.4308204650878906,0,0.001,,0.07624083811965385,0.005,0.17629037877646855,0,,"75, 255",MI,Middle_Insular_Area,Insula_FrontalOperc,12.0,109.0,"2102, 1960",idx_L,75,75.0
6,76.0,0.11430753022432327,0,0.001,,0.4544970066861972,0.005,0.47702309739659177,0,,"76, 256",PI,Para-Insular_Area,Insula_FrontalOperc,12.0,178.0,"1033, 1058",idx_L,76,76.0
6,77.0,2.115607976913452,0,0.001,,0.017189081426802047,0.005,0.0721646446137755,0,,"77, 257",Pir,Pirform_Cortex,Insula_FrontalOperc,12.0,110.0,"2287, 1856",idx_L,77,77.0
6,78.0,2.810631513595581,0,0.001,,0.002472218859553632,0.005,0.017453297110719218,0,,"78, 258",PoI1,Area_Posterior_Insular_1,Insula_FrontalOperc,12.0,167.0,"1811, 1835",idx_L,78,78.0
6,79.0,3.7687530517578125,1,0.001,+,8.203255175260966e-05,0.005,0.0026847016937217704,1,+,"79, 259",PoI2,Posterior_Insular_Area_2,Insula_FrontalOperc,12.0,106.0,"2747, 2675",idx_L,79,79.0
6,80.0,1.9515098333358765,0,0.001,,0.025498213807587215,0.005,0.09088472248248908,0,,"80, 260",H,Hippocampus,Medial_Temporal,13.0,120.0,"4283, 3626",idx_L,80,80.0
6,81.0,1.6532686948776245,0,0.001,,0.049138095597648694,0.005,0.1340030979477087,0,,"81, 261",PreS,PreSubiculum,Medial_Temporal,13.0,119.0,"1817, 1558",idx_L,81,81.0
6,82.0,3.147658586502075,1,0.001,+,0.0008229190076142022,0.005,0.011394263182350492,0,,"82, 262",EC,Entorhinal_Cortex,Medial_Temporal,13.0,118.0,"2127, 2110",idx_L,82,82.0
6,83.0,4.151132583618164,1,0.001,+,1.654170181399052e-05,0.005,0.0009925021088394313,1,+,"83, 263",PeEc,Perirhinal_Ectorhinal_Cortex,Medial_Temporal,13.0,122.0,"4826, 4755",idx_L,83,83.0
6,84.0,3.04026460647583,0,0.001,,0.0011818519048708174,0.005,0.012329639344547328,0,,"84, 264",TF,Area_TF,Medial_Temporal,13.0,135.0,"3986, 4752",idx_L,84,84.0
6,85.0,4.029939651489258,1,0.001,+,2.789558726142717e-05,0.005,0.0012553014267642226,1,+,"85, 265",PHA1,ParaHippocampal_Area_1,Medial_Temporal,13.0,126.0,"1281, 1168",idx_L,85,85.0
6,86.0,4.21406888961792,1,0.001,+,1.2540536464976076e-05,0.005,0.0009925021088394313,1,+,"86, 266",PHA2,ParaHippocampal_Area_2,Medial_Temporal,13.0,155.0,"783, 771",idx_L,86,86.0
6,87.0,5.2577362060546875,1,0.001,+,7.291975624304218e-08,0.005,2.6251112247495183e-05,1,+,"87, 267",PHA3,ParaHippocampal_Area_3,Medial_Temporal,13.0,127.0,"2023, 1122",idx_L,87,87.0
6,88.0,3.3471055030822754,1,0.001,+,0.00040830062493230854,0.005,0.006681282953437776,0,,"88, 268",PHT,Area_PHT,Lateral_Temporal,14.0,137.0,"4182, 3410",idx_L,88,88.0
6,89.0,-1.4854259490966797,0,0.001,,0.06871551299098497,0.005,0.16557175711305513,0,,"89, 269",TE1a,Area_TE1_anterior,Lateral_Temporal,14.0,132.0,"5227, 4180",idx_L,89,89.0
6,90.0,-1.2907098531723022,0,0.001,,0.09840215335958152,0.005,0.20242728691113912,0,,"90, 270",TE1m,Area_TE1_Middle,Lateral_Temporal,14.0,177.0,"3339, 3429",idx_L,90,90.0
6,91.0,0.03637479245662689,0,0.001,,0.48549175678990825,0.005,0.49094672034934544,0,,"91, 271",TE1p,Area_TE1_posterior,Lateral_Temporal,14.0,133.0,"7116, 6010",idx_L,91,91.0
6,92.0,-0.11794231832027435,0,0.001,,0.4530566810294693,0.005,0.47702309739659177,0,,"92, 272",TE2a,Area_TE2_anterior,Lateral_Temporal,14.0,134.0,"5691, 5753",idx_L,92,92.0
6,93.0,2.6963741779327393,0,0.001,,0.00350494372967923,0.005,0.022941449866991325,0,,"93, 273",TE2p,Area_TE2_posterior,Lateral_Temporal,14.0,136.0,"4115, 3040",idx_L,93,93.0
6,94.0,-2.098515033721924,0,0.001,,0.01792983664030346,0.005,0.07395577495351642,0,,"94, 274",TGd,Area_TG_dorsal,Lateral_Temporal,14.0,131.0,"10,192, 10,269",idx_L,94,94.0
6,95.0,1.9095021486282349,0,0.001,,0.02809867241012855,0.005,0.0972646352658296,0,,"95, 275",TGv,Area_TG_Ventral,Lateral_Temporal,14.0,172.0,"3694, 4515",idx_L,95,95.0
6,96.0,0.10603094100952148,0,0.001,,0.45777890158917856,0.005,0.4776823320930559,0,,"96, 276",PSL,PeriSylvian_Language_Area,TPO,15.0,25.0,"2154, 2759",idx_L,96,96.0
6,97.0,0.2862875759601593,0,0.001,,0.3873289365171302,0.005,0.43438759235566,0,,"97, 277",STV,Superior_Temporal_Visual_Area,TPO,15.0,28.0,"2322, 2294",idx_L,97,97.0
6,98.0,-0.3242887258529663,0,0.001,,0.37285972717968596,0.005,0.42877085394595654,0,,"98, 278",TPOJ1,Area_TemporoParietoOccipital_Junction_1,TPO,15.0,139.0,"2102, 3938",idx_L,98,98.0
6,99.0,2.8246753215789795,0,0.001,,0.002366427381919086,0.005,0.017453297110719218,0,,"99, 279",TPOJ2,Area_TemporoParietoOccipital_Junction_2,TPO,15.0,140.0,"1930, 2068",idx_L,99,99.0
6,100.0,2.340517282485962,0,0.001,,0.00962852356274878,0.005,0.0481426178137439,0,,"100, 280",TPOJ3,Area_TemporoParietoOccipital_Junction_3,TPO,15.0,141.0,"1290, 1277",idx_L,100,100.0
6,101.0,1.1421836614608765,0,0.001,,0.12668884293637123,0.005,0.23269379314843694,0,,"101, 281",7AL,Lateral_Area_7A,Superior_Parietal,16.0,42.0,"2134, 2030",idx_L,101,101.0
6,102.0,2.7950053215026855,0,0.001,,0.0025949430447952723,0.005,0.017964990310121116,0,,"102, 282",7Am,Medial_Area_7A,Superior_Parietal,16.0,45.0,"2995, 2379",idx_L,102,102.0
6,103.0,-1.18303644657135,0,0.001,,0.11839735162923731,0.005,0.220844800966453,0,,"103, 283",7PC,Area_7PC,Superior_Parietal,16.0,47.0,"3151, 3415",idx_L,103,103.0
6,104.0,2.1745617389678955,0,0.001,,0.01483148706466387,0.005,0.06511384564974383,0,,"104, 284",7Pl,Lateral_Area_7P,Superior_Parietal,16.0,46.0,"1695, 1363",idx_L,104,104.0
6,105.0,1.642606258392334,0,0.001,,0.050232212533321975,0.005,0.1349522127760889,0,,"105, 285",7Pm,Medial_Area_7P,Superior_Parietal,16.0,29.0,"1601, 1308",idx_L,105,105.0
6,106.0,1.000314474105835,0,0.001,,0.15857917236894742,0.005,0.26552791652474916,0,,"106, 286",AIP,Anterior_IntraParietal_Area,Superior_Parietal,16.0,117.0,"1999, 2542",idx_L,106,106.0
6,107.0,0.5417526364326477,0,0.001,,0.2939944618238418,0.005,0.37664770909816037,0,,"107, 287",LIPd,Area_Lateral_IntraParietal_dorsal,Superior_Parietal,16.0,95.0,"1008, 869",idx_L,107,107.0
6,108.0,0.5256480574607849,0,0.001,,0.2995663798715355,0.005,0.37752133319864295,0,,"108, 288",LIPv,Area_Lateral_IntraParietal_ventral,Superior_Parietal,16.0,48.0,"1681, 1783",idx_L,108,108.0
6,109.0,1.812158465385437,0,0.001,,0.03498085736083241,0.005,0.11144343937964307,0,,"109, 289",MIP,Medial_IntraParietal_Area,Superior_Parietal,16.0,50.0,"1872, 2403",idx_L,109,109.0
6,110.0,-0.2368195652961731,0,0.001,,0.40639838617368085,0.005,0.4501643662231542,0,,"110, 290",VIP,Ventral_IntraParietal_Complex,Superior_Parietal,16.0,49.0,"1890, 1577",idx_L,110,110.0
6,111.0,1.214798092842102,0,0.001,,0.11222155421412938,0.005,0.21837707847073826,0,,"111, 291",IP0,Area_IntraParietal_0,Inferior_Parietal,17.0,146.0,"1203, 1239",idx_L,111,111.0
6,112.0,2.9077816009521484,0,0.001,,0.0018200122647553578,0.005,0.015600105126474495,0,,"112, 292",IP1,Area_IntraParietal_1,Inferior_Parietal,17.0,145.0,"1692, 1632",idx_L,112,112.0
6,113.0,1.1350990533828735,0,0.001,,0.12816690907598383,0.005,0.23303074377451605,0,,"113, 293",IP2,Area_IntraParietal_2,Inferior_Parietal,17.0,144.0,"2102, 1861",idx_L,113,113.0
6,114.0,2.5484719276428223,0,0.001,,0.0054097997196826016,0.005,0.0299619676782421,0,,"114, 294",PF,Area_PF_Complex,Inferior_Parietal,17.0,148.0,"5457, 5251",idx_L,114,114.0
6,115.0,-1.1633343696594238,0,0.001,,0.1223469330743649,0.005,0.22587126106036598,0,,"115, 295",PFm,Area_PFm_Complex,Inferior_Parietal,17.0,149.0,"8220, 8141",idx_L,115,115.0
6,116.0,0.6346144080162048,0,0.001,,0.2628399644576186,0.005,0.3659489881353596,0,,"116, 296",PFop,Area_PF_Opercular,Inferior_Parietal,17.0,147.0,"1797, 1783",idx_L,116,116.0
6,117.0,-0.10677990317344666,0,0.001,,0.45748179562600055,0.005,0.4776823320930559,0,,"117, 297",PFt,Area_PFt,Inferior_Parietal,17.0,116.0,"1983, 2039",idx_L,117,117.0
6,118.0,-0.5566439032554626,0,0.001,,0.28888537560488625,0.005,0.375934236497959,0,,"118, 298",PGi,Area_PGi,Inferior_Parietal,17.0,150.0,"4791, 4970",idx_L,118,118.0
6,119.0,3.435859203338623,1,0.001,+,0.0002953389289235415,0.005,0.005316100720623747,0,,"119, 299",PGp,Area_PGp,Inferior_Parietal,17.0,143.0,"2501, 3740",idx_L,119,119.0
6,120.0,0.45914918184280396,0,0.001,,0.32306352035080377,0.005,0.3929150923185451,0,,"120, 300",PGs,Area_PGs,Inferior_Parietal,17.0,151.0,"4552, 3366",idx_L,120,120.0
6,121.0,-0.06206347420811653,0,0.001,,0.4752561421290945,0.005,0.4874421970554815,0,,"121, 301",23d,Area_23d,Posterior_Cingulate,18.0,32.0,"1261, 1513",idx_L,121,121.0
6,122.0,1.0579034090042114,0,0.001,,0.14504974042998808,0.005,0.2522604181391097,0,,"122, 302",31a,Area_31a,Posterior_Cingulate,18.0,162.0,"1260, 1116",idx_L,122,122.0
6,123.0,-0.7197609543800354,0,0.001,,0.23583609460726424,0.005,0.3411587079222101,0,,"123, 303",31pd,Area_31pd,Posterior_Cingulate,18.0,161.0,"1428, 864",idx_L,123,123.0
6,124.0,-0.5460087060928345,0,0.001,,0.2925299763586985,0.005,0.3763345398033159,0,,"124, 304",31pv,Area_31p_ventral,Posterior_Cingulate,18.0,35.0,"950, 1022",idx_L,124,124.0
6,125.0,0.2182690054178238,0,0.001,,0.4136097611747491,0.005,0.4525821094921267,0,,"125, 305",7 m,Area_7m,Posterior_Cingulate,18.0,30.0,"2128, 2067",idx_L,125,125.0
6,126.0,-0.7193322777748108,0,0.001,,0.23596810631286197,0.005,0.3411587079222101,0,,"126, 306",d23ab,Area_dorsal_23_a + b,Posterior_Cingulate,18.0,34.0,"1607, 1106",idx_L,126,126.0
6,127.0,2.297963857650757,0,0.001,,0.010781923130364478,0.005,0.05317112776618099,0,,"127, 307",DVT,Dorsal_Transitional_Visual_Area,Posterior_Cingulate,18.0,142.0,"1806, 2176",idx_L,127,127.0
6,128.0,1.6383708715438843,0,0.001,,0.05067217583292552,0.005,0.1351258022211347,0,,"128, 308",PCV,PreCuneus_Visual_Area,Posterior_Cingulate,18.0,27.0,"2245, 2416",idx_L,128,128.0
6,129.0,3.0932443141937256,1,0.001,+,0.0009899053652851946,0.005,0.011878864383422335,0,,"129, 309",POS1,Parieto-Occipital_Sulcus_Area_1,Posterior_Cingulate,18.0,31.0,"2531, 2727",idx_L,129,129.0
6,130.0,0.07653495669364929,0,0.001,,0.46949675205114905,0.005,0.4856153054285566,0,,"130, 310",POS2,Parieto-Occipital_Sulcus_Area_2,Posterior_Cingulate,18.0,15.0,"3261, 3093",idx_L,130,130.0
6,131.0,1.747044563293457,0,0.001,,0.04031480418305023,0.005,0.12196075215040406,0,,"131, 311",ProS,ProStriate_Area,Posterior_Cingulate,18.0,121.0,"1222, 1055",idx_L,131,131.0
6,132.0,0.3094538450241089,0,0.001,,0.37848815826372717,0.005,0.4298288232648006,0,,"132, 312",RSC,RetroSplenial_Complex,Posterior_Cingulate,18.0,14.0,"2830, 3067",idx_L,132,132.0
6,133.0,0.6036369800567627,0,0.001,,0.2730425105519736,0.005,0.36814720523861605,0,,"133, 313",v23ab,Area_ventral_23_a + b,Posterior_Cingulate,18.0,33.0,"916, 1089",idx_L,133,133.0
6,134.0,0.6240392923355103,0,0.001,,0.2663008904265488,0.005,0.3659489881353596,0,,"134, 314",10r,Area_10r,AntCing_MedPFC,19.0,65.0,"1589, 1053",idx_L,134,134.0
6,135.0,1.0097620487213135,0,0.001,,0.15630465336088706,0.005,0.2641768789198091,0,,"135, 315",10v,Area_10v,AntCing_MedPFC,19.0,88.0,"3906, 2667",idx_L,135,135.0
6,136.0,1.9762696027755737,0,0.001,,0.024062125217100494,0.005,0.08749863715309271,0,,"136, 316",25,Area_25,AntCing_MedPFC,19.0,164.0,"1911, 2135",idx_L,136,136.0
6,137.0,4.192407131195068,1,0.001,+,1.3800504205479956e-05,0.005,0.0009925021088394313,1,+,"137, 317",33pr,Area_33_prime,AntCing_MedPFC,19.0,58.0,"1354, 1316",idx_L,137,137.0
6,138.0,-0.8905360102653503,0,0.001,,0.18658907072049558,0.005,0.2952475587885317,0,,"138, 318",8BM,Area_8BM,AntCing_MedPFC,19.0,63.0,"3122, 3436",idx_L,138,138.0
6,139.0,-4.431321144104004,1,0.001,-,4.682874002282412e-06,0.005,0.0005619448802738895,1,-,"139, 319",9 m,Area_9_Middle,AntCing_MedPFC,19.0,69.0,"6338, 5881",idx_L,139,139.0
6,140.0,1.35726797580719,0,0.001,,0.08734803942694674,0.005,0.18829517481257982,0,,"140, 320",a24,Area_a24,AntCing_MedPFC,19.0,61.0,"2085, 2152",idx_L,140,140.0
6,141.0,2.4207465648651123,0,0.001,,0.007744335707701776,0.005,0.04099942433489175,0,,"141, 321",a24pr,Anterior_24_prime,AntCing_MedPFC,19.0,59.0,"1095, 1474",idx_L,141,141.0
6,142.0,0.6048781275749207,0,0.001,,0.272629988576221,0.005,0.36814720523861605,0,,"142, 322",a32pr,Area_anterior_32_prime,AntCing_MedPFC,19.0,179.0,"1759, 1118",idx_L,142,142.0
6,143.0,-3.246879816055298,1,0.001,-,0.0005833882440698979,0.005,0.00840079071460653,0,,"143, 323",d32,Area_dorsal_32,AntCing_MedPFC,19.0,62.0,"2228, 2374",idx_L,143,143.0
6,144.0,1.7216167449951172,0,0.001,,0.042569483904480024,0.005,0.12459361142774641,0,,"144, 324",p24,Area_posterior_24,AntCing_MedPFC,19.0,180.0,"2394, 2442",idx_L,144,144.0
6,145.0,2.682441473007202,0,0.001,,0.0036543469580925547,0.005,0.023362395127461678,0,,"145, 325",p24pr,Area_Posterior_24_prime,AntCing_MedPFC,19.0,57.0,"1422, 1724",idx_L,145,145.0
6,146.0,1.395334005355835,0,0.001,,0.08145757107051416,0.005,0.18101682460114257,0,,"146, 326",p32,Area_p32,AntCing_MedPFC,19.0,64.0,"1180, 1765",idx_L,146,146.0
6,147.0,1.8453805446624756,0,0.001,,0.0324911006157015,0.005,0.10547425858930787,0,,"147, 327",p32pr,Area_p32_prime,AntCing_MedPFC,19.0,60.0,"1569, 1305",idx_L,147,147.0
6,148.0,1.6338049173355103,0,0.001,,0.05114990975178727,0.005,0.1353968199312016,0,,"148, 328",pOFC,Posterior_OFC_Complex,AntCing_MedPFC,19.0,166.0,"2486, 2836",idx_L,148,148.0
6,149.0,1.195456624031067,0,0.001,,0.11595433687051798,0.005,0.22031509562489204,0,,"149, 329",s32,Area_s32,AntCing_MedPFC,19.0,165.0,"604, 1015",idx_L,149,149.0
6,150.0,-0.07445133477449417,0,0.001,,0.47032563143207956,0.005,0.4856153054285566,0,,"150, 330",10d,Area_10d,OrbPolaFrontal,20.0,72.0,"3644, 3096",idx_L,150,150.0
6,151.0,0.12294673919677734,0,0.001,,0.45107463691492145,0.005,0.47702309739659177,0,,"151, 331",10 pp,Polar_10p,OrbPolaFrontal,20.0,90.0,"1997, 2487",idx_L,151,151.0
6,152.0,1.3116358518600464,0,0.001,,0.09482151514165216,0.005,0.1984636363429929,0,,"152, 332",11 l,Area_11l,OrbPolaFrontal,20.0,91.0,"3531, 3793",idx_L,152,152.0
6,153.0,3.7941219806671143,1,0.001,+,7.408341251922607e-05,0.005,0.0026847016937217704,1,+,"153, 333",13 l,Area_13l,OrbPolaFrontal,20.0,92.0,"2429, 1757",idx_L,153,153.0
6,154.0,3.0949888229370117,1,0.001,+,0.0009841015694574207,0.005,0.011878864383422335,0,,"154, 334",47 m,Area_47m,OrbPolaFrontal,20.0,66.0,"799, 781",idx_L,154,154.0
6,155.0,-0.9250401854515076,0,0.001,,0.17747250232879858,0.005,0.2877932470196734,0,,"155, 335",47 s,Area_47s,OrbPolaFrontal,20.0,94.0,"2795, 3080",idx_L,155,155.0
6,156.0,1.844966173171997,0,0.001,,0.03252122973170326,0.005,0.10547425858930787,0,,"156, 336",a10p,Area_anterior_10p,OrbPolaFrontal,20.0,89.0,"1964, 1748",idx_L,156,156.0
6,157.0,0.8612133264541626,0,0.001,,0.19456028083702187,0.005,0.3039165252565135,0,,"157, 337",OFC,Orbital_Frontal_Complex,OrbPolaFrontal,20.0,93.0,"4560, 5232",idx_L,157,157.0
6,158.0,0.6400555372238159,0,0.001,,0.2610682469579898,0.005,0.3659489881353596,0,,"158, 338",p10p,Area_posterior_10p,OrbPolaFrontal,20.0,170.0,"2116, 2365",idx_L,158,158.0
6,159.0,-0.21861323714256287,0,0.001,,0.41347567023167864,0.005,0.4525821094921267,0,,"159, 339",44,Area_44,Inferior_Frontal,21.0,74.0,"2435, 2589",idx_L,159,159.0
6,160.0,-0.943409264087677,0,0.001,,0.17273580322310078,0.005,0.28354771670672574,0,,"160, 340",45,Area_45,Inferior_Frontal,21.0,75.0,"3762, 2962",idx_L,160,160.0
6,161.0,-0.5971682667732239,0,0.001,,0.2751975217312997,0.005,0.3696683127733877,0,,"161, 341",47 l,Area_47l_(47_lateral),Inferior_Frontal,21.0,76.0,"2527, 2592",idx_L,161,161.0
6,162.0,-0.04944947734475136,0,0.001,,0.48028054957109173,0.005,0.4896240758823463,0,,"162, 342",a47r,Area_anterior_47r,Inferior_Frontal,21.0,77.0,"4167, 3763",idx_L,162,162.0
6,163.0,1.5636531114578247,0,0.001,,0.05894952738095527,0.005,0.14944950603622464,0,,"163, 343",IFJa,Area_IFJa,Inferior_Frontal,21.0,79.0,"1513, 1405",idx_L,163,163.0
6,164.0,1.8658335208892822,0,0.001,,0.031032330446713514,0.005,0.10539282038506477,0,,"164, 344",IFJp,Area_IFJp,Inferior_Frontal,21.0,80.0,"960, 740",idx_L,164,164.0
6,165.0,2.19653582572937,0,0.001,,0.014026806914263383,0.005,0.06391962644474454,0,,"165, 345",IFSa,Area_IFSa,Inferior_Frontal,21.0,82.0,"2057, 2641",idx_L,165,165.0
6,166.0,0.776252806186676,0,0.001,,0.21879986622177716,0.005,0.32414794995818835,0,,"166, 346",IFSp,Area_IFSp,Inferior_Frontal,21.0,81.0,"1589, 1730",idx_L,166,166.0
6,167.0,0.7939745187759399,0,0.001,,0.21360513282857818,0.005,0.31907820671488857,0,,"167, 347",p47r,Area_posterior_47r,Inferior_Frontal,21.0,171.0,"2133, 1761",idx_L,167,167.0
6,168.0,2.0256805419921875,0,0.001,,0.02139876596502102,0.005,0.08283393276782332,0,,"168, 348",46,Area_46,Dorsolateral_Prefrontal,22.0,84.0,"4863, 4394",idx_L,168,168.0
6,169.0,1.4117950201034546,0,0.001,,0.07900516260229473,0.005,0.17882584705847993,0,,"169, 349",8Ad,Area_8Ad,Dorsolateral_Prefrontal,22.0,68.0,"3386, 3492",idx_L,169,169.0
6,170.0,-1.0441038608551025,0,0.001,,0.1482186699032429,0.005,0.25447742810675983,0,,"170, 350",8Av,Area_8Av,Dorsolateral_Prefrontal,22.0,67.0,"4807, 5902",idx_L,170,170.0
6,171.0,-3.033463716506958,0,0.001,,0.0012088189105175869,0.005,0.012329639344547328,0,,"171, 351",8BL,Area_8B_Lateral,Dorsolateral_Prefrontal,22.0,70.0,"3377, 4078",idx_L,171,171.0
6,172.0,0.0430678054690361,0,0.001,,0.4828237414950915,0.005,0.4896240758823463,0,,"172, 352",8C,Area_8C,Dorsolateral_Prefrontal,22.0,73.0,"4085, 3134",idx_L,172,172.0
6,173.0,-0.29609113931655884,0,0.001,,0.3835802402847751,0.005,0.431527770320372,0,,"173, 353",9-46d,Area_9-46d,Dorsolateral_Prefrontal,22.0,86.0,"4534, 4666",idx_L,173,173.0
6,174.0,-4.082516193389893,1,0.001,-,2.2275353342492597e-05,0.005,0.001145589600471048,1,-,"174, 354",9a,Area_9_anterior,Dorsolateral_Prefrontal,22.0,87.0,"3706, 3048",idx_L,174,174.0
6,175.0,-1.7769672870635986,0,0.001,,0.03778681114095088,0.005,0.11932677202405541,0,,"175, 355",9p,Area_9_Posterior,Dorsolateral_Prefrontal,22.0,71.0,"3426, 2488",idx_L,175,175.0
6,176.0,0.27611595392227173,0,0.001,,0.39122950368503434,0.005,0.43739944511370293,0,,"176, 356",a9-46v,Area_anterior_9-46v,Dorsolateral_Prefrontal,22.0,85.0,"3314, 2628",idx_L,176,176.0
6,177.0,0.8565120100975037,0,0.001,,0.19585731627641983,0.005,0.3039165252565135,0,,"177, 357",i6-8,Inferior_6-8_Transitional_Area,Dorsolateral_Prefrontal,22.0,97.0,"1764, 2418",idx_L,177,177.0
6,178.0,0.6270173788070679,0,0.001,,0.26532392169970365,0.005,0.3659489881353596,0,,"178, 358",p9-46v,Area_posterior_9-46v,Dorsolateral_Prefrontal,22.0,83.0,"2871, 4635",idx_L,178,178.0
6,179.0,-0.6316496133804321,0,0.001,,0.26380792974074807,0.005,0.3659489881353596,0,,"179, 359",s6-8,Superior_6-8_Transitional_Area,Dorsolateral_Prefrontal,22.0,98.0,"1336, 2132",idx_L,179,179.0
6,180.0,-3.735675573348999,1,0.001,-,9.36059523380275e-05,0.005,0.002808178570140825,1,-,"180, 360",SFL,Superior_Frontal_Language_Area,Dorsolateral_Prefrontal,22.0,26.0,"3873, 3055",idx_L,180,180.0
6,181.0,-0.3915340304374695,0,0.001,,0.3477012697935179,0.005,0.40906031740413873,0,,"1, 181",V1,Primary_Visual_Cortex,Primary_Visual,1.0,1.0,"13,812, 13,406",idx_R,181,181.0
6,182.0,-1.2523401975631714,0,0.001,,0.10522296367883194,0.005,0.2105436312029907,0,,"2, 182",V2,Second_Visual_Area,Early_Visual,2.0,4.0,"9515, 9420",idx_R,182,182.0
6,183.0,-2.93877911567688,0,0.001,,0.001647539074569154,0.005,0.014466196752314524,0,,"3, 183",V3,Third_Visual_Area,Early_Visual,2.0,5.0,"7106, 7481",idx_R,183,183.0
6,184.0,-3.0491762161254883,0,0.001,,0.0011473491972583561,0.005,0.012329639344547328,0,,"4, 184",V4,Fourth_Visual_Area,Early_Visual,2.0,6.0,"4782, 4537",idx_R,184,184.0
6,185.0,-0.8010613322257996,0,0.001,,0.2115480701501095,0.005,0.3186498127784076,0,,"5, 185",IPS1,IntraParietal_Sulcus_Area_1,Dorsal_Stream_Visual,3.0,17.0,"1751, 1750",idx_R,185,185.0
6,186.0,-2.8888611793518066,0,0.001,,0.001933198609552259,0.005,0.015663010223785252,0,,"6, 186",V3A,Area_V3A,Dorsal_Stream_Visual,3.0,13.0,"2191, 2212",idx_R,186,186.0
6,187.0,-2.9704136848449707,0,0.001,,0.0014869948325380957,0.005,0.013545775734067803,0,,"7, 187",V3B,Area_V3B,Dorsal_Stream_Visual,3.0,19.0,"639, 731",idx_R,187,187.0
6,188.0,0.5143365263938904,0,0.001,,0.3035083642230293,0.005,0.37752133319864295,0,,"8, 188",V6,Sixth_Visual_Area,Dorsal_Stream_Visual,3.0,3.0,"1402, 1559",idx_R,188,188.0
6,189.0,1.1938035488128662,0,0.001,,0.11627741157980415,0.005,0.22031509562489204,0,,"9, 189",V6A,Area_V6A,Dorsal_Stream_Visual,3.0,152.0,"904, 734",idx_R,189,189.0
6,190.0,-2.043691873550415,0,0.001,,0.02049199826696426,0.005,0.08018608017507754,0,,"10, 190",V7,Seventh_Visual_Area,Dorsal_Stream_Visual,3.0,16.0,"1005, 1041",idx_R,190,190.0
6,191.0,-0.5773245692253113,0,0.001,,0.28186010969960845,0.005,0.37196321216299094,0,,"11, 191",FFC,Fusiform_Face_Complex,Ventral_Stream_Visual,4.0,18.0,"3848, 4402",idx_R,191,191.0
6,192.0,-1.7573431730270386,0,0.001,,0.03942966657052632,0.005,0.12196075215040406,0,,"12, 192",PIT,Posterior_InferoTemporal_complex,Ventral_Stream_Visual,4.0,22.0,"1392, 1386",idx_R,192,192.0
6,193.0,-1.938218116760254,0,0.001,,0.026298308682848076,0.005,0.09208969472066063,0,,"13, 193",V8,Eighth_Visual_Area,Ventral_Stream_Visual,4.0,7.0,"1361, 1175",idx_R,193,193.0
6,194.0,-0.3304661810398102,0,0.001,,0.3705238711002022,0.005,0.42877085394595654,0,,"14, 194",VMV1,VentroMedial_Visual_Area_1,Ventral_Stream_Visual,4.0,153.0,"939, 1219",idx_R,194,194.0
6,195.0,-1.217511534690857,0,0.001,,0.11170482523891795,0.005,0.21837707847073826,0,,"15, 195",VMV2,VentroMedial_Visual_Area_2,Ventral_Stream_Visual,4.0,160.0,"639, 923",idx_R,195,195.0
6,196.0,-3.000250816345215,0,0.001,,0.0013487868697192964,0.005,0.012777980871024911,0,,"16, 196",VMV3,VentroMedial_Visual_Area_3,Ventral_Stream_Visual,4.0,154.0,"941, 1242",idx_R,196,196.0
6,197.0,-1.232537865638733,0,0.001,,0.10887411548169007,0.005,0.21419951139297905,0,,"17, 197",VVC,Ventral_Visual_Complex,Ventral_Stream_Visual,4.0,163.0,"2487, 2753",idx_R,197,197.0
6,198.0,1.3660240173339844,0,0.001,,0.0859657125700003,0.005,0.18735485455957943,0,,"18, 198",FST,Area_FST,MT + _Complex,5.0,157.0,"1324, 1683",idx_R,198,198.0
6,199.0,-2.8624706268310547,0,0.001,,0.002101761105500046,0.005,0.016448565173478622,0,,"19, 199",LO1,Area_Lateral_Occipital_1,MT + _Complex,5.0,20.0,"619, 909",idx_R,199,199.0
6,200.0,-2.698441982269287,0,0.001,,0.003483243995168239,0.005,0.022941449866991325,0,,"20, 200",LO2,Area_Lateral_Occipital_2,MT + _Complex,5.0,21.0,"1179, 1062",idx_R,200,200.0
6,201.0,0.4379325211048126,0,0.001,,0.3307176000022814,0.005,0.39686112000273766,0,,"21, 201",LO3,Area_Lateral_Occipital_3,MT + _Complex,5.0,159.0,"438, 915",idx_R,201,201.0
6,202.0,1.1111023426055908,0,0.001,,0.13326214982797951,0.005,0.2357416946075038,0,,"22, 202",MST,Medial_Superior_Temporal_Area,MT + _Complex,5.0,2.0,"794, 1036",idx_R,202,202.0
6,203.0,1.4420535564422607,0,0.001,,0.07464363280806095,0.005,0.17449160916170092,0,,"23, 203",MT,Middle_Temporal_Area,MT + _Complex,5.0,23.0,"620, 1005",idx_R,203,203.0
6,204.0,-1.350691795349121,0,0.001,,0.08839709080074654,0.005,0.18942233743017114,0,,"24, 204",PH,Area_PH,MT + _Complex,5.0,138.0,"3453, 3205",idx_R,204,204.0
6,205.0,-3.501821517944336,1,0.001,-,0.00023104452909214,0.005,0.005004833213043074,0,,"25, 205",V3CD,Area_V3CD,MT + _Complex,5.0,158.0,"876, 1222",idx_R,205,205.0
6,206.0,-0.3202842175960541,0,0.001,,0.37437644303187956,0.005,0.42877085394595654,0,,"26, 206",V4t,Area_V4t,MT + _Complex,5.0,156.0,"1037, 1249",idx_R,206,206.0
6,207.0,-0.8120439648628235,0,0.001,,0.20838320231360202,0.005,0.3152014824911627,0,,"27, 207",1,Area_1,SomaSens_Motor,6.0,51.0,"6590, 5925",idx_R,207,207.0
6,208.0,1.4085904359817505,0,0.001,,0.0794781542482133,0.005,0.17882584705847993,0,,"28, 208",2,Area_2,SomaSens_Motor,6.0,52.0,"4278, 4727",idx_R,208,208.0
6,209.0,0.009985852055251598,0,0.001,,0.49601628761690475,0.005,0.4973979485851969,0,,"29, 209",3a,Area_3a,SomaSens_Motor,6.0,53.0,"2247, 2286",idx_R,209,209.0
6,210.0,-0.3271369934082031,0,0.001,,0.37178213653413406,0.005,0.42877085394595654,0,,"30, 210",3b,Primary_Sensory_Cortex,SomaSens_Motor,6.0,9.0,"5451, 4350",idx_R,210,210.0
6,211.0,0.4519239664077759,0,0.001,,0.3256618791363435,0.005,0.39474167168041635,0,,"31, 211",4,Primary_Motor_Cortex,SomaSens_Motor,6.0,8.0,"10,776, 10,254",idx_R,211,211.0
6,212.0,2.6492063999176025,0,0.001,,0.00403405204685095,0.005,0.02461455486214139,0,,"32, 212",23c,Area_23c,ParaCentral_MidCing,7.0,38.0,"2259, 2498",idx_R,212,212.0
6,213.0,0.8220006823539734,0,0.001,,0.2055382542760668,0.005,0.3122100064952914,0,,"33, 213",24dd,Dorsal_Area_24d,ParaCentral_MidCing,7.0,40.0,"2665, 2820",idx_R,213,213.0
6,214.0,2.0487191677093506,0,0.001,,0.020244791899319613,0.005,0.080089286634671,0,,"34, 214",24dv,Ventral_Area_24d,ParaCentral_MidCing,7.0,41.0,"1076, 1349",idx_R,214,214.0
6,215.0,0.5716710686683655,0,0.001,,0.28377241910320844,0.005,0.3728396747341425,0,,"35, 215",5L,Area_5L,ParaCentral_MidCing,7.0,39.0,"2249, 2327",idx_R,215,215.0
6,216.0,2.019106149673462,0,0.001,,0.021738093913351682,0.005,0.08325227456177241,0,,"36, 216",5 m,Area_5m,ParaCentral_MidCing,7.0,36.0,"1483, 2079",idx_R,216,216.0
6,217.0,1.6925387382507324,0,0.001,,0.04527165023476789,0.005,0.12732651628528469,0,,"37, 217",5mv,Area_5m_ventral,ParaCentral_MidCing,7.0,37.0,"1651, 1996",idx_R,217,217.0
6,218.0,1.6496555805206299,0,0.001,,0.04950670007512572,0.005,0.1340030979477087,0,,"38, 218",6ma,Area_6m_anterior,ParaCentral_MidCing,7.0,44.0,"3941, 4251",idx_R,218,218.0
6,219.0,-0.5126033425331116,0,0.001,,0.3041144072989068,0.005,0.37752133319864295,0,,"39, 219",6mp,Area_6mp,ParaCentral_MidCing,7.0,55.0,"3701, 3105",idx_R,219,219.0
6,220.0,0.8929300904273987,0,0.001,,0.18594730592688796,0.005,0.2952475587885317,0,,"40, 220",SCEF,Supplementary_and_Cingulate_Eye_Field,ParaCentral_MidCing,7.0,43.0,"3500, 3371",idx_R,220,220.0
6,221.0,-0.39709922671318054,0,0.001,,0.3456471450760813,0.005,0.40906031740413873,0,,"41, 221",55b,Area_55b,Premotor,8.0,12.0,"2422, 1537",idx_R,221,221.0
6,222.0,2.175143003463745,0,0.001,,0.0148097008808973,0.005,0.06511384564974383,0,,"42, 222",6a,Area_6_anterior,Premotor,8.0,96.0,"4233, 3752",idx_R,222,222.0
6,223.0,-1.2770678997039795,0,0.001,,0.10078913827807562,0.005,0.20453379338426877,0,,"43, 223",6d,Dorsal_area_6,Premotor,8.0,54.0,"2916, 2909",idx_R,223,223.0
6,224.0,1.2488681077957153,0,0.001,,0.10585665902150365,0.005,0.2105436312029907,0,,"44, 224",6r,Rostral_Area_6,Premotor,8.0,78.0,"3029, 3981",idx_R,224,224.0
6,225.0,-0.6188692450523376,0,0.001,,0.26800125029046756,0.005,0.3659489881353596,0,,"45, 225",6v,Ventral_Area_6,Premotor,8.0,56.0,"2075, 2516",idx_R,225,225.0
6,226.0,0.6988928318023682,0,0.001,,0.24230950378027155,0.005,0.34892568544359104,0,,"46, 226",FEF,Frontal_Eye_Fields,Premotor,8.0,10.0,"1787, 1889",idx_R,226,226.0
6,227.0,-0.22437964379787445,0,0.001,,0.4112309543977548,0.005,0.4525821094921267,0,,"47, 227",PEF,Premotor_Eye_Field,Premotor,8.0,11.0,"1006, 1258",idx_R,227,227.0
6,228.0,0.0031221164390444756,0,0.001,,0.49875445777163935,0.005,0.49875445777163935,0,,"48, 228",43,Area_43,Posterior_Opercular,9.0,99.0,"1889, 1678",idx_R,228,228.0
6,229.0,0.8434633016586304,0,0.001,,0.19948469092386667,0.005,0.3055935690748596,0,,"49, 229",FOP1,Frontal_Opercular_Area_1,Posterior_Opercular,9.0,113.0,"879, 932",idx_R,229,229.0
6,230.0,-0.745567798614502,0,0.001,,0.22796427057529933,0.005,0.3322556170328249,0,,"50, 230",OP1,Area_OP1-SII,Posterior_Opercular,9.0,101.0,"1275, 1072",idx_R,230,230.0
6,231.0,1.0049487352371216,0,0.001,,0.1574607677977518,0.005,0.26488727293079745,0,,"51, 231",OP2-3,Area_OP2-3-VS,Posterior_Opercular,9.0,102.0,"943, 792",idx_R,231,231.0
6,232.0,0.3927730619907379,0,0.001,,0.3472435512054268,0.005,0.40906031740413873,0,,"52, 232",OP4,Area_OP4-PV,Posterior_Opercular,9.0,100.0,"2332, 2409",idx_R,232,232.0
6,233.0,-1.1095942258834839,0,0.001,,0.1335869602775855,0.005,0.2357416946075038,0,,"53, 233",52,Area_52,Early_Auditory,10.0,103.0,"725, 580",idx_R,233,233.0
6,234.0,-0.9506705403327942,0,0.001,,0.1708858237252372,0.005,0.28342749390928434,0,,"54, 234",A1,Primary_Auditory_Cortex,Early_Auditory,10.0,24.0,"1023, 796",idx_R,234,234.0
6,235.0,-2.2613272666931152,0,0.001,,0.011869499492546766,0.005,0.056973597564224474,0,,"55, 235",LBelt,Lateral_Belt_Complex,Early_Auditory,10.0,174.0,"820, 901",idx_R,235,235.0
6,236.0,-1.1157636642456055,0,0.001,,0.13226165552691577,0.005,0.23571384153311722,0,,"56, 236",MBelt,Medial_Belt_Complex,Early_Auditory,10.0,173.0,"1242, 1236",idx_R,236,236.0
6,237.0,-0.8578056693077087,0,0.001,,0.19549988936812046,0.005,0.3039165252565135,0,,"57, 237",PBelt,ParaBelt_Complex,Early_Auditory,10.0,124.0,"1719, 1439",idx_R,237,237.0
6,238.0,1.1728826761245728,0,0.001,,0.12042142879644407,0.005,0.22346244518927766,0,,"58, 238",PFcm,Area_PFcm,Early_Auditory,10.0,105.0,"1486, 1485",idx_R,238,238.0
6,239.0,0.5236279964447021,0,0.001,,0.3002686525853654,0.005,0.37752133319864295,0,,"59, 239",RI,RetroInsular_Cortex,Early_Auditory,10.0,104.0,"1149, 1334",idx_R,239,239.0
6,240.0,-0.94773930311203,0,0.001,,0.1716310935339555,0.005,0.28342749390928434,0,,"60, 240",A4,Auditory_4_Complex,Auditory_Association,11.0,175.0,"3514, 3610",idx_R,240,240.0
6,241.0,-2.3414804935455322,0,0.001,,0.00960371481557148,0.005,0.0481426178137439,0,,"61, 241",A5,Auditory_5_Complex,Auditory_Association,11.0,125.0,"3346, 3881",idx_R,241,241.0
6,242.0,-1.992926001548767,0,0.001,,0.02313477531558942,0.005,0.08645136096060624,0,,"62, 242",STGa,Area_STGa,Auditory_Association,11.0,123.0,"2509, 2187",idx_R,242,242.0
6,243.0,-2.3858258724212646,0,0.001,,0.008520408727988815,0.005,0.04445430640689817,0,,"63, 243",STSda,Area_STSd_anterior,Auditory_Association,11.0,128.0,"1944, 2389",idx_R,243,243.0
6,244.0,-2.2314260005950928,0,0.001,,0.012826462085806041,0.005,0.059967874686885386,0,,"64, 244",STSdp,Area_STSd_posterior,Auditory_Association,11.0,129.0,"1994, 2605",idx_R,244,244.0
6,245.0,-1.859220027923584,0,0.001,,0.0314979785489825,0.005,0.10547425858930787,0,,"65, 245",STSva,Area_STSv_anterior,Auditory_Association,11.0,176.0,"1694, 1900",idx_R,245,245.0
6,246.0,-1.815209150314331,0,0.001,,0.03474588702200897,0.005,0.11144343937964307,0,,"66, 246",STSvp,Area_STSv_posterior,Auditory_Association,11.0,130.0,"2898, 2515",idx_R,246,246.0
6,247.0,-0.19949746131896973,0,0.001,,0.42093681450820536,0.005,0.4592037976453149,0,,"67, 247",TA2,Area_TA2,Auditory_Association,11.0,107.0,"1518, 1726",idx_R,247,247.0
6,248.0,-0.43245136737823486,0,0.001,,0.33270669557780064,0.005,0.3979216292624858,0,,"68, 248",AAIC,Anterior_Agranular_Insula_Complex,Insula_FrontalOperc,12.0,112.0,"1859, 1691",idx_R,248,248.0
6,249.0,1.1894344091415405,0,0.001,,0.11713438362822298,0.005,0.2207768487233522,0,,"69, 249",AVI,Anterior_Ventral_Insular_Area,Insula_FrontalOperc,12.0,111.0,"1446, 1792",idx_R,249,249.0
6,250.0,0.8929943442344666,0,0.001,,0.18593010072657384,0.005,0.2952475587885317,0,,"70, 250",FOP2,Frontal_Opercular_Area_2,Insula_FrontalOperc,12.0,115.0,"750, 720",idx_R,250,250.0
6,251.0,1.131719946861267,0,0.001,,0.1288760963752722,0.005,0.23314268691004017,0,,"71, 251",FOP3,Frontal_Opercular_Area_3,Insula_FrontalOperc,12.0,114.0,"754, 614",idx_R,251,251.0
6,252.0,2.2501227855682373,0,0.001,,0.012220576022149541,0.005,0.0578869390522873,0,,"72, 252",FOP4,Frontal_Opercular_Area_4,Insula_FrontalOperc,12.0,108.0,"2522, 1678",idx_R,252,252.0
6,253.0,0.7718431949615479,0,0.001,,0.22010365245232633,0.005,0.32474309378212085,0,,"73, 253",FOP5,Area_Frontal_Opercular_5,Insula_FrontalOperc,12.0,169.0,"1297, 1365",idx_R,253,253.0
6,254.0,-0.6177726984024048,0,0.001,,0.2683625912992637,0.005,0.3659489881353596,0,,"74, 254",Ig,Insular_Granular_Complex,Insula_FrontalOperc,12.0,168.0,"841, 1077",idx_R,254,254.0
6,255.0,1.2751357555389404,0,0.001,,0.10113059783999956,0.005,0.20453379338426877,0,,"75, 255",MI,Middle_Insular_Area,Insula_FrontalOperc,12.0,109.0,"2102, 1960",idx_R,255,255.0
6,256.0,0.5207845568656921,0,0.001,,0.301258431145823,0.005,0.37752133319864295,0,,"76, 256",PI,Para-Insular_Area,Insula_FrontalOperc,12.0,178.0,"1033, 1058",idx_R,256,256.0
6,257.0,1.6937170028686523,0,0.001,,0.04515953597206608,0.005,0.12732651628528469,0,,"77, 257",Pir,Pirform_Cortex,Insula_FrontalOperc,12.0,110.0,"2287, 1856",idx_R,257,257.0
6,258.0,1.0258644819259644,0,0.001,,0.15247773327407715,0.005,0.26015158283728806,0,,"78, 258",PoI1,Area_Posterior_Insular_1,Insula_FrontalOperc,12.0,167.0,"1811, 1835",idx_R,258,258.0
6,259.0,2.0782084465026855,0,0.001,,0.018845082239367383,0.005,0.07538032895746953,0,,"79, 259",PoI2,Posterior_Insular_Area_2,Insula_FrontalOperc,12.0,106.0,"2747, 2675",idx_R,259,259.0
6,260.0,1.2324808835983276,0,0.001,,0.10888475162476435,0.005,0.21419951139297905,0,,"80, 260",H,Hippocampus,Medial_Temporal,13.0,120.0,"4283, 3626",idx_R,260,260.0
6,261.0,1.5674753189086914,0,0.001,,0.05850181541364809,0.005,0.14936633722633555,0,,"81, 261",PreS,PreSubiculum,Medial_Temporal,13.0,119.0,"1817, 1558",idx_R,261,261.0
6,262.0,2.3665771484375,0,0.001,,0.008976716005394642,0.005,0.04616596802774388,0,,"82, 262",EC,Entorhinal_Cortex,Medial_Temporal,13.0,118.0,"2127, 2110",idx_R,262,262.0
6,263.0,3.1009628772735596,1,0.001,+,0.0009644623578103748,0.005,0.011878864383422335,0,,"83, 263",PeEc,Perirhinal_Ectorhinal_Cortex,Medial_Temporal,13.0,122.0,"4826, 4755",idx_R,263,263.0
6,264.0,3.46598744392395,1,0.001,+,0.0002641439751328289,0.005,0.005004833213043074,0,,"84, 264",TF,Area_TF,Medial_Temporal,13.0,135.0,"3986, 4752",idx_R,264,264.0
6,265.0,3.027491331100464,0,0.001,,0.0012329639344547329,0.005,0.012329639344547328,0,,"85, 265",PHA1,ParaHippocampal_Area_1,Medial_Temporal,13.0,126.0,"1281, 1168",idx_R,265,265.0
6,266.0,2.621828079223633,0,0.001,,0.004372976883167043,0.005,0.026237861299002255,0,,"86, 266",PHA2,ParaHippocampal_Area_2,Medial_Temporal,13.0,155.0,"783, 771",idx_R,266,266.0
6,267.0,2.597067356109619,0,0.001,,0.004701174229411985,0.005,0.02774463479652975,0,,"87, 267",PHA3,ParaHippocampal_Area_3,Medial_Temporal,13.0,127.0,"2023, 1122",idx_R,267,267.0
6,268.0,1.300065040588379,0,0.001,,0.09678933914275739,0.005,0.20025380512294633,0,,"88, 268",PHT,Area_PHT,Lateral_Temporal,14.0,137.0,"4182, 3410",idx_R,268,268.0
6,269.0,-1.7281248569488525,0,0.001,,0.04198292096076111,0.005,0.12425206570728235,0,,"89, 269",TE1a,Area_TE1_anterior,Lateral_Temporal,14.0,132.0,"5227, 4180",idx_R,269,269.0
6,270.0,-1.206845998764038,0,0.001,,0.11374572875917793,0.005,0.2201530234048605,0,,"90, 270",TE1m,Area_TE1_Middle,Lateral_Temporal,14.0,177.0,"3339, 3429",idx_R,270,270.0
6,271.0,-0.3149861693382263,0,0.001,,0.376386077515665,0.005,0.4287942655241753,0,,"91, 271",TE1p,Area_TE1_posterior,Lateral_Temporal,14.0,133.0,"7116, 6010",idx_R,271,271.0
6,272.0,-1.3408395051956177,0,0.001,,0.08998628339597703,0.005,0.19055918836795135,0,,"92, 272",TE2a,Area_TE2_anterior,Lateral_Temporal,14.0,134.0,"5691, 5753",idx_R,272,272.0
6,273.0,3.4744107723236084,1,0.001,+,0.00025598830414237927,0.005,0.005004833213043074,0,,"93, 273",TE2p,Area_TE2_posterior,Lateral_Temporal,14.0,136.0,"4115, 3040",idx_R,273,273.0
6,274.0,-1.4833687543869019,0,0.001,,0.06898823213043964,0.005,0.16557175711305513,0,,"94, 274",TGd,Area_TG_dorsal,Lateral_Temporal,14.0,131.0,"10,192, 10,269",idx_R,274,274.0
6,275.0,1.0483659505844116,0,0.001,,0.14723501742200434,0.005,0.25447742810675983,0,,"95, 275",TGv,Area_TG_Ventral,Lateral_Temporal,14.0,172.0,"3694, 4515",idx_R,275,275.0
6,276.0,1.5098990201950073,0,0.001,,0.0655345963726334,0.005,0.1604928890758369,0,,"96, 276",PSL,PeriSylvian_Language_Area,TPO,15.0,25.0,"2154, 2759",idx_R,276,276.0
6,277.0,1.3073081970214844,0,0.001,,0.09555403071388396,0.005,0.19884075755490302,0,,"97, 277",STV,Superior_Temporal_Visual_Area,TPO,15.0,28.0,"2322, 2294",idx_R,277,277.0
6,278.0,0.04317217320203781,0,0.001,,0.48278214348397547,0.005,0.4896240758823463,0,,"98, 278",TPOJ1,Area_TemporoParietoOccipital_Junction_1,TPO,15.0,139.0,"2102, 3938",idx_R,278,278.0
6,279.0,1.461064100265503,0,0.001,,0.0719989255452889,0.005,0.1716530675251921,0,,"99, 279",TPOJ2,Area_TemporoParietoOccipital_Junction_2,TPO,15.0,140.0,"1930, 2068",idx_R,279,279.0
6,280.0,2.007704257965088,0,0.001,,0.022337363951218367,0.005,0.08464685286777486,0,,"100, 280",TPOJ3,Area_TemporoParietoOccipital_Junction_3,TPO,15.0,141.0,"1290, 1277",idx_R,280,280.0
6,281.0,-1.5543856620788574,0,0.001,,0.06004622560970209,0.005,0.15043952136792463,0,,"101, 281",7AL,Lateral_Area_7A,Superior_Parietal,16.0,42.0,"2134, 2030",idx_R,281,281.0
6,282.0,2.183891534805298,0,0.001,,0.014485109603818137,0.005,0.06511384564974383,0,,"102, 282",7Am,Medial_Area_7A,Superior_Parietal,16.0,45.0,"2995, 2379",idx_R,282,282.0
6,283.0,-0.06875413656234741,0,0.001,,0.47259266268554917,0.005,0.4860953101908505,0,,"103, 283",7PC,Area_7PC,Superior_Parietal,16.0,47.0,"3151, 3415",idx_R,283,283.0
6,284.0,1.7267348766326904,0,0.001,,0.04210764448969013,0.005,0.12425206570728235,0,,"104, 284",7Pl,Lateral_Area_7P,Superior_Parietal,16.0,46.0,"1695, 1363",idx_R,284,284.0
6,285.0,1.3709951639175415,0,0.001,,0.08518823180118928,0.005,0.18699855761236675,0,,"105, 285",7Pm,Medial_Area_7P,Superior_Parietal,16.0,29.0,"1601, 1308",idx_R,285,285.0
6,286.0,1.3633164167404175,0,0.001,,0.08639140515802829,0.005,0.18735485455957943,0,,"106, 286",AIP,Anterior_IntraParietal_Area,Superior_Parietal,16.0,117.0,"1999, 2542",idx_R,286,286.0
6,287.0,1.4297631978988647,0,0.001,,0.07639249746980305,0.005,0.17629037877646855,0,,"107, 287",LIPd,Area_Lateral_IntraParietal_dorsal,Superior_Parietal,16.0,95.0,"1008, 869",idx_R,287,287.0
6,288.0,-0.3939301073551178,0,0.001,,0.34681632073111,0.005,0.40906031740413873,0,,"108, 288",LIPv,Area_Lateral_IntraParietal_ventral,Superior_Parietal,16.0,48.0,"1681, 1783",idx_R,288,288.0
6,289.0,-0.5365574359893799,0,0.001,,0.2957866759550311,0.005,0.37752133319864295,0,,"109, 289",MIP,Medial_IntraParietal_Area,Superior_Parietal,16.0,50.0,"1872, 2403",idx_R,289,289.0
6,290.0,0.07331667840480804,0,0.001,,0.47077705998490627,0.005,0.4856153054285566,0,,"110, 290",VIP,Ventral_IntraParietal_Complex,Superior_Parietal,16.0,49.0,"1890, 1577",idx_R,290,290.0
6,291.0,-0.3761875033378601,0,0.001,,0.35338875257189856,0.005,0.4130517887204009,0,,"111, 291",IP0,Area_IntraParietal_0,Inferior_Parietal,17.0,146.0,"1203, 1239",idx_R,291,291.0
6,292.0,0.42827901244163513,0,0.001,,0.3342239985324419,0.005,0.3984127134823811,0,,"112, 292",IP1,Area_IntraParietal_1,Inferior_Parietal,17.0,145.0,"1692, 1632",idx_R,292,292.0
6,293.0,0.22850999236106873,0,0.001,,0.40962489441195976,0.005,0.45234650916658137,0,,"113, 293",IP2,Area_IntraParietal_2,Inferior_Parietal,17.0,144.0,"2102, 1861",idx_R,293,293.0
6,294.0,2.082538604736328,0,0.001,,0.018646650248203323,0.005,0.07538032895746953,0,,"114, 294",PF,Area_PF_Complex,Inferior_Parietal,17.0,148.0,"5457, 5251",idx_R,294,294.0
6,295.0,-0.8529890179634094,0,0.001,,0.19683269716773222,0.005,0.30411918875701116,0,,"115, 295",PFm,Area_PFm_Complex,Inferior_Parietal,17.0,149.0,"8220, 8141",idx_R,295,295.0
6,296.0,2.289780378341675,0,0.001,,0.011017025584611055,0.005,0.05359634068189162,0,,"116, 296",PFop,Area_PF_Opercular,Inferior_Parietal,17.0,147.0,"1797, 1783",idx_R,296,296.0
6,297.0,-0.3181792199611664,0,0.001,,0.375174497202712,0.005,0.42877085394595654,0,,"117, 297",PFt,Area_PFt,Inferior_Parietal,17.0,116.0,"1983, 2039",idx_R,297,297.0
6,298.0,0.11595416814088821,0,0.001,,0.4538444326090905,0.005,0.47702309739659177,0,,"118, 298",PGi,Area_PGi,Inferior_Parietal,17.0,150.0,"4791, 4970",idx_R,298,298.0
6,299.0,3.5773346424102783,1,0.001,+,0.00017355783387900596,0.005,0.004168811350136826,1,+,"119, 299",PGp,Area_PGp,Inferior_Parietal,17.0,143.0,"2501, 3740",idx_R,299,299.0
6,300.0,-0.1839200258255005,0,0.001,,0.42703809722781455,0.005,0.4630533584397989,0,,"120, 300",PGs,Area_PGs,Inferior_Parietal,17.0,151.0,"4552, 3366",idx_R,300,300.0
6,301.0,-0.02119642123579979,0,0.001,,0.4915444845412379,0.005,0.494290543114094,0,,"121, 301",23d,Area_23d,Posterior_Cingulate,18.0,32.0,"1261, 1513",idx_R,301,301.0
6,302.0,1.120169758796692,0,0.001,,0.13132071411925045,0.005,0.23571384153311722,0,,"122, 302",31a,Area_31a,Posterior_Cingulate,18.0,162.0,"1260, 1116",idx_R,302,302.0
6,303.0,-0.6222758293151855,0,0.001,,0.2668802559007683,0.005,0.3659489881353596,0,,"123, 303",31pd,Area_31pd,Posterior_Cingulate,18.0,161.0,"1428, 864",idx_R,303,303.0
6,304.0,-0.13165147602558136,0,0.001,,0.44762998392784126,0.005,0.4769421901068538,0,,"124, 304",31pv,Area_31p_ventral,Posterior_Cingulate,18.0,35.0,"950, 1022",idx_R,304,304.0
6,305.0,0.1165364533662796,0,0.001,,0.4536136986458857,0.005,0.47702309739659177,0,,"125, 305",7 m,Area_7m,Posterior_Cingulate,18.0,30.0,"2128, 2067",idx_R,305,305.0
6,306.0,0.3776339888572693,0,0.001,,0.3528512558558392,0.005,0.4130517887204009,0,,"126, 306",d23ab,Area_dorsal_23_a + b,Posterior_Cingulate,18.0,34.0,"1607, 1106",idx_R,306,306.0
6,307.0,2.5683438777923584,0,0.001,,0.005109286517982639,0.005,0.028739736663652343,0,,"127, 307",DVT,Dorsal_Transitional_Visual_Area,Posterior_Cingulate,18.0,142.0,"1806, 2176",idx_R,307,307.0
6,308.0,3.042987585067749,0,0.001,,0.00117120998407565,0.005,0.012329639344547328,0,,"128, 308",PCV,PreCuneus_Visual_Area,Posterior_Cingulate,18.0,27.0,"2245, 2416",idx_R,308,308.0
6,309.0,2.8436782360076904,0,0.001,,0.002229802933813917,0.005,0.017079341620702345,0,,"129, 309",POS1,Parieto-Occipital_Sulcus_Area_1,Posterior_Cingulate,18.0,31.0,"2531, 2727",idx_R,309,309.0
6,310.0,0.13123242557048798,0,0.001,,0.4477957229336571,0.005,0.4769421901068538,0,,"130, 310",POS2,Parieto-Occipital_Sulcus_Area_2,Posterior_Cingulate,18.0,15.0,"3261, 3093",idx_R,310,310.0
6,311.0,0.8465774059295654,0,0.001,,0.19861535597869018,0.005,0.30556208612106184,0,,"131, 311",ProS,ProStriate_Area,Posterior_Cingulate,18.0,121.0,"1222, 1055",idx_R,311,311.0
6,312.0,0.8356643319129944,0,0.001,,0.20167188320676827,0.005,0.3076350760781211,0,,"132, 312",RSC,RetroSplenial_Complex,Posterior_Cingulate,18.0,14.0,"2830, 3067",idx_R,312,312.0
6,313.0,0.5144649744033813,0,0.001,,0.3034634712343981,0.005,0.37752133319864295,0,,"133, 313",v23ab,Area_ventral_23_a + b,Posterior_Cingulate,18.0,33.0,"916, 1089",idx_R,313,313.0
6,314.0,1.447554349899292,0,0.001,,0.07387086298599096,0.005,0.17449160916170092,0,,"134, 314",10r,Area_10r,AntCing_MedPFC,19.0,65.0,"1589, 1053",idx_R,314,314.0
6,315.0,1.2869198322296143,0,0.001,,0.09906111599691403,0.005,0.2026250099936878,0,,"135, 315",10v,Area_10v,AntCing_MedPFC,19.0,88.0,"3906, 2667",idx_R,315,315.0
6,316.0,0.5252817869186401,0,0.001,,0.2996936582974759,0.005,0.37752133319864295,0,,"136, 316",25,Area_25,AntCing_MedPFC,19.0,164.0,"1911, 2135",idx_R,316,316.0
6,317.0,2.0951669216156006,0,0.001,,0.01807807832197068,0.005,0.07395577495351642,0,,"137, 317",33pr,Area_33_prime,AntCing_MedPFC,19.0,58.0,"1354, 1316",idx_R,317,317.0
6,318.0,-3.109483480453491,1,0.001,-,0.0009370738219138464,0.005,0.011878864383422335,0,,"138, 318",8BM,Area_8BM,AntCing_MedPFC,19.0,63.0,"3122, 3436",idx_R,318,318.0
6,319.0,-1.5140764713287354,0,0.001,,0.06500322269760303,0.005,0.16028191898039104,0,,"139, 319",9 m,Area_9_Middle,AntCing_MedPFC,19.0,69.0,"6338, 5881",idx_R,319,319.0
6,320.0,1.6676452159881592,0,0.001,,0.04769308833786455,0.005,0.13207316770485567,0,,"140, 320",a24,Area_a24,AntCing_MedPFC,19.0,61.0,"2085, 2152",idx_R,320,320.0
6,321.0,1.734428882598877,0,0.001,,0.041421007038713674,0.005,0.12425206570728235,0,,"141, 321",a24pr,Anterior_24_prime,AntCing_MedPFC,19.0,59.0,"1095, 1474",idx_R,321,321.0
6,322.0,0.9659452438354492,0,0.001,,0.16703579057293516,0.005,0.2783929842882253,0,,"142, 322",a32pr,Area_anterior_32_prime,AntCing_MedPFC,19.0,179.0,"1759, 1118",idx_R,322,322.0
6,323.0,-1.8492082357406616,0,0.001,,0.03221387499044536,0.005,0.10547425858930787,0,,"143, 323",d32,Area_dorsal_32,AntCing_MedPFC,19.0,62.0,"2228, 2374",idx_R,323,323.0
6,324.0,3.0767714977264404,0,0.001,,0.001046278216875373,0.005,0.012150327679843042,0,,"144, 324",p24,Area_posterior_24,AntCing_MedPFC,19.0,180.0,"2394, 2442",idx_R,324,324.0
6,325.0,2.8105883598327637,0,0.001,,0.002472550424018556,0.005,0.017453297110719218,0,,"145, 325",p24pr,Area_Posterior_24_prime,AntCing_MedPFC,19.0,57.0,"1422, 1724",idx_R,325,325.0
6,326.0,1.100846767425537,0,0.001,,0.1354816767264626,0.005,0.23722535157474484,0,,"146, 326",p32,Area_p32,AntCing_MedPFC,19.0,64.0,"1180, 1765",idx_R,326,326.0
6,327.0,1.9654829502105713,0,0.001,,0.02467918355883947,0.005,0.0888450608118221,0,,"147, 327",p32pr,Area_p32_prime,AntCing_MedPFC,19.0,60.0,"1569, 1305",idx_R,327,327.0
6,328.0,0.363810271024704,0,0.001,,0.35799984616296643,0.005,0.41708719941316474,0,,"148, 328",pOFC,Posterior_OFC_Complex,AntCing_MedPFC,19.0,166.0,"2486, 2836",idx_R,328,328.0
6,329.0,1.3913670778274536,0,0.001,,0.08205707130759143,0.005,0.18123034153823875,0,,"149, 329",s32,Area_s32,AntCing_MedPFC,19.0,165.0,"604, 1015",idx_R,329,329.0
6,330.0,-0.6460890173912048,0,0.001,,0.2591108537603793,0.005,0.3659489881353596,0,,"150, 330",10d,Area_10d,OrbPolaFrontal,20.0,72.0,"3644, 3096",idx_R,330,330.0
6,331.0,-0.5455005764961243,0,0.001,,0.2927046420692457,0.005,0.3763345398033159,0,,"151, 331",10 pp,Polar_10p,OrbPolaFrontal,20.0,90.0,"1997, 2487",idx_R,331,331.0
6,332.0,1.6956651210784912,0,0.001,,0.0449746587333924,0.005,0.12732651628528469,0,,"152, 332",11 l,Area_11l,OrbPolaFrontal,20.0,91.0,"3531, 3793",idx_R,332,332.0
6,333.0,2.8160271644592285,0,0.001,,0.0024310777694100502,0.005,0.017453297110719218,0,,"153, 333",13 l,Area_13l,OrbPolaFrontal,20.0,92.0,"2429, 1757",idx_R,333,333.0
6,334.0,2.678372383117676,0,0.001,,0.0036990458951814322,0.005,0.023362395127461678,0,,"154, 334",47 m,Area_47m,OrbPolaFrontal,20.0,66.0,"799, 781",idx_R,334,334.0
6,335.0,-0.607367753982544,0,0.001,,0.2718034416151496,0.005,0.36814720523861605,0,,"155, 335",47 s,Area_47s,OrbPolaFrontal,20.0,94.0,"2795, 3080",idx_R,335,335.0
6,336.0,1.5999739170074463,0,0.001,,0.054802184907233036,0.005,0.14091990404717067,0,,"156, 336",a10p,Area_anterior_10p,OrbPolaFrontal,20.0,89.0,"1964, 1748",idx_R,336,336.0
6,337.0,1.5532994270324707,0,0.001,,0.060175808547169855,0.005,0.15043952136792463,0,,"157, 337",OFC,Orbital_Frontal_Complex,OrbPolaFrontal,20.0,93.0,"4560, 5232",idx_R,337,337.0
6,338.0,0.7507327795028687,0,0.001,,0.2264067456853603,0.005,0.3313269449054053,0,,"158, 338",p10p,Area_posterior_10p,OrbPolaFrontal,20.0,170.0,"2116, 2365",idx_R,338,338.0
6,339.0,-0.5526094436645508,0,0.001,,0.29026543699825746,0.005,0.375934236497959,0,,"159, 339",44,Area_44,Inferior_Frontal,21.0,74.0,"2435, 2589",idx_R,339,339.0
6,340.0,-1.0431251525878906,0,0.001,,0.1484451663956099,0.005,0.25447742810675983,0,,"160, 340",45,Area_45,Inferior_Frontal,21.0,75.0,"3762, 2962",idx_R,340,340.0
6,341.0,-0.44040361046791077,0,0.001,,0.3298224052127579,0.005,0.39686112000273766,0,,"161, 341",47 l,Area_47l_(47_lateral),Inferior_Frontal,21.0,76.0,"2527, 2592",idx_R,341,341.0
6,342.0,-0.14212965965270996,0,0.001,,0.44348879548588965,0.005,0.47658497425349333,0,,"162, 342",a47r,Area_anterior_47r,Inferior_Frontal,21.0,77.0,"4167, 3763",idx_R,342,342.0
6,343.0,0.5766969323158264,0,0.001,,0.2820721025569348,0.005,0.37196321216299094,0,,"163, 343",IFJa,Area_IFJa,Inferior_Frontal,21.0,79.0,"1513, 1405",idx_R,343,343.0
6,344.0,2.2040679454803467,0,0.001,,0.013759783021111643,0.005,0.06350669086666912,0,,"164, 344",IFJp,Area_IFJp,Inferior_Frontal,21.0,80.0,"960, 740",idx_R,344,344.0
6,345.0,1.61307692527771,0,0.001,,0.053363898148336884,0.005,0.13820865707482932,0,,"165, 345",IFSa,Area_IFSa,Inferior_Frontal,21.0,82.0,"2057, 2641",idx_R,345,345.0
6,346.0,0.5531080365180969,0,0.001,,0.2900947169783262,0.005,0.375934236497959,0,,"166, 346",IFSp,Area_IFSp,Inferior_Frontal,21.0,81.0,"1589, 1730",idx_R,346,346.0
6,347.0,-2.114428758621216,0,0.001,,0.01723933176884637,0.005,0.0721646446137755,0,,"167, 347",p47r,Area_posterior_47r,Inferior_Frontal,21.0,171.0,"2133, 1761",idx_R,347,347.0
6,348.0,1.4452717304229736,0,0.001,,0.0741907875780198,0.005,0.17449160916170092,0,,"168, 348",46,Area_46,Dorsolateral_Prefrontal,22.0,84.0,"4863, 4394",idx_R,348,348.0
6,349.0,0.8890424966812134,0,0.001,,0.18699012056607006,0.005,0.2952475587885317,0,,"169, 349",8Ad,Area_8Ad,Dorsolateral_Prefrontal,22.0,68.0,"3386, 3492",idx_R,349,349.0
6,350.0,-0.6766886711120605,0,0.001,,0.24930175294105195,0.005,0.3561453613443599,0,,"170, 350",8Av,Area_8Av,Dorsolateral_Prefrontal,22.0,67.0,"4807, 5902",idx_R,350,350.0
6,351.0,-3.6300206184387207,1,0.001,-,0.0001416992905096117,0.005,0.003923980352573862,1,-,"171, 351",8BL,Area_8B_Lateral,Dorsolateral_Prefrontal,22.0,70.0,"3377, 4078",idx_R,351,351.0
6,352.0,-0.5049325227737427,0,0.001,,0.30680311517128733,0.005,0.37825041596460085,0,,"172, 352",8C,Area_8C,Dorsolateral_Prefrontal,22.0,73.0,"4085, 3134",idx_R,352,352.0
6,353.0,1.6165229082107544,0,0.001,,0.05299065228966843,0.005,0.13820865707482932,0,,"173, 353",9-46d,Area_9-46d,Dorsolateral_Prefrontal,22.0,86.0,"4534, 4666",idx_R,353,353.0
6,354.0,-1.6763848066329956,0,0.001,,0.04683142148621605,0.005,0.13069233903130062,0,,"174, 354",9a,Area_9_anterior,Dorsolateral_Prefrontal,22.0,87.0,"3706, 3048",idx_R,354,354.0
6,355.0,-1.2514055967330933,0,0.001,,0.10539326819914657,0.005,0.2105436312029907,0,,"175, 355",9p,Area_9_Posterior,Dorsolateral_Prefrontal,22.0,71.0,"3426, 2488",idx_R,355,355.0
6,356.0,1.6282869577407837,0,0.001,,0.05173202682270612,0.005,0.1359381726728044,0,,"176, 356",a9-46v,Area_anterior_9-46v,Dorsolateral_Prefrontal,22.0,85.0,"3314, 2628",idx_R,356,356.0
6,357.0,0.2480953186750412,0,0.001,,0.40203032878533557,0.005,0.44670036531703955,0,,"177, 357",i6-8,Inferior_6-8_Transitional_Area,Dorsolateral_Prefrontal,22.0,97.0,"1764, 2418",idx_R,357,357.0
6,358.0,0.6294092535972595,0,0.001,,0.2645405806997243,0.005,0.3659489881353596,0,,"178, 358",p9-46v,Area_posterior_9-46v,Dorsolateral_Prefrontal,22.0,83.0,"2871, 4635",idx_R,358,358.0
6,359.0,-0.4935954809188843,0,0.001,,0.31079594647621106,0.005,0.38056646507291153,0,,"179, 359",s6-8,Superior_6-8_Transitional_Area,Dorsolateral_Prefrontal,22.0,98.0,"1336, 2132",idx_R,359,359.0
6,360.0,-2.461799383163452,0,0.001,,0.006912098421059193,0.005,0.03770235502395923,0,,"180, 360",SFL,Superior_Frontal_Language_Area,Dorsolateral_Prefrontal,22.0,26.0,"3873, 3055",idx_R,360,360.0
7,1.0,-1.4296996593475342,0,0.001,,0.0764016190432586,0.005,0.218290340123596,0,,"1, 181",V1,Primary_Visual_Cortex,Primary_Visual,1.0,1.0,"13,812, 13,406",idx_L,1,1.0
7,2.0,-1.490537405014038,0,0.001,,0.06804149445580247,0.005,0.20839204243833231,0,,"2, 182",V2,Second_Visual_Area,Early_Visual,2.0,4.0,"9515, 9420",idx_L,2,2.0
7,3.0,-1.23637056350708,0,0.001,,0.10816042638980228,0.005,0.2666969417830741,0,,"3, 183",V3,Third_Visual_Area,Early_Visual,2.0,5.0,"7106, 7481",idx_L,3,3.0
7,4.0,-2.316671133041382,0,0.001,,0.010260826609458686,0.005,0.0636878893000884,0,,"4, 184",V4,Fourth_Visual_Area,Early_Visual,2.0,6.0,"4782, 4537",idx_L,4,4.0
7,5.0,-3.2548556327819824,1,0.001,-,0.0005672500997855676,0.005,0.008508751496783514,0,,"5, 185",IPS1,IntraParietal_Sulcus_Area_1,Dorsal_Stream_Visual,3.0,17.0,"1751, 1750",idx_L,5,5.0
7,6.0,-2.3188698291778564,0,0.001,,0.010201047746017893,0.005,0.0636878893000884,0,,"6, 186",V3A,Area_V3A,Dorsal_Stream_Visual,3.0,13.0,"2191, 2212",idx_L,6,6.0
7,7.0,-1.2977005243301392,0,0.001,,0.09719513171514982,0.005,0.254000412353636,0,,"7, 187",V3B,Area_V3B,Dorsal_Stream_Visual,3.0,19.0,"639, 731",idx_L,7,7.0
7,8.0,0.2432224452495575,0,0.001,,0.4039165400266026,0.005,0.4732366520881662,0,,"8, 188",V6,Sixth_Visual_Area,Dorsal_Stream_Visual,3.0,3.0,"1402, 1559",idx_L,8,8.0
7,9.0,-1.296702265739441,0,0.001,,0.09736682473556046,0.005,0.254000412353636,0,,"9, 189",V6A,Area_V6A,Dorsal_Stream_Visual,3.0,152.0,"904, 734",idx_L,9,9.0
7,10.0,-2.6965761184692383,0,0.001,,0.0035028192102086455,0.005,0.03502819210208646,0,,"10, 190",V7,Seventh_Visual_Area,Dorsal_Stream_Visual,3.0,16.0,"1005, 1041",idx_L,10,10.0
7,11.0,-1.5172173976898193,0,0.001,,0.06460590260285408,0.005,0.20839204243833231,0,,"11, 191",FFC,Fusiform_Face_Complex,Ventral_Stream_Visual,4.0,18.0,"3848, 4402",idx_L,11,11.0
7,12.0,-3.9946699142456055,1,0.001,-,3.239222349516884e-05,0.005,0.0008970154198662141,1,-,"12, 192",PIT,Posterior_InferoTemporal_complex,Ventral_Stream_Visual,4.0,22.0,"1392, 1386",idx_L,12,12.0
7,13.0,-1.7650073766708374,0,0.001,,0.0387812629801175,0.005,0.14743724160397184,0,,"13, 193",V8,Eighth_Visual_Area,Ventral_Stream_Visual,4.0,7.0,"1361, 1175",idx_L,13,13.0
7,14.0,1.478132724761963,0,0.001,,0.0696861282303859,0.005,0.20839204243833231,0,,"14, 194",VMV1,VentroMedial_Visual_Area_1,Ventral_Stream_Visual,4.0,153.0,"939, 1219",idx_L,14,14.0
7,15.0,-0.9607105255126953,0,0.001,,0.168348868723584,0.005,0.3406723907546501,0,,"15, 195",VMV2,VentroMedial_Visual_Area_2,Ventral_Stream_Visual,4.0,160.0,"639, 923",idx_L,15,15.0
7,16.0,-1.204163670539856,0,0.001,,0.11426316229630618,0.005,0.2760720699776525,0,,"16, 196",VMV3,VentroMedial_Visual_Area_3,Ventral_Stream_Visual,4.0,154.0,"941, 1242",idx_L,16,16.0
7,17.0,-1.0204412937164307,0,0.001,,0.15375960908355224,0.005,0.3230476359940558,0,,"17, 197",VVC,Ventral_Visual_Complex,Ventral_Stream_Visual,4.0,163.0,"2487, 2753",idx_L,17,17.0
7,18.0,-1.0354766845703125,0,0.001,,0.1502231747415923,0.005,0.3216700637516006,0,,"18, 198",FST,Area_FST,MT + _Complex,5.0,157.0,"1324, 1683",idx_L,18,18.0
7,19.0,-1.9256013631820679,0,0.001,,0.02707708419173448,0.005,0.1282598724871633,0,,"19, 199",LO1,Area_Lateral_Occipital_1,MT + _Complex,5.0,20.0,"619, 909",idx_L,19,19.0
7,20.0,-4.271265983581543,1,0.001,-,9.718320907050657e-06,0.005,0.00043732444081727955,1,-,"20, 200",LO2,Area_Lateral_Occipital_2,MT + _Complex,5.0,21.0,"1179, 1062",idx_L,20,20.0
7,21.0,-0.9367079734802246,0,0.001,,0.17445439682262015,0.005,0.3472240361988573,0,,"21, 201",LO3,Area_Lateral_Occipital_3,MT + _Complex,5.0,159.0,"438, 915",idx_L,21,21.0
7,22.0,-0.4843241274356842,0,0.001,,0.3140779277016649,0.005,0.4365561929443992,0,,"22, 202",MST,Medial_Superior_Temporal_Area,MT + _Complex,5.0,2.0,"794, 1036",idx_L,22,22.0
7,23.0,-0.13163292407989502,0,0.001,,0.44763732123060834,0.005,0.49093460295638636,0,,"23, 203",MT,Middle_Temporal_Area,MT + _Complex,5.0,23.0,"620, 1005",idx_L,23,23.0
7,24.0,-3.6009597778320312,1,0.001,-,0.00015852231377412568,0.005,0.0030035806820360653,1,-,"24, 204",PH,Area_PH,MT + _Complex,5.0,138.0,"3453, 3205",idx_L,24,24.0
7,25.0,-2.0868022441864014,0,0.001,,0.01845300710109569,0.005,0.09490117937706356,0,,"25, 205",V3CD,Area_V3CD,MT + _Complex,5.0,158.0,"876, 1222",idx_L,25,25.0
7,26.0,-3.1209256649017334,1,0.001,-,0.0009014176812549534,0.005,0.01298041461007133,0,,"26, 206",V4t,Area_V4t,MT + _Complex,5.0,156.0,"1037, 1249",idx_L,26,26.0
7,27.0,0.33492258191108704,0,0.001,,0.3688417435083683,0.005,0.4615158229199583,0,,"27, 207",1,Area_1,SomaSens_Motor,6.0,51.0,"6590, 5925",idx_L,27,27.0
7,28.0,-0.41240015625953674,0,0.001,,0.3400230743240828,0.005,0.4528885145626817,0,,"28, 208",2,Area_2,SomaSens_Motor,6.0,52.0,"4278, 4727",idx_L,28,28.0
7,29.0,-0.08762020617723465,0,0.001,,0.4650892708692193,0.005,0.49093460295638636,0,,"29, 209",3a,Area_3a,SomaSens_Motor,6.0,53.0,"2247, 2286",idx_L,29,29.0
7,30.0,-0.21705672144889832,0,0.001,,0.4140820705771454,0.005,0.4732366520881662,0,,"30, 210",3b,Primary_Sensory_Cortex,SomaSens_Motor,6.0,9.0,"5451, 4350",idx_L,30,30.0
7,31.0,0.006237461697310209,0,0.001,,0.49751162894196665,0.005,0.4990328957582395,0,,"31, 211",4,Primary_Motor_Cortex,SomaSens_Motor,6.0,8.0,"10,776, 10,254",idx_L,31,31.0
7,32.0,-0.5773517489433289,0,0.001,,0.2818509311166963,0.005,0.41079487936036707,0,,"32, 212",23c,Area_23c,ParaCentral_MidCing,7.0,38.0,"2259, 2498",idx_L,32,32.0
7,33.0,0.6683706641197205,0,0.001,,0.25194850828914106,0.005,0.3948192130618795,0,,"33, 213",24dd,Dorsal_Area_24d,ParaCentral_MidCing,7.0,40.0,"2665, 2820",idx_L,33,33.0
7,34.0,-1.0063484907150269,0,0.001,,0.1571239811143344,0.005,0.32696319769456866,0,,"34, 214",24dv,Ventral_Area_24d,ParaCentral_MidCing,7.0,41.0,"1076, 1349",idx_L,34,34.0
7,35.0,-0.8206307291984558,0,0.001,,0.20592831932691197,0.005,0.37253364300345887,0,,"35, 215",5L,Area_5L,ParaCentral_MidCing,7.0,39.0,"2249, 2327",idx_L,35,35.0
7,36.0,1.1970305442810059,0,0.001,,0.11564732484572421,0.005,0.2775535796297381,0,,"36, 216",5 m,Area_5m,ParaCentral_MidCing,7.0,36.0,"1483, 2079",idx_L,36,36.0
7,37.0,-1.594606637954712,0,0.001,,0.05540011364463365,0.005,0.19251326734143126,0,,"37, 217",5mv,Area_5m_ventral,ParaCentral_MidCing,7.0,37.0,"1651, 1996",idx_L,37,37.0
7,38.0,-0.3306272327899933,0,0.001,,0.37046303662551544,0.005,0.4615158229199583,0,,"38, 218",6ma,Area_6m_anterior,ParaCentral_MidCing,7.0,44.0,"3941, 4251",idx_L,38,38.0
7,39.0,-0.10650460422039032,0,0.001,,0.45759100127445634,0.005,0.49093460295638636,0,,"39, 219",6mp,Area_6mp,ParaCentral_MidCing,7.0,55.0,"3701, 3105",idx_L,39,39.0
7,40.0,0.38604795932769775,0,0.001,,0.34973057513451533,0.005,0.4528885145626817,0,,"40, 220",SCEF,Supplementary_and_Cingulate_Eye_Field,ParaCentral_MidCing,7.0,43.0,"3500, 3371",idx_L,40,40.0
7,41.0,2.0212361812591553,0,0.001,,0.021627660983399286,0.005,0.10665695827429784,0,,"41, 221",55b,Area_55b,Premotor,8.0,12.0,"2422, 1537",idx_L,41,41.0
7,42.0,-2.109632968902588,0,0.001,,0.01744499114131643,0.005,0.09101734508512921,0,,"42, 222",6a,Area_6_anterior,Premotor,8.0,96.0,"4233, 3752",idx_L,42,42.0
7,43.0,1.1122187376022339,0,0.001,,0.13302205669052425,0.005,0.3030882304341059,0,,"43, 223",6d,Dorsal_area_6,Premotor,8.0,54.0,"2916, 2909",idx_L,43,43.0
7,44.0,0.5435850620269775,0,0.001,,0.2933635207595465,0.005,0.41743425878828755,0,,"44, 224",6r,Rostral_Area_6,Premotor,8.0,78.0,"3029, 3981",idx_L,44,44.0
7,45.0,-0.4995051622390747,0,0.001,,0.3087117754907159,0.005,0.4307606169637896,0,,"45, 225",6v,Ventral_Area_6,Premotor,8.0,56.0,"2075, 2516",idx_L,45,45.0
7,46.0,-1.5717140436172485,0,0.001,,0.05800844188218576,0.005,0.1963372048606705,0,,"46, 226",FEF,Frontal_Eye_Fields,Premotor,8.0,10.0,"1787, 1889",idx_L,46,46.0
7,47.0,0.5386022329330444,0,0.001,,0.2950806732470087,0.005,0.4174434688665004,0,,"47, 227",PEF,Premotor_Eye_Field,Premotor,8.0,11.0,"1006, 1258",idx_L,47,47.0
7,48.0,-0.9322187900543213,0,0.001,,0.17561173335764813,0.005,0.3472240361988573,0,,"48, 228",43,Area_43,Posterior_Opercular,9.0,99.0,"1889, 1678",idx_L,48,48.0
7,49.0,0.09109041094779968,0,0.001,,0.46371037596080306,0.005,0.49093460295638636,0,,"49, 229",FOP1,Frontal_Opercular_Area_1,Posterior_Opercular,9.0,113.0,"879, 932",idx_L,49,49.0
7,50.0,-0.09057600796222687,0,0.001,,0.4639147482130276,0.005,0.49093460295638636,0,,"50, 230",OP1,Area_OP1-SII,Posterior_Opercular,9.0,101.0,"1275, 1072",idx_L,50,50.0
7,51.0,-0.9603340029716492,0,0.001,,0.16844357098424367,0.005,0.3406723907546501,0,,"51, 231",OP2-3,Area_OP2-3-VS,Posterior_Opercular,9.0,102.0,"943, 792",idx_L,51,51.0
7,52.0,-0.15221504867076874,0,0.001,,0.43950866257216964,0.005,0.48796021800032713,0,,"52, 232",OP4,Area_OP4-PV,Posterior_Opercular,9.0,100.0,"2332, 2409",idx_L,52,52.0
7,53.0,0.3490960896015167,0,0.001,,0.3635085860888838,0.005,0.4591687403228006,0,,"53, 233",52,Area_52,Early_Auditory,10.0,103.0,"725, 580",idx_L,53,53.0
7,54.0,0.21737049520015717,0,0.001,,0.4139598114511461,0.005,0.4732366520881662,0,,"54, 234",A1,Primary_Auditory_Cortex,Early_Auditory,10.0,24.0,"1023, 796",idx_L,54,54.0
7,55.0,0.07410528510808945,0,0.001,,0.4704633049592815,0.005,0.49093460295638636,0,,"55, 235",LBelt,Lateral_Belt_Complex,Early_Auditory,10.0,174.0,"820, 901",idx_L,55,55.0
7,56.0,-0.27783453464508057,0,0.001,,0.3905696898162737,0.005,0.47103903854469653,0,,"56, 236",MBelt,Medial_Belt_Complex,Early_Auditory,10.0,173.0,"1242, 1236",idx_L,56,56.0
7,57.0,-0.11026602983474731,0,0.001,,0.45609919860489156,0.005,0.49093460295638636,0,,"57, 237",PBelt,ParaBelt_Complex,Early_Auditory,10.0,124.0,"1719, 1439",idx_L,57,57.0
7,58.0,0.5859586596488953,0,0.001,,0.2789516480527749,0.005,0.40822192397967055,0,,"58, 238",PFcm,Area_PFcm,Early_Auditory,10.0,105.0,"1486, 1485",idx_L,58,58.0
7,59.0,1.499818205833435,0,0.001,,0.06683075002271155,0.005,0.20839204243833231,0,,"59, 239",RI,RetroInsular_Cortex,Early_Auditory,10.0,104.0,"1149, 1334",idx_L,59,59.0
7,60.0,1.1509015560150146,0,0.001,,0.1248863687940131,0.005,0.29094246831323245,0,,"60, 240",A4,Auditory_4_Complex,Auditory_Association,11.0,175.0,"3514, 3610",idx_L,60,60.0
7,61.0,2.8081371784210205,0,0.001,,0.002491449801881416,0.005,0.029897397622576993,0,,"61, 241",A5,Auditory_5_Complex,Auditory_Association,11.0,125.0,"3346, 3881",idx_L,61,61.0
7,62.0,0.18249447643756866,0,0.001,,0.427597344370028,0.005,0.4844384812290175,0,,"62, 242",STGa,Area_STGa,Auditory_Association,11.0,123.0,"2509, 2187",idx_L,62,62.0
7,63.0,1.0395563840866089,0,0.001,,0.1492730247509455,0.005,0.3216700637516006,0,,"63, 243",STSda,Area_STSd_anterior,Auditory_Association,11.0,128.0,"1944, 2389",idx_L,63,63.0
7,64.0,1.8141734600067139,0,0.001,,0.03482551239116227,0.005,0.14431899377305182,0,,"64, 244",STSdp,Area_STSd_posterior,Auditory_Association,11.0,129.0,"1994, 2605",idx_L,64,64.0
7,65.0,0.9682793617248535,0,0.001,,0.1664524345521981,0.005,0.3406723907546501,0,,"65, 245",STSva,Area_STSv_anterior,Auditory_Association,11.0,176.0,"1694, 1900",idx_L,65,65.0
7,66.0,0.9021782279014587,0,0.001,,0.1834810992376838,0.005,0.3509033598585947,0,,"66, 246",STSvp,Area_STSv_posterior,Auditory_Association,11.0,130.0,"2898, 2515",idx_L,66,66.0
7,67.0,2.48271107673645,0,0.001,,0.006519339720458227,0.005,0.05102091955141221,0,,"67, 247",TA2,Area_TA2,Auditory_Association,11.0,107.0,"1518, 1726",idx_L,67,67.0
7,68.0,1.9593887329101562,0,0.001,,0.025033639580096866,0.005,0.12123765914530153,0,,"68, 248",AAIC,Anterior_Agranular_Insula_Complex,Insula_FrontalOperc,12.0,112.0,"1859, 1691",idx_L,68,68.0
7,69.0,0.6804482936859131,0,0.001,,0.24811032548702538,0.005,0.3948192130618795,0,,"69, 249",AVI,Anterior_Ventral_Insular_Area,Insula_FrontalOperc,12.0,111.0,"1446, 1792",idx_L,69,69.0
7,70.0,0.33054354786872864,0,0.001,,0.3704946467329665,0.005,0.4615158229199583,0,,"70, 250",FOP2,Frontal_Opercular_Area_2,Insula_FrontalOperc,12.0,115.0,"750, 720",idx_L,70,70.0
7,71.0,-0.26425039768218994,0,0.001,,0.3957934895002649,0.005,0.4718068086758125,0,,"71, 251",FOP3,Frontal_Opercular_Area_3,Insula_FrontalOperc,12.0,114.0,"754, 614",idx_L,71,71.0
7,72.0,-0.005898899398744106,0,0.001,,0.4976466932700222,0.005,0.4990328957582395,0,,"72, 252",FOP4,Frontal_Opercular_Area_4,Insula_FrontalOperc,12.0,108.0,"2522, 1678",idx_L,72,72.0
7,73.0,0.6656901240348816,0,0.001,,0.2528045936610422,0.005,0.3948192130618795,0,,"73, 253",FOP5,Area_Frontal_Opercular_5,Insula_FrontalOperc,12.0,169.0,"1297, 1365",idx_L,73,73.0
7,74.0,-0.5620326995849609,0,0.001,,0.2870468701070393,0.005,0.4150075230463218,0,,"74, 254",Ig,Insular_Granular_Complex,Insula_FrontalOperc,12.0,168.0,"841, 1077",idx_L,74,74.0
7,75.0,-0.07406584918498993,0,0.001,,0.4704789944998703,0.005,0.49093460295638636,0,,"75, 255",MI,Middle_Insular_Area,Insula_FrontalOperc,12.0,109.0,"2102, 1960",idx_L,75,75.0
7,76.0,1.8894579410552979,0,0.001,,0.029415246685718023,0.005,0.13234670716527397,0,,"76, 256",PI,Para-Insular_Area,Insula_FrontalOperc,12.0,178.0,"1033, 1058",idx_L,76,76.0
7,77.0,0.5111406445503235,0,0.001,,0.30462628865658953,0.005,0.42671386737888023,0,,"77, 257",Pir,Pirform_Cortex,Insula_FrontalOperc,12.0,110.0,"2287, 1856",idx_L,77,77.0
7,78.0,0.6887668967247009,0,0.001,,0.24548498527585672,0.005,0.3948192130618795,0,,"78, 258",PoI1,Area_Posterior_Insular_1,Insula_FrontalOperc,12.0,167.0,"1811, 1835",idx_L,78,78.0
7,79.0,-0.25549089908599854,0,0.001,,0.39917198595333486,0.005,0.47270366757631754,0,,"79, 259",PoI2,Posterior_Insular_Area_2,Insula_FrontalOperc,12.0,106.0,"2747, 2675",idx_L,79,79.0
7,80.0,0.7265942096710205,0,0.001,,0.2337372881956018,0.005,0.3900108793020171,0,,"80, 260",H,Hippocampus,Medial_Temporal,13.0,120.0,"4283, 3626",idx_L,80,80.0
7,81.0,0.6454618573188782,0,0.001,,0.2593139642888943,0.005,0.3948192130618795,0,,"81, 261",PreS,PreSubiculum,Medial_Temporal,13.0,119.0,"1817, 1558",idx_L,81,81.0
7,82.0,0.22222131490707397,0,0.001,,0.41207080100934734,0.005,0.4732366520881662,0,,"82, 262",EC,Entorhinal_Cortex,Medial_Temporal,13.0,118.0,"2127, 2110",idx_L,82,82.0
7,83.0,1.240660548210144,0,0.001,,0.10736558710926819,0.005,0.2666969417830741,0,,"83, 263",PeEc,Perirhinal_Ectorhinal_Cortex,Medial_Temporal,13.0,122.0,"4826, 4755",idx_L,83,83.0
7,84.0,0.18167050182819366,0,0.001,,0.4279206584189655,0.005,0.4844384812290175,0,,"84, 264",TF,Area_TF,Medial_Temporal,13.0,135.0,"3986, 4752",idx_L,84,84.0
7,85.0,1.0321273803710938,0,0.001,,0.15100622437227917,0.005,0.3216700637516006,0,,"85, 265",PHA1,ParaHippocampal_Area_1,Medial_Temporal,13.0,126.0,"1281, 1168",idx_L,85,85.0
7,86.0,0.2283659428358078,0,0.001,,0.40968088181273843,0.005,0.4732366520881662,0,,"86, 266",PHA2,ParaHippocampal_Area_2,Medial_Temporal,13.0,155.0,"783, 771",idx_L,86,86.0
7,87.0,-0.08860068023204803,0,0.001,,0.4646996337330028,0.005,0.49093460295638636,0,,"87, 267",PHA3,ParaHippocampal_Area_3,Medial_Temporal,13.0,127.0,"2023, 1122",idx_L,87,87.0
7,88.0,-0.6066725850105286,0,0.001,,0.27203410966242,0.005,0.4046788408201289,0,,"88, 268",PHT,Area_PHT,Lateral_Temporal,14.0,137.0,"4182, 3410",idx_L,88,88.0
7,89.0,0.8909071087837219,0,0.001,,0.18648950314216428,0.005,0.35149853995381747,0,,"89, 269",TE1a,Area_TE1_anterior,Lateral_Temporal,14.0,132.0,"5227, 4180",idx_L,89,89.0
7,90.0,0.7585435509681702,0,0.001,,0.22406282571139297,0.005,0.3845539252791616,0,,"90, 270",TE1m,Area_TE1_Middle,Lateral_Temporal,14.0,177.0,"3339, 3429",idx_L,90,90.0
7,91.0,-0.6300637125968933,0,0.001,,0.2643264500424886,0.005,0.3991337307274887,0,,"91, 271",TE1p,Area_TE1_posterior,Lateral_Temporal,14.0,133.0,"7116, 6010",idx_L,91,91.0
7,92.0,-1.4961559772491455,0,0.001,,0.06730650674818561,0.005,0.20839204243833231,0,,"92, 272",TE2a,Area_TE2_anterior,Lateral_Temporal,14.0,134.0,"5691, 5753",idx_L,92,92.0
7,93.0,1.4584840536117554,0,0.001,,0.07235358369366976,0.005,0.21176658642049687,0,,"93, 273",TE2p,Area_TE2_posterior,Lateral_Temporal,14.0,136.0,"4115, 3040",idx_L,93,93.0
7,94.0,0.37015432119369507,0,0.001,,0.3556337547396655,0.005,0.4572433989509986,0,,"94, 274",TGd,Area_TG_dorsal,Lateral_Temporal,14.0,131.0,"10,192, 10,269",idx_L,94,94.0
7,95.0,0.07475992292165756,0,0.001,,0.47020286470907324,0.005,0.49093460295638636,0,,"95, 275",TGv,Area_TG_Ventral,Lateral_Temporal,14.0,172.0,"3694, 4515",idx_L,95,95.0
7,96.0,1.6350681781768799,0,0.001,,0.05101737806135933,0.005,0.185517738404943,0,,"96, 276",PSL,PeriSylvian_Language_Area,TPO,15.0,25.0,"2154, 2759",idx_L,96,96.0
7,97.0,1.8197214603424072,0,0.001,,0.034400716743755895,0.005,0.14431899377305182,0,,"97, 277",STV,Superior_Temporal_Visual_Area,TPO,15.0,28.0,"2322, 2294",idx_L,97,97.0
7,98.0,2.322075366973877,0,0.001,,0.010114438899930057,0.005,0.0636878893000884,0,,"98, 278",TPOJ1,Area_TemporoParietoOccipital_Junction_1,TPO,15.0,139.0,"2102, 3938",idx_L,98,98.0
7,99.0,-0.15985798835754395,0,0.001,,0.4364964716367829,0.005,0.48796021800032713,0,,"99, 279",TPOJ2,Area_TemporoParietoOccipital_Junction_2,TPO,15.0,140.0,"1930, 2068",idx_L,99,99.0
7,100.0,-0.08808039873838425,0,0.001,,0.46490638768099757,0.005,0.49093460295638636,0,,"100, 280",TPOJ3,Area_TemporoParietoOccipital_Junction_3,TPO,15.0,141.0,"1290, 1277",idx_L,100,100.0
7,101.0,-2.284493923187256,0,0.001,,0.011171259659836699,0.005,0.06816361826341036,0,,"101, 281",7AL,Lateral_Area_7A,Superior_Parietal,16.0,42.0,"2134, 2030",idx_L,101,101.0
7,102.0,-2.697092294692993,0,0.001,,0.0034973940230743983,0.005,0.03502819210208646,0,,"102, 282",7Am,Medial_Area_7A,Superior_Parietal,16.0,45.0,"2995, 2379",idx_L,102,102.0
7,103.0,-2.3350298404693604,0,0.001,,0.009770930960425764,0.005,0.0636878893000884,0,,"103, 283",7PC,Area_7PC,Superior_Parietal,16.0,47.0,"3151, 3415",idx_L,103,103.0
7,104.0,-5.406535625457764,1,0.001,-,3.2127725723747073e-08,0.005,2.8914953151372365e-06,1,-,"104, 284",7Pl,Lateral_Area_7P,Superior_Parietal,16.0,46.0,"1695, 1363",idx_L,104,104.0
7,105.0,-0.6645772457122803,0,0.001,,0.25316046350250665,0.005,0.3948192130618795,0,,"105, 285",7Pm,Medial_Area_7P,Superior_Parietal,16.0,29.0,"1601, 1308",idx_L,105,105.0
7,106.0,-4.111452102661133,1,0.001,-,1.965892236651871e-05,0.005,0.0006433829138133396,1,-,"106, 286",AIP,Anterior_IntraParietal_Area,Superior_Parietal,16.0,117.0,"1999, 2542",idx_L,106,106.0
7,107.0,-0.13032662868499756,0,0.001,,0.4481540065451154,0.005,0.49093460295638636,0,,"107, 287",LIPd,Area_Lateral_IntraParietal_dorsal,Superior_Parietal,16.0,95.0,"1008, 869",idx_L,107,107.0
7,108.0,-4.196194648742676,1,0.001,-,1.3571849559685424e-05,0.005,0.000542873982387417,1,-,"108, 288",LIPv,Area_Lateral_IntraParietal_ventral,Superior_Parietal,16.0,48.0,"1681, 1783",idx_L,108,108.0
7,109.0,-4.165093421936035,1,0.001,-,1.5561254818085146e-05,0.005,0.0005602051734510653,1,-,"109, 289",MIP,Medial_IntraParietal_Area,Superior_Parietal,16.0,50.0,"1872, 2403",idx_L,109,109.0
7,110.0,-7.007965564727783,1,0.001,-,1.209041490884928e-12,0.005,4.352549367185741e-10,1,-,"110, 290",VIP,Ventral_IntraParietal_Complex,Superior_Parietal,16.0,49.0,"1890, 1577",idx_L,110,110.0
7,111.0,-3.3000996112823486,1,0.001,-,0.0004832525832818687,0.005,0.0075639534774553365,0,,"111, 291",IP0,Area_IntraParietal_0,Inferior_Parietal,17.0,146.0,"1203, 1239",idx_L,111,111.0
7,112.0,-0.5368398427963257,0,0.001,,0.29568912378043777,0.005,0.4174434688665004,0,,"112, 292",IP1,Area_IntraParietal_1,Inferior_Parietal,17.0,145.0,"1692, 1632",idx_L,112,112.0
7,113.0,-1.2411044836044312,0,0.001,,0.1072835767308305,0.005,0.2666969417830741,0,,"113, 293",IP2,Area_IntraParietal_2,Inferior_Parietal,17.0,144.0,"2102, 1861",idx_L,113,113.0
7,114.0,-0.5194079279899597,0,0.001,,0.30173815196326803,0.005,0.42431927619834564,0,,"114, 294",PF,Area_PF_Complex,Inferior_Parietal,17.0,148.0,"5457, 5251",idx_L,114,114.0
7,115.0,1.2383310794830322,0,0.001,,0.10779666213916417,0.005,0.2666969417830741,0,,"115, 295",PFm,Area_PFm_Complex,Inferior_Parietal,17.0,149.0,"8220, 8141",idx_L,115,115.0
7,116.0,-1.0800566673278809,0,0.001,,0.14005847329604054,0.005,0.311241051768979,0,,"116, 296",PFop,Area_PF_Opercular,Inferior_Parietal,17.0,147.0,"1797, 1783",idx_L,116,116.0
7,117.0,-1.320033073425293,0,0.001,,0.0934119879342113,0.005,0.2515772964766781,0,,"117, 297",PFt,Area_PFt,Inferior_Parietal,17.0,116.0,"1983, 2039",idx_L,117,117.0
7,118.0,0.4294811189174652,0,0.001,,0.3337865657492024,0.005,0.45041308506107114,0,,"118, 298",PGi,Area_PGi,Inferior_Parietal,17.0,150.0,"4791, 4970",idx_L,118,118.0
7,119.0,-5.828404426574707,1,0.001,-,2.7979915082319065e-09,0.005,3.3575898098782876e-07,1,-,"119, 299",PGp,Area_PGp,Inferior_Parietal,17.0,143.0,"2501, 3740",idx_L,119,119.0
7,120.0,1.2475827932357788,0,0.001,,0.10609194151181528,0.005,0.2666969417830741,0,,"120, 300",PGs,Area_PGs,Inferior_Parietal,17.0,151.0,"4552, 3366",idx_L,120,120.0
7,121.0,0.7272412776947021,0,0.001,,0.23353908194037615,0.005,0.3900108793020171,0,,"121, 301",23d,Area_23d,Posterior_Cingulate,18.0,32.0,"1261, 1513",idx_L,121,121.0
7,122.0,0.04443756863474846,0,0.001,,0.4822778078866497,0.005,0.49605717382626824,0,,"122, 302",31a,Area_31a,Posterior_Cingulate,18.0,162.0,"1260, 1116",idx_L,122,122.0
7,123.0,0.7470133900642395,0,0.001,,0.22752773912350394,0.005,0.3845539252791616,0,,"123, 303",31pd,Area_31pd,Posterior_Cingulate,18.0,161.0,"1428, 864",idx_L,123,123.0
7,124.0,0.6488034129142761,0,0.001,,0.2582327255996941,0.005,0.3948192130618795,0,,"124, 304",31pv,Area_31p_ventral,Posterior_Cingulate,18.0,35.0,"950, 1022",idx_L,124,124.0
7,125.0,1.3186014890670776,0,0.001,,0.09365118781853649,0.005,0.2515772964766781,0,,"125, 305",7 m,Area_7m,Posterior_Cingulate,18.0,30.0,"2128, 2067",idx_L,125,125.0
7,126.0,0.2948072850704193,0,0.001,,0.38407055048277833,0.005,0.46748932686730466,0,,"126, 306",d23ab,Area_dorsal_23_a + b,Posterior_Cingulate,18.0,34.0,"1607, 1106",idx_L,126,126.0
7,127.0,-0.9203160405158997,0,0.001,,0.1787038145620783,0.005,0.34774796347215237,0,,"127, 307",DVT,Dorsal_Transitional_Visual_Area,Posterior_Cingulate,18.0,142.0,"1806, 2176",idx_L,127,127.0
7,128.0,1.363579511642456,0,0.001,,0.08634997201548522,0.005,0.23549992367859604,0,,"128, 308",PCV,PreCuneus_Visual_Area,Posterior_Cingulate,18.0,27.0,"2245, 2416",idx_L,128,128.0
7,129.0,1.1847501993179321,0,0.001,,0.1180581140622784,0.005,0.28127464154964643,0,,"129, 309",POS1,Parieto-Occipital_Sulcus_Area_1,Posterior_Cingulate,18.0,31.0,"2531, 2727",idx_L,129,129.0
7,130.0,0.3976244032382965,0,0.001,,0.3454535347142028,0.005,0.4528885145626817,0,,"130, 310",POS2,Parieto-Occipital_Sulcus_Area_2,Posterior_Cingulate,18.0,15.0,"3261, 3093",idx_L,130,130.0
7,131.0,1.7587864398956299,0,0.001,,0.03930689442055902,0.005,0.14743724160397184,0,,"131, 311",ProS,ProStriate_Area,Posterior_Cingulate,18.0,121.0,"1222, 1055",idx_L,131,131.0
7,132.0,0.5497512817382812,0,0.001,,0.2912449890212828,0.005,0.41743425878828755,0,,"132, 312",RSC,RetroSplenial_Complex,Posterior_Cingulate,18.0,14.0,"2830, 3067",idx_L,132,132.0
7,133.0,1.0581082105636597,0,0.001,,0.1450030558074848,0.005,0.3163703035799668,0,,"133, 313",v23ab,Area_ventral_23_a + b,Posterior_Cingulate,18.0,33.0,"916, 1089",idx_L,133,133.0
7,134.0,0.361431360244751,0,0.001,,0.3588885040571075,0.005,0.45788372467416155,0,,"134, 314",10r,Area_10r,AntCing_MedPFC,19.0,65.0,"1589, 1053",idx_L,134,134.0
7,135.0,1.1134612560272217,0,0.001,,0.13275518962841132,0.005,0.3030882304341059,0,,"135, 315",10v,Area_10v,AntCing_MedPFC,19.0,88.0,"3906, 2667",idx_L,135,135.0
7,136.0,0.6479546427726746,0,0.001,,0.25850714351343007,0.005,0.3948192130618795,0,,"136, 316",25,Area_25,AntCing_MedPFC,19.0,164.0,"1911, 2135",idx_L,136,136.0
7,137.0,0.10852472484111786,0,0.001,,0.456789734375284,0.005,0.49093460295638636,0,,"137, 317",33pr,Area_33_prime,AntCing_MedPFC,19.0,58.0,"1354, 1316",idx_L,137,137.0
7,138.0,2.347477674484253,0,0.001,,0.009450502918430359,0.005,0.0636878893000884,0,,"138, 318",8BM,Area_8BM,AntCing_MedPFC,19.0,63.0,"3122, 3436",idx_L,138,138.0
7,139.0,2.2571794986724854,0,0.001,,0.011998430460301381,0.005,0.06966830589852416,0,,"139, 319",9 m,Area_9_Middle,AntCing_MedPFC,19.0,69.0,"6338, 5881",idx_L,139,139.0
7,140.0,0.46750661730766296,0,0.001,,0.320068729406776,0.005,0.4397890938413716,0,,"140, 320",a24,Area_a24,AntCing_MedPFC,19.0,61.0,"2085, 2152",idx_L,140,140.0
7,141.0,-0.2939969599246979,0,0.001,,0.38438011320200605,0.005,0.46748932686730466,0,,"141, 321",a24pr,Anterior_24_prime,AntCing_MedPFC,19.0,59.0,"1095, 1474",idx_L,141,141.0
7,142.0,1.048046350479126,0,0.001,,0.1473086261748745,0.005,0.3194644904997278,0,,"142, 322",a32pr,Area_anterior_32_prime,AntCing_MedPFC,19.0,179.0,"1759, 1118",idx_L,142,142.0
7,143.0,2.215468645095825,0,0.001,,0.01336395709311853,0.005,0.07517225864879173,0,,"143, 323",d32,Area_dorsal_32,AntCing_MedPFC,19.0,62.0,"2228, 2374",idx_L,143,143.0
7,144.0,0.45619627833366394,0,0.001,,0.32412442070923336,0.005,0.4436684085753764,0,,"144, 324",p24,Area_posterior_24,AntCing_MedPFC,19.0,180.0,"2394, 2442",idx_L,144,144.0
7,145.0,0.4783763289451599,0,0.001,,0.3161911891468254,0.005,0.4378031849725275,0,,"145, 325",p24pr,Area_Posterior_24_prime,AntCing_MedPFC,19.0,57.0,"1422, 1724",idx_L,145,145.0
7,146.0,2.131120204925537,0,0.001,,0.016539620283093664,0.005,0.08756269561637822,0,,"146, 326",p32,Area_p32,AntCing_MedPFC,19.0,64.0,"1180, 1765",idx_L,146,146.0
7,147.0,-0.46891751885414124,0,0.001,,0.3195642967703805,0.005,0.4397890938413716,0,,"147, 327",p32pr,Area_p32_prime,AntCing_MedPFC,19.0,60.0,"1569, 1305",idx_L,147,147.0
7,148.0,-0.3214995265007019,0,0.001,,0.37391593551411334,0.005,0.4625764150690062,0,,"148, 328",pOFC,Posterior_OFC_Complex,AntCing_MedPFC,19.0,166.0,"2486, 2836",idx_L,148,148.0
7,149.0,0.4060555100440979,0,0.001,,0.34235090711551364,0.005,0.4528885145626817,0,,"149, 329",s32,Area_s32,AntCing_MedPFC,19.0,165.0,"604, 1015",idx_L,149,149.0
7,150.0,-0.649576723575592,0,0.001,,0.2579828361951087,0.005,0.3948192130618795,0,,"150, 330",10d,Area_10d,OrbPolaFrontal,20.0,72.0,"3644, 3096",idx_L,150,150.0
7,151.0,-1.0179747343063354,0,0.001,,0.15434498164160443,0.005,0.3230476359940558,0,,"151, 331",10 pp,Polar_10p,OrbPolaFrontal,20.0,90.0,"1997, 2487",idx_L,151,151.0
7,152.0,-1.955571174621582,0,0.001,,0.025257845655271154,0.005,0.12123765914530153,0,,"152, 332",11 l,Area_11l,OrbPolaFrontal,20.0,91.0,"3531, 3793",idx_L,152,152.0
7,153.0,0.544929027557373,0,0.001,,0.29290116556171897,0.005,0.41743425878828755,0,,"153, 333",13 l,Area_13l,OrbPolaFrontal,20.0,92.0,"2429, 1757",idx_L,153,153.0
7,154.0,1.181206226348877,0,0.001,,0.11876040420985073,0.005,0.28127464154964643,0,,"154, 334",47 m,Area_47m,OrbPolaFrontal,20.0,66.0,"799, 781",idx_L,154,154.0
7,155.0,1.4754717350006104,0,0.001,,0.0700428809306617,0.005,0.20839204243833231,0,,"155, 335",47 s,Area_47s,OrbPolaFrontal,20.0,94.0,"2795, 3080",idx_L,155,155.0
7,156.0,-1.768113374710083,0,0.001,,0.03852097596896899,0.005,0.14743724160397184,0,,"156, 336",a10p,Area_anterior_10p,OrbPolaFrontal,20.0,89.0,"1964, 1748",idx_L,156,156.0
7,157.0,-0.9287645816802979,0,0.001,,0.17650555173441912,0.005,0.3472240361988573,0,,"157, 337",OFC,Orbital_Frontal_Complex,OrbPolaFrontal,20.0,93.0,"4560, 5232",idx_L,157,157.0
7,158.0,-1.5687270164489746,0,0.001,,0.058355780333588174,0.005,0.1963372048606705,0,,"158, 338",p10p,Area_posterior_10p,OrbPolaFrontal,20.0,170.0,"2116, 2365",idx_L,158,158.0
7,159.0,2.400240659713745,0,0.001,,0.008192148019529739,0.005,0.060187209939402166,0,,"159, 339",44,Area_44,Inferior_Frontal,21.0,74.0,"2435, 2589",idx_L,159,159.0
7,160.0,3.000561475753784,0,0.001,,0.0013474117509004145,0.005,0.01796549001200553,0,,"160, 340",45,Area_45,Inferior_Frontal,21.0,75.0,"3762, 2962",idx_L,160,160.0
7,161.0,2.272779703140259,0,0.001,,0.01151972938135038,0.005,0.06868728237787214,0,,"161, 341",47 l,Area_47l_(47_lateral),Inferior_Frontal,21.0,76.0,"2527, 2592",idx_L,161,161.0
7,162.0,0.007118712179362774,0,0.001,,0.4971600687157533,0.005,0.4990328957582395,0,,"162, 342",a47r,Area_anterior_47r,Inferior_Frontal,21.0,77.0,"4167, 3763",idx_L,162,162.0
7,163.0,2.6987063884735107,0,0.001,,0.003480478010359424,0.005,0.03502819210208646,0,,"163, 343",IFJa,Area_IFJa,Inferior_Frontal,21.0,79.0,"1513, 1405",idx_L,163,163.0
7,164.0,1.4521268606185913,0,0.001,,0.07323316725362121,0.005,0.2126124210589003,0,,"164, 344",IFJp,Area_IFJp,Inferior_Frontal,21.0,80.0,"960, 740",idx_L,164,164.0
7,165.0,0.9946346879005432,0,0.001,,0.15995698512478113,0.005,0.33094548646506444,0,,"165, 345",IFSa,Area_IFSa,Inferior_Frontal,21.0,82.0,"2057, 2641",idx_L,165,165.0
7,166.0,1.0624340772628784,0,0.001,,0.14401933521453048,0.005,0.31614000412945714,0,,"166, 346",IFSp,Area_IFSp,Inferior_Frontal,21.0,81.0,"1589, 1730",idx_L,166,166.0
7,167.0,1.8890962600708008,0,0.001,,0.02943946574905943,0.005,0.13234670716527397,0,,"167, 347",p47r,Area_posterior_47r,Inferior_Frontal,21.0,171.0,"2133, 1761",idx_L,167,167.0
7,168.0,-0.7010127902030945,0,0.001,,0.24164751662843953,0.005,0.3918608377758479,0,,"168, 348",46,Area_46,Dorsolateral_Prefrontal,22.0,84.0,"4863, 4394",idx_L,168,168.0
7,169.0,1.4184892177581787,0,0.001,,0.07802399220800325,0.005,0.21922192792315412,0,,"169, 349",8Ad,Area_8Ad,Dorsolateral_Prefrontal,22.0,68.0,"3386, 3492",idx_L,169,169.0
7,170.0,-0.12192297726869583,0,0.001,,0.4514800090766407,0.005,0.49093460295638636,0,,"170, 350",8Av,Area_8Av,Dorsolateral_Prefrontal,22.0,67.0,"4807, 5902",idx_L,170,170.0
7,171.0,1.813503623008728,0,0.001,,0.034877090161820855,0.005,0.14431899377305182,0,,"171, 351",8BL,Area_8B_Lateral,Dorsolateral_Prefrontal,22.0,70.0,"3377, 4078",idx_L,171,171.0
7,172.0,1.1490538120269775,0,0.001,,0.1252668960793084,0.005,0.29094246831323245,0,,"172, 352",8C,Area_8C,Dorsolateral_Prefrontal,22.0,73.0,"4085, 3134",idx_L,172,172.0
7,173.0,0.42165684700012207,0,0.001,,0.33663775327932466,0.005,0.4505189263217728,0,,"173, 353",9-46d,Area_9-46d,Dorsolateral_Prefrontal,22.0,86.0,"4534, 4666",idx_L,173,173.0
7,174.0,1.1560860872268677,0,0.001,,0.12382297310941498,0.005,0.29094246831323245,0,,"174, 354",9a,Area_9_anterior,Dorsolateral_Prefrontal,22.0,87.0,"3706, 3048",idx_L,174,174.0
7,175.0,2.3441145420074463,0,0.001,,0.009536156582337797,0.005,0.0636878893000884,0,,"175, 355",9p,Area_9_Posterior,Dorsolateral_Prefrontal,22.0,71.0,"3426, 2488",idx_L,175,175.0
7,176.0,0.40208566188812256,0,0.001,,0.3438104922548999,0.005,0.4528885145626817,0,,"176, 356",a9-46v,Area_anterior_9-46v,Dorsolateral_Prefrontal,22.0,85.0,"3314, 2628",idx_L,176,176.0
7,177.0,-0.14965187013149261,0,0.001,,0.4405196412502953,0.005,0.48796021800032713,0,,"177, 357",i6-8,Inferior_6-8_Transitional_Area,Dorsolateral_Prefrontal,22.0,97.0,"1764, 2418",idx_L,177,177.0
7,178.0,0.7674350142478943,0,0.001,,0.22141145858941624,0.005,0.3845539252791616,0,,"178, 358",p9-46v,Area_posterior_9-46v,Dorsolateral_Prefrontal,22.0,83.0,"2871, 4635",idx_L,178,178.0
7,179.0,0.38697490096092224,0,0.001,,0.3493873946529743,0.005,0.4528885145626817,0,,"179, 359",s6-8,Superior_6-8_Transitional_Area,Dorsolateral_Prefrontal,22.0,98.0,"1336, 2132",idx_L,179,179.0
7,180.0,1.523474931716919,0,0.001,,0.06381996387319673,0.005,0.20839204243833231,0,,"180, 360",SFL,Superior_Frontal_Language_Area,Dorsolateral_Prefrontal,22.0,26.0,"3873, 3055",idx_L,180,180.0
7,181.0,-0.8993833065032959,0,0.001,,0.18422426392576224,0.005,0.3509033598585947,0,,"1, 181",V1,Primary_Visual_Cortex,Primary_Visual,1.0,1.0,"13,812, 13,406",idx_R,181,181.0
7,182.0,-1.484591007232666,0,0.001,,0.06882609954517564,0.005,0.20839204243833231,0,,"2, 182",V2,Second_Visual_Area,Early_Visual,2.0,4.0,"9515, 9420",idx_R,182,182.0
7,183.0,-2.6723625659942627,0,0.001,,0.0037659610030847486,0.005,0.036641782732716476,0,,"3, 183",V3,Third_Visual_Area,Early_Visual,2.0,5.0,"7106, 7481",idx_R,183,183.0
7,184.0,-2.179664134979248,0,0.001,,0.014641183469160575,0.005,0.07887168104017828,0,,"4, 184",V4,Fourth_Visual_Area,Early_Visual,2.0,6.0,"4782, 4537",idx_R,184,184.0
7,185.0,-4.003274440765381,1,0.001,-,3.1235880818355944e-05,0.005,0.0008970154198662141,1,-,"5, 185",IPS1,IntraParietal_Sulcus_Area_1,Dorsal_Stream_Visual,3.0,17.0,"1751, 1750",idx_R,185,185.0
7,186.0,-2.348979949951172,0,0.001,,0.009412460233018555,0.005,0.0636878893000884,0,,"6, 186",V3A,Area_V3A,Dorsal_Stream_Visual,3.0,13.0,"2191, 2212",idx_R,186,186.0
7,187.0,-3.4799628257751465,1,0.001,-,0.0002507416801353069,0.005,0.004513350242435525,1,-,"7, 187",V3B,Area_V3B,Dorsal_Stream_Visual,3.0,19.0,"639, 731",idx_R,187,187.0
7,188.0,-1.4139677286148071,0,0.001,,0.0786856890142465,0.005,0.21922192792315412,0,,"8, 188",V6,Sixth_Visual_Area,Dorsal_Stream_Visual,3.0,3.0,"1402, 1559",idx_R,188,188.0
7,189.0,-1.7927318811416626,0,0.001,,0.03650790309492891,0.005,0.14743724160397184,0,,"9, 189",V6A,Area_V6A,Dorsal_Stream_Visual,3.0,152.0,"904, 734",idx_R,189,189.0
7,190.0,-3.6488637924194336,1,0.001,-,0.0001317013527966795,0.005,0.00263402705593359,1,-,"10, 190",V7,Seventh_Visual_Area,Dorsal_Stream_Visual,3.0,16.0,"1005, 1041",idx_R,190,190.0
7,191.0,-1.7586722373962402,0,0.001,,0.039316597761059155,0.005,0.14743724160397184,0,,"11, 191",FFC,Fusiform_Face_Complex,Ventral_Stream_Visual,4.0,18.0,"3848, 4402",idx_R,191,191.0
7,192.0,-3.361887216567993,1,0.001,-,0.00038705867468214996,0.005,0.006635291565979713,0,,"12, 192",PIT,Posterior_InferoTemporal_complex,Ventral_Stream_Visual,4.0,22.0,"1392, 1386",idx_R,192,192.0
7,193.0,-2.5182271003723145,0,0.001,,0.005897362234031401,0.005,0.048251145551166004,0,,"13, 193",V8,Eighth_Visual_Area,Ventral_Stream_Visual,4.0,7.0,"1361, 1175",idx_R,193,193.0
7,194.0,-0.565296471118927,0,0.001,,0.28593606428192186,0.005,0.4150075230463218,0,,"14, 194",VMV1,VentroMedial_Visual_Area_1,Ventral_Stream_Visual,4.0,153.0,"939, 1219",idx_R,194,194.0
7,195.0,-1.6262648105621338,0,0.001,,0.051946667107206634,0.005,0.18700800158594388,0,,"15, 195",VMV2,VentroMedial_Visual_Area_2,Ventral_Stream_Visual,4.0,160.0,"639, 923",idx_R,195,195.0
7,196.0,-0.9667748212814331,0,0.001,,0.16682830701896267,0.005,0.3406723907546501,0,,"16, 196",VMV3,VentroMedial_Visual_Area_3,Ventral_Stream_Visual,4.0,154.0,"941, 1242",idx_R,196,196.0
7,197.0,-0.7690215706825256,0,0.001,,0.2209402526433178,0.005,0.3845539252791616,0,,"17, 197",VVC,Ventral_Visual_Complex,Ventral_Stream_Visual,4.0,163.0,"2487, 2753",idx_R,197,197.0
7,198.0,-1.738384485244751,0,0.001,,0.041071544301404916,0.005,0.15171905026058422,0,,"18, 198",FST,Area_FST,MT + _Complex,5.0,157.0,"1324, 1683",idx_R,198,198.0
7,199.0,-2.046872615814209,0,0.001,,0.020335296732251207,0.005,0.10310854681141458,0,,"19, 199",LO1,Area_Lateral_Occipital_1,MT + _Complex,5.0,20.0,"619, 909",idx_R,199,199.0
7,200.0,-4.369655609130859,1,0.001,-,6.222131867245364e-06,0.005,0.00031999535317261876,1,-,"20, 200",LO2,Area_Lateral_Occipital_2,MT + _Complex,5.0,21.0,"1179, 1062",idx_R,200,200.0
7,201.0,-2.556009292602539,0,0.001,,0.005294014562779852,0.005,0.04432198238606388,0,,"21, 201",LO3,Area_Lateral_Occipital_3,MT + _Complex,5.0,159.0,"438, 915",idx_R,201,201.0
7,202.0,-0.6575100421905518,0,0.001,,0.255426508014177,0.005,0.3948192130618795,0,,"22, 202",MST,Medial_Superior_Temporal_Area,MT + _Complex,5.0,2.0,"794, 1036",idx_R,202,202.0
7,203.0,-2.66087007522583,0,0.001,,0.0038969512565488304,0.005,0.036918485588357336,0,,"23, 203",MT,Middle_Temporal_Area,MT + _Complex,5.0,23.0,"620, 1005",idx_R,203,203.0
7,204.0,-2.571214437484741,0,0.001,,0.005067127726627679,0.005,0.04343252337109439,0,,"24, 204",PH,Area_PH,MT + _Complex,5.0,138.0,"3453, 3205",idx_R,204,204.0
7,205.0,-2.4835801124572754,0,0.001,,0.006503453694734765,0.005,0.05102091955141221,0,,"25, 205",V3CD,Area_V3CD,MT + _Complex,5.0,158.0,"876, 1222",idx_R,205,205.0
7,206.0,-3.677337884902954,1,0.001,-,0.00011784038285979001,0.005,0.0024954434017367294,1,-,"26, 206",V4t,Area_V4t,MT + _Complex,5.0,156.0,"1037, 1249",idx_R,206,206.0
7,207.0,-0.23345604538917542,0,0.001,,0.4077036486407255,0.005,0.4732366520881662,0,,"27, 207",1,Area_1,SomaSens_Motor,6.0,51.0,"6590, 5925",idx_R,207,207.0
7,208.0,-1.0662344694137573,0,0.001,,0.14315883199078672,0.005,0.31614000412945714,0,,"28, 208",2,Area_2,SomaSens_Motor,6.0,52.0,"4278, 4727",idx_R,208,208.0
7,209.0,0.020340926945209503,0,0.001,,0.4918857037756762,0.005,0.4990328957582395,0,,"29, 209",3a,Area_3a,SomaSens_Motor,6.0,53.0,"2247, 2286",idx_R,209,209.0
7,210.0,0.31180137395858765,0,0.001,,0.37759573990013595,0.005,0.4632897230351293,0,,"30, 210",3b,Primary_Sensory_Cortex,SomaSens_Motor,6.0,9.0,"5451, 4350",idx_R,210,210.0
7,211.0,0.05872141197323799,0,0.001,,0.47658700223788986,0.005,0.4935910623260928,0,,"31, 211",4,Primary_Motor_Cortex,SomaSens_Motor,6.0,8.0,"10,776, 10,254",idx_R,211,211.0
7,212.0,-2.0296263694763184,0,0.001,,0.021197266206411793,0.005,0.10598633103205897,0,,"32, 212",23c,Area_23c,ParaCentral_MidCing,7.0,38.0,"2259, 2498",idx_R,212,212.0
7,213.0,0.4349006116390228,0,0.001,,0.33181728530978805,0.005,0.45041308506107114,0,,"33, 213",24dd,Dorsal_Area_24d,ParaCentral_MidCing,7.0,40.0,"2665, 2820",idx_R,213,213.0
7,214.0,0.6280657052993774,0,0.001,,0.26498044901074946,0.005,0.3991337307274887,0,,"34, 214",24dv,Ventral_Area_24d,ParaCentral_MidCing,7.0,41.0,"1076, 1349",idx_R,214,214.0
7,215.0,-0.022155296057462692,0,0.001,,0.4911620387031872,0.005,0.4990328957582395,0,,"35, 215",5L,Area_5L,ParaCentral_MidCing,7.0,39.0,"2249, 2327",idx_R,215,215.0
7,216.0,0.3553483188152313,0,0.001,,0.3611643305738901,0.005,0.45788372467416155,0,,"36, 216",5 m,Area_5m,ParaCentral_MidCing,7.0,36.0,"1483, 2079",idx_R,216,216.0
7,217.0,-2.2688515186309814,0,0.001,,0.011638678402917223,0.005,0.06868728237787214,0,,"37, 217",5mv,Area_5m_ventral,ParaCentral_MidCing,7.0,37.0,"1651, 1996",idx_R,217,217.0
7,218.0,-1.581351399421692,0,0.001,,0.0568988566495283,0.005,0.19508179422695415,0,,"38, 218",6ma,Area_6m_anterior,ParaCentral_MidCing,7.0,44.0,"3941, 4251",idx_R,218,218.0
7,219.0,-0.7092299461364746,0,0.001,,0.23909089646900306,0.005,0.3900108793020171,0,,"39, 219",6mp,Area_6mp,ParaCentral_MidCing,7.0,55.0,"3701, 3105",idx_R,219,219.0
7,220.0,0.3120059072971344,0,0.001,,0.3775180169554972,0.005,0.4632897230351293,0,,"40, 220",SCEF,Supplementary_and_Cingulate_Eye_Field,ParaCentral_MidCing,7.0,43.0,"3500, 3371",idx_R,220,220.0
7,221.0,2.749131679534912,0,0.001,,0.002987668795495841,0.005,0.03259275049631826,0,,"41, 221",55b,Area_55b,Premotor,8.0,12.0,"2422, 1537",idx_R,221,221.0
7,222.0,-1.8840662240982056,0,0.001,,0.029778009112186643,0.005,0.13234670716527397,0,,"42, 222",6a,Area_6_anterior,Premotor,8.0,96.0,"4233, 3752",idx_R,222,222.0
7,223.0,0.264475017786026,0,0.001,,0.3957069562970891,0.005,0.4718068086758125,0,,"43, 223",6d,Dorsal_area_6,Premotor,8.0,54.0,"2916, 2909",idx_R,223,223.0
7,224.0,-0.40062999725341797,0,0.001,,0.3443462784586867,0.005,0.4528885145626817,0,,"44, 224",6r,Rostral_Area_6,Premotor,8.0,78.0,"3029, 3981",idx_R,224,224.0
7,225.0,-0.717117428779602,0,0.001,,0.23665082125044223,0.005,0.3900108793020171,0,,"45, 225",6v,Ventral_Area_6,Premotor,8.0,56.0,"2075, 2516",idx_R,225,225.0
7,226.0,-1.612361192703247,0,0.001,,0.05344168222321814,0.005,0.19048520396394586,0,,"46, 226",FEF,Frontal_Eye_Fields,Premotor,8.0,10.0,"1787, 1889",idx_R,226,226.0
7,227.0,-0.17484313249588013,0,0.001,,0.430601447744511,0.005,0.48444566990801535,0,,"47, 227",PEF,Premotor_Eye_Field,Premotor,8.0,11.0,"1006, 1258",idx_R,227,227.0
7,228.0,-0.7081587314605713,0,0.001,,0.23942334534929383,0.005,0.3900108793020171,0,,"48, 228",43,Area_43,Posterior_Opercular,9.0,99.0,"1889, 1678",idx_R,228,228.0
7,229.0,-0.22133688628673553,0,0.001,,0.4124150655105753,0.005,0.4732366520881662,0,,"49, 229",FOP1,Frontal_Opercular_Area_1,Posterior_Opercular,9.0,113.0,"879, 932",idx_R,229,229.0
7,230.0,-0.2567405104637146,0,0.001,,0.39868954831617603,0.005,0.47270366757631754,0,,"50, 230",OP1,Area_OP1-SII,Posterior_Opercular,9.0,101.0,"1275, 1072",idx_R,230,230.0
7,231.0,0.7221099734306335,0,0.001,,0.23511343342876428,0.005,0.3900108793020171,0,,"51, 231",OP2-3,Area_OP2-3-VS,Posterior_Opercular,9.0,102.0,"943, 792",idx_R,231,231.0
7,232.0,-0.2761300504207611,0,0.001,,0.39122409034684513,0.005,0.47103903854469653,0,,"52, 232",OP4,Area_OP4-PV,Posterior_Opercular,9.0,100.0,"2332, 2409",idx_R,232,232.0
7,233.0,0.018272437155246735,0,0.001,,0.49271075787945817,0.005,0.4990328957582395,0,,"53, 233",52,Area_52,Early_Auditory,10.0,103.0,"725, 580",idx_R,233,233.0
7,234.0,1.4107208251953125,0,0.001,,0.0791634739722501,0.005,0.21922192792315412,0,,"54, 234",A1,Primary_Auditory_Cortex,Early_Auditory,10.0,24.0,"1023, 796",idx_R,234,234.0
7,235.0,1.5403857231140137,0,0.001,,0.06173317968968194,0.005,0.2038894008099587,0,,"55, 235",LBelt,Lateral_Belt_Complex,Early_Auditory,10.0,174.0,"820, 901",idx_R,235,235.0
7,236.0,-0.3872796893119812,0,0.001,,0.3492745801055861,0.005,0.4528885145626817,0,,"56, 236",MBelt,Medial_Belt_Complex,Early_Auditory,10.0,173.0,"1242, 1236",idx_R,236,236.0
7,237.0,0.7082396149635315,0,0.001,,0.23939823454216047,0.005,0.3900108793020171,0,,"57, 237",PBelt,ParaBelt_Complex,Early_Auditory,10.0,124.0,"1719, 1439",idx_R,237,237.0
7,238.0,0.028287319466471672,0,0.001,,0.4887164970770151,0.005,0.4990328957582395,0,,"58, 238",PFcm,Area_PFcm,Early_Auditory,10.0,105.0,"1486, 1485",idx_R,238,238.0
7,239.0,0.4253040552139282,0,0.001,,0.3353075188787974,0.005,0.45041308506107114,0,,"59, 239",RI,RetroInsular_Cortex,Early_Auditory,10.0,104.0,"1149, 1334",idx_R,239,239.0
7,240.0,0.8671415448188782,0,0.001,,0.19293222999087672,0.005,0.35961876969362444,0,,"60, 240",A4,Auditory_4_Complex,Auditory_Association,11.0,175.0,"3514, 3610",idx_R,240,240.0
7,241.0,2.7656118869781494,0,0.001,,0.002840805527488865,0.005,0.03243346294290155,0,,"61, 241",A5,Auditory_5_Complex,Auditory_Association,11.0,125.0,"3346, 3881",idx_R,241,241.0
7,242.0,1.2177200317382812,0,0.001,,0.11166519104414568,0.005,0.27161803226954356,0,,"62, 242",STGa,Area_STGa,Auditory_Association,11.0,123.0,"2509, 2187",idx_R,242,242.0
7,243.0,1.2263108491897583,0,0.001,,0.11004086009069747,0.005,0.26948782063027954,0,,"63, 243",STSda,Area_STSd_anterior,Auditory_Association,11.0,128.0,"1944, 2389",idx_R,243,243.0
7,244.0,1.9179792404174805,0,0.001,,0.02755682174591368,0.005,0.12883708868219382,0,,"64, 244",STSdp,Area_STSd_posterior,Auditory_Association,11.0,129.0,"1994, 2605",idx_R,244,244.0
7,245.0,1.7994165420532227,0,0.001,,0.03597640740485756,0.005,0.1471762121107809,0,,"65, 245",STSva,Area_STSv_anterior,Auditory_Association,11.0,176.0,"1694, 1900",idx_R,245,245.0
7,246.0,1.5056849718093872,0,0.001,,0.0660740318248614,0.005,0.20839204243833231,0,,"66, 246",STSvp,Area_STSv_posterior,Auditory_Association,11.0,130.0,"2898, 2515",idx_R,246,246.0
7,247.0,2.8873534202575684,0,0.001,,0.001942487880369056,0.005,0.02497484417617358,0,,"67, 247",TA2,Area_TA2,Auditory_Association,11.0,107.0,"1518, 1726",idx_R,247,247.0
7,248.0,0.8603665828704834,0,0.001,,0.19479350025071324,0.005,0.35961876969362444,0,,"68, 248",AAIC,Anterior_Agranular_Insula_Complex,Insula_FrontalOperc,12.0,112.0,"1859, 1691",idx_R,248,248.0
7,249.0,1.7357808351516724,0,0.001,,0.04130129701538126,0.005,0.15171905026058422,0,,"69, 249",AVI,Anterior_Ventral_Insular_Area,Insula_FrontalOperc,12.0,111.0,"1446, 1792",idx_R,249,249.0
7,250.0,0.07031317800283432,0,0.001,,0.47197219696922754,0.005,0.49106933788705753,0,,"70, 250",FOP2,Frontal_Opercular_Area_2,Insula_FrontalOperc,12.0,115.0,"750, 720",idx_R,250,250.0
7,251.0,-0.6687703132629395,0,0.001,,0.25182100333317287,0.005,0.3948192130618795,0,,"71, 251",FOP3,Frontal_Opercular_Area_3,Insula_FrontalOperc,12.0,114.0,"754, 614",idx_R,251,251.0
7,252.0,-0.7556242346763611,0,0.001,,0.2249372607660809,0.005,0.3845539252791616,0,,"72, 252",FOP4,Frontal_Opercular_Area_4,Insula_FrontalOperc,12.0,108.0,"2522, 1678",idx_R,252,252.0
7,253.0,0.9118829965591431,0,0.001,,0.1809151566693054,0.005,0.35015354758247796,0,,"73, 253",FOP5,Area_Frontal_Opercular_5,Insula_FrontalOperc,12.0,169.0,"1297, 1365",idx_R,253,253.0
7,254.0,-0.055234670639038086,0,0.001,,0.4779757539546883,0.005,0.4935910623260928,0,,"74, 254",Ig,Insular_Granular_Complex,Insula_FrontalOperc,12.0,168.0,"841, 1077",idx_R,254,254.0
7,255.0,0.26442083716392517,0,0.001,,0.39572782850339683,0.005,0.4718068086758125,0,,"75, 255",MI,Middle_Insular_Area,Insula_FrontalOperc,12.0,109.0,"2102, 1960",idx_R,255,255.0
7,256.0,0.08113639801740646,0,0.001,,0.4676667398324496,0.005,0.49093460295638636,0,,"76, 256",PI,Para-Insular_Area,Insula_FrontalOperc,12.0,178.0,"1033, 1058",idx_R,256,256.0
7,257.0,-0.341701865196228,0,0.001,,0.3662876341454788,0.005,0.46106135766563766,0,,"77, 257",Pir,Pirform_Cortex,Insula_FrontalOperc,12.0,110.0,"2287, 1856",idx_R,257,257.0
7,258.0,0.3235633969306946,0,0.001,,0.3731343016829083,0.005,0.4625764150690062,0,,"78, 258",PoI1,Area_Posterior_Insular_1,Insula_FrontalOperc,12.0,167.0,"1811, 1835",idx_R,258,258.0
7,259.0,-0.7591562271118164,0,0.001,,0.22387955371551277,0.005,0.3845539252791616,0,,"79, 259",PoI2,Posterior_Insular_Area_2,Insula_FrontalOperc,12.0,106.0,"2747, 2675",idx_R,259,259.0
7,260.0,0.5874139070510864,0,0.001,,0.27846287796419245,0.005,0.40822192397967055,0,,"80, 260",H,Hippocampus,Medial_Temporal,13.0,120.0,"4283, 3626",idx_R,260,260.0
7,261.0,1.3836504220962524,0,0.001,,0.08323276055762985,0.005,0.22873125038737974,0,,"81, 261",PreS,PreSubiculum,Medial_Temporal,13.0,119.0,"1817, 1558",idx_R,261,261.0
7,262.0,0.5490080118179321,0,0.001,,0.291499975805133,0.005,0.41743425878828755,0,,"82, 262",EC,Entorhinal_Cortex,Medial_Temporal,13.0,118.0,"2127, 2110",idx_R,262,262.0
7,263.0,0.23150493204593658,0,0.001,,0.4084612771421296,0.005,0.4732366520881662,0,,"83, 263",PeEc,Perirhinal_Ectorhinal_Cortex,Medial_Temporal,13.0,122.0,"4826, 4755",idx_R,263,263.0
7,264.0,1.3103406429290771,0,0.001,,0.09504031200230062,0.005,0.2515772964766781,0,,"84, 264",TF,Area_TF,Medial_Temporal,13.0,135.0,"3986, 4752",idx_R,264,264.0
7,265.0,0.9385726451873779,0,0.001,,0.17397510144471423,0.005,0.3472240361988573,0,,"85, 265",PHA1,ParaHippocampal_Area_1,Medial_Temporal,13.0,126.0,"1281, 1168",idx_R,265,265.0
7,266.0,0.16902583837509155,0,0.001,,0.43288815885906257,0.005,0.4854820473185748,0,,"86, 266",PHA2,ParaHippocampal_Area_2,Medial_Temporal,13.0,155.0,"783, 771",idx_R,266,266.0
7,267.0,0.1748000532388687,0,0.001,,0.4306183732515692,0.005,0.48444566990801535,0,,"87, 267",PHA3,ParaHippocampal_Area_3,Medial_Temporal,13.0,127.0,"2023, 1122",idx_R,267,267.0
7,268.0,-1.5090357065200806,0,0.001,,0.06564482908977178,0.005,0.20839204243833231,0,,"88, 268",PHT,Area_PHT,Lateral_Temporal,14.0,137.0,"4182, 3410",idx_R,268,268.0
7,269.0,0.6206589341163635,0,0.001,,0.2674120272445548,0.005,0.4011180408668322,0,,"89, 269",TE1a,Area_TE1_anterior,Lateral_Temporal,14.0,132.0,"5227, 4180",idx_R,269,269.0
7,270.0,1.0936293601989746,0,0.001,,0.13705878348605377,0.005,0.3083107668564573,0,,"90, 270",TE1m,Area_TE1_Middle,Lateral_Temporal,14.0,177.0,"3339, 3429",idx_R,270,270.0
7,271.0,0.0538957454264164,0,0.001,,0.4785091131994622,0.005,0.4935910623260928,0,,"91, 271",TE1p,Area_TE1_posterior,Lateral_Temporal,14.0,133.0,"7116, 6010",idx_R,271,271.0
7,272.0,0.09357237815856934,0,0.001,,0.4627244261771306,0.005,0.49093460295638636,0,,"92, 272",TE2a,Area_TE2_anterior,Lateral_Temporal,14.0,134.0,"5691, 5753",idx_R,272,272.0
7,273.0,-0.8910114169120789,0,0.001,,0.18646152267811544,0.005,0.35149853995381747,0,,"93, 273",TE2p,Area_TE2_posterior,Lateral_Temporal,14.0,136.0,"4115, 3040",idx_R,273,273.0
7,274.0,0.7790526151657104,0,0.001,,0.21797436070974058,0.005,0.3845539252791616,0,,"94, 274",TGd,Area_TG_dorsal,Lateral_Temporal,14.0,131.0,"10,192, 10,269",idx_R,274,274.0
7,275.0,0.39225688576698303,0,0.001,,0.3474342081442261,0.005,0.4528885145626817,0,,"95, 275",TGv,Area_TG_Ventral,Lateral_Temporal,14.0,172.0,"3694, 4515",idx_R,275,275.0
7,276.0,-1.839262843132019,0,0.001,,0.032938267705044724,0.005,0.14431899377305182,0,,"96, 276",PSL,PeriSylvian_Language_Area,TPO,15.0,25.0,"2154, 2759",idx_R,276,276.0
7,277.0,0.24132436513900757,0,0.001,,0.4046518640941118,0.005,0.4732366520881662,0,,"97, 277",STV,Superior_Temporal_Visual_Area,TPO,15.0,28.0,"2322, 2294",idx_R,277,277.0
7,278.0,2.2221899032592773,0,0.001,,0.013135237259594966,0.005,0.07505849862625695,0,,"98, 278",TPOJ1,Area_TemporoParietoOccipital_Junction_1,TPO,15.0,139.0,"2102, 3938",idx_R,278,278.0
7,279.0,-0.23985961079597473,0,0.001,,0.4052195464068504,0.005,0.4732366520881662,0,,"99, 279",TPOJ2,Area_TemporoParietoOccipital_Junction_2,TPO,15.0,140.0,"1930, 2068",idx_R,279,279.0
7,280.0,-1.6067942380905151,0,0.001,,0.05404975632056996,0.005,0.1907638458373057,0,,"100, 280",TPOJ3,Area_TemporoParietoOccipital_Junction_3,TPO,15.0,141.0,"1290, 1277",idx_R,280,280.0
7,281.0,-1.8209822177886963,0,0.001,,0.034304779988186714,0.005,0.14431899377305182,0,,"101, 281",7AL,Lateral_Area_7A,Superior_Parietal,16.0,42.0,"2134, 2030",idx_R,281,281.0
7,282.0,-3.8393239974975586,1,0.001,-,6.168676687412707e-05,0.005,0.001586231148191839,1,-,"102, 282",7Am,Medial_Area_7A,Superior_Parietal,16.0,45.0,"2995, 2379",idx_R,282,282.0
7,283.0,-1.8274410963058472,0,0.001,,0.03381673753046348,0.005,0.14431899377305182,0,,"103, 283",7PC,Area_7PC,Superior_Parietal,16.0,47.0,"3151, 3415",idx_R,283,283.0
7,284.0,-3.7938528060913086,1,0.001,-,7.416381192340514e-05,0.005,0.0016686857682766155,1,-,"104, 284",7Pl,Lateral_Area_7P,Superior_Parietal,16.0,46.0,"1695, 1363",idx_R,284,284.0
7,285.0,-0.12318123877048492,0,0.001,,0.4509817908540869,0.005,0.49093460295638636,0,,"105, 285",7Pm,Medial_Area_7P,Superior_Parietal,16.0,29.0,"1601, 1308",idx_R,285,285.0
7,286.0,-3.3053903579711914,1,0.001,-,0.00047422102001147396,0.005,0.0075639534774553365,0,,"106, 286",AIP,Anterior_IntraParietal_Area,Superior_Parietal,16.0,117.0,"1999, 2542",idx_R,286,286.0
7,287.0,-2.4064629077911377,0,0.001,,0.008053919836351526,0.005,0.060187209939402166,0,,"107, 287",LIPd,Area_Lateral_IntraParietal_dorsal,Superior_Parietal,16.0,95.0,"1008, 869",idx_R,287,287.0
7,288.0,-3.0959041118621826,1,0.001,-,0.000981069009507649,0.005,0.01358403243933668,0,,"108, 288",LIPv,Area_Lateral_IntraParietal_ventral,Superior_Parietal,16.0,48.0,"1681, 1783",idx_R,288,288.0
7,289.0,-6.123223781585693,1,0.001,-,4.585037978445517e-10,0.005,8.253068361201932e-08,1,-,"109, 289",MIP,Medial_IntraParietal_Area,Superior_Parietal,16.0,50.0,"1872, 2403",idx_R,289,289.0
7,290.0,-3.8101420402526855,1,0.001,-,6.944348668859617e-05,0.005,0.001666643680526308,1,-,"110, 290",VIP,Ventral_IntraParietal_Complex,Superior_Parietal,16.0,49.0,"1890, 1577",idx_R,290,290.0
7,291.0,-5.0213398933410645,1,0.001,-,2.565613284503245e-07,0.005,1.539367970701947e-05,1,-,"111, 291",IP0,Area_IntraParietal_0,Inferior_Parietal,17.0,146.0,"1203, 1239",idx_R,291,291.0
7,292.0,-1.9022570848464966,0,0.001,,0.028568776588205037,0.005,0.1318558919455617,0,,"112, 292",IP1,Area_IntraParietal_1,Inferior_Parietal,17.0,145.0,"1692, 1632",idx_R,292,292.0
7,293.0,-0.838243842124939,0,0.001,,0.20094688431124913,0.005,0.3672125804672573,0,,"113, 293",IP2,Area_IntraParietal_2,Inferior_Parietal,17.0,144.0,"2102, 1861",idx_R,293,293.0
7,294.0,-2.324110984802246,0,0.001,,0.010059773228854601,0.005,0.0636878893000884,0,,"114, 294",PF,Area_PF_Complex,Inferior_Parietal,17.0,148.0,"5457, 5251",idx_R,294,294.0
7,295.0,-0.2887161672115326,0,0.001,,0.38639929484366353,0.005,0.46836278162868306,0,,"115, 295",PFm,Area_PFm_Complex,Inferior_Parietal,17.0,149.0,"8220, 8141",idx_R,295,295.0
7,296.0,-0.8052690029144287,0,0.001,,0.21033223248476296,0.005,0.37859801847257335,0,,"116, 296",PFop,Area_PF_Opercular,Inferior_Parietal,17.0,147.0,"1797, 1783",idx_R,296,296.0
7,297.0,-1.0183943510055542,0,0.001,,0.1542452928490169,0.005,0.3230476359940558,0,,"117, 297",PFt,Area_PFt,Inferior_Parietal,17.0,116.0,"1983, 2039",idx_R,297,297.0
7,298.0,-0.15046678483486176,0,0.001,,0.4401981771133852,0.005,0.48796021800032713,0,,"118, 298",PGi,Area_PGi,Inferior_Parietal,17.0,150.0,"4791, 4970",idx_R,298,298.0
7,299.0,-5.043754577636719,1,0.001,-,2.2824236497107426e-07,0.005,1.539367970701947e-05,1,-,"119, 299",PGp,Area_PGp,Inferior_Parietal,17.0,143.0,"2501, 3740",idx_R,299,299.0
7,300.0,-0.002306258538737893,0,0.001,,0.4990799367749704,0.005,0.4990799367749704,0,,"120, 300",PGs,Area_PGs,Inferior_Parietal,17.0,151.0,"4552, 3366",idx_R,300,300.0
7,301.0,1.114758849143982,0,0.001,,0.1324768875162995,0.005,0.3030882304341059,0,,"121, 301",23d,Area_23d,Posterior_Cingulate,18.0,32.0,"1261, 1513",idx_R,301,301.0
7,302.0,0.8626935482025146,0,0.001,,0.19415299030658945,0.005,0.35961876969362444,0,,"122, 302",31a,Area_31a,Posterior_Cingulate,18.0,162.0,"1260, 1116",idx_R,302,302.0
7,303.0,0.8295093178749084,0,0.001,,0.2034081332021236,0.005,0.3698329694584065,0,,"123, 303",31pd,Area_31pd,Posterior_Cingulate,18.0,161.0,"1428, 864",idx_R,303,303.0
7,304.0,0.9240119457244873,0,0.001,,0.17774004815210348,0.005,0.34774796347215237,0,,"124, 304",31pv,Area_31p_ventral,Posterior_Cingulate,18.0,35.0,"950, 1022",idx_R,304,304.0
7,305.0,2.2017970085144043,0,0.001,,0.013839825247978218,0.005,0.07665133983495628,0,,"125, 305",7 m,Area_7m,Posterior_Cingulate,18.0,30.0,"2128, 2067",idx_R,305,305.0
7,306.0,1.5926893949508667,0,0.001,,0.055614943898635694,0.005,0.19251326734143126,0,,"126, 306",d23ab,Area_dorsal_23_a + b,Posterior_Cingulate,18.0,34.0,"1607, 1106",idx_R,306,306.0
7,307.0,-2.605530023574829,0,0.001,,0.004586611681470408,0.005,0.04186189287516953,0,,"127, 307",DVT,Dorsal_Transitional_Visual_Area,Posterior_Cingulate,18.0,142.0,"1806, 2176",idx_R,307,307.0
7,308.0,-0.8494794368743896,0,0.001,,0.19780728381732537,0.005,0.363319500888965,0,,"128, 308",PCV,PreCuneus_Visual_Area,Posterior_Cingulate,18.0,27.0,"2245, 2416",idx_R,308,308.0
7,309.0,0.7514090538024902,0,0.001,,0.22620325780238715,0.005,0.3845539252791616,0,,"129, 309",POS1,Parieto-Occipital_Sulcus_Area_1,Posterior_Cingulate,18.0,31.0,"2531, 2727",idx_R,309,309.0
7,310.0,0.7634149193763733,0,0.001,,0.2226079925368626,0.005,0.3845539252791616,0,,"130, 310",POS2,Parieto-Occipital_Sulcus_Area_2,Posterior_Cingulate,18.0,15.0,"3261, 3093",idx_R,310,310.0
7,311.0,2.4688198566436768,0,0.001,,0.006777972096611421,0.005,0.05191638201659812,0,,"131, 311",ProS,ProStriate_Area,Posterior_Cingulate,18.0,121.0,"1222, 1055",idx_R,311,311.0
7,312.0,0.5889017581939697,0,0.001,,0.27796358912695507,0.005,0.40822192397967055,0,,"132, 312",RSC,RetroSplenial_Complex,Posterior_Cingulate,18.0,14.0,"2830, 3067",idx_R,312,312.0
7,313.0,1.279306173324585,0,0.001,,0.10039462977601055,0.005,0.2600148684846316,0,,"133, 313",v23ab,Area_ventral_23_a + b,Posterior_Cingulate,18.0,33.0,"916, 1089",idx_R,313,313.0
7,314.0,0.6581829786300659,0,0.001,,0.25521028046488226,0.005,0.3948192130618795,0,,"134, 314",10r,Area_10r,AntCing_MedPFC,19.0,65.0,"1589, 1053",idx_R,314,314.0
7,315.0,2.760802745819092,0,0.001,,0.0028829744838134714,0.005,0.03243346294290155,0,,"135, 315",10v,Area_10v,AntCing_MedPFC,19.0,88.0,"3906, 2667",idx_R,315,315.0
7,316.0,0.43045398592948914,0,0.001,,0.33343271586009393,0.005,0.45041308506107114,0,,"136, 316",25,Area_25,AntCing_MedPFC,19.0,164.0,"1911, 2135",idx_R,316,316.0
7,317.0,0.36149123311042786,0,0.001,,0.35886612875556234,0.005,0.45788372467416155,0,,"137, 317",33pr,Area_33_prime,AntCing_MedPFC,19.0,58.0,"1354, 1316",idx_R,317,317.0
7,318.0,1.4124410152435303,0,0.001,,0.0789100734576006,0.005,0.21922192792315412,0,,"138, 318",8BM,Area_8BM,AntCing_MedPFC,19.0,63.0,"3122, 3436",idx_R,318,318.0
7,319.0,2.582951784133911,0,0.001,,0.004897950604271458,0.005,0.043006395549700614,0,,"139, 319",9 m,Area_9_Middle,AntCing_MedPFC,19.0,69.0,"6338, 5881",idx_R,319,319.0
7,320.0,0.6133696436882019,0,0.001,,0.2698159766866497,0.005,0.40304461247798296,0,,"140, 320",a24,Area_a24,AntCing_MedPFC,19.0,61.0,"2085, 2152",idx_R,320,320.0
7,321.0,0.3552013337612152,0,0.001,,0.3612193827985052,0.005,0.45788372467416155,0,,"141, 321",a24pr,Anterior_24_prime,AntCing_MedPFC,19.0,59.0,"1095, 1474",idx_R,321,321.0
7,322.0,0.6435838937759399,0,0.001,,0.25992264859907066,0.005,0.3948192130618795,0,,"142, 322",a32pr,Area_anterior_32_prime,AntCing_MedPFC,19.0,179.0,"1759, 1118",idx_R,322,322.0
7,323.0,1.4691030979156494,0,0.001,,0.07090241381935108,0.005,0.20922023749972452,0,,"143, 323",d32,Area_dorsal_32,AntCing_MedPFC,19.0,62.0,"2228, 2374",idx_R,323,323.0
7,324.0,0.7996728420257568,0,0.001,,0.21195018588689052,0.005,0.37914495375704427,0,,"144, 324",p24,Area_posterior_24,AntCing_MedPFC,19.0,180.0,"2394, 2442",idx_R,324,324.0
7,325.0,0.6698623895645142,0,0.001,,0.25147275867366053,0.005,0.3948192130618795,0,,"145, 325",p24pr,Area_Posterior_24_prime,AntCing_MedPFC,19.0,57.0,"1422, 1724",idx_R,325,325.0
7,326.0,0.6733703017234802,0,0.001,,0.2503558687582129,0.005,0.3948192130618795,0,,"146, 326",p32,Area_p32,AntCing_MedPFC,19.0,64.0,"1180, 1765",idx_R,326,326.0
7,327.0,-0.015102065168321133,0,0.001,,0.4939753766922044,0.005,0.4990328957582395,0,,"147, 327",p32pr,Area_p32_prime,AntCing_MedPFC,19.0,60.0,"1569, 1305",idx_R,327,327.0
7,328.0,0.4284018874168396,0,0.001,,0.3341792753910384,0.005,0.45041308506107114,0,,"148, 328",pOFC,Posterior_OFC_Complex,AntCing_MedPFC,19.0,166.0,"2486, 2836",idx_R,328,328.0
7,329.0,2.1786484718322754,0,0.001,,0.014678896193588734,0.005,0.07887168104017828,0,,"149, 329",s32,Area_s32,AntCing_MedPFC,19.0,165.0,"604, 1015",idx_R,329,329.0
7,330.0,0.12602508068084717,0,0.001,,0.44985603567059673,0.005,0.49093460295638636,0,,"150, 330",10d,Area_10d,OrbPolaFrontal,20.0,72.0,"3644, 3096",idx_R,330,330.0
7,331.0,-0.7969416975975037,0,0.001,,0.21274244627478595,0.005,0.37914495375704427,0,,"151, 331",10 pp,Polar_10p,OrbPolaFrontal,20.0,90.0,"1997, 2487",idx_R,331,331.0
7,332.0,-0.30980855226516724,0,0.001,,0.3783532738120222,0.005,0.4632897230351293,0,,"152, 332",11 l,Area_11l,OrbPolaFrontal,20.0,91.0,"3531, 3793",idx_R,332,332.0
7,333.0,1.271377682685852,0,0.001,,0.10179715910899872,0.005,0.2617641234231396,0,,"153, 333",13 l,Area_13l,OrbPolaFrontal,20.0,92.0,"2429, 1757",idx_R,333,333.0
7,334.0,1.7644015550613403,0,0.001,,0.038832198277177724,0.005,0.14743724160397184,0,,"154, 334",47 m,Area_47m,OrbPolaFrontal,20.0,66.0,"799, 781",idx_R,334,334.0
7,335.0,1.4760808944702148,0,0.001,,0.06996108858153927,0.005,0.20839204243833231,0,,"155, 335",47 s,Area_47s,OrbPolaFrontal,20.0,94.0,"2795, 3080",idx_R,335,335.0
7,336.0,-0.22121036052703857,0,0.001,,0.4124643212737406,0.005,0.4732366520881662,0,,"156, 336",a10p,Area_anterior_10p,OrbPolaFrontal,20.0,89.0,"1964, 1748",idx_R,336,336.0
7,337.0,-0.2067854255437851,0,0.001,,0.41808871944146175,0.005,0.4763036044269818,0,,"157, 337",OFC,Orbital_Frontal_Complex,OrbPolaFrontal,20.0,93.0,"4560, 5232",idx_R,337,337.0
7,338.0,-1.2503100633621216,0,0.001,,0.10559315185168622,0.005,0.2666969417830741,0,,"158, 338",p10p,Area_posterior_10p,OrbPolaFrontal,20.0,170.0,"2116, 2365",idx_R,338,338.0
7,339.0,2.3789260387420654,0,0.001,,0.008681579698587467,0.005,0.06250737382982977,0,,"159, 339",44,Area_44,Inferior_Frontal,21.0,74.0,"2435, 2589",idx_R,339,339.0
7,340.0,2.600727081298828,0,0.001,,0.004651321430574392,0.005,0.04186189287516953,0,,"160, 340",45,Area_45,Inferior_Frontal,21.0,75.0,"3762, 2962",idx_R,340,340.0
7,341.0,0.12399725615978241,0,0.001,,0.4506587237825187,0.005,0.49093460295638636,0,,"161, 341",47 l,Area_47l_(47_lateral),Inferior_Frontal,21.0,76.0,"2527, 2592",idx_R,341,341.0
7,342.0,0.5946420431137085,0,0.001,,0.276041385154305,0.005,0.40822192397967055,0,,"162, 342",a47r,Area_anterior_47r,Inferior_Frontal,21.0,77.0,"4167, 3763",idx_R,342,342.0
7,343.0,0.8639818429946899,0,0.001,,0.19379893249221058,0.005,0.35961876969362444,0,,"163, 343",IFJa,Area_IFJa,Inferior_Frontal,21.0,79.0,"1513, 1405",idx_R,343,343.0
7,344.0,0.7483257055282593,0,0.001,,0.2271318615741873,0.005,0.3845539252791616,0,,"164, 344",IFJp,Area_IFJp,Inferior_Frontal,21.0,80.0,"960, 740",idx_R,344,344.0
7,345.0,1.092290997505188,0,0.001,,0.13735260802432675,0.005,0.3083107668564573,0,,"165, 345",IFSa,Area_IFSa,Inferior_Frontal,21.0,82.0,"2057, 2641",idx_R,345,345.0
7,346.0,1.3131158351898193,0,0.001,,0.09457195936138418,0.005,0.2515772964766781,0,,"166, 346",IFSp,Area_IFSp,Inferior_Frontal,21.0,81.0,"1589, 1730",idx_R,346,346.0
7,347.0,1.7663689851760864,0,0.001,,0.03866698244514831,0.005,0.14743724160397184,0,,"167, 347",p47r,Area_posterior_47r,Inferior_Frontal,21.0,171.0,"2133, 1761",idx_R,347,347.0
7,348.0,-1.0898780822753906,0,0.001,,0.1378834262885823,0.005,0.3083107668564573,0,,"168, 348",46,Area_46,Dorsolateral_Prefrontal,22.0,84.0,"4863, 4394",idx_R,348,348.0
7,349.0,0.908203661441803,0,0.001,,0.1818853149942316,0.005,0.35015354758247796,0,,"169, 349",8Ad,Area_8Ad,Dorsolateral_Prefrontal,22.0,68.0,"3386, 3492",idx_R,349,349.0
7,350.0,0.08532542735338211,0,0.001,,0.4660013385692425,0.005,0.49093460295638636,0,,"170, 350",8Av,Area_8Av,Dorsolateral_Prefrontal,22.0,67.0,"4807, 5902",idx_R,350,350.0
7,351.0,2.8486859798431396,0,0.001,,0.002195009337670258,0.005,0.027248391777975618,0,,"171, 351",8BL,Area_8B_Lateral,Dorsolateral_Prefrontal,22.0,70.0,"3377, 4078",idx_R,351,351.0
7,352.0,1.7830780744552612,0,0.001,,0.037286797499011634,0.005,0.14743724160397184,0,,"172, 352",8C,Area_8C,Dorsolateral_Prefrontal,22.0,73.0,"4085, 3134",idx_R,352,352.0
7,353.0,-1.5491740703582764,0,0.001,,0.06066994045442846,0.005,0.20223313484809488,0,,"173, 353",9-46d,Area_9-46d,Dorsolateral_Prefrontal,22.0,86.0,"4534, 4666",idx_R,353,353.0
7,354.0,-1.481522798538208,0,0.001,,0.0692336571286424,0.005,0.20839204243833231,0,,"174, 354",9a,Area_9_anterior,Dorsolateral_Prefrontal,22.0,87.0,"3706, 3048",idx_R,354,354.0
7,355.0,1.4302510023117065,0,0.001,,0.07632249602680204,0.005,0.218290340123596,0,,"175, 355",9p,Area_9_Posterior,Dorsolateral_Prefrontal,22.0,71.0,"3426, 2488",idx_R,355,355.0
7,356.0,-0.03498665988445282,0,0.001,,0.4860451891159126,0.005,0.49850788627273085,0,,"176, 356",a9-46v,Area_anterior_9-46v,Dorsolateral_Prefrontal,22.0,85.0,"3314, 2628",idx_R,356,356.0
7,357.0,-0.931740939617157,0,0.001,,0.17573521173047024,0.005,0.3472240361988573,0,,"177, 357",i6-8,Inferior_6-8_Transitional_Area,Dorsolateral_Prefrontal,22.0,97.0,"1764, 2418",idx_R,357,357.0
7,358.0,0.3752198815345764,0,0.001,,0.3537484726301139,0.005,0.45644964210337274,0,,"178, 358",p9-46v,Area_posterior_9-46v,Dorsolateral_Prefrontal,22.0,83.0,"2871, 4635",idx_R,358,358.0
7,359.0,-0.7089092135429382,0,0.001,,0.23919040858087898,0.005,0.3900108793020171,0,,"179, 359",s6-8,Superior_6-8_Transitional_Area,Dorsolateral_Prefrontal,22.0,98.0,"1336, 2132",idx_R,359,359.0
7,360.0,0.7709872722625732,0,0.001,,0.22035723788790706,0.005,0.3845539252791616,0,,"180, 360",SFL,Superior_Frontal_Language_Area,Dorsolateral_Prefrontal,22.0,26.0,"3873, 3055",idx_R,360,360.0
8,1.0,0.3096528947353363,0,0.001,,0.3784124638457038,0.005,0.4636288273910382,0,,"1, 181",V1,Primary_Visual_Cortex,Primary_Visual,1.0,1.0,"13,812, 13,406",idx_L,1,1.0
8,2.0,1.0358082056045532,0,0.001,,0.15014581433635876,0.005,0.33995278717666133,0,,"2, 182",V2,Second_Visual_Area,Early_Visual,2.0,4.0,"9515, 9420",idx_L,2,2.0
8,3.0,2.0639488697052,0,0.001,,0.01951128225336232,0.005,0.12322915107386728,0,,"3, 183",V3,Third_Visual_Area,Early_Visual,2.0,5.0,"7106, 7481",idx_L,3,3.0
8,4.0,2.143174648284912,0,0.001,,0.016049538579847714,0.005,0.109015733749909,0,,"4, 184",V4,Fourth_Visual_Area,Early_Visual,2.0,6.0,"4782, 4537",idx_L,4,4.0
8,5.0,0.009025542996823788,0,0.001,,0.49639937817975044,0.005,0.49639937817975044,0,,"5, 185",IPS1,IntraParietal_Sulcus_Area_1,Dorsal_Stream_Visual,3.0,17.0,"1751, 1750",idx_L,5,5.0
8,6.0,1.5198386907577515,0,0.001,,0.06427576117149637,0.005,0.22685562766410483,0,,"6, 186",V3A,Area_V3A,Dorsal_Stream_Visual,3.0,13.0,"2191, 2212",idx_L,6,6.0
8,7.0,1.7600295543670654,0,0.001,,0.03920139784094427,0.005,0.17863928130050555,0,,"7, 187",V3B,Area_V3B,Dorsal_Stream_Visual,3.0,19.0,"639, 731",idx_L,7,7.0
8,8.0,2.3062238693237305,0,0.001,,0.01054906325220238,0.005,0.08439250601761904,0,,"8, 188",V6,Sixth_Visual_Area,Dorsal_Stream_Visual,3.0,3.0,"1402, 1559",idx_L,8,8.0
8,9.0,2.099304437637329,0,0.001,,0.017895036248719,0.005,0.115039518741765,0,,"9, 189",V6A,Area_V6A,Dorsal_Stream_Visual,3.0,152.0,"904, 734",idx_L,9,9.0
8,10.0,-0.272003173828125,0,0.001,,0.39280978948136824,0.005,0.4657683722658057,0,,"10, 190",V7,Seventh_Visual_Area,Dorsal_Stream_Visual,3.0,16.0,"1005, 1041",idx_L,10,10.0
8,11.0,0.9089875817298889,0,0.001,,0.18167834045178188,0.005,0.36134918542895844,0,,"11, 191",FFC,Fusiform_Face_Complex,Ventral_Stream_Visual,4.0,18.0,"3848, 4402",idx_L,11,11.0
8,12.0,0.32438603043556213,0,0.001,,0.37282289727344653,0.005,0.4636288273910382,0,,"12, 192",PIT,Posterior_InferoTemporal_complex,Ventral_Stream_Visual,4.0,22.0,"1392, 1386",idx_L,12,12.0
8,13.0,2.158282518386841,0,0.001,,0.015452936526816738,0.005,0.109015733749909,0,,"13, 193",V8,Eighth_Visual_Area,Ventral_Stream_Visual,4.0,7.0,"1361, 1175",idx_L,13,13.0
8,14.0,0.8709777593612671,0,0.001,,0.19188314844684312,0.005,0.37747504612493726,0,,"14, 194",VMV1,VentroMedial_Visual_Area_1,Ventral_Stream_Visual,4.0,153.0,"939, 1219",idx_L,14,14.0
8,15.0,-0.8584197163581848,0,0.001,,0.19533037218101973,0.005,0.38010234586576813,0,,"15, 195",VMV2,VentroMedial_Visual_Area_2,Ventral_Stream_Visual,4.0,160.0,"639, 923",idx_L,15,15.0
8,16.0,2.5907344818115234,0,0.001,,0.004788567609579731,0.005,0.04818412593877116,0,,"16, 196",VMV3,VentroMedial_Visual_Area_3,Ventral_Stream_Visual,4.0,154.0,"941, 1242",idx_L,16,16.0
8,17.0,0.47473132610321045,0,0.001,,0.31748924339206697,0.005,0.4571845104845764,0,,"17, 197",VVC,Ventral_Visual_Complex,Ventral_Stream_Visual,4.0,163.0,"2487, 2753",idx_L,17,17.0
8,18.0,-1.5225780010223389,0,0.001,,0.06393215852192462,0.005,0.22685562766410483,0,,"18, 198",FST,Area_FST,MT + _Complex,5.0,157.0,"1324, 1683",idx_L,18,18.0
8,19.0,1.235085368156433,0,0.001,,0.10839936716290166,0.005,0.2869395013135632,0,,"19, 199",LO1,Area_Lateral_Occipital_1,MT + _Complex,5.0,20.0,"619, 909",idx_L,19,19.0
8,20.0,1.0149407386779785,0,0.001,,0.1550670386057647,0.005,0.3420653074156538,0,,"20, 200",LO2,Area_Lateral_Occipital_2,MT + _Complex,5.0,21.0,"1179, 1062",idx_L,20,20.0
8,21.0,0.5728797912597656,0,0.001,,0.2833630442641145,0.005,0.43844518966977536,0,,"21, 201",LO3,Area_Lateral_Occipital_3,MT + _Complex,5.0,159.0,"438, 915",idx_L,21,21.0
8,22.0,-1.3559590578079224,0,0.001,,0.0875560975607198,0.005,0.26115694687694896,0,,"22, 202",MST,Medial_Superior_Temporal_Area,MT + _Complex,5.0,2.0,"794, 1036",idx_L,22,22.0
8,23.0,-1.5967633724212646,0,0.001,,0.05515923169347624,0.005,0.21758277472616733,0,,"23, 203",MT,Middle_Temporal_Area,MT + _Complex,5.0,23.0,"620, 1005",idx_L,23,23.0
8,24.0,0.21463076770305634,0,0.001,,0.4150276018804938,0.005,0.4743172592919929,0,,"24, 204",PH,Area_PH,MT + _Complex,5.0,138.0,"3453, 3205",idx_L,24,24.0
8,25.0,2.4524083137512207,0,0.001,,0.007095176874879872,0.005,0.06385659187391884,0,,"25, 205",V3CD,Area_V3CD,MT + _Complex,5.0,158.0,"876, 1222",idx_L,25,25.0
8,26.0,0.370572954416275,0,0.001,,0.35547781462999195,0.005,0.4636288273910382,0,,"26, 206",V4t,Area_V4t,MT + _Complex,5.0,156.0,"1037, 1249",idx_L,26,26.0
8,27.0,-0.23635321855545044,0,0.001,,0.4065792970174517,0.005,0.4721566029880085,0,,"27, 207",1,Area_1,SomaSens_Motor,6.0,51.0,"6590, 5925",idx_L,27,27.0
8,28.0,0.2841399312019348,0,0.001,,0.3881515734125618,0.005,0.4657683722658057,0,,"28, 208",2,Area_2,SomaSens_Motor,6.0,52.0,"4278, 4727",idx_L,28,28.0
8,29.0,-1.185869812965393,0,0.001,,0.11783685803404481,0.005,0.30300906351611523,0,,"29, 209",3a,Area_3a,SomaSens_Motor,6.0,53.0,"2247, 2286",idx_L,29,29.0
8,30.0,-0.26875489950180054,0,0.001,,0.39405915086337956,0.005,0.4657683722658057,0,,"30, 210",3b,Primary_Sensory_Cortex,SomaSens_Motor,6.0,9.0,"5451, 4350",idx_L,30,30.0
8,31.0,-1.165504813194275,0,0.001,,0.12190735653024193,0.005,0.3090609038794866,0,,"31, 211",4,Primary_Motor_Cortex,SomaSens_Motor,6.0,8.0,"10,776, 10,254",idx_L,31,31.0
8,32.0,-1.847200870513916,0,0.001,,0.03235901663810652,0.005,0.157422243104302,0,,"32, 212",23c,Area_23c,ParaCentral_MidCing,7.0,38.0,"2259, 2498",idx_L,32,32.0
8,33.0,-0.6278607249259949,0,0.001,,0.2650475908107549,0.005,0.43844518966977536,0,,"33, 213",24dd,Dorsal_Area_24d,ParaCentral_MidCing,7.0,40.0,"2665, 2820",idx_L,33,33.0
8,34.0,-1.3673155307769775,0,0.001,,0.08576321286844357,0.005,0.25945173640873687,0,,"34, 214",24dv,Ventral_Area_24d,ParaCentral_MidCing,7.0,41.0,"1076, 1349",idx_L,34,34.0
8,35.0,1.0482053756713867,0,0.001,,0.14727199717818412,0.005,0.33555644926674866,0,,"35, 215",5L,Area_5L,ParaCentral_MidCing,7.0,39.0,"2249, 2327",idx_L,35,35.0
8,36.0,-0.2154243290424347,0,0.001,,0.41471825171474536,0.005,0.4743172592919929,0,,"36, 216",5 m,Area_5m,ParaCentral_MidCing,7.0,36.0,"1483, 2079",idx_L,36,36.0
8,37.0,-1.379555583000183,0,0.001,,0.08386176063277079,0.005,0.25704140572272344,0,,"37, 217",5mv,Area_5m_ventral,ParaCentral_MidCing,7.0,37.0,"1651, 1996",idx_L,37,37.0
8,38.0,-1.7881149053573608,0,0.001,,0.036878735654876725,0.005,0.1702095491763541,0,,"38, 218",6ma,Area_6m_anterior,ParaCentral_MidCing,7.0,44.0,"3941, 4251",idx_L,38,38.0
8,39.0,-0.14306163787841797,0,0.001,,0.4431207508870756,0.005,0.48487376996762066,0,,"39, 219",6mp,Area_6mp,ParaCentral_MidCing,7.0,55.0,"3701, 3105",idx_L,39,39.0
8,40.0,0.35612425208091736,0,0.001,,0.36087375787156806,0.005,0.4636288273910382,0,,"40, 220",SCEF,Supplementary_and_Cingulate_Eye_Field,ParaCentral_MidCing,7.0,43.0,"3500, 3371",idx_L,40,40.0
8,41.0,-0.8360058665275574,0,0.001,,0.20157580136535358,0.005,0.38395390736257823,0,,"41, 221",55b,Area_55b,Premotor,8.0,12.0,"2422, 1537",idx_L,41,41.0
8,42.0,-3.850803852081299,1,0.001,-,5.88653819628595e-05,0.005,0.001765961458885785,1,-,"42, 222",6a,Area_6_anterior,Premotor,8.0,96.0,"4233, 3752",idx_L,42,42.0
8,43.0,-0.8469132781028748,0,0.001,,0.19852173043215132,0.005,0.38179705580273837,0,,"43, 223",6d,Dorsal_area_6,Premotor,8.0,54.0,"2916, 2909",idx_L,43,43.0
8,44.0,-0.6205484867095947,0,0.001,,0.2674483711466496,0.005,0.43844518966977536,0,,"44, 224",6r,Rostral_Area_6,Premotor,8.0,78.0,"3029, 3981",idx_L,44,44.0
8,45.0,-1.6180572509765625,0,0.001,,0.052825130072712306,0.005,0.21610280484291397,0,,"45, 225",6v,Ventral_Area_6,Premotor,8.0,56.0,"2075, 2516",idx_L,45,45.0
8,46.0,-4.5620622634887695,1,0.001,-,2.532681005020067e-06,0.005,0.0001302521659724606,1,-,"46, 226",FEF,Frontal_Eye_Fields,Premotor,8.0,10.0,"1787, 1889",idx_L,46,46.0
8,47.0,-1.0082091093063354,0,0.001,,0.15667704285364287,0.005,0.3420653074156538,0,,"47, 227",PEF,Premotor_Eye_Field,Premotor,8.0,11.0,"1006, 1258",idx_L,47,47.0
8,48.0,-0.5059598088264465,0,0.001,,0.3064424322549465,0.005,0.45371560970975333,0,,"48, 228",43,Area_43,Posterior_Opercular,9.0,99.0,"1889, 1678",idx_L,48,48.0
8,49.0,0.035632599145174026,0,0.001,,0.4857876572302704,0.005,0.49639937817975044,0,,"49, 229",FOP1,Frontal_Opercular_Area_1,Posterior_Opercular,9.0,113.0,"879, 932",idx_L,49,49.0
8,50.0,0.9404805302619934,0,0.001,,0.17348556595503062,0.005,0.3543947103249578,0,,"50, 230",OP1,Area_OP1-SII,Posterior_Opercular,9.0,101.0,"1275, 1072",idx_L,50,50.0
8,51.0,-1.9614064693450928,0,0.001,,0.024915812967727397,0.005,0.14015144794346662,0,,"51, 231",OP2-3,Area_OP2-3-VS,Posterior_Opercular,9.0,102.0,"943, 792",idx_L,51,51.0
8,52.0,-0.46018898487091064,0,0.001,,0.32269028836345354,0.005,0.4623841246304909,0,,"52, 232",OP4,Area_OP4-PV,Posterior_Opercular,9.0,100.0,"2332, 2409",idx_L,52,52.0
8,53.0,0.2711457908153534,0,0.001,,0.3931394521219145,0.005,0.4657683722658057,0,,"53, 233",52,Area_52,Early_Auditory,10.0,103.0,"725, 580",idx_L,53,53.0
8,54.0,-1.2908179759979248,0,0.001,,0.09838340148770747,0.005,0.2708504410719749,0,,"54, 234",A1,Primary_Auditory_Cortex,Early_Auditory,10.0,24.0,"1023, 796",idx_L,54,54.0
8,55.0,0.31912049651145935,0,0.001,,0.37481757081852796,0.005,0.4636288273910382,0,,"55, 235",LBelt,Lateral_Belt_Complex,Early_Auditory,10.0,174.0,"820, 901",idx_L,55,55.0
8,56.0,0.5202274918556213,0,0.001,,0.3014525130282647,0.005,0.4503025090878643,0,,"56, 236",MBelt,Medial_Belt_Complex,Early_Auditory,10.0,173.0,"1242, 1236",idx_L,56,56.0
8,57.0,1.0079196691513062,0,0.001,,0.15674651411196416,0.005,0.3420653074156538,0,,"57, 237",PBelt,ParaBelt_Complex,Early_Auditory,10.0,124.0,"1719, 1439",idx_L,57,57.0
8,58.0,0.39154481887817383,0,0.001,,0.34769728340709527,0.005,0.4636288273910382,0,,"58, 238",PFcm,Area_PFcm,Early_Auditory,10.0,105.0,"1486, 1485",idx_L,58,58.0
8,59.0,0.6281390190124512,0,0.001,,0.2649564370312679,0.005,0.43844518966977536,0,,"59, 239",RI,RetroInsular_Cortex,Early_Auditory,10.0,104.0,"1149, 1334",idx_L,59,59.0
8,60.0,0.1556267887353897,0,0.001,,0.43816360392935993,0.005,0.48091127260539507,0,,"60, 240",A4,Auditory_4_Complex,Auditory_Association,11.0,175.0,"3514, 3610",idx_L,60,60.0
8,61.0,0.08943973481655121,0,0.001,,0.464366223086685,0.005,0.4931322723044443,0,,"61, 241",A5,Auditory_5_Complex,Auditory_Association,11.0,125.0,"3346, 3881",idx_L,61,61.0
8,62.0,0.42586180567741394,0,0.001,,0.33510427376553653,0.005,0.4636288273910382,0,,"62, 242",STGa,Area_STGa,Auditory_Association,11.0,123.0,"2509, 2187",idx_L,62,62.0
8,63.0,-0.7955359816551208,0,0.001,,0.21315089456073832,0.005,0.3931648632543838,0,,"63, 243",STSda,Area_STSd_anterior,Auditory_Association,11.0,128.0,"1944, 2389",idx_L,63,63.0
8,64.0,-0.03685901686549187,0,0.001,,0.48529870866452723,0.005,0.49639937817975044,0,,"64, 244",STSdp,Area_STSd_posterior,Auditory_Association,11.0,129.0,"1994, 2605",idx_L,64,64.0
8,65.0,0.843827486038208,0,0.001,,0.1993829069192078,0.005,0.38179705580273837,0,,"65, 245",STSva,Area_STSv_anterior,Auditory_Association,11.0,176.0,"1694, 1900",idx_L,65,65.0
8,66.0,-0.7143642902374268,0,0.001,,0.23750097367101397,0.005,0.42537487821674147,0,,"66, 246",STSvp,Area_STSv_posterior,Auditory_Association,11.0,130.0,"2898, 2515",idx_L,66,66.0
8,67.0,1.284542441368103,0,0.001,,0.09947611172697696,0.005,0.27129848652811894,0,,"67, 247",TA2,Area_TA2,Auditory_Association,11.0,107.0,"1518, 1726",idx_L,67,67.0
8,68.0,1.0731408596038818,0,0.001,,0.14160396034211792,0.005,0.3295010872732505,0,,"68, 248",AAIC,Anterior_Agranular_Insula_Complex,Insula_FrontalOperc,12.0,112.0,"1859, 1691",idx_L,68,68.0
8,69.0,-0.35836562514305115,0,0.001,,0.3600348564181921,0.005,0.4636288273910382,0,,"69, 249",AVI,Anterior_Ventral_Insular_Area,Insula_FrontalOperc,12.0,111.0,"1446, 1792",idx_L,69,69.0
8,70.0,0.31807491183280945,0,0.001,,0.37521405680062814,0.005,0.4636288273910382,0,,"70, 250",FOP2,Frontal_Opercular_Area_2,Insula_FrontalOperc,12.0,115.0,"750, 720",idx_L,70,70.0
8,71.0,1.0259298086166382,0,0.001,,0.15246233539646548,0.005,0.3420653074156538,0,,"71, 251",FOP3,Frontal_Opercular_Area_3,Insula_FrontalOperc,12.0,114.0,"754, 614",idx_L,71,71.0
8,72.0,-0.017163699492812157,0,0.001,,0.4931530107645674,0.005,0.49639937817975044,0,,"72, 252",FOP4,Frontal_Opercular_Area_4,Insula_FrontalOperc,12.0,108.0,"2522, 1678",idx_L,72,72.0
8,73.0,0.5907909870147705,0,0.001,,0.27733023735375156,0.005,0.43844518966977536,0,,"73, 253",FOP5,Area_Frontal_Opercular_5,Insula_FrontalOperc,12.0,169.0,"1297, 1365",idx_L,73,73.0
8,74.0,-0.9729310870170593,0,0.001,,0.16529377666076206,0.005,0.34798689823318324,0,,"74, 254",Ig,Insular_Granular_Complex,Insula_FrontalOperc,12.0,168.0,"841, 1077",idx_L,74,74.0
8,75.0,0.5716738700866699,0,0.001,,0.28377146998071573,0.005,0.43844518966977536,0,,"75, 255",MI,Middle_Insular_Area,Insula_FrontalOperc,12.0,109.0,"2102, 1960",idx_L,75,75.0
8,76.0,0.6002954244613647,0,0.001,,0.27415468377688146,0.005,0.43844518966977536,0,,"76, 256",PI,Para-Insular_Area,Insula_FrontalOperc,12.0,178.0,"1033, 1058",idx_L,76,76.0
8,77.0,0.5227020382881165,0,0.001,,0.30059080979964703,0.005,0.4503025090878643,0,,"77, 257",Pir,Pirform_Cortex,Insula_FrontalOperc,12.0,110.0,"2287, 1856",idx_L,77,77.0
8,78.0,-0.3202882409095764,0,0.001,,0.3743749182129704,0.005,0.4636288273910382,0,,"78, 258",PoI1,Area_Posterior_Insular_1,Insula_FrontalOperc,12.0,167.0,"1811, 1835",idx_L,78,78.0
8,79.0,-0.7924250960350037,0,0.001,,0.21405642554960896,0.005,0.3931648632543838,0,,"79, 259",PoI2,Posterior_Insular_Area_2,Insula_FrontalOperc,12.0,106.0,"2747, 2675",idx_L,79,79.0
8,80.0,1.0117360353469849,0,0.001,,0.15583214043541982,0.005,0.3420653074156538,0,,"80, 260",H,Hippocampus,Medial_Temporal,13.0,120.0,"4283, 3626",idx_L,80,80.0
8,81.0,0.37135252356529236,0,0.001,,0.35518749103023156,0.005,0.4636288273910382,0,,"81, 261",PreS,PreSubiculum,Medial_Temporal,13.0,119.0,"1817, 1558",idx_L,81,81.0
8,82.0,-1.3483880758285522,0,0.001,,0.08876679858010178,0.005,0.26115694687694896,0,,"82, 262",EC,Entorhinal_Cortex,Medial_Temporal,13.0,118.0,"2127, 2110",idx_L,82,82.0
8,83.0,0.5825873613357544,0,0.001,,0.28008555779052036,0.005,0.43844518966977536,0,,"83, 263",PeEc,Perirhinal_Ectorhinal_Cortex,Medial_Temporal,13.0,122.0,"4826, 4755",idx_L,83,83.0
8,84.0,-1.6953355073928833,0,0.001,,0.04500589632211879,0.005,0.19758686190198493,0,,"84, 264",TF,Area_TF,Medial_Temporal,13.0,135.0,"3986, 4752",idx_L,84,84.0
8,85.0,0.5726600289344788,0,0.001,,0.28343745315257407,0.005,0.43844518966977536,0,,"85, 265",PHA1,ParaHippocampal_Area_1,Medial_Temporal,13.0,126.0,"1281, 1168",idx_L,85,85.0
8,86.0,-2.0228142738342285,0,0.001,,0.021546149741949742,0.005,0.12927689845169846,0,,"86, 266",PHA2,ParaHippocampal_Area_2,Medial_Temporal,13.0,155.0,"783, 771",idx_L,86,86.0
8,87.0,-1.8159834146499634,0,0.001,,0.03468645816433257,0.005,0.16430427551525953,0,,"87, 267",PHA3,ParaHippocampal_Area_3,Medial_Temporal,13.0,127.0,"2023, 1122",idx_L,87,87.0
8,88.0,-5.137820243835449,1,0.001,-,1.3897177689508353e-07,0.005,1.2507459920557517e-05,1,-,"88, 268",PHT,Area_PHT,Lateral_Temporal,14.0,137.0,"4182, 3410",idx_L,88,88.0
8,89.0,0.4032898247241974,0,0.001,,0.34336751316424613,0.005,0.4636288273910382,0,,"89, 269",TE1a,Area_TE1_anterior,Lateral_Temporal,14.0,132.0,"5227, 4180",idx_L,89,89.0
8,90.0,0.6152899265289307,0,0.001,,0.26918163446172505,0.005,0.43844518966977536,0,,"90, 270",TE1m,Area_TE1_Middle,Lateral_Temporal,14.0,177.0,"3339, 3429",idx_L,90,90.0
8,91.0,-1.7965407371520996,0,0.001,,0.03620427996401098,0.005,0.1692667634681033,0,,"91, 271",TE1p,Area_TE1_posterior,Lateral_Temporal,14.0,133.0,"7116, 6010",idx_L,91,91.0
8,92.0,-0.5247472524642944,0,0.001,,0.29987945211009076,0.005,0.4503025090878643,0,,"92, 272",TE2a,Area_TE2_anterior,Lateral_Temporal,14.0,134.0,"5691, 5753",idx_L,92,92.0
8,93.0,0.6773384213447571,0,0.001,,0.24909562937626378,0.005,0.4353127503662862,0,,"93, 273",TE2p,Area_TE2_posterior,Lateral_Temporal,14.0,136.0,"4115, 3040",idx_L,93,93.0
8,94.0,-0.45383182168006897,0,0.001,,0.3249749390012546,0.005,0.4623841246304909,0,,"94, 274",TGd,Area_TG_dorsal,Lateral_Temporal,14.0,131.0,"10,192, 10,269",idx_L,94,94.0
8,95.0,-0.3577841520309448,0,0.001,,0.3602524257080014,0.005,0.4636288273910382,0,,"95, 275",TGv,Area_TG_Ventral,Lateral_Temporal,14.0,172.0,"3694, 4515",idx_L,95,95.0
8,96.0,-2.728715419769287,0,0.001,,0.0031790773524675003,0.005,0.036214755094508326,0,,"96, 276",PSL,PeriSylvian_Language_Area,TPO,15.0,25.0,"2154, 2759",idx_L,96,96.0
8,97.0,-4.700258255004883,1,0.001,-,1.299163412672155e-06,0.005,7.79498047603293e-05,1,-,"97, 277",STV,Superior_Temporal_Visual_Area,TPO,15.0,28.0,"2322, 2294",idx_L,97,97.0
8,98.0,-1.082556962966919,0,0.001,,0.13950255932378935,0.005,0.3295010872732505,0,,"98, 278",TPOJ1,Area_TemporoParietoOccipital_Junction_1,TPO,15.0,139.0,"2102, 3938",idx_L,98,98.0
8,99.0,-6.502045154571533,1,0.001,-,3.9617653495072595e-11,0.005,7.131177629113067e-09,1,-,"99, 279",TPOJ2,Area_TemporoParietoOccipital_Junction_2,TPO,15.0,140.0,"1930, 2068",idx_L,99,99.0
8,100.0,-1.2460676431655884,0,0.001,,0.10636978132241304,0.005,0.2853440418848184,0,,"100, 280",TPOJ3,Area_TemporoParietoOccipital_Junction_3,TPO,15.0,141.0,"1290, 1277",idx_L,100,100.0
8,101.0,0.035090841352939606,0,0.001,,0.48600365222885505,0.005,0.49639937817975044,0,,"101, 281",7AL,Lateral_Area_7A,Superior_Parietal,16.0,42.0,"2134, 2030",idx_L,101,101.0
8,102.0,-2.575812578201294,0,0.001,,0.005000241849438016,0.005,0.048651001778315835,0,,"102, 282",7Am,Medial_Area_7A,Superior_Parietal,16.0,45.0,"2995, 2379",idx_L,102,102.0
8,103.0,0.9505980610847473,0,0.001,,0.1709042266382313,0.005,0.35359495166530613,0,,"103, 283",7PC,Area_7PC,Superior_Parietal,16.0,47.0,"3151, 3415",idx_L,103,103.0
8,104.0,-1.830614447593689,0,0.001,,0.03357905529115671,0.005,0.1611794653975522,0,,"104, 284",7Pl,Lateral_Area_7P,Superior_Parietal,16.0,46.0,"1695, 1363",idx_L,104,104.0
8,105.0,-1.107161521911621,0,0.001,,0.1341120501485768,0.005,0.3218689203565843,0,,"105, 285",7Pm,Medial_Area_7P,Superior_Parietal,16.0,29.0,"1601, 1308",idx_L,105,105.0
8,106.0,-1.5818257331848145,0,0.001,,0.0568446793767077,0.005,0.21758277472616733,0,,"106, 286",AIP,Anterior_IntraParietal_Area,Superior_Parietal,16.0,117.0,"1999, 2542",idx_L,106,106.0
8,107.0,0.2998318374156952,0,0.001,,0.3821527145892126,0.005,0.46397566798217477,0,,"107, 287",LIPd,Area_Lateral_IntraParietal_dorsal,Superior_Parietal,16.0,95.0,"1008, 869",idx_L,107,107.0
8,108.0,0.3958975076675415,0,0.001,,0.3460903198816585,0.005,0.4636288273910382,0,,"108, 288",LIPv,Area_Lateral_IntraParietal_ventral,Superior_Parietal,16.0,48.0,"1681, 1783",idx_L,108,108.0
8,109.0,0.39997008442878723,0,0.001,,0.3445892754671983,0.005,0.4636288273910382,0,,"109, 289",MIP,Medial_IntraParietal_Area,Superior_Parietal,16.0,50.0,"1872, 2403",idx_L,109,109.0
8,110.0,0.4299127161502838,0,0.001,,0.3336295675144119,0.005,0.4636288273910382,0,,"110, 290",VIP,Ventral_IntraParietal_Complex,Superior_Parietal,16.0,49.0,"1890, 1577",idx_L,110,110.0
8,111.0,-0.664546549320221,0,0.001,,0.2531702831510727,0.005,0.4381793362230105,0,,"111, 291",IP0,Area_IntraParietal_0,Inferior_Parietal,17.0,146.0,"1203, 1239",idx_L,111,111.0
8,112.0,1.5504364967346191,0,0.001,,0.06051839218335992,0.005,0.22231246108173033,0,,"112, 292",IP1,Area_IntraParietal_1,Inferior_Parietal,17.0,145.0,"1692, 1632",idx_L,112,112.0
8,113.0,-0.1349414885044098,0,0.001,,0.44632906822222684,0.005,0.48690443806061107,0,,"113, 293",IP2,Area_IntraParietal_2,Inferior_Parietal,17.0,144.0,"2102, 1861",idx_L,113,113.0
8,114.0,-2.848442792892456,0,0.001,,0.0021966875555501555,0.005,0.028243125714216284,0,,"114, 294",PF,Area_PF_Complex,Inferior_Parietal,17.0,148.0,"5457, 5251",idx_L,114,114.0
8,115.0,-0.651885986328125,0,0.001,,0.25723736291770893,0.005,0.438301961533906,0,,"115, 295",PFm,Area_PFm_Complex,Inferior_Parietal,17.0,149.0,"8220, 8141",idx_L,115,115.0
8,116.0,0.6856803297996521,0,0.001,,0.24645735668023916,0.005,0.43492474708277495,0,,"116, 296",PFop,Area_PF_Opercular,Inferior_Parietal,17.0,147.0,"1797, 1783",idx_L,116,116.0
8,117.0,-0.17632398009300232,0,0.001,,0.4300197118884128,0.005,0.47936432960953007,0,,"117, 297",PFt,Area_PFt,Inferior_Parietal,17.0,116.0,"1983, 2039",idx_L,117,117.0
8,118.0,-1.3212692737579346,0,0.001,,0.0932057976485286,0.005,0.26289587772506195,0,,"118, 298",PGi,Area_PGi,Inferior_Parietal,17.0,150.0,"4791, 4970",idx_L,118,118.0
8,119.0,-0.5249133110046387,0,0.001,,0.299821727798326,0.005,0.4503025090878643,0,,"119, 299",PGp,Area_PGp,Inferior_Parietal,17.0,143.0,"2501, 3740",idx_L,119,119.0
8,120.0,0.6166179180145264,0,0.001,,0.26874338656585595,0.005,0.43844518966977536,0,,"120, 300",PGs,Area_PGs,Inferior_Parietal,17.0,151.0,"4552, 3366",idx_L,120,120.0
8,121.0,-0.20042328536510468,0,0.001,,0.42057477492248235,0.005,0.47564449963653377,0,,"121, 301",23d,Area_23d,Posterior_Cingulate,18.0,32.0,"1261, 1513",idx_L,121,121.0
8,122.0,0.93552565574646,0,0.001,,0.17475873395846953,0.005,0.3543947103249578,0,,"122, 302",31a,Area_31a,Posterior_Cingulate,18.0,162.0,"1260, 1116",idx_L,122,122.0
8,123.0,1.9450269937515259,0,0.001,,0.025885864771698037,0.005,0.14057439849012662,0,,"123, 303",31pd,Area_31pd,Posterior_Cingulate,18.0,161.0,"1428, 864",idx_L,123,123.0
8,124.0,2.4338552951812744,0,0.001,,0.007469483009209625,0.005,0.06558570447110891,0,,"124, 304",31pv,Area_31p_ventral,Posterior_Cingulate,18.0,35.0,"950, 1022",idx_L,124,124.0
8,125.0,2.736161708831787,0,0.001,,0.0031080235602787597,0.005,0.036214755094508326,0,,"125, 305",7 m,Area_7m,Posterior_Cingulate,18.0,30.0,"2128, 2067",idx_L,125,125.0
8,126.0,3.0897860527038574,0,0.001,,0.0010015036120829001,0.005,0.017168633349992572,0,,"126, 306",d23ab,Area_dorsal_23_a + b,Posterior_Cingulate,18.0,34.0,"1607, 1106",idx_L,126,126.0
8,127.0,0.09523241221904755,0,0.001,,0.4620651128721445,0.005,0.4931322723044443,0,,"127, 307",DVT,Dorsal_Transitional_Visual_Area,Posterior_Cingulate,18.0,142.0,"1806, 2176",idx_L,127,127.0
8,128.0,-0.4412268102169037,0,0.001,,0.32952440288468043,0.005,0.4636288273910382,0,,"128, 308",PCV,PreCuneus_Visual_Area,Posterior_Cingulate,18.0,27.0,"2245, 2416",idx_L,128,128.0
8,129.0,1.329738974571228,0,0.001,,0.09180214436973722,0.005,0.26289587772506195,0,,"129, 309",POS1,Parieto-Occipital_Sulcus_Area_1,Posterior_Cingulate,18.0,31.0,"2531, 2727",idx_L,129,129.0
8,130.0,3.7758052349090576,1,0.001,+,7.9745790698938e-05,0.005,0.00205060604654412,1,+,"130, 310",POS2,Parieto-Occipital_Sulcus_Area_2,Posterior_Cingulate,18.0,15.0,"3261, 3093",idx_L,130,130.0
8,131.0,0.5252401232719421,0,0.001,,0.29970813789944173,0.005,0.4503025090878643,0,,"131, 311",ProS,ProStriate_Area,Posterior_Cingulate,18.0,121.0,"1222, 1055",idx_L,131,131.0
8,132.0,2.9634740352630615,0,0.001,,0.001520938616698222,0.005,0.021901516080454396,0,,"132, 312",RSC,RetroSplenial_Complex,Posterior_Cingulate,18.0,14.0,"2830, 3067",idx_L,132,132.0
8,133.0,1.4807456731796265,0,0.001,,0.06933717909841643,0.005,0.23328396706009263,0,,"133, 313",v23ab,Area_ventral_23_a + b,Posterior_Cingulate,18.0,33.0,"916, 1089",idx_L,133,133.0
8,134.0,3.0077993869781494,0,0.001,,0.0013157339264905207,0.005,0.020326492056061872,0,,"134, 314",10r,Area_10r,AntCing_MedPFC,19.0,65.0,"1589, 1053",idx_L,134,134.0
8,135.0,2.3589470386505127,0,0.001,,0.00916343555210356,0.005,0.07497356360812003,0,,"135, 315",10v,Area_10v,AntCing_MedPFC,19.0,88.0,"3906, 2667",idx_L,135,135.0
8,136.0,0.48915520310401917,0,0.001,,0.3123659108475344,0.005,0.4562269427295604,0,,"136, 316",25,Area_25,AntCing_MedPFC,19.0,164.0,"1911, 2135",idx_L,136,136.0
8,137.0,-2.10919451713562,0,0.001,,0.017463897496810325,0.005,0.115039518741765,0,,"137, 317",33pr,Area_33_prime,AntCing_MedPFC,19.0,58.0,"1354, 1316",idx_L,137,137.0
8,138.0,-0.6556351184844971,0,0.001,,0.25602946198145793,0.005,0.438301961533906,0,,"138, 318",8BM,Area_8BM,AntCing_MedPFC,19.0,63.0,"3122, 3436",idx_L,138,138.0
8,139.0,0.862826943397522,0,0.001,,0.19411631146889602,0.005,0.3797927833087096,0,,"139, 319",9 m,Area_9_Middle,AntCing_MedPFC,19.0,69.0,"6338, 5881",idx_L,139,139.0
8,140.0,0.38859379291534424,0,0.001,,0.34878832957318673,0.005,0.4636288273910382,0,,"140, 320",a24,Area_a24,AntCing_MedPFC,19.0,61.0,"2085, 2152",idx_L,140,140.0
8,141.0,0.05813891813158989,0,0.001,,0.4768189873096462,0.005,0.49639937817975044,0,,"141, 321",a24pr,Anterior_24_prime,AntCing_MedPFC,19.0,59.0,"1095, 1474",idx_L,141,141.0
8,142.0,0.19778870046138763,0,0.001,,0.4216051936267443,0.005,0.47564449963653377,0,,"142, 322",a32pr,Area_anterior_32_prime,AntCing_MedPFC,19.0,179.0,"1759, 1118",idx_L,142,142.0
8,143.0,-0.7662613391876221,0,0.001,,0.22176040856034562,0.005,0.40520304763677584,0,,"143, 323",d32,Area_dorsal_32,AntCing_MedPFC,19.0,62.0,"2228, 2374",idx_L,143,143.0
8,144.0,-0.2008063942193985,0,0.001,,0.42042498145413887,0.005,0.47564449963653377,0,,"144, 324",p24,Area_posterior_24,AntCing_MedPFC,19.0,180.0,"2394, 2442",idx_L,144,144.0
8,145.0,-0.26732540130615234,0,0.001,,0.39460931539186317,0.005,0.4657683722658057,0,,"145, 325",p24pr,Area_Posterior_24_prime,AntCing_MedPFC,19.0,57.0,"1422, 1724",idx_L,145,145.0
8,146.0,2.2516701221466064,0,0.001,,0.0121715630576458,0.005,0.09525571088592365,0,,"146, 326",p32,Area_p32,AntCing_MedPFC,19.0,64.0,"1180, 1765",idx_L,146,146.0
8,147.0,-0.29779309034347534,0,0.001,,0.3829305442713529,0.005,0.46397566798217477,0,,"147, 327",p32pr,Area_p32_prime,AntCing_MedPFC,19.0,60.0,"1569, 1305",idx_L,147,147.0
8,148.0,-0.5357955694198608,0,0.001,,0.29604992229910854,0.005,0.4503025090878643,0,,"148, 328",pOFC,Posterior_OFC_Complex,AntCing_MedPFC,19.0,166.0,"2486, 2836",idx_L,148,148.0
8,149.0,1.4671064615249634,0,0.001,,0.07117354833776843,0.005,0.23540310928405106,0,,"149, 329",s32,Area_s32,AntCing_MedPFC,19.0,165.0,"604, 1015",idx_L,149,149.0
8,150.0,3.2432281970977783,1,0.001,+,0.00059091756538742,0.005,0.012474142324279076,0,,"150, 330",10d,Area_10d,OrbPolaFrontal,20.0,72.0,"3644, 3096",idx_L,150,150.0
8,151.0,-0.39795082807540894,0,0.001,,0.3453332160589444,0.005,0.4636288273910382,0,,"151, 331",10 pp,Polar_10p,OrbPolaFrontal,20.0,90.0,"1997, 2487",idx_L,151,151.0
8,152.0,-1.0719621181488037,0,0.001,,0.14186852368709396,0.005,0.3295010872732505,0,,"152, 332",11 l,Area_11l,OrbPolaFrontal,20.0,91.0,"3531, 3793",idx_L,152,152.0
8,153.0,0.43704214692115784,0,0.001,,0.3310403911981674,0.005,0.4636288273910382,0,,"153, 333",13 l,Area_13l,OrbPolaFrontal,20.0,92.0,"2429, 1757",idx_L,153,153.0
8,154.0,1.1795766353607178,0,0.001,,0.1190843200988066,0.005,0.3040450725926977,0,,"154, 334",47 m,Area_47m,OrbPolaFrontal,20.0,66.0,"799, 781",idx_L,154,154.0
8,155.0,0.747940182685852,0,0.001,,0.22724811941130513,0.005,0.4111021255681902,0,,"155, 335",47 s,Area_47s,OrbPolaFrontal,20.0,94.0,"2795, 3080",idx_L,155,155.0
8,156.0,-1.0482420921325684,0,0.001,,0.14726354097601457,0.005,0.33555644926674866,0,,"156, 336",a10p,Area_anterior_10p,OrbPolaFrontal,20.0,89.0,"1964, 1748",idx_L,156,156.0
8,157.0,0.5047788023948669,0,0.001,,0.30685710291629187,0.005,0.45371560970975333,0,,"157, 337",OFC,Orbital_Frontal_Complex,OrbPolaFrontal,20.0,93.0,"4560, 5232",idx_L,157,157.0
8,158.0,0.11849769949913025,0,0.001,,0.45283665889431685,0.005,0.48976006592744564,0,,"158, 338",p10p,Area_posterior_10p,OrbPolaFrontal,20.0,170.0,"2116, 2365",idx_L,158,158.0
8,159.0,-1.9011372327804565,0,0.001,,0.02864201993633531,0.005,0.14542719257117398,0,,"159, 339",44,Area_44,Inferior_Frontal,21.0,74.0,"2435, 2589",idx_L,159,159.0
8,160.0,-0.4790915548801422,0,0.001,,0.31593674869118743,0.005,0.4567760222041264,0,,"160, 340",45,Area_45,Inferior_Frontal,21.0,75.0,"3762, 2962",idx_L,160,160.0
8,161.0,-0.5848432183265686,0,0.001,,0.27932657069354017,0.005,0.43844518966977536,0,,"161, 341",47 l,Area_47l_(47_lateral),Inferior_Frontal,21.0,76.0,"2527, 2592",idx_L,161,161.0
8,162.0,-0.6550614833831787,0,0.001,,0.25621408467412754,0.005,0.438301961533906,0,,"162, 342",a47r,Area_anterior_47r,Inferior_Frontal,21.0,77.0,"4167, 3763",idx_L,162,162.0
8,163.0,1.0021827220916748,0,0.001,,0.15812767549267814,0.005,0.3420653074156538,0,,"163, 343",IFJa,Area_IFJa,Inferior_Frontal,21.0,79.0,"1513, 1405",idx_L,163,163.0
8,164.0,-0.7625641822814941,0,0.001,,0.22286167620022673,0.005,0.40520304763677584,0,,"164, 344",IFJp,Area_IFJp,Inferior_Frontal,21.0,80.0,"960, 740",idx_L,164,164.0
8,165.0,-1.896199107170105,0,0.001,,0.02896686060464611,0.005,0.14542719257117398,0,,"165, 345",IFSa,Area_IFSa,Inferior_Frontal,21.0,82.0,"2057, 2641",idx_L,165,165.0
8,166.0,0.9893761873245239,0,0.001,,0.1612395603850838,0.005,0.3420653074156538,0,,"166, 346",IFSp,Area_IFSp,Inferior_Frontal,21.0,81.0,"1589, 1730",idx_L,166,166.0
8,167.0,-0.10107145458459854,0,0.001,,0.4597468689620392,0.005,0.49258593103075626,0,,"167, 347",p47r,Area_posterior_47r,Inferior_Frontal,21.0,171.0,"2133, 1761",idx_L,167,167.0
8,168.0,-1.94045090675354,0,0.001,,0.026162457496773563,0.005,0.14057439849012662,0,,"168, 348",46,Area_46,Dorsolateral_Prefrontal,22.0,84.0,"4863, 4394",idx_L,168,168.0
8,169.0,-0.33922696113586426,0,0.001,,0.3672193800506801,0.005,0.4636288273910382,0,,"169, 349",8Ad,Area_8Ad,Dorsolateral_Prefrontal,22.0,68.0,"3386, 3492",idx_L,169,169.0
8,170.0,-1.2426196336746216,0,0.001,,0.1070040157068069,0.005,0.2853440418848184,0,,"170, 350",8Av,Area_8Av,Dorsolateral_Prefrontal,22.0,67.0,"4807, 5902",idx_L,170,170.0
8,171.0,0.9281608462333679,0,0.001,,0.17666207052326677,0.005,0.3552980189294751,0,,"171, 351",8BL,Area_8B_Lateral,Dorsolateral_Prefrontal,22.0,70.0,"3377, 4078",idx_L,171,171.0
8,172.0,-1.8528175354003906,0,0.001,,0.03195425799126175,0.005,0.157422243104302,0,,"172, 352",8C,Area_8C,Dorsolateral_Prefrontal,22.0,73.0,"4085, 3134",idx_L,172,172.0
8,173.0,-1.687957525253296,0,0.001,,0.04570969136291469,0.005,0.19825890229697937,0,,"173, 353",9-46d,Area_9-46d,Dorsolateral_Prefrontal,22.0,86.0,"4534, 4666",idx_L,173,173.0
8,174.0,0.8113143444061279,0,0.001,,0.20859258726087093,0.005,0.3909611992445651,0,,"174, 354",9a,Area_9_anterior,Dorsolateral_Prefrontal,22.0,87.0,"3706, 3048",idx_L,174,174.0
8,175.0,2.8285582065582275,0,0.001,,0.0023379098686284686,0.005,0.029022329403663748,0,,"175, 355",9p,Area_9_Posterior,Dorsolateral_Prefrontal,22.0,71.0,"3426, 2488",idx_L,175,175.0
8,176.0,-0.313920795917511,0,0.001,,0.37679059767554895,0.005,0.4636288273910382,0,,"176, 356",a9-46v,Area_anterior_9-46v,Dorsolateral_Prefrontal,22.0,85.0,"3314, 2628",idx_L,176,176.0
8,177.0,-2.868722677230835,0,0.001,,0.002060664896493001,0.005,0.028243125714216284,0,,"177, 357",i6-8,Inferior_6-8_Transitional_Area,Dorsolateral_Prefrontal,22.0,97.0,"1764, 2418",idx_L,177,177.0
8,178.0,-1.1432009935379028,0,0.001,,0.12647757493606648,0.005,0.3161939373401662,0,,"178, 358",p9-46v,Area_posterior_9-46v,Dorsolateral_Prefrontal,22.0,83.0,"2871, 4635",idx_L,178,178.0
8,179.0,0.7935449481010437,0,0.001,,0.21373019618824107,0.005,0.3931648632543838,0,,"179, 359",s6-8,Superior_6-8_Transitional_Area,Dorsolateral_Prefrontal,22.0,98.0,"1336, 2132",idx_L,179,179.0
8,180.0,-0.2723180949687958,0,0.001,,0.392688722008412,0.005,0.4657683722658057,0,,"180, 360",SFL,Superior_Frontal_Language_Area,Dorsolateral_Prefrontal,22.0,26.0,"3873, 3055",idx_L,180,180.0
8,181.0,1.3833601474761963,0,0.001,,0.08327723192152653,0.005,0.25704140572272344,0,,"1, 181",V1,Primary_Visual_Cortex,Primary_Visual,1.0,1.0,"13,812, 13,406",idx_R,181,181.0
8,182.0,1.1317089796066284,0,0.001,,0.1288784025418035,0.005,0.31913768045682483,0,,"2, 182",V2,Second_Visual_Area,Early_Visual,2.0,4.0,"9515, 9420",idx_R,182,182.0
8,183.0,2.2009129524230957,0,0.001,,0.013871093404912525,0.005,0.1019100739952757,0,,"3, 183",V3,Third_Visual_Area,Early_Visual,2.0,5.0,"7106, 7481",idx_R,183,183.0
8,184.0,1.4019505977630615,0,0.001,,0.08046499977776311,0.005,0.2540999992981993,0,,"4, 184",V4,Fourth_Visual_Area,Early_Visual,2.0,6.0,"4782, 4537",idx_R,184,184.0
8,185.0,0.9618290066719055,0,0.001,,0.16806775238011884,0.005,0.3511501233261556,0,,"5, 185",IPS1,IntraParietal_Sulcus_Area_1,Dorsal_Stream_Visual,3.0,17.0,"1751, 1750",idx_R,185,185.0
8,186.0,2.144836664199829,0,0.001,,0.015982954313747192,0.005,0.109015733749909,0,,"6, 186",V3A,Area_V3A,Dorsal_Stream_Visual,3.0,13.0,"2191, 2212",idx_R,186,186.0
8,187.0,0.35790497064590454,0,0.001,,0.36020721538380407,0.005,0.4636288273910382,0,,"7, 187",V3B,Area_V3B,Dorsal_Stream_Visual,3.0,19.0,"639, 731",idx_R,187,187.0
8,188.0,1.0796383619308472,0,0.001,,0.14015162579474844,0.005,0.3295010872732505,0,,"8, 188",V6,Sixth_Visual_Area,Dorsal_Stream_Visual,3.0,3.0,"1402, 1559",idx_R,188,188.0
8,189.0,2.2126331329345703,0,0.001,,0.013461474408977712,0.005,0.1012539575469232,0,,"9, 189",V6A,Area_V6A,Dorsal_Stream_Visual,3.0,152.0,"904, 734",idx_R,189,189.0
8,190.0,0.4207210838794708,0,0.001,,0.3369793817258091,0.005,0.4636288273910382,0,,"10, 190",V7,Seventh_Visual_Area,Dorsal_Stream_Visual,3.0,16.0,"1005, 1041",idx_R,190,190.0
8,191.0,0.23075439035892487,0,0.001,,0.40875280809344305,0.005,0.4731543759281013,0,,"11, 191",FFC,Fusiform_Face_Complex,Ventral_Stream_Visual,4.0,18.0,"3848, 4402",idx_R,191,191.0
8,192.0,0.3533250689506531,0,0.001,,0.3619223768338669,0.005,0.4636288273910382,0,,"12, 192",PIT,Posterior_InferoTemporal_complex,Ventral_Stream_Visual,4.0,22.0,"1392, 1386",idx_R,192,192.0
8,193.0,1.4853389263153076,0,0.001,,0.06872703260228384,0.005,0.23328396706009263,0,,"13, 193",V8,Eighth_Visual_Area,Ventral_Stream_Visual,4.0,7.0,"1361, 1175",idx_R,193,193.0
8,194.0,1.2934722900390625,0,0.001,,0.09792388093171744,0.005,0.2708504410719749,0,,"14, 194",VMV1,VentroMedial_Visual_Area_1,Ventral_Stream_Visual,4.0,153.0,"939, 1219",idx_R,194,194.0
8,195.0,1.9491664171218872,0,0.001,,0.02563777703912084,0.005,0.14057439849012662,0,,"15, 195",VMV2,VentroMedial_Visual_Area_2,Ventral_Stream_Visual,4.0,160.0,"639, 923",idx_R,195,195.0
8,196.0,1.8944079875946045,0,0.001,,0.0290854385142348,0.005,0.14542719257117398,0,,"16, 196",VMV3,VentroMedial_Visual_Area_3,Ventral_Stream_Visual,4.0,154.0,"941, 1242",idx_R,196,196.0
8,197.0,2.2115025520324707,0,0.001,,0.013500527672923094,0.005,0.1012539575469232,0,,"17, 197",VVC,Ventral_Visual_Complex,Ventral_Stream_Visual,4.0,163.0,"2487, 2753",idx_R,197,197.0
8,198.0,-0.3078135550022125,0,0.001,,0.37911210333193673,0.005,0.4636288273910382,0,,"18, 198",FST,Area_FST,MT + _Complex,5.0,157.0,"1324, 1683",idx_R,198,198.0
8,199.0,2.524876594543457,0,0.001,,0.0057869461794842255,0.005,0.053417964733700536,0,,"19, 199",LO1,Area_Lateral_Occipital_1,MT + _Complex,5.0,20.0,"619, 909",idx_R,199,199.0
8,200.0,-0.11801455914974213,0,0.001,,0.45302806098288717,0.005,0.48976006592744564,0,,"20, 200",LO2,Area_Lateral_Occipital_2,MT + _Complex,5.0,21.0,"1179, 1062",idx_R,200,200.0
8,201.0,0.02499515190720558,0,0.001,,0.4900294153097594,0.005,0.49639937817975044,0,,"21, 201",LO3,Area_Lateral_Occipital_3,MT + _Complex,5.0,159.0,"438, 915",idx_R,201,201.0
8,202.0,-1.3858098983764648,0,0.001,,0.0829024795451227,0.005,0.25704140572272344,0,,"22, 202",MST,Medial_Superior_Temporal_Area,MT + _Complex,5.0,2.0,"794, 1036",idx_R,202,202.0
8,203.0,-2.724587917327881,0,0.001,,0.0032190893417340734,0.005,0.036214755094508326,0,,"23, 203",MT,Middle_Temporal_Area,MT + _Complex,5.0,23.0,"620, 1005",idx_R,203,203.0
8,204.0,-0.026077503338456154,0,0.001,,0.48959776034756053,0.005,0.49639937817975044,0,,"24, 204",PH,Area_PH,MT + _Complex,5.0,138.0,"3453, 3205",idx_R,204,204.0
8,205.0,1.2116410732269287,0,0.001,,0.11282490242018517,0.005,0.29647419614063253,0,,"25, 205",V3CD,Area_V3CD,MT + _Complex,5.0,158.0,"876, 1222",idx_R,205,205.0
8,206.0,-0.9938246607780457,0,0.001,,0.16015411896213239,0.005,0.3420653074156538,0,,"26, 206",V4t,Area_V4t,MT + _Complex,5.0,156.0,"1037, 1249",idx_R,206,206.0
8,207.0,-0.5878207683563232,0,0.001,,0.27832630121134966,0.005,0.43844518966977536,0,,"27, 207",1,Area_1,SomaSens_Motor,6.0,51.0,"6590, 5925",idx_R,207,207.0
8,208.0,-1.8945902585983276,0,0.001,,0.029073353180641505,0.005,0.14542719257117398,0,,"28, 208",2,Area_2,SomaSens_Motor,6.0,52.0,"4278, 4727",idx_R,208,208.0
8,209.0,-1.4905784130096436,0,0.001,,0.06803610767965149,0.005,0.23328396706009263,0,,"29, 209",3a,Area_3a,SomaSens_Motor,6.0,53.0,"2247, 2286",idx_R,209,209.0
8,210.0,-0.6171655058860779,0,0.001,,0.2685627825798374,0.005,0.43844518966977536,0,,"30, 210",3b,Primary_Sensory_Cortex,SomaSens_Motor,6.0,9.0,"5451, 4350",idx_R,210,210.0
8,211.0,-1.189906120300293,0,0.001,,0.11704164633908742,0.005,0.30300906351611523,0,,"31, 211",4,Primary_Motor_Cortex,SomaSens_Motor,6.0,8.0,"10,776, 10,254",idx_R,211,211.0
8,212.0,-1.629960536956787,0,0.001,,0.051554918874632615,0.005,0.2158112883124156,0,,"32, 212",23c,Area_23c,ParaCentral_MidCing,7.0,38.0,"2259, 2498",idx_R,212,212.0
8,213.0,-0.3501377999782562,0,0.001,,0.3631176419598194,0.005,0.4636288273910382,0,,"33, 213",24dd,Dorsal_Area_24d,ParaCentral_MidCing,7.0,40.0,"2665, 2820",idx_R,213,213.0
8,214.0,0.17612892389297485,0,0.001,,0.4300963290663284,0.005,0.47936432960953007,0,,"34, 214",24dv,Ventral_Area_24d,ParaCentral_MidCing,7.0,41.0,"1076, 1349",idx_R,214,214.0
8,215.0,1.413020372390747,0,0.001,,0.07882486705353697,0.005,0.25112347025905585,0,,"35, 215",5L,Area_5L,ParaCentral_MidCing,7.0,39.0,"2249, 2327",idx_R,215,215.0
8,216.0,-1.706828236579895,0,0.001,,0.04392699124254393,0.005,0.19523107218908414,0,,"36, 216",5 m,Area_5m,ParaCentral_MidCing,7.0,36.0,"1483, 2079",idx_R,216,216.0
8,217.0,-1.588149905204773,0,0.001,,0.056126222854078395,0.005,0.21758277472616733,0,,"37, 217",5mv,Area_5m_ventral,ParaCentral_MidCing,7.0,37.0,"1651, 1996",idx_R,217,217.0
8,218.0,-3.7792627811431885,1,0.001,-,7.86466805232432e-05,0.005,0.00205060604654412,1,-,"38, 218",6ma,Area_6m_anterior,ParaCentral_MidCing,7.0,44.0,"3941, 4251",idx_R,218,218.0
8,219.0,-0.25472694635391235,0,0.001,,0.3994670012125308,0.005,0.4699611778970951,0,,"39, 219",6mp,Area_6mp,ParaCentral_MidCing,7.0,55.0,"3701, 3105",idx_R,219,219.0
8,220.0,0.019498804584145546,0,0.001,,0.49222159533317994,0.005,0.49639937817975044,0,,"40, 220",SCEF,Supplementary_and_Cingulate_Eye_Field,ParaCentral_MidCing,7.0,43.0,"3500, 3371",idx_R,220,220.0
8,221.0,-1.1115695238113403,0,0.001,,0.1331616410673646,0.005,0.3217328240553776,0,,"41, 221",55b,Area_55b,Premotor,8.0,12.0,"2422, 1537",idx_R,221,221.0
8,222.0,-1.0739418268203735,0,0.001,,0.14142437761427845,0.005,0.3295010872732505,0,,"42, 222",6a,Area_6_anterior,Premotor,8.0,96.0,"4233, 3752",idx_R,222,222.0
8,223.0,-1.377023696899414,0,0.001,,0.08425246076467047,0.005,0.25704140572272344,0,,"43, 223",6d,Dorsal_area_6,Premotor,8.0,54.0,"2916, 2909",idx_R,223,223.0
8,224.0,0.9395782947540283,0,0.001,,0.17371695706508827,0.005,0.3543947103249578,0,,"44, 224",6r,Rostral_Area_6,Premotor,8.0,78.0,"3029, 3981",idx_R,224,224.0
8,225.0,-1.5768269300460815,0,0.001,,0.05741767666384971,0.005,0.21758277472616733,0,,"45, 225",6v,Ventral_Area_6,Premotor,8.0,56.0,"2075, 2516",idx_R,225,225.0
8,226.0,-0.8078146576881409,0,0.001,,0.2095986429283363,0.005,0.3909611992445651,0,,"46, 226",FEF,Frontal_Eye_Fields,Premotor,8.0,10.0,"1787, 1889",idx_R,226,226.0
8,227.0,-1.6750396490097046,0,0.001,,0.04696322632639795,0.005,0.2012709699702769,0,,"47, 227",PEF,Premotor_Eye_Field,Premotor,8.0,11.0,"1006, 1258",idx_R,227,227.0
8,228.0,0.04287854582071304,0,0.001,,0.4828991754867594,0.005,0.49639937817975044,0,,"48, 228",43,Area_43,Posterior_Opercular,9.0,99.0,"1889, 1678",idx_R,228,228.0
8,229.0,0.6180936694145203,0,0.001,,0.2682567975361013,0.005,0.43844518966977536,0,,"49, 229",FOP1,Frontal_Opercular_Area_1,Posterior_Opercular,9.0,113.0,"879, 932",idx_R,229,229.0
8,230.0,0.3858881890773773,0,0.001,,0.3497897390982906,0.005,0.4636288273910382,0,,"50, 230",OP1,Area_OP1-SII,Posterior_Opercular,9.0,101.0,"1275, 1072",idx_R,230,230.0
8,231.0,0.4937179982662201,0,0.001,,0.3107526762142244,0.005,0.4562269427295604,0,,"51, 231",OP2-3,Area_OP2-3-VS,Posterior_Opercular,9.0,102.0,"943, 792",idx_R,231,231.0
8,232.0,0.45032602548599243,0,0.001,,0.32623768793373525,0.005,0.4623841246304909,0,,"52, 232",OP4,Area_OP4-PV,Posterior_Opercular,9.0,100.0,"2332, 2409",idx_R,232,232.0
8,233.0,-0.19474801421165466,0,0.001,,0.42279511078803,0.005,0.47564449963653377,0,,"53, 233",52,Area_52,Early_Auditory,10.0,103.0,"725, 580",idx_R,233,233.0
8,234.0,0.2237238585948944,0,0.001,,0.411486089994817,0.005,0.4732747360962752,0,,"54, 234",A1,Primary_Auditory_Cortex,Early_Auditory,10.0,24.0,"1023, 796",idx_R,234,234.0
8,235.0,2.380573272705078,0,0.001,,0.008642861468292119,0.005,0.07235884019965495,0,,"55, 235",LBelt,Lateral_Belt_Complex,Early_Auditory,10.0,174.0,"820, 901",idx_R,235,235.0
8,236.0,0.5028969645500183,0,0.001,,0.3075183576921661,0.005,0.45371560970975333,0,,"56, 236",MBelt,Medial_Belt_Complex,Early_Auditory,10.0,173.0,"1242, 1236",idx_R,236,236.0
8,237.0,0.16645734012126923,0,0.001,,0.4338985262017374,0.005,0.4806260597926938,0,,"57, 237",PBelt,ParaBelt_Complex,Early_Auditory,10.0,124.0,"1719, 1439",idx_R,237,237.0
8,238.0,0.3056959807872772,0,0.001,,0.3799180668898785,0.005,0.4636288273910382,0,,"58, 238",PFcm,Area_PFcm,Early_Auditory,10.0,105.0,"1486, 1485",idx_R,238,238.0
8,239.0,1.289803385734558,0,0.001,,0.09855946605674643,0.005,0.2708504410719749,0,,"59, 239",RI,RetroInsular_Cortex,Early_Auditory,10.0,104.0,"1149, 1334",idx_R,239,239.0
8,240.0,-0.1884823441505432,0,0.001,,0.4252492774008122,0.005,0.47691507745885475,0,,"60, 240",A4,Auditory_4_Complex,Auditory_Association,11.0,175.0,"3514, 3610",idx_R,240,240.0
8,241.0,0.08191855251789093,0,0.001,,0.4673557406234254,0.005,0.49484725477774455,0,,"61, 241",A5,Auditory_5_Complex,Auditory_Association,11.0,125.0,"3346, 3881",idx_R,241,241.0
8,242.0,-0.0675254762172699,0,0.001,,0.4730816906095044,0.005,0.49639937817975044,0,,"62, 242",STGa,Area_STGa,Auditory_Association,11.0,123.0,"2509, 2187",idx_R,242,242.0
8,243.0,-0.9337032437324524,0,0.001,,0.17522849566067356,0.005,0.3543947103249578,0,,"63, 243",STSda,Area_STSd_anterior,Auditory_Association,11.0,128.0,"1944, 2389",idx_R,243,243.0
8,244.0,-0.4112572968006134,0,0.001,,0.3404419393230216,0.005,0.4636288273910382,0,,"64, 244",STSdp,Area_STSd_posterior,Auditory_Association,11.0,129.0,"1994, 2605",idx_R,244,244.0
8,245.0,-2.0559864044189453,0,0.001,,0.019891913344896872,0.005,0.12346704834763576,0,,"65, 245",STSva,Area_STSv_anterior,Auditory_Association,11.0,176.0,"1694, 1900",idx_R,245,245.0
8,246.0,-1.6076701879501343,0,0.001,,0.05395371556144825,0.005,0.21758277472616733,0,,"66, 246",STSvp,Area_STSv_posterior,Auditory_Association,11.0,130.0,"2898, 2515",idx_R,246,246.0
8,247.0,1.6541721820831299,0,0.001,,0.049046266627172264,0.005,0.20772536453861196,0,,"67, 247",TA2,Area_TA2,Auditory_Association,11.0,107.0,"1518, 1726",idx_R,247,247.0
8,248.0,0.9881857633590698,0,0.001,,0.16153083961294762,0.005,0.3420653074156538,0,,"68, 248",AAIC,Anterior_Agranular_Insula_Complex,Insula_FrontalOperc,12.0,112.0,"1859, 1691",idx_R,248,248.0
8,249.0,-0.33926621079444885,0,0.001,,0.3672045973135567,0.005,0.4636288273910382,0,,"69, 249",AVI,Anterior_Ventral_Insular_Area,Insula_FrontalOperc,12.0,111.0,"1446, 1792",idx_R,249,249.0
8,250.0,-0.4569567143917084,0,0.001,,0.32385107907274213,0.005,0.4623841246304909,0,,"70, 250",FOP2,Frontal_Opercular_Area_2,Insula_FrontalOperc,12.0,115.0,"750, 720",idx_R,250,250.0
8,251.0,0.8239008188247681,0,0.001,,0.20499795757310108,0.005,0.38841718277008624,0,,"71, 251",FOP3,Frontal_Opercular_Area_3,Insula_FrontalOperc,12.0,114.0,"754, 614",idx_R,251,251.0
8,252.0,0.3090522289276123,0,0.001,,0.37864089860881456,0.005,0.4636288273910382,0,,"72, 252",FOP4,Frontal_Opercular_Area_4,Insula_FrontalOperc,12.0,108.0,"2522, 1678",idx_R,252,252.0
8,253.0,0.015870513394474983,0,0.001,,0.49366884697100627,0.005,0.49639937817975044,0,,"73, 253",FOP5,Area_Frontal_Opercular_5,Insula_FrontalOperc,12.0,169.0,"1297, 1365",idx_R,253,253.0
8,254.0,-0.6968179941177368,0,0.001,,0.24295835178585662,0.005,0.43086210168920386,0,,"74, 254",Ig,Insular_Granular_Complex,Insula_FrontalOperc,12.0,168.0,"841, 1077",idx_R,254,254.0
8,255.0,0.6270669102668762,0,0.001,,0.2653076881745044,0.005,0.43844518966977536,0,,"75, 255",MI,Middle_Insular_Area,Insula_FrontalOperc,12.0,109.0,"2102, 1960",idx_R,255,255.0
8,256.0,-0.07702255249023438,0,0.001,,0.46930280198298885,0.005,0.4954516384571143,0,,"76, 256",PI,Para-Insular_Area,Insula_FrontalOperc,12.0,178.0,"1033, 1058",idx_R,256,256.0
8,257.0,-0.41773921251296997,0,0.001,,0.3380688996005169,0.005,0.4636288273910382,0,,"77, 257",Pir,Pirform_Cortex,Insula_FrontalOperc,12.0,110.0,"2287, 1856",idx_R,257,257.0
8,258.0,-0.3266468048095703,0,0.001,,0.37196751926679905,0.005,0.4636288273910382,0,,"78, 258",PoI1,Area_Posterior_Insular_1,Insula_FrontalOperc,12.0,167.0,"1811, 1835",idx_R,258,258.0
8,259.0,-0.5928364992141724,0,0.001,,0.27664528923138737,0.005,0.43844518966977536,0,,"79, 259",PoI2,Posterior_Insular_Area_2,Insula_FrontalOperc,12.0,106.0,"2747, 2675",idx_R,259,259.0
8,260.0,0.02411140874028206,0,0.001,,0.49038187155506513,0.005,0.49639937817975044,0,,"80, 260",H,Hippocampus,Medial_Temporal,13.0,120.0,"4283, 3626",idx_R,260,260.0
8,261.0,2.408843755722046,0,0.001,,0.008001573743810959,0.005,0.06858491780409393,0,,"81, 261",PreS,PreSubiculum,Medial_Temporal,13.0,119.0,"1817, 1558",idx_R,261,261.0
8,262.0,0.19835565984249115,0,0.001,,0.4213834032199121,0.005,0.47564449963653377,0,,"82, 262",EC,Entorhinal_Cortex,Medial_Temporal,13.0,118.0,"2127, 2110",idx_R,262,262.0
8,263.0,-0.33024343848228455,0,0.001,,0.3706080135310954,0.005,0.4636288273910382,0,,"83, 263",PeEc,Perirhinal_Ectorhinal_Cortex,Medial_Temporal,13.0,122.0,"4826, 4755",idx_R,263,263.0
8,264.0,-1.2757701873779297,0,0.001,,0.10101838457721618,0.005,0.2734332214120137,0,,"84, 264",TF,Area_TF,Medial_Temporal,13.0,135.0,"3986, 4752",idx_R,264,264.0
8,265.0,0.4809631407260895,0,0.001,,0.31527134785278754,0.005,0.4567760222041264,0,,"85, 265",PHA1,ParaHippocampal_Area_1,Medial_Temporal,13.0,126.0,"1281, 1168",idx_R,265,265.0
8,266.0,0.29320064187049866,0,0.001,,0.3846843967487734,0.005,0.46397566798217477,0,,"86, 266",PHA2,ParaHippocampal_Area_2,Medial_Temporal,13.0,155.0,"783, 771",idx_R,266,266.0
8,267.0,-1.429685354232788,0,0.001,,0.07640367279509115,0.005,0.247795695551647,0,,"87, 267",PHA3,ParaHippocampal_Area_3,Medial_Temporal,13.0,127.0,"2023, 1122",idx_R,267,267.0
8,268.0,-3.1292810440063477,1,0.001,-,0.0008761730807139564,0.005,0.015771115452851217,0,,"88, 268",PHT,Area_PHT,Lateral_Temporal,14.0,137.0,"4182, 3410",idx_R,268,268.0
8,269.0,-0.3317543864250183,0,0.001,,0.3700373648495489,0.005,0.4636288273910382,0,,"89, 269",TE1a,Area_TE1_anterior,Lateral_Temporal,14.0,132.0,"5227, 4180",idx_R,269,269.0
8,270.0,-0.2392163872718811,0,0.001,,0.40546889814801446,0.005,0.4721566029880085,0,,"90, 270",TE1m,Area_TE1_Middle,Lateral_Temporal,14.0,177.0,"3339, 3429",idx_R,270,270.0
8,271.0,-0.044135626405477524,0,0.001,,0.48239814733875774,0.005,0.49639937817975044,0,,"91, 271",TE1p,Area_TE1_posterior,Lateral_Temporal,14.0,133.0,"7116, 6010",idx_R,271,271.0
8,272.0,0.13053889572620392,0,0.001,,0.4480700415302358,0.005,0.4873269333863592,0,,"92, 272",TE2a,Area_TE2_anterior,Lateral_Temporal,14.0,134.0,"5691, 5753",idx_R,272,272.0
8,273.0,-0.6491795778274536,0,0.001,,0.2581111551255224,0.005,0.438301961533906,0,,"93, 273",TE2p,Area_TE2_posterior,Lateral_Temporal,14.0,136.0,"4115, 3040",idx_R,273,273.0
8,274.0,-1.3235552310943604,0,0.001,,0.09282540092083957,0.005,0.26289587772506195,0,,"94, 274",TGd,Area_TG_dorsal,Lateral_Temporal,14.0,131.0,"10,192, 10,269",idx_R,274,274.0
8,275.0,-0.48730140924453735,0,0.001,,0.3130223745950039,0.005,0.4562269427295604,0,,"95, 275",TGv,Area_TG_Ventral,Lateral_Temporal,14.0,172.0,"3694, 4515",idx_R,275,275.0
8,276.0,-4.386840343475342,1,0.001,-,5.750457259018991e-06,0.005,0.00023001829036075963,1,-,"96, 276",PSL,PeriSylvian_Language_Area,TPO,15.0,25.0,"2154, 2759",idx_R,276,276.0
8,277.0,-7.807525634765625,1,0.001,-,2.9160808367008998e-15,0.005,1.0497891012123239e-12,1,-,"97, 277",STV,Superior_Temporal_Visual_Area,TPO,15.0,28.0,"2322, 2294",idx_R,277,277.0
8,278.0,-2.853616952896118,0,0.001,,0.002161230720690435,0.005,0.028243125714216284,0,,"98, 278",TPOJ1,Area_TemporoParietoOccipital_Junction_1,TPO,15.0,139.0,"2102, 3938",idx_R,278,278.0
8,279.0,-3.717376708984375,1,0.001,-,0.00010065108514737423,0.005,0.0024156260435369815,1,-,"99, 279",TPOJ2,Area_TemporoParietoOccipital_Junction_2,TPO,15.0,140.0,"1930, 2068",idx_R,279,279.0
8,280.0,-4.762015342712402,1,0.001,-,9.583455303467022e-07,0.005,6.900087818496256e-05,1,-,"100, 280",TPOJ3,Area_TemporoParietoOccipital_Junction_3,TPO,15.0,141.0,"1290, 1277",idx_R,280,280.0
8,281.0,1.3196611404418945,0,0.001,,0.09347408985779981,0.005,0.26289587772506195,0,,"101, 281",7AL,Lateral_Area_7A,Superior_Parietal,16.0,42.0,"2134, 2030",idx_R,281,281.0
8,282.0,-1.5127036571502686,0,0.001,,0.06517747510785066,0.005,0.227804767367245,0,,"102, 282",7Am,Medial_Area_7A,Superior_Parietal,16.0,45.0,"2995, 2379",idx_R,282,282.0
8,283.0,0.9173107147216797,0,0.001,,0.1794899221435733,0.005,0.3589798442871466,0,,"103, 283",7PC,Area_7PC,Superior_Parietal,16.0,47.0,"3151, 3415",idx_R,283,283.0
8,284.0,-0.2267339676618576,0,0.001,,0.4103153062525488,0.005,0.4732747360962752,0,,"104, 284",7Pl,Lateral_Area_7P,Superior_Parietal,16.0,46.0,"1695, 1363",idx_R,284,284.0
8,285.0,-1.3447750806808472,0,0.001,,0.08934893995115983,0.005,0.26115694687694896,0,,"105, 285",7Pm,Medial_Area_7P,Superior_Parietal,16.0,29.0,"1601, 1308",idx_R,285,285.0
8,286.0,-0.6780154705047607,0,0.001,,0.24888094212588324,0.005,0.4353127503662862,0,,"106, 286",AIP,Anterior_IntraParietal_Area,Superior_Parietal,16.0,117.0,"1999, 2542",idx_R,286,286.0
8,287.0,-1.5862627029418945,0,0.001,,0.05633986459270624,0.005,0.21758277472616733,0,,"107, 287",LIPd,Area_Lateral_IntraParietal_dorsal,Superior_Parietal,16.0,95.0,"1008, 869",idx_R,287,287.0
8,288.0,0.4233691096305847,0,0.001,,0.3360129894479027,0.005,0.4636288273910382,0,,"108, 288",LIPv,Area_Lateral_IntraParietal_ventral,Superior_Parietal,16.0,48.0,"1681, 1783",idx_R,288,288.0
8,289.0,0.1043323501944542,0,0.001,,0.45845280312610825,0.005,0.49258593103075626,0,,"109, 289",MIP,Medial_IntraParietal_Area,Superior_Parietal,16.0,50.0,"1872, 2403",idx_R,289,289.0
8,290.0,1.4205291271209717,0,0.001,,0.07772684752946729,0.005,0.24983629563043058,0,,"110, 290",VIP,Ventral_IntraParietal_Complex,Superior_Parietal,16.0,49.0,"1890, 1577",idx_R,290,290.0
8,291.0,0.9889010190963745,0,0.001,,0.16135578594490535,0.005,0.3420653074156538,0,,"111, 291",IP0,Area_IntraParietal_0,Inferior_Parietal,17.0,146.0,"1203, 1239",idx_R,291,291.0
8,292.0,2.998828411102295,0,0.001,,0.0013550994704041247,0.005,0.020326492056061872,0,,"112, 292",IP1,Area_IntraParietal_1,Inferior_Parietal,17.0,145.0,"1692, 1632",idx_R,292,292.0
8,293.0,1.3410379886627197,0,0.001,,0.08995405947983798,0.005,0.26115694687694896,0,,"113, 293",IP2,Area_IntraParietal_2,Inferior_Parietal,17.0,144.0,"2102, 1861",idx_R,293,293.0
8,294.0,-0.6011415719985962,0,0.001,,0.2738728482031637,0.005,0.43844518966977536,0,,"114, 294",PF,Area_PF_Complex,Inferior_Parietal,17.0,148.0,"5457, 5251",idx_R,294,294.0
8,295.0,-0.5666171312332153,0,0.001,,0.2854871666618152,0.005,0.43921102563356185,0,,"115, 295",PFm,Area_PFm_Complex,Inferior_Parietal,17.0,149.0,"8220, 8141",idx_R,295,295.0
8,296.0,1.4663621187210083,0,0.001,,0.07127483031100434,0.005,0.23540310928405106,0,,"116, 296",PFop,Area_PF_Opercular,Inferior_Parietal,17.0,147.0,"1797, 1783",idx_R,296,296.0
8,297.0,-0.23954476416110992,0,0.001,,0.4053415949109588,0.005,0.4721566029880085,0,,"117, 297",PFt,Area_PFt,Inferior_Parietal,17.0,116.0,"1983, 2039",idx_R,297,297.0
8,298.0,-2.588595390319824,0,0.001,,0.004818412593877116,0.005,0.04818412593877116,0,,"118, 298",PGi,Area_PGi,Inferior_Parietal,17.0,150.0,"4791, 4970",idx_R,298,298.0
8,299.0,-2.100931406021118,0,0.001,,0.017823494020847153,0.005,0.115039518741765,0,,"119, 299",PGp,Area_PGp,Inferior_Parietal,17.0,143.0,"2501, 3740",idx_R,299,299.0
8,300.0,-0.34531277418136597,0,0.001,,0.364929622118661,0.005,0.4636288273910382,0,,"120, 300",PGs,Area_PGs,Inferior_Parietal,17.0,151.0,"4552, 3366",idx_R,300,300.0
8,301.0,0.33508631587028503,0,0.001,,0.3687799875547312,0.005,0.4636288273910382,0,,"121, 301",23d,Area_23d,Posterior_Cingulate,18.0,32.0,"1261, 1513",idx_R,301,301.0
8,302.0,1.5704095363616943,0,0.001,,0.058159932646795996,0.005,0.218099747425485,0,,"122, 302",31a,Area_31a,Posterior_Cingulate,18.0,162.0,"1260, 1116",idx_R,302,302.0
8,303.0,1.5562868118286133,0,0.001,,0.05981995302734966,0.005,0.22201219680253484,0,,"123, 303",31pd,Area_31pd,Posterior_Cingulate,18.0,161.0,"1428, 864",idx_R,303,303.0
8,304.0,1.4810140132904053,0,0.001,,0.06930141966302616,0.005,0.23328396706009263,0,,"124, 304",31pv,Area_31p_ventral,Posterior_Cingulate,18.0,35.0,"950, 1022",idx_R,304,304.0
8,305.0,2.5529403686523438,0,0.001,,0.005340889121921135,0.005,0.05059789694451602,0,,"125, 305",7 m,Area_7m,Posterior_Cingulate,18.0,30.0,"2128, 2067",idx_R,305,305.0
8,306.0,4.251591205596924,1,0.001,+,1.0612851811054163e-05,0.005,0.00038206266519794985,1,+,"126, 306",d23ab,Area_dorsal_23_a + b,Posterior_Cingulate,18.0,34.0,"1607, 1106",idx_R,306,306.0
8,307.0,2.0037119388580322,0,0.001,,0.022550463315767114,0.005,0.13155959087083843,0,,"127, 307",DVT,Dorsal_Transitional_Visual_Area,Posterior_Cingulate,18.0,142.0,"1806, 2176",idx_R,307,307.0
8,308.0,-3.165469169616699,1,0.001,-,0.0007741653462469779,0.005,0.014668396034153264,0,,"128, 308",PCV,PreCuneus_Visual_Area,Posterior_Cingulate,18.0,27.0,"2245, 2416",idx_R,308,308.0
8,309.0,0.4074513614177704,0,0.001,,0.3418382552284497,0.005,0.4636288273910382,0,,"129, 309",POS1,Parieto-Occipital_Sulcus_Area_1,Posterior_Cingulate,18.0,31.0,"2531, 2727",idx_R,309,309.0
8,310.0,5.75698709487915,1,0.001,+,4.281422706612117e-09,0.005,5.13770724793454e-07,1,+,"130, 310",POS2,Parieto-Occipital_Sulcus_Area_2,Posterior_Cingulate,18.0,15.0,"3261, 3093",idx_R,310,310.0
8,311.0,1.929822564125061,0,0.001,,0.02681441334209238,0.005,0.14195865886990083,0,,"131, 311",ProS,ProStriate_Area,Posterior_Cingulate,18.0,121.0,"1222, 1055",idx_R,311,311.0
8,312.0,3.227810859680176,1,0.001,+,0.0006237071162139539,0.005,0.012474142324279076,0,,"132, 312",RSC,RetroSplenial_Complex,Posterior_Cingulate,18.0,14.0,"2830, 3067",idx_R,312,312.0
8,313.0,4.500312328338623,1,0.001,+,3.392684456058338e-06,0.005,0.00015267080052262523,1,+,"133, 313",v23ab,Area_ventral_23_a + b,Posterior_Cingulate,18.0,33.0,"916, 1089",idx_R,313,313.0
8,314.0,3.0517237186431885,0,0.001,,0.0011376571084668501,0.005,0.018616207229457546,0,,"134, 314",10r,Area_10r,AntCing_MedPFC,19.0,65.0,"1589, 1053",idx_R,314,314.0
8,315.0,2.7136592864990234,0,0.001,,0.003327228403612728,0.005,0.03629703713032067,0,,"135, 315",10v,Area_10v,AntCing_MedPFC,19.0,88.0,"3906, 2667",idx_R,315,315.0
8,316.0,1.1973580121994019,0,0.001,,0.1155835209346876,0.005,0.301522228525272,0,,"136, 316",25,Area_25,AntCing_MedPFC,19.0,164.0,"1911, 2135",idx_R,316,316.0
8,317.0,-1.129098892211914,0,0.001,,0.12942805929637896,0.005,0.31913768045682483,0,,"137, 317",33pr,Area_33_prime,AntCing_MedPFC,19.0,58.0,"1354, 1316",idx_R,317,317.0
8,318.0,-2.031114101409912,0,0.001,,0.02112171065580964,0.005,0.12887823451002492,0,,"138, 318",8BM,Area_8BM,AntCing_MedPFC,19.0,63.0,"3122, 3436",idx_R,318,318.0
8,319.0,1.6233108043670654,0,0.001,,0.05226149052829787,0.005,0.21610280484291397,0,,"139, 319",9 m,Area_9_Middle,AntCing_MedPFC,19.0,69.0,"6338, 5881",idx_R,319,319.0
8,320.0,0.7079574465751648,0,0.001,,0.23948584178848337,0.005,0.42680645071214857,0,,"140, 320",a24,Area_a24,AntCing_MedPFC,19.0,61.0,"2085, 2152",idx_R,320,320.0
8,321.0,0.29143959283828735,0,0.001,,0.3853575686851951,0.005,0.46397566798217477,0,,"141, 321",a24pr,Anterior_24_prime,AntCing_MedPFC,19.0,59.0,"1095, 1474",idx_R,321,321.0
8,322.0,0.9591279625892639,0,0.001,,0.16874714259840257,0.005,0.3511501233261556,0,,"142, 322",a32pr,Area_anterior_32_prime,AntCing_MedPFC,19.0,179.0,"1759, 1118",idx_R,322,322.0
8,323.0,0.580003023147583,0,0.001,,0.28095628955472585,0.005,0.43844518966977536,0,,"143, 323",d32,Area_dorsal_32,AntCing_MedPFC,19.0,62.0,"2228, 2374",idx_R,323,323.0
8,324.0,1.3424270153045654,0,0.001,,0.0897287900839947,0.005,0.26115694687694896,0,,"144, 324",p24,Area_posterior_24,AntCing_MedPFC,19.0,180.0,"2394, 2442",idx_R,324,324.0
8,325.0,-0.09035256505012512,0,0.001,,0.46400352502822195,0.005,0.4931322723044443,0,,"145, 325",p24pr,Area_Posterior_24_prime,AntCing_MedPFC,19.0,57.0,"1422, 1724",idx_R,325,325.0
8,326.0,1.5352365970611572,0,0.001,,0.062362860898353856,0.005,0.2245062992340739,0,,"146, 326",p32,Area_p32,AntCing_MedPFC,19.0,64.0,"1180, 1765",idx_R,326,326.0
8,327.0,0.16949956119060516,0,0.001,,0.432701858743075,0.005,0.4806260597926938,0,,"147, 327",p32pr,Area_p32_prime,AntCing_MedPFC,19.0,60.0,"1569, 1305",idx_R,327,327.0
8,328.0,-0.4185291826725006,0,0.001,,0.3377801272931672,0.005,0.4636288273910382,0,,"148, 328",pOFC,Posterior_OFC_Complex,AntCing_MedPFC,19.0,166.0,"2486, 2836",idx_R,328,328.0
8,329.0,2.617365837097168,0,0.001,,0.004430565726480361,0.005,0.046911872398027354,0,,"149, 329",s32,Area_s32,AntCing_MedPFC,19.0,165.0,"604, 1015",idx_R,329,329.0
8,330.0,4.222404956817627,1,0.001,+,1.2085466660081399e-05,0.005,0.0003955243634208458,1,+,"150, 330",10d,Area_10d,OrbPolaFrontal,20.0,72.0,"3644, 3096",idx_R,330,330.0
8,331.0,0.8492862582206726,0,0.001,,0.19786101273083162,0.005,0.38179705580273837,0,,"151, 331",10 pp,Polar_10p,OrbPolaFrontal,20.0,90.0,"1997, 2487",idx_R,331,331.0
8,332.0,0.041360434144735336,0,0.001,,0.4835042773835566,0.005,0.49639937817975044,0,,"152, 332",11 l,Area_11l,OrbPolaFrontal,20.0,91.0,"3531, 3793",idx_R,332,332.0
8,333.0,1.4559963941574097,0,0.001,,0.07269680820694109,0.005,0.23791682685907994,0,,"153, 333",13 l,Area_13l,OrbPolaFrontal,20.0,92.0,"2429, 1757",idx_R,333,333.0
8,334.0,1.1160979270935059,0,0.001,,0.13219010968779843,0.005,0.3217328240553776,0,,"154, 334",47 m,Area_47m,OrbPolaFrontal,20.0,66.0,"799, 781",idx_R,334,334.0
8,335.0,-0.15778756141662598,0,0.001,,0.4373121002107867,0.005,0.48091127260539507,0,,"155, 335",47 s,Area_47s,OrbPolaFrontal,20.0,94.0,"2795, 3080",idx_R,335,335.0
8,336.0,-0.010728062130510807,0,0.001,,0.49572020452407295,0.005,0.49639937817975044,0,,"156, 336",a10p,Area_anterior_10p,OrbPolaFrontal,20.0,89.0,"1964, 1748",idx_R,336,336.0
8,337.0,0.025792377069592476,0,0.001,,0.48971147102254603,0.005,0.49639937817975044,0,,"157, 337",OFC,Orbital_Frontal_Complex,OrbPolaFrontal,20.0,93.0,"4560, 5232",idx_R,337,337.0
8,338.0,0.6100826859474182,0,0.001,,0.2709035176740684,0.005,0.43844518966977536,0,,"158, 338",p10p,Area_posterior_10p,OrbPolaFrontal,20.0,170.0,"2116, 2365",idx_R,338,338.0
8,339.0,-0.018276652321219444,0,0.001,,0.49270907655230334,0.005,0.49639937817975044,0,,"159, 339",44,Area_44,Inferior_Frontal,21.0,74.0,"2435, 2589",idx_R,339,339.0
8,340.0,-1.1578267812728882,0,0.001,,0.12346736596170382,0.005,0.31082693528820543,0,,"160, 340",45,Area_45,Inferior_Frontal,21.0,75.0,"3762, 2962",idx_R,340,340.0
8,341.0,-1.540964961051941,0,0.001,,0.06166265699484198,0.005,0.2242278436176072,0,,"161, 341",47 l,Area_47l_(47_lateral),Inferior_Frontal,21.0,76.0,"2527, 2592",idx_R,341,341.0
8,342.0,0.2506420612335205,0,0.001,,0.40104542965016327,0.005,0.4702812855832534,0,,"162, 342",a47r,Area_anterior_47r,Inferior_Frontal,21.0,77.0,"4167, 3763",idx_R,342,342.0
8,343.0,0.018194373697042465,0,0.001,,0.49274189551708814,0.005,0.49639937817975044,0,,"163, 343",IFJa,Area_IFJa,Inferior_Frontal,21.0,79.0,"1513, 1405",idx_R,343,343.0
8,344.0,-1.6033275127410889,0,0.001,,0.05443118266862049,0.005,0.21758277472616733,0,,"164, 344",IFJp,Area_IFJp,Inferior_Frontal,21.0,80.0,"960, 740",idx_R,344,344.0
8,345.0,1.0582178831100464,0,0.001,,0.14497806005211766,0.005,0.3345647539664253,0,,"165, 345",IFSa,Area_IFSa,Inferior_Frontal,21.0,82.0,"2057, 2641",idx_R,345,345.0
8,346.0,1.7274515628814697,0,0.001,,0.04204329852840861,0.005,0.18919484337783873,0,,"166, 346",IFSp,Area_IFSp,Inferior_Frontal,21.0,81.0,"1589, 1730",idx_R,346,346.0
8,347.0,-0.11194237321615219,0,0.001,,0.455434549379472,0.005,0.4908875382533231,0,,"167, 347",p47r,Area_posterior_47r,Inferior_Frontal,21.0,171.0,"2133, 1761",idx_R,347,347.0
8,348.0,-1.9951719045639038,0,0.001,,0.02301206708457083,0.005,0.13155959087083843,0,,"168, 348",46,Area_46,Dorsolateral_Prefrontal,22.0,84.0,"4863, 4394",idx_R,348,348.0
8,349.0,-0.7268781065940857,0,0.001,,0.2336503150005117,0.005,0.42057056700092105,0,,"169, 349",8Ad,Area_8Ad,Dorsolateral_Prefrontal,22.0,68.0,"3386, 3492",idx_R,349,349.0
8,350.0,-2.15008544921875,0,0.001,,0.015774228181355918,0.005,0.109015733749909,0,,"170, 350",8Av,Area_8Av,Dorsolateral_Prefrontal,22.0,67.0,"4807, 5902",idx_R,350,350.0
8,351.0,-0.6121934056282043,0,0.001,,0.2702049020169572,0.005,0.43844518966977536,0,,"171, 351",8BL,Area_8B_Lateral,Dorsolateral_Prefrontal,22.0,70.0,"3377, 4078",idx_R,351,351.0
8,352.0,-0.9888644218444824,0,0.001,,0.16136473985305771,0.005,0.3420653074156538,0,,"172, 352",8C,Area_8C,Dorsolateral_Prefrontal,22.0,73.0,"4085, 3134",idx_R,352,352.0
8,353.0,-3.3172824382781982,1,0.001,-,0.00045448838724023837,0.005,0.010225988712905363,0,,"173, 353",9-46d,Area_9-46d,Dorsolateral_Prefrontal,22.0,86.0,"4534, 4666",idx_R,353,353.0
8,354.0,-0.6692250967025757,0,0.001,,0.2516759496581924,0.005,0.43769730375337806,0,,"174, 354",9a,Area_9_anterior,Dorsolateral_Prefrontal,22.0,87.0,"3706, 3048",idx_R,354,354.0
8,355.0,-0.558314859867096,0,0.001,,0.28831469977843494,0.005,0.44167358263930456,0,,"175, 355",9p,Area_9_Posterior,Dorsolateral_Prefrontal,22.0,71.0,"3426, 2488",idx_R,355,355.0
8,356.0,-1.1130677461624146,0,0.001,,0.13283966742018555,0.005,0.3217328240553776,0,,"176, 356",a9-46v,Area_anterior_9-46v,Dorsolateral_Prefrontal,22.0,85.0,"3314, 2628",idx_R,356,356.0
8,357.0,-1.9949727058410645,0,0.001,,0.023022928402396725,0.005,0.13155959087083843,0,,"177, 357",i6-8,Inferior_6-8_Transitional_Area,Dorsolateral_Prefrontal,22.0,97.0,"1764, 2418",idx_R,357,357.0
8,358.0,-0.15797832608222961,0,0.001,,0.43723693875793623,0.005,0.48091127260539507,0,,"178, 358",p9-46v,Area_posterior_9-46v,Dorsolateral_Prefrontal,22.0,83.0,"2871, 4635",idx_R,358,358.0
8,359.0,-0.8982394933700562,0,0.001,,0.1845289412622662,0.005,0.3650023013978892,0,,"179, 359",s6-8,Superior_6-8_Transitional_Area,Dorsolateral_Prefrontal,22.0,98.0,"1336, 2132",idx_R,359,359.0
8,360.0,-0.8155662417411804,0,0.001,,0.20737413188425086,0.005,0.3908622381064414,0,,"180, 360",SFL,Superior_Frontal_Language_Area,Dorsolateral_Prefrontal,22.0,26.0,"3873, 3055",idx_R,360,360.0
