iFA,ROI_idx,ROI_value,significant,alpha,label,p_value,alpha_FDR,p_value_FDR,significant_FDR,label_FDR,Reordered,Region,RegionLongName,Cortical Division,Cortex,Original,Voxel numbers,LR,idx,#No.
1,1.0,-1.2182331085205078,0,0.001,,0.11156770068268196,0.005,0.2219026090926271,0,,"1, 181",V1,Primary_Visual_Cortex,Primary_Visual,1.0,1.0,"13,812, 13,406",idx_L,1,1.0
1,2.0,-0.013990304432809353,0,0.001,,0.49441885811152353,0.005,0.49492711349666024,0,,"2, 182",V2,Second_Visual_Area,Early_Visual,2.0,4.0,"9515, 9420",idx_L,2,2.0
1,3.0,-0.08898013830184937,0,0.001,,0.46454884741904934,0.005,0.47646035632723005,0,,"3, 183",V3,Third_Visual_Area,Early_Visual,2.0,5.0,"7106, 7481",idx_L,3,3.0
1,4.0,-1.204567790031433,0,0.001,,0.11418509871269028,0.005,0.22233048976953537,0,,"4, 184",V4,Fourth_Visual_Area,Early_Visual,2.0,6.0,"4782, 4537",idx_L,4,4.0
1,5.0,-1.7898458242416382,0,0.001,,0.03673935007313578,0.005,0.11208615276549898,0,,"5, 185",IPS1,IntraParietal_Sulcus_Area_1,Dorsal_Stream_Visual,3.0,17.0,"1751, 1750",idx_L,5,5.0
1,6.0,0.7863976359367371,0,0.001,,0.2158172840159442,0.005,0.30954248916200433,0,,"6, 186",V3A,Area_V3A,Dorsal_Stream_Visual,3.0,13.0,"2191, 2212",idx_L,6,6.0
1,7.0,-0.7712392807006836,0,0.001,,0.22028255759844817,0.005,0.31030567650809554,0,,"7, 187",V3B,Area_V3B,Dorsal_Stream_Visual,3.0,19.0,"639, 731",idx_L,7,7.0
1,8.0,1.8677022457122803,0,0.001,,0.030901792726641668,0.005,0.10206096680358717,0,,"8, 188",V6,Sixth_Visual_Area,Dorsal_Stream_Visual,3.0,3.0,"1402, 1559",idx_L,8,8.0
1,9.0,1.0084342956542969,0,0.001,,0.15662300777654486,0.005,0.25983540460624954,0,,"9, 189",V6A,Area_V6A,Dorsal_Stream_Visual,3.0,152.0,"904, 734",idx_L,9,9.0
1,10.0,-0.7975297570228577,0,0.001,,0.2125717139350637,0.005,0.30954248916200433,0,,"10, 190",V7,Seventh_Visual_Area,Dorsal_Stream_Visual,3.0,16.0,"1005, 1041",idx_L,10,10.0
1,11.0,-4.773730278015137,1,0.001,-,9.04222744556887e-07,0.005,2.712668233670661e-05,1,-,"11, 191",FFC,Fusiform_Face_Complex,Ventral_Stream_Visual,4.0,18.0,"3848, 4402",idx_L,11,11.0
1,12.0,0.8058008551597595,0,0.001,,0.2101788424509599,0.005,0.3088342174789615,0,,"12, 192",PIT,Posterior_InferoTemporal_complex,Ventral_Stream_Visual,4.0,22.0,"1392, 1386",idx_L,12,12.0
1,13.0,-0.8944282531738281,0,0.001,,0.18554640071599,0.005,0.2826720126307895,0,,"13, 193",V8,Eighth_Visual_Area,Ventral_Stream_Visual,4.0,7.0,"1361, 1175",idx_L,13,13.0
1,14.0,-0.25077980756759644,0,0.001,,0.40099217701369316,0.005,0.4456530221531024,0,,"14, 194",VMV1,VentroMedial_Visual_Area_1,Ventral_Stream_Visual,4.0,153.0,"939, 1219",idx_L,14,14.0
1,15.0,-1.128173828125,0,0.001,,0.12962325730614843,0.005,0.23687498797062656,0,,"15, 195",VMV2,VentroMedial_Visual_Area_2,Ventral_Stream_Visual,4.0,160.0,"639, 923",idx_L,15,15.0
1,16.0,-0.17091286182403564,0,0.001,,0.4321461415988857,0.005,0.4575665028694084,0,,"16, 196",VMV3,VentroMedial_Visual_Area_3,Ventral_Stream_Visual,4.0,154.0,"941, 1242",idx_L,16,16.0
1,17.0,-2.092916965484619,0,0.001,,0.018178283748863017,0.005,0.06746579535660502,0,,"17, 197",VVC,Ventral_Visual_Complex,Ventral_Stream_Visual,4.0,163.0,"2487, 2753",idx_L,17,17.0
1,18.0,-1.4968550205230713,0,0.001,,0.06721549307167156,0.005,0.16930249647893814,0,,"18, 198",FST,Area_FST,MT + _Complex,5.0,157.0,"1324, 1683",idx_L,18,18.0
1,19.0,-0.8894243240356445,0,0.001,,0.1868875386160868,0.005,0.2826870332008036,0,,"19, 199",LO1,Area_Lateral_Occipital_1,MT + _Complex,5.0,20.0,"619, 909",idx_L,19,19.0
1,20.0,0.2806933522224426,0,0.001,,0.3894728040065717,0.005,0.4368424752645615,0,,"20, 200",LO2,Area_Lateral_Occipital_2,MT + _Complex,5.0,21.0,"1179, 1062",idx_L,20,20.0
1,21.0,0.6606953740119934,0,0.001,,0.25440384553113854,0.005,0.3379534479380438,0,,"21, 201",LO3,Area_Lateral_Occipital_3,MT + _Complex,5.0,159.0,"438, 915",idx_L,21,21.0
1,22.0,-1.0608837604522705,0,0.001,,0.14437136515583293,0.005,0.24638372582936433,0,,"22, 202",MST,Medial_Superior_Temporal_Area,MT + _Complex,5.0,2.0,"794, 1036",idx_L,22,22.0
1,23.0,-0.7795714139938354,0,0.001,,0.21782159368481563,0.005,0.31030567650809554,0,,"23, 203",MT,Middle_Temporal_Area,MT + _Complex,5.0,23.0,"620, 1005",idx_L,23,23.0
1,24.0,-3.389697313308716,1,0.001,-,0.0003498491726547817,0.005,0.004062764585668433,1,-,"24, 204",PH,Area_PH,MT + _Complex,5.0,138.0,"3453, 3205",idx_L,24,24.0
1,25.0,-0.9841069579124451,0,0.001,,0.16253146309551292,0.005,0.2659605759744757,0,,"25, 205",V3CD,Area_V3CD,MT + _Complex,5.0,158.0,"876, 1222",idx_L,25,25.0
1,26.0,-1.1463433504104614,0,0.001,,0.12582655626305056,0.005,0.23536985765305,0,,"26, 206",V4t,Area_V4t,MT + _Complex,5.0,156.0,"1037, 1249",idx_L,26,26.0
1,27.0,1.2530338764190674,0,0.001,,0.10509668916962744,0.005,0.21297058829908155,0,,"27, 207",1,Area_1,SomaSens_Motor,6.0,51.0,"6590, 5925",idx_L,27,27.0
1,28.0,1.1432147026062012,0,0.001,,0.12647472966907702,0.005,0.23536985765305,0,,"28, 208",2,Area_2,SomaSens_Motor,6.0,52.0,"4278, 4727",idx_L,28,28.0
1,29.0,1.9807028770446777,0,0.001,,0.023812301970209095,0.005,0.08322746319684732,0,,"29, 209",3a,Area_3a,SomaSens_Motor,6.0,53.0,"2247, 2286",idx_L,29,29.0
1,30.0,1.4006916284561157,0,0.001,,0.08065315358543251,0.005,0.1873234534887465,0,,"30, 210",3b,Primary_Sensory_Cortex,SomaSens_Motor,6.0,9.0,"5451, 4350",idx_L,30,30.0
1,31.0,1.2048569917678833,0,0.001,,0.11412925706359289,0.005,0.22233048976953537,0,,"31, 211",4,Primary_Motor_Cortex,SomaSens_Motor,6.0,8.0,"10,776, 10,254",idx_L,31,31.0
1,32.0,1.488277554512024,0,0.001,,0.06833885588913878,0.005,0.17084713972284696,0,,"32, 212",23c,Area_23c,ParaCentral_MidCing,7.0,38.0,"2259, 2498",idx_L,32,32.0
1,33.0,1.813711166381836,0,0.001,,0.03486110252180483,0.005,0.10982364107480104,0,,"33, 213",24dd,Dorsal_Area_24d,ParaCentral_MidCing,7.0,40.0,"2665, 2820",idx_L,33,33.0
1,34.0,2.6229443550109863,0,0.001,,0.004358675442619891,0.005,0.02705384757488208,0,,"34, 214",24dv,Ventral_Area_24d,ParaCentral_MidCing,7.0,41.0,"1076, 1349",idx_L,34,34.0
1,35.0,-0.38999849557876587,0,0.001,,0.3482688296903596,0.005,0.40706746327444626,0,,"35, 215",5L,Area_5L,ParaCentral_MidCing,7.0,39.0,"2249, 2327",idx_L,35,35.0
1,36.0,2.1073343753814697,0,0.001,,0.017544302825519748,0.005,0.06629823819490198,0,,"36, 216",5 m,Area_5m,ParaCentral_MidCing,7.0,36.0,"1483, 2079",idx_L,36,36.0
1,37.0,3.5669314861297607,1,0.001,+,0.00018059293250842804,0.005,0.002321909132251218,1,+,"37, 217",5mv,Area_5m_ventral,ParaCentral_MidCing,7.0,37.0,"1651, 1996",idx_L,37,37.0
1,38.0,-0.20000512897968292,0,0.001,,0.42073828491189313,0.005,0.44945336073674047,0,,"38, 218",6ma,Area_6m_anterior,ParaCentral_MidCing,7.0,44.0,"3941, 4251",idx_L,38,38.0
1,39.0,1.19784677028656,0,0.001,,0.11548833774139755,0.005,0.22233048976953537,0,,"39, 219",6mp,Area_6mp,ParaCentral_MidCing,7.0,55.0,"3701, 3105",idx_L,39,39.0
1,40.0,-0.7892911434173584,0,0.001,,0.21497093091491365,0.005,0.30954248916200433,0,,"40, 220",SCEF,Supplementary_and_Cingulate_Eye_Field,ParaCentral_MidCing,7.0,43.0,"3500, 3371",idx_L,40,40.0
1,41.0,-3.187405824661255,1,0.001,-,0.0007177759919066285,0.005,0.006983766407740169,0,,"41, 221",55b,Area_55b,Premotor,8.0,12.0,"2422, 1537",idx_L,41,41.0
1,42.0,-0.21806350350379944,0,0.001,,0.41368981654758635,0.005,0.44781326359093593,0,,"42, 222",6a,Area_6_anterior,Premotor,8.0,96.0,"4233, 3752",idx_L,42,42.0
1,43.0,1.1402791738510132,0,0.001,,0.12708500572863568,0.005,0.23536985765305,0,,"43, 223",6d,Dorsal_area_6,Premotor,8.0,54.0,"2916, 2909",idx_L,43,43.0
1,44.0,-1.2122726440429688,0,0.001,,0.1127040159507629,0.005,0.22233048976953537,0,,"44, 224",6r,Rostral_Area_6,Premotor,8.0,78.0,"3029, 3981",idx_L,44,44.0
1,45.0,-0.08534941077232361,0,0.001,,0.46599180534540635,0.005,0.4765825281941656,0,,"45, 225",6v,Ventral_Area_6,Premotor,8.0,56.0,"2075, 2516",idx_L,45,45.0
1,46.0,1.5385507345199585,0,0.001,,0.06195700681455389,0.005,0.16083169135873138,0,,"46, 226",FEF,Frontal_Eye_Fields,Premotor,8.0,10.0,"1787, 1889",idx_L,46,46.0
1,47.0,-1.1163209676742554,0,0.001,,0.13214238478020157,0.005,0.23919858606006766,0,,"47, 227",PEF,Premotor_Eye_Field,Premotor,8.0,11.0,"1006, 1258",idx_L,47,47.0
1,48.0,1.7813981771469116,0,0.001,,0.037423712910223034,0.005,0.11321459367798564,0,,"48, 228",43,Area_43,Posterior_Opercular,9.0,99.0,"1889, 1678",idx_L,48,48.0
1,49.0,3.786545991897583,1,0.001,+,7.637791657230364e-05,0.005,0.0012498204530013322,1,+,"49, 229",FOP1,Frontal_Opercular_Area_1,Posterior_Opercular,9.0,113.0,"879, 932",idx_L,49,49.0
1,50.0,2.302731513977051,0,0.001,,0.010646976965448812,0.005,0.046179659127247856,0,,"50, 230",OP1,Area_OP1-SII,Posterior_Opercular,9.0,101.0,"1275, 1072",idx_L,50,50.0
1,51.0,2.3037302494049072,0,0.001,,0.010618895344457096,0.005,0.046179659127247856,0,,"51, 231",OP2-3,Area_OP2-3-VS,Posterior_Opercular,9.0,102.0,"943, 792",idx_L,51,51.0
1,52.0,1.2588187456130981,0,0.001,,0.10404790393854657,0.005,0.212825258056118,0,,"52, 232",OP4,Area_OP4-PV,Posterior_Opercular,9.0,100.0,"2332, 2409",idx_L,52,52.0
1,53.0,-0.14858852326869965,0,0.001,,0.4409391647886604,0.005,0.4625559386675094,0,,"53, 233",52,Area_52,Early_Auditory,10.0,103.0,"725, 580",idx_L,53,53.0
1,54.0,-0.6146969795227051,0,0.001,,0.2693774274685409,0.005,0.3513618619154881,0,,"54, 234",A1,Primary_Auditory_Cortex,Early_Auditory,10.0,24.0,"1023, 796",idx_L,54,54.0
1,55.0,-0.9003487825393677,0,0.001,,0.18396733402405185,0.005,0.2826720126307895,0,,"55, 235",LBelt,Lateral_Belt_Complex,Early_Auditory,10.0,174.0,"820, 901",idx_L,55,55.0
1,56.0,-1.8367576599121094,0,0.001,,0.0331228394775833,0.005,0.10611634000923462,0,,"56, 236",MBelt,Medial_Belt_Complex,Early_Auditory,10.0,173.0,"1242, 1236",idx_L,56,56.0
1,57.0,-1.9716119766235352,0,0.001,,0.0243269594653908,0.005,0.0836978813651511,0,,"57, 237",PBelt,ParaBelt_Complex,Early_Auditory,10.0,124.0,"1719, 1439",idx_L,57,57.0
1,58.0,1.477722406387329,0,0.001,,0.06974104726004143,0.005,0.17315018630079254,0,,"58, 238",PFcm,Area_PFcm,Early_Auditory,10.0,105.0,"1486, 1485",idx_L,58,58.0
1,59.0,-0.24272486567497253,0,0.001,,0.40410927168514305,0.005,0.4456530221531024,0,,"59, 239",RI,RetroInsular_Cortex,Early_Auditory,10.0,104.0,"1149, 1334",idx_L,59,59.0
1,60.0,-6.343550682067871,1,0.001,-,1.1226452953793463e-10,0.005,2.0207615316828235e-08,1,-,"60, 240",A4,Auditory_4_Complex,Auditory_Association,11.0,175.0,"3514, 3610",idx_L,60,60.0
1,61.0,-5.88075590133667,1,0.001,-,2.0419853563050664e-09,0.005,1.4702294565396478e-07,1,-,"61, 241",A5,Auditory_5_Complex,Auditory_Association,11.0,125.0,"3346, 3881",idx_L,61,61.0
1,62.0,-0.7894900441169739,0,0.001,,0.21491282320157845,0.005,0.30954248916200433,0,,"62, 242",STGa,Area_STGa,Auditory_Association,11.0,123.0,"2509, 2187",idx_L,62,62.0
1,63.0,-0.20365284383296967,0,0.001,,0.41931239749436894,0.005,0.44945336073674047,0,,"63, 243",STSda,Area_STSd_anterior,Auditory_Association,11.0,128.0,"1944, 2389",idx_L,63,63.0
1,64.0,-2.4113948345184326,0,0.001,,0.007945817083621453,0.005,0.03865532635275301,0,,"64, 244",STSdp,Area_STSd_posterior,Auditory_Association,11.0,129.0,"1994, 2605",idx_L,64,64.0
1,65.0,1.4051140546798706,0,0.001,,0.07999368271093837,0.005,0.1871590478435592,0,,"65, 245",STSva,Area_STSv_anterior,Auditory_Association,11.0,176.0,"1694, 1900",idx_L,65,65.0
1,66.0,-0.714741587638855,0,0.001,,0.23738436749357272,0.005,0.323709873848826,0,,"66, 246",STSvp,Area_STSv_posterior,Auditory_Association,11.0,130.0,"2898, 2515",idx_L,66,66.0
1,67.0,-3.366523504257202,1,0.001,-,0.0003806104741005544,0.005,0.004281867833631237,1,-,"67, 247",TA2,Area_TA2,Auditory_Association,11.0,107.0,"1518, 1726",idx_L,67,67.0
1,68.0,0.21986240148544312,0,0.001,,0.41298915954140186,0.005,0.44781326359093593,0,,"68, 248",AAIC,Anterior_Agranular_Insula_Complex,Insula_FrontalOperc,12.0,112.0,"1859, 1691",idx_L,68,68.0
1,69.0,1.5571503639221191,0,0.001,,0.05971739493894561,0.005,0.16043479237328673,0,,"69, 249",AVI,Anterior_Ventral_Insular_Area,Insula_FrontalOperc,12.0,111.0,"1446, 1792",idx_L,69,69.0
1,70.0,1.4662771224975586,0,0.001,,0.07128640269624997,0.005,0.17457894537857135,0,,"70, 250",FOP2,Frontal_Opercular_Area_2,Insula_FrontalOperc,12.0,115.0,"750, 720",idx_L,70,70.0
1,71.0,2.5544686317443848,0,0.001,,0.005317500590254461,0.005,0.0313819706965837,0,,"71, 251",FOP3,Frontal_Opercular_Area_3,Insula_FrontalOperc,12.0,114.0,"754, 614",idx_L,71,71.0
1,72.0,2.6924750804901123,0,0.001,,0.003546191776889238,0.005,0.022397000696142557,0,,"72, 252",FOP4,Frontal_Opercular_Area_4,Insula_FrontalOperc,12.0,108.0,"2522, 1678",idx_L,72,72.0
1,73.0,0.9587074518203735,0,0.001,,0.16885307169501523,0.005,0.2689694947354225,0,,"73, 253",FOP5,Area_Frontal_Opercular_5,Insula_FrontalOperc,12.0,169.0,"1297, 1365",idx_L,73,73.0
1,74.0,1.7926783561706543,0,0.001,,0.036512184639984124,0.005,0.11208615276549898,0,,"74, 254",Ig,Insular_Granular_Complex,Insula_FrontalOperc,12.0,168.0,"841, 1077",idx_L,74,74.0
1,75.0,2.3637337684631348,0,0.001,,0.00904590429329871,0.005,0.041750327507532506,0,,"75, 255",MI,Middle_Insular_Area,Insula_FrontalOperc,12.0,109.0,"2102, 1960",idx_L,75,75.0
1,76.0,-0.9094424843788147,0,0.001,,0.18155830238510462,0.005,0.2826720126307895,0,,"76, 256",PI,Para-Insular_Area,Insula_FrontalOperc,12.0,178.0,"1033, 1058",idx_L,76,76.0
1,77.0,0.48680761456489563,0,0.001,,0.3131973368408799,0.005,0.38350694307046523,0,,"77, 257",Pir,Pirform_Cortex,Insula_FrontalOperc,12.0,110.0,"2287, 1856",idx_L,77,77.0
1,78.0,3.2856359481811523,1,0.001,+,0.0005087621346137811,0.005,0.005232981956027463,0,,"78, 258",PoI1,Area_Posterior_Insular_1,Insula_FrontalOperc,12.0,167.0,"1811, 1835",idx_L,78,78.0
1,79.0,4.086630821228027,1,0.001,+,2.1884136844587693e-05,0.005,0.0004376827368917539,1,+,"79, 259",PoI2,Posterior_Insular_Area_2,Insula_FrontalOperc,12.0,106.0,"2747, 2675",idx_L,79,79.0
1,80.0,-1.0929639339447021,0,0.001,,0.13720481763778636,0.005,0.24062813212240144,0,,"80, 260",H,Hippocampus,Medial_Temporal,13.0,120.0,"4283, 3626",idx_L,80,80.0
1,81.0,-1.2486655712127686,0,0.001,,0.10589370918204333,0.005,0.21297058829908155,0,,"81, 261",PreS,PreSubiculum,Medial_Temporal,13.0,119.0,"1817, 1558",idx_L,81,81.0
1,82.0,2.7749733924865723,0,0.001,,0.002760311210489636,0.005,0.018402074736597572,0,,"82, 262",EC,Entorhinal_Cortex,Medial_Temporal,13.0,118.0,"2127, 2110",idx_L,82,82.0
1,83.0,-1.0300014019012451,0,0.001,,0.15150467374306337,0.005,0.25368224440698983,0,,"83, 263",PeEc,Perirhinal_Ectorhinal_Cortex,Medial_Temporal,13.0,122.0,"4826, 4755",idx_L,83,83.0
1,84.0,-4.5540337562561035,1,0.001,-,2.631345279253342e-06,0.005,6.766316432365738e-05,1,-,"84, 264",TF,Area_TF,Medial_Temporal,13.0,135.0,"3986, 4752",idx_L,84,84.0
1,85.0,-0.5844478011131287,0,0.001,,0.279459537260519,0.005,0.3579059608094898,0,,"85, 265",PHA1,ParaHippocampal_Area_1,Medial_Temporal,13.0,126.0,"1281, 1168",idx_L,85,85.0
1,86.0,1.0914565324783325,0,0.001,,0.13753602427177997,0.005,0.24062813212240144,0,,"86, 266",PHA2,ParaHippocampal_Area_2,Medial_Temporal,13.0,155.0,"783, 771",idx_L,86,86.0
1,87.0,-0.8094692230224609,0,0.001,,0.20912264945202497,0.005,0.30854161394561064,0,,"87, 267",PHA3,ParaHippocampal_Area_3,Medial_Temporal,13.0,127.0,"2023, 1122",idx_L,87,87.0
1,88.0,-5.325108051300049,1,0.001,-,5.044652336598488e-08,0.005,3.026791401959093e-06,1,-,"88, 268",PHT,Area_PHT,Lateral_Temporal,14.0,137.0,"4182, 3410",idx_L,88,88.0
1,89.0,2.89129900932312,0,0.001,,0.00191826453659087,0.005,0.014386984024431525,0,,"89, 269",TE1a,Area_TE1_anterior,Lateral_Temporal,14.0,132.0,"5227, 4180",idx_L,89,89.0
1,90.0,-0.9170681834220886,0,0.001,,0.17955345606736506,0.005,0.28226744185262626,0,,"90, 270",TE1m,Area_TE1_Middle,Lateral_Temporal,14.0,177.0,"3339, 3429",idx_L,90,90.0
1,91.0,-5.976655960083008,1,0.001,-,1.1388224948694962e-09,0.005,1.0249402453825466e-07,1,-,"91, 271",TE1p,Area_TE1_posterior,Lateral_Temporal,14.0,133.0,"7116, 6010",idx_L,91,91.0
1,92.0,-0.6961497068405151,0,0.001,,0.24316754006781416,0.005,0.329098926407568,0,,"92, 272",TE2a,Area_TE2_anterior,Lateral_Temporal,14.0,134.0,"5691, 5753",idx_L,92,92.0
1,93.0,-5.056085109710693,1,0.001,-,2.139752035226007e-07,0.005,8.559008140904028e-06,1,-,"93, 273",TE2p,Area_TE2_posterior,Lateral_Temporal,14.0,136.0,"4115, 3040",idx_L,93,93.0
1,94.0,1.022715449333191,0,0.001,,0.15322120228981528,0.005,0.2553686704830255,0,,"94, 274",TGd,Area_TG_dorsal,Lateral_Temporal,14.0,131.0,"10,192, 10,269",idx_L,94,94.0
1,95.0,-1.2609385251998901,0,0.001,,0.10366549831670308,0.005,0.212825258056118,0,,"95, 275",TGv,Area_TG_Ventral,Lateral_Temporal,14.0,172.0,"3694, 4515",idx_L,95,95.0
1,96.0,-1.8749308586120605,0,0.001,,0.030401118052135523,0.005,0.10133706017378508,0,,"96, 276",PSL,PeriSylvian_Language_Area,TPO,15.0,25.0,"2154, 2759",idx_L,96,96.0
1,97.0,-0.6250185966491699,0,0.001,,0.2659794263897629,0.005,0.3507421007337533,0,,"97, 277",STV,Superior_Temporal_Visual_Area,TPO,15.0,28.0,"2322, 2294",idx_L,97,97.0
1,98.0,-2.8613619804382324,0,0.001,,0.00210912562977212,0.005,0.015185704534359266,0,,"98, 278",TPOJ1,Area_TemporoParietoOccipital_Junction_1,TPO,15.0,139.0,"2102, 3938",idx_L,98,98.0
1,99.0,-0.6152978539466858,0,0.001,,0.26917901728661486,0.005,0.3513618619154881,0,,"99, 279",TPOJ2,Area_TemporoParietoOccipital_Junction_2,TPO,15.0,140.0,"1930, 2068",idx_L,99,99.0
1,100.0,-0.313262403011322,0,0.001,,0.3770406558228119,0.005,0.4315137978609212,0,,"100, 280",TPOJ3,Area_TemporoParietoOccipital_Junction_3,TPO,15.0,141.0,"1290, 1277",idx_L,100,100.0
1,101.0,2.0474588871002197,0,0.001,,0.020306524800113343,0.005,0.07334457898455815,0,,"101, 281",7AL,Lateral_Area_7A,Superior_Parietal,16.0,42.0,"2134, 2030",idx_L,101,101.0
1,102.0,-0.2346787452697754,0,0.001,,0.4072290429451903,0.005,0.4456530221531024,0,,"102, 282",7Am,Medial_Area_7A,Superior_Parietal,16.0,45.0,"2995, 2379",idx_L,102,102.0
1,103.0,-0.31185707449913025,0,0.001,,0.37757457312830606,0.005,0.4315137978609212,0,,"103, 283",7PC,Area_7PC,Superior_Parietal,16.0,47.0,"3151, 3415",idx_L,103,103.0
1,104.0,-0.669559895992279,0,0.001,,0.25156919326665617,0.005,0.3365854496798016,0,,"104, 284",7Pl,Lateral_Area_7P,Superior_Parietal,16.0,46.0,"1695, 1363",idx_L,104,104.0
1,105.0,0.5051714181900024,0,0.001,,0.3067192216336544,0.005,0.37879897566492615,0,,"105, 285",7Pm,Medial_Area_7P,Superior_Parietal,16.0,29.0,"1601, 1308",idx_L,105,105.0
1,106.0,-0.8748602867126465,0,0.001,,0.19082496487397227,0.005,0.28514456891360873,0,,"106, 286",AIP,Anterior_IntraParietal_Area,Superior_Parietal,16.0,117.0,"1999, 2542",idx_L,106,106.0
1,107.0,-2.2948169708251953,0,0.001,,0.010871807826649397,0.005,0.0465934621142117,0,,"107, 287",LIPd,Area_Lateral_IntraParietal_dorsal,Superior_Parietal,16.0,95.0,"1008, 869",idx_L,107,107.0
1,108.0,-1.5179609060287476,0,0.001,,0.06451212715596515,0.005,0.1658749619335462,0,,"108, 288",LIPv,Area_Lateral_IntraParietal_ventral,Superior_Parietal,16.0,48.0,"1681, 1783",idx_L,108,108.0
1,109.0,-0.8794418573379517,0,0.001,,0.18958087264059637,0.005,0.28514456891360873,0,,"109, 289",MIP,Medial_IntraParietal_Area,Superior_Parietal,16.0,50.0,"1872, 2403",idx_L,109,109.0
1,110.0,-1.549655556678772,0,0.001,,0.06061210533644197,0.005,0.16083169135873138,0,,"110, 290",VIP,Ventral_IntraParietal_Complex,Superior_Parietal,16.0,49.0,"1890, 1577",idx_L,110,110.0
1,111.0,-2.765327215194702,0,0.001,,0.0028432860952002184,0.005,0.018610599895855975,0,,"111, 291",IP0,Area_IntraParietal_0,Inferior_Parietal,17.0,146.0,"1203, 1239",idx_L,111,111.0
1,112.0,-1.9048192501068115,0,0.001,,0.02840178534224219,0.005,0.09645889361516215,0,,"112, 292",IP1,Area_IntraParietal_1,Inferior_Parietal,17.0,145.0,"1692, 1632",idx_L,112,112.0
1,113.0,-1.3486844301223755,0,0.001,,0.08871917432777476,0.005,0.19515487997342423,0,,"113, 293",IP2,Area_IntraParietal_2,Inferior_Parietal,17.0,144.0,"2102, 1861",idx_L,113,113.0
1,114.0,-2.132686138153076,0,0.001,,0.016475240896407048,0.005,0.06377512605060794,0,,"114, 294",PF,Area_PF_Complex,Inferior_Parietal,17.0,148.0,"5457, 5251",idx_L,114,114.0
1,115.0,-1.8108433485031128,0,0.001,,0.03508255201000589,0.005,0.10982364107480104,0,,"115, 295",PFm,Area_PFm_Complex,Inferior_Parietal,17.0,149.0,"8220, 8141",idx_L,115,115.0
1,116.0,1.3442274332046509,0,0.001,,0.08943742657966519,0.005,0.19515487997342423,0,,"116, 296",PFop,Area_PF_Opercular,Inferior_Parietal,17.0,147.0,"1797, 1783",idx_L,116,116.0
1,117.0,0.4318163990974426,0,0.001,,0.33293742983642627,0.005,0.39429167418927635,0,,"117, 297",PFt,Area_PFt,Inferior_Parietal,17.0,116.0,"1983, 2039",idx_L,117,117.0
1,118.0,1.541300654411316,0,0.001,,0.06162181485326751,0.005,0.16083169135873138,0,,"118, 298",PGi,Area_PGi,Inferior_Parietal,17.0,150.0,"4791, 4970",idx_L,118,118.0
1,119.0,-1.1606214046478271,0,0.001,,0.12289794843421242,0.005,0.2316401122320234,0,,"119, 299",PGp,Area_PGp,Inferior_Parietal,17.0,143.0,"2501, 3740",idx_L,119,119.0
1,120.0,-0.9991475939750671,0,0.001,,0.15886159914236797,0.005,0.2611423547545775,0,,"120, 300",PGs,Area_PGs,Inferior_Parietal,17.0,151.0,"4552, 3366",idx_L,120,120.0
1,121.0,0.38475534319877625,0,0.001,,0.35020934385461233,0.005,0.40801088604420854,0,,"121, 301",23d,Area_23d,Posterior_Cingulate,18.0,32.0,"1261, 1513",idx_L,121,121.0
1,122.0,-1.404651403427124,0,0.001,,0.08006248157752255,0.005,0.1871590478435592,0,,"122, 302",31a,Area_31a,Posterior_Cingulate,18.0,162.0,"1260, 1116",idx_L,122,122.0
1,123.0,2.3943958282470703,0,0.001,,0.008323885858878758,0.005,0.03891686895060198,0,,"123, 303",31pd,Area_31pd,Posterior_Cingulate,18.0,161.0,"1428, 864",idx_L,123,123.0
1,124.0,1.0608766078948975,0,0.001,,0.14437299062753445,0.005,0.24638372582936433,0,,"124, 304",31pv,Area_31p_ventral,Posterior_Cingulate,18.0,35.0,"950, 1022",idx_L,124,124.0
1,125.0,2.7275314331054688,0,0.001,,0.0031905088865001523,0.005,0.020510414270358122,0,,"125, 305",7 m,Area_7m,Posterior_Cingulate,18.0,30.0,"2128, 2067",idx_L,125,125.0
1,126.0,-0.5648729205131531,0,0.001,,0.28608010184295796,0.005,0.3626367488150172,0,,"126, 306",d23ab,Area_dorsal_23_a + b,Posterior_Cingulate,18.0,34.0,"1607, 1106",idx_L,126,126.0
1,127.0,1.3204554319381714,0,0.001,,0.09334150338406788,0.005,0.19766436010743788,0,,"127, 307",DVT,Dorsal_Transitional_Visual_Area,Posterior_Cingulate,18.0,142.0,"1806, 2176",idx_L,127,127.0
1,128.0,0.6041793823242188,0,0.001,,0.2728621934767236,0.005,0.35287078434432556,0,,"128, 308",PCV,PreCuneus_Visual_Area,Posterior_Cingulate,18.0,27.0,"2245, 2416",idx_L,128,128.0
1,129.0,1.690765380859375,0,0.001,,0.04544081077827404,0.005,0.13369761086419849,0,,"129, 309",POS1,Parieto-Occipital_Sulcus_Area_1,Posterior_Cingulate,18.0,31.0,"2531, 2727",idx_L,129,129.0
1,130.0,3.827275514602661,1,0.001,+,6.478472992601923e-05,0.005,0.001166125138668346,1,+,"130, 310",POS2,Parieto-Occipital_Sulcus_Area_2,Posterior_Cingulate,18.0,15.0,"3261, 3093",idx_L,130,130.0
1,131.0,-1.3821625709533691,0,0.001,,0.08346089486750025,0.005,0.19137530033312158,0,,"131, 311",ProS,ProStriate_Area,Posterior_Cingulate,18.0,121.0,"1222, 1055",idx_L,131,131.0
1,132.0,2.400034189224243,0,0.001,,0.008196770304389788,0.005,0.038826806705004255,0,,"132, 312",RSC,RetroSplenial_Complex,Posterior_Cingulate,18.0,14.0,"2830, 3067",idx_L,132,132.0
1,133.0,-0.10380195081233978,0,0.001,,0.4586632591551673,0.005,0.47480120564596806,0,,"133, 313",v23ab,Area_ventral_23_a + b,Posterior_Cingulate,18.0,33.0,"916, 1089",idx_L,133,133.0
1,134.0,0.4459308087825775,0,0.001,,0.3278236133901845,0.005,0.3933212929700521,0,,"134, 314",10r,Area_10r,AntCing_MedPFC,19.0,65.0,"1589, 1053",idx_L,134,134.0
1,135.0,1.1304455995559692,0,0.001,,0.12914425448678446,0.005,0.23687498797062656,0,,"135, 315",10v,Area_10v,AntCing_MedPFC,19.0,88.0,"3906, 2667",idx_L,135,135.0
1,136.0,0.21668410301208496,0,0.001,,0.4142272688216157,0.005,0.44781326359093593,0,,"136, 316",25,Area_25,AntCing_MedPFC,19.0,164.0,"1911, 2135",idx_L,136,136.0
1,137.0,0.6668339967727661,0,0.001,,0.2524390872598512,0.005,0.3365854496798016,0,,"137, 317",33pr,Area_33_prime,AntCing_MedPFC,19.0,58.0,"1354, 1316",idx_L,137,137.0
1,138.0,-2.128340244293213,0,0.001,,0.016654441839068623,0.005,0.06378296874536919,0,,"138, 318",8BM,Area_8BM,AntCing_MedPFC,19.0,63.0,"3122, 3436",idx_L,138,138.0
1,139.0,-0.5036659836769104,0,0.001,,0.307248058039329,0.005,0.37879897566492615,0,,"139, 319",9 m,Area_9_Middle,AntCing_MedPFC,19.0,69.0,"6338, 5881",idx_L,139,139.0
1,140.0,2.204957962036133,0,0.001,,0.013728522281737791,0.005,0.054914089126951164,0,,"140, 320",a24,Area_a24,AntCing_MedPFC,19.0,61.0,"2085, 2152",idx_L,140,140.0
1,141.0,1.2283318042755127,0,0.001,,0.10966121827162756,0.005,0.21932243654325512,0,,"141, 321",a24pr,Anterior_24_prime,AntCing_MedPFC,19.0,59.0,"1095, 1474",idx_L,141,141.0
1,142.0,-0.4742244482040405,0,0.001,,0.3176699305217614,0.005,0.3850544612384987,0,,"142, 322",a32pr,Area_anterior_32_prime,AntCing_MedPFC,19.0,179.0,"1759, 1118",idx_L,142,142.0
1,143.0,-0.9654078483581543,0,0.001,,0.16717028599346917,0.005,0.2686665310609326,0,,"143, 323",d32,Area_dorsal_32,AntCing_MedPFC,19.0,62.0,"2228, 2374",idx_L,143,143.0
1,144.0,0.42100095748901367,0,0.001,,0.33687719134301586,0.005,0.3963261074623716,0,,"144, 324",p24,Area_posterior_24,AntCing_MedPFC,19.0,180.0,"2394, 2442",idx_L,144,144.0
1,145.0,1.0315024852752686,0,0.001,,0.15115262168256838,0.005,0.25368224440698983,0,,"145, 325",p24pr,Area_Posterior_24_prime,AntCing_MedPFC,19.0,57.0,"1422, 1724",idx_L,145,145.0
1,146.0,0.5469505190849304,0,0.001,,0.2922063634128607,0.005,0.3665306300649124,0,,"146, 326",p32,Area_p32,AntCing_MedPFC,19.0,64.0,"1180, 1765",idx_L,146,146.0
1,147.0,0.24185073375701904,0,0.001,,0.40444791285406523,0.005,0.4456530221531024,0,,"147, 327",p32pr,Area_p32_prime,AntCing_MedPFC,19.0,60.0,"1569, 1305",idx_L,147,147.0
1,148.0,-0.9002410173416138,0,0.001,,0.18399600114282882,0.005,0.2826720126307895,0,,"148, 328",pOFC,Posterior_OFC_Complex,AntCing_MedPFC,19.0,166.0,"2486, 2836",idx_L,148,148.0
1,149.0,-0.4783380627632141,0,0.001,,0.3162048047331738,0.005,0.3850544612384987,0,,"149, 329",s32,Area_s32,AntCing_MedPFC,19.0,165.0,"604, 1015",idx_L,149,149.0
1,150.0,-0.42874976992607117,0,0.001,,0.33405266841035913,0.005,0.39429167418927635,0,,"150, 330",10d,Area_10d,OrbPolaFrontal,20.0,72.0,"3644, 3096",idx_L,150,150.0
1,151.0,1.7072162628173828,0,0.001,,0.04389093168462701,0.005,0.13058459013608034,0,,"151, 331",10 pp,Polar_10p,OrbPolaFrontal,20.0,90.0,"1997, 2487",idx_L,151,151.0
1,152.0,-2.046095371246338,0,0.001,,0.020373494162377263,0.005,0.07334457898455815,0,,"152, 332",11 l,Area_11l,OrbPolaFrontal,20.0,91.0,"3531, 3793",idx_L,152,152.0
1,153.0,-1.2651772499084473,0,0.001,,0.10290389790389776,0.005,0.212825258056118,0,,"153, 333",13 l,Area_13l,OrbPolaFrontal,20.0,92.0,"2429, 1757",idx_L,153,153.0
1,154.0,-3.3045809268951416,1,0.001,-,0.00047559255194527616,0.005,0.005078738994018486,0,,"154, 334",47 m,Area_47m,OrbPolaFrontal,20.0,66.0,"799, 781",idx_L,154,154.0
1,155.0,0.9131114482879639,0,0.001,,0.180591964930977,0.005,0.2826656842397901,0,,"155, 335",47 s,Area_47s,OrbPolaFrontal,20.0,94.0,"2795, 3080",idx_L,155,155.0
1,156.0,0.5373600125312805,0,0.001,,0.29550947953799245,0.005,0.3681086942341774,0,,"156, 336",a10p,Area_anterior_10p,OrbPolaFrontal,20.0,89.0,"1964, 1748",idx_L,156,156.0
1,157.0,-1.0017989873886108,0,0.001,,0.15822034320108053,0.005,0.2611423547545775,0,,"157, 337",OFC,Orbital_Frontal_Complex,OrbPolaFrontal,20.0,93.0,"4560, 5232",idx_L,157,157.0
1,158.0,0.12180420011281967,0,0.001,,0.45152704375640407,0.005,0.4711586543545086,0,,"158, 338",p10p,Area_posterior_10p,OrbPolaFrontal,20.0,170.0,"2116, 2365",idx_L,158,158.0
1,159.0,-1.8576120138168335,0,0.001,,0.03161206561574192,0.005,0.10345766928788265,0,,"159, 339",44,Area_44,Inferior_Frontal,21.0,74.0,"2435, 2589",idx_L,159,159.0
1,160.0,-2.520536422729492,0,0.001,,0.005858805536027758,0.005,0.033208924789609795,0,,"160, 340",45,Area_45,Inferior_Frontal,21.0,75.0,"3762, 2962",idx_L,160,160.0
1,161.0,-1.310392141342163,0,0.001,,0.09503160539306615,0.005,0.19775362971967522,0,,"161, 341",47 l,Area_47l_(47_lateral),Inferior_Frontal,21.0,76.0,"2527, 2592",idx_L,161,161.0
1,162.0,-2.849628210067749,0,0.001,,0.002188518034555002,0.005,0.015448362596858837,0,,"162, 342",a47r,Area_anterior_47r,Inferior_Frontal,21.0,77.0,"4167, 3763",idx_L,162,162.0
1,163.0,-3.1260693073272705,1,0.001,-,0.0008857989705901283,0.005,0.008176605882370415,0,,"163, 343",IFJa,Area_IFJa,Inferior_Frontal,21.0,79.0,"1513, 1405",idx_L,163,163.0
1,164.0,-4.5600175857543945,1,0.001,-,2.5574668585281076e-06,0.005,6.766316432365738e-05,1,-,"164, 344",IFJp,Area_IFJp,Inferior_Frontal,21.0,80.0,"960, 740",idx_L,164,164.0
1,165.0,-7.113613128662109,1,0.001,-,5.652187161109768e-13,0.005,2.0347873779995165e-10,1,-,"165, 345",IFSa,Area_IFSa,Inferior_Frontal,21.0,82.0,"2057, 2641",idx_L,165,165.0
1,166.0,-3.632952928543091,1,0.001,-,0.000140098074153289,0.005,0.002009876682612849,1,-,"166, 346",IFSp,Area_IFSp,Inferior_Frontal,21.0,81.0,"1589, 1730",idx_L,166,166.0
1,167.0,-3.421809673309326,1,0.001,-,0.0003110292080500822,0.005,0.0037323504966009866,1,-,"167, 347",p47r,Area_posterior_47r,Inferior_Frontal,21.0,171.0,"2133, 1761",idx_L,167,167.0
1,168.0,-2.4201505184173584,0,0.001,,0.00775704196488662,0.005,0.03825390558026279,0,,"168, 348",46,Area_46,Dorsolateral_Prefrontal,22.0,84.0,"4863, 4394",idx_L,168,168.0
1,169.0,-0.7699599862098694,0,0.001,,0.22066181440575683,0.005,0.31030567650809554,0,,"169, 349",8Ad,Area_8Ad,Dorsolateral_Prefrontal,22.0,68.0,"3386, 3492",idx_L,169,169.0
1,170.0,-1.5463556051254272,0,0.001,,0.061009354828848256,0.005,0.16083169135873138,0,,"170, 350",8Av,Area_8Av,Dorsolateral_Prefrontal,22.0,67.0,"4807, 5902",idx_L,170,170.0
1,171.0,-1.2518211603164673,0,0.001,,0.10531751890869373,0.005,0.21297058829908155,0,,"171, 351",8BL,Area_8B_Lateral,Dorsolateral_Prefrontal,22.0,70.0,"3377, 4078",idx_L,171,171.0
1,172.0,-2.434314250946045,0,0.001,,0.007460017723206185,0.005,0.0378254419768201,0,,"172, 352",8C,Area_8C,Dorsolateral_Prefrontal,22.0,73.0,"4085, 3134",idx_L,172,172.0
1,173.0,-0.8402054309844971,0,0.001,,0.20039660692454658,0.005,0.29811065492907757,0,,"173, 353",9-46d,Area_9-46d,Dorsolateral_Prefrontal,22.0,86.0,"4534, 4666",idx_L,173,173.0
1,174.0,-1.5143567323684692,0,0.001,,0.06496769342397225,0.005,0.1658749619335462,0,,"174, 354",9a,Area_9_anterior,Dorsolateral_Prefrontal,22.0,87.0,"3706, 3048",idx_L,174,174.0
1,175.0,-1.4665684700012207,0,0.001,,0.07124674122227974,0.005,0.17457894537857135,0,,"175, 355",9p,Area_9_Posterior,Dorsolateral_Prefrontal,22.0,71.0,"3426, 2488",idx_L,175,175.0
1,176.0,-3.614736318588257,1,0.001,-,0.00015032673199600122,0.005,0.002009876682612849,1,-,"176, 356",a9-46v,Area_anterior_9-46v,Dorsolateral_Prefrontal,22.0,85.0,"3314, 2628",idx_L,176,176.0
1,177.0,-0.4400433301925659,0,0.001,,0.3299528624359881,0.005,0.3933212929700521,0,,"177, 357",i6-8,Inferior_6-8_Transitional_Area,Dorsolateral_Prefrontal,22.0,97.0,"1764, 2418",idx_L,177,177.0
1,178.0,-4.91613245010376,1,0.001,-,4.4135343957201813e-07,0.005,1.444429438599332e-05,1,-,"178, 358",p9-46v,Area_posterior_9-46v,Dorsolateral_Prefrontal,22.0,83.0,"2871, 4635",idx_L,178,178.0
1,179.0,-3.1627588272094727,1,0.001,-,0.0007814087105632105,0.005,0.007402819363230415,0,,"179, 359",s6-8,Superior_6-8_Transitional_Area,Dorsolateral_Prefrontal,22.0,98.0,"1336, 2132",idx_L,179,179.0
1,180.0,-2.489149808883667,0,0.001,,0.006402449844634709,0.005,0.03458603837176966,0,,"180, 360",SFL,Superior_Frontal_Language_Area,Dorsolateral_Prefrontal,22.0,26.0,"3873, 3055",idx_L,180,180.0
1,181.0,-0.8746269941329956,0,0.001,,0.19088844752272138,0.005,0.28514456891360873,0,,"1, 181",V1,Primary_Visual_Cortex,Primary_Visual,1.0,1.0,"13,812, 13,406",idx_R,181,181.0
1,182.0,-0.44288739562034607,0,0.001,,0.3289235923678011,0.005,0.3933212929700521,0,,"2, 182",V2,Second_Visual_Area,Early_Visual,2.0,4.0,"9515, 9420",idx_R,182,182.0
1,183.0,-0.09901663661003113,0,0.001,,0.46056253045615414,0.005,0.47480120564596806,0,,"3, 183",V3,Third_Visual_Area,Early_Visual,2.0,5.0,"7106, 7481",idx_R,183,183.0
1,184.0,-0.03913870453834534,0,0.001,,0.4843899014187562,0.005,0.4892033061214208,0,,"4, 184",V4,Fourth_Visual_Area,Early_Visual,2.0,6.0,"4782, 4537",idx_R,184,184.0
1,185.0,0.9670098423957825,0,0.001,,0.1667695567086831,0.005,0.2686665310609326,0,,"5, 185",IPS1,IntraParietal_Sulcus_Area_1,Dorsal_Stream_Visual,3.0,17.0,"1751, 1750",idx_R,185,185.0
1,186.0,-0.256844699382782,0,0.001,,0.398649331065449,0.005,0.4456530221531024,0,,"6, 186",V3A,Area_V3A,Dorsal_Stream_Visual,3.0,13.0,"2191, 2212",idx_R,186,186.0
1,187.0,-1.6322115659713745,0,0.001,,0.05131746255382024,0.005,0.14433036343261943,0,,"7, 187",V3B,Area_V3B,Dorsal_Stream_Visual,3.0,19.0,"639, 731",idx_R,187,187.0
1,188.0,0.31871286034584045,0,0.001,,0.37497213084817954,0.005,0.43127785017681997,0,,"8, 188",V6,Sixth_Visual_Area,Dorsal_Stream_Visual,3.0,3.0,"1402, 1559",idx_R,188,188.0
1,189.0,0.810401201248169,0,0.001,,0.20885481384602345,0.005,0.30854161394561064,0,,"9, 189",V6A,Area_V6A,Dorsal_Stream_Visual,3.0,152.0,"904, 734",idx_R,189,189.0
1,190.0,-0.6505354046821594,0,0.001,,0.25767321998642634,0.005,0.3410380852761525,0,,"10, 190",V7,Seventh_Visual_Area,Dorsal_Stream_Visual,3.0,16.0,"1005, 1041",idx_R,190,190.0
1,191.0,-0.49257105588912964,0,0.001,,0.3111578518091879,0.005,0.3823099885710159,0,,"11, 191",FFC,Fusiform_Face_Complex,Ventral_Stream_Visual,4.0,18.0,"3848, 4402",idx_R,191,191.0
1,192.0,0.3046896755695343,0,0.001,,0.38030125683225663,0.005,0.43325459639117847,0,,"12, 192",PIT,Posterior_InferoTemporal_complex,Ventral_Stream_Visual,4.0,22.0,"1392, 1386",idx_R,192,192.0
1,193.0,0.5436254143714905,0,0.001,,0.29334963369724976,0.005,0.3666870421215622,0,,"13, 193",V8,Eighth_Visual_Area,Ventral_Stream_Visual,4.0,7.0,"1361, 1175",idx_R,193,193.0
1,194.0,-0.09652888029813766,0,0.001,,0.46155026892881407,0.005,0.47480120564596806,0,,"14, 194",VMV1,VentroMedial_Visual_Area_1,Ventral_Stream_Visual,4.0,153.0,"939, 1219",idx_R,194,194.0
1,195.0,-0.23590315878391266,0,0.001,,0.40675390853344556,0.005,0.4456530221531024,0,,"15, 195",VMV2,VentroMedial_Visual_Area_2,Ventral_Stream_Visual,4.0,160.0,"639, 923",idx_R,195,195.0
1,196.0,-1.0553476810455322,0,0.001,,0.14563317079514293,0.005,0.24730161078420498,0,,"16, 196",VMV3,VentroMedial_Visual_Area_3,Ventral_Stream_Visual,4.0,154.0,"941, 1242",idx_R,196,196.0
1,197.0,-0.1049981415271759,0,0.001,,0.4581886417079018,0.005,0.47480120564596806,0,,"17, 197",VVC,Ventral_Visual_Complex,Ventral_Stream_Visual,4.0,163.0,"2487, 2753",idx_R,197,197.0
1,198.0,-1.376812219619751,0,0.001,,0.0842851559393773,0.005,0.19204212745680904,0,,"18, 198",FST,Area_FST,MT + _Complex,5.0,157.0,"1324, 1683",idx_R,198,198.0
1,199.0,-0.4758048951625824,0,0.001,,0.31710669104942313,0.005,0.3850544612384987,0,,"19, 199",LO1,Area_Lateral_Occipital_1,MT + _Complex,5.0,20.0,"619, 909",idx_R,199,199.0
1,200.0,1.097862958908081,0,0.001,,0.13613216728006494,0.005,0.24062813212240144,0,,"20, 200",LO2,Area_Lateral_Occipital_2,MT + _Complex,5.0,21.0,"1179, 1062",idx_R,200,200.0
1,201.0,0.5579632520675659,0,0.001,,0.2884347389607621,0.005,0.36433861763464687,0,,"21, 201",LO3,Area_Lateral_Occipital_3,MT + _Complex,5.0,159.0,"438, 915",idx_R,201,201.0
1,202.0,1.4492874145507812,0,0.001,,0.07362866714158059,0.005,0.1790967579119528,0,,"22, 202",MST,Medial_Superior_Temporal_Area,MT + _Complex,5.0,2.0,"794, 1036",idx_R,202,202.0
1,203.0,0.968869686126709,0,0.001,,0.16630510596472814,0.005,0.2686665310609326,0,,"23, 203",MT,Middle_Temporal_Area,MT + _Complex,5.0,23.0,"620, 1005",idx_R,203,203.0
1,204.0,-1.2002053260803223,0,0.001,,0.11502980367205262,0.005,0.22233048976953537,0,,"24, 204",PH,Area_PH,MT + _Complex,5.0,138.0,"3453, 3205",idx_R,204,204.0
1,205.0,-0.28057584166526794,0,0.001,,0.38951787377756736,0.005,0.4368424752645615,0,,"25, 205",V3CD,Area_V3CD,MT + _Complex,5.0,158.0,"876, 1222",idx_R,205,205.0
1,206.0,0.7190254926681519,0,0.001,,0.23606260631476206,0.005,0.323709873848826,0,,"26, 206",V4t,Area_V4t,MT + _Complex,5.0,156.0,"1037, 1249",idx_R,206,206.0
1,207.0,1.6083970069885254,0,0.001,,0.05387412838281751,0.005,0.14918989398318694,0,,"27, 207",1,Area_1,SomaSens_Motor,6.0,51.0,"6590, 5925",idx_R,207,207.0
1,208.0,2.4767632484436035,0,0.001,,0.006628990687922519,0.005,0.03458603837176966,0,,"28, 208",2,Area_2,SomaSens_Motor,6.0,52.0,"4278, 4727",idx_R,208,208.0
1,209.0,2.2215447425842285,0,0.001,,0.013157043882553923,0.005,0.05323849112814255,0,,"29, 209",3a,Area_3a,SomaSens_Motor,6.0,53.0,"2247, 2286",idx_R,209,209.0
1,210.0,0.7596630454063416,0,0.001,,0.22372801176156593,0.005,0.3125763799327223,0,,"30, 210",3b,Primary_Sensory_Cortex,SomaSens_Motor,6.0,9.0,"5451, 4350",idx_R,210,210.0
1,211.0,2.4797873497009277,0,0.001,,0.006573037891267834,0.005,0.03458603837176966,0,,"31, 211",4,Primary_Motor_Cortex,SomaSens_Motor,6.0,8.0,"10,776, 10,254",idx_R,211,211.0
1,212.0,3.0856821537017822,0,0.001,,0.0010154289393332547,0.005,0.009138860453999292,0,,"32, 212",23c,Area_23c,ParaCentral_MidCing,7.0,38.0,"2259, 2498",idx_R,212,212.0
1,213.0,1.9003815650939941,0,0.001,,0.02869153218536011,0.005,0.09653225781990318,0,,"33, 213",24dd,Dorsal_Area_24d,ParaCentral_MidCing,7.0,40.0,"2665, 2820",idx_R,213,213.0
1,214.0,2.9836928844451904,0,0.001,,0.0014239623457206953,0.005,0.011921545219987218,0,,"34, 214",24dv,Ventral_Area_24d,ParaCentral_MidCing,7.0,41.0,"1076, 1349",idx_R,214,214.0
1,215.0,1.0900212526321411,0,0.001,,0.13785189117772978,0.005,0.24062813212240144,0,,"35, 215",5L,Area_5L,ParaCentral_MidCing,7.0,39.0,"2249, 2327",idx_R,215,215.0
1,216.0,2.536132574081421,0,0.001,,0.005604214645771387,0.005,0.03254060116899515,0,,"36, 216",5 m,Area_5m,ParaCentral_MidCing,7.0,36.0,"1483, 2079",idx_R,216,216.0
1,217.0,4.042633056640625,1,0.001,+,2.6427150782077484e-05,0.005,0.0005007249621867312,1,+,"37, 217",5mv,Area_5m_ventral,ParaCentral_MidCing,7.0,37.0,"1651, 1996",idx_R,217,217.0
1,218.0,0.6762295365333557,0,0.001,,0.2494474611960849,0.005,0.336333655545283,0,,"38, 218",6ma,Area_6m_anterior,ParaCentral_MidCing,7.0,44.0,"3941, 4251",idx_R,218,218.0
1,219.0,1.6445186138153076,0,0.001,,0.05003456131527603,0.005,0.14183025254723913,0,,"39, 219",6mp,Area_6mp,ParaCentral_MidCing,7.0,55.0,"3701, 3105",idx_R,219,219.0
1,220.0,0.7587098479270935,0,0.001,,0.22401307228511763,0.005,0.3125763799327223,0,,"40, 220",SCEF,Supplementary_and_Cingulate_Eye_Field,ParaCentral_MidCing,7.0,43.0,"3500, 3371",idx_R,220,220.0
1,221.0,-0.3559879958629608,0,0.001,,0.3609247775062957,0.005,0.41779073923558346,0,,"41, 221",55b,Area_55b,Premotor,8.0,12.0,"2422, 1537",idx_R,221,221.0
1,222.0,1.16142737865448,0,0.001,,0.12273407012270737,0.005,0.2316401122320234,0,,"42, 222",6a,Area_6_anterior,Premotor,8.0,96.0,"4233, 3752",idx_R,222,222.0
1,223.0,2.104222297668457,0,0.001,,0.017679530185307196,0.005,0.06629823819490198,0,,"43, 223",6d,Dorsal_area_6,Premotor,8.0,54.0,"2916, 2909",idx_R,223,223.0
1,224.0,1.6129944324493408,0,0.001,,0.05337285869088421,0.005,0.1489475126257234,0,,"44, 224",6r,Rostral_Area_6,Premotor,8.0,78.0,"3029, 3981",idx_R,224,224.0
1,225.0,0.6196243166923523,0,0.001,,0.2677525767891068,0.005,0.3513618619154881,0,,"45, 225",6v,Ventral_Area_6,Premotor,8.0,56.0,"2075, 2516",idx_R,225,225.0
1,226.0,2.267521619796753,0,0.001,,0.011679189857757313,0.005,0.048990596426093456,0,,"46, 226",FEF,Frontal_Eye_Fields,Premotor,8.0,10.0,"1787, 1889",idx_R,226,226.0
1,227.0,0.7403444647789001,0,0.001,,0.22954550356278847,0.005,0.31766380561384194,0,,"47, 227",PEF,Premotor_Eye_Field,Premotor,8.0,11.0,"1006, 1258",idx_R,227,227.0
1,228.0,2.5573630332946777,0,0.001,,0.005273454165890875,0.005,0.0313819706965837,0,,"48, 228",43,Area_43,Posterior_Opercular,9.0,99.0,"1889, 1678",idx_R,228,228.0
1,229.0,2.880885124206543,0,0.001,,0.0019828007283827823,0.005,0.01456751555546534,0,,"49, 229",FOP1,Frontal_Opercular_Area_1,Posterior_Opercular,9.0,113.0,"879, 932",idx_R,229,229.0
1,230.0,2.426744222640991,0,0.001,,0.0076174962458010215,0.005,0.038087481229005106,0,,"50, 230",OP1,Area_OP1-SII,Posterior_Opercular,9.0,101.0,"1275, 1072",idx_R,230,230.0
1,231.0,1.537390112876892,0,0.001,,0.06209890305239906,0.005,0.16083169135873138,0,,"51, 231",OP2-3,Area_OP2-3-VS,Posterior_Opercular,9.0,102.0,"943, 792",idx_R,231,231.0
1,232.0,2.9658870697021484,0,0.001,,0.001509056454444116,0.005,0.01234682553636095,0,,"52, 232",OP4,Area_OP4-PV,Posterior_Opercular,9.0,100.0,"2332, 2409",idx_R,232,232.0
1,233.0,1.356603980064392,0,0.001,,0.08745353822881452,0.005,0.19515487997342423,0,,"53, 233",52,Area_52,Early_Auditory,10.0,103.0,"725, 580",idx_R,233,233.0
1,234.0,-1.999648094177246,0,0.001,,0.02276913837096536,0.005,0.08036166483870127,0,,"54, 234",A1,Primary_Auditory_Cortex,Early_Auditory,10.0,24.0,"1023, 796",idx_R,234,234.0
1,235.0,-2.4491994380950928,0,0.001,,0.007158707348321215,0.005,0.03681620921993768,0,,"55, 235",LBelt,Lateral_Belt_Complex,Early_Auditory,10.0,174.0,"820, 901",idx_R,235,235.0
1,236.0,-1.834246039390564,0,0.001,,0.033308740058454196,0.005,0.10611634000923462,0,,"56, 236",MBelt,Medial_Belt_Complex,Early_Auditory,10.0,173.0,"1242, 1236",idx_R,236,236.0
1,237.0,-0.7727031111717224,0,0.001,,0.219849052500386,0.005,0.31030567650809554,0,,"57, 237",PBelt,ParaBelt_Complex,Early_Auditory,10.0,124.0,"1719, 1439",idx_R,237,237.0
1,238.0,3.7172653675079346,1,0.001,+,0.00010069543816488516,0.005,0.0015104315724732776,1,+,"58, 238",PFcm,Area_PFcm,Early_Auditory,10.0,105.0,"1486, 1485",idx_R,238,238.0
1,239.0,1.060721516609192,0,0.001,,0.14440823930554408,0.005,0.24638372582936433,0,,"59, 239",RI,RetroInsular_Cortex,Early_Auditory,10.0,104.0,"1149, 1334",idx_R,239,239.0
1,240.0,-0.8923883438110352,0,0.001,,0.18609240831526974,0.005,0.2826720126307895,0,,"60, 240",A4,Auditory_4_Complex,Auditory_Association,11.0,175.0,"3514, 3610",idx_R,240,240.0
1,241.0,-5.070000648498535,1,0.001,-,1.9890717335260292e-07,0.005,8.559008140904028e-06,1,-,"61, 241",A5,Auditory_5_Complex,Auditory_Association,11.0,125.0,"3346, 3881",idx_R,241,241.0
1,242.0,1.4342091083526611,0,0.001,,0.07575629929262111,0.005,0.18181511830229066,0,,"62, 242",STGa,Area_STGa,Auditory_Association,11.0,123.0,"2509, 2187",idx_R,242,242.0
1,243.0,2.796090841293335,0,0.001,,0.0025862429712015023,0.005,0.017566933389293223,0,,"63, 243",STSda,Area_STSd_anterior,Auditory_Association,11.0,128.0,"1944, 2389",idx_R,243,243.0
1,244.0,0.2225489467382431,0,0.001,,0.41194328723391893,0.005,0.44781326359093593,0,,"64, 244",STSdp,Area_STSd_posterior,Auditory_Association,11.0,129.0,"1994, 2605",idx_R,244,244.0
1,245.0,2.3366951942443848,0,0.001,,0.009727519303878034,0.005,0.04432793606830497,0,,"65, 245",STSva,Area_STSv_anterior,Auditory_Association,11.0,176.0,"1694, 1900",idx_R,245,245.0
1,246.0,0.737838625907898,0,0.001,,0.23030625907003538,0.005,0.31766380561384194,0,,"66, 246",STSvp,Area_STSv_posterior,Auditory_Association,11.0,130.0,"2898, 2515",idx_R,246,246.0
1,247.0,0.23455429077148438,0,0.001,,0.40727734524547415,0.005,0.4456530221531024,0,,"67, 247",TA2,Area_TA2,Auditory_Association,11.0,107.0,"1518, 1726",idx_R,247,247.0
1,248.0,1.0877118110656738,0,0.001,,0.13836117597038083,0.005,0.24062813212240144,0,,"68, 248",AAIC,Anterior_Agranular_Insula_Complex,Insula_FrontalOperc,12.0,112.0,"1859, 1691",idx_R,248,248.0
1,249.0,1.80409836769104,0,0.001,,0.03560794379241199,0.005,0.11050741176955446,0,,"69, 249",AVI,Anterior_Ventral_Insular_Area,Insula_FrontalOperc,12.0,111.0,"1446, 1792",idx_R,249,249.0
1,250.0,3.46657657623291,1,0.001,+,0.00026356577953844866,0.005,0.0032718510563393625,1,+,"70, 250",FOP2,Frontal_Opercular_Area_2,Insula_FrontalOperc,12.0,115.0,"750, 720",idx_R,250,250.0
1,251.0,3.2430529594421387,1,0.001,+,0.0005912811381458195,0.005,0.0059128113814581945,0,,"71, 251",FOP3,Frontal_Opercular_Area_3,Insula_FrontalOperc,12.0,114.0,"754, 614",idx_R,251,251.0
1,252.0,2.596679449081421,0,0.001,,0.0047064861393687355,0.005,0.028717542545300758,0,,"72, 252",FOP4,Frontal_Opercular_Area_4,Insula_FrontalOperc,12.0,108.0,"2522, 1678",idx_R,252,252.0
1,253.0,2.405083179473877,0,0.001,,0.008084392553544739,0.005,0.038805084257014746,0,,"73, 253",FOP5,Area_Frontal_Opercular_5,Insula_FrontalOperc,12.0,169.0,"1297, 1365",idx_R,253,253.0
1,254.0,1.5954629182815552,0,0.001,,0.05530437793699605,0.005,0.15198149662075253,0,,"74, 254",Ig,Insular_Granular_Complex,Insula_FrontalOperc,12.0,168.0,"841, 1077",idx_R,254,254.0
1,255.0,3.3021938800811768,1,0.001,+,0.00047965868276841255,0.005,0.005078738994018486,0,,"75, 255",MI,Middle_Insular_Area,Insula_FrontalOperc,12.0,109.0,"2102, 1960",idx_R,255,255.0
1,256.0,0.41351786255836487,0,0.001,,0.339613619012221,0.005,0.3982439832065132,0,,"76, 256",PI,Para-Insular_Area,Insula_FrontalOperc,12.0,178.0,"1033, 1058",idx_R,256,256.0
1,257.0,0.5840250849723816,0,0.001,,0.2796017175992518,0.005,0.3579059608094898,0,,"77, 257",Pir,Pirform_Cortex,Insula_FrontalOperc,12.0,110.0,"2287, 1856",idx_R,257,257.0
1,258.0,2.8359882831573486,0,0.001,,0.002284206098898473,0.005,0.015813734530835583,0,,"78, 258",PoI1,Area_Posterior_Insular_1,Insula_FrontalOperc,12.0,167.0,"1811, 1835",idx_R,258,258.0
1,259.0,3.7376773357391357,1,0.001,+,9.286404324935399e-05,0.005,0.0014535241552072798,1,+,"79, 259",PoI2,Posterior_Insular_Area_2,Insula_FrontalOperc,12.0,106.0,"2747, 2675",idx_R,259,259.0
1,260.0,0.20281732082366943,0,0.001,,0.4196389096169062,0.005,0.44945336073674047,0,,"80, 260",H,Hippocampus,Medial_Temporal,13.0,120.0,"4283, 3626",idx_R,260,260.0
1,261.0,-1.3879932165145874,0,0.001,,0.08256955536874222,0.005,0.1905451277740205,0,,"81, 261",PreS,PreSubiculum,Medial_Temporal,13.0,119.0,"1817, 1558",idx_R,261,261.0
1,262.0,1.0901110172271729,0,0.001,,0.13783212188205707,0.005,0.24062813212240144,0,,"82, 262",EC,Entorhinal_Cortex,Medial_Temporal,13.0,118.0,"2127, 2110",idx_R,262,262.0
1,263.0,-1.7637847661972046,0,0.001,,0.03888411162436851,0.005,0.11665233487310553,0,,"83, 263",PeEc,Perirhinal_Ectorhinal_Cortex,Medial_Temporal,13.0,122.0,"4826, 4755",idx_R,263,263.0
1,264.0,-1.9701274633407593,0,0.001,,0.02441188206483574,0.005,0.0836978813651511,0,,"84, 264",TF,Area_TF,Medial_Temporal,13.0,135.0,"3986, 4752",idx_R,264,264.0
1,265.0,1.3170592784881592,0,0.001,,0.09390937767358981,0.005,0.19770395299703117,0,,"85, 265",PHA1,ParaHippocampal_Area_1,Medial_Temporal,13.0,126.0,"1281, 1168",idx_R,265,265.0
1,266.0,1.3553698062896729,0,0.001,,0.08764988224584985,0.005,0.19515487997342423,0,,"86, 266",PHA2,ParaHippocampal_Area_2,Medial_Temporal,13.0,155.0,"783, 771",idx_R,266,266.0
1,267.0,0.5788243412971497,0,0.001,,0.2813538525252378,0.005,0.3579059608094898,0,,"87, 267",PHA3,ParaHippocampal_Area_3,Medial_Temporal,13.0,127.0,"2023, 1122",idx_R,267,267.0
1,268.0,-1.313259243965149,0,0.001,,0.09454780343300706,0.005,0.19775362971967522,0,,"88, 268",PHT,Area_PHT,Lateral_Temporal,14.0,137.0,"4182, 3410",idx_R,268,268.0
1,269.0,1.669220209121704,0,0.001,,0.04753687322522378,0.005,0.13690619488864447,0,,"89, 269",TE1a,Area_TE1_anterior,Lateral_Temporal,14.0,132.0,"5227, 4180",idx_R,269,269.0
1,270.0,-2.0581448078155518,0,0.001,,0.019788117421195624,0.005,0.07269104358806557,0,,"90, 270",TE1m,Area_TE1_Middle,Lateral_Temporal,14.0,177.0,"3339, 3429",idx_R,270,270.0
1,271.0,-2.2214059829711914,0,0.001,,0.013161738084457463,0.005,0.05323849112814255,0,,"91, 271",TE1p,Area_TE1_posterior,Lateral_Temporal,14.0,133.0,"7116, 6010",idx_R,271,271.0
1,272.0,-1.1744437217712402,0,0.001,,0.12010867070689751,0.005,0.2287784203940905,0,,"92, 272",TE2a,Area_TE2_anterior,Lateral_Temporal,14.0,134.0,"5691, 5753",idx_R,272,272.0
1,273.0,-0.7717950940132141,0,0.001,,0.22011789894806866,0.005,0.31030567650809554,0,,"93, 273",TE2p,Area_TE2_posterior,Lateral_Temporal,14.0,136.0,"4115, 3040",idx_R,273,273.0
1,274.0,1.1894723176956177,0,0.001,,0.11712692897372001,0.005,0.2242856086730809,0,,"94, 274",TGd,Area_TG_dorsal,Lateral_Temporal,14.0,131.0,"10,192, 10,269",idx_R,274,274.0
1,275.0,-1.3274661302566528,0,0.001,,0.09217726835117429,0.005,0.19635394441670265,0,,"95, 275",TGv,Area_TG_Ventral,Lateral_Temporal,14.0,172.0,"3694, 4515",idx_R,275,275.0
1,276.0,2.1369593143463135,0,0.001,,0.016300650470745505,0.005,0.06377512605060794,0,,"96, 276",PSL,PeriSylvian_Language_Area,TPO,15.0,25.0,"2154, 2759",idx_R,276,276.0
1,277.0,4.197615623474121,1,0.001,+,1.3486997426798911e-05,0.005,0.0002856070043322122,1,+,"97, 277",STV,Superior_Temporal_Visual_Area,TPO,15.0,28.0,"2322, 2294",idx_R,277,277.0
1,278.0,2.9992566108703613,0,0.001,,0.0013531962957336074,0.005,0.01188172357229509,0,,"98, 278",TPOJ1,Area_TemporoParietoOccipital_Junction_1,TPO,15.0,139.0,"2102, 3938",idx_R,278,278.0
1,279.0,0.34022122621536255,0,0.001,,0.36684496720609744,0.005,0.42328265446857394,0,,"99, 279",TPOJ2,Area_TemporoParietoOccipital_Junction_2,TPO,15.0,140.0,"1930, 2068",idx_R,279,279.0
1,280.0,2.3212709426879883,0,0.001,,0.01013611272501041,0.005,0.04546559238700591,0,,"100, 280",TPOJ3,Area_TemporoParietoOccipital_Junction_3,TPO,15.0,141.0,"1290, 1277",idx_R,280,280.0
1,281.0,0.03199826553463936,0,0.001,,0.48723671704670884,0.005,0.48995870987937207,0,,"101, 281",7AL,Lateral_Area_7A,Superior_Parietal,16.0,42.0,"2134, 2030",idx_R,281,281.0
1,282.0,0.668510913848877,0,0.001,,0.2519037588220797,0.005,0.3365854496798016,0,,"102, 282",7Am,Medial_Area_7A,Superior_Parietal,16.0,45.0,"2995, 2379",idx_R,282,282.0
1,283.0,1.5884062051773071,0,0.001,,0.05609725761649716,0.005,0.15299252077226497,0,,"103, 283",7PC,Area_7PC,Superior_Parietal,16.0,47.0,"3151, 3415",idx_R,283,283.0
1,284.0,0.3652859330177307,0,0.001,,0.357448988910476,0.005,0.41510205163797215,0,,"104, 284",7Pl,Lateral_Area_7P,Superior_Parietal,16.0,46.0,"1695, 1363",idx_R,284,284.0
1,285.0,2.022540807723999,0,0.001,,0.0215602561189155,0.005,0.07684843765158,0,,"105, 285",7Pm,Medial_Area_7P,Superior_Parietal,16.0,29.0,"1601, 1308",idx_R,285,285.0
1,286.0,2.26163387298584,0,0.001,,0.011860016700529708,0.005,0.049075931174605694,0,,"106, 286",AIP,Anterior_IntraParietal_Area,Superior_Parietal,16.0,117.0,"1999, 2542",idx_R,286,286.0
1,287.0,0.7037979364395142,0,0.001,,0.24077930949828003,0.005,0.3270964204504936,0,,"107, 287",LIPd,Area_Lateral_IntraParietal_dorsal,Superior_Parietal,16.0,95.0,"1008, 869",idx_R,287,287.0
1,288.0,1.3422151803970337,0,0.001,,0.08976311789138008,0.005,0.19515487997342423,0,,"108, 288",LIPv,Area_Lateral_IntraParietal_ventral,Superior_Parietal,16.0,48.0,"1681, 1783",idx_R,288,288.0
1,289.0,0.9471411108970642,0,0.001,,0.17178343921016004,0.005,0.27243188597206,0,,"109, 289",MIP,Medial_IntraParietal_Area,Superior_Parietal,16.0,50.0,"1872, 2403",idx_R,289,289.0
1,290.0,1.042755365371704,0,0.001,,0.14853080421699838,0.005,0.2510379789583071,0,,"110, 290",VIP,Ventral_IntraParietal_Complex,Superior_Parietal,16.0,49.0,"1890, 1577",idx_R,290,290.0
1,291.0,-0.15579754114151,0,0.001,,0.43809630442201863,0.005,0.4611540046547564,0,,"111, 291",IP0,Area_IntraParietal_0,Inferior_Parietal,17.0,146.0,"1203, 1239",idx_R,291,291.0
1,292.0,-0.607194185256958,0,0.001,,0.27186102534222956,0.005,0.35287078434432556,0,,"112, 292",IP1,Area_IntraParietal_1,Inferior_Parietal,17.0,145.0,"1692, 1632",idx_R,292,292.0
1,293.0,1.351130485534668,0,0.001,,0.08832681872846992,0.005,0.19515487997342423,0,,"113, 293",IP2,Area_IntraParietal_2,Inferior_Parietal,17.0,144.0,"2102, 1861",idx_R,293,293.0
1,294.0,2.2667317390441895,0,0.001,,0.011703309146233435,0.005,0.048990596426093456,0,,"114, 294",PF,Area_PF_Complex,Inferior_Parietal,17.0,148.0,"5457, 5251",idx_R,294,294.0
1,295.0,0.1830439567565918,0,0.001,,0.4273817643596668,0.005,0.45385674091292055,0,,"115, 295",PFm,Area_PFm_Complex,Inferior_Parietal,17.0,149.0,"8220, 8141",idx_R,295,295.0
1,296.0,4.400622844696045,1,0.001,+,5.397029890679182e-06,0.005,0.00012952871737630038,1,+,"116, 296",PFop,Area_PF_Opercular,Inferior_Parietal,17.0,147.0,"1797, 1783",idx_R,296,296.0
1,297.0,2.5078513622283936,0,0.001,,0.0060733875295823575,0.005,0.033637223240763826,0,,"117, 297",PFt,Area_PFt,Inferior_Parietal,17.0,116.0,"1983, 2039",idx_R,297,297.0
1,298.0,2.945744752883911,0,0.001,,0.0016108907149058195,0.005,0.012606970812306413,0,,"118, 298",PGi,Area_PGi,Inferior_Parietal,17.0,150.0,"4791, 4970",idx_R,298,298.0
1,299.0,1.677581548690796,0,0.001,,0.04671440866900168,0.005,0.1356224767809726,0,,"119, 299",PGp,Area_PGp,Inferior_Parietal,17.0,143.0,"2501, 3740",idx_R,299,299.0
1,300.0,0.9746472835540771,0,0.001,,0.16486762530545812,0.005,0.26856264755640236,0,,"120, 300",PGs,Area_PGs,Inferior_Parietal,17.0,151.0,"4552, 3366",idx_R,300,300.0
1,301.0,1.1128422021865845,0,0.001,,0.13288810336670426,0.005,0.23919858606006766,0,,"121, 301",23d,Area_23d,Posterior_Cingulate,18.0,32.0,"1261, 1513",idx_R,301,301.0
1,302.0,1.1990959644317627,0,0.001,,0.11524531655544351,0.005,0.22233048976953537,0,,"122, 302",31a,Area_31a,Posterior_Cingulate,18.0,162.0,"1260, 1116",idx_R,302,302.0
1,303.0,2.1878347396850586,0,0.001,,0.014340821188596817,0.005,0.05673291898785554,0,,"123, 303",31pd,Area_31pd,Posterior_Cingulate,18.0,161.0,"1428, 864",idx_R,303,303.0
1,304.0,1.4186272621154785,0,0.001,,0.07800385674093696,0.005,0.18474597649169278,0,,"124, 304",31pv,Area_31p_ventral,Posterior_Cingulate,18.0,35.0,"950, 1022",idx_R,304,304.0
1,305.0,4.384532451629639,1,0.001,+,5.811757757185798e-06,0.005,0.00013076454953668047,1,+,"125, 305",7 m,Area_7m,Posterior_Cingulate,18.0,30.0,"2128, 2067",idx_R,305,305.0
1,306.0,0.7863886952400208,0,0.001,,0.21581990216573077,0.005,0.30954248916200433,0,,"126, 306",d23ab,Area_dorsal_23_a + b,Posterior_Cingulate,18.0,34.0,"1607, 1106",idx_R,306,306.0
1,307.0,3.6140236854553223,1,0.001,+,0.00015074075119596365,0.005,0.002009876682612849,1,+,"127, 307",DVT,Dorsal_Transitional_Visual_Area,Posterior_Cingulate,18.0,142.0,"1806, 2176",idx_R,307,307.0
1,308.0,2.9577126502990723,0,0.001,,0.001549654457237533,0.005,0.012397235657900263,0,,"128, 308",PCV,PreCuneus_Visual_Area,Posterior_Cingulate,18.0,27.0,"2245, 2416",idx_R,308,308.0
1,309.0,2.486078977584839,0,0.001,,0.006457964908555782,0.005,0.03458603837176966,0,,"129, 309",POS1,Parieto-Occipital_Sulcus_Area_1,Posterior_Cingulate,18.0,31.0,"2531, 2727",idx_R,309,309.0
1,310.0,5.0153584480285645,1,0.001,+,2.646734230341175e-07,0.005,9.528243229228231e-06,1,+,"130, 310",POS2,Parieto-Occipital_Sulcus_Area_2,Posterior_Cingulate,18.0,15.0,"3261, 3093",idx_R,310,310.0
1,311.0,-0.5532202124595642,0,0.001,,0.29005631401076715,0.005,0.36510584980376287,0,,"131, 311",ProS,ProStriate_Area,Posterior_Cingulate,18.0,121.0,"1222, 1055",idx_R,311,311.0
1,312.0,6.020285129547119,1,0.001,+,8.705504658270157e-10,0.005,1.0249402453825466e-07,1,+,"132, 312",RSC,RetroSplenial_Complex,Posterior_Cingulate,18.0,14.0,"2830, 3067",idx_R,312,312.0
1,313.0,3.8118510246276855,1,0.001,+,6.896500131334956e-05,0.005,0.0011822571653717067,1,+,"133, 313",v23ab,Area_ventral_23_a + b,Posterior_Cingulate,18.0,33.0,"916, 1089",idx_R,313,313.0
1,314.0,1.13832688331604,0,0.001,,0.1274920062287354,0.005,0.23536985765305,0,,"134, 314",10r,Area_10r,AntCing_MedPFC,19.0,65.0,"1589, 1053",idx_R,314,314.0
1,315.0,2.9233787059783936,0,0.001,,0.0017312755008867854,0.005,0.013260833623813676,0,,"135, 315",10v,Area_10v,AntCing_MedPFC,19.0,88.0,"3906, 2667",idx_R,315,315.0
1,316.0,0.9591864347457886,0,0.001,,0.16873241650642284,0.005,0.2689694947354225,0,,"136, 316",25,Area_25,AntCing_MedPFC,19.0,164.0,"1911, 2135",idx_R,316,316.0
1,317.0,-0.71473228931427,0,0.001,,0.23738724082247242,0.005,0.323709873848826,0,,"137, 317",33pr,Area_33_prime,AntCing_MedPFC,19.0,58.0,"1354, 1316",idx_R,317,317.0
1,318.0,-1.8395031690597534,0,0.001,,0.032920606108683866,0.005,0.10611634000923462,0,,"138, 318",8BM,Area_8BM,AntCing_MedPFC,19.0,63.0,"3122, 3436",idx_R,318,318.0
1,319.0,1.424200415611267,0,0.001,,0.07719423231644057,0.005,0.18403922936369937,0,,"139, 319",9 m,Area_9_Middle,AntCing_MedPFC,19.0,69.0,"6338, 5881",idx_R,319,319.0
1,320.0,1.5621368885040283,0,0.001,,0.05912787219554608,0.005,0.16004536834884653,0,,"140, 320",a24,Area_a24,AntCing_MedPFC,19.0,61.0,"2085, 2152",idx_R,320,320.0
1,321.0,1.3612877130508423,0,0.001,,0.08671139218269314,0.005,0.19515487997342423,0,,"141, 321",a24pr,Anterior_24_prime,AntCing_MedPFC,19.0,59.0,"1095, 1474",idx_R,321,321.0
1,322.0,-0.8975404500961304,0,0.001,,0.1847152995149413,0.005,0.2826720126307895,0,,"142, 322",a32pr,Area_anterior_32_prime,AntCing_MedPFC,19.0,179.0,"1759, 1118",idx_R,322,322.0
1,323.0,-0.05721927806735039,0,0.001,,0.4771852608204029,0.005,0.48390617998688745,0,,"143, 323",d32,Area_dorsal_32,AntCing_MedPFC,19.0,62.0,"2228, 2374",idx_R,323,323.0
1,324.0,0.4674735963344574,0,0.001,,0.3200805392207444,0.005,0.3866744769109664,0,,"144, 324",p24,Area_posterior_24,AntCing_MedPFC,19.0,180.0,"2394, 2442",idx_R,324,324.0
1,325.0,5.0958943367004395,1,0.001,+,1.7354934769270116e-07,0.005,8.559008140904028e-06,1,+,"145, 325",p24pr,Area_Posterior_24_prime,AntCing_MedPFC,19.0,57.0,"1422, 1724",idx_R,325,325.0
1,326.0,1.1153223514556885,0,0.001,,0.13235615528417538,0.005,0.23919858606006766,0,,"146, 326",p32,Area_p32,AntCing_MedPFC,19.0,64.0,"1180, 1765",idx_R,326,326.0
1,327.0,1.6882667541503906,0,0.001,,0.04568001704526782,0.005,0.13369761086419849,0,,"147, 327",p32pr,Area_p32_prime,AntCing_MedPFC,19.0,60.0,"1569, 1305",idx_R,327,327.0
1,328.0,0.20070749521255493,0,0.001,,0.4204636493227811,0.005,0.44945336073674047,0,,"148, 328",pOFC,Posterior_OFC_Complex,AntCing_MedPFC,19.0,166.0,"2486, 2836",idx_R,328,328.0
1,329.0,0.7990274429321289,0,0.001,,0.21213724973842862,0.005,0.30954248916200433,0,,"149, 329",s32,Area_s32,AntCing_MedPFC,19.0,165.0,"604, 1015",idx_R,329,329.0
1,330.0,0.9057504534721375,0,0.001,,0.18253397555002393,0.005,0.2826720126307895,0,,"150, 330",10d,Area_10d,OrbPolaFrontal,20.0,72.0,"3644, 3096",idx_R,330,330.0
1,331.0,0.6023371815681458,0,0.001,,0.27347485786685233,0.005,0.35287078434432556,0,,"151, 331",10 pp,Polar_10p,OrbPolaFrontal,20.0,90.0,"1997, 2487",idx_R,331,331.0
1,332.0,-0.09637270867824554,0,0.001,,0.46161228326691345,0.005,0.47480120564596806,0,,"152, 332",11 l,Area_11l,OrbPolaFrontal,20.0,91.0,"3531, 3793",idx_R,332,332.0
1,333.0,-2.9874651432037354,0,0.001,,0.0014065068528596701,0.005,0.011921545219987218,0,,"153, 333",13 l,Area_13l,OrbPolaFrontal,20.0,92.0,"2429, 1757",idx_R,333,333.0
1,334.0,-0.7517555356025696,0,0.001,,0.22609904304092493,0.005,0.31426894013410417,0,,"154, 334",47 m,Area_47m,OrbPolaFrontal,20.0,66.0,"799, 781",idx_R,334,334.0
1,335.0,0.012716183438897133,0,0.001,,0.49492711349666024,0.005,0.49492711349666024,0,,"155, 335",47 s,Area_47s,OrbPolaFrontal,20.0,94.0,"2795, 3080",idx_R,335,335.0
1,336.0,2.317812442779541,0,0.001,,0.01022975828707633,0.005,0.04546559238700591,0,,"156, 336",a10p,Area_anterior_10p,OrbPolaFrontal,20.0,89.0,"1964, 1748",idx_R,336,336.0
1,337.0,-0.524575412273407,0,0.001,,0.29993919150184734,0.005,0.37233830669194845,0,,"157, 337",OFC,Orbital_Frontal_Complex,OrbPolaFrontal,20.0,93.0,"4560, 5232",idx_R,337,337.0
1,338.0,1.0902998447418213,0,0.001,,0.13779054178969813,0.005,0.24062813212240144,0,,"158, 338",p10p,Area_posterior_10p,OrbPolaFrontal,20.0,170.0,"2116, 2365",idx_R,338,338.0
1,339.0,0.24660605192184448,0,0.001,,0.40260656021357605,0.005,0.4456530221531024,0,,"159, 339",44,Area_44,Inferior_Frontal,21.0,74.0,"2435, 2589",idx_R,339,339.0
1,340.0,0.44193413853645325,0,0.001,,0.3292684330166543,0.005,0.3933212929700521,0,,"160, 340",45,Area_45,Inferior_Frontal,21.0,75.0,"3762, 2962",idx_R,340,340.0
1,341.0,-0.2949693202972412,0,0.001,,0.3840086581893631,0.005,0.4342725450188666,0,,"161, 341",47 l,Area_47l_(47_lateral),Inferior_Frontal,21.0,76.0,"2527, 2592",idx_R,341,341.0
1,342.0,-1.3408284187316895,0,0.001,,0.08998808354330118,0.005,0.19515487997342423,0,,"162, 342",a47r,Area_anterior_47r,Inferior_Frontal,21.0,77.0,"4167, 3763",idx_R,342,342.0
1,343.0,0.5812821984291077,0,0.001,,0.2805251381399393,0.005,0.3579059608094898,0,,"163, 343",IFJa,Area_IFJa,Inferior_Frontal,21.0,79.0,"1513, 1405",idx_R,343,343.0
1,344.0,-1.0608677864074707,0,0.001,,0.14437499539295306,0.005,0.24638372582936433,0,,"164, 344",IFJp,Area_IFJp,Inferior_Frontal,21.0,80.0,"960, 740",idx_R,344,344.0
1,345.0,-2.5178422927856445,0,0.001,,0.005903808851486185,0.005,0.033208924789609795,0,,"165, 345",IFSa,Area_IFSa,Inferior_Frontal,21.0,82.0,"2057, 2641",idx_R,345,345.0
1,346.0,-1.649001121520996,0,0.001,,0.0495737024746366,0.005,0.14163914992753315,0,,"166, 346",IFSp,Area_IFSp,Inferior_Frontal,21.0,81.0,"1589, 1730",idx_R,346,346.0
1,347.0,-1.3282524347305298,0,0.001,,0.09204736373775985,0.005,0.19635394441670265,0,,"167, 347",p47r,Area_posterior_47r,Inferior_Frontal,21.0,171.0,"2133, 1761",idx_R,347,347.0
1,348.0,-0.1578453779220581,0,0.001,,0.43728932021567046,0.005,0.4611540046547564,0,,"168, 348",46,Area_46,Dorsolateral_Prefrontal,22.0,84.0,"4863, 4394",idx_R,348,348.0
1,349.0,1.496584415435791,0,0.001,,0.06725071387913376,0.005,0.16930249647893814,0,,"169, 349",8Ad,Area_8Ad,Dorsolateral_Prefrontal,22.0,68.0,"3386, 3492",idx_R,349,349.0
1,350.0,-0.05913235992193222,0,0.001,,0.47642334211895754,0.005,0.48390617998688745,0,,"170, 350",8Av,Area_8Av,Dorsolateral_Prefrontal,22.0,67.0,"4807, 5902",idx_R,350,350.0
1,351.0,-0.1459057480096817,0,0.001,,0.44199789694895336,0.005,0.4625559386675094,0,,"171, 351",8BL,Area_8B_Lateral,Dorsolateral_Prefrontal,22.0,70.0,"3377, 4078",idx_R,351,351.0
1,352.0,0.03729069605469704,0,0.001,,0.48512661190374234,0.005,0.4892033061214208,0,,"172, 352",8C,Area_8C,Dorsolateral_Prefrontal,22.0,73.0,"4085, 3134",idx_R,352,352.0
1,353.0,1.3307245969772339,0,0.001,,0.09163982326167691,0.005,0.19635394441670265,0,,"173, 353",9-46d,Area_9-46d,Dorsolateral_Prefrontal,22.0,86.0,"4534, 4666",idx_R,353,353.0
1,354.0,-0.19482500851154327,0,0.001,,0.42276497172921074,0.005,0.4502822184098103,0,,"174, 354",9a,Area_9_anterior,Dorsolateral_Prefrontal,22.0,87.0,"3706, 3048",idx_R,354,354.0
1,355.0,0.2946327030658722,0,0.001,,0.38413723855432436,0.005,0.4342725450188666,0,,"175, 355",9p,Area_9_Posterior,Dorsolateral_Prefrontal,22.0,71.0,"3426, 2488",idx_R,355,355.0
1,356.0,-0.9292834997177124,0,0.001,,0.17637109202743978,0.005,0.27848067162227336,0,,"176, 356",a9-46v,Area_anterior_9-46v,Dorsolateral_Prefrontal,22.0,85.0,"3314, 2628",idx_R,356,356.0
1,357.0,-0.06323966383934021,0,0.001,,0.4747878303979677,0.005,0.48390617998688745,0,,"177, 357",i6-8,Inferior_6-8_Transitional_Area,Dorsolateral_Prefrontal,22.0,97.0,"1764, 2418",idx_R,357,357.0
1,358.0,-1.4423248767852783,0,0.001,,0.07460537273773257,0.005,0.18025459184955522,0,,"178, 358",p9-46v,Area_posterior_9-46v,Dorsolateral_Prefrontal,22.0,83.0,"2871, 4635",idx_R,358,358.0
1,359.0,0.42938730120658875,0,0.001,,0.33382069682386023,0.005,0.39429167418927635,0,,"179, 359",s6-8,Superior_6-8_Transitional_Area,Dorsolateral_Prefrontal,22.0,98.0,"1336, 2132",idx_R,359,359.0
1,360.0,0.2928622364997864,0,0.001,,0.38481372739171793,0.005,0.4342725450188666,0,,"180, 360",SFL,Superior_Frontal_Language_Area,Dorsolateral_Prefrontal,22.0,26.0,"3873, 3055",idx_R,360,360.0
2,1.0,-0.7008059620857239,0,0.001,,0.24171205839685633,0.005,0.3333959426163536,0,,"1, 181",V1,Primary_Visual_Cortex,Primary_Visual,1.0,1.0,"13,812, 13,406",idx_L,1,1.0
2,2.0,-0.10741182416677475,0,0.001,,0.45723113722396996,0.005,0.47299772816272756,0,,"2, 182",V2,Second_Visual_Area,Early_Visual,2.0,4.0,"9515, 9420",idx_L,2,2.0
2,3.0,-0.5113794207572937,0,0.001,,0.30454270108905773,0.005,0.38334046290930346,0,,"3, 183",V3,Third_Visual_Area,Early_Visual,2.0,5.0,"7106, 7481",idx_L,3,3.0
2,4.0,-2.357067584991455,0,0.001,,0.009209947038593376,0.005,0.036839788154373505,0,,"4, 184",V4,Fourth_Visual_Area,Early_Visual,2.0,6.0,"4782, 4537",idx_L,4,4.0
2,5.0,-1.4532101154327393,0,0.001,,0.07308271223531804,0.005,0.14221500759305133,0,,"5, 185",IPS1,IntraParietal_Sulcus_Area_1,Dorsal_Stream_Visual,3.0,17.0,"1751, 1750",idx_L,5,5.0
2,6.0,-0.29481208324432373,0,0.001,,0.38406871769075346,0.005,0.43608952657935035,0,,"6, 186",V3A,Area_V3A,Dorsal_Stream_Visual,3.0,13.0,"2191, 2212",idx_L,6,6.0
2,7.0,-1.4203226566314697,0,0.001,,0.07775688405340238,0.005,0.1496923971081543,0,,"7, 187",V3B,Area_V3B,Dorsal_Stream_Visual,3.0,19.0,"639, 731",idx_L,7,7.0
2,8.0,0.11212391406297684,0,0.001,,0.45536257815114645,0.005,0.47299772816272756,0,,"8, 188",V6,Sixth_Visual_Area,Dorsal_Stream_Visual,3.0,3.0,"1402, 1559",idx_L,8,8.0
2,9.0,0.7926021218299866,0,0.001,,0.21400483605739634,0.005,0.31065218137363987,0,,"9, 189",V6A,Area_V6A,Dorsal_Stream_Visual,3.0,152.0,"904, 734",idx_L,9,9.0
2,10.0,-1.80880606174469,0,0.001,,0.03524056911867312,0.005,0.08572030326163732,0,,"10, 190",V7,Seventh_Visual_Area,Dorsal_Stream_Visual,3.0,16.0,"1005, 1041",idx_L,10,10.0
2,11.0,-1.7658815383911133,0,0.001,,0.03870786254518895,0.005,0.0922836458030995,0,,"11, 191",FFC,Fusiform_Face_Complex,Ventral_Stream_Visual,4.0,18.0,"3848, 4402",idx_L,11,11.0
2,12.0,-0.6742241978645325,0,0.001,,0.2500843938665614,0.005,0.33973728978098905,0,,"12, 192",PIT,Posterior_InferoTemporal_complex,Ventral_Stream_Visual,4.0,22.0,"1392, 1386",idx_L,12,12.0
2,13.0,-1.4968782663345337,0,0.001,,0.06721246816101396,0.005,0.13523881910226498,0,,"13, 193",V8,Eighth_Visual_Area,Ventral_Stream_Visual,4.0,7.0,"1361, 1175",idx_L,13,13.0
2,14.0,0.33366942405700684,0,0.001,,0.3693145122864663,0.005,0.4309763032523474,0,,"14, 194",VMV1,VentroMedial_Visual_Area_1,Ventral_Stream_Visual,4.0,153.0,"939, 1219",idx_L,14,14.0
2,15.0,-1.5576249361038208,0,0.001,,0.05966109198160316,0.005,0.12560229890863822,0,,"15, 195",VMV2,VentroMedial_Visual_Area_2,Ventral_Stream_Visual,4.0,160.0,"639, 923",idx_L,15,15.0
2,16.0,-1.6650111675262451,0,0.001,,0.0479552639199205,0.005,0.10722916156007067,0,,"16, 196",VMV3,VentroMedial_Visual_Area_3,Ventral_Stream_Visual,4.0,154.0,"941, 1242",idx_L,16,16.0
2,17.0,-1.1130057573318481,0,0.001,,0.1328529784137571,0.005,0.21838845766645001,0,,"17, 197",VVC,Ventral_Visual_Complex,Ventral_Stream_Visual,4.0,163.0,"2487, 2753",idx_L,17,17.0
2,18.0,-3.3141098022460938,1,0.001,-,0.0004596769843510829,0.005,0.004307069241918167,1,-,"18, 198",FST,Area_FST,MT + _Complex,5.0,157.0,"1324, 1683",idx_L,18,18.0
2,19.0,-1.5276695489883423,0,0.001,,0.06329730213124053,0.005,0.1302115929556948,0,,"19, 199",LO1,Area_Lateral_Occipital_1,MT + _Complex,5.0,20.0,"619, 909",idx_L,19,19.0
2,20.0,-2.3088765144348145,0,0.001,,0.010475217287399754,0.005,0.03969556024698854,0,,"20, 200",LO2,Area_Lateral_Occipital_2,MT + _Complex,5.0,21.0,"1179, 1062",idx_L,20,20.0
2,21.0,0.20861390233039856,0,0.001,,0.4173748284337013,0.005,0.4485106028245751,0,,"21, 201",LO3,Area_Lateral_Occipital_3,MT + _Complex,5.0,159.0,"438, 915",idx_L,21,21.0
2,22.0,-1.0620231628417969,0,0.001,,0.14411258498701446,0.005,0.23058013597922314,0,,"22, 202",MST,Medial_Superior_Temporal_Area,MT + _Complex,5.0,2.0,"794, 1036",idx_L,22,22.0
2,23.0,0.17916125059127808,0,0.001,,0.4289055444642658,0.005,0.4548865590197784,0,,"23, 203",MT,Middle_Temporal_Area,MT + _Complex,5.0,23.0,"620, 1005",idx_L,23,23.0
2,24.0,-3.1341583728790283,1,0.001,-,0.0008617390448768865,0.005,0.006600554386291046,0,,"24, 204",PH,Area_PH,MT + _Complex,5.0,138.0,"3453, 3205",idx_L,24,24.0
2,25.0,-1.8995444774627686,0,0.001,,0.02874646223569473,0.005,0.075734844640725,0,,"25, 205",V3CD,Area_V3CD,MT + _Complex,5.0,158.0,"876, 1222",idx_L,25,25.0
2,26.0,-3.751575231552124,1,0.001,-,8.786350282547105e-05,0.005,0.0011296736077560563,1,-,"26, 206",V4t,Area_V4t,MT + _Complex,5.0,156.0,"1037, 1249",idx_L,26,26.0
2,27.0,-1.7244205474853516,0,0.001,,0.04231597542017388,0.005,0.09765225096963202,0,,"27, 207",1,Area_1,SomaSens_Motor,6.0,51.0,"6590, 5925",idx_L,27,27.0
2,28.0,-1.898405909538269,0,0.001,,0.02882131587716479,0.005,0.075734844640725,0,,"28, 208",2,Area_2,SomaSens_Motor,6.0,52.0,"4278, 4727",idx_L,28,28.0
2,29.0,-1.6521462202072144,0,0.001,,0.049252373319413595,0.005,0.10745972360599329,0,,"29, 209",3a,Area_3a,SomaSens_Motor,6.0,53.0,"2247, 2286",idx_L,29,29.0
2,30.0,-1.6884125471115112,0,0.001,,0.0456660317894154,0.005,0.10339478895716693,0,,"30, 210",3b,Primary_Sensory_Cortex,SomaSens_Motor,6.0,9.0,"5451, 4350",idx_L,30,30.0
2,31.0,-2.5520527362823486,0,0.001,,0.005354515397848275,0.005,0.026603281879767387,0,,"31, 211",4,Primary_Motor_Cortex,SomaSens_Motor,6.0,8.0,"10,776, 10,254",idx_L,31,31.0
2,32.0,-2.164698839187622,0,0.001,,0.015205378022066457,0.005,0.05068459340688819,0,,"32, 212",23c,Area_23c,ParaCentral_MidCing,7.0,38.0,"2259, 2498",idx_L,32,32.0
2,33.0,-1.6144282817840576,0,0.001,,0.05321728066478101,0.005,0.11471988646300098,0,,"33, 213",24dd,Dorsal_Area_24d,ParaCentral_MidCing,7.0,40.0,"2665, 2820",idx_L,33,33.0
2,34.0,-0.5893458724021912,0,0.001,,0.27781463926064154,0.005,0.3650119347950035,0,,"34, 214",24dv,Ventral_Area_24d,ParaCentral_MidCing,7.0,41.0,"1076, 1349",idx_L,34,34.0
2,35.0,-1.0324136018753052,0,0.001,,0.1509392013427327,0.005,0.2372843339885754,0,,"35, 215",5L,Area_5L,ParaCentral_MidCing,7.0,39.0,"2249, 2327",idx_L,35,35.0
2,36.0,0.3739451766014099,0,0.001,,0.3542225522959195,0.005,0.4264886917275285,0,,"36, 216",5 m,Area_5m,ParaCentral_MidCing,7.0,36.0,"1483, 2079",idx_L,36,36.0
2,37.0,0.26033300161361694,0,0.001,,0.3973034591760659,0.005,0.43889741426553386,0,,"37, 217",5mv,Area_5m_ventral,ParaCentral_MidCing,7.0,37.0,"1651, 1996",idx_L,37,37.0
2,38.0,-1.6596463918685913,0,0.001,,0.04849280486487654,0.005,0.10745972360599329,0,,"38, 218",6ma,Area_6m_anterior,ParaCentral_MidCing,7.0,44.0,"3941, 4251",idx_L,38,38.0
2,39.0,-1.8289361000061035,0,0.001,,0.033704590714395744,0.005,0.08368036315298254,0,,"39, 219",6mp,Area_6mp,ParaCentral_MidCing,7.0,55.0,"3701, 3105",idx_L,39,39.0
2,40.0,-2.5860707759857178,0,0.001,,0.004853849730539228,0.005,0.024611069056255243,0,,"40, 220",SCEF,Supplementary_and_Cingulate_Eye_Field,ParaCentral_MidCing,7.0,43.0,"3500, 3371",idx_L,40,40.0
2,41.0,-3.9691684246063232,1,0.001,-,3.6061945733140895e-05,0.005,0.0005644478462578574,1,-,"41, 221",55b,Area_55b,Premotor,8.0,12.0,"2422, 1537",idx_L,41,41.0
2,42.0,-0.14724281430244446,0,0.001,,0.4414701839659819,0.005,0.46516697991750633,0,,"42, 222",6a,Area_6_anterior,Premotor,8.0,96.0,"4233, 3752",idx_L,42,42.0
2,43.0,-3.097306728363037,1,0.001,-,0.0009764384657316306,0.005,0.006892506816929157,0,,"43, 223",6d,Dorsal_area_6,Premotor,8.0,54.0,"2916, 2909",idx_L,43,43.0
2,44.0,-2.865269899368286,0,0.001,,0.0020832697707496147,0.005,0.012499618624497688,0,,"44, 224",6r,Rostral_Area_6,Premotor,8.0,78.0,"3029, 3981",idx_L,44,44.0
2,45.0,-2.083159923553467,0,0.001,,0.018618324383475094,0.005,0.057923247573800705,0,,"45, 225",6v,Ventral_Area_6,Premotor,8.0,56.0,"2075, 2516",idx_L,45,45.0
2,46.0,-2.237985372543335,0,0.001,,0.01261100451311266,0.005,0.04407729732738405,0,,"46, 226",FEF,Frontal_Eye_Fields,Premotor,8.0,10.0,"1787, 1889",idx_L,46,46.0
2,47.0,-2.7111895084381104,0,0.001,,0.003352114856589362,0.005,0.0177464904172378,0,,"47, 227",PEF,Premotor_Eye_Field,Premotor,8.0,11.0,"1006, 1258",idx_L,47,47.0
2,48.0,-2.2827885150909424,0,0.001,,0.01122141440264908,0.005,0.0412215222954456,0,,"48, 228",43,Area_43,Posterior_Opercular,9.0,99.0,"1889, 1678",idx_L,48,48.0
2,49.0,-2.2209036350250244,0,0.001,,0.013178744491617846,0.005,0.04561873093252332,0,,"49, 229",FOP1,Frontal_Opercular_Area_1,Posterior_Opercular,9.0,113.0,"879, 932",idx_L,49,49.0
2,50.0,-1.701634168624878,0,0.001,,0.0444119840627217,0.005,0.10119186242139122,0,,"50, 230",OP1,Area_OP1-SII,Posterior_Opercular,9.0,101.0,"1275, 1072",idx_L,50,50.0
2,51.0,-1.128712773323059,0,0.001,,0.12950950956256457,0.005,0.21386891487395987,0,,"51, 231",OP2-3,Area_OP2-3-VS,Posterior_Opercular,9.0,102.0,"943, 792",idx_L,51,51.0
2,52.0,-0.7152290940284729,0,0.001,,0.2372337470821177,0.005,0.3297457488400092,0,,"52, 232",OP4,Area_OP4-PV,Posterior_Opercular,9.0,100.0,"2332, 2409",idx_L,52,52.0
2,53.0,-3.2497897148132324,1,0.001,-,0.0005774518669723897,0.005,0.0047277519990910144,1,-,"53, 233",52,Area_52,Early_Auditory,10.0,103.0,"725, 580",idx_L,53,53.0
2,54.0,1.162354588508606,0,0.001,,0.12254573064437313,0.005,0.20549218696810134,0,,"54, 234",A1,Primary_Auditory_Cortex,Early_Auditory,10.0,24.0,"1023, 796",idx_L,54,54.0
2,55.0,1.4664483070373535,0,0.001,,0.07126309709293543,0.005,0.1400945825021676,0,,"55, 235",LBelt,Lateral_Belt_Complex,Early_Auditory,10.0,174.0,"820, 901",idx_L,55,55.0
2,56.0,1.9998763799667358,0,0.001,,0.022756807138391753,0.005,0.06553960455856825,0,,"56, 236",MBelt,Medial_Belt_Complex,Early_Auditory,10.0,173.0,"1242, 1236",idx_L,56,56.0
2,57.0,0.07214045524597168,0,0.001,,0.4712450657238813,0.005,0.4793393777040914,0,,"57, 237",PBelt,ParaBelt_Complex,Early_Auditory,10.0,124.0,"1719, 1439",idx_L,57,57.0
2,58.0,-3.0218212604522705,0,0.001,,0.0012562943147164725,0.005,0.00837529543144315,0,,"58, 238",PFcm,Area_PFcm,Early_Auditory,10.0,105.0,"1486, 1485",idx_L,58,58.0
2,59.0,-1.0435017347335815,0,0.001,,0.14835798890151647,0.005,0.23527429175696363,0,,"59, 239",RI,RetroInsular_Cortex,Early_Auditory,10.0,104.0,"1149, 1334",idx_L,59,59.0
2,60.0,0.7194815874099731,0,0.001,,0.23592212152987824,0.005,0.3297457488400092,0,,"60, 240",A4,Auditory_4_Complex,Auditory_Association,11.0,175.0,"3514, 3610",idx_L,60,60.0
2,61.0,1.5328006744384766,0,0.001,,0.06266248721234115,0.005,0.12964652526691273,0,,"61, 241",A5,Auditory_5_Complex,Auditory_Association,11.0,125.0,"3346, 3881",idx_L,61,61.0
2,62.0,0.34326109290122986,0,0.001,,0.36570102396444726,0.005,0.43023649878170267,0,,"62, 242",STGa,Area_STGa,Auditory_Association,11.0,123.0,"2509, 2187",idx_L,62,62.0
2,63.0,0.8514613509178162,0,0.001,,0.19725656199532893,0.005,0.29223194369678357,0,,"63, 243",STSda,Area_STSd_anterior,Auditory_Association,11.0,128.0,"1944, 2389",idx_L,63,63.0
2,64.0,0.12723331153392792,0,0.001,,0.44937787041580185,0.005,0.46891603869474974,0,,"64, 244",STSdp,Area_STSd_posterior,Auditory_Association,11.0,129.0,"1994, 2605",idx_L,64,64.0
2,65.0,2.9953577518463135,0,0.001,,0.0013706156270594204,0.005,0.008811100459667702,0,,"65, 245",STSva,Area_STSv_anterior,Auditory_Association,11.0,176.0,"1694, 1900",idx_L,65,65.0
2,66.0,-0.6767284870147705,0,0.001,,0.24928911933242376,0.005,0.33973728978098905,0,,"66, 246",STSvp,Area_STSv_posterior,Auditory_Association,11.0,130.0,"2898, 2515",idx_L,66,66.0
2,67.0,-3.4666218757629395,1,0.001,-,0.0002635213698209677,0.005,0.002874778579865102,1,-,"67, 247",TA2,Area_TA2,Auditory_Association,11.0,107.0,"1518, 1726",idx_L,67,67.0
2,68.0,-0.7243930697441101,0,0.001,,0.23441222665421863,0.005,0.3296421937324949,0,,"68, 248",AAIC,Anterior_Agranular_Insula_Complex,Insula_FrontalOperc,12.0,112.0,"1859, 1691",idx_L,68,68.0
2,69.0,0.4601520299911499,0,0.001,,0.32270355007061075,0.005,0.3993144340197555,0,,"69, 249",AVI,Anterior_Ventral_Insular_Area,Insula_FrontalOperc,12.0,111.0,"1446, 1792",idx_L,69,69.0
2,70.0,-0.5617428421974182,0,0.001,,0.2871456201230377,0.005,0.3731856434812042,0,,"70, 250",FOP2,Frontal_Opercular_Area_2,Insula_FrontalOperc,12.0,115.0,"750, 720",idx_L,70,70.0
2,71.0,0.08601675182580948,0,0.001,,0.4657265502749791,0.005,0.47766825669228624,0,,"71, 251",FOP3,Frontal_Opercular_Area_3,Insula_FrontalOperc,12.0,114.0,"754, 614",idx_L,71,71.0
2,72.0,-2.0720131397247314,0,0.001,,0.019132107912519267,0.005,0.05886802434621313,0,,"72, 252",FOP4,Frontal_Opercular_Area_4,Insula_FrontalOperc,12.0,108.0,"2522, 1678",idx_L,72,72.0
2,73.0,-1.5400335788726807,0,0.001,,0.06177608430732705,0.005,0.12855138931004473,0,,"73, 253",FOP5,Area_Frontal_Opercular_5,Insula_FrontalOperc,12.0,169.0,"1297, 1365",idx_L,73,73.0
2,74.0,-1.3091315031051636,0,0.001,,0.09524490481336384,0.005,0.17317255420611607,0,,"74, 254",Ig,Insular_Granular_Complex,Insula_FrontalOperc,12.0,168.0,"841, 1077",idx_L,74,74.0
2,75.0,-2.4577648639678955,0,0.001,,0.006990233824215804,0.005,0.031854230085034047,0,,"75, 255",MI,Middle_Insular_Area,Insula_FrontalOperc,12.0,109.0,"2102, 1960",idx_L,75,75.0
2,76.0,-2.4813499450683594,0,0.001,,0.006544290270762612,0.005,0.03059668178538364,0,,"76, 256",PI,Para-Insular_Area,Insula_FrontalOperc,12.0,178.0,"1033, 1058",idx_L,76,76.0
2,77.0,-2.673978090286255,0,0.001,,0.0037478674235141593,0.005,0.01927474674950139,0,,"77, 257",Pir,Pirform_Cortex,Insula_FrontalOperc,12.0,110.0,"2287, 1856",idx_L,77,77.0
2,78.0,-2.2586586475372314,0,0.001,,0.01195231332036341,0.005,0.04218463524834145,0,,"78, 258",PoI1,Area_Posterior_Insular_1,Insula_FrontalOperc,12.0,167.0,"1811, 1835",idx_L,78,78.0
2,79.0,-3.4081339836120605,1,0.001,-,0.00032704384825716504,0.005,0.0034628172168405707,1,-,"79, 259",PoI2,Posterior_Insular_Area_2,Insula_FrontalOperc,12.0,106.0,"2747, 2675",idx_L,79,79.0
2,80.0,0.7614007592201233,0,0.001,,0.22320886705897497,0.005,0.320140207733988,0,,"80, 260",H,Hippocampus,Medial_Temporal,13.0,120.0,"4283, 3626",idx_L,80,80.0
2,81.0,0.8187628984451294,0,0.001,,0.20646085133099717,0.005,0.30461437081622533,0,,"81, 261",PreS,PreSubiculum,Medial_Temporal,13.0,119.0,"1817, 1558",idx_L,81,81.0
2,82.0,0.29368096590042114,0,0.001,,0.38450085013820157,0.005,0.43608952657935035,0,,"82, 262",EC,Entorhinal_Cortex,Medial_Temporal,13.0,118.0,"2127, 2110",idx_L,82,82.0
2,83.0,-0.9552969932556152,0,0.001,,0.16971376379820918,0.005,0.2622186908470185,0,,"83, 263",PeEc,Perirhinal_Ectorhinal_Cortex,Medial_Temporal,13.0,122.0,"4826, 4755",idx_L,83,83.0
2,84.0,-0.4071274995803833,0,0.001,,0.3419571734591652,0.005,0.41551960873817173,0,,"84, 264",TF,Area_TF,Medial_Temporal,13.0,135.0,"3986, 4752",idx_L,84,84.0
2,85.0,1.346929907798767,0,0.001,,0.08900140406428603,0.005,0.1660129816743159,0,,"85, 265",PHA1,ParaHippocampal_Area_1,Medial_Temporal,13.0,126.0,"1281, 1168",idx_L,85,85.0
2,86.0,1.9516369104385376,0,0.001,,0.0254906638936393,0.005,0.07058953078238575,0,,"86, 266",PHA2,ParaHippocampal_Area_2,Medial_Temporal,13.0,155.0,"783, 771",idx_L,86,86.0
2,87.0,0.5852509140968323,0,0.001,,0.279189507421004,0.005,0.36548444607840525,0,,"87, 267",PHA3,ParaHippocampal_Area_3,Medial_Temporal,13.0,127.0,"2023, 1122",idx_L,87,87.0
2,88.0,-3.7843964099884033,1,0.001,-,7.704103383869523e-05,0.005,0.0010667220069973185,1,-,"88, 268",PHT,Area_PHT,Lateral_Temporal,14.0,137.0,"4182, 3410",idx_L,88,88.0
2,89.0,1.7120981216430664,0,0.001,,0.04343929373970132,0.005,0.0996060238617355,0,,"89, 269",TE1a,Area_TE1_anterior,Lateral_Temporal,14.0,132.0,"5227, 4180",idx_L,89,89.0
2,90.0,-2.4029088020324707,0,0.001,,0.00813262161215904,0.005,0.034043532329968075,0,,"90, 270",TE1m,Area_TE1_Middle,Lateral_Temporal,14.0,177.0,"3339, 3429",idx_L,90,90.0
2,91.0,-1.090259313583374,0,0.001,,0.13779946608805532,0.005,0.22345859365630594,0,,"91, 271",TE1p,Area_TE1_posterior,Lateral_Temporal,14.0,133.0,"7116, 6010",idx_L,91,91.0
2,92.0,-2.1099414825439453,0,0.001,,0.01743169828898236,0.005,0.05704919440030591,0,,"92, 272",TE2a,Area_TE2_anterior,Lateral_Temporal,14.0,134.0,"5691, 5753",idx_L,92,92.0
2,93.0,-1.1614744663238525,0,0.001,,0.12272450055039386,0.005,0.20549218696810134,0,,"93, 273",TE2p,Area_TE2_posterior,Lateral_Temporal,14.0,136.0,"4115, 3040",idx_L,93,93.0
2,94.0,-2.5382628440856934,0,0.001,,0.005570213969978766,0.005,0.02709833823232913,0,,"94, 274",TGd,Area_TG_dorsal,Lateral_Temporal,14.0,131.0,"10,192, 10,269",idx_L,94,94.0
2,95.0,-1.745284914970398,0,0.001,,0.040467643222012004,0.005,0.09470603482603483,0,,"95, 275",TGv,Area_TG_Ventral,Lateral_Temporal,14.0,172.0,"3694, 4515",idx_L,95,95.0
2,96.0,-5.564047813415527,1,0.001,-,1.3179383663718128e-08,0.005,6.777968741340751e-07,1,-,"96, 276",PSL,PeriSylvian_Language_Area,TPO,15.0,25.0,"2154, 2759",idx_L,96,96.0
2,97.0,-4.21898078918457,1,0.001,-,1.2270459013320479e-05,0.005,0.00022086826223976862,1,-,"97, 277",STV,Superior_Temporal_Visual_Area,TPO,15.0,28.0,"2322, 2294",idx_L,97,97.0
2,98.0,-1.9107576608657837,0,0.001,,0.028017865503499884,0.005,0.07559504721106473,0,,"98, 278",TPOJ1,Area_TemporoParietoOccipital_Junction_1,TPO,15.0,139.0,"2102, 3938",idx_L,98,98.0
2,99.0,-0.47123080492019653,0,0.001,,0.31873796135222743,0.005,0.3970438272899719,0,,"99, 279",TPOJ2,Area_TemporoParietoOccipital_Junction_2,TPO,15.0,140.0,"1930, 2068",idx_L,99,99.0
2,100.0,2.3030636310577393,0,0.001,,0.010637631601076995,0.005,0.03989111850403873,0,,"100, 280",TPOJ3,Area_TemporoParietoOccipital_Junction_3,TPO,15.0,141.0,"1290, 1277",idx_L,100,100.0
2,101.0,-1.207292914390564,0,0.001,,0.11365967923819442,0.005,0.19671867560456727,0,,"101, 281",7AL,Lateral_Area_7A,Superior_Parietal,16.0,42.0,"2134, 2030",idx_L,101,101.0
2,102.0,-0.42999088764190674,0,0.001,,0.33360113489052085,0.005,0.40988535344910415,0,,"102, 282",7Am,Medial_Area_7A,Superior_Parietal,16.0,45.0,"2995, 2379",idx_L,102,102.0
2,103.0,-1.8792780637741089,0,0.001,,0.03010326766588385,0.005,0.07823004486243962,0,,"103, 283",7PC,Area_7PC,Superior_Parietal,16.0,47.0,"3151, 3415",idx_L,103,103.0
2,104.0,0.22312162816524506,0,0.001,,0.41172042289082367,0.005,0.4451031598819716,0,,"104, 284",7Pl,Lateral_Area_7P,Superior_Parietal,16.0,46.0,"1695, 1363",idx_L,104,104.0
2,105.0,2.0277390480041504,0,0.001,,0.021293444053864068,0.005,0.06232227527960215,0,,"105, 285",7Pm,Medial_Area_7P,Superior_Parietal,16.0,29.0,"1601, 1308",idx_L,105,105.0
2,106.0,-2.1754238605499268,0,0.001,,0.014799184034143625,0.005,0.04979164721767949,0,,"106, 286",AIP,Anterior_IntraParietal_Area,Superior_Parietal,16.0,117.0,"1999, 2542",idx_L,106,106.0
2,107.0,-0.2165907323360443,0,0.001,,0.4142636544152127,0.005,0.4465117233217861,0,,"107, 287",LIPd,Area_Lateral_IntraParietal_dorsal,Superior_Parietal,16.0,95.0,"1008, 869",idx_L,107,107.0
2,108.0,-1.169817566871643,0,0.001,,0.12103719635476579,0.005,0.20549218696810134,0,,"108, 288",LIPv,Area_Lateral_IntraParietal_ventral,Superior_Parietal,16.0,48.0,"1681, 1783",idx_L,108,108.0
2,109.0,-0.10811752825975418,0,0.001,,0.4569512320583901,0.005,0.47299772816272756,0,,"109, 289",MIP,Medial_IntraParietal_Area,Superior_Parietal,16.0,50.0,"1872, 2403",idx_L,109,109.0
2,110.0,-1.6531267166137695,0,0.001,,0.0491525385145646,0.005,0.10745972360599329,0,,"110, 290",VIP,Ventral_IntraParietal_Complex,Superior_Parietal,16.0,49.0,"1890, 1577",idx_L,110,110.0
2,111.0,-0.6756876111030579,0,0.001,,0.24961950168897556,0.005,0.33973728978098905,0,,"111, 291",IP0,Area_IntraParietal_0,Inferior_Parietal,17.0,146.0,"1203, 1239",idx_L,111,111.0
2,112.0,0.12834163010120392,0,0.001,,0.4489393107198904,0.005,0.46891603869474974,0,,"112, 292",IP1,Area_IntraParietal_1,Inferior_Parietal,17.0,145.0,"1692, 1632",idx_L,112,112.0
2,113.0,-0.5466038584709167,0,0.001,,0.2923254588375528,0.005,0.37584701850542507,0,,"113, 293",IP2,Area_IntraParietal_2,Inferior_Parietal,17.0,144.0,"2102, 1861",idx_L,113,113.0
2,114.0,-4.474667549133301,1,0.001,-,3.8265147374961725e-06,0.005,8.609658159366388e-05,1,-,"114, 294",PF,Area_PF_Complex,Inferior_Parietal,17.0,148.0,"5457, 5251",idx_L,114,114.0
2,115.0,-4.236506462097168,1,0.001,-,1.135121950339092e-05,0.005,0.0002150757379589858,1,-,"115, 295",PFm,Area_PFm_Complex,Inferior_Parietal,17.0,149.0,"8220, 8141",idx_L,115,115.0
2,116.0,-2.0821549892425537,0,0.001,,0.018664157551558005,0.005,0.057923247573800705,0,,"116, 296",PFop,Area_PF_Opercular,Inferior_Parietal,17.0,147.0,"1797, 1783",idx_L,116,116.0
2,117.0,-2.1478705406188965,0,0.001,,0.015862020623142473,0.005,0.05238832499386505,0,,"117, 297",PFt,Area_PFt,Inferior_Parietal,17.0,116.0,"1983, 2039",idx_L,117,117.0
2,118.0,2.474029779434204,0,0.001,,0.0066799280097677915,0.005,0.030830436968159035,0,,"118, 298",PGi,Area_PGi,Inferior_Parietal,17.0,150.0,"4791, 4970",idx_L,118,118.0
2,119.0,0.36425164341926575,0,0.001,,0.3578350529979709,0.005,0.428277694789082,0,,"119, 299",PGp,Area_PGp,Inferior_Parietal,17.0,143.0,"2501, 3740",idx_L,119,119.0
2,120.0,2.310197591781616,0,0.001,,0.010438608659901396,0.005,0.03969556024698854,0,,"120, 300",PGs,Area_PGs,Inferior_Parietal,17.0,151.0,"4552, 3366",idx_L,120,120.0
2,121.0,-2.7159957885742188,0,0.001,,0.0033038379286445233,0.005,0.0177464904172378,0,,"121, 301",23d,Area_23d,Posterior_Cingulate,18.0,32.0,"1261, 1513",idx_L,121,121.0
2,122.0,1.8477859497070312,0,0.001,,0.03231665713620641,0.005,0.08192955330305851,0,,"122, 302",31a,Area_31a,Posterior_Cingulate,18.0,162.0,"1260, 1116",idx_L,122,122.0
2,123.0,2.087467670440674,0,0.001,,0.018422940252691235,0.005,0.057923247573800705,0,,"123, 303",31pd,Area_31pd,Posterior_Cingulate,18.0,161.0,"1428, 864",idx_L,123,123.0
2,124.0,2.372697591781616,0,0.001,,0.008829357585147236,0.005,0.03612009921196596,0,,"124, 304",31pv,Area_31p_ventral,Posterior_Cingulate,18.0,35.0,"950, 1022",idx_L,124,124.0
2,125.0,4.314150333404541,1,0.001,+,8.010894915037272e-06,0.005,0.00016021789830074544,1,+,"125, 305",7 m,Area_7m,Posterior_Cingulate,18.0,30.0,"2128, 2067",idx_L,125,125.0
2,126.0,2.3871638774871826,0,0.001,,0.008489460431718165,0.005,0.03512880178642,0,,"126, 306",d23ab,Area_dorsal_23_a + b,Posterior_Cingulate,18.0,34.0,"1607, 1106",idx_L,126,126.0
2,127.0,0.021580519154667854,0,0.001,,0.49139128668799154,0.005,0.49276006464533967,0,,"127, 307",DVT,Dorsal_Transitional_Visual_Area,Posterior_Cingulate,18.0,142.0,"1806, 2176",idx_L,127,127.0
2,128.0,-0.5899695754051208,0,0.001,,0.2776055235707926,0.005,0.3650119347950035,0,,"128, 308",PCV,PreCuneus_Visual_Area,Posterior_Cingulate,18.0,27.0,"2245, 2416",idx_L,128,128.0
2,129.0,4.805208206176758,1,0.001,+,7.729527299846165e-07,0.005,2.1404844830343226e-05,1,+,"129, 309",POS1,Parieto-Occipital_Sulcus_Area_1,Posterior_Cingulate,18.0,31.0,"2531, 2727",idx_L,129,129.0
2,130.0,2.3203787803649902,0,0.001,,0.010160197880256102,0.005,0.03969556024698854,0,,"130, 310",POS2,Parieto-Occipital_Sulcus_Area_2,Posterior_Cingulate,18.0,15.0,"3261, 3093",idx_L,130,130.0
2,131.0,1.0761948823928833,0,0.001,,0.1409200540158878,0.005,0.22697730317509335,0,,"131, 311",ProS,ProStriate_Area,Posterior_Cingulate,18.0,121.0,"1222, 1055",idx_L,131,131.0
2,132.0,2.9422085285186768,0,0.001,,0.0016294020102429222,0.005,0.010113529718749173,0,,"132, 312",RSC,RetroSplenial_Complex,Posterior_Cingulate,18.0,14.0,"2830, 3067",idx_L,132,132.0
2,133.0,3.3973658084869385,1,0.001,+,0.0003401897422190708,0.005,0.0034990944913961567,1,+,"133, 313",v23ab,Area_ventral_23_a + b,Posterior_Cingulate,18.0,33.0,"916, 1089",idx_L,133,133.0
2,134.0,0.7427753806114197,0,0.001,,0.22880884157998305,0.005,0.3240799627132768,0,,"134, 314",10r,Area_10r,AntCing_MedPFC,19.0,65.0,"1589, 1053",idx_L,134,134.0
2,135.0,1.4689944982528687,0,0.001,,0.07091714074631109,0.005,0.1400945825021676,0,,"135, 315",10v,Area_10v,AntCing_MedPFC,19.0,88.0,"3906, 2667",idx_L,135,135.0
2,136.0,0.4961288571357727,0,0.001,,0.30990175033639156,0.005,0.3873771879204895,0,,"136, 316",25,Area_25,AntCing_MedPFC,19.0,164.0,"1911, 2135",idx_L,136,136.0
2,137.0,-1.8304657936096191,0,0.001,,0.03359015861216115,0.005,0.08368036315298254,0,,"137, 317",33pr,Area_33_prime,AntCing_MedPFC,19.0,58.0,"1354, 1316",idx_L,137,137.0
2,138.0,-1.656901478767395,0,0.001,,0.04876969768218752,0.005,0.10745972360599329,0,,"138, 318",8BM,Area_8BM,AntCing_MedPFC,19.0,63.0,"3122, 3436",idx_L,138,138.0
2,139.0,-2.524811267852783,0,0.001,,0.005788021957054542,0.005,0.027782505393861803,0,,"139, 319",9 m,Area_9_Middle,AntCing_MedPFC,19.0,69.0,"6338, 5881",idx_L,139,139.0
2,140.0,0.37752747535705566,0,0.001,,0.3528908249990016,0.005,0.42631106375718314,0,,"140, 320",a24,Area_a24,AntCing_MedPFC,19.0,61.0,"2085, 2152",idx_L,140,140.0
2,141.0,-1.2706283330917358,0,0.001,,0.10193045118500549,0.005,0.1807633617073989,0,,"141, 321",a24pr,Anterior_24_prime,AntCing_MedPFC,19.0,59.0,"1095, 1474",idx_L,141,141.0
2,142.0,-2.272578716278076,0,0.001,,0.011525789719642658,0.005,0.04149284299071357,0,,"142, 322",a32pr,Area_anterior_32_prime,AntCing_MedPFC,19.0,179.0,"1759, 1118",idx_L,142,142.0
2,143.0,-3.353853940963745,1,0.001,-,0.00039847208866089013,0.005,0.0039847208866089015,1,-,"143, 323",d32,Area_dorsal_32,AntCing_MedPFC,19.0,62.0,"2228, 2374",idx_L,143,143.0
2,144.0,-1.3267983198165894,0,0.001,,0.09228770321400265,0.005,0.1712555317373245,0,,"144, 324",p24,Area_posterior_24,AntCing_MedPFC,19.0,180.0,"2394, 2442",idx_L,144,144.0
2,145.0,-2.198216199874878,0,0.001,,0.013966851391523413,0.005,0.04788634762808027,0,,"145, 325",p24pr,Area_Posterior_24_prime,AntCing_MedPFC,19.0,57.0,"1422, 1724",idx_L,145,145.0
2,146.0,-0.1925981193780899,0,0.001,,0.4236368589364312,0.005,0.45121085567193864,0,,"146, 326",p32,Area_p32,AntCing_MedPFC,19.0,64.0,"1180, 1765",idx_L,146,146.0
2,147.0,-0.7181859016418457,0,0.001,,0.23632133482228862,0.005,0.3297457488400092,0,,"147, 327",p32pr,Area_p32_prime,AntCing_MedPFC,19.0,60.0,"1569, 1305",idx_L,147,147.0
2,148.0,-1.1623133420944214,0,0.001,,0.12255410450918369,0.005,0.20549218696810134,0,,"148, 328",pOFC,Posterior_OFC_Complex,AntCing_MedPFC,19.0,166.0,"2486, 2836",idx_L,148,148.0
2,149.0,1.3175634145736694,0,0.001,,0.0938249197786627,0.005,0.1723314853077478,0,,"149, 329",s32,Area_s32,AntCing_MedPFC,19.0,165.0,"604, 1015",idx_L,149,149.0
2,150.0,0.3297947645187378,0,0.001,,0.3707775217882694,0.005,0.4309763032523474,0,,"150, 330",10d,Area_10d,OrbPolaFrontal,20.0,72.0,"3644, 3096",idx_L,150,150.0
2,151.0,0.3228831887245178,0,0.001,,0.37339185422284416,0.005,0.4309763032523474,0,,"151, 331",10 pp,Polar_10p,OrbPolaFrontal,20.0,90.0,"1997, 2487",idx_L,151,151.0
2,152.0,-1.0940639972686768,0,0.001,,0.13696345558387485,0.005,0.2231078914488459,0,,"152, 332",11 l,Area_11l,OrbPolaFrontal,20.0,91.0,"3531, 3793",idx_L,152,152.0
2,153.0,-0.3553193509578705,0,0.001,,0.3611751800549263,0.005,0.42911902580783323,0,,"153, 333",13 l,Area_13l,OrbPolaFrontal,20.0,92.0,"2429, 1757",idx_L,153,153.0
2,154.0,-0.5257043242454529,0,0.001,,0.2995468294249669,0.005,0.3804799644407547,0,,"154, 334",47 m,Area_47m,OrbPolaFrontal,20.0,66.0,"799, 781",idx_L,154,154.0
2,155.0,-2.4202826023101807,0,0.001,,0.007754224677103273,0.005,0.03323239147329974,0,,"155, 335",47 s,Area_47s,OrbPolaFrontal,20.0,94.0,"2795, 3080",idx_L,155,155.0
2,156.0,-1.774939775466919,0,0.001,,0.03795391589220627,0.005,0.09108939814129505,0,,"156, 336",a10p,Area_anterior_10p,OrbPolaFrontal,20.0,89.0,"1964, 1748",idx_L,156,156.0
2,157.0,-1.5048004388809204,0,0.001,,0.06618769545208711,0.005,0.1346190415974653,0,,"157, 337",OFC,Orbital_Frontal_Complex,OrbPolaFrontal,20.0,93.0,"4560, 5232",idx_L,157,157.0
2,158.0,0.2474266141653061,0,0.001,,0.4022890396211978,0.005,0.43889741426553386,0,,"158, 338",p10p,Area_posterior_10p,OrbPolaFrontal,20.0,170.0,"2116, 2365",idx_L,158,158.0
2,159.0,-3.7240042686462402,1,0.001,-,9.804380378137042e-05,0.005,0.0012170954952170122,1,-,"159, 339",44,Area_44,Inferior_Frontal,21.0,74.0,"2435, 2589",idx_L,159,159.0
2,160.0,-3.5249569416046143,1,0.001,-,0.00021177581570871012,0.005,0.0024593320533914725,1,-,"160, 340",45,Area_45,Inferior_Frontal,21.0,75.0,"3762, 2962",idx_L,160,160.0
2,161.0,-2.4841573238372803,0,0.001,,0.00649292116880606,0.005,0.03059668178538364,0,,"161, 341",47 l,Area_47l_(47_lateral),Inferior_Frontal,21.0,76.0,"2527, 2592",idx_L,161,161.0
2,162.0,-2.810748338699341,0,0.001,,0.0024713214558720986,0.005,0.0141011514568998,0,,"162, 342",a47r,Area_anterior_47r,Inferior_Frontal,21.0,77.0,"4167, 3763",idx_L,162,162.0
2,163.0,1.7447621822357178,0,0.001,,0.040513137120026015,0.005,0.09470603482603483,0,,"163, 343",IFJa,Area_IFJa,Inferior_Frontal,21.0,79.0,"1513, 1405",idx_L,163,163.0
2,164.0,-1.2836920022964478,0,0.001,,0.09962487194544556,0.005,0.17754927673445745,0,,"164, 344",IFJp,Area_IFJp,Inferior_Frontal,21.0,80.0,"960, 740",idx_L,164,164.0
2,165.0,-0.6098553538322449,0,0.001,,0.27097881483069697,0.005,0.3625932269185932,0,,"165, 345",IFSa,Area_IFSa,Inferior_Frontal,21.0,82.0,"2057, 2641",idx_L,165,165.0
2,166.0,1.9322400093078613,0,0.001,,0.026664944528243334,0.005,0.07327771015395115,0,,"166, 346",IFSp,Area_IFSp,Inferior_Frontal,21.0,81.0,"1589, 1730",idx_L,166,166.0
2,167.0,-2.0120928287506104,0,0.001,,0.02210507624404797,0.005,0.06417602780530056,0,,"167, 347",p47r,Area_posterior_47r,Inferior_Frontal,21.0,171.0,"2133, 1761",idx_L,167,167.0
2,168.0,-2.453152894973755,0,0.001,,0.007080506690229272,0.005,0.031862280106031725,0,,"168, 348",46,Area_46,Dorsolateral_Prefrontal,22.0,84.0,"4863, 4394",idx_L,168,168.0
2,169.0,2.042861223220825,0,0.001,,0.020533088931485522,0.005,0.060589442748645805,0,,"169, 349",8Ad,Area_8Ad,Dorsolateral_Prefrontal,22.0,68.0,"3386, 3492",idx_L,169,169.0
2,170.0,-1.609610676765442,0,0.001,,0.05374143795497515,0.005,0.11516022418923247,0,,"170, 350",8Av,Area_8Av,Dorsolateral_Prefrontal,22.0,67.0,"4807, 5902",idx_L,170,170.0
2,171.0,-1.962597131729126,0,0.001,,0.024846502138566092,0.005,0.06988078726471714,0,,"171, 351",8BL,Area_8B_Lateral,Dorsolateral_Prefrontal,22.0,70.0,"3377, 4078",idx_L,171,171.0
2,172.0,-0.5795939564704895,0,0.001,,0.28109423475201745,0.005,0.3666446540243706,0,,"172, 352",8C,Area_8C,Dorsolateral_Prefrontal,22.0,73.0,"4085, 3134",idx_L,172,172.0
2,173.0,-3.126990556716919,1,0.001,-,0.0008830279994519087,0.005,0.0066227099958893155,0,,"173, 353",9-46d,Area_9-46d,Dorsolateral_Prefrontal,22.0,86.0,"4534, 4666",idx_L,173,173.0
2,174.0,-1.4039833545684814,0,0.001,,0.08016190315297123,0.005,0.15350151667590237,0,,"174, 354",9a,Area_9_anterior,Dorsolateral_Prefrontal,22.0,87.0,"3706, 3048",idx_L,174,174.0
2,175.0,-1.9088897705078125,0,0.001,,0.028138156461896314,0.005,0.07559504721106473,0,,"175, 355",9p,Area_9_Posterior,Dorsolateral_Prefrontal,22.0,71.0,"3426, 2488",idx_L,175,175.0
2,176.0,-2.966459035873413,0,0.001,,0.0015062524455754327,0.005,0.009513173340476418,0,,"176, 356",a9-46v,Area_anterior_9-46v,Dorsolateral_Prefrontal,22.0,85.0,"3314, 2628",idx_L,176,176.0
2,177.0,0.2546873390674591,0,0.001,,0.39948229790620227,0.005,0.43889741426553386,0,,"177, 357",i6-8,Inferior_6-8_Transitional_Area,Dorsolateral_Prefrontal,22.0,97.0,"1764, 2418",idx_L,177,177.0
2,178.0,-2.065523147583008,0,0.001,,0.019436763831591843,0.005,0.059298601520110704,0,,"178, 358",p9-46v,Area_posterior_9-46v,Dorsolateral_Prefrontal,22.0,83.0,"2871, 4635",idx_L,178,178.0
2,179.0,-0.3499535620212555,0,0.001,,0.36318677436923974,0.005,0.4292691011081778,0,,"179, 359",s6-8,Superior_6-8_Transitional_Area,Dorsolateral_Prefrontal,22.0,98.0,"1336, 2132",idx_L,179,179.0
2,180.0,-4.985572814941406,1,0.001,-,3.0889253457800415e-07,0.005,1.112013124480815e-05,1,-,"180, 360",SFL,Superior_Frontal_Language_Area,Dorsolateral_Prefrontal,22.0,26.0,"3873, 3055",idx_L,180,180.0
2,181.0,-0.023800808936357498,0,0.001,,0.49050574739766417,0.005,0.49276006464533967,0,,"1, 181",V1,Primary_Visual_Cortex,Primary_Visual,1.0,1.0,"13,812, 13,406",idx_R,181,181.0
2,182.0,-0.17735421657562256,0,0.001,,0.4296150835186796,0.005,0.4548865590197784,0,,"2, 182",V2,Second_Visual_Area,Early_Visual,2.0,4.0,"9515, 9420",idx_R,182,182.0
2,183.0,-0.518521249294281,0,0.001,,0.30204731909197985,0.005,0.3815334556951324,0,,"3, 183",V3,Third_Visual_Area,Early_Visual,2.0,5.0,"7106, 7481",idx_R,183,183.0
2,184.0,-1.0472332239151,0,0.001,,0.1474960127407549,0.005,0.23494940082598129,0,,"4, 184",V4,Fourth_Visual_Area,Early_Visual,2.0,6.0,"4782, 4537",idx_R,184,184.0
2,185.0,0.36357489228248596,0,0.001,,0.3580877392542047,0.005,0.428277694789082,0,,"5, 185",IPS1,IntraParietal_Sulcus_Area_1,Dorsal_Stream_Visual,3.0,17.0,"1751, 1750",idx_R,185,185.0
2,186.0,-0.33208632469177246,0,0.001,,0.3699120380265007,0.005,0.4309763032523474,0,,"6, 186",V3A,Area_V3A,Dorsal_Stream_Visual,3.0,13.0,"2191, 2212",idx_R,186,186.0
2,187.0,-1.9797823429107666,0,0.001,,0.023863995635959086,0.005,0.06818284467416882,0,,"7, 187",V3B,Area_V3B,Dorsal_Stream_Visual,3.0,19.0,"639, 731",idx_R,187,187.0
2,188.0,-0.6605408191680908,0,0.001,,0.2544534163505124,0.005,0.34308325800069084,0,,"8, 188",V6,Sixth_Visual_Area,Dorsal_Stream_Visual,3.0,3.0,"1402, 1559",idx_R,188,188.0
2,189.0,1.0014996528625488,0,0.001,,0.15829265393276093,0.005,0.24668985028482224,0,,"9, 189",V6A,Area_V6A,Dorsal_Stream_Visual,3.0,152.0,"904, 734",idx_R,189,189.0
2,190.0,0.010956451296806335,0,0.001,,0.4956290957847299,0.005,0.4956290957847299,0,,"10, 190",V7,Seventh_Visual_Area,Dorsal_Stream_Visual,3.0,16.0,"1005, 1041",idx_R,190,190.0
2,191.0,-1.5065844058990479,0,0.001,,0.06595860850232525,0.005,0.1346190415974653,0,,"11, 191",FFC,Fusiform_Face_Complex,Ventral_Stream_Visual,4.0,18.0,"3848, 4402",idx_R,191,191.0
2,192.0,-1.364611029624939,0,0.001,,0.08618766814581019,0.005,0.16244796090309774,0,,"12, 192",PIT,Posterior_InferoTemporal_complex,Ventral_Stream_Visual,4.0,22.0,"1392, 1386",idx_R,192,192.0
2,193.0,-0.878971517086029,0,0.001,,0.18970835979864398,0.005,0.2855373435143895,0,,"13, 193",V8,Eighth_Visual_Area,Ventral_Stream_Visual,4.0,7.0,"1361, 1175",idx_R,193,193.0
2,194.0,-0.2918192446231842,0,0.001,,0.3852124151450928,0.005,0.43608952657935035,0,,"14, 194",VMV1,VentroMedial_Visual_Area_1,Ventral_Stream_Visual,4.0,153.0,"939, 1219",idx_R,194,194.0
2,195.0,-0.680291473865509,0,0.001,,0.24815996104057758,0.005,0.33973728978098905,0,,"15, 195",VMV2,VentroMedial_Visual_Area_2,Ventral_Stream_Visual,4.0,160.0,"639, 923",idx_R,195,195.0
2,196.0,-1.9143377542495728,0,0.001,,0.027788506682019015,0.005,0.07559504721106473,0,,"16, 196",VMV3,VentroMedial_Visual_Area_3,Ventral_Stream_Visual,4.0,154.0,"941, 1242",idx_R,196,196.0
2,197.0,-1.3583828210830688,0,0.001,,0.08717112122101384,0.005,0.16344585228940095,0,,"17, 197",VVC,Ventral_Visual_Complex,Ventral_Stream_Visual,4.0,163.0,"2487, 2753",idx_R,197,197.0
2,198.0,-2.5494561195373535,0,0.001,,0.0053945543811750535,0.005,0.026603281879767387,0,,"18, 198",FST,Area_FST,MT + _Complex,5.0,157.0,"1324, 1683",idx_R,198,198.0
2,199.0,-1.4709522724151611,0,0.001,,0.07065201234263428,0.005,0.1400945825021676,0,,"19, 199",LO1,Area_Lateral_Occipital_1,MT + _Complex,5.0,20.0,"619, 909",idx_R,199,199.0
2,200.0,-1.1896049976348877,0,0.001,,0.11710084032996626,0.005,0.20042559972839832,0,,"20, 200",LO2,Area_Lateral_Occipital_2,MT + _Complex,5.0,21.0,"1179, 1062",idx_R,200,200.0
2,201.0,-0.9553366899490356,0,0.001,,0.16970372944799772,0.005,0.2622186908470185,0,,"21, 201",LO3,Area_Lateral_Occipital_3,MT + _Complex,5.0,159.0,"438, 915",idx_R,201,201.0
2,202.0,-2.1938846111297607,0,0.001,,0.014121852990511758,0.005,0.04796101015645503,0,,"22, 202",MST,Medial_Superior_Temporal_Area,MT + _Complex,5.0,2.0,"794, 1036",idx_R,202,202.0
2,203.0,-0.22911882400512695,0,0.001,,0.40938828157206947,0.005,0.4439150041142922,0,,"23, 203",MT,Middle_Temporal_Area,MT + _Complex,5.0,23.0,"620, 1005",idx_R,203,203.0
2,204.0,-0.8938688635826111,0,0.001,,0.18569602940453478,0.005,0.2812792939737475,0,,"24, 204",PH,Area_PH,MT + _Complex,5.0,138.0,"3453, 3205",idx_R,204,204.0
2,205.0,-1.074808120727539,0,0.001,,0.14123032197561364,0.005,0.22697730317509335,0,,"25, 205",V3CD,Area_V3CD,MT + _Complex,5.0,158.0,"876, 1222",idx_R,205,205.0
2,206.0,-1.1428918838500977,0,0.001,,0.12654174135973922,0.005,0.21090290226623204,0,,"26, 206",V4t,Area_V4t,MT + _Complex,5.0,156.0,"1037, 1249",idx_R,206,206.0
2,207.0,-0.24733980000019073,0,0.001,,0.40232262974340605,0.005,0.43889741426553386,0,,"27, 207",1,Area_1,SomaSens_Motor,6.0,51.0,"6590, 5925",idx_R,207,207.0
2,208.0,0.04103527218103409,0,0.001,,0.4836338881997722,0.005,0.48815657803743717,0,,"28, 208",2,Area_2,SomaSens_Motor,6.0,52.0,"4278, 4727",idx_R,208,208.0
2,209.0,-0.10364866256713867,0,0.001,,0.4587240842288915,0.005,0.47318243645387087,0,,"29, 209",3a,Area_3a,SomaSens_Motor,6.0,53.0,"2247, 2286",idx_R,209,209.0
2,210.0,-0.4599413275718689,0,0.001,,0.32277916749930236,0.005,0.3993144340197555,0,,"30, 210",3b,Primary_Sensory_Cortex,SomaSens_Motor,6.0,9.0,"5451, 4350",idx_R,210,210.0
2,211.0,-0.14613190293312073,0,0.001,,0.441908630921631,0.005,0.46516697991750633,0,,"31, 211",4,Primary_Motor_Cortex,SomaSens_Motor,6.0,8.0,"10,776, 10,254",idx_R,211,211.0
2,212.0,0.039894528687000275,0,0.001,,0.4840886065537919,0.005,0.48815657803743717,0,,"32, 212",23c,Area_23c,ParaCentral_MidCing,7.0,38.0,"2259, 2498",idx_R,212,212.0
2,213.0,-0.404823362827301,0,0.001,,0.3428036772089917,0.005,0.41551960873817173,0,,"33, 213",24dd,Dorsal_Area_24d,ParaCentral_MidCing,7.0,40.0,"2665, 2820",idx_R,213,213.0
2,214.0,1.245327353477478,0,0.001,,0.1065057224532791,0.005,0.18703443943014866,0,,"34, 214",24dv,Ventral_Area_24d,ParaCentral_MidCing,7.0,41.0,"1076, 1349",idx_R,214,214.0
2,215.0,0.6069413423538208,0,0.001,,0.2719449201889449,0.005,0.3625932269185932,0,,"35, 215",5L,Area_5L,ParaCentral_MidCing,7.0,39.0,"2249, 2327",idx_R,215,215.0
2,216.0,0.9479387998580933,0,0.001,,0.17158030554145193,0.005,0.26284642551030934,0,,"36, 216",5 m,Area_5m,ParaCentral_MidCing,7.0,36.0,"1483, 2079",idx_R,216,216.0
2,217.0,-0.7501997351646423,0,0.001,,0.22656720914755835,0.005,0.32238812368822534,0,,"37, 217",5mv,Area_5m_ventral,ParaCentral_MidCing,7.0,37.0,"1651, 1996",idx_R,217,217.0
2,218.0,-1.4273772239685059,0,0.001,,0.07673559610308175,0.005,0.14852050858660984,0,,"38, 218",6ma,Area_6m_anterior,ParaCentral_MidCing,7.0,44.0,"3941, 4251",idx_R,218,218.0
2,219.0,-0.7547541856765747,0,0.001,,0.22519824385539283,0.005,0.3217117769362755,0,,"39, 219",6mp,Area_6mp,ParaCentral_MidCing,7.0,55.0,"3701, 3105",idx_R,219,219.0
2,220.0,-2.0450549125671387,0,0.001,,0.02042472233936376,0.005,0.060589442748645805,0,,"40, 220",SCEF,Supplementary_and_Cingulate_Eye_Field,ParaCentral_MidCing,7.0,43.0,"3500, 3371",idx_R,220,220.0
2,221.0,-4.615586757659912,1,0.001,-,1.9599312165346614e-06,0.005,5.039823128231987e-05,1,-,"41, 221",55b,Area_55b,Premotor,8.0,12.0,"2422, 1537",idx_R,221,221.0
2,222.0,0.1371040791273117,0,0.001,,0.44547426412114055,0.005,0.4675531635090688,0,,"42, 222",6a,Area_6_anterior,Premotor,8.0,96.0,"4233, 3752",idx_R,222,222.0
2,223.0,-0.3034696578979492,0,0.001,,0.3807659836811157,0.005,0.43608952657935035,0,,"43, 223",6d,Dorsal_area_6,Premotor,8.0,54.0,"2916, 2909",idx_R,223,223.0
2,224.0,-2.316254138946533,0,0.001,,0.010272198379670694,0.005,0.03969556024698854,0,,"44, 224",6r,Rostral_Area_6,Premotor,8.0,78.0,"3029, 3981",idx_R,224,224.0
2,225.0,-2.0572919845581055,0,0.001,,0.01982907395653483,0.005,0.05996635571357252,0,,"45, 225",6v,Ventral_Area_6,Premotor,8.0,56.0,"2075, 2516",idx_R,225,225.0
2,226.0,-3.95485258102417,1,0.001,-,3.82909289001211e-05,0.005,0.0005743639335018166,1,-,"46, 226",FEF,Frontal_Eye_Fields,Premotor,8.0,10.0,"1787, 1889",idx_R,226,226.0
2,227.0,-3.1158993244171143,1,0.001,-,0.0009169243452675452,0.005,0.0067032989343513575,0,,"47, 227",PEF,Premotor_Eye_Field,Premotor,8.0,11.0,"1006, 1258",idx_R,227,227.0
2,228.0,-0.9399212598800659,0,0.001,,0.17362897566646301,0.005,0.26485775949121476,0,,"48, 228",43,Area_43,Posterior_Opercular,9.0,99.0,"1889, 1678",idx_R,228,228.0
2,229.0,-1.8214672803878784,0,0.001,,0.03426792799710479,0.005,0.08449626081477894,0,,"49, 229",FOP1,Frontal_Opercular_Area_1,Posterior_Opercular,9.0,113.0,"879, 932",idx_R,229,229.0
2,230.0,0.26927945017814636,0,0.001,,0.3938573223531563,0.005,0.43889741426553386,0,,"50, 230",OP1,Area_OP1-SII,Posterior_Opercular,9.0,101.0,"1275, 1072",idx_R,230,230.0
2,231.0,-0.7403077483177185,0,0.001,,0.22955664025523775,0.005,0.3240799627132768,0,,"51, 231",OP2-3,Area_OP2-3-VS,Posterior_Opercular,9.0,102.0,"943, 792",idx_R,231,231.0
2,232.0,0.28794169425964355,0,0.001,,0.38669568521089037,0.005,0.4363963845640142,0,,"52, 232",OP4,Area_OP4-PV,Posterior_Opercular,9.0,100.0,"2332, 2409",idx_R,232,232.0
2,233.0,-3.011399269104004,0,0.001,,0.0013002333356634753,0.005,0.008510618197070021,0,,"53, 233",52,Area_52,Early_Auditory,10.0,103.0,"725, 580",idx_R,233,233.0
2,234.0,0.2541004717350006,0,0.001,,0.3997089694687319,0.005,0.43889741426553386,0,,"54, 234",A1,Primary_Auditory_Cortex,Early_Auditory,10.0,24.0,"1023, 796",idx_R,234,234.0
2,235.0,-2.8230319023132324,0,0.001,,0.0023785918823501684,0.005,0.013811178671710656,0,,"55, 235",LBelt,Lateral_Belt_Complex,Early_Auditory,10.0,174.0,"820, 901",idx_R,235,235.0
2,236.0,2.837064743041992,0,0.001,,0.0022765189225693173,0.005,0.013435193641392694,0,,"56, 236",MBelt,Medial_Belt_Complex,Early_Auditory,10.0,173.0,"1242, 1236",idx_R,236,236.0
2,237.0,-0.7862675189971924,0,0.001,,0.21585538863791748,0.005,0.3117935215016426,0,,"57, 237",PBelt,ParaBelt_Complex,Early_Auditory,10.0,124.0,"1719, 1439",idx_R,237,237.0
2,238.0,-0.20545098185539246,0,0.001,,0.41860989596960346,0.005,0.4485106028245751,0,,"58, 238",PFcm,Area_PFcm,Early_Auditory,10.0,105.0,"1486, 1485",idx_R,238,238.0
2,239.0,-1.297074317932129,0,0.001,,0.09730280854701895,0.005,0.17602518129108957,0,,"59, 239",RI,RetroInsular_Cortex,Early_Auditory,10.0,104.0,"1149, 1334",idx_R,239,239.0
2,240.0,-4.95754337310791,1,0.001,-,3.5695054104230245e-07,0.005,1.1682017706838988e-05,1,-,"60, 240",A4,Auditory_4_Complex,Auditory_Association,11.0,175.0,"3514, 3610",idx_R,240,240.0
2,241.0,-4.821061134338379,1,0.001,-,7.139829167587177e-07,0.005,2.1404844830343226e-05,1,-,"61, 241",A5,Auditory_5_Complex,Auditory_Association,11.0,125.0,"3346, 3881",idx_R,241,241.0
2,242.0,-3.1697773933410645,1,0.001,-,0.0007627788194585016,0.005,0.00596957336967523,0,,"62, 242",STGa,Area_STGa,Auditory_Association,11.0,123.0,"2509, 2187",idx_R,242,242.0
2,243.0,-0.8677162528038025,0,0.001,,0.1927748430955103,0.005,0.28796242122150917,0,,"63, 243",STSda,Area_STSd_anterior,Auditory_Association,11.0,128.0,"1944, 2389",idx_R,243,243.0
2,244.0,-6.769193649291992,1,0.001,-,6.47510566870754e-12,0.005,1.1655190203673572e-09,1,-,"64, 244",STSdp,Area_STSd_posterior,Auditory_Association,11.0,129.0,"1994, 2605",idx_R,244,244.0
2,245.0,0.24824637174606323,0,0.001,,0.40197189476147827,0.005,0.43889741426553386,0,,"65, 245",STSva,Area_STSv_anterior,Auditory_Association,11.0,176.0,"1694, 1900",idx_R,245,245.0
2,246.0,-4.401470184326172,1,0.001,-,5.375992240918798e-06,0.005,0.00011384454157239808,1,-,"66, 246",STSvp,Area_STSv_posterior,Auditory_Association,11.0,130.0,"2898, 2515",idx_R,246,246.0
2,247.0,-2.4258873462677,0,0.001,,0.007635504876501626,0.005,0.033117852476392595,0,,"67, 247",TA2,Area_TA2,Auditory_Association,11.0,107.0,"1518, 1726",idx_R,247,247.0
2,248.0,-2.0842316150665283,0,0.001,,0.018569552151707566,0.005,0.057923247573800705,0,,"68, 248",AAIC,Anterior_Agranular_Insula_Complex,Insula_FrontalOperc,12.0,112.0,"1859, 1691",idx_R,248,248.0
2,249.0,-0.9518193602561951,0,0.001,,0.17059430083605598,0.005,0.2624527705170092,0,,"69, 249",AVI,Anterior_Ventral_Insular_Area,Insula_FrontalOperc,12.0,111.0,"1446, 1792",idx_R,249,249.0
2,250.0,-0.07320621609687805,0,0.001,,0.4708210099664646,0.005,0.4793393777040914,0,,"70, 250",FOP2,Frontal_Opercular_Area_2,Insula_FrontalOperc,12.0,115.0,"750, 720",idx_R,250,250.0
2,251.0,1.0407015085220337,0,0.001,,0.14900705144607695,0.005,0.23527429175696363,0,,"71, 251",FOP3,Frontal_Opercular_Area_3,Insula_FrontalOperc,12.0,114.0,"754, 614",idx_R,251,251.0
2,252.0,-0.4975762367248535,0,0.001,,0.3093913781713785,0.005,0.3873771879204895,0,,"72, 252",FOP4,Frontal_Opercular_Area_4,Insula_FrontalOperc,12.0,108.0,"2522, 1678",idx_R,252,252.0
2,253.0,-2.3619744777679443,0,0.001,,0.009088946803943742,0.005,0.03676427920696345,0,,"73, 253",FOP5,Area_Frontal_Opercular_5,Insula_FrontalOperc,12.0,169.0,"1297, 1365",idx_R,253,253.0
2,254.0,-2.4360313415527344,0,0.001,,0.007424698922201786,0.005,0.03299866187645238,0,,"74, 254",Ig,Insular_Granular_Complex,Insula_FrontalOperc,12.0,168.0,"841, 1077",idx_R,254,254.0
2,255.0,-0.8765769600868225,0,0.001,,0.19035822900959298,0.005,0.2855373435143895,0,,"75, 255",MI,Middle_Insular_Area,Insula_FrontalOperc,12.0,109.0,"2102, 1960",idx_R,255,255.0
2,256.0,-3.1113996505737305,1,0.001,-,0.0009310137408821329,0.005,0.0067032989343513575,0,,"76, 256",PI,Para-Insular_Area,Insula_FrontalOperc,12.0,178.0,"1033, 1058",idx_R,256,256.0
2,257.0,-2.695880889892578,0,0.001,,0.0035101382430844813,0.005,0.018313764746527728,0,,"77, 257",Pir,Pirform_Cortex,Insula_FrontalOperc,12.0,110.0,"2287, 1856",idx_R,257,257.0
2,258.0,-3.0644631385803223,0,0.001,,0.0010903052233454482,0.005,0.00740584680008229,0,,"78, 258",PoI1,Area_Posterior_Insular_1,Insula_FrontalOperc,12.0,167.0,"1811, 1835",idx_R,258,258.0
2,259.0,-1.473893404006958,0,0.001,,0.07025514698961823,0.005,0.1400945825021676,0,,"79, 259",PoI2,Posterior_Insular_Area_2,Insula_FrontalOperc,12.0,106.0,"2747, 2675",idx_R,259,259.0
2,260.0,0.29711025953292847,0,0.001,,0.38319116594079466,0.005,0.43608952657935035,0,,"80, 260",H,Hippocampus,Medial_Temporal,13.0,120.0,"4283, 3626",idx_R,260,260.0
2,261.0,1.4639493227005005,0,0.001,,0.0716038977233301,0.005,0.1400945825021676,0,,"81, 261",PreS,PreSubiculum,Medial_Temporal,13.0,119.0,"1817, 1558",idx_R,261,261.0
2,262.0,0.5396328568458557,0,0.001,,0.29472512633178327,0.005,0.3775837917417864,0,,"82, 262",EC,Entorhinal_Cortex,Medial_Temporal,13.0,118.0,"2127, 2110",idx_R,262,262.0
2,263.0,-3.4933464527130127,1,0.001,-,0.00023850360733425297,0.005,0.002683165582510346,1,-,"83, 263",PeEc,Perirhinal_Ectorhinal_Cortex,Medial_Temporal,13.0,122.0,"4826, 4755",idx_R,263,263.0
2,264.0,-1.1935391426086426,0,0.001,,0.11632914595201338,0.005,0.2003755624053819,0,,"84, 264",TF,Area_TF,Medial_Temporal,13.0,135.0,"3986, 4752",idx_R,264,264.0
2,265.0,2.4147145748138428,0,0.001,,0.007873772221346205,0.005,0.033347741172760396,0,,"85, 265",PHA1,ParaHippocampal_Area_1,Medial_Temporal,13.0,126.0,"1281, 1168",idx_R,265,265.0
2,266.0,2.806149482727051,0,0.001,,0.00250687137011552,0.005,0.0141011514568998,0,,"86, 266",PHA2,ParaHippocampal_Area_2,Medial_Temporal,13.0,155.0,"783, 771",idx_R,266,266.0
2,267.0,0.35826581716537476,0,0.001,,0.36007219826160386,0.005,0.42911902580783323,0,,"87, 267",PHA3,ParaHippocampal_Area_3,Medial_Temporal,13.0,127.0,"2023, 1122",idx_R,267,267.0
2,268.0,-3.0720555782318115,0,0.001,,0.0010629506924165753,0.005,0.007358889409037829,0,,"88, 268",PHT,Area_PHT,Lateral_Temporal,14.0,137.0,"4182, 3410",idx_R,268,268.0
2,269.0,-0.7839890122413635,0,0.001,,0.21652327882058514,0.005,0.3117935215016426,0,,"89, 269",TE1a,Area_TE1_anterior,Lateral_Temporal,14.0,132.0,"5227, 4180",idx_R,269,269.0
2,270.0,-3.7528347969055176,1,0.001,-,8.742304338775474e-05,0.005,0.0011296736077560563,1,-,"90, 270",TE1m,Area_TE1_Middle,Lateral_Temporal,14.0,177.0,"3339, 3429",idx_R,270,270.0
2,271.0,-1.2670857906341553,0,0.001,,0.10256230788046122,0.005,0.18099230802434332,0,,"91, 271",TE1p,Area_TE1_posterior,Lateral_Temporal,14.0,133.0,"7116, 6010",idx_R,271,271.0
2,272.0,-3.2859954833984375,1,0.001,-,0.000508113197072491,0.005,0.004503272584794131,1,-,"92, 272",TE2a,Area_TE2_anterior,Lateral_Temporal,14.0,134.0,"5691, 5753",idx_R,272,272.0
2,273.0,-1.6344784498214722,0,0.001,,0.051079213807469166,0.005,0.11077419861860782,0,,"93, 273",TE2p,Area_TE2_posterior,Lateral_Temporal,14.0,136.0,"4115, 3040",idx_R,273,273.0
2,274.0,-3.3099284172058105,1,0.001,-,0.0004665991678744681,0.005,0.004307069241918167,1,-,"94, 274",TGd,Area_TG_dorsal,Lateral_Temporal,14.0,131.0,"10,192, 10,269",idx_R,274,274.0
2,275.0,-3.5271430015563965,1,0.001,-,0.00021003490976335314,0.005,0.0024593320533914725,1,-,"95, 275",TGv,Area_TG_Ventral,Lateral_Temporal,14.0,172.0,"3694, 4515",idx_R,275,275.0
2,276.0,-5.451462268829346,1,0.001,-,2.4978661063266227e-08,0.005,9.99146442530649e-07,1,-,"96, 276",PSL,PeriSylvian_Language_Area,TPO,15.0,25.0,"2154, 2759",idx_R,276,276.0
2,277.0,-5.538798809051514,1,0.001,-,1.522766336557999e-08,0.005,6.852448514510996e-07,1,-,"97, 277",STV,Superior_Temporal_Visual_Area,TPO,15.0,28.0,"2322, 2294",idx_R,277,277.0
2,278.0,-5.862415313720703,1,0.001,-,2.2809114250295545e-09,0.005,1.3685468550177328e-07,1,-,"98, 278",TPOJ1,Area_TemporoParietoOccipital_Junction_1,TPO,15.0,139.0,"2102, 3938",idx_R,278,278.0
2,279.0,-2.322652578353882,0,0.001,,0.010098911862422906,0.005,0.03969556024698854,0,,"99, 279",TPOJ2,Area_TemporoParietoOccipital_Junction_2,TPO,15.0,140.0,"1930, 2068",idx_R,279,279.0
2,280.0,0.2755941152572632,0,0.001,,0.3914299150192359,0.005,0.43889741426553386,0,,"100, 280",TPOJ3,Area_TemporoParietoOccipital_Junction_3,TPO,15.0,141.0,"1290, 1277",idx_R,280,280.0
2,281.0,0.593965470790863,0,0.001,,0.27626760387591054,0.005,0.3650119347950035,0,,"101, 281",7AL,Lateral_Area_7A,Superior_Parietal,16.0,42.0,"2134, 2030",idx_R,281,281.0
2,282.0,0.8089698553085327,0,0.001,,0.20926624290420714,0.005,0.30624328229883974,0,,"102, 282",7Am,Medial_Area_7A,Superior_Parietal,16.0,45.0,"2995, 2379",idx_R,282,282.0
2,283.0,-1.8601984977722168,0,0.001,,0.0314287237621783,0.005,0.08024355003109353,0,,"103, 283",7PC,Area_7PC,Superior_Parietal,16.0,47.0,"3151, 3415",idx_R,283,283.0
2,284.0,1.3647867441177368,0,0.001,,0.08616004316625303,0.005,0.16244796090309774,0,,"104, 284",7Pl,Lateral_Area_7P,Superior_Parietal,16.0,46.0,"1695, 1363",idx_R,284,284.0
2,285.0,1.2892593145370483,0,0.001,,0.09865397514856072,0.005,0.1766936868332431,0,,"105, 285",7Pm,Medial_Area_7P,Superior_Parietal,16.0,29.0,"1601, 1308",idx_R,285,285.0
2,286.0,-1.7924712896347046,0,0.001,,0.03652875208115709,0.005,0.08825738757863459,0,,"106, 286",AIP,Anterior_IntraParietal_Area,Superior_Parietal,16.0,117.0,"1999, 2542",idx_R,286,286.0
2,287.0,0.5239506959915161,0,0.001,,0.3001564163921509,0.005,0.3804799644407547,0,,"107, 287",LIPd,Area_Lateral_IntraParietal_dorsal,Superior_Parietal,16.0,95.0,"1008, 869",idx_R,287,287.0
2,288.0,0.548468291759491,0,0.001,,0.2916851978362295,0.005,0.37584701850542507,0,,"108, 288",LIPv,Area_Lateral_IntraParietal_ventral,Superior_Parietal,16.0,48.0,"1681, 1783",idx_R,288,288.0
2,289.0,1.291717767715454,0,0.001,,0.09822745101995273,0.005,0.1766936868332431,0,,"109, 289",MIP,Medial_IntraParietal_Area,Superior_Parietal,16.0,50.0,"1872, 2403",idx_R,289,289.0
2,290.0,2.09981632232666,0,0.001,,0.0178725009256371,0.005,0.057447324403833544,0,,"110, 290",VIP,Ventral_IntraParietal_Complex,Superior_Parietal,16.0,49.0,"1890, 1577",idx_R,290,290.0
2,291.0,0.4054497182369232,0,0.001,,0.3425734857019259,0.005,0.41551960873817173,0,,"111, 291",IP0,Area_IntraParietal_0,Inferior_Parietal,17.0,146.0,"1203, 1239",idx_R,291,291.0
2,292.0,1.7612515687942505,0,0.001,,0.03909791664134943,0.005,0.09260032888740653,0,,"112, 292",IP1,Area_IntraParietal_1,Inferior_Parietal,17.0,145.0,"1692, 1632",idx_R,292,292.0
2,293.0,-0.8106114268302917,0,0.001,,0.2087944263310174,0.005,0.30624328229883974,0,,"113, 293",IP2,Area_IntraParietal_2,Inferior_Parietal,17.0,144.0,"2102, 1861",idx_R,293,293.0
2,294.0,-1.8110374212265015,0,0.001,,0.03506752961807695,0.005,0.08572030326163732,0,,"114, 294",PF,Area_PF_Complex,Inferior_Parietal,17.0,148.0,"5457, 5251",idx_R,294,294.0
2,295.0,-2.1006739139556885,0,0.001,,0.01783480037038464,0.005,0.057447324403833544,0,,"115, 295",PFm,Area_PFm_Complex,Inferior_Parietal,17.0,149.0,"8220, 8141",idx_R,295,295.0
2,296.0,-0.5509644746780396,0,0.001,,0.2908290138877685,0.005,0.37584701850542507,0,,"116, 296",PFop,Area_PF_Opercular,Inferior_Parietal,17.0,147.0,"1797, 1783",idx_R,296,296.0
2,297.0,-1.1877210140228271,0,0.001,,0.11747167095192235,0.005,0.20042559972839832,0,,"117, 297",PFt,Area_PFt,Inferior_Parietal,17.0,116.0,"1983, 2039",idx_R,297,297.0
2,298.0,0.3486226201057434,0,0.001,,0.36368632177220617,0.005,0.4292691011081778,0,,"118, 298",PGi,Area_PGi,Inferior_Parietal,17.0,150.0,"4791, 4970",idx_R,298,298.0
2,299.0,1.7247563600540161,0,0.001,,0.04228569467669911,0.005,0.09765225096963202,0,,"119, 299",PGp,Area_PGp,Inferior_Parietal,17.0,143.0,"2501, 3740",idx_R,299,299.0
2,300.0,1.3748173713684082,0,0.001,,0.0845940355838799,0.005,0.16113149635024743,0,,"120, 300",PGs,Area_PGs,Inferior_Parietal,17.0,151.0,"4552, 3366",idx_R,300,300.0
2,301.0,-1.3111459016799927,0,0.001,,0.09490423768615619,0.005,0.17317255420611607,0,,"121, 301",23d,Area_23d,Posterior_Cingulate,18.0,32.0,"1261, 1513",idx_R,301,301.0
2,302.0,2.7330455780029297,0,0.001,,0.003137582402751559,0.005,0.01737737946139325,0,,"122, 302",31a,Area_31a,Posterior_Cingulate,18.0,162.0,"1260, 1116",idx_R,302,302.0
2,303.0,2.2927327156066895,0,0.001,,0.010931698906909296,0.005,0.04057125367512729,0,,"123, 303",31pd,Area_31pd,Posterior_Cingulate,18.0,161.0,"1428, 864",idx_R,303,303.0
2,304.0,1.8984363079071045,0,0.001,,0.02881931527330653,0.005,0.075734844640725,0,,"124, 304",31pv,Area_31p_ventral,Posterior_Cingulate,18.0,35.0,"950, 1022",idx_R,304,304.0
2,305.0,4.18919563293457,1,0.001,+,1.3997249231552434e-05,0.005,0.0002399528439694703,1,+,"125, 305",7 m,Area_7m,Posterior_Cingulate,18.0,30.0,"2128, 2067",idx_R,305,305.0
2,306.0,2.895569324493408,0,0.001,,0.0018923571184377515,0.005,0.011546585807416788,0,,"126, 306",d23ab,Area_dorsal_23_a + b,Posterior_Cingulate,18.0,34.0,"1607, 1106",idx_R,306,306.0
2,307.0,1.4966379404067993,0,0.001,,0.06724374616473731,0.005,0.13523881910226498,0,,"127, 307",DVT,Dorsal_Transitional_Visual_Area,Posterior_Cingulate,18.0,142.0,"1806, 2176",idx_R,307,307.0
2,308.0,1.87093186378479,0,0.001,,0.030677262892315555,0.005,0.07888439029452572,0,,"128, 308",PCV,PreCuneus_Visual_Area,Posterior_Cingulate,18.0,27.0,"2245, 2416",idx_R,308,308.0
2,309.0,4.491344928741455,1,0.001,+,3.5387411122189633e-06,0.005,8.492978669325512e-05,1,+,"129, 309",POS1,Parieto-Occipital_Sulcus_Area_1,Posterior_Cingulate,18.0,31.0,"2531, 2727",idx_R,309,309.0
2,310.0,3.936114549636841,1,0.001,+,4.140572839451384e-05,0.005,0.0005962424888809994,1,+,"130, 310",POS2,Parieto-Occipital_Sulcus_Area_2,Posterior_Cingulate,18.0,15.0,"3261, 3093",idx_R,310,310.0
2,311.0,0.7067140936851501,0,0.001,,0.23987208468681132,0.005,0.3321305787971234,0,,"131, 311",ProS,ProStriate_Area,Posterior_Cingulate,18.0,121.0,"1222, 1055",idx_R,311,311.0
2,312.0,5.894454479217529,1,0.001,+,1.879606035731056e-09,0.005,1.3533163457263605e-07,1,+,"132, 312",RSC,RetroSplenial_Complex,Posterior_Cingulate,18.0,14.0,"2830, 3067",idx_R,312,312.0
2,313.0,6.351867198944092,1,0.001,+,1.0635846527405654e-10,0.005,1.2763015832886784e-08,1,+,"133, 313",v23ab,Area_ventral_23_a + b,Posterior_Cingulate,18.0,33.0,"916, 1089",idx_R,313,313.0
2,314.0,1.680902123451233,0,0.001,,0.046390963729037595,0.005,0.10437966839033459,0,,"134, 314",10r,Area_10r,AntCing_MedPFC,19.0,65.0,"1589, 1053",idx_R,314,314.0
2,315.0,1.2213395833969116,0,0.001,,0.11097873602370428,0.005,0.19394342217734728,0,,"135, 315",10v,Area_10v,AntCing_MedPFC,19.0,88.0,"3906, 2667",idx_R,315,315.0
2,316.0,-0.28176283836364746,0,0.001,,0.3890626837717568,0.005,0.43769551924322636,0,,"136, 316",25,Area_25,AntCing_MedPFC,19.0,164.0,"1911, 2135",idx_R,316,316.0
2,317.0,0.42589718103408813,0,0.001,,0.33509138455931764,0.005,0.410315981093042,0,,"137, 317",33pr,Area_33_prime,AntCing_MedPFC,19.0,58.0,"1354, 1316",idx_R,317,317.0
2,318.0,-2.721156120300293,0,0.001,,0.003252701502080465,0.005,0.01774200819316617,0,,"138, 318",8BM,Area_8BM,AntCing_MedPFC,19.0,63.0,"3122, 3436",idx_R,318,318.0
2,319.0,-1.0954853296279907,0,0.001,,0.1366520345841774,0.005,0.2231078914488459,0,,"139, 319",9 m,Area_9_Middle,AntCing_MedPFC,19.0,69.0,"6338, 5881",idx_R,319,319.0
2,320.0,-0.5908964276313782,0,0.001,,0.2772949098698446,0.005,0.3650119347950035,0,,"140, 320",a24,Area_a24,AntCing_MedPFC,19.0,61.0,"2085, 2152",idx_R,320,320.0
2,321.0,-1.5470364093780518,0,0.001,,0.06092723314899594,0.005,0.12752211589324733,0,,"141, 321",a24pr,Anterior_24_prime,AntCing_MedPFC,19.0,59.0,"1095, 1474",idx_R,321,321.0
2,322.0,-1.577817440032959,0,0.001,,0.057303778034262315,0.005,0.12134917701373196,0,,"142, 322",a32pr,Area_anterior_32_prime,AntCing_MedPFC,19.0,179.0,"1759, 1118",idx_R,322,322.0
2,323.0,-1.8777821063995361,0,0.001,,0.03020548954410863,0.005,0.07823004486243962,0,,"143, 323",d32,Area_dorsal_32,AntCing_MedPFC,19.0,62.0,"2228, 2374",idx_R,323,323.0
2,324.0,-1.0072343349456787,0,0.001,,0.15691108844986695,0.005,0.24559996453022653,0,,"144, 324",p24,Area_posterior_24,AntCing_MedPFC,19.0,180.0,"2394, 2442",idx_R,324,324.0
2,325.0,0.2016352266073227,0,0.001,,0.42010095198010516,0.005,0.44877253030515685,0,,"145, 325",p24pr,Area_Posterior_24_prime,AntCing_MedPFC,19.0,57.0,"1422, 1724",idx_R,325,325.0
2,326.0,-0.3225638270378113,0,0.001,,0.3735127961520345,0.005,0.4309763032523474,0,,"146, 326",p32,Area_p32,AntCing_MedPFC,19.0,64.0,"1180, 1765",idx_R,326,326.0
2,327.0,-0.43121138215065,0,0.001,,0.33315733927183133,0.005,0.40988535344910415,0,,"147, 327",p32pr,Area_p32_prime,AntCing_MedPFC,19.0,60.0,"1569, 1305",idx_R,327,327.0
2,328.0,-2.053980588912964,0,0.001,,0.019988785237857506,0.005,0.05996635571357252,0,,"148, 328",pOFC,Posterior_OFC_Complex,AntCing_MedPFC,19.0,166.0,"2486, 2836",idx_R,328,328.0
2,329.0,0.7935501337051392,0,0.001,,0.2137286862194837,0.005,0.31065218137363987,0,,"149, 329",s32,Area_s32,AntCing_MedPFC,19.0,165.0,"604, 1015",idx_R,329,329.0
2,330.0,0.06084077060222626,0,0.001,,0.47574301009998793,0.005,0.48244361587604406,0,,"150, 330",10d,Area_10d,OrbPolaFrontal,20.0,72.0,"3644, 3096",idx_R,330,330.0
2,331.0,0.24734587967395782,0,0.001,,0.4023202773735618,0.005,0.43889741426553386,0,,"151, 331",10 pp,Polar_10p,OrbPolaFrontal,20.0,90.0,"1997, 2487",idx_R,331,331.0
2,332.0,-0.09230394661426544,0,0.001,,0.4632282764070459,0.005,0.4764633700186757,0,,"152, 332",11 l,Area_11l,OrbPolaFrontal,20.0,91.0,"3531, 3793",idx_R,332,332.0
2,333.0,-2.431438446044922,0,0.001,,0.007519501723747976,0.005,0.03301244659206429,0,,"153, 333",13 l,Area_13l,OrbPolaFrontal,20.0,92.0,"2429, 1757",idx_R,333,333.0
2,334.0,-0.29272493720054626,0,0.001,,0.3848662036389072,0.005,0.43608952657935035,0,,"154, 334",47 m,Area_47m,OrbPolaFrontal,20.0,66.0,"799, 781",idx_R,334,334.0
2,335.0,-3.2516674995422363,1,0.001,-,0.0005736507587600012,0.005,0.0047277519990910144,1,-,"155, 335",47 s,Area_47s,OrbPolaFrontal,20.0,94.0,"2795, 3080",idx_R,335,335.0
2,336.0,0.5260881781578064,0,0.001,,0.2994134710474119,0.005,0.3804799644407547,0,,"156, 336",a10p,Area_anterior_10p,OrbPolaFrontal,20.0,89.0,"1964, 1748",idx_R,336,336.0
2,337.0,-1.9721273183822632,0,0.001,,0.024297537049322256,0.005,0.06887490817130718,0,,"157, 337",OFC,Orbital_Frontal_Complex,OrbPolaFrontal,20.0,93.0,"4560, 5232",idx_R,337,337.0
2,338.0,0.26902949810028076,0,0.001,,0.3939534915021644,0.005,0.43889741426553386,0,,"158, 338",p10p,Area_posterior_10p,OrbPolaFrontal,20.0,170.0,"2116, 2365",idx_R,338,338.0
2,339.0,-4.150879859924316,1,0.001,-,1.6559979614474105e-05,0.005,0.00027098148460048534,1,-,"159, 339",44,Area_44,Inferior_Frontal,21.0,74.0,"2435, 2589",idx_R,339,339.0
2,340.0,-6.894730567932129,1,0.001,-,2.698349447155458e-12,0.005,9.71405800975965e-10,1,-,"160, 340",45,Area_45,Inferior_Frontal,21.0,75.0,"3762, 2962",idx_R,340,340.0
2,341.0,-2.261286973953247,0,0.001,,0.01187074616482179,0.005,0.04218463524834145,0,,"161, 341",47 l,Area_47l_(47_lateral),Inferior_Frontal,21.0,76.0,"2527, 2592",idx_R,341,341.0
2,342.0,-2.2752950191497803,0,0.001,,0.011444119019824466,0.005,0.04149284299071357,0,,"162, 342",a47r,Area_anterior_47r,Inferior_Frontal,21.0,77.0,"4167, 3763",idx_R,342,342.0
2,343.0,-0.854620099067688,0,0.001,,0.19638074847904474,0.005,0.2921366506299839,0,,"163, 343",IFJa,Area_IFJa,Inferior_Frontal,21.0,79.0,"1513, 1405",idx_R,343,343.0
2,344.0,-0.6675004363059998,0,0.001,,0.25222626553945554,0.005,0.3413588556173082,0,,"164, 344",IFJp,Area_IFJp,Inferior_Frontal,21.0,80.0,"960, 740",idx_R,344,344.0
2,345.0,-3.2833683490753174,1,0.001,-,0.0005128727110459982,0.005,0.004503272584794131,1,-,"165, 345",IFSa,Area_IFSa,Inferior_Frontal,21.0,82.0,"2057, 2641",idx_R,345,345.0
2,346.0,0.24384936690330505,0,0.001,,0.4036737424297995,0.005,0.4390409283224405,0,,"166, 346",IFSp,Area_IFSp,Inferior_Frontal,21.0,81.0,"1589, 1730",idx_R,346,346.0
2,347.0,-3.249600410461426,1,0.001,-,0.0005778363554444574,0.005,0.0047277519990910144,1,-,"167, 347",p47r,Area_posterior_47r,Inferior_Frontal,21.0,171.0,"2133, 1761",idx_R,347,347.0
2,348.0,0.07187576591968536,0,0.001,,0.4713503880756899,0.005,0.4793393777040914,0,,"168, 348",46,Area_46,Dorsolateral_Prefrontal,22.0,84.0,"4863, 4394",idx_R,348,348.0
2,349.0,3.3294219970703125,1,0.001,+,0.00043513218528073067,0.005,0.00423371855948819,1,+,"169, 349",8Ad,Area_8Ad,Dorsolateral_Prefrontal,22.0,68.0,"3386, 3492",idx_R,349,349.0
2,350.0,-0.6424586772918701,0,0.001,,0.26028770577052535,0.005,0.34964020178130273,0,,"170, 350",8Av,Area_8Av,Dorsolateral_Prefrontal,22.0,67.0,"4807, 5902",idx_R,350,350.0
2,351.0,-1.8440322875976562,0,0.001,,0.03258921742908524,0.005,0.08204278513615866,0,,"171, 351",8BL,Area_8B_Lateral,Dorsolateral_Prefrontal,22.0,70.0,"3377, 4078",idx_R,351,351.0
2,352.0,-1.9578498601913452,0,0.001,,0.02512381639912893,0.005,0.07011297599756912,0,,"172, 352",8C,Area_8C,Dorsolateral_Prefrontal,22.0,73.0,"4085, 3134",idx_R,352,352.0
2,353.0,-1.3232437372207642,0,0.001,,0.09287716767041676,0.005,0.17146554031461556,0,,"173, 353",9-46d,Area_9-46d,Dorsolateral_Prefrontal,22.0,86.0,"4534, 4666",idx_R,353,353.0
2,354.0,-1.131394624710083,0,0.001,,0.12894451646208138,0.005,0.21386891487395987,0,,"174, 354",9a,Area_9_anterior,Dorsolateral_Prefrontal,22.0,87.0,"3706, 3048",idx_R,354,354.0
2,355.0,-3.1848087310791016,1,0.001,-,0.0007242485570117605,0.005,0.005793988456094084,0,,"175, 355",9p,Area_9_Posterior,Dorsolateral_Prefrontal,22.0,71.0,"3426, 2488",idx_R,355,355.0
2,356.0,-1.5840929746627808,0,0.001,,0.05658628143798878,0.005,0.12053882436494652,0,,"176, 356",a9-46v,Area_anterior_9-46v,Dorsolateral_Prefrontal,22.0,85.0,"3314, 2628",idx_R,356,356.0
2,357.0,0.8928943872451782,0,0.001,,0.1859568665715331,0.005,0.2812792939737475,0,,"177, 357",i6-8,Inferior_6-8_Transitional_Area,Dorsolateral_Prefrontal,22.0,97.0,"1764, 2418",idx_R,357,357.0
2,358.0,0.32611721754074097,0,0.001,,0.37216783540565773,0.005,0.4309763032523474,0,,"178, 358",p9-46v,Area_posterior_9-46v,Dorsolateral_Prefrontal,22.0,83.0,"2871, 4635",idx_R,358,358.0
2,359.0,1.218497395515442,0,0.001,,0.11151750695164075,0.005,0.19394349035067956,0,,"179, 359",s6-8,Superior_6-8_Transitional_Area,Dorsolateral_Prefrontal,22.0,98.0,"1336, 2132",idx_R,359,359.0
2,360.0,-6.2193450927734375,1,0.001,-,2.4961711043866413e-10,0.005,2.246553993947977e-08,1,-,"180, 360",SFL,Superior_Frontal_Language_Area,Dorsolateral_Prefrontal,22.0,26.0,"3873, 3055",idx_R,360,360.0
3,1.0,0.3807728588581085,0,0.001,,0.35168590015878276,0.005,0.4178446338520191,0,,"1, 181",V1,Primary_Visual_Cortex,Primary_Visual,1.0,1.0,"13,812, 13,406",idx_L,1,1.0
3,2.0,1.3536815643310547,0,0.001,,0.08791899613107051,0.005,0.21490116993918168,0,,"2, 182",V2,Second_Visual_Area,Early_Visual,2.0,4.0,"9515, 9420",idx_L,2,2.0
3,3.0,2.2129065990448,0,0.001,,0.013452042826065116,0.005,0.06456980556511256,0,,"3, 183",V3,Third_Visual_Area,Early_Visual,2.0,5.0,"7106, 7481",idx_L,3,3.0
3,4.0,0.9720428586006165,0,0.001,,0.16551461367659187,0.005,0.2919079805226778,0,,"4, 184",V4,Fourth_Visual_Area,Early_Visual,2.0,6.0,"4782, 4537",idx_L,4,4.0
3,5.0,0.342410683631897,0,0.001,,0.3660209247632524,0.005,0.42921020493410705,0,,"5, 185",IPS1,IntraParietal_Sulcus_Area_1,Dorsal_Stream_Visual,3.0,17.0,"1751, 1750",idx_L,5,5.0
3,6.0,0.9370408058166504,0,0.001,,0.17436878413224471,0.005,0.29891791565527664,0,,"6, 186",V3A,Area_V3A,Dorsal_Stream_Visual,3.0,13.0,"2191, 2212",idx_L,6,6.0
3,7.0,0.9511069059371948,0,0.001,,0.17077505469571258,0.005,0.2970395589965425,0,,"7, 187",V3B,Area_V3B,Dorsal_Stream_Visual,3.0,19.0,"639, 731",idx_L,7,7.0
3,8.0,0.9426405429840088,0,0.001,,0.17293239742382094,0.005,0.29891791565527664,0,,"8, 188",V6,Sixth_Visual_Area,Dorsal_Stream_Visual,3.0,3.0,"1402, 1559",idx_L,8,8.0
3,9.0,0.8557923436164856,0,0.001,,0.1960563254794318,0.005,0.31650348507890336,0,,"9, 189",V6A,Area_V6A,Dorsal_Stream_Visual,3.0,152.0,"904, 734",idx_L,9,9.0
3,10.0,0.1076500192284584,0,0.001,,0.4571366589465222,0.005,0.4783988291300814,0,,"10, 190",V7,Seventh_Visual_Area,Dorsal_Stream_Visual,3.0,16.0,"1005, 1041",idx_L,10,10.0
3,11.0,-0.7375928163528442,0,0.001,,0.23038096102724365,0.005,0.34753760241417947,0,,"11, 191",FFC,Fusiform_Face_Complex,Ventral_Stream_Visual,4.0,18.0,"3848, 4402",idx_L,11,11.0
3,12.0,0.6729047298431396,0,0.001,,0.2505039514586465,0.005,0.36072569010045097,0,,"12, 192",PIT,Posterior_InferoTemporal_complex,Ventral_Stream_Visual,4.0,22.0,"1392, 1386",idx_L,12,12.0
3,13.0,1.584180235862732,0,0.001,,0.05657635478863751,0.005,0.16739825103846245,0,,"13, 193",V8,Eighth_Visual_Area,Ventral_Stream_Visual,4.0,7.0,"1361, 1175",idx_L,13,13.0
3,14.0,1.6785962581634521,0,0.001,,0.046615378159695534,0.005,0.14983514408473564,0,,"14, 194",VMV1,VentroMedial_Visual_Area_1,Ventral_Stream_Visual,4.0,153.0,"939, 1219",idx_L,14,14.0
3,15.0,0.21586623787879944,0,0.001,,0.41454600744829434,0.005,0.4519774108846245,0,,"15, 195",VMV2,VentroMedial_Visual_Area_2,Ventral_Stream_Visual,4.0,160.0,"639, 923",idx_L,15,15.0
3,16.0,0.8337362408638,0,0.001,,0.20221481561539112,0.005,0.32211209567053456,0,,"16, 196",VMV3,VentroMedial_Visual_Area_3,Ventral_Stream_Visual,4.0,154.0,"941, 1242",idx_L,16,16.0
3,17.0,1.4826436042785645,0,0.001,,0.06908456277698367,0.005,0.1884124439372282,0,,"17, 197",VVC,Ventral_Visual_Complex,Ventral_Stream_Visual,4.0,163.0,"2487, 2753",idx_L,17,17.0
3,18.0,0.04367002844810486,0,0.001,,0.48258371512466425,0.005,0.49076310012677715,0,,"18, 198",FST,Area_FST,MT + _Complex,5.0,157.0,"1324, 1683",idx_L,18,18.0
3,19.0,1.031963586807251,0,0.001,,0.15104458798422044,0.005,0.2765386167231675,0,,"19, 199",LO1,Area_Lateral_Occipital_1,MT + _Complex,5.0,20.0,"619, 909",idx_L,19,19.0
3,20.0,0.08286835998296738,0,0.001,,0.46697810627911046,0.005,0.4858731741632363,0,,"20, 200",LO2,Area_Lateral_Occipital_2,MT + _Complex,5.0,21.0,"1179, 1062",idx_L,20,20.0
3,21.0,-0.21324452757835388,0,0.001,,0.41556811945225197,0.005,0.4519774108846245,0,,"21, 201",LO3,Area_Lateral_Occipital_3,MT + _Complex,5.0,159.0,"438, 915",idx_L,21,21.0
3,22.0,0.07241443544626236,0,0.001,,0.47113604856495356,0.005,0.4860088321247739,0,,"22, 202",MST,Medial_Superior_Temporal_Area,MT + _Complex,5.0,2.0,"794, 1036",idx_L,22,22.0
3,23.0,-0.6539396643638611,0,0.001,,0.25657533917822434,0.005,0.3665361988260348,0,,"23, 203",MT,Middle_Temporal_Area,MT + _Complex,5.0,23.0,"620, 1005",idx_L,23,23.0
3,24.0,-0.16646723449230194,0,0.001,,0.4338946332306838,0.005,0.4607730618378943,0,,"24, 204",PH,Area_PH,MT + _Complex,5.0,138.0,"3453, 3205",idx_L,24,24.0
3,25.0,0.030349545180797577,0,0.001,,0.48789414170565715,0.005,0.4947658901803847,0,,"25, 205",V3CD,Area_V3CD,MT + _Complex,5.0,158.0,"876, 1222",idx_L,25,25.0
3,26.0,0.48817673325538635,0,0.001,,0.3127123316383965,0.005,0.39387129831904993,0,,"26, 206",V4t,Area_V4t,MT + _Complex,5.0,156.0,"1037, 1249",idx_L,26,26.0
3,27.0,-0.8970458507537842,0,0.001,,0.18484722562470385,0.005,0.31267824163235064,0,,"27, 207",1,Area_1,SomaSens_Motor,6.0,51.0,"6590, 5925",idx_L,27,27.0
3,28.0,1.0974061489105225,0,0.001,,0.13623194333318062,0.005,0.2650999978375407,0,,"28, 208",2,Area_2,SomaSens_Motor,6.0,52.0,"4278, 4727",idx_L,28,28.0
3,29.0,-2.0449178218841553,0,0.001,,0.020431480288586826,0.005,0.08358332845330975,0,,"29, 209",3a,Area_3a,SomaSens_Motor,6.0,53.0,"2247, 2286",idx_L,29,29.0
3,30.0,-2.0718178749084473,0,0.001,,0.019141214528742064,0.005,0.08106867329820168,0,,"30, 210",3b,Primary_Sensory_Cortex,SomaSens_Motor,6.0,9.0,"5451, 4350",idx_L,30,30.0
3,31.0,-1.2833510637283325,0,0.001,,0.09968455511215518,0.005,0.2300412810280504,0,,"31, 211",4,Primary_Motor_Cortex,SomaSens_Motor,6.0,8.0,"10,776, 10,254",idx_L,31,31.0
3,32.0,-0.6018186807632446,0,0.001,,0.2736474194406081,0.005,0.37840029011927623,0,,"32, 212",23c,Area_23c,ParaCentral_MidCing,7.0,38.0,"2259, 2498",idx_L,32,32.0
3,33.0,-1.6530860662460327,0,0.001,,0.04915667434847186,0.005,0.15388176317782495,0,,"33, 213",24dd,Dorsal_Area_24d,ParaCentral_MidCing,7.0,40.0,"2665, 2820",idx_L,33,33.0
3,34.0,-1.0380719900131226,0,0.001,,0.1496182703182437,0.005,0.2765386167231675,0,,"34, 214",24dv,Ventral_Area_24d,ParaCentral_MidCing,7.0,41.0,"1076, 1349",idx_L,34,34.0
3,35.0,0.27033182978630066,0,0.001,,0.3934524899934405,0.005,0.44263405124262056,0,,"35, 215",5L,Area_5L,ParaCentral_MidCing,7.0,39.0,"2249, 2327",idx_L,35,35.0
3,36.0,-1.2886637449264526,0,0.001,,0.09875750591619298,0.005,0.22937227180535144,0,,"36, 216",5 m,Area_5m,ParaCentral_MidCing,7.0,36.0,"1483, 2079",idx_L,36,36.0
3,37.0,0.3197428286075592,0,0.001,,0.374581645094782,0.005,0.43434220945552565,0,,"37, 217",5mv,Area_5m_ventral,ParaCentral_MidCing,7.0,37.0,"1651, 1996",idx_L,37,37.0
3,38.0,-0.18301048874855042,0,0.001,,0.4273948943898003,0.005,0.4586780764678028,0,,"38, 218",6ma,Area_6m_anterior,ParaCentral_MidCing,7.0,44.0,"3941, 4251",idx_L,38,38.0
3,39.0,-0.4876953959465027,0,0.001,,0.31288280668777774,0.005,0.39387129831904993,0,,"39, 219",6mp,Area_6mp,ParaCentral_MidCing,7.0,55.0,"3701, 3105",idx_L,39,39.0
3,40.0,-2.2520923614501953,0,0.001,,0.012158217959239045,0.005,0.061647302328536005,0,,"40, 220",SCEF,Supplementary_and_Cingulate_Eye_Field,ParaCentral_MidCing,7.0,43.0,"3500, 3371",idx_L,40,40.0
3,41.0,-1.427487850189209,0,0.001,,0.0767196623964195,0.005,0.19906474638883329,0,,"41, 221",55b,Area_55b,Premotor,8.0,12.0,"2422, 1537",idx_L,41,41.0
3,42.0,0.5551577210426331,0,0.001,,0.2893933923369457,0.005,0.3894158998896509,0,,"42, 222",6a,Area_6_anterior,Premotor,8.0,96.0,"4233, 3752",idx_L,42,42.0
3,43.0,-1.177512526512146,0,0.001,,0.11949550036949252,0.005,0.24932857504525133,0,,"43, 223",6d,Dorsal_area_6,Premotor,8.0,54.0,"2916, 2909",idx_L,43,43.0
3,44.0,-1.4135123491287231,0,0.001,,0.07875256648386136,0.005,0.20250659952992925,0,,"44, 224",6r,Rostral_Area_6,Premotor,8.0,78.0,"3029, 3981",idx_L,44,44.0
3,45.0,-0.4617556929588318,0,0.001,,0.32212826378917553,0.005,0.39387129831904993,0,,"45, 225",6v,Ventral_Area_6,Premotor,8.0,56.0,"2075, 2516",idx_L,45,45.0
3,46.0,-2.1072981357574463,0,0.001,,0.017545872430013754,0.005,0.07703065944884088,0,,"46, 226",FEF,Frontal_Eye_Fields,Premotor,8.0,10.0,"1787, 1889",idx_L,46,46.0
3,47.0,-2.3809781074523926,0,0.001,,0.008633369044280883,0.005,0.050129239611953515,0,,"47, 227",PEF,Premotor_Eye_Field,Premotor,8.0,11.0,"1006, 1258",idx_L,47,47.0
3,48.0,-0.5767096281051636,0,0.001,,0.2820678136216348,0.005,0.38463792766586563,0,,"48, 228",43,Area_43,Posterior_Opercular,9.0,99.0,"1889, 1678",idx_L,48,48.0
3,49.0,-2.1342215538024902,0,0.001,,0.01641232457801509,0.005,0.07294366479117818,0,,"49, 229",FOP1,Frontal_Opercular_Area_1,Posterior_Opercular,9.0,113.0,"879, 932",idx_L,49,49.0
3,50.0,0.40986767411231995,0,0.001,,0.34095150979786326,0.005,0.40941507811534156,0,,"50, 230",OP1,Area_OP1-SII,Posterior_Opercular,9.0,101.0,"1275, 1072",idx_L,50,50.0
3,51.0,-0.5957975387573242,0,0.001,,0.2756552440759369,0.005,0.3787629307913637,0,,"51, 231",OP2-3,Area_OP2-3-VS,Posterior_Opercular,9.0,102.0,"943, 792",idx_L,51,51.0
3,52.0,-0.8854914307594299,0,0.001,,0.1879458196709039,0.005,0.31324303278483984,0,,"52, 232",OP4,Area_OP4-PV,Posterior_Opercular,9.0,100.0,"2332, 2409",idx_L,52,52.0
3,53.0,-1.8270245790481567,0,0.001,,0.033848036947049194,0.005,0.1218529330093771,0,,"53, 233",52,Area_52,Early_Auditory,10.0,103.0,"725, 580",idx_L,53,53.0
3,54.0,-0.004178625997155905,0,0.001,,0.4983329742670505,0.005,0.499587058462718,0,,"54, 234",A1,Primary_Auditory_Cortex,Early_Auditory,10.0,24.0,"1023, 796",idx_L,54,54.0
3,55.0,0.11916719377040863,0,0.001,,0.4525714484921035,0.005,0.4750021033736363,0,,"55, 235",LBelt,Lateral_Belt_Complex,Early_Auditory,10.0,174.0,"820, 901",idx_L,55,55.0
3,56.0,0.380932092666626,0,0.001,,0.3516268190764269,0.005,0.4178446338520191,0,,"56, 236",MBelt,Medial_Belt_Complex,Early_Auditory,10.0,173.0,"1242, 1236",idx_L,56,56.0
3,57.0,0.8633400797843933,0,0.001,,0.1939752569377694,0.005,0.3159777941067737,0,,"57, 237",PBelt,ParaBelt_Complex,Early_Auditory,10.0,124.0,"1719, 1439",idx_L,57,57.0
3,58.0,-0.9391542673110962,0,0.001,,0.1738257727120402,0.005,0.29891791565527664,0,,"58, 238",PFcm,Area_PFcm,Early_Auditory,10.0,105.0,"1486, 1485",idx_L,58,58.0
3,59.0,1.0307540893554688,0,0.001,,0.1513280763735111,0.005,0.2765386167231675,0,,"59, 239",RI,RetroInsular_Cortex,Early_Auditory,10.0,104.0,"1149, 1334",idx_L,59,59.0
3,60.0,0.7601843476295471,0,0.001,,0.22357219987780919,0.005,0.346400125703858,0,,"60, 240",A4,Auditory_4_Complex,Auditory_Association,11.0,175.0,"3514, 3610",idx_L,60,60.0
3,61.0,-2.6405246257781982,0,0.001,,0.004138888829041836,0.005,0.02921568585206002,0,,"61, 241",A5,Auditory_5_Complex,Auditory_Association,11.0,125.0,"3346, 3881",idx_L,61,61.0
3,62.0,-2.6908483505249023,0,0.001,,0.0035635292092181946,0.005,0.02672646906913646,0,,"62, 242",STGa,Area_STGa,Auditory_Association,11.0,123.0,"2509, 2187",idx_L,62,62.0
3,63.0,-3.781146764755249,1,0.001,-,7.805380266501499e-05,0.005,0.0015610760533002997,1,-,"63, 243",STSda,Area_STSd_anterior,Auditory_Association,11.0,128.0,"1944, 2389",idx_L,63,63.0
3,64.0,-4.798119068145752,1,0.001,-,8.008128179270116e-07,0.005,3.603657680671552e-05,1,-,"64, 244",STSdp,Area_STSd_posterior,Auditory_Association,11.0,129.0,"1994, 2605",idx_L,64,64.0
3,65.0,-2.7032248973846436,0,0.001,,0.003433513301163378,0.005,0.02672646906913646,0,,"65, 245",STSva,Area_STSv_anterior,Auditory_Association,11.0,176.0,"1694, 1900",idx_L,65,65.0
3,66.0,-4.184117794036865,1,0.001,-,1.4313782490813147e-05,0.005,0.0004294134747243944,1,-,"66, 246",STSvp,Area_STSv_posterior,Auditory_Association,11.0,130.0,"2898, 2515",idx_L,66,66.0
3,67.0,-0.7768048048019409,0,0.001,,0.21863697078438565,0.005,0.34370877503222197,0,,"67, 247",TA2,Area_TA2,Auditory_Association,11.0,107.0,"1518, 1726",idx_L,67,67.0
3,68.0,-1.3511325120925903,0,0.001,,0.088326494198681,0.005,0.21490116993918168,0,,"68, 248",AAIC,Anterior_Agranular_Insula_Complex,Insula_FrontalOperc,12.0,112.0,"1859, 1691",idx_L,68,68.0
3,69.0,-0.8964685201644897,0,0.001,,0.18500129296580747,0.005,0.31267824163235064,0,,"69, 249",AVI,Anterior_Ventral_Insular_Area,Insula_FrontalOperc,12.0,111.0,"1446, 1792",idx_L,69,69.0
3,70.0,0.7050963044166565,0,0.001,,0.2403751531065706,0.005,0.3549302222734629,0,,"70, 250",FOP2,Frontal_Opercular_Area_2,Insula_FrontalOperc,12.0,115.0,"750, 720",idx_L,70,70.0
3,71.0,0.5247648358345032,0,0.001,,0.29987333964224294,0.005,0.3911508310674107,0,,"71, 251",FOP3,Frontal_Opercular_Area_3,Insula_FrontalOperc,12.0,114.0,"754, 614",idx_L,71,71.0
3,72.0,-3.464095115661621,1,0.001,-,0.0002660091798377368,0.005,0.00368320402852251,1,-,"72, 252",FOP4,Frontal_Opercular_Area_4,Insula_FrontalOperc,12.0,108.0,"2522, 1678",idx_L,72,72.0
3,73.0,-1.9436477422714233,0,0.001,,0.025968972193713188,0.005,0.10161771727974726,0,,"73, 253",FOP5,Area_Frontal_Opercular_5,Insula_FrontalOperc,12.0,169.0,"1297, 1365",idx_L,73,73.0
3,74.0,-0.8509531021118164,0,0.001,,0.19739770247383537,0.005,0.31724630754723543,0,,"74, 254",Ig,Insular_Granular_Complex,Insula_FrontalOperc,12.0,168.0,"841, 1077",idx_L,74,74.0
3,75.0,-4.533829212188721,1,0.001,-,2.8961935368382333e-06,0.005,0.00011584774147352934,1,-,"75, 255",MI,Middle_Insular_Area,Insula_FrontalOperc,12.0,109.0,"2102, 1960",idx_L,75,75.0
3,76.0,-1.7347331047058105,0,0.001,,0.04139404489190374,0.005,0.13671427670720504,0,,"76, 256",PI,Para-Insular_Area,Insula_FrontalOperc,12.0,178.0,"1033, 1058",idx_L,76,76.0
3,77.0,-3.663212776184082,1,0.001,-,0.00012453573710543412,0.005,0.002241643267897814,1,-,"77, 257",Pir,Pirform_Cortex,Insula_FrontalOperc,12.0,110.0,"2287, 1856",idx_L,77,77.0
3,78.0,-0.6235544681549072,0,0.001,,0.26646011036353634,0.005,0.374709530198723,0,,"78, 258",PoI1,Area_Posterior_Insular_1,Insula_FrontalOperc,12.0,167.0,"1811, 1835",idx_L,78,78.0
3,79.0,-0.815198540687561,0,0.001,,0.20747933653381356,0.005,0.3275989524218109,0,,"79, 259",PoI2,Posterior_Insular_Area_2,Insula_FrontalOperc,12.0,106.0,"2747, 2675",idx_L,79,79.0
3,80.0,-2.159785032272339,0,0.001,,0.015394657440853615,0.005,0.0709624679959421,0,,"80, 260",H,Hippocampus,Medial_Temporal,13.0,120.0,"4283, 3626",idx_L,80,80.0
3,81.0,-0.5314368605613708,0,0.001,,0.2975580420069347,0.005,0.39097099886676634,0,,"81, 261",PreS,PreSubiculum,Medial_Temporal,13.0,119.0,"1817, 1558",idx_L,81,81.0
3,82.0,-1.4730322360992432,0,0.001,,0.0703711718709245,0.005,0.1904441040642233,0,,"82, 262",EC,Entorhinal_Cortex,Medial_Temporal,13.0,118.0,"2127, 2110",idx_L,82,82.0
3,83.0,-2.2397639751434326,0,0.001,,0.012553124891057404,0.005,0.061905821380557065,0,,"83, 263",PeEc,Perirhinal_Ectorhinal_Cortex,Medial_Temporal,13.0,122.0,"4826, 4755",idx_L,83,83.0
3,84.0,0.49711018800735474,0,0.001,,0.30955567529157757,0.005,0.39387129831904993,0,,"84, 264",TF,Area_TF,Medial_Temporal,13.0,135.0,"3986, 4752",idx_L,84,84.0
3,85.0,-0.6176822185516357,0,0.001,,0.2683924177331232,0.005,0.37595825052110643,0,,"85, 265",PHA1,ParaHippocampal_Area_1,Medial_Temporal,13.0,126.0,"1281, 1168",idx_L,85,85.0
3,86.0,1.0175426006317139,0,0.001,,0.15444768862235142,0.005,0.27800583952023256,0,,"86, 266",PHA2,ParaHippocampal_Area_2,Medial_Temporal,13.0,155.0,"783, 771",idx_L,86,86.0
3,87.0,0.2965296804904938,0,0.001,,0.3834128019329673,0.005,0.4367993946071779,0,,"87, 267",PHA3,ParaHippocampal_Area_3,Medial_Temporal,13.0,127.0,"2023, 1122",idx_L,87,87.0
3,88.0,-0.205668106675148,0,0.001,,0.41852508656023174,0.005,0.45382238301711875,0,,"88, 268",PHT,Area_PHT,Lateral_Temporal,14.0,137.0,"4182, 3410",idx_L,88,88.0
3,89.0,-3.3848938941955566,1,0.001,-,0.00035602886841719654,0.005,0.004747051578895954,1,-,"89, 269",TE1a,Area_TE1_anterior,Lateral_Temporal,14.0,132.0,"5227, 4180",idx_L,89,89.0
3,90.0,-2.4700303077697754,0,0.001,,0.00675508026702432,0.005,0.04121743891743653,0,,"90, 270",TE1m,Area_TE1_Middle,Lateral_Temporal,14.0,177.0,"3339, 3429",idx_L,90,90.0
3,91.0,0.06738186627626419,0,0.001,,0.4731388524955453,0.005,0.4860088321247739,0,,"91, 271",TE1p,Area_TE1_posterior,Lateral_Temporal,14.0,133.0,"7116, 6010",idx_L,91,91.0
3,92.0,-0.6110143661499023,0,0.001,,0.27059503480310004,0.005,0.37611665069156763,0,,"92, 272",TE2a,Area_TE2_anterior,Lateral_Temporal,14.0,134.0,"5691, 5753",idx_L,92,92.0
3,93.0,1.1490603685379028,0,0.001,,0.1252655443916098,0.005,0.2562249771646564,0,,"93, 273",TE2p,Area_TE2_posterior,Lateral_Temporal,14.0,136.0,"4115, 3040",idx_L,93,93.0
3,94.0,-4.370484352111816,1,0.001,-,6.198561942645711e-06,0.005,0.0002231482299352456,1,-,"94, 274",TGd,Area_TG_dorsal,Lateral_Temporal,14.0,131.0,"10,192, 10,269",idx_L,94,94.0
3,95.0,-3.186652183532715,1,0.001,-,0.0007196487289960142,0.005,0.008357211046405326,0,,"95, 275",TGv,Area_TG_Ventral,Lateral_Temporal,14.0,172.0,"3694, 4515",idx_L,95,95.0
3,96.0,-4.9225921630859375,1,0.001,-,4.270266025027752e-07,0.005,2.1961368128714153e-05,1,-,"96, 276",PSL,PeriSylvian_Language_Area,TPO,15.0,25.0,"2154, 2759",idx_L,96,96.0
3,97.0,-3.069028377532959,0,0.001,,0.0010737809546647757,0.005,0.011713974050888462,0,,"97, 277",STV,Superior_Temporal_Visual_Area,TPO,15.0,28.0,"2322, 2294",idx_L,97,97.0
3,98.0,-4.126195907592773,1,0.001,-,1.844065612131341e-05,0.005,0.0005106643233594484,1,-,"98, 278",TPOJ1,Area_TemporoParietoOccipital_Junction_1,TPO,15.0,139.0,"2102, 3938",idx_L,98,98.0
3,99.0,-0.9778019785881042,0,0.001,,0.16408613613585205,0.005,0.29099019216210215,0,,"99, 279",TPOJ2,Area_TemporoParietoOccipital_Junction_2,TPO,15.0,140.0,"1930, 2068",idx_L,99,99.0
3,100.0,-0.39147451519966125,0,0.001,,0.3477232612942034,0.005,0.4158816414149941,0,,"100, 280",TPOJ3,Area_TemporoParietoOccipital_Junction_3,TPO,15.0,141.0,"1290, 1277",idx_L,100,100.0
3,101.0,-0.18740633130073547,0,0.001,,0.42567102944404445,0.005,0.4586780764678028,0,,"101, 281",7AL,Lateral_Area_7A,Superior_Parietal,16.0,42.0,"2134, 2030",idx_L,101,101.0
3,102.0,1.773406982421875,0,0.001,,0.03808064641413939,0.005,0.12933049725556775,0,,"102, 282",7Am,Medial_Area_7A,Superior_Parietal,16.0,45.0,"2995, 2379",idx_L,102,102.0
3,103.0,-0.1844726949930191,0,0.001,,0.42682132289380625,0.005,0.4586780764678028,0,,"103, 283",7PC,Area_7PC,Superior_Parietal,16.0,47.0,"3151, 3415",idx_L,103,103.0
3,104.0,2.614182233810425,0,0.001,,0.004472065832215535,0.005,0.030376296218822502,0,,"104, 284",7Pl,Lateral_Area_7P,Superior_Parietal,16.0,46.0,"1695, 1363",idx_L,104,104.0
3,105.0,1.5336734056472778,0,0.001,,0.06255500974559665,0.005,0.17732128746783302,0,,"105, 285",7Pm,Medial_Area_7P,Superior_Parietal,16.0,29.0,"1601, 1308",idx_L,105,105.0
3,106.0,2.2458882331848145,0,0.001,,0.012355583884608012,0.005,0.06177791942304006,0,,"106, 286",AIP,Anterior_IntraParietal_Area,Superior_Parietal,16.0,117.0,"1999, 2542",idx_L,106,106.0
3,107.0,1.3554472923278809,0,0.001,,0.08763754536687379,0.005,0.21490116993918168,0,,"107, 287",LIPd,Area_Lateral_IntraParietal_dorsal,Superior_Parietal,16.0,95.0,"1008, 869",idx_L,107,107.0
3,108.0,0.0010350911179557443,0,0.001,,0.499587058462718,0.005,0.499587058462718,0,,"108, 288",LIPv,Area_Lateral_IntraParietal_ventral,Superior_Parietal,16.0,48.0,"1681, 1783",idx_L,108,108.0
3,109.0,2.059272289276123,0,0.001,,0.019734080754842696,0.005,0.08221227809106708,0,,"109, 289",MIP,Medial_IntraParietal_Area,Superior_Parietal,16.0,50.0,"1872, 2403",idx_L,109,109.0
3,110.0,0.1555527150630951,0,0.001,,0.438192799515861,0.005,0.46260823409299107,0,,"110, 290",VIP,Ventral_IntraParietal_Complex,Superior_Parietal,16.0,49.0,"1890, 1577",idx_L,110,110.0
3,111.0,0.7364568710327148,0,0.001,,0.23072635271385805,0.005,0.34753760241417947,0,,"111, 291",IP0,Area_IntraParietal_0,Inferior_Parietal,17.0,146.0,"1203, 1239",idx_L,111,111.0
3,112.0,2.7946503162384033,0,0.001,,0.0025977940249592066,0.005,0.02125467838602987,0,,"112, 292",IP1,Area_IntraParietal_1,Inferior_Parietal,17.0,145.0,"1692, 1632",idx_L,112,112.0
3,113.0,2.846747875213623,0,0.001,,0.002208416412087507,0.005,0.01939097337442689,0,,"113, 293",IP2,Area_IntraParietal_2,Inferior_Parietal,17.0,144.0,"2102, 1861",idx_L,113,113.0
3,114.0,-1.0996484756469727,0,0.001,,0.13574265609822161,0.005,0.2650999978375407,0,,"114, 294",PF,Area_PF_Complex,Inferior_Parietal,17.0,148.0,"5457, 5251",idx_L,114,114.0
3,115.0,-0.41333991289138794,0,0.001,,0.3396787956105787,0.005,0.40941507811534156,0,,"115, 295",PFm,Area_PFm_Complex,Inferior_Parietal,17.0,149.0,"8220, 8141",idx_L,115,115.0
3,116.0,-1.055033802986145,0,0.001,,0.14570493259369166,0.005,0.27607250386173154,0,,"116, 296",PFop,Area_PF_Opercular,Inferior_Parietal,17.0,147.0,"1797, 1783",idx_L,116,116.0
3,117.0,0.47049564123153687,0,0.001,,0.3190004738107445,0.005,0.39387129831904993,0,,"117, 297",PFt,Area_PFt,Inferior_Parietal,17.0,116.0,"1983, 2039",idx_L,117,117.0
3,118.0,-1.0901529788970947,0,0.001,,0.13782288112180258,0.005,0.2667539634615534,0,,"118, 298",PGi,Area_PGi,Inferior_Parietal,17.0,150.0,"4791, 4970",idx_L,118,118.0
3,119.0,0.5214649438858032,0,0.001,,0.3010214601546553,0.005,0.3911508310674107,0,,"119, 299",PGp,Area_PGp,Inferior_Parietal,17.0,143.0,"2501, 3740",idx_L,119,119.0
3,120.0,0.8174246549606323,0,0.001,,0.20684289538591405,0.005,0.3275989524218109,0,,"120, 300",PGs,Area_PGs,Inferior_Parietal,17.0,151.0,"4552, 3366",idx_L,120,120.0
3,121.0,-0.6941553354263306,0,0.001,,0.24379239971898925,0.005,0.35632613833347526,0,,"121, 301",23d,Area_23d,Posterior_Cingulate,18.0,32.0,"1261, 1513",idx_L,121,121.0
3,122.0,1.2672688961029053,0,0.001,,0.10252957910820121,0.005,0.23509967184046135,0,,"122, 302",31a,Area_31a,Posterior_Cingulate,18.0,162.0,"1260, 1116",idx_L,122,122.0
3,123.0,-0.7171326279640198,0,0.001,,0.23664613248609034,0.005,0.3520355689875724,0,,"123, 303",31pd,Area_31pd,Posterior_Cingulate,18.0,161.0,"1428, 864",idx_L,123,123.0
3,124.0,-0.704490065574646,0,0.001,,0.24056381731868037,0.005,0.3549302222734629,0,,"124, 304",31pv,Area_31p_ventral,Posterior_Cingulate,18.0,35.0,"950, 1022",idx_L,124,124.0
3,125.0,1.2523913383483887,0,0.001,,0.10521365046920367,0.005,0.23673071355570824,0,,"125, 305",7 m,Area_7m,Posterior_Cingulate,18.0,30.0,"2128, 2067",idx_L,125,125.0
3,126.0,-0.2571451663970947,0,0.001,,0.3985333558806442,0.005,0.44556524259947794,0,,"126, 306",d23ab,Area_dorsal_23_a + b,Posterior_Cingulate,18.0,34.0,"1607, 1106",idx_L,126,126.0
3,127.0,2.860271453857422,0,0.001,,0.0021163926158691143,0.005,0.01904753354282203,0,,"127, 307",DVT,Dorsal_Transitional_Visual_Area,Posterior_Cingulate,18.0,142.0,"1806, 2176",idx_L,127,127.0
3,128.0,-0.5216755867004395,0,0.001,,0.30094811271691335,0.005,0.3911508310674107,0,,"128, 308",PCV,PreCuneus_Visual_Area,Posterior_Cingulate,18.0,27.0,"2245, 2416",idx_L,128,128.0
3,129.0,-0.47557318210601807,0,0.001,,0.3171892424564976,0.005,0.39387129831904993,0,,"129, 309",POS1,Parieto-Occipital_Sulcus_Area_1,Posterior_Cingulate,18.0,31.0,"2531, 2727",idx_L,129,129.0
3,130.0,3.282620906829834,1,0.001,+,0.0005142343537882472,0.005,0.006170812245458967,0,,"130, 310",POS2,Parieto-Occipital_Sulcus_Area_2,Posterior_Cingulate,18.0,15.0,"3261, 3093",idx_L,130,130.0
3,131.0,-1.488182544708252,0,0.001,,0.06835137964376325,0.005,0.18783585245614332,0,,"131, 311",ProS,ProStriate_Area,Posterior_Cingulate,18.0,121.0,"1222, 1055",idx_L,131,131.0
3,132.0,2.812426805496216,0,0.001,,0.0024584606295192375,0.005,0.020582461084347106,0,,"132, 312",RSC,RetroSplenial_Complex,Posterior_Cingulate,18.0,14.0,"2830, 3067",idx_L,132,132.0
3,133.0,-1.3345288038253784,0,0.001,,0.09101530674814717,0.005,0.2159903483704828,0,,"133, 313",v23ab,Area_ventral_23_a + b,Posterior_Cingulate,18.0,33.0,"916, 1089",idx_L,133,133.0
3,134.0,-1.7659846544265747,0,0.001,,0.03869921170429621,0.005,0.130202955266791,0,,"134, 314",10r,Area_10r,AntCing_MedPFC,19.0,65.0,"1589, 1053",idx_L,134,134.0
3,135.0,-2.817283868789673,0,0.001,,0.00242158494929131,0.005,0.020582461084347106,0,,"135, 315",10v,Area_10v,AntCing_MedPFC,19.0,88.0,"3906, 2667",idx_L,135,135.0
3,136.0,-1.5078239440917969,0,0.001,,0.06579979612324616,0.005,0.18221482003360473,0,,"136, 316",25,Area_25,AntCing_MedPFC,19.0,164.0,"1911, 2135",idx_L,136,136.0
3,137.0,-1.1891385316848755,0,0.001,,0.11719257899161756,0.005,0.24932857504525133,0,,"137, 317",33pr,Area_33_prime,AntCing_MedPFC,19.0,58.0,"1354, 1316",idx_L,137,137.0
3,138.0,-2.2846312522888184,0,0.001,,0.011167229409034548,0.005,0.05949829952114347,0,,"138, 318",8BM,Area_8BM,AntCing_MedPFC,19.0,63.0,"3122, 3436",idx_L,138,138.0
3,139.0,-5.060853481292725,1,0.001,-,2.0869193802714708e-07,0.005,1.8782274422443236e-05,1,-,"139, 319",9 m,Area_9_Middle,AntCing_MedPFC,19.0,69.0,"6338, 5881",idx_L,139,139.0
3,140.0,-2.54270601272583,0,0.001,,0.005499886783409079,0.005,0.035356415036201225,0,,"140, 320",a24,Area_a24,AntCing_MedPFC,19.0,61.0,"2085, 2152",idx_L,140,140.0
3,141.0,-1.8755067586898804,0,0.001,,0.03036152027906638,0.005,0.11270081309385749,0,,"141, 321",a24pr,Anterior_24_prime,AntCing_MedPFC,19.0,59.0,"1095, 1474",idx_L,141,141.0
3,142.0,-1.3509966135025024,0,0.001,,0.08834825875277469,0.005,0.21490116993918168,0,,"142, 322",a32pr,Area_anterior_32_prime,AntCing_MedPFC,19.0,179.0,"1759, 1118",idx_L,142,142.0
3,143.0,-2.9982213973999023,0,0.001,,0.0013578015917644747,0.005,0.013965959229577456,0,,"143, 323",d32,Area_dorsal_32,AntCing_MedPFC,19.0,62.0,"2228, 2374",idx_L,143,143.0
3,144.0,-1.8182346820831299,0,0.001,,0.034514135625541835,0.005,0.12302068143757486,0,,"144, 324",p24,Area_posterior_24,AntCing_MedPFC,19.0,180.0,"2394, 2442",idx_L,144,144.0
3,145.0,-0.3160296678543091,0,0.001,,0.3759899947842886,0.005,0.43434220945552565,0,,"145, 325",p24pr,Area_Posterior_24_prime,AntCing_MedPFC,19.0,57.0,"1422, 1724",idx_L,145,145.0
3,146.0,-2.4726598262786865,0,0.001,,0.006705586549141096,0.005,0.04121743891743653,0,,"146, 326",p32,Area_p32,AntCing_MedPFC,19.0,64.0,"1180, 1765",idx_L,146,146.0
3,147.0,-1.5408307313919067,0,0.001,,0.06167899396415005,0.005,0.17622569704042873,0,,"147, 327",p32pr,Area_p32_prime,AntCing_MedPFC,19.0,60.0,"1569, 1305",idx_L,147,147.0
3,148.0,-0.4847559630870819,0,0.001,,0.31392473187552794,0.005,0.39387129831904993,0,,"148, 328",pOFC,Posterior_OFC_Complex,AntCing_MedPFC,19.0,166.0,"2486, 2836",idx_L,148,148.0
3,149.0,-1.0493000745773315,0,0.001,,0.14702001585630087,0.005,0.2765386167231675,0,,"149, 329",s32,Area_s32,AntCing_MedPFC,19.0,165.0,"604, 1015",idx_L,149,149.0
3,150.0,-1.8754327297210693,0,0.001,,0.0303666079725116,0.005,0.11270081309385749,0,,"150, 330",10d,Area_10d,OrbPolaFrontal,20.0,72.0,"3644, 3096",idx_L,150,150.0
3,151.0,-1.5743509531021118,0,0.001,,0.05770316806526972,0.005,0.16888732116664307,0,,"151, 331",10 pp,Polar_10p,OrbPolaFrontal,20.0,90.0,"1997, 2487",idx_L,151,151.0
3,152.0,0.06581225991249084,0,0.001,,0.47376364770013674,0.005,0.4860088321247739,0,,"152, 332",11 l,Area_11l,OrbPolaFrontal,20.0,91.0,"3531, 3793",idx_L,152,152.0
3,153.0,-0.36657556891441345,0,0.001,,0.35696781731376376,0.005,0.4204693683430094,0,,"153, 333",13 l,Area_13l,OrbPolaFrontal,20.0,92.0,"2429, 1757",idx_L,153,153.0
3,154.0,-2.027587890625,0,0.001,,0.02130116296598743,0.005,0.08616200750287051,0,,"154, 334",47 m,Area_47m,OrbPolaFrontal,20.0,66.0,"799, 781",idx_L,154,154.0
3,155.0,-3.0124871730804443,0,0.001,,0.0012955819319501473,0.005,0.013717926338295678,0,,"155, 335",47 s,Area_47s,OrbPolaFrontal,20.0,94.0,"2795, 3080",idx_L,155,155.0
3,156.0,-1.2583473920822144,0,0.001,,0.10413307436024732,0.005,0.23577299855150338,0,,"156, 336",a10p,Area_anterior_10p,OrbPolaFrontal,20.0,89.0,"1964, 1748",idx_L,156,156.0
3,157.0,-1.2432218790054321,0,0.001,,0.10689304121622589,0.005,0.2375400915916131,0,,"157, 337",OFC,Orbital_Frontal_Complex,OrbPolaFrontal,20.0,93.0,"4560, 5232",idx_L,157,157.0
3,158.0,1.3531171083450317,0,0.001,,0.08800911044388288,0.005,0.21490116993918168,0,,"158, 338",p10p,Area_posterior_10p,OrbPolaFrontal,20.0,170.0,"2116, 2365",idx_L,158,158.0
3,159.0,-2.5786824226379395,0,0.001,,0.004958895912026532,0.005,0.03245822778781003,0,,"159, 339",44,Area_44,Inferior_Frontal,21.0,74.0,"2435, 2589",idx_L,159,159.0
3,160.0,-4.982489109039307,1,0.001,-,3.138576236853679e-07,0.005,1.8831457421122074e-05,1,-,"160, 340",45,Area_45,Inferior_Frontal,21.0,75.0,"3762, 2962",idx_L,160,160.0
3,161.0,-5.877716541290283,1,0.001,-,2.079821995815773e-09,0.005,3.743679592468391e-07,1,-,"161, 341",47 l,Area_47l_(47_lateral),Inferior_Frontal,21.0,76.0,"2527, 2592",idx_L,161,161.0
3,162.0,-2.694380044937134,0,0.001,,0.003525985263062026,0.005,0.02672646906913646,0,,"162, 342",a47r,Area_anterior_47r,Inferior_Frontal,21.0,77.0,"4167, 3763",idx_L,162,162.0
3,163.0,-0.3369520306587219,0,0.001,,0.3680765307888191,0.005,0.4302193217012171,0,,"163, 343",IFJa,Area_IFJa,Inferior_Frontal,21.0,79.0,"1513, 1405",idx_L,163,163.0
3,164.0,-1.25871741771698,0,0.001,,0.10406620894647878,0.005,0.23577299855150338,0,,"164, 344",IFJp,Area_IFJp,Inferior_Frontal,21.0,80.0,"960, 740",idx_L,164,164.0
3,165.0,-1.1694592237472534,0,0.001,,0.12110933035158228,0.005,0.24948380086862923,0,,"165, 345",IFSa,Area_IFSa,Inferior_Frontal,21.0,82.0,"2057, 2641",idx_L,165,165.0
3,166.0,-0.7493977546691895,0,0.001,,0.2268087519429079,0.005,0.346400125703858,0,,"166, 346",IFSp,Area_IFSp,Inferior_Frontal,21.0,81.0,"1589, 1730",idx_L,166,166.0
3,167.0,-2.2526350021362305,0,0.001,,0.012141086134663368,0.005,0.061647302328536005,0,,"167, 347",p47r,Area_posterior_47r,Inferior_Frontal,21.0,171.0,"2133, 1761",idx_L,167,167.0
3,168.0,0.7254558801651001,0,0.001,,0.23408620111602058,0.005,0.34967233361729216,0,,"168, 348",46,Area_46,Dorsolateral_Prefrontal,22.0,84.0,"4863, 4394",idx_L,168,168.0
3,169.0,0.44306084513664246,0,0.001,,0.3288608626681072,0.005,0.39876934540237857,0,,"169, 349",8Ad,Area_8Ad,Dorsolateral_Prefrontal,22.0,68.0,"3386, 3492",idx_L,169,169.0
3,170.0,-0.5094845294952393,0,0.001,,0.3052063197574516,0.005,0.3938146061386472,0,,"170, 350",8Av,Area_8Av,Dorsolateral_Prefrontal,22.0,67.0,"4807, 5902",idx_L,170,170.0
3,171.0,-3.6184699535369873,1,0.001,-,0.00014817494874709634,0.005,0.0025401419785216514,1,-,"171, 351",8BL,Area_8B_Lateral,Dorsolateral_Prefrontal,22.0,70.0,"3377, 4078",idx_L,171,171.0
3,172.0,-0.5796574354171753,0,0.001,,0.28107282627864477,0.005,0.38463792766586563,0,,"172, 352",8C,Area_8C,Dorsolateral_Prefrontal,22.0,73.0,"4085, 3134",idx_L,172,172.0
3,173.0,-1.9323374032974243,0,0.001,,0.026658937343887468,0.005,0.10212511955458012,0,,"173, 353",9-46d,Area_9-46d,Dorsolateral_Prefrontal,22.0,86.0,"4534, 4666",idx_L,173,173.0
3,174.0,-2.632293701171875,0,0.001,,0.004240525586832223,0.005,0.02935748483191539,0,,"174, 354",9a,Area_9_anterior,Dorsolateral_Prefrontal,22.0,87.0,"3706, 3048",idx_L,174,174.0
3,175.0,-3.587118148803711,1,0.001,-,0.00016717642495798986,0.005,0.0027356142265852887,1,-,"175, 355",9p,Area_9_Posterior,Dorsolateral_Prefrontal,22.0,71.0,"3426, 2488",idx_L,175,175.0
3,176.0,0.7289265990257263,0,0.001,,0.23302328156250152,0.005,0.3495349223437523,0,,"176, 356",a9-46v,Area_anterior_9-46v,Dorsolateral_Prefrontal,22.0,85.0,"3314, 2628",idx_L,176,176.0
3,177.0,0.7484827041625977,0,0.001,,0.2270845268503069,0.005,0.346400125703858,0,,"177, 357",i6-8,Inferior_6-8_Transitional_Area,Dorsolateral_Prefrontal,22.0,97.0,"1764, 2418",idx_L,177,177.0
3,178.0,1.5883439779281616,0,0.001,,0.056104289022908156,0.005,0.16739825103846245,0,,"178, 358",p9-46v,Area_posterior_9-46v,Dorsolateral_Prefrontal,22.0,83.0,"2871, 4635",idx_L,178,178.0
3,179.0,1.0742380619049072,0,0.001,,0.1413579986497724,0.005,0.26972534351884764,0,,"179, 359",s6-8,Superior_6-8_Transitional_Area,Dorsolateral_Prefrontal,22.0,98.0,"1336, 2132",idx_L,179,179.0
3,180.0,-3.724376916885376,1,0.001,-,9.789910503778814e-05,0.005,0.0018549304112423014,1,-,"180, 360",SFL,Superior_Frontal_Language_Area,Dorsolateral_Prefrontal,22.0,26.0,"3873, 3055",idx_L,180,180.0
3,181.0,0.4811736047267914,0,0.001,,0.3151965594600067,0.005,0.39387129831904993,0,,"1, 181",V1,Primary_Visual_Cortex,Primary_Visual,1.0,1.0,"13,812, 13,406",idx_R,181,181.0
3,182.0,1.9494088888168335,0,0.001,,0.025623306927155955,0.005,0.10136692850303455,0,,"2, 182",V2,Second_Visual_Area,Early_Visual,2.0,4.0,"9515, 9420",idx_R,182,182.0
3,183.0,1.6547333002090454,0,0.001,,0.04898930453484347,0.005,0.15388176317782495,0,,"3, 183",V3,Third_Visual_Area,Early_Visual,2.0,5.0,"7106, 7481",idx_R,183,183.0
3,184.0,0.8674189448356628,0,0.001,,0.1928562526976088,0.005,0.3159777941067737,0,,"4, 184",V4,Fourth_Visual_Area,Early_Visual,2.0,6.0,"4782, 4537",idx_R,184,184.0
3,185.0,0.762611448764801,0,0.001,,0.22284757735599386,0.005,0.346400125703858,0,,"5, 185",IPS1,IntraParietal_Sulcus_Area_1,Dorsal_Stream_Visual,3.0,17.0,"1751, 1750",idx_R,185,185.0
3,186.0,1.8589205741882324,0,0.001,,0.03151919867807107,0.005,0.11578481147046515,0,,"6, 186",V3A,Area_V3A,Dorsal_Stream_Visual,3.0,13.0,"2191, 2212",idx_R,186,186.0
3,187.0,1.3797833919525146,0,0.001,,0.0838266738370031,0.005,0.21103218588336445,0,,"7, 187",V3B,Area_V3B,Dorsal_Stream_Visual,3.0,19.0,"639, 731",idx_R,187,187.0
3,188.0,1.1686276197433472,0,0.001,,0.12127684764447255,0.005,0.24948380086862923,0,,"8, 188",V6,Sixth_Visual_Area,Dorsal_Stream_Visual,3.0,3.0,"1402, 1559",idx_R,188,188.0
3,189.0,1.7023447751998901,0,0.001,,0.04434537794961261,0.005,0.14382284740414902,0,,"9, 189",V6A,Area_V6A,Dorsal_Stream_Visual,3.0,152.0,"904, 734",idx_R,189,189.0
3,190.0,0.9691892862319946,0,0.001,,0.16622537779763596,0.005,0.2919079805226778,0,,"10, 190",V7,Seventh_Visual_Area,Dorsal_Stream_Visual,3.0,16.0,"1005, 1041",idx_R,190,190.0
3,191.0,0.04779012128710747,0,0.001,,0.4809417548163848,0.005,0.49047884343880604,0,,"11, 191",FFC,Fusiform_Face_Complex,Ventral_Stream_Visual,4.0,18.0,"3848, 4402",idx_R,191,191.0
3,192.0,-0.21597880125045776,0,0.001,,0.4145021358755019,0.005,0.4519774108846245,0,,"12, 192",PIT,Posterior_InferoTemporal_complex,Ventral_Stream_Visual,4.0,22.0,"1392, 1386",idx_R,192,192.0
3,193.0,0.8566385507583618,0,0.001,,0.19582233669345805,0.005,0.31650348507890336,0,,"13, 193",V8,Eighth_Visual_Area,Ventral_Stream_Visual,4.0,7.0,"1361, 1175",idx_R,193,193.0
3,194.0,1.1029562950134277,0,0.001,,0.13502307262048752,0.005,0.2650999978375407,0,,"14, 194",VMV1,VentroMedial_Visual_Area_1,Ventral_Stream_Visual,4.0,153.0,"939, 1219",idx_R,194,194.0
3,195.0,0.6442849636077881,0,0.001,,0.2596953321307556,0.005,0.3695269548105613,0,,"15, 195",VMV2,VentroMedial_Visual_Area_2,Ventral_Stream_Visual,4.0,160.0,"639, 923",idx_R,195,195.0
3,196.0,0.29919755458831787,0,0.001,,0.3823946575211494,0.005,0.4367993946071779,0,,"16, 196",VMV3,VentroMedial_Visual_Area_3,Ventral_Stream_Visual,4.0,154.0,"941, 1242",idx_R,196,196.0
3,197.0,1.1860218048095703,0,0.001,,0.11780684431438676,0.005,0.24932857504525133,0,,"17, 197",VVC,Ventral_Visual_Complex,Ventral_Stream_Visual,4.0,163.0,"2487, 2753",idx_R,197,197.0
3,198.0,-0.09442921727895737,0,0.001,,0.46238410373129485,0.005,0.4824877604152642,0,,"18, 198",FST,Area_FST,MT + _Complex,5.0,157.0,"1324, 1683",idx_R,198,198.0
3,199.0,0.6919660568237305,0,0.001,,0.24447932268991218,0.005,0.35632613833347526,0,,"19, 199",LO1,Area_Lateral_Occipital_1,MT + _Complex,5.0,20.0,"619, 909",idx_R,199,199.0
3,200.0,-0.658143162727356,0,0.001,,0.25522307142334233,0.005,0.36605699487013243,0,,"20, 200",LO2,Area_Lateral_Occipital_2,MT + _Complex,5.0,21.0,"1179, 1062",idx_R,200,200.0
3,201.0,1.9733057022094727,0,0.001,,0.02423037182893499,0.005,0.09692148731573996,0,,"21, 201",LO3,Area_Lateral_Occipital_3,MT + _Complex,5.0,159.0,"438, 915",idx_R,201,201.0
3,202.0,-0.31248992681503296,0,0.001,,0.37733410864713735,0.005,0.43434220945552565,0,,"22, 202",MST,Medial_Superior_Temporal_Area,MT + _Complex,5.0,2.0,"794, 1036",idx_R,202,202.0
3,203.0,0.15613800287246704,0,0.001,,0.4379621218678055,0.005,0.46260823409299107,0,,"23, 203",MT,Middle_Temporal_Area,MT + _Complex,5.0,23.0,"620, 1005",idx_R,203,203.0
3,204.0,0.5060271620750427,0,0.001,,0.306418790890721,0.005,0.39387129831904993,0,,"24, 204",PH,Area_PH,MT + _Complex,5.0,138.0,"3453, 3205",idx_R,204,204.0
3,205.0,-0.017691224813461304,0,0.001,,0.49294259056908,0.005,0.49708496527974455,0,,"25, 205",V3CD,Area_V3CD,MT + _Complex,5.0,158.0,"876, 1222",idx_R,205,205.0
3,206.0,-0.302234947681427,0,0.001,,0.3812364823968686,0.005,0.4367993946071779,0,,"26, 206",V4t,Area_V4t,MT + _Complex,5.0,156.0,"1037, 1249",idx_R,206,206.0
3,207.0,-0.21749116480350494,0,0.001,,0.41391279584260027,0.005,0.4519774108846245,0,,"27, 207",1,Area_1,SomaSens_Motor,6.0,51.0,"6590, 5925",idx_R,207,207.0
3,208.0,0.6997222900390625,0,0.001,,0.2420503766788089,0.005,0.3556658596096784,0,,"28, 208",2,Area_2,SomaSens_Motor,6.0,52.0,"4278, 4727",idx_R,208,208.0
3,209.0,-0.8863018155097961,0,0.001,,0.18772745549890096,0.005,0.31324303278483984,0,,"29, 209",3a,Area_3a,SomaSens_Motor,6.0,53.0,"2247, 2286",idx_R,209,209.0
3,210.0,-2.056483507156372,0,0.001,,0.01986796720534121,0.005,0.08221227809106708,0,,"30, 210",3b,Primary_Sensory_Cortex,SomaSens_Motor,6.0,9.0,"5451, 4350",idx_R,210,210.0
3,211.0,0.21854367852210999,0,0.001,,0.41350276506486294,0.005,0.4519774108846245,0,,"31, 211",4,Primary_Motor_Cortex,SomaSens_Motor,6.0,8.0,"10,776, 10,254",idx_R,211,211.0
3,212.0,0.28108444809913635,0,0.001,,0.3893228145634141,0.005,0.44074280893971407,0,,"32, 212",23c,Area_23c,ParaCentral_MidCing,7.0,38.0,"2259, 2498",idx_R,212,212.0
3,213.0,0.17571775615215302,0,0.001,,0.43025784248208965,0.005,0.45962262104911655,0,,"33, 213",24dd,Dorsal_Area_24d,ParaCentral_MidCing,7.0,40.0,"2665, 2820",idx_R,213,213.0
3,214.0,-1.1847318410873413,0,0.001,,0.11806174442959327,0.005,0.24932857504525133,0,,"34, 214",24dv,Ventral_Area_24d,ParaCentral_MidCing,7.0,41.0,"1076, 1349",idx_R,214,214.0
3,215.0,0.9510174989700317,0,0.001,,0.17079774642301193,0.005,0.2970395589965425,0,,"35, 215",5L,Area_5L,ParaCentral_MidCing,7.0,39.0,"2249, 2327",idx_R,215,215.0
3,216.0,-0.2464035153388977,0,0.001,,0.4026849426351635,0.005,0.4488129391599346,0,,"36, 216",5 m,Area_5m,ParaCentral_MidCing,7.0,36.0,"1483, 2079",idx_R,216,216.0
3,217.0,0.21483489871025085,0,0.001,,0.41494802143920806,0.005,0.4519774108846245,0,,"37, 217",5mv,Area_5m_ventral,ParaCentral_MidCing,7.0,37.0,"1651, 1996",idx_R,217,217.0
3,218.0,0.003383056493476033,0,0.001,,0.4986503583022239,0.005,0.499587058462718,0,,"38, 218",6ma,Area_6m_anterior,ParaCentral_MidCing,7.0,44.0,"3941, 4251",idx_R,218,218.0
3,219.0,1.2899346351623535,0,0.001,,0.098536677010858,0.005,0.22937227180535144,0,,"39, 219",6mp,Area_6mp,ParaCentral_MidCing,7.0,55.0,"3701, 3105",idx_R,219,219.0
3,220.0,-0.9841704964637756,0,0.001,,0.162515844788091,0.005,0.2896321986322414,0,,"40, 220",SCEF,Supplementary_and_Cingulate_Eye_Field,ParaCentral_MidCing,7.0,43.0,"3500, 3371",idx_R,220,220.0
3,221.0,-2.3667924404144287,0,0.001,,0.008971496210250738,0.005,0.05126569263000422,0,,"41, 221",55b,Area_55b,Premotor,8.0,12.0,"2422, 1537",idx_R,221,221.0
3,222.0,0.49113667011260986,0,0.001,,0.3116648935335592,0.005,0.39387129831904993,0,,"42, 222",6a,Area_6_anterior,Premotor,8.0,96.0,"4233, 3752",idx_R,222,222.0
3,223.0,0.3132219910621643,0,0.001,,0.37705600599424416,0.005,0.43434220945552565,0,,"43, 223",6d,Dorsal_area_6,Premotor,8.0,54.0,"2916, 2909",idx_R,223,223.0
3,224.0,-0.5388060212135315,0,0.001,,0.29501035424849253,0.005,0.39097099886676634,0,,"44, 224",6r,Rostral_Area_6,Premotor,8.0,78.0,"3029, 3981",idx_R,224,224.0
3,225.0,0.14030800759792328,0,0.001,,0.44420831888169243,0.005,0.467587704085992,0,,"45, 225",6v,Ventral_Area_6,Premotor,8.0,56.0,"2075, 2516",idx_R,225,225.0
3,226.0,-0.5536812543869019,0,0.001,,0.28989850325118455,0.005,0.3894158998896509,0,,"46, 226",FEF,Frontal_Eye_Fields,Premotor,8.0,10.0,"1787, 1889",idx_R,226,226.0
3,227.0,-2.97611141204834,0,0.001,,0.0014596439275041193,0.005,0.014558688898268472,0,,"47, 227",PEF,Premotor_Eye_Field,Premotor,8.0,11.0,"1006, 1258",idx_R,227,227.0
3,228.0,-0.2885459065437317,0,0.001,,0.3864644478293664,0.005,0.4388870700901322,0,,"48, 228",43,Area_43,Posterior_Opercular,9.0,99.0,"1889, 1678",idx_R,228,228.0
3,229.0,-1.5955051183700562,0,0.001,,0.05529966317159599,0.005,0.16729309867037442,0,,"49, 229",FOP1,Frontal_Opercular_Area_1,Posterior_Opercular,9.0,113.0,"879, 932",idx_R,229,229.0
3,230.0,-0.6808614730834961,0,0.001,,0.2479795740879594,0.005,0.358524685428375,0,,"50, 230",OP1,Area_OP1-SII,Posterior_Opercular,9.0,101.0,"1275, 1072",idx_R,230,230.0
3,231.0,-1.2365440130233765,0,0.001,,0.10812820808576862,0.005,0.23817758047803858,0,,"51, 231",OP2-3,Area_OP2-3-VS,Posterior_Opercular,9.0,102.0,"943, 792",idx_R,231,231.0
3,232.0,-0.6882495284080505,0,0.001,,0.24564782960584441,0.005,0.356585559105258,0,,"52, 232",OP4,Area_OP4-PV,Posterior_Opercular,9.0,100.0,"2332, 2409",idx_R,232,232.0
3,233.0,-2.1409335136413574,0,0.001,,0.016139700027743804,0.005,0.07262865012484712,0,,"53, 233",52,Area_52,Early_Auditory,10.0,103.0,"725, 580",idx_R,233,233.0
3,234.0,0.25808843970298767,0,0.001,,0.3981693266056573,0.005,0.44556524259947794,0,,"54, 234",A1,Primary_Auditory_Cortex,Early_Auditory,10.0,24.0,"1023, 796",idx_R,234,234.0
3,235.0,-1.803208351135254,0,0.001,,0.03567774971697281,0.005,0.12403333439084437,0,,"55, 235",LBelt,Lateral_Belt_Complex,Early_Auditory,10.0,174.0,"820, 901",idx_R,235,235.0
3,236.0,1.8873860836029053,0,0.001,,0.0295542077639708,0.005,0.11199489257925775,0,,"56, 236",MBelt,Medial_Belt_Complex,Early_Auditory,10.0,173.0,"1242, 1236",idx_R,236,236.0
3,237.0,-1.7984665632247925,0,0.001,,0.036051551376435606,0.005,0.12403333439084437,0,,"57, 237",PBelt,ParaBelt_Complex,Early_Auditory,10.0,124.0,"1719, 1439",idx_R,237,237.0
3,238.0,-0.466047078371048,0,0.001,,0.32059090136343527,0.005,0.39387129831904993,0,,"58, 238",PFcm,Area_PFcm,Early_Auditory,10.0,105.0,"1486, 1485",idx_R,238,238.0
3,239.0,-2.597200393676758,0,0.001,,0.004699353675436336,0.005,0.031329024502908906,0,,"59, 239",RI,RetroInsular_Cortex,Early_Auditory,10.0,104.0,"1149, 1334",idx_R,239,239.0
3,240.0,-1.7268328666687012,0,0.001,,0.042098841987700905,0.005,0.1377780283233848,0,,"60, 240",A4,Auditory_4_Complex,Auditory_Association,11.0,175.0,"3514, 3610",idx_R,240,240.0
3,241.0,-3.345646858215332,1,0.001,-,0.0004104543710580962,0.005,0.005277270485032666,0,,"61, 241",A5,Auditory_5_Complex,Auditory_Association,11.0,125.0,"3346, 3881",idx_R,241,241.0
3,242.0,-3.9998505115509033,1,0.001,-,3.1691253888483213e-05,0.005,0.0007605900933235971,1,-,"62, 242",STGa,Area_STGa,Auditory_Association,11.0,123.0,"2509, 2187",idx_R,242,242.0
3,243.0,-2.495154619216919,0,0.001,,0.006295112769716742,0.005,0.039758606966632054,0,,"63, 243",STSda,Area_STSd_anterior,Auditory_Association,11.0,128.0,"1944, 2389",idx_R,243,243.0
3,244.0,-6.839514255523682,1,0.001,-,3.973107580729879e-12,0.005,1.4303187290627566e-09,1,-,"64, 244",STSdp,Area_STSd_posterior,Auditory_Association,11.0,129.0,"1994, 2605",idx_R,244,244.0
3,245.0,0.40924692153930664,0,0.001,,0.34117923176278464,0.005,0.40941507811534156,0,,"65, 245",STSva,Area_STSv_anterior,Auditory_Association,11.0,176.0,"1694, 1900",idx_R,245,245.0
3,246.0,-3.9574925899505615,1,0.001,-,3.787031815300899e-05,0.005,0.0008520821584427023,1,-,"66, 246",STSvp,Area_STSv_posterior,Auditory_Association,11.0,130.0,"2898, 2515",idx_R,246,246.0
3,247.0,-1.0731326341629028,0,0.001,,0.14160580534739503,0.005,0.26972534351884764,0,,"67, 247",TA2,Area_TA2,Auditory_Association,11.0,107.0,"1518, 1726",idx_R,247,247.0
3,248.0,-1.6202455759048462,0,0.001,,0.05258976735642902,0.005,0.1604433580365631,0,,"68, 248",AAIC,Anterior_Agranular_Insula_Complex,Insula_FrontalOperc,12.0,112.0,"1859, 1691",idx_R,248,248.0
3,249.0,-0.8653154373168945,0,0.001,,0.19343284004607986,0.005,0.3159777941067737,0,,"69, 249",AVI,Anterior_Ventral_Insular_Area,Insula_FrontalOperc,12.0,111.0,"1446, 1792",idx_R,249,249.0
3,250.0,1.1759059429168701,0,0.001,,0.11981623189674578,0.005,0.24932857504525133,0,,"70, 250",FOP2,Frontal_Opercular_Area_2,Insula_FrontalOperc,12.0,115.0,"750, 720",idx_R,250,250.0
3,251.0,-0.7428551316261292,0,0.001,,0.22878469642641547,0.005,0.3475210578629096,0,,"71, 251",FOP3,Frontal_Opercular_Area_3,Insula_FrontalOperc,12.0,114.0,"754, 614",idx_R,251,251.0
3,252.0,-1.1386840343475342,0,0.001,,0.12741748210524617,0.005,0.2576982784151046,0,,"72, 252",FOP4,Frontal_Opercular_Area_4,Insula_FrontalOperc,12.0,108.0,"2522, 1678",idx_R,252,252.0
3,253.0,-1.0356333255767822,0,0.001,,0.15018661926597254,0.005,0.2765386167231675,0,,"73, 253",FOP5,Area_Frontal_Opercular_5,Insula_FrontalOperc,12.0,169.0,"1297, 1365",idx_R,253,253.0
3,254.0,1.0998516082763672,0,0.001,,0.13569839104487474,0.005,0.2650999978375407,0,,"74, 254",Ig,Insular_Granular_Complex,Insula_FrontalOperc,12.0,168.0,"841, 1077",idx_R,254,254.0
3,255.0,-0.7491194605827332,0,0.001,,0.22689260329844274,0.005,0.346400125703858,0,,"75, 255",MI,Middle_Insular_Area,Insula_FrontalOperc,12.0,109.0,"2102, 1960",idx_R,255,255.0
3,256.0,-2.192754030227661,0,0.001,,0.014162552811771483,0.005,0.06708577647681228,0,,"76, 256",PI,Para-Insular_Area,Insula_FrontalOperc,12.0,178.0,"1033, 1058",idx_R,256,256.0
3,257.0,-2.0905323028564453,0,0.001,,0.018285004885373938,0.005,0.07836430665160259,0,,"77, 257",Pir,Pirform_Cortex,Insula_FrontalOperc,12.0,110.0,"2287, 1856",idx_R,257,257.0
3,258.0,-0.6322349905967712,0,0.001,,0.26361666809275686,0.005,0.37216470789565675,0,,"78, 258",PoI1,Area_Posterior_Insular_1,Insula_FrontalOperc,12.0,167.0,"1811, 1835",idx_R,258,258.0
3,259.0,0.536107063293457,0,0.001,,0.29594227940334816,0.005,0.39097099886676634,0,,"79, 259",PoI2,Posterior_Insular_Area_2,Insula_FrontalOperc,12.0,106.0,"2747, 2675",idx_R,259,259.0
3,260.0,-1.5541436672210693,0,0.001,,0.060075075570192836,0.005,0.17363351772254726,0,,"80, 260",H,Hippocampus,Medial_Temporal,13.0,120.0,"4283, 3626",idx_R,260,260.0
3,261.0,-0.2227906733751297,0,0.001,,0.41184921357975735,0.005,0.4519774108846245,0,,"81, 261",PreS,PreSubiculum,Medial_Temporal,13.0,119.0,"1817, 1558",idx_R,261,261.0
3,262.0,-1.6310687065124512,0,0.001,,0.05143791144077853,0.005,0.15827049674085703,0,,"82, 262",EC,Entorhinal_Cortex,Medial_Temporal,13.0,118.0,"2127, 2110",idx_R,262,262.0
3,263.0,-1.5182867050170898,0,0.001,,0.06447106889245677,0.005,0.18043664714554103,0,,"83, 263",PeEc,Perirhinal_Ectorhinal_Cortex,Medial_Temporal,13.0,122.0,"4826, 4755",idx_R,263,263.0
3,264.0,1.4384574890136719,0,0.001,,0.07515214551625526,0.005,0.19748009040767805,0,,"84, 264",TF,Area_TF,Medial_Temporal,13.0,135.0,"3986, 4752",idx_R,264,264.0
3,265.0,1.2345279455184937,0,0.001,,0.1085031199955509,0.005,0.23817758047803858,0,,"85, 265",PHA1,ParaHippocampal_Area_1,Medial_Temporal,13.0,126.0,"1281, 1168",idx_R,265,265.0
3,266.0,0.46906778216362,0,0.001,,0.3195105935180412,0.005,0.39387129831904993,0,,"86, 266",PHA2,ParaHippocampal_Area_2,Medial_Temporal,13.0,155.0,"783, 771",idx_R,266,266.0
3,267.0,-0.496658056974411,0,0.001,,0.3097151023619321,0.005,0.39387129831904993,0,,"87, 267",PHA3,ParaHippocampal_Area_3,Medial_Temporal,13.0,127.0,"2023, 1122",idx_R,267,267.0
3,268.0,1.3360188007354736,0,0.001,,0.09077156413585602,0.005,0.2159903483704828,0,,"88, 268",PHT,Area_PHT,Lateral_Temporal,14.0,137.0,"4182, 3410",idx_R,268,268.0
3,269.0,-0.7625055909156799,0,0.001,,0.22287915378316409,0.005,0.346400125703858,0,,"89, 269",TE1a,Area_TE1_anterior,Lateral_Temporal,14.0,132.0,"5227, 4180",idx_R,269,269.0
3,270.0,-1.5828361511230469,0,0.001,,0.05672940729636783,0.005,0.16739825103846245,0,,"90, 270",TE1m,Area_TE1_Middle,Lateral_Temporal,14.0,177.0,"3339, 3429",idx_R,270,270.0
3,271.0,-0.215891495347023,0,0.001,,0.41453616325756565,0.005,0.4519774108846245,0,,"91, 271",TE1p,Area_TE1_posterior,Lateral_Temporal,14.0,133.0,"7116, 6010",idx_R,271,271.0
3,272.0,1.1803128719329834,0,0.001,,0.11893790025146445,0.005,0.24932857504525133,0,,"92, 272",TE2a,Area_TE2_anterior,Lateral_Temporal,14.0,134.0,"5691, 5753",idx_R,272,272.0
3,273.0,0.06929832696914673,0,0.001,,0.47237607871168263,0.005,0.4860088321247739,0,,"93, 273",TE2p,Area_TE2_posterior,Lateral_Temporal,14.0,136.0,"4115, 3040",idx_R,273,273.0
3,274.0,-3.8261797428131104,1,0.001,-,6.507363826765335e-05,0.005,0.001378029986844424,1,-,"94, 274",TGd,Area_TG_dorsal,Lateral_Temporal,14.0,131.0,"10,192, 10,269",idx_R,274,274.0
3,275.0,-1.2444177865982056,0,0.001,,0.10667292002164724,0.005,0.2375400915916131,0,,"95, 275",TGv,Area_TG_Ventral,Lateral_Temporal,14.0,172.0,"3694, 4515",idx_R,275,275.0
3,276.0,-3.469700574874878,1,0.001,-,0.00026051943476240204,0.005,0.00368320402852251,1,-,"96, 276",PSL,PeriSylvian_Language_Area,TPO,15.0,25.0,"2154, 2759",idx_R,276,276.0
3,277.0,-3.55411434173584,1,0.001,-,0.0001896271439755606,0.005,0.0029680770361392096,1,-,"97, 277",STV,Superior_Temporal_Visual_Area,TPO,15.0,28.0,"2322, 2294",idx_R,277,277.0
3,278.0,-3.166456937789917,1,0.001,-,0.0007715409553427316,0.005,0.008679835747605731,0,,"98, 278",TPOJ1,Area_TemporoParietoOccipital_Junction_1,TPO,15.0,139.0,"2102, 3938",idx_R,278,278.0
3,279.0,-1.4484827518463135,0,0.001,,0.07374104317548637,0.005,0.1951968789939345,0,,"99, 279",TPOJ2,Area_TemporoParietoOccipital_Junction_2,TPO,15.0,140.0,"1930, 2068",idx_R,279,279.0
3,280.0,1.0989824533462524,0,0.001,,0.13588785976857004,0.005,0.2650999978375407,0,,"100, 280",TPOJ3,Area_TemporoParietoOccipital_Junction_3,TPO,15.0,141.0,"1290, 1277",idx_R,280,280.0
3,281.0,1.0333126783370972,0,0.001,,0.1507287979893528,0.005,0.2765386167231675,0,,"101, 281",7AL,Lateral_Area_7A,Superior_Parietal,16.0,42.0,"2134, 2030",idx_R,281,281.0
3,282.0,0.8895307779312134,0,0.001,,0.18685894486227445,0.005,0.31324303278483984,0,,"102, 282",7Am,Medial_Area_7A,Superior_Parietal,16.0,45.0,"2995, 2379",idx_R,282,282.0
3,283.0,0.5356727838516235,0,0.001,,0.2960923582286671,0.005,0.39097099886676634,0,,"103, 283",7PC,Area_7PC,Superior_Parietal,16.0,47.0,"3151, 3415",idx_R,283,283.0
3,284.0,2.2609691619873047,0,0.001,,0.011880583366812058,0.005,0.061647302328536005,0,,"104, 284",7Pl,Lateral_Area_7P,Superior_Parietal,16.0,46.0,"1695, 1363",idx_R,284,284.0
3,285.0,2.3247735500335693,0,0.001,,0.010042036019872167,0.005,0.05477474192657545,0,,"105, 285",7Pm,Medial_Area_7P,Superior_Parietal,16.0,29.0,"1601, 1308",idx_R,285,285.0
3,286.0,0.2744404673576355,0,0.001,,0.39187307394198667,0.005,0.4422392057025554,0,,"106, 286",AIP,Anterior_IntraParietal_Area,Superior_Parietal,16.0,117.0,"1999, 2542",idx_R,286,286.0
3,287.0,1.4692128896713257,0,0.001,,0.07088752762390534,0.005,0.1904441040642233,0,,"107, 287",LIPd,Area_Lateral_IntraParietal_dorsal,Superior_Parietal,16.0,95.0,"1008, 869",idx_R,287,287.0
3,288.0,1.0078842639923096,0,0.001,,0.1567550134291022,0.005,0.2807552479327204,0,,"108, 288",LIPv,Area_Lateral_IntraParietal_ventral,Superior_Parietal,16.0,48.0,"1681, 1783",idx_R,288,288.0
3,289.0,2.2130625247955322,0,0.001,,0.01344666765138454,0.005,0.06456980556511256,0,,"109, 289",MIP,Medial_IntraParietal_Area,Superior_Parietal,16.0,50.0,"1872, 2403",idx_R,289,289.0
3,290.0,2.712374210357666,0,0.001,,0.0033401565291907177,0.005,0.02672125223352574,0,,"110, 290",VIP,Ventral_IntraParietal_Complex,Superior_Parietal,16.0,49.0,"1890, 1577",idx_R,290,290.0
3,291.0,0.8422515988349915,0,0.001,,0.19982356854747718,0.005,0.3197177096759635,0,,"111, 291",IP0,Area_IntraParietal_0,Inferior_Parietal,17.0,146.0,"1203, 1239",idx_R,291,291.0
3,292.0,2.096919536590576,0,0.001,,0.01800034939216979,0.005,0.07807380459254366,0,,"112, 292",IP1,Area_IntraParietal_1,Inferior_Parietal,17.0,145.0,"1692, 1632",idx_R,292,292.0
3,293.0,2.65620493888855,0,0.001,,0.003951278643816968,0.005,0.02857967679969164,0,,"113, 293",IP2,Area_IntraParietal_2,Inferior_Parietal,17.0,144.0,"2102, 1861",idx_R,293,293.0
3,294.0,0.5611581206321716,0,0.001,,0.28734487482437987,0.005,0.3889682782384241,0,,"114, 294",PF,Area_PF_Complex,Inferior_Parietal,17.0,148.0,"5457, 5251",idx_R,294,294.0
3,295.0,1.0441678762435913,0,0.001,,0.14820386327239926,0.005,0.2765386167231675,0,,"115, 295",PFm,Area_PFm_Complex,Inferior_Parietal,17.0,149.0,"8220, 8141",idx_R,295,295.0
3,296.0,-0.36541998386383057,0,0.001,,0.357398963091558,0.005,0.4204693683430094,0,,"116, 296",PFop,Area_PF_Opercular,Inferior_Parietal,17.0,147.0,"1797, 1783",idx_R,296,296.0
3,297.0,0.44271841645240784,0,0.001,,0.32898470995696233,0.005,0.39876934540237857,0,,"117, 297",PFt,Area_PFt,Inferior_Parietal,17.0,116.0,"1983, 2039",idx_R,297,297.0
3,298.0,-1.7516552209854126,0,0.001,,0.039916555532128195,0.005,0.133055185107094,0,,"118, 298",PGi,Area_PGi,Inferior_Parietal,17.0,150.0,"4791, 4970",idx_R,298,298.0
3,299.0,1.081378698348999,0,0.001,,0.1397643466011672,0.005,0.2690650522803219,0,,"119, 299",PGp,Area_PGp,Inferior_Parietal,17.0,143.0,"2501, 3740",idx_R,299,299.0
3,300.0,1.12199068069458,0,0.001,,0.13093320117147483,0.005,0.26186640234294967,0,,"120, 300",PGs,Area_PGs,Inferior_Parietal,17.0,151.0,"4552, 3366",idx_R,300,300.0
3,301.0,1.634971261024475,0,0.001,,0.051027536179883176,0.005,0.15827049674085703,0,,"121, 301",23d,Area_23d,Posterior_Cingulate,18.0,32.0,"1261, 1513",idx_R,301,301.0
3,302.0,0.6389432549476624,0,0.001,,0.26142992375446084,0.005,0.3705306005968736,0,,"122, 302",31a,Area_31a,Posterior_Cingulate,18.0,162.0,"1260, 1116",idx_R,302,302.0
3,303.0,0.026371289044618607,0,0.001,,0.4894805971030355,0.005,0.4949803790929572,0,,"123, 303",31pd,Area_31pd,Posterior_Cingulate,18.0,161.0,"1428, 864",idx_R,303,303.0
3,304.0,-0.5997386574745178,0,0.001,,0.27434021033647527,0.005,0.37840029011927623,0,,"124, 304",31pv,Area_31p_ventral,Posterior_Cingulate,18.0,35.0,"950, 1022",idx_R,304,304.0
3,305.0,0.8659515380859375,0,0.001,,0.19325836917710493,0.005,0.3159777941067737,0,,"125, 305",7 m,Area_7m,Posterior_Cingulate,18.0,30.0,"2128, 2067",idx_R,305,305.0
3,306.0,-1.4069969654083252,0,0.001,,0.07971414430830315,0.005,0.20352547482971017,0,,"126, 306",d23ab,Area_dorsal_23_a + b,Posterior_Cingulate,18.0,34.0,"1607, 1106",idx_R,306,306.0
3,307.0,2.3908798694610596,0,0.001,,0.008404025730191018,0.005,0.04959752889948798,0,,"127, 307",DVT,Dorsal_Transitional_Visual_Area,Posterior_Cingulate,18.0,142.0,"1806, 2176",idx_R,307,307.0
3,308.0,1.1321070194244385,0,0.001,,0.12879472206870218,0.005,0.25902849131135636,0,,"128, 308",PCV,PreCuneus_Visual_Area,Posterior_Cingulate,18.0,27.0,"2245, 2416",idx_R,308,308.0
3,309.0,0.5353241562843323,0,0.001,,0.29621286264079494,0.005,0.39097099886676634,0,,"129, 309",POS1,Parieto-Occipital_Sulcus_Area_1,Posterior_Cingulate,18.0,31.0,"2531, 2727",idx_R,309,309.0
3,310.0,3.325150728225708,1,0.001,+,0.0004418537304770518,0.005,0.005485080792128919,0,,"130, 310",POS2,Parieto-Occipital_Sulcus_Area_2,Posterior_Cingulate,18.0,15.0,"3261, 3093",idx_R,310,310.0
3,311.0,-0.9012559652328491,0,0.001,,0.1837261204216723,0.005,0.31267824163235064,0,,"131, 311",ProS,ProStriate_Area,Posterior_Cingulate,18.0,121.0,"1222, 1055",idx_R,311,311.0
3,312.0,2.3366775512695312,0,0.001,,0.009727978328027713,0.005,0.05387803381676887,0,,"132, 312",RSC,RetroSplenial_Complex,Posterior_Cingulate,18.0,14.0,"2830, 3067",idx_R,312,312.0
3,313.0,-0.3717336654663086,0,0.001,,0.3550455784727648,0.005,0.4204487113493267,0,,"133, 313",v23ab,Area_ventral_23_a + b,Posterior_Cingulate,18.0,33.0,"916, 1089",idx_R,313,313.0
3,314.0,-1.3025150299072266,0,0.001,,0.09637019171839328,0.005,0.22675339227857244,0,,"134, 314",10r,Area_10r,AntCing_MedPFC,19.0,65.0,"1589, 1053",idx_R,314,314.0
3,315.0,-2.2822067737579346,0,0.001,,0.011238567687327101,0.005,0.05949829952114347,0,,"135, 315",10v,Area_10v,AntCing_MedPFC,19.0,88.0,"3906, 2667",idx_R,315,315.0
3,316.0,-1.7968919277191162,0,0.001,,0.03617638919732961,0.005,0.12403333439084437,0,,"136, 316",25,Area_25,AntCing_MedPFC,19.0,164.0,"1911, 2135",idx_R,316,316.0
3,317.0,-0.4654785990715027,0,0.001,,0.3207943795576494,0.005,0.39387129831904993,0,,"137, 317",33pr,Area_33_prime,AntCing_MedPFC,19.0,58.0,"1354, 1316",idx_R,317,317.0
3,318.0,-1.3882421255111694,0,0.001,,0.08253166437358789,0.005,0.2092352054541665,0,,"138, 318",8BM,Area_8BM,AntCing_MedPFC,19.0,63.0,"3122, 3436",idx_R,318,318.0
3,319.0,-5.004549980163574,1,0.001,-,2.799634166762141e-07,0.005,1.8831457421122074e-05,1,-,"139, 319",9 m,Area_9_Middle,AntCing_MedPFC,19.0,69.0,"6338, 5881",idx_R,319,319.0
3,320.0,-2.155219793319702,0,0.001,,0.015572319365776181,0.005,0.0709624679959421,0,,"140, 320",a24,Area_a24,AntCing_MedPFC,19.0,61.0,"2085, 2152",idx_R,320,320.0
3,321.0,-0.8747323751449585,0,0.001,,0.1908597700566791,0.005,0.3159777941067737,0,,"141, 321",a24pr,Anterior_24_prime,AntCing_MedPFC,19.0,59.0,"1095, 1474",idx_R,321,321.0
3,322.0,-1.3407000303268433,0,0.001,,0.09000893236006485,0.005,0.2159903483704828,0,,"142, 322",a32pr,Area_anterior_32_prime,AntCing_MedPFC,19.0,179.0,"1759, 1118",idx_R,322,322.0
3,323.0,-1.7973815202713013,0,0.001,,0.036137536216296444,0.005,0.12403333439084437,0,,"143, 323",d32,Area_dorsal_32,AntCing_MedPFC,19.0,62.0,"2228, 2374",idx_R,323,323.0
3,324.0,-2.4229743480682373,0,0.001,,0.007697006825413926,0.005,0.04618204095248356,0,,"144, 324",p24,Area_posterior_24,AntCing_MedPFC,19.0,180.0,"2394, 2442",idx_R,324,324.0
3,325.0,0.06557370722293854,0,0.001,,0.47385861132165463,0.005,0.4860088321247739,0,,"145, 325",p24pr,Area_Posterior_24_prime,AntCing_MedPFC,19.0,57.0,"1422, 1724",idx_R,325,325.0
3,326.0,-0.6133785843849182,0,0.001,,0.26981302150215536,0.005,0.37611665069156763,0,,"146, 326",p32,Area_p32,AntCing_MedPFC,19.0,64.0,"1180, 1765",idx_R,326,326.0
3,327.0,-0.4837629497051239,0,0.001,,0.314277056142678,0.005,0.39387129831904993,0,,"147, 327",p32pr,Area_p32_prime,AntCing_MedPFC,19.0,60.0,"1569, 1305",idx_R,327,327.0
3,328.0,-1.021972417831421,0,0.001,,0.153396977567958,0.005,0.27750206997218535,0,,"148, 328",pOFC,Posterior_OFC_Complex,AntCing_MedPFC,19.0,166.0,"2486, 2836",idx_R,328,328.0
3,329.0,-2.968222141265869,0,0.001,,0.0014976388713755608,0.005,0.014558688898268472,0,,"149, 329",s32,Area_s32,AntCing_MedPFC,19.0,165.0,"604, 1015",idx_R,329,329.0
3,330.0,-2.960289478302002,0,0.001,,0.0015367504948172277,0.005,0.014558688898268472,0,,"150, 330",10d,Area_10d,OrbPolaFrontal,20.0,72.0,"3644, 3096",idx_R,330,330.0
3,331.0,-0.061934567987918854,0,0.001,,0.47530746952749936,0.005,0.4861099120167607,0,,"151, 331",10 pp,Polar_10p,OrbPolaFrontal,20.0,90.0,"1997, 2487",idx_R,331,331.0
3,332.0,-1.2228271961212158,0,0.001,,0.11069748558253206,0.005,0.2415217867255245,0,,"152, 332",11 l,Area_11l,OrbPolaFrontal,20.0,91.0,"3531, 3793",idx_R,332,332.0
3,333.0,-1.333426594734192,0,0.001,,0.09119592486753719,0.005,0.2159903483704828,0,,"153, 333",13 l,Area_13l,OrbPolaFrontal,20.0,92.0,"2429, 1757",idx_R,333,333.0
3,334.0,-1.6698799133300781,0,0.001,,0.047471562624548276,0.005,0.1512368366799768,0,,"154, 334",47 m,Area_47m,OrbPolaFrontal,20.0,66.0,"799, 781",idx_R,334,334.0
3,335.0,-2.1565911769866943,0,0.001,,0.015518766302074268,0.005,0.0709624679959421,0,,"155, 335",47 s,Area_47s,OrbPolaFrontal,20.0,94.0,"2795, 3080",idx_R,335,335.0
3,336.0,0.5184981822967529,0,0.001,,0.30205536399094496,0.005,0.3911508310674107,0,,"156, 336",a10p,Area_anterior_10p,OrbPolaFrontal,20.0,89.0,"1964, 1748",idx_R,336,336.0
3,337.0,0.5313954949378967,0,0.001,,0.2975723713597055,0.005,0.39097099886676634,0,,"157, 337",OFC,Orbital_Frontal_Complex,OrbPolaFrontal,20.0,93.0,"4560, 5232",idx_R,337,337.0
3,338.0,0.46000686287879944,0,0.001,,0.3227556472336659,0.005,0.39387129831904993,0,,"158, 338",p10p,Area_posterior_10p,OrbPolaFrontal,20.0,170.0,"2116, 2365",idx_R,338,338.0
3,339.0,-2.875058650970459,0,0.001,,0.0020197622656172192,0.005,0.018643959374928177,0,,"159, 339",44,Area_44,Inferior_Frontal,21.0,74.0,"2435, 2589",idx_R,339,339.0
3,340.0,-5.296361923217773,1,0.001,-,5.9066294151523046e-08,0.005,7.087955298182765e-06,1,-,"160, 340",45,Area_45,Inferior_Frontal,21.0,75.0,"3762, 2962",idx_R,340,340.0
3,341.0,-3.4675564765930176,1,0.001,-,0.0002626066818538966,0.005,0.00368320402852251,1,-,"161, 341",47 l,Area_47l_(47_lateral),Inferior_Frontal,21.0,76.0,"2527, 2592",idx_R,341,341.0
3,342.0,-1.4622055292129517,0,0.001,,0.07184244845962301,0.005,0.19157986255899467,0,,"162, 342",a47r,Area_anterior_47r,Inferior_Frontal,21.0,77.0,"4167, 3763",idx_R,342,342.0
3,343.0,-1.8331371545791626,0,0.001,,0.033391088478144225,0.005,0.12142213992052445,0,,"163, 343",IFJa,Area_IFJa,Inferior_Frontal,21.0,79.0,"1513, 1405",idx_R,343,343.0
3,344.0,-1.5168168544769287,0,0.001,,0.0646564652271522,0.005,0.18043664714554103,0,,"164, 344",IFJp,Area_IFJp,Inferior_Frontal,21.0,80.0,"960, 740",idx_R,344,344.0
3,345.0,-0.5609836578369141,0,0.001,,0.2874043389206134,0.005,0.3889682782384241,0,,"165, 345",IFSa,Area_IFSa,Inferior_Frontal,21.0,82.0,"2057, 2641",idx_R,345,345.0
3,346.0,-1.932222843170166,0,0.001,,0.026666003439251473,0.005,0.10212511955458012,0,,"166, 346",IFSp,Area_IFSp,Inferior_Frontal,21.0,81.0,"1589, 1730",idx_R,346,346.0
3,347.0,-1.2100648880004883,0,0.001,,0.1131269975108905,0.005,0.24533565725253362,0,,"167, 347",p47r,Area_posterior_47r,Inferior_Frontal,21.0,171.0,"2133, 1761",idx_R,347,347.0
3,348.0,1.1815773248672485,0,0.001,,0.11868672757039933,0.005,0.24932857504525133,0,,"168, 348",46,Area_46,Dorsolateral_Prefrontal,22.0,84.0,"4863, 4394",idx_R,348,348.0
3,349.0,1.4265064001083374,0,0.001,,0.07686111041124397,0.005,0.19906474638883329,0,,"169, 349",8Ad,Area_8Ad,Dorsolateral_Prefrontal,22.0,68.0,"3386, 3492",idx_R,349,349.0
3,350.0,-1.02644944190979,0,0.001,,0.15233989158397465,0.005,0.2769816210617721,0,,"170, 350",8Av,Area_8Av,Dorsolateral_Prefrontal,22.0,67.0,"4807, 5902",idx_R,350,350.0
3,351.0,-4.072357177734375,1,0.001,-,2.326986896544475e-05,0.005,0.0005983680591114364,1,-,"171, 351",8BL,Area_8B_Lateral,Dorsolateral_Prefrontal,22.0,70.0,"3377, 4078",idx_R,351,351.0
3,352.0,-1.5523486137390137,0,0.001,,0.06028941587588447,0.005,0.17363351772254726,0,,"172, 352",8C,Area_8C,Dorsolateral_Prefrontal,22.0,73.0,"4085, 3134",idx_R,352,352.0
3,353.0,-0.17239315807819366,0,0.001,,0.43156422535953975,0.005,0.45965420452495365,0,,"173, 353",9-46d,Area_9-46d,Dorsolateral_Prefrontal,22.0,86.0,"4534, 4666",idx_R,353,353.0
3,354.0,-2.6546616554260254,0,0.001,,0.003969399555512728,0.005,0.02857967679969164,0,,"174, 354",9a,Area_9_anterior,Dorsolateral_Prefrontal,22.0,87.0,"3706, 3048",idx_R,354,354.0
3,355.0,-2.3609466552734375,0,0.001,,0.009114176240371504,0.005,0.05126724135208971,0,,"175, 355",9p,Area_9_Posterior,Dorsolateral_Prefrontal,22.0,71.0,"3426, 2488",idx_R,355,355.0
3,356.0,-0.31169432401657104,0,0.001,,0.377636420998832,0.005,0.43434220945552565,0,,"176, 356",a9-46v,Area_anterior_9-46v,Dorsolateral_Prefrontal,22.0,85.0,"3314, 2628",idx_R,356,356.0
3,357.0,0.7538896203041077,0,0.001,,0.2254577518754114,0.005,0.346400125703858,0,,"177, 357",i6-8,Inferior_6-8_Transitional_Area,Dorsolateral_Prefrontal,22.0,97.0,"1764, 2418",idx_R,357,357.0
3,358.0,1.1403053998947144,0,0.001,,0.12707954445970043,0.005,0.2576982784151046,0,,"178, 358",p9-46v,Area_posterior_9-46v,Dorsolateral_Prefrontal,22.0,83.0,"2871, 4635",idx_R,358,358.0
3,359.0,0.18121467530727386,0,0.001,,0.42809953803661593,0.005,0.4586780764678028,0,,"179, 359",s6-8,Superior_6-8_Transitional_Area,Dorsolateral_Prefrontal,22.0,98.0,"1336, 2132",idx_R,359,359.0
3,360.0,-4.260819435119629,1,0.001,-,1.0183937094804226e-05,0.005,0.0003332924867390474,1,-,"180, 360",SFL,Superior_Frontal_Language_Area,Dorsolateral_Prefrontal,22.0,26.0,"3873, 3055",idx_R,360,360.0
4,1.0,-0.7471133470535278,0,0.001,,0.22749757209324822,0.005,0.34556593229354166,0,,"1, 181",V1,Primary_Visual_Cortex,Primary_Visual,1.0,1.0,"13,812, 13,406",idx_L,1,1.0
4,2.0,-1.5795049667358398,0,0.001,,0.05711013909389732,0.005,0.19960825314371877,0,,"2, 182",V2,Second_Visual_Area,Early_Visual,2.0,4.0,"9515, 9420",idx_L,2,2.0
4,3.0,-1.691286563873291,0,0.001,,0.04539104247392177,0.005,0.1758260197489898,0,,"3, 183",V3,Third_Visual_Area,Early_Visual,2.0,5.0,"7106, 7481",idx_L,3,3.0
4,4.0,-1.2794837951660156,0,0.001,,0.1003633712394505,0.005,0.25740345632813655,0,,"4, 184",V4,Fourth_Visual_Area,Early_Visual,2.0,6.0,"4782, 4537",idx_L,4,4.0
4,5.0,-1.4902416467666626,0,0.001,,0.06808035476460986,0.005,0.21882971174338883,0,,"5, 185",IPS1,IntraParietal_Sulcus_Area_1,Dorsal_Stream_Visual,3.0,17.0,"1751, 1750",idx_L,5,5.0
4,6.0,-0.13549987971782684,0,0.001,,0.44610832967578823,0.005,0.4695877154481981,0,,"6, 186",V3A,Area_V3A,Dorsal_Stream_Visual,3.0,13.0,"2191, 2212",idx_L,6,6.0
4,7.0,-1.1594607830047607,0,0.001,,0.12313420653533885,0.005,0.2624015478176941,0,,"7, 187",V3B,Area_V3B,Dorsal_Stream_Visual,3.0,19.0,"639, 731",idx_L,7,7.0
4,8.0,-0.7112596035003662,0,0.001,,0.23846168976043525,0.005,0.346154065781277,0,,"8, 188",V6,Sixth_Visual_Area,Dorsal_Stream_Visual,3.0,3.0,"1402, 1559",idx_L,8,8.0
4,9.0,-1.4830735921859741,0,0.001,,0.06902742967027792,0.005,0.21906143938398012,0,,"9, 189",V6A,Area_V6A,Dorsal_Stream_Visual,3.0,152.0,"904, 734",idx_L,9,9.0
4,10.0,-1.2961641550064087,0,0.001,,0.09745946800480665,0.005,0.25740345632813655,0,,"10, 190",V7,Seventh_Visual_Area,Dorsal_Stream_Visual,3.0,16.0,"1005, 1041",idx_L,10,10.0
4,11.0,-3.285121440887451,1,0.001,-,0.0005096921210506365,0.005,0.009174458178911457,0,,"11, 191",FFC,Fusiform_Face_Complex,Ventral_Stream_Visual,4.0,18.0,"3848, 4402",idx_L,11,11.0
4,12.0,-1.045956015586853,0,0.001,,0.1477906701349343,0.005,0.28317509364919546,0,,"12, 192",PIT,Posterior_InferoTemporal_complex,Ventral_Stream_Visual,4.0,22.0,"1392, 1386",idx_L,12,12.0
4,13.0,-1.6178131103515625,0,0.001,,0.05285144006330885,0.005,0.19218705477566855,0,,"13, 193",V8,Eighth_Visual_Area,Ventral_Stream_Visual,4.0,7.0,"1361, 1175",idx_L,13,13.0
4,14.0,-0.9628169536590576,0,0.001,,0.1678196955820806,0.005,0.30982097645922574,0,,"14, 194",VMV1,VentroMedial_Visual_Area_1,Ventral_Stream_Visual,4.0,153.0,"939, 1219",idx_L,14,14.0
4,15.0,-0.7296474575996399,0,0.001,,0.23280285278521956,0.005,0.34586578665031176,0,,"15, 195",VMV2,VentroMedial_Visual_Area_2,Ventral_Stream_Visual,4.0,160.0,"639, 923",idx_L,15,15.0
4,16.0,-0.6149036288261414,0,0.001,,0.26930918309928664,0.005,0.3611335473898395,0,,"16, 196",VMV3,VentroMedial_Visual_Area_3,Ventral_Stream_Visual,4.0,154.0,"941, 1242",idx_L,16,16.0
4,17.0,-2.6725144386291504,0,0.001,,0.003764256727847457,0.005,0.042047375119030256,0,,"17, 197",VVC,Ventral_Visual_Complex,Ventral_Stream_Visual,4.0,163.0,"2487, 2753",idx_L,17,17.0
4,18.0,-0.675711989402771,0,0.001,,0.2496117611622528,0.005,0.35689328651236024,0,,"18, 198",FST,Area_FST,MT + _Complex,5.0,157.0,"1324, 1683",idx_L,18,18.0
4,19.0,-1.037230134010315,0,0.001,,0.14981430872392482,0.005,0.28317509364919546,0,,"19, 199",LO1,Area_Lateral_Occipital_1,MT + _Complex,5.0,20.0,"619, 909",idx_L,19,19.0
4,20.0,-1.4708306789398193,0,0.001,,0.07066845672485039,0.005,0.22122299496474906,0,,"20, 200",LO2,Area_Lateral_Occipital_2,MT + _Complex,5.0,21.0,"1179, 1062",idx_L,20,20.0
4,21.0,-0.46667739748954773,0,0.001,,0.32036535160027535,0.005,0.3990710262148759,0,,"21, 201",LO3,Area_Lateral_Occipital_3,MT + _Complex,5.0,159.0,"438, 915",idx_L,21,21.0
4,22.0,-2.256103038787842,0,0.001,,0.012032089437700918,0.005,0.08172739995419492,0,,"22, 202",MST,Medial_Superior_Temporal_Area,MT + _Complex,5.0,2.0,"794, 1036",idx_L,22,22.0
4,23.0,-2.7620511054992676,0,0.001,,0.00287197434076844,0.005,0.0378429169972923,0,,"23, 203",MT,Middle_Temporal_Area,MT + _Complex,5.0,23.0,"620, 1005",idx_L,23,23.0
4,24.0,-3.9917454719543457,1,0.001,-,3.279437435979789e-05,0.005,0.0009838312307939368,1,-,"24, 204",PH,Area_PH,MT + _Complex,5.0,138.0,"3453, 3205",idx_L,24,24.0
4,25.0,-0.25544244050979614,0,0.001,,0.3991906974698568,0.005,0.4456707277166706,0,,"25, 205",V3CD,Area_V3CD,MT + _Complex,5.0,158.0,"876, 1222",idx_L,25,25.0
4,26.0,-1.1625491380691528,0,0.001,,0.12250623852111919,0.005,0.2624015478176941,0,,"26, 206",V4t,Area_V4t,MT + _Complex,5.0,156.0,"1037, 1249",idx_L,26,26.0
4,27.0,0.2519433796405792,0,0.001,,0.40054241435685317,0.005,0.4456707277166706,0,,"27, 207",1,Area_1,SomaSens_Motor,6.0,51.0,"6590, 5925",idx_L,27,27.0
4,28.0,-0.914768397808075,0,0.001,,0.1801566142328745,0.005,0.31803161847442707,0,,"28, 208",2,Area_2,SomaSens_Motor,6.0,52.0,"4278, 4727",idx_L,28,28.0
4,29.0,-0.8361379504203796,0,0.001,,0.20153865036787239,0.005,0.32769279664774176,0,,"29, 209",3a,Area_3a,SomaSens_Motor,6.0,53.0,"2247, 2286",idx_L,29,29.0
4,30.0,-0.3252083957195282,0,0.001,,0.3725116774446423,0.005,0.42931854374561007,0,,"30, 210",3b,Primary_Sensory_Cortex,SomaSens_Motor,6.0,9.0,"5451, 4350",idx_L,30,30.0
4,31.0,-0.6702352166175842,0,0.001,,0.25135392873171297,0.005,0.35689328651236024,0,,"31, 211",4,Primary_Motor_Cortex,SomaSens_Motor,6.0,8.0,"10,776, 10,254",idx_L,31,31.0
4,32.0,-0.24247315526008606,0,0.001,,0.4042067776548439,0.005,0.4456707277166706,0,,"32, 212",23c,Area_23c,ParaCentral_MidCing,7.0,38.0,"2259, 2498",idx_L,32,32.0
4,33.0,-0.19994105398654938,0,0.001,,0.42076334110465596,0.005,0.45351737364573697,0,,"33, 213",24dd,Dorsal_Area_24d,ParaCentral_MidCing,7.0,40.0,"2665, 2820",idx_L,33,33.0
4,34.0,-0.8685385584831238,0,0.001,,0.19254978668993733,0.005,0.32769279664774176,0,,"34, 214",24dv,Ventral_Area_24d,ParaCentral_MidCing,7.0,41.0,"1076, 1349",idx_L,34,34.0
4,35.0,-1.2751655578613281,0,0.001,,0.10112532460940332,0.005,0.25740345632813655,0,,"35, 215",5L,Area_5L,ParaCentral_MidCing,7.0,39.0,"2249, 2327",idx_L,35,35.0
4,36.0,-0.3539288341999054,0,0.001,,0.36169610866012747,0.005,0.4213935246525757,0,,"36, 216",5 m,Area_5m,ParaCentral_MidCing,7.0,36.0,"1483, 2079",idx_L,36,36.0
4,37.0,-0.9409754276275635,0,0.001,,0.17335872584727313,0.005,0.3137713152229326,0,,"37, 217",5mv,Area_5m_ventral,ParaCentral_MidCing,7.0,37.0,"1651, 1996",idx_L,37,37.0
4,38.0,-1.375556468963623,0,0.001,,0.08447949583317205,0.005,0.24264848796980132,0,,"38, 218",6ma,Area_6m_anterior,ParaCentral_MidCing,7.0,44.0,"3941, 4251",idx_L,38,38.0
4,39.0,-0.18907324969768524,0,0.001,,0.42501770348568246,0.005,0.4549523446753061,0,,"39, 219",6mp,Area_6mp,ParaCentral_MidCing,7.0,55.0,"3701, 3105",idx_L,39,39.0
4,40.0,0.08871893584728241,0,0.001,,0.4646526416238238,0.005,0.4820603774771659,0,,"40, 220",SCEF,Supplementary_and_Cingulate_Eye_Field,ParaCentral_MidCing,7.0,43.0,"3500, 3371",idx_L,40,40.0
4,41.0,-0.22448992729187012,0,0.001,,0.41118805189135627,0.005,0.4497235438960464,0,,"41, 221",55b,Area_55b,Premotor,8.0,12.0,"2422, 1537",idx_L,41,41.0
4,42.0,-3.1435136795043945,1,0.001,-,0.0008346630655375276,0.005,0.014308509694929044,0,,"42, 222",6a,Area_6_anterior,Premotor,8.0,96.0,"4233, 3752",idx_L,42,42.0
4,43.0,0.9145349264144897,0,0.001,,0.18021791713550867,0.005,0.31803161847442707,0,,"43, 223",6d,Dorsal_area_6,Premotor,8.0,54.0,"2916, 2909",idx_L,43,43.0
4,44.0,-1.2825130224227905,0,0.001,,0.09983136985834384,0.005,0.25740345632813655,0,,"44, 224",6r,Rostral_Area_6,Premotor,8.0,78.0,"3029, 3981",idx_L,44,44.0
4,45.0,-1.910956859588623,0,0.001,,0.02800506253996388,0.005,0.1293576907859504,0,,"45, 225",6v,Ventral_Area_6,Premotor,8.0,56.0,"2075, 2516",idx_L,45,45.0
4,46.0,-0.8829711675643921,0,0.001,,0.18862592489762953,0.005,0.32769279664774176,0,,"46, 226",FEF,Frontal_Eye_Fields,Premotor,8.0,10.0,"1787, 1889",idx_L,46,46.0
4,47.0,0.7158503532409668,0,0.001,,0.23704187837574064,0.005,0.346154065781277,0,,"47, 227",PEF,Premotor_Eye_Field,Premotor,8.0,11.0,"1006, 1258",idx_L,47,47.0
4,48.0,-2.0458920001983643,0,0.001,,0.02038349879776548,0.005,0.10952327712232199,0,,"48, 228",43,Area_43,Posterior_Opercular,9.0,99.0,"1889, 1678",idx_L,48,48.0
4,49.0,0.8535335063934326,0,0.001,,0.1966817574154019,0.005,0.32769279664774176,0,,"49, 229",FOP1,Frontal_Opercular_Area_1,Posterior_Opercular,9.0,113.0,"879, 932",idx_L,49,49.0
4,50.0,-0.6463720798492432,0,0.001,,0.2590192087915829,0.005,0.36016229111877207,0,,"50, 230",OP1,Area_OP1-SII,Posterior_Opercular,9.0,101.0,"1275, 1072",idx_L,50,50.0
4,51.0,-0.24647384881973267,0,0.001,,0.4026577228692722,0.005,0.4456707277166706,0,,"51, 231",OP2-3,Area_OP2-3-VS,Posterior_Opercular,9.0,102.0,"943, 792",idx_L,51,51.0
4,52.0,-0.8159963488578796,0,0.001,,0.20725111197702945,0.005,0.32769279664774176,0,,"52, 232",OP4,Area_OP4-PV,Posterior_Opercular,9.0,100.0,"2332, 2409",idx_L,52,52.0
4,53.0,1.757779598236084,0,0.001,,0.03939250900162111,0.005,0.164898874890507,0,,"53, 233",52,Area_52,Early_Auditory,10.0,103.0,"725, 580",idx_L,53,53.0
4,54.0,-2.38039231300354,0,0.001,,0.008647107507819947,0.005,0.06917686006255958,0,,"54, 234",A1,Primary_Auditory_Cortex,Early_Auditory,10.0,24.0,"1023, 796",idx_L,54,54.0
4,55.0,1.2892950773239136,0,0.001,,0.0986477608584122,0.005,0.25740345632813655,0,,"55, 235",LBelt,Lateral_Belt_Complex,Early_Auditory,10.0,174.0,"820, 901",idx_L,55,55.0
4,56.0,-0.7214649319648743,0,0.001,,0.23531175454135378,0.005,0.34586578665031176,0,,"56, 236",MBelt,Medial_Belt_Complex,Early_Auditory,10.0,173.0,"1242, 1236",idx_L,56,56.0
4,57.0,2.216104507446289,0,0.001,,0.013342172814034823,0.005,0.08577111094736672,0,,"57, 237",PBelt,ParaBelt_Complex,Early_Auditory,10.0,124.0,"1719, 1439",idx_L,57,57.0
4,58.0,-0.4175948202610016,0,0.001,,0.3381216922605266,0.005,0.4089985088547026,0,,"58, 238",PFcm,Area_PFcm,Early_Auditory,10.0,105.0,"1486, 1485",idx_L,58,58.0
4,59.0,-1.185929298400879,0,0.001,,0.11782511084373287,0.005,0.26227248013414645,0,,"59, 239",RI,RetroInsular_Cortex,Early_Auditory,10.0,104.0,"1149, 1334",idx_L,59,59.0
4,60.0,-1.0574175119400024,0,0.001,,0.14516054139043488,0.005,0.28317509364919546,0,,"60, 240",A4,Auditory_4_Complex,Auditory_Association,11.0,175.0,"3514, 3610",idx_L,60,60.0
4,61.0,-0.16568927466869354,0,0.001,,0.4342007434806869,0.005,0.4597106716838305,0,,"61, 241",A5,Auditory_5_Complex,Auditory_Association,11.0,125.0,"3346, 3881",idx_L,61,61.0
4,62.0,1.3101963996887207,0,0.001,,0.09506470169742515,0.005,0.25740345632813655,0,,"62, 242",STGa,Area_STGa,Auditory_Association,11.0,123.0,"2509, 2187",idx_L,62,62.0
4,63.0,0.7365358471870422,0,0.001,,0.23070233013950925,0.005,0.34586578665031176,0,,"63, 243",STSda,Area_STSd_anterior,Auditory_Association,11.0,128.0,"1944, 2389",idx_L,63,63.0
4,64.0,1.3055928945541382,0,0.001,,0.09584551897926602,0.005,0.25740345632813655,0,,"64, 244",STSdp,Area_STSd_posterior,Auditory_Association,11.0,129.0,"1994, 2605",idx_L,64,64.0
4,65.0,-0.4965953230857849,0,0.001,,0.3097372259466684,0.005,0.3966323883408622,0,,"65, 245",STSva,Area_STSv_anterior,Auditory_Association,11.0,176.0,"1694, 1900",idx_L,65,65.0
4,66.0,2.160391330718994,0,0.001,,0.015371194002424418,0.005,0.09029520013861626,0,,"66, 246",STSvp,Area_STSv_posterior,Auditory_Association,11.0,130.0,"2898, 2515",idx_L,66,66.0
4,67.0,-0.07781781256198883,0,0.001,,0.46898648851989927,0.005,0.48376829761364964,0,,"67, 247",TA2,Area_TA2,Auditory_Association,11.0,107.0,"1518, 1726",idx_L,67,67.0
4,68.0,-0.6229913234710693,0,0.001,,0.2666451117815134,0.005,0.3611335473898395,0,,"68, 248",AAIC,Anterior_Agranular_Insula_Complex,Insula_FrontalOperc,12.0,112.0,"1859, 1691",idx_L,68,68.0
4,69.0,-0.9451643824577332,0,0.001,,0.17228748009902078,0.005,0.3137713152229326,0,,"69, 249",AVI,Anterior_Ventral_Insular_Area,Insula_FrontalOperc,12.0,111.0,"1446, 1792",idx_L,69,69.0
4,70.0,-2.016296625137329,0,0.001,,0.021884483808404638,0.005,0.1109447420013179,0,,"70, 250",FOP2,Frontal_Opercular_Area_2,Insula_FrontalOperc,12.0,115.0,"750, 720",idx_L,70,70.0
4,71.0,-1.1163156032562256,0,0.001,,0.1321435324872769,0.005,0.27183812397382673,0,,"71, 251",FOP3,Frontal_Opercular_Area_3,Insula_FrontalOperc,12.0,114.0,"754, 614",idx_L,71,71.0
4,72.0,1.5846959352493286,0,0.001,,0.0565177179308321,0.005,0.1994742985794074,0,,"72, 252",FOP4,Frontal_Opercular_Area_4,Insula_FrontalOperc,12.0,108.0,"2522, 1678",idx_L,72,72.0
4,73.0,0.28527751564979553,0,0.001,,0.38771576868232616,0.005,0.4417015086254349,0,,"73, 253",FOP5,Area_Frontal_Opercular_5,Insula_FrontalOperc,12.0,169.0,"1297, 1365",idx_L,73,73.0
4,74.0,-1.4805035591125488,0,0.001,,0.06936945580492704,0.005,0.21906143938398012,0,,"74, 254",Ig,Insular_Granular_Complex,Insula_FrontalOperc,12.0,168.0,"841, 1077",idx_L,74,74.0
4,75.0,1.4134281873703003,0,0.001,,0.078764931275007,0.005,0.23598627921737023,0,,"75, 255",MI,Middle_Insular_Area,Insula_FrontalOperc,12.0,109.0,"2102, 1960",idx_L,75,75.0
4,76.0,3.744154453277588,1,0.001,+,9.050114442024773e-05,0.005,0.0023271722850920847,1,+,"76, 256",PI,Para-Insular_Area,Insula_FrontalOperc,12.0,178.0,"1033, 1058",idx_L,76,76.0
4,77.0,2.1250903606414795,0,0.001,,0.01678953687538445,0.005,0.09444114492403753,0,,"77, 257",Pir,Pirform_Cortex,Insula_FrontalOperc,12.0,110.0,"2287, 1856",idx_L,77,77.0
4,78.0,0.9348093271255493,0,0.001,,0.17494328597847947,0.005,0.31489791476126305,0,,"78, 258",PoI1,Area_Posterior_Insular_1,Insula_FrontalOperc,12.0,167.0,"1811, 1835",idx_L,78,78.0
4,79.0,-1.558797836303711,0,0.001,,0.059522118247699304,0.005,0.20407583399211188,0,,"79, 259",PoI2,Posterior_Insular_Area_2,Insula_FrontalOperc,12.0,106.0,"2747, 2675",idx_L,79,79.0
4,80.0,-0.7884772419929504,0,0.001,,0.21520880264521064,0.005,0.33109046560801636,0,,"80, 260",H,Hippocampus,Medial_Temporal,13.0,120.0,"4283, 3626",idx_L,80,80.0
4,81.0,-1.5470107793807983,0,0.001,,0.06093032318857401,0.005,0.20462258382826276,0,,"81, 261",PreS,PreSubiculum,Medial_Temporal,13.0,119.0,"1817, 1558",idx_L,81,81.0
4,82.0,0.32320863008499146,0,0.001,,0.37326862275659983,0.005,0.42931854374561007,0,,"82, 262",EC,Entorhinal_Cortex,Medial_Temporal,13.0,118.0,"2127, 2110",idx_L,82,82.0
4,83.0,-0.31154686212539673,0,0.001,,0.37769246166150744,0.005,0.4316485276131513,0,,"83, 263",PeEc,Perirhinal_Ectorhinal_Cortex,Medial_Temporal,13.0,122.0,"4826, 4755",idx_L,83,83.0
4,84.0,-2.1832327842712402,0,0.001,,0.01450933580142112,0.005,0.09029520013861626,0,,"84, 264",TF,Area_TF,Medial_Temporal,13.0,135.0,"3986, 4752",idx_L,84,84.0
4,85.0,-2.1675806045532227,0,0.001,,0.015095305388114072,0.005,0.09029520013861626,0,,"85, 265",PHA1,ParaHippocampal_Area_1,Medial_Temporal,13.0,126.0,"1281, 1168",idx_L,85,85.0
4,86.0,-2.976426601409912,0,0.001,,0.0014581444053324006,0.005,0.02187216607998601,0,,"86, 266",PHA2,ParaHippocampal_Area_2,Medial_Temporal,13.0,155.0,"783, 771",idx_L,86,86.0
4,87.0,-2.316575288772583,0,0.001,,0.010263439388945255,0.005,0.07671511206050856,0,,"87, 267",PHA3,ParaHippocampal_Area_3,Medial_Temporal,13.0,127.0,"2023, 1122",idx_L,87,87.0
4,88.0,-0.06241858750581741,0,0.001,,0.47511474656585295,0.005,0.4886894536105916,0,,"88, 268",PHT,Area_PHT,Lateral_Temporal,14.0,137.0,"4182, 3410",idx_L,88,88.0
4,89.0,0.273529976606369,0,0.001,,0.3922229262978763,0.005,0.4454266670890709,0,,"89, 269",TE1a,Area_TE1_anterior,Lateral_Temporal,14.0,132.0,"5227, 4180",idx_L,89,89.0
4,90.0,1.035404086112976,0,0.001,,0.15024011913054536,0.005,0.28317509364919546,0,,"90, 270",TE1m,Area_TE1_Middle,Lateral_Temporal,14.0,177.0,"3339, 3429",idx_L,90,90.0
4,91.0,0.1885850578546524,0,0.001,,0.42520902238814384,0.005,0.4549523446753061,0,,"91, 271",TE1p,Area_TE1_posterior,Lateral_Temporal,14.0,133.0,"7116, 6010",idx_L,91,91.0
4,92.0,1.2713779211044312,0,0.001,,0.10179711672001235,0.005,0.25740345632813655,0,,"92, 272",TE2a,Area_TE2_anterior,Lateral_Temporal,14.0,134.0,"5691, 5753",idx_L,92,92.0
4,93.0,-4.176639556884766,1,0.001,-,1.4792363057151955e-05,0.005,0.0005325250700574704,1,-,"93, 273",TE2p,Area_TE2_posterior,Lateral_Temporal,14.0,136.0,"4115, 3040",idx_L,93,93.0
4,94.0,2.868513822555542,0,0.001,,0.0020620258898255295,0.005,0.028551127705276565,0,,"94, 274",TGd,Area_TG_dorsal,Lateral_Temporal,14.0,131.0,"10,192, 10,269",idx_L,94,94.0
4,95.0,2.221717596054077,0,0.001,,0.013151198317952105,0.005,0.08577111094736672,0,,"95, 275",TGv,Area_TG_Ventral,Lateral_Temporal,14.0,172.0,"3694, 4515",idx_L,95,95.0
4,96.0,3.0178866386413574,0,0.001,,0.001272720517872384,0.005,0.019920842888437314,0,,"96, 276",PSL,PeriSylvian_Language_Area,TPO,15.0,25.0,"2154, 2759",idx_L,96,96.0
4,97.0,2.0043742656707764,0,0.001,,0.022514991932969415,0.005,0.1109447420013179,0,,"97, 277",STV,Superior_Temporal_Visual_Area,TPO,15.0,28.0,"2322, 2294",idx_L,97,97.0
4,98.0,1.998979091644287,0,0.001,,0.02280530807804868,0.005,0.1109447420013179,0,,"98, 278",TPOJ1,Area_TemporoParietoOccipital_Junction_1,TPO,15.0,139.0,"2102, 3938",idx_L,98,98.0
4,99.0,-2.0223095417022705,0,0.001,,0.0215721917524108,0.005,0.1109447420013179,0,,"99, 279",TPOJ2,Area_TemporoParietoOccipital_Junction_2,TPO,15.0,140.0,"1930, 2068",idx_L,99,99.0
4,100.0,-2.6458864212036133,0,0.001,,0.004073858414040242,0.005,0.042304839081906756,0,,"100, 280",TPOJ3,Area_TemporoParietoOccipital_Junction_3,TPO,15.0,141.0,"1290, 1277",idx_L,100,100.0
4,101.0,-0.7993240356445312,0,0.001,,0.21205127268902124,0.005,0.32769279664774176,0,,"101, 281",7AL,Lateral_Area_7A,Superior_Parietal,16.0,42.0,"2134, 2030",idx_L,101,101.0
4,102.0,-1.3820605278015137,0,0.001,,0.08347655849149305,0.005,0.24235129884627013,0,,"102, 282",7Am,Medial_Area_7A,Superior_Parietal,16.0,45.0,"2995, 2379",idx_L,102,102.0
4,103.0,-0.3865361511707306,0,0.001,,0.34954981713237243,0.005,0.41436171828965535,0,,"103, 283",7PC,Area_7PC,Superior_Parietal,16.0,47.0,"3151, 3415",idx_L,103,103.0
4,104.0,-0.8633211851119995,0,0.001,,0.19398044973010492,0.005,0.32769279664774176,0,,"104, 284",7Pl,Lateral_Area_7P,Superior_Parietal,16.0,46.0,"1695, 1363",idx_L,104,104.0
4,105.0,-2.9226083755493164,0,0.001,,0.0017355639947270803,0.005,0.024992121524069957,0,,"105, 285",7Pm,Medial_Area_7P,Superior_Parietal,16.0,29.0,"1601, 1308",idx_L,105,105.0
4,106.0,-2.4915196895599365,0,0.001,,0.006359895839096967,0.005,0.05498554371705172,0,,"106, 286",AIP,Anterior_IntraParietal_Area,Superior_Parietal,16.0,117.0,"1999, 2542",idx_L,106,106.0
4,107.0,-2.1557693481445312,0,0.001,,0.015550840023872801,0.005,0.09029520013861626,0,,"107, 287",LIPd,Area_Lateral_IntraParietal_dorsal,Superior_Parietal,16.0,95.0,"1008, 869",idx_L,107,107.0
4,108.0,-1.5432358980178833,0,0.001,,0.061386775148478824,0.005,0.20462258382826276,0,,"108, 288",LIPv,Area_Lateral_IntraParietal_ventral,Superior_Parietal,16.0,48.0,"1681, 1783",idx_L,108,108.0
4,109.0,-1.2632511854171753,0,0.001,,0.1032494615502893,0.005,0.25740345632813655,0,,"109, 289",MIP,Medial_IntraParietal_Area,Superior_Parietal,16.0,50.0,"1872, 2403",idx_L,109,109.0
4,110.0,-1.035461187362671,0,0.001,,0.15022679166350456,0.005,0.28317509364919546,0,,"110, 290",VIP,Ventral_IntraParietal_Complex,Superior_Parietal,16.0,49.0,"1890, 1577",idx_L,110,110.0
4,111.0,-2.443984031677246,0,0.001,,0.007263034730009893,0.005,0.05942482960917185,0,,"111, 291",IP0,Area_IntraParietal_0,Inferior_Parietal,17.0,146.0,"1203, 1239",idx_L,111,111.0
4,112.0,-2.517138719558716,0,0.001,,0.0059156118582929535,0.005,0.05344267998690159,0,,"112, 292",IP1,Area_IntraParietal_1,Inferior_Parietal,17.0,145.0,"1692, 1632",idx_L,112,112.0
4,113.0,-1.5252199172973633,0,0.001,,0.0636021271794795,0.005,0.20815241622375108,0,,"113, 293",IP2,Area_IntraParietal_2,Inferior_Parietal,17.0,144.0,"2102, 1861",idx_L,113,113.0
4,114.0,1.6182259321212769,0,0.001,,0.05280695809759286,0.005,0.19218705477566855,0,,"114, 294",PF,Area_PF_Complex,Inferior_Parietal,17.0,148.0,"5457, 5251",idx_L,114,114.0
4,115.0,1.2526881694793701,0,0.001,,0.10515960655479512,0.005,0.25740345632813655,0,,"115, 295",PFm,Area_PFm_Complex,Inferior_Parietal,17.0,149.0,"8220, 8141",idx_L,115,115.0
4,116.0,-0.4768764078617096,0,0.001,,0.3167250662642068,0.005,0.39867490858431626,0,,"116, 296",PFop,Area_PF_Opercular,Inferior_Parietal,17.0,147.0,"1797, 1783",idx_L,116,116.0
4,117.0,-0.5380046367645264,0,0.001,,0.2952869237336306,0.005,0.3865574274331164,0,,"117, 297",PFt,Area_PFt,Inferior_Parietal,17.0,116.0,"1983, 2039",idx_L,117,117.0
4,118.0,0.4154353141784668,0,0.001,,0.33891162967064226,0.005,0.4089985088547026,0,,"118, 298",PGi,Area_PGi,Inferior_Parietal,17.0,150.0,"4791, 4970",idx_L,118,118.0
4,119.0,-1.2457648515701294,0,0.001,,0.10642536850169848,0.005,0.25740345632813655,0,,"119, 299",PGp,Area_PGp,Inferior_Parietal,17.0,143.0,"2501, 3740",idx_L,119,119.0
4,120.0,0.5598994493484497,0,0.001,,0.2877740121907164,0.005,0.3822828206223539,0,,"120, 300",PGs,Area_PGs,Inferior_Parietal,17.0,151.0,"4552, 3366",idx_L,120,120.0
4,121.0,1.675817847251892,0,0.001,,0.04688693859973061,0.005,0.1758260197489898,0,,"121, 301",23d,Area_23d,Posterior_Cingulate,18.0,32.0,"1261, 1513",idx_L,121,121.0
4,122.0,-0.4424377381801605,0,0.001,,0.3290862377781876,0.005,0.40572275890461484,0,,"122, 302",31a,Area_31a,Posterior_Cingulate,18.0,162.0,"1260, 1116",idx_L,122,122.0
4,123.0,-1.7454622983932495,0,0.001,,0.040452214812606684,0.005,0.16738847508664836,0,,"123, 303",31pd,Area_31pd,Posterior_Cingulate,18.0,161.0,"1428, 864",idx_L,123,123.0
4,124.0,-0.806331992149353,0,0.001,,0.2100257242933744,0.005,0.32769279664774176,0,,"124, 304",31pv,Area_31p_ventral,Posterior_Cingulate,18.0,35.0,"950, 1022",idx_L,124,124.0
4,125.0,-3.2873196601867676,1,0.001,-,0.0005057297460679808,0.005,0.009174458178911457,0,,"125, 305",7 m,Area_7m,Posterior_Cingulate,18.0,30.0,"2128, 2067",idx_L,125,125.0
4,126.0,-0.08312073349952698,0,0.001,,0.4668777699719153,0.005,0.4829770034192228,0,,"126, 306",d23ab,Area_dorsal_23_a + b,Posterior_Cingulate,18.0,34.0,"1607, 1106",idx_L,126,126.0
4,127.0,-2.6426525115966797,0,0.001,,0.00411297046629649,0.005,0.042304839081906756,0,,"127, 307",DVT,Dorsal_Transitional_Visual_Area,Posterior_Cingulate,18.0,142.0,"1806, 2176",idx_L,127,127.0
4,128.0,-3.565216064453125,1,0.001,-,0.0001817782800587224,0.005,0.004090011301321254,1,-,"128, 308",PCV,PreCuneus_Visual_Area,Posterior_Cingulate,18.0,27.0,"2245, 2416",idx_L,128,128.0
4,129.0,-0.8246060013771057,0,0.001,,0.2047976565547276,0.005,0.32769279664774176,0,,"129, 309",POS1,Parieto-Occipital_Sulcus_Area_1,Posterior_Cingulate,18.0,31.0,"2531, 2727",idx_L,129,129.0
4,130.0,-0.7991902232170105,0,0.001,,0.2120900600525662,0.005,0.32769279664774176,0,,"130, 310",POS2,Parieto-Occipital_Sulcus_Area_2,Posterior_Cingulate,18.0,15.0,"3261, 3093",idx_L,130,130.0
4,131.0,-1.1320313215255737,0,0.001,,0.1288106332417121,0.005,0.2693223856617482,0,,"131, 311",ProS,ProStriate_Area,Posterior_Cingulate,18.0,121.0,"1222, 1055",idx_L,131,131.0
4,132.0,0.24347060918807983,0,0.001,,0.40382042532674783,0.005,0.4456707277166706,0,,"132, 312",RSC,RetroSplenial_Complex,Posterior_Cingulate,18.0,14.0,"2830, 3067",idx_L,132,132.0
4,133.0,-0.8344591856002808,0,0.001,,0.20201113874988302,0.005,0.32769279664774176,0,,"133, 313",v23ab,Area_ventral_23_a + b,Posterior_Cingulate,18.0,33.0,"916, 1089",idx_L,133,133.0
4,134.0,0.6354961395263672,0,0.001,,0.26255244186317706,0.005,0.3611335473898395,0,,"134, 314",10r,Area_10r,AntCing_MedPFC,19.0,65.0,"1589, 1053",idx_L,134,134.0
4,135.0,1.3953325748443604,0,0.001,,0.08145778665897258,0.005,0.23841303412382217,0,,"135, 315",10v,Area_10v,AntCing_MedPFC,19.0,88.0,"3906, 2667",idx_L,135,135.0
4,136.0,1.325987696647644,0,0.001,,0.09242188635325527,0.005,0.25740345632813655,0,,"136, 316",25,Area_25,AntCing_MedPFC,19.0,164.0,"1911, 2135",idx_L,136,136.0
4,137.0,1.0976684093475342,0,0.001,,0.13617465451426752,0.005,0.27493416797868986,0,,"137, 317",33pr,Area_33_prime,AntCing_MedPFC,19.0,58.0,"1354, 1316",idx_L,137,137.0
4,138.0,0.47883474826812744,0,0.001,,0.3160280971976981,0.005,0.39867490858431626,0,,"138, 318",8BM,Area_8BM,AntCing_MedPFC,19.0,63.0,"3122, 3436",idx_L,138,138.0
4,139.0,0.6205942630767822,0,0.001,,0.2674333076404787,0.005,0.3611335473898395,0,,"139, 319",9 m,Area_9_Middle,AntCing_MedPFC,19.0,69.0,"6338, 5881",idx_L,139,139.0
4,140.0,0.8565784692764282,0,0.001,,0.1958389445201248,0.005,0.32769279664774176,0,,"140, 320",a24,Area_a24,AntCing_MedPFC,19.0,61.0,"2085, 2152",idx_L,140,140.0
4,141.0,-1.2451858520507812,0,0.001,,0.1065317209641865,0.005,0.25740345632813655,0,,"141, 321",a24pr,Anterior_24_prime,AntCing_MedPFC,19.0,59.0,"1095, 1474",idx_L,141,141.0
4,142.0,-0.4245416820049286,0,0.001,,0.3355854068180447,0.005,0.4089985088547026,0,,"142, 322",a32pr,Area_anterior_32_prime,AntCing_MedPFC,19.0,179.0,"1759, 1118",idx_L,142,142.0
4,143.0,0.7503563165664673,0,0.001,,0.22652006645932304,0.005,0.34553908442947584,0,,"143, 323",d32,Area_dorsal_32,AntCing_MedPFC,19.0,62.0,"2228, 2374",idx_L,143,143.0
4,144.0,0.3563324213027954,0,0.001,,0.36079581598796673,0.005,0.4213935246525757,0,,"144, 324",p24,Area_posterior_24,AntCing_MedPFC,19.0,180.0,"2394, 2442",idx_L,144,144.0
4,145.0,-1.1865150928497314,0,0.001,,0.11770947235109763,0.005,0.26227248013414645,0,,"145, 325",p24pr,Area_Posterior_24_prime,AntCing_MedPFC,19.0,57.0,"1422, 1724",idx_L,145,145.0
4,146.0,0.5442081093788147,0,0.001,,0.29314913602421927,0.005,0.3865574274331164,0,,"146, 326",p32,Area_p32,AntCing_MedPFC,19.0,64.0,"1180, 1765",idx_L,146,146.0
4,147.0,-0.7830035090446472,0,0.001,,0.21681252571411846,0.005,0.33213833726418146,0,,"147, 327",p32pr,Area_p32_prime,AntCing_MedPFC,19.0,60.0,"1569, 1305",idx_L,147,147.0
4,148.0,-0.02933807112276554,0,0.001,,0.48829748179774074,0.005,0.49517491111883566,0,,"148, 328",pOFC,Posterior_OFC_Complex,AntCing_MedPFC,19.0,166.0,"2486, 2836",idx_L,148,148.0
4,149.0,0.2596031427383423,0,0.001,,0.3975849559369081,0.005,0.4456707277166706,0,,"149, 329",s32,Area_s32,AntCing_MedPFC,19.0,165.0,"604, 1015",idx_L,149,149.0
4,150.0,-0.22176970541477203,0,0.001,,0.41224658190470925,0.005,0.4497235438960464,0,,"150, 330",10d,Area_10d,OrbPolaFrontal,20.0,72.0,"3644, 3096",idx_L,150,150.0
4,151.0,-0.6858600974082947,0,0.001,,0.24640066734926414,0.005,0.3562419286977313,0,,"151, 331",10 pp,Polar_10p,OrbPolaFrontal,20.0,90.0,"1997, 2487",idx_L,151,151.0
4,152.0,-0.427876740694046,0,0.001,,0.33437043094530405,0.005,0.4089985088547026,0,,"152, 332",11 l,Area_11l,OrbPolaFrontal,20.0,91.0,"3531, 3793",idx_L,152,152.0
4,153.0,0.5102745890617371,0,0.001,,0.3049295513151239,0.005,0.3948728002641892,0,,"153, 333",13 l,Area_13l,OrbPolaFrontal,20.0,92.0,"2429, 1757",idx_L,153,153.0
4,154.0,-0.7298835515975952,0,0.001,,0.23273068363718702,0.005,0.34586578665031176,0,,"154, 334",47 m,Area_47m,OrbPolaFrontal,20.0,66.0,"799, 781",idx_L,154,154.0
4,155.0,3.501950263977051,1,0.001,+,0.00023093291402153385,0.005,0.004890344061632482,1,+,"155, 335",47 s,Area_47s,OrbPolaFrontal,20.0,94.0,"2795, 3080",idx_L,155,155.0
4,156.0,-1.6314947605133057,0,0.001,,0.05139298225804619,0.005,0.19073684137006836,0,,"156, 336",a10p,Area_anterior_10p,OrbPolaFrontal,20.0,89.0,"1964, 1748",idx_L,156,156.0
4,157.0,2.278944730758667,0,0.001,,0.01133517548058213,0.005,0.07847429178864553,0,,"157, 337",OFC,Orbital_Frontal_Complex,OrbPolaFrontal,20.0,93.0,"4560, 5232",idx_L,157,157.0
4,158.0,-1.8268277645111084,0,0.001,,0.03386283497168055,0.005,0.15238275737256246,0,,"158, 338",p10p,Area_posterior_10p,OrbPolaFrontal,20.0,170.0,"2116, 2365",idx_L,158,158.0
4,159.0,0.9472859501838684,0,0.001,,0.17174654408284123,0.005,0.3137713152229326,0,,"159, 339",44,Area_44,Inferior_Frontal,21.0,74.0,"2435, 2589",idx_L,159,159.0
4,160.0,2.7311174869537354,0,0.001,,0.0031559982842412986,0.005,0.03787197941089558,0,,"160, 340",45,Area_45,Inferior_Frontal,21.0,75.0,"3762, 2962",idx_L,160,160.0
4,161.0,1.7772457599639893,0,0.001,,0.037763906754853784,0.005,0.16184531466365906,0,,"161, 341",47 l,Area_47l_(47_lateral),Inferior_Frontal,21.0,76.0,"2527, 2592",idx_L,161,161.0
4,162.0,0.4101932644844055,0,0.001,,0.3408320907122522,0.005,0.4089985088547026,0,,"162, 342",a47r,Area_anterior_47r,Inferior_Frontal,21.0,77.0,"4167, 3763",idx_L,162,162.0
4,163.0,-2.077510118484497,0,0.001,,0.018877251162543057,0.005,0.10296682452296212,0,,"163, 343",IFJa,Area_IFJa,Inferior_Frontal,21.0,79.0,"1513, 1405",idx_L,163,163.0
4,164.0,-1.2013368606567383,0,0.001,,0.11481027871981508,0.005,0.26227248013414645,0,,"164, 344",IFJp,Area_IFJp,Inferior_Frontal,21.0,80.0,"960, 740",idx_L,164,164.0
4,165.0,-0.8221891522407532,0,0.001,,0.2054846258276089,0.005,0.32769279664774176,0,,"165, 345",IFSa,Area_IFSa,Inferior_Frontal,21.0,82.0,"2057, 2641",idx_L,165,165.0
4,166.0,-0.6760511994361877,0,0.001,,0.24950406941193776,0.005,0.35689328651236024,0,,"166, 346",IFSp,Area_IFSp,Inferior_Frontal,21.0,81.0,"1589, 1730",idx_L,166,166.0
4,167.0,1.1952158212661743,0,0.001,,0.11600135932867556,0.005,0.26227248013414645,0,,"167, 347",p47r,Area_posterior_47r,Inferior_Frontal,21.0,171.0,"2133, 1761",idx_L,167,167.0
4,168.0,-1.3726732730865479,0,0.001,,0.08492697078943046,0.005,0.24264848796980132,0,,"168, 348",46,Area_46,Dorsolateral_Prefrontal,22.0,84.0,"4863, 4394",idx_L,168,168.0
4,169.0,-1.9490442276000977,0,0.001,,0.025645071600007084,0.005,0.12147665494740197,0,,"169, 349",8Ad,Area_8Ad,Dorsolateral_Prefrontal,22.0,68.0,"3386, 3492",idx_L,169,169.0
4,170.0,-1.5897915363311768,0,0.001,,0.055940901145873564,0.005,0.19939331101499488,0,,"170, 350",8Av,Area_8Av,Dorsolateral_Prefrontal,22.0,67.0,"4807, 5902",idx_L,170,170.0
4,171.0,0.5228632688522339,0,0.001,,0.3005347036160849,0.005,0.3905866184180165,0,,"171, 351",8BL,Area_8B_Lateral,Dorsolateral_Prefrontal,22.0,70.0,"3377, 4078",idx_L,171,171.0
4,172.0,-1.0522644519805908,0,0.001,,0.14633911811867417,0.005,0.28317509364919546,0,,"172, 352",8C,Area_8C,Dorsolateral_Prefrontal,22.0,73.0,"4085, 3134",idx_L,172,172.0
4,173.0,-0.817879855632782,0,0.001,,0.20671289697611678,0.005,0.32769279664774176,0,,"173, 353",9-46d,Area_9-46d,Dorsolateral_Prefrontal,22.0,86.0,"4534, 4666",idx_L,173,173.0
4,174.0,-0.66679447889328,0,0.001,,0.25245170992560884,0.005,0.35689328651236024,0,,"174, 354",9a,Area_9_anterior,Dorsolateral_Prefrontal,22.0,87.0,"3706, 3048",idx_L,174,174.0
4,175.0,-1.1592215299606323,0,0.001,,0.12318294883663972,0.005,0.2624015478176941,0,,"175, 355",9p,Area_9_Posterior,Dorsolateral_Prefrontal,22.0,71.0,"3426, 2488",idx_L,175,175.0
4,176.0,-1.4074199199676514,0,0.001,,0.07965145390227463,0.005,0.23598627921737023,0,,"176, 356",a9-46v,Area_anterior_9-46v,Dorsolateral_Prefrontal,22.0,85.0,"3314, 2628",idx_L,176,176.0
4,177.0,-2.300128698348999,0,0.001,,0.010720464918209723,0.005,0.07671511206050856,0,,"177, 357",i6-8,Inferior_6-8_Transitional_Area,Dorsolateral_Prefrontal,22.0,97.0,"1764, 2418",idx_L,177,177.0
4,178.0,-2.2346200942993164,0,0.001,,0.012721150244897823,0.005,0.08480766829931882,0,,"178, 358",p9-46v,Area_posterior_9-46v,Dorsolateral_Prefrontal,22.0,83.0,"2871, 4635",idx_L,178,178.0
4,179.0,-2.30234694480896,0,0.001,,0.010657807199862514,0.005,0.07671511206050856,0,,"179, 359",s6-8,Superior_6-8_Transitional_Area,Dorsolateral_Prefrontal,22.0,98.0,"1336, 2132",idx_L,179,179.0
4,180.0,0.6693589091300964,0,0.001,,0.25163327844202454,0.005,0.35689328651236024,0,,"180, 360",SFL,Superior_Frontal_Language_Area,Dorsolateral_Prefrontal,22.0,26.0,"3873, 3055",idx_L,180,180.0
4,181.0,-1.0952508449554443,0,0.001,,0.1367033779671819,0.005,0.27493416797868986,0,,"1, 181",V1,Primary_Visual_Cortex,Primary_Visual,1.0,1.0,"13,812, 13,406",idx_R,181,181.0
4,182.0,-1.1852548122406006,0,0.001,,0.11795835702052077,0.005,0.26227248013414645,0,,"2, 182",V2,Second_Visual_Area,Early_Visual,2.0,4.0,"9515, 9420",idx_R,182,182.0
4,183.0,-1.4580482244491577,0,0.001,,0.07241362553935676,0.005,0.22473194132903823,0,,"3, 183",V3,Third_Visual_Area,Early_Visual,2.0,5.0,"7106, 7481",idx_R,183,183.0
4,184.0,-1.2910335063934326,0,0.001,,0.09834602959912997,0.005,0.25740345632813655,0,,"4, 184",V4,Fourth_Visual_Area,Early_Visual,2.0,6.0,"4782, 4537",idx_R,184,184.0
4,185.0,0.16252006590366364,0,0.001,,0.43544816401162834,0.005,0.4597106716838305,0,,"5, 185",IPS1,IntraParietal_Sulcus_Area_1,Dorsal_Stream_Visual,3.0,17.0,"1751, 1750",idx_R,185,185.0
4,186.0,-1.1086325645446777,0,0.001,,0.13379436199241068,0.005,0.2729033488971266,0,,"6, 186",V3A,Area_V3A,Dorsal_Stream_Visual,3.0,13.0,"2191, 2212",idx_R,186,186.0
4,187.0,-1.507836103439331,0,0.001,,0.06579823970996569,0.005,0.2133996963566455,0,,"7, 187",V3B,Area_V3B,Dorsal_Stream_Visual,3.0,19.0,"639, 731",idx_R,187,187.0
4,188.0,-0.738342821598053,0,0.001,,0.23015307550548358,0.005,0.34586578665031176,0,,"8, 188",V6,Sixth_Visual_Area,Dorsal_Stream_Visual,3.0,3.0,"1402, 1559",idx_R,188,188.0
4,189.0,-1.8379571437835693,0,0.001,,0.033034360309598804,0.005,0.15053632546146292,0,,"9, 189",V6A,Area_V6A,Dorsal_Stream_Visual,3.0,152.0,"904, 734",idx_R,189,189.0
4,190.0,-2.742523193359375,0,0.001,,0.0030484572025596575,0.005,0.0378429169972923,0,,"10, 190",V7,Seventh_Visual_Area,Dorsal_Stream_Visual,3.0,16.0,"1005, 1041",idx_R,190,190.0
4,191.0,-1.8084418773651123,0,0.001,,0.03526887759918283,0.005,0.15483897482568074,0,,"11, 191",FFC,Fusiform_Face_Complex,Ventral_Stream_Visual,4.0,18.0,"3848, 4402",idx_R,191,191.0
4,192.0,-0.7212401628494263,0,0.001,,0.23538088258146217,0.005,0.34586578665031176,0,,"12, 192",PIT,Posterior_InferoTemporal_complex,Ventral_Stream_Visual,4.0,22.0,"1392, 1386",idx_R,192,192.0
4,193.0,-0.0978015661239624,0,0.001,,0.4610449318802796,0.005,0.47969992912399034,0,,"13, 193",V8,Eighth_Visual_Area,Ventral_Stream_Visual,4.0,7.0,"1361, 1175",idx_R,193,193.0
4,194.0,-0.6460707783699036,0,0.001,,0.2591167594437832,0.005,0.36016229111877207,0,,"14, 194",VMV1,VentroMedial_Visual_Area_1,Ventral_Stream_Visual,4.0,153.0,"939, 1219",idx_R,194,194.0
4,195.0,-1.2213292121887207,0,0.001,,0.1109806986158739,0.005,0.26126079750634007,0,,"15, 195",VMV2,VentroMedial_Visual_Area_2,Ventral_Stream_Visual,4.0,160.0,"639, 923",idx_R,195,195.0
4,196.0,-1.170729637145996,0,0.001,,0.12085373420642553,0.005,0.2624015478176941,0,,"16, 196",VMV3,VentroMedial_Visual_Area_3,Ventral_Stream_Visual,4.0,154.0,"941, 1242",idx_R,196,196.0
4,197.0,-1.0496517419815063,0,0.001,,0.1469391293123592,0.005,0.28317509364919546,0,,"17, 197",VVC,Ventral_Visual_Complex,Ventral_Stream_Visual,4.0,163.0,"2487, 2753",idx_R,197,197.0
4,198.0,-0.6157068610191345,0,0.001,,0.2690440041159208,0.005,0.3611335473898395,0,,"18, 198",FST,Area_FST,MT + _Complex,5.0,157.0,"1324, 1683",idx_R,198,198.0
4,199.0,-0.37886056303977966,0,0.001,,0.3523957055018786,0.005,0.4145831829433866,0,,"19, 199",LO1,Area_Lateral_Occipital_1,MT + _Complex,5.0,20.0,"619, 909",idx_R,199,199.0
4,200.0,-0.5408616065979004,0,0.001,,0.29430148789151844,0.005,0.3865574274331164,0,,"20, 200",LO2,Area_Lateral_Occipital_2,MT + _Complex,5.0,21.0,"1179, 1062",idx_R,200,200.0
4,201.0,-0.828530490398407,0,0.001,,0.20368506738094794,0.005,0.32769279664774176,0,,"21, 201",LO3,Area_Lateral_Occipital_3,MT + _Complex,5.0,159.0,"438, 915",idx_R,201,201.0
4,202.0,0.05058688670396805,0,0.001,,0.47982735617051914,0.005,0.4921306217133529,0,,"22, 202",MST,Medial_Superior_Temporal_Area,MT + _Complex,5.0,2.0,"794, 1036",idx_R,202,202.0
4,203.0,-1.2172131538391113,0,0.001,,0.11176156337771215,0.005,0.26126079750634007,0,,"23, 203",MT,Middle_Temporal_Area,MT + _Complex,5.0,23.0,"620, 1005",idx_R,203,203.0
4,204.0,-1.1751784086227417,0,0.001,,0.1199616732462771,0.005,0.2624015478176941,0,,"24, 204",PH,Area_PH,MT + _Complex,5.0,138.0,"3453, 3205",idx_R,204,204.0
4,205.0,-0.03166704252362251,0,0.001,,0.4873687889770643,0.005,0.49517491111883566,0,,"25, 205",V3CD,Area_V3CD,MT + _Complex,5.0,158.0,"876, 1222",idx_R,205,205.0
4,206.0,-0.8033688068389893,0,0.001,,0.21088079942834737,0.005,0.32769279664774176,0,,"26, 206",V4t,Area_V4t,MT + _Complex,5.0,156.0,"1037, 1249",idx_R,206,206.0
4,207.0,-0.6657063364982605,0,0.001,,0.2527994112795885,0.005,0.35689328651236024,0,,"27, 207",1,Area_1,SomaSens_Motor,6.0,51.0,"6590, 5925",idx_R,207,207.0
4,208.0,-0.6209872364997864,0,0.001,,0.2673040105389397,0.005,0.3611335473898395,0,,"28, 208",2,Area_2,SomaSens_Motor,6.0,52.0,"4278, 4727",idx_R,208,208.0
4,209.0,-1.0587413311004639,0,0.001,,0.14485879962030102,0.005,0.28317509364919546,0,,"29, 209",3a,Area_3a,SomaSens_Motor,6.0,53.0,"2247, 2286",idx_R,209,209.0
4,210.0,-1.1612352132797241,0,0.001,,0.12277312909468274,0.005,0.2624015478176941,0,,"30, 210",3b,Primary_Sensory_Cortex,SomaSens_Motor,6.0,9.0,"5451, 4350",idx_R,210,210.0
4,211.0,-0.8262569308280945,0,0.001,,0.20432917975041304,0.005,0.32769279664774176,0,,"31, 211",4,Primary_Motor_Cortex,SomaSens_Motor,6.0,8.0,"10,776, 10,254",idx_R,211,211.0
4,212.0,-0.2633439302444458,0,0.001,,0.3961427514006865,0.005,0.4456707277166706,0,,"32, 212",23c,Area_23c,ParaCentral_MidCing,7.0,38.0,"2259, 2498",idx_R,212,212.0
4,213.0,-1.2451602220535278,0,0.001,,0.10653643053581208,0.005,0.25740345632813655,0,,"33, 213",24dd,Dorsal_Area_24d,ParaCentral_MidCing,7.0,40.0,"2665, 2820",idx_R,213,213.0
4,214.0,-1.1068588495254517,0,0.001,,0.13417747987442058,0.005,0.2729033488971266,0,,"34, 214",24dv,Ventral_Area_24d,ParaCentral_MidCing,7.0,41.0,"1076, 1349",idx_R,214,214.0
4,215.0,-1.1255807876586914,0,0.001,,0.13017150199526356,0.005,0.2693223856617482,0,,"35, 215",5L,Area_5L,ParaCentral_MidCing,7.0,39.0,"2249, 2327",idx_R,215,215.0
4,216.0,-0.6227973699569702,0,0.001,,0.2667088434312005,0.005,0.3611335473898395,0,,"36, 216",5 m,Area_5m,ParaCentral_MidCing,7.0,36.0,"1483, 2079",idx_R,216,216.0
4,217.0,-0.8107438087463379,0,0.001,,0.20875640476920304,0.005,0.32769279664774176,0,,"37, 217",5mv,Area_5m_ventral,ParaCentral_MidCing,7.0,37.0,"1651, 1996",idx_R,217,217.0
4,218.0,-0.4876500070095062,0,0.001,,0.31289888413556904,0.005,0.3966323883408622,0,,"38, 218",6ma,Area_6m_anterior,ParaCentral_MidCing,7.0,44.0,"3941, 4251",idx_R,218,218.0
4,219.0,-1.8133628368377686,0,0.001,,0.034887938735902166,0.005,0.15483897482568074,0,,"39, 219",6mp,Area_6mp,ParaCentral_MidCing,7.0,55.0,"3701, 3105",idx_R,219,219.0
4,220.0,1.152285099029541,0,0.001,,0.124601969053181,0.005,0.2638629932890892,0,,"40, 220",SCEF,Supplementary_and_Cingulate_Eye_Field,ParaCentral_MidCing,7.0,43.0,"3500, 3371",idx_R,220,220.0
4,221.0,0.45877039432525635,0,0.001,,0.32319952850301736,0.005,0.40121320779684916,0,,"41, 221",55b,Area_55b,Premotor,8.0,12.0,"2422, 1537",idx_R,221,221.0
4,222.0,-1.2029685974121094,0,0.001,,0.11449423639469286,0.005,0.26227248013414645,0,,"42, 222",6a,Area_6_anterior,Premotor,8.0,96.0,"4233, 3752",idx_R,222,222.0
4,223.0,0.45397311449050903,0,0.001,,0.32492408889827096,0.005,0.40196794502878885,0,,"43, 223",6d,Dorsal_area_6,Premotor,8.0,54.0,"2916, 2909",idx_R,223,223.0
4,224.0,1.680592656135559,0,0.001,,0.04642103162619086,0.005,0.1758260197489898,0,,"44, 224",6r,Rostral_Area_6,Premotor,8.0,78.0,"3029, 3981",idx_R,224,224.0
4,225.0,-1.0626615285873413,0,0.001,,0.14396773665234808,0.005,0.28317509364919546,0,,"45, 225",6v,Ventral_Area_6,Premotor,8.0,56.0,"2075, 2516",idx_R,225,225.0
4,226.0,1.7614481449127197,0,0.001,,0.03908129119326363,0.005,0.164898874890507,0,,"46, 226",FEF,Frontal_Eye_Fields,Premotor,8.0,10.0,"1787, 1889",idx_R,226,226.0
4,227.0,3.037322759628296,0,0.001,,0.001193448641744612,0.005,0.01952915959218456,0,,"47, 227",PEF,Premotor_Eye_Field,Premotor,8.0,11.0,"1006, 1258",idx_R,227,227.0
4,228.0,-0.4732484817504883,0,0.001,,0.31801795629266444,0.005,0.3989075409942829,0,,"48, 228",43,Area_43,Posterior_Opercular,9.0,99.0,"1889, 1678",idx_R,228,228.0
4,229.0,1.366088628768921,0,0.001,,0.08595557348320376,0.005,0.24365359412561696,0,,"49, 229",FOP1,Frontal_Opercular_Area_1,Posterior_Opercular,9.0,113.0,"879, 932",idx_R,229,229.0
4,230.0,-0.841587245464325,0,0.001,,0.20000951551224533,0.005,0.32769279664774176,0,,"50, 230",OP1,Area_OP1-SII,Posterior_Opercular,9.0,101.0,"1275, 1072",idx_R,230,230.0
4,231.0,-1.3099031448364258,0,0.001,,0.09511430157177558,0.005,0.25740345632813655,0,,"51, 231",OP2-3,Area_OP2-3-VS,Posterior_Opercular,9.0,102.0,"943, 792",idx_R,231,231.0
4,232.0,0.3963715434074402,0,0.001,,0.3459154778487422,0.005,0.4123495762435338,0,,"52, 232",OP4,Area_OP4-PV,Posterior_Opercular,9.0,100.0,"2332, 2409",idx_R,232,232.0
4,233.0,1.0772377252578735,0,0.001,,0.1406870377500865,0.005,0.281374075500173,0,,"53, 233",52,Area_52,Early_Auditory,10.0,103.0,"725, 580",idx_R,233,233.0
4,234.0,1.0397517681121826,0,0.001,,0.14922762129829265,0.005,0.28317509364919546,0,,"54, 234",A1,Primary_Auditory_Cortex,Early_Auditory,10.0,24.0,"1023, 796",idx_R,234,234.0
4,235.0,2.542344331741333,0,0.001,,0.0055055818878503755,0.005,0.05215814420068776,0,,"55, 235",LBelt,Lateral_Belt_Complex,Early_Auditory,10.0,174.0,"820, 901",idx_R,235,235.0
4,236.0,0.24369889497756958,0,0.001,,0.4037320146265103,0.005,0.4456707277166706,0,,"56, 236",MBelt,Medial_Belt_Complex,Early_Auditory,10.0,173.0,"1242, 1236",idx_R,236,236.0
4,237.0,3.744429588317871,1,0.001,+,9.040203569810112e-05,0.005,0.0023271722850920847,1,+,"57, 237",PBelt,ParaBelt_Complex,Early_Auditory,10.0,124.0,"1719, 1439",idx_R,237,237.0
4,238.0,0.11892697215080261,0,0.001,,0.45266660635933403,0.005,0.47391867800437415,0,,"58, 238",PFcm,Area_PFcm,Early_Auditory,10.0,105.0,"1486, 1485",idx_R,238,238.0
4,239.0,2.1754157543182373,0,0.001,,0.014799487486369273,0.005,0.09029520013861626,0,,"59, 239",RI,RetroInsular_Cortex,Early_Auditory,10.0,104.0,"1149, 1334",idx_R,239,239.0
4,240.0,5.455338954925537,1,0.001,+,2.4439757372718367e-08,0.005,2.932770884726204e-06,1,+,"60, 240",A4,Auditory_4_Complex,Auditory_Association,11.0,175.0,"3514, 3610",idx_R,240,240.0
4,241.0,4.641822338104248,1,0.001,+,1.7267487336161663e-06,0.005,0.00010360492401696997,1,+,"61, 241",A5,Auditory_5_Complex,Auditory_Association,11.0,125.0,"3346, 3881",idx_R,241,241.0
4,242.0,4.414169788360596,1,0.001,+,5.069917855731384e-06,0.005,0.00022814630350791228,1,+,"62, 242",STGa,Area_STGa,Auditory_Association,11.0,123.0,"2509, 2187",idx_R,242,242.0
4,243.0,2.7038791179656982,0,0.001,,0.003426760824000196,0.005,0.03979464182709905,0,,"63, 243",STSda,Area_STSd_anterior,Auditory_Association,11.0,128.0,"1944, 2389",idx_R,243,243.0
4,244.0,6.364467620849609,1,0.001,+,9.798412750478858e-11,0.005,3.527428590172389e-08,1,+,"64, 244",STSdp,Area_STSd_posterior,Auditory_Association,11.0,129.0,"1994, 2605",idx_R,244,244.0
4,245.0,-0.2108006626367569,0,0.001,,0.4165214107265116,0.005,0.4502934170016342,0,,"65, 245",STSva,Area_STSv_anterior,Auditory_Association,11.0,176.0,"1694, 1900",idx_R,245,245.0
4,246.0,3.6081323623657227,1,0.001,+,0.00015420457289035401,0.005,0.0037009097493684966,1,+,"66, 246",STSvp,Area_STSv_posterior,Auditory_Association,11.0,130.0,"2898, 2515",idx_R,246,246.0
4,247.0,4.706424713134766,1,0.001,+,1.2604951353255682e-06,0.005,0.00010360492401696997,1,+,"67, 247",TA2,Area_TA2,Auditory_Association,11.0,107.0,"1518, 1726",idx_R,247,247.0
4,248.0,0.5494728684425354,0,0.001,,0.29134048951650315,0.005,0.38559770671301885,0,,"68, 248",AAIC,Anterior_Agranular_Insula_Complex,Insula_FrontalOperc,12.0,112.0,"1859, 1691",idx_R,248,248.0
4,249.0,-0.4683607518672943,0,0.001,,0.31976331510485506,0.005,0.3990710262148759,0,,"69, 249",AVI,Anterior_Ventral_Insular_Area,Insula_FrontalOperc,12.0,111.0,"1446, 1792",idx_R,249,249.0
4,250.0,-1.125576138496399,0,0.001,,0.1301724864031783,0.005,0.2693223856617482,0,,"70, 250",FOP2,Frontal_Opercular_Area_2,Insula_FrontalOperc,12.0,115.0,"750, 720",idx_R,250,250.0
4,251.0,-0.6624298691749573,0,0.001,,0.2538478832107631,0.005,0.35697358576513566,0,,"71, 251",FOP3,Frontal_Opercular_Area_3,Insula_FrontalOperc,12.0,114.0,"754, 614",idx_R,251,251.0
4,252.0,0.9816184639930725,0,0.001,,0.16314392384539556,0.005,0.3053729568693806,0,,"72, 252",FOP4,Frontal_Opercular_Area_4,Insula_FrontalOperc,12.0,108.0,"2522, 1678",idx_R,252,252.0
4,253.0,2.515803098678589,0,0.001,,0.0059380755541001765,0.005,0.05344267998690159,0,,"73, 253",FOP5,Area_Frontal_Opercular_5,Insula_FrontalOperc,12.0,169.0,"1297, 1365",idx_R,253,253.0
4,254.0,-2.080543041229248,0,0.001,,0.01873787604074555,0.005,0.10296682452296212,0,,"74, 254",Ig,Insular_Granular_Complex,Insula_FrontalOperc,12.0,168.0,"841, 1077",idx_R,254,254.0
4,255.0,0.940635621547699,0,0.001,,0.1734458103593433,0.005,0.3137713152229326,0,,"75, 255",MI,Middle_Insular_Area,Insula_FrontalOperc,12.0,109.0,"2102, 1960",idx_R,255,255.0
4,256.0,2.004591226577759,0,0.001,,0.022503382672242736,0.005,0.1109447420013179,0,,"76, 256",PI,Para-Insular_Area,Insula_FrontalOperc,12.0,178.0,"1033, 1058",idx_R,256,256.0
4,257.0,1.7922545671463013,0,0.001,,0.03654609868455081,0.005,0.15851319911371436,0,,"77, 257",Pir,Pirform_Cortex,Insula_FrontalOperc,12.0,110.0,"2287, 1856",idx_R,257,257.0
4,258.0,2.6290106773376465,0,0.001,,0.004281683607971279,0.005,0.04281683607971279,0,,"78, 258",PoI1,Area_Posterior_Insular_1,Insula_FrontalOperc,12.0,167.0,"1811, 1835",idx_R,258,258.0
4,259.0,-0.18685810267925262,0,0.001,,0.42588594487660597,0.005,0.4549523446753061,0,,"79, 259",PoI2,Posterior_Insular_Area_2,Insula_FrontalOperc,12.0,106.0,"2747, 2675",idx_R,259,259.0
4,260.0,-0.3380880355834961,0,0.001,,0.3676484232310407,0.005,0.42635410907350735,0,,"80, 260",H,Hippocampus,Medial_Temporal,13.0,120.0,"4283, 3626",idx_R,260,260.0
4,261.0,-0.22203442454338074,0,0.001,,0.4121435425940133,0.005,0.4497235438960464,0,,"81, 261",PreS,PreSubiculum,Medial_Temporal,13.0,119.0,"1817, 1558",idx_R,261,261.0
4,262.0,-0.6324328780174255,0,0.001,,0.2635520278835943,0.005,0.3611335473898395,0,,"82, 262",EC,Entorhinal_Cortex,Medial_Temporal,13.0,118.0,"2127, 2110",idx_R,262,262.0
4,263.0,-2.744720220565796,0,0.001,,0.0030281252594827313,0.005,0.0378429169972923,0,,"83, 263",PeEc,Perirhinal_Ectorhinal_Cortex,Medial_Temporal,13.0,122.0,"4826, 4755",idx_R,263,263.0
4,264.0,-2.2949507236480713,0,0.001,,0.010867974208572046,0.005,0.07671511206050856,0,,"84, 264",TF,Area_TF,Medial_Temporal,13.0,135.0,"3986, 4752",idx_R,264,264.0
4,265.0,-2.0052108764648438,0,0.001,,0.022470253904460863,0.005,0.1109447420013179,0,,"85, 265",PHA1,ParaHippocampal_Area_1,Medial_Temporal,13.0,126.0,"1281, 1168",idx_R,265,265.0
4,266.0,-0.8645504117012024,0,0.001,,0.1936427998907409,0.005,0.32769279664774176,0,,"86, 266",PHA2,ParaHippocampal_Area_2,Medial_Temporal,13.0,155.0,"783, 771",idx_R,266,266.0
4,267.0,-1.9106078147888184,0,0.001,,0.02802749967028926,0.005,0.1293576907859504,0,,"87, 267",PHA3,ParaHippocampal_Area_3,Medial_Temporal,13.0,127.0,"2023, 1122",idx_R,267,267.0
4,268.0,2.5580503940582275,0,0.001,,0.005263041852948818,0.005,0.05120797478544796,0,,"88, 268",PHT,Area_PHT,Lateral_Temporal,14.0,137.0,"4182, 3410",idx_R,268,268.0
4,269.0,-0.4007140100002289,0,0.001,,0.34431534739505726,0.005,0.411805731103723,0,,"89, 269",TE1a,Area_TE1_anterior,Lateral_Temporal,14.0,132.0,"5227, 4180",idx_R,269,269.0
4,270.0,0.6191673874855042,0,0.001,,0.26790304687823563,0.005,0.3611335473898395,0,,"90, 270",TE1m,Area_TE1_Middle,Lateral_Temporal,14.0,177.0,"3339, 3429",idx_R,270,270.0
4,271.0,1.67839515209198,0,0.001,,0.046634991697682496,0.005,0.1758260197489898,0,,"91, 271",TE1p,Area_TE1_posterior,Lateral_Temporal,14.0,133.0,"7116, 6010",idx_R,271,271.0
4,272.0,0.021841514855623245,0,0.001,,0.49128718900523594,0.005,0.49541565277838917,0,,"92, 272",TE2a,Area_TE2_anterior,Lateral_Temporal,14.0,134.0,"5691, 5753",idx_R,272,272.0
4,273.0,0.38032087683677673,0,0.001,,0.35185362015561716,0.005,0.4145831829433866,0,,"93, 273",TE2p,Area_TE2_posterior,Lateral_Temporal,14.0,136.0,"4115, 3040",idx_R,273,273.0
4,274.0,1.1849297285079956,0,0.001,,0.1180226160603659,0.005,0.26227248013414645,0,,"94, 274",TGd,Area_TG_dorsal,Lateral_Temporal,14.0,131.0,"10,192, 10,269",idx_R,274,274.0
4,275.0,0.8905920386314392,0,0.001,,0.18657403592182348,0.005,0.32764220942369,0,,"95, 275",TGv,Area_TG_Ventral,Lateral_Temporal,14.0,172.0,"3694, 4515",idx_R,275,275.0
4,276.0,4.588178634643555,1,0.001,+,2.2356498028276256e-06,0.005,0.00011497627557399218,1,+,"96, 276",PSL,PeriSylvian_Language_Area,TPO,15.0,25.0,"2154, 2759",idx_R,276,276.0
4,277.0,4.649810314178467,1,0.001,+,1.6612022541638397e-06,0.005,0.00010360492401696997,1,+,"97, 277",STV,Superior_Temporal_Visual_Area,TPO,15.0,28.0,"2322, 2294",idx_R,277,277.0
4,278.0,5.568993091583252,1,0.001,+,1.281078216880087e-08,0.005,2.3059407903841567e-06,1,+,"98, 278",TPOJ1,Area_TemporoParietoOccipital_Junction_1,TPO,15.0,139.0,"2102, 3938",idx_R,278,278.0
4,279.0,1.1946489810943604,0,0.001,,0.11611210176714165,0.005,0.26227248013414645,0,,"99, 279",TPOJ2,Area_TemporoParietoOccipital_Junction_2,TPO,15.0,140.0,"1930, 2068",idx_R,279,279.0
4,280.0,-1.696481704711914,0,0.001,,0.0448973460250999,0.005,0.1758260197489898,0,,"100, 280",TPOJ3,Area_TemporoParietoOccipital_Junction_3,TPO,15.0,141.0,"1290, 1277",idx_R,280,280.0
4,281.0,-1.980706810951233,0,0.001,,0.023812081259271034,0.005,0.11429799004450096,0,,"101, 281",7AL,Lateral_Area_7A,Superior_Parietal,16.0,42.0,"2134, 2030",idx_R,281,281.0
4,282.0,-1.7140202522277832,0,0.001,,0.04326250324160572,0.005,0.17318452057668304,0,,"102, 282",7Am,Medial_Area_7A,Superior_Parietal,16.0,45.0,"2995, 2379",idx_R,282,282.0
4,283.0,-1.2252038717269897,0,0.001,,0.11024920803947874,0.005,0.26126079750634007,0,,"103, 283",7PC,Area_7PC,Superior_Parietal,16.0,47.0,"3151, 3415",idx_R,283,283.0
4,284.0,-1.263205647468567,0,0.001,,0.10325764189642411,0.005,0.25740345632813655,0,,"104, 284",7Pl,Lateral_Area_7P,Superior_Parietal,16.0,46.0,"1695, 1363",idx_R,284,284.0
4,285.0,-1.4172765016555786,0,0.001,,0.07820105128808713,0.005,0.23598627921737023,0,,"105, 285",7Pm,Medial_Area_7P,Superior_Parietal,16.0,29.0,"1601, 1308",idx_R,285,285.0
4,286.0,-0.5325128436088562,0,0.001,,0.29718542436842044,0.005,0.38763316221967886,0,,"106, 286",AIP,Anterior_IntraParietal_Area,Superior_Parietal,16.0,117.0,"1999, 2542",idx_R,286,286.0
4,287.0,-0.4896364212036133,0,0.001,,0.31219559954977116,0.005,0.3966323883408622,0,,"107, 287",LIPd,Area_Lateral_IntraParietal_dorsal,Superior_Parietal,16.0,95.0,"1008, 869",idx_R,287,287.0
4,288.0,0.336299329996109,0,0.001,,0.3683225775607244,0.005,0.42635410907350735,0,,"108, 288",LIPv,Area_Lateral_IntraParietal_ventral,Superior_Parietal,16.0,48.0,"1681, 1783",idx_R,288,288.0
4,289.0,-0.50163334608078,0,0.001,,0.30796272920763756,0.005,0.3959520804098198,0,,"109, 289",MIP,Medial_IntraParietal_Area,Superior_Parietal,16.0,50.0,"1872, 2403",idx_R,289,289.0
4,290.0,-2.3606581687927246,0,0.001,,0.009121268582954204,0.005,0.07138384108398943,0,,"110, 290",VIP,Ventral_IntraParietal_Complex,Superior_Parietal,16.0,49.0,"1890, 1577",idx_R,290,290.0
4,291.0,-1.280632495880127,0,0.001,,0.10016139019719772,0.005,0.25740345632813655,0,,"111, 291",IP0,Area_IntraParietal_0,Inferior_Parietal,17.0,146.0,"1203, 1239",idx_R,291,291.0
4,292.0,-0.4279002845287323,0,0.001,,0.33436185997311973,0.005,0.4089985088547026,0,,"112, 292",IP1,Area_IntraParietal_1,Inferior_Parietal,17.0,145.0,"1692, 1632",idx_R,292,292.0
4,293.0,-0.024750040844082832,0,0.001,,0.49012717023346275,0.005,0.49541565277838917,0,,"113, 293",IP2,Area_IntraParietal_2,Inferior_Parietal,17.0,144.0,"2102, 1861",idx_R,293,293.0
4,294.0,-0.017367197200655937,0,0.001,,0.49307183902445906,0.005,0.495437767474956,0,,"114, 294",PF,Area_PF_Complex,Inferior_Parietal,17.0,148.0,"5457, 5251",idx_R,294,294.0
4,295.0,1.4472538232803345,0,0.001,,0.07391292346286892,0.005,0.2274243798857505,0,,"115, 295",PFm,Area_PFm_Complex,Inferior_Parietal,17.0,149.0,"8220, 8141",idx_R,295,295.0
4,296.0,-0.21305468678474426,0,0.001,,0.4156421539285311,0.005,0.4502934170016342,0,,"116, 296",PFop,Area_PF_Opercular,Inferior_Parietal,17.0,147.0,"1797, 1783",idx_R,296,296.0
4,297.0,-0.24089673161506653,0,0.001,,0.40481757767597576,0.005,0.4456707277166706,0,,"117, 297",PFt,Area_PFt,Inferior_Parietal,17.0,116.0,"1983, 2039",idx_R,297,297.0
4,298.0,-0.030617740005254745,0,0.001,,0.4877871971519071,0.005,0.49517491111883566,0,,"118, 298",PGi,Area_PGi,Inferior_Parietal,17.0,150.0,"4791, 4970",idx_R,298,298.0
4,299.0,-0.03730853646993637,0,0.001,,0.4851194995570914,0.005,0.49517491111883566,0,,"119, 299",PGp,Area_PGp,Inferior_Parietal,17.0,143.0,"2501, 3740",idx_R,299,299.0
4,300.0,0.5056337118148804,0,0.001,,0.3065569055083196,0.005,0.39555729743008977,0,,"120, 300",PGs,Area_PGs,Inferior_Parietal,17.0,151.0,"4552, 3366",idx_R,300,300.0
4,301.0,0.11142084002494812,0,0.001,,0.4556413175017242,0.005,0.47545180956701655,0,,"121, 301",23d,Area_23d,Posterior_Cingulate,18.0,32.0,"1261, 1513",idx_R,301,301.0
4,302.0,0.4122198820114136,0,0.001,,0.34008913284183473,0.005,0.4089985088547026,0,,"122, 302",31a,Area_31a,Posterior_Cingulate,18.0,162.0,"1260, 1116",idx_R,302,302.0
4,303.0,0.17666056752204895,0,0.001,,0.4298875080932075,0.005,0.45786835181525065,0,,"123, 303",31pd,Area_31pd,Posterior_Cingulate,18.0,161.0,"1428, 864",idx_R,303,303.0
4,304.0,1.5503931045532227,0,0.001,,0.06052359628823173,0.005,0.20462258382826276,0,,"124, 304",31pv,Area_31p_ventral,Posterior_Cingulate,18.0,35.0,"950, 1022",idx_R,304,304.0
4,305.0,-1.6834779977798462,0,0.001,,0.0461412975920756,0.005,0.1758260197489898,0,,"125, 305",7 m,Area_7m,Posterior_Cingulate,18.0,30.0,"2128, 2067",idx_R,305,305.0
4,306.0,1.5983891487121582,0,0.001,,0.054978199047094924,0.005,0.19792151656954174,0,,"126, 306",d23ab,Area_dorsal_23_a + b,Posterior_Cingulate,18.0,34.0,"1607, 1106",idx_R,306,306.0
4,307.0,0.7252421975135803,0,0.001,,0.2341517297907768,0.005,0.34586578665031176,0,,"127, 307",DVT,Dorsal_Transitional_Visual_Area,Posterior_Cingulate,18.0,142.0,"1806, 2176",idx_R,307,307.0
4,308.0,-0.9758794903755188,0,0.001,,0.1645620934240551,0.005,0.3053729568693806,0,,"128, 308",PCV,PreCuneus_Visual_Area,Posterior_Cingulate,18.0,27.0,"2245, 2416",idx_R,308,308.0
4,309.0,-0.8106006979942322,0,0.001,,0.2087975079510645,0.005,0.32769279664774176,0,,"129, 309",POS1,Parieto-Occipital_Sulcus_Area_1,Posterior_Cingulate,18.0,31.0,"2531, 2727",idx_R,309,309.0
4,310.0,-0.6567651033401489,0,0.001,,0.25566598293434406,0.005,0.3581313379625053,0,,"130, 310",POS2,Parieto-Occipital_Sulcus_Area_2,Posterior_Cingulate,18.0,15.0,"3261, 3093",idx_R,310,310.0
4,311.0,0.9257863759994507,0,0.001,,0.17727850437973364,0.005,0.3159418889935847,0,,"131, 311",ProS,ProStriate_Area,Posterior_Cingulate,18.0,121.0,"1222, 1055",idx_R,311,311.0
4,312.0,1.2607133388519287,0,0.001,,0.10370607317922687,0.005,0.25740345632813655,0,,"132, 312",RSC,RetroSplenial_Complex,Posterior_Cingulate,18.0,14.0,"2830, 3067",idx_R,312,312.0
4,313.0,-0.8319003582000732,0,0.001,,0.20273259482972222,0.005,0.32769279664774176,0,,"133, 313",v23ab,Area_ventral_23_a + b,Posterior_Cingulate,18.0,33.0,"916, 1089",idx_R,313,313.0
4,314.0,0.8215974569320679,0,0.001,,0.20565301856624074,0.005,0.32769279664774176,0,,"134, 314",10r,Area_10r,AntCing_MedPFC,19.0,65.0,"1589, 1053",idx_R,314,314.0
4,315.0,1.2693177461624146,0,0.001,,0.10216387975109004,0.005,0.25740345632813655,0,,"135, 315",10v,Area_10v,AntCing_MedPFC,19.0,88.0,"3906, 2667",idx_R,315,315.0
4,316.0,0.743107795715332,0,0.001,,0.22870821012687625,0.005,0.34586578665031176,0,,"136, 316",25,Area_25,AntCing_MedPFC,19.0,164.0,"1911, 2135",idx_R,316,316.0
4,317.0,0.8109219670295715,0,0.001,,0.2087052421655839,0.005,0.32769279664774176,0,,"137, 317",33pr,Area_33_prime,AntCing_MedPFC,19.0,58.0,"1354, 1316",idx_R,317,317.0
4,318.0,-0.212616428732872,0,0.001,,0.4158130780746685,0.005,0.4502934170016342,0,,"138, 318",8BM,Area_8BM,AntCing_MedPFC,19.0,63.0,"3122, 3436",idx_R,318,318.0
4,319.0,0.8542682528495789,0,0.001,,0.19647818667021388,0.005,0.32769279664774176,0,,"139, 319",9 m,Area_9_Middle,AntCing_MedPFC,19.0,69.0,"6338, 5881",idx_R,319,319.0
4,320.0,1.2286577224731445,0,0.001,,0.10960008182478936,0.005,0.26126079750634007,0,,"140, 320",a24,Area_a24,AntCing_MedPFC,19.0,61.0,"2085, 2152",idx_R,320,320.0
4,321.0,-0.3127553462982178,0,0.001,,0.3772332715275676,0.005,0.4316485276131513,0,,"141, 321",a24pr,Anterior_24_prime,AntCing_MedPFC,19.0,59.0,"1095, 1474",idx_R,321,321.0
4,322.0,-1.039658546447754,0,0.001,,0.14924928305204055,0.005,0.28317509364919546,0,,"142, 322",a32pr,Area_anterior_32_prime,AntCing_MedPFC,19.0,179.0,"1759, 1118",idx_R,322,322.0
4,323.0,0.4210563600063324,0,0.001,,0.3368569636231835,0.005,0.4089985088547026,0,,"143, 323",d32,Area_dorsal_32,AntCing_MedPFC,19.0,62.0,"2228, 2374",idx_R,323,323.0
4,324.0,-0.8076913952827454,0,0.001,,0.20963412914829083,0.005,0.32769279664774176,0,,"144, 324",p24,Area_posterior_24,AntCing_MedPFC,19.0,180.0,"2394, 2442",idx_R,324,324.0
4,325.0,0.35793644189834595,0,0.001,,0.3601954391624483,0.005,0.4213935246525757,0,,"145, 325",p24pr,Area_Posterior_24_prime,AntCing_MedPFC,19.0,57.0,"1422, 1724",idx_R,325,325.0
4,326.0,0.11844982206821442,0,0.001,,0.45285562564862414,0.005,0.47391867800437415,0,,"146, 326",p32,Area_p32,AntCing_MedPFC,19.0,64.0,"1180, 1765",idx_R,326,326.0
4,327.0,-0.014886032789945602,0,0.001,,0.4940615514541922,0.005,0.495437767474956,0,,"147, 327",p32pr,Area_p32_prime,AntCing_MedPFC,19.0,60.0,"1569, 1305",idx_R,327,327.0
4,328.0,2.487722873687744,0,0.001,,0.006428193505031875,0.005,0.05498554371705172,0,,"148, 328",pOFC,Posterior_OFC_Complex,AntCing_MedPFC,19.0,166.0,"2486, 2836",idx_R,328,328.0
4,329.0,1.4356743097305298,0,0.001,,0.07554751937348672,0.005,0.23048395741063746,0,,"149, 329",s32,Area_s32,AntCing_MedPFC,19.0,165.0,"604, 1015",idx_R,329,329.0
4,330.0,0.6102437973022461,0,0.001,,0.27085016054237965,0.005,0.3611335473898395,0,,"150, 330",10d,Area_10d,OrbPolaFrontal,20.0,72.0,"3644, 3096",idx_R,330,330.0
4,331.0,-2.1370856761932373,0,0.001,,0.01629551188194821,0.005,0.09311721075398978,0,,"151, 331",10 pp,Polar_10p,OrbPolaFrontal,20.0,90.0,"1997, 2487",idx_R,331,331.0
4,332.0,1.1686158180236816,0,0.001,,0.1212792261404867,0.005,0.2624015478176941,0,,"152, 332",11 l,Area_11l,OrbPolaFrontal,20.0,91.0,"3531, 3793",idx_R,332,332.0
4,333.0,1.7136541604995728,0,0.001,,0.04329613014417076,0.005,0.17318452057668304,0,,"153, 333",13 l,Area_13l,OrbPolaFrontal,20.0,92.0,"2429, 1757",idx_R,333,333.0
4,334.0,-0.4894382059574127,0,0.001,,0.3122657464499503,0.005,0.3966323883408622,0,,"154, 334",47 m,Area_47m,OrbPolaFrontal,20.0,66.0,"799, 781",idx_R,334,334.0
4,335.0,2.002392053604126,0,0.001,,0.022621291224812726,0.005,0.1109447420013179,0,,"155, 335",47 s,Area_47s,OrbPolaFrontal,20.0,94.0,"2795, 3080",idx_R,335,335.0
4,336.0,-1.1453617811203003,0,0.001,,0.12602966165887042,0.005,0.2653256034923588,0,,"156, 336",a10p,Area_anterior_10p,OrbPolaFrontal,20.0,89.0,"1964, 1748",idx_R,336,336.0
4,337.0,2.664569854736328,0,0.001,,0.0038543427192444407,0.005,0.042047375119030256,0,,"157, 337",OFC,Orbital_Frontal_Complex,OrbPolaFrontal,20.0,93.0,"4560, 5232",idx_R,337,337.0
4,338.0,-0.6132128238677979,0,0.001,,0.269867813257597,0.005,0.3611335473898395,0,,"158, 338",p10p,Area_posterior_10p,OrbPolaFrontal,20.0,170.0,"2116, 2365",idx_R,338,338.0
4,339.0,4.078125476837158,1,0.001,+,2.2700131892338176e-05,0.005,0.000742913407385613,1,+,"159, 339",44,Area_44,Inferior_Frontal,21.0,74.0,"2435, 2589",idx_R,339,339.0
4,340.0,4.270011901855469,1,0.001,+,9.773126830335523e-06,0.005,0.0003909250732134209,1,+,"160, 340",45,Area_45,Inferior_Frontal,21.0,75.0,"3762, 2962",idx_R,340,340.0
4,341.0,1.7373414039611816,0,0.001,,0.04116346370412565,0.005,0.16839598788051402,0,,"161, 341",47 l,Area_47l_(47_lateral),Inferior_Frontal,21.0,76.0,"2527, 2592",idx_R,341,341.0
4,342.0,1.318220615386963,0,0.001,,0.09371490316120767,0.005,0.25740345632813655,0,,"162, 342",a47r,Area_anterior_47r,Inferior_Frontal,21.0,77.0,"4167, 3763",idx_R,342,342.0
4,343.0,1.4052523374557495,0,0.001,,0.07997312795699768,0.005,0.23598627921737023,0,,"163, 343",IFJa,Area_IFJa,Inferior_Frontal,21.0,79.0,"1513, 1405",idx_R,343,343.0
4,344.0,0.9296326041221619,0,0.001,,0.1762806701394763,0.005,0.3157265733841367,0,,"164, 344",IFJp,Area_IFJp,Inferior_Frontal,21.0,80.0,"960, 740",idx_R,344,344.0
4,345.0,3.302593231201172,1,0.001,+,0.00047897618705704074,0.005,0.009174458178911457,0,,"165, 345",IFSa,Area_IFSa,Inferior_Frontal,21.0,82.0,"2057, 2641",idx_R,345,345.0
4,346.0,1.5617880821228027,0,0.001,,0.059168960152400744,0.005,0.20407583399211188,0,,"166, 346",IFSp,Area_IFSp,Inferior_Frontal,21.0,81.0,"1589, 1730",idx_R,346,346.0
4,347.0,2.348684549331665,0,0.001,,0.009419930176865819,0.005,0.07215265667386585,0,,"167, 347",p47r,Area_posterior_47r,Inferior_Frontal,21.0,171.0,"2133, 1761",idx_R,347,347.0
4,348.0,-0.8582693338394165,0,0.001,,0.19537187934248723,0.005,0.32769279664774176,0,,"168, 348",46,Area_46,Dorsolateral_Prefrontal,22.0,84.0,"4863, 4394",idx_R,348,348.0
4,349.0,-2.4800760746002197,0,0.001,,0.006567717721758955,0.005,0.05498554371705172,0,,"169, 349",8Ad,Area_8Ad,Dorsolateral_Prefrontal,22.0,68.0,"3386, 3492",idx_R,349,349.0
4,350.0,-0.7131763696670532,0,0.001,,0.23786831337127384,0.005,0.346154065781277,0,,"170, 350",8Av,Area_8Av,Dorsolateral_Prefrontal,22.0,67.0,"4807, 5902",idx_R,350,350.0
4,351.0,-0.165839284658432,0,0.001,,0.43414171473986835,0.005,0.4597106716838305,0,,"171, 351",8BL,Area_8B_Lateral,Dorsolateral_Prefrontal,22.0,70.0,"3377, 4078",idx_R,351,351.0
4,352.0,0.3855757415294647,0,0.001,,0.3499054510001534,0.005,0.41436171828965535,0,,"172, 352",8C,Area_8C,Dorsolateral_Prefrontal,22.0,73.0,"4085, 3134",idx_R,352,352.0
4,353.0,-1.5375291109085083,0,0.001,,0.06208189596418728,0.005,0.20504112428538918,0,,"173, 353",9-46d,Area_9-46d,Dorsolateral_Prefrontal,22.0,86.0,"4534, 4666",idx_R,353,353.0
4,354.0,0.008710840716958046,0,0.001,,0.4965249212876545,0.005,0.4965249212876545,0,,"174, 354",9a,Area_9_anterior,Dorsolateral_Prefrontal,22.0,87.0,"3706, 3048",idx_R,354,354.0
4,355.0,-0.9775868654251099,0,0.001,,0.16413934805974006,0.005,0.3053729568693806,0,,"175, 355",9p,Area_9_Posterior,Dorsolateral_Prefrontal,22.0,71.0,"3426, 2488",idx_R,355,355.0
4,356.0,-0.8169322609901428,0,0.001,,0.20698357010894186,0.005,0.32769279664774176,0,,"176, 356",a9-46v,Area_anterior_9-46v,Dorsolateral_Prefrontal,22.0,85.0,"3314, 2628",idx_R,356,356.0
4,357.0,-1.360141396522522,0,0.001,,0.08689259166298802,0.005,0.2443854140521538,0,,"177, 357",i6-8,Inferior_6-8_Transitional_Area,Dorsolateral_Prefrontal,22.0,97.0,"1764, 2418",idx_R,357,357.0
4,358.0,0.2530059814453125,0,0.001,,0.400131795510524,0.005,0.4456707277166706,0,,"178, 358",p9-46v,Area_posterior_9-46v,Dorsolateral_Prefrontal,22.0,83.0,"2871, 4635",idx_R,358,358.0
4,359.0,-1.2192728519439697,0,0.001,,0.1113703245268195,0.005,0.26126079750634007,0,,"179, 359",s6-8,Superior_6-8_Transitional_Area,Dorsolateral_Prefrontal,22.0,98.0,"1336, 2132",idx_R,359,359.0
4,360.0,2.1608378887176514,0,0.001,,0.015353932080350045,0.005,0.09029520013861626,0,,"180, 360",SFL,Superior_Frontal_Language_Area,Dorsolateral_Prefrontal,22.0,26.0,"3873, 3055",idx_R,360,360.0
5,1.0,2.0216195583343506,0,0.001,,0.021607834963631296,0.005,0.0762629469304634,0,,"1, 181",V1,Primary_Visual_Cortex,Primary_Visual,1.0,1.0,"13,812, 13,406",idx_L,1,1.0
5,2.0,1.9804322719573975,0,0.001,,0.023827488335921253,0.005,0.08016725047599674,0,,"2, 182",V2,Second_Visual_Area,Early_Visual,2.0,4.0,"9515, 9420",idx_L,2,2.0
5,3.0,3.019301652908325,0,0.001,,0.0012667906512082387,0.005,0.01471111723983761,0,,"3, 183",V3,Third_Visual_Area,Early_Visual,2.0,5.0,"7106, 7481",idx_L,3,3.0
5,4.0,2.8245811462402344,0,0.001,,0.0023671229387838503,0.005,0.02130410644905465,0,,"4, 184",V4,Fourth_Visual_Area,Early_Visual,2.0,6.0,"4782, 4537",idx_L,4,4.0
5,5.0,2.88592267036438,0,0.001,,0.001951340172971025,0.005,0.019637844964517138,0,,"5, 185",IPS1,IntraParietal_Sulcus_Area_1,Dorsal_Stream_Visual,3.0,17.0,"1751, 1750",idx_L,5,5.0
5,6.0,2.3093934059143066,0,0.001,,0.010460880305710775,0.005,0.04592581597629121,0,,"6, 186",V3A,Area_V3A,Dorsal_Stream_Visual,3.0,13.0,"2191, 2212",idx_L,6,6.0
5,7.0,2.021914482116699,0,0.001,,0.02159259368427518,0.005,0.0762629469304634,0,,"7, 187",V3B,Area_V3B,Dorsal_Stream_Visual,3.0,19.0,"639, 731",idx_L,7,7.0
5,8.0,1.8667209148406982,0,0.001,,0.030970285737336244,0.005,0.09448561750373768,0,,"8, 188",V6,Sixth_Visual_Area,Dorsal_Stream_Visual,3.0,3.0,"1402, 1559",idx_L,8,8.0
5,9.0,2.7565829753875732,0,0.001,,0.0029204395611157233,0.005,0.02564288395126001,0,,"9, 189",V6A,Area_V6A,Dorsal_Stream_Visual,3.0,152.0,"904, 734",idx_L,9,9.0
5,10.0,4.048923969268799,1,0.001,+,2.572682780052955e-05,0.005,0.0009261658008190638,1,+,"10, 190",V7,Seventh_Visual_Area,Dorsal_Stream_Visual,3.0,16.0,"1005, 1041",idx_L,10,10.0
5,11.0,1.915895700454712,0,0.001,,0.027689186440280206,0.005,0.08821333733186615,0,,"11, 191",FFC,Fusiform_Face_Complex,Ventral_Stream_Visual,4.0,18.0,"3848, 4402",idx_L,11,11.0
5,12.0,1.3387311697006226,0,0.001,,0.09032910262839183,0.005,0.19589443943506663,0,,"12, 192",PIT,Posterior_InferoTemporal_complex,Ventral_Stream_Visual,4.0,22.0,"1392, 1386",idx_L,12,12.0
5,13.0,2.2344112396240234,0,0.001,,0.012728013418902886,0.005,0.05311821844646488,0,,"13, 193",V8,Eighth_Visual_Area,Ventral_Stream_Visual,4.0,7.0,"1361, 1175",idx_L,13,13.0
5,14.0,1.7225816249847412,0,0.001,,0.04248210512354735,0.005,0.11586028670058368,0,,"14, 194",VMV1,VentroMedial_Visual_Area_1,Ventral_Stream_Visual,4.0,153.0,"939, 1219",idx_L,14,14.0
5,15.0,2.3206849098205566,0,0.001,,0.010151927871798111,0.005,0.045875795023966354,0,,"15, 195",VMV2,VentroMedial_Visual_Area_2,Ventral_Stream_Visual,4.0,160.0,"639, 923",idx_L,15,15.0
5,16.0,2.5652542114257812,0,0.001,,0.005155011893830515,0.005,0.03335491698359119,0,,"16, 196",VMV3,VentroMedial_Visual_Area_3,Ventral_Stream_Visual,4.0,154.0,"941, 1242",idx_L,16,16.0
5,17.0,1.896909236907959,0,0.001,,0.02891995907263802,0.005,0.09132618654517269,0,,"17, 197",VVC,Ventral_Visual_Complex,Ventral_Stream_Visual,4.0,163.0,"2487, 2753",idx_L,17,17.0
5,18.0,2.4501755237579346,0,0.001,,0.007139329556863766,0.005,0.03894179758289327,0,,"18, 198",FST,Area_FST,MT + _Complex,5.0,157.0,"1324, 1683",idx_L,18,18.0
5,19.0,1.9517126083374023,0,0.001,,0.0254861674144497,0.005,0.082434842621262,0,,"19, 199",LO1,Area_Lateral_Occipital_1,MT + _Complex,5.0,20.0,"619, 909",idx_L,19,19.0
5,20.0,2.2311105728149414,0,0.001,,0.012836902791229012,0.005,0.05311821844646488,0,,"20, 200",LO2,Area_Lateral_Occipital_2,MT + _Complex,5.0,21.0,"1179, 1062",idx_L,20,20.0
5,21.0,0.9926432967185974,0,0.001,,0.16044190855423424,0.005,0.2699022760725436,0,,"21, 201",LO3,Area_Lateral_Occipital_3,MT + _Complex,5.0,159.0,"438, 915",idx_L,21,21.0
5,22.0,1.0029531717300415,0,0.001,,0.15794172796713302,0.005,0.2682029342838108,0,,"22, 202",MST,Medial_Superior_Temporal_Area,MT + _Complex,5.0,2.0,"794, 1036",idx_L,22,22.0
5,23.0,-0.35009831190109253,0,0.001,,0.3631324588672483,0.005,0.4416475851088155,0,,"23, 203",MT,Middle_Temporal_Area,MT + _Complex,5.0,23.0,"620, 1005",idx_L,23,23.0
5,24.0,3.5106029510498047,1,0.001,+,0.00022354582263177936,0.005,0.0047339115380847395,1,+,"24, 204",PH,Area_PH,MT + _Complex,5.0,138.0,"3453, 3205",idx_L,24,24.0
5,25.0,2.858621120452881,0,0.001,,0.0021274332044893566,0.005,0.019637844964517138,0,,"25, 205",V3CD,Area_V3CD,MT + _Complex,5.0,158.0,"876, 1222",idx_L,25,25.0
5,26.0,1.9695000648498535,0,0.001,,0.024447847569375864,0.005,0.08074518463280102,0,,"26, 206",V4t,Area_V4t,MT + _Complex,5.0,156.0,"1037, 1249",idx_L,26,26.0
5,27.0,-0.1930898129940033,0,0.001,,0.42344431529243665,0.005,0.464755955808772,0,,"27, 207",1,Area_1,SomaSens_Motor,6.0,51.0,"6590, 5925",idx_L,27,27.0
5,28.0,0.7356356382369995,0,0.001,,0.23097623402010686,0.005,0.35231054474448253,0,,"28, 208",2,Area_2,SomaSens_Motor,6.0,52.0,"4278, 4727",idx_L,28,28.0
5,29.0,-0.7305173873901367,0,0.001,,0.23253699439802067,0.005,0.35231054474448253,0,,"29, 209",3a,Area_3a,SomaSens_Motor,6.0,53.0,"2247, 2286",idx_L,29,29.0
5,30.0,-0.40724700689315796,0,0.001,,0.3419132899633013,0.005,0.43090442672078344,0,,"30, 210",3b,Primary_Sensory_Cortex,SomaSens_Motor,6.0,9.0,"5451, 4350",idx_L,30,30.0
5,31.0,-0.23349767923355103,0,0.001,,0.40768748573014046,0.005,0.45159229188569405,0,,"31, 211",4,Primary_Motor_Cortex,SomaSens_Motor,6.0,8.0,"10,776, 10,254",idx_L,31,31.0
5,32.0,-0.7122238278388977,0,0.001,,0.23816309202634717,0.005,0.3528342104094032,0,,"32, 212",23c,Area_23c,ParaCentral_MidCing,7.0,38.0,"2259, 2498",idx_L,32,32.0
5,33.0,-0.3082151710987091,0,0.001,,0.3789593045835853,0.005,0.4459512612696673,0,,"33, 213",24dd,Dorsal_Area_24d,ParaCentral_MidCing,7.0,40.0,"2665, 2820",idx_L,33,33.0
5,34.0,0.3144887089729309,0,0.001,,0.37657494535645347,0.005,0.4459440142379054,0,,"34, 214",24dv,Ventral_Area_24d,ParaCentral_MidCing,7.0,41.0,"1076, 1349",idx_L,34,34.0
5,35.0,1.127971887588501,0,0.001,,0.12966589593236877,0.005,0.24187816898969727,0,,"35, 215",5L,Area_5L,ParaCentral_MidCing,7.0,39.0,"2249, 2327",idx_L,35,35.0
5,36.0,-0.6485246419906616,0,0.001,,0.25832283904112097,0.005,0.3690326272016014,0,,"36, 216",5 m,Area_5m,ParaCentral_MidCing,7.0,36.0,"1483, 2079",idx_L,36,36.0
5,37.0,-0.48179081082344055,0,0.001,,0.31497727892435745,0.005,0.42180497774130066,0,,"37, 217",5mv,Area_5m_ventral,ParaCentral_MidCing,7.0,37.0,"1651, 1996",idx_L,37,37.0
5,38.0,0.994630753993988,0,0.001,,0.15995794212401176,0.005,0.2699022760725436,0,,"38, 218",6ma,Area_6m_anterior,ParaCentral_MidCing,7.0,44.0,"3941, 4251",idx_L,38,38.0
5,39.0,0.27680015563964844,0,0.001,,0.39096678082739206,0.005,0.44782174363636457,0,,"39, 219",6mp,Area_6mp,ParaCentral_MidCing,7.0,55.0,"3701, 3105",idx_L,39,39.0
5,40.0,2.3273448944091797,0,0.001,,0.009973458068555197,0.005,0.045875795023966354,0,,"40, 220",SCEF,Supplementary_and_Cingulate_Eye_Field,ParaCentral_MidCing,7.0,43.0,"3500, 3371",idx_L,40,40.0
5,41.0,0.8031518459320068,0,0.001,,0.21094348711700944,0.005,0.337433868347683,0,,"41, 221",55b,Area_55b,Premotor,8.0,12.0,"2422, 1537",idx_L,41,41.0
5,42.0,1.0866938829421997,0,0.001,,0.1385860591461095,0.005,0.25070844870652975,0,,"42, 222",6a,Area_6_anterior,Premotor,8.0,96.0,"4233, 3752",idx_L,42,42.0
5,43.0,0.1999051868915558,0,0.001,,0.4207773668857227,0.005,0.46324113785584153,0,,"43, 223",6d,Dorsal_area_6,Premotor,8.0,54.0,"2916, 2909",idx_L,43,43.0
5,44.0,1.3315303325653076,0,0.001,,0.0915072855848883,0.005,0.19608704053904635,0,,"44, 224",6r,Rostral_Area_6,Premotor,8.0,78.0,"3029, 3981",idx_L,44,44.0
5,45.0,0.24651354551315308,0,0.001,,0.4026423600571716,0.005,0.44782174363636457,0,,"45, 225",6v,Ventral_Area_6,Premotor,8.0,56.0,"2075, 2516",idx_L,45,45.0
5,46.0,1.177196979522705,0,0.001,,0.11955844698337681,0.005,0.23391870061965028,0,,"46, 226",FEF,Frontal_Eye_Fields,Premotor,8.0,10.0,"1787, 1889",idx_L,46,46.0
5,47.0,3.0543410778045654,0,0.001,,0.0011277774142220566,0.005,0.013999995486894495,0,,"47, 227",PEF,Premotor_Eye_Field,Premotor,8.0,11.0,"1006, 1258",idx_L,47,47.0
5,48.0,1.100457787513733,0,0.001,,0.13556635604949885,0.005,0.2490718518738584,0,,"48, 228",43,Area_43,Posterior_Opercular,9.0,99.0,"1889, 1678",idx_L,48,48.0
5,49.0,1.4221408367156982,0,0.001,,0.07749268492463336,0.005,0.17882927290300005,0,,"49, 229",FOP1,Frontal_Opercular_Area_1,Posterior_Opercular,9.0,113.0,"879, 932",idx_L,49,49.0
5,50.0,0.6341338753700256,0,0.001,,0.26299672843625244,0.005,0.37304532295843384,0,,"50, 230",OP1,Area_OP1-SII,Posterior_Opercular,9.0,101.0,"1275, 1072",idx_L,50,50.0
5,51.0,-0.2646973133087158,0,0.001,,0.3956213236822289,0.005,0.44782174363636457,0,,"51, 231",OP2-3,Area_OP2-3-VS,Posterior_Opercular,9.0,102.0,"943, 792",idx_L,51,51.0
5,52.0,-2.0389628410339355,0,0.001,,0.02072686814414612,0.005,0.07461672531892603,0,,"52, 232",OP4,Area_OP4-PV,Posterior_Opercular,9.0,100.0,"2332, 2409",idx_L,52,52.0
5,53.0,-0.4427887499332428,0,0.001,,0.32895927068701813,0.005,0.4285023589186767,0,,"53, 233",52,Area_52,Early_Auditory,10.0,103.0,"725, 580",idx_L,53,53.0
5,54.0,-0.4649676978588104,0,0.001,,0.32097729453117246,0.005,0.4232667620191285,0,,"54, 234",A1,Primary_Auditory_Cortex,Early_Auditory,10.0,24.0,"1023, 796",idx_L,54,54.0
5,55.0,-0.3243788480758667,0,0.001,,0.3728256157658434,0.005,0.44566907844124387,0,,"55, 235",LBelt,Lateral_Belt_Complex,Early_Auditory,10.0,174.0,"820, 901",idx_L,55,55.0
5,56.0,-1.4496065378189087,0,0.001,,0.073584135915548,0.005,0.1720148631792031,0,,"56, 236",MBelt,Medial_Belt_Complex,Early_Auditory,10.0,173.0,"1242, 1236",idx_L,56,56.0
5,57.0,-0.4005160629749298,0,0.001,,0.34438822742819186,0.005,0.43090442672078344,0,,"57, 237",PBelt,ParaBelt_Complex,Early_Auditory,10.0,124.0,"1719, 1439",idx_L,57,57.0
5,58.0,2.6971371173858643,0,0.001,,0.003496923277660202,0.005,0.029099045815595415,0,,"58, 238",PFcm,Area_PFcm,Early_Auditory,10.0,105.0,"1486, 1485",idx_L,58,58.0
5,59.0,-0.148865208029747,0,0.001,,0.4408299976123648,0.005,0.4740404128825582,0,,"59, 239",RI,RetroInsular_Cortex,Early_Auditory,10.0,104.0,"1149, 1334",idx_L,59,59.0
5,60.0,2.5416669845581055,0,0.001,,0.005516261634973841,0.005,0.03335491698359119,0,,"60, 240",A4,Auditory_4_Complex,Auditory_Association,11.0,175.0,"3514, 3610",idx_L,60,60.0
5,61.0,1.1736598014831543,0,0.001,,0.12026565881357248,0.005,0.2340304712047897,0,,"61, 241",A5,Auditory_5_Complex,Auditory_Association,11.0,125.0,"3346, 3881",idx_L,61,61.0
5,62.0,0.045278824865818024,0,0.001,,0.48194253271709736,0.005,0.4846349491009918,0,,"62, 242",STGa,Area_STGa,Auditory_Association,11.0,123.0,"2509, 2187",idx_L,62,62.0
5,63.0,-1.157451868057251,0,0.001,,0.12354389663663867,0.005,0.23631859294978896,0,,"63, 243",STSda,Area_STSd_anterior,Auditory_Association,11.0,128.0,"1944, 2389",idx_L,63,63.0
5,64.0,0.39582738280296326,0,0.001,,0.34611618733010585,0.005,0.43090442672078344,0,,"64, 244",STSdp,Area_STSd_posterior,Auditory_Association,11.0,129.0,"1994, 2605",idx_L,64,64.0
5,65.0,-1.5845017433166504,0,0.001,,0.05653979262168797,0.005,0.14134948155421992,0,,"65, 245",STSva,Area_STSv_anterior,Auditory_Association,11.0,176.0,"1694, 1900",idx_L,65,65.0
5,66.0,-0.08407467603683472,0,0.001,,0.4664985294685966,0.005,0.48200493492152313,0,,"66, 246",STSvp,Area_STSv_posterior,Auditory_Association,11.0,130.0,"2898, 2515",idx_L,66,66.0
5,67.0,1.6331725120544434,0,0.001,,0.051216359716904504,0.005,0.13169921070061158,0,,"67, 247",TA2,Area_TA2,Auditory_Association,11.0,107.0,"1518, 1726",idx_L,67,67.0
5,68.0,1.7416572570800781,0,0.001,,0.040784217968980165,0.005,0.1121289929307244,0,,"68, 248",AAIC,Anterior_Agranular_Insula_Complex,Insula_FrontalOperc,12.0,112.0,"1859, 1691",idx_L,68,68.0
5,69.0,2.403306484222412,0,0.001,,0.008123781924930863,0.005,0.04177944989964444,0,,"69, 249",AVI,Anterior_Ventral_Insular_Area,Insula_FrontalOperc,12.0,111.0,"1446, 1792",idx_L,69,69.0
5,70.0,-0.3392312824726105,0,0.001,,0.36721775248076194,0.005,0.4451124272494084,0,,"70, 250",FOP2,Frontal_Opercular_Area_2,Insula_FrontalOperc,12.0,115.0,"750, 720",idx_L,70,70.0
5,71.0,0.1287800520658493,0,0.001,,0.4487658451127142,0.005,0.4740404128825582,0,,"71, 251",FOP3,Frontal_Opercular_Area_3,Insula_FrontalOperc,12.0,114.0,"754, 614",idx_L,71,71.0
5,72.0,2.5923662185668945,0,0.001,,0.004765912266700514,0.005,0.03299477723100356,0,,"72, 252",FOP4,Frontal_Opercular_Area_4,Insula_FrontalOperc,12.0,108.0,"2522, 1678",idx_L,72,72.0
5,73.0,1.8439700603485107,0,0.001,,0.0325937517906556,0.005,0.09636907853535923,0,,"73, 253",FOP5,Area_Frontal_Opercular_5,Insula_FrontalOperc,12.0,169.0,"1297, 1365",idx_L,73,73.0
5,74.0,-1.9887571334838867,0,0.001,,0.02336400818181397,0.005,0.07938680122937143,0,,"74, 254",Ig,Insular_Granular_Complex,Insula_FrontalOperc,12.0,168.0,"841, 1077",idx_L,74,74.0
5,75.0,2.3915278911590576,0,0.001,,0.008389204542895063,0.005,0.042207594846032426,0,,"75, 255",MI,Middle_Insular_Area,Insula_FrontalOperc,12.0,109.0,"2102, 1960",idx_L,75,75.0
5,76.0,-0.1438886821269989,0,0.001,,0.4427941865184643,0.005,0.4740404128825582,0,,"76, 256",PI,Para-Insular_Area,Insula_FrontalOperc,12.0,178.0,"1033, 1058",idx_L,76,76.0
5,77.0,1.0954025983810425,0,0.001,,0.13667014813085043,0.005,0.2490718518738584,0,,"77, 257",Pir,Pirform_Cortex,Insula_FrontalOperc,12.0,110.0,"2287, 1856",idx_L,77,77.0
5,78.0,1.1604335308074951,0,0.001,,0.12293617077343671,0.005,0.23631859294978896,0,,"78, 258",PoI1,Area_Posterior_Insular_1,Insula_FrontalOperc,12.0,167.0,"1811, 1835",idx_L,78,78.0
5,79.0,-0.3990209698677063,0,0.001,,0.3449388765028448,0.005,0.43090442672078344,0,,"79, 259",PoI2,Posterior_Insular_Area_2,Insula_FrontalOperc,12.0,106.0,"2747, 2675",idx_L,79,79.0
5,80.0,-0.6334981322288513,0,0.001,,0.26320420008733947,0.005,0.37304532295843384,0,,"80, 260",H,Hippocampus,Medial_Temporal,13.0,120.0,"4283, 3626",idx_L,80,80.0
5,81.0,0.699078381061554,0,0.001,,0.24225152416882118,0.005,0.35475114497446397,0,,"81, 261",PreS,PreSubiculum,Medial_Temporal,13.0,119.0,"1817, 1558",idx_L,81,81.0
5,82.0,-1.1022214889526367,0,0.001,,0.13518269596461957,0.005,0.2490718518738584,0,,"82, 262",EC,Entorhinal_Cortex,Medial_Temporal,13.0,118.0,"2127, 2110",idx_L,82,82.0
5,83.0,0.2978290617465973,0,0.001,,0.38291681623743706,0.005,0.4459512612696673,0,,"83, 263",PeEc,Perirhinal_Ectorhinal_Cortex,Medial_Temporal,13.0,122.0,"4826, 4755",idx_L,83,83.0
5,84.0,-0.6857354044914246,0,0.001,,0.24643998825140428,0.005,0.3577354668165546,0,,"84, 264",TF,Area_TF,Medial_Temporal,13.0,135.0,"3986, 4752",idx_L,84,84.0
5,85.0,0.05339611694216728,0,0.001,,0.47870814951618995,0.005,0.4846349491009918,0,,"85, 265",PHA1,ParaHippocampal_Area_1,Medial_Temporal,13.0,126.0,"1281, 1168",idx_L,85,85.0
5,86.0,0.3800428807735443,0,0.001,,0.3519567923400585,0.005,0.43541046475058787,0,,"86, 266",PHA2,ParaHippocampal_Area_2,Medial_Temporal,13.0,155.0,"783, 771",idx_L,86,86.0
5,87.0,-0.07538345456123352,0,0.001,,0.4699548115484851,0.005,0.48200493492152313,0,,"87, 267",PHA3,ParaHippocampal_Area_3,Medial_Temporal,13.0,127.0,"2023, 1122",idx_L,87,87.0
5,88.0,0.33440399169921875,0,0.001,,0.36903736384013924,0.005,0.44566907844124387,0,,"88, 268",PHT,Area_PHT,Lateral_Temporal,14.0,137.0,"4182, 3410",idx_L,88,88.0
5,89.0,-2.3164377212524414,0,0.001,,0.010267190586468395,0.005,0.045875795023966354,0,,"89, 269",TE1a,Area_TE1_anterior,Lateral_Temporal,14.0,132.0,"5227, 4180",idx_L,89,89.0
5,90.0,1.0955169200897217,0,0.001,,0.13664511846125982,0.005,0.2490718518738584,0,,"90, 270",TE1m,Area_TE1_Middle,Lateral_Temporal,14.0,177.0,"3339, 3429",idx_L,90,90.0
5,91.0,3.134474754333496,1,0.001,+,0.0008608103360696805,0.005,0.012912155041045207,0,,"91, 271",TE1p,Area_TE1_posterior,Lateral_Temporal,14.0,133.0,"7116, 6010",idx_L,91,91.0
5,92.0,-0.273701012134552,0,0.001,,0.3921571999388174,0.005,0.44782174363636457,0,,"92, 272",TE2a,Area_TE2_anterior,Lateral_Temporal,14.0,134.0,"5691, 5753",idx_L,92,92.0
5,93.0,1.0939451456069946,0,0.001,,0.13698951853062213,0.005,0.2490718518738584,0,,"93, 273",TE2p,Area_TE2_posterior,Lateral_Temporal,14.0,136.0,"4115, 3040",idx_L,93,93.0
5,94.0,-0.48383885622024536,0,0.001,,0.3142501182935431,0.005,0.42180497774130066,0,,"94, 274",TGd,Area_TG_dorsal,Lateral_Temporal,14.0,131.0,"10,192, 10,269",idx_L,94,94.0
5,95.0,0.7210937142372131,0,0.001,,0.23542592907683169,0.005,0.35231054474448253,0,,"95, 275",TGv,Area_TG_Ventral,Lateral_Temporal,14.0,172.0,"3694, 4515",idx_L,95,95.0
5,96.0,-0.1424790322780609,0,0.001,,0.4433508201083779,0.005,0.4740404128825582,0,,"96, 276",PSL,PeriSylvian_Language_Area,TPO,15.0,25.0,"2154, 2759",idx_L,96,96.0
5,97.0,-2.192939043045044,0,0.001,,0.014155885620907194,0.005,0.05600130575303945,0,,"97, 277",STV,Superior_Temporal_Visual_Area,TPO,15.0,28.0,"2322, 2294",idx_L,97,97.0
5,98.0,-1.0689839124679565,0,0.001,,0.14253845926815983,0.005,0.2540289373095918,0,,"98, 278",TPOJ1,Area_TemporoParietoOccipital_Junction_1,TPO,15.0,139.0,"2102, 3938",idx_L,98,98.0
5,99.0,-3.2710182666778564,1,0.001,-,0.000535804942093922,0.005,0.009644488957690597,0,,"99, 279",TPOJ2,Area_TemporoParietoOccipital_Junction_2,TPO,15.0,140.0,"1930, 2068",idx_L,99,99.0
5,100.0,-2.1550750732421875,0,0.001,,0.015577979981192442,0.005,0.05939472865834435,0,,"100, 280",TPOJ3,Area_TemporoParietoOccipital_Junction_3,TPO,15.0,141.0,"1290, 1277",idx_L,100,100.0
5,101.0,1.6218055486679077,0,0.001,,0.05242249500422175,0.005,0.13290210001070302,0,,"101, 281",7AL,Lateral_Area_7A,Superior_Parietal,16.0,42.0,"2134, 2030",idx_L,101,101.0
5,102.0,-0.0015167946694418788,0,0.001,,0.4993948867076994,0.005,0.4993948867076994,0,,"102, 282",7Am,Medial_Area_7A,Superior_Parietal,16.0,45.0,"2995, 2379",idx_L,102,102.0
5,103.0,2.1479640007019043,0,0.001,,0.01585830769213845,0.005,0.059468653845519186,0,,"103, 283",7PC,Area_7PC,Superior_Parietal,16.0,47.0,"3151, 3415",idx_L,103,103.0
5,104.0,0.9874418377876282,0,0.001,,0.16171304132938047,0.005,0.2707753250166371,0,,"104, 284",7Pl,Lateral_Area_7P,Superior_Parietal,16.0,46.0,"1695, 1363",idx_L,104,104.0
5,105.0,-2.612882137298584,0,0.001,,0.004489112937572499,0.005,0.03299477723100356,0,,"105, 285",7Pm,Medial_Area_7P,Superior_Parietal,16.0,29.0,"1601, 1308",idx_L,105,105.0
5,106.0,1.8608194589614868,0,0.001,,0.03138483829331557,0.005,0.09494572929070257,0,,"106, 286",AIP,Anterior_IntraParietal_Area,Superior_Parietal,16.0,117.0,"1999, 2542",idx_L,106,106.0
5,107.0,2.582038402557373,0,0.001,,0.0049109327491257265,0.005,0.03335491698359119,0,,"107, 287",LIPd,Area_Lateral_IntraParietal_dorsal,Superior_Parietal,16.0,95.0,"1008, 869",idx_L,107,107.0
5,108.0,3.699734687805176,1,0.001,+,0.00010791248819603253,0.005,0.0032373746458809758,1,+,"108, 288",LIPv,Area_Lateral_IntraParietal_ventral,Superior_Parietal,16.0,48.0,"1681, 1783",idx_L,108,108.0
5,109.0,2.152637004852295,0,0.001,,0.015673608951507538,0.005,0.05939472865834435,0,,"109, 289",MIP,Medial_IntraParietal_Area,Superior_Parietal,16.0,50.0,"1872, 2403",idx_L,109,109.0
5,110.0,4.1205549240112305,1,0.001,+,1.889804742812875e-05,0.005,0.00075592189712515,1,+,"110, 290",VIP,Ventral_IntraParietal_Complex,Superior_Parietal,16.0,49.0,"1890, 1577",idx_L,110,110.0
5,111.0,3.106281042098999,1,0.001,+,0.0009472827932484321,0.005,0.013116223291132137,0,,"111, 291",IP0,Area_IntraParietal_0,Inferior_Parietal,17.0,146.0,"1203, 1239",idx_L,111,111.0
5,112.0,1.572178840637207,0,0.001,,0.0579545405892315,0.005,0.14262471011498515,0,,"112, 292",IP1,Area_IntraParietal_1,Inferior_Parietal,17.0,145.0,"1692, 1632",idx_L,112,112.0
5,113.0,1.2296351194381714,0,0.001,,0.10941688632183705,0.005,0.2188337726436741,0,,"113, 293",IP2,Area_IntraParietal_2,Inferior_Parietal,17.0,144.0,"2102, 1861",idx_L,113,113.0
5,114.0,1.577383279800415,0,0.001,,0.05735368016470345,0.005,0.14239534385719477,0,,"114, 294",PF,Area_PF_Complex,Inferior_Parietal,17.0,148.0,"5457, 5251",idx_L,114,114.0
5,115.0,1.1825989484786987,0,0.001,,0.11848406472882267,0.005,0.23308340602391345,0,,"115, 295",PFm,Area_PFm_Complex,Inferior_Parietal,17.0,149.0,"8220, 8141",idx_L,115,115.0
5,116.0,0.47179681062698364,0,0.001,,0.31853591381919344,0.005,0.42180497774130066,0,,"116, 296",PFop,Area_PF_Opercular,Inferior_Parietal,17.0,147.0,"1797, 1783",idx_L,116,116.0
5,117.0,-0.3183629810810089,0,0.001,,0.37510480768804694,0.005,0.44566907844124387,0,,"117, 297",PFt,Area_PFt,Inferior_Parietal,17.0,116.0,"1983, 2039",idx_L,117,117.0
5,118.0,-3.599254846572876,1,0.001,-,0.00015956516305214573,0.005,0.0038295639132514972,1,-,"118, 298",PGi,Area_PGi,Inferior_Parietal,17.0,150.0,"4791, 4970",idx_L,118,118.0
5,119.0,1.239791989326477,0,0.001,,0.10752617096431627,0.005,0.21746866037726886,0,,"119, 299",PGp,Area_PGp,Inferior_Parietal,17.0,143.0,"2501, 3740",idx_L,119,119.0
5,120.0,-0.6985607743263245,0,0.001,,0.24241328239921706,0.005,0.35475114497446397,0,,"120, 300",PGs,Area_PGs,Inferior_Parietal,17.0,151.0,"4552, 3366",idx_L,120,120.0
5,121.0,-0.5486727356910706,0,0.001,,0.29161502997240085,0.005,0.4037746568848627,0,,"121, 301",23d,Area_23d,Posterior_Cingulate,18.0,32.0,"1261, 1513",idx_L,121,121.0
5,122.0,-1.2093905210494995,0,0.001,,0.11325642429097144,0.005,0.2252613963798327,0,,"122, 302",31a,Area_31a,Posterior_Cingulate,18.0,162.0,"1260, 1116",idx_L,122,122.0
5,123.0,-4.30010986328125,1,0.001,-,8.53567286768785e-06,0.005,0.0004891688450285841,1,-,"123, 303",31pd,Area_31pd,Posterior_Cingulate,18.0,161.0,"1428, 864",idx_L,123,123.0
5,124.0,-4.276946067810059,1,0.001,-,9.473734135403499e-06,0.005,0.0004891688450285841,1,-,"124, 304",31pv,Area_31p_ventral,Posterior_Cingulate,18.0,35.0,"950, 1022",idx_L,124,124.0
5,125.0,-4.325257301330566,1,0.001,-,7.617696280659395e-06,0.005,0.0004891688450285841,1,-,"125, 305",7 m,Area_7m,Posterior_Cingulate,18.0,30.0,"2128, 2067",idx_L,125,125.0
5,126.0,-3.09232497215271,1,0.001,-,0.0009929765444643124,0.005,0.013239687259524166,0,,"126, 306",d23ab,Area_dorsal_23_a + b,Posterior_Cingulate,18.0,34.0,"1607, 1106",idx_L,126,126.0
5,127.0,-0.11543083190917969,0,0.001,,0.45405182098058466,0.005,0.4756980119843832,0,,"127, 307",DVT,Dorsal_Transitional_Visual_Area,Posterior_Cingulate,18.0,142.0,"1806, 2176",idx_L,127,127.0
5,128.0,-2.630382776260376,0,0.001,,0.004264438881237532,0.005,0.03299477723100356,0,,"128, 308",PCV,PreCuneus_Visual_Area,Posterior_Cingulate,18.0,27.0,"2245, 2416",idx_L,128,128.0
5,129.0,-2.668933868408203,0,0.001,,0.0038046215366872864,0.005,0.03043697229349829,0,,"129, 309",POS1,Parieto-Occipital_Sulcus_Area_1,Posterior_Cingulate,18.0,31.0,"2531, 2727",idx_L,129,129.0
5,130.0,-2.0409176349639893,0,0.001,,0.020629507317128117,0.005,0.07461672531892603,0,,"130, 310",POS2,Parieto-Occipital_Sulcus_Area_2,Posterior_Cingulate,18.0,15.0,"3261, 3093",idx_L,130,130.0
5,131.0,-0.4181741774082184,0,0.001,,0.3379098870889679,0.005,0.43090442672078344,0,,"131, 311",ProS,ProStriate_Area,Posterior_Cingulate,18.0,121.0,"1222, 1055",idx_L,131,131.0
5,132.0,-3.0388681888580322,0,0.001,,0.0011873436472862491,0.005,0.014248123767434989,0,,"132, 312",RSC,RetroSplenial_Complex,Posterior_Cingulate,18.0,14.0,"2830, 3067",idx_L,132,132.0
5,133.0,-1.67707097530365,0,0.001,,0.04676430184174376,0.005,0.12378785781638053,0,,"133, 313",v23ab,Area_ventral_23_a + b,Posterior_Cingulate,18.0,33.0,"916, 1089",idx_L,133,133.0
5,134.0,-0.7161536812782288,0,0.001,,0.23694823001995885,0.005,0.3524849702776247,0,,"134, 314",10r,Area_10r,AntCing_MedPFC,19.0,65.0,"1589, 1053",idx_L,134,134.0
5,135.0,-1.127935528755188,0,0.001,,0.1296735739305877,0.005,0.24187816898969727,0,,"135, 315",10v,Area_10v,AntCing_MedPFC,19.0,88.0,"3906, 2667",idx_L,135,135.0
5,136.0,-0.04967696592211723,0,0.001,,0.48018990616122287,0.005,0.4846349491009918,0,,"136, 316",25,Area_25,AntCing_MedPFC,19.0,164.0,"1911, 2135",idx_L,136,136.0
5,137.0,1.5342450141906738,0,0.001,,0.06248469366966703,0.005,0.15096972967167874,0,,"137, 317",33pr,Area_33_prime,AntCing_MedPFC,19.0,58.0,"1354, 1316",idx_L,137,137.0
5,138.0,3.1674444675445557,1,0.001,+,0.0007689253904751394,0.005,0.012035353937871746,0,,"138, 318",8BM,Area_8BM,AntCing_MedPFC,19.0,63.0,"3122, 3436",idx_L,138,138.0
5,139.0,1.3134452104568481,0,0.001,,0.09451648581117944,0.005,0.20015255818838,0,,"139, 319",9 m,Area_9_Middle,AntCing_MedPFC,19.0,69.0,"6338, 5881",idx_L,139,139.0
5,140.0,0.3685804605484009,0,0.001,,0.35622023096608846,0.005,0.4370727965334553,0,,"140, 320",a24,Area_a24,AntCing_MedPFC,19.0,61.0,"2085, 2152",idx_L,140,140.0
5,141.0,0.7297437191009521,0,0.001,,0.2327734260947688,0.005,0.35231054474448253,0,,"141, 321",a24pr,Anterior_24_prime,AntCing_MedPFC,19.0,59.0,"1095, 1474",idx_L,141,141.0
5,142.0,2.603083372116089,0,0.001,,0.004619474169900171,0.005,0.03299477723100356,0,,"142, 322",a32pr,Area_anterior_32_prime,AntCing_MedPFC,19.0,179.0,"1759, 1118",idx_L,142,142.0
5,143.0,2.5244603157043457,0,0.001,,0.005793804354841776,0.005,0.03335491698359119,0,,"143, 323",d32,Area_dorsal_32,AntCing_MedPFC,19.0,62.0,"2228, 2374",idx_L,143,143.0
5,144.0,1.3928450345993042,0,0.001,,0.08183332837518675,0.005,0.1841249888441702,0,,"144, 324",p24,Area_posterior_24,AntCing_MedPFC,19.0,180.0,"2394, 2442",idx_L,144,144.0
5,145.0,0.7872963547706604,0,0.001,,0.21555420153777338,0.005,0.3403487392701685,0,,"145, 325",p24pr,Area_Posterior_24_prime,AntCing_MedPFC,19.0,57.0,"1422, 1724",idx_L,145,145.0
5,146.0,0.7331516742706299,0,0.001,,0.23173296307048846,0.005,0.35231054474448253,0,,"146, 326",p32,Area_p32,AntCing_MedPFC,19.0,64.0,"1180, 1765",idx_L,146,146.0
5,147.0,2.49375581741333,0,0.001,,0.006319973259039768,0.005,0.0355498495820987,0,,"147, 327",p32pr,Area_p32_prime,AntCing_MedPFC,19.0,60.0,"1569, 1305",idx_L,147,147.0
5,148.0,-0.3633897602558136,0,0.001,,0.358156874937137,0.005,0.4370727965334553,0,,"148, 328",pOFC,Posterior_OFC_Complex,AntCing_MedPFC,19.0,166.0,"2486, 2836",idx_L,148,148.0
5,149.0,-0.2719224989414215,0,0.001,,0.3928408055963624,0.005,0.44782174363636457,0,,"149, 329",s32,Area_s32,AntCing_MedPFC,19.0,165.0,"604, 1015",idx_L,149,149.0
5,150.0,0.8000756502151489,0,0.001,,0.21183348401826768,0.005,0.337433868347683,0,,"150, 330",10d,Area_10d,OrbPolaFrontal,20.0,72.0,"3644, 3096",idx_L,150,150.0
5,151.0,2.084198474884033,0,0.001,,0.018571058716080616,0.005,0.06822021569172472,0,,"151, 331",10 pp,Polar_10p,OrbPolaFrontal,20.0,90.0,"1997, 2487",idx_L,151,151.0
5,152.0,1.2985038757324219,0,0.001,,0.09705712269390138,0.005,0.20433078461873974,0,,"152, 332",11 l,Area_11l,OrbPolaFrontal,20.0,91.0,"3531, 3793",idx_L,152,152.0
5,153.0,-0.26068201661109924,0,0.001,,0.3971688676747499,0.005,0.44782174363636457,0,,"153, 333",13 l,Area_13l,OrbPolaFrontal,20.0,92.0,"2429, 1757",idx_L,153,153.0
5,154.0,-1.0257576704025269,0,0.001,,0.1525029115889438,0.005,0.2652224549372936,0,,"154, 334",47 m,Area_47m,OrbPolaFrontal,20.0,66.0,"799, 781",idx_L,154,154.0
5,155.0,0.5578007102012634,0,0.001,,0.2884902388442243,0.005,0.40099029337421144,0,,"155, 335",47 s,Area_47s,OrbPolaFrontal,20.0,94.0,"2795, 3080",idx_L,155,155.0
5,156.0,1.002989649772644,0,0.001,,0.15793292757616706,0.005,0.2682029342838108,0,,"156, 336",a10p,Area_anterior_10p,OrbPolaFrontal,20.0,89.0,"1964, 1748",idx_L,156,156.0
5,157.0,-0.6917343735694885,0,0.001,,0.244552078172182,0.005,0.356432178712492,0,,"157, 337",OFC,Orbital_Frontal_Complex,OrbPolaFrontal,20.0,93.0,"4560, 5232",idx_L,157,157.0
5,158.0,0.7197082042694092,0,0.001,,0.2358523368983897,0.005,0.35231054474448253,0,,"158, 338",p10p,Area_posterior_10p,OrbPolaFrontal,20.0,170.0,"2116, 2365",idx_L,158,158.0
5,159.0,1.8789544105529785,0,0.001,,0.03012535921624711,0.005,0.09269341297306805,0,,"159, 339",44,Area_44,Inferior_Frontal,21.0,74.0,"2435, 2589",idx_L,159,159.0
5,160.0,3.073653221130371,0,0.001,,0.001057275355572052,0.005,0.013593540285926383,0,,"160, 340",45,Area_45,Inferior_Frontal,21.0,75.0,"3762, 2962",idx_L,160,160.0
5,161.0,1.3756300210952759,0,0.001,,0.08446810364915075,0.005,0.1888727783459271,0,,"161, 341",47 l,Area_47l_(47_lateral),Inferior_Frontal,21.0,76.0,"2527, 2592",idx_L,161,161.0
5,162.0,1.8094184398651123,0,0.001,,0.0351930102697047,0.005,0.09975971415034403,0,,"162, 342",a47r,Area_anterior_47r,Inferior_Frontal,21.0,77.0,"4167, 3763",idx_L,162,162.0
5,163.0,0.8236933946609497,0,0.001,,0.20505689677444977,0.005,0.33252469747208074,0,,"163, 343",IFJa,Area_IFJa,Inferior_Frontal,21.0,79.0,"1513, 1405",idx_L,163,163.0
5,164.0,-0.114158995449543,0,0.001,,0.4545558781184106,0.005,0.4756980119843832,0,,"164, 344",IFJp,Area_IFJp,Inferior_Frontal,21.0,80.0,"960, 740",idx_L,164,164.0
5,165.0,1.7473052740097046,0,0.001,,0.04029219937113567,0.005,0.1121289929307244,0,,"165, 345",IFSa,Area_IFSa,Inferior_Frontal,21.0,82.0,"2057, 2641",idx_L,165,165.0
5,166.0,0.07706078141927719,0,0.001,,0.46928759604070325,0.005,0.48200493492152313,0,,"166, 346",IFSp,Area_IFSp,Inferior_Frontal,21.0,81.0,"1589, 1730",idx_L,166,166.0
5,167.0,1.8430835008621216,0,0.001,,0.03265840994809396,0.005,0.09636907853535923,0,,"167, 347",p47r,Area_posterior_47r,Inferior_Frontal,21.0,171.0,"2133, 1761",idx_L,167,167.0
5,168.0,1.6996946334838867,0,0.001,,0.044594189652950644,0.005,0.12043576995610371,0,,"168, 348",46,Area_46,Dorsolateral_Prefrontal,22.0,84.0,"4863, 4394",idx_L,168,168.0
5,169.0,-1.3951354026794434,0,0.001,,0.0814875060523178,0.005,0.1841249888441702,0,,"169, 349",8Ad,Area_8Ad,Dorsolateral_Prefrontal,22.0,68.0,"3386, 3492",idx_L,169,169.0
5,170.0,0.29361259937286377,0,0.001,,0.38452697351540643,0.005,0.4459512612696673,0,,"170, 350",8Av,Area_8Av,Dorsolateral_Prefrontal,22.0,67.0,"4807, 5902",idx_L,170,170.0
5,171.0,0.7401606440544128,0,0.001,,0.22960126237716255,0.005,0.35231054474448253,0,,"171, 351",8BL,Area_8B_Lateral,Dorsolateral_Prefrontal,22.0,70.0,"3377, 4078",idx_L,171,171.0
5,172.0,1.8819609880447388,0,0.001,,0.02992065634739529,0.005,0.09269341297306805,0,,"172, 352",8C,Area_8C,Dorsolateral_Prefrontal,22.0,73.0,"4085, 3134",idx_L,172,172.0
5,173.0,2.710388660430908,0,0.001,,0.0033602203666236374,0.005,0.028801888856774035,0,,"173, 353",9-46d,Area_9-46d,Dorsolateral_Prefrontal,22.0,86.0,"4534, 4666",idx_L,173,173.0
5,174.0,2.186561107635498,0,0.001,,0.014387289579839204,0.005,0.056298089660240365,0,,"174, 354",9a,Area_9_anterior,Dorsolateral_Prefrontal,22.0,87.0,"3706, 3048",idx_L,174,174.0
5,175.0,1.0291489362716675,0,0.001,,0.15170484671357715,0.005,0.26511526610139696,0,,"175, 355",9p,Area_9_Posterior,Dorsolateral_Prefrontal,22.0,71.0,"3426, 2488",idx_L,175,175.0
5,176.0,2.1628434658050537,0,0.001,,0.01527661061174549,0.005,0.05913526688417609,0,,"176, 356",a9-46v,Area_anterior_9-46v,Dorsolateral_Prefrontal,22.0,85.0,"3314, 2628",idx_L,176,176.0
5,177.0,0.5253782272338867,0,0.001,,0.29966014306686906,0.005,0.41018118442613255,0,,"177, 357",i6-8,Inferior_6-8_Transitional_Area,Dorsolateral_Prefrontal,22.0,97.0,"1764, 2418",idx_L,177,177.0
5,178.0,2.383878469467163,0,0.001,,0.008565629394876081,0.005,0.04224146002952588,0,,"178, 358",p9-46v,Area_posterior_9-46v,Dorsolateral_Prefrontal,22.0,83.0,"2871, 4635",idx_L,178,178.0
5,179.0,0.12416525185108185,0,0.001,,0.4505922171474012,0.005,0.47430759699726444,0,,"179, 359",s6-8,Superior_6-8_Transitional_Area,Dorsolateral_Prefrontal,22.0,98.0,"1336, 2132",idx_L,179,179.0
5,180.0,1.7414485216140747,0,0.001,,0.040802494649791375,0.005,0.1121289929307244,0,,"180, 360",SFL,Superior_Frontal_Language_Area,Dorsolateral_Prefrontal,22.0,26.0,"3873, 3055",idx_L,180,180.0
5,181.0,1.9490220546722412,0,0.001,,0.025646395482170396,0.005,0.082434842621262,0,,"1, 181",V1,Primary_Visual_Cortex,Primary_Visual,1.0,1.0,"13,812, 13,406",idx_R,181,181.0
5,182.0,2.527550458908081,0,0.001,,0.00574306586899288,0.005,0.03335491698359119,0,,"2, 182",V2,Second_Visual_Area,Early_Visual,2.0,4.0,"9515, 9420",idx_R,182,182.0
5,183.0,2.366851568222046,0,0.001,,0.008970063110724909,0.005,0.04363814486298604,0,,"3, 183",V3,Third_Visual_Area,Early_Visual,2.0,5.0,"7106, 7481",idx_R,183,183.0
5,184.0,2.2978806495666504,0,0.001,,0.010784291454606233,0.005,0.046775240044075225,0,,"4, 184",V4,Fourth_Visual_Area,Early_Visual,2.0,6.0,"4782, 4537",idx_R,184,184.0
5,185.0,2.691502332687378,0,0.001,,0.0035565500441283285,0.005,0.029099045815595415,0,,"5, 185",IPS1,IntraParietal_Sulcus_Area_1,Dorsal_Stream_Visual,3.0,17.0,"1751, 1750",idx_R,185,185.0
5,186.0,2.194812297821045,0,0.001,,0.014088532481541427,0.005,0.05600130575303945,0,,"6, 186",V3A,Area_V3A,Dorsal_Stream_Visual,3.0,13.0,"2191, 2212",idx_R,186,186.0
5,187.0,3.1810226440429688,1,0.001,+,0.0007337807909734595,0.005,0.012007322034111156,0,,"7, 187",V3B,Area_V3B,Dorsal_Stream_Visual,3.0,19.0,"639, 731",idx_R,187,187.0
5,188.0,1.8549883365631104,0,0.001,,0.031798946072318174,0.005,0.09539683821695452,0,,"8, 188",V6,Sixth_Visual_Area,Dorsal_Stream_Visual,3.0,3.0,"1402, 1559",idx_R,188,188.0
5,189.0,2.331723928451538,0,0.001,,0.009857609585414264,0.005,0.045875795023966354,0,,"9, 189",V6A,Area_V6A,Dorsal_Stream_Visual,3.0,152.0,"904, 734",idx_R,189,189.0
5,190.0,2.8770413398742676,0,0.001,,0.0020071150117705315,0.005,0.019637844964517138,0,,"10, 190",V7,Seventh_Visual_Area,Dorsal_Stream_Visual,3.0,16.0,"1005, 1041",idx_R,190,190.0
5,191.0,2.534917116165161,0,0.001,,0.0056236967215387585,0.005,0.03335491698359119,0,,"11, 191",FFC,Fusiform_Face_Complex,Ventral_Stream_Visual,4.0,18.0,"3848, 4402",idx_R,191,191.0
5,192.0,1.342674970626831,0,0.001,,0.08968862136885558,0.005,0.1956842648047758,0,,"12, 192",PIT,Posterior_InferoTemporal_complex,Ventral_Stream_Visual,4.0,22.0,"1392, 1386",idx_R,192,192.0
5,193.0,1.8232139348983765,0,0.001,,0.03413549767374523,0.005,0.09831023330038625,0,,"13, 193",V8,Eighth_Visual_Area,Ventral_Stream_Visual,4.0,7.0,"1361, 1175",idx_R,193,193.0
5,194.0,1.657235026359558,0,0.001,,0.048735983808378285,0.005,0.12622269187781426,0,,"14, 194",VMV1,VentroMedial_Visual_Area_1,Ventral_Stream_Visual,4.0,153.0,"939, 1219",idx_R,194,194.0
5,195.0,1.010915994644165,0,0.001,,0.15602831900029096,0.005,0.2682029342838108,0,,"15, 195",VMV2,VentroMedial_Visual_Area_2,Ventral_Stream_Visual,4.0,160.0,"639, 923",idx_R,195,195.0
5,196.0,1.9894771575927734,0,0.001,,0.02332428032131569,0.005,0.07938680122937143,0,,"16, 196",VMV3,VentroMedial_Visual_Area_3,Ventral_Stream_Visual,4.0,154.0,"941, 1242",idx_R,196,196.0
5,197.0,1.6784831285476685,0,0.001,,0.04662641068681582,0.005,0.12378785781638053,0,,"17, 197",VVC,Ventral_Visual_Complex,Ventral_Stream_Visual,4.0,163.0,"2487, 2753",idx_R,197,197.0
5,198.0,0.483283668756485,0,0.001,,0.31444716711819853,0.005,0.42180497774130066,0,,"18, 198",FST,Area_FST,MT + _Complex,5.0,157.0,"1324, 1683",idx_R,198,198.0
5,199.0,2.603466272354126,0,0.001,,0.0046143173706730805,0.005,0.03299477723100356,0,,"19, 199",LO1,Area_Lateral_Occipital_1,MT + _Complex,5.0,20.0,"619, 909",idx_R,199,199.0
5,200.0,2.38924503326416,0,0.001,,0.008441518969206484,0.005,0.042207594846032426,0,,"20, 200",LO2,Area_Lateral_Occipital_2,MT + _Complex,5.0,21.0,"1179, 1062",idx_R,200,200.0
5,201.0,2.3144307136535645,0,0.001,,0.010322053880392429,0.005,0.045875795023966354,0,,"21, 201",LO3,Area_Lateral_Occipital_3,MT + _Complex,5.0,159.0,"438, 915",idx_R,201,201.0
5,202.0,-0.370870441198349,0,0.001,,0.35536701604881193,0.005,0.4370727965334553,0,,"22, 202",MST,Medial_Superior_Temporal_Area,MT + _Complex,5.0,2.0,"794, 1036",idx_R,202,202.0
5,203.0,0.8849148154258728,0,0.001,,0.1881012883914186,0.005,0.306409338556157,0,,"23, 203",MT,Middle_Temporal_Area,MT + _Complex,5.0,23.0,"620, 1005",idx_R,203,203.0
5,204.0,2.5218417644500732,0,0.001,,0.005837110472128459,0.005,0.03335491698359119,0,,"24, 204",PH,Area_PH,MT + _Complex,5.0,138.0,"3453, 3205",idx_R,204,204.0
5,205.0,3.6401262283325195,1,0.001,+,0.0001362522086635388,0.005,0.003503628222776712,1,+,"25, 205",V3CD,Area_V3CD,MT + _Complex,5.0,158.0,"876, 1222",idx_R,205,205.0
5,206.0,0.8170982599258423,0,0.001,,0.20693613864164834,0.005,0.33406730901790765,0,,"26, 206",V4t,Area_V4t,MT + _Complex,5.0,156.0,"1037, 1249",idx_R,206,206.0
5,207.0,-1.280448079109192,0,0.001,,0.10019379698851577,0.005,0.2061129538049467,0,,"27, 207",1,Area_1,SomaSens_Motor,6.0,51.0,"6590, 5925",idx_R,207,207.0
5,208.0,0.30441978573799133,0,0.001,,0.3804040479058466,0.005,0.4459512612696673,0,,"28, 208",2,Area_2,SomaSens_Motor,6.0,52.0,"4278, 4727",idx_R,208,208.0
5,209.0,-1.3603402376174927,0,0.001,,0.08686114037562381,0.005,0.19184055543082562,0,,"29, 209",3a,Area_3a,SomaSens_Motor,6.0,53.0,"2247, 2286",idx_R,209,209.0
5,210.0,-0.4385983645915985,0,0.001,,0.3304762911179009,0.005,0.4285023589186767,0,,"30, 210",3b,Primary_Sensory_Cortex,SomaSens_Motor,6.0,9.0,"5451, 4350",idx_R,210,210.0
5,211.0,-0.9060910940170288,0,0.001,,0.18244381941124155,0.005,0.2985444317638498,0,,"31, 211",4,Primary_Motor_Cortex,SomaSens_Motor,6.0,8.0,"10,776, 10,254",idx_R,211,211.0
5,212.0,-1.2878884077072144,0,0.001,,0.09889240566689961,0.005,0.2061129538049467,0,,"32, 212",23c,Area_23c,ParaCentral_MidCing,7.0,38.0,"2259, 2498",idx_R,212,212.0
5,213.0,-0.5923027396202087,0,0.001,,0.27682394084580386,0.005,0.3908102694293702,0,,"33, 213",24dd,Dorsal_Area_24d,ParaCentral_MidCing,7.0,40.0,"2665, 2820",idx_R,213,213.0
5,214.0,-0.3987768292427063,0,0.001,,0.34502882575891847,0.005,0.43090442672078344,0,,"34, 214",24dv,Ventral_Area_24d,ParaCentral_MidCing,7.0,41.0,"1076, 1349",idx_R,214,214.0
5,215.0,-0.427978515625,0,0.001,,0.33433338109709015,0.005,0.43090442672078344,0,,"35, 215",5L,Area_5L,ParaCentral_MidCing,7.0,39.0,"2249, 2327",idx_R,215,215.0
5,216.0,-0.09545693546533585,0,0.001,,0.4619759472636665,0.005,0.4806686156500576,0,,"36, 216",5 m,Area_5m,ParaCentral_MidCing,7.0,36.0,"1483, 2079",idx_R,216,216.0
5,217.0,-0.2454873025417328,0,0.001,,0.4030395692727281,0.005,0.44782174363636457,0,,"37, 217",5mv,Area_5m_ventral,ParaCentral_MidCing,7.0,37.0,"1651, 1996",idx_R,217,217.0
5,218.0,0.2571944296360016,0,0.001,,0.39851434195848645,0.005,0.44782174363636457,0,,"38, 218",6ma,Area_6m_anterior,ParaCentral_MidCing,7.0,44.0,"3941, 4251",idx_R,218,218.0
5,219.0,0.40838009119033813,0,0.001,,0.3414973237092864,0.005,0.43090442672078344,0,,"39, 219",6mp,Area_6mp,ParaCentral_MidCing,7.0,55.0,"3701, 3105",idx_R,219,219.0
5,220.0,1.988558053970337,0,0.001,,0.02337500258420381,0.005,0.07938680122937143,0,,"40, 220",SCEF,Supplementary_and_Cingulate_Eye_Field,ParaCentral_MidCing,7.0,43.0,"3500, 3371",idx_R,220,220.0
5,221.0,0.4108184278011322,0,0.001,,0.34060283985494166,0.005,0.43090442672078344,0,,"41, 221",55b,Area_55b,Premotor,8.0,12.0,"2422, 1537",idx_R,221,221.0
5,222.0,0.9692595601081848,0,0.001,,0.16620785042866215,0.005,0.27575223613414523,0,,"42, 222",6a,Area_6_anterior,Premotor,8.0,96.0,"4233, 3752",idx_R,222,222.0
5,223.0,-1.5697346925735474,0,0.001,,0.05823842329695227,0.005,0.14262471011498515,0,,"43, 223",6d,Dorsal_area_6,Premotor,8.0,54.0,"2916, 2909",idx_R,223,223.0
5,224.0,1.4092445373535156,0,0.001,,0.0793814362427453,0.005,0.18202112769037138,0,,"44, 224",6r,Rostral_Area_6,Premotor,8.0,78.0,"3029, 3981",idx_R,224,224.0
5,225.0,1.6726871728897095,0,0.001,,0.047194447853674125,0.005,0.12401460749870573,0,,"45, 225",6v,Ventral_Area_6,Premotor,8.0,56.0,"2075, 2516",idx_R,225,225.0
5,226.0,0.6503329873085022,0,0.001,,0.25773857674893524,0.005,0.3690326272016014,0,,"46, 226",FEF,Frontal_Eye_Fields,Premotor,8.0,10.0,"1787, 1889",idx_R,226,226.0
5,227.0,1.008720874786377,0,0.001,,0.15655425880377605,0.005,0.2682029342838108,0,,"47, 227",PEF,Premotor_Eye_Field,Premotor,8.0,11.0,"1006, 1258",idx_R,227,227.0
5,228.0,-1.0364114046096802,0,0.001,,0.1500051260270529,0.005,0.26342363594994656,0,,"48, 228",43,Area_43,Posterior_Opercular,9.0,99.0,"1889, 1678",idx_R,228,228.0
5,229.0,1.6181212663650513,0,0.001,,0.05281823312783495,0.005,0.13296897850364042,0,,"49, 229",FOP1,Frontal_Opercular_Area_1,Posterior_Opercular,9.0,113.0,"879, 932",idx_R,229,229.0
5,230.0,-0.7682965993881226,0,0.001,,0.22115549725786615,0.005,0.3461564304905731,0,,"50, 230",OP1,Area_OP1-SII,Posterior_Opercular,9.0,101.0,"1275, 1072",idx_R,230,230.0
5,231.0,0.4802519679069519,0,0.001,,0.31552411914716794,0.005,0.42180497774130066,0,,"51, 231",OP2-3,Area_OP2-3-VS,Posterior_Opercular,9.0,102.0,"943, 792",idx_R,231,231.0
5,232.0,-1.141899585723877,0,0.001,,0.12674788043517698,0.005,0.2401538787192827,0,,"52, 232",OP4,Area_OP4-PV,Posterior_Opercular,9.0,100.0,"2332, 2409",idx_R,232,232.0
5,233.0,-0.4564502537250519,0,0.001,,0.3240331177333954,0.005,0.4257369430073808,0,,"53, 233",52,Area_52,Early_Auditory,10.0,103.0,"725, 580",idx_R,233,233.0
5,234.0,-1.186262845993042,0,0.001,,0.11775925717877794,0.005,0.23293039881516517,0,,"54, 234",A1,Primary_Auditory_Cortex,Early_Auditory,10.0,24.0,"1023, 796",idx_R,234,234.0
5,235.0,0.5003357529640198,0,0.001,,0.3084193416727483,0.005,0.42057182955374767,0,,"55, 235",LBelt,Lateral_Belt_Complex,Early_Auditory,10.0,174.0,"820, 901",idx_R,235,235.0
5,236.0,-0.7562835812568665,0,0.001,,0.22473959498727192,0.005,0.35024352465548875,0,,"56, 236",MBelt,Medial_Belt_Complex,Early_Auditory,10.0,173.0,"1242, 1236",idx_R,236,236.0
5,237.0,-0.3238636255264282,0,0.001,,0.373020641810303,0.005,0.44566907844124387,0,,"57, 237",PBelt,ParaBelt_Complex,Early_Auditory,10.0,124.0,"1719, 1439",idx_R,237,237.0
5,238.0,0.7919690608978271,0,0.001,,0.21418935828080093,0.005,0.3396835637933407,0,,"58, 238",PFcm,Area_PFcm,Early_Auditory,10.0,105.0,"1486, 1485",idx_R,238,238.0
5,239.0,0.13006845116615295,0,0.001,,0.4482561351825703,0.005,0.4740404128825582,0,,"59, 239",RI,RetroInsular_Cortex,Early_Auditory,10.0,104.0,"1149, 1334",idx_R,239,239.0
5,240.0,0.31911346316337585,0,0.001,,0.3748202374245002,0.005,0.44566907844124387,0,,"60, 240",A4,Auditory_4_Complex,Auditory_Association,11.0,175.0,"3514, 3610",idx_R,240,240.0
5,241.0,-0.21139760315418243,0,0.001,,0.4162885134452795,0.005,0.4597051068720878,0,,"61, 241",A5,Auditory_5_Complex,Auditory_Association,11.0,125.0,"3346, 3881",idx_R,241,241.0
5,242.0,-0.09625475108623505,0,0.001,,0.4616591237788933,0.005,0.4806686156500576,0,,"62, 242",STGa,Area_STGa,Auditory_Association,11.0,123.0,"2509, 2187",idx_R,242,242.0
5,243.0,-1.6662249565124512,0,0.001,,0.04783430851164828,0.005,0.12478515263908246,0,,"63, 243",STSda,Area_STSd_anterior,Auditory_Association,11.0,128.0,"1944, 2389",idx_R,243,243.0
5,244.0,-0.5770323276519775,0,0.001,,0.2819588086932179,0.005,0.39496175536793166,0,,"64, 244",STSdp,Area_STSd_posterior,Auditory_Association,11.0,129.0,"1994, 2605",idx_R,244,244.0
5,245.0,-1.250895380973816,0,0.001,,0.1054863246580291,0.005,0.21454845693158459,0,,"65, 245",STSva,Area_STSv_anterior,Auditory_Association,11.0,176.0,"1694, 1900",idx_R,245,245.0
5,246.0,0.2871829867362976,0,0.001,,0.3869861062570579,0.005,0.44652243029660527,0,,"66, 246",STSvp,Area_STSv_posterior,Auditory_Association,11.0,130.0,"2898, 2515",idx_R,246,246.0
5,247.0,0.26802146434783936,0,0.001,,0.39434139841408644,0.005,0.44782174363636457,0,,"67, 247",TA2,Area_TA2,Auditory_Association,11.0,107.0,"1518, 1726",idx_R,247,247.0
5,248.0,2.124908924102783,0,0.001,,0.016797106592329542,0.005,0.062339777043697274,0,,"68, 248",AAIC,Anterior_Agranular_Insula_Complex,Insula_FrontalOperc,12.0,112.0,"1859, 1691",idx_R,248,248.0
5,249.0,4.359750747680664,1,0.001,+,6.510533649266416e-06,0.005,0.0004891688450285841,1,+,"69, 249",AVI,Anterior_Ventral_Insular_Area,Insula_FrontalOperc,12.0,111.0,"1446, 1792",idx_R,249,249.0
5,250.0,-0.4374319911003113,0,0.001,,0.3308990438316448,0.005,0.4285023589186767,0,,"70, 250",FOP2,Frontal_Opercular_Area_2,Insula_FrontalOperc,12.0,115.0,"750, 720",idx_R,250,250.0
5,251.0,0.7243619561195374,0,0.001,,0.23442177478961101,0.005,0.35231054474448253,0,,"71, 251",FOP3,Frontal_Opercular_Area_3,Insula_FrontalOperc,12.0,114.0,"754, 614",idx_R,251,251.0
5,252.0,1.6275062561035156,0,0.001,,0.05181481049749685,0.005,0.13229313318509836,0,,"72, 252",FOP4,Frontal_Opercular_Area_4,Insula_FrontalOperc,12.0,108.0,"2522, 1678",idx_R,252,252.0
5,253.0,2.41021728515625,0,0.001,,0.007971511136559232,0.005,0.04177944989964444,0,,"73, 253",FOP5,Area_Frontal_Opercular_5,Insula_FrontalOperc,12.0,169.0,"1297, 1365",idx_R,253,253.0
5,254.0,-0.7291500568389893,0,0.001,,0.23295493880023876,0.005,0.35231054474448253,0,,"74, 254",Ig,Insular_Granular_Complex,Insula_FrontalOperc,12.0,168.0,"841, 1077",idx_R,254,254.0
5,255.0,2.9493179321289062,0,0.001,,0.0015923808084583636,0.005,0.01791428409515659,0,,"75, 255",MI,Middle_Insular_Area,Insula_FrontalOperc,12.0,109.0,"2102, 1960",idx_R,255,255.0
5,256.0,0.539111852645874,0,0.001,,0.29490483882128826,0.005,0.40676529492591484,0,,"76, 256",PI,Para-Insular_Area,Insula_FrontalOperc,12.0,178.0,"1033, 1058",idx_R,256,256.0
5,257.0,-0.43893706798553467,0,0.001,,0.33035356837493834,0.005,0.4285023589186767,0,,"77, 257",Pir,Pirform_Cortex,Insula_FrontalOperc,12.0,110.0,"2287, 1856",idx_R,257,257.0
5,258.0,0.9692215919494629,0,0.001,,0.1662173201141931,0.005,0.27575223613414523,0,,"78, 258",PoI1,Area_Posterior_Insular_1,Insula_FrontalOperc,12.0,167.0,"1811, 1835",idx_R,258,258.0
5,259.0,-0.7705859541893005,0,0.001,,0.2204761946133909,0.005,0.3461564304905731,0,,"79, 259",PoI2,Posterior_Insular_Area_2,Insula_FrontalOperc,12.0,106.0,"2747, 2675",idx_R,259,259.0
5,260.0,-0.8114896416664124,0,0.001,,0.20854226950409183,0.005,0.33515721884586186,0,,"80, 260",H,Hippocampus,Medial_Temporal,13.0,120.0,"4283, 3626",idx_R,260,260.0
5,261.0,-0.4766372740268707,0,0.001,,0.3168102181280551,0.005,0.42180497774130066,0,,"81, 261",PreS,PreSubiculum,Medial_Temporal,13.0,119.0,"1817, 1558",idx_R,261,261.0
5,262.0,-0.3658889830112457,0,0.001,,0.3572239587454018,0.005,0.4370727965334553,0,,"82, 262",EC,Entorhinal_Cortex,Medial_Temporal,13.0,118.0,"2127, 2110",idx_R,262,262.0
5,263.0,3.2777552604675293,1,0.001,+,0.0005231803761751089,0.005,0.009644488957690597,0,,"83, 263",PeEc,Perirhinal_Ectorhinal_Cortex,Medial_Temporal,13.0,122.0,"4826, 4755",idx_R,263,263.0
5,264.0,-0.07167091220617294,0,0.001,,0.4714319026549392,0.005,0.4821462640789151,0,,"84, 264",TF,Area_TF,Medial_Temporal,13.0,135.0,"3986, 4752",idx_R,264,264.0
5,265.0,-2.543032169342041,0,0.001,,0.005494755542267835,0.005,0.03335491698359119,0,,"85, 265",PHA1,ParaHippocampal_Area_1,Medial_Temporal,13.0,126.0,"1281, 1168",idx_R,265,265.0
5,266.0,-0.39311450719833374,0,0.001,,0.3471174548584089,0.005,0.43090442672078344,0,,"86, 266",PHA2,ParaHippocampal_Area_2,Medial_Temporal,13.0,155.0,"783, 771",idx_R,266,266.0
5,267.0,0.09093128144741058,0,0.001,,0.46377359707414717,0.005,0.4811484004227463,0,,"87, 267",PHA3,ParaHippocampal_Area_3,Medial_Temporal,13.0,127.0,"2023, 1122",idx_R,267,267.0
5,268.0,1.0538593530654907,0,0.001,,0.14597365740363216,0.005,0.2576005718887626,0,,"88, 268",PHT,Area_PHT,Lateral_Temporal,14.0,137.0,"4182, 3410",idx_R,268,268.0
5,269.0,-1.1548923254013062,0,0.001,,0.12406726129863921,0.005,0.23631859294978896,0,,"89, 269",TE1a,Area_TE1_anterior,Lateral_Temporal,14.0,132.0,"5227, 4180",idx_R,269,269.0
5,270.0,0.16167883574962616,0,0.001,,0.4357793859342282,0.005,0.4739594529798253,0,,"90, 270",TE1m,Area_TE1_Middle,Lateral_Temporal,14.0,177.0,"3339, 3429",idx_R,270,270.0
5,271.0,2.00309157371521,0,0.001,,0.022583730134351117,0.005,0.07893342571229515,0,,"91, 271",TE1p,Area_TE1_posterior,Lateral_Temporal,14.0,133.0,"7116, 6010",idx_R,271,271.0
5,272.0,1.4394984245300293,0,0.001,,0.07500467800957025,0.005,0.17420441344158252,0,,"92, 272",TE2a,Area_TE2_anterior,Lateral_Temporal,14.0,134.0,"5691, 5753",idx_R,272,272.0
5,273.0,0.4719024896621704,0,0.001,,0.31849819546023805,0.005,0.42180497774130066,0,,"93, 273",TE2p,Area_TE2_posterior,Lateral_Temporal,14.0,136.0,"4115, 3040",idx_R,273,273.0
5,274.0,0.9505781531333923,0,0.001,,0.17090928160768476,0.005,0.2809467642866051,0,,"94, 274",TGd,Area_TG_dorsal,Lateral_Temporal,14.0,131.0,"10,192, 10,269",idx_R,274,274.0
5,275.0,-0.25060775876045227,0,0.001,,0.40105869124824767,0.005,0.44782174363636457,0,,"95, 275",TGv,Area_TG_Ventral,Lateral_Temporal,14.0,172.0,"3694, 4515",idx_R,275,275.0
5,276.0,1.1307847499847412,0,0.001,,0.12907285005886765,0.005,0.24187816898969727,0,,"96, 276",PSL,PeriSylvian_Language_Area,TPO,15.0,25.0,"2154, 2759",idx_R,276,276.0
5,277.0,-1.5206440687179565,0,0.001,,0.06417459076795959,0.005,0.15299902434745333,0,,"97, 277",STV,Superior_Temporal_Visual_Area,TPO,15.0,28.0,"2322, 2294",idx_R,277,277.0
5,278.0,-0.9634578227996826,0,0.001,,0.16765891028145563,0.005,0.27686792523543136,0,,"98, 278",TPOJ1,Area_TemporoParietoOccipital_Junction_1,TPO,15.0,139.0,"2102, 3938",idx_R,278,278.0
5,279.0,-1.479498267173767,0,0.001,,0.06950359706577627,0.005,0.16461378252420694,0,,"99, 279",TPOJ2,Area_TemporoParietoOccipital_Junction_2,TPO,15.0,140.0,"1930, 2068",idx_R,279,279.0
5,280.0,-2.261819839477539,0,0.001,,0.011854268287672031,0.005,0.050206312747787425,0,,"100, 280",TPOJ3,Area_TemporoParietoOccipital_Junction_3,TPO,15.0,141.0,"1290, 1277",idx_R,280,280.0
5,281.0,1.7861747741699219,0,0.001,,0.037035482075434493,0.005,0.10416229333715951,0,,"101, 281",7AL,Lateral_Area_7A,Superior_Parietal,16.0,42.0,"2134, 2030",idx_R,281,281.0
5,282.0,-0.2514185905456543,0,0.001,,0.40074524802102524,0.005,0.44782174363636457,0,,"102, 282",7Am,Medial_Area_7A,Superior_Parietal,16.0,45.0,"2995, 2379",idx_R,282,282.0
5,283.0,2.6257472038269043,0,0.001,,0.0043229501247285165,0.005,0.03299477723100356,0,,"103, 283",7PC,Area_7PC,Superior_Parietal,16.0,47.0,"3151, 3415",idx_R,283,283.0
5,284.0,1.5226246118545532,0,0.001,,0.06392632432244884,0.005,0.15299902434745333,0,,"104, 284",7Pl,Lateral_Area_7P,Superior_Parietal,16.0,46.0,"1695, 1363",idx_R,284,284.0
5,285.0,-2.874723434448242,0,0.001,,0.002021907693271432,0.005,0.019637844964517138,0,,"105, 285",7Pm,Medial_Area_7P,Superior_Parietal,16.0,29.0,"1601, 1308",idx_R,285,285.0
5,286.0,2.5939812660217285,0,0.001,,0.004743582811249737,0.005,0.03299477723100356,0,,"106, 286",AIP,Anterior_IntraParietal_Area,Superior_Parietal,16.0,117.0,"1999, 2542",idx_R,286,286.0
5,287.0,1.3698315620422363,0,0.001,,0.08536974360055544,0.005,0.18971054133456763,0,,"107, 287",LIPd,Area_Lateral_IntraParietal_dorsal,Superior_Parietal,16.0,95.0,"1008, 869",idx_R,287,287.0
5,288.0,2.4260382652282715,0,0.001,,0.007632330355638243,0.005,0.041009536239250265,0,,"108, 288",LIPv,Area_Lateral_IntraParietal_ventral,Superior_Parietal,16.0,48.0,"1681, 1783",idx_R,288,288.0
5,289.0,1.1678012609481812,0,0.001,,0.1214434696894508,0.005,0.23505187681829187,0,,"109, 289",MIP,Medial_IntraParietal_Area,Superior_Parietal,16.0,50.0,"1872, 2403",idx_R,289,289.0
5,290.0,2.342984199523926,0,0.001,,0.009565096614365179,0.005,0.045875795023966354,0,,"110, 290",VIP,Ventral_IntraParietal_Complex,Superior_Parietal,16.0,49.0,"1890, 1577",idx_R,290,290.0
5,291.0,2.212282419204712,0,0.001,,0.013473578543466877,0.005,0.05511918495054632,0,,"111, 291",IP0,Area_IntraParietal_0,Inferior_Parietal,17.0,146.0,"1203, 1239",idx_R,291,291.0
5,292.0,-0.3989163339138031,0,0.001,,0.34497742667994163,0.005,0.43090442672078344,0,,"112, 292",IP1,Area_IntraParietal_1,Inferior_Parietal,17.0,145.0,"1692, 1632",idx_R,292,292.0
5,293.0,1.0631420612335205,0,0.001,,0.1438587662264439,0.005,0.255118994293201,0,,"113, 293",IP2,Area_IntraParietal_2,Inferior_Parietal,17.0,144.0,"2102, 1861",idx_R,293,293.0
5,294.0,1.0722904205322266,0,0.001,,0.14179480405198253,0.005,0.2540289373095918,0,,"114, 294",PF,Area_PF_Complex,Inferior_Parietal,17.0,148.0,"5457, 5251",idx_R,294,294.0
5,295.0,0.04556720703840256,0,0.001,,0.4818276035009893,0.005,0.4846349491009918,0,,"115, 295",PFm,Area_PFm_Complex,Inferior_Parietal,17.0,149.0,"8220, 8141",idx_R,295,295.0
5,296.0,0.40883442759513855,0,0.001,,0.34133058642648906,0.005,0.43090442672078344,0,,"116, 296",PFop,Area_PF_Opercular,Inferior_Parietal,17.0,147.0,"1797, 1783",idx_R,296,296.0
5,297.0,-0.2652902901172638,0,0.001,,0.395392921990358,0.005,0.44782174363636457,0,,"117, 297",PFt,Area_PFt,Inferior_Parietal,17.0,116.0,"1983, 2039",idx_R,297,297.0
5,298.0,-2.9272515773773193,0,0.001,,0.001709860678325355,0.005,0.01819247435169678,0,,"118, 298",PGi,Area_PGi,Inferior_Parietal,17.0,150.0,"4791, 4970",idx_R,298,298.0
5,299.0,-1.4593703746795654,0,0.001,,0.07223159767225212,0.005,0.16995670040529912,0,,"119, 299",PGp,Area_PGp,Inferior_Parietal,17.0,143.0,"2501, 3740",idx_R,299,299.0
5,300.0,-2.5557334423065186,0,0.001,,0.005298212866525755,0.005,0.03335491698359119,0,,"120, 300",PGs,Area_PGs,Inferior_Parietal,17.0,151.0,"4552, 3366",idx_R,300,300.0
5,301.0,-0.1406715363264084,0,0.001,,0.44406471608956544,0.005,0.4740404128825582,0,,"121, 301",23d,Area_23d,Posterior_Cingulate,18.0,32.0,"1261, 1513",idx_R,301,301.0
5,302.0,-2.5343031883239746,0,0.001,,0.005633559960786684,0.005,0.03335491698359119,0,,"122, 302",31a,Area_31a,Posterior_Cingulate,18.0,162.0,"1260, 1116",idx_R,302,302.0
5,303.0,-5.632093906402588,1,0.001,-,8.901734586443078e-09,0.005,3.204624451119508e-06,1,-,"123, 303",31pd,Area_31pd,Posterior_Cingulate,18.0,161.0,"1428, 864",idx_R,303,303.0
5,304.0,-3.659578800201416,1,0.001,-,0.00012631507508573342,0.005,0.0034979559254510796,1,-,"124, 304",31pv,Area_31p_ventral,Posterior_Cingulate,18.0,35.0,"950, 1022",idx_R,304,304.0
5,305.0,-5.0902910232543945,1,0.001,-,1.7875719318423396e-07,0.005,3.2176294773162115e-05,1,-,"125, 305",7 m,Area_7m,Posterior_Cingulate,18.0,30.0,"2128, 2067",idx_R,305,305.0
5,306.0,-1.2737427949905396,0,0.001,,0.1013772922677546,0.005,0.2073626432749526,0,,"126, 306",d23ab,Area_dorsal_23_a + b,Posterior_Cingulate,18.0,34.0,"1607, 1106",idx_R,306,306.0
5,307.0,-0.15177540481090546,0,0.001,,0.43968204074419465,0.005,0.4740404128825582,0,,"127, 307",DVT,Dorsal_Transitional_Visual_Area,Posterior_Cingulate,18.0,142.0,"1806, 2176",idx_R,307,307.0
5,308.0,-2.864335536956787,0,0.001,,0.0020894254727438608,0.005,0.019637844964517138,0,,"128, 308",PCV,PreCuneus_Visual_Area,Posterior_Cingulate,18.0,27.0,"2245, 2416",idx_R,308,308.0
5,309.0,-3.926132917404175,1,0.001,-,4.3161233229472785e-05,0.005,0.0014125494511463821,1,-,"129, 309",POS1,Parieto-Occipital_Sulcus_Area_1,Posterior_Cingulate,18.0,31.0,"2531, 2727",idx_R,309,309.0
5,310.0,-2.450671911239624,0,0.001,,0.007129492759810544,0.005,0.03894179758289327,0,,"130, 310",POS2,Parieto-Occipital_Sulcus_Area_2,Posterior_Cingulate,18.0,15.0,"3261, 3093",idx_R,310,310.0
5,311.0,0.1305655986070633,0,0.001,,0.44805947901981685,0.005,0.4740404128825582,0,,"131, 311",ProS,ProStriate_Area,Posterior_Cingulate,18.0,121.0,"1222, 1055",idx_R,311,311.0
5,312.0,-4.276057243347168,1,0.001,-,9.511616431111357e-06,0.005,0.0004891688450285841,1,-,"132, 312",RSC,RetroSplenial_Complex,Posterior_Cingulate,18.0,14.0,"2830, 3067",idx_R,312,312.0
5,313.0,-4.171999931335449,1,0.001,-,1.5096886403700332e-05,0.005,0.000679359888166515,1,-,"133, 313",v23ab,Area_ventral_23_a + b,Posterior_Cingulate,18.0,33.0,"916, 1089",idx_R,313,313.0
5,314.0,-0.5327879190444946,0,0.001,,0.2970901987866633,0.005,0.4082155403175527,0,,"134, 314",10r,Area_10r,AntCing_MedPFC,19.0,65.0,"1589, 1053",idx_R,314,314.0
5,315.0,-1.3353365659713745,0,0.001,,0.09088310799538857,0.005,0.19591568190622685,0,,"135, 315",10v,Area_10v,AntCing_MedPFC,19.0,88.0,"3906, 2667",idx_R,315,315.0
5,316.0,-0.2987819314002991,0,0.001,,0.38255321910805723,0.005,0.4459512612696673,0,,"136, 316",25,Area_25,AntCing_MedPFC,19.0,164.0,"1911, 2135",idx_R,316,316.0
5,317.0,1.4019376039505005,0,0.001,,0.08046694001668891,0.005,0.18334239497473426,0,,"137, 317",33pr,Area_33_prime,AntCing_MedPFC,19.0,58.0,"1354, 1316",idx_R,317,317.0
5,318.0,2.5585334300994873,0,0.001,,0.005255735647581,0.005,0.03335491698359119,0,,"138, 318",8BM,Area_8BM,AntCing_MedPFC,19.0,63.0,"3122, 3436",idx_R,318,318.0
5,319.0,0.32104161381721497,0,0.001,,0.37408942770479015,0.005,0.44566907844124387,0,,"139, 319",9 m,Area_9_Middle,AntCing_MedPFC,19.0,69.0,"6338, 5881",idx_R,319,319.0
5,320.0,1.069787621498108,0,0.001,,0.14235745767879898,0.005,0.2540289373095918,0,,"140, 320",a24,Area_a24,AntCing_MedPFC,19.0,61.0,"2085, 2152",idx_R,320,320.0
5,321.0,2.2682197093963623,0,0.001,,0.011657909375302124,0.005,0.049962468751294814,0,,"141, 321",a24pr,Anterior_24_prime,AntCing_MedPFC,19.0,59.0,"1095, 1474",idx_R,321,321.0
5,322.0,2.4075913429260254,0,0.001,,0.008029072289098386,0.005,0.04177944989964444,0,,"142, 322",a32pr,Area_anterior_32_prime,AntCing_MedPFC,19.0,179.0,"1759, 1118",idx_R,322,322.0
5,323.0,1.8311259746551514,0,0.001,,0.03354087119425242,0.005,0.09737672282202316,0,,"143, 323",d32,Area_dorsal_32,AntCing_MedPFC,19.0,62.0,"2228, 2374",idx_R,323,323.0
5,324.0,3.119661331176758,1,0.001,+,0.0009052953993256382,0.005,0.01303625375028919,0,,"144, 324",p24,Area_posterior_24,AntCing_MedPFC,19.0,180.0,"2394, 2442",idx_R,324,324.0
5,325.0,-1.2808947563171387,0,0.001,,0.10011531744207663,0.005,0.2061129538049467,0,,"145, 325",p24pr,Area_Posterior_24_prime,AntCing_MedPFC,19.0,57.0,"1422, 1724",idx_R,325,325.0
5,326.0,-0.6691044569015503,0,0.001,,0.2517144235536838,0.005,0.3637821880503193,0,,"146, 326",p32,Area_p32,AntCing_MedPFC,19.0,64.0,"1180, 1765",idx_R,326,326.0
5,327.0,2.9257421493530273,0,0.001,,0.001718178133215807,0.005,0.01819247435169678,0,,"147, 327",p32pr,Area_p32_prime,AntCing_MedPFC,19.0,60.0,"1569, 1305",idx_R,327,327.0
5,328.0,0.7427667379379272,0,0.001,,0.22881145829314142,0.005,0.35231054474448253,0,,"148, 328",pOFC,Posterior_OFC_Complex,AntCing_MedPFC,19.0,166.0,"2486, 2836",idx_R,328,328.0
5,329.0,0.04691745713353157,0,0.001,,0.481289507317297,0.005,0.4846349491009918,0,,"149, 329",s32,Area_s32,AntCing_MedPFC,19.0,165.0,"604, 1015",idx_R,329,329.0
5,330.0,-1.8393687009811401,0,0.001,,0.03293048723027029,0.005,0.09638191384469354,0,,"150, 330",10d,Area_10d,OrbPolaFrontal,20.0,72.0,"3644, 3096",idx_R,330,330.0
5,331.0,0.5798306465148926,0,0.001,,0.2810144143014298,0.005,0.39496175536793166,0,,"151, 331",10 pp,Polar_10p,OrbPolaFrontal,20.0,90.0,"1997, 2487",idx_R,331,331.0
5,332.0,0.6662473082542419,0,0.001,,0.2526265194793884,0.005,0.3637821880503193,0,,"152, 332",11 l,Area_11l,OrbPolaFrontal,20.0,91.0,"3531, 3793",idx_R,332,332.0
5,333.0,1.8109829425811768,0,0.001,,0.035071746058724,0.005,0.09975971415034403,0,,"153, 333",13 l,Area_13l,OrbPolaFrontal,20.0,92.0,"2429, 1757",idx_R,333,333.0
5,334.0,0.16519878804683685,0,0.001,,0.43439375957920184,0.005,0.47388410135912923,0,,"154, 334",47 m,Area_47m,OrbPolaFrontal,20.0,66.0,"799, 781",idx_R,334,334.0
5,335.0,2.2038748264312744,0,0.001,,0.01376657419200873,0.005,0.05568501920363082,0,,"155, 335",47 s,Area_47s,OrbPolaFrontal,20.0,94.0,"2795, 3080",idx_R,335,335.0
5,336.0,0.12947699427604675,0,0.001,,0.44849011380899567,0.005,0.4740404128825582,0,,"156, 336",a10p,Area_anterior_10p,OrbPolaFrontal,20.0,89.0,"1964, 1748",idx_R,336,336.0
5,337.0,0.30244913697242737,0,0.001,,0.3811548508108027,0.005,0.4459512612696673,0,,"157, 337",OFC,Orbital_Frontal_Complex,OrbPolaFrontal,20.0,93.0,"4560, 5232",idx_R,337,337.0
5,338.0,1.35508394241333,0,0.001,,0.08769540704755352,0.005,0.19250211303121506,0,,"158, 338",p10p,Area_posterior_10p,OrbPolaFrontal,20.0,170.0,"2116, 2365",idx_R,338,338.0
5,339.0,3.202670097351074,1,0.001,+,0.0006807993160149992,0.005,0.011670845417399985,0,,"159, 339",44,Area_44,Inferior_Frontal,21.0,74.0,"2435, 2589",idx_R,339,339.0
5,340.0,3.4836864471435547,1,0.001,+,0.00024727925775785747,0.005,0.00494558515515715,1,+,"160, 340",45,Area_45,Inferior_Frontal,21.0,75.0,"3762, 2962",idx_R,340,340.0
5,341.0,1.233862280845642,0,0.001,,0.10862711344501191,0.005,0.21846793765477257,0,,"161, 341",47 l,Area_47l_(47_lateral),Inferior_Frontal,21.0,76.0,"2527, 2592",idx_R,341,341.0
5,342.0,1.8893132209777832,0,0.001,,0.0294249355179783,0.005,0.09211284162149729,0,,"162, 342",a47r,Area_anterior_47r,Inferior_Frontal,21.0,77.0,"4167, 3763",idx_R,342,342.0
5,343.0,0.17967098951339722,0,0.001,,0.42870543489527685,0.005,0.46910017192188347,0,,"163, 343",IFJa,Area_IFJa,Inferior_Frontal,21.0,79.0,"1513, 1405",idx_R,343,343.0
5,344.0,-0.059817444533109665,0,0.001,,0.47615051586343765,0.005,0.4846349491009918,0,,"164, 344",IFJp,Area_IFJp,Inferior_Frontal,21.0,80.0,"960, 740",idx_R,344,344.0
5,345.0,1.2855377197265625,0,0.001,,0.09930222224355867,0.005,0.2061129538049467,0,,"165, 345",IFSa,Area_IFSa,Inferior_Frontal,21.0,82.0,"2057, 2641",idx_R,345,345.0
5,346.0,1.3277584314346313,0,0.001,,0.0921289617130005,0.005,0.1962510427022496,0,,"166, 346",IFSp,Area_IFSp,Inferior_Frontal,21.0,81.0,"1589, 1730",idx_R,346,346.0
5,347.0,2.3163559436798096,0,0.001,,0.010269421067693253,0.005,0.045875795023966354,0,,"167, 347",p47r,Area_posterior_47r,Inferior_Frontal,21.0,171.0,"2133, 1761",idx_R,347,347.0
5,348.0,-0.2917148172855377,0,0.001,,0.38525233959685146,0.005,0.4459512612696673,0,,"168, 348",46,Area_46,Dorsolateral_Prefrontal,22.0,84.0,"4863, 4394",idx_R,348,348.0
5,349.0,-3.564913272857666,1,0.001,-,0.00018198826136515348,0.005,0.004094735880715954,1,-,"169, 349",8Ad,Area_8Ad,Dorsolateral_Prefrontal,22.0,68.0,"3386, 3492",idx_R,349,349.0
5,350.0,0.08150750398635864,0,0.001,,0.46751917870937637,0.005,0.48200493492152313,0,,"170, 350",8Av,Area_8Av,Dorsolateral_Prefrontal,22.0,67.0,"4807, 5902",idx_R,350,350.0
5,351.0,0.5706119537353516,0,0.001,,0.2841313568592172,0.005,0.39646235840821004,0,,"171, 351",8BL,Area_8B_Lateral,Dorsolateral_Prefrontal,22.0,70.0,"3377, 4078",idx_R,351,351.0
5,352.0,-0.7068031430244446,0,0.001,,0.23984441055286077,0.005,0.3538688024550405,0,,"172, 352",8C,Area_8C,Dorsolateral_Prefrontal,22.0,73.0,"4085, 3134",idx_R,352,352.0
5,353.0,1.9655486345291138,0,0.001,,0.02467538623898467,0.005,0.08075580950940438,0,,"173, 353",9-46d,Area_9-46d,Dorsolateral_Prefrontal,22.0,86.0,"4534, 4666",idx_R,353,353.0
5,354.0,-0.128133624792099,0,0.001,,0.44902161331375656,0.005,0.4740404128825582,0,,"174, 354",9a,Area_9_anterior,Dorsolateral_Prefrontal,22.0,87.0,"3706, 3048",idx_R,354,354.0
5,355.0,0.47134527564048767,0,0.001,,0.3186970942934272,0.005,0.42180497774130066,0,,"175, 355",9p,Area_9_Posterior,Dorsolateral_Prefrontal,22.0,71.0,"3426, 2488",idx_R,355,355.0
5,356.0,1.697205901145935,0,0.001,,0.04482886992810527,0.005,0.12043576995610371,0,,"176, 356",a9-46v,Area_anterior_9-46v,Dorsolateral_Prefrontal,22.0,85.0,"3314, 2628",idx_R,356,356.0
5,357.0,-0.035869721323251724,0,0.001,,0.485693119603764,0.005,0.4870460252294012,0,,"177, 357",i6-8,Inferior_6-8_Transitional_Area,Dorsolateral_Prefrontal,22.0,97.0,"1764, 2418",idx_R,357,357.0
5,358.0,1.0044485330581665,0,0.001,,0.15758123338977337,0.005,0.2682029342838108,0,,"178, 358",p9-46v,Area_posterior_9-46v,Dorsolateral_Prefrontal,22.0,83.0,"2871, 4635",idx_R,358,358.0
5,359.0,-1.5493186712265015,0,0.001,,0.060652566770849535,0.005,0.14753327052368806,0,,"179, 359",s6-8,Superior_6-8_Transitional_Area,Dorsolateral_Prefrontal,22.0,98.0,"1336, 2132",idx_R,359,359.0
5,360.0,1.9719725847244263,0,0.001,,0.024306368120039678,0.005,0.08074518463280102,0,,"180, 360",SFL,Superior_Frontal_Language_Area,Dorsolateral_Prefrontal,22.0,26.0,"3873, 3055",idx_R,360,360.0
6,1.0,0.042379073798656464,0,0.001,,0.48309825502476245,0.005,0.4857971279578617,0,,"1, 181",V1,Primary_Visual_Cortex,Primary_Visual,1.0,1.0,"13,812, 13,406",idx_L,1,1.0
6,2.0,-0.6393462419509888,0,0.001,,0.26129885621356763,0.005,0.3012200036388072,0,,"2, 182",V2,Second_Visual_Area,Early_Visual,2.0,4.0,"9515, 9420",idx_L,2,2.0
6,3.0,-2.75069522857666,0,0.001,,0.002973447170746817,0.005,0.007485601269012966,0,,"3, 183",V3,Third_Visual_Area,Early_Visual,2.0,5.0,"7106, 7481",idx_L,3,3.0
6,4.0,-4.309904098510742,1,0.001,-,8.166267898251664e-06,0.005,4.32331829907441e-05,1,-,"4, 184",V4,Fourth_Visual_Area,Early_Visual,2.0,6.0,"4782, 4537",idx_L,4,4.0
6,5.0,-2.6277577877044678,0,0.001,,0.004297484523533201,0.005,0.01013997509018441,0,,"5, 185",IPS1,IntraParietal_Sulcus_Area_1,Dorsal_Stream_Visual,3.0,17.0,"1751, 1750",idx_L,5,5.0
6,6.0,-3.1893086433410645,1,0.001,-,0.0007130676137643252,0.005,0.0021940541961979238,1,-,"6, 186",V3A,Area_V3A,Dorsal_Stream_Visual,3.0,13.0,"2191, 2212",idx_L,6,6.0
6,7.0,-5.154928684234619,1,0.001,-,1.2686373704180265e-07,0.005,1.2686373704180265e-06,1,-,"7, 187",V3B,Area_V3B,Dorsal_Stream_Visual,3.0,19.0,"639, 731",idx_L,7,7.0
6,8.0,-0.9221274852752686,0,0.001,,0.17823104093069903,0.005,0.22915419548232732,0,,"8, 188",V6,Sixth_Visual_Area,Dorsal_Stream_Visual,3.0,3.0,"1402, 1559",idx_L,8,8.0
6,9.0,-0.14721499383449554,0,0.001,,0.4414811630861078,0.005,0.4540949106028537,0,,"9, 189",V6A,Area_V6A,Dorsal_Stream_Visual,3.0,152.0,"904, 734",idx_L,9,9.0
6,10.0,-2.903449535369873,0,0.001,,0.0018453822329154593,0.005,0.004995019577816281,1,,"10, 190",V7,Seventh_Visual_Area,Dorsal_Stream_Visual,3.0,16.0,"1005, 1041",idx_L,10,10.0
6,11.0,0.97344571352005,0,0.001,,0.16516591421601645,0.005,0.2146560617969889,0,,"11, 191",FFC,Fusiform_Face_Complex,Ventral_Stream_Visual,4.0,18.0,"3848, 4402",idx_L,11,11.0
6,12.0,-3.2603321075439453,1,0.001,-,0.0005564091409212435,0.005,0.0017726308914305104,1,-,"12, 192",PIT,Posterior_InferoTemporal_complex,Ventral_Stream_Visual,4.0,22.0,"1392, 1386",idx_L,12,12.0
6,13.0,-4.713273048400879,1,0.001,-,1.2188459930578697e-06,0.005,8.125639953719131e-06,1,-,"13, 193",V8,Eighth_Visual_Area,Ventral_Stream_Visual,4.0,7.0,"1361, 1175",idx_L,13,13.0
6,14.0,-1.185556173324585,0,0.001,,0.1178988093285317,0.005,0.16324450522412082,0,,"14, 194",VMV1,VentroMedial_Visual_Area_1,Ventral_Stream_Visual,4.0,153.0,"939, 1219",idx_L,14,14.0
6,15.0,-1.8402796983718872,0,0.001,,0.032863592175846126,0.005,0.05630151323172653,0,,"15, 195",VMV2,VentroMedial_Visual_Area_2,Ventral_Stream_Visual,4.0,160.0,"639, 923",idx_L,15,15.0
6,16.0,-4.222229957580566,1,0.001,-,1.209485638527396e-05,0.005,5.805531064931501e-05,1,-,"16, 196",VMV3,VentroMedial_Visual_Area_3,Ventral_Stream_Visual,4.0,154.0,"941, 1242",idx_L,16,16.0
6,17.0,0.6431578993797302,0,0.001,,0.26006082409665476,0.005,0.30103503753953603,0,,"17, 197",VVC,Ventral_Visual_Complex,Ventral_Stream_Visual,4.0,163.0,"2487, 2753",idx_L,17,17.0
6,18.0,0.7667737007141113,0,0.001,,0.22160803770449694,0.005,0.2659296452453963,0,,"18, 198",FST,Area_FST,MT + _Complex,5.0,157.0,"1324, 1683",idx_L,18,18.0
6,19.0,-3.269883394241333,1,0.001,-,0.0005379591286901488,0.005,0.0017447323092653474,1,-,"19, 199",LO1,Area_Lateral_Occipital_1,MT + _Complex,5.0,20.0,"619, 909",idx_L,19,19.0
6,20.0,-2.4738738536834717,0,0.001,,0.006682844038343599,0.005,0.014815051960831946,0,,"20, 200",LO2,Area_Lateral_Occipital_2,MT + _Complex,5.0,21.0,"1179, 1062",idx_L,20,20.0
6,21.0,1.0393290519714355,0,0.001,,0.1493258639274917,0.005,0.19910115190332225,0,,"21, 201",LO3,Area_Lateral_Occipital_3,MT + _Complex,5.0,159.0,"438, 915",idx_L,21,21.0
6,22.0,3.0207114219665527,0,0.001,,0.0012609079056909998,0.005,0.003602594016259999,1,,"22, 202",MST,Medial_Superior_Temporal_Area,MT + _Complex,5.0,2.0,"794, 1036",idx_L,22,22.0
6,23.0,2.47581148147583,0,0.001,,0.006646687461277724,0.005,0.014815051960831946,0,,"23, 203",MT,Middle_Temporal_Area,MT + _Complex,5.0,23.0,"620, 1005",idx_L,23,23.0
6,24.0,2.335726499557495,0,0.001,,0.009752750232346096,0.005,0.02089875049788449,0,,"24, 204",PH,Area_PH,MT + _Complex,5.0,138.0,"3453, 3205",idx_L,24,24.0
6,25.0,-3.5914299488067627,1,0.001,-,0.00016443428861677607,0.005,0.0006166285823129103,1,-,"25, 205",V3CD,Area_V3CD,MT + _Complex,5.0,158.0,"876, 1222",idx_L,25,25.0
6,26.0,0.25588130950927734,0,0.001,,0.3990212435680614,0.005,0.41758037117587826,0,,"26, 206",V4t,Area_V4t,MT + _Complex,5.0,156.0,"1037, 1249",idx_L,26,26.0
6,27.0,2.8029685020446777,0,0.001,,0.002531730711914037,0.005,0.006463993307014563,0,,"27, 207",1,Area_1,SomaSens_Motor,6.0,51.0,"6590, 5925",idx_L,27,27.0
6,28.0,1.3624933958053589,0,0.001,,0.08652111347799929,0.005,0.12836430387925235,0,,"28, 208",2,Area_2,SomaSens_Motor,6.0,52.0,"4278, 4727",idx_L,28,28.0
6,29.0,3.8146846294403076,1,0.001,+,6.817847948092542e-05,0.005,0.00028211784612796725,1,+,"29, 209",3a,Area_3a,SomaSens_Motor,6.0,53.0,"2247, 2286",idx_L,29,29.0
6,30.0,3.55794358253479,1,0.001,+,0.00018688478242331625,0.005,0.0006716002217719406,1,+,"30, 210",3b,Primary_Sensory_Cortex,SomaSens_Motor,6.0,9.0,"5451, 4350",idx_L,30,30.0
6,31.0,4.398631572723389,1,0.001,+,5.4467788172319005e-06,0.005,3.082253558403295e-05,1,+,"31, 211",4,Primary_Motor_Cortex,SomaSens_Motor,6.0,8.0,"10,776, 10,254",idx_L,31,31.0
6,32.0,6.571752071380615,1,0.001,+,2.4863307115137006e-11,0.005,5.967193707632881e-10,1,+,"32, 212",23c,Area_23c,ParaCentral_MidCing,7.0,38.0,"2259, 2498",idx_L,32,32.0
6,33.0,4.949163913726807,1,0.001,+,3.726647938331314e-07,0.005,3.0490755859074387e-06,1,+,"33, 213",24dd,Dorsal_Area_24d,ParaCentral_MidCing,7.0,40.0,"2665, 2820",idx_L,33,33.0
6,34.0,3.5557918548583984,1,0.001,+,0.0001884211733304611,0.005,0.0006716002217719406,1,+,"34, 214",24dv,Ventral_Area_24d,ParaCentral_MidCing,7.0,41.0,"1076, 1349",idx_L,34,34.0
6,35.0,1.1611782312393188,0,0.001,,0.12278471277314856,0.005,0.16935822451468768,0,,"35, 215",5L,Area_5L,ParaCentral_MidCing,7.0,39.0,"2249, 2327",idx_L,35,35.0
6,36.0,3.89262056350708,1,0.001,+,4.958359479028488e-05,0.005,0.00021250112052979234,1,+,"36, 216",5 m,Area_5m,ParaCentral_MidCing,7.0,36.0,"1483, 2079",idx_L,36,36.0
6,37.0,6.87199592590332,1,0.001,+,3.1654881673187473e-12,0.005,1.0359779456679536e-10,1,+,"37, 217",5mv,Area_5m_ventral,ParaCentral_MidCing,7.0,37.0,"1651, 1996",idx_L,37,37.0
6,38.0,5.249390602111816,1,0.001,+,7.63015961868901e-08,0.005,8.323810493115283e-07,1,+,"38, 218",6ma,Area_6m_anterior,ParaCentral_MidCing,7.0,44.0,"3941, 4251",idx_L,38,38.0
6,39.0,3.170165777206421,1,0.001,+,0.0007617599478057433,0.005,0.0023240134000853184,1,+,"39, 219",6mp,Area_6mp,ParaCentral_MidCing,7.0,55.0,"3701, 3105",idx_L,39,39.0
6,40.0,1.8038771152496338,0,0.001,,0.03562528663523952,0.005,0.05965164273807548,0,,"40, 220",SCEF,Supplementary_and_Cingulate_Eye_Field,ParaCentral_MidCing,7.0,43.0,"3500, 3371",idx_L,40,40.0
6,41.0,-3.27044415473938,1,0.001,-,0.0005368937077900174,0.005,0.0017447323092653474,1,-,"41, 221",55b,Area_55b,Premotor,8.0,12.0,"2422, 1537",idx_L,41,41.0
6,42.0,6.765625476837158,1,0.001,+,6.6367250055729465e-12,0.005,1.991017501671884e-10,1,+,"42, 222",6a,Area_6_anterior,Premotor,8.0,96.0,"4233, 3752",idx_L,42,42.0
6,43.0,1.7911791801452637,0,0.001,,0.03663227305202724,0.005,0.0610537884200454,0,,"43, 223",6d,Dorsal_area_6,Premotor,8.0,54.0,"2916, 2909",idx_L,43,43.0
6,44.0,5.535555839538574,1,0.001,+,1.551214348354025e-08,0.005,1.9944184478837463e-07,1,+,"44, 224",6r,Rostral_Area_6,Premotor,8.0,78.0,"3029, 3981",idx_L,44,44.0
6,45.0,3.1951773166656494,1,0.001,+,0.0006987247730664701,0.005,0.0021684561922752517,1,+,"45, 225",6v,Ventral_Area_6,Premotor,8.0,56.0,"2075, 2516",idx_L,45,45.0
6,46.0,5.962836265563965,1,0.001,+,1.2394839855669602e-09,0.005,2.1248296895433602e-08,1,+,"46, 226",FEF,Frontal_Eye_Fields,Premotor,8.0,10.0,"1787, 1889",idx_L,46,46.0
6,47.0,3.7655060291290283,1,0.001,+,8.310605623697313e-05,0.005,0.0003344462897916001,1,+,"47, 227",PEF,Premotor_Eye_Field,Premotor,8.0,11.0,"1006, 1258",idx_L,47,47.0
6,48.0,2.7174479961395264,0,0.001,,0.0032893746454612962,0.005,0.008166723257697012,0,,"48, 228",43,Area_43,Posterior_Opercular,9.0,99.0,"1889, 1678",idx_L,48,48.0
6,49.0,1.999611496925354,0,0.001,,0.0227711157553628,0.005,0.04140202864611418,0,,"49, 229",FOP1,Frontal_Opercular_Area_1,Posterior_Opercular,9.0,113.0,"879, 932",idx_L,49,49.0
6,50.0,1.3151826858520508,0,0.001,,0.09422425632726011,0.005,0.1373308999101767,0,,"50, 230",OP1,Area_OP1-SII,Posterior_Opercular,9.0,101.0,"1275, 1072",idx_L,50,50.0
6,51.0,2.5007164478302,0,0.001,,0.006197118453822573,0.005,0.014031211593560543,0,,"51, 231",OP2-3,Area_OP2-3-VS,Posterior_Opercular,9.0,102.0,"943, 792",idx_L,51,51.0
6,52.0,1.143957495689392,0,0.001,,0.12632063234020902,0.005,0.17291037126416442,0,,"52, 232",OP4,Area_OP4-PV,Posterior_Opercular,9.0,100.0,"2332, 2409",idx_L,52,52.0
6,53.0,0.6517941355705261,0,0.001,,0.2572669926638498,0.005,0.29972853514234926,0,,"53, 233",52,Area_52,Early_Auditory,10.0,103.0,"725, 580",idx_L,53,53.0
6,54.0,1.0663537979125977,0,0.001,,0.14313186940855582,0.005,0.19226669025029888,0,,"54, 234",A1,Primary_Auditory_Cortex,Early_Auditory,10.0,24.0,"1023, 796",idx_L,54,54.0
6,55.0,-1.5394092798233032,0,0.001,,0.06185220498525445,0.005,0.0959775594598776,0,,"55, 235",LBelt,Lateral_Belt_Complex,Early_Auditory,10.0,174.0,"820, 901",idx_L,55,55.0
6,56.0,-1.9571475982666016,0,0.001,,0.025165058818955983,0.005,0.045524729521729417,0,,"56, 236",MBelt,Medial_Belt_Complex,Early_Auditory,10.0,173.0,"1242, 1236",idx_L,56,56.0
6,57.0,-2.9998066425323486,0,0.001,,0.0013507552111997707,0.005,0.003798999031499355,1,,"57, 237",PBelt,ParaBelt_Complex,Early_Auditory,10.0,124.0,"1719, 1439",idx_L,57,57.0
6,58.0,1.937741994857788,0,0.001,,0.02632735384875606,0.005,0.046688903377104345,0,,"58, 238",PFcm,Area_PFcm,Early_Auditory,10.0,105.0,"1486, 1485",idx_L,58,58.0
6,59.0,-0.6625164151191711,0,0.001,,0.25382015912508354,0.005,0.2976392745440719,0,,"59, 239",RI,RetroInsular_Cortex,Early_Auditory,10.0,104.0,"1149, 1334",idx_L,59,59.0
6,60.0,-2.913261651992798,0,0.001,,0.0017883738373120806,0.005,0.00487738319266931,1,,"60, 240",A4,Auditory_4_Complex,Auditory_Association,11.0,175.0,"3514, 3610",idx_L,60,60.0
6,61.0,-5.0712175369262695,1,0.001,-,1.9763931087296457e-07,0.005,1.824362869596596e-06,1,-,"61, 241",A5,Auditory_5_Complex,Auditory_Association,11.0,125.0,"3346, 3881",idx_L,61,61.0
6,62.0,-4.787242889404297,1,0.001,-,8.454407429858103e-07,0.005,5.853051297594071e-06,1,-,"62, 242",STGa,Area_STGa,Auditory_Association,11.0,123.0,"2509, 2187",idx_L,62,62.0
6,63.0,-4.397328853607178,1,0.001,-,5.479561881605858e-06,0.005,3.082253558403295e-05,1,-,"63, 243",STSda,Area_STSd_anterior,Auditory_Association,11.0,128.0,"1944, 2389",idx_L,63,63.0
6,64.0,-5.918055534362793,1,0.001,-,1.6288499046976507e-09,0.005,2.66539075314161e-08,1,-,"64, 244",STSdp,Area_STSd_posterior,Auditory_Association,11.0,129.0,"1994, 2605",idx_L,64,64.0
6,65.0,-2.6675198078155518,0,0.001,,0.0038206692351978227,0.005,0.009169606164474774,0,,"65, 245",STSva,Area_STSv_anterior,Auditory_Association,11.0,176.0,"1694, 1900",idx_L,65,65.0
6,66.0,-5.669127464294434,1,0.001,-,7.176328117960326e-09,0.005,9.936454317175836e-08,1,-,"66, 246",STSvp,Area_STSv_posterior,Auditory_Association,11.0,130.0,"2898, 2515",idx_L,66,66.0
6,67.0,-1.2436319589614868,0,0.001,,0.1068175241725638,0.005,0.15320441713993213,0,,"67, 247",TA2,Area_TA2,Auditory_Association,11.0,107.0,"1518, 1726",idx_L,67,67.0
6,68.0,0.08606845140457153,0,0.001,,0.4657060013333829,0.005,0.47629022863641435,0,,"68, 248",AAIC,Anterior_Agranular_Insula_Complex,Insula_FrontalOperc,12.0,112.0,"1859, 1691",idx_L,68,68.0
6,69.0,2.746129274368286,0,0.001,,0.0030151498345108068,0.005,0.0075378745862770165,0,,"69, 249",AVI,Anterior_Ventral_Insular_Area,Insula_FrontalOperc,12.0,111.0,"1446, 1792",idx_L,69,69.0
6,70.0,1.5891077518463135,0,0.001,,0.05601803399112859,0.005,0.08923226653454112,0,,"70, 250",FOP2,Frontal_Opercular_Area_2,Insula_FrontalOperc,12.0,115.0,"750, 720",idx_L,70,70.0
6,71.0,0.8004502654075623,0,0.001,,0.21172498399261402,0.005,0.25789761208042844,0,,"71, 251",FOP3,Frontal_Opercular_Area_3,Insula_FrontalOperc,12.0,114.0,"754, 614",idx_L,71,71.0
6,72.0,2.283926248550415,0,0.001,,0.01118793285079012,0.005,0.023416603641188624,0,,"72, 252",FOP4,Frontal_Opercular_Area_4,Insula_FrontalOperc,12.0,108.0,"2522, 1678",idx_L,72,72.0
6,73.0,2.2506964206695557,0,0.001,,0.012202385816214559,0.005,0.024678982549647423,0,,"73, 253",FOP5,Area_Frontal_Opercular_5,Insula_FrontalOperc,12.0,169.0,"1297, 1365",idx_L,73,73.0
6,74.0,3.809264659881592,1,0.001,+,6.96903507899544e-05,0.005,0.000285096889595268,1,+,"74, 254",Ig,Insular_Granular_Complex,Insula_FrontalOperc,12.0,168.0,"841, 1077",idx_L,74,74.0
6,75.0,2.464587688446045,0,0.001,,0.006858549739514886,0.005,0.015040611520048024,0,,"75, 255",MI,Middle_Insular_Area,Insula_FrontalOperc,12.0,109.0,"2102, 1960",idx_L,75,75.0
6,76.0,-0.5933537483215332,0,0.001,,0.27647221767364694,0.005,0.3139747582413656,0,,"76, 256",PI,Para-Insular_Area,Insula_FrontalOperc,12.0,178.0,"1033, 1058",idx_L,76,76.0
6,77.0,5.036832809448242,1,0.001,+,2.3664891981102818e-07,0.005,2.0778929544382965e-06,1,+,"77, 257",Pir,Pirform_Cortex,Insula_FrontalOperc,12.0,110.0,"2287, 1856",idx_L,77,77.0
6,78.0,4.961432933807373,1,0.001,+,3.4987515683177054e-07,0.005,2.9982197462088565e-06,1,+,"78, 258",PoI1,Area_Posterior_Insular_1,Insula_FrontalOperc,12.0,167.0,"1811, 1835",idx_L,78,78.0
6,79.0,7.774523735046387,1,0.001,+,3.7865895387398586e-15,0.005,1.7039652924329364e-13,1,+,"79, 259",PoI2,Posterior_Insular_Area_2,Insula_FrontalOperc,12.0,106.0,"2747, 2675",idx_L,79,79.0
6,80.0,4.253175258636475,1,0.001,+,1.0538024793891419e-05,0.005,5.196834144932755e-05,1,+,"80, 260",H,Hippocampus,Medial_Temporal,13.0,120.0,"4283, 3626",idx_L,80,80.0
6,81.0,3.217299222946167,1,0.001,+,0.0006470178133367977,0.005,0.002025447067836932,1,+,"81, 261",PreS,PreSubiculum,Medial_Temporal,13.0,119.0,"1817, 1558",idx_L,81,81.0
6,82.0,4.276192665100098,1,0.001,+,9.505835363050178e-06,0.005,4.9595662763740064e-05,1,+,"82, 262",EC,Entorhinal_Cortex,Medial_Temporal,13.0,118.0,"2127, 2110",idx_L,82,82.0
6,83.0,6.299827575683594,1,0.001,+,1.4898846418389855e-10,0.005,2.979769283677971e-09,1,+,"83, 263",PeEc,Perirhinal_Ectorhinal_Cortex,Medial_Temporal,13.0,122.0,"4826, 4755",idx_L,83,83.0
6,84.0,5.79994535446167,1,0.001,+,3.316826666537591e-09,0.005,5.191554782406664e-08,1,+,"84, 264",TF,Area_TF,Medial_Temporal,13.0,135.0,"3986, 4752",idx_L,84,84.0
6,85.0,6.498636722564697,1,0.001,+,4.0525557595622595e-11,0.005,9.118250459015084e-10,1,+,"85, 265",PHA1,ParaHippocampal_Area_1,Medial_Temporal,13.0,126.0,"1281, 1168",idx_L,85,85.0
6,86.0,9.130838394165039,1,0.001,+,3.398542091241381e-20,0.005,3.058687882117243e-18,1,+,"86, 266",PHA2,ParaHippocampal_Area_2,Medial_Temporal,13.0,155.0,"783, 771",idx_L,86,86.0
6,87.0,8.401713371276855,1,0.001,+,2.2000539050729833e-17,0.005,1.1314562940375344e-15,1,+,"87, 267",PHA3,ParaHippocampal_Area_3,Medial_Temporal,13.0,127.0,"2023, 1122",idx_L,87,87.0
6,88.0,6.901906490325928,1,0.001,+,2.565460395579908e-12,0.005,9.235657424087669e-11,1,+,"88, 268",PHT,Area_PHT,Lateral_Temporal,14.0,137.0,"4182, 3410",idx_L,88,88.0
6,89.0,-3.2631144523620605,1,0.001,-,0.0005509750376833631,0.005,0.0017709911925536674,1,-,"89, 269",TE1a,Area_TE1_anterior,Lateral_Temporal,14.0,132.0,"5227, 4180",idx_L,89,89.0
6,90.0,-3.270906686782837,1,0.001,-,0.0005360163860267387,0.005,0.0017447323092653474,1,-,"90, 270",TE1m,Area_TE1_Middle,Lateral_Temporal,14.0,177.0,"3339, 3429",idx_L,90,90.0
6,91.0,2.6597135066986084,0,0.001,,0.003910357202454826,0.005,0.009322705913137334,0,,"91, 271",TE1p,Area_TE1_posterior,Lateral_Temporal,14.0,133.0,"7116, 6010",idx_L,91,91.0
6,92.0,-0.2809637784957886,0,0.001,,0.3893690908865115,0.005,0.4110641428713904,0,,"92, 272",TE2a,Area_TE2_anterior,Lateral_Temporal,14.0,134.0,"5691, 5753",idx_L,92,92.0
6,93.0,9.439326286315918,1,0.001,+,1.875919509862269e-21,0.005,2.718425349745597e-19,1,+,"93, 273",TE2p,Area_TE2_posterior,Lateral_Temporal,14.0,136.0,"4115, 3040",idx_L,93,93.0
6,94.0,-2.5094826221466064,0,0.001,,0.006045408229163033,0.005,0.013950942067299304,0,,"94, 274",TGd,Area_TG_dorsal,Lateral_Temporal,14.0,131.0,"10,192, 10,269",idx_L,94,94.0
6,95.0,1.8347738981246948,0,0.001,,0.03326959881305954,0.005,0.05631304053795623,0,,"95, 275",TGv,Area_TG_Ventral,Lateral_Temporal,14.0,172.0,"3694, 4515",idx_L,95,95.0
6,96.0,-0.05657839775085449,0,0.001,,0.4774405215359123,0.005,0.48145262675890316,0,,"96, 276",PSL,PeriSylvian_Language_Area,TPO,15.0,25.0,"2154, 2759",idx_L,96,96.0
6,97.0,1.6446771621704102,0,0.001,,0.05001820244968634,0.005,0.0814776148501678,0,,"97, 277",STV,Superior_Temporal_Visual_Area,TPO,15.0,28.0,"2322, 2294",idx_L,97,97.0
6,98.0,-0.3233451843261719,0,0.001,,0.37321691905411664,0.005,0.3986886969124095,0,,"98, 278",TPOJ1,Area_TemporoParietoOccipital_Junction_1,TPO,15.0,139.0,"2102, 3938",idx_L,98,98.0
6,99.0,4.866909027099609,1,0.001,+,5.667858817821241e-07,0.005,4.080858348831294e-06,1,+,"99, 279",TPOJ2,Area_TemporoParietoOccipital_Junction_2,TPO,15.0,140.0,"1930, 2068",idx_L,99,99.0
6,100.0,4.912652492523193,1,0.001,+,4.4926224800407247e-07,0.005,3.4411576442865126e-06,1,+,"100, 280",TPOJ3,Area_TemporoParietoOccipital_Junction_3,TPO,15.0,141.0,"1290, 1277",idx_L,100,100.0
6,101.0,2.873967170715332,0,0.001,,0.002026755475602314,0.005,0.005404681268272837,0,,"101, 281",7AL,Lateral_Area_7A,Superior_Parietal,16.0,42.0,"2134, 2030",idx_L,101,101.0
6,102.0,4.560348987579346,1,0.001,+,2.5534338499448897e-06,0.005,1.6126950631230883e-05,1,+,"102, 282",7Am,Medial_Area_7A,Superior_Parietal,16.0,45.0,"2995, 2379",idx_L,102,102.0
6,103.0,0.45670902729034424,0,0.001,,0.32394010072200985,0.005,0.3559462068104947,0,,"103, 283",7PC,Area_7PC,Superior_Parietal,16.0,47.0,"3151, 3415",idx_L,103,103.0
6,104.0,2.1329309940338135,0,0.001,,0.016465193685428346,0.005,0.031197209088180022,0,,"104, 284",7Pl,Lateral_Area_7P,Superior_Parietal,16.0,46.0,"1695, 1363",idx_L,104,104.0
6,105.0,2.276658058166504,0,0.001,,0.011403326478866905,0.005,0.02346903095555551,0,,"105, 285",7Pm,Medial_Area_7P,Superior_Parietal,16.0,29.0,"1601, 1308",idx_L,105,105.0
6,106.0,2.2235665321350098,0,0.001,,0.013088811199640896,0.005,0.025748481048473895,0,,"106, 286",AIP,Anterior_IntraParietal_Area,Superior_Parietal,16.0,117.0,"1999, 2542",idx_L,106,106.0
6,107.0,3.113969087600708,1,0.001,+,0.0009229441404815204,0.005,0.002745949508870639,1,+,"107, 287",LIPd,Area_Lateral_IntraParietal_dorsal,Superior_Parietal,16.0,95.0,"1008, 869",idx_L,107,107.0
6,108.0,0.1762358844280243,0,0.001,,0.4300543151341555,0.005,0.4448837742767126,0,,"108, 288",LIPv,Area_Lateral_IntraParietal_ventral,Superior_Parietal,16.0,48.0,"1681, 1783",idx_L,108,108.0
6,109.0,1.8751213550567627,0,0.001,,0.03038801515250761,0.005,0.05234299260719015,0,,"109, 289",MIP,Medial_IntraParietal_Area,Superior_Parietal,16.0,50.0,"1872, 2403",idx_L,109,109.0
6,110.0,-1.0811258554458618,0,0.001,,0.13982056682707478,0.005,0.18923084232235682,0,,"110, 290",VIP,Ventral_IntraParietal_Complex,Superior_Parietal,16.0,49.0,"1890, 1577",idx_L,110,110.0
6,111.0,1.4102283716201782,0,0.001,,0.07923613043714417,0.005,0.11885419565571625,0,,"111, 291",IP0,Area_IntraParietal_0,Inferior_Parietal,17.0,146.0,"1203, 1239",idx_L,111,111.0
6,112.0,5.35737419128418,1,0.001,+,4.2220062576864175e-08,0.005,4.902975008926163e-07,1,+,"112, 292",IP1,Area_IntraParietal_1,Inferior_Parietal,17.0,145.0,"1692, 1632",idx_L,112,112.0
6,113.0,4.896468639373779,1,0.001,+,4.878710570174811e-07,0.005,3.584358786250882e-06,1,+,"113, 293",IP2,Area_IntraParietal_2,Inferior_Parietal,17.0,144.0,"2102, 1861",idx_L,113,113.0
6,114.0,4.530837059020996,1,0.001,+,2.9375219709310367e-06,0.005,1.792386287347751e-05,1,+,"114, 294",PF,Area_PF_Complex,Inferior_Parietal,17.0,148.0,"5457, 5251",idx_L,114,114.0
6,115.0,-1.5781641006469727,0,0.001,,0.05726395759688817,0.005,0.09041677515298131,0,,"115, 295",PFm,Area_PFm_Complex,Inferior_Parietal,17.0,149.0,"8220, 8141",idx_L,115,115.0
6,116.0,2.9891159534454346,0,0.001,,0.0013989296533878691,0.005,0.003903989730384751,1,,"116, 296",PFop,Area_PF_Opercular,Inferior_Parietal,17.0,147.0,"1797, 1783",idx_L,116,116.0
6,117.0,1.0326441526412964,0,0.001,,0.150885228845471,0.005,0.19970103817782928,0,,"117, 297",PFt,Area_PFt,Inferior_Parietal,17.0,116.0,"1983, 2039",idx_L,117,117.0
6,118.0,0.5870910882949829,0,0.001,,0.27857126622142847,0.005,0.3153636976091643,0,,"118, 298",PGi,Area_PGi,Inferior_Parietal,17.0,150.0,"4791, 4970",idx_L,118,118.0
6,119.0,4.546199798583984,1,0.001,+,2.7311593234198346e-06,0.005,1.69520233867438e-05,1,+,"119, 299",PGp,Area_PGp,Inferior_Parietal,17.0,143.0,"2501, 3740",idx_L,119,119.0
6,120.0,1.2568247318267822,0,0.001,,0.10440855419297962,0.005,0.15034831803789064,0,,"120, 300",PGs,Area_PGs,Inferior_Parietal,17.0,151.0,"4552, 3366",idx_L,120,120.0
6,121.0,-1.8341138362884521,0,0.001,,0.03331854898495744,0.005,0.05631304053795623,0,,"121, 301",23d,Area_23d,Posterior_Cingulate,18.0,32.0,"1261, 1513",idx_L,121,121.0
6,122.0,1.5814696550369263,0,0.001,,0.05688534597130586,0.005,0.09021464559326038,0,,"122, 302",31a,Area_31a,Posterior_Cingulate,18.0,162.0,"1260, 1116",idx_L,122,122.0
6,123.0,-3.061739921569824,0,0.001,,0.001100272802585447,0.005,0.003220310641713503,1,,"123, 303",31pd,Area_31pd,Posterior_Cingulate,18.0,161.0,"1428, 864",idx_L,123,123.0
6,124.0,-2.6179819107055664,0,0.001,,0.004422574695743343,0.005,0.010338486301737683,0,,"124, 304",31pv,Area_31p_ventral,Posterior_Cingulate,18.0,35.0,"950, 1022",idx_L,124,124.0
6,125.0,-0.20129244029521942,0,0.001,,0.42023495668094674,0.005,0.4359786294096277,0,,"125, 305",7 m,Area_7m,Posterior_Cingulate,18.0,30.0,"2128, 2067",idx_L,125,125.0
6,126.0,-3.1302173137664795,1,0.001,-,0.0008733851476976393,0.005,0.0026421735560600854,1,-,"126, 306",d23ab,Area_dorsal_23_a + b,Posterior_Cingulate,18.0,34.0,"1607, 1106",idx_L,126,126.0
6,127.0,2.2408463954925537,0,0.001,,0.0125180132447877,0.005,0.02490740195709939,0,,"127, 307",DVT,Dorsal_Transitional_Visual_Area,Posterior_Cingulate,18.0,142.0,"1806, 2176",idx_L,127,127.0
6,128.0,2.6767704486846924,0,0.001,,0.003716777257984824,0.005,0.008980132972312326,0,,"128, 308",PCV,PreCuneus_Visual_Area,Posterior_Cingulate,18.0,27.0,"2245, 2416",idx_L,128,128.0
6,129.0,6.715855121612549,1,0.001,+,9.348324451757385e-12,0.005,2.5887667712558913e-10,1,+,"129, 309",POS1,Parieto-Occipital_Sulcus_Area_1,Posterior_Cingulate,18.0,31.0,"2531, 2727",idx_L,129,129.0
6,130.0,-0.9161602854728699,0,0.001,,0.17979141607287324,0.005,0.23033775724638567,0,,"130, 310",POS2,Parieto-Occipital_Sulcus_Area_2,Posterior_Cingulate,18.0,15.0,"3261, 3093",idx_L,130,130.0
6,131.0,2.086758613586426,0,0.001,,0.018454979980153156,0.005,0.03478425545997454,0,,"131, 311",ProS,ProStriate_Area,Posterior_Cingulate,18.0,121.0,"1222, 1055",idx_L,131,131.0
6,132.0,-0.7993313670158386,0,0.001,,0.21204914771057448,0.005,0.25789761208042844,0,,"132, 312",RSC,RetroSplenial_Complex,Posterior_Cingulate,18.0,14.0,"2830, 3067",idx_L,132,132.0
6,133.0,2.0191292762756348,0,0.001,,0.02173689234596318,0.005,0.039722239820034234,0,,"133, 313",v23ab,Area_ventral_23_a + b,Posterior_Cingulate,18.0,33.0,"916, 1089",idx_L,133,133.0
6,134.0,0.6078959107398987,0,0.001,,0.2716282559480809,0.005,0.3104322925120924,0,,"134, 314",10r,Area_10r,AntCing_MedPFC,19.0,65.0,"1589, 1053",idx_L,134,134.0
6,135.0,-0.5174088478088379,0,0.001,,0.3024353922956252,0.005,0.33812652554790396,0,,"135, 315",10v,Area_10v,AntCing_MedPFC,19.0,88.0,"3906, 2667",idx_L,135,135.0
6,136.0,1.8275165557861328,0,0.001,,0.033811069635077184,0.005,0.056878434900129844,0,,"136, 316",25,Area_25,AntCing_MedPFC,19.0,164.0,"1911, 2135",idx_L,136,136.0
6,137.0,3.93345308303833,1,0.001,+,4.186709445353365e-05,0.005,0.00018159221690689292,1,+,"137, 317",33pr,Area_33_prime,AntCing_MedPFC,19.0,58.0,"1354, 1316",idx_L,137,137.0
6,138.0,0.42128756642341614,0,0.001,,0.3367725541661378,0.005,0.36738824090851396,0,,"138, 318",8BM,Area_8BM,AntCing_MedPFC,19.0,63.0,"3122, 3436",idx_L,138,138.0
6,139.0,-3.6471354961395264,1,0.001,-,0.00013259005212790836,0.005,0.0005132518146886776,1,-,"139, 319",9 m,Area_9_Middle,AntCing_MedPFC,19.0,69.0,"6338, 5881",idx_L,139,139.0
6,140.0,1.3170709609985352,0,0.001,,0.09390741986831963,0.005,0.1373308999101767,0,,"140, 320",a24,Area_a24,AntCing_MedPFC,19.0,61.0,"2085, 2152",idx_L,140,140.0
6,141.0,1.9381403923034668,0,0.001,,0.02630304832682794,0.005,0.046688903377104345,0,,"141, 321",a24pr,Anterior_24_prime,AntCing_MedPFC,19.0,59.0,"1095, 1474",idx_L,141,141.0
6,142.0,0.1725940853357315,0,0.001,,0.43148525067279586,0.005,0.44508507232723926,0,,"142, 322",a32pr,Area_anterior_32_prime,AntCing_MedPFC,19.0,179.0,"1759, 1118",idx_L,142,142.0
6,143.0,-2.2764830589294434,0,0.001,,0.011408556714506152,0.005,0.02346903095555551,0,,"143, 323",d32,Area_dorsal_32,AntCing_MedPFC,19.0,62.0,"2228, 2374",idx_L,143,143.0
6,144.0,0.6375170350074768,0,0.001,,0.2618940587192962,0.005,0.3012200036388072,0,,"144, 324",p24,Area_posterior_24,AntCing_MedPFC,19.0,180.0,"2394, 2442",idx_L,144,144.0
6,145.0,4.14810848236084,1,0.001,+,1.6761677465119835e-05,0.005,7.542754859303925e-05,1,+,"145, 325",p24pr,Area_Posterior_24_prime,AntCing_MedPFC,19.0,57.0,"1422, 1724",idx_L,145,145.0
6,146.0,1.325085997581482,0,0.001,,0.09257131490454185,0.005,0.13602315659442885,0,,"146, 326",p32,Area_p32,AntCing_MedPFC,19.0,64.0,"1180, 1765",idx_L,146,146.0
6,147.0,2.5063514709472656,0,0.001,,0.006099214804759857,0.005,0.01398546069881241,0,,"147, 327",p32pr,Area_p32_prime,AntCing_MedPFC,19.0,60.0,"1569, 1305",idx_L,147,147.0
6,148.0,1.6495096683502197,0,0.001,,0.04952163205060753,0.005,0.08103539790099414,0,,"148, 328",pOFC,Posterior_OFC_Complex,AntCing_MedPFC,19.0,166.0,"2486, 2836",idx_L,148,148.0
6,149.0,1.8756033182144165,0,0.001,,0.03035488521867692,0.005,0.05234299260719015,0,,"149, 329",s32,Area_s32,AntCing_MedPFC,19.0,165.0,"604, 1015",idx_L,149,149.0
6,150.0,-0.8135455846786499,0,0.001,,0.20795266093205833,0.005,0.25550497588921844,0,,"150, 330",10d,Area_10d,OrbPolaFrontal,20.0,72.0,"3644, 3096",idx_L,150,150.0
6,151.0,-0.013061421923339367,0,0.001,,0.49478939470856104,0.005,0.49478939470856104,0,,"151, 331",10 pp,Polar_10p,OrbPolaFrontal,20.0,90.0,"1997, 2487",idx_L,151,151.0
6,152.0,1.536185383796692,0,0.001,,0.06224645986154199,0.005,0.09617478776890608,0,,"152, 332",11 l,Area_11l,OrbPolaFrontal,20.0,91.0,"3531, 3793",idx_L,152,152.0
6,153.0,5.041694641113281,1,0.001,+,2.3071359439532536e-07,0.005,2.076422349557928e-06,1,+,"153, 333",13 l,Area_13l,OrbPolaFrontal,20.0,92.0,"2429, 1757",idx_L,153,153.0
6,154.0,4.163054943084717,1,0.001,+,1.5700888414542367e-05,0.005,7.246563883634939e-05,1,+,"154, 334",47 m,Area_47m,OrbPolaFrontal,20.0,66.0,"799, 781",idx_L,154,154.0
6,155.0,-2.0609378814697266,0,0.001,,0.019654483359427478,0.005,0.036472237161824184,0,,"155, 335",47 s,Area_47s,OrbPolaFrontal,20.0,94.0,"2795, 3080",idx_L,155,155.0
6,156.0,0.48475924134254456,0,0.001,,0.3139235690208513,0.005,0.34666406394940635,0,,"156, 336",a10p,Area_anterior_10p,OrbPolaFrontal,20.0,89.0,"1964, 1748",idx_L,156,156.0
6,157.0,-1.1471952199935913,0,0.001,,0.1256504733425579,0.005,0.17264950535618645,0,,"157, 337",OFC,Orbital_Frontal_Complex,OrbPolaFrontal,20.0,93.0,"4560, 5232",idx_L,157,157.0
6,158.0,-0.8721574544906616,0,0.001,,0.191561243043066,0.005,0.24112604019406908,0,,"158, 338",p10p,Area_posterior_10p,OrbPolaFrontal,20.0,170.0,"2116, 2365",idx_L,158,158.0
6,159.0,0.022512774914503098,0,0.001,,0.4910194608375293,0.005,0.4923872030682745,0,,"159, 339",44,Area_44,Inferior_Frontal,21.0,74.0,"2435, 2589",idx_L,159,159.0
6,160.0,-3.8830783367156982,1,0.001,-,5.1571160242031136e-05,0.005,0.00021726327208112305,1,-,"160, 340",45,Area_45,Inferior_Frontal,21.0,75.0,"3762, 2962",idx_L,160,160.0
6,161.0,-2.5031328201293945,0,0.001,,0.006154966882887561,0.005,0.014023975176199507,0,,"161, 341",47 l,Area_47l_(47_lateral),Inferior_Frontal,21.0,76.0,"2527, 2592",idx_L,161,161.0
6,162.0,-0.9924816489219666,0,0.001,,0.1604813134950217,0.005,0.21085136079637887,0,,"162, 342",a47r,Area_anterior_47r,Inferior_Frontal,21.0,77.0,"4167, 3763",idx_L,162,162.0
6,163.0,7.170413494110107,1,0.001,+,3.738579051152585e-13,0.005,1.495431620461034e-11,1,+,"163, 343",IFJa,Area_IFJa,Inferior_Frontal,21.0,79.0,"1513, 1405",idx_L,163,163.0
6,164.0,5.460943222045898,1,0.001,+,2.3680575626292243e-08,0.005,2.9396576639535196e-07,1,+,"164, 344",IFJp,Area_IFJp,Inferior_Frontal,21.0,80.0,"960, 740",idx_L,164,164.0
6,165.0,9.538750648498535,1,0.001,+,7.228165821711223e-22,0.005,2.60213969581604e-19,1,+,"165, 345",IFSa,Area_IFSa,Inferior_Frontal,21.0,82.0,"2057, 2641",idx_L,165,165.0
6,166.0,4.924834728240967,1,0.001,+,4.2215842218016805e-07,0.005,3.3392521243277678e-06,1,+,"166, 346",IFSp,Area_IFSp,Inferior_Frontal,21.0,81.0,"1589, 1730",idx_L,166,166.0
6,167.0,2.851055383682251,0,0.001,,0.002178718948065421,0.005,0.005642725333119075,0,,"167, 347",p47r,Area_posterior_47r,Inferior_Frontal,21.0,171.0,"2133, 1761",idx_L,167,167.0
6,168.0,4.4934468269348145,1,0.001,+,3.5039762895669256e-06,0.005,2.0679204331870383e-05,1,+,"168, 348",46,Area_46,Dorsolateral_Prefrontal,22.0,84.0,"4863, 4394",idx_L,168,168.0
6,169.0,4.012284755706787,1,0.001,+,3.006695050499614e-05,0.005,0.00013200124611949525,1,+,"169, 349",8Ad,Area_8Ad,Dorsolateral_Prefrontal,22.0,68.0,"3386, 3492",idx_L,169,169.0
6,170.0,-2.0258615016937256,0,0.001,,0.021389489674694288,0.005,0.03928681776984665,0,,"170, 350",8Av,Area_8Av,Dorsolateral_Prefrontal,22.0,67.0,"4807, 5902",idx_L,170,170.0
6,171.0,-4.922749996185303,1,0.001,-,4.266822158863259e-07,0.005,3.3392521243277678e-06,1,-,"171, 351",8BL,Area_8B_Lateral,Dorsolateral_Prefrontal,22.0,70.0,"3377, 4078",idx_L,171,171.0
6,172.0,2.1600828170776367,0,0.001,,0.015383129481917068,0.005,0.02945705645473481,0,,"172, 352",8C,Area_8C,Dorsolateral_Prefrontal,22.0,73.0,"4085, 3134",idx_L,172,172.0
6,173.0,0.7182297706604004,0,0.001,,0.23630781227364417,0.005,0.2798381987451049,0,,"173, 353",9-46d,Area_9-46d,Dorsolateral_Prefrontal,22.0,86.0,"4534, 4666",idx_L,173,173.0
6,174.0,-4.156599998474121,1,0.001,-,1.6150941021472624e-05,0.005,7.359922490797652e-05,1,-,"174, 354",9a,Area_9_anterior,Dorsolateral_Prefrontal,22.0,87.0,"3706, 3048",idx_L,174,174.0
6,175.0,-2.5123450756073,0,0.001,,0.005996587573795305,0.005,0.013927558235911677,0,,"175, 355",9p,Area_9_Posterior,Dorsolateral_Prefrontal,22.0,71.0,"3426, 2488",idx_L,175,175.0
6,176.0,0.35277485847473145,0,0.001,,0.36212861676511476,0.005,0.3914903965028268,0,,"176, 356",a9-46v,Area_anterior_9-46v,Dorsolateral_Prefrontal,22.0,85.0,"3314, 2628",idx_L,176,176.0
6,177.0,4.5245561599731445,1,0.001,+,3.0261190522034177e-06,0.005,1.8156714313220505e-05,1,+,"177, 357",i6-8,Inferior_6-8_Transitional_Area,Dorsolateral_Prefrontal,22.0,97.0,"1764, 2418",idx_L,177,177.0
6,178.0,4.4196553230285645,1,0.001,+,4.942922370544151e-06,0.005,2.8700839570901522e-05,1,+,"178, 358",p9-46v,Area_posterior_9-46v,Dorsolateral_Prefrontal,22.0,83.0,"2871, 4635",idx_L,178,178.0
6,179.0,0.3334551155567169,0,0.001,,0.36939538254615123,0.005,0.39696220213914757,0,,"179, 359",s6-8,Superior_6-8_Transitional_Area,Dorsolateral_Prefrontal,22.0,98.0,"1336, 2132",idx_L,179,179.0
6,180.0,-6.143629550933838,1,0.001,-,4.0328414731379916e-10,0.005,7.641173317524615e-09,1,-,"180, 360",SFL,Superior_Frontal_Language_Area,Dorsolateral_Prefrontal,22.0,26.0,"3873, 3055",idx_L,180,180.0
6,181.0,0.32715022563934326,0,0.001,,0.3717771326942097,0.005,0.3983326421723675,0,,"1, 181",V1,Primary_Visual_Cortex,Primary_Visual,1.0,1.0,"13,812, 13,406",idx_R,181,181.0
6,182.0,-1.0442525148391724,0,0.001,,0.14818428805445338,0.005,0.19831354535168483,0,,"2, 182",V2,Second_Visual_Area,Early_Visual,2.0,4.0,"9515, 9420",idx_R,182,182.0
6,183.0,-2.25844407081604,0,0.001,,0.011958993879603452,0.005,0.02446157839009797,0,,"3, 183",V3,Third_Visual_Area,Early_Visual,2.0,5.0,"7106, 7481",idx_R,183,183.0
6,184.0,-3.561798334121704,1,0.001,-,0.00018416163073507242,0.005,0.0006715222703549238,1,-,"4, 184",V4,Fourth_Visual_Area,Early_Visual,2.0,6.0,"4782, 4537",idx_R,184,184.0
6,185.0,-1.894957423210144,0,0.001,,0.029049021291306817,0.005,0.05052003702835968,0,,"5, 185",IPS1,IntraParietal_Sulcus_Area_1,Dorsal_Stream_Visual,3.0,17.0,"1751, 1750",idx_R,185,185.0
6,186.0,-1.6414169073104858,0,0.001,,0.050355451301166046,0.005,0.08165748859648549,0,,"6, 186",V3A,Area_V3A,Dorsal_Stream_Visual,3.0,13.0,"2191, 2212",idx_R,186,186.0
6,187.0,-4.25877571105957,1,0.001,-,1.0277479137536755e-05,0.005,5.196834144932755e-05,1,-,"7, 187",V3B,Area_V3B,Dorsal_Stream_Visual,3.0,19.0,"639, 731",idx_R,187,187.0
6,188.0,-0.8428868651390076,0,0.001,,0.19964586009607854,0.005,0.2478362401192699,0,,"8, 188",V6,Sixth_Visual_Area,Dorsal_Stream_Visual,3.0,3.0,"1402, 1559",idx_R,188,188.0
6,189.0,-0.6000279188156128,0,0.001,,0.2742438145917492,0.005,0.312429662193132,0,,"9, 189",V6A,Area_V6A,Dorsal_Stream_Visual,3.0,152.0,"904, 734",idx_R,189,189.0
6,190.0,-2.1859874725341797,0,0.001,,0.01440826093287024,0.005,0.027886956644264983,0,,"10, 190",V7,Seventh_Visual_Area,Dorsal_Stream_Visual,3.0,16.0,"1005, 1041",idx_R,190,190.0
6,191.0,-0.4307992458343506,0,0.001,,0.33330717399335813,0.005,0.3647130171355894,0,,"11, 191",FFC,Fusiform_Face_Complex,Ventral_Stream_Visual,4.0,18.0,"3848, 4402",idx_R,191,191.0
6,192.0,-3.2325072288513184,1,0.001,-,0.0006135451557432298,0.005,0.0019375110181365151,1,-,"12, 192",PIT,Posterior_InferoTemporal_complex,Ventral_Stream_Visual,4.0,22.0,"1392, 1386",idx_R,192,192.0
6,193.0,-2.868777275085449,0,0.001,,0.0020603092461295843,0.005,0.005453759769166546,0,,"13, 193",V8,Eighth_Visual_Area,Ventral_Stream_Visual,4.0,7.0,"1361, 1175",idx_R,193,193.0
6,194.0,-2.0762369632720947,0,0.001,,0.018936020095004672,0.005,0.03550503767813376,0,,"14, 194",VMV1,VentroMedial_Visual_Area_1,Ventral_Stream_Visual,4.0,153.0,"939, 1219",idx_R,194,194.0
6,195.0,-2.768214225769043,0,0.001,,0.0028182196398889438,0.005,0.007144782185633943,0,,"15, 195",VMV2,VentroMedial_Visual_Area_2,Ventral_Stream_Visual,4.0,160.0,"639, 923",idx_R,195,195.0
6,196.0,-4.228560447692871,1,0.001,-,1.1759566489526407e-05,0.005,5.720870184093928e-05,1,-,"16, 196",VMV3,VentroMedial_Visual_Area_3,Ventral_Stream_Visual,4.0,154.0,"941, 1242",idx_R,196,196.0
6,197.0,-1.2037211656570435,0,0.001,,0.11434868435134982,0.005,0.1601771453948869,0,,"17, 197",VVC,Ventral_Visual_Complex,Ventral_Stream_Visual,4.0,163.0,"2487, 2753",idx_R,197,197.0
6,198.0,1.000049352645874,0,0.001,,0.15864331233065998,0.005,0.209199972304167,0,,"18, 198",FST,Area_FST,MT + _Complex,5.0,157.0,"1324, 1683",idx_R,198,198.0
6,199.0,-4.37322473526001,1,0.001,-,6.121229051690385e-06,0.005,3.2890185949381176e-05,1,-,"19, 199",LO1,Area_Lateral_Occipital_1,MT + _Complex,5.0,20.0,"619, 909",idx_R,199,199.0
6,200.0,-2.854329824447632,0,0.001,,0.0021563865269614104,0.005,0.005625356157290636,0,,"20, 200",LO2,Area_Lateral_Occipital_2,MT + _Complex,5.0,21.0,"1179, 1062",idx_R,200,200.0
6,201.0,0.33543896675109863,0,0.001,,0.3686469888347176,0.005,0.39696220213914757,0,,"21, 201",LO3,Area_Lateral_Occipital_3,MT + _Complex,5.0,159.0,"438, 915",idx_R,201,201.0
6,202.0,3.5627970695495605,1,0.001,+,0.00018346215949381978,0.005,0.0006715222703549238,1,+,"22, 202",MST,Medial_Superior_Temporal_Area,MT + _Complex,5.0,2.0,"794, 1036",idx_R,202,202.0
6,203.0,3.0643136501312256,0,0.001,,0.0010908502298688496,0.005,0.003218902317645786,1,,"23, 203",MT,Middle_Temporal_Area,MT + _Complex,5.0,23.0,"620, 1005",idx_R,203,203.0
6,204.0,-1.6058441400527954,0,0.001,,0.05415407975654484,0.005,0.08703334246587564,0,,"24, 204",PH,Area_PH,MT + _Complex,5.0,138.0,"3453, 3205",idx_R,204,204.0
6,205.0,-4.956907272338867,1,0.001,-,3.5812069190828005e-07,0.005,2.9982197462088565e-06,1,-,"25, 205",V3CD,Area_V3CD,MT + _Complex,5.0,158.0,"876, 1222",idx_R,205,205.0
6,206.0,-0.7337103486061096,0,0.001,,0.23156264500612966,0.005,0.27603494106690957,0,,"26, 206",V4t,Area_V4t,MT + _Complex,5.0,156.0,"1037, 1249",idx_R,206,206.0
6,207.0,2.1800925731658936,0,0.001,,0.014625300091239326,0.005,0.028155657929658594,0,,"27, 207",1,Area_1,SomaSens_Motor,6.0,51.0,"6590, 5925",idx_R,207,207.0
6,208.0,2.2430529594421387,0,0.001,,0.012446699797144646,0.005,0.02490740195709939,0,,"28, 208",2,Area_2,SomaSens_Motor,6.0,52.0,"4278, 4727",idx_R,208,208.0
6,209.0,3.4737672805786133,1,0.001,+,0.00025660297003341154,0.005,0.0008968647496313412,1,+,"29, 209",3a,Area_3a,SomaSens_Motor,6.0,53.0,"2247, 2286",idx_R,209,209.0
6,210.0,3.328441858291626,1,0.001,+,0.00043666615989382376,0.005,0.0014691571734745472,1,+,"30, 210",3b,Primary_Sensory_Cortex,SomaSens_Motor,6.0,9.0,"5451, 4350",idx_R,210,210.0
6,211.0,3.274106502532959,1,0.001,+,0.0005299832652901669,0.005,0.0017447323092653474,1,+,"31, 211",4,Primary_Motor_Cortex,SomaSens_Motor,6.0,8.0,"10,776, 10,254",idx_R,211,211.0
6,212.0,5.288360118865967,1,0.001,+,6.170890808046956e-08,0.005,6.942252159052825e-07,1,+,"32, 212",23c,Area_23c,ParaCentral_MidCing,7.0,38.0,"2259, 2498",idx_R,212,212.0
6,213.0,4.201634407043457,1,0.001,+,1.3249741991188888e-05,0.005,6.276193574773683e-05,1,+,"33, 213",24dd,Dorsal_Area_24d,ParaCentral_MidCing,7.0,40.0,"2665, 2820",idx_R,213,213.0
6,214.0,3.7110774517059326,1,0.001,+,0.00010318947060708114,0.005,0.00040378488498423056,1,+,"34, 214",24dv,Ventral_Area_24d,ParaCentral_MidCing,7.0,41.0,"1076, 1349",idx_R,214,214.0
6,215.0,2.697763442993164,0,0.001,,0.0034903513122453225,0.005,0.008606345701426822,0,,"35, 215",5L,Area_5L,ParaCentral_MidCing,7.0,39.0,"2249, 2327",idx_R,215,215.0
6,216.0,3.8815248012542725,1,0.001,+,5.1901781663823834e-05,0.005,0.00021726327208112305,1,+,"36, 216",5 m,Area_5m,ParaCentral_MidCing,7.0,36.0,"1483, 2079",idx_R,216,216.0
6,217.0,4.803268909454346,1,0.001,+,7.80480108314291e-07,0.005,5.509271352806759e-06,1,+,"37, 217",5mv,Area_5m_ventral,ParaCentral_MidCing,7.0,37.0,"1651, 1996",idx_R,217,217.0
6,218.0,3.4291434288024902,1,0.001,+,0.000302744729336532,0.005,0.001047962524626457,1,+,"38, 218",6ma,Area_6m_anterior,ParaCentral_MidCing,7.0,44.0,"3941, 4251",idx_R,218,218.0
6,219.0,1.9037699699401855,0,0.001,,0.028470074585311724,0.005,0.04975352840151563,0,,"39, 219",6mp,Area_6mp,ParaCentral_MidCing,7.0,55.0,"3701, 3105",idx_R,219,219.0
6,220.0,1.1319528818130493,0,0.001,,0.1288271221634265,0.005,0.1756733484046725,0,,"40, 220",SCEF,Supplementary_and_Cingulate_Eye_Field,ParaCentral_MidCing,7.0,43.0,"3500, 3371",idx_R,220,220.0
6,221.0,-1.9183322191238403,0,0.001,,0.027534449783160664,0.005,0.04859020549969529,0,,"41, 221",55b,Area_55b,Premotor,8.0,12.0,"2422, 1537",idx_R,221,221.0
6,222.0,3.401855707168579,1,0.001,+,0.00033464982755320594,0.005,0.0011473708373252775,1,+,"42, 222",6a,Area_6_anterior,Premotor,8.0,96.0,"4233, 3752",idx_R,222,222.0
6,223.0,1.0363224744796753,0,0.001,,0.15002586229527992,0.005,0.1992963484365342,0,,"43, 223",6d,Dorsal_area_6,Premotor,8.0,54.0,"2916, 2909",idx_R,223,223.0
6,224.0,2.2805564403533936,0,0.001,,0.011287353694588411,0.005,0.02346903095555551,0,,"44, 224",6r,Rostral_Area_6,Premotor,8.0,78.0,"3029, 3981",idx_R,224,224.0
6,225.0,0.5318671464920044,0,0.001,,0.2974090065151468,0.005,0.3345851323295401,0,,"45, 225",6v,Ventral_Area_6,Premotor,8.0,56.0,"2075, 2516",idx_R,225,225.0
6,226.0,1.5584360361099243,0,0.001,,0.05956495987396545,0.005,0.09323211110707635,0,,"46, 226",FEF,Frontal_Eye_Fields,Premotor,8.0,10.0,"1787, 1889",idx_R,226,226.0
6,227.0,0.9745887517929077,0,0.001,,0.16488214768475623,0.005,0.2146560617969889,0,,"47, 227",PEF,Premotor_Eye_Field,Premotor,8.0,11.0,"1006, 1258",idx_R,227,227.0
6,228.0,0.5265244245529175,0,0.001,,0.29926194318630067,0.005,0.3356208708631409,0,,"48, 228",43,Area_43,Posterior_Opercular,9.0,99.0,"1889, 1678",idx_R,228,228.0
6,229.0,1.2895069122314453,0,0.001,,0.09861095742137332,0.005,0.1431449381923161,0,,"49, 229",FOP1,Frontal_Opercular_Area_1,Posterior_Opercular,9.0,113.0,"879, 932",idx_R,229,229.0
6,230.0,1.2290726900100708,0,0.001,,0.10952227672991971,0.005,0.15584197479356166,0,,"50, 230",OP1,Area_OP1-SII,Posterior_Opercular,9.0,101.0,"1275, 1072",idx_R,230,230.0
6,231.0,2.332322120666504,0,0.001,,0.009841875837226451,0.005,0.02096494261184333,0,,"51, 231",OP2-3,Area_OP2-3-VS,Posterior_Opercular,9.0,102.0,"943, 792",idx_R,231,231.0
6,232.0,0.8921624422073364,0,0.001,,0.18615293493721957,0.005,0.23680232006148072,0,,"52, 232",OP4,Area_OP4-PV,Posterior_Opercular,9.0,100.0,"2332, 2409",idx_R,232,232.0
6,233.0,-0.5063084363937378,0,0.001,,0.3063200707525181,0.005,0.34035563416946457,0,,"53, 233",52,Area_52,Early_Auditory,10.0,103.0,"725, 580",idx_R,233,233.0
6,234.0,-2.6268086433410645,0,0.001,,0.004309489413328374,0.005,0.01013997509018441,0,,"54, 234",A1,Primary_Auditory_Cortex,Early_Auditory,10.0,24.0,"1023, 796",idx_R,234,234.0
6,235.0,-4.661654949188232,1,0.001,-,1.5683838687409506e-06,0.005,1.0265785322668041e-05,1,-,"55, 235",LBelt,Lateral_Belt_Complex,Early_Auditory,10.0,174.0,"820, 901",idx_R,235,235.0
6,236.0,-2.3522696495056152,0,0.001,,0.009329621432940105,0.005,0.020232913950954445,0,,"56, 236",MBelt,Medial_Belt_Complex,Early_Auditory,10.0,173.0,"1242, 1236",idx_R,236,236.0
6,237.0,-5.177587032318115,1,0.001,-,1.1238704759951333e-07,0.005,1.1559810610235658e-06,1,-,"57, 237",PBelt,ParaBelt_Complex,Early_Auditory,10.0,124.0,"1719, 1439",idx_R,237,237.0
6,238.0,2.3448545932769775,0,0.001,,0.009517250624679702,0.005,0.020516228891525108,0,,"58, 238",PFcm,Area_PFcm,Early_Auditory,10.0,105.0,"1486, 1485",idx_R,238,238.0
6,239.0,-0.22860950231552124,0,0.001,,0.4095862191808836,0.005,0.427394315667009,0,,"59, 239",RI,RetroInsular_Cortex,Early_Auditory,10.0,104.0,"1149, 1334",idx_R,239,239.0
6,240.0,-6.644330024719238,1,0.001,-,1.522996949797883e-11,0.005,3.916277870908842e-10,1,-,"60, 240",A4,Auditory_4_Complex,Auditory_Association,11.0,175.0,"3514, 3610",idx_R,240,240.0
6,241.0,-9.419539451599121,1,0.001,-,2.2653544581213307e-21,0.005,2.718425349745597e-19,1,-,"61, 241",A5,Auditory_5_Complex,Auditory_Association,11.0,125.0,"3346, 3881",idx_R,241,241.0
6,242.0,-5.7136077880859375,1,0.001,-,5.530287995708392e-09,0.005,7.963614713820085e-08,1,-,"62, 242",STGa,Area_STGa,Auditory_Association,11.0,123.0,"2509, 2187",idx_R,242,242.0
6,243.0,-5.432373046875,1,0.001,-,2.7804757540487255e-08,0.005,3.3365709048584705e-07,1,-,"63, 243",STSda,Area_STSd_anterior,Auditory_Association,11.0,128.0,"1944, 2389",idx_R,243,243.0
6,244.0,-8.591522216796875,1,0.001,-,4.2912304639611504e-18,0.005,2.57473827837669e-16,1,-,"64, 244",STSdp,Area_STSd_posterior,Auditory_Association,11.0,129.0,"1994, 2605",idx_R,244,244.0
6,245.0,-2.252575397491455,0,0.001,,0.012142966902049725,0.005,0.024678982549647423,0,,"65, 245",STSva,Area_STSv_anterior,Auditory_Association,11.0,176.0,"1694, 1900",idx_R,245,245.0
6,246.0,-4.384382247924805,1,0.001,-,5.815768899398911e-06,0.005,3.2210412365901664e-05,1,-,"66, 246",STSvp,Area_STSv_posterior,Auditory_Association,11.0,130.0,"2898, 2515",idx_R,246,246.0
6,247.0,-2.961617946624756,0,0.001,,0.0015301362838255007,0.005,0.004237300478286002,1,,"67, 247",TA2,Area_TA2,Auditory_Association,11.0,107.0,"1518, 1726",idx_R,247,247.0
6,248.0,-0.9270556569099426,0,0.001,,0.17694881883207325,0.005,0.22832105655751386,0,,"68, 248",AAIC,Anterior_Agranular_Insula_Complex,Insula_FrontalOperc,12.0,112.0,"1859, 1691",idx_R,248,248.0
6,249.0,2.2032206058502197,0,0.001,,0.01378960182297827,0.005,0.02697965574060966,0,,"69, 249",AVI,Anterior_Ventral_Insular_Area,Insula_FrontalOperc,12.0,111.0,"1446, 1792",idx_R,249,249.0
6,250.0,1.3672009706497192,0,0.001,,0.08578116059978447,0.005,0.12813783326108882,0,,"70, 250",FOP2,Frontal_Opercular_Area_2,Insula_FrontalOperc,12.0,115.0,"750, 720",idx_R,250,250.0
6,251.0,1.4906597137451172,0,0.001,,0.06802542905620969,0.005,0.1042091679158957,0,,"71, 251",FOP3,Frontal_Opercular_Area_3,Insula_FrontalOperc,12.0,114.0,"754, 614",idx_R,251,251.0
6,252.0,2.48543119430542,0,0.001,,0.0064697299033390394,0.005,0.014556892282512838,0,,"72, 252",FOP4,Frontal_Opercular_Area_4,Insula_FrontalOperc,12.0,108.0,"2522, 1678",idx_R,252,252.0
6,253.0,0.2764355540275574,0,0.001,,0.39110677601203947,0.005,0.4116913431705678,0,,"73, 253",FOP5,Area_Frontal_Opercular_5,Insula_FrontalOperc,12.0,169.0,"1297, 1365",idx_R,253,253.0
6,254.0,1.2064274549484253,0,0.001,,0.11382635764386162,0.005,0.1600683154366804,0,,"74, 254",Ig,Insular_Granular_Complex,Insula_FrontalOperc,12.0,168.0,"841, 1077",idx_R,254,254.0
6,255.0,2.0261998176574707,0,0.001,,0.021372156164603022,0.005,0.03928681776984665,0,,"75, 255",MI,Middle_Insular_Area,Insula_FrontalOperc,12.0,109.0,"2102, 1960",idx_R,255,255.0
6,256.0,0.3602566123008728,0,0.001,,0.35932762115411354,0.005,0.38987181658365877,0,,"76, 256",PI,Para-Insular_Area,Insula_FrontalOperc,12.0,178.0,"1033, 1058",idx_R,256,256.0
6,257.0,2.687012195587158,0,0.001,,0.0036047160211349553,0.005,0.00876822815951746,0,,"77, 257",Pir,Pirform_Cortex,Insula_FrontalOperc,12.0,110.0,"2287, 1856",idx_R,257,257.0
6,258.0,0.8053560853004456,0,0.001,,0.2103071127958845,0.005,0.25751891362761364,0,,"78, 258",PoI1,Area_Posterior_Insular_1,Insula_FrontalOperc,12.0,167.0,"1811, 1835",idx_R,258,258.0
6,259.0,3.6230921745300293,1,0.001,+,0.00014555101376306312,0.005,0.0005574294144117311,1,+,"79, 259",PoI2,Posterior_Insular_Area_2,Insula_FrontalOperc,12.0,106.0,"2747, 2675",idx_R,259,259.0
6,260.0,3.595801591873169,1,0.001,+,0.0001616971091275728,0.005,0.0006127469398518547,1,+,"80, 260",H,Hippocampus,Medial_Temporal,13.0,120.0,"4283, 3626",idx_R,260,260.0
6,261.0,1.3617024421691895,0,0.001,,0.08664590511849535,0.005,0.12836430387925235,0,,"81, 261",PreS,PreSubiculum,Medial_Temporal,13.0,119.0,"1817, 1558",idx_R,261,261.0
6,262.0,3.338501453399658,1,0.001,+,0.00042115794838613717,0.005,0.0014303477492359376,1,+,"82, 262",EC,Entorhinal_Cortex,Medial_Temporal,13.0,118.0,"2127, 2110",idx_R,262,262.0
6,263.0,4.89933443069458,1,0.001,+,4.808092237811607e-07,0.005,3.584358786250882e-06,1,+,"83, 263",PeEc,Perirhinal_Ectorhinal_Cortex,Medial_Temporal,13.0,122.0,"4826, 4755",idx_R,263,263.0
6,264.0,8.651759147644043,1,0.001,+,2.5355791200752914e-18,0.005,1.8256169664542098e-16,1,+,"84, 264",TF,Area_TF,Medial_Temporal,13.0,135.0,"3986, 4752",idx_R,264,264.0
6,265.0,4.7606682777404785,1,0.001,+,9.647648611569467e-07,0.005,6.553119811632091e-06,1,+,"85, 265",PHA1,ParaHippocampal_Area_1,Medial_Temporal,13.0,126.0,"1281, 1168",idx_R,265,265.0
6,266.0,5.759094715118408,1,0.001,+,4.228312178100191e-09,0.005,6.342468267150286e-08,1,+,"86, 266",PHA2,ParaHippocampal_Area_2,Medial_Temporal,13.0,155.0,"783, 771",idx_R,266,266.0
6,267.0,3.5610766410827637,1,0.001,+,0.00018466862434760405,0.005,0.0006715222703549238,1,+,"87, 267",PHA3,ParaHippocampal_Area_3,Medial_Temporal,13.0,127.0,"2023, 1122",idx_R,267,267.0
6,268.0,2.956679105758667,0,0.001,,0.0015548578327700868,0.005,0.004272891754177338,1,,"88, 268",PHT,Area_PHT,Lateral_Temporal,14.0,137.0,"4182, 3410",idx_R,268,268.0
6,269.0,-2.8125860691070557,0,0.001,,0.002457243462548354,0.005,0.00631862604655291,0,,"89, 269",TE1a,Area_TE1_anterior,Lateral_Temporal,14.0,132.0,"5227, 4180",idx_R,269,269.0
6,270.0,-2.8558175563812256,0,0.001,,0.0021463086030074578,0.005,0.005625356157290636,0,,"90, 270",TE1m,Area_TE1_Middle,Lateral_Temporal,14.0,177.0,"3339, 3429",idx_R,270,270.0
6,271.0,1.5475401878356934,0,0.001,,0.06086652077420782,0.005,0.09485691549227193,0,,"91, 271",TE1p,Area_TE1_posterior,Lateral_Temporal,14.0,133.0,"7116, 6010",idx_R,271,271.0
6,272.0,-1.9378533363342285,0,0.001,,0.026320559213178885,0.005,0.046688903377104345,0,,"92, 272",TE2a,Area_TE2_anterior,Lateral_Temporal,14.0,134.0,"5691, 5753",idx_R,272,272.0
6,273.0,4.374587535858154,1,0.001,+,6.083114816774569e-06,0.005,3.2890185949381176e-05,1,+,"93, 273",TE2p,Area_TE2_posterior,Lateral_Temporal,14.0,136.0,"4115, 3040",idx_R,273,273.0
6,274.0,-2.1961183547973633,0,0.001,,0.014041736577703629,0.005,0.027324460367423278,0,,"94, 274",TGd,Area_TG_dorsal,Lateral_Temporal,14.0,131.0,"10,192, 10,269",idx_R,274,274.0
6,275.0,1.738280177116394,0,0.001,,0.041080728744752694,0.005,0.06815236105120262,0,,"95, 275",TGv,Area_TG_Ventral,Lateral_Temporal,14.0,172.0,"3694, 4515",idx_R,275,275.0
6,276.0,2.4627597332000732,0,0.001,,0.006893613613355345,0.005,0.015040611520048024,0,,"96, 276",PSL,PeriSylvian_Language_Area,TPO,15.0,25.0,"2154, 2759",idx_R,276,276.0
6,277.0,4.176417350769043,1,0.001,+,1.4806813531156815e-05,0.005,6.922666066514875e-05,1,+,"97, 277",STV,Superior_Temporal_Visual_Area,TPO,15.0,28.0,"2322, 2294",idx_R,277,277.0
6,278.0,0.26353418827056885,0,0.001,,0.3960694380610261,0.005,0.4156997017550128,0,,"98, 278",TPOJ1,Area_TemporoParietoOccipital_Junction_1,TPO,15.0,139.0,"2102, 3938",idx_R,278,278.0
6,279.0,5.196333885192871,1,0.001,+,1.0162852958308046e-07,0.005,1.0760667838208519e-06,1,+,"99, 279",TPOJ2,Area_TemporoParietoOccipital_Junction_2,TPO,15.0,140.0,"1930, 2068",idx_R,279,279.0
6,280.0,6.001604080200195,1,0.001,+,9.768881967799153e-10,0.005,1.7583987542038475e-08,1,+,"100, 280",TPOJ3,Area_TemporoParietoOccipital_Junction_3,TPO,15.0,141.0,"1290, 1277",idx_R,280,280.0
6,281.0,-0.05983293056488037,0,0.001,,0.47614434887647605,0.005,0.48145262675890316,0,,"101, 281",7AL,Lateral_Area_7A,Superior_Parietal,16.0,42.0,"2134, 2030",idx_R,281,281.0
6,282.0,3.12337327003479,1,0.001,+,0.0008939542121727932,0.005,0.00268186263651838,1,+,"102, 282",7Am,Medial_Area_7A,Superior_Parietal,16.0,45.0,"2995, 2379",idx_R,282,282.0
6,283.0,0.45568975806236267,0,0.001,,0.32430654398289516,0.005,0.3559462068104947,0,,"103, 283",7PC,Area_7PC,Superior_Parietal,16.0,47.0,"3151, 3415",idx_R,283,283.0
6,284.0,0.646905243396759,0,0.001,,0.25884663603911096,0.005,0.300596093464774,0,,"104, 284",7Pl,Lateral_Area_7P,Superior_Parietal,16.0,46.0,"1695, 1363",idx_R,284,284.0
6,285.0,1.8384380340576172,0,0.001,,0.03299894247748416,0.005,0.05630151323172653,0,,"105, 285",7Pm,Medial_Area_7P,Superior_Parietal,16.0,29.0,"1601, 1308",idx_R,285,285.0
6,286.0,0.8369997143745422,0,0.001,,0.20129636429436698,0.005,0.249026430054887,0,,"106, 286",AIP,Anterior_IntraParietal_Area,Superior_Parietal,16.0,117.0,"1999, 2542",idx_R,286,286.0
6,287.0,1.213079571723938,0,0.001,,0.11254969973321655,0.005,0.15889369374101162,0,,"107, 287",LIPd,Area_Lateral_IntraParietal_dorsal,Superior_Parietal,16.0,95.0,"1008, 869",idx_R,287,287.0
6,288.0,-1.9539284706115723,0,0.001,,0.02535483850863498,0.005,0.045638709315542966,0,,"108, 288",LIPv,Area_Lateral_IntraParietal_ventral,Superior_Parietal,16.0,48.0,"1681, 1783",idx_R,288,288.0
6,289.0,-0.08062531054019928,0,0.001,,0.46786996841409434,0.005,0.4771478431418526,0,,"109, 289",MIP,Medial_IntraParietal_Area,Superior_Parietal,16.0,50.0,"1872, 2403",idx_R,289,289.0
6,290.0,-0.8999958634376526,0,0.001,,0.18406122602703434,0.005,0.23497177790685236,0,,"110, 290",VIP,Ventral_IntraParietal_Complex,Superior_Parietal,16.0,49.0,"1890, 1577",idx_R,290,290.0
6,291.0,-0.20980775356292725,0,0.001,,0.41690886064207244,0.005,0.4337780052923297,0,,"111, 291",IP0,Area_IntraParietal_0,Inferior_Parietal,17.0,146.0,"1203, 1239",idx_R,291,291.0
6,292.0,2.286036729812622,0,0.001,,0.011126054935594185,0.005,0.023416603641188624,0,,"112, 292",IP1,Area_IntraParietal_1,Inferior_Parietal,17.0,145.0,"1692, 1632",idx_R,292,292.0
6,293.0,1.2392386198043823,0,0.001,,0.10762857113407803,0.005,0.15375510162011147,0,,"113, 293",IP2,Area_IntraParietal_2,Inferior_Parietal,17.0,144.0,"2102, 1861",idx_R,293,293.0
6,294.0,2.227088689804077,0,0.001,,0.012970673477991329,0.005,0.02565627720921362,0,,"114, 294",PF,Area_PF_Complex,Inferior_Parietal,17.0,148.0,"5457, 5251",idx_R,294,294.0
6,295.0,-1.5216972827911377,0,0.001,,0.06404247438740945,0.005,0.09852688367293763,0,,"115, 295",PFm,Area_PFm_Complex,Inferior_Parietal,17.0,149.0,"8220, 8141",idx_R,295,295.0
6,296.0,2.1396865844726562,0,0.001,,0.016190051974779556,0.005,0.030838194237675344,0,,"116, 296",PFop,Area_PF_Opercular,Inferior_Parietal,17.0,147.0,"1797, 1783",idx_R,296,296.0
6,297.0,0.29078012704849243,0,0.001,,0.3856097426214882,0.005,0.40829266865804636,0,,"117, 297",PFt,Area_PFt,Inferior_Parietal,17.0,116.0,"1983, 2039",idx_R,297,297.0
6,298.0,0.06855861842632294,0,0.001,,0.47267047951764546,0.005,0.4793278102150771,0,,"118, 298",PGi,Area_PGi,Inferior_Parietal,17.0,150.0,"4791, 4970",idx_R,298,298.0
6,299.0,4.256038665771484,1,0.001,+,1.040403684161774e-05,0.005,5.196834144932755e-05,1,+,"119, 299",PGp,Area_PGp,Inferior_Parietal,17.0,143.0,"2501, 3740",idx_R,299,299.0
6,300.0,0.6559946537017822,0,0.001,,0.2559137820673945,0.005,0.29912000501383773,0,,"120, 300",PGs,Area_PGs,Inferior_Parietal,17.0,151.0,"4552, 3366",idx_R,300,300.0
6,301.0,-1.2698060274124146,0,0.001,,0.10207686659275167,0.005,0.14758101194132772,0,,"121, 301",23d,Area_23d,Posterior_Cingulate,18.0,32.0,"1261, 1513",idx_R,301,301.0
6,302.0,2.2406959533691406,0,0.001,,0.012522888206208303,0.005,0.02490740195709939,0,,"122, 302",31a,Area_31a,Posterior_Cingulate,18.0,162.0,"1260, 1116",idx_R,302,302.0
6,303.0,-1.6535390615463257,0,0.001,,0.049110601582507296,0.005,0.08072975602603939,0,,"123, 303",31pd,Area_31pd,Posterior_Cingulate,18.0,161.0,"1428, 864",idx_R,303,303.0
6,304.0,-1.186274766921997,0,0.001,,0.11775690406322514,0.005,0.16324450522412082,0,,"124, 304",31pv,Area_31p_ventral,Posterior_Cingulate,18.0,35.0,"950, 1022",idx_R,304,304.0
6,305.0,-0.8146207332611084,0,0.001,,0.20764471940955564,0.005,0.25550497588921844,0,,"125, 305",7 m,Area_7m,Posterior_Cingulate,18.0,30.0,"2128, 2067",idx_R,305,305.0
6,306.0,0.857620894908905,0,0.001,,0.19555091668142033,0.005,0.24359283738862048,0,,"126, 306",d23ab,Area_dorsal_23_a + b,Posterior_Cingulate,18.0,34.0,"1607, 1106",idx_R,306,306.0
6,307.0,1.4649767875671387,0,0.001,,0.0714636254631105,0.005,0.1080962401963016,0,,"127, 307",DVT,Dorsal_Transitional_Visual_Area,Posterior_Cingulate,18.0,142.0,"1806, 2176",idx_R,307,307.0
6,308.0,4.064964294433594,1,0.001,+,2.401990794198674e-05,0.005,0.00010675514640882996,1,+,"128, 308",PCV,PreCuneus_Visual_Area,Posterior_Cingulate,18.0,27.0,"2245, 2416",idx_R,308,308.0
6,309.0,6.461400508880615,1,0.001,+,5.186917548580956e-11,0.005,1.0984060691112612e-09,1,+,"129, 309",POS1,Parieto-Occipital_Sulcus_Area_1,Posterior_Cingulate,18.0,31.0,"2531, 2727",idx_R,309,309.0
6,310.0,-1.5714097023010254,0,0.001,,0.05804375688683549,0.005,0.09124782742035273,0,,"130, 310",POS2,Parieto-Occipital_Sulcus_Area_2,Posterior_Cingulate,18.0,15.0,"3261, 3093",idx_R,310,310.0
6,311.0,0.4960829019546509,0,0.001,,0.3099179609719529,0.005,0.34329374138431706,0,,"131, 311",ProS,ProStriate_Area,Posterior_Cingulate,18.0,121.0,"1222, 1055",idx_R,311,311.0
6,312.0,0.7923586368560791,0,0.001,,0.21407579519054526,0.005,0.2594858123521761,0,,"132, 312",RSC,RetroSplenial_Complex,Posterior_Cingulate,18.0,14.0,"2830, 3067",idx_R,312,312.0
6,313.0,1.1947314739227295,0,0.001,,0.11609598064320503,0.005,0.16199439159516982,0,,"133, 313",v23ab,Area_ventral_23_a + b,Posterior_Cingulate,18.0,33.0,"916, 1089",idx_R,313,313.0
6,314.0,1.213769793510437,0,0.001,,0.11241782206701956,0.005,0.15889369374101162,0,,"134, 314",10r,Area_10r,AntCing_MedPFC,19.0,65.0,"1589, 1053",idx_R,314,314.0
6,315.0,0.35966601967811584,0,0.001,,0.35954845307159644,0.005,0.38987181658365877,0,,"135, 315",10v,Area_10v,AntCing_MedPFC,19.0,88.0,"3906, 2667",idx_R,315,315.0
6,316.0,0.9804924726486206,0,0.001,,0.1634215417350438,0.005,0.21393365463496644,0,,"136, 316",25,Area_25,AntCing_MedPFC,19.0,164.0,"1911, 2135",idx_R,316,316.0
6,317.0,3.0453872680664062,0,0.001,,0.0011619043797897102,0.005,0.0033732707800346426,1,,"137, 317",33pr,Area_33_prime,AntCing_MedPFC,19.0,58.0,"1354, 1316",idx_R,317,317.0
6,318.0,-0.6099593043327332,0,0.001,,0.2709443829527261,0.005,0.3104322925120924,0,,"138, 318",8BM,Area_8BM,AntCing_MedPFC,19.0,63.0,"3122, 3436",idx_R,318,318.0
6,319.0,-1.0771715641021729,0,0.001,,0.1407018132450441,0.005,0.1897103099933179,0,,"139, 319",9 m,Area_9_Middle,AntCing_MedPFC,19.0,69.0,"6338, 5881",idx_R,319,319.0
6,320.0,0.7865025401115417,0,0.001,,0.2157865657669213,0.005,0.260681757302321,0,,"140, 320",a24,Area_a24,AntCing_MedPFC,19.0,61.0,"2085, 2152",idx_R,320,320.0
6,321.0,1.4788986444473267,0,0.001,,0.06958370285424068,0.005,0.10569676382922635,0,,"141, 321",a24pr,Anterior_24_prime,AntCing_MedPFC,19.0,59.0,"1095, 1474",idx_R,321,321.0
6,322.0,1.1270290613174438,0,0.001,,0.12986509702943605,0.005,0.17642050917206406,0,,"142, 322",a32pr,Area_anterior_32_prime,AntCing_MedPFC,19.0,179.0,"1759, 1118",idx_R,322,322.0
6,323.0,-1.479805588722229,0,0.001,,0.06946256839349929,0.005,0.10569676382922635,0,,"143, 323",d32,Area_dorsal_32,AntCing_MedPFC,19.0,62.0,"2228, 2374",idx_R,323,323.0
6,324.0,1.904029130935669,0,0.001,,0.028453195181019016,0.005,0.04975352840151563,0,,"144, 324",p24,Area_posterior_24,AntCing_MedPFC,19.0,180.0,"2394, 2442",idx_R,324,324.0
6,325.0,4.261105537414551,1,0.001,+,1.017090694912951e-05,0.005,5.196834144932755e-05,1,+,"145, 325",p24pr,Area_Posterior_24_prime,AntCing_MedPFC,19.0,57.0,"1422, 1724",idx_R,325,325.0
6,326.0,-0.07446666061878204,0,0.001,,0.47031953423013634,0.005,0.4782910517594607,0,,"146, 326",p32,Area_p32,AntCing_MedPFC,19.0,64.0,"1180, 1765",idx_R,326,326.0
6,327.0,2.070572853088379,0,0.001,,0.019199365634608067,0.005,0.035812288230357016,0,,"147, 327",p32pr,Area_p32_prime,AntCing_MedPFC,19.0,60.0,"1569, 1305",idx_R,327,327.0
6,328.0,-0.1007707342505455,0,0.001,,0.4598662296188863,0.005,0.4716576714039859,0,,"148, 328",pOFC,Posterior_OFC_Complex,AntCing_MedPFC,19.0,166.0,"2486, 2836",idx_R,328,328.0
6,329.0,2.4725351333618164,0,0.001,,0.006707926304487797,0.005,0.014815051960831946,0,,"149, 329",s32,Area_s32,AntCing_MedPFC,19.0,165.0,"604, 1015",idx_R,329,329.0
6,330.0,-0.708915114402771,0,0.001,,0.23918857754600242,0.005,0.28232094398872415,0,,"150, 330",10d,Area_10d,OrbPolaFrontal,20.0,72.0,"3644, 3096",idx_R,330,330.0
6,331.0,-0.31757083535194397,0,0.001,,0.37540524987386037,0.005,0.3998399111082537,0,,"151, 331",10 pp,Polar_10p,OrbPolaFrontal,20.0,90.0,"1997, 2487",idx_R,331,331.0
6,332.0,2.6919949054718018,0,0.001,,0.0035513015119569844,0.005,0.008697064927241595,0,,"152, 332",11 l,Area_11l,OrbPolaFrontal,20.0,91.0,"3531, 3793",idx_R,332,332.0
6,333.0,4.624641418457031,1,0.001,+,1.8762349757912474e-06,0.005,1.206151055865802e-05,1,+,"153, 333",13 l,Area_13l,OrbPolaFrontal,20.0,92.0,"2429, 1757",idx_R,333,333.0
6,334.0,5.107197284698486,1,0.001,+,1.6348615998038972e-07,0.005,1.5906761511605486e-06,1,+,"154, 334",47 m,Area_47m,OrbPolaFrontal,20.0,66.0,"799, 781",idx_R,334,334.0
6,335.0,-0.7439977526664734,0,0.001,,0.22843891734933247,0.005,0.2732159808829226,0,,"155, 335",47 s,Area_47s,OrbPolaFrontal,20.0,94.0,"2795, 3080",idx_R,335,335.0
6,336.0,0.9542462825775146,0,0.001,,0.16997949600835927,0.005,0.22011733296046523,0,,"156, 336",a10p,Area_anterior_10p,OrbPolaFrontal,20.0,89.0,"1964, 1748",idx_R,336,336.0
6,337.0,-0.6855828166007996,0,0.001,,0.24648811018246186,0.005,0.2899860119793669,0,,"157, 337",OFC,Orbital_Frontal_Complex,OrbPolaFrontal,20.0,93.0,"4560, 5232",idx_R,337,337.0
6,338.0,-0.8606998324394226,0,0.001,,0.19470169271061422,0.005,0.24337711588826777,0,,"158, 338",p10p,Area_posterior_10p,OrbPolaFrontal,20.0,170.0,"2116, 2365",idx_R,338,338.0
6,339.0,-0.8681440353393555,0,0.001,,0.1926577434703735,0.005,0.241661281008134,0,,"159, 339",44,Area_44,Inferior_Frontal,21.0,74.0,"2435, 2589",idx_R,339,339.0
6,340.0,-3.763990640640259,1,0.001,-,8.361157244790002e-05,0.005,0.0003344462897916001,1,-,"160, 340",45,Area_45,Inferior_Frontal,21.0,75.0,"3762, 2962",idx_R,340,340.0
6,341.0,-0.725942850112915,0,0.001,,0.23393690314862609,0.005,0.2779448354241102,0,,"161, 341",47 l,Area_47l_(47_lateral),Inferior_Frontal,21.0,76.0,"2527, 2592",idx_R,341,341.0
6,342.0,-0.5570566654205322,0,0.001,,0.28874435699059775,0.005,0.32585570067904446,0,,"162, 342",a47r,Area_anterior_47r,Inferior_Frontal,21.0,77.0,"4167, 3763",idx_R,342,342.0
6,343.0,2.900614023208618,0,0.001,,0.0018621615597902569,0.005,0.005002822100929049,0,,"163, 343",IFJa,Area_IFJa,Inferior_Frontal,21.0,79.0,"1513, 1405",idx_R,343,343.0
6,344.0,5.620453357696533,1,0.001,+,9.522850339187884e-09,0.005,1.2697133785583845e-07,1,+,"164, 344",IFJp,Area_IFJp,Inferior_Frontal,21.0,80.0,"960, 740",idx_R,344,344.0
6,345.0,5.1017961502075195,1,0.001,+,1.6822251631064748e-07,0.005,1.5936869966271865e-06,1,+,"165, 345",IFSa,Area_IFSa,Inferior_Frontal,21.0,82.0,"2057, 2641",idx_R,345,345.0
6,346.0,3.760610580444336,1,0.001,+,8.474956248927914e-05,0.005,0.0003352729944630823,1,+,"166, 346",IFSp,Area_IFSp,Inferior_Frontal,21.0,81.0,"1589, 1730",idx_R,346,346.0
6,347.0,0.30507558584213257,0,0.001,,0.38015429254110283,0.005,0.4037036734949765,0,,"167, 347",p47r,Area_posterior_47r,Inferior_Frontal,21.0,171.0,"2133, 1761",idx_R,347,347.0
6,348.0,2.302980661392212,0,0.001,,0.01063996559523403,0.005,0.022531691848730887,0,,"168, 348",46,Area_46,Dorsolateral_Prefrontal,22.0,84.0,"4863, 4394",idx_R,348,348.0
6,349.0,3.0028650760650635,0,0.001,,0.0013372548793821686,0.005,0.0037906437525793753,1,,"169, 349",8Ad,Area_8Ad,Dorsolateral_Prefrontal,22.0,68.0,"3386, 3492",idx_R,349,349.0
6,350.0,-0.8758365511894226,0,0.001,,0.19055944822140736,0.005,0.2407066714375672,0,,"170, 350",8Av,Area_8Av,Dorsolateral_Prefrontal,22.0,67.0,"4807, 5902",idx_R,350,350.0
6,351.0,-3.032573938369751,0,0.001,,0.001212388434615802,0.005,0.0034916786916935096,1,,"171, 351",8BL,Area_8B_Lateral,Dorsolateral_Prefrontal,22.0,70.0,"3377, 4078",idx_R,351,351.0
6,352.0,1.333259105682373,0,0.001,,0.09122339441088928,0.005,0.13459189339311534,0,,"172, 352",8C,Area_8C,Dorsolateral_Prefrontal,22.0,73.0,"4085, 3134",idx_R,352,352.0
6,353.0,1.4195061922073364,0,0.001,,0.07787574643288778,0.005,0.11730237956418242,0,,"173, 353",9-46d,Area_9-46d,Dorsolateral_Prefrontal,22.0,86.0,"4534, 4666",idx_R,353,353.0
6,354.0,-1.6192870140075684,0,0.001,,0.05269276171766528,0.005,0.08506454806439238,0,,"174, 354",9a,Area_9_anterior,Dorsolateral_Prefrontal,22.0,87.0,"3706, 3048",idx_R,354,354.0
6,355.0,-0.7795622944831848,0,0.001,,0.21782427850934216,0.005,0.2622633453624187,0,,"175, 355",9p,Area_9_Posterior,Dorsolateral_Prefrontal,22.0,71.0,"3426, 2488",idx_R,355,355.0
6,356.0,0.877994954586029,0,0.001,,0.18997322838760194,0.005,0.2407066714375672,0,,"176, 356",a9-46v,Area_anterior_9-46v,Dorsolateral_Prefrontal,22.0,85.0,"3314, 2628",idx_R,356,356.0
6,357.0,1.5994683504104614,0,0.001,,0.05485828780165333,0.005,0.08777326048264533,0,,"177, 357",i6-8,Inferior_6-8_Transitional_Area,Dorsolateral_Prefrontal,22.0,97.0,"1764, 2418",idx_R,357,357.0
6,358.0,1.7234790325164795,0,0.001,,0.04240096684332905,0.005,0.0700199452458645,0,,"178, 358",p9-46v,Area_posterior_9-46v,Dorsolateral_Prefrontal,22.0,83.0,"2871, 4635",idx_R,358,358.0
6,359.0,-0.5065096020698547,0,0.001,,0.3062494753342039,0.005,0.34035563416946457,0,,"179, 359",s6-8,Superior_6-8_Transitional_Area,Dorsolateral_Prefrontal,22.0,98.0,"1336, 2132",idx_R,359,359.0
6,360.0,-3.4902243614196777,1,0.001,-,0.00024130759253336505,0.005,0.0008516738560001119,1,-,"180, 360",SFL,Superior_Frontal_Language_Area,Dorsolateral_Prefrontal,22.0,26.0,"3873, 3055",idx_R,360,360.0
7,1.0,-0.021678214892745018,0,0.001,,0.49135232084322533,0.005,0.4940973058758691,0,,"1, 181",V1,Primary_Visual_Cortex,Primary_Visual,1.0,1.0,"13,812, 13,406",idx_L,1,1.0
7,2.0,-0.33872926235198975,0,0.001,,0.3674068471612837,0.005,0.44088821659354044,0,,"2, 182",V2,Second_Visual_Area,Early_Visual,2.0,4.0,"9515, 9420",idx_L,2,2.0
7,3.0,-0.7966417670249939,0,0.001,,0.2128295564723658,0.005,0.32883536622339776,0,,"3, 183",V3,Third_Visual_Area,Early_Visual,2.0,5.0,"7106, 7481",idx_L,3,3.0
7,4.0,-2.1522414684295654,0,0.001,,0.015689170562266375,0.005,0.0714949544609607,0,,"4, 184",V4,Fourth_Visual_Area,Early_Visual,2.0,6.0,"4782, 4537",idx_L,4,4.0
7,5.0,-2.0218923091888428,0,0.001,,0.021593739236570826,0.005,0.08449724049092933,0,,"5, 185",IPS1,IntraParietal_Sulcus_Area_1,Dorsal_Stream_Visual,3.0,17.0,"1751, 1750",idx_L,5,5.0
7,6.0,-1.6266300678253174,0,0.001,,0.051907844692608396,0.005,0.14211430404959377,0,,"6, 186",V3A,Area_V3A,Dorsal_Stream_Visual,3.0,13.0,"2191, 2212",idx_L,6,6.0
7,7.0,-1.3230012655258179,0,0.001,,0.09291747848857212,0.005,0.19699575092467966,0,,"7, 187",V3B,Area_V3B,Dorsal_Stream_Visual,3.0,19.0,"639, 731",idx_L,7,7.0
7,8.0,-0.11264254152774811,0,0.001,,0.45515697820082823,0.005,0.47859632062557345,0,,"8, 188",V6,Sixth_Visual_Area,Dorsal_Stream_Visual,3.0,3.0,"1402, 1559",idx_L,8,8.0
7,9.0,-1.271271824836731,0,0.001,,0.10181598108833145,0.005,0.2059199617516816,0,,"9, 189",V6A,Area_V6A,Dorsal_Stream_Visual,3.0,152.0,"904, 734",idx_L,9,9.0
7,10.0,-2.52239990234375,0,0.001,,0.005827855871062508,0.005,0.04281690027719394,0,,"10, 190",V7,Seventh_Visual_Area,Dorsal_Stream_Visual,3.0,16.0,"1005, 1041",idx_L,10,10.0
7,11.0,-0.2590067684650421,0,0.001,,0.3978150090867003,0.005,0.4492705611014885,0,,"11, 191",FFC,Fusiform_Face_Complex,Ventral_Stream_Visual,4.0,18.0,"3848, 4402",idx_L,11,11.0
7,12.0,-3.644712209701538,1,0.001,-,0.0001338455899622254,0.005,0.003231470942913615,1,-,"12, 192",PIT,Posterior_InferoTemporal_complex,Ventral_Stream_Visual,4.0,22.0,"1392, 1386",idx_L,12,12.0
7,13.0,-1.7181396484375,0,0.001,,0.042885573230012575,0.005,0.12803025591362768,0,,"13, 193",V8,Eighth_Visual_Area,Ventral_Stream_Visual,4.0,7.0,"1361, 1175",idx_L,13,13.0
7,14.0,0.0031953202560544014,0,0.001,,0.49872525381964544,0.005,0.49872525381964544,0,,"14, 194",VMV1,VentroMedial_Visual_Area_1,Ventral_Stream_Visual,4.0,153.0,"939, 1219",idx_L,14,14.0
7,15.0,0.25893354415893555,0,0.001,,0.39784325803171106,0.005,0.4492705611014885,0,,"15, 195",VMV2,VentroMedial_Visual_Area_2,Ventral_Stream_Visual,4.0,160.0,"639, 923",idx_L,15,15.0
7,16.0,-1.6408315896987915,0,0.001,,0.050416189433907965,0.005,0.1406035196467119,0,,"16, 196",VMV3,VentroMedial_Visual_Area_3,Ventral_Stream_Visual,4.0,154.0,"941, 1242",idx_L,16,16.0
7,17.0,-0.21329601109027863,0,0.001,,0.4155480423301606,0.005,0.4542680536820965,0,,"17, 197",VVC,Ventral_Visual_Complex,Ventral_Stream_Visual,4.0,163.0,"2487, 2753",idx_L,17,17.0
7,18.0,-0.0855545774102211,0,0.001,,0.46591025398913105,0.005,0.4805951044013959,0,,"18, 198",FST,Area_FST,MT + _Complex,5.0,157.0,"1324, 1683",idx_L,18,18.0
7,19.0,-2.5676331520080566,0,0.001,,0.005119772777235295,0.005,0.04281690027719394,0,,"19, 199",LO1,Area_Lateral_Occipital_1,MT + _Complex,5.0,20.0,"619, 909",idx_L,19,19.0
7,20.0,-4.366324424743652,1,0.001,-,6.3177382805490515e-06,0.005,0.00045487715619953173,1,-,"20, 200",LO2,Area_Lateral_Occipital_2,MT + _Complex,5.0,21.0,"1179, 1062",idx_L,20,20.0
7,21.0,-0.5764825344085693,0,0.001,,0.2821445359391487,0.005,0.38371636776256984,0,,"21, 201",LO3,Area_Lateral_Occipital_3,MT + _Complex,5.0,159.0,"438, 915",idx_L,21,21.0
7,22.0,1.9567550420761108,0,0.001,,0.025188137561038538,0.005,0.09159322749468558,0,,"22, 202",MST,Medial_Superior_Temporal_Area,MT + _Complex,5.0,2.0,"794, 1036",idx_L,22,22.0
7,23.0,0.6733776926994324,0,0.001,,0.25035351831247266,0.005,0.3641040805519152,0,,"23, 203",MT,Middle_Temporal_Area,MT + _Complex,5.0,23.0,"620, 1005",idx_L,23,23.0
7,24.0,-1.1899278163909912,0,0.001,,0.117037382191225,0.005,0.22292834703090475,0,,"24, 204",PH,Area_PH,MT + _Complex,5.0,138.0,"3453, 3205",idx_L,24,24.0
7,25.0,-3.203334093093872,1,0.001,-,0.0006792314332312085,0.005,0.00885708412468367,0,,"25, 205",V3CD,Area_V3CD,MT + _Complex,5.0,158.0,"876, 1222",idx_L,25,25.0
7,26.0,-2.0495502948760986,0,0.001,,0.02020416754295877,0.005,0.08265341267574042,0,,"26, 206",V4t,Area_V4t,MT + _Complex,5.0,156.0,"1037, 1249",idx_L,26,26.0
7,27.0,-0.41878435015678406,0,0.001,,0.33768687162407823,0.005,0.41919749580920057,0,,"27, 207",1,Area_1,SomaSens_Motor,6.0,51.0,"6590, 5925",idx_L,27,27.0
7,28.0,-1.878157377243042,0,0.001,,0.03017981951007625,0.005,0.10446860599641779,0,,"28, 208",2,Area_2,SomaSens_Motor,6.0,52.0,"4278, 4727",idx_L,28,28.0
7,29.0,-0.8190632462501526,0,0.001,,0.2063751650005028,0.005,0.3235906983141796,0,,"29, 209",3a,Area_3a,SomaSens_Motor,6.0,53.0,"2247, 2286",idx_L,29,29.0
7,30.0,-0.9766559600830078,0,0.001,,0.16436975243909985,0.005,0.28044128378235045,0,,"30, 210",3b,Primary_Sensory_Cortex,SomaSens_Motor,6.0,9.0,"5451, 4350",idx_L,30,30.0
7,31.0,-0.6017212867736816,0,0.001,,0.27367983901569815,0.005,0.3818788451381835,0,,"31, 211",4,Primary_Motor_Cortex,SomaSens_Motor,6.0,8.0,"10,776, 10,254",idx_L,31,31.0
7,32.0,1.2481629848480225,0,0.001,,0.10598568814277387,0.005,0.21197137628554774,0,,"32, 212",23c,Area_23c,ParaCentral_MidCing,7.0,38.0,"2259, 2498",idx_L,32,32.0
7,33.0,-0.09712471812963486,0,0.001,,0.46131367571409443,0.005,0.47859632062557345,0,,"33, 213",24dd,Dorsal_Area_24d,ParaCentral_MidCing,7.0,40.0,"2665, 2820",idx_L,33,33.0
7,34.0,-0.22858500480651855,0,0.001,,0.4095957402253308,0.005,0.4509310901563275,0,,"34, 214",24dv,Ventral_Area_24d,ParaCentral_MidCing,7.0,41.0,"1076, 1349",idx_L,34,34.0
7,35.0,-0.5727427005767822,0,0.001,,0.2834094604267382,0.005,0.38371636776256984,0,,"35, 215",5L,Area_5L,ParaCentral_MidCing,7.0,39.0,"2249, 2327",idx_L,35,35.0
7,36.0,0.583038866519928,0,0.001,,0.2799335680908526,0.005,0.38371636776256984,0,,"36, 216",5 m,Area_5m,ParaCentral_MidCing,7.0,36.0,"1483, 2079",idx_L,36,36.0
7,37.0,-0.5271726250648499,0,0.001,,0.2990368584694706,0.005,0.3989823617018382,0,,"37, 217",5mv,Area_5m_ventral,ParaCentral_MidCing,7.0,37.0,"1651, 1996",idx_L,37,37.0
7,38.0,0.6718887686729431,0,0.001,,0.25082725549131935,0.005,0.3641040805519152,0,,"38, 218",6ma,Area_6m_anterior,ParaCentral_MidCing,7.0,44.0,"3941, 4251",idx_L,38,38.0
7,39.0,-0.9883788824081421,0,0.001,,0.1614835629246958,0.005,0.2793981141465426,0,,"39, 219",6mp,Area_6mp,ParaCentral_MidCing,7.0,55.0,"3701, 3105",idx_L,39,39.0
7,40.0,1.5684181451797485,0,0.001,,0.058391789592147976,0.005,0.14700030946275014,0,,"40, 220",SCEF,Supplementary_and_Cingulate_Eye_Field,ParaCentral_MidCing,7.0,43.0,"3500, 3371",idx_L,40,40.0
7,41.0,2.5270166397094727,0,0.001,,0.005751802613722299,0.005,0.04281690027719394,0,,"41, 221",55b,Area_55b,Premotor,8.0,12.0,"2422, 1537",idx_L,41,41.0
7,42.0,-0.5726322531700134,0,0.001,,0.28344685836006234,0.005,0.38371636776256984,0,,"42, 222",6a,Area_6_anterior,Premotor,8.0,96.0,"4233, 3752",idx_L,42,42.0
7,43.0,-0.786582887172699,0,0.001,,0.21576304009463715,0.005,0.33053061461306116,0,,"43, 223",6d,Dorsal_area_6,Premotor,8.0,54.0,"2916, 2909",idx_L,43,43.0
7,44.0,1.7181910276412964,0,0.001,,0.04288088877820939,0.005,0.12803025591362768,0,,"44, 224",6r,Rostral_Area_6,Premotor,8.0,78.0,"3029, 3981",idx_L,44,44.0
7,45.0,-1.4984259605407715,0,0.001,,0.06701130784990958,0.005,0.16082713883978297,0,,"45, 225",6v,Ventral_Area_6,Premotor,8.0,56.0,"2075, 2516",idx_L,45,45.0
7,46.0,-0.2434169352054596,0,0.001,,0.4038412129426633,0.005,0.4492705611014885,0,,"46, 226",FEF,Frontal_Eye_Fields,Premotor,8.0,10.0,"1787, 1889",idx_L,46,46.0
7,47.0,1.1297311782836914,0,0.001,,0.12929475769407256,0.005,0.23869801420444167,0,,"47, 227",PEF,Premotor_Eye_Field,Premotor,8.0,11.0,"1006, 1258",idx_L,47,47.0
7,48.0,-2.106811046600342,0,0.001,,0.017566980789710106,0.005,0.07712333029628828,0,,"48, 228",43,Area_43,Posterior_Opercular,9.0,99.0,"1889, 1678",idx_L,48,48.0
7,49.0,0.09869849681854248,0,0.001,,0.46068883120209386,0.005,0.47859632062557345,0,,"49, 229",FOP1,Frontal_Opercular_Area_1,Posterior_Opercular,9.0,113.0,"879, 932",idx_L,49,49.0
7,50.0,-1.0177245140075684,0,0.001,,0.15440444701973877,0.005,0.27247843591718607,0,,"50, 230",OP1,Area_OP1-SII,Posterior_Opercular,9.0,101.0,"1275, 1072",idx_L,50,50.0
7,51.0,-1.8324328660964966,0,0.001,,0.03344347760762922,0.005,0.11045552237382128,0,,"51, 231",OP2-3,Area_OP2-3-VS,Posterior_Opercular,9.0,102.0,"943, 792",idx_L,51,51.0
7,52.0,-1.0882905721664429,0,0.001,,0.13823342562167296,0.005,0.25073250957776705,0,,"52, 232",OP4,Area_OP4-PV,Posterior_Opercular,9.0,100.0,"2332, 2409",idx_L,52,52.0
7,53.0,1.3791923522949219,0,0.001,,0.0839177276973116,0.005,0.1864838393273591,0,,"53, 233",52,Area_52,Early_Auditory,10.0,103.0,"725, 580",idx_L,53,53.0
7,54.0,0.3040393888950348,0,0.001,,0.3805489413597692,0.005,0.4412054209913055,0,,"54, 234",A1,Primary_Auditory_Cortex,Early_Auditory,10.0,24.0,"1023, 796",idx_L,54,54.0
7,55.0,1.3418875932693481,0,0.001,,0.08981622254516741,0.005,0.19332330084906507,0,,"55, 235",LBelt,Lateral_Belt_Complex,Early_Auditory,10.0,174.0,"820, 901",idx_L,55,55.0
7,56.0,1.421811580657959,0,0.001,,0.07754047839569174,0.005,0.17667450773701918,0,,"56, 236",MBelt,Medial_Belt_Complex,Early_Auditory,10.0,173.0,"1242, 1236",idx_L,56,56.0
7,57.0,1.7499505281448364,0,0.001,,0.040063425347607144,0.005,0.1243347683201601,0,,"57, 237",PBelt,ParaBelt_Complex,Early_Auditory,10.0,124.0,"1719, 1439",idx_L,57,57.0
7,58.0,0.25468024611473083,0,0.001,,0.39948503728524315,0.005,0.4492705611014885,0,,"58, 238",PFcm,Area_PFcm,Early_Auditory,10.0,105.0,"1486, 1485",idx_L,58,58.0
7,59.0,1.8001798391342163,0,0.001,,0.0359161230827128,0.005,0.11334121488784826,0,,"59, 239",RI,RetroInsular_Cortex,Early_Auditory,10.0,104.0,"1149, 1334",idx_L,59,59.0
7,60.0,2.3704957962036133,0,0.001,,0.008882122972844604,0.005,0.05285864023508401,0,,"60, 240",A4,Auditory_4_Complex,Auditory_Association,11.0,175.0,"3514, 3610",idx_L,60,60.0
7,61.0,2.2618203163146973,0,0.001,,0.011854253551259419,0.005,0.06184827939787523,0,,"61, 241",A5,Auditory_5_Complex,Auditory_Association,11.0,125.0,"3346, 3881",idx_L,61,61.0
7,62.0,-1.6700440645217896,0,0.001,,0.04745532285977231,0.005,0.13667132983614425,0,,"62, 242",STGa,Area_STGa,Auditory_Association,11.0,123.0,"2509, 2187",idx_L,62,62.0
7,63.0,0.18374046683311462,0,0.001,,0.4271085306916001,0.005,0.4553456804929067,0,,"63, 243",STSda,Area_STSd_anterior,Auditory_Association,11.0,128.0,"1944, 2389",idx_L,63,63.0
7,64.0,1.5391277074813843,0,0.001,,0.061886561000696866,0.005,0.1515589248996658,0,,"64, 244",STSdp,Area_STSd_posterior,Auditory_Association,11.0,129.0,"1994, 2605",idx_L,64,64.0
7,65.0,0.6292424201965332,0,0.001,,0.26459518057921627,0.005,0.3764990711799125,0,,"65, 245",STSva,Area_STSv_anterior,Auditory_Association,11.0,176.0,"1694, 1900",idx_L,65,65.0
7,66.0,1.658211588859558,0,0.001,,0.04863738324194759,0.005,0.13896395211985027,0,,"66, 246",STSvp,Area_STSv_posterior,Auditory_Association,11.0,130.0,"2898, 2515",idx_L,66,66.0
7,67.0,0.958488404750824,0,0.001,,0.16890826783973162,0.005,0.28151377973288605,0,,"67, 247",TA2,Area_TA2,Auditory_Association,11.0,107.0,"1518, 1726",idx_L,67,67.0
7,68.0,2.234776735305786,0,0.001,,0.012716004966014998,0.005,0.06539659696807713,0,,"68, 248",AAIC,Anterior_Agranular_Insula_Complex,Insula_FrontalOperc,12.0,112.0,"1859, 1691",idx_L,68,68.0
7,69.0,0.3773480951786041,0,0.001,,0.3529574672836217,0.005,0.4307277566850977,0,,"69, 249",AVI,Anterior_Ventral_Insular_Area,Insula_FrontalOperc,12.0,111.0,"1446, 1792",idx_L,69,69.0
7,70.0,-0.4098125398159027,0,0.001,,0.34097173337223596,0.005,0.42182070107905484,0,,"70, 250",FOP2,Frontal_Opercular_Area_2,Insula_FrontalOperc,12.0,115.0,"750, 720",idx_L,70,70.0
7,71.0,-1.6839218139648438,0,0.001,,0.04609838997886542,0.005,0.13492211701131343,0,,"71, 251",FOP3,Frontal_Opercular_Area_3,Insula_FrontalOperc,12.0,114.0,"754, 614",idx_L,71,71.0
7,72.0,-0.2725364863872528,0,0.001,,0.3926047702691684,0.005,0.4472712572686729,0,,"72, 252",FOP4,Frontal_Opercular_Area_4,Insula_FrontalOperc,12.0,108.0,"2522, 1678",idx_L,72,72.0
7,73.0,1.2634713649749756,0,0.001,,0.10320991557219183,0.005,0.2075730145585981,0,,"73, 253",FOP5,Area_Frontal_Opercular_5,Insula_FrontalOperc,12.0,169.0,"1297, 1365",idx_L,73,73.0
7,74.0,-1.2929298877716064,0,0.001,,0.0980176546721333,0.005,0.2007724611359501,0,,"74, 254",Ig,Insular_Granular_Complex,Insula_FrontalOperc,12.0,168.0,"841, 1077",idx_L,74,74.0
7,75.0,-1.6180694103240967,0,0.001,,0.05282381998352845,0.005,0.14298176837646798,0,,"75, 255",MI,Middle_Insular_Area,Insula_FrontalOperc,12.0,109.0,"2102, 1960",idx_L,75,75.0
7,76.0,2.172745704650879,0,0.001,,0.014899730905339938,0.005,0.06876798879387663,0,,"76, 256",PI,Para-Insular_Area,Insula_FrontalOperc,12.0,178.0,"1033, 1058",idx_L,76,76.0
7,77.0,0.6336791515350342,0,0.001,,0.26314511681337044,0.005,0.3763216376139205,0,,"77, 257",Pir,Pirform_Cortex,Insula_FrontalOperc,12.0,110.0,"2287, 1856",idx_L,77,77.0
7,78.0,1.6430350542068481,0,0.001,,0.05018784036318463,0.005,0.1406035196467119,0,,"78, 258",PoI1,Area_Posterior_Insular_1,Insula_FrontalOperc,12.0,167.0,"1811, 1835",idx_L,78,78.0
7,79.0,-0.09807764738798141,0,0.001,,0.4609353183698133,0.005,0.47859632062557345,0,,"79, 259",PoI2,Posterior_Insular_Area_2,Insula_FrontalOperc,12.0,106.0,"2747, 2675",idx_L,79,79.0
7,80.0,1.322350263595581,0,0.001,,0.09302577126998762,0.005,0.19699575092467966,0,,"80, 260",H,Hippocampus,Medial_Temporal,13.0,120.0,"4283, 3626",idx_L,80,80.0
7,81.0,1.2170612812042236,0,0.001,,0.11179045039326513,0.005,0.21872044642160568,0,,"81, 261",PreS,PreSubiculum,Medial_Temporal,13.0,119.0,"1817, 1558",idx_L,81,81.0
7,82.0,0.2949664294719696,0,0.001,,0.38400976236658896,0.005,0.4412054209913055,0,,"82, 262",EC,Entorhinal_Cortex,Medial_Temporal,13.0,118.0,"2127, 2110",idx_L,82,82.0
7,83.0,2.199143409729004,0,0.001,,0.013933863351180706,0.005,0.06844339273734994,0,,"83, 263",PeEc,Perirhinal_Ectorhinal_Cortex,Medial_Temporal,13.0,122.0,"4826, 4755",idx_L,83,83.0
7,84.0,2.0131688117980957,0,0.001,,0.02204843654193476,0.005,0.085348786613941,0,,"84, 264",TF,Area_TF,Medial_Temporal,13.0,135.0,"3986, 4752",idx_L,84,84.0
7,85.0,2.408809185028076,0,0.001,,0.008002331681055897,0.005,0.05237889827600224,0,,"85, 265",PHA1,ParaHippocampal_Area_1,Medial_Temporal,13.0,126.0,"1281, 1168",idx_L,85,85.0
7,86.0,0.8643448948860168,0,0.001,,0.19369922726782463,0.005,0.30854744166556136,0,,"86, 266",PHA2,ParaHippocampal_Area_2,Medial_Temporal,13.0,155.0,"783, 771",idx_L,86,86.0
7,87.0,1.4850513935089111,0,0.001,,0.06876510524945814,0.005,0.16305001046202672,0,,"87, 267",PHA3,ParaHippocampal_Area_3,Medial_Temporal,13.0,127.0,"2023, 1122",idx_L,87,87.0
7,88.0,2.3235747814178467,0,0.001,,0.010074147676832705,0.005,0.056667080682183964,0,,"88, 268",PHT,Area_PHT,Lateral_Temporal,14.0,137.0,"4182, 3410",idx_L,88,88.0
7,89.0,-1.16875159740448,0,0.001,,0.12125186340603222,0.005,0.2292026065608952,0,,"89, 269",TE1a,Area_TE1_anterior,Lateral_Temporal,14.0,132.0,"5227, 4180",idx_L,89,89.0
7,90.0,-0.15697753429412842,0,0.001,,0.43763127680568037,0.005,0.46201542419368014,0,,"90, 270",TE1m,Area_TE1_Middle,Lateral_Temporal,14.0,177.0,"3339, 3429",idx_L,90,90.0
7,91.0,-0.18916268646717072,0,0.001,,0.4249826557659797,0.005,0.45533855974926396,0,,"91, 271",TE1p,Area_TE1_posterior,Lateral_Temporal,14.0,133.0,"7116, 6010",idx_L,91,91.0
7,92.0,-2.051347494125366,0,0.001,,0.020116559192083175,0.005,0.08265341267574042,0,,"92, 272",TE2a,Area_TE2_anterior,Lateral_Temporal,14.0,134.0,"5691, 5753",idx_L,92,92.0
7,93.0,3.7653353214263916,1,0.001,+,8.31628583248519e-05,0.005,0.002721693545176971,1,+,"93, 273",TE2p,Area_TE2_posterior,Lateral_Temporal,14.0,136.0,"4115, 3040",idx_L,93,93.0
7,94.0,0.6751676797866821,0,0.001,,0.24978461912059025,0.005,0.3641040805519152,0,,"94, 274",TGd,Area_TG_dorsal,Lateral_Temporal,14.0,131.0,"10,192, 10,269",idx_L,94,94.0
7,95.0,0.07393542677164078,0,0.001,,0.47053088324631304,0.005,0.4839746227676362,0,,"95, 275",TGv,Area_TG_Ventral,Lateral_Temporal,14.0,172.0,"3694, 4515",idx_L,95,95.0
7,96.0,5.9753875732421875,1,0.001,+,1.1477189904291364e-09,0.005,4.131788365544891e-07,1,+,"96, 276",PSL,PeriSylvian_Language_Area,TPO,15.0,25.0,"2154, 2759",idx_L,96,96.0
7,97.0,4.312037467956543,1,0.001,+,8.087850686435547e-06,0.005,0.0004852710411861328,1,+,"97, 277",STV,Superior_Temporal_Visual_Area,TPO,15.0,28.0,"2322, 2294",idx_L,97,97.0
7,98.0,3.283226490020752,1,0.001,+,0.0005131308840123638,0.005,0.007656465241760094,0,,"98, 278",TPOJ1,Area_TemporoParietoOccipital_Junction_1,TPO,15.0,139.0,"2102, 3938",idx_L,98,98.0
7,99.0,2.09694242477417,0,0.001,,0.01799933618321715,0.005,0.07714001221378779,0,,"99, 279",TPOJ2,Area_TemporoParietoOccipital_Junction_2,TPO,15.0,140.0,"1930, 2068",idx_L,99,99.0
7,100.0,1.9244693517684937,0,0.001,,0.02714788938780804,0.005,0.09773240179610895,0,,"100, 280",TPOJ3,Area_TemporoParietoOccipital_Junction_3,TPO,15.0,141.0,"1290, 1277",idx_L,100,100.0
7,101.0,-1.3166629076004028,0,0.001,,0.09397582106051128,0.005,0.19750698811242387,0,,"101, 281",7AL,Lateral_Area_7A,Superior_Parietal,16.0,42.0,"2134, 2030",idx_L,101,101.0
7,102.0,-0.5724051594734192,0,0.001,,0.2835237606245655,0.005,0.38371636776256984,0,,"102, 282",7Am,Medial_Area_7A,Superior_Parietal,16.0,45.0,"2995, 2379",idx_L,102,102.0
7,103.0,-2.5517375469207764,0,0.001,,0.005359361383632117,0.005,0.04281690027719394,0,,"103, 283",7PC,Area_7PC,Superior_Parietal,16.0,47.0,"3151, 3415",idx_L,103,103.0
7,104.0,-2.748538017272949,0,0.001,,0.0029930846226776365,0.005,0.028355538530630237,0,,"104, 284",7Pl,Lateral_Area_7P,Superior_Parietal,16.0,46.0,"1695, 1363",idx_L,104,104.0
7,105.0,1.7245121002197266,0,0.001,,0.0423077182283679,0.005,0.12803025591362768,0,,"105, 285",7Pm,Medial_Area_7P,Superior_Parietal,16.0,29.0,"1601, 1308",idx_L,105,105.0
7,106.0,-2.739741802215576,0,0.001,,0.003074373353795667,0.005,0.028378830958113846,0,,"106, 286",AIP,Anterior_IntraParietal_Area,Superior_Parietal,16.0,117.0,"1999, 2542",idx_L,106,106.0
7,107.0,2.2993831634521484,0,0.001,,0.010741595573392333,0.005,0.05776660734634817,0,,"107, 287",LIPd,Area_Lateral_IntraParietal_dorsal,Superior_Parietal,16.0,95.0,"1008, 869",idx_L,107,107.0
7,108.0,-2.4835009574890137,0,0.001,,0.006504899233685448,0.005,0.04455867782464939,0,,"108, 288",LIPv,Area_Lateral_IntraParietal_ventral,Superior_Parietal,16.0,48.0,"1681, 1783",idx_L,108,108.0
7,109.0,-1.8810261487960815,0,0.001,,0.029984180940456358,0.005,0.10446860599641779,0,,"109, 289",MIP,Medial_IntraParietal_Area,Superior_Parietal,16.0,50.0,"1872, 2403",idx_L,109,109.0
7,110.0,-4.264350891113281,1,0.001,-,1.0024208665082545e-05,0.005,0.0005155307313471024,1,-,"110, 290",VIP,Ventral_IntraParietal_Complex,Superior_Parietal,16.0,49.0,"1890, 1577",idx_L,110,110.0
7,111.0,-1.8598467111587524,0,0.001,,0.03145360823966436,0.005,0.10582522398391747,0,,"111, 291",IP0,Area_IntraParietal_0,Inferior_Parietal,17.0,146.0,"1203, 1239",idx_L,111,111.0
7,112.0,1.2853403091430664,0,0.001,,0.09933669503910075,0.005,0.20204073567274727,0,,"112, 292",IP1,Area_IntraParietal_1,Inferior_Parietal,17.0,145.0,"1692, 1632",idx_L,112,112.0
7,113.0,0.887811541557312,0,0.001,,0.18732106677118826,0.005,0.3037164465537351,0,,"113, 293",IP2,Area_IntraParietal_2,Inferior_Parietal,17.0,144.0,"2102, 1861",idx_L,113,113.0
7,114.0,0.5265969038009644,0,0.001,,0.29923677127637865,0.005,0.3989823617018382,0,,"114, 294",PF,Area_PF_Complex,Inferior_Parietal,17.0,148.0,"5457, 5251",idx_L,114,114.0
7,115.0,-0.24214816093444824,0,0.001,,0.4043326806785815,0.005,0.4492705611014885,0,,"115, 295",PFm,Area_PFm_Complex,Inferior_Parietal,17.0,149.0,"8220, 8141",idx_L,115,115.0
7,116.0,-0.40581291913986206,0,0.001,,0.3424400327211813,0.005,0.421883504250298,0,,"116, 296",PFop,Area_PF_Opercular,Inferior_Parietal,17.0,147.0,"1797, 1783",idx_L,116,116.0
7,117.0,-1.9179866313934326,0,0.001,,0.02755635314697337,0.005,0.09822066468228131,0,,"117, 297",PFt,Area_PFt,Inferior_Parietal,17.0,116.0,"1983, 2039",idx_L,117,117.0
7,118.0,0.06904570758342743,0,0.001,,0.4724766184476249,0.005,0.4844335098752404,0,,"118, 298",PGi,Area_PGi,Inferior_Parietal,17.0,150.0,"4791, 4970",idx_L,118,118.0
7,119.0,-1.7965162992477417,0,0.001,,0.03620622142250708,0.005,0.11334121488784826,0,,"119, 299",PGp,Area_PGp,Inferior_Parietal,17.0,143.0,"2501, 3740",idx_L,119,119.0
7,120.0,0.1794712394475937,0,0.001,,0.4287838491308204,0.005,0.4553456804929067,0,,"120, 300",PGs,Area_PGs,Inferior_Parietal,17.0,151.0,"4552, 3366",idx_L,120,120.0
7,121.0,-1.5761257410049438,0,0.001,,0.05749841392582205,0.005,0.14700030946275014,0,,"121, 301",23d,Area_23d,Posterior_Cingulate,18.0,32.0,"1261, 1513",idx_L,121,121.0
7,122.0,-1.019437551498413,0,0.001,,0.1539976431424186,0.005,0.27247843591718607,0,,"122, 302",31a,Area_31a,Posterior_Cingulate,18.0,162.0,"1260, 1116",idx_L,122,122.0
7,123.0,1.860693097114563,0,0.001,,0.03139376461225876,0.005,0.10582522398391747,0,,"123, 303",31pd,Area_31pd,Posterior_Cingulate,18.0,161.0,"1428, 864",idx_L,123,123.0
7,124.0,-0.45961993932724,0,0.001,,0.3228945222564865,0.005,0.4078667649555619,0,,"124, 304",31pv,Area_31p_ventral,Posterior_Cingulate,18.0,35.0,"950, 1022",idx_L,124,124.0
7,125.0,3.4791512489318848,1,0.001,+,0.00025150230290980197,0.005,0.004765306791975195,1,+,"125, 305",7 m,Area_7m,Posterior_Cingulate,18.0,30.0,"2128, 2067",idx_L,125,125.0
7,126.0,-1.3102513551712036,0,0.001,,0.09505540888159286,0.005,0.19750698811242387,0,,"126, 306",d23ab,Area_dorsal_23_a + b,Posterior_Cingulate,18.0,34.0,"1607, 1106",idx_L,126,126.0
7,127.0,-0.09286248683929443,0,0.001,,0.4630064040458089,0.005,0.4789721421163541,0,,"127, 307",DVT,Dorsal_Transitional_Visual_Area,Posterior_Cingulate,18.0,142.0,"1806, 2176",idx_L,127,127.0
7,128.0,3.7199270725250244,1,0.001,+,9.964015565804426e-05,0.005,0.002989204669741328,1,+,"128, 308",PCV,PreCuneus_Visual_Area,Posterior_Cingulate,18.0,27.0,"2245, 2416",idx_L,128,128.0
7,129.0,1.38020920753479,0,0.001,,0.08376111992244695,0.005,0.1864838393273591,0,,"129, 309",POS1,Parieto-Occipital_Sulcus_Area_1,Posterior_Cingulate,18.0,31.0,"2531, 2727",idx_L,129,129.0
7,130.0,2.10925030708313,0,0.001,,0.017461490823135112,0.005,0.07712333029628828,0,,"130, 310",POS2,Parieto-Occipital_Sulcus_Area_2,Posterior_Cingulate,18.0,15.0,"3261, 3093",idx_L,130,130.0
7,131.0,2.2083826065063477,0,0.001,,0.013608806622235592,0.005,0.06844339273734994,0,,"131, 311",ProS,ProStriate_Area,Posterior_Cingulate,18.0,121.0,"1222, 1055",idx_L,131,131.0
7,132.0,0.44629210233688354,0,0.001,,0.32769313018210544,0.005,0.41104364761518447,0,,"132, 312",RSC,RetroSplenial_Complex,Posterior_Cingulate,18.0,14.0,"2830, 3067",idx_L,132,132.0
7,133.0,1.1491577625274658,0,0.001,,0.1252454668843911,0.005,0.23483525040823328,0,,"133, 313",v23ab,Area_ventral_23_a + b,Posterior_Cingulate,18.0,33.0,"916, 1089",idx_L,133,133.0
7,134.0,0.3342749774456024,0,0.001,,0.36908603530455736,0.005,0.4410922962723286,0,,"134, 314",10r,Area_10r,AntCing_MedPFC,19.0,65.0,"1589, 1053",idx_L,134,134.0
7,135.0,0.8790498971939087,0,0.001,,0.1896871109709981,0.005,0.30424893888320387,0,,"135, 315",10v,Area_10v,AntCing_MedPFC,19.0,88.0,"3906, 2667",idx_L,135,135.0
7,136.0,0.5146287679672241,0,0.001,,0.30340622916525894,0.005,0.3998030209663408,0,,"136, 316",25,Area_25,AntCing_MedPFC,19.0,164.0,"1911, 2135",idx_L,136,136.0
7,137.0,0.9652307629585266,0,0.001,,0.1672146209248796,0.005,0.28151377973288605,0,,"137, 317",33pr,Area_33_prime,AntCing_MedPFC,19.0,58.0,"1354, 1316",idx_L,137,137.0
7,138.0,1.6436920166015625,0,0.001,,0.05011991792619872,0.005,0.1406035196467119,0,,"138, 318",8BM,Area_8BM,AntCing_MedPFC,19.0,63.0,"3122, 3436",idx_L,138,138.0
7,139.0,0.6160352230072021,0,0.001,,0.268935636476424,0.005,0.3811686186280025,0,,"139, 319",9 m,Area_9_Middle,AntCing_MedPFC,19.0,69.0,"6338, 5881",idx_L,139,139.0
7,140.0,-1.224159836769104,0,0.001,,0.11044596847391636,0.005,0.21727075765360596,0,,"140, 320",a24,Area_a24,AntCing_MedPFC,19.0,61.0,"2085, 2152",idx_L,140,140.0
7,141.0,-0.7683224081993103,0,0.001,,0.22114783254023818,0.005,0.33698966575116174,0,,"141, 321",a24pr,Anterior_24_prime,AntCing_MedPFC,19.0,59.0,"1095, 1474",idx_L,141,141.0
7,142.0,-0.21108010411262512,0,0.001,,0.4164123825419218,0.005,0.4542680536820965,0,,"142, 322",a32pr,Area_anterior_32_prime,AntCing_MedPFC,19.0,179.0,"1759, 1118",idx_L,142,142.0
7,143.0,0.04716930910944939,0,0.001,,0.4811891440334153,0.005,0.48934489223737143,0,,"143, 323",d32,Area_dorsal_32,AntCing_MedPFC,19.0,62.0,"2228, 2374",idx_L,143,143.0
7,144.0,-1.3394166231155396,0,0.001,,0.09021754039623037,0.005,0.19332330084906507,0,,"144, 324",p24,Area_posterior_24,AntCing_MedPFC,19.0,180.0,"2394, 2442",idx_L,144,144.0
7,145.0,0.5883179903030396,0,0.001,,0.278159436201401,0.005,0.38371636776256984,0,,"145, 325",p24pr,Area_Posterior_24_prime,AntCing_MedPFC,19.0,57.0,"1422, 1724",idx_L,145,145.0
7,146.0,0.9393267035484314,0,0.001,,0.1737815161944219,0.005,0.2883011328571054,0,,"146, 326",p32,Area_p32,AntCing_MedPFC,19.0,64.0,"1180, 1765",idx_L,146,146.0
7,147.0,-0.8146464228630066,0,0.001,,0.20763736475159855,0.005,0.3235906983141796,0,,"147, 327",p32pr,Area_p32_prime,AntCing_MedPFC,19.0,60.0,"1569, 1305",idx_L,147,147.0
7,148.0,0.604249894618988,0,0.001,,0.27283875659577556,0.005,0.3818788451381835,0,,"148, 328",pOFC,Posterior_OFC_Complex,AntCing_MedPFC,19.0,166.0,"2486, 2836",idx_L,148,148.0
7,149.0,-0.1981552541255951,0,0.001,,0.421461797639673,0.005,0.45533855974926396,0,,"149, 329",s32,Area_s32,AntCing_MedPFC,19.0,165.0,"604, 1015",idx_L,149,149.0
7,150.0,-1.346147894859314,0,0.001,,0.08912741255208206,0.005,0.19332330084906507,0,,"150, 330",10d,Area_10d,OrbPolaFrontal,20.0,72.0,"3644, 3096",idx_L,150,150.0
7,151.0,-0.698344886302948,0,0.001,,0.24248076725073142,0.005,0.35775850905845624,0,,"151, 331",10 pp,Polar_10p,OrbPolaFrontal,20.0,90.0,"1997, 2487",idx_L,151,151.0
7,152.0,-1.480799913406372,0,0.001,,0.06932994981254517,0.005,0.1631292936765769,0,,"152, 332",11 l,Area_11l,OrbPolaFrontal,20.0,91.0,"3531, 3793",idx_L,152,152.0
7,153.0,2.3355376720428467,0,0.001,,0.009757675146435845,0.005,0.05575814369391911,0,,"153, 333",13 l,Area_13l,OrbPolaFrontal,20.0,92.0,"2429, 1757",idx_L,153,153.0
7,154.0,2.9719409942626953,0,0.001,,0.001479617753603781,0.005,0.01614128458476852,0,,"154, 334",47 m,Area_47m,OrbPolaFrontal,20.0,66.0,"799, 781",idx_L,154,154.0
7,155.0,0.49773046374320984,0,0.001,,0.309337016588916,0.005,0.4010670450472129,0,,"155, 335",47 s,Area_47s,OrbPolaFrontal,20.0,94.0,"2795, 3080",idx_L,155,155.0
7,156.0,-1.1128329038619995,0,0.001,,0.13289010045843747,0.005,0.2428448536296319,0,,"156, 336",a10p,Area_anterior_10p,OrbPolaFrontal,20.0,89.0,"1964, 1748",idx_L,156,156.0
7,157.0,-0.7022020816802979,0,0.001,,0.24127657379934186,0.005,0.35744677599902497,0,,"157, 337",OFC,Orbital_Frontal_Complex,OrbPolaFrontal,20.0,93.0,"4560, 5232",idx_L,157,157.0
7,158.0,-1.5606768131256104,0,0.001,,0.05930001239537354,0.005,0.14825003098843384,0,,"158, 338",p10p,Area_posterior_10p,OrbPolaFrontal,20.0,170.0,"2116, 2365",idx_L,158,158.0
7,159.0,2.2970898151397705,0,0.001,,0.010806823330351765,0.005,0.05776660734634817,0,,"159, 339",44,Area_44,Inferior_Frontal,21.0,74.0,"2435, 2589",idx_L,159,159.0
7,160.0,3.548654556274414,1,0.001,+,0.00019360234338492346,0.005,0.004356052726160778,1,+,"160, 340",45,Area_45,Inferior_Frontal,21.0,75.0,"3762, 2962",idx_L,160,160.0
7,161.0,1.987784504890442,0,0.001,,0.023417764083215675,0.005,0.08691128938100663,0,,"161, 341",47 l,Area_47l_(47_lateral),Inferior_Frontal,21.0,76.0,"2527, 2592",idx_L,161,161.0
7,162.0,-1.5524046421051025,0,0.001,,0.06028271671036498,0.005,0.149667434591251,0,,"162, 342",a47r,Area_anterior_47r,Inferior_Frontal,21.0,77.0,"4167, 3763",idx_L,162,162.0
7,163.0,5.193686008453369,1,0.001,+,1.0308537515546536e-07,0.005,1.8555367527983766e-05,1,+,"163, 343",IFJa,Area_IFJa,Inferior_Frontal,21.0,79.0,"1513, 1405",idx_L,163,163.0
7,164.0,3.3661258220672607,1,0.001,+,0.0003811596391943063,0.005,0.006534165243330965,0,,"164, 344",IFJp,Area_IFJp,Inferior_Frontal,21.0,80.0,"960, 740",idx_L,164,164.0
7,165.0,4.401055335998535,1,0.001,+,5.3862822446594736e-06,0.005,0.00045487715619953173,1,+,"165, 345",IFSa,Area_IFSa,Inferior_Frontal,21.0,82.0,"2057, 2641",idx_L,165,165.0
7,166.0,2.3882217407226562,0,0.001,,0.008465061739147448,0.005,0.05285864023508401,0,,"166, 346",IFSp,Area_IFSp,Inferior_Frontal,21.0,81.0,"1589, 1730",idx_L,166,166.0
7,167.0,1.1670023202896118,0,0.001,,0.12160471625869718,0.005,0.2292026065608952,0,,"167, 347",p47r,Area_posterior_47r,Inferior_Frontal,21.0,171.0,"2133, 1761",idx_L,167,167.0
7,168.0,0.20422674715518951,0,0.001,,0.41908815530114785,0.005,0.45505643811255436,0,,"168, 348",46,Area_46,Dorsolateral_Prefrontal,22.0,84.0,"4863, 4394",idx_L,168,168.0
7,169.0,1.4506500959396362,0,0.001,,0.07343865907943463,0.005,0.16839437750698386,0,,"169, 349",8Ad,Area_8Ad,Dorsolateral_Prefrontal,22.0,68.0,"3386, 3492",idx_L,169,169.0
7,170.0,-0.7464098930358887,0,0.001,,0.22770992244457572,0.005,0.34371563700288005,0,,"170, 350",8Av,Area_8Av,Dorsolateral_Prefrontal,22.0,67.0,"4807, 5902",idx_L,170,170.0
7,171.0,0.5089173316955566,0,0.001,,0.30540508546039924,0.005,0.3998030209663408,0,,"171, 351",8BL,Area_8B_Lateral,Dorsolateral_Prefrontal,22.0,70.0,"3377, 4078",idx_L,171,171.0
7,172.0,2.7988719940185547,0,0.001,,0.002564073120359016,0.005,0.025640731203590162,0,,"172, 352",8C,Area_8C,Dorsolateral_Prefrontal,22.0,73.0,"4085, 3134",idx_L,172,172.0
7,173.0,0.24730269610881805,0,0.001,,0.4023369861948584,0.005,0.4492705611014885,0,,"173, 353",9-46d,Area_9-46d,Dorsolateral_Prefrontal,22.0,86.0,"4534, 4666",idx_L,173,173.0
7,174.0,0.4520663321018219,0,0.001,,0.32561059862849495,0.005,0.4098594947771265,0,,"174, 354",9a,Area_9_anterior,Dorsolateral_Prefrontal,22.0,87.0,"3706, 3048",idx_L,174,174.0
7,175.0,0.5871611833572388,0,0.001,,0.2785477296540605,0.005,0.38371636776256984,0,,"175, 355",9p,Area_9_Posterior,Dorsolateral_Prefrontal,22.0,71.0,"3426, 2488",idx_L,175,175.0
7,176.0,-0.4220792353153229,0,0.001,,0.3364835918635688,0.005,0.41919749580920057,0,,"176, 356",a9-46v,Area_anterior_9-46v,Dorsolateral_Prefrontal,22.0,85.0,"3314, 2628",idx_L,176,176.0
7,177.0,0.18251286447048187,0,0.001,,0.4275901297628916,0.005,0.4553456804929067,0,,"177, 357",i6-8,Inferior_6-8_Transitional_Area,Dorsolateral_Prefrontal,22.0,97.0,"1764, 2418",idx_L,177,177.0
7,178.0,1.9750014543533325,0,0.001,,0.024133991482787314,0.005,0.08865547891636157,0,,"178, 358",p9-46v,Area_posterior_9-46v,Dorsolateral_Prefrontal,22.0,83.0,"2871, 4635",idx_L,178,178.0
7,179.0,-0.23049798607826233,0,0.001,,0.40885241411946754,0.005,0.4509310901563275,0,,"179, 359",s6-8,Superior_6-8_Transitional_Area,Dorsolateral_Prefrontal,22.0,98.0,"1336, 2132",idx_L,179,179.0
7,180.0,0.9854313135147095,0,0.001,,0.16220612737952056,0.005,0.2793981141465426,0,,"180, 360",SFL,Superior_Frontal_Language_Area,Dorsolateral_Prefrontal,22.0,26.0,"3873, 3055",idx_L,180,180.0
7,181.0,-0.09907490760087967,0,0.001,,0.46053939744111544,0.005,0.47859632062557345,0,,"1, 181",V1,Primary_Visual_Cortex,Primary_Visual,1.0,1.0,"13,812, 13,406",idx_R,181,181.0
7,182.0,-0.9068986773490906,0,0.001,,0.18223019033545074,0.005,0.29819485691255576,0,,"2, 182",V2,Second_Visual_Area,Early_Visual,2.0,4.0,"9515, 9420",idx_R,182,182.0
7,183.0,-2.187492609024048,0,0.001,,0.014353291092121318,0.005,0.06876798879387663,0,,"3, 183",V3,Third_Visual_Area,Early_Visual,2.0,5.0,"7106, 7481",idx_R,183,183.0
7,184.0,-3.3413619995117188,1,0.001,-,0.00041684224295635334,0.005,0.006821054884740327,0,,"4, 184",V4,Fourth_Visual_Area,Early_Visual,2.0,6.0,"4782, 4537",idx_R,184,184.0
7,185.0,-3.643181085586548,1,0.001,-,0.00013464462262140062,0.005,0.003231470942913615,1,-,"5, 185",IPS1,IntraParietal_Sulcus_Area_1,Dorsal_Stream_Visual,3.0,17.0,"1751, 1750",idx_R,185,185.0
7,186.0,-2.1068246364593506,0,0.001,,0.017566391569555587,0.005,0.07712333029628828,0,,"6, 186",V3A,Area_V3A,Dorsal_Stream_Visual,3.0,13.0,"2191, 2212",idx_R,186,186.0
7,187.0,-2.464081287384033,0,0.001,,0.006868247725706507,0.005,0.04578831817137671,0,,"7, 187",V3B,Area_V3B,Dorsal_Stream_Visual,3.0,19.0,"639, 731",idx_R,187,187.0
7,188.0,-1.0817493200302124,0,0.001,,0.13968196575751618,0.005,0.25073250957776705,0,,"8, 188",V6,Sixth_Visual_Area,Dorsal_Stream_Visual,3.0,3.0,"1402, 1559",idx_R,188,188.0
7,189.0,-2.4955790042877197,0,0.001,,0.006287587437392476,0.005,0.044382970146299834,0,,"9, 189",V6A,Area_V6A,Dorsal_Stream_Visual,3.0,152.0,"904, 734",idx_R,189,189.0
7,190.0,-2.8028061389923096,0,0.001,,0.0025330055353664917,0.005,0.025640731203590162,0,,"10, 190",V7,Seventh_Visual_Area,Dorsal_Stream_Visual,3.0,16.0,"1005, 1041",idx_R,190,190.0
7,191.0,-0.4711167812347412,0,0.001,,0.31877867100725976,0.005,0.40551350375481804,0,,"11, 191",FFC,Fusiform_Face_Complex,Ventral_Stream_Visual,4.0,18.0,"3848, 4402",idx_R,191,191.0
7,192.0,-2.5440714359283447,0,0.001,,0.005478433697759625,0.005,0.04281690027719394,0,,"12, 192",PIT,Posterior_InferoTemporal_complex,Ventral_Stream_Visual,4.0,22.0,"1392, 1386",idx_R,192,192.0
7,193.0,-1.8425832986831665,0,0.001,,0.032694937119170875,0.005,0.10898312373056959,0,,"13, 193",V8,Eighth_Visual_Area,Ventral_Stream_Visual,4.0,7.0,"1361, 1175",idx_R,193,193.0
7,194.0,-1.543156385421753,0,0.001,,0.06139641831712405,0.005,0.1513884287271552,0,,"14, 194",VMV1,VentroMedial_Visual_Area_1,Ventral_Stream_Visual,4.0,153.0,"939, 1219",idx_R,194,194.0
7,195.0,-2.3674073219299316,0,0.001,,0.008956602928722569,0.005,0.05285864023508401,0,,"15, 195",VMV2,VentroMedial_Visual_Area_2,Ventral_Stream_Visual,4.0,160.0,"639, 923",idx_R,195,195.0
7,196.0,-1.5712693929672241,0,0.001,,0.058060043719890944,0.005,0.14700030946275014,0,,"16, 196",VMV3,VentroMedial_Visual_Area_3,Ventral_Stream_Visual,4.0,154.0,"941, 1242",idx_R,196,196.0
7,197.0,-0.8847880959510803,0,0.001,,0.18813546550411925,0.005,0.3037164465537351,0,,"17, 197",VVC,Ventral_Visual_Complex,Ventral_Stream_Visual,4.0,163.0,"2487, 2753",idx_R,197,197.0
7,198.0,-1.5691524744033813,0,0.001,,0.05830620756592,0.005,0.14700030946275014,0,,"18, 198",FST,Area_FST,MT + _Complex,5.0,157.0,"1324, 1683",idx_R,198,198.0
7,199.0,-3.031968355178833,0,0.001,,0.0012148233679643277,0.005,0.014107626208618,0,,"19, 199",LO1,Area_Lateral_Occipital_1,MT + _Complex,5.0,20.0,"619, 909",idx_R,199,199.0
7,200.0,-2.5598654747009277,0,0.001,,0.005235634411824522,0.005,0.04281690027719394,0,,"20, 200",LO2,Area_Lateral_Occipital_2,MT + _Complex,5.0,21.0,"1179, 1062",idx_R,200,200.0
7,201.0,-1.368585467338562,0,0.001,,0.08556444463933688,0.005,0.18821734420942615,0,,"21, 201",LO3,Area_Lateral_Occipital_3,MT + _Complex,5.0,159.0,"438, 915",idx_R,201,201.0
7,202.0,0.3227301836013794,0,0.001,,0.37344979554392954,0.005,0.4410922962723286,0,,"22, 202",MST,Medial_Superior_Temporal_Area,MT + _Complex,5.0,2.0,"794, 1036",idx_R,202,202.0
7,203.0,-0.9611361622810364,0,0.001,,0.16824185458565954,0.005,0.28151377973288605,0,,"23, 203",MT,Middle_Temporal_Area,MT + _Complex,5.0,23.0,"620, 1005",idx_R,203,203.0
7,204.0,-1.6009026765823364,0,0.001,,0.05469923834324181,0.005,0.14586463558197815,0,,"24, 204",PH,Area_PH,MT + _Complex,5.0,138.0,"3453, 3205",idx_R,204,204.0
7,205.0,-3.0687239170074463,0,0.001,,0.0010748757884280105,0.005,0.012898509461136125,0,,"25, 205",V3CD,Area_V3CD,MT + _Complex,5.0,158.0,"876, 1222",idx_R,205,205.0
7,206.0,-2.3793203830718994,0,0.001,,0.008672296814053676,0.005,0.05285864023508401,0,,"26, 206",V4t,Area_V4t,MT + _Complex,5.0,156.0,"1037, 1249",idx_R,206,206.0
7,207.0,-0.29900550842285156,0,0.001,,0.38246792130389773,0.005,0.4412054209913055,0,,"27, 207",1,Area_1,SomaSens_Motor,6.0,51.0,"6590, 5925",idx_R,207,207.0
7,208.0,-1.2104851007461548,0,0.001,,0.11304640225325235,0.005,0.21998218816849108,0,,"28, 208",2,Area_2,SomaSens_Motor,6.0,52.0,"4278, 4727",idx_R,208,208.0
7,209.0,-0.5400189161300659,0,0.001,,0.29459199362684735,0.005,0.3972026880361987,0,,"29, 209",3a,Area_3a,SomaSens_Motor,6.0,53.0,"2247, 2286",idx_R,209,209.0
7,210.0,-0.18993081152439117,0,0.001,,0.42468167390124556,0.005,0.45533855974926396,0,,"30, 210",3b,Primary_Sensory_Cortex,SomaSens_Motor,6.0,9.0,"5451, 4350",idx_R,210,210.0
7,211.0,-0.4966643452644348,0,0.001,,0.30971288478645886,0.005,0.4010670450472129,0,,"31, 211",4,Primary_Motor_Cortex,SomaSens_Motor,6.0,8.0,"10,776, 10,254",idx_R,211,211.0
7,212.0,-1.5696547031402588,0,0.001,,0.05824773233058454,0.005,0.14700030946275014,0,,"32, 212",23c,Area_23c,ParaCentral_MidCing,7.0,38.0,"2259, 2498",idx_R,212,212.0
7,213.0,0.10348207503557205,0,0.001,,0.45879018758106493,0.005,0.47859632062557345,0,,"33, 213",24dd,Dorsal_Area_24d,ParaCentral_MidCing,7.0,40.0,"2665, 2820",idx_R,213,213.0
7,214.0,0.025741921737790108,0,0.001,,0.48973159310657416,0.005,0.49384698464528487,0,,"34, 214",24dv,Ventral_Area_24d,ParaCentral_MidCing,7.0,41.0,"1076, 1349",idx_R,214,214.0
7,215.0,-0.4207771122455597,0,0.001,,0.33695892309854325,0.005,0.41919749580920057,0,,"35, 215",5L,Area_5L,ParaCentral_MidCing,7.0,39.0,"2249, 2327",idx_R,215,215.0
7,216.0,0.6120867133140564,0,0.001,,0.27024019389535153,0.005,0.38151556785226104,0,,"36, 216",5 m,Area_5m,ParaCentral_MidCing,7.0,36.0,"1483, 2079",idx_R,216,216.0
7,217.0,-3.271397829055786,1,0.001,-,0.0005350862487883146,0.005,0.007656465241760094,0,,"37, 217",5mv,Area_5m_ventral,ParaCentral_MidCing,7.0,37.0,"1651, 1996",idx_R,217,217.0
7,218.0,-1.072150468826294,0,0.001,,0.14182622675103151,0.005,0.2527596120315413,0,,"38, 218",6ma,Area_6m_anterior,ParaCentral_MidCing,7.0,44.0,"3941, 4251",idx_R,218,218.0
7,219.0,-1.1421486139297485,0,0.001,,0.1266961255870211,0.005,0.23575548411565347,0,,"39, 219",6mp,Area_6mp,ParaCentral_MidCing,7.0,55.0,"3701, 3105",idx_R,219,219.0
7,220.0,0.981270432472229,0,0.001,,0.16322969973130064,0.005,0.2798223423965154,0,,"40, 220",SCEF,Supplementary_and_Cingulate_Eye_Field,ParaCentral_MidCing,7.0,43.0,"3500, 3371",idx_R,220,220.0
7,221.0,3.4057915210723877,1,0.001,+,0.000329862685053895,0.005,0.00593752833097011,0,,"41, 221",55b,Area_55b,Premotor,8.0,12.0,"2422, 1537",idx_R,221,221.0
7,222.0,-3.0888659954071045,0,0.001,,0.0010046102157900306,0.005,0.012471023368427965,0,,"42, 222",6a,Area_6_anterior,Premotor,8.0,96.0,"4233, 3752",idx_R,222,222.0
7,223.0,-1.9971942901611328,0,0.001,,0.02290204054795536,0.005,0.08644242858595129,0,,"43, 223",6d,Dorsal_area_6,Premotor,8.0,54.0,"2916, 2909",idx_R,223,223.0
7,224.0,-0.36494165658950806,0,0.001,,0.3575774790705412,0.005,0.4348915285993069,0,,"44, 224",6r,Rostral_Area_6,Premotor,8.0,78.0,"3029, 3981",idx_R,224,224.0
7,225.0,-2.080249071121216,0,0.001,,0.01875134672371734,0.005,0.07941746847692051,0,,"45, 225",6v,Ventral_Area_6,Premotor,8.0,56.0,"2075, 2516",idx_R,225,225.0
7,226.0,-0.1907004565000534,0,0.001,,0.424380140509924,0.005,0.45533855974926396,0,,"46, 226",FEF,Frontal_Eye_Fields,Premotor,8.0,10.0,"1787, 1889",idx_R,226,226.0
7,227.0,0.5843765139579773,0,0.001,,0.2794835121938682,0.005,0.38371636776256984,0,,"47, 227",PEF,Premotor_Eye_Field,Premotor,8.0,11.0,"1006, 1258",idx_R,227,227.0
7,228.0,-2.5478503704071045,0,0.001,,0.005419447490970917,0.005,0.04281690027719394,0,,"48, 228",43,Area_43,Posterior_Opercular,9.0,99.0,"1889, 1678",idx_R,228,228.0
7,229.0,-0.6722215414047241,0,0.001,,0.2507213346358842,0.005,0.3641040805519152,0,,"49, 229",FOP1,Frontal_Opercular_Area_1,Posterior_Opercular,9.0,113.0,"879, 932",idx_R,229,229.0
7,230.0,-1.4844609498977661,0,0.001,,0.0688433377506335,0.005,0.16305001046202672,0,,"50, 230",OP1,Area_OP1-SII,Posterior_Opercular,9.0,101.0,"1275, 1072",idx_R,230,230.0
7,231.0,1.084362506866455,0,0.001,,0.1391020503604699,0.005,0.25073250957776705,0,,"51, 231",OP2-3,Area_OP2-3-VS,Posterior_Opercular,9.0,102.0,"943, 792",idx_R,231,231.0
7,232.0,-2.0259175300598145,0,0.001,,0.02138661825836745,0.005,0.08449724049092933,0,,"52, 232",OP4,Area_OP4-PV,Posterior_Opercular,9.0,100.0,"2332, 2409",idx_R,232,232.0
7,233.0,0.46121546626091003,0,0.001,,0.3223220132430582,0.005,0.4078667649555619,0,,"53, 233",52,Area_52,Early_Auditory,10.0,103.0,"725, 580",idx_R,233,233.0
7,234.0,1.1151708364486694,0,0.001,,0.13238861041873923,0.005,0.2428448536296319,0,,"54, 234",A1,Primary_Auditory_Cortex,Early_Auditory,10.0,24.0,"1023, 796",idx_R,234,234.0
7,235.0,2.780672073364258,0,0.001,,0.002712325129520844,0.005,0.026390190449391997,0,,"55, 235",LBelt,Lateral_Belt_Complex,Early_Auditory,10.0,174.0,"820, 901",idx_R,235,235.0
7,236.0,0.7659550309181213,0,0.001,,0.22185152995284813,0.005,0.33698966575116174,0,,"56, 236",MBelt,Medial_Belt_Complex,Early_Auditory,10.0,173.0,"1242, 1236",idx_R,236,236.0
7,237.0,2.8620853424072266,0,0.001,,0.0021043178268254554,0.005,0.022281012284034233,0,,"57, 237",PBelt,ParaBelt_Complex,Early_Auditory,10.0,124.0,"1719, 1439",idx_R,237,237.0
7,238.0,0.25428280234336853,0,0.001,,0.3996385424949561,0.005,0.4492705611014885,0,,"58, 238",PFcm,Area_PFcm,Early_Auditory,10.0,105.0,"1486, 1485",idx_R,238,238.0
7,239.0,-0.20275527238845825,0,0.001,,0.4196631595926891,0.005,0.45505643811255436,0,,"59, 239",RI,RetroInsular_Cortex,Early_Auditory,10.0,104.0,"1149, 1334",idx_R,239,239.0
7,240.0,2.311183214187622,0,0.001,,0.010411368566799799,0.005,0.057662964369968116,0,,"60, 240",A4,Auditory_4_Complex,Auditory_Association,11.0,175.0,"3514, 3610",idx_R,240,240.0
7,241.0,4.174983978271484,1,0.001,+,1.4900351315896714e-05,0.005,0.0006705158092153522,1,+,"61, 241",A5,Auditory_5_Complex,Auditory_Association,11.0,125.0,"3346, 3881",idx_R,241,241.0
7,242.0,0.969830334186554,0,0.001,,0.16606553495548804,0.005,0.28151377973288605,0,,"62, 242",STGa,Area_STGa,Auditory_Association,11.0,123.0,"2509, 2187",idx_R,242,242.0
7,243.0,0.8954250812530518,0,0.001,,0.18527994903815814,0.005,0.30181349164586846,0,,"63, 243",STSda,Area_STSd_anterior,Auditory_Association,11.0,128.0,"1944, 2389",idx_R,243,243.0
7,244.0,3.6853599548339844,1,0.001,+,0.00011418981784909159,0.005,0.0031621795712056134,1,+,"64, 244",STSdp,Area_STSd_posterior,Auditory_Association,11.0,129.0,"1994, 2605",idx_R,244,244.0
7,245.0,2.3701064586639404,0,0.001,,0.008891482029092828,0.005,0.05285864023508401,0,,"65, 245",STSva,Area_STSv_anterior,Auditory_Association,11.0,176.0,"1694, 1900",idx_R,245,245.0
7,246.0,3.199268341064453,1,0.001,+,0.0006888843208087299,0.005,0.00885708412468367,0,,"66, 246",STSvp,Area_STSv_posterior,Auditory_Association,11.0,130.0,"2898, 2515",idx_R,246,246.0
7,247.0,2.1013808250427246,0,0.001,,0.017803774901897964,0.005,0.07714001221378779,0,,"67, 247",TA2,Area_TA2,Auditory_Association,11.0,107.0,"1518, 1726",idx_R,247,247.0
7,248.0,0.32206112146377563,0,0.001,,0.37370319545294506,0.005,0.4410922962723286,0,,"68, 248",AAIC,Anterior_Agranular_Insula_Complex,Insula_FrontalOperc,12.0,112.0,"1859, 1691",idx_R,248,248.0
7,249.0,1.1979104280471802,0,0.001,,0.11547594481148393,0.005,0.22282740923261782,0,,"69, 249",AVI,Anterior_Ventral_Insular_Area,Insula_FrontalOperc,12.0,111.0,"1446, 1792",idx_R,249,249.0
7,250.0,-1.517476201057434,0,0.001,,0.06457324886307585,0.005,0.1570700648020764,0,,"70, 250",FOP2,Frontal_Opercular_Area_2,Insula_FrontalOperc,12.0,115.0,"750, 720",idx_R,250,250.0
7,251.0,-2.4804937839508057,0,0.001,,0.006560027568628938,0.005,0.04455867782464939,0,,"71, 251",FOP3,Frontal_Opercular_Area_3,Insula_FrontalOperc,12.0,114.0,"754, 614",idx_R,251,251.0
7,252.0,-1.468292236328125,0,0.001,,0.07101242944977296,0.005,0.1649320942059243,0,,"72, 252",FOP4,Frontal_Opercular_Area_4,Insula_FrontalOperc,12.0,108.0,"2522, 1678",idx_R,252,252.0
7,253.0,0.3116099536418915,0,0.001,,0.37766848436917577,0.005,0.4412054209913055,0,,"73, 253",FOP5,Area_Frontal_Opercular_5,Insula_FrontalOperc,12.0,169.0,"1297, 1365",idx_R,253,253.0
7,254.0,-1.7165316343307495,0,0.001,,0.0430323915709693,0.005,0.12803025591362768,0,,"74, 254",Ig,Insular_Granular_Complex,Insula_FrontalOperc,12.0,168.0,"841, 1077",idx_R,254,254.0
7,255.0,-1.3078522682189941,0,0.001,,0.09546171092100486,0.005,0.19750698811242387,0,,"75, 255",MI,Middle_Insular_Area,Insula_FrontalOperc,12.0,109.0,"2102, 1960",idx_R,255,255.0
7,256.0,0.2341165840625763,0,0.001,,0.40744723572347086,0.005,0.4509310901563275,0,,"76, 256",PI,Para-Insular_Area,Insula_FrontalOperc,12.0,178.0,"1033, 1058",idx_R,256,256.0
7,257.0,-0.6438262462615967,0,0.001,,0.259844056075457,0.005,0.3741754407486581,0,,"77, 257",Pir,Pirform_Cortex,Insula_FrontalOperc,12.0,110.0,"2287, 1856",idx_R,257,257.0
7,258.0,-0.7132067084312439,0,0.001,,0.23785892786491947,0.005,0.3553079420388839,0,,"78, 258",PoI1,Area_Posterior_Insular_1,Insula_FrontalOperc,12.0,167.0,"1811, 1835",idx_R,258,258.0
7,259.0,-1.3900713920593262,0,0.001,,0.08225359970197771,0.005,0.18507059932944986,0,,"79, 259",PoI2,Posterior_Insular_Area_2,Insula_FrontalOperc,12.0,106.0,"2747, 2675",idx_R,259,259.0
7,260.0,1.570914626121521,0,0.001,,0.05810124038150579,0.005,0.14700030946275014,0,,"80, 260",H,Hippocampus,Medial_Temporal,13.0,120.0,"4283, 3626",idx_R,260,260.0
7,261.0,0.9639947414398193,0,0.001,,0.167524281144104,0.005,0.28151377973288605,0,,"81, 261",PreS,PreSubiculum,Medial_Temporal,13.0,119.0,"1817, 1558",idx_R,261,261.0
7,262.0,1.4990181922912598,0,0.001,,0.06693445630424434,0.005,0.16082713883978297,0,,"82, 262",EC,Entorhinal_Cortex,Medial_Temporal,13.0,118.0,"2127, 2110",idx_R,262,262.0
7,263.0,1.0044595003128052,0,0.001,,0.15757859145501146,0.005,0.27538006273691323,0,,"83, 263",PeEc,Perirhinal_Ectorhinal_Cortex,Medial_Temporal,13.0,122.0,"4826, 4755",idx_R,263,263.0
7,264.0,3.4993999004364014,1,0.001,+,0.00023315332586632388,0.005,0.004663066517326477,1,+,"84, 264",TF,Area_TF,Medial_Temporal,13.0,135.0,"3986, 4752",idx_R,264,264.0
7,265.0,1.612955093383789,0,0.001,,0.05337713220186676,0.005,0.14340125069158235,0,,"85, 265",PHA1,ParaHippocampal_Area_1,Medial_Temporal,13.0,126.0,"1281, 1168",idx_R,265,265.0
7,266.0,0.818587601184845,0,0.001,,0.2065108716872246,0.005,0.3235906983141796,0,,"86, 266",PHA2,ParaHippocampal_Area_2,Medial_Temporal,13.0,155.0,"783, 771",idx_R,266,266.0
7,267.0,0.2200617641210556,0,0.001,,0.41291152633430483,0.005,0.45319557768399316,0,,"87, 267",PHA3,ParaHippocampal_Area_3,Medial_Temporal,13.0,127.0,"2023, 1122",idx_R,267,267.0
7,268.0,0.3057011067867279,0,0.001,,0.3799161152671642,0.005,0.4412054209913055,0,,"88, 268",PHT,Area_PHT,Lateral_Temporal,14.0,137.0,"4182, 3410",idx_R,268,268.0
7,269.0,-0.05806368216872215,0,0.001,,0.476848951497557,0.005,0.4863048797142225,0,,"89, 269",TE1a,Area_TE1_anterior,Lateral_Temporal,14.0,132.0,"5227, 4180",idx_R,269,269.0
7,270.0,0.013943194411695004,0,0.001,,0.4944376504577732,0.005,0.4958149141080734,0,,"90, 270",TE1m,Area_TE1_Middle,Lateral_Temporal,14.0,177.0,"3339, 3429",idx_R,270,270.0
7,271.0,0.06605172902345657,0,0.001,,0.47366832076690174,0.005,0.4844335098752404,0,,"91, 271",TE1p,Area_TE1_posterior,Lateral_Temporal,14.0,133.0,"7116, 6010",idx_R,271,271.0
7,272.0,-0.9200989007949829,0,0.001,,0.17876053936710562,0.005,0.2938529414253791,0,,"92, 272",TE2a,Area_TE2_anterior,Lateral_Temporal,14.0,134.0,"5691, 5753",idx_R,272,272.0
7,273.0,1.637399673461914,0,0.001,,0.050773493205757074,0.005,0.1406035196467119,0,,"93, 273",TE2p,Area_TE2_posterior,Lateral_Temporal,14.0,136.0,"4115, 3040",idx_R,273,273.0
7,274.0,0.47189459204673767,0,0.001,,0.3185010141671004,0.005,0.40551350375481804,0,,"94, 274",TGd,Area_TG_dorsal,Lateral_Temporal,14.0,131.0,"10,192, 10,269",idx_R,274,274.0
7,275.0,0.924804151058197,0,0.001,,0.1775338954923762,0.005,0.2931752402626396,0,,"95, 275",TGv,Area_TG_Ventral,Lateral_Temporal,14.0,172.0,"3694, 4515",idx_R,275,275.0
7,276.0,0.49805590510368347,0,0.001,,0.30922231946543455,0.005,0.4010670450472129,0,,"96, 276",PSL,PeriSylvian_Language_Area,TPO,15.0,25.0,"2154, 2759",idx_R,276,276.0
7,277.0,3.013605833053589,0,0.001,,0.0012908148990939967,0.005,0.014521667614807462,0,,"97, 277",STV,Superior_Temporal_Visual_Area,TPO,15.0,28.0,"2322, 2294",idx_R,277,277.0
7,278.0,4.064487457275391,1,0.001,+,2.4069063686409434e-05,0.005,0.0009627625474563774,1,+,"98, 278",TPOJ1,Area_TemporoParietoOccipital_Junction_1,TPO,15.0,139.0,"2102, 3938",idx_R,278,278.0
7,279.0,2.200408935546875,0,0.001,,0.013888947215511139,0.005,0.06844339273734994,0,,"99, 279",TPOJ2,Area_TemporoParietoOccipital_Junction_2,TPO,15.0,140.0,"1930, 2068",idx_R,279,279.0
7,280.0,0.48597627878189087,0,0.001,,0.31349199227866,0.005,0.40306113292970575,0,,"100, 280",TPOJ3,Area_TemporoParietoOccipital_Junction_3,TPO,15.0,141.0,"1290, 1277",idx_R,280,280.0
7,281.0,-1.8712900876998901,0,0.001,,0.0306524418545529,0.005,0.10509408635846708,0,,"101, 281",7AL,Lateral_Area_7A,Superior_Parietal,16.0,42.0,"2134, 2030",idx_R,281,281.0
7,282.0,-1.9944524765014648,0,0.001,,0.02305131428958701,0.005,0.08644242858595129,0,,"102, 282",7Am,Medial_Area_7A,Superior_Parietal,16.0,45.0,"2995, 2379",idx_R,282,282.0
7,283.0,-1.8030134439468384,0,0.001,,0.03569305167053972,0.005,0.11334121488784826,0,,"103, 283",7PC,Area_7PC,Superior_Parietal,16.0,47.0,"3151, 3415",idx_R,283,283.0
7,284.0,-1.4733929634094238,0,0.001,,0.07032255327496964,0.005,0.1643903842791498,0,,"104, 284",7Pl,Lateral_Area_7P,Superior_Parietal,16.0,46.0,"1695, 1363",idx_R,284,284.0
7,285.0,1.9962518215179443,0,0.001,,0.022953259660046514,0.005,0.08644242858595129,0,,"105, 285",7Pm,Medial_Area_7P,Superior_Parietal,16.0,29.0,"1601, 1308",idx_R,285,285.0
7,286.0,-3.262091636657715,1,0.001,-,0.0005529669341271179,0.005,0.007656465241760094,0,,"106, 286",AIP,Anterior_IntraParietal_Area,Superior_Parietal,16.0,117.0,"1999, 2542",idx_R,286,286.0
7,287.0,0.24212022125720978,0,0.001,,0.40434350499133964,0.005,0.4492705611014885,0,,"107, 287",LIPd,Area_Lateral_IntraParietal_dorsal,Superior_Parietal,16.0,95.0,"1008, 869",idx_R,287,287.0
7,288.0,-1.9002726078033447,0,0.001,,0.028698677064721366,0.005,0.10128944846372247,0,,"108, 288",LIPv,Area_Lateral_IntraParietal_ventral,Superior_Parietal,16.0,48.0,"1681, 1783",idx_R,288,288.0
7,289.0,-2.0350682735443115,0,0.001,,0.02092200188549606,0.005,0.08449724049092933,0,,"109, 289",MIP,Medial_IntraParietal_Area,Superior_Parietal,16.0,50.0,"1872, 2403",idx_R,289,289.0
7,290.0,-2.0255842208862305,0,0.001,,0.021403704929350096,0.005,0.08449724049092933,0,,"110, 290",VIP,Ventral_IntraParietal_Complex,Superior_Parietal,16.0,49.0,"1890, 1577",idx_R,290,290.0
7,291.0,-2.6576132774353027,0,0.001,,0.003934806924723949,0.005,0.03503989633797058,0,,"111, 291",IP0,Area_IntraParietal_0,Inferior_Parietal,17.0,146.0,"1203, 1239",idx_R,291,291.0
7,292.0,-0.1757674217224121,0,0.001,,0.43023833241331694,0.005,0.4555464696141003,0,,"112, 292",IP1,Area_IntraParietal_1,Inferior_Parietal,17.0,145.0,"1692, 1632",idx_R,292,292.0
7,293.0,-1.0003111362457275,0,0.001,,0.15857997978073435,0.005,0.2757912691838858,0,,"113, 293",IP2,Area_IntraParietal_2,Inferior_Parietal,17.0,144.0,"2102, 1861",idx_R,293,293.0
7,294.0,-1.801037073135376,0,0.001,,0.03584851841311971,0.005,0.11334121488784826,0,,"114, 294",PF,Area_PF_Complex,Inferior_Parietal,17.0,148.0,"5457, 5251",idx_R,294,294.0
7,295.0,-1.345995545387268,0,0.001,,0.08915197660153629,0.005,0.19332330084906507,0,,"115, 295",PFm,Area_PFm_Complex,Inferior_Parietal,17.0,149.0,"8220, 8141",idx_R,295,295.0
7,296.0,-1.8037796020507812,0,0.001,,0.03563293239210338,0.005,0.11334121488784826,0,,"116, 296",PFop,Area_PF_Opercular,Inferior_Parietal,17.0,147.0,"1797, 1783",idx_R,296,296.0
7,297.0,-2.508964776992798,0,0.001,,0.006054277885094501,0.005,0.04359080077268041,0,,"117, 297",PFt,Area_PFt,Inferior_Parietal,17.0,116.0,"1983, 2039",idx_R,297,297.0
7,298.0,0.040192268788814545,0,0.001,,0.4839699206320819,0.005,0.4907863983874633,0,,"118, 298",PGi,Area_PGi,Inferior_Parietal,17.0,150.0,"4791, 4970",idx_R,298,298.0
7,299.0,-2.17402720451355,0,0.001,,0.014851546095648765,0.005,0.06876798879387663,0,,"119, 299",PGp,Area_PGp,Inferior_Parietal,17.0,143.0,"2501, 3740",idx_R,299,299.0
7,300.0,-0.6328213810920715,0,0.001,,0.26342514632974434,0.005,0.3763216376139205,0,,"120, 300",PGs,Area_PGs,Inferior_Parietal,17.0,151.0,"4552, 3366",idx_R,300,300.0
7,301.0,-1.2320480346679688,0,0.001,,0.10896557065000595,0.005,0.2167271018453157,0,,"121, 301",23d,Area_23d,Posterior_Cingulate,18.0,32.0,"1261, 1513",idx_R,301,301.0
7,302.0,-0.3309263586997986,0,0.001,,0.3703500556544419,0.005,0.4410922962723286,0,,"122, 302",31a,Area_31a,Posterior_Cingulate,18.0,162.0,"1260, 1116",idx_R,302,302.0
7,303.0,2.0594613552093506,0,0.001,,0.019725031689958802,0.005,0.08256990009750197,0,,"123, 303",31pd,Area_31pd,Posterior_Cingulate,18.0,161.0,"1428, 864",idx_R,303,303.0
7,304.0,0.744824230670929,0,0.001,,0.2281889923435787,0.005,0.34371563700288005,0,,"124, 304",31pv,Area_31p_ventral,Posterior_Cingulate,18.0,35.0,"950, 1022",idx_R,304,304.0
7,305.0,4.708118915557861,1,0.001,+,1.2500662157926077e-06,0.005,0.00015000794589511293,1,+,"125, 305",7 m,Area_7m,Posterior_Cingulate,18.0,30.0,"2128, 2067",idx_R,305,305.0
7,306.0,0.7882174253463745,0,0.001,,0.21528476910187982,0.005,0.33053061461306116,0,,"126, 306",d23ab,Area_dorsal_23_a + b,Posterior_Cingulate,18.0,34.0,"1607, 1106",idx_R,306,306.0
7,307.0,-1.7200433015823364,0,0.001,,0.04271228538787872,0.005,0.12803025591362768,0,,"127, 307",DVT,Dorsal_Transitional_Visual_Area,Posterior_Cingulate,18.0,142.0,"1806, 2176",idx_R,307,307.0
7,308.0,0.4717545807361603,0,0.001,,0.31855098679708205,0.005,0.40551350375481804,0,,"128, 308",PCV,PreCuneus_Visual_Area,Posterior_Cingulate,18.0,27.0,"2245, 2416",idx_R,308,308.0
7,309.0,1.6945600509643555,0,0.001,,0.045079455433735996,0.005,0.13302134390282755,0,,"129, 309",POS1,Parieto-Occipital_Sulcus_Area_1,Posterior_Cingulate,18.0,31.0,"2531, 2727",idx_R,309,309.0
7,310.0,2.293435573577881,0,0.001,,0.010911470276532432,0.005,0.05776660734634817,0,,"130, 310",POS2,Parieto-Occipital_Sulcus_Area_2,Posterior_Cingulate,18.0,15.0,"3261, 3093",idx_R,310,310.0
7,311.0,1.5836560726165771,0,0.001,,0.0566360031274156,0.005,0.14700030946275014,0,,"131, 311",ProS,ProStriate_Area,Posterior_Cingulate,18.0,121.0,"1222, 1055",idx_R,311,311.0
7,312.0,0.4889075756072998,0,0.001,,0.31245356607086106,0.005,0.40306113292970575,0,,"132, 312",RSC,RetroSplenial_Complex,Posterior_Cingulate,18.0,14.0,"2830, 3067",idx_R,312,312.0
7,313.0,1.308482050895691,0,0.001,,0.09535492932152917,0.005,0.19750698811242387,0,,"133, 313",v23ab,Area_ventral_23_a + b,Posterior_Cingulate,18.0,33.0,"916, 1089",idx_R,313,313.0
7,314.0,0.8018312454223633,0,0.001,,0.21132529094757885,0.005,0.32791855491865685,0,,"134, 314",10r,Area_10r,AntCing_MedPFC,19.0,65.0,"1589, 1053",idx_R,314,314.0
7,315.0,2.1782689094543457,0,0.001,,0.01469301121117892,0.005,0.06876798879387663,0,,"135, 315",10v,Area_10v,AntCing_MedPFC,19.0,88.0,"3906, 2667",idx_R,315,315.0
7,316.0,0.5097902417182922,0,0.001,,0.305099211449814,0.005,0.3998030209663408,0,,"136, 316",25,Area_25,AntCing_MedPFC,19.0,164.0,"1911, 2135",idx_R,316,316.0
7,317.0,0.31046196818351746,0,0.001,,0.3781048382828053,0.005,0.4412054209913055,0,,"137, 317",33pr,Area_33_prime,AntCing_MedPFC,19.0,58.0,"1354, 1316",idx_R,317,317.0
7,318.0,1.2921336889266968,0,0.001,,0.09815542544424227,0.005,0.2007724611359501,0,,"138, 318",8BM,Area_8BM,AntCing_MedPFC,19.0,63.0,"3122, 3436",idx_R,318,318.0
7,319.0,0.6605749130249023,0,0.001,,0.2544424808947177,0.005,0.3678686470767003,0,,"139, 319",9 m,Area_9_Middle,AntCing_MedPFC,19.0,69.0,"6338, 5881",idx_R,319,319.0
7,320.0,0.2834840714931488,0,0.001,,0.38840289509747755,0.005,0.44388902296854577,0,,"140, 320",a24,Area_a24,AntCing_MedPFC,19.0,61.0,"2085, 2152",idx_R,320,320.0
7,321.0,0.4032931327819824,0,0.001,,0.34336629651482586,0.005,0.421883504250298,0,,"141, 321",a24pr,Anterior_24_prime,AntCing_MedPFC,19.0,59.0,"1095, 1474",idx_R,321,321.0
7,322.0,-0.5294249653816223,0,0.001,,0.29825534170498275,0.005,0.3989823617018382,0,,"142, 322",a32pr,Area_anterior_32_prime,AntCing_MedPFC,19.0,179.0,"1759, 1118",idx_R,322,322.0
7,323.0,-0.33920058608055115,0,0.001,,0.3672293138912105,0.005,0.44088821659354044,0,,"143, 323",d32,Area_dorsal_32,AntCing_MedPFC,19.0,62.0,"2228, 2374",idx_R,323,323.0
7,324.0,-0.03060084953904152,0,0.001,,0.48779393231709045,0.005,0.4932747630172825,0,,"144, 324",p24,Area_posterior_24,AntCing_MedPFC,19.0,180.0,"2394, 2442",idx_R,324,324.0
7,325.0,0.7042549848556519,0,0.001,,0.24063699716640413,0.005,0.35744677599902497,0,,"145, 325",p24pr,Area_Posterior_24_prime,AntCing_MedPFC,19.0,57.0,"1422, 1724",idx_R,325,325.0
7,326.0,-0.607609748840332,0,0.001,,0.27172316674271807,0.005,0.3818788451381835,0,,"146, 326",p32,Area_p32,AntCing_MedPFC,19.0,64.0,"1180, 1765",idx_R,326,326.0
7,327.0,-0.3010249137878418,0,0.001,,0.38169774833695325,0.005,0.4412054209913055,0,,"147, 327",p32pr,Area_p32_prime,AntCing_MedPFC,19.0,60.0,"1569, 1305",idx_R,327,327.0
7,328.0,1.1404664516448975,0,0.001,,0.1270460108845466,0.005,0.23575548411565347,0,,"148, 328",pOFC,Posterior_OFC_Complex,AntCing_MedPFC,19.0,166.0,"2486, 2836",idx_R,328,328.0
7,329.0,2.6528594493865967,0,0.001,,0.003990654860713316,0.005,0.03503989633797058,0,,"149, 329",s32,Area_s32,AntCing_MedPFC,19.0,165.0,"604, 1015",idx_R,329,329.0
7,330.0,-0.3836790919303894,0,0.001,,0.35060815549443747,0.005,0.42931610876869897,0,,"150, 330",10d,Area_10d,OrbPolaFrontal,20.0,72.0,"3644, 3096",idx_R,330,330.0
7,331.0,-1.4573948383331299,0,0.001,,0.07250371054262952,0.005,0.1673162550983758,0,,"151, 331",10 pp,Polar_10p,OrbPolaFrontal,20.0,90.0,"1997, 2487",idx_R,331,331.0
7,332.0,-0.7173247337341309,0,0.001,,0.23658687458741695,0.005,0.35488031188112545,0,,"152, 332",11 l,Area_11l,OrbPolaFrontal,20.0,91.0,"3531, 3793",idx_R,332,332.0
7,333.0,4.011192798614502,1,0.001,+,3.020637460265058e-05,0.005,0.001087429485695421,1,+,"153, 333",13 l,Area_13l,OrbPolaFrontal,20.0,92.0,"2429, 1757",idx_R,333,333.0
7,334.0,2.3523457050323486,0,0.001,,0.009327713826178398,0.005,0.05416091899071328,0,,"154, 334",47 m,Area_47m,OrbPolaFrontal,20.0,66.0,"799, 781",idx_R,334,334.0
7,335.0,1.080353856086731,0,0.001,,0.1399923178475866,0.005,0.25073250957776705,0,,"155, 335",47 s,Area_47s,OrbPolaFrontal,20.0,94.0,"2795, 3080",idx_R,335,335.0
7,336.0,-1.1965219974517822,0,0.001,,0.11574645979583204,0.005,0.22282740923261782,0,,"156, 336",a10p,Area_anterior_10p,OrbPolaFrontal,20.0,89.0,"1964, 1748",idx_R,336,336.0
7,337.0,0.3455759882926941,0,0.001,,0.3648306969822235,0.005,0.4407350701798673,0,,"157, 337",OFC,Orbital_Frontal_Complex,OrbPolaFrontal,20.0,93.0,"4560, 5232",idx_R,337,337.0
7,338.0,-1.6247438192367554,0,0.001,,0.05210857815151772,0.005,0.14211430404959377,0,,"158, 338",p10p,Area_posterior_10p,OrbPolaFrontal,20.0,170.0,"2116, 2365",idx_R,338,338.0
7,339.0,1.6704838275909424,0,0.001,,0.047411838263828276,0.005,0.13667132983614425,0,,"159, 339",44,Area_44,Inferior_Frontal,21.0,74.0,"2435, 2589",idx_R,339,339.0
7,340.0,2.195359230041504,0,0.001,,0.014068919618233044,0.005,0.06844339273734994,0,,"160, 340",45,Area_45,Inferior_Frontal,21.0,75.0,"3762, 2962",idx_R,340,340.0
7,341.0,-0.29282182455062866,0,0.001,,0.38482917275352757,0.005,0.4412054209913055,0,,"161, 341",47 l,Area_47l_(47_lateral),Inferior_Frontal,21.0,76.0,"2527, 2592",idx_R,341,341.0
7,342.0,-1.2282670736312866,0,0.001,,0.10967336350084933,0.005,0.2169363234082734,0,,"162, 342",a47r,Area_anterior_47r,Inferior_Frontal,21.0,77.0,"4167, 3763",idx_R,342,342.0
7,343.0,2.529031276702881,0,0.001,,0.005718891706878455,0.005,0.04281690027719394,0,,"163, 343",IFJa,Area_IFJa,Inferior_Frontal,21.0,79.0,"1513, 1405",idx_R,343,343.0
7,344.0,2.3797013759613037,0,0.001,,0.008663336491782596,0.005,0.05285864023508401,0,,"164, 344",IFJp,Area_IFJp,Inferior_Frontal,21.0,80.0,"960, 740",idx_R,344,344.0
7,345.0,3.507713556289673,1,0.001,+,0.0002259877116107352,0.005,0.004663066517326477,1,+,"165, 345",IFSa,Area_IFSa,Inferior_Frontal,21.0,82.0,"2057, 2641",idx_R,345,345.0
7,346.0,3.284059762954712,1,0.001,+,0.0005116161090336084,0.005,0.007656465241760094,0,,"166, 346",IFSp,Area_IFSp,Inferior_Frontal,21.0,81.0,"1589, 1730",idx_R,346,346.0
7,347.0,-0.3227499723434448,0,0.001,,0.37344230160852093,0.005,0.4410922962723286,0,,"167, 347",p47r,Area_posterior_47r,Inferior_Frontal,21.0,171.0,"2133, 1761",idx_R,347,347.0
7,348.0,-1.3674416542053223,0,0.001,,0.08574345680651635,0.005,0.18821734420942615,0,,"168, 348",46,Area_46,Dorsolateral_Prefrontal,22.0,84.0,"4863, 4394",idx_R,348,348.0
7,349.0,-0.3181562125682831,0,0.001,,0.3751832228068942,0.005,0.4412054209913055,0,,"169, 349",8Ad,Area_8Ad,Dorsolateral_Prefrontal,22.0,68.0,"3386, 3492",idx_R,349,349.0
7,350.0,-0.5146737694740295,0,0.001,,0.30339050302242304,0.005,0.3998030209663408,0,,"170, 350",8Av,Area_8Av,Dorsolateral_Prefrontal,22.0,67.0,"4807, 5902",idx_R,350,350.0
7,351.0,0.34629371762275696,0,0.001,,0.3645609947499465,0.005,0.4407350701798673,0,,"171, 351",8BL,Area_8B_Lateral,Dorsolateral_Prefrontal,22.0,70.0,"3377, 4078",idx_R,351,351.0
7,352.0,1.5829370021820068,0,0.001,,0.056717911961667214,0.005,0.14700030946275014,0,,"172, 352",8C,Area_8C,Dorsolateral_Prefrontal,22.0,73.0,"4085, 3134",idx_R,352,352.0
7,353.0,-1.408450961112976,0,0.001,,0.07949878908227026,0.005,0.17999725829947982,0,,"173, 353",9-46d,Area_9-46d,Dorsolateral_Prefrontal,22.0,86.0,"4534, 4666",idx_R,353,353.0
7,354.0,-1.824568510055542,0,0.001,,0.034033084516204584,0.005,0.11138100387121501,0,,"174, 354",9a,Area_9_anterior,Dorsolateral_Prefrontal,22.0,87.0,"3706, 3048",idx_R,354,354.0
7,355.0,-0.8171741962432861,0,0.001,,0.20691444323159813,0.005,0.3235906983141796,0,,"175, 355",9p,Area_9_Posterior,Dorsolateral_Prefrontal,22.0,71.0,"3426, 2488",idx_R,355,355.0
7,356.0,-1.1926394701004028,0,0.001,,0.11650530041697771,0.005,0.22292834703090475,0,,"176, 356",a9-46v,Area_anterior_9-46v,Dorsolateral_Prefrontal,22.0,85.0,"3314, 2628",idx_R,356,356.0
7,357.0,-0.5105648636817932,0,0.001,,0.30482789224589335,0.005,0.3998030209663408,0,,"177, 357",i6-8,Inferior_6-8_Transitional_Area,Dorsolateral_Prefrontal,22.0,97.0,"1764, 2418",idx_R,357,357.0
7,358.0,0.8773230910301208,0,0.001,,0.1901555868020024,0.005,0.30424893888320387,0,,"178, 358",p9-46v,Area_posterior_9-46v,Dorsolateral_Prefrontal,22.0,83.0,"2871, 4635",idx_R,358,358.0
7,359.0,-1.0083160400390625,0,0.001,,0.1566513825286565,0.005,0.27509511078203097,0,,"179, 359",s6-8,Superior_6-8_Transitional_Area,Dorsolateral_Prefrontal,22.0,98.0,"1336, 2132",idx_R,359,359.0
7,360.0,0.8317025899887085,0,0.001,,0.20278841918872598,0.005,0.3216027793301381,0,,"180, 360",SFL,Superior_Frontal_Language_Area,Dorsolateral_Prefrontal,22.0,26.0,"3873, 3055",idx_R,360,360.0
8,1.0,-0.3724556267261505,0,0.001,,0.35477682198599125,0.005,0.4416628282869791,0,,"1, 181",V1,Primary_Visual_Cortex,Primary_Visual,1.0,1.0,"13,812, 13,406",idx_L,1,1.0
8,2.0,0.755800724029541,0,0.001,,0.22488434129507223,0.005,0.3430439104501102,0,,"2, 182",V2,Second_Visual_Area,Early_Visual,2.0,4.0,"9515, 9420",idx_L,2,2.0
8,3.0,1.7380915880203247,0,0.001,,0.04109733844608098,0.005,0.11558626437960276,0,,"3, 183",V3,Third_Visual_Area,Early_Visual,2.0,5.0,"7106, 7481",idx_L,3,3.0
8,4.0,1.7958790063858032,0,0.001,,0.036256880974557586,0.005,0.10885442721471547,0,,"4, 184",V4,Fourth_Visual_Area,Early_Visual,2.0,6.0,"4782, 4537",idx_L,4,4.0
8,5.0,0.8159885406494141,0,0.001,,0.2072533449082692,0.005,0.3318365275678705,0,,"5, 185",IPS1,IntraParietal_Sulcus_Area_1,Dorsal_Stream_Visual,3.0,17.0,"1751, 1750",idx_L,5,5.0
8,6.0,1.4692336320877075,0,0.001,,0.07088471551788525,0.005,0.16463546829960446,0,,"6, 186",V3A,Area_V3A,Dorsal_Stream_Visual,3.0,13.0,"2191, 2212",idx_L,6,6.0
8,7.0,2.3180410861968994,0,0.001,,0.010223544112565416,0.005,0.04507804288301148,0,,"7, 187",V3B,Area_V3B,Dorsal_Stream_Visual,3.0,19.0,"639, 731",idx_L,7,7.0
8,8.0,1.1375095844268799,0,0.001,,0.12766266010450095,0.005,0.24842463587902888,0,,"8, 188",V6,Sixth_Visual_Area,Dorsal_Stream_Visual,3.0,3.0,"1402, 1559",idx_L,8,8.0
8,9.0,1.499333381652832,0,0.001,,0.06689358324867592,0.005,0.15739666646747275,0,,"9, 189",V6A,Area_V6A,Dorsal_Stream_Visual,3.0,152.0,"904, 734",idx_L,9,9.0
8,10.0,0.6405423283576965,0,0.001,,0.26091003980847705,0.005,0.3697937572088651,0,,"10, 190",V7,Seventh_Visual_Area,Dorsal_Stream_Visual,3.0,16.0,"1005, 1041",idx_L,10,10.0
8,11.0,-0.017850268632173538,0,0.001,,0.4928791512832624,0.005,0.4946787436915538,0,,"11, 191",FFC,Fusiform_Face_Complex,Ventral_Stream_Visual,4.0,18.0,"3848, 4402",idx_L,11,11.0
8,12.0,0.3473738729953766,0,0.001,,0.36415522951368384,0.005,0.447426220562888,0,,"12, 192",PIT,Posterior_InferoTemporal_complex,Ventral_Stream_Visual,4.0,22.0,"1392, 1386",idx_L,12,12.0
8,13.0,1.4478144645690918,0,0.001,,0.07383447316945924,0.005,0.1684675917862774,0,,"13, 193",V8,Eighth_Visual_Area,Ventral_Stream_Visual,4.0,7.0,"1361, 1175",idx_L,13,13.0
8,14.0,0.04018706828355789,0,0.001,,0.4839719936586459,0.005,0.4946787436915538,0,,"14, 194",VMV1,VentroMedial_Visual_Area_1,Ventral_Stream_Visual,4.0,153.0,"939, 1219",idx_L,14,14.0
8,15.0,-0.02931320294737816,0,0.001,,0.4883073984992751,0.005,0.4946787436915538,0,,"15, 195",VMV2,VentroMedial_Visual_Area_2,Ventral_Stream_Visual,4.0,160.0,"639, 923",idx_L,15,15.0
8,16.0,1.434147596359253,0,0.001,,0.07576507388103933,0.005,0.16849025156985442,0,,"16, 196",VMV3,VentroMedial_Visual_Area_3,Ventral_Stream_Visual,4.0,154.0,"941, 1242",idx_L,16,16.0
8,17.0,-0.30369043350219727,0,0.001,,0.38068187347948734,0.005,0.456002794069151,0,,"17, 197",VVC,Ventral_Visual_Complex,Ventral_Stream_Visual,4.0,163.0,"2487, 2753",idx_L,17,17.0
8,18.0,-2.3139538764953613,0,0.001,,0.01033512615524507,0.005,0.04507804288301148,0,,"18, 198",FST,Area_FST,MT + _Complex,5.0,157.0,"1324, 1683",idx_L,18,18.0
8,19.0,1.9490777254104614,0,0.001,,0.02564307164997504,0.005,0.08469271370633959,0,,"19, 199",LO1,Area_Lateral_Occipital_1,MT + _Complex,5.0,20.0,"619, 909",idx_L,19,19.0
8,20.0,0.9241070747375488,0,0.001,,0.177715285105638,0.005,0.3051542362561009,0,,"20, 200",LO2,Area_Lateral_Occipital_2,MT + _Complex,5.0,21.0,"1179, 1062",idx_L,20,20.0
8,21.0,0.6519490480422974,0,0.001,,0.2572170211340483,0.005,0.3697937572088651,0,,"21, 201",LO3,Area_Lateral_Occipital_3,MT + _Complex,5.0,159.0,"438, 915",idx_L,21,21.0
8,22.0,-1.248542070388794,0,0.001,,0.10591630587450679,0.005,0.2191371845679451,0,,"22, 202",MST,Medial_Superior_Temporal_Area,MT + _Complex,5.0,2.0,"794, 1036",idx_L,22,22.0
8,23.0,-1.6566458940505981,0,0.001,,0.048795543941287975,0.005,0.1282218672909757,0,,"23, 203",MT,Middle_Temporal_Area,MT + _Complex,5.0,23.0,"620, 1005",idx_L,23,23.0
8,24.0,-1.221544623374939,0,0.001,,0.11093994045480082,0.005,0.22437291327937245,0,,"24, 204",PH,Area_PH,MT + _Complex,5.0,138.0,"3453, 3205",idx_L,24,24.0
8,25.0,2.436546802520752,0,0.001,,0.007414125210590974,0.005,0.039251251114893394,0,,"25, 205",V3CD,Area_V3CD,MT + _Complex,5.0,158.0,"876, 1222",idx_L,25,25.0
8,26.0,-0.974367082118988,0,0.001,,0.16493715389981,0.005,0.2934890344804577,0,,"26, 206",V4t,Area_V4t,MT + _Complex,5.0,156.0,"1037, 1249",idx_L,26,26.0
8,27.0,-0.9626725316047668,0,0.001,,0.16785594280221244,0.005,0.2934890344804577,0,,"27, 207",1,Area_1,SomaSens_Motor,6.0,51.0,"6590, 5925",idx_L,27,27.0
8,28.0,-1.012999415397644,0,0.001,,0.15553022008239037,0.005,0.2827822183316188,0,,"28, 208",2,Area_2,SomaSens_Motor,6.0,52.0,"4278, 4727",idx_L,28,28.0
8,29.0,-2.5298712253570557,0,0.001,,0.005705219835012034,0.005,0.0331270829129731,0,,"29, 209",3a,Area_3a,SomaSens_Motor,6.0,53.0,"2247, 2286",idx_L,29,29.0
8,30.0,-2.188849687576294,0,0.001,,0.014303883464616488,0.005,0.05536987147593479,0,,"30, 210",3b,Primary_Sensory_Cortex,SomaSens_Motor,6.0,9.0,"5451, 4350",idx_L,30,30.0
8,31.0,-2.3606414794921875,0,0.001,,0.009121679031582742,0.005,0.043207953307497195,0,,"31, 211",4,Primary_Motor_Cortex,SomaSens_Motor,6.0,8.0,"10,776, 10,254",idx_L,31,31.0
8,32.0,-3.9532272815704346,1,0.001,-,3.855206711456163e-05,0.005,0.0010675957047109376,1,-,"32, 212",23c,Area_23c,ParaCentral_MidCing,7.0,38.0,"2259, 2498",idx_L,32,32.0
8,33.0,-1.4455174207687378,0,0.001,,0.07415630167211984,0.005,0.1684675917862774,0,,"33, 213",24dd,Dorsal_Area_24d,ParaCentral_MidCing,7.0,40.0,"2665, 2820",idx_L,33,33.0
8,34.0,-2.35105037689209,0,0.001,,0.009360249569443925,0.005,0.04376220577921835,0,,"34, 214",24dv,Ventral_Area_24d,ParaCentral_MidCing,7.0,41.0,"1076, 1349",idx_L,34,34.0
8,35.0,-0.6296768188476562,0,0.001,,0.2644530260898904,0.005,0.3718870679389084,0,,"35, 215",5L,Area_5L,ParaCentral_MidCing,7.0,39.0,"2249, 2327",idx_L,35,35.0
8,36.0,-0.6923043131828308,0,0.001,,0.24437312100501252,0.005,0.3606082367465123,0,,"36, 216",5 m,Area_5m,ParaCentral_MidCing,7.0,36.0,"1483, 2079",idx_L,36,36.0
8,37.0,-2.865985631942749,0,0.001,,0.002078565564887137,0.005,0.014965672067187389,0,,"37, 217",5mv,Area_5m_ventral,ParaCentral_MidCing,7.0,37.0,"1651, 1996",idx_L,37,37.0
8,38.0,-3.0917272567749023,1,0.001,-,0.0009949779776800129,0.005,0.009369174463067485,0,,"38, 218",6ma,Area_6m_anterior,ParaCentral_MidCing,7.0,44.0,"3941, 4251",idx_L,38,38.0
8,39.0,-1.1569744348526,0,0.001,,0.12364140270304824,0.005,0.24322898892402933,0,,"39, 219",6mp,Area_6mp,ParaCentral_MidCing,7.0,55.0,"3701, 3105",idx_L,39,39.0
8,40.0,2.2919118404388428,0,0.001,,0.010955365439474013,0.005,0.04639919480247817,0,,"40, 220",SCEF,Supplementary_and_Cingulate_Eye_Field,ParaCentral_MidCing,7.0,43.0,"3500, 3371",idx_L,40,40.0
8,41.0,0.5465901494026184,0,0.001,,0.2923301690586918,0.005,0.4001477599282473,0,,"41, 221",55b,Area_55b,Premotor,8.0,12.0,"2422, 1537",idx_L,41,41.0
8,42.0,-4.345496654510498,1,0.001,-,6.9480444985920875e-06,0.005,0.00031266200243664394,1,-,"42, 222",6a,Area_6_anterior,Premotor,8.0,96.0,"4233, 3752",idx_L,42,42.0
8,43.0,-1.886732578277588,0,0.001,,0.029598151748108363,0.005,0.09346784762560535,0,,"43, 223",6d,Dorsal_area_6,Premotor,8.0,54.0,"2916, 2909",idx_L,43,43.0
8,44.0,-0.4630270302295685,0,0.001,,0.321672496147114,0.005,0.42319436630528057,0,,"44, 224",6r,Rostral_Area_6,Premotor,8.0,78.0,"3029, 3981",idx_L,44,44.0
8,45.0,-0.7868075966835022,0,0.001,,0.21569725289604547,0.005,0.3347026338042085,0,,"45, 225",6v,Ventral_Area_6,Premotor,8.0,56.0,"2075, 2516",idx_L,45,45.0
8,46.0,-2.392321825027466,0,0.001,,0.008371077416793212,0.005,0.041855387083966064,0,,"46, 226",FEF,Frontal_Eye_Fields,Premotor,8.0,10.0,"1787, 1889",idx_L,46,46.0
8,47.0,0.24241532385349274,0,0.001,,0.40422918085598625,0.005,0.46641828560306103,0,,"47, 227",PEF,Premotor_Eye_Field,Premotor,8.0,11.0,"1006, 1258",idx_L,47,47.0
8,48.0,-0.5331332683563232,0,0.001,,0.29697066556134377,0.005,0.4049599984927415,0,,"48, 228",43,Area_43,Posterior_Opercular,9.0,99.0,"1889, 1678",idx_L,48,48.0
8,49.0,1.211707592010498,0,0.001,,0.11281216596345023,0.005,0.2268848030549837,0,,"49, 229",FOP1,Frontal_Opercular_Area_1,Posterior_Opercular,9.0,113.0,"879, 932",idx_L,49,49.0
8,50.0,-0.9203623533248901,0,0.001,,0.17869171743584544,0.005,0.3051542362561009,0,,"50, 230",OP1,Area_OP1-SII,Posterior_Opercular,9.0,101.0,"1275, 1072",idx_L,50,50.0
8,51.0,-2.6404619216918945,0,0.001,,0.00413965479750666,0.005,0.026339150379557676,0,,"51, 231",OP2-3,Area_OP2-3-VS,Posterior_Opercular,9.0,102.0,"943, 792",idx_L,51,51.0
8,52.0,-0.8234898447990417,0,0.001,,0.20511474489036874,0.005,0.3318365275678705,0,,"52, 232",OP4,Area_OP4-PV,Posterior_Opercular,9.0,100.0,"2332, 2409",idx_L,52,52.0
8,53.0,2.6836023330688477,0,0.001,,0.0036416840766795447,0.005,0.024277893844530298,0,,"53, 233",52,Area_52,Early_Auditory,10.0,103.0,"725, 580",idx_L,53,53.0
8,54.0,-3.078273296356201,0,0.001,,0.0010410193847852761,0.005,0.009369174463067485,0,,"54, 234",A1,Primary_Auditory_Cortex,Early_Auditory,10.0,24.0,"1023, 796",idx_L,54,54.0
8,55.0,0.8142186999320984,0,0.001,,0.2077598372980124,0.005,0.3318365275678705,0,,"55, 235",LBelt,Lateral_Belt_Complex,Early_Auditory,10.0,174.0,"820, 901",idx_L,55,55.0
8,56.0,0.17088036239147186,0,0.001,,0.4321589190408591,0.005,0.4801765767120657,0,,"56, 236",MBelt,Medial_Belt_Complex,Early_Auditory,10.0,173.0,"1242, 1236",idx_L,56,56.0
8,57.0,2.5000107288360596,0,0.001,,0.006209477270035774,0.005,0.03492830964395123,0,,"57, 237",PBelt,ParaBelt_Complex,Early_Auditory,10.0,124.0,"1719, 1439",idx_L,57,57.0
8,58.0,0.5558739304542542,0,0.001,,0.2891485204571343,0.005,0.3983378295512767,0,,"58, 238",PFcm,Area_PFcm,Early_Auditory,10.0,105.0,"1486, 1485",idx_L,58,58.0
8,59.0,0.018260201439261436,0,0.001,,0.49271563840961274,0.005,0.4946787436915538,0,,"59, 239",RI,RetroInsular_Cortex,Early_Auditory,10.0,104.0,"1149, 1334",idx_L,59,59.0
8,60.0,2.8986990451812744,0,0.001,,0.001873571900432602,0.005,0.014653898073936912,0,,"60, 240",A4,Auditory_4_Complex,Auditory_Association,11.0,175.0,"3514, 3610",idx_L,60,60.0
8,61.0,2.954047918319702,0,0.001,,0.001568176511618842,0.005,0.012545412092950736,0,,"61, 241",A5,Auditory_5_Complex,Auditory_Association,11.0,125.0,"3346, 3881",idx_L,61,61.0
8,62.0,4.0442352294921875,1,0.001,+,2.624709718430011e-05,0.005,0.0008589959078498217,1,+,"62, 242",STGa,Area_STGa,Auditory_Association,11.0,123.0,"2509, 2187",idx_L,62,62.0
8,63.0,0.7893190383911133,0,0.001,,0.2149627810062199,0.005,0.3347026338042085,0,,"63, 243",STSda,Area_STSd_anterior,Auditory_Association,11.0,128.0,"1944, 2389",idx_L,63,63.0
8,64.0,2.8763298988342285,0,0.001,,0.0020116448856181417,0.005,0.014779431812704715,0,,"64, 244",STSdp,Area_STSd_posterior,Auditory_Association,11.0,129.0,"1994, 2605",idx_L,64,64.0
8,65.0,1.733758568763733,0,0.001,,0.041480464849166544,0.005,0.11575943678837175,0,,"65, 245",STSva,Area_STSv_anterior,Auditory_Association,11.0,176.0,"1694, 1900",idx_L,65,65.0
8,66.0,1.2987021207809448,0,0.001,,0.09702308799777287,0.005,0.20479587163073246,0,,"66, 246",STSvp,Area_STSv_posterior,Auditory_Association,11.0,130.0,"2898, 2515",idx_L,66,66.0
8,67.0,3.790590524673462,1,0.001,+,7.51447723812017e-05,0.005,0.0014110220512692324,1,+,"67, 247",TA2,Area_TA2,Auditory_Association,11.0,107.0,"1518, 1726",idx_L,67,67.0
8,68.0,2.6252427101135254,0,0.001,,0.004329361059069775,0.005,0.02687189622870895,0,,"68, 248",AAIC,Anterior_Agranular_Insula_Complex,Insula_FrontalOperc,12.0,112.0,"1859, 1691",idx_L,68,68.0
8,69.0,1.382910132408142,0,0.001,,0.08334621154393712,0.005,0.1829550985110815,0,,"69, 249",AVI,Anterior_Ventral_Insular_Area,Insula_FrontalOperc,12.0,111.0,"1446, 1792",idx_L,69,69.0
8,70.0,-0.4340081512928009,0,0.001,,0.3321412609141403,0.005,0.42747705216975274,0,,"70, 250",FOP2,Frontal_Opercular_Area_2,Insula_FrontalOperc,12.0,115.0,"750, 720",idx_L,70,70.0
8,71.0,-0.04370928183197975,0,0.001,,0.48256807022869513,0.005,0.4946787436915538,0,,"71, 251",FOP3,Frontal_Opercular_Area_3,Insula_FrontalOperc,12.0,114.0,"754, 614",idx_L,71,71.0
8,72.0,0.6474170684814453,0,0.001,,0.2586810260410701,0.005,0.3697937572088651,0,,"72, 252",FOP4,Frontal_Opercular_Area_4,Insula_FrontalOperc,12.0,108.0,"2522, 1678",idx_L,72,72.0
8,73.0,3.8537063598632812,1,0.001,+,5.8171558676249965e-05,0.005,0.0013088600702156241,1,+,"73, 253",FOP5,Area_Frontal_Opercular_5,Insula_FrontalOperc,12.0,169.0,"1297, 1365",idx_L,73,73.0
8,74.0,-2.1806480884552,0,0.001,,0.014604727693586575,0.005,0.05593299967756561,0,,"74, 254",Ig,Insular_Granular_Complex,Insula_FrontalOperc,12.0,168.0,"841, 1077",idx_L,74,74.0
8,75.0,1.2314527034759521,0,0.001,,0.1090767978398044,0.005,0.22311163194505443,0,,"75, 255",MI,Middle_Insular_Area,Insula_FrontalOperc,12.0,109.0,"2102, 1960",idx_L,75,75.0
8,76.0,3.4256742000579834,1,0.001,+,0.0003066377635227908,0.005,0.003814567409330685,1,+,"76, 256",PI,Para-Insular_Area,Insula_FrontalOperc,12.0,178.0,"1033, 1058",idx_L,76,76.0
8,77.0,2.465756893157959,0,0.001,,0.0068362047166069485,0.005,0.03728838936331062,0,,"77, 257",Pir,Pirform_Cortex,Insula_FrontalOperc,12.0,110.0,"2287, 1856",idx_L,77,77.0
8,78.0,-0.14543882012367249,0,0.001,,0.4421822082306924,0.005,0.486806100804432,0,,"78, 258",PoI1,Area_Posterior_Insular_1,Insula_FrontalOperc,12.0,167.0,"1811, 1835",idx_L,78,78.0
8,79.0,-2.3320868015289307,0,0.001,,0.009848062620446341,0.005,0.044877247384312445,0,,"79, 259",PoI2,Posterior_Insular_Area_2,Insula_FrontalOperc,12.0,106.0,"2747, 2675",idx_L,79,79.0
8,80.0,0.8990309238433838,0,0.001,,0.18431809465770171,0.005,0.3086814399544541,0,,"80, 260",H,Hippocampus,Medial_Temporal,13.0,120.0,"4283, 3626",idx_L,80,80.0
8,81.0,0.04641639068722725,0,0.001,,0.481489186356824,0.005,0.4946787436915538,0,,"81, 261",PreS,PreSubiculum,Medial_Temporal,13.0,119.0,"1817, 1558",idx_L,81,81.0
8,82.0,-1.9656543731689453,0,0.001,,0.024669274341862862,0.005,0.08254020263596173,0,,"82, 262",EC,Entorhinal_Cortex,Medial_Temporal,13.0,118.0,"2127, 2110",idx_L,82,82.0
8,83.0,-0.8060441017150879,0,0.001,,0.21010871028792882,0.005,0.3318365275678705,0,,"83, 263",PeEc,Perirhinal_Ectorhinal_Cortex,Medial_Temporal,13.0,122.0,"4826, 4755",idx_L,83,83.0
8,84.0,-2.2323131561279297,0,0.001,,0.012797136481429187,0.005,0.05118854592571675,0,,"84, 264",TF,Area_TF,Medial_Temporal,13.0,135.0,"3986, 4752",idx_L,84,84.0
8,85.0,-1.5026471614837646,0,0.001,,0.06646502746972471,0.005,0.15739666646747275,0,,"85, 265",PHA1,ParaHippocampal_Area_1,Medial_Temporal,13.0,126.0,"1281, 1168",idx_L,85,85.0
8,86.0,-5.922116279602051,1,0.001,-,1.5891237953885572e-09,0.005,2.860422831699403e-07,1,-,"86, 266",PHA2,ParaHippocampal_Area_2,Medial_Temporal,13.0,155.0,"783, 771",idx_L,86,86.0
8,87.0,-4.814718723297119,1,0.001,-,7.370368537553479e-07,0.005,6.633331683798131e-05,1,-,"87, 267",PHA3,ParaHippocampal_Area_3,Medial_Temporal,13.0,127.0,"2023, 1122",idx_L,87,87.0
8,88.0,-5.927885055541992,1,0.001,-,1.5343058256496544e-09,0.005,2.860422831699403e-07,1,-,"88, 268",PHT,Area_PHT,Lateral_Temporal,14.0,137.0,"4182, 3410",idx_L,88,88.0
8,89.0,1.272909164428711,0,0.001,,0.10152513843050204,0.005,0.21126618401722966,0,,"89, 269",TE1a,Area_TE1_anterior,Lateral_Temporal,14.0,132.0,"5227, 4180",idx_L,89,89.0
8,90.0,2.2448055744171143,0,0.001,,0.012390308382247962,0.005,0.050687625200105293,0,,"90, 270",TE1m,Area_TE1_Middle,Lateral_Temporal,14.0,177.0,"3339, 3429",idx_L,90,90.0
8,91.0,-2.413519859313965,0,0.001,,0.007899633430906855,0.005,0.04005447936797842,0,,"91, 271",TE1p,Area_TE1_posterior,Lateral_Temporal,14.0,133.0,"7116, 6010",idx_L,91,91.0
8,92.0,-0.3198750913143158,0,0.001,,0.3745315104276178,0.005,0.4539775883971125,0,,"92, 272",TE2a,Area_TE2_anterior,Lateral_Temporal,14.0,134.0,"5691, 5753",idx_L,92,92.0
8,93.0,-1.4418264627456665,0,0.001,,0.07467566779560052,0.005,0.1684675917862774,0,,"93, 273",TE2p,Area_TE2_posterior,Lateral_Temporal,14.0,136.0,"4115, 3040",idx_L,93,93.0
8,94.0,1.5079901218414307,0,0.001,,0.06577852761155338,0.005,0.15682297973615378,0,,"94, 274",TGd,Area_TG_dorsal,Lateral_Temporal,14.0,131.0,"10,192, 10,269",idx_L,94,94.0
8,95.0,-0.7709750533103943,0,0.001,,0.22036085922635235,0.005,0.33901670650208054,0,,"95, 275",TGv,Area_TG_Ventral,Lateral_Temporal,14.0,172.0,"3694, 4515",idx_L,95,95.0
8,96.0,0.08270405232906342,0,0.001,,0.4670434313108058,0.005,0.4946787436915538,0,,"96, 276",PSL,PeriSylvian_Language_Area,TPO,15.0,25.0,"2154, 2759",idx_L,96,96.0
8,97.0,-2.891077995300293,0,0.001,,0.0019196141283620942,0.005,0.014653898073936912,0,,"97, 277",STV,Superior_Temporal_Visual_Area,TPO,15.0,28.0,"2322, 2294",idx_L,97,97.0
8,98.0,-0.25145062804222107,0,0.001,,0.4007328645974491,0.005,0.46387084004849416,0,,"98, 278",TPOJ1,Area_TemporoParietoOccipital_Junction_1,TPO,15.0,139.0,"2102, 3938",idx_L,98,98.0
8,99.0,-3.9259941577911377,1,0.001,-,4.318612587352136e-05,0.005,0.0011040099543496906,1,-,"99, 279",TPOJ2,Area_TemporoParietoOccipital_Junction_2,TPO,15.0,140.0,"1930, 2068",idx_L,99,99.0
8,100.0,-0.7790054082870483,0,0.001,,0.21798826445132358,0.005,0.33680590215655143,0,,"100, 280",TPOJ3,Area_TemporoParietoOccipital_Junction_3,TPO,15.0,141.0,"1290, 1277",idx_L,100,100.0
8,101.0,-1.6198577880859375,0,0.001,,0.05263141463734555,0.005,0.1343780799251376,0,,"101, 281",7AL,Lateral_Area_7A,Superior_Parietal,16.0,42.0,"2134, 2030",idx_L,101,101.0
8,102.0,-3.125338315963745,1,0.001,-,0.0008880033612986864,0.005,0.008880033612986865,0,,"102, 282",7Am,Medial_Area_7A,Superior_Parietal,16.0,45.0,"2995, 2379",idx_L,102,102.0
8,103.0,-0.6883412599563599,0,0.001,,0.2456189524002499,0.005,0.3606082367465123,0,,"103, 283",7PC,Area_7PC,Superior_Parietal,16.0,47.0,"3151, 3415",idx_L,103,103.0
8,104.0,-1.6576260328292847,0,0.001,,0.048696485904498175,0.005,0.1282218672909757,0,,"104, 284",7Pl,Lateral_Area_7P,Superior_Parietal,16.0,46.0,"1695, 1363",idx_L,104,104.0
8,105.0,-1.037092924118042,0,0.001,,0.1498462762718848,0.005,0.27806525493751816,0,,"105, 285",7Pm,Medial_Area_7P,Superior_Parietal,16.0,29.0,"1601, 1308",idx_L,105,105.0
8,106.0,-1.8316112756729126,0,0.001,,0.033504677847055,0.005,0.10476474014282626,0,,"106, 286",AIP,Anterior_IntraParietal_Area,Superior_Parietal,16.0,117.0,"1999, 2542",idx_L,106,106.0
8,107.0,0.3941090703010559,0,0.001,,0.3467502573549617,0.005,0.43494805800622366,0,,"107, 287",LIPd,Area_Lateral_IntraParietal_dorsal,Superior_Parietal,16.0,95.0,"1008, 869",idx_L,107,107.0
8,108.0,0.43306946754455566,0,0.001,,0.33248215168758544,0.005,0.42747705216975274,0,,"108, 288",LIPv,Area_Lateral_IntraParietal_ventral,Superior_Parietal,16.0,48.0,"1681, 1783",idx_L,108,108.0
8,109.0,-0.11632811278104782,0,0.001,,0.4536962530398047,0.005,0.48901392543212485,0,,"109, 289",MIP,Medial_IntraParietal_Area,Superior_Parietal,16.0,50.0,"1872, 2403",idx_L,109,109.0
8,110.0,0.8131315112113953,0,0.001,,0.2080713307601213,0.005,0.3318365275678705,0,,"110, 290",VIP,Ventral_IntraParietal_Complex,Superior_Parietal,16.0,49.0,"1890, 1577",idx_L,110,110.0
8,111.0,0.23023849725723267,0,0.001,,0.408953224398357,0.005,0.47036153604922853,0,,"111, 291",IP0,Area_IntraParietal_0,Inferior_Parietal,17.0,146.0,"1203, 1239",idx_L,111,111.0
8,112.0,0.4462128281593323,0,0.001,,0.32772175869801756,0.005,0.4264447162016785,0,,"112, 292",IP1,Area_IntraParietal_1,Inferior_Parietal,17.0,145.0,"1692, 1632",idx_L,112,112.0
8,113.0,-0.8285858035087585,0,0.001,,0.2036694119618917,0.005,0.3318365275678705,0,,"113, 293",IP2,Area_IntraParietal_2,Inferior_Parietal,17.0,144.0,"2102, 1861",idx_L,113,113.0
8,114.0,-2.115361452102661,0,0.001,,0.017199576294296984,0.005,0.06383347903038056,0,,"114, 294",PF,Area_PF_Complex,Inferior_Parietal,17.0,148.0,"5457, 5251",idx_L,114,114.0
8,115.0,-0.44509509205818176,0,0.001,,0.3281255177440693,0.005,0.4264447162016785,0,,"115, 295",PFm,Area_PFm_Complex,Inferior_Parietal,17.0,149.0,"8220, 8141",idx_L,115,115.0
8,116.0,-0.07257566601037979,0,0.001,,0.4710718956765815,0.005,0.4946787436915538,0,,"116, 296",PFop,Area_PF_Opercular,Inferior_Parietal,17.0,147.0,"1797, 1783",idx_L,116,116.0
8,117.0,-1.1377519369125366,0,0.001,,0.12761203979787944,0.005,0.24842463587902888,0,,"117, 297",PFt,Area_PFt,Inferior_Parietal,17.0,116.0,"1983, 2039",idx_L,117,117.0
8,118.0,-1.8199783563613892,0,0.001,,0.034381150495847695,0.005,0.10578815537183907,0,,"118, 298",PGi,Area_PGi,Inferior_Parietal,17.0,150.0,"4791, 4970",idx_L,118,118.0
8,119.0,-1.4404187202453613,0,0.001,,0.07487448523834551,0.005,0.1684675917862774,0,,"119, 299",PGp,Area_PGp,Inferior_Parietal,17.0,143.0,"2501, 3740",idx_L,119,119.0
8,120.0,-0.3607417345046997,0,0.001,,0.35914626143505723,0.005,0.44278306204322126,0,,"120, 300",PGs,Area_PGs,Inferior_Parietal,17.0,151.0,"4552, 3366",idx_L,120,120.0
8,121.0,-0.42526161670684814,0,0.001,,0.335322985509687,0.005,0.42886945051970393,0,,"121, 301",23d,Area_23d,Posterior_Cingulate,18.0,32.0,"1261, 1513",idx_L,121,121.0
8,122.0,-0.33978909254074097,0,0.001,,0.3670076813069187,0.005,0.4478737805779347,0,,"122, 302",31a,Area_31a,Posterior_Cingulate,18.0,162.0,"1260, 1116",idx_L,122,122.0
8,123.0,4.199711322784424,1,0.001,+,1.3362774855702972e-05,0.005,0.00048321823491305867,1,+,"123, 303",31pd,Area_31pd,Posterior_Cingulate,18.0,161.0,"1428, 864",idx_L,123,123.0
8,124.0,3.2506792545318604,1,0.001,+,0.0005756483225751738,0.005,0.006279799882638259,0,,"124, 304",31pv,Area_31p_ventral,Posterior_Cingulate,18.0,35.0,"950, 1022",idx_L,124,124.0
8,125.0,3.7720415592193604,1,0.001,+,8.09586391868072e-05,0.005,0.0014110220512692324,1,+,"125, 305",7 m,Area_7m,Posterior_Cingulate,18.0,30.0,"2128, 2067",idx_L,125,125.0
8,126.0,3.64670467376709,1,0.001,+,0.00013281245704339077,0.005,0.0020788036754617687,1,+,"126, 306",d23ab,Area_dorsal_23_a + b,Posterior_Cingulate,18.0,34.0,"1607, 1106",idx_L,126,126.0
8,127.0,0.22160828113555908,0,0.001,,0.4123094176833137,0.005,0.4727114342866017,0,,"127, 307",DVT,Dorsal_Transitional_Visual_Area,Posterior_Cingulate,18.0,142.0,"1806, 2176",idx_L,127,127.0
8,128.0,-0.020663347095251083,0,0.001,,0.4917571037768774,0.005,0.4946787436915538,0,,"128, 308",PCV,PreCuneus_Visual_Area,Posterior_Cingulate,18.0,27.0,"2245, 2416",idx_L,128,128.0
8,129.0,-0.6548988223075867,0,0.001,,0.25626644926996894,0.005,0.3697937572088651,0,,"129, 309",POS1,Parieto-Occipital_Sulcus_Area_1,Posterior_Cingulate,18.0,31.0,"2531, 2727",idx_L,129,129.0
8,130.0,3.5783402919769287,1,0.001,+,0.00017289153008152324,0.005,0.0024896380331739347,1,+,"130, 310",POS2,Parieto-Occipital_Sulcus_Area_2,Posterior_Cingulate,18.0,15.0,"3261, 3093",idx_L,130,130.0
8,131.0,-0.020626364275813103,0,0.001,,0.49177185464337997,0.005,0.4946787436915538,0,,"131, 311",ProS,ProStriate_Area,Posterior_Cingulate,18.0,121.0,"1222, 1055",idx_L,131,131.0
8,132.0,3.910773992538452,1,0.001,+,4.600041476457044e-05,0.005,0.0011040099543496906,1,+,"132, 312",RSC,RetroSplenial_Complex,Posterior_Cingulate,18.0,14.0,"2830, 3067",idx_L,132,132.0
8,133.0,2.003711700439453,0,0.001,,0.022550476092922014,0.005,0.07832433861759833,0,,"133, 313",v23ab,Area_ventral_23_a + b,Posterior_Cingulate,18.0,33.0,"916, 1089",idx_L,133,133.0
8,134.0,3.111976146697998,1,0.001,+,0.0009291975717421625,0.005,0.009040841238572392,0,,"134, 314",10r,Area_10r,AntCing_MedPFC,19.0,65.0,"1589, 1053",idx_L,134,134.0
8,135.0,3.4550042152404785,1,0.001,+,0.0002751421095455296,0.005,0.003668561460607061,1,+,"135, 315",10v,Area_10v,AntCing_MedPFC,19.0,88.0,"3906, 2667",idx_L,135,135.0
8,136.0,0.9590920209884644,0,0.001,,0.1687561948262632,0.005,0.2934890344804577,0,,"136, 316",25,Area_25,AntCing_MedPFC,19.0,164.0,"1911, 2135",idx_L,136,136.0
8,137.0,-1.710213303565979,0,0.001,,0.043613218257649154,0.005,0.1207750659442592,0,,"137, 317",33pr,Area_33_prime,AntCing_MedPFC,19.0,58.0,"1354, 1316",idx_L,137,137.0
8,138.0,0.9102470278739929,0,0.001,,0.18134612391686383,0.005,0.3065004911270938,0,,"138, 318",8BM,Area_8BM,AntCing_MedPFC,19.0,63.0,"3122, 3436",idx_L,138,138.0
8,139.0,1.7018793821334839,0,0.001,,0.044388990766495696,0.005,0.12198501279342329,0,,"139, 319",9 m,Area_9_Middle,AntCing_MedPFC,19.0,69.0,"6338, 5881",idx_L,139,139.0
8,140.0,0.995829701423645,0,0.001,,0.15966644819698034,0.005,0.2873996067545646,0,,"140, 320",a24,Area_a24,AntCing_MedPFC,19.0,61.0,"2085, 2152",idx_L,140,140.0
8,141.0,-0.28270676732063293,0,0.001,,0.3887008141100195,0.005,0.456002794069151,0,,"141, 321",a24pr,Anterior_24_prime,AntCing_MedPFC,19.0,59.0,"1095, 1474",idx_L,141,141.0
8,142.0,0.3967444598674774,0,0.001,,0.34577795545541445,0.005,0.43494805800622366,0,,"142, 322",a32pr,Area_anterior_32_prime,AntCing_MedPFC,19.0,179.0,"1759, 1118",idx_L,142,142.0
8,143.0,0.689151406288147,0,0.001,,0.2453639965013774,0.005,0.3606082367465123,0,,"143, 323",d32,Area_dorsal_32,AntCing_MedPFC,19.0,62.0,"2228, 2374",idx_L,143,143.0
8,144.0,0.2869833707809448,0,0.001,,0.3870625265585209,0.005,0.456002794069151,0,,"144, 324",p24,Area_posterior_24,AntCing_MedPFC,19.0,180.0,"2394, 2442",idx_L,144,144.0
8,145.0,-1.5292434692382812,0,0.001,,0.06310204902157987,0.005,0.1516297698912862,0,,"145, 325",p24pr,Area_Posterior_24_prime,AntCing_MedPFC,19.0,57.0,"1422, 1724",idx_L,145,145.0
8,146.0,1.0158803462982178,0,0.001,,0.15484318449557394,0.005,0.2827822183316188,0,,"146, 326",p32,Area_p32,AntCing_MedPFC,19.0,64.0,"1180, 1765",idx_L,146,146.0
8,147.0,0.08595015853643417,0,0.001,,0.4657530191284673,0.005,0.4946787436915538,0,,"147, 327",p32pr,Area_p32_prime,AntCing_MedPFC,19.0,60.0,"1569, 1305",idx_L,147,147.0
8,148.0,0.41956230998039246,0,0.001,,0.3374026133649902,0.005,0.42886945051970393,0,,"148, 328",pOFC,Posterior_OFC_Complex,AntCing_MedPFC,19.0,166.0,"2486, 2836",idx_L,148,148.0
8,149.0,1.4432969093322754,0,0.001,,0.07446842502949334,0.005,0.1684675917862774,0,,"149, 329",s32,Area_s32,AntCing_MedPFC,19.0,165.0,"604, 1015",idx_L,149,149.0
8,150.0,2.234334945678711,0,0.001,,0.01273052131323768,0.005,0.05118854592571675,0,,"150, 330",10d,Area_10d,OrbPolaFrontal,20.0,72.0,"3644, 3096",idx_L,150,150.0
8,151.0,-0.04940054938197136,0,0.001,,0.48030004517734354,0.005,0.4946787436915538,0,,"151, 331",10 pp,Polar_10p,OrbPolaFrontal,20.0,90.0,"1997, 2487",idx_L,151,151.0
8,152.0,-0.6965221166610718,0,0.001,,0.2430509557780285,0.005,0.3606082367465123,0,,"152, 332",11 l,Area_11l,OrbPolaFrontal,20.0,91.0,"3531, 3793",idx_L,152,152.0
8,153.0,1.3328988552093506,0,0.001,,0.09128249915742753,0.005,0.19677664489026295,0,,"153, 333",13 l,Area_13l,OrbPolaFrontal,20.0,92.0,"2429, 1757",idx_L,153,153.0
8,154.0,0.9745594263076782,0,0.001,,0.16488942397448964,0.005,0.2934890344804577,0,,"154, 334",47 m,Area_47m,OrbPolaFrontal,20.0,66.0,"799, 781",idx_L,154,154.0
8,155.0,3.8078224658966064,1,0.001,+,7.009793057894076e-05,0.005,0.0014110220512692324,1,+,"155, 335",47 s,Area_47s,OrbPolaFrontal,20.0,94.0,"2795, 3080",idx_L,155,155.0
8,156.0,-0.8505309224128723,0,0.001,,0.1975149880202749,0.005,0.3246821720881231,0,,"156, 336",a10p,Area_anterior_10p,OrbPolaFrontal,20.0,89.0,"1964, 1748",idx_L,156,156.0
8,157.0,1.5753196477890015,0,0.001,,0.05759134052175711,0.005,0.14298539715746592,0,,"157, 337",OFC,Orbital_Frontal_Complex,OrbPolaFrontal,20.0,93.0,"4560, 5232",idx_L,157,157.0
8,158.0,0.3403400182723999,0,0.001,,0.36680024185139626,0.005,0.4478737805779347,0,,"158, 338",p10p,Area_posterior_10p,OrbPolaFrontal,20.0,170.0,"2116, 2365",idx_L,158,158.0
8,159.0,0.6870259046554565,0,0.001,,0.24603320220005204,0.005,0.3606082367465123,0,,"159, 339",44,Area_44,Inferior_Frontal,21.0,74.0,"2435, 2589",idx_L,159,159.0
8,160.0,3.0664215087890625,0,0.001,,0.001083188393578093,0.005,0.00951092248019789,0,,"160, 340",45,Area_45,Inferior_Frontal,21.0,75.0,"3762, 2962",idx_L,160,160.0
8,161.0,2.419943332672119,0,0.001,,0.007761462954765329,0.005,0.03991609519593598,0,,"161, 341",47 l,Area_47l_(47_lateral),Inferior_Frontal,21.0,76.0,"2527, 2592",idx_L,161,161.0
8,162.0,-0.07367157936096191,0,0.001,,0.47063585685067977,0.005,0.4946787436915538,0,,"162, 342",a47r,Area_anterior_47r,Inferior_Frontal,21.0,77.0,"4167, 3763",idx_L,162,162.0
8,163.0,2.428372859954834,0,0.001,,0.0075833708888950685,0.005,0.03956541333336558,0,,"163, 343",IFJa,Area_IFJa,Inferior_Frontal,21.0,79.0,"1513, 1405",idx_L,163,163.0
8,164.0,0.4903677701950073,0,0.001,,0.3119368394995665,0.005,0.41901963514867147,0,,"164, 344",IFJp,Area_IFJp,Inferior_Frontal,21.0,80.0,"960, 740",idx_L,164,164.0
8,165.0,-1.5794261693954468,0,0.001,,0.057119169388319284,0.005,0.1427979234707982,0,,"165, 345",IFSa,Area_IFSa,Inferior_Frontal,21.0,82.0,"2057, 2641",idx_L,165,165.0
8,166.0,1.6882299184799194,0,0.001,,0.04568355106842427,0.005,0.12384238364416576,0,,"166, 346",IFSp,Area_IFSp,Inferior_Frontal,21.0,81.0,"1589, 1730",idx_L,166,166.0
8,167.0,0.05418461933732033,0,0.001,,0.4783940373362322,0.005,0.4946787436915538,0,,"167, 347",p47r,Area_posterior_47r,Inferior_Frontal,21.0,171.0,"2133, 1761",idx_L,167,167.0
8,168.0,-2.6929869651794434,0,0.001,,0.0035407518765652925,0.005,0.0240503901049718,0,,"168, 348",46,Area_46,Dorsolateral_Prefrontal,22.0,84.0,"4863, 4394",idx_L,168,168.0
8,169.0,-2.147367477416992,0,0.001,,0.015882018850011056,0.005,0.05955757068754146,0,,"169, 349",8Ad,Area_8Ad,Dorsolateral_Prefrontal,22.0,68.0,"3386, 3492",idx_L,169,169.0
8,170.0,-1.7538262605667114,0,0.001,,0.039730140932551866,0.005,0.11262087193479269,0,,"170, 350",8Av,Area_8Av,Dorsolateral_Prefrontal,22.0,67.0,"4807, 5902",idx_L,170,170.0
8,171.0,1.804677963256836,0,0.001,,0.03556254508050826,0.005,0.10849590024561842,0,,"171, 351",8BL,Area_8B_Lateral,Dorsolateral_Prefrontal,22.0,70.0,"3377, 4078",idx_L,171,171.0
8,172.0,0.6763981580734253,0,0.001,,0.2493939431957617,0.005,0.3634891479776284,0,,"172, 352",8C,Area_8C,Dorsolateral_Prefrontal,22.0,73.0,"4085, 3134",idx_L,172,172.0
8,173.0,-1.2972183227539062,0,0.001,,0.09727803902459792,0.005,0.20479587163073246,0,,"173, 353",9-46d,Area_9-46d,Dorsolateral_Prefrontal,22.0,86.0,"4534, 4666",idx_L,173,173.0
8,174.0,0.8744233250617981,0,0.001,,0.19094387973177357,0.005,0.3167732566978732,0,,"174, 354",9a,Area_9_anterior,Dorsolateral_Prefrontal,22.0,87.0,"3706, 3048",idx_L,174,174.0
8,175.0,1.8954334259033203,0,0.001,,0.029017501925174178,0.005,0.0924451388766611,0,,"175, 355",9p,Area_9_Posterior,Dorsolateral_Prefrontal,22.0,71.0,"3426, 2488",idx_L,175,175.0
8,176.0,0.01678357645869255,0,0.001,,0.4933046360701884,0.005,0.4946787436915538,0,,"176, 356",a9-46v,Area_anterior_9-46v,Dorsolateral_Prefrontal,22.0,85.0,"3314, 2628",idx_L,176,176.0
8,177.0,-2.1596951484680176,0,0.001,,0.015398138513966927,0.005,0.058350840684506244,0,,"177, 357",i6-8,Inferior_6-8_Transitional_Area,Dorsolateral_Prefrontal,22.0,97.0,"1764, 2418",idx_L,177,177.0
8,178.0,-0.8916378617286682,0,0.001,,0.18629353471217996,0.005,0.3104892245203,0,,"178, 358",p9-46v,Area_posterior_9-46v,Dorsolateral_Prefrontal,22.0,83.0,"2871, 4635",idx_L,178,178.0
8,179.0,-0.6516103148460388,0,0.001,,0.2573262959387246,0.005,0.3697937572088651,0,,"179, 359",s6-8,Superior_6-8_Transitional_Area,Dorsolateral_Prefrontal,22.0,98.0,"1336, 2132",idx_L,179,179.0
8,180.0,1.6102021932601929,0,0.001,,0.05367686138219251,0.005,0.1360821837858402,0,,"180, 360",SFL,Superior_Frontal_Language_Area,Dorsolateral_Prefrontal,22.0,26.0,"3873, 3055",idx_L,180,180.0
8,181.0,-0.2800382077693939,0,0.001,,0.3897240957818576,0.005,0.456002794069151,0,,"1, 181",V1,Primary_Visual_Cortex,Primary_Visual,1.0,1.0,"13,812, 13,406",idx_R,181,181.0
8,182.0,0.20220185816287994,0,0.001,,0.41987946026531864,0.005,0.47683471828238083,0,,"2, 182",V2,Second_Visual_Area,Early_Visual,2.0,4.0,"9515, 9420",idx_R,182,182.0
8,183.0,1.095170497894287,0,0.001,,0.13672097400539973,0.005,0.25905026653654684,0,,"3, 183",V3,Third_Visual_Area,Early_Visual,2.0,5.0,"7106, 7481",idx_R,183,183.0
8,184.0,0.2117162048816681,0,0.001,,0.41616422250368534,0.005,0.4756162542899261,0,,"4, 184",V4,Fourth_Visual_Area,Early_Visual,2.0,6.0,"4782, 4537",idx_R,184,184.0
8,185.0,0.4170242249965668,0,0.001,,0.33833034429887754,0.005,0.42886945051970393,0,,"5, 185",IPS1,IntraParietal_Sulcus_Area_1,Dorsal_Stream_Visual,3.0,17.0,"1751, 1750",idx_R,185,185.0
8,186.0,0.5132360458374023,0,0.001,,0.3038931071883081,0.005,0.4112839044653793,0,,"6, 186",V3A,Area_V3A,Dorsal_Stream_Visual,3.0,13.0,"2191, 2212",idx_R,186,186.0
8,187.0,1.1021260023117065,0,0.001,,0.13520344820759944,0.005,0.2575303775382846,0,,"7, 187",V3B,Area_V3B,Dorsal_Stream_Visual,3.0,19.0,"639, 731",idx_R,187,187.0
8,188.0,0.27619969844818115,0,0.001,,0.3911973444164722,0.005,0.456002794069151,0,,"8, 188",V6,Sixth_Visual_Area,Dorsal_Stream_Visual,3.0,3.0,"1402, 1559",idx_R,188,188.0
8,189.0,0.5142198204994202,0,0.001,,0.30354915587672293,0.005,0.4112839044653793,0,,"9, 189",V6A,Area_V6A,Dorsal_Stream_Visual,3.0,152.0,"904, 734",idx_R,189,189.0
8,190.0,0.13857056200504303,0,0.001,,0.44489475347829993,0.005,0.4868149278182005,0,,"10, 190",V7,Seventh_Visual_Area,Dorsal_Stream_Visual,3.0,16.0,"1005, 1041",idx_R,190,190.0
8,191.0,0.02319968305528164,0,0.001,,0.4907454957128296,0.005,0.4946787436915538,0,,"11, 191",FFC,Fusiform_Face_Complex,Ventral_Stream_Visual,4.0,18.0,"3848, 4402",idx_R,191,191.0
8,192.0,0.4467238783836365,0,0.001,,0.3275372194191285,0.005,0.4264447162016785,0,,"12, 192",PIT,Posterior_InferoTemporal_complex,Ventral_Stream_Visual,4.0,22.0,"1392, 1386",idx_R,192,192.0
8,193.0,0.3697511851787567,0,0.001,,0.3557839450089554,0.005,0.4416628282869791,0,,"13, 193",V8,Eighth_Visual_Area,Ventral_Stream_Visual,4.0,7.0,"1361, 1175",idx_R,193,193.0
8,194.0,0.16343282163143158,0,0.001,,0.435088831179423,0.005,0.481944551460284,0,,"14, 194",VMV1,VentroMedial_Visual_Area_1,Ventral_Stream_Visual,4.0,153.0,"939, 1219",idx_R,194,194.0
8,195.0,0.7560492753982544,0,0.001,,0.22480982635058483,0.005,0.3430439104501102,0,,"15, 195",VMV2,VentroMedial_Visual_Area_2,Ventral_Stream_Visual,4.0,160.0,"639, 923",idx_R,195,195.0
8,196.0,0.36160191893577576,0,0.001,,0.3588247652373843,0.005,0.44278306204322126,0,,"16, 196",VMV3,VentroMedial_Visual_Area_3,Ventral_Stream_Visual,4.0,154.0,"941, 1242",idx_R,196,196.0
8,197.0,0.4685055911540985,0,0.001,,0.3197115367910659,0.005,0.42319436630528057,0,,"17, 197",VVC,Ventral_Visual_Complex,Ventral_Stream_Visual,4.0,163.0,"2487, 2753",idx_R,197,197.0
8,198.0,-1.9969598054885864,0,0.001,,0.02291477477396098,0.005,0.07856494208215194,0,,"18, 198",FST,Area_FST,MT + _Complex,5.0,157.0,"1324, 1683",idx_R,198,198.0
8,199.0,2.034101963043213,0,0.001,,0.02097065804939365,0.005,0.07549436897781714,0,,"19, 199",LO1,Area_Lateral_Occipital_1,MT + _Complex,5.0,20.0,"619, 909",idx_R,199,199.0
8,200.0,-0.8093351125717163,0,0.001,,0.20916120728431598,0.005,0.3318365275678705,0,,"20, 200",LO2,Area_Lateral_Occipital_2,MT + _Complex,5.0,21.0,"1179, 1062",idx_R,200,200.0
8,201.0,0.06741123646497726,0,0.001,,0.4731271620663477,0.005,0.4946787436915538,0,,"21, 201",LO3,Area_Lateral_Occipital_3,MT + _Complex,5.0,159.0,"438, 915",idx_R,201,201.0
8,202.0,-2.5999984741210938,0,0.001,,0.004661208749726099,0.005,0.028441273727142297,0,,"22, 202",MST,Medial_Superior_Temporal_Area,MT + _Complex,5.0,2.0,"794, 1036",idx_R,202,202.0
8,203.0,-2.5403966903686523,0,0.001,,0.005536340027377747,0.005,0.0326734821287867,0,,"23, 203",MT,Middle_Temporal_Area,MT + _Complex,5.0,23.0,"620, 1005",idx_R,203,203.0
8,204.0,-0.5754738450050354,0,0.001,,0.282485437292097,0.005,0.39264385106237426,0,,"24, 204",PH,Area_PH,MT + _Complex,5.0,138.0,"3453, 3205",idx_R,204,204.0
8,205.0,1.4035077095031738,0,0.001,,0.08023274731980651,0.005,0.17720115972472603,0,,"25, 205",V3CD,Area_V3CD,MT + _Complex,5.0,158.0,"876, 1222",idx_R,205,205.0
8,206.0,-1.6875077486038208,0,0.001,,0.04575288062409458,0.005,0.12384238364416576,0,,"26, 206",V4t,Area_V4t,MT + _Complex,5.0,156.0,"1037, 1249",idx_R,206,206.0
8,207.0,-1.5523794889450073,0,0.001,,0.060285724136002396,0.005,0.14860410915454494,0,,"27, 207",1,Area_1,SomaSens_Motor,6.0,51.0,"6590, 5925",idx_R,207,207.0
8,208.0,-1.5490902662277222,0,0.001,,0.06068001123810585,0.005,0.14860410915454494,0,,"28, 208",2,Area_2,SomaSens_Motor,6.0,52.0,"4278, 4727",idx_R,208,208.0
8,209.0,-3.203768253326416,1,0.001,-,0.0006782080590944095,0.005,0.007181026508058453,0,,"29, 209",3a,Area_3a,SomaSens_Motor,6.0,53.0,"2247, 2286",idx_R,209,209.0
8,210.0,-2.5040385723114014,0,0.001,,0.0061392323677379864,0.005,0.03492830964395123,0,,"30, 210",3b,Primary_Sensory_Cortex,SomaSens_Motor,6.0,9.0,"5451, 4350",idx_R,210,210.0
8,211.0,-2.03759765625,0,0.001,,0.020795093316787864,0.005,0.07549436897781714,0,,"31, 211",4,Primary_Motor_Cortex,SomaSens_Motor,6.0,8.0,"10,776, 10,254",idx_R,211,211.0
8,212.0,-4.695715427398682,1,0.001,-,1.3283759974595358e-06,0.005,7.970255984757215e-05,1,-,"32, 212",23c,Area_23c,ParaCentral_MidCing,7.0,38.0,"2259, 2498",idx_R,212,212.0
8,213.0,-2.637956380844116,0,0.001,,0.004170365476763299,0.005,0.026339150379557676,0,,"33, 213",24dd,Dorsal_Area_24d,ParaCentral_MidCing,7.0,40.0,"2665, 2820",idx_R,213,213.0
8,214.0,-0.6858126521110535,0,0.001,,0.2464156284434501,0.005,0.3606082367465123,0,,"34, 214",24dv,Ventral_Area_24d,ParaCentral_MidCing,7.0,41.0,"1076, 1349",idx_R,214,214.0
8,215.0,-1.340151071548462,0,0.001,,0.09009811750612884,0.005,0.19539350784461676,0,,"35, 215",5L,Area_5L,ParaCentral_MidCing,7.0,39.0,"2249, 2327",idx_R,215,215.0
8,216.0,-2.4520158767700195,0,0.001,,0.007102919690415721,0.005,0.03816494162014418,0,,"36, 216",5 m,Area_5m,ParaCentral_MidCing,7.0,36.0,"1483, 2079",idx_R,216,216.0
8,217.0,-3.5992448329925537,1,0.001,-,0.00015957130694923044,0.005,0.0023935696042384565,1,-,"37, 217",5mv,Area_5m_ventral,ParaCentral_MidCing,7.0,37.0,"1651, 1996",idx_R,217,217.0
8,218.0,-3.767911195755005,1,0.001,-,8.23096196573719e-05,0.005,0.0014110220512692324,1,-,"38, 218",6ma,Area_6m_anterior,ParaCentral_MidCing,7.0,44.0,"3941, 4251",idx_R,218,218.0
8,219.0,-1.8282299041748047,0,0.001,,0.033757527379355126,0.005,0.10476474014282626,0,,"39, 219",6mp,Area_6mp,ParaCentral_MidCing,7.0,55.0,"3701, 3105",idx_R,219,219.0
8,220.0,1.7717288732528687,0,0.001,,0.03821978718110161,0.005,0.11007298708157263,0,,"40, 220",SCEF,Supplementary_and_Cingulate_Eye_Field,ParaCentral_MidCing,7.0,43.0,"3500, 3371",idx_R,220,220.0
8,221.0,1.2034449577331543,0,0.001,,0.11440208961463705,0.005,0.2288041792292741,0,,"41, 221",55b,Area_55b,Premotor,8.0,12.0,"2422, 1537",idx_R,221,221.0
8,222.0,-2.2276201248168945,0,0.001,,0.01295292874738574,0.005,0.05124235548416337,0,,"42, 222",6a,Area_6_anterior,Premotor,8.0,96.0,"4233, 3752",idx_R,222,222.0
8,223.0,-1.5286221504211426,0,0.001,,0.06317907078803592,0.005,0.1516297698912862,0,,"43, 223",6d,Dorsal_area_6,Premotor,8.0,54.0,"2916, 2909",idx_R,223,223.0
8,224.0,2.3163540363311768,0,0.001,,0.010269473095621361,0.005,0.04507804288301148,0,,"44, 224",6r,Rostral_Area_6,Premotor,8.0,78.0,"3029, 3981",idx_R,224,224.0
8,225.0,-0.8676189184188843,0,0.001,,0.19280149312519906,0.005,0.3183877868122554,0,,"45, 225",6v,Ventral_Area_6,Premotor,8.0,56.0,"2075, 2516",idx_R,225,225.0
8,226.0,0.40820643305778503,0,0.001,,0.3415610628216442,0.005,0.43144555303786636,0,,"46, 226",FEF,Frontal_Eye_Fields,Premotor,8.0,10.0,"1787, 1889",idx_R,226,226.0
8,227.0,0.7892429828643799,0,0.001,,0.2149850021197821,0.005,0.3347026338042085,0,,"47, 227",PEF,Premotor_Eye_Field,Premotor,8.0,11.0,"1006, 1258",idx_R,227,227.0
8,228.0,-0.553672730922699,0,0.001,,0.28990142039565137,0.005,0.3983378295512767,0,,"48, 228",43,Area_43,Posterior_Opercular,9.0,99.0,"1889, 1678",idx_R,228,228.0
8,229.0,0.5567938685417175,0,0.001,,0.2888341367899252,0.005,0.3983378295512767,0,,"49, 229",FOP1,Frontal_Opercular_Area_1,Posterior_Opercular,9.0,113.0,"879, 932",idx_R,229,229.0
8,230.0,-1.023811936378479,0,0.001,,0.1529620556885078,0.005,0.28095071452991227,0,,"50, 230",OP1,Area_OP1-SII,Posterior_Opercular,9.0,101.0,"1275, 1072",idx_R,230,230.0
8,231.0,-0.46184027194976807,0,0.001,,0.3220979343545747,0.005,0.42319436630528057,0,,"51, 231",OP2-3,Area_OP2-3-VS,Posterior_Opercular,9.0,102.0,"943, 792",idx_R,231,231.0
8,232.0,0.14147555828094482,0,0.001,,0.4437471337433179,0.005,0.4868149278182005,0,,"52, 232",OP4,Area_OP4-PV,Posterior_Opercular,9.0,100.0,"2332, 2409",idx_R,232,232.0
8,233.0,0.31040194630622864,0,0.001,,0.3781276571244785,0.005,0.45593524583993034,0,,"53, 233",52,Area_52,Early_Auditory,10.0,103.0,"725, 580",idx_R,233,233.0
8,234.0,0.3229736387729645,0,0.001,,0.3733576031518629,0.005,0.4539775883971125,0,,"54, 234",A1,Primary_Auditory_Cortex,Early_Auditory,10.0,24.0,"1023, 796",idx_R,234,234.0
8,235.0,2.2585763931274414,0,0.001,,0.01195487381874296,0.005,0.050043657845900764,0,,"55, 235",LBelt,Lateral_Belt_Complex,Early_Auditory,10.0,174.0,"820, 901",idx_R,235,235.0
8,236.0,0.15687860548496246,0,0.001,,0.43767026070601484,0.005,0.48331685231339067,0,,"56, 236",MBelt,Medial_Belt_Complex,Early_Auditory,10.0,173.0,"1242, 1236",idx_R,236,236.0
8,237.0,3.0092360973358154,0,0.001,,0.001309527508216135,0.005,0.010962168323438408,0,,"57, 237",PBelt,ParaBelt_Complex,Early_Auditory,10.0,124.0,"1719, 1439",idx_R,237,237.0
8,238.0,-0.3729831278324127,0,0.001,,0.35458050069591385,0.005,0.4416628282869791,0,,"58, 238",PFcm,Area_PFcm,Early_Auditory,10.0,105.0,"1486, 1485",idx_R,238,238.0
8,239.0,2.2966508865356445,0,0.001,,0.01081934663854829,0.005,0.04636862845092124,0,,"59, 239",RI,RetroInsular_Cortex,Early_Auditory,10.0,104.0,"1149, 1334",idx_R,239,239.0
8,240.0,3.775782585144043,1,0.001,+,7.97530381976046e-05,0.005,0.0014110220512692324,1,+,"60, 240",A4,Auditory_4_Complex,Auditory_Association,11.0,175.0,"3514, 3610",idx_R,240,240.0
8,241.0,3.724541187286377,1,0.001,+,9.783538283835648e-05,0.005,0.001600942628264015,1,+,"61, 241",A5,Auditory_5_Complex,Auditory_Association,11.0,125.0,"3346, 3881",idx_R,241,241.0
8,242.0,3.0845205783843994,0,0.001,,0.00101940252596809,0.005,0.009369174463067485,0,,"62, 242",STGa,Area_STGa,Auditory_Association,11.0,123.0,"2509, 2187",idx_R,242,242.0
8,243.0,0.4232095181941986,0,0.001,,0.33607120145093466,0.005,0.42886945051970393,0,,"63, 243",STSda,Area_STSd_anterior,Auditory_Association,11.0,128.0,"1944, 2389",idx_R,243,243.0
8,244.0,3.977113723754883,1,0.001,+,3.48784043797526e-05,0.005,0.001046352131392578,1,+,"64, 244",STSdp,Area_STSd_posterior,Auditory_Association,11.0,129.0,"1994, 2605",idx_R,244,244.0
8,245.0,-0.46418601274490356,0,0.001,,0.32125724077863843,0.005,0.42319436630528057,0,,"65, 245",STSva,Area_STSv_anterior,Auditory_Association,11.0,176.0,"1694, 1900",idx_R,245,245.0
8,246.0,0.2834867238998413,0,0.001,,0.38840187861624087,0.005,0.456002794069151,0,,"66, 246",STSvp,Area_STSv_posterior,Auditory_Association,11.0,130.0,"2898, 2515",idx_R,246,246.0
8,247.0,4.703372001647949,1,0.001,+,1.279497741993484e-06,0.005,7.970255984757215e-05,1,+,"67, 247",TA2,Area_TA2,Auditory_Association,11.0,107.0,"1518, 1726",idx_R,247,247.0
8,248.0,2.3666393756866455,0,0.001,,0.008975207020563506,0.005,0.04308099369870483,0,,"68, 248",AAIC,Anterior_Agranular_Insula_Complex,Insula_FrontalOperc,12.0,112.0,"1859, 1691",idx_R,248,248.0
8,249.0,1.328770399093628,0,0.001,,0.09196186542638901,0.005,0.19706114019940502,0,,"69, 249",AVI,Anterior_Ventral_Insular_Area,Insula_FrontalOperc,12.0,111.0,"1446, 1792",idx_R,249,249.0
8,250.0,-1.5942503213882446,0,0.001,,0.05543998985656596,0.005,0.1395692052333129,0,,"70, 250",FOP2,Frontal_Opercular_Area_2,Insula_FrontalOperc,12.0,115.0,"750, 720",idx_R,250,250.0
8,251.0,0.2773894965648651,0,0.001,,0.3907405229229546,0.005,0.456002794069151,0,,"71, 251",FOP3,Frontal_Opercular_Area_3,Insula_FrontalOperc,12.0,114.0,"754, 614",idx_R,251,251.0
8,252.0,0.7068360447883606,0,0.001,,0.23983418601229567,0.005,0.3606082367465123,0,,"72, 252",FOP4,Frontal_Opercular_Area_4,Insula_FrontalOperc,12.0,108.0,"2522, 1678",idx_R,252,252.0
8,253.0,1.9640514850616455,0,0.001,,0.02476206079078852,0.005,0.08254020263596173,0,,"73, 253",FOP5,Area_Frontal_Opercular_5,Insula_FrontalOperc,12.0,169.0,"1297, 1365",idx_R,253,253.0
8,254.0,-2.0066347122192383,0,0.001,,0.022394286197765165,0.005,0.07832433861759833,0,,"74, 254",Ig,Insular_Granular_Complex,Insula_FrontalOperc,12.0,168.0,"841, 1077",idx_R,254,254.0
8,255.0,1.9031157493591309,0,0.001,,0.028512721661931514,0.005,0.0916480339133513,0,,"75, 255",MI,Middle_Insular_Area,Insula_FrontalOperc,12.0,109.0,"2102, 1960",idx_R,255,255.0
8,256.0,0.6428899168968201,0,0.001,,0.2601477662686482,0.005,0.3697937572088651,0,,"76, 256",PI,Para-Insular_Area,Insula_FrontalOperc,12.0,178.0,"1033, 1058",idx_R,256,256.0
8,257.0,0.9173484444618225,0,0.001,,0.17948003966513226,0.005,0.3051542362561009,0,,"77, 257",Pir,Pirform_Cortex,Insula_FrontalOperc,12.0,110.0,"2287, 1856",idx_R,257,257.0
8,258.0,0.0988253802061081,0,0.001,,0.46063845832071515,0.005,0.49354120534362333,0,,"78, 258",PoI1,Area_Posterior_Insular_1,Insula_FrontalOperc,12.0,167.0,"1811, 1835",idx_R,258,258.0
8,259.0,-1.7814958095550537,0,0.001,,0.03741574442622202,0.005,0.10885442721471547,0,,"79, 259",PoI2,Posterior_Insular_Area_2,Insula_FrontalOperc,12.0,106.0,"2747, 2675",idx_R,259,259.0
8,260.0,0.502002477645874,0,0.001,,0.30783288907046524,0.005,0.4150555807691666,0,,"80, 260",H,Hippocampus,Medial_Temporal,13.0,120.0,"4283, 3626",idx_R,260,260.0
8,261.0,2.379302978515625,0,0.001,,0.008672706334460458,0.005,0.04219154432980764,0,,"81, 261",PreS,PreSubiculum,Medial_Temporal,13.0,119.0,"1817, 1558",idx_R,261,261.0
8,262.0,0.6116853356361389,0,0.001,,0.27037298297915235,0.005,0.3777374062553057,0,,"82, 262",EC,Entorhinal_Cortex,Medial_Temporal,13.0,118.0,"2127, 2110",idx_R,262,262.0
8,263.0,-1.2802045345306396,0,0.001,,0.1002366057908009,0.005,0.2097975470040019,0,,"83, 263",PeEc,Perirhinal_Ectorhinal_Cortex,Medial_Temporal,13.0,122.0,"4826, 4755",idx_R,263,263.0
8,264.0,-2.4931437969207764,0,0.001,,0.006330877822244972,0.005,0.03506332332320292,0,,"84, 264",TF,Area_TF,Medial_Temporal,13.0,135.0,"3986, 4752",idx_R,264,264.0
8,265.0,-1.0013818740844727,0,0.001,,0.15832111188871184,0.005,0.2864100516579712,0,,"85, 265",PHA1,ParaHippocampal_Area_1,Medial_Temporal,13.0,126.0,"1281, 1168",idx_R,265,265.0
8,266.0,-1.6373937129974365,0,0.001,,0.0507741155112951,0.005,0.13245421437729157,0,,"86, 266",PHA2,ParaHippocampal_Area_2,Medial_Temporal,13.0,155.0,"783, 771",idx_R,266,266.0
8,267.0,-3.3967745304107666,1,0.001,-,0.00034092561735792504,0.005,0.004091107408295101,1,-,"87, 267",PHA3,ParaHippocampal_Area_3,Medial_Temporal,13.0,127.0,"2023, 1122",idx_R,267,267.0
8,268.0,-3.002281665802002,0,0.001,,0.0013398205728646943,0.005,0.010962168323438408,0,,"88, 268",PHT,Area_PHT,Lateral_Temporal,14.0,137.0,"4182, 3410",idx_R,268,268.0
8,269.0,0.02130098268389702,0,0.001,,0.4915027799747326,0.005,0.4946787436915538,0,,"89, 269",TE1a,Area_TE1_anterior,Lateral_Temporal,14.0,132.0,"5227, 4180",idx_R,269,269.0
8,270.0,0.004181644879281521,0,0.001,,0.4983317699178532,0.005,0.4983317699178532,0,,"90, 270",TE1m,Area_TE1_Middle,Lateral_Temporal,14.0,177.0,"3339, 3429",idx_R,270,270.0
8,271.0,-0.1871294230222702,0,0.001,,0.42577957968992775,0.005,0.47704216271965694,0,,"91, 271",TE1p,Area_TE1_posterior,Lateral_Temporal,14.0,133.0,"7116, 6010",idx_R,271,271.0
8,272.0,-0.2961473762989044,0,0.001,,0.3835587673617213,0.005,0.456002794069151,0,,"92, 272",TE2a,Area_TE2_anterior,Lateral_Temporal,14.0,134.0,"5691, 5753",idx_R,272,272.0
8,273.0,-1.5418167114257812,0,0.001,,0.06155906996278295,0.005,0.1497382782878504,0,,"93, 273",TE2p,Area_TE2_posterior,Lateral_Temporal,14.0,136.0,"4115, 3040",idx_R,273,273.0
8,274.0,0.11886592954397202,0,0.001,,0.45269078731522294,0.005,0.48901392543212485,0,,"94, 274",TGd,Area_TG_dorsal,Lateral_Temporal,14.0,131.0,"10,192, 10,269",idx_R,274,274.0
8,275.0,0.1245490089058876,0,0.001,,0.4504402994673685,0.005,0.48901392543212485,0,,"95, 275",TGv,Area_TG_Ventral,Lateral_Temporal,14.0,172.0,"3694, 4515",idx_R,275,275.0
8,276.0,-1.2230497598648071,0,0.001,,0.11065545129075788,0.005,0.22437291327937245,0,,"96, 276",PSL,PeriSylvian_Language_Area,TPO,15.0,25.0,"2154, 2759",idx_R,276,276.0
8,277.0,-4.655322551727295,1,0.001,-,1.6173694896288162e-06,0.005,8.31790023237677e-05,1,-,"97, 277",STV,Superior_Temporal_Visual_Area,TPO,15.0,28.0,"2322, 2294",idx_R,277,277.0
8,278.0,-1.629162073135376,0,0.001,,0.05163935675713869,0.005,0.1336749127146146,0,,"98, 278",TPOJ1,Area_TemporoParietoOccipital_Junction_1,TPO,15.0,139.0,"2102, 3938",idx_R,278,278.0
8,279.0,-3.1629316806793213,1,0.001,-,0.000780944904755255,0.005,0.008032576163196909,0,,"99, 279",TPOJ2,Area_TemporoParietoOccipital_Junction_2,TPO,15.0,140.0,"1930, 2068",idx_R,279,279.0
8,280.0,-5.590277671813965,1,0.001,-,1.1335339413300481e-08,0.005,1.3602407295960577e-06,1,-,"100, 280",TPOJ3,Area_TemporoParietoOccipital_Junction_3,TPO,15.0,141.0,"1290, 1277",idx_R,280,280.0
8,281.0,1.1826714277267456,0,0.001,,0.1184696960786803,0.005,0.23563033474212655,0,,"101, 281",7AL,Lateral_Area_7A,Superior_Parietal,16.0,42.0,"2134, 2030",idx_R,281,281.0
8,282.0,-1.9928193092346191,0,0.001,,0.023140618289399336,0.005,0.07859077909607322,0,,"102, 282",7Am,Medial_Area_7A,Superior_Parietal,16.0,45.0,"2995, 2379",idx_R,282,282.0
8,283.0,-0.7157623767852783,0,0.001,,0.2370690437000988,0.005,0.3585918308068721,0,,"103, 283",7PC,Area_7PC,Superior_Parietal,16.0,47.0,"3151, 3415",idx_R,283,283.0
8,284.0,0.03133242577314377,0,0.001,,0.4875022155343823,0.005,0.4946787436915538,0,,"104, 284",7Pl,Lateral_Area_7P,Superior_Parietal,16.0,46.0,"1695, 1363",idx_R,284,284.0
8,285.0,-1.2350987195968628,0,0.001,,0.10839688294082034,0.005,0.22298787347825896,0,,"105, 285",7Pm,Medial_Area_7P,Superior_Parietal,16.0,29.0,"1601, 1308",idx_R,285,285.0
8,286.0,-0.2976655066013336,0,0.001,,0.38297923618873025,0.005,0.456002794069151,0,,"106, 286",AIP,Anterior_IntraParietal_Area,Superior_Parietal,16.0,117.0,"1999, 2542",idx_R,286,286.0
8,287.0,1.7932368516921997,0,0.001,,0.03646752993794572,0.005,0.10885442721471547,0,,"107, 287",LIPd,Area_Lateral_IntraParietal_dorsal,Superior_Parietal,16.0,95.0,"1008, 869",idx_R,287,287.0
8,288.0,1.9166597127914429,0,0.001,,0.027640588296132088,0.005,0.08964515123069867,0,,"108, 288",LIPv,Area_Lateral_IntraParietal_ventral,Superior_Parietal,16.0,48.0,"1681, 1783",idx_R,288,288.0
8,289.0,0.2071319818496704,0,0.001,,0.417953392882349,0.005,0.4761494349292584,0,,"109, 289",MIP,Medial_IntraParietal_Area,Superior_Parietal,16.0,50.0,"1872, 2403",idx_R,289,289.0
8,290.0,1.49354088306427,0,0.001,,0.06764783044925925,0.005,0.15813778546580082,0,,"110, 290",VIP,Ventral_IntraParietal_Complex,Superior_Parietal,16.0,49.0,"1890, 1577",idx_R,290,290.0
8,291.0,1.0612154006958008,0,0.001,,0.14429601099536954,0.005,0.27197153904886406,0,,"111, 291",IP0,Area_IntraParietal_0,Inferior_Parietal,17.0,146.0,"1203, 1239",idx_R,291,291.0
8,292.0,1.1775121688842773,0,0.001,,0.11949557169733688,0.005,0.23636486709363339,0,,"112, 292",IP1,Area_IntraParietal_1,Inferior_Parietal,17.0,145.0,"1692, 1632",idx_R,292,292.0
8,293.0,0.8058553338050842,0,0.001,,0.21016313412631799,0.005,0.3318365275678705,0,,"113, 293",IP2,Area_IntraParietal_2,Inferior_Parietal,17.0,144.0,"2102, 1861",idx_R,293,293.0
8,294.0,-1.044721245765686,0,0.001,,0.14807591126654174,0.005,0.27764233362476576,0,,"114, 294",PF,Area_PF_Complex,Inferior_Parietal,17.0,148.0,"5457, 5251",idx_R,294,294.0
8,295.0,-0.9593816995620728,0,0.001,,0.16868324544955177,0.005,0.2934890344804577,0,,"115, 295",PFm,Area_PFm_Complex,Inferior_Parietal,17.0,149.0,"8220, 8141",idx_R,295,295.0
8,296.0,0.2756657600402832,0,0.001,,0.39140239824268797,0.005,0.456002794069151,0,,"116, 296",PFop,Area_PF_Opercular,Inferior_Parietal,17.0,147.0,"1797, 1783",idx_R,296,296.0
8,297.0,-1.3197519779205322,0,0.001,,0.0934589198436418,0.005,0.1990840896077577,0,,"117, 297",PFt,Area_PFt,Inferior_Parietal,17.0,116.0,"1983, 2039",idx_R,297,297.0
8,298.0,-1.6644885540008545,0,0.001,,0.04800741827409349,0.005,0.1282218672909757,0,,"118, 298",PGi,Area_PGi,Inferior_Parietal,17.0,150.0,"4791, 4970",idx_R,298,298.0
8,299.0,-3.029838800430298,0,0.001,,0.001223421482707439,0.005,0.01048646985177805,0,,"119, 299",PGp,Area_PGp,Inferior_Parietal,17.0,143.0,"2501, 3740",idx_R,299,299.0
8,300.0,-1.1087405681610107,0,0.001,,0.13377105780114995,0.005,0.2561573447256063,0,,"120, 300",PGs,Area_PGs,Inferior_Parietal,17.0,151.0,"4552, 3366",idx_R,300,300.0
8,301.0,-0.44003376364707947,0,0.001,,0.3299563267570527,0.005,0.4272815742177661,0,,"121, 301",23d,Area_23d,Posterior_Cingulate,18.0,32.0,"1261, 1513",idx_R,301,301.0
8,302.0,0.173091322183609,0,0.001,,0.4312898229465513,0.005,0.4801765767120657,0,,"122, 302",31a,Area_31a,Posterior_Cingulate,18.0,162.0,"1260, 1116",idx_R,302,302.0
8,303.0,2.333874464035034,0,0.001,,0.00980114811440659,0.005,0.044877247384312445,0,,"123, 303",31pd,Area_31pd,Posterior_Cingulate,18.0,161.0,"1428, 864",idx_R,303,303.0
8,304.0,2.57245135307312,0,0.001,,0.00504905731768888,0.005,0.030294343906133277,0,,"124, 304",31pv,Area_31p_ventral,Posterior_Cingulate,18.0,35.0,"950, 1022",idx_R,304,304.0
8,305.0,2.6627695560455322,0,0.001,,0.0038750234422301136,0.005,0.025363789803688017,0,,"125, 305",7 m,Area_7m,Posterior_Cingulate,18.0,30.0,"2128, 2067",idx_R,305,305.0
8,306.0,3.2716078758239746,1,0.001,+,0.0005346889130870753,0.005,0.006015250272229597,0,,"126, 306",d23ab,Area_dorsal_23_a + b,Posterior_Cingulate,18.0,34.0,"1607, 1106",idx_R,306,306.0
8,307.0,0.12653771042823792,0,0.001,,0.4496531501655859,0.005,0.48901392543212485,0,,"127, 307",DVT,Dorsal_Transitional_Visual_Area,Posterior_Cingulate,18.0,142.0,"1806, 2176",idx_R,307,307.0
8,308.0,-2.796905517578125,0,0.001,,0.002579730939744076,0.005,0.018209865457017006,0,,"128, 308",PCV,PreCuneus_Visual_Area,Posterior_Cingulate,18.0,27.0,"2245, 2416",idx_R,308,308.0
8,309.0,-1.625907301902771,0,0.001,,0.05198468827790567,0.005,0.1336749127146146,0,,"129, 309",POS1,Parieto-Occipital_Sulcus_Area_1,Posterior_Cingulate,18.0,31.0,"2531, 2727",idx_R,309,309.0
8,310.0,3.466453790664673,1,0.001,+,0.00026368618832165917,0.005,0.0036510395306075887,1,+,"130, 310",POS2,Parieto-Occipital_Sulcus_Area_2,Posterior_Cingulate,18.0,15.0,"3261, 3093",idx_R,310,310.0
8,311.0,0.827803909778595,0,0.001,,0.20389078006368516,0.005,0.3318365275678705,0,,"131, 311",ProS,ProStriate_Area,Posterior_Cingulate,18.0,121.0,"1222, 1055",idx_R,311,311.0
8,312.0,2.7450947761535645,0,0.001,,0.00302467122438337,0.005,0.020940031553423333,0,,"132, 312",RSC,RetroSplenial_Complex,Posterior_Cingulate,18.0,14.0,"2830, 3067",idx_R,312,312.0
8,313.0,3.2917189598083496,1,0.001,+,0.0004978853345370893,0.005,0.005781894207527489,0,,"133, 313",v23ab,Area_ventral_23_a + b,Posterior_Cingulate,18.0,33.0,"916, 1089",idx_R,313,313.0
8,314.0,3.4251017570495605,1,0.001,+,0.0003072845968627496,0.005,0.003814567409330685,1,+,"134, 314",10r,Area_10r,AntCing_MedPFC,19.0,65.0,"1589, 1053",idx_R,314,314.0
8,315.0,4.198697566986084,1,0.001,+,1.3422728747584963e-05,0.005,0.00048321823491305867,1,+,"135, 315",10v,Area_10v,AntCing_MedPFC,19.0,88.0,"3906, 2667",idx_R,315,315.0
8,316.0,1.7611019611358643,0,0.001,,0.039110573584454675,0.005,0.11174449595558479,0,,"136, 316",25,Area_25,AntCing_MedPFC,19.0,164.0,"1911, 2135",idx_R,316,316.0
8,317.0,0.18481336534023285,0,0.001,,0.42668771221035984,0.005,0.47704216271965694,0,,"137, 317",33pr,Area_33_prime,AntCing_MedPFC,19.0,58.0,"1354, 1316",idx_R,317,317.0
8,318.0,-0.6106616258621216,0,0.001,,0.27071180781630244,0.005,0.3777374062553057,0,,"138, 318",8BM,Area_8BM,AntCing_MedPFC,19.0,63.0,"3122, 3436",idx_R,318,318.0
8,319.0,1.1119482517242432,0,0.001,,0.13308020033094065,0.005,0.2561573447256063,0,,"139, 319",9 m,Area_9_Middle,AntCing_MedPFC,19.0,69.0,"6338, 5881",idx_R,319,319.0
8,320.0,0.2529838979244232,0,0.001,,0.4001403280746416,0.005,0.46387084004849416,0,,"140, 320",a24,Area_a24,AntCing_MedPFC,19.0,61.0,"2085, 2152",idx_R,320,320.0
8,321.0,0.6407452821731567,0,0.001,,0.2608440943729088,0.005,0.3697937572088651,0,,"141, 321",a24pr,Anterior_24_prime,AntCing_MedPFC,19.0,59.0,"1095, 1474",idx_R,321,321.0
8,322.0,0.9599279761314392,0,0.001,,0.16854573249237076,0.005,0.2934890344804577,0,,"142, 322",a32pr,Area_anterior_32_prime,AntCing_MedPFC,19.0,179.0,"1759, 1118",idx_R,322,322.0
8,323.0,1.0381853580474854,0,0.001,,0.14959188400699036,0.005,0.27806525493751816,0,,"143, 323",d32,Area_dorsal_32,AntCing_MedPFC,19.0,62.0,"2228, 2374",idx_R,323,323.0
8,324.0,0.9165015816688538,0,0.001,,0.17970193912859272,0.005,0.3051542362561009,0,,"144, 324",p24,Area_posterior_24,AntCing_MedPFC,19.0,180.0,"2394, 2442",idx_R,324,324.0
8,325.0,-1.35373055934906,0,0.001,,0.08791117741750348,0.005,0.19180620527455303,0,,"145, 325",p24pr,Area_Posterior_24_prime,AntCing_MedPFC,19.0,57.0,"1422, 1724",idx_R,325,325.0
8,326.0,1.4337583780288696,0,0.001,,0.07582061320643449,0.005,0.16849025156985442,0,,"146, 326",p32,Area_p32,AntCing_MedPFC,19.0,64.0,"1180, 1765",idx_R,326,326.0
8,327.0,0.11715596914291382,0,0.001,,0.4533682290485122,0.005,0.48901392543212485,0,,"147, 327",p32pr,Area_p32_prime,AntCing_MedPFC,19.0,60.0,"1569, 1305",idx_R,327,327.0
8,328.0,0.7966940999031067,0,0.001,,0.2128143556977699,0.005,0.33455531900086094,0,,"148, 328",pOFC,Posterior_OFC_Complex,AntCing_MedPFC,19.0,166.0,"2486, 2836",idx_R,328,328.0
8,329.0,2.1093640327453613,0,0.001,,0.01745658578838971,0.005,0.06412623350837036,0,,"149, 329",s32,Area_s32,AntCing_MedPFC,19.0,165.0,"604, 1015",idx_R,329,329.0
8,330.0,2.247539520263672,0,0.001,,0.012302783914987098,0.005,0.050687625200105293,0,,"150, 330",10d,Area_10d,OrbPolaFrontal,20.0,72.0,"3644, 3096",idx_R,330,330.0
8,331.0,0.6339741349220276,0,0.001,,0.2630488510825152,0.005,0.37136308388119793,0,,"151, 331",10 pp,Polar_10p,OrbPolaFrontal,20.0,90.0,"1997, 2487",idx_R,331,331.0
8,332.0,-0.19577915966510773,0,0.001,,0.42239151129028957,0.005,0.47693055141421037,0,,"152, 332",11 l,Area_11l,OrbPolaFrontal,20.0,91.0,"3531, 3793",idx_R,332,332.0
8,333.0,1.657638430595398,0,0.001,,0.048695233950582784,0.005,0.1282218672909757,0,,"153, 333",13 l,Area_13l,OrbPolaFrontal,20.0,92.0,"2429, 1757",idx_R,333,333.0
8,334.0,0.4634999930858612,0,0.001,,0.32150300990156155,0.005,0.42319436630528057,0,,"154, 334",47 m,Area_47m,OrbPolaFrontal,20.0,66.0,"799, 781",idx_R,334,334.0
8,335.0,2.311849355697632,0,0.001,,0.01039299322024987,0.005,0.04507804288301148,0,,"155, 335",47 s,Area_47s,OrbPolaFrontal,20.0,94.0,"2795, 3080",idx_R,335,335.0
8,336.0,-0.10698512196540833,0,0.001,,0.4574003914790395,0.005,0.49153474905210215,0,,"156, 336",a10p,Area_anterior_10p,OrbPolaFrontal,20.0,89.0,"1964, 1748",idx_R,336,336.0
8,337.0,0.9514347910881042,0,0.001,,0.17069185308142326,0.005,0.2954282072563095,0,,"157, 337",OFC,Orbital_Frontal_Complex,OrbPolaFrontal,20.0,93.0,"4560, 5232",idx_R,337,337.0
8,338.0,-0.0382392592728138,0,0.001,,0.4847484596998531,0.005,0.4946787436915538,0,,"158, 338",p10p,Area_posterior_10p,OrbPolaFrontal,20.0,170.0,"2116, 2365",idx_R,338,338.0
8,339.0,1.780534029006958,0,0.001,,0.037494302707290886,0.005,0.10885442721471547,0,,"159, 339",44,Area_44,Inferior_Frontal,21.0,74.0,"2435, 2589",idx_R,339,339.0
8,340.0,2.0022852420806885,0,0.001,,0.02262703115619507,0.005,0.07832433861759833,0,,"160, 340",45,Area_45,Inferior_Frontal,21.0,75.0,"3762, 2962",idx_R,340,340.0
8,341.0,-0.30895060300827026,0,0.001,,0.3786795514059421,0.005,0.45593524583993034,0,,"161, 341",47 l,Area_47l_(47_lateral),Inferior_Frontal,21.0,76.0,"2527, 2592",idx_R,341,341.0
8,342.0,-0.025620348751544952,0,0.001,,0.48978007771997245,0.005,0.4946787436915538,0,,"162, 342",a47r,Area_anterior_47r,Inferior_Frontal,21.0,77.0,"4167, 3763",idx_R,342,342.0
8,343.0,2.0060219764709473,0,0.001,,0.02242695166803685,0.005,0.07832433861759833,0,,"163, 343",IFJa,Area_IFJa,Inferior_Frontal,21.0,79.0,"1513, 1405",idx_R,343,343.0
8,344.0,-0.18707837164402008,0,0.001,,0.4257995928502803,0.005,0.47704216271965694,0,,"164, 344",IFJp,Area_IFJp,Inferior_Frontal,21.0,80.0,"960, 740",idx_R,344,344.0
8,345.0,1.1089725494384766,0,0.001,,0.13372101209548676,0.005,0.2561573447256063,0,,"165, 345",IFSa,Area_IFSa,Inferior_Frontal,21.0,82.0,"2057, 2641",idx_R,345,345.0
8,346.0,1.7824735641479492,0,0.001,,0.03733601923970463,0.005,0.10885442721471547,0,,"166, 346",IFSp,Area_IFSp,Inferior_Frontal,21.0,81.0,"1589, 1730",idx_R,346,346.0
8,347.0,-0.728362500667572,0,0.001,,0.23319585599751946,0.005,0.3542215534139536,0,,"167, 347",p47r,Area_posterior_47r,Inferior_Frontal,21.0,171.0,"2133, 1761",idx_R,347,347.0
8,348.0,-2.3799753189086914,0,0.001,,0.008656898825699899,0.005,0.04219154432980764,0,,"168, 348",46,Area_46,Dorsolateral_Prefrontal,22.0,84.0,"4863, 4394",idx_R,348,348.0
8,349.0,-1.7911041975021362,0,0.001,,0.03663828785657266,0.005,0.10885442721471547,0,,"169, 349",8Ad,Area_8Ad,Dorsolateral_Prefrontal,22.0,68.0,"3386, 3492",idx_R,349,349.0
8,350.0,-1.9377676248550415,0,0.001,,0.02632578964322296,0.005,0.08615712974145696,0,,"170, 350",8Av,Area_8Av,Dorsolateral_Prefrontal,22.0,67.0,"4807, 5902",idx_R,350,350.0
8,351.0,-0.0933854728937149,0,0.001,,0.4627986655168093,0.005,0.49438433111587937,0,,"171, 351",8BL,Area_8B_Lateral,Dorsolateral_Prefrontal,22.0,70.0,"3377, 4078",idx_R,351,351.0
8,352.0,-0.19521208107471466,0,0.001,,0.4226134608364809,0.005,0.47693055141421037,0,,"172, 352",8C,Area_8C,Dorsolateral_Prefrontal,22.0,73.0,"4085, 3134",idx_R,352,352.0
8,353.0,-2.8855175971984863,0,0.001,,0.0019538530765249216,0.005,0.014653898073936912,0,,"173, 353",9-46d,Area_9-46d,Dorsolateral_Prefrontal,22.0,86.0,"4534, 4666",idx_R,353,353.0
8,354.0,-0.4797050356864929,0,0.001,,0.3157185733471083,0.005,0.42252299778795166,0,,"174, 354",9a,Area_9_anterior,Dorsolateral_Prefrontal,22.0,87.0,"3706, 3048",idx_R,354,354.0
8,355.0,-0.040454890578985214,0,0.001,,0.4838652348402165,0.005,0.4946787436915538,0,,"175, 355",9p,Area_9_Posterior,Dorsolateral_Prefrontal,22.0,71.0,"3426, 2488",idx_R,355,355.0
8,356.0,-0.6945835947990417,0,0.001,,0.24365814807100034,0.005,0.3606082367465123,0,,"176, 356",a9-46v,Area_anterior_9-46v,Dorsolateral_Prefrontal,22.0,85.0,"3314, 2628",idx_R,356,356.0
8,357.0,-2.214989185333252,0,0.001,,0.013380403415787097,0.005,0.05235810032264516,0,,"177, 357",i6-8,Inferior_6-8_Transitional_Area,Dorsolateral_Prefrontal,22.0,97.0,"1764, 2418",idx_R,357,357.0
8,358.0,0.8989058136940002,0,0.001,,0.1843514155283545,0.005,0.3086814399544541,0,,"178, 358",p9-46v,Area_posterior_9-46v,Dorsolateral_Prefrontal,22.0,83.0,"2871, 4635",idx_R,358,358.0
8,359.0,-0.9642032384872437,0,0.001,,0.16747202053498644,0.005,0.2934890344804577,0,,"179, 359",s6-8,Superior_6-8_Transitional_Area,Dorsolateral_Prefrontal,22.0,98.0,"1336, 2132",idx_R,359,359.0
8,360.0,1.033468246459961,0,0.001,,0.15069241150968954,0.005,0.27820137509481146,0,,"180, 360",SFL,Superior_Frontal_Language_Area,Dorsolateral_Prefrontal,22.0,26.0,"3873, 3055",idx_R,360,360.0
