idx,Word,Lemma,embedding_source,embedding_lookup,vector_norm_raw
35,abandon,abandon,Word,abandon,2.5507298698592624
36,abandoned,abandon,Word,abandoned,2.449745322882708
39,abandoning,abandon,Word,abandoning,2.58126891783439
41,abandons,abandon,Lemma,abandon,2.5507298698592624
101,abdomen,abdomen,Word,abdomen,3.5734557770375637
102,abdomens,abdomen,Lemma,abdomen,3.5734557770375637
103,abdominal,abdominal,Word,abdominal,3.5687774166786546
151,abide,abide,Word,abide,3.503460434882253
152,abided,abide,Lemma,abide,3.503460434882253
154,abides,abide,Word,abides,3.5921398450417774
155,abiding,abide,Word,abiding,3.0394307179120306
160,abilities,ability,Word,abilities,2.8936346343803336
161,ability,ability,Word,ability,2.6553831957192227
190,able,able,Word,able,2.30998239225668
211,aboard,aboard,Word,aboard,2.964115472420778
212,abode,abode,Word,abode,3.159792154837434
213,abodes,abode,Lemma,abode,3.159792154837434
214,abolish,abolish,Word,abolish,3.2806782397299306
216,abolished,abolish,Word,abolished,3.2865522592854384
218,abolishes,abolish,Lemma,abolish,3.2806782397299306
219,abolishing,abolish,Lemma,abolish,3.2806782397299306
221,abolition,abolition,Word,abolition,3.359275689974483
244,abortion,abortion,Word,abortion,4.081801330126361
247,abortions,abortion,Word,abortions,4.766168574933785
253,abound,abound,Word,abound,3.261467914372795
254,abounded,abound,Word,abounded,3.2329862214116187
255,abounding,abound,Word,abounding,3.0503742076663576
256,abounds,abound,Word,abounds,3.3218462125797314
280,abreast,abreast,Word,abreast,3.563573198652644
289,abroad,abroad,Word,abroad,2.703435729413311
299,abrupt,abrupt,Word,abrupt,2.947815571528689
316,absence,absence,Word,absence,2.481881364872336
317,absences,absence,Word,absences,3.6269359535148986
318,absent,absent,Word,absent,2.6221445556598786
331,absents,absent,Lemma,absent,2.6221445556598786
336,absolute,absolute,Word,absolute,2.6047944308322117
339,absolutes,absolute,Word,absolutes,3.576040532092116
408,absurd,absurd,Word,absurd,2.5966766376123145
414,abundance,abundance,Word,abundance,2.809065353773978
415,abundant,abundant,Word,abundant,2.8556509044264184
417,abuse,abuse,Word,abuse,3.0911580162332886
418,abused,abuse,Word,abused,3.003548234659951
421,abuses,abuse,Word,abuses,3.326116341177631
422,abusing,abuse,Lemma,abuse,3.0911580162332886
437,abyss,abyss,Word,abyss,3.5734153824048525
439,abysses,abyss,Lemma,abyss,3.5734153824048525
446,academic,academic,Word,academic,2.646977397543864
453,academics,academic,Word,academics,2.7216212865827862
454,academies,academy,Word,academies,3.4262721359396235
488,accent,accent,Word,accent,3.9691573449409265
490,accenting,accent,Word,accenting,3.0320422019412065
492,accents,accent,Word,accents,3.510271448957679
501,accept,accept,Word,accept,2.5268109843180926
503,acceptable,acceptable,Word,acceptable,2.62534938739747
506,acceptance,acceptance,Word,acceptance,3.0804151744131323
507,acceptances,acceptance,Lemma,acceptance,3.0804151744131323
511,accepted,accept,Word,accepted,2.5539552589265533
513,accepting,accept,Word,accepting,2.8182219022607
515,accepts,accept,Word,accepts,2.927909636665483
516,access,access,Word,access,2.6966878833698407
518,accessed,access,Lemma,access,2.6966878833698407
519,accesses,access,Word,accesses,3.079412956143284
521,accessible,accessible,Word,accessible,2.9597124999906184
527,accessories,accessory,Word,accessories,2.9915783662196773
533,accident,accident,Word,accident,3.151299318857645
534,accidental,accidental,Word,accidental,3.147646845916254
538,accidents,accident,Word,accidents,3.717295781497031
562,accommodate,accommodate,Word,accommodate,3.0115434800446383
563,accommodated,accommodate,Word,accommodated,2.91459861574733
564,accommodates,accommodate,Word,accommodates,3.2721792230821647
565,accommodating,accommodate,Word,accommodating,2.6978449637448376
585,accomplish,accomplish,Word,accomplish,2.7937164945908988
587,accomplished,accomplish,Word,accomplished,2.664303879946318
589,accomplishes,accomplish,Word,accomplishes,3.1856952932743923
590,accomplishing,accomplish,Word,accomplishing,2.795917835681939
593,accord,accord,Word,accord,2.8882361618231207
595,accordance,accordance,Word,accordance,3.571699797747653
598,accorded,accord,Word,accorded,3.2908720574662125
600,according,accord,Word,according,2.2806096663510416
605,accords,accord,Word,accords,3.4509834942652278
612,account,account,Word,account,2.6314155933110306
618,accountant,accountant,Word,accountant,3.205717015959302
619,accountants,accountant,Word,accountants,2.942301636291187
621,accounted,account,Word,accounted,3.2836760001098138
623,accounts,account,Word,accounts,2.6651435800938192
661,accuracies,accuracy,Lemma,accuracy,3.531584071688155
662,accuracy,accuracy,Word,accuracy,3.531584071688155
663,accurate,accurate,Word,accurate,3.0067620452941015
672,accusation,accusation,Word,accusation,3.007125317217232
673,accusations,accusation,Word,accusations,3.1076720627648116
681,accused,accuse,Word,accused,3.1608596978834336
685,accusing,accuse,Word,accusing,3.363596978637181
698,aces,ace,Word,aces,4.5347281228221945
724,ache,ache,Word,ache,3.2098410032891636
725,ached,ache,Word,ached,3.7966259952704746
726,aches,ache,Word,aches,3.5495054585920145
730,achieve,achieve,Word,achieve,2.6776728507277623
731,achieved,achieve,Word,achieved,2.6763557166157397
732,achievement,achievement,Word,achievement,2.857220037437708
733,achievements,achievement,Word,achievements,3.072125441841132
736,achieves,achieve,Word,achieves,3.0999550192549155
737,achieving,achieve,Word,achieving,2.6568710159699216
740,aching,ache,Word,aching,2.949107689425774
750,acid,acid,Word,acid,3.0195555025939265
767,acids,acid,Word,acids,3.994504151411979
793,acorn,acorn,Word,acorn,3.409156361434086
794,acorns,acorn,Word,acorns,3.773232633667728
802,acquaintance,acquaintance,Word,acquaintance,2.9106201958677227
803,acquaintances,acquaintance,Lemma,acquaintance,2.9106201958677227
836,acre,acre,Word,acre,3.2853055652280996
838,acres,acre,Word,acres,3.5977625267949707
877,act,act,Word,act,2.310999002470807
880,acted,act,Word,acted,3.012266136909863
882,acting,act,Word,acting,2.508762971178735
890,action,action,Word,action,2.3902721835493894
893,actions,action,Word,actions,2.6362866563857614
895,activated,activate,Word,activated,3.202157526739911
900,active,active,Word,active,2.5751609291914885
903,ACTIVES,active,Lemma,active,2.5751609291914885
907,activities,activity,Word,activities,2.5687975158508514
908,activity,activity,Word,activity,2.788717179564932
909,actor,actor,Word,actor,3.037115468772607
911,actors,actor,Word,actors,2.9527772504648544
912,actress,actress,Word,actress,3.475615521835092
913,actresses,actress,Word,actresses,3.408434546577376
914,acts,act,Word,acts,2.6614424796806473
915,actual,actual,Word,actual,2.2895851151882267
941,acute,acute,Word,acute,2.7841390482456974
969,adapt,adapt,Word,adapt,2.9927868278137066
971,adaptable,adaptable,Word,adaptable,3.1175466762444564
974,adaptations,adaptation,Word,adaptations,3.135399647183084
975,adapted,adapt,Word,adapted,3.021347320885565
978,adapting,adapt,Word,adapting,2.893494855561165
983,adapts,adapt,Lemma,adapt,2.9927868278137066
986,add,add,Word,add,2.440109555780955
990,added,add,Word,added,1.9818507500708884
1005,addicts,addict,Word,addicts,3.5243434906889965
1006,adding,add,Word,adding,1.7955293568531172
1008,addition,addition,Word,addition,2.248396069237351
1009,additional,additional,Word,additional,2.233287420186628
1011,additions,addition,Word,additions,2.842706268717811
1014,additives,additive,Word,additives,3.5512243855369103
1021,address,address,Word,address,2.6781175092668486
1024,addressed,address,Word,addressed,2.760609890913143
1028,addresses,address,Word,addresses,2.7502213030522893
1029,addressing,address,Word,addressing,2.546094885363727
1034,adds,add,Word,adds,2.292085534718831
1064,adept,adept,Word,adept,3.5151387692455254
1067,adepts,adept,Lemma,adept,3.5151387692455254
1069,adequate,adequate,Word,adequate,2.7572862882078075
1084,adhesive,adhesive,Word,adhesive,3.8951008441329855
1087,adhesives,adhesive,Word,adhesives,3.766623640747084
1102,adjacent,adjacent,Word,adjacent,2.54066905831356
1106,adjective,adjective,Word,adjective,3.4367357571997696
1108,adjectives,adjective,Word,adjectives,3.488275569038212
1184,admirable,admirable,Word,admirable,2.60596733231875
1188,admirals,admiral,Word,admirals,4.115896136819592
1192,admiration,admiration,Word,admiration,3.1602838619510383
1193,admire,admire,Word,admire,3.0507780121865014
1194,admired,admire,Word,admired,3.048022060996457
1196,admirers,admirer,Word,admirers,3.0054955256278095
1197,admires,admire,Word,admires,3.287573499361259
1198,admiring,admire,Word,admiring,2.8040882944267107
1204,admission,admission,Word,admission,3.357654405086447
1205,admissions,admission,Word,admissions,3.350671381003709
1207,admit,admit,Word,admit,2.485130201584742
1208,admits,admit,Word,admits,2.7211327312361817
1210,admitted,admit,Word,admitted,2.4683571222093232
1213,admitting,admit,Word,admitting,2.380969567792448
1238,adolescence,adolescence,Word,adolescence,3.39572476468246
1239,adolescent,adolescent,Word,adolescent,2.716975363076752
1242,adolescents,adolescent,Word,adolescents,3.165512616725681
1254,adoption,adoption,Word,adoption,3.204121469661547
1255,adoptions,adoption,Lemma,adoption,3.204121469661547
1272,adorned,adorn,Word,adorned,3.246234324194569
1313,adult,adult,Word,adult,2.5430290235371715
1335,adults,adult,Word,adults,2.8424535880137425
1346,advance,advance,Word,advance,2.352581981071414
1347,advanced,advanced,Word,advanced,2.4339431276935155
1348,advancement,advancement,Word,advancement,2.7640366723212866
1349,advancements,advancement,Word,advancements,3.215157603830545
1351,advances,advance,Word,advances,3.0305406619675392
1352,advancing,advance,Word,advancing,2.682298342378145
1353,advantage,advantage,Word,advantage,2.8302184274085413
1355,advantageous,advantageous,Word,advantageous,2.7159663611445217
1358,advantages,advantage,Word,advantages,3.07622257615276
1359,advantaging,advantage,Lemma,advantage,2.8302184274085413
1368,adventure,adventure,Word,adventure,2.9964965467837845
1369,adventured,adventure,Lemma,adventure,2.9964965467837845
1372,adventures,adventure,Word,adventures,3.1544071293022453
1376,adventuring,adventure,Word,adventuring,3.589959946540557
1379,adventurous,adventurous,Word,adventurous,2.909276685628859
1388,adversaries,adversary,Word,adversaries,2.862264154405731
1389,adversary,adversary,Word,adversary,2.9288970562103764
1392,adverse,adverse,Word,adverse,3.2186509309179017
1403,advertise,advertise,Word,advertise,3.293920648581908
1404,advertised,advertise,Word,advertised,2.8023694363652734
1409,advertises,advertise,Word,advertises,3.2947906809928873
1414,advice,advice,Word,advice,3.0495975905876924
1415,advices,advice,Lemma,advice,3.0495975905876924
1417,advisable,advisable,Word,advisable,3.247778026334667
1420,advise,advise,Word,advise,2.7435322610444914
1421,advised,advise,Word,advised,2.7064938408312695
1426,adviser,adviser,Word,adviser,3.3652666817888095
1427,advisers,adviser,Word,advisers,3.0530405515566374
1428,advises,advise,Word,advises,3.2375533273247643
1429,advising,advise,Word,advising,2.6251958065918255
1432,advisory,advisory,Word,advisory,3.219012063348463
1459,aerial,aerial,Word,aerial,3.277540436348808
1462,aerials,aerial,Word,aerials,3.7267677825717382
1534,afar,afar,Word,afar,2.993405793067856
1540,affair,affair,Word,affair,3.0747120466042284
1544,affairs,affair,Word,affairs,2.9344085778170443
1577,affiliation,affiliation,Word,affiliation,3.2637773726962727
1578,affiliations,affiliation,Word,affiliations,3.624942204802119
1606,afflicted,afflict,Word,afflicted,2.7230938096165573
1619,afford,afford,Word,afford,2.9210230896060914
1622,afforded,afford,Word,afforded,2.746933923148926
1623,affording,afford,Word,affording,2.6737726135897857
1624,affords,afford,Word,affords,2.9935514747577257
1675,afraid,afraid,Word,afraid,2.667189585028144
1751,age,age,Word,age,2.6162253606548296
1752,aged,age,Word,aged,2.891181696417664
1761,agencies,agency,Word,agencies,2.7072025411151874
1762,agency,agency,Word,agency,2.480548272622801
1771,agents,agent,Word,agents,2.847637217099413
1774,ages,age,Word,ages,3.2178388009638255
1812,aggregate,aggregate,Word,aggregate,2.8373743013757773
1813,aggregated,aggregate,Lemma,aggregate,2.8373743013757773
1815,aggregates,aggregate,Lemma,aggregate,2.8373743013757773
1825,aggression,aggression,Word,aggression,3.14941821001603
1826,aggressions,aggression,Word,aggressions,3.7446047977017716
1827,aggressive,aggressive,Word,aggressive,2.749553364093326
1839,agile,agile,Word,agile,3.3470405320002956
1843,aging,age,Word,aging,3.02155701862152
1845,agitated,agitate,Word,agitated,3.125753612633276
1849,agitation,agitation,Word,agitation,3.64078545230946
1850,agitations,agitation,Lemma,agitation,3.64078545230946
1898,agree,agree,Word,agree,2.5938887818191065
1900,agreeable,agreeable,Word,agreeable,2.6801484653279566
1903,agreed,agree,Word,agreed,2.545945258354769
1904,agreeing,agree,Word,agreeing,2.562090156550756
1905,agreement,agreement,Word,agreement,3.0061576132710246
1906,agreements,agreement,Word,agreements,3.1219616331129245
1907,agrees,agree,Word,agrees,2.6277498145341567
1910,agricultural,agricultural,Word,agricultural,2.9392609740095454
1938,ahead,ahead,Word,ahead,2.4635040041111558
1952,aid,aid,Word,aid,2.7712065620830075
1955,aided,aid,Word,aided,2.635710072236614
1958,aiding,aid,Word,aiding,2.7093238486817612
1976,ailments,ailment,Word,ailments,3.521486742954211
1978,aim,aim,Word,aim,2.5491683139005303
1979,aimed,aim,Word,aimed,3.0479825546976476
1981,aiming,aim,Word,aiming,2.5194272095199697
1985,aims,aim,Word,aims,2.8177770999468854
1991,air,air,Word,air,2.503358727120677
2006,aircraft,aircraft,Word,aircraft,3.2749690569668286
2022,aired,air,Word,aired,3.150305395888821
2047,airing,air,Lemma,air,2.503358727120677
2081,airs,air,Word,airs,3.5374471815553017
2109,aisle,aisle,Word,aisle,3.786251247197243
2110,aisled,aisle,Lemma,aisle,3.786251247197243
2111,aisles,aisle,Lemma,aisle,3.786251247197243
2118,akin,akin,Word,akin,3.2120419194244945
2144,alarm,alarm,Word,alarm,3.431549724433156
2146,alarmed,alarm,Word,alarmed,2.903076605813562
2147,alarming,alarming,Word,alarming,2.8902249656401824
2152,alarms,alarm,Word,alarms,3.4658705182772467
2184,album,album,Word,album,3.7974215253779144
2190,albums,album,Word,albums,3.748264037371453
2203,alcohol,alcohol,Word,alcohol,3.547360436381106
2204,alcoholic,alcoholic,Word,alcoholic,3.339370570797331
2206,alcoholics,alcoholic,Word,alcoholics,3.5876776159344566
2207,alcoholism,alcoholism,Word,alcoholism,3.4997396006590114
2210,alcohols,alcohol,Word,alcohols,3.613243102558901
2228,ale,ale,Word,ale,3.887465343310229
2240,alert,alert,Word,alert,3.502020449681702
2241,alerted,alert,Word,alerted,3.5535908402533063
2242,alerting,alert,Word,alerting,3.031962081204469
2244,alertness,alertness,Word,alertness,3.7201753708365515
2245,alerts,alert,Word,alerts,4.124199936683581
2246,ales,ale,Lemma,ale,3.887465343310229
2313,alien,alien,Word,alien,3.096180430093486
2317,alienated,alienate,Word,alienated,3.1198083168066
2320,alienation,alienation,Word,alienation,3.1886759989370943
2324,aliens,alien,Word,aliens,3.5679381167121544
2326,alight,alight,Word,alight,3.6064501416783923
2327,alighted,alight,Lemma,alight,3.6064501416783923
2328,alighting,alight,Lemma,alight,3.6064501416783923
2329,alights,alight,Lemma,alight,3.6064501416783923
2398,alleged,allege,Word,alleged,2.533033180111311
2404,allegiance,allegiance,Word,allegiance,3.4766985145223908
2405,allegiances,allegiance,Word,allegiances,3.685921301981835
2445,alley,alley,Word,alley,3.0365982775710285
2446,alleys,alley,Word,alleys,3.2462382366378213
2452,alliances,alliance,Word,alliances,3.2365801425066527
2454,allies,ally,Word,allies,2.9657874621601787
2455,alligator,alligator,Word,alligator,3.898883331954897
2456,alligatored,alligator,Lemma,alligator,3.898883331954897
2457,alligators,alligator,Lemma,alligator,3.898883331954897
2508,allow,allow,Word,allow,2.1857813805991717
2512,allowance,allowance,Word,allowance,3.6071856495336982
2513,allowances,allowance,Word,allowances,3.2185914052915976
2514,allowed,allow,Word,allowed,2.4755900511472384
2516,allowing,allow,Word,allowing,2.316566082205069
2517,allows,allow,Word,allows,2.9453328634572338
2518,alloy,alloy,Word,alloy,3.8271897230441896
2519,alloyed,alloy,Lemma,alloy,3.8271897230441896
2520,alloying,alloy,Lemma,alloy,3.8271897230441896
2521,alloys,alloy,Word,alloys,4.022955656974312
2576,aloft,aloft,Word,aloft,3.356393984700379
2579,alone,alone,Word,alone,2.107750198568044
2589,aloud,aloud,Word,aloud,2.8574359454938563
2639,altar,altar,Word,altar,3.483789298317465
2642,altars,altar,Lemma,altar,3.483789298317465
2644,alter,alter,Word,alter,2.742144290449898
2648,alteration,alteration,Word,alteration,3.196189277578882
2649,alterations,alteration,Word,alterations,2.960634711393947
2658,altered,alter,Word,altered,2.703511724347198
2659,altering,alter,Word,altering,2.726077960260279
2666,alternating,alternate,Word,alternating,2.9509187305069666
2669,alternative,alternative,Word,alternative,2.4836267210817162
2672,alternatives,alternative,Word,alternatives,2.8680101956461854
2675,alters,alter,Word,alters,3.303056869466183
2686,altitude,altitude,Word,altitude,3.882231724395277
2687,altitudes,altitude,Lemma,altitude,3.882231724395277
2768,amateur,amateur,Word,amateur,2.9451802696408658
2773,amateurs,amateur,Word,amateurs,2.9097711400876674
2781,amazed,amaze,Word,amazed,3.0752656198111747
2784,amazement,amazement,Word,amazement,2.99169078183508
2786,amazing,amazing,Word,amazing,2.721925873775921
2797,ambassadors,ambassador,Word,ambassadors,3.224318362062517
2813,ambiguities,ambiguity,Word,ambiguities,3.5873342499949867
2815,ambiguous,ambiguous,Word,ambiguous,2.7452376234701017
2819,ambition,ambition,Word,ambition,3.0011011723771777
2821,ambitions,ambition,Word,ambitions,3.066026721179383
2822,ambitious,ambitious,Word,ambitious,2.745617193284779
2846,ambulance,ambulance,Word,ambulance,3.572940426826031
2847,ambulances,ambulance,Word,ambulances,3.8021695444695984
2856,ambush,ambush,Word,ambush,3.5203823197967914
2857,ambushed,ambush,Word,ambushed,3.4065059581497126
2859,ambushes,ambush,Word,ambushes,3.9184043791838667
2860,ambushing,ambush,Lemma,ambush,3.5203823197967914
2883,amended,amend,Word,amended,2.7706309611593163
2888,amendments,amendment,Word,amendments,3.2738442814048074
2970,ammunition,ammunition,Word,ammunition,3.2721238962764496
3058,ample,ample,Word,ample,2.7436524342624655
3061,amplest,ample,Lemma,ample,2.7436524342624655
3064,amplified,amplify,Word,amplified,2.657340675520254
3093,amuse,amuse,Word,amuse,3.206472325881421
3094,amused,amuse,Word,amused,2.9131702150761636
3096,amusement,amusement,Word,amusement,3.0423175422182114
3097,amusements,amusement,Word,amusements,3.3427641390786293
3099,amuses,amuse,Lemma,amuse,3.206472325881421
3182,analogies,analogy,Word,analogies,3.4371969504098394
3194,analogy,analogy,Word,analogy,3.399375098419971
3202,analysis,analysis,Word,analysis,2.7152028099914034
3203,analyst,analyst,Word,analyst,3.79798602062735
3205,analysts,analyst,Word,analysts,3.2824059488210837
3267,anatomies,anatomy,Lemma,anatomy,3.332107603143625
3272,anatomy,anatomy,Word,anatomy,3.332107603143625
3275,ancestor,ancestor,Word,ancestor,3.4772979261798533
3276,ancestors,ancestor,Word,ancestors,3.5187654854523243
3277,ancestral,ancestral,Word,ancestral,3.239364065405403
3281,ancestries,ancestry,Lemma,ancestry,3.707563055844234
3282,ancestry,ancestry,Word,ancestry,3.707563055844234
3283,anchor,anchor,Word,anchor,3.1120208986790776
3287,anchored,anchor,Word,anchored,2.972479387206015
3292,anchoring,anchor,Word,anchoring,2.9913394278784162
3300,anchors,anchor,Word,anchors,3.077132171635714
3304,ancient,ancient,Word,ancient,3.041796675502737
3307,ancients,ancient,Word,ancients,3.521547051702475
3396,anew,anew,Word,anew,2.605408102637781
3415,angels,angel,Word,angels,3.1376510762863328
3417,anger,anger,Word,anger,3.233820660701185
3418,angered,anger,Word,angered,3.0464875426907394
3419,angering,anger,Lemma,anger,3.233820660701185
3420,angers,anger,Lemma,anger,3.233820660701185
3434,angles,angle,Word,angles,3.3230206201557864
3475,angry,angry,Word,angry,2.666649830768774
3481,anguish,anguish,Word,anguish,3.060115184234253
3483,angular,angular,Word,angular,3.2952421015574562
3510,animal,animal,Word,animal,3.0008591684949018
3521,animals,animal,Word,animals,3.0005630861708563
3556,ankle,ankle,Word,ankle,3.894190712991202
3558,ankles,ankle,Word,ankles,3.32424219226473
3605,anniversaries,anniversary,Word,anniversaries,3.675246588890523
3606,anniversary,anniversary,Word,anniversary,3.487818600895709
3615,announce,announce,Word,announce,3.005484391449655
3616,announced,announce,Word,announced,2.6422074884335878
3617,announcement,announcement,Word,announcement,2.763617356999596
3618,announcements,announcement,Word,announcements,3.0322598566471655
3621,announcers,announcer,Word,announcers,3.6271183226292223
3622,announces,announce,Word,announces,3.2906995857374715
3623,announcing,announce,Word,announcing,2.527291550581093
3624,annoy,annoy,Word,annoy,3.293836667231935
3625,annoyance,annoyance,Word,annoyance,2.855360202656563
3626,annoyances,annoyance,Word,annoyances,3.688347053955898
3629,annoying,annoy,Word,annoying,2.792924037633488
3632,annoys,annoy,Word,annoys,3.3913286743613713
3633,annual,annual,Word,annual,2.5721129759008807
3636,annuals,annual,Lemma,annual,2.5721129759008807
3717,answer,answer,Word,answer,2.562110001005166
3722,answered,answer,Word,answered,3.091111065750001
3724,answering,answer,Word,answering,2.825396084152955
3726,answers,answer,Word,answers,2.8674243636874857
3727,ant,ant,Word,ant,3.064307227975133
3734,antagonism,antagonism,Word,antagonism,3.1647011678826384
3735,antagonisms,antagonism,Word,antagonisms,3.5510869019573112
3773,antelope,antelope,Word,antelope,3.583699452394696
3774,antelopes,antelope,Lemma,antelope,3.583699452394696
3779,antenna,antenna,Word,antenna,3.75933201034911
3780,antennae,antenna,Word,antennae,3.3359465231443544
3783,antennas,antenna,Word,antennas,3.7032662411182184
3792,anterior,anterior,Word,anterior,4.209151691462036
3794,anteriors,anterior,Lemma,anterior,4.209151691462036
3802,anthem,anthem,Word,anthem,3.557291361095276
3805,anthems,anthem,Word,anthems,3.758249281363183
3840,anthropology,anthropology,Word,anthropology,3.334983680348152
3882,anticipate,anticipate,Word,anticipate,2.955647012709957
3883,anticipated,anticipate,Word,anticipated,2.5633190500739254
3884,anticipates,anticipate,Word,anticipates,3.6315101017500417
3885,anticipating,anticipate,Word,anticipating,2.5152718632863222
3886,anticipation,anticipation,Word,anticipation,2.592584338047836
3887,anticipations,anticipation,Word,anticipations,2.999183584466952
3910,antics,antic,Word,antics,2.982131860702078
4041,antique,antique,Word,antique,3.2747425326496873
4044,antiques,antique,Word,antiques,3.4536761025782754
4046,antiquities,antiquity,Word,antiquities,4.427391543753317
4047,antiquity,antiquity,Word,antiquity,3.371761739006045
4108,antlers,antler,Lemma,antler,4.15716469447911
4120,ants,ant,Word,ants,3.6030709899819926
4126,anvil,anvil,Word,anvil,3.4911587632040977
4127,anvils,anvil,Lemma,anvil,3.4911587632040977
4128,anxieties,anxiety,Word,anxieties,3.180313584693362
4129,anxiety,anxiety,Word,anxiety,2.937916198885603
4131,anxious,anxious,Word,anxious,2.5114937400149238
4175,apartment,apartment,Word,apartment,3.24986370294858
4176,apartments,apartment,Word,apartments,3.154205692734403
4183,ape,ape,Word,ape,3.110079469521035
4184,aped,ape,Lemma,ape,3.110079469521035
4197,apes,ape,Lemma,ape,3.110079469521035
4238,aping,ape,Lemma,ape,3.110079469521035
4279,apologies,apology,Word,apologies,3.218823217797779
4288,apology,apology,Word,apology,3.82784799916038
4351,apparatus,apparatus,Word,apparatus,2.8768033393860786
4352,apparatuses,apparatus,Lemma,apparatus,2.8768033393860786
4353,apparel,apparel,Word,apparel,3.471782514039354
4354,appareled,apparel,Lemma,apparel,3.471782514039354
4357,apparels,apparel,Lemma,apparel,3.471782514039354
4359,apparent,apparent,Word,apparent,2.457411172025083
4366,appeal,appeal,Word,appeal,2.829357625169081
4368,appealed,appeal,Word,appealed,3.035047626869551
4370,appealing,appeal,Word,appealing,2.604583368027675
4372,appeals,appeal,Word,appeals,2.863529349136282
4374,appearance,appearance,Word,appearance,2.8848777345147085
4375,appearances,appearance,Word,appearances,3.359586294269166
4376,appeared,appear,Word,appeared,2.442122177785299
4378,appearing,appear,Word,appearing,2.4569138784533697
4379,appears,appear,Word,appears,2.2933339900796836
4417,appetite,appetite,Word,appetite,3.2817043771887167
4418,appetites,appetite,Word,appetites,3.498609608394373
4427,applauded,applaud,Word,applauded,2.949209671158242
4431,applause,applause,Word,applause,3.7430713213214655
4433,apple,apple,Word,apple,3.1426538594911166
4437,apples,apple,Word,apples,3.1887644908766557
4441,appliance,appliance,Word,appliance,3.215464825646372
4442,appliances,appliance,Word,appliances,3.299103349319434
4444,applicable,applicable,Word,applicable,3.0277362406727564
4447,applicant,applicant,Word,applicant,3.074160511838944
4448,applicants,applicant,Word,applicants,3.2682989738394546
4449,application,application,Word,application,2.4552566953249673
4450,applications,application,Word,applications,2.780110075107012
4454,applied,apply,Word,applied,2.484735185807061
4456,applies,apply,Word,applies,2.9720768569779965
4461,apply,apply,Word,apply,2.61695161425238
4462,applying,apply,Word,applying,2.6715637187712122
4464,appoint,appoint,Word,appoint,3.3248055158313505
4465,appointed,appoint,Word,appointed,3.0813495059503326
4469,appointing,appoint,Word,appointing,3.1085104569187347
4471,appointment,appointment,Word,appointment,3.080090201090219
4472,appointments,appointment,Word,appointments,3.1895011374546014
4473,appoints,appoint,Word,appoints,4.417129302861901
4493,appraisal,appraisal,Word,appraisal,2.9444588609150166
4494,appraisals,appraisal,Word,appraisals,3.371878117521482
4528,apprentice,apprentice,Word,apprentice,3.298214748985243
4529,apprenticed,apprentice,Word,apprenticed,4.12900670331573
4530,apprentices,apprentice,Word,apprentices,3.37582446365191
4533,apprenticing,apprentice,Lemma,apprentice,3.298214748985243
4540,approach,approach,Word,approach,2.421706042716664
4544,approached,approach,Word,approached,2.62770267165388
4545,approaches,approach,Word,approaches,2.550790079027979
4546,approaching,approach,Word,approaching,2.5606716004922796
4566,approve,approve,Word,approve,2.9482421913208743
4567,approved,approve,Word,approved,2.8578863465352504
4569,approves,approve,Word,approves,3.8919864345452964
4570,approving,approve,Word,approving,2.7938113202829147
4593,apron,apron,Word,apron,3.4013022015149827
4594,aprons,apron,Word,aprons,3.344016273665919
4599,apt,apt,Word,apt,2.4865830921738574
4604,aptitude,aptitude,Word,aptitude,3.2892334374031718
4605,aptitudes,aptitude,Word,aptitudes,3.558559399118928
4698,arbitrary,arbitrary,Word,arbitrary,3.0598499916650375
4703,arbitration,arbitration,Word,arbitration,3.987426688058149
4705,arbitrations,arbitration,Lemma,arbitration,3.987426688058149
4738,arch,arch,Word,arch,2.8073427449103
4776,arched,arched,Word,arched,3.304437611999176
4787,arches,arch,Word,arches,3.328099932801312
4808,architect,architect,Word,architect,3.1474627208098322
4813,architects,architect,Word,architects,2.957661355381651
4816,architecture,architecture,Word,architecture,2.9315789247643917
4817,architectures,architecture,Word,architectures,3.71526446455822
4841,arcs,arc,Word,arcs,3.270543690022456
4848,ardent,ardent,Word,ardent,3.057219632284856
4857,are,be,Word,are,2.255466016524561
4858,area,area,Word,area,2.0621623279870906
4861,areas,area,Word,areas,2.46725652857135
4867,arena,arena,Word,arena,2.807564213586749
4868,arenas,arena,Word,arenas,3.072087772246327
4908,argue,argue,Word,argue,2.5579708199369766
4909,argued,argue,Word,argued,2.7413168155817345
4911,argues,argue,Word,argues,2.6941942279233455
4913,arguing,argue,Word,arguing,2.303344850305238
4914,argument,argument,Word,argument,2.9357235842402556
4919,arguments,argument,Word,arguments,3.0514597174404203
4950,aristocracies,aristocracy,Lemma,aristocracy,3.5580645647744396
4951,aristocracy,aristocracy,Word,aristocracy,3.5580645647744396
4956,aristocrats,aristocrat,Word,aristocrats,3.402539701916635
4960,arithmetic,arithmetic,Word,arithmetic,3.3218480238218016
4978,arm,arm,Word,arm,2.7870628897959535
4996,armchair,armchair,Word,armchair,3.2963555372335045
4997,armchairs,armchair,Word,armchairs,3.290137216310928
5007,armies,army,Word,armies,3.466637454957663
5011,arming,arm,Lemma,arm,2.7870628897959535
5037,arms,arm,Word,arms,2.9900515360051694
5039,army,army,Word,army,2.8346333438216234
5046,aroma,aroma,Word,aroma,3.5892109186121144
5047,aromas,aroma,Word,aromas,3.9489815619491555
5059,arouse,arouse,Word,arouse,3.3504379505040434
5060,aroused,arouse,Word,aroused,3.042209565801461
5062,arouses,arouse,Word,arouses,3.675151886455815
5063,arousing,arouse,Word,arousing,3.2277990591187526
5078,arrange,arrange,Word,arrange,2.9466721843447727
5079,arranged,arrange,Word,arranged,2.6681894278957734
5080,arrangement,arrangement,Word,arrangement,2.6966284763583466
5081,arrangements,arrangement,Word,arrangements,2.959597489700599
5084,arranges,arrange,Word,arranges,3.4518153362715323
5085,arranging,arrange,Word,arranging,2.7172245672576265
5090,array,array,Word,array,2.839376074735052
5092,arrayed,array,Lemma,array,2.839376074735052
5093,arraying,array,Lemma,array,2.839376074735052
5094,arrays,array,Lemma,array,2.839376074735052
5098,arrest,arrest,Word,arrest,3.0839790013288266
5099,arrested,arrest,Word,arrested,3.406769913182241
5103,arresting,arrest,Word,arresting,2.7893828721159815
5107,arrests,arrest,Word,arrests,3.5938075666740947
5111,arrival,arrival,Word,arrival,2.8473164100390895
5112,arrivals,arrival,Word,arrivals,3.2880360915737037
5113,arrive,arrive,Word,arrive,2.762907994123461
5114,arrived,arrive,Word,arrived,2.632170104751917
5116,arrives,arrive,Word,arrives,3.0718368941507075
5117,arriving,arrive,Word,arriving,2.568370412370165
5120,arrogance,arrogance,Word,arrogance,3.121107813000281
5128,arrow,arrow,Word,arrow,3.238077015925779
5129,arrowed,arrow,Word,arrowed,4.029206797858984
5134,arrows,arrow,Word,arrows,3.32778111714084
5139,arsenal,arsenal,Word,arsenal,3.0061148381395384
5140,arsenals,arsenal,Lemma,arsenal,3.0061148381395384
5142,arsenic,arsenic,Word,arsenic,3.7616235469050627
5155,art,art,Word,art,2.593335202269903
5166,arteries,artery,Word,arteries,4.123061144125145
5184,arthritis,arthritis,Word,arthritis,3.5214814386255147
5193,article,article,Word,article,3.1473864025711404
5194,articled,article,Lemma,article,3.1473864025711404
5195,articles,article,Word,articles,3.1878223262689014
5196,articling,article,Lemma,article,3.1473864025711404
5199,articulate,articulate,Word,articulate,2.9670455440827754
5200,articulated,articulate,Word,articulated,2.7472013745781423
5203,articulates,articulate,Lemma,articulate,2.9670455440827754
5204,articulating,articulate,Lemma,articulate,2.9670455440827754
5205,articulation,articulation,Word,articulation,3.0110874500732905
5206,articulations,articulation,Word,articulations,3.1441941615309483
5217,artificial,artificial,Word,artificial,2.906214921658073
5222,artillery,artillery,Word,artillery,3.968883639035671
5227,artisans,artisan,Word,artisans,3.5025470731716446
5229,artist,artist,Word,artist,3.0639371597288387
5233,artistic,artistic,Word,artistic,3.0554017534510693
5236,artists,artist,Word,artists,3.1323323307680893
5241,arts,art,Word,arts,3.0530996655364753
5266,asbestos,asbestos,Word,asbestos,3.9895982703758843
5273,ascended,ascend,Word,ascended,3.329462388899873
5327,ashes,ash,Word,ashes,3.5961607851126316
5358,ask,ask,Word,ask,2.3039651866396764
5360,asked,ask,Word,asked,2.453558707656351
5364,asking,ask,Word,asking,2.3983774246546363
5367,asks,ask,Word,asks,2.9349731364015463
5370,asleep,asleep,Word,asleep,3.64490212967248
5380,aspects,aspect,Word,aspects,2.6321596214002074
5398,asphalt,asphalt,Word,asphalt,3.3736735817162335
5399,asphalted,asphalt,Lemma,asphalt,3.3736735817162335
5401,asphalting,asphalt,Lemma,asphalt,3.3736735817162335
5402,asphalts,asphalt,Lemma,asphalt,3.3736735817162335
5429,aspirin,aspirin,Word,aspirin,3.963491573789179
5431,aspirins,aspirin,Lemma,aspirin,3.963491573789179
5450,assassinated,assassinate,Word,assassinated,3.826208746588582
5457,assault,assault,Word,assault,3.043752917005149
5458,assaulted,assault,Word,assaulted,3.3895012430820497
5460,assaulting,assault,Word,assaulting,3.645552895672653
5462,assaults,assault,Word,assaults,3.227939381486047
5486,assented,assent,Word,assented,3.191446384051755
5491,assert,assert,Word,assert,2.712814006814556
5492,asserted,assert,Word,asserted,2.364763645331705
5494,asserting,assert,Word,asserting,2.2604978975501653
5495,assertion,assertion,Word,assertion,2.748563834071883
5496,assertions,assertion,Word,assertions,2.912203669786363
5497,assertive,assertive,Word,assertive,3.090524853944102
5501,asserts,assert,Word,asserts,2.543713414206263
5504,assess,assess,Word,assess,2.9211644629110847
5506,assessed,assess,Word,assessed,3.1179982873498853
5507,assesses,assess,Lemma,assess,2.9211644629110847
5508,assessing,assess,Word,assessing,2.8234035386658567
5509,assessment,assessment,Word,assessment,2.7730722888037524
5510,assessments,assessment,Word,assessments,2.9916926468813667
5516,assets,asset,Word,assets,2.957530846339769
5532,assign,assign,Word,assign,2.9217923648625064
5536,assigned,assign,Word,assigned,2.7244251137302244
5539,assigning,assign,Word,assigning,2.8544669748389366
5540,assignment,assignment,Word,assignment,2.8172016458609352
5541,assignments,assignment,Word,assignments,2.980788585359657
5543,assigns,assign,Word,assigns,3.298114419152784
5555,assist,assist,Word,assist,2.731235738708669
5557,assistant,assistant,Word,assistant,2.888659230078064
5558,assistants,assistant,Word,assistants,2.9458211015320006
5560,assisted,assist,Word,assisted,2.763568562555815
5562,assisting,assist,Word,assisting,2.6329464113355217
5565,assists,assist,Word,assists,3.7800541378727104
5602,assume,assume,Word,assume,2.58014316247038
5603,assumed,assume,Word,assumed,2.5161925964806806
5606,assumes,assume,Word,assumes,3.1059609909401837
5607,assuming,assume,Word,assuming,2.2191960396658907
5609,assumption,assumption,Word,assumption,2.725017231989759
5610,assumptions,assumption,Word,assumptions,4.058485590841375
5646,asthma,asthma,Word,asthma,3.632124846708665
5655,astonished,astonish,Word,astonished,2.7932302138627687
5660,astonishment,astonishment,Word,astonishment,3.102127721887959
5703,astronomical,astronomical,Word,astronomical,2.9183622962593425
5705,astronomy,astronomy,Word,astronomy,3.6805558968048624
5720,asylum,asylum,Word,asylum,4.311252088714722
5721,asylums,asylum,Lemma,asylum,4.311252088714722
5745,ate,eat,Word,ate,3.1686747931159265
5775,athlete,athlete,Word,athlete,3.306019074521022
5777,athletes,athlete,Word,athletes,3.1331574022993007
5778,athletic,athletic,Word,athletic,3.29180473877087
5781,athletics,athletics,Word,athletics,3.411601964730294
5796,atlases,atlas,Lemma,atlas,3.537444930980174
5800,atmosphere,atmosphere,Word,atmosphere,3.289634557295386
5801,atmospheres,atmosphere,Word,atmospheres,3.552582986471574
5807,atom,atom,Word,atom,3.9358814316397956
5808,atomic,atomic,Word,atomic,3.944310103220086
5811,atomics,atomic,Lemma,atomic,3.944310103220086
5823,atoms,atom,Word,atoms,4.713245668132648
5864,attach,attach,Word,attach,2.871621817317034
5867,attached,attach,Word,attached,2.581545479675486
5868,attaches,attach,Word,attaches,3.3785112839747007
5869,attaching,attach,Word,attaching,2.903015872689567
5870,attachment,attachment,Word,attachment,2.73864505745006
5871,attachments,attachment,Word,attachments,3.3540452796683415
5872,attack,attack,Word,attack,2.842171640139369
5874,attacked,attack,Word,attacked,2.878264630454436
5878,attacking,attack,Word,attacking,2.8830226567747776
5879,attacks,attack,Word,attacks,3.128228557313169
5881,attain,attain,Word,attain,2.7663225296140204
5886,attained,attain,Word,attained,2.7235763448103114
5887,attaining,attain,Word,attaining,2.81929370923624
5890,attains,attain,Word,attains,3.366827522483219
5894,attempt,attempt,Word,attempt,2.487580939955498
5896,attempted,attempt,Word,attempted,2.635018767565095
5898,attempting,attempt,Word,attempting,2.6469584208355426
5899,attempts,attempt,Word,attempts,2.8352377884583215
5900,attend,attend,Word,attend,2.9562275894146732
5901,attendance,attendance,Word,attendance,3.065104027747513
5902,attendances,attendance,Lemma,attendance,3.065104027747513
5903,attendant,attendant,Word,attendant,2.8079470123796186
5904,attendants,attendant,Word,attendants,2.941445116967698
5905,attended,attend,Word,attended,2.9912661142308927
5908,attending,attend,Word,attending,2.735026424786975
5909,attends,attend,Word,attends,3.403522131048032
5910,attention,attention,Word,attention,3.118361706629608
5912,attentions,attention,Word,attentions,3.374649659888
5913,attentive,attentive,Word,attentive,2.991017999035141
5935,attire,attire,Word,attire,3.3759680077318284
5936,attired,attire,Word,attired,3.666903426353503
5937,attires,attire,Lemma,attire,3.3759680077318284
5938,attiring,attire,Lemma,attire,3.3759680077318284
5940,attitude,attitude,Word,attitude,2.901102979850882
5941,attitudes,attitude,Word,attitudes,3.1400483437532922
5953,attorney,attorney,Word,attorney,3.4216429175851317
5955,attorneys,attorney,Word,attorneys,3.277589405063839
5958,attract,attract,Word,attract,2.992343970497404
5961,attracted,attract,Word,attracted,2.8538508255416475
5963,attracting,attract,Word,attracting,2.9218495293707276
5964,attraction,attraction,Word,attraction,2.755682422804611
5965,attractions,attraction,Word,attractions,3.190986224504304
5966,attractive,attractive,Word,attractive,2.806039163610492
5970,attracts,attract,Word,attracts,3.4377039294217817
6005,auction,auction,Word,auction,3.505233606491789
6006,auctioned,auction,Lemma,auction,3.505233606491789
6010,auctioning,auction,Lemma,auction,3.505233606491789
6011,auctions,auction,Lemma,auction,3.505233606491789
6018,audible,audible,Word,audible,3.308867712554728
6021,audience,audience,Word,audience,2.8517781490295553
6022,audiences,audience,Word,audiences,3.206830521924992
6036,audit,audit,Word,audit,3.237789678151315
6037,audited,audit,Word,audited,3.57355927066906
6044,auditoria,auditorium,Lemma,auditorium,3.2463244909616003
6046,auditorium,auditorium,Word,auditorium,3.2463244909616003
6047,auditoriums,auditorium,Lemma,auditorium,3.2463244909616003
6050,audits,audit,Word,audits,3.4087330299294574
6100,aunts,aunt,Word,aunts,2.98343618017619
6179,authentic,authentic,Word,authentic,2.797682311133518
6189,author,author,Word,author,3.0343857722948373
6200,authorities,authority,Word,authorities,2.553144638726259
6201,authority,authority,Word,authority,2.5811751481971057
6211,authors,author,Word,authors,3.036541457186361
6291,automatic,automatic,Word,automatic,3.0478374996239594
6294,automatics,automatic,Lemma,automatic,3.0478374996239594
6342,autumn,autumn,Word,autumn,2.604035451696836
6345,autumns,autumn,Lemma,autumn,2.604035451696836
6348,auxiliaries,auxiliary,Word,auxiliaries,3.240414523541391
6349,auxiliary,auxiliary,Word,auxiliary,2.7534922690570602
6390,avenues,avenue,Word,avenues,3.4744050297540956
6392,average,average,Word,average,2.8104882891601926
6393,averaged,average,Word,averaged,3.855653385091142
6395,averages,average,Word,averages,3.3691162291436436
6396,averaging,average,Word,averaging,3.7633010102701148
6405,aversion,aversion,Word,aversion,2.9550470276750964
6406,aversions,aversion,Lemma,aversion,2.9550470276750964
6445,avoid,avoid,Word,avoid,2.7200770525796045
6448,avoidance,avoidance,Word,avoidance,3.0182333459316704
6450,avoided,avoid,Word,avoided,2.7790940541571807
6452,avoiding,avoid,Word,avoiding,2.610955062838114
6453,avoids,avoid,Word,avoids,3.307535721987908
6489,award,award,Word,award,2.81310795846377
6491,awarded,award,Word,awarded,2.993410194329802
6494,awarding,award,Word,awarding,2.8957891717440116
6495,awards,award,Word,awards,3.0594816469816037
6496,aware,aware,Word,aware,2.493234662605609
6511,awful,awful,Word,awful,2.609773277308582
6517,awkward,awkward,Word,awkward,2.8080781189747808
6532,axes,axis,Word,axes,3.1795533398512923
6601,babe,babe,Word,babe,3.290894344139378
6603,babes,babe,Word,babes,3.3637441531185153
6604,babied,baby,Lemma,baby,2.917927618836361
6605,babies,baby,Word,babies,3.2058891143022246
6615,baby,baby,Word,baby,2.917927618836361
6620,babying,baby,Lemma,baby,2.917927618836361
6650,bachelor,bachelor,Word,bachelor,3.9123555415543696
6655,bachelors,bachelor,Word,bachelors,3.3983647901288543
6663,back,back,Word,back,1.95862820723798
6684,backbone,backbone,Word,backbone,2.8789161535510353
6687,backbones,backbone,Lemma,backbone,2.8789161535510353
6710,backed,back,Word,backed,2.368217843114029
6722,background,background,Word,background,2.6916538753441124
6724,backgrounds,background,Word,backgrounds,3.1732815251667756
6734,backing,back,Word,backing,2.490001719594693
6755,backs,back,Word,backs,2.7511786987132023
6807,backward,backward,Word,backward,2.9751800870289946
6811,backwards,backwards,Word,backwards,2.907308555085828
6824,bacon,bacon,Word,bacon,3.088826979044129
6825,bacteria,bacterium,Word,bacteria,3.9043388531346284
6840,bad,bad,Word,bad,2.518275427983491
6846,bade,bid,Word,bade,3.34823126621118
6847,badge,badge,Word,badge,3.36801432214632
6850,badgering,badger,Word,badgering,3.0789930729908876
6852,badges,badge,Word,badges,3.4447354473701135
6857,badly,badly,Word,badly,2.645635390626608
6863,bads,bad,Lemma,bad,2.518275427983491
6868,baffled,baffle,Word,baffled,2.9989807853155623
6875,bag,bag,Word,bag,2.985581895845789
6882,baggage,baggage,Word,baggage,3.5770213369789925
6883,bagged,bag,Word,bagged,3.0655529683062985
6890,bagging,bag,Lemma,bag,2.985581895845789
6891,baggy,baggy,Word,baggy,3.421817490250398
6901,bags,bag,Word,bags,3.033097089372648
6917,bail,bail,Word,bail,4.38075605254955
6918,bailed,bail,Lemma,bail,4.38075605254955
6928,bailing,bail,Word,bailing,3.4814665195725776
6936,bails,bail,Lemma,bail,4.38075605254955
6942,bait,bait,Word,bait,3.270041130222376
6943,baited,bait,Word,baited,3.391063694315802
6946,baits,bait,Lemma,bait,3.270041130222376
6948,bake,bake,Word,bake,3.64977757516121
6956,bakes,bake,Word,bakes,3.7136549129911445
6972,balance,balance,Word,balance,2.8049397569980465
6976,balances,balance,Word,balances,3.1552045598178737
6977,balancing,balance,Word,balancing,2.665907659467529
6982,balconied,balcony,Lemma,balcony,3.4490296921492503
6983,balconies,balcony,Word,balconies,3.659249386629185
6984,balcony,balcony,Word,balcony,3.4490296921492503
6985,bald,bald,Word,bald,3.2335561709887957
7009,bales,bale,Word,bales,3.825677454858556
7025,ball,ball,Word,ball,3.3037678296997313
7033,ballads,ballad,Word,ballads,3.874522722285883
7042,balled,ball,Word,balled,3.319830944072774
7046,ballet,ballet,Word,ballet,3.26475800383301
7050,ballets,ballet,Word,ballets,3.905867888985271
7062,balloon,balloon,Word,balloon,3.4632123398357377
7063,ballooned,balloon,Lemma,balloon,3.4632123398357377
7068,balloons,balloon,Word,balloons,3.595677239130206
7069,ballot,ballot,Word,ballot,3.7860269727586178
7070,balloted,ballot,Lemma,ballot,3.7860269727586178
7073,ballots,ballot,Word,ballots,4.255881779545599
7083,balls,ball,Word,balls,3.3058013091480714
7131,ban,ban,Word,ban,3.5714790227914874
7136,banana,banana,Word,banana,3.0391603903815603
7137,bananas,banana,Word,bananas,2.9743544342718566
7142,band,band,Word,band,2.688584084804108
7143,bandage,bandage,Word,bandage,3.978048005174188
7144,bandaged,bandage,Word,bandaged,3.816837256355652
7146,bandages,bandage,Word,bandages,3.723480699041206
7147,bandaging,bandage,Word,bandaging,3.773116343872676
7156,banded,band,Word,banded,3.0698794007440324
7168,bandits,bandit,Word,bandits,3.2490305056057074
7178,bands,band,Word,bands,3.0962252421494414
7193,bang,bang,Word,bang,2.9060297470676324
7194,banged,bang,Word,banged,3.1456182439832268
7197,banging,bang,Word,banging,3.1003337463253975
7205,bangs,bang,Word,bangs,3.212858631203808
7211,banished,banish,Word,banished,3.1769512290292266
7221,bank,bank,Word,bank,2.564907394976249
7228,banked,bank,Word,banked,2.8586466380877287
7229,banker,banker,Word,banker,2.997630818072471
7230,bankers,banker,Word,bankers,3.035337337926376
7232,banking,banking,Word,banking,2.902447453703949
7237,bankrupt,bankrupt,Word,bankrupt,3.1809521922487654
7240,bankrupted,bankrupt,Lemma,bankrupt,3.1809521922487654
7241,bankrupting,bankrupt,Lemma,bankrupt,3.1809521922487654
7242,bankrupts,bankrupt,Lemma,bankrupt,3.1809521922487654
7243,banks,bank,Word,banks,2.9836979265728742
7246,banned,ban,Word,banned,3.465614860561497
7250,banners,banner,Word,banners,3.491584587111401
7251,banning,ban,Word,banning,3.410449804029443
7257,banquet,banquet,Word,banquet,3.3277350882656234
7258,banqueted,banquet,Lemma,banquet,3.3277350882656234
7262,banquets,banquet,Word,banquets,3.6080294177998926
7264,bans,ban,Word,bans,3.635827117781563
7302,bar,bar,Word,bar,2.6847565958039326
7333,barbed,barbed,Word,barbed,3.2491244164652295
7338,barber,barber,Word,barber,3.4174761822149358
7341,barbers,barber,Lemma,barber,3.4174761822149358
7370,bare,bare,Word,bare,2.7858112271673843
7375,bared,bare,Lemma,bare,2.7858112271673843
7379,barefoot,barefoot,Word,barefoot,3.2156878830178934
7380,barefooted,barefoot,Word,barefooted,3.151199137351279
7384,barely,barely,Word,barely,2.492634874037247
7387,bares,bare,Lemma,bare,2.7858112271673843
7393,bargain,bargain,Word,bargain,2.825398594929852
7394,bargained,bargain,Lemma,bargain,2.825398594929852
7397,bargains,bargain,Word,bargains,3.794238190601992
7398,barge,barge,Word,barge,3.2703853846968816
7400,barged,barge,Lemma,barge,3.2703853846968816
7407,barges,barge,Word,barges,3.864834967769147
7408,barging,barge,Word,barging,3.082639646326947
7415,baring,bare,Lemma,bare,2.7858112271673843
7422,bark,bark,Word,bark,3.2371519663122266
7423,barked,bark,Lemma,bark,3.2371519663122266
7428,barking,bark,Word,barking,3.492234766385047
7440,barn,barn,Word,barn,3.304028196232786
7452,barns,barn,Word,barns,3.5916550343290767
7507,barred,bar,Word,barred,3.624633172950105
7508,barrel,barrel,Word,barrel,3.910094887976857
7510,barreled,barrel,Lemma,barrel,3.910094887976857
7514,barrelling,barrel,Lemma,barrel,3.910094887976857
7515,barrels,barrel,Word,barrels,4.411858916773403
7516,barren,barren,Word,barren,2.9249604877217843
7527,barrier,barrier,Word,barrier,3.341989146424821
7528,barriers,barrier,Word,barriers,3.618837645836524
7529,barring,bar,Word,barring,2.991574465249898
7541,bars,bar,Word,bars,2.704819847812987
7576,base,base,Word,base,2.6252002843289954
7577,baseball,baseball,Word,baseball,2.9687184574767302
7580,baseballs,baseball,Word,baseballs,3.8593513570108473
7586,based,base,Word,based,2.365779615223095
7595,basement,basement,Word,basement,2.8968163478938336
7596,basements,basement,Word,basements,3.4919424182208862
7600,bases,basis,Word,bases,3.448797846544871
7613,basic,basic,Word,basic,2.4349238642089364
7626,basin,basin,Word,basin,3.2176058312685547
7629,basing,base,Word,basing,2.8957712817984365
7630,basins,basin,Lemma,basin,3.2176058312685547
7631,basis,basis,Word,basis,2.680479183107972
7634,basket,basket,Word,basket,3.504319633786443
7640,baskets,basket,Word,baskets,3.9670006578723305
7651,bass,bass,Word,bass,3.7431255955224385
7652,basses,bass,Word,basses,3.880636190568228
7668,bastard,bastard,Word,bastard,3.0289645233515126
7676,bastards,bastard,Word,bastards,3.3152933812572316
7693,bat,bat,Word,bat,3.3357632378304674
7696,batch,batch,Word,batch,2.8113045762023456
7699,batches,batch,Lemma,batch,2.8113045762023456
7709,bath,bath,Word,bath,3.1984461776277304
7711,bathed,bath,Word,bathed,3.2348230976892487
7717,bathing,bathing,Word,bathing,3.2166396269687736
7729,baths,bath,Word,baths,3.5514639511623156
7752,batons,baton,Lemma,baton,3.742057461775259
7753,bats,bat,Word,bats,3.7617469783933837
7758,batted,bat,Word,batted,3.5915386644949647
7763,batter,batter,Word,batter,3.86452261715442
7766,battered,batter,Word,battered,2.8031817001158585
7769,batteries,battery,Word,batteries,3.430750279164735
7770,battering,batter,Word,battering,3.1287641849768657
7771,batters,batter,Word,batters,4.930325728860939
7772,battery,battery,Word,battery,3.6058193334898525
7777,battle,battle,Word,battle,2.907759961470676
7779,battled,battle,Lemma,battle,2.907759961470676
7792,battles,battle,Word,battles,3.0995760845925595
7796,battling,battle,Word,battling,2.835745520619946
7827,bawled,bawl,Word,bawled,3.4905131027871286
7839,baying,bay,Word,baying,3.772685452175167
7852,bays,bay,Word,bays,3.3194909518264963
7869,beaches,beach,Word,beaches,3.709618060864083
7876,beacon,beacon,Word,beacon,3.4365187262973835
7879,bead,bead,Word,bead,2.9946635401975414
7891,beads,bead,Word,beads,3.303350573223477
7909,beam,beam,Word,beam,3.3603217687099565
7911,beamed,beam,Lemma,beam,3.3603217687099565
7913,beaming,beam,Word,beaming,2.994925609252425
7918,beams,beam,Word,beams,3.194378195047435
7920,bean,bean,Word,bean,3.0338307189160116
7929,beans,bean,Word,beans,3.359292754325084
7932,bear,bear,Word,bear,2.870888492639513
7948,beards,beard,Word,beards,4.155519724547887
7956,bearings,bearing,Word,bearings,3.298598919539938
7961,bears,bear,Word,bears,2.8957992847044345
7972,beasts,beast,Word,beasts,3.118043550008888
7974,beat,beat,Word,beat,2.680380447800837
7976,beaten,beat,Word,beaten,3.1516093725901517
7988,beating,beat,Word,beating,2.793803329100306
7995,beats,beat,Word,beats,3.3426511183088516
8009,beauties,beauty,Word,beauties,2.9580585102370263
8014,beautiful,beautiful,Word,beautiful,2.637613128117098
8020,beauty,beauty,Word,beauty,2.8543989503884464
8025,beavers,beaver,Lemma,beaver,3.337643697377324
8031,became,become,Word,became,2.8777210766457726
8053,become,become,Word,become,2.3969211250767932
8054,becomes,become,Word,becomes,2.92120334346156
8057,becoming,become,Word,becoming,2.6188635372217144
8060,bed,bed,Word,bed,2.7363636517832695
8075,bedded,bed,Word,bedded,3.4024764548251856
8076,bedding,bedding,Word,bedding,3.059475997653712
8119,bedroom,bedroom,Word,bedroom,3.205709170158123
8121,bedrooms,bedroom,Word,bedrooms,3.678010808239672
8122,beds,bed,Word,beds,3.300524185465665
8124,bedside,bedside,Word,bedside,3.6178734258635057
8125,bedsides,bedside,Lemma,bedside,3.6178734258635057
8140,bedtime,bedtime,Word,bedtime,3.7991256769688686
8141,bedtimes,bedtime,Lemma,bedtime,3.7991256769688686
8143,bee,bee,Word,bee,3.2208342169788358
8154,beef,beef,Word,beef,3.190974421832526
8160,beefed,beef,Word,beefed,3.387953444746937
8164,beefing,beef,Lemma,beef,3.190974421832526
8167,beefs,beef,Lemma,beef,3.190974421832526
8178,been,be,Word,been,2.0680290968029325
8182,beer,beer,Word,beer,3.135163937449567
8187,beers,beer,Word,beers,3.7247429287335665
8189,bees,bee,Word,bees,3.3760499374562603
8200,beetle,beetle,Word,beetle,3.9916534772056873
8201,beetled,beetle,Lemma,beetle,3.9916534772056873
8202,beetles,beetle,Word,beetles,4.019635061587755
8203,beetling,beetle,Word,beetling,1.6468999095340437
8207,beeves,beef,Lemma,beef,3.190974421832526
8240,beg,beg,Word,beg,3.082359300959222
8242,began,begin,Word,began,2.511541149554081
8258,beggars,beggar,Word,beggars,3.5958428788981416
8262,begged,beg,Word,begged,3.2104591986645743
8263,begging,beg,Word,begging,2.7778795235638927
8264,begin,begin,Word,begin,2.536975580754305
8265,beginner,beginner,Word,beginner,3.7691181044153916
8267,beginners,beginner,Word,beginners,3.9463035782592555
8268,beginning,beginning,Word,beginning,1.8676230661080246
8269,beginnings,beginning,Word,beginnings,2.755996446589791
8270,begins,begin,Word,begins,2.9062030363742273
8289,begs,beg,Word,begs,3.012277637121721
8300,begun,begin,Word,begun,2.696005272608595
8304,behave,behave,Word,behave,3.19866754325178
8305,behaved,behave,Word,behaved,3.3507806139536993
8306,behaves,behave,Word,behaves,3.2726463018718266
8307,behaving,behave,Word,behaving,3.358400030790041
8334,beholding,behold,Lemma,behold,3.1995020558245106
8350,being,be,Word,being,2.0082942504406947
8404,belief,belief,Word,belief,2.6735100328308374
8405,beliefs,belief,Word,beliefs,3.50720757557392
8411,believe,believe,Word,believe,2.225044479331042
8412,believed,believe,Word,believed,2.2348379158306497
8414,believers,believer,Word,believers,2.9155229453328326
8415,believes,believe,Word,believes,2.3587737333277508
8417,believing,believe,Word,believing,2.3679204658648185
8427,bell,bell,Word,bell,3.3075386918976277
8437,belled,bell,Lemma,bell,3.3075386918976277
8450,bellied,belly,Lemma,belly,2.8441592887770315
8451,bellies,belly,Word,bellies,3.5093558991356284
8457,belling,bell,Lemma,bell,3.3075386918976277
8462,bellowed,bellow,Word,bellowed,3.500423202708112
8464,bellowing,bellow,Word,bellowing,3.066686026570465
8466,bells,bell,Word,bells,3.3204514692166147
8471,belly,belly,Word,belly,2.8441592887770315
8478,bellying,belly,Lemma,belly,2.8441592887770315
8480,belong,belong,Word,belong,2.7255218664005585
8481,belonged,belong,Word,belonged,3.0476735457387076
8482,belonging,belong,Word,belonging,2.6295206048115505
8484,belongs,belong,Word,belongs,2.71055941974191
8489,belt,belt,Word,belt,3.1286739455302865
8490,belted,belt,Word,belted,3.25859421662003
8492,belting,belt,Word,belting,3.047417814036559
8496,belts,belt,Word,belts,3.269653854369237
8522,bench,bench,Word,bench,3.2058264202417344
8523,benched,bench,Word,benched,4.083662911595852
8526,benches,bench,Word,benches,3.3001876836017057
8527,benching,bench,Lemma,bench,3.2058264202417344
8532,bend,bend,Word,bend,2.977292667882622
8536,bending,bend,Word,bending,2.8255378321943883
8537,bends,bend,Word,bends,3.233037120609413
8565,beneficial,beneficial,Word,beneficial,2.679110930265075
8573,benefit,benefit,Word,benefit,2.316793646159572
8574,benefited,benefit,Word,benefited,2.9989164143614695
8576,benefiting,benefit,Lemma,benefit,2.316793646159572
8577,benefits,benefit,Word,benefits,2.660620175982063
8584,benevolent,benevolent,Word,benevolent,2.8756990619328975
8595,benign,benign,Word,benign,2.8094273659642117
8868,betray,betray,Word,betray,2.9803752456698285
8871,betrayed,betray,Word,betrayed,3.089532863812485
8874,betraying,betray,Word,betraying,3.124228971746702
8875,betrays,betray,Word,betrays,3.0398388542390156
8882,bets,bet,Word,bets,3.658633315398499
8893,betting,bet,Word,betting,3.3323822851161196
8908,beverage,beverage,Word,beverage,3.106290184400751
8909,beverages,beverage,Word,beverages,3.1873302761803832
8953,bi,bus,Lemma,bus,2.984935928854622
8960,bias,bias,Word,bias,3.2118617797292233
8961,biased,bias,Lemma,bias,3.2118617797292233
8962,biases,bias,Word,biases,3.51747446040183
8964,biassed,bias,Lemma,bias,3.2118617797292233
8966,biassing,bias,Lemma,bias,3.2118617797292233
8982,biblical,biblical,Word,biblical,3.589456771139825
8989,bibliographies,bibliography,Word,bibliographies,3.7786280823037792
8990,bibliography,bibliography,Word,bibliography,3.8208801528566636
9047,bid,bid,Word,bid,2.6815080591051084
9049,bidden,bid,Lemma,bid,2.6815080591051084
9061,bids,bid,Word,bids,3.4051518599684636
9094,big,big,Word,big,2.216532760019607
9172,billboards,billboard,Word,billboards,3.5952761766748744
9174,billed,bill,Word,billed,2.934145389281077
9196,billion,billion,Word,billion,3.238680659396482
9198,billions,billion,Word,billions,3.2342569706406485
9210,bills,bill,Word,bills,3.04367518197883
9232,bin,bin,Word,bin,3.1869431330525773
9242,binding,binding,Word,binding,2.9057921592134712
9244,bindings,binding,Lemma,binding,2.9057921592134712
9247,binds,bind,Word,binds,3.5538862093196144
9269,bins,bin,Word,bins,3.427739189791549
9310,biographies,biography,Lemma,biography,3.4106332308112695
9311,biography,biography,Word,biography,3.4106332308112695
9317,biologist,biologist,Word,biologist,3.977692426185772
9318,biologists,biologist,Word,biologists,3.772306377382984
9319,biology,biology,Word,biology,3.251110252649937
9402,bird,bird,Word,bird,3.117248457655898
9412,birdies,birdie,Word,birdies,5.256013671965627
9418,birds,bird,Word,birds,3.3469854746356438
9439,birth,birth,Word,birth,3.2142142672393947
9442,birthday,birthday,Word,birthday,3.2623164709133503
9443,birthdays,birthday,Lemma,birthday,3.2623164709133503
9448,birthplace,birthplace,Word,birthplace,3.284038940939271
9449,birthplaces,birthplace,Lemma,birthplace,3.284038940939271
9455,births,birth,Word,births,4.241146588219896
9462,biscuits,biscuit,Word,biscuits,3.35648179863672
9479,bishops,bishop,Word,bishops,4.091496114527118
9499,bit,bit,Word,bit,2.4083882371724346
9511,bite,bite,Word,bite,3.0960875405615487
9513,bites,bite,Word,bites,3.262107824312436
9515,biting,bite,Word,biting,3.0168894197895866
9519,bits,bit,Word,bits,2.7209671028717097
9522,bitted,bit,Lemma,bit,2.4083882371724346
9523,bitten,bite,Word,bitten,3.6411136955882375
9524,bitter,bitter,Word,bitter,2.880836422288294
9529,bitterness,bitterness,Word,bitterness,3.298867535184271
9559,bizarre,bizarre,Word,bizarre,2.6456163544333466
9578,black,black,Word,black,2.461317287412153
9592,blackboard,blackboard,Word,blackboard,3.6016866638840863
9593,blackboards,blackboard,Lemma,blackboard,3.6016866638840863
9601,blacked,black,Word,blacked,4.060983185813275
9603,blackened,blacken,Word,blackened,3.4871856720235646
9621,blacking,black,Word,blacking,3.6918396093428782
9642,blackness,blackness,Word,blackness,3.387460072534056
9651,blacksmith,blacksmith,Word,blacksmith,3.777543092476071
9653,blacksmiths,blacksmith,Lemma,blacksmith,3.777543092476071
9671,blade,blade,Word,blade,3.2801924049187496
9674,blades,blade,Word,blades,3.3587154403840738
9687,blame,blame,Word,blame,3.4491370207396694
9688,blamed,blame,Word,blamed,3.356554561276964
9696,blames,blame,Lemma,blame,3.4491370207396694
9699,blaming,blame,Word,blaming,3.0166578867541953
9712,bland,bland,Word,bland,2.9512338992449156
9723,blank,blank,Word,blank,3.153958618201778
9724,blanked,blank,Lemma,blank,3.153958618201778
9727,blanket,blanket,Word,blanket,2.823353061345306
9728,blanketed,blanket,Word,blanketed,3.3291076528749888
9729,blanketing,blanket,Lemma,blanket,2.823353061345306
9730,blankets,blanket,Word,blankets,3.378050548057849
9732,blanking,blank,Lemma,blank,3.153958618201778
9735,blanks,blank,Word,blanks,3.52438562729855
9756,blast,blast,Word,blast,3.290621920559767
9758,blasted,blast,Word,blasted,2.8789470530778987
9760,blasting,blast,Word,blasting,2.6258947755378106
9765,blasts,blast,Word,blasts,3.539430389905887
9781,blaze,blaze,Word,blaze,4.151370535769713
9782,blazed,blaze,Word,blazed,3.372875450585218
9785,blazes,blaze,Lemma,blaze,4.151370535769713
9786,blazing,blaze,Word,blazing,2.7368849972964417
9794,bleach,bleach,Word,bleach,3.642892554279332
9799,bleaches,bleach,Lemma,bleach,3.642892554279332
9800,bleaching,bleach,Word,bleaching,3.9747378834294094
9824,bled,bleed,Word,bled,3.248744525887274
9825,bleed,bleed,Word,bleed,3.1578514432270106
9828,bleeding,bleed,Word,bleeding,3.2831097119908343
9830,bleeds,bleed,Word,bleeds,3.3167688321001267
9845,blend,blend,Word,blend,2.6865592261031925
9850,blending,blend,Word,blending,2.6248572961882983
9851,blends,blend,Word,blends,2.9143533791088565
9856,bless,bless,Word,bless,3.020264554636033
9857,blessed,bless,Word,blessed,2.972157681185048
9860,blesses,bless,Lemma,bless,3.020264554636033
9861,blessing,blessing,Word,blessing,3.0465966002622045
9862,blessings,blessing,Word,blessings,3.4899519806723696
9870,blew,blow,Word,blew,3.408723231839049
9871,blight,blight,Word,blight,3.435930655838528
9875,blighting,blight,Lemma,blight,3.435930655838528
9876,blights,blight,Lemma,blight,3.435930655838528
9883,blind,blind,Word,blind,2.826160359030401
9884,blinded,blind,Word,blinded,3.4365360989252256
9893,blinding,blind,Word,blinding,2.848187962672706
9896,blindness,blindness,Word,blindness,3.8412500626533874
9897,blinds,blind,Word,blinds,3.9058691849722886
9901,blink,blink,Word,blink,2.951046592417338
9902,blinked,blink,Word,blinked,3.215734882922135
9908,blinks,blink,Lemma,blink,2.951046592417338
9921,blisters,blister,Word,blisters,3.856188857134462
9937,blizzard,blizzard,Word,blizzard,3.7396927288967476
9938,blizzards,blizzard,Word,blizzards,3.871795878834035
9951,block,block,Word,block,2.605429206138492
9952,blockade,blockade,Word,blockade,4.139757617114972
9953,blockaded,blockade,Lemma,blockade,4.139757617114972
9955,blockades,blockade,Lemma,blockade,4.139757617114972
9956,blockading,blockade,Word,blockading,3.9793893043515958
9961,blocked,block,Word,blocked,3.1920720124566695
9969,blocking,block,Word,blocking,2.9758260950362
9973,blocks,block,Word,blocks,2.7073268811388194
9989,blondes,blonde,Word,blondes,3.405056156747889
9994,blood,blood,Word,blood,3.3121325571290225
10002,bloodied,bloody,Lemma,bloody,2.721721022515777
10007,blooding,blood,Lemma,blood,3.3121325571290225
10017,bloods,blood,Word,bloods,3.191116352021711
10035,bloody,bloody,Word,bloody,2.721721022515777
10036,bloom,bloom,Word,bloom,3.397421275715334
10037,bloomed,bloom,Word,bloomed,3.4793713430196207
10041,blooming,bloom,Word,blooming,3.244464201508184
10043,blooms,bloom,Word,blooms,3.6657933830449263
10047,blossom,blossom,Word,blossom,3.1692515321307164
10048,blossomed,blossom,Word,blossomed,3.2327915748691893
10049,blossoming,blossom,Lemma,blossom,3.1692515321307164
10051,blossoms,blossom,Word,blossoms,3.466722700404879
10061,blots,blot,Word,blots,3.774632442049242
10072,blow,blow,Word,blow,3.1577557419771782
10075,blowed,blow,Lemma,blow,3.1577557419771782
10089,blowing,blow,Word,blowing,2.9314938239105355
10093,blown,blow,Word,blown,3.0798359244518982
10098,blows,blow,Word,blows,3.2294723544221373
10119,blue,blue,Word,blue,2.535162848758752
10142,blued,blue,Lemma,blue,2.535162848758752
10155,blueprint,blueprint,Word,blueprint,3.0044636470310713
10156,blueprints,blueprint,Word,blueprints,3.105832128503144
10170,bluff,bluff,Word,bluff,3.1212665334999343
10171,bluffed,bluff,Lemma,bluff,3.1212665334999343
10174,bluffing,bluff,Word,bluffing,3.556409148924371
10177,bluffs,bluff,Word,bluffs,3.364272843570399
10178,bluing,blue,Word,bluing,2.613259809277972
10179,bluish,bluish,Word,bluish,3.764320245665841
10195,blunt,blunt,Word,blunt,2.7937821191776315
10196,blunted,blunt,Word,blunted,3.2274967068161695
10199,blunting,blunt,Lemma,blunt,2.7937821191776315
10202,blunts,blunt,Word,blunts,3.576353332836823
10203,blur,blur,Word,blur,3.18218176102942
10206,blurred,blur,Word,blurred,3.48791832368871
10209,blurring,blur,Lemma,blur,3.18218176102942
10211,blurs,blur,Lemma,blur,3.18218176102942
10214,blush,blush,Word,blush,3.1780849224992154
10215,blushed,blush,Word,blushed,3.633098197609765
10217,blushes,blush,Word,blushes,3.8891507154397833
10219,blushing,blush,Word,blushing,3.1195141697747917
10237,boa,boa,Word,boa,3.3318434953303844
10241,board,board,Word,board,2.4497427315305713
10243,boarded,board,Word,boarded,3.1850867999217587
10246,boarding,board,Word,boarding,3.1881804095974307
10251,boards,board,Word,boards,3.040326193494618
10259,boasted,boast,Word,boasted,2.554913758894432
10267,boasts,boast,Word,boasts,2.9241557579113104
10268,boat,boat,Word,boat,3.1472313285289073
10272,boated,boat,Lemma,boat,3.1472313285289073
10280,boating,boat,Word,boating,3.3755445188605107
10286,boats,boat,Word,boats,3.331610743880119
10348,bodied,body,Word,bodied,3.5073930857793436
10349,bodies,body,Word,bodies,3.0029640634125894
10351,bodily,bodily,Word,bodily,3.162403552713622
10360,body,body,Word,body,2.630028415874387
10379,bog,bog,Word,bog,2.8447961584361754
10387,bogged,bog,Word,bogged,3.534000073250373
10400,bogs,bog,Lemma,bog,2.8447961584361754
10417,BOIES,boy,Lemma,boy,2.8028782919722977
10418,boil,boil,Word,boil,3.869394373198366
10420,boiled,boil,Word,boiled,3.0768862034371187
10421,boiler,boiler,Word,boiler,3.4862944158809483
10424,boilers,boiler,Word,boilers,3.5590378197223647
10427,boiling,boil,Word,boiling,3.3303887631001574
10428,boils,boil,Word,boils,3.327434074801311
10434,boisterous,boisterous,Word,boisterous,2.7410223730687417
10441,bold,bold,Word,bold,2.752334252948959
10498,bolt,bolt,Word,bolt,3.0390185426385536
10499,bolted,bolt,Word,bolted,2.7531241560497786
10503,bolting,bolt,Word,bolting,3.0081781240920233
10507,bolts,bolt,Word,bolts,3.5349751283112583
10510,bomb,bomb,Word,bomb,3.8210161966348
10516,bombardment,bombardment,Word,bombardment,3.4862927591139377
10517,bombardments,bombardment,Lemma,bombardment,3.4862927591139377
10525,bombed,bomb,Word,bombed,3.36313690523308
10532,bombs,bomb,Word,bombs,3.8574022124647365
10551,bondage,bondage,Word,bondage,3.5459219612522386
10552,bonded,bond,Word,bonded,2.8665536978106707
10561,bonds,bond,Word,bonds,3.5992166950149946
10566,bone,bone,Word,bone,3.1044387296217035
10568,boned,bone,Lemma,bone,3.1044387296217035
10579,bones,bone,Word,bones,3.219830768264187
10588,bonfires,bonfire,Word,bonfires,3.895384173419366
10601,boning,bone,Lemma,bone,3.1044387296217035
10626,bonus,bonus,Word,bonus,3.0407229725215275
10627,bonuses,bonus,Lemma,bonus,3.0407229725215275
10628,bony,bony,Word,bony,3.429592204058286
10655,book,book,Word,book,2.5140656983706946
10664,bookcase,bookcase,Word,bookcase,3.7530452474389464
10665,bookcases,bookcase,Word,bookcases,3.8115550885518705
10668,booked,book,Word,booked,3.356294853004204
10675,booking,book,Word,booking,3.2958856563291783
10682,bookkeeping,bookkeeping,Word,bookkeeping,3.514654502042698
10684,booklet,booklet,Word,booklet,3.177192045641914
10685,booklets,booklet,Word,booklets,3.278573053151066
10704,books,book,Word,books,2.5944805399306103
10721,boom,boom,Word,boom,3.3124328071016444
10722,boomed,boom,Word,boomed,3.3036563530094303
10731,booms,boom,Lemma,boom,3.3124328071016444
10745,boost,boost,Word,boost,2.816389014136517
10746,boosted,boost,Word,boosted,2.9691838693175616
10749,boosting,boost,Word,boosting,2.668758065084361
10750,boosts,boost,Word,boosts,3.2879285203590443
10751,boot,boot,Word,boot,2.6032928688943793
10754,booted,boot,Word,booted,2.9733573567784455
10757,booth,booth,Word,booth,3.161602127206084
10759,booths,booth,Word,booths,3.2873762758617504
10761,booting,boot,Lemma,boot,2.6032928688943793
10778,boots,boot,Word,boots,3.171760801768766
10816,border,border,Word,border,3.105551530579698
10817,bordered,border,Word,bordered,3.378364407866239
10820,bordering,border,Word,bordering,2.759357290551807
10826,borders,border,Word,borders,3.101063483582162
10829,bore,bear,Word,bore,2.726285899802065
10834,boredom,boredom,Word,boredom,3.3465770933464243
10848,born,bear,Word,born,2.9809906567723448
10849,borne,bear,Word,borne,2.9372958069598987
10858,borrow,borrow,Word,borrow,3.199777040294329
10860,borrowed,borrow,Word,borrowed,2.8453288426899834
10861,borrower,borrower,Word,borrower,3.574345542328822
10862,borrowers,borrower,Lemma,borrower,3.574345542328822
10865,borrows,borrow,Word,borrows,3.513943521231333
10892,boss,boss,Word,boss,2.634004268955393
10894,bossed,boss,Word,bossed,3.7156855854691084
10895,bosses,boss,Word,bosses,2.7570638095787228
10899,bossing,boss,Lemma,boss,2.634004268955393
10921,botany,botany,Word,botany,3.5432523269044167
10932,bother,bother,Word,bother,2.687943082874284
10934,bothered,bother,Word,bothered,2.675433816204307
10935,bothering,bother,Word,bothering,2.942382770813247
10936,bothers,bother,Word,bothers,2.948843374925615
10944,bottle,bottle,Word,bottle,3.111012920162134
10954,bottles,bottle,Word,bottles,3.155681123742943
10956,bottling,bottle,Word,bottling,3.4476441943264615
10957,bottom,bottom,Word,bottom,2.6319266773815158
10958,bottomed,bottom,Lemma,bottom,2.6319266773815158
10959,bottoming,bottom,Lemma,bottom,2.6319266773815158
10964,bottoms,bottom,Word,bottoms,3.1222808272327787
10984,bought,buy,Word,bought,2.657417059755981
10998,bounce,bounce,Word,bounce,3.0844969209464344
10999,bounced,bounce,Word,bounced,3.151326052155651
11002,bounces,bounce,Lemma,bounce,3.0844969209464344
11007,bouncing,bounce,Word,bouncing,2.774879259817829
11010,bound,bind,Word,bound,2.3754468764768064
11011,boundaries,boundary,Word,boundaries,3.4353315912230946
11012,boundary,boundary,Word,boundary,3.244622067869466
11018,boundless,boundless,Word,boundless,3.0896239361480764
11025,bounties,bounty,Lemma,bounty,3.6333168328798533
11029,bounty,bounty,Word,bounty,3.6333168328798533
11030,bouquet,bouquet,Word,bouquet,3.307997743436184
11031,bouquets,bouquet,Word,bouquets,3.4888842023761644
11036,bourgeois,bourgeois,Word,bourgeois,3.365356944286845
11046,bout,bout,Word,bout,3.380436637223012
11052,bouts,bout,Word,bouts,3.5038794116401126
11063,bow,bow,Word,bow,2.781017765123676
11074,bowed,bow,Word,bowed,3.2065881395754867
11087,bowing,bow,Word,bowing,2.9544824078760703
11089,bowl,bowl,Word,bowl,3.6209386732312328
11090,bowled,bowl,Lemma,bowl,3.6209386732312328
11102,bowls,bowl,Word,bowls,3.26448631346003
11106,bows,bow,Word,bows,2.8265421185820596
11119,box,box,Word,box,2.8374133042919953
11123,boxed,box,Word,boxed,2.801084579333954
11125,boxer,boxer,Word,boxer,3.510302434290176
11126,boxers,boxer,Lemma,boxer,3.510302434290176
11127,boxes,box,Word,boxes,2.984824156622455
11133,boxing,box,Word,boxing,3.376099145105497
11140,boy,boy,Word,boy,2.8028782919722977
11145,boycott,boycott,Word,boycott,3.769736895112253
11146,boycotted,boycott,Word,boycotted,3.640629577274767
11148,boycotting,boycott,Lemma,boycott,3.769736895112253
11149,boycotts,boycott,Lemma,boycott,3.769736895112253
11154,boyhood,boyhood,Word,boyhood,3.2892367202599555
11155,boyhoods,boyhood,Lemma,boyhood,3.2892367202599555
11160,boys,boy,Word,boys,2.6054118604265284
11166,braced,brace,Word,braced,3.6223388630287046
11167,bracelet,bracelet,Word,bracelet,3.803371649819256
11168,bracelets,bracelet,Lemma,bracelet,3.803371649819256
11171,braces,brace,Word,braces,3.410582604452407
11183,bracing,brace,Word,bracing,3.405507547878737
11186,bracket,bracket,Word,bracket,3.37624363818182
11187,bracketed,bracket,Lemma,bracket,3.37624363818182
11188,bracketing,bracket,Lemma,bracket,3.37624363818182
11189,brackets,bracket,Word,brackets,3.5991375771631517
11232,braid,braid,Word,braid,3.5120753415029884
11233,braided,braid,Word,braided,3.35964823737959
11235,braiding,braid,Word,braiding,3.8791430045347646
11236,braids,braid,Word,braids,3.690489729365758
11242,brain,brain,Word,brain,3.4192466704296187
11248,brained,brain,Lemma,brain,3.4192466704296187
11253,braining,brain,Lemma,brain,3.4192466704296187
11260,brains,brain,Word,brains,3.1973974724559935
11283,brake,brake,Word,brake,3.468364745559888
11284,braked,brake,Lemma,brake,3.468364745559888
11288,brakes,brake,Word,brakes,3.529868670713861
11289,braking,brake,Lemma,brake,3.468364745559888
11298,bran,bran,Word,bran,3.690091194589598
11300,branch,branch,Word,branch,2.7896721971306686
11301,branched,branch,Word,branched,3.5177913547842863
11302,branches,branch,Word,branches,3.308600515772688
11307,branching,branch,Word,branching,3.1471704831600866
11313,brand,brand,Word,brand,2.6374557695378047
11314,branded,brand,Word,branded,2.819337960432116
11320,brandies,brandy,Lemma,brandy,3.4131540325024616
11322,branding,brand,Lemma,brand,2.6374557695378047
11331,brands,brand,Word,brands,3.2316423941453136
11334,brandy,brandy,Word,brandy,3.4131540325024616
11350,brass,brass,Word,brass,3.002657111621196
11357,brasses,brass,Lemma,brass,3.002657111621196
11382,brave,brave,Word,brave,2.752866472118156
11383,braved,brave,Word,braved,4.073193538120734
11387,bravery,bravery,Word,bravery,3.509417638664006
11390,braving,brave,Word,braving,3.5375569547098586
11433,breach,breach,Word,breach,3.3906899769585035
11434,breached,breach,Lemma,breach,3.3906899769585035
11435,breaches,breach,Lemma,breach,3.3906899769585035
11436,breaching,breach,Word,breaching,3.558478119268834
11437,bread,bread,Word,bread,2.9602542892539723
11446,breaded,bread,Word,breaded,4.118993271659261
11454,breads,bread,Lemma,bread,2.9602542892539723
11457,breadth,breadth,Word,breadth,3.2431031405835435
11458,breadths,breadth,Lemma,breadth,3.2431031405835435
11464,break,break,Word,break,2.3778029654454502
11472,breakdown,breakdown,Word,breakdown,2.8051791713137755
11473,breakdowns,breakdown,Word,breakdowns,3.3415369824038073
11477,breakfast,breakfast,Word,breakfast,2.9006672777653417
11478,breakfasted,breakfast,Word,breakfasted,3.143592376180898
11481,breakfasts,breakfast,Word,breakfasts,3.5028027913520203
11483,breaking,break,Word,breaking,2.669916123437842
11489,breaks,break,Word,breaks,2.784420337585481
11498,breast,breast,Word,breast,3.5872709316476885
11501,breasted,breast,Word,breasted,3.975271807403245
11506,breasting,breast,Lemma,breast,3.5872709316476885
11511,breasts,breast,Word,breasts,3.783004236240336
11515,breath,breath,Word,breath,3.287342204596361
11524,breathe,breathe,Word,breathe,3.307399049279921
11525,breathed,breathe,Word,breathed,3.3981029531441407
11528,breathes,breathe,Word,breathes,3.4476988107252384
11534,breathless,breathless,Word,breathless,2.9938010714395626
11537,breaths,breath,Word,breaths,3.694260503444106
11543,bred,breed,Word,bred,3.3279098235959625
11553,breed,breed,Word,breed,2.950970253638543
11557,breeding,breed,Word,breeding,3.3499396949968574
11558,breeds,breed,Word,breeds,3.4911790024801417
11559,breeze,breeze,Word,breeze,3.230721425709913
11562,breezed,breeze,Lemma,breeze,3.230721425709913
11564,breezes,breeze,Word,breezes,3.687721376625338
11570,breezing,breeze,Lemma,breeze,3.230721425709913
11619,brick,brick,Word,brick,2.976015464046969
11625,bricking,brick,Lemma,brick,2.976015464046969
11632,bricks,brick,Word,bricks,3.037343101791136
11638,bride,bride,Word,bride,2.9497580684920437
11645,brides,bride,Word,brides,3.6219443921361685
11649,bridge,bridge,Word,bridge,3.016043180857488
11652,bridged,bridge,Lemma,bridge,3.016043180857488
11657,bridges,bridge,Word,bridges,3.2126225918266766
11662,bridging,bridge,Lemma,bridge,3.016043180857488
11670,brief,brief,Word,brief,2.434520912704598
11673,briefed,brief,Word,briefed,3.4165940738657956
11686,brigade,brigade,Word,brigade,3.0313750535083646
11687,brigades,brigade,Word,brigades,4.031683265246475
11699,bright,bright,Word,bright,2.734319542470347
11705,brightens,brighten,Word,brightens,3.8389545884388543
11712,brilliance,brilliance,Word,brilliance,3.0522268972298923
11714,brilliant,brilliant,Word,brilliant,2.4497638911283217
11717,brilliants,brilliant,Lemma,brilliant,2.4497638911283217
11719,brim,brim,Word,brim,2.938643404559518
11722,brimmed,brim,Word,brimmed,3.593992953652778
11723,brimming,brim,Lemma,brim,2.938643404559518
11724,brims,brim,Lemma,brim,2.938643404559518
11734,bringing,bring,Word,bringing,2.196423063481268
11740,brink,brink,Word,brink,3.414901222141669
11754,brisk,brisk,Word,brisk,3.0703235228149355
11768,bristling,bristle,Word,bristling,2.8630656752665105
11793,brittle,brittle,Word,brittle,3.0439486507768634
11797,brittlest,brittle,Lemma,brittle,3.0439486507768634
11804,broad,broad,Word,broad,2.6588812896977343
11808,broadcast,broadcast,Word,broadcast,2.814605510839202
11809,broadcasted,broadcast,Lemma,broadcast,2.814605510839202
11814,broadcasts,broadcast,Word,broadcasts,3.2213262906013527
11817,broadened,broaden,Word,broadened,3.183232077018135
11875,broke,break,Word,broke,2.9181701421562263
11876,broken,break,Word,broken,2.7694171571191366
11881,broker,broker,Word,broker,3.1995438168012593
11883,brokers,broker,Word,brokers,3.0066804299212078
11924,bronze,bronze,Word,bronze,3.481283010336
11925,bronzed,bronze,Word,bronzed,3.2818036007988787
11927,bronzes,bronze,Lemma,bronze,3.481283010336
11928,bronzing,bronze,Lemma,bronze,3.481283010336
11945,brook,brook,Word,brook,3.2369940475888215
11948,brooked,brook,Word,brooked,3.7276904653779908
11958,broom,broom,Word,broom,3.186814877496114
11962,brooms,broom,Lemma,broom,3.186814877496114
11968,broth,broth,Word,broth,3.8814685862220464
11971,brother,brother,Word,brother,2.7560779525821095
11973,brotherhood,brotherhood,Word,brotherhood,3.2299488685717312
11974,brotherhoods,brotherhood,Lemma,brotherhood,3.2299488685717312
11977,brothers,brother,Word,brothers,2.807857217306603
11978,broths,broth,Lemma,broth,3.8814685862220464
11981,brought,bring,Word,brought,2.1636451468125264
11984,brow,brow,Word,brow,3.3726034986563445
11990,browed,brow,Lemma,brow,3.3726034986563445
11995,browned,brown,Lemma,brown,2.611398267941797
12012,browns,brown,Lemma,brown,2.611398267941797
12016,brows,brow,Word,brows,3.7253260978514198
12031,bruise,bruise,Word,bruise,3.7549496733570296
12032,bruised,bruise,Word,bruised,3.4411222209753936
12035,bruises,bruise,Word,bruises,3.9422594424179214
12036,bruising,bruise,Word,bruising,3.100668905124147
12057,brush,brush,Word,brush,2.931116105456759
12059,brushed,brush,Word,brushed,3.2008075595723597
12061,brushes,brush,Word,brushes,3.249006170838729
12063,brushing,brush,Word,brushing,3.0268805198545494
12076,brutal,brutal,Word,brutal,2.640790679713148
12086,brute,brute,Word,brute,2.929843978112302
12087,brutes,brute,Lemma,brute,2.929843978112302
12106,bubble,bubble,Word,bubble,3.3738614232442554
12107,bubbled,bubble,Word,bubbled,3.419800033016159
12110,bubbles,bubble,Word,bubbles,3.6588440069269477
12113,bubbling,bubble,Word,bubbling,3.0915208129737723
12136,bucked,buck,Word,bucked,3.596851698620731
12139,bucket,bucket,Word,bucket,3.0136532728768968
12140,bucketed,bucket,Lemma,bucket,3.0136532728768968
12143,bucketing,bucket,Lemma,bucket,3.0136532728768968
12144,buckets,bucket,Word,buckets,3.3114028503591157
12152,bucking,buck,Word,bucking,3.1276706307650994
12155,buckle,buckle,Word,buckle,3.2474302188349147
12156,buckled,buckle,Word,buckled,3.0992866572075766
12159,buckles,buckle,Word,buckles,3.101727873346551
12161,buckling,buckle,Word,buckling,3.197672370407401
12167,bucks,buck,Word,bucks,3.0415450049598047
12200,budding,bud,Word,budding,2.6798384096922034
12204,budge,budge,Word,budge,3.230460345802939
12205,budged,budge,Lemma,budge,3.230460345802939
12208,budges,budge,Lemma,budge,3.230460345802939
12209,budget,budget,Word,budget,3.0913009632707253
12211,budgeted,budget,Word,budgeted,3.3453963664090565
12214,budgets,budget,Word,budgets,3.3184017333786366
12217,budging,budge,Lemma,budge,3.230460345802939
12221,buds,bud,Word,buds,3.554160534021539
12234,buffer,buffer,Word,buffer,3.1229731816445283
12235,buffered,buffer,Word,buffered,3.2834286238666706
12236,buffering,buffer,Lemma,buffer,3.1229731816445283
12237,buffers,buffer,Lemma,buffer,3.1229731816445283
12253,bug,bug,Word,bug,3.1544259946548925
12261,bugged,bug,Word,bugged,3.4712705973285267
12267,buggies,buggy,Word,buggies,3.5667170683349076
12268,bugging,bug,Word,bugging,3.378605394077617
12269,buggy,buggy,Word,buggy,3.2436320952531723
12282,bugs,bug,Word,bugs,3.2836414611281843
12286,build,build,Word,build,2.4659087068118675
12288,builder,builder,Word,builder,3.036811005949948
12290,builders,builder,Word,builders,3.0394985875565634
12292,building,building,Word,building,2.194582793859857
12294,buildings,building,Word,buildings,2.9112004961571056
12295,builds,build,Word,builds,2.9680453729348013
12298,built,build,Word,built,2.4635128072094137
12301,bulb,bulb,Word,bulb,3.6048590106571416
12307,bulbs,bulb,Word,bulbs,3.7473649934442683
12314,bulge,bulge,Word,bulge,3.206221716829238
12315,bulged,bulge,Word,bulged,3.3107677753603806
12316,bulges,bulge,Lemma,bulge,3.206221716829238
12321,bulging,bulge,Word,bulging,3.032290316923316
12326,bulk,bulk,Word,bulk,2.316483179075274
12327,bulked,bulk,Word,bulked,3.5257268596256437
12335,bulks,bulk,Word,bulks,3.363189264988922
12336,bulky,bulky,Word,bulky,3.081074943434747
12337,bull,bull,Word,bull,3.4054496805855874
12350,bulled,bull,Lemma,bull,3.4054496805855874
12351,bullet,bullet,Word,bullet,3.302350340514735
12353,bulletin,bulletin,Word,bulletin,3.2863126394484046
12355,bulletins,bulletin,Word,bulletins,3.5362543684668597
12357,bullets,bullet,Word,bullets,3.5039190228079407
12373,bullied,bully,Lemma,bully,3.0763312590157494
12374,bullies,bully,Word,bullies,3.2543835254744526
12375,bulling,bull,Lemma,bull,3.4054496805855874
12389,bulls,bull,Word,bulls,3.6559829837173665
12398,bully,bully,Word,bully,3.0763312590157494
12401,bullying,bully,Word,bullying,3.470678194710277
12428,bump,bump,Word,bump,2.63908905294392
12429,bumped,bump,Word,bumped,2.6852442485010166
12430,bumper,bumper,Word,bumper,2.6569167463596424
12431,bumpers,bumper,Word,bumpers,3.308501490851233
12437,bumping,bump,Word,bumping,2.7716732239448887
12440,bumps,bump,Word,bumps,3.0962377870993616
12445,bums,bum,Word,bums,3.3160932414298463
12448,bunch,bunch,Word,bunch,2.5553995667814764
12451,bunched,bunch,Word,bunched,3.4839808749568686
12452,bunches,bunch,Lemma,bunch,2.5553995667814764
12454,bunching,bunch,Lemma,bunch,2.5553995667814764
12460,bundle,bundle,Word,bundle,2.6501979982081987
12461,bundled,bundle,Word,bundled,2.8986627547261916
12463,bundles,bundle,Word,bundles,2.9565426060506845
12464,bundling,bundle,Word,bundling,2.9838421004844133
12485,bunk,bunk,Word,bunk,3.181484360839201
12487,bunked,bunk,Lemma,bunk,3.181484360839201
12488,bunker,bunker,Word,bunker,3.720843824352146
12489,bunkered,bunker,Word,bunkered,3.3879476756548765
12491,bunkers,bunker,Lemma,bunker,3.720843824352146
12494,bunking,bunk,Lemma,bunk,3.181484360839201
12498,bunks,bunk,Word,bunks,3.903011742218636
12500,bunnies,bunny,Lemma,bunny,2.999368017740129
12534,burden,burden,Word,burden,3.4862932189711233
12535,burdened,burden,Word,burdened,2.8295194161245547
12536,burdening,burden,Lemma,burden,3.4862932189711233
12537,burdens,burden,Word,burdens,3.499524921258491
12544,bureaucracies,bureaucracy,Word,bureaucracies,3.588966228885336
12545,bureaucracy,bureaucracy,Word,bureaucracy,3.289487082635864
12551,bureaucrats,bureaucrat,Word,bureaucrats,3.170204304795147
12552,bureaus,bureau,Word,bureaus,3.7320742134426106
12574,burglar,burglar,Word,burglar,4.170976699838094
12575,burglaries,burglary,Lemma,burglary,3.9708727194405906
12582,burglars,burglar,Word,burglars,3.9105210570703193
12583,burglary,burglary,Word,burglary,3.9708727194405906
12598,burial,burial,Word,burial,3.8629055893027844
12599,burials,burial,Lemma,burial,3.8629055893027844
12600,buried,bury,Word,buried,3.202220348552178
12602,buries,bury,Word,buries,3.6240056749406757
12631,burly,burly,Word,burly,3.023910202167244
12639,burn,burn,Word,burn,3.10684121577808
12642,burned,burn,Word,burned,3.176115201182625
12643,burner,burner,Word,burner,3.379501791672965
12644,burners,burner,Word,burners,3.1655819376865373
12650,burning,burn,Word,burning,2.936128660140564
12679,burrow,burrow,Word,burrow,3.4573261409714338
12680,burrowed,burrow,Word,burrowed,3.6848590348644525
12682,burrowing,burrow,Word,burrowing,3.399867587264971
12683,burrows,burrow,Word,burrows,3.5938849837945512
12695,burst,burst,Word,burst,2.9504979929890602
12696,bursting,burst,Word,bursting,2.98729081784323
12697,bursts,burst,Word,bursts,3.032433313362474
12709,bury,bury,Word,bury,3.1558499952018892
12710,burying,bury,Lemma,bury,3.1558499952018892
12711,bus,bus,Word,bus,2.984935928854622
12716,bused,bus,Lemma,bus,2.984935928854622
12717,buses,bus,Word,buses,3.2818824620673093
12718,bush,bush,Word,bush,3.0675966730843407
12722,bushed,bush,Lemma,bush,3.0675966730843407
12726,bushes,bush,Word,bushes,3.1900896681612148
12748,busied,busy,Word,busied,3.1423926867477068
12750,busies,busy,Lemma,busy,2.618204434782125
12753,business,business,Word,business,2.047382236667731
12754,businesses,business,Word,businesses,2.5366206351509533
12763,busing,bus,Lemma,bus,2.984935928854622
12777,busses,bus,Word,busses,3.3079099344360663
12779,bust,bust,Word,bust,2.885784064806219
12782,busted,bust,Word,busted,2.9573548939701655
12785,busting,bust,Lemma,bust,2.885784064806219
12792,busts,bust,Word,busts,3.296083168276334
12794,busy,busy,Word,busy,2.618204434782125
12797,busying,busy,Lemma,busy,2.618204434782125
12805,butcher,butcher,Word,butcher,3.1520599392063304
12807,butchered,butcher,Word,butchered,2.950018307783625
12808,butchering,butcher,Lemma,butcher,3.1520599392063304
12810,butchers,butcher,Lemma,butcher,3.1520599392063304
12813,butler,butler,Word,butler,3.5551858910072904
12814,butlers,butler,Word,butlers,3.9846791967564363
12818,butt,butt,Word,butt,3.0068016509576747
12821,butter,butter,Word,butter,3.1190856486058864
12829,buttered,butter,Lemma,butter,3.1190856486058864
12834,butterflies,butterfly,Word,butterflies,3.481521178809569
12835,butterfly,butterfly,Word,butterfly,3.4025997683826494
12837,buttering,butter,Lemma,butter,3.1190856486058864
12840,butters,butter,Lemma,butter,3.1190856486058864
12851,button,button,Word,button,3.6121266023302767
12855,buttoned,button,Word,buttoned,3.5041623598034777
12865,buttons,button,Word,buttons,3.635564854184558
12873,butts,butt,Word,butts,3.4131622229161325
12884,buy,buy,Word,buy,2.594546498965269
12886,buyer,buyer,Word,buyer,3.0588838389161466
12888,buyers,buyer,Word,buyers,3.155101212589329
12890,buying,buy,Word,buying,2.6678576157092326
12892,buys,buy,Word,buys,3.059330567715949
12897,buzzed,buzz,Word,buzzed,2.982922883527334
12900,buzzes,buzz,Word,buzzes,3.250344757147794
12901,buzzing,buzz,Word,buzzing,3.1184280192036753
12952,ca,can,Lemma,can,2.047415164840543
12955,cab,cab,Word,cab,3.1551639660889825
12969,cabbage,cabbage,Word,cabbage,3.2193806872314434
12970,cabbages,cabbage,Lemma,cabbage,3.2193806872314434
12979,cabin,cabin,Word,cabin,3.236626156050143
12980,cabinet,cabinet,Word,cabinet,3.1246125706751346
12985,cabinets,cabinet,Word,cabinets,3.1275395899522667
12987,cabins,cabin,Word,cabins,3.5402930608817225
12988,cable,cable,Word,cable,2.989966926029911
12989,cabled,cable,Word,cabled,3.425846316835301
12992,cables,cable,Word,cables,3.4293206517491117
13008,cabs,cab,Word,cabs,3.4858708469593527
13118,cafe,cafe,Word,cafe,3.1364545740561725
13119,cafes,cafe,Word,cafes,3.156262128375995
13120,cafeteria,cafeteria,Word,cafeteria,3.0971433509062707
13121,cafeterias,cafeteria,Word,cafeterias,3.6187275206153795
13129,cage,cage,Word,cage,3.2096356287767347
13132,cages,cage,Word,cages,3.526623826142611
13138,caging,cage,Lemma,cage,3.2096356287767347
13170,cake,cake,Word,cake,3.1643784716858523
13171,caked,cake,Word,caked,3.781942162364227
13173,cakes,cake,Word,cakes,3.2023378442233534
13177,caking,cake,Lemma,cake,3.1643784716858523
13191,calamities,calamity,Word,calamities,3.2399908677037397
13223,calculate,calculate,Word,calculate,3.2596396344857013
13224,calculated,calculate,Word,calculated,2.8540091180356564
13226,calculates,calculate,Lemma,calculate,3.2596396344857013
13227,calculating,calculate,Word,calculating,3.0950695932641983
13229,calculation,calculation,Word,calculation,3.102511893944151
13230,calculations,calculation,Word,calculations,3.1482108097844166
13232,calculator,calculator,Word,calculator,3.736265427665205
13233,calculators,calculator,Word,calculators,3.805410108783976
13250,calendar,calendar,Word,calendar,2.94476234096041
13251,calendars,calendar,Word,calendars,3.50679724201127
13263,calf,calf,Word,calf,3.7083089100027644
13304,call,call,Word,call,2.4563580539479974
13312,called,call,Word,called,1.8593716836569532
13313,caller,caller,Word,caller,3.3017171350181105
13314,callers,caller,Word,callers,3.4521676846942286
13323,calling,call,Word,calling,2.2976162121934918
13343,calls,call,Word,calls,2.4611788284903438
13346,calm,calm,Word,calm,3.376912206755267
13348,calmed,calm,Word,calmed,3.4615668598171307
13355,calms,calm,Lemma,calm,3.376912206755267
13359,calorie,calorie,Word,calorie,4.291550723546292
13360,calories,calorie,Word,calories,4.555386678573664
13388,calves,calf,Word,calves,3.667668282133382
13422,came,come,Word,came,2.2408118051795767
13423,camel,camel,Word,camel,3.4269204099967556
13431,camels,camel,Word,camels,3.668928044691215
13437,camera,camera,Word,camera,2.9950675916077016
13442,cameras,camera,Word,cameras,3.2712840476153846
13464,camp,camp,Word,camp,2.7571311665533296
13468,campaign,campaign,Word,campaign,2.5237580776174755
13471,campaigned,campaign,Word,campaigned,3.397233463731082
13475,campaigns,campaign,Word,campaigns,2.788965875998133
13485,camped,camp,Word,camped,3.5225116304611923
13487,campers,camper,Word,campers,3.1363479353114663
13502,camping,camp,Word,camping,3.109540414848817
13511,camps,camp,Word,camps,3.20897256263973
13515,campus,campus,Word,campus,2.8721770918267158
13516,campuses,campus,Word,campuses,3.2446100713178487
13523,can,can,Word,can,2.047415164840543
13533,canal,canal,Word,canal,3.2837543026200695
13540,canalling,canal,Lemma,canal,3.2837543026200695
13541,canals,canal,Word,canals,3.466561134131169
13553,cancel,cancel,Word,cancel,3.2083473018574877
13556,canceled,cancel,Lemma,cancel,3.2083473018574877
13557,CANCELED,cancel,Lemma,cancel,3.2083473018574877
13558,canceling,cancel,Lemma,cancel,3.2083473018574877
13562,cancelled,cancel,Lemma,cancel,3.2083473018574877
13564,cancelling,cancel,Lemma,cancel,3.2083473018574877
13565,cancels,cancel,Word,cancels,4.35785328462451
13582,candidate,candidate,Word,candidate,2.876416248415386
13583,candidates,candidate,Word,candidates,2.921367995157102
13591,candies,candy,Word,candies,3.543622538375979
13592,candle,candle,Word,candle,3.4103827261861306
13602,candles,candle,Word,candles,3.632567354068478
13604,candlesticks,candlestick,Lemma,candlestick,3.993841097317243
13610,candy,candy,Word,candy,3.0893854146179502
13613,candying,candy,Lemma,candy,3.0893854146179502
13616,cane,cane,Word,cane,3.464333588989851
13619,caned,cane,Lemma,cane,3.464333588989851
13623,canes,cane,Lemma,cane,3.464333588989851
13629,caning,cane,Lemma,cane,3.464333588989851
13641,canned,can,Word,canned,2.775661396633576
13663,cannon,cannon,Word,cannon,3.3325612013690495
13668,cannoned,cannon,Lemma,cannon,3.3325612013690495
13669,cannoning,cannon,Lemma,cannon,3.3325612013690495
13671,cannons,cannon,Lemma,cannon,3.3325612013690495
13675,canoe,canoe,Word,canoe,3.3288254489999245
13676,canoed,canoe,Lemma,canoe,3.3288254489999245
13680,canoes,canoe,Word,canoes,3.390538419044755
13710,cans,can,Word,cans,3.0541248450624585
13768,canvas,canvas,Word,canvas,3.1510153861430337
13770,canvases,canvas,Word,canvases,3.496469960292648
13777,canyons,canyon,Word,canyons,3.874849798824592
13781,cap,cap,Word,cap,3.0810593023260417
13783,capabilities,capability,Word,capabilities,2.7561621569522123
13784,capability,capability,Word,capability,2.622937925603209
13793,capacities,capacity,Word,capacities,3.010716737376691
13797,capacity,capacity,Word,capacity,2.6483639915037864
13814,capes,cape,Word,capes,3.2754928300665713
13825,capital,capital,Word,capital,2.6481570544408584
13828,capitalist,capitalist,Word,capitalist,3.3837910061500143
13831,capitalists,capitalist,Word,capitalists,3.3887825852451137
13839,capitals,capital,Word,capitals,3.182572192634987
13866,capped,cap,Word,capped,3.048102179748
13868,capping,cap,Lemma,cap,3.0810593023260417
13883,caps,cap,Word,caps,2.963960208631248
13899,capsule,capsule,Word,capsule,3.692152802561665
13900,capsules,capsule,Word,capsules,3.4853965831030713
13906,captaining,captain,Lemma,captain,3.0343321563236487
13907,captains,captain,Word,captains,3.292337786565293
13910,caption,caption,Word,caption,3.158166614555023
13911,captions,caption,Word,captions,3.376275909525564
13922,captive,captive,Word,captive,3.2958804379224254
13923,captives,captive,Word,captives,3.5661075353588956
13924,captivity,captivity,Word,captivity,4.03283114688031
13928,capture,capture,Word,capture,2.685768224021875
13929,captured,capture,Word,captured,2.7015429578461214
13931,captures,capture,Word,captures,3.0714359366450767
13932,capturing,capture,Word,capturing,2.7598116392339116
13937,car,car,Word,car,2.6472193817838137
13957,caravan,caravan,Word,caravan,2.994142396213542
13959,caravanned,caravan,Lemma,caravan,2.994142396213542
13961,caravans,caravan,Word,caravans,3.3900212044671547
13998,carbons,carbon,Word,carbons,3.3473658183272748
14025,carcass,carcass,Word,carcass,3.518463014514278
14026,carcasses,carcass,Word,carcasses,3.586449062637861
14037,card,card,Word,card,3.006183093156147
14039,cardboard,cardboard,Word,cardboard,2.858912003751428
14040,carded,card,Lemma,card,3.006183093156147
14043,cardiac,cardiac,Word,cardiac,3.493224616584242
14051,carding,card,Lemma,card,3.006183093156147
14068,cards,card,Word,cards,2.9935358061996893
14075,care,care,Word,care,2.582116518667648
14076,cared,care,Word,cared,2.878724014233474
14082,career,career,Word,career,3.041703214292209
14083,careered,career,Lemma,career,3.041703214292209
14084,careering,career,Lemma,career,3.041703214292209
14088,careers,career,Word,careers,3.358554359259563
14090,careful,careful,Word,careful,2.7624487123617802
14097,careless,careless,Word,careless,2.93203850645482
14101,cares,care,Word,cares,2.90259408238619
14118,cargo,cargo,Word,cargo,3.2490016997635247
14119,cargoes,cargo,Lemma,cargo,3.2490016997635247
14136,caring,care,Word,caring,2.858561178559015
14196,carnival,carnival,Word,carnival,3.01804431575328
14197,carnivals,carnival,Lemma,carnival,3.01804431575328
14246,carpenters,carpenter,Word,carpenters,3.281072285637623
14248,carpentry,carpentry,Word,carpentry,3.5594857043481003
14250,carpet,carpet,Word,carpet,3.196441000643022
14256,carpeted,carpet,Word,carpeted,3.0045167557167702
14257,carpeting,carpeting,Word,carpeting,3.3683934427228253
14258,carpets,carpet,Word,carpets,3.207609349141016
14281,carriage,carriage,Word,carriage,3.0966254747402986
14282,carriages,carriage,Word,carriages,3.8323459673345566
14286,carried,carry,Word,carried,2.640595849276032
14287,carrier,carrier,Word,carrier,3.272269711197821
14288,carriers,carrier,Word,carriers,3.303196469733515
14289,carries,carry,Word,carries,3.120147359162453
14293,carrot,carrot,Word,carrot,3.1861895727747784
14294,carrots,carrot,Word,carrots,3.4022252681595444
14299,carry,carry,Word,carry,2.5217322037571694
14305,carrying,carry,Word,carrying,2.5039417833445556
14311,cars,car,Word,cars,2.787843936884882
14316,cart,cart,Word,cart,3.1666695781746723
14320,carted,cart,Word,carted,3.7152159244092924
14338,cartilage,cartilage,Word,cartilage,4.400624819484002
14339,cartilages,cartilage,Lemma,cartilage,4.400624819484002
14341,carting,cart,Lemma,cart,3.1666695781746723
14350,carton,carton,Word,carton,3.1282027819302067
14351,cartons,carton,Word,cartons,3.3100856135183814
14352,cartoon,cartoon,Word,cartoon,3.1701110225185647
14353,cartooned,cartoon,Lemma,cartoon,3.1701110225185647
14357,cartoons,cartoon,Word,cartoons,3.579560478530132
14360,cartridge,cartridge,Word,cartridge,3.738031783015543
14361,cartridges,cartridge,Word,cartridges,3.795799107142271
14362,carts,cart,Word,carts,3.310430310538947
14372,carve,carve,Word,carve,3.018127231784648
14373,carved,carve,Word,carved,3.0180695137531544
14379,carves,carve,Lemma,carve,3.018127231784648
14381,carving,carve,Word,carving,2.9551007064151613
14400,cascaded,cascade,Word,cascaded,3.545251724099467
14402,cascading,cascade,Word,cascading,3.137429298307228
14405,case,case,Word,case,2.10844418305745
14410,cased,case,Word,cased,3.4411827227680196
14422,cases,case,Word,cases,2.7123847136946218
14428,cash,cash,Word,cash,2.693072276759647
14433,cashed,cash,Word,cashed,3.0360045855560562
14434,cashes,cash,Lemma,cash,2.693072276759647
14441,cashing,cash,Lemma,cash,2.693072276759647
14449,casket,casket,Word,casket,4.4985228979855485
14450,caskets,casket,Word,caskets,4.097922278076136
14473,cast,cast,Word,cast,2.8365143888729225
14479,caste,caste,Word,caste,4.2037233307247375
14487,castes,caste,Lemma,caste,4.2037233307247375
14497,casting,cast,Word,casting,3.0262909755385015
14521,casts,cast,Word,casts,2.9303659212027404
14522,casual,casual,Word,casual,2.716995103075506
14525,casuals,casual,Word,casuals,3.6460262002550183
14526,casualties,casualty,Word,casualties,3.753804192113181
14536,cat,cat,Word,cat,3.0376644771468877
14597,catastrophe,catastrophe,Word,catastrophe,3.114444644189484
14598,catastrophes,catastrophe,Word,catastrophes,3.4842103440752035
14613,catch,catch,Word,catch,2.54353852208192
14617,catcher,catcher,Word,catcher,3.6363924181525644
14619,catchers,catcher,Word,catchers,3.845823686078453
14620,catches,catch,Word,catches,3.4958992581957444
14626,catching,catch,Word,catching,2.6971933145694305
14664,categories,category,Word,categories,3.150347733658844
14671,category,category,Word,category,2.753857120907106
14694,catfish,catfish,Word,catfish,3.7991646391341316
14695,catfishes,catfish,Lemma,catfish,3.7991646391341316
14704,cathedral,cathedral,Word,cathedral,3.4229276905055026
14705,cathedrals,cathedral,Word,cathedrals,3.759200100114232
14743,cats,cat,Word,cats,3.054500620052266
14760,cattle,cattle,Word,cattle,3.4299577854202905
14783,caught,catch,Word,caught,2.65349771993709
14795,causal,causal,Word,causal,3.347464561932194
14804,cause,cause,Word,cause,2.6446470807894182
14805,caused,cause,Word,caused,2.72316620166021
14811,causes,cause,Word,causes,2.9254413005263498
14815,causing,cause,Word,causing,2.775431836758983
14828,caution,caution,Word,caution,3.586428576920437
14830,cautioned,caution,Word,cautioned,3.2755402174478396
14832,cautioning,caution,Lemma,caution,3.586428576920437
14833,cautions,caution,Word,cautions,3.259684312624947
14834,cautious,cautious,Word,cautious,3.139205395741464
14848,cavalry,cavalry,Word,cavalry,3.752881081763581
14853,cave,cave,Word,cave,3.2010966526231637
14856,caved,cave,Word,caved,3.2940139662349237
14859,cavern,cavern,Word,cavern,3.460141170302773
14862,caverns,cavern,Word,caverns,3.595801653041336
14863,caves,cave,Word,caves,3.318253310318113
14876,cavities,cavity,Word,cavities,3.6036810497591802
14877,cavity,cavity,Word,cavity,3.372420547715505
14891,cease,cease,Word,cease,3.18741928450019
14892,ceased,cease,Word,ceased,3.101807759620492
14897,ceases,cease,Word,ceases,3.2509595010185968
14898,ceasing,cease,Word,ceasing,2.9971221506171943
14919,ceiling,ceiling,Word,ceiling,3.024431346320597
14921,ceilings,ceiling,Word,ceilings,3.3172996306094586
14929,celebrate,celebrate,Word,celebrate,2.9650386432113036
14930,celebrated,celebrate,Word,celebrated,2.770678102869451
14931,celebrates,celebrate,Word,celebrates,3.6048309457279344
14932,celebrating,celebrate,Word,celebrating,2.8174904642968497
14933,celebration,celebration,Word,celebration,2.874103746557593
14934,celebrations,celebration,Word,celebrations,3.243379636261295
14942,celery,celery,Word,celery,3.403122023376832
14945,celestial,celestial,Word,celestial,3.329967660627681
14955,cell,cell,Word,cell,3.3890588365861025
14956,cellar,cellar,Word,cellar,3.4728286101032855
14962,cellars,cellar,Word,cellars,3.5770112281945163
14964,celled,cell,Lemma,cell,3.3890588365861025
14972,cells,cell,Word,cells,3.7471232042938794
14973,cellular,cellular,Word,cellular,2.9526993373538057
14995,cement,cement,Word,cement,2.967431621229503
14997,cemented,cement,Word,cemented,2.989063806340632
14999,cementing,cement,Lemma,cement,2.967431621229503
15000,cements,cement,Lemma,cement,2.967431621229503
15001,cemeteries,cemetery,Lemma,cemetery,3.3251361901285668
15002,cemetery,cemetery,Word,cemetery,3.3251361901285668
15025,censorship,censorship,Word,censorship,3.8862258369718328
15034,census,census,Word,census,3.8658827392389292
15035,censuses,census,Word,censuses,4.109614956762991
15036,cent,cent,Word,cent,3.4375791839575593
15128,cents,cent,Word,cents,4.2761268295131645
15134,centuries,century,Word,centuries,3.5137764270217526
15137,century,century,Word,century,3.2354569567004936
15147,ceramic,ceramic,Word,ceramic,3.014379903269713
15148,ceramics,ceramic,Word,ceramics,3.222318411434448
15155,cereal,cereal,Word,cereal,3.379645945947626
15156,cereals,cereal,Word,cereals,3.6977313779228247
15162,cerebral,cerebral,Word,cerebral,3.0083724050284606
15175,ceremonial,ceremonial,Word,ceremonial,3.6752676810618246
15179,ceremonials,ceremonial,Lemma,ceremonial,3.6752676810618246
15180,ceremonies,ceremony,Word,ceremonies,3.485624491745924
15184,ceremony,ceremony,Word,ceremony,3.244717355431017
15202,certain,certain,Word,certain,1.9929548570322428
15204,certainties,certainty,Lemma,certainty,2.7602095986016253
15205,certainty,certainty,Word,certainty,2.7602095986016253
15208,certificate,certificate,Word,certificate,3.275854874376395
15209,certificated,certificate,Lemma,certificate,3.275854874376395
15210,certificates,certificate,Word,certificates,3.3019795451501657
15211,certificating,certificate,Lemma,certificate,3.275854874376395
15215,certified,certify,Word,certified,3.0374865631144368
15305,chain,chain,Word,chain,2.967084219979046
15307,chaining,chain,Lemma,chain,2.967084219979046
15312,chains,chain,Word,chains,3.0837746410656166
15314,chair,chair,Word,chair,3.0518359018228414
15315,chaired,chair,Lemma,chair,3.0518359018228414
15316,chairing,chair,Word,chairing,3.1929594210504493
15322,chairmen,chairman,Word,chairmen,3.1265830790153353
15325,chairs,chair,Word,chairs,3.092636297388678
15344,chalk,chalk,Word,chalk,2.830918937578108
15346,chalked,chalk,Word,chalked,3.041236662908203
15350,chalking,chalk,Lemma,chalk,2.830918937578108
15354,chalks,chalk,Lemma,chalk,2.830918937578108
15357,challenge,challenge,Word,challenge,2.4789633137910108
15359,challenged,challenge,Word,challenged,2.361318977697268
15360,challenger,challenger,Word,challenger,3.3911737162566675
15361,challengers,challenger,Lemma,challenger,3.3911737162566675
15362,challenges,challenge,Word,challenges,2.8714861392836246
15369,chamber,chamber,Word,chamber,2.8986022754175185
15370,chambered,chamber,Word,chambered,4.1265402817176735
15371,chambering,chamber,Lemma,chamber,2.8986022754175185
15378,chambers,chamber,Word,chambers,3.3063520168331944
15392,champagne,champagne,Word,champagne,3.5435585034262918
15400,champion,champion,Word,champion,3.0165796817754
15401,championed,champion,Lemma,champion,3.0165796817754
15403,championing,champion,Lemma,champion,3.0165796817754
15404,champions,champion,Word,champions,3.0897235283551945
15405,championship,championship,Word,championship,3.253673443355641
15406,championships,championship,Word,championships,3.606797658916297
15409,chance,chance,Word,chance,2.4076519060364254
15410,chanced,chance,Word,chanced,2.996364431022699
15417,chancellors,chancellor,Lemma,chancellor,3.557207091148398
15424,chances,chance,Word,chances,3.160339278532026
15428,chancing,chance,Lemma,chance,2.4076519060364254
15440,change,change,Word,change,2.4417823264440117
15445,changed,change,Word,changed,2.831768156888118
15457,changes,change,Word,changes,2.69180273262741
15458,changing,change,Word,changing,2.5613636834812916
15459,channel,channel,Word,channel,2.7155116162696435
15460,channeled,channel,Word,channeled,3.156469246843318
15461,channeling,channel,Lemma,channel,2.7155116162696435
15464,channelled,channel,Lemma,channel,2.7155116162696435
15465,channelling,channel,Lemma,channel,2.7155116162696435
15466,channels,channel,Word,channels,2.8945616026485887
15471,chant,chant,Word,chant,3.8821957350740415
15472,chanted,chant,Word,chanted,4.491310787032992
15481,chanting,chant,Word,chanting,4.0064900100605785
15485,chants,chant,Word,chants,4.286111967748515
15486,chaos,chaos,Word,chaos,3.045007522021679
15496,chapel,chapel,Word,chapel,3.3049892347020093
15500,chapels,chapel,Word,chapels,3.7365474873388407
15519,chapped,chap,Word,chapped,3.5308818958149453
15522,chaps,chap,Word,chaps,2.8849478437327574
15523,chapter,chapter,Word,chapter,2.979606703329394
15525,chapters,chapter,Word,chapters,3.3478463162335586
15530,character,character,Word,character,2.685579798136716
15542,characters,character,Word,characters,3.0495729177181037
15546,charcoal,charcoal,Word,charcoal,3.2549515035591194
15547,CHARCOALED,charcoal,Lemma,charcoal,3.2549515035591194
15554,charge,charge,Word,charge,2.2010511238148447
15557,charged,charge,Word,charged,3.1000784217671464
15560,charges,charge,Word,charges,2.9150158976017675
15562,charging,charge,Word,charging,2.508290693740874
15577,charitable,charitable,Word,charitable,3.058615377638561
15580,charities,charity,Word,charities,3.2794158746274067
15581,charity,charity,Word,charity,3.0015735085365067
15611,charm,charm,Word,charm,3.1400770250787615
15612,charmed,charm,Word,charmed,2.9770169292246638
15615,charming,charming,Word,charming,2.727981947093836
15618,charms,charm,Word,charms,3.0806932612936073
15624,charred,char,Word,charred,4.049848384282748
15627,chart,chart,Word,chart,3.2172325735964336
15629,charted,chart,Word,charted,2.8474425675943436
15630,charter,charter,Word,charter,3.024498220957209
15634,chartering,charter,Lemma,charter,3.024498220957209
15635,charters,charter,Word,charters,3.505443845775647
15637,charting,chart,Word,charting,2.8687970057699266
15648,charts,chart,Word,charts,3.2002679043590327
15653,chase,chase,Word,chase,3.226537973681405
15654,chased,chase,Word,chased,3.0287256554611557
15657,chases,chase,Word,chases,3.2120020814446337
15658,chasing,chase,Word,chasing,2.712471994752591
15659,chasm,chasm,Word,chasm,3.5777829082861934
15661,chasms,chasm,Lemma,chasm,3.5777829082861934
15685,chat,chat,Word,chat,2.9093537221395285
15695,chats,chat,Lemma,chat,2.9093537221395285
15698,chatted,chat,Word,chatted,3.3874252741335766
15701,chatter,chatter,Word,chatter,3.1442896138286716
15704,chattered,chatter,Word,chattered,3.297626076915085
15707,chattering,chatter,Word,chattering,3.3101046611667484
15713,chatting,chat,Word,chatting,3.0101128347867196
15717,chauffeur,chauffeur,Word,chauffeur,3.2062666140285883
15719,chauffeured,chauffeur,Word,chauffeured,3.739869993828143
15720,chauffeuring,chauffeur,Lemma,chauffeur,3.2062666140285883
15721,chauffeurs,chauffeur,Lemma,chauffeur,3.2062666140285883
15742,cheap,cheap,Word,cheap,2.781461370840215
15758,cheat,cheat,Word,cheat,3.25670080769352
15760,cheated,cheat,Word,cheated,3.1560989688533456
15764,cheats,cheat,Lemma,cheat,3.25670080769352
15771,checker,checker,Word,checker,3.2764045492285283
15808,cheek,cheek,Word,cheek,3.0010404425332453
15816,cheeking,cheek,Lemma,cheek,3.0010404425332453
15817,cheeks,cheek,Word,cheeks,3.4932106705224153
15823,cheer,cheer,Word,cheer,3.0237630629110894
15825,cheered,cheer,Word,cheered,3.2542420850968217
15827,cheerful,cheerful,Word,cheerful,2.7831587238011646
15834,cheering,cheer,Word,cheering,3.140505309312089
15844,cheese,cheese,Word,cheese,3.125587386971407
15853,cheeses,cheese,Lemma,cheese,3.125587386971407
15859,chef,chef,Word,chef,3.542023875163424
15860,chefs,chef,Lemma,chef,3.542023875163424
15871,chemical,chemical,Word,chemical,2.9674897167226
15873,chemicals,chemical,Word,chemicals,3.124136106329229
15878,chemist,chemist,Word,chemist,3.5285939418703807
15880,CHEMISTRIES,chemistry,Lemma,chemistry,3.1999686292434633
15881,chemistry,chemistry,Word,chemistry,3.1999686292434633
15882,chemists,chemist,Word,chemists,3.3569465917578647
15915,cherished,cherish,Word,cherished,2.789873033702174
15929,cherries,cherry,Word,cherries,3.46834826400621
15930,cherry,cherry,Word,cherry,2.98670123963849
15945,chess,chess,Word,chess,3.4365305734200478
15950,chest,chest,Word,chest,3.0032844443796765
15951,chested,chest,Lemma,chest,3.0032844443796765
15959,chestnut,chestnut,Word,chestnut,3.109113034863376
15960,chestnuts,chestnut,Word,chestnuts,3.4023728284737484
15961,chests,chest,Word,chests,3.643642787918275
15974,chew,chew,Word,chew,3.169207447104741
15976,chewed,chew,Word,chewed,3.176564024460392
15978,chewing,chew,Word,chewing,3.126600564904568
15979,chews,chew,Lemma,chew,3.169207447104741
16014,chick,chick,Word,chick,3.114668034481541
16018,chicken,chicken,Word,chicken,2.889328475657177
16023,chickens,chicken,Word,chickens,3.3444586777319203
16026,chicks,chick,Word,chicks,3.337424229369032
16072,child,child,Word,child,2.675775895087599
16076,childbirth,childbirth,Word,childbirth,3.6560710556087193
16080,childhood,childhood,Word,childhood,2.957225539336715
16082,childhoods,childhood,Lemma,childhood,2.957225539336715
16083,childish,childish,Word,childish,2.98559758917871
16093,children,child,Word,children,2.4688149083655975
16107,chill,chill,Word,chill,3.142211596101736
16108,chilled,chill,Word,chilled,2.944102465013299
16117,chilling,chill,Word,chilling,2.752207669109359
16120,chills,chill,Word,chills,3.6315490947868883
16122,chilly,chilly,Word,chilly,2.993085787504615
16135,chimney,chimney,Word,chimney,3.627841217077929
16143,chimneys,chimney,Word,chimneys,3.772318424164237
16154,chin,chin,Word,chin,3.014323561381385
16180,chinned,chin,Lemma,chin,3.014323561381385
16181,CHINNING,chin,Lemma,chin,3.014323561381385
16187,chins,chin,Word,chins,3.549017898967658
16194,chip,chip,Word,chip,3.156696564850449
16201,chipped,chip,Word,chipped,3.4525061697047734
16207,chipping,chip,Word,chipping,2.948801230707283
16210,chips,chip,Word,chips,3.201082757818981
16249,chiseled,chisel,Word,chiseled,3.5315052760033323
16255,chisels,chisel,Word,chisels,3.8186914804347287
16286,chloride,chloride,Word,chloride,3.843249779268483
16287,chlorides,chloride,Word,chlorides,3.713725468675599
16294,chlorine,chlorine,Word,chlorine,3.7786873861756094
16319,chocolate,chocolate,Word,chocolate,3.0988082157607466
16320,chocolates,chocolate,Lemma,chocolate,3.0988082157607466
16327,choice,choice,Word,choice,2.3677706684488307
16331,choices,choice,Word,choices,2.8887004848960625
16333,choir,choir,Word,choir,3.2814847377513137
16339,choirs,choir,Lemma,choir,3.2814847377513137
16340,choke,choke,Word,choke,3.071051492351116
16344,choked,choke,Word,choked,3.1235915001965897
16349,chokes,choke,Lemma,choke,3.071051492351116
16350,choking,choke,Word,choking,3.0186180661991266
16357,cholera,cholera,Word,cholera,4.29435567477809
16374,chooses,choose,Word,chooses,2.9392078402846424
16377,choosing,choose,Word,choosing,2.511784587900091
16379,chop,chop,Word,chop,2.8429131464026054
16386,chopped,chop,Word,chopped,2.8382084946329633
16392,chopping,chop,Word,chopping,3.008907355106464
16394,chops,chop,Word,chops,3.205988144195468
16407,chore,chore,Word,chore,3.2702752203117176
16415,chores,chore,Word,chores,3.5697357428664347
16438,chorus,chorus,Word,chorus,2.982082507613757
16439,chorused,chorus,Word,chorused,3.267195498005069
16440,choruses,chorus,Word,choruses,3.302105962237575
16441,chorusing,chorus,Lemma,chorus,2.982082507613757
16442,chose,choose,Word,chose,2.5746334663034807
16443,chosen,choose,Word,chosen,2.5285179708675507
16532,chronic,chronic,Word,chronic,2.7462383202387466
16537,chronicled,chronicle,Word,chronicled,3.3164909450422324
16541,chronicling,chronicle,Lemma,chronicle,3.057991905848681
16581,chucked,chuck,Lemma,chuck,2.6275236482679962
16584,chucking,chuck,Lemma,chuck,2.6275236482679962
16585,chuckle,chuckle,Word,chuckle,3.016832308412135
16586,chuckled,chuckle,Word,chuckled,2.9940582723492537
16590,chuckles,chuckle,Word,chuckles,3.1377774784029633
16591,chuckling,chuckle,Lemma,chuckle,3.016832308412135
16609,chum,chum,Word,chum,3.000950000225496
16610,chummed,chum,Lemma,chum,3.000950000225496
16615,chumming,chum,Lemma,chum,3.000950000225496
16619,chums,chum,Lemma,chum,3.000950000225496
16621,chunk,chunk,Word,chunk,2.833410649818778
16626,chunks,chunk,Word,chunks,3.035318897631107
16630,church,church,Word,church,2.839782216973457
16632,churched,church,Lemma,church,2.839782216973457
16633,churches,church,Word,churches,3.063390240423399
16653,churchyard,churchyard,Word,churchyard,3.845116864590406
16654,churchyards,churchyard,Lemma,churchyard,3.845116864590406
16662,churning,churn,Word,churning,3.0245901175084167
16664,chute,chute,Word,chute,3.5890493588685963
16665,chutes,chute,Lemma,chute,3.5890493588685963
16698,cider,cider,Word,cider,3.661835236560644
16701,ciders,cider,Lemma,cider,3.661835236560644
16705,cigar,cigar,Word,cigar,3.5548867249139717
16707,cigarette,cigarette,Word,cigarette,3.595732544727069
16708,cigarettes,cigarette,Word,cigarettes,3.524230534991995
16710,cigars,cigar,Word,cigars,3.651168281066918
16780,circle,circle,Word,circle,2.9146401483987177
16781,circled,circle,Word,circled,3.4204992334390933
16783,circles,circle,Word,circles,2.6905484200464325
16786,circling,circle,Word,circling,3.0421849044208242
16789,circuit,circuit,Word,circuit,3.063506195105981
16795,circuits,circuit,Word,circuits,3.171870870299023
16796,circular,circular,Word,circular,2.934690207948902
16804,circulars,circular,Lemma,circular,2.934690207948902
16806,circulated,circulate,Word,circulated,3.019151635174095
16808,circulating,circulate,Word,circulating,3.0308780042528243
16809,circulation,circulation,Word,circulation,3.448241231326243
16810,circulations,circulation,Lemma,circulation,3.448241231326243
16888,circus,circus,Word,circus,3.1545173555633275
16889,circuses,circus,Lemma,circus,3.1545173555633275
16911,cite,cite,Word,cite,3.0155797915935256
16912,cited,cite,Word,cited,2.932180395801539
16914,cites,cite,Word,cites,3.159636040190901
16918,cities,city,Word,cities,2.7723826545311754
16922,citing,cite,Word,citing,2.7723193316354546
16923,citizen,citizen,Word,citizen,2.9273920628828036
16927,citizens,citizen,Word,citizens,2.7737761869029387
16928,citizenship,citizenship,Word,citizenship,3.8833742141652445
16942,citrus,citrus,Word,citrus,3.6268983370119177
16943,citruses,citrus,Lemma,citrus,3.6268983370119177
16945,city,city,Word,city,2.310544721605746
16954,civic,civic,Word,civic,2.8943052525269253
16956,civics,civic,Lemma,civic,2.8943052525269253
16957,civil,civil,Word,civil,3.1215987789763577
16958,civilian,civilian,Word,civilian,3.016866210283935
16959,civilians,civilian,Word,civilians,3.461884447574107
16982,clad,clad,Word,clad,3.299998161366284
16988,claim,claim,Word,claim,2.401708400222539
16992,claimed,claim,Word,claimed,2.331242216333797
16994,claiming,claim,Word,claiming,2.155319496066256
16996,claims,claim,Word,claims,2.475786530438678
17009,clam,clam,Word,clam,3.017326308485121
17018,clammed,clam,Lemma,clam,3.017326308485121
17023,clamming,clam,Lemma,clam,3.017326308485121
17044,clams,clam,Word,clams,3.4823690250663493
17048,clan,clan,Word,clan,3.116540075000076
17053,clanged,clang,Word,clanged,4.3082279027546
17056,clanging,clang,Lemma,clang,3.8428794114328717
17070,clans,clan,Lemma,clan,3.116540075000076
17075,clap,clap,Word,clap,3.3118166223186134
17078,clapped,clap,Word,clapped,3.5816656091937285
17083,clapping,clap,Word,clapping,3.399535011065327
17084,claps,clap,Word,claps,3.5856353806985477
17095,clarified,clarify,Word,clarified,2.6550093575502016
17097,clarifies,clarify,Word,clarifies,2.8920645945150345
17098,clarify,clarify,Word,clarify,2.859616917452186
17099,clarifying,clarify,Word,clarifying,2.6204526684143863
17100,clarinet,clarinet,Word,clarinet,3.5012472615082846
17102,clarinets,clarinet,Lemma,clarinet,3.5012472615082846
17108,clarity,clarity,Word,clarity,2.998404124270439
17118,clash,clash,Word,clash,3.3276658145708216
17119,clashed,clash,Word,clashed,3.6741122542591054
17121,clashes,clash,Word,clashes,3.7316347864526285
17122,clashing,clash,Lemma,clash,3.3276658145708216
17124,clasped,clasp,Word,clasped,4.309555494873366
17128,class,class,Word,class,2.331152459688101
17130,classed,class,Word,classed,3.0393460885797814
17132,classes,class,Word,classes,2.816948790268586
17133,classic,classic,Word,classic,2.3807825654020083
17134,classical,classical,Word,classical,2.7174049818240777
17145,classics,classic,Word,classics,3.1004414147806663
17152,classified,classify,Word,classified,2.8767846557080485
17155,classifies,classify,Lemma,classify,2.8993853233613716
17156,classify,classify,Word,classify,2.8993853233613716
17157,classifying,classify,Word,classifying,2.9808428851872857
17158,classing,class,Lemma,class,2.331152459688101
17166,classmates,classmate,Word,classmates,3.0550201170204776
17186,clause,clause,Word,clause,3.524774415199811
17187,clauses,clause,Word,clauses,3.3498344319986173
17200,claw,claw,Word,claw,3.1565451703634855
17201,clawed,claw,Word,clawed,3.5131284728351364
17203,clawing,claw,Word,clawing,3.2404950676657602
17205,claws,claw,Word,claws,3.2682838391915823
17218,clean,clean,Word,clean,2.647781386047118
17220,cleaned,clean,Word,cleaned,3.1314619850038046
17221,cleaner,cleaner,Word,cleaner,3.074458098531397
17223,cleaners,cleaner,Word,cleaners,3.2947403249071714
17225,cleaning,clean,Word,cleaning,2.9353497986356922
17232,cleans,clean,Word,cleans,3.5558611484395692
17235,cleansed,cleanse,Word,cleansed,3.6180885980664486
17239,cleansing,cleanse,Word,cleansing,3.193052176089731
17243,clear,clear,Word,clear,2.2518142095670934
17246,clearance,clearance,Word,clearance,3.212315478516676
17247,clearances,clearance,Lemma,clearance,3.212315478516676
17249,cleared,clear,Word,cleared,2.960588419677731
17254,clearing,clear,Word,clearing,2.8481628733521345
17261,clears,clear,Word,clears,3.5781862146906454
17285,clefts,cleft,Word,clefts,3.3282988272552436
17298,clenched,clench,Word,clenched,3.369505989036017
17308,clergy,clergy,Word,clergy,3.120270035498758
17309,clergyman,clergyman,Word,clergyman,3.070167692095492
17311,clergymen,clergyman,Word,clergymen,3.1701871300256963
17314,clerical,clerical,Word,clerical,3.388942569402166
17323,clerk,clerk,Word,clerk,3.3341578302881647
17325,clerked,clerk,Lemma,clerk,3.3341578302881647
17326,clerking,clerk,Word,clerking,3.965926814153069
17330,clerks,clerk,Word,clerks,3.3803575767236556
17336,clever,clever,Word,clever,2.700918078381058
17341,cleverness,cleverness,Word,cleverness,3.0805488672856516
17355,click,click,Word,click,3.7946249043677107
17356,clicked,click,Word,clicked,3.2458082054697157
17358,clicking,click,Word,clicking,4.259014371389599
17359,clicks,click,Word,clicks,3.6335928076612287
17360,client,client,Word,client,2.699975778911005
17366,clients,client,Word,clients,2.658971045505181
17372,cliffs,cliff,Word,cliffs,3.7085417802364544
17379,climate,climate,Word,climate,2.9616801109152857
17380,climates,climate,Word,climates,3.7314543240098708
17389,climax,climax,Word,climax,3.2079144345483876
17390,climaxed,climax,Word,climaxed,3.2790479537273947
17391,climaxes,climax,Word,climaxes,3.2680007782359026
17392,climaxing,climax,Lemma,climax,3.2079144345483876
17393,climb,climb,Word,climb,3.067330683709763
17395,climbed,climb,Word,climbed,3.377552556803407
17398,climbing,climb,Word,climbing,2.973493735424826
17399,climbs,climb,Word,climbs,3.5557737567283487
17411,cling,cling,Word,cling,3.130242063185495
17416,clinging,cling,Word,clinging,3.134169785011472
17418,clings,cling,Word,clings,3.291803731543226
17421,clinic,clinic,Word,clinic,3.0660007129709146
17422,clinical,clinical,Word,clinical,3.1846463124517417
17426,clinics,clinic,Word,clinics,3.2451870568793524
17439,clip,clip,Word,clip,2.782271480426855
17443,clipped,clip,Word,clipped,2.914783398099894
17448,clipping,clip,Lemma,clip,2.782271480426855
17450,clips,clip,Word,clips,2.963522498171605
17466,cloak,cloak,Word,cloak,3.4342436002888297
17467,cloaked,cloak,Lemma,cloak,3.4342436002888297
17468,cloaking,cloak,Lemma,cloak,3.4342436002888297
17471,cloaks,cloak,Lemma,cloak,3.4342436002888297
17478,clock,clock,Word,clock,3.1348762592258828
17479,clocked,clock,Word,clocked,3.212448768085761
17481,clocking,clock,Word,clocking,2.9165675281991623
17484,clocks,clock,Word,clocks,3.344932509559872
17498,clogged,clog,Word,clogged,3.3241391898195367
17503,clogs,clog,Lemma,clog,3.516231259895884
17524,close,close,Word,close,2.1898445088346303
17525,closed,close,Word,closed,2.77189353600892
17532,closeness,closeness,Word,closeness,3.0575965178208953
17536,closes,close,Word,closes,3.2783335147382178
17538,closet,closet,Word,closet,3.244030626347796
17539,closeted,closet,Word,closeted,3.2851652829531877
17541,closeting,closet,Lemma,closet,3.244030626347796
17542,closets,closet,Word,closets,3.68321518977155
17545,closing,close,Word,closing,2.5883816823061627
17550,clot,clot,Word,clot,4.435276675800088
17551,cloth,cloth,Word,cloth,2.9804364337586593
17554,clothed,clothe,Word,clothed,3.2023838310233055
17568,clothing,clothing,Word,clothing,2.9361714236921803
17569,cloths,cloth,Lemma,cloth,2.9804364337586593
17570,clots,clot,Lemma,clot,4.435276675800088
17572,clotting,clot,Lemma,clot,4.435276675800088
17576,cloud,cloud,Word,cloud,3.3303516354672644
17583,clouded,cloud,Word,clouded,3.241632275658254
17595,clouds,cloud,Word,clouds,3.428347015765648
17597,cloudy,cloudy,Word,cloudy,3.3430722061036398
17611,clown,clown,Word,clown,2.928188119320657
17616,clowning,clown,Word,clowning,3.2217122893313554
17620,clowns,clown,Word,clowns,3.0641668174301806
17628,club,club,Word,club,2.540500841162877
17631,clubbed,club,Word,clubbed,3.022662728857713
17633,clubbing,club,Lemma,club,2.540500841162877
17644,clubs,club,Word,clubs,2.855158732078535
17651,clue,clue,Word,clue,2.7142800350644922
17653,clues,clue,Word,clues,3.7230592174004125
17655,clump,clump,Word,clump,3.3808239329579846
17656,clumped,clump,Lemma,clump,3.3808239329579846
17657,clumping,clump,Lemma,clump,3.3808239329579846
17659,clumps,clump,Word,clumps,3.6748105560533393
17665,clumsy,clumsy,Word,clumsy,2.7501566218613793
17666,clung,cling,Word,clung,3.2642964911491696
17675,cluster,cluster,Word,cluster,2.4628384094907205
17676,clustered,cluster,Word,clustered,2.9769369578383658
17677,clustering,cluster,Word,clustering,3.0426790365529612
17678,clusters,cluster,Word,clusters,2.796885646551684
17680,clutch,clutch,Word,clutch,2.8870055462553577
17681,clutched,clutch,Word,clutched,3.7127327662226572
17682,clutches,clutch,Word,clutches,3.09208865342916
17683,clutching,clutch,Word,clutching,3.2510982292131225
17684,clutter,clutter,Word,clutter,3.840319958450566
17685,cluttered,clutter,Word,cluttered,3.2280278444063244
17686,cluttering,clutter,Lemma,clutter,3.840319958450566
17693,coach,coach,Word,coach,3.2788856477667823
17698,coached,coach,Lemma,coach,3.2788856477667823
17700,coaches,coach,Word,coaches,3.038028028557905
17728,coal,coal,Word,coal,3.623511782088905
17731,coaled,coal,Lemma,coal,3.623511782088905
17749,coaling,coal,Lemma,coal,3.623511782088905
17750,coalition,coalition,Word,coalition,2.982816696454576
17753,coalitions,coalition,Lemma,coalition,2.982816696454576
17756,coals,coal,Word,coals,3.7610537684815495
17762,coarse,coarse,Word,coarse,2.898936823422923
17771,coast,coast,Word,coast,3.034046172161048
17772,coastal,coastal,Word,coastal,2.910664031128211
17774,coasted,coast,Word,coasted,3.4560965823753533
17781,coasting,coast,Lemma,coast,3.034046172161048
17785,coasts,coast,Word,coasts,3.3739656808255964
17788,coat,coat,Word,coat,3.1172071557698606
17789,coated,coat,Word,coated,3.1269027182363205
17796,coating,coating,Word,coating,3.4008328427458934
17797,coatings,coating,Word,coatings,3.8845347276565736
17800,coats,coat,Word,coats,3.0813711589484667
17811,coaxing,coax,Word,coaxing,2.7916877704358156
17863,cock,cock,Word,cock,3.019572683664325
17879,cocked,cock,Word,cocked,3.367196312149822
17896,cocking,cock,Lemma,cock,3.019572683664325
17913,cockpit,cockpit,Word,cockpit,3.7129536412313513
17914,cockpits,cockpit,Word,cockpits,3.962530553400375
17917,cocks,cock,Lemma,cock,3.019572683664325
17930,cocoa,cocoa,Word,cocoa,3.762864331011495
17932,cocoas,cocoa,Lemma,cocoa,3.762864331011495
17961,code,code,Word,code,3.0125846599083537
17964,coded,code,Word,coded,2.8916343310339694
17972,codes,code,Word,codes,3.1927494720926606
18058,coffee,coffee,Word,coffee,2.9894637403921323
18065,coffees,coffee,Lemma,coffee,2.9894637403921323
18071,coffin,coffin,Word,coffin,3.607928044309946
18072,coffins,coffin,Lemma,coffin,3.607928044309946
18157,coil,coil,Word,coil,3.5362109987870065
18158,coiled,coil,Word,coiled,3.346033622148267
18160,coiling,coil,Word,coiling,3.302793801816939
18161,coils,coil,Word,coils,3.2472131080803877
18162,coin,coin,Word,coin,3.279497229823413
18176,coined,coin,Word,coined,3.477786527078916
18180,coining,coin,Lemma,coin,3.279497229823413
18181,coins,coin,Word,coins,3.5262574786569822
18209,cold,cold,Word,cold,2.730317931853394
18219,colds,cold,Word,colds,3.957496500472797
18265,collapse,collapse,Word,collapse,3.1576816013728193
18266,collapsed,collapse,Word,collapsed,3.220544479021198
18267,collapses,collapse,Word,collapses,3.4344356938311673
18270,collapsing,collapse,Word,collapsing,3.059474622200057
18271,collar,collar,Word,collar,3.382025640159771
18275,collared,collar,Word,collared,3.4166866035553407
18277,collaring,collar,Lemma,collar,3.382025640159771
18279,collars,collar,Word,collars,3.593034040761285
18291,colleagues,colleague,Word,colleagues,2.602766498478035
18293,collect,collect,Word,collect,2.634251602743948
18296,collected,collect,Word,collected,2.6111886116388434
18300,collecting,collect,Word,collecting,2.686978957905846
18301,collection,collection,Word,collection,2.548259033932363
18302,collections,collection,Word,collections,3.011781672187525
18303,collective,collective,Word,collective,2.452290562956661
18306,collectives,collective,Lemma,collective,2.452290562956661
18316,collector,collector,Word,collector,3.2897325330648908
18318,collectors,collector,Word,collectors,3.303760917593478
18320,collects,collect,Word,collects,3.1661337000828484
18323,college,college,Word,college,2.467970233119616
18325,colleges,college,Word,colleges,2.9220111064973824
18337,collided,collide,Word,collided,4.4281048873059285
18340,colliding,collide,Lemma,collide,3.685413269947703
18346,collies,collie,Lemma,collie,3.8746400203464244
18358,collision,collision,Word,collision,3.673693284916029
18360,collisions,collision,Word,collisions,3.93114064017365
18405,colon,colon,Word,colon,3.5016401384571223
18409,colonels,colonel,Word,colonels,3.9780774875140907
18411,colonial,colonial,Word,colonial,3.6005382246943656
18416,colonials,colonial,Word,colonials,3.686563341258935
18418,colonies,colony,Word,colonies,3.5318165697361734
18433,colons,colon,Lemma,colon,3.5016401384571223
18435,colony,colony,Word,colony,3.3633406885956143
18515,column,column,Word,column,3.189017881491421
18517,columned,column,Lemma,column,3.189017881491421
18521,columns,column,Word,columns,3.23423278736073
18528,coma,coma,Word,coma,4.132546193540064
18532,comas,coma,Word,comas,4.137342210348593
18537,comb,comb,Word,comb,2.9764098302664745
18538,combat,combat,Word,combat,2.971641530050155
18547,combats,combat,Lemma,combat,2.971641530050155
18548,combatted,combat,Word,combatted,3.379436878921144
18549,combatting,combat,Lemma,combat,2.971641530050155
18551,combed,comb,Word,combed,3.6482100471589045
18556,combination,combination,Word,combination,2.19495034973866
18558,combinations,combination,Word,combinations,3.074613490791122
18562,combine,combine,Word,combine,2.503438742103667
18563,combined,combine,Word,combined,2.1012960845313167
18565,combines,combine,Word,combines,3.177816441278995
18566,combing,comb,Word,combing,3.569680956239869
18567,combining,combine,Word,combining,2.5256953661069925
18570,combs,comb,Word,combs,3.0789745030851834
18577,combustion,combustion,Word,combustion,3.816234691753462
18592,comedies,comedy,Word,comedies,3.961259141557637
18595,comedy,comedy,Word,comedy,3.2610993147059864
18604,comes,come,Word,comes,2.244708116352937
18608,comet,comet,Word,comet,4.534922336828877
18611,comets,comet,Word,comets,4.7724531041623
18619,comfort,comfort,Word,comfort,2.8465039969720505
18620,comfortable,comfortable,Word,comfortable,2.7042249065024477
18623,comforted,comfort,Word,comforted,3.078233267361217
18632,comforts,comfort,Word,comforts,2.993505618172782
18635,comic,comic,Word,comic,3.145276141430055
18640,comics,comic,Word,comics,3.3038610952765355
18643,coming,come,Word,coming,1.9669829201468956
18654,command,command,Word,command,2.9016748520135236
18658,commanded,command,Word,commanded,2.9961792161403165
18664,commanders,commander,Word,commanders,3.446011746475565
18666,commanding,commanding,Word,commanding,2.969955389420168
18672,commands,command,Word,commands,3.145063613949737
18688,commenced,commence,Word,commenced,3.094112216023706
18715,comment,comment,Word,comment,3.765196126356257
18725,commented,comment,Word,commented,2.439097296424125
18727,commenting,comment,Word,commenting,4.397626005170905
18728,comments,comment,Word,comments,3.4072184494052435
18731,commercial,commercial,Word,commercial,2.226286124761556
18742,commercials,commercial,Word,commercials,3.3080625173934015
18779,commit,commit,Word,commit,2.7443806575988696
18780,commitment,commitment,Word,commitment,2.7611062379681273
18781,commitments,commitment,Word,commitments,2.9591004485784285
18782,commits,commit,Word,commits,3.312321259449973
18786,committed,commit,Word,committed,2.720112343575721
18795,committing,commit,Word,committing,2.585585991635065
18806,commodities,commodity,Word,commodities,3.361017592628601
18807,commodity,commodity,Word,commodity,2.7754307639871163
18810,common,common,Word,common,2.649757376891425
18815,commoners,commoner,Word,commoners,3.219455996955456
18819,commonplace,commonplace,Word,commonplace,3.0128377260033443
18821,commonplaces,commonplace,Word,commonplaces,2.1540995373412866
18834,communal,communal,Word,communal,2.8669439869922098
18843,commune,commune,Word,commune,3.234769965837595
18844,communed,commune,Lemma,commune,3.234769965837595
18845,communes,commune,Word,communes,3.63279858821211
18853,communicate,communicate,Word,communicate,2.9924776552749943
18854,communicated,communicate,Word,communicated,2.840270950921335
18855,communicates,communicate,Lemma,communicate,2.9924776552749943
18856,communicating,communicate,Word,communicating,2.8649888914055786
18867,communing,commune,Lemma,commune,3.234769965837595
18872,communism,communism,Word,communism,3.8970901501908077
18880,communities,community,Word,communities,2.68794102120838
18881,community,community,Word,community,2.34707349834639
18906,compact,compact,Word,compact,2.9825554253664595
18909,compacting,compact,Lemma,compact,2.9825554253664595
18914,compacts,compact,Word,compacts,3.868651116571068
18916,companies,company,Word,companies,2.520260122766145
18917,companion,companion,Word,companion,2.6295045148689247
18924,companions,companion,Word,companions,2.892072120867096
18928,company,company,Word,company,2.0618363335015664
18931,comparable,comparable,Word,comparable,2.726765825865417
18934,comparative,comparative,Word,comparative,2.7405970857534623
18937,comparatives,comparative,Lemma,comparative,2.7405970857534623
18939,compare,compare,Word,compare,3.0220174393818184
18940,compared,compare,Word,compared,2.7088901233846254
18942,compares,compare,Word,compares,3.6193176038108468
18943,comparing,compare,Word,comparing,2.6390010459734263
18944,comparison,comparison,Word,comparison,2.8510405019048988
18945,comparisons,comparison,Word,comparisons,3.6128487463890293
18946,compartment,compartment,Word,compartment,3.8584377807427153
18954,compartments,compartment,Word,compartments,3.6592701341695113
18955,compass,compass,Word,compass,3.4864184314612823
18957,compassed,compass,Lemma,compass,3.4864184314612823
18958,compasses,compass,Lemma,compass,3.4864184314612823
18959,compassing,compass,Lemma,compass,3.4864184314612823
18960,compassion,compassion,Word,compassion,3.198753378132401
18967,compatible,compatible,Word,compatible,3.09217506327728
18978,compelled,compel,Word,compelled,2.6187810418379804
18982,compels,compel,Word,compels,4.562844078823886
18992,compensated,compensate,Word,compensated,3.2480681247926286
18993,compensates,compensate,Word,compensates,3.3051050897406
18994,compensating,compensate,Word,compensating,2.870837198802635
18995,compensation,compensation,Word,compensation,3.2447521307986786
18997,compensations,compensation,Word,compensations,3.3131545586113775
19005,compete,compete,Word,compete,2.929466801146541
19006,competed,compete,Word,competed,3.271306581768555
19007,competence,competence,Word,competence,2.891272353985098
19010,competent,competent,Word,competent,2.839075247599357
19012,competes,compete,Word,competes,3.415315661333123
19013,competing,compete,Word,competing,2.525183948304865
19014,competition,competition,Word,competition,2.571800212577656
19015,competitions,competition,Lemma,competition,2.571800212577656
19016,competitive,competitive,Word,competitive,2.7402666448222472
19019,competitor,competitor,Word,competitor,2.7524231270914172
19020,competitors,competitor,Word,competitors,2.844494362228784
19037,complained,complain,Word,complained,2.983534553280077
19040,complaining,complain,Word,complaining,2.695381830125115
19042,complains,complain,Word,complains,2.880957969055059
19044,complaints,complaint,Word,complaints,3.2035942687920906
19059,complete,complete,Word,complete,2.2110560962186687
19060,completed,complete,Word,completed,2.649231736117955
19064,completes,complete,Word,completes,3.233438885943323
19065,completing,complete,Word,completing,2.7062303855271126
19066,completion,completion,Word,completion,2.9484821327193753
19067,completions,completion,Word,completions,4.144367523759764
19080,compliance,compliance,Word,compliance,2.948145415612146
19092,complications,complication,Word,complications,3.2752479026357832
19095,complied,comply,Word,complied,3.415476030945002
19097,complies,comply,Lemma,comply,3.2326112958093596
19098,compliment,compliment,Word,compliment,2.6208884491623072
19101,complimented,compliment,Word,complimented,2.893758574382874
19102,complimenting,compliment,Word,complimenting,2.7268754539035505
19103,compliments,compliment,Word,compliments,2.715800514424181
19107,comply,comply,Word,comply,3.2326112958093596
19108,complying,comply,Word,complying,3.1558488000367464
19110,component,component,Word,component,2.4128204983716373
19112,components,component,Word,components,2.550310606840003
19138,compost,compost,Word,compost,3.745497765515033
19139,composted,compost,Lemma,compost,3.745497765515033
19141,composts,compost,Lemma,compost,3.745497765515033
19183,comprise,comprise,Word,comprise,3.0043158465938773
19184,comprised,comprise,Word,comprised,3.0909696059916727
19185,comprises,comprise,Word,comprises,3.2156140420362673
19186,comprising,comprise,Word,comprising,2.775915985033596
19187,compromise,compromise,Word,compromise,2.8138408750234833
19188,compromised,compromise,Word,compromised,2.7739240230316558
19190,compromises,compromise,Word,compromises,3.0137931860376073
19191,compromising,compromise,Word,compromising,2.9505892129038203
19215,computation,computation,Word,computation,3.484973039271319
19217,computations,computation,Word,computations,3.695249957829188
19219,computed,compute,Word,computed,3.6855654014357415
19220,computer,computer,Word,computer,2.632002463895185
19227,computers,computer,Word,computers,2.9385840281449402
19228,computes,compute,Word,computes,3.491625307915331
19232,comrades,comrade,Word,comrades,3.031056078849711
19259,conceal,conceal,Word,conceal,3.301561126417288
19261,concealed,conceal,Word,concealed,2.998007816673869
19262,concealing,conceal,Word,concealing,3.167238562474319
19264,conceals,conceal,Word,conceals,3.2663946929893193
19315,concern,concern,Word,concern,2.8213172882751802
19316,concerned,concern,Word,concerned,2.513202976340036
19319,concerning,concern,Word,concerning,2.289067430779088
19321,concerns,concern,Word,concerns,2.9160629449482043
19322,concert,concert,Word,concert,2.9408622727884466
19333,concerting,concert,Lemma,concert,2.9408622727884466
19341,concerts,concert,Word,concerts,3.2403663152597395
19418,concrete,concrete,Word,concrete,2.8144111440052204
19419,concreted,concrete,Lemma,concrete,2.8144111440052204
19423,concretes,concrete,Lemma,concrete,2.8144111440052204
19424,concreting,concrete,Lemma,concrete,2.8144111440052204
19451,concussion,concussion,Word,concussion,4.361857154511976
19452,concussions,concussion,Lemma,concussion,4.361857154511976
19454,condemn,condemn,Word,condemn,3.1903976512015104
19459,condemned,condemn,Word,condemned,3.12539912852597
19461,condemning,condemn,Word,condemning,3.1219258439811477
19463,condemns,condemn,Word,condemns,4.060166608676673
19491,condition,condition,Word,condition,2.899729108910447
19496,conditioned,condition,Word,conditioned,2.869425923292024
19500,conditions,condition,Word,conditions,2.8767398337981307
19553,cone,cone,Word,cone,3.226410593393793
19557,cones,cone,Word,cones,3.4930421185955156
19592,conference,conference,Word,conference,2.8389674914654526
19594,conferences,conference,Word,conferences,3.0128819117749397
19603,conferring,confer,Word,conferring,3.042717074396958
19604,confers,confer,Word,confers,3.379822092176937
19605,confess,confess,Word,confess,2.8924293987637184
19608,confessed,confess,Word,confessed,3.035260973535909
19610,confesses,confess,Word,confesses,2.9405758340424595
19611,confessing,confess,Word,confessing,2.954663020977776
19612,confession,confession,Word,confession,3.3914965452192347
19616,confessions,confession,Word,confessions,3.6419925527544956
19624,confided,confide,Word,confided,2.864205398425486
19625,confidence,confidence,Word,confidence,3.0364323265332507
19626,confidences,confidence,Word,confidences,3.787299215743069
19627,confident,confident,Word,confident,2.736783191653487
19628,confidential,confidential,Word,confidential,3.404899678975927
19686,conflicting,conflict,Word,conflicting,3.3489762981774023
19690,conflicts,conflict,Word,conflicts,3.118155688060448
19744,confuse,confuse,Word,confuse,3.019996784939786
19745,confused,confuse,Word,confused,2.561848902935728
19749,confuses,confuse,Word,confuses,3.1523145033816777
19753,confusion,confusion,Word,confusion,3.075949661154619
19754,confusions,confusion,Word,confusions,3.2398532145447816
19789,congestion,congestion,Word,congestion,3.5738095972454347
19810,congratulate,congratulate,Word,congratulate,3.652322768580388
19811,congratulated,congratulate,Word,congratulated,3.486035101602696
19812,congratulates,congratulate,Lemma,congratulate,3.652322768580388
19936,connect,connect,Word,connect,2.82340125814396
19938,connected,connect,Word,connected,2.5586521233439123
19944,connecting,connect,Word,connecting,2.6365280734783467
19949,connective,connective,Word,connective,3.350746059636482
19951,connectives,connective,Lemma,connective,3.350746059636482
19954,connects,connect,Word,connects,3.174140034863666
19985,conquer,conquer,Word,conquer,3.1823678122884704
19987,conquered,conquer,Word,conquered,3.1452341719560075
19989,conquering,conquer,Word,conquering,2.978212246013737
19993,conquers,conquer,Lemma,conquer,3.1823678122884704
20002,cons,con,Word,cons,3.5320869281084173
20008,conscience,conscience,Word,conscience,3.08561687003731
20010,consciences,conscience,Word,consciences,3.8682620798166454
20016,conscious,conscious,Word,conscious,2.87225250147486
20035,consecutive,consecutive,Word,consecutive,2.734233669715455
20038,consecutives,consecutive,Lemma,consecutive,2.734233669715455
20042,consensus,consensus,Word,consensus,3.2436570354819
20055,consequence,consequence,Word,consequence,2.3725792410676876
20056,consequences,consequence,Word,consequences,3.0142322875028076
20057,consequent,consequent,Word,consequent,2.603695774176617
20088,consider,consider,Word,consider,2.3673419033423295
20096,considered,consider,Word,considered,2.338776803752407
20099,considering,consider,Word,considering,2.272171986038678
20100,considers,consider,Word,considers,2.6540053561804213
20310,consult,consult,Word,consult,3.1869989450516307
20316,consultation,consultation,Word,consultation,3.104014710891004
20317,consultations,consultation,Word,consultations,3.333645896111321
20319,consulted,consult,Word,consulted,2.897660342781368
20321,consulting,consult,Word,consulting,2.768765948990527
20322,consults,consult,Lemma,consult,3.1869989450516307
20349,contact,contact,Word,contact,2.853925292227899
20350,contacted,contact,Word,contacted,3.0919849241736683
20351,contacting,contact,Word,contacting,3.1317849162301403
20353,contacts,contact,Word,contacts,2.8908965069243013
20357,contagious,contagious,Word,contagious,3.646000037204185
20377,contaminated,contaminate,Word,contaminated,3.5848705895786925
20391,contemplate,contemplate,Word,contemplate,2.6164809479683617
20392,contemplated,contemplate,Word,contemplated,2.718871872106057
20393,contemplates,contemplate,Word,contemplates,2.9617983513954775
20394,contemplating,contemplate,Word,contemplating,2.694585543621396
20408,contempt,contempt,Word,contempt,3.3886877733892296
20416,contend,contend,Word,contend,2.5923670131433787
20417,contended,contend,Word,contended,2.741918333165098
20421,contending,contend,Word,contending,2.3338037283138147
20422,contends,contend,Word,contends,2.7608528402692794
20423,content,content,Word,content,2.7583020741994213
20427,contenting,content,Word,contenting,1.9904036524987345
20428,contention,contention,Word,contention,2.9872554070011286
20429,contentions,contention,Word,contentions,3.074098120924633
20435,contents,contents,Word,contents,2.9949050428251716
20461,continent,continent,Word,continent,2.9101639853056227
20467,continents,continent,Word,continents,3.5759471529970352
20475,continual,continual,Word,continual,2.6501807005693094
20480,continuation,continuation,Word,continuation,2.332301721306751
20481,continuations,continuation,Lemma,continuation,2.332301721306751
20484,continue,continue,Word,continue,2.2106759838843355
20485,continued,continue,Word,continued,2.217947026692954
20487,continues,continue,Word,continues,2.5923480473744767
20488,continuing,continue,Word,continuing,2.270942432607598
20490,continuities,continuity,Word,continuities,3.3530154252504407
20491,continuity,continuity,Word,continuity,3.1024254006947722
20494,continuous,continuous,Word,continuous,2.5096420740093928
20511,contours,contour,Word,contours,3.295825855555326
20522,contract,contract,Word,contract,3.05957546909636
20523,contracted,contract,Word,contracted,2.8944232462604482
20530,contracting,contract,Word,contracting,2.91313277409042
20531,contraction,contraction,Word,contraction,4.001904570325939
20532,contractions,contraction,Lemma,contraction,4.001904570325939
20534,contractor,contractor,Word,contractor,3.2259017672215924
20536,contractors,contractor,Word,contractors,3.0951366095313926
20537,contracts,contract,Word,contracts,3.0236311447189794
20575,contraption,contraption,Word,contraption,3.3192961055333683
20576,contraptions,contraption,Word,contraptions,3.3148489751001566
20586,contrary,contrary,Word,contrary,2.724225985336081
20587,contrast,contrast,Word,contrast,2.6516113623518027
20589,contrasted,contrast,Word,contrasted,3.1086255584228892
20590,contrasting,contrast,Word,contrasting,2.743400138433003
20594,contrasts,contrast,Word,contrasts,3.0822509682432644
20630,control,control,Word,control,2.616051495639249
20631,controling,control,Lemma,control,2.616051495639249
20635,controlled,control,Word,controlled,2.6901308839548017
20640,controlling,control,Word,controlling,2.6311472609241884
20641,controls,control,Word,controls,2.7275084128351863
20647,controversies,controversy,Word,controversies,3.336008642568544
20648,controversy,controversy,Word,controversy,3.254232403242959
20696,convenience,convenience,Word,convenience,3.0683279735511273
20697,conveniences,convenience,Word,conveniences,3.14708754515688
20698,convenient,convenient,Word,convenient,2.8959598802490754
20701,convent,convent,Word,convent,3.6150286518049186
20705,convention,convention,Word,convention,3.119466254090569
20706,conventional,conventional,Word,conventional,2.640060995997306
20715,conventions,convention,Word,conventions,3.2735014905044344
20716,convents,convent,Lemma,convent,3.6150286518049186
20729,conversation,conversation,Word,conversation,3.0252708582240015
20734,conversations,conversation,Word,conversations,3.154475533283912
20738,converse,converse,Word,converse,2.9594527551470864
20739,conversed,converse,Lemma,converse,2.9594527551470864
20742,converses,converse,Lemma,converse,2.9594527551470864
20743,conversing,converse,Word,conversing,3.1205450374066452
20762,convey,convey,Word,convey,2.910795792289826
20769,conveyed,convey,Word,conveyed,2.976854485210787
20772,conveying,convey,Word,conveying,2.7788903953869957
20774,conveys,convey,Word,conveys,3.074300582778408
20775,convict,convict,Word,convict,3.2116238404848945
20778,convicted,convict,Word,convicted,3.727876368265539
20779,convicting,convict,Word,convicting,3.6900190526598853
20780,conviction,conviction,Word,conviction,3.110901742177736
20782,convictions,conviction,Word,convictions,3.4584918498507564
20785,convicts,convict,Word,convicts,3.3161507166393167
20786,convince,convince,Word,convince,2.757075993887522
20787,convinced,convince,Word,convinced,2.3847996682014645
20790,convinces,convince,Lemma,convince,2.757075993887522
20844,cooing,coo,Word,cooing,3.3539546125377293
20846,cook,cook,Word,cook,3.2081199735376926
20851,cooked,cook,Word,cooked,3.0281383679952194
20863,cooks,cook,Word,cooks,3.241441285834973
20866,cool,cool,Word,cool,2.534524185232215
20869,cooled,cool,Word,cooled,3.2604550973471724
20870,cooler,cooler,Word,cooler,3.0316921024451995
20871,coolers,cooler,Word,coolers,3.302226629583053
20880,cooling,cool,Word,cooling,3.1434377088952106
20885,cools,cool,Word,cools,3.6522636318391886
20926,cop,cop,Word,cop,3.138396229944409
20932,cope,cope,Word,cope,3.085016473383835
20935,coped,cope,Lemma,cope,3.085016473383835
20941,copes,cope,Word,copes,3.408163989528733
20944,copied,copy,Word,copied,3.3487206185418574
20947,copies,copy,Word,copies,3.3581035083475554
20950,coping,cope,Word,coping,3.0151622222717296
20966,copped,cop,Lemma,cop,3.138396229944409
20967,copper,copper,Word,copper,3.2969815187832716
20969,coppered,copper,Lemma,copper,3.2969815187832716
20972,coppering,copper,Lemma,copper,3.2969815187832716
20975,coppers,copper,Lemma,copper,3.2969815187832716
20984,copping,cop,Lemma,cop,3.138396229944409
20990,cops,cop,Word,cops,2.9877856183181946
21011,copy,copy,Word,copy,3.0524870467045897
21060,corals,coral,Lemma,coral,3.6722683857179157
21066,cord,cord,Word,cord,3.4410313469418226
21069,corded,cord,Word,corded,3.721905646877401
21071,cordial,cordial,Word,cordial,3.6003580655066707
21076,cordials,cordial,Lemma,cordial,3.6003580655066707
21081,cording,cord,Lemma,cord,3.4410313469418226
21087,cords,cord,Word,cords,3.6179325210853177
21092,core,core,Word,core,2.397431262947764
21093,cored,core,Lemma,core,2.397431262947764
21102,cores,core,Word,cores,3.6121195102370183
21110,coring,core,Lemma,core,2.397431262947764
21118,cork,cork,Word,cork,3.410084631869325
21121,corked,cork,Word,corked,3.6822963101403814
21125,corks,cork,Word,corks,3.8044404006783243
21134,corn,corn,Word,corn,3.1938406482493575
21154,corner,corner,Word,corner,2.5397502500868963
21156,cornered,corner,Word,cornered,2.698095030423228
21157,cornering,corner,Word,cornering,3.364454879280378
21158,corners,corner,Word,corners,2.6792212819481245
21183,corns,corn,Word,corns,3.477827450790261
21203,coronaries,coronary,Word,coronaries,2.5591813095828755
21204,coronary,coronary,Word,coronary,3.8088260843099513
21225,corporate,corporate,Word,corporate,2.379508858087928
21227,corporation,corporation,Word,corporation,2.518834991403884
21229,corporations,corporation,Word,corporations,2.8399569956935435
21241,corpse,corpse,Word,corpse,3.2592661281740174
21242,corpses,corpse,Word,corpses,3.708397902758849
21259,correct,correct,Word,correct,2.49988930124056
21261,corrected,correct,Word,corrected,2.9545178286986205
21263,correcting,correct,Lemma,correct,2.49988930124056
21266,corrections,correction,Word,corrections,3.1152268999573534
21275,corrects,correct,Lemma,correct,2.49988930124056
21289,correspond,correspond,Word,correspond,3.3666311186935602
21290,corresponded,correspond,Word,corresponded,3.1111571927132293
21298,corresponds,correspond,Word,corresponds,3.2558593343701254
21301,corridor,corridor,Word,corridor,2.992872757786637
21302,corridors,corridor,Word,corridors,3.07926881715326
21331,corrosion,corrosion,Word,corrosion,4.169227091613558
21332,corrosive,corrosive,Word,corrosive,3.2429988747462013
21335,corrosives,corrosive,Lemma,corrosive,3.2429988747462013
21373,cortex,cortex,Word,cortex,4.310492712821234
21378,cortices,cortex,Lemma,cortex,4.310492712821234
21424,cosmetic,cosmetic,Word,cosmetic,3.259028144552535
21428,cosmetics,cosmetic,Word,cosmetics,3.1929130834165957
21431,cosmic,cosmic,Word,cosmic,3.3274795669744592
21472,cost,cost,Word,cost,2.4342578935472634
21480,costed,cost,Lemma,cost,2.4342578935472634
21485,costing,cost,Word,costing,2.758450326931865
21494,costly,costly,Word,costly,2.7418929903308853
21497,costs,cost,Word,costs,2.801281346601766
21498,costume,costume,Word,costume,3.3367882283607386
21499,costumed,costume,Word,costumed,3.3911653190535587
21502,costumes,costume,Word,costumes,3.5167606614680484
21529,cottage,cottage,Word,cottage,3.1844537772770987
21532,cottages,cottage,Word,cottages,3.4967175413554483
21540,cotton,cotton,Word,cotton,3.4655595766958536
21542,cottoned,cotton,Lemma,cotton,3.4655595766958536
21554,couch,couch,Word,couch,3.1253069689379847
21556,couched,couch,Word,couched,3.170593321187666
21557,couches,couch,Word,couches,3.190749902377474
21560,couching,couch,Lemma,couch,3.1253069689379847
21565,cough,cough,Word,cough,3.1459100032814775
21566,coughed,cough,Word,coughed,3.3677363275486396
21568,coughing,cough,Word,coughing,3.380404905987346
21571,coughs,cough,Lemma,cough,3.1459100032814775
21587,council,council,Word,council,2.8216337945916603
21595,councils,council,Word,councils,3.08699609750176
21597,counsel,counsel,Word,counsel,3.3279681195461466
21598,counseled,counsel,Word,counseled,2.86816787885882
21601,counselled,counsel,Lemma,counsel,3.3279681195461466
21607,counsels,counsel,Lemma,counsel,3.3279681195461466
21608,count,count,Word,count,2.542079147781139
21612,counted,count,Word,counted,2.43687217629921
21618,counter,counter,Word,counter,2.60627148586619
21620,counteract,counteract,Word,counteract,2.8818038692034675
21621,counteracted,counteract,Word,counteracted,3.038295946665973
21622,counteracting,counteract,Word,counteracting,3.073299231623696
21626,counteracts,counteract,Lemma,counteract,2.8818038692034675
21662,countered,counter,Word,countered,2.6737480193815752
21680,countering,counter,Lemma,counter,2.60627148586619
21712,counterpart,counterpart,Word,counterpart,3.0044225639362616
21713,counterparts,counterpart,Word,counterparts,2.9778977029877667
21740,counters,counter,Word,counters,2.7481583379945294
21787,counties,county,Word,counties,3.7985913006208993
21789,counting,count,Word,counting,2.4035174276992914
21794,countries,country,Word,countries,2.856231619420955
21798,country,country,Word,country,1.9889105802766571
21801,countrymen,countryman,Word,countrymen,3.037034922913742
21803,countryside,countryside,Word,countryside,3.2270551990799965
21807,counts,count,Word,counts,2.804421510869807
21810,coup,coup,Word,coup,3.5374447037824863
21817,couple,couple,Word,couple,2.2695092091812574
21819,coupled,couple,Word,coupled,2.528842048570944
21822,couples,couple,Word,couples,3.2551188664820523
21829,coupons,coupon,Word,coupons,3.495495512674088
21830,coups,coup,Word,coups,4.100354209970081
21832,courageous,courageous,Word,courageous,2.981882723356705
21848,courses,course,Word,courses,3.0569458054138146
21851,coursing,course,Word,coursing,3.5277754335490625
21852,court,court,Word,court,2.650904363693653
21854,courted,court,Word,courted,3.235479850116677
21862,courtesies,courtesy,Lemma,courtesy,2.428669670852484
21863,courtesy,courtesy,Word,courtesy,2.428669670852484
21868,courting,court,Word,courting,2.9341833440632237
21877,courts,court,Word,courts,2.8800554675605845
21878,courtship,courtship,Word,courtship,3.5525501566775057
21879,courtships,courtship,Lemma,courtship,3.5525501566775057
21881,courtyard,courtyard,Word,courtyard,3.0994778599077244
21882,courtyards,courtyard,Word,courtyards,3.487045218308915
21885,cousin,cousin,Word,cousin,2.539959673470216
21889,cousins,cousin,Word,cousins,2.738954045517772
21914,cover,cover,Word,cover,2.4063033311398634
21915,coverage,coverage,Word,coverage,3.090820647459417
21918,covered,cover,Word,covered,2.5786449253460684
21920,covering,cover,Word,covering,2.42026382305372
21926,covers,cover,Word,covers,2.872242831997827
21934,coves,cove,Word,coves,3.7961156015537862
21948,cow,cow,Word,cow,3.067037839094972
21950,coward,coward,Word,coward,3.3187551257729786
21954,cowardly,cowardly,Word,cowardly,3.0796612603573066
21955,cowards,coward,Lemma,coward,3.3187551257729786
21962,cowboy,cowboy,Word,cowboy,3.2552701162000957
21964,cowboys,cowboy,Word,cowboys,3.384682486781125
21967,cowed,cow,Lemma,cow,3.067037839094972
21989,cowing,cow,Lemma,cow,3.067037839094972
22014,cows,cow,Word,cows,3.02860473643894
22057,crab,crab,Word,crab,3.497852033185962
22066,crabbing,crab,Lemma,crab,3.497852033185962
22071,crabs,crab,Word,crabs,3.6864499511187994
22075,crack,crack,Word,crack,2.902712832771902
22080,cracked,crack,Word,cracked,2.789339662426051
22081,cracker,cracker,Word,cracker,2.9401900140812955
22083,crackers,cracker,Word,crackers,3.1492811007457875
22084,cracking,crack,Word,cracking,2.934508107899738
22086,crackled,crackle,Word,crackled,3.8241820444930483
22087,crackles,crackle,Word,crackles,3.7945127002859675
22094,cracks,crack,Word,cracks,3.2986523035896007
22100,cradle,cradle,Word,cradle,3.24087522069948
22102,cradled,cradle,Word,cradled,3.682009658609408
22106,cradling,cradle,Lemma,cradle,3.24087522069948
22107,craft,craft,Word,craft,2.6491312288507123
22108,crafted,craft,Lemma,craft,2.6491312288507123
22114,crafting,craft,Lemma,craft,2.6491312288507123
22115,crafts,craft,Word,crafts,3.5942330194630423
22116,craftsman,craftsman,Word,craftsman,3.3173856679142744
22119,craftsmen,craftsman,Word,craftsmen,3.47823528915756
22123,crafty,crafty,Word,crafty,2.759438605654985
22141,crammed,cram,Word,crammed,3.1502051443173156
22157,craned,crane,Lemma,crane,3.7211575646912034
22159,cranes,crane,Word,cranes,3.7154304997437695
22171,crank,crank,Word,crank,2.7648306182185087
22173,cranked,crank,Lemma,crank,2.7648306182185087
22178,cranking,crank,Lemma,crank,2.7648306182185087
22180,cranks,crank,Lemma,crank,2.7648306182185087
22207,crash,crash,Word,crash,3.3563829508329404
22208,crashed,crash,Word,crashed,3.588659311265577
22210,crashes,crash,Word,crashes,3.8442439631973673
22211,crashing,crash,Word,crashing,3.197908535570781
22217,crate,crate,Word,crate,3.2387825096349334
22218,crated,crate,Lemma,crate,3.2387825096349334
22226,craters,crater,Word,craters,4.348950037981641
22227,crates,crate,Word,crates,3.2305661405007364
22228,crating,crate,Lemma,crate,3.2387825096349334
22247,crawl,crawl,Word,crawl,2.9342864270560876
22248,crawled,crawl,Word,crawled,3.230825962229238
22251,crawling,crawl,Word,crawling,2.831901681757243
22253,crawls,crawl,Word,crawls,3.493014788117327
22270,crazy,crazy,Word,crazy,2.6177855106929244
22273,creaked,creak,Word,creaked,3.7481858706799294
22278,creaking,creak,Word,creaking,3.5150461742682544
22280,creaks,creak,Word,creaks,3.7764802674646427
22282,cream,cream,Word,cream,3.0573237278799326
22292,creaming,cream,Lemma,cream,3.0573237278799326
22294,creams,cream,Word,creams,3.6666690785168634
22295,creamy,creamy,Word,creamy,3.4943797732615463
22305,create,create,Word,create,2.3615053076297228
22306,created,create,Word,created,2.3334861027520364
22307,creates,create,Word,creates,2.9936316343222265
22309,creating,create,Word,creating,2.3075968650573113
22311,creation,creation,Word,creation,2.422091403983868
22317,creations,creation,Word,creations,2.896153952665307
22318,creative,creative,Word,creative,2.689390454932179
22322,creator,creator,Word,creator,2.821898383742366
22323,creators,creator,Word,creators,2.879213402525973
22326,creature,creature,Word,creature,2.942238202415412
22328,creatures,creature,Word,creatures,3.1835495267399976
22470,crib,crib,Word,crib,3.6717671133400906
22472,cribbed,crib,Lemma,crib,3.6717671133400906
22474,cribbing,crib,Lemma,crib,3.6717671133400906
22476,cribs,crib,Word,cribs,5.355022518328928
22480,cricket,cricket,Word,cricket,3.6725527058459106
22483,cricketing,cricket,Lemma,cricket,3.6725527058459106
22484,crickets,cricket,Word,crickets,3.3595008385348795
22488,cried,cry,Word,cried,3.3030808863440875
22491,cries,cry,Word,cries,3.278969067463906
22493,crime,crime,Word,crime,3.090060626166561
22496,crimed,crime,Lemma,crime,3.090060626166561
22499,crimes,crime,Word,crimes,3.322762917981425
22500,criminal,criminal,Word,criminal,2.7939985880289413
22507,criminals,criminal,Word,criminals,3.149907214094581
22511,criming,crime,Lemma,crime,3.090060626166561
22556,crippled,cripple,Word,crippled,2.7942022400197724
22561,crises,crisis,Word,crises,3.2420536052094477
22562,crisis,crisis,Word,crisis,2.8919924287436642
22563,crisp,crisp,Word,crisp,3.106672480329658
22565,crisped,crisp,Lemma,crisp,3.106672480329658
22567,crispest,crisp,Lemma,crisp,3.106672480329658
22572,crisping,crisp,Lemma,crisp,3.106672480329658
22575,crisps,crisp,Lemma,crisp,3.106672480329658
22583,criteria,criterion,Word,criteria,3.2832159740858478
22586,critic,critic,Word,critic,3.605719582236126
22588,critical,critical,Word,critical,2.420878876916641
22593,criticism,criticism,Word,criticism,3.283335918200102
22594,criticisms,criticism,Word,criticisms,3.155377896256403
22600,critics,critic,Word,critics,2.882554177883936
22613,croaks,croak,Word,croaks,3.7447885917902486
22631,crocodile,crocodile,Word,crocodile,3.7852396558381662
22632,crocodiles,crocodile,Lemma,crocodile,3.7852396558381662
22655,crook,crook,Word,crook,3.041143375850401
22658,crooked,crooked,Word,crooked,3.0341093922818696
22661,crooking,crook,Lemma,crook,3.041143375850401
22663,crooks,crook,Word,crooks,3.174965252310299
22670,crop,crop,Word,crop,3.1941518275071896
22672,cropped,crop,Word,cropped,3.236157819151886
22675,cropping,crop,Word,cropping,3.2598635150584796
22677,crops,crop,Word,crops,3.4490746206955913
22688,cross,cross,Word,cross,2.756352842203935
22718,crossed,cross,Word,crossed,3.089269981560509
22720,crosses,cross,Word,crosses,3.0121180055836607
22728,crossing,cross,Word,crossing,2.893695343727662
22774,crouched,crouch,Word,crouched,3.638833498234965
22777,crouching,crouch,Word,crouching,3.4539455717501415
22787,crow,crow,Word,crow,2.8805863273783383
22792,crowd,crowd,Word,crowd,2.9239295909113743
22793,crowded,crowd,Word,crowded,2.7888526147366526
22798,crowding,crowd,Word,crowding,2.886086394133673
22799,crowds,crowd,Word,crowds,3.224925802495148
22801,crowed,crow,Word,crowed,2.534670509846155
22805,crowing,crow,Word,crowing,3.0964714944511162
22807,crown,crown,Word,crown,3.0936329717196864
22808,crowned,crown,Word,crowned,3.1297956617789557
22812,crowns,crown,Word,crowns,3.4061904639066336
22814,crows,crow,Word,crows,3.056791715814838
22820,crucial,crucial,Word,crucial,2.4473377097508995
22840,crude,crude,Word,crude,3.71658962311023
22847,cruel,cruel,Word,cruel,2.964944566426514
22853,cruelties,cruelty,Lemma,cruelty,3.362655140766812
22854,cruelty,cruelty,Word,cruelty,3.362655140766812
22857,cruise,cruise,Word,cruise,3.16054696326337
22859,cruised,cruise,Lemma,cruise,3.16054696326337
22863,cruises,cruise,Word,cruises,3.6278533458417686
22864,cruising,cruise,Word,cruising,2.963372486659113
22866,crumb,crumb,Word,crumb,3.407157376849591
22867,crumble,crumble,Word,crumble,3.4016444699639936
22868,crumbled,crumble,Word,crumbled,3.2339606939355403
22869,crumbles,crumble,Lemma,crumble,3.4016444699639936
22873,crumbling,crumble,Word,crumbling,2.9347199174284437
22875,crumbs,crumb,Lemma,crumb,3.407157376849591
22892,crunch,crunch,Word,crunch,2.889750908858248
22894,crunched,crunch,Word,crunched,3.0306776052488544
22896,crunches,crunch,Lemma,crunch,2.889750908858248
22900,crunching,crunch,Lemma,crunch,2.889750908858248
22906,crusade,crusade,Word,crusade,3.0084253570266037
22907,crusaded,crusade,Lemma,crusade,3.0084253570266037
22911,crusading,crusade,Word,crusading,3.068670228020321
22914,crush,crush,Word,crush,2.801177282898928
22917,crushed,crush,Word,crushed,2.874240443739779
22920,crushes,crush,Lemma,crush,2.801177282898928
22921,crushing,crush,Word,crushing,2.610437852769866
22923,crust,crust,Word,crust,3.860854743881931
22928,crusted,crust,Lemma,crust,3.860854743881931
22933,crusts,crust,Lemma,crust,3.860854743881931
22944,cry,cry,Word,cry,2.9189005300351125
22947,crying,cry,Word,crying,3.1952284174614527
22985,crystal,crystal,Word,crystal,3.324371220375506
23004,crystals,crystal,Word,crystals,3.638398999825241
23023,cube,cube,Word,cube,3.0013619875217428
23025,cubed,cube,Word,cubed,3.370817393144616
23026,cubes,cube,Word,cubes,3.2189042973316715
23027,cubic,cubic,Word,cubic,3.8013412980628134
23033,cubing,cube,Lemma,cube,3.0013619875217428
23075,cue,cue,Word,cue,2.7370224114809503
23077,cues,cue,Word,cues,3.5715328976042025
23078,cuff,cuff,Word,cuff,3.264312157782299
23079,cuffed,cuff,Lemma,cuff,3.264312157782299
23083,cuffs,cuff,Word,cuffs,3.4189742323278485
23124,cult,cult,Word,cult,3.25404412976891
23135,cultivate,cultivate,Word,cultivate,2.946455539259661
23136,cultivated,cultivate,Word,cultivated,2.988640359132805
23137,cultivates,cultivate,Word,cultivates,3.3525619693981645
23138,cultivating,cultivate,Word,cultivating,2.9285734503321015
23139,cultivation,cultivation,Word,cultivation,3.5274074809472684
23143,cults,cult,Word,cults,3.5510813771822876
23144,cultural,cultural,Word,cultural,2.7508433557323193
23146,culture,culture,Word,culture,2.690280655672478
23150,cultures,culture,Word,cultures,3.2192647611658227
23199,cunning,cunning,Word,cunning,2.9325484487510534
23206,cup,cup,Word,cup,3.062361680534856
23209,cupboard,cupboard,Word,cupboard,3.463578405027983
23210,cupboards,cupboard,Word,cupboards,3.418035246561813
23223,cupped,cup,Word,cupped,3.6638347388651993
23225,cupping,cup,Lemma,cup,3.062361680534856
23233,cups,cup,Word,cups,3.137208763124287
23252,curator,curator,Word,curator,3.780439406083343
23254,curators,curator,Lemma,curator,3.780439406083343
23257,curb,curb,Word,curb,2.9643504491573753
23258,curbed,curb,Lemma,curb,2.9643504491573753
23259,curbing,curb,Word,curbing,2.9689077320100075
23260,curbs,curb,Word,curbs,3.350299920516219
23272,cure,cure,Word,cure,3.2920637809330544
23273,cured,cure,Word,cured,3.3010335924778773
23277,cures,cure,Word,cures,3.762514335801111
23290,curing,cure,Word,curing,3.3163597646402483
23294,curiosities,curiosity,Lemma,curiosity,3.133214525191336
23295,curiosity,curiosity,Word,curiosity,3.133214525191336
23296,curious,curious,Word,curious,2.40894947267825
23300,curl,curl,Word,curl,3.2633902928205827
23301,curled,curl,Word,curled,3.6984864000717526
23311,curling,curl,Word,curling,3.7529671866449115
23313,curls,curl,Word,curls,3.5290155390657727
23320,currencies,currency,Word,currencies,5.094527660027122
23321,currency,currency,Word,currency,3.5450924199744107
23322,current,current,Word,current,1.8316703751017545
23324,currents,current,Word,currents,3.6582187925004477
23341,curse,curse,Word,curse,3.0930015464405565
23342,cursed,curse,Word,cursed,2.819090940148808
23346,curses,curse,Word,curses,3.3384709707124482
23383,curvature,curvature,Word,curvature,3.760723831287525
23384,curve,curve,Word,curve,3.2593627951675814
23388,curves,curve,Word,curves,3.3909663822118903
23391,curving,curve,Word,curving,3.3136802144809354
23403,cushion,cushion,Word,cushion,3.391615413209466
23404,cushioned,cushion,Lemma,cushion,3.391615413209466
23406,cushions,cushion,Word,cushions,3.2312556374574117
23429,custodian,custodian,Word,custodian,3.039720233413988
23430,custodians,custodian,Lemma,custodian,3.039720233413988
23432,custody,custody,Word,custody,3.71181145090243
23433,custom,custom,Word,custom,2.6141885083377177
23438,customer,customer,Word,customer,2.8934821571799176
23440,customers,customer,Word,customers,2.805986153174131
23446,customs,custom,Word,customs,3.2455897109907434
23447,cut,cut,Word,cut,2.4532197753688934
23454,cute,cute,Word,cute,2.966453888887474
23477,cuts,cut,Word,cuts,3.1106459730929963
23479,cutters,cutter,Word,cutters,3.310904885790992
23482,cutting,cut,Word,cutting,2.63513965682239
23522,cycle,cycle,Word,cycle,2.6818968742271383
23523,cycled,cycle,Word,cycled,3.1025896012583476
23525,cycles,cycle,Word,cycles,2.979268968602591
23564,cylinder,cylinder,Word,cylinder,3.3163278245116
23567,cylinders,cylinder,Word,cylinders,3.5268250559766994
23669,dab,dab,Word,dab,3.248053775834923
23670,dabbed,dab,Word,dabbed,4.35464636975218
23672,dabbing,dab,Word,dabbing,3.6791053941937313
23682,dabs,dab,Lemma,dab,3.248053775834923
23708,dads,dad,Lemma,dad,2.805973540782202
23748,dailies,daily,Lemma,daily,2.548894249189527
23749,daily,daily,Word,daily,2.548894249189527
23752,dainties,dainty,Lemma,dainty,2.982890600641827
23756,dainty,dainty,Word,dainty,2.982890600641827
23759,dairies,dairy,Lemma,dairy,3.1661252212340654
23760,dairy,dairy,Word,dairy,3.1661252212340654
23761,dairying,dairy,Lemma,dairy,3.1661252212340654
23769,daisies,daisy,Word,daisies,3.386139642608222
23796,dam,dam,Word,dam,3.4925963022887694
23798,damage,damage,Word,damage,3.1553604123991756
23801,damaged,damage,Word,damaged,3.1125867785734163
23814,dame,dame,Word,dame,3.729412225970661
23816,dames,dame,Lemma,dame,3.729412225970661
23818,dammed,dam,Word,dammed,3.4935922294145287
23819,damming,dam,Lemma,dam,3.4925963022887694
23837,damp,damp,Word,damp,2.9295504493048634
23838,damped,damp,Lemma,damp,2.9295504493048634
23846,dampest,damp,Lemma,damp,2.9295504493048634
23847,damping,damp,Lemma,damp,2.9295504493048634
23851,damps,damp,Lemma,damp,2.9295504493048634
23852,dams,dam,Word,dams,3.7957418792309756
23868,danced,dance,Word,danced,3.3725607750889957
23872,dancer,dancer,Word,dancer,3.5231976496618826
23874,dancers,dancer,Word,dancers,3.3407479375924165
23875,dances,dance,Word,dances,3.293453475399587
23909,danger,danger,Word,danger,2.816393154390498
23910,dangerous,dangerous,Word,dangerous,2.677112820290735
23913,dangers,danger,Word,dangers,3.299967785852423
23916,dangled,dangle,Word,dangled,3.5288294990284492
23919,dangling,dangle,Word,dangling,3.177039845694944
23955,dare,dare,Word,dare,2.6110524682703047
23956,dared,dare,Word,dared,2.9859486452102746
23962,dares,dare,Word,dares,3.319228947674336
23965,daring,daring,Word,daring,2.5720949565939217
23969,dark,dark,Word,dark,2.5253019926477935
23970,darken,darken,Word,darken,3.5954378274417156
23973,darkening,darken,Word,darkening,3.2107170757556283
23974,darkens,darken,Lemma,darken,3.5954378274417156
23985,darkness,darkness,Word,darkness,3.3656518011319476
23992,darling,darling,Word,darling,2.992423023414266
23995,darlings,darling,Lemma,darling,2.992423023414266
24009,darted,dart,Word,darted,3.609404986701173
24025,dash,dash,Word,dash,2.662427925133914
24026,dashboard,dashboard,Word,dashboard,3.390712403254428
24027,dashboards,dashboard,Lemma,dashboard,3.390712403254428
24028,dashed,dash,Word,dashed,2.815766765187018
24031,dashes,dash,Word,dashes,3.043618191690046
24034,dashing,dash,Word,dashing,2.578810055111212
24043,data,datum,Word,data,2.9027561291278605
24052,date,date,Word,date,2.559402658457676
24054,dated,date,Word,dated,3.076727737326538
24060,dates,date,Word,dates,2.9502019304202
24061,dating,date,Word,dating,3.0735140675213857
24074,daughter,daughter,Word,daughter,2.7935816259539172
24079,daughters,daughter,Word,daughters,3.0652478899276185
24114,dawn,dawn,Word,dawn,2.896651199137793
24115,dawned,dawn,Lemma,dawn,2.896651199137793
24116,dawning,dawn,Word,dawning,3.0795135529315707
24117,dawns,dawn,Word,dawns,3.2517235902801733
24119,day,day,Word,day,1.8923914108922673
24137,daylight,daylight,Word,daylight,3.0917280068282738
24143,days,day,Word,days,2.2360144294927347
24147,daytime,daytime,Word,daytime,3.109261547253795
24148,daytimes,daytime,Lemma,daytime,3.109261547253795
24152,dazed,daze,Word,dazed,3.5481031007051542
24177,dead,dead,Word,dead,2.836257282820608
24198,deadly,deadly,Word,deadly,2.7107068755972974
24201,deads,dead,Lemma,dead,2.836257282820608
24204,deaf,deaf,Word,deaf,3.37211594803413
24214,deal,deal,Word,deal,2.5308972071267175
24215,dealer,dealer,Word,dealer,3.350873752230248
24217,dealers,dealer,Word,dealers,3.263482816770535
24220,dealing,deal,Word,dealing,2.5258273395273583
24223,deals,deal,Word,deals,2.675147299767593
24224,dealt,deal,Word,dealt,2.8004439066399307
24232,dear,dear,Word,dear,3.0551416116866292
24240,dears,dear,Lemma,dear,3.0551416116866292
24243,death,death,Word,death,2.8293213838662323
24255,deaths,death,Word,deaths,3.707571171182916
24286,debate,debate,Word,debate,3.020048371568951
24287,debated,debate,Word,debated,2.951568066599066
24290,debates,debate,Word,debates,3.0409164219613896
24291,debating,debate,Word,debating,2.9048154050058836
24335,debris,debris,Word,debris,3.588586483808473
24337,debt,debt,Word,debt,3.309591682618038
24341,debts,debt,Word,debts,3.5232583374953514
24363,decade,decade,Word,decade,2.467609726122039
24369,decades,decade,Word,decades,2.700118071012877
24422,decay,decay,Word,decay,3.333572384050633
24423,decayed,decay,Word,decayed,3.3682816755357936
24424,decaying,decay,Word,decaying,2.889419297190616
24425,decays,decay,Word,decays,4.177267203947
24428,deceased,deceased,Word,deceased,2.7889511177397686
24463,decent,decent,Word,decent,2.6146729779566034
24482,decide,decide,Word,decide,2.595456777415668
24483,decided,decide,Word,decided,2.401358268672943
24487,decides,decide,Word,decides,2.9720435972512735
24488,deciding,decide,Word,deciding,2.562289060484579
24518,decision,decision,Word,decision,2.619266301370783
24521,decisions,decision,Word,decisions,2.9541574242938866
24522,decisive,decisive,Word,decisive,2.6833971672623784
24525,deck,deck,Word,deck,2.806671406130894
24528,decked,deck,Word,decked,3.448671409826015
24533,decking,deck,Word,decking,3.2286676473546327
24536,decks,deck,Word,decks,2.934652461311686
24546,declaration,declaration,Word,declaration,2.832280713201912
24547,declarations,declaration,Word,declarations,3.015787773969188
24551,declare,declare,Word,declare,2.8076659640790003
24552,declared,declare,Word,declared,2.663508095185521
24555,declares,declare,Word,declares,2.924822051972288
24556,declaring,declare,Word,declaring,2.4068262185640603
24649,decorate,decorate,Word,decorate,3.344540549388356
24650,decorated,decorate,Word,decorated,3.262476060149282
24651,decorates,decorate,Lemma,decorate,3.344540549388356
24652,decorating,decorate,Word,decorating,3.3071247970444673
24653,decoration,decoration,Word,decoration,3.0562439494797013
24654,decorations,decoration,Word,decorations,3.2707152086834905
24655,decorative,decorative,Word,decorative,3.011720618708728
24679,decree,decree,Word,decree,3.4884439482625873
24680,decreed,decree,Word,decreed,2.8697614955603328
24681,decreeing,decree,Word,decreeing,3.0860986931679473
24682,decrees,decree,Word,decrees,3.4170879132097767
24708,dedicated,dedicate,Word,dedicated,2.4868874392892915
24713,dedication,dedication,Word,dedication,3.0122642101475003
24714,dedications,dedication,Lemma,dedication,3.0122642101475003
24740,deed,deed,Word,deed,3.2449179814265654
24744,deeds,deed,Word,deeds,3.367782686699978
24749,deemed,deem,Word,deemed,2.6991953811840754
24752,deep,deep,Word,deep,2.5331780223336766
24754,deepened,deepen,Word,deepened,3.1087229670680174
24756,deepening,deepen,Word,deepening,2.7975580519565333
24763,deeps,deep,Word,deeps,2.906754705931198
24765,deer,deer,Word,deer,3.6746694344263493
24806,defeat,defeat,Word,defeat,3.1090298544219808
24807,defeated,defeat,Word,defeated,3.1999041618204997
24809,defeating,defeat,Word,defeating,3.183954881264676
24813,defeats,defeat,Word,defeats,3.6547492948815683
24837,defend,defend,Word,defend,2.866125051718568
24839,defendant,defendant,Word,defendant,3.0349659657118546
24841,defendants,defendant,Word,defendants,3.0747248450681606
24842,defended,defend,Word,defended,2.97964547894738
24844,defenders,defender,Word,defenders,3.3074898746151464
24845,defending,defend,Word,defending,2.6387735701200103
24846,defends,defend,Word,defends,3.674647714922758
24858,defensive,defensive,Word,defensive,3.196927332564755
24876,defiance,defiance,Word,defiance,3.0583756066495393
24882,deficiencies,deficiency,Word,deficiencies,3.203421738050508
24883,deficiency,deficiency,Word,deficiency,3.294136243613258
24884,deficient,deficient,Word,deficient,3.1637668442981224
24886,deficit,deficit,Word,deficit,3.6436198486411175
24887,deficits,deficit,Word,deficits,3.8763901758306467
24888,defied,defy,Word,defied,3.3843416731038074
24889,defies,defy,Lemma,defy,3.2163490000285377
24901,define,define,Word,define,2.731018064919988
24902,defined,define,Word,defined,2.739797433892315
24904,defines,define,Word,defines,3.014370164211828
24905,defining,define,Word,defining,2.5505795469734394
24906,definite,definite,Word,definite,2.42485666228428
24909,definition,definition,Word,definition,2.9865215396803904
24911,definitions,definition,Word,definitions,3.166127965637397
25009,defy,defy,Word,defy,3.2163490000285377
25010,defying,defy,Word,defying,3.0635134104026425
25039,degradation,degradation,Word,degradation,3.2144859218290702
25040,degradations,degradation,Lemma,degradation,3.2144859218290702
25050,degree,degree,Word,degree,3.1044787940058014
25052,degrees,degree,Word,degrees,3.52602764875023
25138,delay,delay,Word,delay,2.740112220744763
25139,delayed,delay,Word,delayed,2.9454557578834475
25141,delaying,delay,Lemma,delay,2.740112220744763
25142,delays,delay,Word,delays,3.346360958592553
25153,delegate,delegate,Word,delegate,3.346327893175684
25154,delegated,delegate,Word,delegated,3.102496015691656
25155,delegates,delegate,Word,delegates,3.4828196857013896
25156,delegating,delegate,Word,delegating,3.2397241031822963
25157,delegation,delegation,Word,delegation,3.4251185893498124
25158,delegations,delegation,Word,delegations,3.4618897465525205
25178,deliberate,deliberate,Word,deliberate,2.580670033271371
25179,deliberated,deliberate,Lemma,deliberate,2.580670033271371
25182,deliberates,deliberate,Lemma,deliberate,2.580670033271371
25183,deliberating,deliberate,Lemma,deliberate,2.580670033271371
25190,delicacies,delicacy,Word,delicacies,3.5874763738308717
25191,delicacy,delicacy,Word,delicacy,3.5161770290518706
25192,delicate,delicate,Word,delicate,2.912860040033358
25202,delight,delight,Word,delight,2.8877347480446156
25203,delighted,delighted,Word,delighted,3.367130113031376
25206,delightful,delightful,Word,delightful,2.678809715177611
25209,delighting,delight,Word,delighting,3.0049299733373394
25210,delights,delight,Word,delights,2.987666996591594
25239,delinquent,delinquent,Word,delinquent,3.5480532702875083
25241,delinquents,delinquent,Word,delinquents,3.507807200830938
25256,deliver,deliver,Word,deliver,2.537570162593224
25260,delivered,deliver,Word,delivered,2.522625006725096
25263,deliveries,delivery,Lemma,delivery,2.7776083205090583
25264,delivering,deliver,Word,delivering,2.651339623064865
25265,delivers,deliver,Word,delivers,3.2195313245277792
25266,delivery,delivery,Word,delivery,2.7776083205090583
25314,delusions,delusion,Lemma,delusion,3.0577345136537883
25419,democracies,democracy,Word,democracies,3.922085870604696
25457,demon,demon,Word,demon,3.1153133434895506
25481,demons,demon,Word,demons,3.371567549446808
25538,den,den,Word,den,3.194510040006593
25564,denial,denial,Word,denial,2.784177361130273
25565,denials,denial,Word,denials,3.270904252950016
25566,denied,deny,Word,denied,3.0130170072560856
25568,denies,deny,Word,denies,3.745319443991604
25609,denounced,denounce,Word,denounced,3.3034334471079587
25614,dens,den,Word,dens,3.963364147747162
25615,dense,dense,Word,dense,2.7846967858082623
25621,densities,density,Word,densities,3.816900152497085
25624,density,density,Word,density,3.3813567750850897
25626,dent,dent,Word,dent,3.4082801884654854
25627,dental,dental,Word,dental,3.168667599875334
25629,dentals,dental,Lemma,dental,3.168667599875334
25631,dented,dent,Word,dented,3.2961236769698337
25641,denting,dent,Word,denting,3.2020001145352106
25643,dentist,dentist,Word,dentist,3.1500872485335
25646,dentists,dentist,Word,dentists,3.2431113194939436
25649,dents,dent,Lemma,dent,3.4082801884654854
25672,deny,deny,Word,deny,2.7076404474085494
25674,denying,deny,Word,denying,2.636271683934231
25695,depart,depart,Word,depart,2.9631068321041125
25696,departed,depart,Word,departed,2.5791751203509903
25697,departing,depart,Word,departing,2.53012164999667
25698,department,department,Word,department,2.4270233671705377
25705,departments,department,Word,departments,2.9437566643278217
25706,departs,depart,Word,departs,3.334453978442955
25707,departure,departure,Word,departure,3.0045110318404697
25708,departures,departure,Word,departures,3.364880160250225
25803,deposit,deposit,Word,deposit,3.3472319726227986
25805,deposited,deposit,Word,deposited,3.253541535419765
25806,depositing,deposit,Lemma,deposit,3.3472319726227986
25814,deposits,deposit,Word,deposits,3.516750274748391
25815,depot,depot,Word,depot,3.0988132634336916
25816,depots,depot,Word,depots,3.654825811980694
25876,deprivation,deprivation,Word,deprivation,3.3830866098114085
25877,deprivations,deprivation,Word,deprivations,3.5566903589256684
25879,deprived,deprive,Word,deprived,2.8186056437785134
25885,depth,depth,Word,depth,2.795181289863662
25897,deputies,deputy,Word,deputies,3.3710917079273157
25903,deputy,deputy,Word,deputy,2.8859956316151187
25969,derivatives,derivative,Lemma,derivative,3.3769358391104363
26030,descend,descend,Word,descend,3.398963846273938
26031,descendant,descendant,Word,descendant,3.333550058996243
26032,descendants,descendant,Word,descendants,3.332510031662917
26033,descended,descend,Word,descended,3.139879402256299
26037,descending,descend,Word,descending,2.9592837207444314
26038,descends,descend,Word,descends,3.3366196556392307
26079,desert,desert,Word,desert,3.1572829335755963
26080,deserted,desert,Word,deserted,3.163945072745237
26084,deserting,desert,Lemma,desert,3.1572829335755963
26087,deserts,desert,Word,deserts,3.2288407107375567
26113,design,design,Word,design,2.516320057442956
26116,designated,designate,Word,designated,2.6458896696041445
26119,designation,designation,Word,designation,3.1967344535210196
26120,designations,designation,Word,designations,3.264376244362316
26123,designed,design,Word,designed,2.569123438249148
26126,designer,designer,Word,designer,3.0716549816032215
26128,designers,designer,Word,designers,3.226212461561383
26129,designing,design,Word,designing,2.8316417283688153
26131,designs,design,Word,designs,2.7767996286596865
26133,desirable,desirable,Word,desirable,2.5631626561355034
26136,desire,desire,Word,desire,2.6951170232861372
26137,desired,desire,Word,desired,2.6908102137245233
26139,desires,desire,Word,desires,2.898590976346664
26140,desiring,desire,Word,desiring,2.670691681037018
26149,desk,desk,Word,desk,3.1063765537050667
26153,desks,desk,Word,desks,3.2549508630447126
26159,desolate,desolate,Word,desolate,3.0659615473552524
26160,desolated,desolate,Lemma,desolate,3.0659615473552524
26164,desolates,desolate,Lemma,desolate,3.0659615473552524
26165,desolating,desolate,Lemma,desolate,3.0659615473552524
26166,desolation,desolation,Word,desolation,3.4242636770088697
26167,desolations,desolation,Lemma,desolation,3.4242636770088697
26169,despair,despair,Word,despair,2.802325534418885
26170,despaired,despair,Lemma,despair,2.802325534418885
26171,despairing,despair,Word,despairing,2.963489490308932
26173,despairs,despair,Lemma,despair,2.802325534418885
26177,desperate,desperate,Word,desperate,2.579665723838167
26180,desperation,desperation,Word,desperation,3.0453396652821336
26224,dessert,dessert,Word,dessert,3.158421569954001
26225,desserts,dessert,Word,desserts,3.2163731680348393
26235,destination,destination,Word,destination,3.082217369125598
26236,destinations,destination,Lemma,destination,3.082217369125598
26240,destinies,destiny,Word,destinies,3.9042007914445436
26242,destiny,destiny,Word,destiny,3.524902257830292
26246,destroy,destroy,Word,destroy,2.8721856156109173
26248,destroyed,destroy,Word,destroyed,3.0248884810972907
26250,destroyers,destroyer,Word,destroyers,3.956744570882663
26251,destroying,destroy,Word,destroying,2.931459673215865
26252,destroys,destroy,Lemma,destroy,2.8721856156109173
26276,detached,detach,Word,detached,3.106688201057264
26282,detachment,detachment,Word,detachment,3.0213604869723016
26283,detachments,detachment,Lemma,detachment,3.0213604869723016
26284,detail,detail,Word,detail,2.695065988242463
26287,detailing,detail,Lemma,detail,2.695065988242463
26288,details,detail,Word,details,3.085914457700506
26298,detect,detect,Word,detect,3.3537973787256026
26302,detected,detect,Word,detected,3.1745205382279735
26304,detecting,detect,Word,detecting,3.3867382340986434
26305,detection,detection,Word,detection,3.523063188664756
26308,detectives,detective,Word,detectives,3.4947203148806243
26309,detector,detector,Word,detector,3.562502154410723
26310,detectors,detector,Word,detectors,3.5304412515704224
26311,detects,detect,Lemma,detect,3.3537973787256026
26320,detergent,detergent,Word,detergent,3.603854681666785
26321,detergents,detergent,Word,detergents,3.616702287812831
26323,deteriorated,deteriorate,Word,deteriorated,3.4582003342896064
26324,deteriorates,deteriorate,Word,deteriorates,3.4117235406153315
26325,deteriorating,deteriorate,Word,deteriorating,3.1367145086918904
26344,determine,determine,Word,determine,2.9071490783037763
26345,determined,determine,Word,determined,2.1922889801341268
26350,determines,determine,Word,determines,3.123855931102508
26352,determining,determine,Word,determining,2.929838144612383
26419,detrimental,detrimental,Word,detrimental,2.936859407258631
26464,devastation,devastation,Word,devastation,3.333288520375851
26467,develop,develop,Word,develop,2.3735566639734325
26469,developed,develop,Word,developed,2.2817019629574005
26470,developer,developer,Word,developer,3.066039169280896
26471,developers,developer,Word,developers,3.1122475171604096
26472,developing,develop,Word,developing,2.2376801647309392
26473,development,development,Word,development,2.3082677884247036
26476,developments,development,Word,developments,2.8573908407690753
26477,develops,develop,Word,develops,3.182676993107199
26499,device,device,Word,device,2.734209202006453
26500,devices,device,Word,devices,2.7248692794892233
26501,devil,devil,Word,devil,3.0986707915164815
26503,deviled,devil,Lemma,devil,3.0986707915164815
26505,deviling,devil,Lemma,devil,3.0986707915164815
26510,devilled,devil,Lemma,devil,3.0986707915164815
26511,devilling,devil,Lemma,devil,3.0986707915164815
26516,devils,devil,Word,devils,3.2393678749811072
26524,devise,devise,Word,devise,2.70916651837266
26525,devised,devise,Word,devised,2.740372613131332
26528,devises,devise,Lemma,devise,2.70916651837266
26529,devising,devise,Word,devising,2.6448265855291675
26539,devoid,devoid,Word,devoid,2.954310711833313
26549,devoted,devote,Word,devoted,2.8213037385067388
26557,devotion,devotion,Word,devotion,2.9501029998177324
26560,devotions,devotion,Word,devotions,3.7186236191277944
26561,devour,devour,Word,devour,3.2207798885369416
26562,devoured,devour,Word,devoured,3.150147217202301
26564,devouring,devour,Lemma,devour,3.2207798885369416
26566,devours,devour,Lemma,devour,3.2207798885369416
26567,devout,devout,Word,devout,3.0247828018302876
26570,dew,dew,Word,dew,3.904873752147937
26619,diabetes,diabetes,Word,diabetes,3.6596302211637304
26662,diagram,diagram,Word,diagram,3.4165947505163006
26667,diagrammed,diagram,Word,diagrammed,3.3640695801941005
26668,diagrams,diagram,Word,diagrams,3.5123119612074523
26670,dial,dial,Word,dial,3.6950023743302034
26685,dialed,dial,Word,dialed,3.1837746937733904
26687,dialing,dial,Word,dialing,4.31656362557476
26688,dialled,dial,Lemma,dial,3.6950023743302034
26689,dialling,dial,Lemma,dial,3.6950023743302034
26702,dials,dial,Word,dials,3.32093098269193
26718,diamond,diamond,Word,diamond,3.2197417214048256
26722,diamonds,diamond,Word,diamonds,3.638302367321953
26740,diaphragm,diaphragm,Word,diaphragm,3.7827864953525103
26744,diaphragms,diaphragm,Word,diaphragms,3.6806924573085826
26749,diaries,diary,Word,diaries,3.3064862162681994
26758,diary,diary,Word,diary,3.2018996392483956
26799,dice,dice,Word,dice,3.346300810623677
26800,diced,dice,Lemma,dice,3.346300810623677
26803,dices,dice,Lemma,dice,3.346300810623677
26822,dicing,dice,Lemma,dice,3.346300810623677
26851,dictate,dictate,Word,dictate,2.872116979082914
26852,dictated,dictate,Word,dictated,2.838811380679471
26853,dictates,dictate,Word,dictates,2.8152017915668712
26857,dictator,dictator,Word,dictator,3.330449378405868
26861,dictators,dictator,Word,dictators,3.552509663906859
26862,dictatorship,dictatorship,Word,dictatorship,3.6882924784961437
26863,dictatorships,dictatorship,Lemma,dictatorship,3.6882924784961437
26866,diction,diction,Word,diction,3.781362361555021
26867,dictionaries,dictionary,Word,dictionaries,3.647111027323478
26868,dictionary,dictionary,Word,dictionary,3.367115503150474
26873,did,do,Word,did,2.276395281217441
26894,died,die,Word,died,3.366217113519449
26899,dieing,die,Lemma,die,2.9776523879017542
26906,dies,die,Word,dies,4.038705733097965
26914,diet,diet,Word,diet,3.549412961266342
26916,dietary,dietary,Word,dietary,3.6221854904018893
26917,dieted,diet,Lemma,diet,3.549412961266342
26932,diets,diet,Word,diets,3.910125811094843
26935,differ,differ,Word,differ,3.836899164181218
26936,differed,differ,Word,differed,3.343850457937159
26937,difference,difference,Word,difference,2.8508728414026683
26938,differences,difference,Word,differences,3.373931469833373
26939,different,different,Word,different,2.5259617901753466
26942,differential,differential,Word,differential,3.107201443089032
26944,differentials,differential,Lemma,differential,3.107201443089032
26954,differing,differ,Word,differing,3.1470590153660263
26955,differs,differ,Word,differs,3.3659516816468895
26958,difficulties,difficulty,Word,difficulties,2.9432540116925145
26961,difficulty,difficulty,Word,difficulty,2.904239684114135
26989,dig,dig,Word,dig,2.90129554310872
26997,digest,digest,Word,digest,3.300701551461139
26999,digested,digest,Word,digested,3.3620135750659377
27005,digesting,digest,Word,digesting,3.4677559667655555
27008,digestive,digestive,Word,digestive,4.049480673079367
27010,digests,digest,Lemma,digest,3.300701551461139
27028,digits,digit,Lemma,digit,3.4490024927841434
27030,dignified,dignified,Word,dignified,3.09832262121551
27037,dignities,dignity,Lemma,dignity,3.3510299318451287
27038,dignity,dignity,Word,dignity,3.3510299318451287
27052,digs,dig,Word,digs,3.71640269196877
27086,dilemma,dilemma,Word,dilemma,3.0485895575185804
27087,dilemmas,dilemma,Word,dilemmas,3.144455313495475
27111,dilutes,dilute,Lemma,dilute,3.2729805097297557
27121,dim,dim,Word,dim,2.9453684734668775
27127,dimension,dimension,Word,dimension,2.9230482971343057
27131,dimensioned,dimension,Lemma,dimension,2.9230482971343057
27132,dimensioning,dimension,Word,dimensioning,3.323833177753467
27134,dimensions,dimension,Word,dimensions,2.807665384052771
27142,diminish,diminish,Word,diminish,2.9167313879002448
27144,diminished,diminish,Word,diminished,2.803387377523806
27145,diminishes,diminish,Word,diminishes,3.158009061027991
27146,diminishing,diminish,Word,diminishing,2.614538296344377
27160,dimmed,dim,Lemma,dim,2.9453684734668775
27163,dimming,dim,Lemma,dim,2.9453684734668775
27174,dims,dim,Lemma,dim,2.9453684734668775
27183,dined,dine,Word,dined,3.670756636190773
27196,dingiest,dingy,Lemma,dingy,3.1520090022422433
27204,dingy,dingy,Word,dingy,3.1520090022422433
27206,dining,dining,Word,dining,3.2010242932886093
27214,dinner,dinner,Word,dinner,2.962240552457386
27216,dinners,dinner,Word,dinners,3.14437034333589
27220,dinosaur,dinosaur,Word,dinosaur,3.4416506692128945
27222,dinosaurs,dinosaur,Word,dinosaurs,3.6266870227580754
27257,dip,dip,Word,dip,2.991951655061213
27278,diplomacy,diplomacy,Word,diplomacy,3.582786615553339
27280,diplomat,diplomat,Word,diplomat,3.662439972594176
27282,diplomatic,diplomatic,Word,diplomatic,3.5138674963945378
27286,diplomats,diplomat,Word,diplomats,3.4503219614427367
27297,dipped,dip,Word,dipped,3.1782313246649423
27301,dipping,dip,Word,dipping,3.0482235356327316
27303,dips,dip,Word,dips,3.309887300815986
27320,direct,direct,Word,direct,2.1235468099865558
27321,directed,direct,Word,directed,2.6251047483625185
27322,directing,direct,Word,directing,2.542665213067675
27323,direction,direction,Word,direction,2.6653374657040625
27328,directions,direction,Word,directions,2.8499631225313746
27334,director,director,Word,director,2.9832741582987157
27340,directories,directory,Lemma,directory,3.160636559562769
27341,directors,director,Word,directors,2.9962986230046478
27344,directory,directory,Word,directory,3.160636559562769
27347,directs,direct,Word,directs,2.956485017403637
27367,dirt,dirt,Word,dirt,2.7535336755517457
27368,dirtied,dirty,Lemma,dirty,2.6781226012069097
27370,dirties,dirty,Lemma,dirty,2.6781226012069097
27374,dirty,dirty,Word,dirty,2.6781226012069097
27375,dirtying,dirty,Lemma,dirty,2.6781226012069097
27488,disaster,disaster,Word,disaster,3.0220351268074515
27489,disasters,disaster,Word,disasters,3.310157105121023
27490,disastrous,disastrous,Word,disastrous,2.6648003980945947
27544,discern,discern,Word,discern,3.1170360521108362
27546,discerned,discern,Word,discerned,2.913912596441187
27554,discerns,discern,Lemma,discern,3.1170360521108362
27562,disciples,disciple,Word,disciples,3.285187076644266
27571,discipline,discipline,Word,discipline,2.840951717692093
27572,disciplined,discipline,Word,disciplined,3.0867977394545503
27574,disciplines,discipline,Word,disciplines,3.060769158247066
27575,disciplining,discipline,Word,disciplining,3.2830593254001283
27702,discourse,discourse,Word,discourse,3.2120446815776784
27704,discourses,discourse,Word,discourses,3.14996498994813
27710,discover,discover,Word,discover,2.6179583036397354
27713,discovered,discover,Word,discovered,2.583519889874558
27716,discoveries,discovery,Word,discoveries,3.5505269770913594
27717,discovering,discover,Word,discovering,2.521908905776168
27718,discovers,discover,Word,discovers,3.3690369382179144
27719,discovery,discovery,Word,discovery,3.043537914320309
27729,discrepancies,discrepancy,Word,discrepancies,3.401780741886355
27730,discrepancy,discrepancy,Word,discrepancy,3.387305462548733
27733,discrete,discrete,Word,discrete,2.7133557730019824
27736,discretion,discretion,Word,discretion,3.702087213234626
27760,discuss,discuss,Word,discuss,2.89967557848159
27763,discussed,discuss,Word,discussed,2.7542559530737334
27765,discusses,discuss,Word,discusses,3.209205012579135
27767,discussing,discuss,Word,discussing,2.5185304716746493
27768,discussion,discussion,Word,discussion,2.7852907806788
27769,discussions,discussion,Word,discussions,3.0062864993507405
27770,disdain,disdain,Word,disdain,3.140699941759259
27771,disdained,disdain,Lemma,disdain,3.140699941759259
27776,disdaining,disdain,Word,disdaining,2.9059226872192703
27777,disdains,disdain,Word,disdains,3.4492124863730833
27778,disease,disease,Word,disease,3.137739728863013
27779,diseased,diseased,Word,diseased,3.167077663255943
27780,diseases,disease,Word,diseases,3.468315965741219
27908,disgust,disgust,Word,disgust,3.0213966220109536
27909,disgusted,disgust,Word,disgusted,3.0850367827316347
27913,disgusting,disgust,Word,disgusting,3.093627127810263
27916,disgusts,disgust,Lemma,disgust,3.0213966220109536
27917,dish,dish,Word,dish,3.145774708852513
27933,dished,dish,Word,dished,3.2495123421721313
27935,dishes,dish,Word,dishes,3.2863206683945374
27944,dishing,dish,Lemma,dish,3.145774708852513
28074,dismal,dismal,Word,dismal,2.973443417593454
28087,dismay,dismay,Word,dismay,2.9129675929951064
28091,dismays,dismay,Lemma,dismay,2.9129675929951064
28198,dispensed,dispense,Word,dispensed,2.817825935184088
28231,display,display,Word,display,2.542264172070625
28233,displayed,display,Word,displayed,2.901491314008921
28235,displaying,display,Word,displaying,2.53245325463776
28236,displays,display,Word,displays,2.597298311578132
28301,dispute,dispute,Word,dispute,3.201378990295477
28302,disputed,dispute,Word,disputed,2.969699884084889
28304,disputes,dispute,Word,disputes,3.2357188610688215
28305,disputing,dispute,Lemma,dispute,3.201378990295477
28399,dissent,dissent,Word,dissent,3.4499295581772786
28400,dissented,dissent,Word,dissented,4.294253335186356
28405,dissenting,dissent,Word,dissenting,3.2534316395795653
28408,dissents,dissent,Word,dissents,4.046014461907554
28498,distance,distance,Word,distance,2.7808051689048723
28499,distanced,distance,Lemma,distance,2.7808051689048723
28500,distances,distance,Word,distances,3.3618542343505
28501,distancing,distance,Lemma,distance,2.7808051689048723
28502,distant,distant,Word,distant,2.66264639801653
28539,distinct,distinct,Word,distinct,2.6055574061474163
28540,distinction,distinction,Word,distinction,2.946769677172093
28541,distinctions,distinction,Word,distinctions,3.318063324035131
28542,distinctive,distinctive,Word,distinctive,2.655824411707104
28548,distinguish,distinguish,Word,distinguish,3.174393825280556
28554,distinguishes,distinguish,Word,distinguishes,3.284975050811756
28555,distinguishing,distinguish,Word,distinguishing,3.082507646315574
28593,distress,distress,Word,distress,3.0374583000612945
28595,distresses,distress,Word,distresses,3.058479419896108
28618,district,district,Word,district,2.7438144112686156
28619,districts,district,Word,districts,3.23177368753038
28628,disturb,disturb,Word,disturb,3.1179186043071248
28629,disturbance,disturbance,Word,disturbance,3.407403160884339
28630,disturbances,disturbance,Word,disturbances,3.2429309908020647
28631,disturbed,disturb,Word,disturbed,2.7111691565408695
28635,disturbs,disturb,Lemma,disturb,3.1179186043071248
28650,ditch,ditch,Word,ditch,2.824469690385732
28651,ditched,ditch,Lemma,ditch,2.824469690385732
28654,ditches,ditch,Word,ditches,3.022360917659297
28655,ditching,ditch,Lemma,ditch,2.824469690385732
28703,dive,dive,Word,dive,2.869348048643129
28704,dived,dive,Word,dived,3.533799988411029
28705,diver,diver,Word,diver,3.7053923201985377
28716,divers,diver,Word,divers,3.6291238273098836
28717,diverse,diverse,Word,diverse,2.7691126152122996
28728,diversion,diversion,Word,diversion,2.7506351109806966
28732,diversions,diversion,Word,diversions,3.00355911981194
28733,diversities,diversity,Word,diversities,3.5002060896450296
28734,diversity,diversity,Word,diversity,2.9674588298663087
28750,dives,dive,Word,dives,3.2739684111245486
28757,divide,divide,Word,divide,3.1932938829170454
28758,divided,divide,Word,divided,3.1407093832962185
28761,dividend,dividend,Word,dividend,4.607751797634198
28762,dividends,dividend,Word,dividends,3.6298077616637356
28765,divides,divide,Word,divides,3.2347668023374285
28766,dividing,divide,Word,dividing,3.0576600939188676
28771,divine,divine,Word,divine,3.099944946360948
28773,divined,divine,Lemma,divine,3.099944946360948
28778,divines,divine,Lemma,divine,3.099944946360948
28782,divining,divine,Word,divining,3.5314004839687283
28790,division,division,Word,division,2.420149103545672
28796,divisions,division,Word,divisions,3.046592378461765
28802,divorce,divorce,Word,divorce,3.724299909352027
28804,divorced,divorce,Word,divorced,3.2978415452099203
28809,divorces,divorce,Lemma,divorce,3.724299909352027
28810,divorcing,divorce,Lemma,divorce,3.724299909352027
28837,dizzied,dizzy,Lemma,dizzy,3.4391290359504683
28843,dizzy,dizzy,Word,dizzy,3.4391290359504683
28881,dock,dock,Word,dock,2.922924033885201
28883,docked,dock,Word,docked,3.578645189553779
28893,docks,dock,Word,docks,2.963851690796965
28899,doctor,doctor,Word,doctor,2.934500939946402
28904,doctored,doctor,Word,doctored,3.3054967221881792
28907,doctors,doctor,Word,doctors,2.8509403065326153
28914,doctrine,doctrine,Word,doctrine,3.213790327971478
28915,doctrines,doctrine,Word,doctrines,3.3709287408127193
28918,document,document,Word,document,2.5548976768686416
28925,documented,document,Word,documented,2.6421492239718316
28926,documenting,document,Lemma,document,2.5548976768686416
28927,documents,document,Word,documents,2.8805510764026705
28945,dodged,dodge,Word,dodged,3.3607484442048943
28952,dodges,dodge,Lemma,dodge,3.020103269596207
28955,dodging,dodge,Word,dodging,3.093674637801574
28964,does,do,Word,does,2.4115833019513135
28975,dog,dog,Word,dog,2.981123444694702
28993,dogged,dog,Word,dogged,3.0596712759376157
28998,dogging,dog,Lemma,dog,2.981123444694702
29028,dogs,dog,Word,dogs,3.0451131118738908
29046,doing,do,Word,doing,2.235196172244381
29062,doll,doll,Word,doll,3.3141627397239297
29063,dollar,dollar,Word,dollar,2.9559821134606454
29066,dollars,dollar,Word,dollars,2.556723682987985
29074,dolls,doll,Word,dolls,3.358587201968265
29088,dolphin,dolphin,Word,dolphin,3.630765355774188
29089,dolphins,dolphin,Word,dolphins,3.7970430146221177
29095,domain,domain,Word,domain,2.924119760040586
29096,domains,domain,Word,domains,3.359251463625023
29097,dome,dome,Word,dome,3.1242718285780304
29100,domes,dome,Word,domes,3.381692296131622
29102,domestic,domestic,Word,domestic,2.5379935362154895
29111,domestics,domestic,Lemma,domestic,2.5379935362154895
29124,dominant,dominant,Word,dominant,2.822303236407891
29126,dominants,dominant,Lemma,dominant,2.822303236407891
29127,dominate,dominate,Word,dominate,2.90520496203779
29128,dominated,dominate,Word,dominated,2.827119267617724
29129,dominates,dominate,Word,dominates,3.1614016423529634
29130,dominating,dominate,Word,dominating,2.881087489989905
29132,domination,domination,Word,domination,3.123535457345685
29164,donated,donate,Word,donated,3.2892397231393553
29166,donating,donate,Word,donating,3.285945233291711
29168,donations,donation,Word,donations,3.541557476324801
29172,done,do,Word,done,2.280755699166382
29179,donkey,donkey,Word,donkey,3.0983986269070924
29180,donkeys,donkey,Lemma,donkey,3.0983986269070924
29195,donor,donor,Word,donor,3.402697804098561
29196,donors,donor,Word,donors,3.376015122415065
29220,doom,doom,Word,doom,2.8344030368904507
29221,doomed,doom,Word,doomed,2.7295721378190154
29223,dooming,doom,Lemma,doom,2.8344030368904507
29224,dooms,doom,Word,dooms,4.265155070852627
29228,door,door,Word,door,2.832293890100411
29252,doors,door,Word,doors,2.965279592042567
29256,doorstep,doorstep,Word,doorstep,2.782813723991357
29257,doorsteps,doorstep,Lemma,doorstep,2.782813723991357
29262,doorway,doorway,Word,doorway,3.019368202854809
29263,doorways,doorway,Word,doorways,3.205824363180863
29269,dope,dope,Word,dope,3.3648433219155263
29270,doped,dope,Word,doped,4.210546471482149
29272,dopes,dope,Lemma,dope,3.3648433219155263
29276,doping,dope,Lemma,dope,3.3648433219155263
29296,dormant,dormant,Word,dormant,3.3301693340969547
29301,dormitories,dormitory,Word,dormitories,3.4510698454729902
29302,dormitory,dormitory,Word,dormitory,3.59329255929746
29314,dos,do,Lemma,do,1.9436678956250153
29315,dosage,dosage,Word,dosage,3.7910450358065995
29316,dosages,dosage,Word,dosages,3.8244185926569902
29317,dose,dose,Word,dose,3.574839094233236
29318,dosed,dose,Word,dosed,4.0687006678159
29319,doses,dose,Word,doses,3.930445515691189
29321,dosing,dose,Lemma,dose,3.574839094233236
29333,dot,dot,Word,dot,2.8796528163857866
29343,dots,dot,Word,dots,3.2846577376644834
29344,dotted,dot,Word,dotted,3.197440815433373
29351,dotting,dot,Word,dotting,3.506014857416829
29354,double,double,Word,double,2.540583761211789
29356,doubled,double,Word,doubled,3.178331827796075
29358,doubles,double,Word,doubles,3.300389320255253
29365,doubling,double,Word,doubling,2.5423593074786917
29369,doubt,doubt,Word,doubt,2.5949525357589707
29372,doubted,doubt,Word,doubted,3.0088764413270863
29375,doubtful,doubtful,Word,doubtful,3.0346973261799497
29378,doubting,doubt,Word,doubting,2.962913225637553
29383,doubts,doubt,Word,doubts,3.2689063608294195
29389,dough,dough,Word,dough,3.6100456319146987
29418,dove,dive,Word,dove,3.0372856053958244
29452,down,down,Word,down,2.2929058867273273
29459,downed,down,Word,downed,3.444851529310849
29513,downward,downward,Word,downward,3.2022153417281265
29516,downwards,downward,Lemma,downward,3.2022153417281265
29542,dozen,dozen,Word,dozen,2.5619683732939182
29543,dozens,dozen,Word,dozens,2.288589138964463
29552,drab,drab,Word,drab,3.2214226350414816
29554,drabbest,drab,Lemma,drab,3.2214226350414816
29585,drag,drag,Word,drag,2.82882042460714
29586,dragged,drag,Word,dragged,2.9198074162610186
29591,dragging,drag,Word,dragging,3.0417530778698536
29618,drags,drag,Lemma,drag,2.82882042460714
29621,drain,drain,Word,drain,2.8557629026157234
29623,drainage,drainage,Word,drainage,3.5027741997923374
29624,drained,drain,Word,drained,2.9689712714289533
29626,draining,drain,Word,draining,2.804778149502012
29629,drains,drain,Word,drains,3.06240870982719
29633,drama,drama,Word,drama,2.987637156612854
29634,dramas,drama,Word,dramas,3.3721104233259824
29635,dramatic,dramatic,Word,dramatic,2.472171024828474
29653,drank,drink,Word,drank,3.7078900530583523
29656,draped,drape,Word,draped,3.3750343592861967
29662,drapes,drape,Word,drapes,3.6999869438322928
29664,drastic,drastic,Word,drastic,2.784894259272234
29680,draw,draw,Word,draw,2.5235230649546856
29681,drawback,drawback,Word,drawback,3.095571158421264
29682,drawbacks,drawback,Lemma,drawback,3.095571158421264
29685,drawbridge,drawbridge,Word,drawbridge,4.113474321296891
29686,drawbridges,drawbridge,Lemma,drawbridge,4.113474321296891
29688,drawer,drawer,Word,drawer,3.396468222647807
29689,drawers,drawer,Word,drawers,3.4892918885554147
29691,drawing,draw,Word,drawing,2.47403492498198
29701,drawn,draw,Word,drawn,2.4976896893493556
29703,draws,draw,Word,draws,2.805881513152871
29712,dread,dread,Word,dread,2.9426614426309303
29714,dreadful,dreadful,Word,dreadful,2.580553142417247
29717,dreading,dread,Lemma,dread,2.9426614426309303
29722,dreads,dread,Lemma,dread,2.9426614426309303
29723,dream,dream,Word,dream,3.107425920608896
29726,dreamed,dream,Word,dreamed,3.1972215589304662
29727,dreamer,dreamer,Word,dreamer,3.2511828416504898
29728,dreamers,dreamer,Lemma,dreamer,3.2511828416504898
29730,dreamier,dreamy,Lemma,dreamy,2.8448238774183507
29735,dreaming,dream,Word,dreaming,2.8560896909325946
29743,dreams,dream,Word,dreams,3.189188767700336
29745,dreamt,dream,Lemma,dream,3.107425920608896
29749,dreamy,dreamy,Word,dreamy,2.8448238774183507
29755,dreary,dreary,Word,dreary,2.958672326781976
29771,drenched,drench,Word,drenched,2.974441752539438
29779,dress,dress,Word,dress,3.1270217405695595
29781,dressed,dress,Word,dressed,3.2148990130460713
29782,dresser,dresser,Word,dresser,3.471912312014342
29783,dressers,dresser,Word,dressers,3.5388123400177425
29784,dresses,dress,Word,dresses,3.299042370736363
29788,dressing,dress,Word,dressing,2.9314949989136996
29794,drew,draw,Word,drew,3.0825125826918653
29799,dribble,dribble,Word,dribble,3.7222211696248078
29800,dribbled,dribble,Word,dribbled,4.0900309126183085
29803,dribbles,dribble,Lemma,dribble,3.7222211696248078
29804,dribbling,dribble,Lemma,dribble,3.7222211696248078
29807,dried,dry,Word,dried,3.062944146117749
29810,dries,dry,Word,dries,3.625942067806734
29812,drift,drift,Word,drift,2.699691793517793
29814,drifted,drift,Word,drifted,3.161349829600244
29818,drifting,drift,Word,drifting,2.8266777399250596
29821,drifts,drift,Word,drifts,3.207816744260299
29824,drill,drill,Word,drill,3.4338948044101336
29825,drilled,drill,Word,drilled,3.7027076096995106
29830,drills,drill,Word,drills,3.6945417757707175
29832,drink,drink,Word,drink,3.043544161551726
29839,drinks,drink,Word,drinks,3.059044355790028
29840,drip,drip,Word,drip,3.12043613251775
29841,dripped,drip,Word,dripped,3.541919117464905
29843,dripping,drip,Word,dripping,3.08417827860236
29845,drips,drip,Word,drips,3.49882693672618
29848,drive,drive,Word,drive,2.3679532095114633
29855,driven,drive,Word,driven,2.4429496955997205
29856,driver,driver,Word,driver,2.7972063931990663
29859,drivers,driver,Word,drivers,3.0385879583930446
29860,drives,drive,Word,drives,2.8704123019874532
29862,driveway,driveway,Word,driveway,3.2516541171928184
29863,driveways,driveway,Word,driveways,3.50912906777425
29864,driving,drive,Word,driving,2.6259149927886973
29867,drizzle,drizzle,Word,drizzle,3.8443484122243685
29868,drizzled,drizzle,Lemma,drizzle,3.8443484122243685
29869,drizzles,drizzle,Lemma,drizzle,3.8443484122243685
29870,drizzling,drizzle,Word,drizzling,3.630905714349752
29886,drone,drone,Word,drone,3.5388973196181777
29887,droned,drone,Lemma,drone,3.5388973196181777
29888,drones,drone,Word,drones,3.690059878679521
29889,droning,drone,Lemma,drone,3.5388973196181777
29900,drooping,droop,Word,drooping,3.284443225539393
29904,drop,drop,Word,drop,2.4663512453531453
29911,droplets,droplet,Word,droplets,4.189402770126714
29915,dropped,drop,Word,dropped,2.5803529349118635
29918,dropping,drop,Word,dropping,2.4109233871217817
29920,drops,drop,Word,drops,2.7647988377427843
29932,drought,drought,Word,drought,3.7346670373013198
29933,droughts,drought,Word,droughts,3.9270954373461304
29937,drove,drive,Word,drove,2.8395793360274117
29941,drown,drown,Word,drown,3.5733749664468206
29942,drowned,drown,Word,drowned,3.827453664490414
29943,drowning,drown,Word,drowning,3.4517875604805384
29944,drowns,drown,Word,drowns,4.728682287315388
29967,drug,drug,Word,drug,2.9773632355305737
29969,drugged,drug,Word,drugged,3.340401633954486
29973,drugging,drug,Word,drugging,3.5002231371467283
29979,drugs,drug,Word,drugs,3.040403244244197
29987,drum,drum,Word,drum,3.0853077618649105
29996,drummed,drum,Word,drummed,2.973337932833826
29997,drummer,drummer,Word,drummer,3.456483884649472
29999,drummers,drummer,Word,drummers,3.5414278071922562
30000,drumming,drum,Word,drumming,3.096076289662558
30001,drums,drum,Word,drums,3.2949013935948854
30005,drunk,drunk,Word,drunk,3.1929160455220797
30009,drunken,drunken,Word,drunken,3.0214435637790418
30014,drunks,drunk,Word,drunks,3.3983023996186823
30021,dry,dry,Word,dry,2.780025652266776
30027,dryer,dryer,Word,dryer,3.3135114986514753
30028,dryers,dryer,Lemma,dryer,3.3135114986514753
30031,drying,dry,Word,drying,3.1611966444049586
30036,dual,dual,Word,dual,2.769936845096304
30046,dubbed,dub,Word,dubbed,2.6766552073400125
30055,dubious,dubious,Word,dubious,2.5616130801054586
30080,duck,duck,Word,duck,2.758601925756997
30085,ducked,duck,Word,ducked,3.273937666298733
30087,ducking,duck,Word,ducking,3.1703195035690914
30092,ducks,duck,Word,ducks,2.992388552663344
30114,due,due,Word,due,2.2074748599898415
30129,dues,due,Lemma,due,2.2074748599898415
30142,dug,dig,Word,dug,3.0276993282185245
30164,dull,dull,Word,dull,2.7201999501406275
30167,dulled,dull,Word,dulled,3.436872366134605
30172,dulling,dull,Lemma,dull,2.7201999501406275
30175,dulls,dull,Word,dulls,3.678955003090148
30180,dumb,dumb,Word,dumb,2.7042585790895846
30191,dumbing,dumb,Lemma,dumb,2.7042585790895846
30200,dummies,dummy,Word,dummies,3.451970067366499
30204,dump,dump,Word,dump,2.646186844040242
30206,dumped,dump,Word,dumped,3.0336232999808446
30213,dumping,dump,Word,dumping,2.858508192446119
30218,dumps,dump,Word,dumps,2.8348980531249883
30232,dune,dune,Word,dune,3.5394726586594367
30233,dunes,dune,Word,dunes,3.493211101209547
30234,dung,dung,Word,dung,3.385392391486837
30303,durable,durable,Word,durable,3.037826524876461
30305,durables,durable,Lemma,durable,3.037826524876461
30310,duration,duration,Word,duration,2.9431303247159954
30312,durations,duration,Word,durations,3.3992083309041665
30330,durst,dare,Lemma,dare,2.6110524682703047
30333,dusk,dusk,Word,dusk,3.2842024214560057
30342,dust,dust,Word,dust,3.2256477114872064
30351,dusted,dust,Word,dusted,3.0185413368021394
30359,dusting,dust,Word,dusting,3.2038191580433866
30366,dusts,dust,Word,dusts,3.450891925047473
30383,duties,duty,Word,duties,3.346995835185293
30388,duty,duty,Word,duty,2.957036416016705
30398,dwarf,dwarf,Word,dwarf,3.0394613478987633
30399,dwarfed,dwarf,Word,dwarfed,3.164177364834199
30400,dwarfing,dwarf,Lemma,dwarf,3.0394613478987633
30406,dwarfs,dwarf,Word,dwarfs,3.1582869726023732
30408,dwell,dwell,Word,dwell,3.2356747442519516
30409,dwelled,dwell,Lemma,dwell,3.2356747442519516
30411,dwellers,dweller,Word,dwellers,3.225776554897331
30412,dwelling,dwelling,Word,dwelling,2.9412451817902157
30413,dwellings,dwelling,Word,dwellings,3.49492182241259
30414,dwells,dwell,Word,dwells,3.352430747926686
30415,dwelt,dwell,Word,dwelt,3.633021119830327
30426,dye,dye,Word,dye,3.54849403864781
30427,dyed,dye,Word,dyed,3.225625414356597
30428,dyeing,dye,Word,dyeing,3.90863322258192
30432,dyes,dye,Lemma,dye,3.54849403864781
30437,dying,die,Word,dying,2.616617486136855
30442,dynamic,dynamic,Word,dynamic,2.2486605512407243
30449,dynamite,dynamite,Word,dynamite,3.143888356762544
30450,dynamited,dynamite,Word,dynamited,3.642242736452195
30452,dynamites,dynamite,Lemma,dynamite,3.143888356762544
30454,dynamiting,dynamite,Lemma,dynamite,3.143888356762544
30467,dynasties,dynasty,Word,dynasties,3.8426335431599496
30522,eager,eager,Word,eager,2.5680867762668846
30524,eagerest,eager,Lemma,eager,2.5680867762668846
30526,eagerness,eagerness,Word,eagerness,2.86409763008769
30533,ear,ear,Word,ear,2.957998977594991
30556,early,early,Word,early,1.9373303159203619
30563,earn,earn,Word,earn,2.892346777808675
30564,earned,earn,Word,earned,2.92706612142107
30567,earnest,earnest,Word,earnest,2.493775190004152
30570,earning,earn,Word,earning,2.633338959848109
30572,earns,earn,Word,earns,3.4447873300616765
30581,earrings,earring,Word,earrings,3.5117052485683105
30582,ears,ear,Word,ears,3.07772848299185
30585,earth,earth,Word,earth,2.8827674006836386
30601,earthly,earthly,Word,earthly,3.1357376809502364
30609,earthquake,earthquake,Word,earthquake,3.988080567774031
30610,earthquakes,earthquake,Word,earthquakes,4.283601382650373
30611,earths,earth,Lemma,earth,2.8827674006836386
30627,ease,ease,Word,ease,2.6579938027640955
30628,eased,ease,Word,eased,3.0078823575268436
30637,eases,ease,Lemma,ease,2.6579938027640955
30642,easing,ease,Word,easing,2.8645598213332537
30663,easy,easy,Word,easy,2.5352689942416253
30666,eat,eat,Word,eat,2.818247273300819
30669,eaten,eat,Word,eaten,3.0541916817581742
30673,eating,eat,Word,eating,2.777072160896831
30676,eats,eat,Word,eats,3.34567475715938
30738,echoed,echo,Word,echoed,3.382365886336195
30740,echoes,echo,Word,echoes,2.8444654937050973
30744,echoing,echo,Word,echoing,2.761515855582754
30760,eclipse,eclipse,Word,eclipse,3.3811925597412955
30761,eclipsed,eclipse,Word,eclipsed,3.1848042363033207
30763,eclipses,eclipse,Word,eclipses,3.221761262420313
30764,eclipsing,eclipse,Word,eclipsing,3.166313275696814
30781,economic,economic,Word,economic,2.6195234656578053
30782,economical,economical,Word,economical,2.6000465475104013
30784,economics,economics,Word,economics,2.913711392831923
30785,economies,economy,Word,economies,3.4658118554472206
30795,economy,economy,Word,economy,2.936721677580024
30803,ecstasies,ecstasy,Lemma,ecstasy,3.4221791498624046
30804,ecstasy,ecstasy,Word,ecstasy,3.4221791498624046
30855,edge,edge,Word,edge,2.663853964425655
30856,edged,edge,Word,edged,3.281844591910772
30860,edges,edge,Word,edges,2.9999484054570433
30868,edging,edge,Word,edging,2.891954315321948
30872,edible,edible,Word,edible,3.0416890828465317
30892,edited,edit,Word,edited,3.5173897638485014
30895,edition,edition,Word,edition,3.029757964150631
30896,editions,edition,Word,editions,3.2048069025928076
30897,editor,editor,Word,editor,3.6137349494761364
30899,editorial,editorial,Word,editorial,3.2515737640078277
30906,editorials,editorial,Word,editorials,3.6007761362246242
30907,editors,editor,Word,editors,3.1879357864128175
30916,educate,educate,Word,educate,3.142608510594041
30917,educated,educate,Word,educated,3.063982647098835
30918,educates,educate,Lemma,educate,3.142608510594041
30919,educating,educate,Word,educating,3.106287099555286
30920,education,education,Word,education,2.570047725008451
30921,educational,educational,Word,educational,2.554724028936815
30927,educations,education,Word,educations,3.3675557578095465
30931,educators,educator,Word,educators,3.0335789833667874
31018,efficiencies,efficiency,Word,efficiencies,3.397863772465577
31019,efficiency,efficiency,Word,efficiency,2.7834770682943484
31020,efficient,efficient,Word,efficient,2.817179659161961
31042,effort,effort,Word,effort,2.3768563523517683
31047,efforts,effort,Word,efforts,2.554674041619586
31071,egg,egg,Word,egg,3.204378282249617
31076,egged,egg,Word,egged,3.0689967195786094
31081,egging,egg,Lemma,egg,3.204378282249617
31087,eggs,egg,Word,eggs,3.438112633088167
31094,ego,ego,Word,ego,3.4943854305164486
31110,egos,ego,Lemma,ego,3.4943854305164486
31149,eight,eight,Word,eight,2.011722410062576
31159,eighties,eighty,Word,eighties,2.699864598217381
31165,eights,eight,Lemma,eight,2.011722410062576
31234,elastic,elastic,Word,elastic,3.1995790542789946
31253,elbow,elbow,Word,elbow,3.5469347024258693
31254,elbowed,elbow,Lemma,elbow,3.5469347024258693
31255,elbowing,elbow,Word,elbowing,3.8624482372326727
31257,elbows,elbow,Word,elbows,3.3504089737143095
31266,elderly,elderly,Word,elderly,2.8526365315438924
31277,elect,elect,Word,elect,2.670245087683503
31280,elected,elect,Word,elected,2.8619134985725845
31281,electing,elect,Word,electing,3.0276256109139443
31282,election,election,Word,election,3.108959696701781
31288,elections,election,Word,elections,3.508004199587004
31303,electric,electric,Word,electric,3.0023772059575005
31305,electrical,electrical,Word,electrical,2.9972706026861218
31309,electricity,electricity,Word,electricity,3.1626139766840864
31311,electrics,electric,Lemma,electric,3.0023772059575005
31373,electron,electron,Word,electron,4.750329863856316
31375,electronic,electronic,Word,electronic,2.826202916855883
31379,electrons,electron,Word,electrons,4.940154251424017
31411,elects,elect,Lemma,elect,2.670245087683503
31414,elegance,elegance,Word,elegance,3.3489280298739597
31415,elegances,elegance,Lemma,elegance,3.3489280298739597
31417,elegant,elegant,Word,elegant,2.810527024146475
31427,element,element,Word,element,2.5736064803541563
31428,elemental,elemental,Word,elemental,3.0540294606617517
31433,elementary,elementary,Word,elementary,2.909904018903883
31434,elements,element,Word,elements,2.517406174654124
31437,elephant,elephant,Word,elephant,3.446372492836357
31441,elephants,elephant,Word,elephants,3.584414162194164
31443,elevated,elevate,Word,elevated,2.622985605118225
31446,elevation,elevation,Word,elevation,3.2086091126803473
31447,elevations,elevation,Lemma,elevation,3.2086091126803473
31448,elevator,elevator,Word,elevator,3.2975911360725223
31449,elevators,elevator,Lemma,elevator,3.2975911360725223
31451,elevens,eleven,Lemma,eleven,2.187806108169886
31465,elicit,elicit,Word,elicit,3.1803046486465494
31468,elicited,elicit,Word,elicited,3.009254270884421
31469,eliciting,elicit,Lemma,elicit,3.1803046486465494
31471,elicits,elicit,Word,elicits,3.3137881842232866
31477,eligible,eligible,Word,eligible,3.1446788971345736
31498,elite,elite,Word,elite,2.6886739153937667
31499,elites,elite,Lemma,elite,2.6886739153937667
31589,elusive,elusive,Word,elusive,2.9643041289334655
31630,emancipation,emancipation,Word,emancipation,3.346928862787718
31660,embargo,embargo,Word,embargo,4.053039539564814
31661,embargoed,embargo,Lemma,embargo,4.053039539564814
31662,embargoes,embargo,Lemma,embargo,4.053039539564814
31663,embargoing,embargo,Lemma,embargo,4.053039539564814
31664,embargos,embargo,Lemma,embargo,4.053039539564814
31679,embassies,embassy,Word,embassies,4.019184264936761
31680,embassy,embassy,Word,embassy,3.782908675999527
31760,embrace,embrace,Word,embrace,2.6427978936795866
31762,embraced,embrace,Word,embraced,2.740615987343881
31766,embraces,embrace,Word,embraces,2.7810809975719035
31767,embracing,embrace,Word,embracing,2.576980932719739
31781,embroidered,embroider,Word,embroidered,3.475372457055473
31794,embryo,embryo,Word,embryo,4.279301894279192
31802,embryos,embryo,Lemma,embryo,4.279301894279192
31818,emeralds,emerald,Word,emeralds,3.8490210481862674
31822,emergencies,emergency,Word,emergencies,3.5580104193415862
31856,eminent,eminent,Word,eminent,3.001078707794881
31865,emission,emission,Word,emission,3.774184708341695
31866,emissions,emission,Lemma,emission,3.774184708341695
31871,emitted,emit,Word,emitted,3.388244029958412
31896,emotion,emotion,Word,emotion,3.38247571687085
31897,emotional,emotional,Word,emotional,2.9124588282127184
31907,emotions,emotion,Word,emotions,3.4087754117281044
31929,emphasis,emphasis,Word,emphasis,3.085780311351015
31939,empire,empire,Word,empire,3.358099024536642
31940,empires,empire,Word,empires,3.5284604780623403
31942,empirical,empirical,Word,empirical,3.112144864848022
31955,employ,employ,Word,employ,2.8275303413573254
31959,employed,employ,Word,employed,2.6975746827040177
31960,employee,employee,Word,employee,2.639129741898214
31962,employees,employee,Word,employees,2.684630920356199
31963,employer,employer,Word,employer,2.9581537072883064
31964,employers,employer,Word,employers,3.0388205824344428
31966,employing,employ,Word,employing,2.6102197149795847
31967,employment,employment,Word,employment,2.8804769509438763
31968,EMPLOYMENTS,employment,Lemma,employment,2.8804769509438763
31969,employs,employ,Word,employs,4.090773716691857
31982,emptied,empty,Word,emptied,3.2063105221800856
31984,empties,empty,Word,empties,3.4144859799419423
31987,emptiness,emptiness,Word,emptiness,3.3442187374317727
31990,empty,empty,Word,empty,2.93683706529838
31991,emptying,empty,Word,emptying,3.1183411104014462
32036,enamel,enamel,Word,enamel,3.6487082403952535
32037,enameling,enamel,Word,enameling,2.785468167540454
32038,enamelled,enamel,Word,enamelled,3.20421381324249
32041,enamels,enamel,Lemma,enamel,3.6487082403952535
32093,enchanted,enchant,Word,enchanted,3.0686838937656056
32187,end,end,Word,end,2.013646072732195
32210,ended,end,Word,ended,2.6359290984305286
32218,ending,end,Word,ending,2.3788037007444722
32222,endless,endless,Word,endless,2.957897258673531
32280,endowed,endow,Word,endowed,3.2299791921153527
32290,ends,end,Word,ends,2.644835356541898
32298,endurance,endurance,Word,endurance,3.1815744243203303
32299,endure,endure,Word,endure,2.789519334556691
32300,endured,endure,Word,endured,2.9919848368175797
32301,endures,endure,Word,endures,3.059400921926565
32302,enduring,endure,Word,enduring,2.55796413122662
32309,enemies,enemy,Word,enemies,3.195690367435714
32310,enemy,enemy,Word,enemy,3.107131836996509
32312,energetic,energetic,Word,energetic,2.6762705993426
32315,energies,energy,Word,energies,3.349136447433186
32322,energy,energy,Word,energy,2.620330627373027
32368,engage,engage,Word,engage,2.6949281253068333
32369,engaged,engage,Word,engaged,2.684714282750241
32370,engagement,engagement,Word,engagement,2.9092811380749604
32371,engagements,engagement,Word,engagements,3.067601480789661
32373,engages,engage,Word,engages,3.341458975370854
32374,engaging,engage,Word,engaging,2.4623782708967745
32384,engine,engine,Word,engine,3.0768352883757655
32386,engineer,engineer,Word,engineer,3.344326749597036
32387,engineered,engineer,Lemma,engineer,3.344326749597036
32388,engineering,engineering,Word,engineering,2.8715762103721922
32389,engineers,engineer,Word,engineers,3.053567471155389
32393,engines,engine,Word,engines,3.257665227243852
32441,enhance,enhance,Word,enhance,2.8326236087956347
32442,enhanced,enhance,Word,enhanced,2.4682281431855233
32446,enhances,enhance,Word,enhances,3.3116687028016396
32447,enhancing,enhance,Word,enhancing,2.839947622168877
32535,enormous,enormous,Word,enormous,2.681229303207524
32639,ensuing,ensue,Word,ensuing,2.731120759678994
32666,enter,enter,Word,enter,2.7123946040882365
32670,entered,enter,Word,entered,2.710213601696883
32673,entering,enter,Word,entering,2.611107092445796
32682,enters,enter,Word,enters,3.079753590394727
32714,enthusiasm,enthusiasm,Word,enthusiasm,2.9628336127396024
32715,enthusiasms,enthusiasm,Word,enthusiasms,3.444142173102826
32717,enthusiastic,enthusiastic,Word,enthusiastic,2.840687474240524
32731,entire,entire,Word,entire,2.139374483663156
32735,entities,entity,Word,entities,2.6640565506814142
32742,entity,entity,Word,entity,2.891359461382097
32773,entrance,entrance,Word,entrance,2.831446149472143
32774,entranced,entrance,Word,entranced,3.0588199463815084
32776,entrances,entrance,Lemma,entrance,2.831446149472143
32778,entrancing,entrance,Lemma,entrance,2.831446149472143
32812,entrepreneurs,entrepreneur,Word,entrepreneurs,3.1991108830497383
32816,entries,entry,Word,entries,3.2014999189576256
32824,entry,entry,Word,entry,2.891971389415347
32853,envelope,envelope,Word,envelope,3.4243351972245177
32856,envelopes,envelope,Word,envelopes,3.317114922619182
32867,envied,envy,Word,envied,2.8672256857110323
32869,envies,envy,Lemma,envy,2.8438271978354797
32876,environment,environment,Word,environment,2.5816256606393164
32882,environments,environment,Word,environments,3.3024713302391318
32896,envy,envy,Word,envy,2.8438271978354797
32897,envying,envy,Lemma,envy,2.8438271978354797
32910,enzyme,enzyme,Word,enzyme,4.566436551263448
32911,enzymes,enzyme,Word,enzymes,4.188581350753496
32952,epic,epic,Word,epic,2.9006689750168944
32964,epics,epic,Word,epics,3.4800813729283737
33052,episode,episode,Word,episode,3.0980933469118432
33053,episodes,episode,Word,episodes,3.4984562248141815
33117,equal,equal,Word,equal,2.6177683590084952
33118,equaling,equal,Lemma,equal,2.6177683590084952
33122,equality,equality,Word,equality,3.33826748190036
33130,equalled,equal,Lemma,equal,2.6177683590084952
33131,equalling,equal,Lemma,equal,2.6177683590084952
33133,equals,equal,Word,equals,2.8276025435312913
33139,equation,equation,Word,equation,2.9150775534097453
33140,equations,equation,Word,equations,3.3865896464754375
33141,equator,equator,Word,equator,4.018010088214234
33163,equilibrium,equilibrium,Word,equilibrium,3.434548609502828
33164,equilibriums,equilibrium,Word,equilibriums,1.8171197488362911
33175,equipment,equipment,Word,equipment,2.6801971311954533
33186,equipped,equip,Word,equipped,3.0130619319367367
33188,equipping,equip,Word,equipping,3.0494060811229784
33193,equitable,equitable,Word,equitable,3.282152036710362
33198,equities,equity,Lemma,equity,3.0741501780144707
33200,equity,equity,Word,equity,3.0741501780144707
33204,equivalent,equivalent,Word,equivalent,2.4379518764507284
33206,equivalents,equivalent,Word,equivalents,2.9721255922298555
33220,era,era,Word,era,2.8208822688455006
33232,eras,era,Lemma,era,2.8208822688455006
33234,erase,erase,Word,erase,3.107444008629629
33235,erased,erase,Word,erased,3.192263872851601
33238,erases,erase,Lemma,erase,3.107444008629629
33239,erasing,erase,Word,erasing,3.0955604715557183
33247,erect,erect,Word,erect,3.0814936789594363
33249,erected,erect,Word,erected,3.16178454835444
33253,erecting,erect,Word,erecting,3.1750505692915256
33260,erects,erect,Word,erects,3.817062390594262
33324,errand,errand,Word,errand,3.8136007266164027
33325,errands,errand,Lemma,errand,3.8136007266164027
33330,erratic,erratic,Word,erratic,3.008073207749126
33340,error,error,Word,error,3.646506834679764
33342,errors,error,Word,errors,3.8315805489503205
33403,escapes,escape,Word,escapes,3.196487454843292
33404,escaping,escape,Word,escaping,2.7657511163746826
33431,escort,escort,Word,escort,3.098997146203144
33432,escorted,escort,Word,escorted,3.413426310557163
33433,escorting,escort,Word,escorting,2.9608164840715707
33434,escorts,escort,Word,escorts,3.0849594031397345
33489,essay,essay,Word,essay,3.272674784585382
33490,essayed,essay,Word,essayed,3.6003872876112526
33492,essaying,essay,Lemma,essay,3.272674784585382
33496,essays,essay,Word,essays,3.210035127343986
33498,essence,essence,Word,essence,2.4897999526570573
33499,essences,essence,Word,essences,3.2141232966867337
33500,essential,essential,Word,essential,2.5426250342687453
33506,essentials,essential,Word,essentials,3.031057536017373
33510,establish,establish,Word,establish,2.649616383111267
33511,established,establish,Word,established,2.3198714267943603
33513,establishes,establish,Word,establishes,3.034509985404331
33514,establishing,establish,Word,establishing,2.5838206963314434
33522,estate,estate,Word,estate,3.2660433178203228
33523,estates,estate,Word,estates,3.255019297228418
33524,esteem,esteem,Word,esteem,3.7259070587422913
33525,esteemed,esteem,Word,esteemed,2.6078842359925702
33526,esteeming,esteem,Lemma,esteem,3.7259070587422913
33527,esteems,esteem,Lemma,esteem,3.7259070587422913
33543,estimate,estimate,Word,estimate,3.326827827155954
33544,estimated,estimate,Word,estimated,2.7671357143475563
33545,estimates,estimate,Word,estimates,3.216414727797774
33546,estimating,estimate,Word,estimating,2.765038064234925
33581,etched,etch,Word,etched,3.5235045117781247
33587,eternal,eternal,Word,eternal,2.978162805137625
33591,eternities,eternity,Lemma,eternity,3.2539937534122525
33592,eternity,eternity,Word,eternity,3.2539937534122525
33614,ethers,ether,Word,ethers,2.5855885103269247
33616,ethical,ethical,Word,ethical,3.197462000734313
33623,ethics,ethic,Word,ethics,3.1724743301988854
33628,ethnic,ethnic,Word,ethnic,3.2560172113414474
33886,evasion,evasion,Word,evasion,3.6109453944785277
33887,evasions,evasion,Word,evasions,3.514885951791045
33902,evening,evening,Word,evening,2.1918730858362734
33904,evenings,evening,Word,evenings,2.8774940528541912
33908,evens,even,Lemma,even,1.5203480695141416
33917,events,event,Word,events,2.4931022880177793
33919,eventual,eventual,Word,eventual,2.506370039960097
33934,evergreen,evergreen,Word,evergreen,2.8837004884847284
33935,evergreens,evergreen,Lemma,evergreen,2.8837004884847284
33936,everlasting,everlasting,Word,everlasting,2.815087259583481
33964,evidence,evidence,Word,evidence,2.8603125548035035
33965,evidenced,evidence,Word,evidenced,2.5172677276241577
33966,evidences,evidence,Word,evidences,3.277341954255461
33967,evidencing,evidence,Word,evidencing,2.9981141617124356
33968,evident,evident,Word,evident,2.556927723950869
33973,evil,evil,Word,evil,3.1478056274949675
33981,evils,evil,Word,evils,3.3664196372296273
34034,exact,exact,Word,exact,2.82377623553158
34036,exacted,exact,Word,exacted,3.6604499263287984
34038,exacting,exact,Word,exacting,2.913856399520335
34047,exacts,exact,Word,exacts,3.9546480163109803
34048,exaggerate,exaggerate,Word,exaggerate,3.656869053681607
34051,exaggerates,exaggerate,Lemma,exaggerate,3.656869053681607
34052,exaggerating,exaggerate,Word,exaggerating,3.332378385078726
34054,exaggeration,exaggeration,Word,exaggeration,2.904910174186071
34055,exaggerations,exaggeration,Word,exaggerations,3.3119547833425367
34072,examination,examination,Word,examination,2.945940688712416
34074,examinations,examination,Word,examinations,3.5057131139943647
34075,examine,examine,Word,examine,2.782622377219507
34076,examined,examine,Word,examined,2.9521945508687786
34080,examines,examine,Word,examines,3.2573412194573304
34082,examining,examine,Word,examining,2.7405418654679976
34083,example,example,Word,example,2.203619029118971
34084,examples,example,Word,examples,2.8031948859297504
34092,exasperated,exasperate,Word,exasperated,2.8939191519236904
34104,excavations,excavation,Word,excavations,4.128908796000315
34107,exceed,exceed,Word,exceed,2.9905467639122127
34108,exceeded,exceed,Word,exceeded,3.1577832397490697
34109,exceeding,exceed,Word,exceeding,2.817795328601539
34111,exceeds,exceed,Word,exceeds,3.212702551690004
34114,excellence,excellence,Word,excellence,3.273322512130658
34115,excellences,excellence,Word,excellences,1.999075452873702
34117,excellent,excellent,Word,excellent,2.567222717370362
34140,excerpts,excerpt,Word,excerpts,3.2701551041990196
34173,excited,excite,Word,excited,3.3629575259327127
34175,excitement,excitement,Word,excitement,3.060827168627995
34176,excitements,excitement,Lemma,excitement,3.060827168627995
34179,exciting,exciting,Word,exciting,2.838355431765648
34277,excused,excuse,Word,excused,3.1623256542851563
34280,excuses,excuse,Word,excuses,3.1599697296223046
34281,excusing,excuse,Lemma,excuse,2.9293762383327104
34300,execute,execute,Word,execute,3.048913196428347
34301,executed,execute,Word,executed,3.0323349479857686
34303,executes,execute,Lemma,execute,3.048913196428347
34304,executing,execute,Word,executing,2.989663752689992
34305,execution,execution,Word,execution,3.426607456835641
34309,executions,execution,Word,executions,4.336446570555472
34310,executive,executive,Word,executive,2.6435039068833346
34313,executives,executive,Word,executives,2.9945857757526024
34344,exempt,exempt,Word,exempt,3.1017564086096874
34345,exempted,exempt,Lemma,exempt,3.1017564086096874
34347,exempting,exempt,Lemma,exempt,3.1017564086096874
34350,exempts,exempt,Lemma,exempt,3.1017564086096874
34354,exercise,exercise,Word,exercise,2.822791087147928
34355,exercised,exercise,Word,exercised,3.3296172110725584
34357,exercises,exercise,Word,exercises,3.345389327093894
34358,exercising,exercise,Word,exercising,3.1989787976480195
34362,exert,exert,Word,exert,2.9785333130355225
34363,exerted,exert,Word,exerted,2.9482435100381217
34364,exerting,exert,Word,exerting,2.992755221331538
34365,exertion,exertion,Word,exertion,3.222956724756852
34366,exertions,exertion,Word,exertions,3.5515619537015897
34368,exerts,exert,Word,exerts,3.4711020882125574
34382,exhaust,exhaust,Word,exhaust,3.41938104182573
34383,exhausted,exhaust,Word,exhausted,3.040806293636222
34388,exhausting,exhaust,Word,exhausting,2.9243148593660537
34390,exhaustion,exhaustion,Word,exhaustion,3.128234566060601
34397,exhausts,exhaust,Word,exhausts,3.2117300520150986
34451,exile,exile,Word,exile,3.719278463672261
34452,exiled,exile,Word,exiled,3.1158086923214046
34453,exiles,exile,Word,exiles,3.2622350520361683
34455,exiling,exile,Word,exiling,3.442697413102801
34456,exist,exist,Word,exist,2.790972772197363
34457,existed,exist,Word,existed,2.7138271703817676
34458,existence,existence,Word,existence,2.5944145131120093
34459,existences,existence,Lemma,existence,2.5944145131120093
34467,existing,exist,Word,existing,2.232338472267547
34468,exists,exist,Word,exists,2.689013110613011
34469,exit,exit,Word,exit,2.8797970422062775
34470,exited,exit,Lemma,exit,2.8797970422062775
34471,exiting,exit,Lemma,exit,2.8797970422062775
34472,exits,exit,Word,exits,2.9721059961472345
34515,exotic,exotic,Word,exotic,2.756812218275313
34521,expand,expand,Word,expand,2.811037507287977
34523,expanded,expand,Word,expanded,2.6814281135014744
34525,expanding,expand,Word,expanding,2.6865005762004492
34526,expands,expand,Word,expands,3.3801321659101196
34527,expanse,expanse,Word,expanse,3.1840578942355204
34528,expanses,expanse,Lemma,expanse,3.1840578942355204
34531,expansion,expansion,Word,expansion,2.7482320582087025
34537,expansions,expansion,Word,expansions,3.338304323879105
34552,expect,expect,Word,expect,2.403856148165074
34557,expectant,expectant,Word,expectant,2.879979133878529
34559,expectation,expectation,Word,expectation,2.5788861522164215
34560,expectations,expectation,Word,expectations,3.177553605699473
34562,expected,expect,Word,expected,2.4161529475231776
34564,expecting,expect,Word,expecting,2.772561394117613
34573,expects,expect,Word,expects,3.118603248893574
34591,expel,expel,Word,expel,3.374444718610146
34594,expelled,expel,Word,expelled,3.334462602162415
34597,expelling,expel,Word,expelling,3.396180164228737
34598,expels,expel,Lemma,expel,3.374444718610146
34608,expense,expense,Word,expense,2.6883380705360183
34609,expenses,expense,Word,expenses,3.3165775006857645
34610,expensive,expensive,Word,expensive,2.71706797577983
34613,experience,experience,Word,experience,2.473499499634396
34615,experiences,experience,Word,experiences,2.790420900028108
34616,experiencing,experience,Word,experiencing,2.784558652269597
34621,experiment,experiment,Word,experiment,2.8136662159660166
34622,experimental,experimental,Word,experimental,2.720156965116437
34628,experimented,experiment,Word,experimented,3.2734108200475807
34631,experimenting,experiment,Word,experimenting,3.0707599973880564
34632,experiments,experiment,Word,experiments,3.185510685247744
34633,expert,expert,Word,expert,2.9010497857669444
34637,experts,expert,Word,experts,2.7270306884623396
34649,expired,expire,Word,expired,3.263435500676076
34655,explain,explain,Word,explain,2.5617496631848518
34657,explained,explain,Word,explained,2.1480524120852613
34660,explaining,explain,Word,explaining,2.1698543334400604
34661,explains,explain,Word,explains,2.395527394212428
34663,explanations,explanation,Word,explanations,3.0980699838669628
34667,explanatory,explanatory,Word,explanatory,3.048836754861225
34684,explicit,explicit,Word,explicit,2.7419952888029244
34692,exploit,exploit,Word,exploit,3.019750714629419
34694,exploitation,exploitation,Word,exploitation,2.978209910400615
34696,exploited,exploit,Word,exploited,3.084197922109926
34699,exploiting,exploit,Word,exploiting,2.9329008664504523
34701,exploits,exploit,Word,exploits,2.8118664453501507
34702,exploration,exploration,Word,exploration,3.674858008551699
34703,explorations,exploration,Word,explorations,3.2095508501472527
34706,explore,explore,Word,explore,2.7207303877179507
34707,explored,explore,Word,explored,2.8671800265699336
34708,explorer,explorer,Word,explorer,3.9055924498659333
34709,explorers,explorer,Word,explorers,3.634722931913677
34710,explores,explore,Word,explores,3.306760888592747
34711,exploring,explore,Word,exploring,2.747765287745848
34817,exquisite,exquisite,Word,exquisite,2.904152569256033
34874,exterior,exterior,Word,exterior,2.9363362487062212
34882,exteriors,exterior,Word,exteriors,3.1853097458069333
34906,extinct,extinct,Word,extinct,3.9012346483240337
34907,extinction,extinction,Word,extinction,3.786613358488908
34911,extinguished,extinguish,Word,extinguished,3.649328507548387
34992,extras,extra,Word,extras,3.034155730335674
35002,extravagant,extravagant,Word,extravagant,2.8578078766388098
35011,extreme,extreme,Word,extreme,2.45734982046277
35014,extremes,extreme,Word,extremes,2.814940522159832
35068,eye,eye,Word,eye,2.936601603648451
35069,eyeball,eyeball,Word,eyeball,2.7996568421630355
35070,eyeballs,eyeball,Word,eyeballs,3.1583452618490506
35077,eyebrow,eyebrow,Word,eyebrow,3.6054457536744753
35078,eyebrows,eyebrow,Word,eyebrows,3.2798132776981372
35082,eyed,eye,Word,eyed,3.054260236468473
35091,eyeing,eye,Word,eyeing,2.927224034547127
35093,eyelashes,eyelash,Word,eyelashes,4.026679429074237
35105,eyes,eye,Word,eyes,2.85286684475844
35109,eyesight,eyesight,Word,eyesight,3.80573190936416
35123,eying,eye,Lemma,eye,2.936601603648451
35144,fable,fable,Word,fable,3.2963476822534257
35147,fables,fable,Word,fables,3.224001900717077
35149,fabling,fable,Lemma,fable,3.2963476822534257
35150,fabric,fabric,Word,fabric,3.0579414717064357
35160,fabrics,fabric,Word,fabrics,3.6141875766083076
35162,fabulous,fabulous,Word,fabulous,2.426183154996673
35168,face,face,Word,face,2.3950790958878394
35173,faced,face,Word,faced,2.6602554078907787
35180,faces,face,Word,faces,2.880134184581385
35188,facial,facial,Word,facial,3.2161863247480684
35190,facials,facial,Lemma,facial,3.2161863247480684
35194,facilitate,facilitate,Word,facilitate,2.6086789784061613
35195,facilitated,facilitate,Word,facilitated,2.68145012241457
35196,facilitates,facilitate,Word,facilitates,3.2688006495329662
35197,facilitating,facilitate,Word,facilitating,2.767085498964894
35202,facilities,facility,Word,facilities,2.6568943044945104
35203,facility,facility,Word,facility,2.7539793949525695
35204,facing,face,Word,facing,2.6342219452228246
35210,fact,fact,Word,fact,1.985260561198327
35218,factions,faction,Word,factions,3.262100975415974
35229,factor,factor,Word,factor,2.9313197262620148
35234,factories,factory,Word,factories,3.447781223545843
35235,factoring,factor,Lemma,factor,2.9313197262620148
35241,factors,factor,Word,factors,3.2422346528174777
35242,factory,factory,Word,factory,3.255330299911673
35245,facts,fact,Word,facts,2.974237853682274
35247,factual,factual,Word,factual,3.12369372687299
35255,faculties,faculty,Word,faculties,3.102769567518539
35256,faculty,faculty,Word,faculty,3.1014204045271057
35257,fad,fad,Word,fad,3.5173561046052995
35268,fade,fade,Word,fade,3.175856572101314
35269,faded,fade,Word,faded,2.956823724887116
35275,fades,fade,Lemma,fade,3.175856572101314
35278,fads,fad,Word,fads,3.889283871491404
35299,fail,fail,Word,fail,2.5687264030349537
35300,failed,fail,Word,failed,2.6268751503515446
35301,failing,fail,Word,failing,2.8389252868957517
35305,fails,fail,Word,fails,2.945292756820203
35307,failure,failure,Word,failure,2.726973187458978
35308,failures,failure,Word,failures,3.0202512559179837
35312,faint,faint,Word,faint,2.943655559669801
35313,fainted,faint,Word,fainted,3.9352050768850657
35323,faints,faint,Lemma,faint,2.943655559669801
35324,fair,fair,Word,fair,2.5286944508309612
35336,fairies,fairy,Word,fairies,3.343749020710473
35337,fairing,fair,Lemma,fair,2.5286944508309612
35338,FAIRING,fair,Lemma,fair,2.5286944508309612
35344,fairness,fairness,Word,fairness,2.8716900869397795
35345,fairs,fair,Word,fairs,3.4810174684147177
35350,fairy,fairy,Word,fairy,2.9664444982171934
35358,faith,faith,Word,faith,2.829458781414863
35359,faithful,faithful,Word,faithful,2.9315783103033914
35365,faiths,faith,Word,faiths,3.5699295764530166
35367,fake,fake,Word,fake,2.97832931809494
35368,faked,fake,Word,faked,3.3652300439394143
35372,fakes,fake,Lemma,fake,2.97832931809494
35373,faking,fake,Lemma,fake,2.97832931809494
35388,fall,fall,Word,fall,2.245890465884375
35391,fallacies,fallacy,Lemma,fallacy,3.056531763492999
35395,fallacy,fallacy,Word,fallacy,3.056531763492999
35397,fallen,fall,Word,fallen,3.1152524632988134
35404,falling,fall,Word,falling,2.684280097599042
35411,falls,fall,Word,falls,2.998663089525682
35443,fame,fame,Word,fame,3.3813512911248806
35450,familiar,familiar,Word,familiar,2.883475355220594
35460,familiars,familiar,Lemma,familiar,2.883475355220594
35461,families,family,Word,families,2.5303112831959123
35465,family,family,Word,family,2.28175024208069
35474,famous,famous,Word,famous,2.3973271526352127
35477,fan,fan,Word,fan,3.1005118810346457
35486,fancied,fancy,Word,fancied,3.330552440681669
35489,fancies,fancy,Word,fancies,3.1248613411783044
35497,fancy,fancy,Word,fancy,2.6459141108284783
35498,fancying,fancy,Word,fancying,3.0828329465100603
35515,fangs,fang,Word,fangs,3.5421822994689713
35519,fanned,fan,Word,fanned,3.6872963297682837
35522,fanning,fan,Word,fanning,3.6634689289427844
35525,fans,fan,Word,fans,3.026761754702539
35532,fantasies,fantasy,Word,fantasies,3.2864303173685774
35537,fantastic,fantastic,Word,fantastic,2.753791086416431
35542,fantasy,fantasy,Word,fantasy,3.110733787851275
35565,fare,fare,Word,fare,2.9809216505596994
35566,fared,fare,Lemma,fare,2.9809216505596994
35568,fares,fare,Word,fares,4.05012086664342
35569,farewell,farewell,Word,farewell,3.3981342430714907
35570,farewells,farewell,Lemma,farewell,3.3981342430714907
35577,faring,fare,Word,faring,3.4871296136773595
35580,farm,farm,Word,farm,2.8953631631324015
35582,farmed,farm,Word,farmed,3.392785731936521
35583,farmer,farmer,Word,farmer,3.3533415500113173
35585,farmers,farmer,Word,farmers,3.179750455362539
35588,farmhouse,farmhouse,Word,farmhouse,3.5991332530912503
35589,farmhouses,farmhouse,Word,farmhouses,3.65650705540295
35590,farming,farm,Word,farming,3.1256568239287126
35595,farms,farm,Word,farms,3.2371156770232923
35656,fascinated,fascinate,Word,fascinated,3.4867409081064857
35660,fascination,fascination,Word,fascination,3.467559053198194
35661,fascinations,fascination,Lemma,fascination,3.467559053198194
35668,fashion,fashion,Word,fashion,2.6757421784273596
35669,fashionable,fashionable,Word,fashionable,2.763282038379321
35672,fashioned,fashion,Word,fashioned,2.649130484713022
35674,fashioning,fashion,Word,fashioning,2.8889928659894353
35677,fashions,fashion,Word,fashions,3.2019833375366447
35682,fasten,fasten,Word,fasten,3.596192289981036
35683,fastened,fasten,Word,fastened,3.2302641088395534
35686,fastening,fasten,Word,fastening,3.4931168819605714
35688,fastens,fasten,Word,fastens,3.573405729394904
35694,fasting,fast,Lemma,fast,2.513517042209608
35700,fatal,fatal,Word,fatal,3.1311155392987415
35713,fate,fate,Word,fate,3.1371940109890137
35714,fated,fate,Lemma,fate,3.1371940109890137
35718,fates,fate,Word,fates,3.431041541299102
35722,father,father,Word,father,2.49844712003671
35724,fathered,father,Word,fathered,4.088605746339603
35726,fathering,father,Word,fathering,3.9928598819809964
35733,fathers,father,Word,fathers,2.703926907950091
35734,fathom,fathom,Word,fathom,2.921069890515346
35736,fathomed,fathom,Lemma,fathom,2.921069890515346
35739,fathoming,fathom,Lemma,fathom,2.921069890515346
35742,fathoms,fathom,Word,fathoms,3.5635943064392164
35750,fatigues,fatigue,Word,fatigues,3.6475552571758714
35753,fating,fate,Lemma,fate,3.1371940109890137
35758,fats,fat,Word,fats,3.771652809825839
35769,fatties,fatty,Lemma,fatty,3.3504828307964796
35790,fault,fault,Word,fault,2.9404697441536767
35791,faulted,fault,Word,faulted,3.2543375592660837
35795,faultier,faulty,Lemma,faulty,3.204917184859631
35803,faults,fault,Word,faults,2.9874750710689995
35804,faulty,faulty,Word,faulty,3.204917184859631
35855,fawning,fawn,Word,fawning,3.267617247330841
35872,fear,fear,Word,fear,2.609718342026518
35874,feared,fear,Word,feared,2.715868710810453
35876,fearful,fearful,Word,fearful,2.5949406058157125
35879,fearing,fear,Word,fearing,2.72849516234297
35880,fearless,fearless,Word,fearless,2.97168537751796
35883,fears,fear,Word,fears,2.9909434685153267
35884,fearsome,fearsome,Word,fearsome,2.843228883374663
35888,feasible,feasible,Word,feasible,2.7290923853209565
35891,feast,feast,Word,feast,3.2373943499387594
35892,feasted,feast,Lemma,feast,3.2373943499387594
35894,feasting,feast,Word,feasting,3.1210269583741015
35895,feasts,feast,Word,feasts,3.3342573249288554
35896,feat,feat,Word,feat,3.4478089076309826
35914,feathers,feather,Word,feathers,3.1853551004810963
35923,feats,feat,Word,feats,3.4559149444328807
35924,feature,feature,Word,feature,2.3089508397573635
35925,featured,feature,Word,featured,2.5290914800692708
35927,features,feature,Word,features,2.4188068272355543
35928,featuring,feature,Word,featuring,2.3555998694700206
35951,fed,feed,Word,fed,2.6677651704583165
35953,federal,federal,Word,federal,2.472686516964649
35967,federations,federation,Lemma,federation,3.1120044058340923
35974,fee,fee,Word,fee,3.242370405483597
35976,feeble,feeble,Word,feeble,2.701412500036272
35983,feed,feed,Word,feed,2.73626657414781
35988,feeder,feeder,Word,feeder,2.946075351495665
35989,feeders,feeder,Lemma,feeder,2.946075351495665
35991,feeding,feed,Word,feeding,2.6773941610939453
35994,feeds,feed,Word,feeds,3.1486145694771714
35998,feel,feel,Word,feel,2.497123120086761
36003,feeling,feel,Word,feeling,2.695785378042613
36006,feels,feel,Word,feels,2.5335570846228803
36008,fees,fee,Word,fees,3.3089921726830047
36009,feet,foot,Word,feet,2.856619320536036
36047,fell,fall,Word,fell,3.2029159774922737
36069,fellowship,fellowship,Word,fellowship,3.4280473936065134
36070,fellowships,fellowship,Word,fellowships,3.706616321032698
36085,felt,feel,Word,felt,2.553040503882764
36090,female,female,Word,female,2.548727919796369
36093,females,female,Word,females,2.646566023092924
36094,feminine,feminine,Word,feminine,3.246015445192991
36112,fence,fence,Word,fence,3.4240972468405046
36113,fenced,fence,Word,fenced,3.325536785192866
36120,fences,fence,Word,fences,3.550726021514731
36121,fencing,fence,Word,fencing,3.387437790343836
36124,fenders,fender,Word,fenders,3.9661345562355974
36163,fermented,ferment,Word,fermented,3.718595627292534
36164,fermenting,ferment,Word,fermenting,3.5459823911775934
36176,ferns,fern,Word,ferns,3.4362217537295723
36178,ferocious,ferocious,Word,ferocious,2.7199910825689053
36188,ferreted,ferret,Word,ferreted,3.38736986935688
36195,ferried,ferry,Word,ferried,3.4764650386912024
36196,ferries,ferry,Word,ferries,3.5872899250649115
36222,ferry,ferry,Word,ferry,3.425851990838422
36225,ferrying,ferry,Lemma,ferry,3.425851990838422
36228,fertile,fertile,Word,fertile,3.203247310050272
36231,fertility,fertility,Word,fertility,3.789398981255407
36265,festival,festival,Word,festival,3.1427658504109304
36266,festivals,festival,Word,festivals,3.3966467116745114
36267,festive,festive,Word,festive,3.0680203219616073
36281,fetch,fetch,Word,fetch,3.41774108389863
36282,fetched,fetch,Lemma,fetch,3.41774108389863
36284,fetches,fetch,Lemma,fetch,3.41774108389863
36285,fetching,fetch,Word,fetching,2.8339499461019373
36318,feud,feud,Word,feud,3.8432318511364922
36329,feuded,feud,Lemma,feud,3.8432318511364922
36330,feuding,feud,Lemma,feud,3.8432318511364922
36332,feuds,feud,Word,feuds,3.801878959482441
36335,fever,fever,Word,fever,3.861872007072447
36344,fevers,fever,Lemma,fever,3.861872007072447
36403,fibrous,fibrous,Word,fibrous,3.933054959259379
36422,fiction,fiction,Word,fiction,3.18767321047222
36431,fictions,fiction,Lemma,fiction,3.18767321047222
36438,fiddle,fiddle,Word,fiddle,3.024082244922732
36439,fiddled,fiddle,Lemma,fiddle,3.024082244922732
36443,fiddles,fiddle,Word,fiddles,3.351654415388113
36447,fiddling,fiddle,Word,fiddling,3.3291480928820256
36453,fidelity,fidelity,Word,fidelity,3.263282509040784
36471,field,field,Word,field,2.274634185138014
36473,fielded,field,Word,fielded,3.113691289544018
36482,fields,field,Word,fields,2.7808917605107983
36496,fierce,fierce,Word,fierce,2.773470385977948
36505,fiery,fiery,Word,fiery,2.779773908468947
36506,fiesta,fiesta,Word,fiesta,3.3595529947131215
36507,fiestas,fiesta,Lemma,fiesta,3.3595529947131215
36512,fifteens,fifteen,Lemma,fifteen,2.295595448249567
36523,fig,fig,Word,fig,3.1304035467379228
36527,fight,fight,Word,fight,2.7114263034779595
36529,fighter,fighter,Word,fighter,3.5499691676429137
36530,fighters,fighter,Word,fighters,3.3886298987588983
36532,fighting,fight,Word,fighting,2.5484387712220737
36533,fights,fight,Word,fights,3.0455175304187545
36537,figs,fig,Word,figs,3.4217393376999397
36542,figurative,figurative,Word,figurative,2.726596296165074
36545,figure,figure,Word,figure,2.3929181767392302
36546,figured,figure,Word,figured,2.3499334851431084
36551,figures,figure,Word,figures,2.716401858710799
36554,figuring,figure,Word,figuring,2.6769659014143232
36578,file,file,Word,file,2.981648493152159
36579,filed,file,Word,filed,3.0502013890558994
36583,files,file,Word,files,3.2747505575521925
36608,fill,fill,Word,fill,2.9435242796396164
36610,filled,fill,Word,filled,2.6277164426598008
36618,filling,fill,Word,filling,2.7785164921916654
36623,fills,fill,Word,fills,3.206239124519751
36625,film,film,Word,film,2.6443023097474105
36629,filmed,film,Word,filmed,3.0501661130222666
36636,filming,film,Word,filming,3.428271514185825
36639,films,film,Word,films,3.1458589668614616
36658,filthy,filthy,Word,filthy,3.0747971975817165
36666,fin,fin,Word,fin,3.0862595385498257
36670,final,final,Word,final,2.2279099833335456
36683,finals,final,Word,finals,3.4025943241845185
36685,finance,finance,Word,finance,2.6095395973045314
36686,financed,finance,Word,financed,3.0500760683072556
36688,financial,financial,Word,financial,2.4915221675248005
36697,find,find,Word,find,2.239625826166879
36701,finding,find,Word,finding,2.2688986567994025
36703,finds,find,Word,finds,2.707031357178982
36705,fine,fine,Word,fine,2.6069029468154414
36707,fined,fine,Word,fined,4.460273395643479
36712,fines,fine,Word,fines,3.667861353948584
36718,finger,finger,Word,finger,3.5427415573668934
36722,fingered,finger,Word,fingered,2.9835130726220247
36724,fingering,finger,Word,fingering,2.9473503896003126
36739,fingers,finger,Word,fingers,3.3802764279005664
36752,fining,fine,Lemma,fine,2.6069029468154414
36754,finish,finish,Word,finish,2.591911084091538
36755,finished,finish,Word,finished,2.615916735387324
36757,finishes,finish,Word,finishes,3.096811315494846
36758,finishing,finish,Word,finishing,2.528070336005218
36774,finned,fin,Word,finned,3.6013477955126034
36785,fins,fin,Word,fins,3.603277624992714
36791,fir,fir,Word,fir,3.2483081334701707
36792,fire,fire,Word,fire,2.847688856144441
36795,firearms,firearm,Word,firearms,3.4899941207189933
36818,fired,fire,Word,fired,2.95109466006345
36839,fireman,fireman,Word,fireman,3.145076864997637
36840,firemen,fireman,Word,firemen,3.2940040522081513
36841,fireplace,fireplace,Word,fireplace,3.7968110376753574
36842,fireplaces,fireplace,Word,fireplaces,3.934960149875925
36850,fires,fire,Word,fires,3.507607848649659
36874,firm,firm,Word,firm,2.4327758085109994
36880,firmed,firm,Lemma,firm,2.4327758085109994
36883,firming,firm,Lemma,firm,2.4327758085109994
36885,firmness,firmness,Word,firmness,3.491210576673232
36886,firms,firm,Word,firms,2.818756806821488
36889,firs,fir,Lemma,fir,3.2483081334701707
36903,fiscal,fiscal,Word,fiscal,3.170376199354112
36905,fiscals,fiscal,Lemma,fiscal,3.170376199354112
36906,fish,fish,Word,fish,3.0095629200911858
36914,fished,fish,Lemma,fish,3.0095629200911858
36917,fisherman,fisherman,Word,fisherman,3.6320273683443927
36919,fishermen,fisherman,Word,fishermen,3.623004687564086
36923,fishes,fish,Word,fishes,3.2896444021045803
36933,fishing,fishing,Word,fishing,3.393661921949861
36963,fist,fist,Word,fist,3.3842690302407266
36964,fisted,fist,Word,fisted,3.4310956004751842
36971,fisting,fist,Lemma,fist,3.3842690302407266
36973,fists,fist,Word,fists,3.781821926788254
36977,fit,fit,Word,fit,2.6718713268486014
36985,fitness,fitness,Word,fitness,3.3904580991051003
36986,fits,fit,Word,fits,3.0786936274071826
36987,fitted,fit,Word,fitted,3.0516993767467437
37006,fix,fix,Word,fix,2.841397053187118
37016,fixed,fix,Word,fixed,2.502349226271844
37021,fixes,fix,Lemma,fix,2.841397053187118
37022,fixing,fix,Word,fixing,3.2024796591565337
37025,fixture,fixture,Word,fixture,2.9269783054156706
37026,fixtures,fixture,Word,fixtures,3.175960515500052
37060,flag,flag,Word,flag,3.510944115078482
37074,flagged,flag,Lemma,flag,3.510944115078482
37093,flags,flag,Word,flags,3.7178472595790617
37110,flakes,flake,Word,flakes,3.5557346066458435
37124,flame,flame,Word,flame,3.2897600918762677
37125,flamed,flame,Word,flamed,3.441067000003662
37131,flames,flame,Word,flames,3.6227315704021374
37134,flaming,flaming,Word,flaming,2.9668383929312263
37139,flammable,flammable,Word,flammable,3.8282755170280502
37147,flank,flank,Word,flank,3.6664515184401294
37148,flanked,flank,Word,flanked,3.4794758152000287
37150,flanking,flank,Word,flanking,2.9188002767847667
37151,flanks,flank,Lemma,flank,3.6664515184401294
37154,flannel,flannel,Word,flannel,3.158837076371395
37159,flannels,flannel,Word,flannels,3.1795283280956173
37161,flap,flap,Word,flap,3.137539464892616
37165,flapped,flap,Word,flapped,3.9942362483221414
37168,flapping,flap,Word,flapping,3.4055051947049453
37169,flaps,flap,Lemma,flap,3.137539464892616
37170,flare,flare,Word,flare,3.0778051392795573
37172,flared,flare,Word,flared,3.3828516479361874
37173,flares,flare,Word,flares,3.464484347995827
37174,flaring,flare,Word,flaring,3.5757255462270012
37176,flash,flash,Word,flash,2.6456043029278624
37185,flashed,flash,Word,flashed,3.305153514947567
37188,flashes,flash,Word,flashes,3.1272120083200172
37195,flashing,flash,Word,flashing,2.8631156006558367
37201,flashy,flashy,Word,flashy,2.8406986024286076
37205,flat,flat,Word,flat,2.587835009549637
37226,flats,flat,Word,flats,3.236237440739693
37233,flatter,flatter,Word,flatter,3.039839756178211
37234,flattered,flatter,Word,flattered,3.6714550520290414
37240,flatters,flatter,Lemma,flatter,3.039839756178211
37243,flatting,flat,Lemma,flat,2.587835009549637
37284,flaw,flaw,Word,flaw,3.6135531973703685
37285,flawed,flaw,Lemma,flaw,3.6135531973703685
37286,flawing,flaw,Lemma,flaw,3.6135531973703685
37290,flaws,flaw,Word,flaws,3.381550880913145
37300,flea,flea,Word,flea,3.8629832898656433
37308,fleas,flea,Word,fleas,3.633554439216247
37317,fled,flee,Word,fled,3.7516975254937135
37326,flee,flee,Word,flee,3.4903617510001763
37336,fleeing,flee,Word,fleeing,3.226507279372487
37340,flees,flee,Word,flees,4.140498040786263
37341,fleet,fleet,Word,fleet,3.1112267484624483
37343,fleeted,fleet,Lemma,fleet,3.1112267484624483
37351,fleets,fleet,Word,fleets,3.4701702664885
37362,flesh,flesh,Word,flesh,2.9732366723768955
37363,fleshed,flesh,Lemma,flesh,2.9732366723768955
37366,fleshiest,fleshy,Lemma,fleshy,3.166143027187396
37368,fleshing,flesh,Lemma,flesh,2.9732366723768955
37375,fleshy,fleshy,Word,fleshy,3.166143027187396
37379,flew,fly,Word,flew,3.1974975235111285
37385,flexibility,flexibility,Word,flexibility,3.060572435928854
37386,flexible,flexible,Word,flexible,2.8847830092497415
37403,flick,flick,Word,flick,3.213990548348638
37404,flicked,flick,Word,flicked,3.887072923133052
37405,flicker,flicker,Word,flicker,3.305620727950669
37406,flickered,flicker,Word,flickered,3.658241777450371
37407,flickering,flicker,Lemma,flicker,3.305620727950669
37409,flickers,flicker,Lemma,flicker,3.305620727950669
37411,flicking,flick,Word,flicking,3.362639341093429
37412,flicks,flick,Word,flicks,3.469593700319799
37415,flies,fly,Word,flies,3.0525176424005
37416,flight,flight,Word,flight,3.010558675858418
37417,flighted,flight,Lemma,flight,3.010558675858418
37424,flights,flight,Word,flights,3.7187729228583417
37452,flints,flint,Lemma,flint,3.7836012040609304
37455,flip,flip,Word,flip,2.7560517458650136
37461,flipped,flip,Word,flipped,3.253517330468425
37464,flipping,flip,Word,flipping,3.0452529896738656
37465,flips,flip,Word,flips,3.3174631504342527
37489,float,float,Word,float,2.78147229770912
37493,floated,float,Word,floated,3.0930735666336284
37496,floating,float,Word,floating,2.6766134376213295
37499,floats,float,Word,floats,2.9286975801066015
37509,flock,flock,Word,flock,2.783113582047854
37511,flocked,flock,Word,flocked,3.179414054613192
37512,flocking,flock,Word,flocking,3.115394058516045
37514,flocks,flock,Word,flocks,3.236071491031524
37524,flood,flood,Word,flood,3.24723721758423
37527,flooded,flood,Word,flooded,3.075396690430845
37540,floods,flood,Word,floods,3.535834956269281
37544,floor,floor,Word,floor,2.84465063448681
37548,floored,floor,Lemma,floor,2.84465063448681
37552,floors,floor,Word,floors,3.265306886380577
37558,flop,flop,Word,flop,3.378412165788259
37560,flopped,flop,Word,flopped,3.110828535965567
37564,floppiest,floppy,Lemma,floppy,3.2605061920624934
37567,flopping,flop,Lemma,flop,3.378412165788259
37568,floppy,floppy,Word,floppy,3.2605061920624934
37569,flops,flop,Word,flops,3.3251967605242334
37573,floral,floral,Word,floral,3.1684130073376684
37625,flour,flour,Word,flour,3.657723381810211
37629,flouring,flour,Lemma,flour,3.657723381810211
37630,flourish,flourish,Word,flourish,2.8368919030570106
37631,flourished,flourish,Word,flourished,3.0922444965517593
37633,flourishes,flourish,Word,flourishes,2.9177642126786014
37634,flourishing,flourish,Word,flourishing,2.5960971035653793
37640,flours,flour,Lemma,flour,3.657723381810211
37648,flow,flow,Word,flow,2.9210235718920545
37652,flowed,flow,Word,flowed,3.2897770635019628
37653,flower,flower,Word,flower,3.0649348990301775
37658,flowered,flower,Word,flowered,3.257647248730147
37665,flowering,flower,Word,flowering,3.6242254078956284
37670,flowers,flower,Word,flowers,3.320272723806506
37672,flowing,flow,Word,flowing,3.0778673240992016
37674,flown,fly,Word,flown,3.314327152658081
37675,flows,flow,Word,flows,3.143121387587031
37689,fluctuations,fluctuation,Word,fluctuations,3.9974516714145865
37692,fluent,fluent,Word,fluent,3.3460306800471127
37696,fluff,fluff,Word,fluff,2.938075908526376
37697,fluffed,fluff,Lemma,fluff,2.938075908526376
37703,fluffs,fluff,Lemma,fluff,2.938075908526376
37706,fluid,fluid,Word,fluid,2.9412273950482164
37717,fluids,fluid,Word,fluids,3.7028557334787333
37736,flung,fling,Word,flung,3.3489549060676747
37751,fluorescent,fluorescent,Word,fluorescent,3.171413636895342
37779,flurried,flurry,Word,flurried,2.5728704335599697
37780,flurries,flurry,Lemma,flurry,3.0774264595205842
37781,flurry,flurry,Word,flurry,3.0774264595205842
37782,flurrying,flurry,Lemma,flurry,3.0774264595205842
37783,flush,flush,Word,flush,2.780586502231622
37784,flushed,flush,Word,flushed,3.122248207694793
37786,flushes,flush,Lemma,flush,2.780586502231622
37787,flushing,flush,Word,flushing,3.2471709409645593
37793,flute,flute,Word,flute,3.351409446445852
37796,flutes,flute,Lemma,flute,3.351409446445852
37802,fluttered,flutter,Word,fluttered,3.7856828769268462
37810,flux,flux,Word,flux,3.0623320674688475
37811,fluxes,flux,Word,fluxes,3.7850234827656126
37816,fly,fly,Word,fly,2.9023937427134237
37832,flying,fly,Word,flying,2.7744758431636116
37859,foal,foal,Word,foal,4.068285698412245
37860,foaled,foal,Lemma,foal,4.068285698412245
37862,foals,foal,Word,foals,4.111964929139195
37863,foam,foam,Word,foam,3.4260710107230805
37865,foamed,foam,Word,foamed,3.0849427230376247
37870,foaming,foam,Word,foaming,3.2522754944284737
37873,foams,foam,Word,foams,3.8604130598855226
37877,focal,focal,Word,focal,3.264232374783607
37881,foci,focus,Word,foci,3.1584588231730226
37882,focus,focus,Word,focus,2.628221813558321
37884,focused,focus,Word,focused,2.776896981912856
37886,focuses,focus,Word,focuses,3.153229824208597
37887,focusing,focus,Word,focusing,2.6079991581527584
37888,focussed,focus,Word,focussed,3.1375302824147138
37890,focussing,focus,Lemma,focus,2.628221813558321
37893,foe,foe,Word,foe,3.4230413700956968
37896,foes,foe,Word,foes,3.128688893127515
37900,fog,fog,Word,fog,3.28345248104633
37911,fogged,fog,Word,fogged,3.5553642073547618
37918,fogging,fog,Lemma,fog,3.28345248104633
37919,foggy,foggy,Word,foggy,3.2238122018896678
37926,fogs,fog,Lemma,fog,3.28345248104633
37934,foil,foil,Word,foil,2.9927711869384637
37937,foiling,foil,Lemma,foil,2.9927711869384637
37938,foils,foil,Lemma,foil,2.9927711869384637
37946,fold,fold,Word,fold,2.608199005104296
37950,folded,fold,Word,folded,2.997305969616853
37951,folder,folder,Word,folder,3.6237506430674564
37953,folders,folder,Word,folders,3.7238022096049783
37956,folds,fold,Word,folds,2.85262151063151
37959,foliage,foliage,Word,foliage,3.690815150107331
37973,folk,folk,Word,folk,2.724491246829078
37976,folklore,folklore,Word,folklore,3.364253674075978
37983,folks,folk,Word,folks,2.4332715728483474
38000,follies,folly,Word,follies,2.944798509139298
38001,follow,follow,Word,follow,2.544765032877032
38002,followed,follow,Word,followed,2.5156594000690298
38004,followers,follower,Word,followers,2.964611477377944
38008,following,follow,Word,following,1.923286451299329
38009,follows,follow,Word,follows,2.737864387350962
38010,folly,folly,Word,folly,2.8502647071720815
38019,fond,fond,Word,fond,2.8665024286489253
38030,fondness,fondness,Word,fondness,3.307940933902536
38031,FONDS,fond,Lemma,fond,2.8665024286489253
38043,food,food,Word,food,2.670499712356597
38047,foods,food,Word,foods,3.329546151066562
38051,fool,fool,Word,fool,2.7451673315811647
38052,fooled,fool,Word,fooled,3.1770515489917535
38058,fooling,fool,Word,fooling,2.9693481838152045
38059,foolish,foolish,Word,foolish,2.6197406926919666
38063,fools,fool,Word,fools,2.9149413665949253
38065,foot,foot,Word,foot,2.6727208225033294
38067,football,football,Word,football,2.8554160624328753
38072,footballs,football,Word,footballs,3.457286514177132
38082,footed,foot,Lemma,foot,2.6727208225033294
38094,footing,footing,Word,footing,3.134934896222656
38095,footings,footing,Lemma,footing,3.134934896222656
38126,foots,foot,Lemma,foot,2.6727208225033294
38163,forages,forage,Word,forages,3.6540978930342867
38164,foraging,forage,Word,foraging,3.4533532820396604
38177,forbade,forbid,Word,forbade,3.655033820158296
38186,forbid,forbid,Word,forbid,3.277878742373319
38188,forbidden,forbid,Word,forbidden,3.1071038236734028
38190,forbidding,forbid,Word,forbidding,2.9976889269041127
38193,forbids,forbid,Word,forbids,3.8392831729412302
38196,force,force,Word,force,2.2674854187551476
38198,forced,force,Word,forced,2.5681222657786638
38201,forceful,forceful,Word,forceful,2.694245605756875
38208,forces,force,Word,forces,2.5944108582996113
38213,forcing,force,Word,forcing,2.562062057123633
38223,fore,fore,Word,fore,2.8198872560621604
38285,foreigner,foreigner,Word,foreigner,3.0205369979652934
38286,foreigners,foreigner,Word,foreigners,3.051568357214566
38307,foreman,foreman,Word,foreman,3.558151661675991
38312,foremen,foreman,Lemma,foreman,3.558151661675991
38314,foremost,foremost,Word,foremost,2.840909966332735
38373,forest,forest,Word,forest,3.2179537714694337
38384,forested,forest,Lemma,forest,3.2179537714694337
38389,forests,forest,Word,forests,3.5775783489891317
38430,forgave,forgive,Word,forgave,3.7561261905046996
38433,forged,forge,Word,forged,2.95241104327936
38438,forges,forge,Lemma,forge,2.8964975592657694
38439,forget,forget,Word,forget,2.586491407967839
38443,forgets,forget,Lemma,forget,2.586491407967839
38446,forgetting,forget,Word,forgetting,2.470065094904934
38447,forging,forge,Word,forging,2.972810464969353
38453,forgive,forgive,Word,forgive,3.2137012010156907
38454,forgiven,forgive,Word,forgiven,3.059584993412757
38455,forgiveness,forgiveness,Word,forgiveness,3.4690919788947774
38457,forgives,forgive,Lemma,forgive,3.2137012010156907
38458,forgiving,forgive,Word,forgiving,2.9831417843527444
38465,forgot,forget,Word,forgot,2.8099030425401113
38466,forgotten,forget,Word,forgotten,2.5885665433339464
38469,fork,fork,Word,fork,2.987456122964054
38471,forked,fork,Word,forked,3.1471174957616417
38474,forking,fork,Lemma,fork,2.987456122964054
38479,forks,fork,Word,forks,3.19917996789043
38483,form,form,Word,form,2.1295781829667226
38488,formal,formal,Word,formal,2.633087162086952
38495,formalities,formality,Word,formalities,3.6944372163007597
38496,formality,formality,Word,formality,3.2664937801943155
38506,format,format,Word,format,2.9806317632284642
38507,formation,formation,Word,formation,2.704727488888232
38509,formations,formation,Word,formations,3.4186584754763034
38513,formats,format,Word,formats,3.452384191318964
38517,formed,form,Word,formed,2.746486254067156
38525,formidable,formidable,Word,formidable,2.846739736848122
38528,forming,form,Word,forming,2.649396269858628
38534,forms,form,Word,forms,2.62306135370209
38542,formulate,formulate,Word,formulate,2.7566667551868393
38543,formulated,formulate,Word,formulated,2.7630748191280694
38544,formulates,formulate,Lemma,formulate,2.7566667551868393
38545,formulating,formulate,Word,formulating,2.7224921382801743
38588,forthcoming,forthcoming,Word,forthcoming,2.3150696133394804
38594,forties,forty,Word,forties,2.9739293470747223
38600,fortified,fortify,Word,fortified,2.960507161479844
38616,fortress,fortress,Word,fortress,3.3268061393800226
38617,fortresses,fortress,Word,fortresses,3.678448161787174
38618,forts,fort,Word,forts,4.006419254478172
38624,fortunate,fortunate,Word,fortunate,2.965640761708768
38627,fortune,fortune,Word,fortune,3.035350336544287
38628,fortuned,fortune,Lemma,fortune,3.035350336544287
38630,fortunes,fortune,Word,fortunes,3.3010416463329806
38636,forum,forum,Word,forum,2.871566760748553
38637,forums,forum,Word,forums,3.049037409865092
38638,forward,forward,Word,forward,2.5941326784136396
38639,forwarded,forward,Word,forwarded,3.124135330146424
38671,fought,fight,Word,fought,3.003092209502159
38672,foul,foul,Word,foul,4.1269644692024166
38674,fouled,foul,Word,fouled,4.407690991106275
38681,fouls,foul,Lemma,foul,4.1269644692024166
38682,found,find,Word,found,2.3119568447966787
38689,foundations,foundation,Word,foundations,2.9947109852094287
38691,founder,founder,Word,founder,2.923170520552987
38692,foundered,founder,Lemma,founder,2.923170520552987
38693,foundering,founder,Word,foundering,2.98148699449591
38694,founders,founder,Word,founders,2.9711710904500803
38704,fountain,fountain,Word,fountain,3.2672296514761743
38708,fountains,fountain,Word,fountains,3.5144459834352197
38710,four,four,Word,four,1.9135527294040011
38725,fourth,fourth,Word,fourth,2.319070422721257
38727,fourths,fourth,Lemma,fourth,2.319070422721257
38742,foxes,fox,Lemma,fox,3.1606638816415376
38773,fraction,fraction,Word,fraction,2.6505196369593005
38782,fractions,fraction,Word,fractions,3.929952281305007
38791,fractures,fracture,Word,fractures,3.6608130629325015
38793,fragile,fragile,Word,fragile,2.94058139994744
38797,fragment,fragment,Word,fragment,2.92971561476981
38806,fragmenting,fragment,Lemma,fragment,2.92971561476981
38808,fragments,fragment,Word,fragments,3.1270212365973884
38810,fragrance,fragrance,Word,fragrance,3.82865700102442
38811,fragrances,fragrance,Word,fragrances,3.900703040584167
38812,fragrant,fragrant,Word,fragrant,3.257984424218863
38814,frail,frail,Word,frail,3.349440360164829
38823,frame,frame,Word,frame,2.4752158529463704
38824,framed,frame,Word,framed,2.6995018211040427
38827,frames,frame,Word,frames,3.063347329885186
38828,framework,framework,Word,framework,2.7587390834474914
38829,frameworks,framework,Lemma,framework,2.7587390834474914
38830,framing,frame,Word,framing,3.1977767615269643
38842,franchise,franchise,Word,franchise,3.1331306536313486
38846,franchises,franchise,Word,franchises,3.2976367502809008
38847,franchising,franchise,Lemma,franchise,3.1331306536313486
38893,frantic,frantic,Word,frantic,2.9652071151198105
38919,fraud,fraud,Word,fraud,3.434503476589461
38921,frauds,fraud,Word,frauds,3.5596779328657324
38932,frayed,fray,Word,frayed,3.570186860592103
38941,freak,freak,Word,freak,2.908793989193437
38942,freaked,freak,Lemma,freak,2.908793989193437
38947,freaking,freak,Lemma,freak,2.908793989193437
38951,freaks,freak,Word,freaks,3.0305692251803342
38970,free,free,Word,free,2.4175156696693847
38982,freed,free,Word,freed,2.9795409983484293
38985,freedom,freedom,Word,freedom,2.9942617364267132
38987,freedoms,freedom,Word,freedoms,3.882199150667237
39000,freeing,free,Word,freeing,2.7716919231052257
39028,frees,free,Word,frees,3.546468944859764
39054,freezer,freezer,Word,freezer,3.71061148979653
39055,freezers,freezer,Word,freezers,3.729425137810575
39056,freezes,freeze,Word,freezes,3.318966443915185
39059,freight,freight,Word,freight,3.3946844989801113
39062,freighted,freight,Lemma,freight,3.3946844989801113
39065,freighting,freight,Lemma,freight,3.3946844989801113
39069,freights,freight,Word,freights,3.2040168712161545
39085,frenzied,frenzied,Word,frenzied,2.766183901815822
39087,frenzy,frenzy,Word,frenzy,3.171236311117522
39088,frequencies,frequency,Word,frequencies,3.6473893377460787
39089,frequency,frequency,Word,frequency,2.949809218966573
39090,frequent,frequent,Word,frequent,2.705036175683586
39093,frequented,frequent,Word,frequented,3.436569216655914
39095,frequenting,frequent,Lemma,frequent,2.705036175683586
39097,frequents,frequent,Lemma,frequent,2.705036175683586
39104,fresh,fresh,Word,fresh,2.3997194137767264
39160,friction,friction,Word,friction,3.3233081385467953
39164,frictions,friction,Word,frictions,3.690261708907893
39172,fried,fried,Word,fried,3.2840058385270168
39176,friend,friend,Word,friend,2.6043593204685838
39181,friendlies,friendly,Lemma,friendly,2.7092578348904683
39185,friendly,friendly,Word,friendly,2.7092578348904683
39186,friends,friend,Word,friends,2.4866931549610998
39187,friendship,friendship,Word,friendship,3.410989354695269
39188,friendships,friendship,Word,friendships,3.6165553288878654
39196,fright,fright,Word,fright,3.054611269959908
39197,frighted,fright,Lemma,fright,3.054611269959908
39198,frighten,frighten,Word,frighten,3.243974897637453
39203,frightens,frighten,Lemma,frighten,3.243974897637453
39207,frighting,fright,Lemma,fright,3.054611269959908
39208,frights,fright,Lemma,fright,3.054611269959908
39223,fringe,fringe,Word,fringe,2.674627327899394
39224,fringed,fringe,Word,fringed,3.3318934070575437
39226,fringes,fringe,Lemma,fringe,2.674627327899394
39269,frivolous,frivolous,Word,frivolous,3.15048400823318
39327,front,front,Word,front,2.0689935463758555
39330,frontal,frontal,Word,frontal,4.076572534594223
39335,fronted,front,Word,fronted,2.7072605100170577
39336,frontier,frontier,Word,frontier,3.08772323076456
39337,frontiers,frontier,Word,frontiers,3.360748748569157
39340,fronting,front,Lemma,front,2.0689935463758555
39348,fronts,front,Word,fronts,2.8313513560963868
39356,frosted,frost,Word,frosted,3.1167129228020833
39365,frosts,frost,Word,frosts,4.332036239930036
39380,frown,frown,Word,frown,2.987553324736608
39381,frowned,frown,Word,frowned,3.1324929930603225
39383,frowning,frown,Word,frowning,3.083869737337972
39385,frowns,frown,Word,frowns,3.196329853772098
39398,froze,freeze,Word,froze,3.384209641158818
39399,frozen,freeze,Word,frozen,2.876188915184319
39415,fruit,fruit,Word,fruit,3.0326756021215533
39424,fruitful,fruitful,Word,fruitful,3.0604954353768727
39430,fruiting,fruit,Lemma,fruit,3.0326756021215533
39435,fruits,fruit,Word,fruits,2.9438668608058927
39491,fuel,fuel,Word,fuel,2.8610394843883897
39492,fueled,fuel,Word,fueled,2.8585543180742707
39493,fueling,fuel,Lemma,fuel,2.8610394843883897
39494,fuelled,fuel,Lemma,fuel,2.8610394843883897
39495,fuelling,fuel,Lemma,fuel,2.8610394843883897
39497,fuels,fuel,Word,fuels,3.041632665402879
39507,fugitive,fugitive,Word,fugitive,3.5236059142145795
39510,fugitives,fugitive,Word,fugitives,3.964202849153312
39545,full,full,Word,full,2.1646017590734594
39549,fulled,full,Lemma,full,2.1646017590734594
39554,fulling,full,Lemma,full,2.1646017590734594
39555,fullness,fullness,Word,fullness,3.431167103877854
39556,fulls,full,Lemma,full,2.1646017590734594
39579,fumbled,fumble,Word,fumbled,4.339613919388826
39587,fumes,fume,Word,fumes,3.567400559976434
39601,fun,fun,Word,fun,2.8576898211265256
39605,function,function,Word,function,2.5831517070626746
39606,functional,functional,Word,functional,2.5653709407759
39615,functioned,function,Word,functioned,3.129213811695758
39616,functioning,function,Word,functioning,3.0382341874341363
39618,functions,function,Word,functions,2.8416243810207806
39619,fund,fund,Word,fund,2.6865324993635045
39623,fundamental,fundamental,Word,fundamental,2.6183032747438095
39629,fundamentals,fundamental,Word,fundamentals,3.4020507027537326
39631,funded,fund,Lemma,fund,2.6865324993635045
39636,funds,fund,Word,funds,2.8102078527235315
39638,funeral,funeral,Word,funeral,3.639239299620888
39639,funerals,funeral,Word,funerals,3.763392440963289
39646,fungi,fungus,Word,fungi,3.3291596673614294
39653,fungus,fungus,Word,fungus,3.898353905133057
39654,funguses,fungus,Lemma,fungus,3.898353905133057
39665,funnel,funnel,Word,funnel,2.988332585171472
39666,funneled,funnel,Word,funneled,3.4373000009856507
39667,funnelled,funnel,Lemma,funnel,2.988332585171472
39668,funnelling,funnel,Lemma,funnel,2.988332585171472
39669,funnels,funnel,Word,funnels,2.9854731590084485
39671,funnies,funny,Lemma,funny,2.812421561317555
39675,funny,funny,Word,funny,2.812421561317555
39678,fur,fur,Word,fur,3.532569372714661
39692,furious,furious,Word,furious,2.673469904413411
39706,furnace,furnace,Word,furnace,3.396582643619886
39708,furnaces,furnace,Word,furnaces,3.66551026426086
39710,furnished,furnish,Word,furnished,3.0184659451204197
39712,furnishes,furnish,Word,furnishes,3.358940899446549
39720,furred,fur,Lemma,fur,3.532569372714661
39726,furring,fur,Lemma,fur,3.532569372714661
39733,furs,fur,Word,furs,3.6438193737475015
39748,fury,fury,Word,fury,3.1892908405836233
39752,fuse,fuse,Word,fuse,3.088994599103971
39753,fused,fuse,Word,fused,2.93001915503689
39756,fuses,fuse,Word,fuses,3.1073974836837643
39768,fusion,fusion,Word,fusion,3.002462430778685
39771,fusions,fusion,Lemma,fusion,3.002462430778685
39772,fuss,fuss,Word,fuss,3.1113646377070987
39775,fussed,fuss,Lemma,fuss,3.1113646377070987
39777,fusses,fuss,Lemma,fuss,3.1113646377070987
39782,fussing,fuss,Word,fussing,3.226884775859256
39797,futile,futile,Word,futile,2.9145822521245996
39806,future,future,Word,future,2.314419784270963
39808,futures,future,Lemma,future,2.314419784270963
39823,fuzzy,fuzzy,Word,fuzzy,2.940625026842742
39894,gag,gag,Word,gag,2.958228972088768
39900,gagged,gag,Word,gagged,3.697633424169786
39902,gagging,gag,Word,gagging,3.3963435004763887
39908,gags,gag,Word,gags,3.3639684135151326
39918,gain,gain,Word,gain,2.609218775103838
39919,gained,gain,Word,gained,3.009285205566609
39927,gaining,gain,Word,gaining,2.7827423387108112
39929,gains,gain,Word,gains,3.2354689125250182
39936,gait,gait,Word,gait,4.0746631425483315
39937,gaited,gait,Word,gaited,3.68608565268134
39942,gaits,gait,Lemma,gait,4.0746631425483315
39955,galaxies,galaxy,Word,galaxies,5.446230799985754
39956,galaxy,galaxy,Word,galaxy,3.846350887320182
39962,gales,gale,Lemma,gale,3.609947469956045
39982,galleries,gallery,Word,galleries,3.190157012698684
39983,gallery,gallery,Word,gallery,2.975130462380268
39986,galley,galley,Word,galley,3.953841116284628
39987,galleys,galley,Word,galleys,3.925444541177561
40010,gallon,gallon,Word,gallon,4.0836903525995
40012,gallons,gallon,Word,gallons,4.085157451958362
40014,gallop,gallop,Word,gallop,3.3859678882506508
40016,galloped,gallop,Word,galloped,3.646270924520964
40018,galloping,gallop,Word,galloping,2.9800311722669957
40019,gallops,gallop,Lemma,gallop,3.3859678882506508
40064,gamble,gamble,Word,gamble,3.147048469981626
40065,gambled,gamble,Lemma,gamble,3.147048469981626
40068,gambles,gamble,Word,gambles,3.474990896823857
40076,game,game,Word,game,2.55175562807148
40082,gamed,game,Lemma,game,2.55175562807148
40089,games,game,Word,games,2.868758437798281
40127,gang,gang,Word,gang,3.3887810687746747
40134,ganging,gang,Lemma,gang,3.3887810687746747
40149,gangs,gang,Word,gangs,3.5951470895961197
40172,gap,gap,Word,gap,3.2538274586878817
40180,gaps,gap,Word,gaps,3.267121849745946
40183,garage,garage,Word,garage,2.8234180308012222
40184,garaged,garage,Word,garaged,3.6776500772353375
40185,garages,garage,Word,garages,3.0063347254618487
40187,garb,garb,Word,garb,3.2720919261254555
40188,garbage,garbage,Word,garbage,3.0541039755722412
40190,garbed,garb,Word,garbed,3.5518481113807825
40191,garbing,garb,Lemma,garb,3.2720919261254555
40198,garbs,garb,Lemma,garb,3.2720919261254555
40201,garden,garden,Word,garden,3.008230872741415
40202,gardened,garden,Word,gardened,3.8324223233966124
40203,gardener,gardener,Word,gardener,3.500498934053133
40204,gardeners,gardener,Word,gardeners,3.689501481999076
40210,gardens,garden,Word,gardens,3.2874472650778723
40237,garlic,garlic,Word,garlic,3.5046711645194204
40239,garment,garment,Word,garment,3.2359738027579534
40241,garments,garment,Word,garments,3.187190916239894
40293,gas,gas,Word,gas,2.850036313361567
40300,gases,gas,Word,gases,3.7421566002119366
40329,gasoline,gasoline,Word,gasoline,3.4506593868492152
40332,gasp,gasp,Word,gasp,2.964289443358325
40334,gasped,gasp,Word,gasped,3.6897049201913372
40337,gasping,gasp,Word,gasping,3.3307654741360313
40341,gassed,gas,Word,gassed,3.514585326497691
40344,gasses,gas,Lemma,gas,2.850036313361567
40349,gassing,gas,Word,gassing,3.6896004692954865
40376,gate,gate,Word,gate,2.8150801614306347
40385,gated,gate,Lemma,gate,2.8150801614306347
40395,gates,gate,Word,gates,3.0593316479121166
40396,gateway,gateway,Word,gateway,3.0244201676756126
40397,gateways,gateway,Word,gateways,3.3572652803306005
40398,gather,gather,Word,gather,2.6880202943810003
40400,gathered,gather,Word,gathered,2.8122686277023066
40402,gathering,gather,Word,gathering,2.507537037637904
40404,gathers,gather,Word,gathers,3.0867607887109405
40427,gauge,gauge,Word,gauge,3.1676839932285086
40428,gauged,gauge,Word,gauged,3.1506075339313533
40429,gauges,gauge,Lemma,gauge,3.1676839932285086
40430,gauging,gauge,Lemma,gauge,3.1676839932285086
40460,gave,give,Word,gave,2.675163674280819
40484,gay,gay,Word,gay,3.3573682271089487
40492,gays,gay,Lemma,gay,3.3573682271089487
40493,gaze,gaze,Word,gaze,3.3726133026772924
40496,gazed,gaze,Word,gazed,3.75334489471993
40502,gazes,gaze,Word,gazes,3.731132286679984
40510,gazing,gaze,Word,gazing,3.252259799157845
40519,gear,gear,Word,gear,2.9336621604825197
40522,geared,gear,Word,geared,2.662436894080323
40523,gearing,gear,Word,gearing,3.0708329165683472
40525,gears,gear,Word,gears,3.0858891072437267
40541,geese,goose,Word,geese,3.724585016385885
40574,gem,gem,Word,gem,2.905708900393015
40583,gemmed,gem,Lemma,gem,2.905708900393015
40587,gems,gem,Word,gems,3.0112677778209247
40595,gender,gender,Word,gender,3.284698101844257
40597,genders,gender,Word,genders,3.4221995253804627
40607,genera,genus,Lemma,genus,4.262896795418335
40628,generals,general,Word,generals,3.230493922785918
40631,generated,generate,Word,generated,2.644447957304039
40632,generates,generate,Word,generates,3.248939520739952
40634,generation,generation,Word,generation,2.779710373668198
40637,generations,generation,Word,generations,3.1225374979817055
40640,generator,generator,Word,generator,2.991888307042495
40641,generators,generator,Word,generators,3.0051103276941693
40647,generous,generous,Word,generous,2.8281735110515687
40667,genie,genie,Word,genie,4.379395549493752
40668,genies,genie,Lemma,genie,4.379395549493752
40669,genii,genie,Lemma,genie,4.379395549493752
40681,genius,genius,Word,genius,3.0234089923588727
40682,geniuses,genius,Word,geniuses,3.135745654262029
40704,gentle,gentle,Word,gentle,2.9447687801468514
40707,gentleman,gentleman,Word,gentleman,2.9392981305152315
40711,gentlemen,gentleman,Word,gentlemen,3.058676092002827
40731,genuine,genuine,Word,genuine,2.3605741317879447
40734,genus,genus,Word,genus,4.262896795418335
40759,geographical,geographical,Word,geographical,3.005920012274722
40761,geography,geography,Word,geography,2.995114423535876
40764,geological,geological,Word,geological,3.84334411685446
40766,geologist,geologist,Word,geologist,4.097053099986609
40767,geologists,geologist,Word,geologists,3.9773163273121432
40769,geology,geology,Word,geology,3.6493775525907037
40775,geometric,geometric,Word,geometric,3.285525279266049
40779,geometrics,geometric,Lemma,geometric,3.285525279266049
40782,geometry,geometry,Word,geometry,3.2039791955924155
40842,germ,germ,Word,germ,3.5419919492761163
40877,germs,germ,Word,germs,4.161784884121367
40918,gesture,gesture,Word,gesture,3.1711086660383287
40919,gestured,gesture,Word,gestured,3.460344673902477
40921,gestures,gesture,Word,gestures,3.3740179447946583
40922,gesturing,gesture,Word,gesturing,3.1938655091743398
40924,get,get,Word,get,2.127669012404111
40926,gets,get,Word,gets,2.7180248023474167
40930,getting,get,Word,getting,2.2698252129205656
40964,ghetto,ghetto,Word,ghetto,3.2491240953006684
40966,ghettos,ghetto,Word,ghettos,3.659391767670608
40970,ghost,ghost,Word,ghost,2.7745601807126463
40971,ghosted,ghost,Word,ghosted,3.9649470200248804
40972,ghosting,ghost,Lemma,ghost,2.7745601807126463
40976,ghosts,ghost,Word,ghosts,3.124012296204609
40993,giants,giant,Word,giants,3.0397981165381607
41025,giddiest,giddy,Lemma,giddy,2.8572909489304807
41029,giddy,giddy,Word,giddy,2.8572909489304807
41034,gift,gift,Word,gift,2.872701057522602
41038,gifting,gift,Lemma,gift,2.872701057522602
41039,gifts,gift,Word,gifts,3.1396786942384165
41049,gigantic,gigantic,Word,gigantic,2.345275079239106
41055,giggle,giggle,Word,giggle,3.0046780495238647
41056,giggled,giggle,Word,giggled,3.4942029842459026
41059,giggling,giggle,Word,giggling,3.122155378529237
41111,gin,gin,Word,gin,2.9601211170382307
41112,ginger,ginger,Word,ginger,2.9396079162408437
41132,ginned,gin,Lemma,gin,2.9601211170382307
41138,ginning,gin,Word,ginning,3.5448951778922573
41140,gins,gin,Word,gins,3.3611657499476633
41163,girl,girl,Word,girl,2.9040799618155773
41172,girls,girl,Word,girls,2.7893874878428817
41189,give,give,Word,give,2.3090763482791092
41192,given,give,Word,given,2.000479227079966
41196,gives,give,Word,gives,2.820616428813378
41199,giving,give,Word,giving,2.1847547733722825
41215,glacier,glacier,Word,glacier,3.7803213794650525
41217,glaciers,glacier,Word,glaciers,4.477838078489246
41222,glad,glad,Word,glad,2.711547539231189
41261,glance,glance,Word,glance,3.2134949950041496
41262,glanced,glance,Word,glanced,3.5669562944795916
41263,glances,glance,Word,glances,3.695953796833394
41264,glancing,glance,Word,glancing,2.9576130108834273
41266,gland,gland,Word,gland,3.9292380953305144
41271,glands,gland,Word,glands,4.142200440460272
41276,glared,glare,Word,glared,3.86489762002959
41278,glaring,glare,Word,glaring,3.0340581119438896
41283,glass,glass,Word,glass,2.892244285194793
41288,glasses,glass,Word,glasses,3.524210888138266
41314,glaze,glaze,Word,glaze,3.618480103353924
41315,glazed,glaze,Word,glazed,3.308894254573978
41318,glazes,glaze,Word,glazes,4.21113690449519
41324,gleam,gleam,Word,gleam,3.076737596116361
41325,gleamed,gleam,Word,gleamed,3.206212054990006
41326,gleaming,gleam,Word,gleaming,3.1049550703870437
41327,gleams,gleam,Lemma,gleam,3.076737596116361
41338,glee,glee,Word,glee,3.3168808834371375
41343,glees,glee,Lemma,glee,3.3168808834371375
41364,glide,glide,Word,glide,3.2448154652455434
41365,glided,glide,Word,glided,3.547843537547592
41366,glider,glider,Word,glider,3.725318085416514
41367,gliders,glider,Word,gliders,3.627662009587685
41368,glides,glide,Word,glides,3.5543882099220685
41369,gliding,glide,Lemma,glide,3.2448154652455434
41373,glimmer,glimmer,Word,glimmer,3.3969886591729375
41374,glimmered,glimmer,Lemma,glimmer,3.3969886591729375
41375,glimmering,glimmer,Word,glimmering,3.0771006507481564
41378,glimmers,glimmer,Lemma,glimmer,3.3969886591729375
41379,glimpse,glimpse,Word,glimpse,3.4193044581120335
41380,glimpsed,glimpse,Word,glimpsed,2.960535021924576
41382,glimpses,glimpse,Word,glimpses,3.463380424953159
41383,glimpsing,glimpse,Lemma,glimpse,3.4193044581120335
41397,glistened,glisten,Word,glistened,3.9077756101403223
41406,glitter,glitter,Word,glitter,3.1314926005951453
41408,glittered,glitter,Word,glittered,3.3232463993108037
41409,glittering,glitter,Word,glittering,2.929086688893065
41411,glitters,glitter,Lemma,glitter,3.1314926005951453
41429,globe,globe,Word,globe,2.9938721582885677
41430,globed,globe,Lemma,globe,2.9938721582885677
41434,globes,globe,Word,globes,3.2888093685030704
41461,gloom,gloom,Word,gloom,3.4367708104463226
41467,glooms,gloom,Lemma,gloom,3.4367708104463226
41468,gloomy,gloomy,Word,gloomy,3.197114702540033
41474,glories,glory,Word,glories,3.348412471447676
41482,glorious,glorious,Word,glorious,2.57346462044323
41485,glory,glory,Word,glory,3.0084767473187717
41486,glorying,glory,Word,glorying,2.5931730407467555
41487,gloss,gloss,Word,gloss,3.287572638633333
41493,glossed,gloss,Word,glossed,3.223595980911051
41495,glosses,gloss,Lemma,gloss,3.287572638633333
41497,glossies,glossy,Lemma,glossy,2.989372396655003
41501,glossing,gloss,Lemma,gloss,3.287572638633333
41505,glossy,glossy,Word,glossy,2.989372396655003
41515,glove,glove,Word,glove,3.4845515859879073
41520,gloves,glove,Word,gloves,3.177357608919243
41521,gloving,glove,Lemma,glove,3.4845515859879073
41522,glow,glow,Word,glow,3.0933495668952418
41523,glowed,glow,Word,glowed,3.4984031045337796
41531,glows,glow,Word,glows,3.6200707961745033
41541,glue,glue,Word,glue,3.3122135888914066
41542,glued,glue,Word,glued,3.430853852163213
41543,glueing,glue,Lemma,glue,3.3122135888914066
41546,glues,glue,Lemma,glue,3.3122135888914066
41652,goals,goal,Word,goals,3.0779666422408396
41656,goat,goat,Word,goat,2.8732154017251506
41667,goats,goat,Lemma,goat,2.8732154017251506
41675,gobbled,gobble,Word,gobbled,3.245741531402584
41704,goddess,goddess,Word,goddess,3.7382140586569887
41705,goddesses,goddess,Lemma,goddess,3.7382140586569887
41743,goes,go,Word,goes,2.4259023167001716
41759,going,go,Word,going,2.0686091715005483
41766,gold,gold,Word,gold,2.940546610233859
41774,golden,golden,Word,golden,2.7354769244077235
41783,goldfish,goldfish,Word,goldfish,3.352917752022826
41784,goldfishes,goldfish,Lemma,goldfish,3.352917752022826
41793,golf,golf,Word,golf,3.1273326967359507
41795,golfed,golf,Lemma,golf,3.1273326967359507
41820,gone,go,Word,gone,2.1889678223223186
41844,good,good,Word,good,2.243343635066771
41860,goodness,goodness,Word,goodness,2.8963596427841387
41894,goose,goose,Word,goose,3.325948163592931
41898,goosed,goose,Lemma,goose,3.325948163592931
41905,gooses,goose,Lemma,goose,3.325948163592931
41908,goosing,goose,Lemma,goose,3.325948163592931
41924,gorge,gorge,Word,gorge,3.553820621729893
41925,gorged,gorge,Lemma,gorge,3.553820621729893
41926,gorgeous,gorgeous,Word,gorgeous,2.8455340317897844
41931,gorges,gorge,Word,gorges,3.715585521722407
41932,gorging,gorge,Word,gorging,3.5532714781784325
41976,gossip,gossip,Word,gossip,3.3737224226566895
41977,gossiped,gossip,Word,gossiped,3.576372799230236
41979,gossiping,gossip,Word,gossiping,3.3769213248237837
41984,gossips,gossip,Lemma,gossip,3.3737224226566895
41990,got,get,Word,got,2.248565714131567
42002,gotten,get,Word,gotten,2.769020380957485
42042,governed,govern,Word,governed,3.107870145594221
42045,governing,govern,Word,governing,2.6162264494380634
42047,government,government,Word,government,2.209400200856497
42051,governments,government,Word,governments,2.850953223217872
42052,governor,governor,Word,governor,3.159161880368272
42055,governors,governor,Word,governors,3.1729519074596593
42058,gown,gown,Word,gown,4.038588890534885
42059,gowned,gown,Word,gowned,3.783436910190016
42060,gowning,gown,Lemma,gown,4.038588890534885
42061,gowns,gown,Word,gowns,3.7146860570450646
42067,grab,grab,Word,grab,2.644274616626732
42068,grabbed,grab,Word,grabbed,3.1145455907462587
42072,grabbing,grab,Word,grabbing,2.6640940610522708
42076,grabs,grab,Word,grabs,3.1895236794531296
42080,graced,grace,Word,graced,3.2127860564018906
42081,graceful,graceful,Word,graceful,3.0379930956071997
42087,graces,grace,Word,graces,3.1562056645383594
42092,gracing,grace,Lemma,grace,2.8552487407387614
42094,gracious,gracious,Word,gracious,3.205992786586354
42105,grade,grade,Word,grade,3.1028420115829434
42106,graded,grade,Word,graded,3.1324757468564677
42109,grades,grade,Word,grades,3.483855824730892
42120,graduate,graduate,Word,graduate,2.774847241599659
42121,graduated,graduate,Word,graduated,3.5014416588644166
42122,graduates,graduate,Word,graduates,3.1262210939511785
42123,graduating,graduate,Word,graduating,3.404787457685184
42124,graduation,graduation,Word,graduation,3.281321514907312
42125,graduations,graduation,Lemma,graduation,3.281321514907312
42142,grain,grain,Word,grain,3.1708747248056497
42143,grained,grain,Lemma,grain,3.1708747248056497
42148,grains,grain,Word,grains,3.179022902632893
42155,grammar,grammar,Word,grammar,3.4608404323330557
42159,grammars,grammar,Lemma,grammar,3.4608404323330557
42179,grand,grand,Word,grand,2.620074043428844
42186,grandchildren,grandchild,Word,grandchildren,3.579383798881354
42196,grandeur,grandeur,Word,grandeur,3.2434105762931456
42197,grandfather,grandfather,Word,grandfather,2.9101860875442607
42199,grandfathers,grandfather,Word,grandfathers,3.247963573865809
42214,grandmother,grandmother,Word,grandmother,2.9737028397320575
42217,grandmothers,grandmother,Word,grandmothers,2.9259219691518386
42231,grandson,grandson,Word,grandson,3.0481567588157565
42232,grandsons,grandson,Word,grandsons,3.4884454794640027
42243,granite,granite,Word,granite,3.4640658549128593
42258,granted,grant,Word,granted,2.8511238298840413
42262,granting,grant,Word,granting,2.746260511657839
42264,grants,grant,Word,grants,3.095218739465842
42296,graphic,graphic,Word,graphic,2.74488045645645
42300,graphics,graphic,Lemma,graphic,2.74488045645645
42302,graphite,graphite,Word,graphite,3.6056062404689224
42326,grasp,grasp,Word,grasp,2.931469098947338
42328,grasped,grasp,Word,grasped,2.9870087419802553
42330,grasping,grasp,Word,grasping,2.8719213329594684
42333,grasps,grasp,Lemma,grasp,2.931469098947338
42334,grass,grass,Word,grass,3.088936364522207
42335,grassed,grass,Word,grassed,3.867204681456417
42338,grasses,grass,Word,grasses,3.736634896168226
42345,grassing,grass,Lemma,grass,3.088936364522207
42353,grate,grate,Word,grate,3.1109450381996346
42354,grated,grate,Word,grated,3.112849288797143
42355,grateful,grateful,Word,grateful,3.208334517534819
42360,grates,grate,Lemma,grate,3.1109450381996346
42371,grating,grate,Word,grating,2.89769297588897
42375,gratitude,gratitude,Word,gratitude,3.513545409244148
42387,grave,grave,Word,grave,3.0561997017054026
42390,gravel,gravel,Word,gravel,3.138768840364504
42392,gravelled,gravel,Lemma,gravel,3.138768840364504
42395,gravels,gravel,Lemma,gravel,3.138768840364504
42400,graves,grave,Word,graves,3.7127691136578527
42407,graveyard,graveyard,Word,graveyard,2.997757322511228
42408,graveyards,graveyard,Word,graveyards,3.548241560761358
42416,graving,grave,Lemma,grave,3.0561997017054026
42423,gravity,gravity,Word,gravity,3.264050919090788
42425,gravy,gravy,Word,gravy,3.454452618942838
42439,graze,graze,Word,graze,3.1633054600328934
42440,grazed,graze,Word,grazed,3.5632790884565426
42443,grazes,graze,Lemma,graze,3.1633054600328934
42451,grease,grease,Word,grease,3.380966699074839
42452,greased,grease,Word,greased,3.630227936463858
42458,greases,grease,Word,greases,3.8905121155184537
42461,greasiest,greasy,Lemma,greasy,2.994940089643158
42464,greasing,grease,Lemma,grease,3.380966699074839
42465,greasy,greasy,Word,greasy,2.994940089643158
42466,great,great,Word,great,2.345395403008049
42477,greatness,greatness,Word,greatness,3.229955163083551
42487,greed,greed,Word,greed,3.3581698570047527
42493,greedy,greedy,Word,greedy,3.0051174424879274
42498,green,green,Word,green,2.678776362636336
42523,greenhouse,greenhouse,Word,greenhouse,3.2117117949231946
42524,greenhouses,greenhouse,Word,greenhouses,3.6495557912969243
42537,greens,green,Word,greens,4.0354192651579
42553,greet,greet,Word,greet,3.090078996366527
42554,greeted,greet,Word,greeted,3.238961660672722
42556,greeting,greet,Word,greeting,3.122615701925819
42558,greets,greet,Word,greets,3.743381306899242
42597,grew,grow,Word,grew,3.182483963909153
42624,grief,grief,Word,grief,3.2716200053503584
42626,griefs,grief,Lemma,grief,3.2716200053503584
42628,grievances,grievance,Word,grievances,3.546095508846051
42664,grim,grim,Word,grim,3.103998371897651
42688,grin,grin,Word,grin,3.8193418438620825
42690,grind,grind,Word,grind,3.077836948815006
42695,grinding,grind,Word,grinding,2.806746071510076
42699,grinds,grind,Word,grinds,3.390014533638835
42704,grinned,grin,Word,grinned,3.3148427753917225
42706,grinning,grin,Word,grinning,3.075781705327478
42708,grins,grin,Word,grins,3.4304802394968297
42711,grip,grip,Word,grip,3.2791771976132935
42719,gripped,grip,Word,gripped,3.0999373877367526
42721,gripping,grip,Word,gripping,2.7589792005740197
42723,grips,grip,Word,grips,3.0348611048906906
42747,gritty,gritty,Word,gritty,2.9760288649482907
42752,grizzlies,grizzly,Lemma,grizzly,3.803069117568484
42754,grizzly,grizzly,Word,grizzly,3.803069117568484
42755,groan,groan,Word,groan,3.1688723915514885
42756,groaned,groan,Word,groaned,3.408800483955677
42758,groaning,groan,Word,groaning,3.1128736621115327
42760,groans,groan,Lemma,groan,3.1688723915514885
42765,groceries,grocery,Word,groceries,3.293130478615461
42767,grocery,grocery,Word,grocery,3.0558462946287395
42787,groom,groom,Word,groom,2.7226935258078924
42788,groomed,groom,Word,groomed,3.4265869772741135
42790,grooming,groom,Word,grooming,3.2135611721402078
42791,grooms,groom,Word,grooms,2.7771171434910817
42795,groove,groove,Word,groove,3.2432370071743977
42796,grooved,groove,Word,grooved,3.1571109986984784
42799,grooves,groove,Word,grooves,3.5308617159061493
42802,grooving,groove,Lemma,groove,3.2432370071743977
42808,groping,grope,Word,groping,3.522520146080427
42812,gross,gross,Word,gross,2.870576241735766
42815,grossed,gross,Lemma,gross,2.870576241735766
42817,grosses,gross,Lemma,gross,2.870576241735766
42819,grossing,gross,Lemma,gross,2.870576241735766
42827,grotesque,grotesque,Word,grotesque,2.7414307547971606
42831,grotesques,grotesque,Word,grotesques,3.2757958869372907
42850,ground,ground,Word,ground,2.332648926678681
42854,grounded,ground,Word,grounded,3.5917578701621093
42878,group,group,Word,group,1.923441230490411
42880,grouped,group,Word,grouped,3.0962260592283064
42886,groups,group,Word,groups,2.4705765623228872
42909,grow,grow,Word,grow,2.844966933327627
42912,growing,grow,Word,growing,2.5344905850244537
42914,growl,growl,Word,growl,3.5361998546795106
42915,growled,growl,Word,growled,3.3104940673589067
42918,growling,growl,Word,growling,3.1332753741133765
42920,growls,growl,Lemma,growl,3.5361998546795106
42922,grown,grow,Word,grown,2.8048318072231866
42925,grows,grow,Word,grows,3.121400439726225
42926,growth,growth,Word,growth,2.885446592237521
42927,growths,growth,Word,growths,3.8301868416174805
42940,grubs,grub,Word,grubs,3.9662091724538295
42963,grumbled,grumble,Word,grumbled,2.9872207456038193
42985,grunt,grunt,Word,grunt,3.1614707974146237
42986,grunted,grunt,Word,grunted,3.810955059375948
43011,guarantee,guarantee,Word,guarantee,2.59695018751672
43012,guaranteed,guarantee,Word,guaranteed,2.587173963523343
43013,guaranteeing,guarantee,Lemma,guarantee,2.59695018751672
43014,guarantees,guarantee,Word,guarantees,2.8423556212274583
43023,guarded,guard,Word,guarded,3.1169472416212956
43030,guardian,guardian,Word,guardian,3.478983664320981
43031,guardians,guardian,Word,guardians,2.915453734315086
43033,guarding,guard,Word,guarding,3.2046199015470105
43041,guards,guard,Word,guards,3.1595037881211514
43063,guess,guess,Word,guess,2.3504565757652744
43065,guessed,guess,Word,guessed,2.3824100736226668
43067,guesses,guess,Word,guesses,3.0964415782731702
43068,guessing,guess,Word,guessing,2.765993460753596
43073,guest,guest,Word,guest,2.82609328626948
43075,guested,guest,Lemma,guest,2.82609328626948
43078,guesting,guest,Lemma,guest,2.82609328626948
43083,guests,guest,Word,guests,2.741464530627582
43095,guidance,guidance,Word,guidance,3.17920125152468
43096,guide,guide,Word,guide,2.6157793283193853
43101,guided,guide,Word,guided,2.803717817017672
43108,guides,guide,Word,guides,2.744169402304459
43109,guiding,guide,Word,guiding,2.519618120798048
43117,guilds,guild,Lemma,guild,3.745427360524042
43136,guilt,guilt,Word,guilt,3.397436734996974
43144,guilty,guilty,Word,guilty,3.2792918078823674
43159,guitar,guitar,Word,guitar,3.356928913971332
43162,guitars,guitar,Word,guitars,3.4488030613438347
43173,gulfs,gulf,Lemma,gulf,3.1098486215208654
43188,gulls,gull,Lemma,gull,3.7210469620857327
43195,gum,gum,Word,gum,3.0683441881567872
43205,gummed,gum,Lemma,gum,3.0683441881567872
43210,gumming,gum,Word,gumming,3.624380616598422
43216,gums,gum,Word,gums,3.5839369003935753
43220,gun,gun,Word,gun,3.3649086229566256
43246,gunning,gun,Word,gunning,3.1674428709448996
43253,gunpowder,gunpowder,Word,gunpowder,3.77560138365915
43259,guns,gun,Word,guns,3.176531547455689
43309,gust,gust,Word,gust,3.7929984880146486
43323,gusts,gust,Word,gusts,4.675270828042478
43325,gut,gut,Word,gut,2.9186626526151414
43332,guts,gut,Word,guts,2.916613151752695
43336,gutted,gut,Word,gutted,3.1231093024977086
43337,gutter,gutter,Word,gutter,3.0640666113823927
43338,guttered,gutter,Word,guttered,1.990207270360614
43339,guttering,gutter,Lemma,gutter,3.0640666113823927
43340,gutters,gutter,Word,gutters,3.4784191195026914
43344,gutting,gut,Lemma,gut,2.9186626526151414
43362,guys,guy,Word,guys,3.0891362824248882
43386,gymnastics,gymnastics,Word,gymnastics,3.438675200796689
43466,habit,habit,Word,habit,3.1890400827424625
43473,habitat,habitat,Word,habitat,3.7313450942109836
43476,habitats,habitat,Lemma,habitat,3.7313450942109836
43477,habited,habit,Lemma,habit,3.1890400827424625
43479,habits,habit,Word,habits,3.345441574100195
43480,habitual,habitual,Word,habitual,2.83591105812023
43502,hacked,hack,Word,hacked,3.4829988738089854
43523,had,have,Word,had,1.9261907882576543
43593,hailed,hail,Word,hailed,3.250966136670462
43595,hailing,hail,Lemma,hail,3.107352584046675
43596,hails,hail,Word,hails,3.515875469921281
43602,hair,hair,Word,hair,3.3063353210409336
43638,hairs,hair,Word,hairs,3.6165042070088194
43652,hairy,hairy,Word,hairy,2.9775159761183003
43678,half,half,Word,half,2.0557765274147437
43689,halfs,half,Lemma,half,2.0557765274147437
43705,hall,hall,Word,hall,2.8295627957115634
43729,halls,hall,Word,halls,3.105773875335824
43745,halo,halo,Word,halo,3.271512281227025
43747,haloes,halo,Lemma,halo,3.271512281227025
43753,halos,halo,Word,halos,4.011754387322702
43757,halted,halt,Word,halted,3.1776075936732875
43758,halter,halter,Word,halter,4.051758165114071
43760,halters,halter,Lemma,halter,4.051758165114071
43761,halting,halt,Word,halting,2.8351377564074403
43768,halves,half,Word,halves,3.129086339661251
43772,ham,ham,Word,ham,3.026501523698338
43791,hammed,ham,Lemma,ham,3.026501523698338
43792,hammer,hammer,Word,hammer,2.9359589227208134
43793,hammered,hammer,Word,hammered,2.651972676597099
43796,hammering,hammer,Lemma,hammer,2.9359589227208134
43799,hammers,hammer,Lemma,hammer,2.9359589227208134
43804,hamming,ham,Lemma,ham,3.026501523698338
43805,hammock,hammock,Word,hammock,3.6907758610906485
43806,hammocks,hammock,Lemma,hammock,3.6907758610906485
43810,hamper,hamper,Word,hamper,3.1060032992462343
43811,hampered,hamper,Word,hampered,3.2990014392827613
43812,hampering,hamper,Lemma,hamper,3.1060032992462343
43813,hampers,hamper,Word,hampers,3.283096425404032
43819,hams,ham,Word,hams,3.421870446663657
43832,hand,hand,Word,hand,2.1561015415552363
43841,handbook,handbook,Word,handbook,3.2541624471844455
43842,handbooks,handbook,Word,handbooks,3.474732809389831
43859,handed,hand,Word,handed,2.8098249731988196
43863,handful,handful,Word,handful,2.2684335321299756
43864,handfuls,handful,Word,handfuls,2.932155688250995
43872,handicap,handicap,Word,handicap,3.1296850619407355
43873,handicapped,handicap,Word,handicapped,2.755844697474679
43875,handicapping,handicap,Lemma,handicap,3.1296850619407355
43876,handicaps,handicap,Word,handicaps,3.4051785382571422
43885,handing,hand,Word,handing,2.852700651003193
43888,handkerchief,handkerchief,Word,handkerchief,3.522875138499823
43889,handkerchiefs,handkerchief,Word,handkerchiefs,3.73348883688884
43890,handle,handle,Word,handle,2.52801629934058
43894,handled,handle,Word,handled,2.9322927700382766
43897,handles,handle,Word,handles,3.021738051090143
43900,handling,handle,Word,handling,2.6845537789467806
43903,handmade,handmade,Word,handmade,3.0515094267135163
43920,hands,hand,Word,hands,2.4076606306211206
43928,handsome,handsome,Word,handsome,2.85178819838327
43942,handwriting,handwriting,Word,handwriting,3.8662645807547857
43944,handy,handy,Word,handy,2.8669219279242806
43950,hang,hang,Word,hang,2.7663191022511637
43955,hanged,hang,Word,hanged,4.152730687940001
43956,hanger,hanger,Word,hanger,2.825047543848339
43957,hangers,hanger,Word,hangers,2.952940855902903
43960,hanging,hang,Word,hanging,2.8211453648893574
43971,hangs,hang,Word,hangs,3.466183898784639
44018,happen,happen,Word,happen,2.6247669844614068
44019,happened,happen,Word,happened,2.595403757920968
44020,happening,happen,Word,happening,2.797430250034117
44022,happens,happen,Word,happens,2.5557237867539446
44026,happily,happily,Word,happily,2.3353954911195083
44027,happiness,happiness,Word,happiness,3.2492580073344177
44029,happy,happy,Word,happy,2.4667329999584546
44039,harassed,harass,Word,harassed,3.236723690980107
44066,hard,hard,Word,hard,2.4106956776884894
44085,hardened,harden,Word,hardened,2.9600599411968576
44113,hardness,hardness,Word,hardness,3.8331841031646112
44117,hardship,hardship,Word,hardship,3.198834401671925
44118,hardships,hardship,Word,hardships,3.3071999423743836
44123,hardware,hardware,Word,hardware,2.6690348752806585
44144,hares,hare,Lemma,hare,3.0765967159751075
44167,harm,harm,Word,harm,2.921448803058323
44170,harmed,harm,Word,harmed,3.102389314046456
44172,harmful,harmful,Word,harmful,2.805317414729307
44175,harming,harm,Lemma,harm,2.921448803058323
44176,harmless,harmless,Word,harmless,3.1427369107094445
44186,harmonies,harmony,Word,harmonies,3.793626972420425
44187,harmonious,harmonious,Word,harmonious,3.219103871834483
44204,harms,harm,Lemma,harm,2.921448803058323
44206,harness,harness,Word,harness,3.071502750246088
44207,harnessed,harness,Word,harnessed,3.0640016038877818
44209,harnesses,harness,Word,harnesses,3.3148973460009765
44210,harnessing,harness,Word,harnessing,3.053929329233127
44213,harp,harp,Word,harp,2.9102330366866362
44218,harping,harp,Word,harping,3.301159281508486
44227,harps,harp,Lemma,harp,2.9102330366866362
44264,harsh,harsh,Word,harsh,2.8717228492035876
44289,harvest,harvest,Word,harvest,3.5904309616014833
44290,harvested,harvest,Word,harvested,3.28169437868143
44293,harvesting,harvest,Word,harvesting,3.1105859035186927
44296,harvests,harvest,Word,harvests,3.5554583704035907
44300,has,have,Word,has,2.019524532545672
44321,hast,have,Word,hast,2.6595053294886837
44323,haste,haste,Word,haste,2.8467458086648336
44327,hastening,hasten,Word,hastening,3.1248936545056676
44329,hastier,hasty,Lemma,hasty,2.909587770426842
44334,hasty,hasty,Word,hasty,2.909587770426842
44335,hat,hat,Word,hat,3.038812627603507
44339,hatch,hatch,Word,hatch,3.349944678011381
44344,hatched,hatch,Word,hatched,3.2996063198820944
44348,hatches,hatch,Lemma,hatch,3.349944678011381
44351,hatching,hatch,Word,hatching,3.2944969705125944
44356,hate,hate,Word,hate,2.818362134782133
44357,hated,hate,Word,hated,2.756893029317256
44362,hates,hate,Word,hates,3.0343818978827164
44368,hating,hate,Word,hating,2.896494953166219
44372,hatred,hatred,Word,hatred,3.384533705521943
44373,hatreds,hatred,Lemma,hatred,3.384533705521943
44374,hats,hat,Word,hats,3.0705640636492317
44390,haul,haul,Word,haul,2.7704812558265592
44392,hauled,haul,Word,hauled,2.858009526639927
44397,hauling,haul,Word,hauling,2.878892617386748
44399,hauls,haul,Word,hauls,3.026346208631455
44404,haunt,haunt,Word,haunt,3.3318651232739502
44405,haunted,haunt,Word,haunted,3.1229970193316645
44409,haunts,haunt,Word,haunts,3.118506566297797
44419,have,have,Word,have,1.7940321942417468
44420,haven,haven,Word,haven,3.383412476398668
44423,havens,haven,Word,havens,3.7340730962333013
44434,having,have,Word,having,1.8261680302647307
44446,hawked,hawk,Word,hawked,3.5435003160641103
44466,hay,hay,Word,hay,3.2038593885482287
44478,HAYING,hay,Lemma,hay,3.2038593885482287
44489,HAYS,hay,Lemma,hay,3.2038593885482287
44497,hazard,hazard,Word,hazard,3.4163361182258254
44499,hazarded,hazard,Lemma,hazard,3.4163361182258254
44501,hazarding,hazard,Lemma,hazard,3.4163361182258254
44503,hazardous,hazardous,Word,hazardous,3.178225552507528
44506,hazards,hazard,Word,hazards,3.2419966311882997
44507,haze,haze,Word,haze,3.478681610218251
44508,hazed,haze,Lemma,haze,3.478681610218251
44514,hazes,haze,Word,hazes,2.8203518000792602
44522,hazy,hazy,Word,hazy,3.0916186468653004
44527,head,head,Word,head,2.1953732368590226
44528,headache,headache,Word,headache,3.151568538813046
44529,headaches,headache,Word,headaches,3.2262854207442038
44542,headed,head,Word,headed,2.4411970749162104
44554,heading,head,Word,heading,2.4813984355636394
44562,headlights,headlight,Word,headlights,3.784160385806382
44563,headline,headline,Word,headline,3.8231127494161607
44564,headlined,headline,Lemma,headline,3.8231127494161607
44566,headlines,headline,Word,headlines,3.2160190424687687
44568,headlining,headline,Word,headlining,3.2444122046287154
44586,headquarters,headquarters,Word,headquarters,3.121074637273288
44591,heads,head,Word,heads,2.3017840135366647
44630,heal,heal,Word,heal,3.585013513816862
44632,healed,heal,Word,healed,3.5745263343571194
44635,healing,heal,Word,healing,3.456989636249253
44637,heals,heal,Lemma,heal,3.585013513816862
44638,health,health,Word,health,2.468718347569723
44647,healthy,healthy,Word,healthy,2.671410811393052
44648,heap,heap,Word,heap,2.6982473084032637
44649,heaped,heap,Word,heaped,3.2245612154692287
44651,heaping,heap,Lemma,heap,2.6982473084032637
44652,heaps,heap,Word,heaps,2.6889331949477016
44653,hear,hear,Word,hear,2.6692788682322086
44655,heard,hear,Word,heard,2.5558171695835847
44660,hearing,hear,Word,hearing,2.8527242042895686
44668,hears,hear,Word,hears,3.2066922901821284
44674,heart,heart,Word,heart,2.7361886070076147
44716,hearts,heart,Word,hearts,3.2373195844833726
44729,heat,heat,Word,heat,2.971324158766805
44733,heater,heater,Word,heater,3.9269612525558046
44734,heaters,heater,Word,heaters,3.621470314562107
44753,heats,heat,Lemma,heat,2.971324158766805
44761,heaved,heave,Word,heaved,3.558690673389555
44762,heaven,heaven,Word,heaven,3.1445386027046442
44765,heavenly,heavenly,Word,heavenly,3.099031078032423
44766,heavens,heaven,Word,heavens,3.2948706533301295
44774,heavies,heavy,Lemma,heavy,2.578741167918272
44778,heaving,heave,Word,heaving,2.923162704373032
44780,heavy,heavy,Word,heavy,2.578741167918272
44826,hedge,hedge,Word,hedge,3.793573017441487
44827,hedged,hedge,Word,hedged,4.019556208226306
44839,hedges,hedge,Word,hedges,3.903465289222172
44840,hedging,hedge,Lemma,hedge,3.793573017441487
44865,heel,heel,Word,heel,3.0294186280389943
44867,heeled,heel,Lemma,heel,3.0294186280389943
44870,heeling,heel,Lemma,heel,3.0294186280389943
44873,heels,heel,Word,heels,3.2493248694451196
44903,height,height,Word,height,3.0696340124613477
44905,heightened,heighten,Word,heightened,2.759036156504163
44909,heights,height,Word,heights,3.293060471609931
44918,heir,heir,Word,heir,3.411363485617829
44925,heirs,heir,Word,heirs,3.6116458305357035
44932,held,hold,Word,held,2.3818246664478115
44978,helium,helium,Word,helium,3.76205105198862
45006,helmet,helmet,Word,helmet,3.464638106923562
45008,helmets,helmet,Word,helmets,3.5882229932821468
45020,help,help,Word,help,2.0042136753080784
45023,helped,help,Word,helped,2.688186717993755
45029,helping,help,Word,helping,2.4299550770027056
45032,helpless,helpless,Word,helpless,3.056050556699096
45040,helps,help,Word,helps,2.948363610615979
45047,hem,hem,Word,hem,3.1295064983117182
45086,hemmed,hem,Word,hemmed,3.254936487340699
45114,hems,hem,Lemma,hem,3.1295064983117182
45121,hen,hen,Word,hen,3.1963002133879965
45161,hens,hen,Word,hens,3.7600884037475604
45189,heralded,herald,Word,heralded,2.7116974445735904
45192,heralding,herald,Lemma,herald,3.1798565094126943
45194,heralds,herald,Lemma,herald,3.1798565094126943
45213,herbs,herb,Word,herbs,3.4215233546488735
45219,herded,herd,Word,herded,3.704905225350754
45223,herds,herd,Word,herds,3.490250835839671
45246,heredity,heredity,Word,heredity,3.899482085254996
45276,heritage,heritage,Word,heritage,3.124140493936944
45277,heritages,heritage,Word,heritages,3.5125875869023515
45310,hero,hero,Word,hero,3.0497313989464323
45314,heroes,hero,Word,heroes,2.975005182143951
45315,heroic,heroic,Word,heroic,2.8718092939001094
45339,herring,herr,Word,herring,3.8231237130904714
45360,hesitant,hesitant,Word,hesitant,2.805090630156291
45362,hesitate,hesitate,Word,hesitate,2.5584134661919626
45363,hesitated,hesitate,Word,hesitated,2.856518386878102
45364,hesitates,hesitate,Word,hesitates,3.2226455193671106
45365,hesitating,hesitate,Word,hesitating,2.7542116212407617
45367,hesitation,hesitation,Word,hesitation,2.7121823395851794
45368,hesitations,hesitation,Lemma,hesitation,2.7121823395851794
45517,hid,hide,Word,hid,3.182613252652128
45519,hidden,hide,Word,hidden,2.7681077811517047
45520,hide,hide,Word,hide,3.055787176535449
45523,hided,hide,Lemma,hide,3.055787176535449
45524,hideous,hideous,Word,hideous,2.695479835413157
45529,hides,hide,Word,hides,2.935938388849066
45530,hiding,hide,Word,hiding,2.8919959344218316
45540,hierarchies,hierarchy,Word,hierarchies,3.5138448292106648
45543,hierarchy,hierarchy,Word,hierarchy,2.877082095633741
45569,high,high,Word,high,2.244902428500369
45615,highs,high,Word,highs,3.5650759339283176
45619,highway,highway,Word,highway,2.983979542210753
45622,highways,highway,Word,highways,3.1858798086878677
45632,hiked,hike,Word,hiked,3.25439506762348
45635,hikes,hike,Word,hikes,3.4103070522472274
45636,hiking,hike,Word,hiking,3.2651160330196487
45643,hill,hill,Word,hill,2.860326929238291
45660,hills,hill,Word,hills,3.0466849810861096
45663,hillside,hillside,Word,hillside,3.1581967574255163
45664,hillsides,hillside,Lemma,hillside,3.1581967574255163
45683,hind,hind,Word,hind,3.475357698915478
45691,hinders,hinder,Word,hinders,3.472271484237451
45701,hinds,hind,Lemma,hind,3.475357698915478
45710,hinge,hinge,Word,hinge,3.4732213452313405
45711,hinged,hinge,Word,hinged,3.1131004945783456
45712,hinges,hinge,Word,hinges,3.2693065772245307
45713,hinging,hinge,Lemma,hinge,3.4732213452313405
45719,hint,hint,Word,hint,2.7139063667543537
45720,hinted,hint,Word,hinted,2.892444500211801
45724,hinting,hint,Word,hinting,2.5368344799492246
45726,hints,hint,Word,hints,2.865504006966832
45727,hip,hip,Word,hip,3.022929975426709
45734,hipped,hip,Lemma,hip,3.022929975426709
45737,hipping,hip,Lemma,hip,3.022929975426709
45751,hips,hip,Word,hips,3.500400181547232
45760,hire,hire,Word,hire,2.9216401074299423
45761,hired,hire,Word,hired,2.898364259061082
45765,hires,hire,Word,hires,3.1999488537723315
45768,hiring,hire,Word,hiring,3.0659147873789423
45780,hiss,hiss,Word,hiss,3.225284370179168
45781,hissed,hiss,Word,hissed,3.4304308246163933
45805,historic,historic,Word,historic,2.5103756998610294
45806,historical,historical,Word,historical,2.8332909869869543
45818,history,history,Word,history,2.385218694816429
45822,hit,hit,Word,hit,2.42712067007737
45826,hitched,hitch,Word,hitched,3.5530731251656507
45845,hits,hit,Word,hits,3.2859197324844525
45849,hitting,hit,Word,hitting,2.5674472296485185
45874,hoarse,hoarse,Word,hoarse,3.5740815112237794
45891,hobbies,hobby,Word,hobbies,3.902621241877065
45903,hobby,hobby,Word,hobby,3.4532201272845318
45928,hockey,hockey,Word,hockey,3.372590624970093
45939,hoe,hoe,Word,hoe,3.3733625431320307
45941,hoed,hoe,Lemma,hoe,3.3733625431320307
45943,hoeing,hoe,Lemma,hoe,3.3733625431320307
45945,hoes,hoe,Word,hoes,3.7620726378705673
45950,hog,hog,Word,hog,3.2070884290092323
45956,hogged,hog,Lemma,hog,3.2070884290092323
45958,hogging,hog,Word,hogging,3.2851398852599054
45967,hogs,hog,Word,hogs,3.3662419817557447
45978,hoisted,hoist,Word,hoisted,3.174330186655436
45987,hold,hold,Word,hold,2.266751703261301
45993,holder,holder,Word,holder,3.153734209321987
45994,holders,holder,Word,holders,3.0526569024834838
45997,holding,hold,Word,holding,2.2349777223789657
46002,holds,hold,Word,holds,2.884659520806736
46005,hole,hole,Word,hole,2.996367086459863
46006,holed,hole,Word,holed,3.6925863398784227
46007,holes,hole,Word,holes,3.3169341526543863
46009,holiday,holiday,Word,holiday,2.877798759072825
46010,holidayed,holiday,Lemma,holiday,2.877798759072825
46011,holidaying,holiday,Lemma,holiday,2.877798759072825
46015,holidays,holiday,Word,holidays,2.919983028825111
46021,holing,hole,Lemma,hole,2.996367086459863
46045,hollows,hollow,Word,hollows,3.5499517243251817
46086,homage,homage,Word,homage,3.464673789195155
46091,home,home,Word,home,2.0269551456643744
46106,homed,home,Lemma,home,2.0269551456643744
46115,homeliest,homely,Lemma,homely,2.8980190337818703
46118,homely,homely,Word,homely,2.8980190337818703
46119,homemade,homemade,Word,homemade,2.7982023739206974
46144,homes,home,Word,homes,2.91376504833473
46148,homestead,homestead,Word,homestead,3.4331327246857373
46149,homesteaded,homestead,Lemma,homestead,3.4331327246857373
46152,homesteads,homestead,Word,homesteads,3.634075227701983
46156,homeward,homeward,Word,homeward,3.4473572091384903
46198,homogeneous,homogeneous,Word,homogeneous,3.0221677471657493
46264,honest,honest,Word,honest,2.8452241597432613
46266,honesty,honesty,Word,honesty,2.7960530584026695
46268,honey,honey,Word,honey,3.033463672683592
46279,honeymoon,honeymoon,Word,honeymoon,3.618248737945362
46280,honeymooned,honeymoon,Word,honeymooned,4.580275750705319
46284,honeymoons,honeymoon,Lemma,honeymoon,3.618248737945362
46286,honeys,honey,Lemma,honey,3.033463672683592
46327,hood,hood,Word,hood,3.0947868601951414
46331,hooding,hood,Lemma,hood,3.0947868601951414
46341,hoods,hood,Word,hoods,3.309489511640934
46349,hoof,hoof,Word,hoof,3.5729997182169204
46350,hoofed,hoof,Lemma,hoof,3.5729997182169204
46354,hoofs,hoof,Word,hoofs,3.499327389201213
46357,hook,hook,Word,hook,2.7352484990896673
46360,hooked,hook,Word,hooked,2.905502542431348
46364,hooking,hook,Word,hooking,3.2824402713067244
46366,hooks,hook,Word,hooks,3.127951605763632
46375,hoop,hoop,Word,hoop,3.3132003858346746
46376,hooped,hoop,Lemma,hoop,3.3132003858346746
46378,hooping,hoop,Lemma,hoop,3.3132003858346746
46382,hoops,hoop,Word,hoops,3.1690682450075003
46397,hooting,hoot,Word,hooting,3.089375643108329
46404,hooves,hoof,Word,hooves,3.785485595053804
46405,hop,hop,Word,hop,2.906400771911216
46406,hope,hope,Word,hope,2.4560642230027203
46408,hoped,hope,Word,hoped,2.614802304449562
46410,hopeful,hopeful,Word,hopeful,2.645903497104122
46413,hopefuls,hopeful,Word,hopefuls,3.2855264954914034
46415,hopeless,hopeless,Word,hopeless,2.7404553205145326
46419,hopes,hope,Word,hopes,2.566149218622958
46420,hoping,hope,Word,hoping,2.5225933187485987
46425,hopped,hop,Word,hopped,3.137368285124182
46429,hopping,hop,Word,hopping,2.8008191773343984
46434,hops,hop,Word,hops,3.1881577688637717
46444,hordes,horde,Word,hordes,2.9581483738227337
46446,horizon,horizon,Word,horizon,2.81393261270171
46447,horizons,horizon,Word,horizons,3.4119978846660466
46448,horizontal,horizontal,Word,horizontal,2.824897604010696
46456,horn,horn,Word,horn,3.2830013047062843
46466,horned,horn,Word,horned,3.6288538099036263
46478,horns,horn,Word,horns,3.2902087444948958
46497,horrible,horrible,Word,horrible,2.620243301557976
46500,horrid,horrid,Word,horrid,2.650259406645737
46506,horrified,horrify,Word,horrified,3.06008159393464
46512,horror,horror,Word,horror,2.867807500891229
46513,horrors,horror,Word,horrors,3.150191423739206
46515,horse,horse,Word,horse,3.134011906854281
46517,horseback,horseback,Word,horseback,3.620818871513339
46545,horses,horse,Word,horses,3.312631088323324
46562,horsing,horse,Lemma,horse,3.134011906854281
46581,hose,hose,Word,hose,3.3314088174418592
46582,hosed,hose,Lemma,hose,3.3314088174418592
46585,hoses,hose,Word,hoses,3.6819959877867388
46589,hosing,hose,Lemma,hose,3.3314088174418592
46595,hospital,hospital,Word,hospital,2.9143382962384097
46596,hospitality,hospitality,Word,hospitality,3.091985227757636
46603,hospitals,hospital,Word,hospitals,3.0596284118177635
46606,host,host,Word,host,2.3592110389865684
46609,hostages,hostage,Word,hostages,4.445064025079525
46612,hosted,host,Lemma,host,2.3592110389865684
46619,hostess,hostess,Word,hostess,3.567101605884221
46620,hostesses,hostess,Word,hostesses,3.7285784541984506
46621,hostile,hostile,Word,hostile,3.295900291984274
46623,hostilities,hostility,Word,hostilities,3.3915167846253262
46624,hostility,hostility,Word,hostility,3.07232979088852
46625,hosting,host,Lemma,host,2.3592110389865684
46627,hosts,host,Word,hosts,2.5717183152564553
46628,hot,hot,Word,hot,2.71056803915985
46638,hotel,hotel,Word,hotel,2.8129468241794626
46644,hotels,hotel,Word,hotels,3.0599586125631877
46676,hound,hound,Word,hound,2.976684907644215
46677,hounded,hound,Lemma,hound,2.976684907644215
46678,hounding,hound,Lemma,hound,2.976684907644215
46679,hounds,hound,Word,hounds,3.1017324953784664
46680,hour,hour,Word,hour,2.630609031330607
46687,hours,hour,Word,hours,2.5388438615173716
46688,house,house,Word,house,2.316848887470885
46706,housed,house,Word,housed,3.072959933912868
46717,household,household,Word,household,2.8242139738390484
46720,households,household,Word,households,3.4815782775384334
46723,housekeeper,housekeeper,Word,housekeeper,3.700887257006002
46724,housekeepers,housekeeper,Lemma,housekeeper,3.700887257006002
46725,housekeeping,housekeeping,Word,housekeeping,3.0661406365144046
46747,houses,house,Word,houses,2.49045021949291
46754,housewife,housewife,Word,housewife,3.4497806879508084
46759,housewives,housewife,Word,housewives,3.3119043970252275
46760,housework,housework,Word,housework,4.100292356564405
46763,housing,housing,Word,housing,2.9764014368178797
46774,hovered,hover,Word,hovered,3.4022173302551137
46777,hovering,hover,Word,hovering,3.139429255288474
46799,howl,howl,Word,howl,3.229269517385845
46800,howled,howl,Word,howled,3.6187698185919848
46803,howling,howl,Word,howling,3.0040477509598005
46804,howls,howl,Word,howls,3.395128123391252
46839,hubs,hub,Word,hubs,3.322216427621367
46848,huddle,huddle,Word,huddle,3.3809712159809986
46849,huddled,huddle,Word,huddled,3.6573090116136955
46851,huddles,huddle,Lemma,huddle,3.3809712159809986
46852,huddling,huddle,Word,huddling,3.5683429770483297
46857,hues,hue,Word,hues,3.2636474933684627
46859,huff,huff,Word,huff,3.1934627853681348
46861,huffed,huff,Lemma,huff,3.1934627853681348
46872,hug,hug,Word,hug,3.465575241037896
46873,huge,huge,Word,huge,2.3888706140042597
46879,hugged,hug,Word,hugged,3.72791168508245
46882,hugging,hug,Word,hugging,3.1366841504138936
46889,hugs,hug,Lemma,hug,3.465575241037896
46903,hull,hull,Word,hull,3.737999896682421
46907,hulled,hull,Lemma,hull,3.737999896682421
46909,hulling,hull,Lemma,hull,3.737999896682421
46910,hulls,hull,Lemma,hull,3.737999896682421
46912,hum,hum,Word,hum,3.4652736710837506
46914,human,human,Word,human,2.5199701924384965
46915,humane,humane,Word,humane,3.3157857542884805
46926,humanity,humanity,Word,humanity,3.0186879005921687
46938,humans,human,Word,humans,3.0006775562571466
46939,humble,humble,Word,humble,2.8474151079569756
46941,humbled,humble,Word,humbled,3.387687979183942
46944,humbles,humble,Lemma,humble,2.8474151079569756
46963,humid,humid,Word,humid,3.634445572633245
46971,humidity,humidity,Word,humidity,3.6786583796840198
46983,humiliation,humiliation,Word,humiliation,3.105842811810535
46984,humiliations,humiliation,Lemma,humiliation,3.105842811810535
46985,humility,humility,Word,humility,3.3278054334816143
46988,hummed,hum,Word,hummed,3.7865393248722095
46990,humming,hum,Word,humming,3.326120795947283
47006,humorous,humorous,Word,humorous,2.8708861678915336
47031,hunch,hunch,Word,hunch,2.796561470560002
47035,hunched,hunch,Word,hunched,3.7424990186410825
47036,hunches,hunch,Word,hunches,3.5064683420559666
47037,hunching,hunch,Lemma,hunch,2.796561470560002
47038,hundred,hundred,Word,hundred,2.6678095575907137
47040,hundreds,hundred,Word,hundreds,2.2905021522808133
47045,hung,hang,Word,hung,2.8972634050605715
47050,hunger,hunger,Word,hunger,3.3142106404229916
47051,hungered,hunger,Lemma,hunger,3.3142106404229916
47052,hungering,hunger,Lemma,hunger,3.3142106404229916
47053,hungers,hunger,Lemma,hunger,3.3142106404229916
47058,hungry,hungry,Word,hungry,2.739974541355743
47070,hunt,hunt,Word,hunt,2.9205528556362177
47071,hunted,hunt,Word,hunted,3.1898897349122977
47074,hunters,hunter,Word,hunters,3.4289811930216185
47081,hunts,hunt,Word,hunts,3.3878949336969457
47093,hurled,hurl,Word,hurled,3.7153513685995554
47098,hurling,hurl,Word,hurling,3.597148897713308
47108,hurricane,hurricane,Word,hurricane,3.94737286734288
47109,hurricanes,hurricane,Lemma,hurricane,3.94737286734288
47110,hurried,hurry,Word,hurried,2.6268950742830115
47113,hurries,hurry,Lemma,hurry,2.4413354475291165
47115,hurrying,hurry,Word,hurrying,2.63226109133739
47117,hurt,hurt,Word,hurt,2.808917337591882
47122,hurting,hurt,Word,hurting,2.8234513802189896
47127,hurts,hurt,Word,hurts,3.1559027631353005
47128,husband,husband,Word,husband,2.63117400049038
47131,husbanding,husband,Lemma,husband,2.63117400049038
47137,husbands,husband,Word,husbands,2.9859509489013236
47141,hushed,hush,Word,hushed,2.973135669619841
47167,hut,hut,Word,hut,3.2338888191589303
47174,huts,hut,Word,huts,3.5570433215373622
47193,hybrid,hybrid,Word,hybrid,2.8192538877654485
47202,hybrids,hybrid,Lemma,hybrid,2.8192538877654485
47254,hydrogen,hydrogen,Word,hydrogen,3.9603214702761975
47259,HYDROGENS,hydrogen,Lemma,hydrogen,3.9603214702761975
47339,hygiene,hygiene,Word,hygiene,3.748236530196993
47361,hymn,hymn,Word,hymn,3.5511117854360172
47365,hymned,hymn,Lemma,hymn,3.5511117854360172
47367,hymning,hymn,Lemma,hymn,3.5511117854360172
47375,hymns,hymn,Word,hymns,3.67608380479188
47483,hypnoses,hypnosis,Lemma,hypnosis,3.902748373601468
47484,hypnosis,hypnosis,Word,hypnosis,3.902748373601468
47611,hysteria,hysteria,Word,hysteria,3.3063651917030956
47613,hysterical,hysterical,Word,hysterical,2.7519700742656554
47650,ice,ice,Word,ice,3.0282967132909318
47691,ices,ice,Lemma,ice,3.0282967132909318
47740,icy,icy,Word,icy,3.198101055718506
47746,idea,idea,Word,idea,2.345081650250876
47747,ideal,ideal,Word,ideal,2.6925344972894822
47765,ideals,ideal,Word,ideals,3.327740512469628
47766,ideas,idea,Word,ideas,2.7772347818341445
47774,identical,identical,Word,identical,2.9014715363507855
47780,identified,identify,Word,identified,2.882436792060625
47782,identifies,identify,Word,identifies,3.0058364088267973
47783,identify,identify,Word,identify,2.7933800036881355
47784,identifying,identify,Word,identifying,2.7151852443808537
47799,ideologies,ideology,Word,ideologies,3.3598785443013455
47803,ideology,ideology,Word,ideology,3.1427224825792153
47823,idiot,idiot,Word,idiot,3.024849805355864
47828,idiots,idiot,Lemma,idiot,3.024849805355864
47830,idle,idle,Word,idle,3.2122177766033606
47831,idled,idle,Word,idled,3.4966422959908696
47833,idler,idle,Lemma,idle,3.2122177766033606
47835,idles,idle,Lemma,idle,3.2122177766033606
47836,idlest,idle,Lemma,idle,3.2122177766033606
47837,idling,idle,Word,idling,3.4149615360009253
47839,idol,idol,Word,idol,3.18700930399415
47858,idols,idol,Word,idols,3.3149115664478344
47877,ignited,ignite,Word,ignited,3.220887485189675
47882,ignition,ignition,Word,ignition,3.820995708686028
47883,ignitions,ignition,Lemma,ignition,3.820995708686028
47897,ignorance,ignorance,Word,ignorance,3.0170770754466574
47898,ignorant,ignorant,Word,ignorant,2.848755179136174
47900,ignore,ignore,Word,ignore,2.7151205122912305
47901,ignored,ignore,Word,ignored,2.7370617127581416
47903,ignores,ignore,Word,ignores,2.9978877131262305
47904,ignoring,ignore,Word,ignoring,2.6392920854881132
47932,ill,ill,Word,ill,3.1557937158568197
47970,illness,illness,Word,illness,3.164422502963458
47971,illnesses,illness,Word,illnesses,3.5759018899119654
47979,ills,ill,Word,ills,3.3974570190052105
48002,illusion,illusion,Word,illusion,2.9792727348620787
48008,illusions,illusion,Word,illusions,3.486808820813584
48016,illustrate,illustrate,Word,illustrate,2.882335488784225
48017,illustrated,illustrate,Word,illustrated,2.6884079878470053
48018,illustrates,illustrate,Word,illustrates,2.961393667571489
48019,illustrating,illustrate,Word,illustrating,2.534633399919366
48020,illustration,illustration,Word,illustration,2.829447506930802
48022,illustrations,illustration,Word,illustrations,3.1258183543312783
48033,image,image,Word,image,2.916797352895194
48036,imaged,image,Lemma,image,2.916797352895194
48039,imagery,imagery,Word,imagery,3.07193335158441
48040,images,image,Word,images,2.912491040198809
48046,imagination,imagination,Word,imagination,3.2295299057686764
48048,imaginations,imagination,Word,imaginations,3.7909533741698596
48049,imaginative,imaginative,Word,imaginative,2.6197979921713306
48052,imagine,imagine,Word,imagine,2.5908077841738275
48053,imagined,imagine,Word,imagined,2.755728735682552
48055,imagines,imagine,Word,imagines,2.6823461647331737
48057,imagining,imagine,Word,imagining,2.5310943054860906
48102,imitate,imitate,Word,imitate,3.0905162746083663
48103,imitated,imitate,Word,imitated,3.279494582629598
48105,imitating,imitate,Word,imitating,3.0279340106447883
48106,imitation,imitation,Word,imitation,2.8206932837669423
48108,imitations,imitation,Word,imitations,3.3320377370395504
48139,immediate,immediate,Word,immediate,2.493283418136856
48140,immediately,immediately,Word,immediately,2.4817318794621253
48145,immense,immense,Word,immense,2.629130827970825
48173,imminent,imminent,Word,imminent,2.806264760520211
48229,immunity,immunity,Word,immunity,4.0465831792435605
48267,impacts,impact,Word,impacts,3.005851861730917
48380,imperative,imperative,Word,imperative,2.606875350475749
48383,imperatives,imperative,Lemma,imperative,2.606875350475749
48406,imperial,imperial,Word,imperial,3.1870825749853244
48415,imperials,imperial,Lemma,imperial,3.1870825749853244
48522,implied,imply,Word,implied,2.906185777621766
48524,implies,imply,Word,implies,2.5016165042322234
48542,imply,imply,Word,imply,2.849465322777762
48543,implying,imply,Word,implying,2.215690542752399
48558,important,important,Word,important,2.4076108526855498
48699,improve,improve,Word,improve,2.6869804545963314
48700,improved,improve,Word,improved,2.6458513011754725
48701,improvement,improvement,Word,improvement,2.9309222338633423
48702,improvements,improvement,Word,improvements,2.9371269612006783
48704,improves,improve,Word,improves,3.3380245352317113
48708,improving,improve,Word,improving,2.6514021699773687
48894,incandescent,incandescent,Word,incandescent,3.352629510555059
48934,incense,incense,Word,incense,3.97264414766084
48935,incensed,incense,Word,incensed,3.104621219782902
48937,incenses,incense,Lemma,incense,3.97264414766084
48938,incensing,incense,Lemma,incense,3.97264414766084
48940,incentive,incentive,Word,incentive,2.764697310718844
48941,incentives,incentive,Word,incentives,3.1185494674373238
48960,inch,inch,Word,inch,3.02496549313196
48961,inched,inch,Word,inched,3.4249932070076445
48962,inches,inch,Word,inches,3.6865026858528944
48963,inching,inch,Lemma,inch,3.02496549313196
48972,incident,incident,Word,incident,2.9060293518762843
48976,incidents,incident,Word,incidents,3.0904573994376707
49298,incurred,incur,Word,incurred,2.9591945481391626
49301,incurring,incur,Word,incurring,2.9633946813515246
49302,incurs,incur,Word,incurs,3.358697143424021
49415,index,index,Word,index,3.9006712084884905
49417,indexed,index,Lemma,index,3.9006712084884905
49420,indexes,index,Word,indexes,4.610473838544023
49439,indicate,indicate,Word,indicate,2.679036484643789
49440,indicated,indicate,Word,indicated,2.4181494261301593
49441,indicates,indicate,Word,indicates,2.6070788409889767
49442,indicating,indicate,Word,indicating,2.3306704479463107
49443,indication,indication,Word,indication,2.730298044366702
49444,indications,indication,Word,indications,2.775936866805261
49448,indicator,indicator,Word,indicator,3.4883576571449955
49449,indicators,indicator,Word,indicators,3.4883613870745975
49451,indices,index,Word,indices,3.9918240405390413
49491,indigo,indigo,Word,indigo,3.409455152294112
49625,indulge,indulge,Word,indulge,3.083450245303965
49626,indulged,indulge,Word,indulged,2.985629250159776
49634,indulges,indulge,Lemma,indulge,3.083450245303965
49635,indulging,indulge,Word,indulging,3.026752294469187
49641,industrial,industrial,Word,industrial,2.6718106858446626
49652,industries,industry,Word,industries,2.9862020477393605
49653,industrious,industrious,Word,industrious,3.0690051851544666
49656,industry,industry,Word,industry,2.6732378438227613
49737,inert,inert,Word,inert,3.287243515566599
49738,inertia,inertia,Word,inertia,3.0155824539125753
49825,infancies,infancy,Lemma,infancy,3.209714498547887
49826,infancy,infancy,Word,infancy,3.209714498547887
49827,infant,infant,Word,infant,3.018309012144331
49836,infantries,infantry,Lemma,infantry,3.5577430633962135
49837,infantry,infantry,Word,infantry,3.5577430633962135
49840,infants,infant,Word,infants,3.4247459025038673
49873,inference,inference,Word,inference,3.3873301966957823
49874,inferences,inference,Word,inferences,3.671501479991518
49877,inferior,inferior,Word,inferior,2.9638184801899525
49878,inferiority,inferiority,Word,inferiority,3.7286328385058365
49880,inferiors,inferior,Lemma,inferior,2.9638184801899525
49999,influenza,influenza,Word,influenza,4.068918580301611
50007,inform,inform,Word,inform,2.6863953325854366
50015,information,information,Word,information,2.8166238284572307
50018,informative,informative,Word,informative,2.9514374837827226
50021,informed,inform,Word,informed,2.641621616420979
50024,informing,inform,Word,informing,2.706084871272751
50026,informs,inform,Word,informs,2.814981843386425
50123,ingredient,ingredient,Word,ingredient,3.3519164374996455
50124,ingredients,ingredient,Word,ingredients,3.2380470308146787
50220,initial,initial,Word,initial,2.2989774017493807
50221,initialed,initial,Word,initialed,3.588793058286611
50224,initialled,initial,Lemma,initial,2.2989774017493807
50225,initialling,initial,Lemma,initial,2.2989774017493807
50227,initials,initial,Word,initials,3.9430001757416466
50228,initiate,initiate,Word,initiate,2.5705551500966326
50229,initiated,initiate,Word,initiated,2.591271617373223
50230,initiates,initiate,Word,initiates,2.962334547435905
50231,initiating,initiate,Word,initiating,2.4972120422725483
50232,initiation,initiation,Word,initiation,2.7959427029623583
50233,initiative,initiative,Word,initiative,2.4832396907132357
50235,initiatives,initiative,Lemma,initiative,2.4832396907132357
50260,injured,injure,Word,injured,3.3991500174299967
50263,injuries,injury,Word,injuries,3.503682316595217
50268,injury,injury,Word,injury,3.232053624495089
50271,ink,ink,Word,ink,3.301908632036943
50276,inked,ink,Lemma,ink,3.301908632036943
50292,inks,ink,Word,inks,3.9467645825116278
50310,inn,inn,Word,inn,3.149597002655022
50313,innate,innate,Word,innate,3.093733495061264
50316,inner,inner,Word,inner,2.8598762298968334
50325,innings,inning,Word,innings,4.370404271566666
50328,innocence,innocence,Word,innocence,3.8221585501707716
50329,innocent,innocent,Word,innocent,3.044656560405371
50331,innocents,innocent,Word,innocents,3.3284706433534494
50340,innovation,innovation,Word,innovation,2.9807495726668765
50343,innovations,innovation,Word,innovations,2.941878880096011
50350,inns,inn,Word,inns,3.612348773270937
50463,insect,insect,Word,insect,3.3760166200070176
50466,insecticides,insecticide,Word,insecticides,3.844308843993116
50471,insects,insect,Word,insects,3.3899286257793944
50497,insert,insert,Word,insert,2.7376640501095015
50498,inserted,insert,Word,inserted,3.1786456697170977
50500,inserting,insert,Lemma,insert,2.7376640501095015
50501,insertion,insertion,Word,insertion,3.1464785456732836
50502,insertions,insertion,Word,insertions,3.4044089657242944
50503,inserts,insert,Word,inserts,2.9757953427736283
50633,instance,instance,Word,instance,2.0079212807060913
50634,instanced,instance,Lemma,instance,2.0079212807060913
50635,instances,instance,Word,instances,2.4849807354219413
50636,instancing,instance,Lemma,instance,2.0079212807060913
50638,instant,instant,Word,instant,2.7291247801923326
50647,instants,instant,Lemma,instant,2.7291247801923326
50673,instinct,instinct,Word,instinct,3.2566054598184087
50676,instincts,instinct,Word,instincts,3.544324750722737
50714,instrument,instrument,Word,instrument,3.0271360500286497
50715,instrumental,instrumental,Word,instrumental,3.0733519119870314
50722,instrumentals,instrumental,Word,instrumentals,3.3822996493977233
50724,instrumented,instrument,Lemma,instrument,3.0271360500286497
50725,instrumenting,instrument,Lemma,instrument,3.0271360500286497
50726,instruments,instrument,Word,instruments,3.2018317900777697
50747,insulated,insulate,Word,insulated,3.4429918721643653
50749,insulating,insulate,Word,insulating,3.54330079881505
50754,insult,insult,Word,insult,4.257244590889704
50755,insulted,insult,Word,insulted,3.22846797116633
50759,insults,insult,Word,insults,3.404640401783827
50796,intact,intact,Word,intact,2.971970183244552
50811,integral,integral,Word,integral,2.8922865728488008
50814,integrals,integral,Word,integrals,2.601051446263854
50818,integrated,integrate,Word,integrated,2.7672029961739693
50821,integration,integration,Word,integration,2.9856044164304487
50825,integrity,integrity,Word,integrity,3.0603134312010685
50828,intellect,intellect,Word,intellect,3.2065186881074697
50832,intellects,intellect,Lemma,intellect,3.2065186881074697
50842,intellectuals,intellectual,Word,intellectuals,3.234270673404287
50844,intelligence,intelligence,Word,intelligence,3.178497860318514
50846,intelligent,intelligent,Word,intelligent,2.9063552110582562
50871,intense,intense,Word,intense,2.6612279673317327
50876,intensified,intensify,Word,intensified,2.779666935533397
50883,intensities,intensity,Word,intensities,3.6468716741301024
50884,intensity,intensity,Word,intensity,3.1298163114370534
50885,intensive,intensive,Word,intensive,2.7460119248755483
51012,interest,interest,Word,interest,2.5428930157458804
51013,interested,interested,Word,interested,2.9239215531049223
51016,interesting,interesting,Word,interesting,2.6144185011085783
51019,interests,interest,Word,interests,2.8880458820854624
51056,interior,interior,Word,interior,2.7688395758934337
51060,interiors,interior,Word,interiors,3.0957949729729712
51139,intermediate,intermediate,Word,intermediate,2.754404979701596
51143,intermediates,intermediate,Word,intermediates,3.5463476484939043
51144,intermediating,intermediate,Lemma,intermediate,2.754404979701596
51172,intermittent,intermittent,Word,intermittent,2.7270813974313857
51262,interpret,interpret,Word,interpret,2.8630388608554584
51270,interpreted,interpret,Word,interpreted,2.995575517119185
51271,interpreter,interpreter,Word,interpreter,3.729916392560784
51272,interpreters,interpreter,Lemma,interpreter,3.729916392560784
51273,interpreting,interpret,Word,interpreting,2.9532476101086647
51277,interprets,interpret,Word,interprets,3.1231551946239224
51368,interval,interval,Word,interval,3.4501692822529613
51370,intervals,interval,Word,intervals,3.314910331537446
51383,interview,interview,Word,interview,3.019807341141592
51384,interviewed,interview,Word,interviewed,2.9406754511810553
51389,interviewing,interview,Word,interviewing,3.0002196230005267
51390,interviews,interview,Word,interviews,2.9788403889137216
51411,intimacies,intimacy,Lemma,intimacy,3.320075379433468
51412,intimacy,intimacy,Word,intimacy,3.320075379433468
51414,intimate,intimate,Word,intimate,2.925006575377376
51415,intimated,intimate,Word,intimated,2.5958908631997035
51418,intimates,intimate,Lemma,intimate,2.925006575377376
51419,intimating,intimate,Word,intimating,2.465018238680203
51502,intricate,intricate,Word,intricate,2.8823487582346883
51506,intrigued,intrigue,Word,intrigued,2.988758715203802
51511,intrinsic,intrinsic,Word,intrinsic,2.6086602667318806
51573,intuitions,intuition,Word,intuitions,3.318012306843389
51603,invaded,invade,Word,invaded,3.2218979594673978
51605,invaders,invader,Word,invaders,3.2454751404170463
51606,invades,invade,Word,invades,3.5736667507585516
51607,invading,invade,Word,invading,3.0895339544435614
51633,invasion,invasion,Word,invasion,3.3290153803164353
51634,invasions,invasion,Word,invasions,3.6538900360811213
51657,inventoried,inventory,Lemma,inventory,3.167141964145481
51658,inventories,inventory,Word,inventories,4.133595124048514
51660,inventory,inventory,Word,inventory,3.167141964145481
51661,inventorying,inventory,Lemma,inventory,3.167141964145481
51684,investigate,investigate,Word,investigate,3.099609444940422
51685,investigated,investigate,Word,investigated,3.058055560872481
51686,investigates,investigate,Word,investigates,3.4367656499743084
51687,investigating,investigate,Word,investigating,3.3552296216815916
51692,investigator,investigator,Word,investigator,3.348670627643969
51693,investigators,investigator,Word,investigators,3.156164304539217
51745,invitation,invitation,Word,invitation,3.076908251536652
51747,invitations,invitation,Word,invitations,3.313561971971378
51749,invite,invite,Word,invite,2.5944260227388
51750,invited,invite,Word,invited,2.8181019039091275
51754,invites,invite,Word,invites,3.1540891371292994
51755,inviting,invite,Word,inviting,2.445598260975443
51811,iodine,iodine,Word,iodine,4.01290231007245
51824,ion,ion,Word,ion,3.205906576310575
51837,ions,ion,Word,ions,4.2159793741219005
51911,iron,iron,Word,iron,3.0989740819129317
51916,ironed,iron,Word,ironed,3.647059247160702
51923,ironies,irony,Word,ironies,3.2275788844195867
51924,ironing,iron,Word,ironing,3.44167624270291
51936,irons,iron,Word,irons,4.034441740374301
52074,irrigated,irrigate,Lemma,irrigate,4.020965012922783
52082,irritable,irritable,Word,irritable,3.530024276194085
52090,irritates,irritate,Word,irritates,3.4106545949030367
52091,irritating,irritate,Word,irritating,2.6934616216201337
52093,irritation,irritation,Word,irritation,3.152751977912145
52094,irritations,irritation,Word,irritations,3.418554488544939
52132,island,island,Word,island,2.821104312655184
52137,islands,island,Word,islands,3.076929404802715
52174,isolate,isolate,Word,isolate,3.316068217840149
52175,isolated,isolate,Word,isolated,2.6510667539746944
52176,isolates,isolate,Lemma,isolate,3.316068217840149
52177,isolating,isolate,Word,isolating,2.976025301010548
52178,isolation,isolation,Word,isolation,2.9986802845351224
52235,issue,issue,Word,issue,2.4876416665109766
52236,issued,issue,Word,issued,2.79555844237845
52240,issues,issue,Word,issues,2.687664769537866
52241,issuing,issue,Word,issuing,2.7922735728804677
52272,itch,itch,Word,itch,3.4217154921779986
52273,itched,itch,Lemma,itch,3.4217154921779986
52274,itches,itch,Word,itches,3.3881013719583954
52278,itching,itch,Word,itching,2.8953781952484654
52280,item,item,Word,item,2.774351573406515
52288,items,item,Word,items,2.7290594343766608
52327,ivories,ivory,Lemma,ivory,3.994212895881347
52328,ivory,ivory,Word,ivory,3.994212895881347
52375,jacket,jacket,Word,jacket,3.257649403680058
52376,jacketed,jacket,Word,jacketed,3.623256499251403
52377,jacketing,jacket,Lemma,jacket,3.257649403680058
52379,jackets,jacket,Word,jackets,3.450807671271672
52437,jagged,jagged,Word,jagged,2.9806681333304605
52471,jam,jam,Word,jam,3.0989833237582878
52487,jammed,jam,Word,jammed,3.053332086087075
52491,jamming,jam,Lemma,jam,3.0989833237582878
52493,jams,jam,Word,jams,3.3534846533357445
52545,jar,jar,Word,jar,3.1685425991092258
52550,jargon,jargon,Word,jargon,3.483833493531281
52556,jarred,jar,Word,jarred,3.0444158952198146
52560,jars,jar,Word,jars,3.443328528368062
52586,jaw,jaw,Word,jaw,3.494339803586839
52592,jawed,jaw,Lemma,jaw,3.494339803586839
52593,jawing,jaw,Lemma,jaw,3.494339803586839
52596,jaws,jaw,Word,jaws,3.656279729673804
52622,jealous,jealous,Word,jealous,3.0955225935864306
52623,jealousies,jealousy,Word,jealousies,3.7794046100081
52626,jealousy,jealousy,Word,jealousy,3.346293951363242
52662,jellies,jelly,Word,jellies,3.6979048279670756
52667,jelly,jelly,Word,jelly,3.0071584017617736
52672,jellying,jelly,Lemma,jelly,3.0071584017617736
52713,jerk,jerk,Word,jerk,3.2013925991477357
52714,jerked,jerk,Word,jerked,3.225104031672353
52721,jerking,jerk,Word,jerking,3.2831801733842076
52724,jerks,jerk,Word,jerks,2.9403924231394436
52737,jerseys,jersey,Lemma,jersey,3.9881916414101504
52751,jest,jest,Word,jest,3.0555387371221845
52752,jested,jest,Lemma,jest,3.0555387371221845
52755,jesting,jest,Word,jesting,2.8979575032760696
52757,jests,jest,Lemma,jest,3.0555387371221845
52786,jewel,jewel,Word,jewel,3.140006852879562
52787,jeweled,jewel,Word,jeweled,3.4747445483410666
52790,jewelled,jewel,Lemma,jewel,3.140006852879562
52796,jewels,jewel,Word,jewels,3.0001117058198066
52863,jingled,jingle,Word,jingled,3.0608520074683794
52865,jingling,jingle,Word,jingling,3.8273608824219405
52904,job,job,Word,job,2.559656066393979
52905,jobbed,job,Lemma,job,2.559656066393979
52909,jobbing,job,Lemma,job,2.559656066393979
52914,jobs,job,Word,jobs,3.107173521889424
52917,jockey,jockey,Word,jockey,3.715415035065101
52918,jockeyed,jockey,Lemma,jockey,3.715415035065101
52919,jockeying,jockey,Word,jockeying,3.521237516175872
52920,jockeys,jockey,Lemma,jockey,3.715415035065101
52946,jog,jog,Word,jog,3.351063804438926
52947,jogged,jog,Lemma,jog,3.351063804438926
52955,jogs,jog,Word,jogs,3.810275404221069
52974,join,join,Word,join,2.6757214680063197
52976,joined,join,Word,joined,2.691385130022647
52980,joining,join,Word,joining,2.790087999560149
52981,joins,join,Word,joins,3.213629849991119
52982,joint,joint,Word,joint,2.4255251551396046
52983,jointed,joint,Lemma,joint,2.4255251551396046
52987,joints,joint,Word,joints,3.349025166865658
52995,joke,joke,Word,joke,2.7264573804306926
52996,joked,joke,Word,joked,2.7768303915991033
53000,jokes,joke,Word,jokes,3.1328590176830033
53003,joking,joke,Word,joking,2.937906771824003
53006,jollied,jolly,Lemma,jolly,2.904706103426793
53021,jolly,jolly,Word,jolly,2.904706103426793
53024,jollying,jolly,Word,jollying,1.4557143614224661
53025,jolt,jolt,Word,jolt,3.3219174268408556
53026,jolted,jolt,Lemma,jolt,3.3219174268408556
53030,jolting,jolt,Word,jolting,3.040840414411506
53031,jolts,jolt,Lemma,jolt,3.3219174268408556
53082,jot,jot,Word,jot,3.475317466121166
53084,jots,jot,Lemma,jot,3.475317466121166
53085,jotted,jot,Word,jotted,3.886922946864857
53088,jotting,jot,Word,jotting,4.003052771025561
53095,journal,journal,Word,journal,3.345587872772275
53097,journalism,journalism,Word,journalism,3.543795934212225
53098,journalist,journalist,Word,journalist,3.163212384457832
53101,journalists,journalist,Word,journalists,2.9814794595115486
53103,journals,journal,Word,journals,3.2373152671504615
53104,journey,journey,Word,journey,3.1088648988621883
53106,journeyed,journey,Word,journeyed,3.1565435262139383
53108,journeying,journey,Lemma,journey,3.1088648988621883
53111,journeys,journey,Word,journeys,3.2853923519229022
53133,joy,joy,Word,joy,3.088752619694892
53137,joyful,joyful,Word,joyful,2.8525094603770498
53143,joyous,joyous,Word,joyous,2.923951868128731
53148,joys,joy,Word,joys,3.3659262861949344
53185,judge,judge,Word,judge,2.8202717165302995
53187,judged,judge,Word,judged,2.9340765639732136
53192,judges,judge,Word,judges,2.977678479333263
53194,judging,judge,Word,judging,2.5064140984127006
53207,judicial,judicial,Word,judicial,3.091949071834928
53209,judiciaries,judiciary,Word,judiciaries,3.63387937991791
53210,judiciary,judiciary,Word,judiciary,3.42773145044522
53222,jug,jug,Word,jug,3.2521840855806436
53225,jugged,jug,Lemma,jug,3.2521840855806436
53228,jugging,jug,Lemma,jug,3.2521840855806436
53237,jugs,jug,Lemma,jug,3.2521840855806436
53241,juice,juice,Word,juice,2.8021122015323034
53242,juiced,juice,Lemma,juice,2.8021122015323034
53245,juices,juice,Word,juices,3.5163114644172992
53250,juicing,juice,Lemma,juice,2.8021122015323034
53251,juicy,juicy,Word,juicy,2.9133320888032523
53274,jumble,jumble,Word,jumble,3.067186365247285
53275,jumbled,jumble,Word,jumbled,3.1866283593425124
53277,jumbles,jumble,Lemma,jumble,3.067186365247285
53278,jumbling,jumble,Lemma,jumble,3.067186365247285
53281,jump,jump,Word,jump,2.6919099874476955
53283,jumped,jump,Word,jumped,3.0499082787173415
53284,jumper,jumper,Word,jumper,4.656768417307923
53285,jumpers,jumper,Lemma,jumper,4.656768417307923
53290,jumping,jump,Word,jumping,2.7296236190835637
53292,jumps,jump,Word,jumps,2.9983946020430383
53307,jungle,jungle,Word,jungle,3.2224921290381827
53308,jungles,jungle,Word,jungles,3.8007606197107
53314,juniors,junior,Word,juniors,2.8529918969844608
53317,junk,junk,Word,junk,3.362547907606218
53318,junked,junk,Lemma,junk,3.362547907606218
53329,junking,junk,Lemma,junk,3.362547907606218
53331,junks,junk,Word,junks,3.4968462839148113
53347,juries,jury,Word,juries,3.86299735859097
53348,jurisdiction,jurisdiction,Word,jurisdiction,3.4965083482088786
53351,jurisdictions,jurisdiction,Word,jurisdictions,3.277722126901421
53362,jury,jury,Word,jury,3.642737658029599
53373,justice,justice,Word,justice,3.165239882990085
53375,justices,justice,Word,justices,3.840603979870321
53388,justifies,justify,Lemma,justify,2.705442788246178
53389,justify,justify,Word,justify,2.705442788246178
53390,justifying,justify,Word,justifying,2.563309989633396
53406,juveniles,juvenile,Lemma,juvenile,3.207213283839153
53606,keen,keen,Word,keen,2.8085923529839354
53608,keened,keen,Lemma,keen,2.8085923529839354
53611,keening,keen,Word,keening,3.415383960338214
53615,keep,keep,Word,keep,2.5699958209678306
53616,keeper,keeper,Word,keeper,3.6843656249548804
53617,keepers,keeper,Lemma,keeper,3.6843656249548804
53619,keeping,keep,Word,keeping,2.564819332818078
53620,keeps,keep,Word,keeps,2.993792150566461
53629,keg,keg,Word,keg,3.5311780358524176
53632,kegs,keg,Word,kegs,3.9826771761091897
53702,kept,keep,Word,kept,2.6879586466900047
53726,kernel,kernel,Word,kernel,3.681664415887001
53727,kernels,kernel,Word,kernels,3.675951540293812
53728,kerosene,kerosene,Word,kerosene,3.5839128292202065
53745,ketchup,ketchup,Word,ketchup,3.35984644955246
53752,kettle,kettle,Word,kettle,3.729451458361151
53757,kettles,kettle,Lemma,kettle,3.729451458361151
53761,key,key,Word,key,2.328248444874219
53762,keyboard,keyboard,Word,keyboard,3.4560034488625995
53768,keyboards,keyboard,Lemma,keyboard,3.4560034488625995
53770,keyed,key,Word,keyed,2.937240366928166
53771,keyhole,keyhole,Word,keyhole,3.3465719460189214
53772,keyholes,keyhole,Lemma,keyhole,3.3465719460189214
53773,keying,key,Lemma,key,2.328248444874219
53784,keys,key,Word,keys,2.9649998566528333
53825,kick,kick,Word,kick,2.8691760883308786
53833,kicked,kick,Word,kicked,2.754716304961465
53836,kicking,kick,Word,kicking,2.791029176800722
53839,kicks,kick,Word,kicks,3.074340273881804
53844,kid,kid,Word,kid,2.8756919626592485
53846,kidded,kid,Word,kidded,3.1046069825112053
53851,kidding,kid,Word,kidding,3.349721912390576
53858,kidnapped,kidnap,Word,kidnapped,4.067384052598366
53863,kidney,kidney,Word,kidney,3.4663392601935934
53864,kidneys,kidney,Word,kidneys,4.0183468863981595
53865,kids,kid,Word,kids,2.6892525977753294
53882,kill,kill,Word,kill,2.937173410144714
53886,killed,kill,Word,killed,3.255290359222932
53887,killer,killer,Word,killer,2.9425402058099404
53888,killers,killer,Word,killers,3.2035500284193423
53891,killing,kill,Word,killing,3.0040390573451874
53899,kills,kill,Word,kills,4.489056866134098
53936,kin,kin,Word,kin,3.647455340730953
53939,kind,kind,Word,kind,1.9568293841050783
53943,kindergarten,kindergarten,Word,kindergarten,3.435510559330544
53946,kindergartens,kindergarten,Lemma,kindergarten,3.435510559330544
53964,kinds,kind,Word,kinds,2.399553338220423
53982,king,king,Word,king,2.9022589345927625
53990,kingdom,kingdom,Word,kingdom,3.119414381788614
53991,kingdoms,kingdom,Word,kingdoms,3.753480401233898
54007,kings,king,Word,kings,3.026737977773089
54029,kinship,kinship,Word,kinship,3.2978467011486803
54062,kiss,kiss,Word,kiss,3.249703412528075
54065,kissed,kiss,Word,kissed,3.359714425081301
54068,kisses,kiss,Word,kisses,3.393244951203422
54070,kissing,kiss,Word,kissing,3.3263219537727293
54073,kit,kit,Word,kit,3.2023115559005535
54075,kitchen,kitchen,Word,kitchen,2.869828689968864
54078,kitchens,kitchen,Word,kitchens,3.0408412488007124
54081,kite,kite,Word,kite,3.4477050987277025
54082,kites,kite,Lemma,kite,3.4477050987277025
54084,kits,kit,Word,kits,3.3924980323007796
54089,kitten,kitten,Word,kitten,3.3723968885387023
54093,kittens,kitten,Word,kittens,3.3805737938822342
54143,knack,knack,Word,knack,3.6615951065700765
54148,knacks,knack,Lemma,knack,3.6615951065700765
54177,knee,knee,Word,knee,3.5198786838125167
54184,kneeing,knee,Lemma,knee,3.5198786838125167
54188,kneeling,kneel,Word,kneeling,3.577700359656467
54189,kneels,kneel,Word,kneels,3.9752826865420023
54193,knees,knee,Word,knees,3.0890173747110405
54195,knelt,kneel,Word,knelt,3.969534058184224
54197,knew,know,Word,knew,2.3927198075582994
54204,knife,knife,Word,knife,3.6127069441118316
54207,knifed,knife,Lemma,knife,3.6127069441118316
54213,knifes,knife,Lemma,knife,3.6127069441118316
54214,knifing,knife,Lemma,knife,3.6127069441118316
54216,knighted,knight,Lemma,knight,3.396369709184914
54230,knit,knit,Word,knit,3.21775015232457
54232,knits,knit,Lemma,knit,3.21775015232457
54233,knitted,knit,Word,knitted,3.27163934741869
54236,knitting,knit,Word,knitting,3.430459737632142
54239,knives,knife,Word,knives,3.4906278976628338
54240,knob,knob,Word,knob,3.673005955829746
54241,knobbed,knob,Lemma,knob,3.673005955829746
54254,knobs,knob,Word,knobs,3.6223742417243296
54255,knock,knock,Word,knock,2.7458293434594436
54259,knocked,knock,Word,knocked,3.042662245450271
54262,knocking,knock,Word,knocking,2.854175126190582
54266,knocks,knock,Word,knocks,3.194639503303628
54270,knot,knot,Word,knot,3.7672055354430927
54275,knots,knot,Word,knots,3.948316417571025
54277,knotted,knot,Word,knotted,3.776524723978663
54281,knotting,knot,Lemma,knot,3.7672055354430927
54286,know,know,Word,know,2.0677873124502058
54294,knowing,know,Word,knowing,2.166254781143153
54297,knowledge,knowledge,Word,knowledge,2.5541101412058285
54303,known,know,Word,known,2.1152772823960384
54304,knows,know,Word,knows,2.5299266668666953
54314,knuckles,knuckle,Word,knuckles,3.427136657002025
54540,lab,lab,Word,lab,3.114839880970213
54547,label,label,Word,label,3.123834597964921
54548,labeled,label,Word,labeled,2.6114747011168737
54550,labeling,label,Word,labeling,3.006609900861533
54552,labelled,label,Lemma,label,3.123834597964921
54554,labels,label,Word,labels,3.290072316452531
54569,laboratories,laboratory,Word,laboratories,3.269674949012344
54570,laboratory,laboratory,Word,laboratory,2.8830056795876335
54575,laborious,laborious,Word,laborious,3.051384054662081
54598,labs,lab,Lemma,lab,3.114839880970213
54601,labyrinth,labyrinth,Word,labyrinth,3.075612975275205
54603,labyrinths,labyrinth,Lemma,labyrinth,3.075612975275205
54608,lace,lace,Word,lace,3.1305991485253357
54610,laced,lace,Word,laced,3.015897246706322
54623,laces,lace,Word,laces,3.1259138230438195
54637,lacing,lace,Lemma,lace,3.1305991485253357
54638,lack,lack,Word,lack,2.789047643351709
54643,lacked,lack,Word,lacked,3.182456310045629
54647,lacking,lack,Word,lacking,2.8846928841398993
54650,lacks,lack,Word,lacks,3.1061914856925474
54691,lad,lad,Word,lad,3.369740677144216
54693,ladder,ladder,Word,ladder,3.3321186240901604
54696,ladders,ladder,Lemma,ladder,3.3321186240901604
54704,ladies,lady,Word,ladies,2.6130955808587766
54713,lads,lad,Word,lads,3.6594872499848465
54714,lady,lady,Word,lady,2.9394915941459816
54733,lag,lag,Word,lag,3.5892807192163008
54742,lagged,lag,Word,lagged,3.390147218648684
54743,lagging,lag,Lemma,lag,3.5892807192163008
54745,lagoon,lagoon,Word,lagoon,3.1945999482981673
54746,lagoons,lagoon,Word,lagoons,3.3243450871533615
54748,lags,lag,Word,lags,3.6218200791187707
54762,laid,lay,Word,laid,2.9442199222763166
54763,lain,lie,Word,lain,3.5047634994681873
54772,lake,lake,Word,lake,3.026051819456217
54774,lakes,lake,Word,lakes,3.2438984313131902
54792,lamb,lamb,Word,lamb,3.5271183401541193
54802,lambed,lamb,Lemma,lamb,3.5271183401541193
54808,lambing,lamb,Lemma,lamb,3.5271183401541193
54814,lambs,lamb,Word,lambs,3.716405193017357
54817,lame,lame,Word,lame,2.7895374880044015
54821,lamed,lame,Lemma,lame,2.7895374880044015
54865,lamp,lamp,Word,lamp,3.353944855646206
54868,lamping,lamp,Lemma,lamp,3.353944855646206
54886,lamps,lamp,Word,lamps,3.348939932373874
54903,lancing,lance,Lemma,lance,3.301648554339531
54905,land,land,Word,land,2.568240696804303
54910,landed,land,Word,landed,2.7801465565696706
54926,landing,landing,Word,landing,3.0582148380760796
54927,landings,landing,Word,landings,3.722868827998998
54935,landlord,landlord,Word,landlord,2.921139592667462
54938,landlords,landlord,Word,landlords,3.295384571449278
54942,landmark,landmark,Word,landmark,2.61869251556941
54943,landmarks,landmark,Word,landmarks,3.4166161646685063
54954,lands,land,Word,lands,2.971542659910351
54955,landscape,landscape,Word,landscape,2.8794175964591675
54958,landscapes,landscape,Word,landscapes,3.3401006728914484
54962,landslide,landslide,Word,landslide,3.799472594744591
54963,landslides,landslide,Word,landslides,4.416764675242282
54971,lanes,lane,Word,lanes,3.638095325456231
54987,language,language,Word,language,2.7822497760176974
54988,languages,language,Word,languages,3.5578846321997717
55021,lantern,lantern,Word,lantern,3.545759626843455
55022,lanterns,lantern,Word,lanterns,3.8362791625236548
55038,lap,lap,Word,lap,3.618475858401654
55056,lapped,lap,Word,lapped,3.27256561462306
55061,lapping,lap,Word,lapping,3.2434699218299357
55062,laps,lap,Word,laps,4.4004127457301845
55084,lard,lard,Word,lard,3.2957458944425198
55086,larded,lard,Lemma,lard,3.2957458944425198
55089,larding,lard,Lemma,lard,3.2957458944425198
55090,lards,lard,Lemma,lard,3.2957458944425198
55093,large,large,Word,large,2.1730838598512934
55133,larvae,larva,Word,larvae,4.221984192886715
55157,lash,lash,Word,lash,3.069363173686001
55158,lashed,lash,Word,lashed,3.412269923549911
55160,lashes,lash,Word,lashes,3.9512693734911717
55161,lashing,lash,Word,lashing,3.0245115490395036
55177,lasting,lasting,Word,lasting,2.811741399840724
55184,latch,latch,Word,latch,3.1429408197489397
55185,latched,latch,Word,latched,3.3073434626446256
55186,latches,latch,Word,latches,3.782738106549804
55188,latching,latch,Lemma,latch,3.1429408197489397
55192,late,late,Word,late,1.8934696107320903
55200,latent,latent,Word,latent,2.9212473903814433
55203,lateral,lateral,Word,lateral,3.1381449081539294
55208,laterals,lateral,Lemma,lateral,3.1381449081539294
55216,latex,latex,Word,latex,3.2682309176644133
55249,latitude,latitude,Word,latitude,3.5222267620399017
55250,latitudes,latitude,Word,latitudes,4.140701043416356
55290,laugh,laugh,Word,laugh,2.8571497850699936
55294,laughed,laugh,Word,laughed,2.862292465636244
55296,laughing,laugh,Word,laughing,2.91212785359634
55301,laughs,laugh,Word,laughs,2.955335908023758
55302,laughter,laughter,Word,laughter,3.388054754520991
55304,launch,launch,Word,launch,2.6134089704415233
55305,launched,launch,Word,launched,2.7495472930569216
55307,launches,launch,Word,launches,3.08634872779534
55308,launching,launch,Word,launching,2.5530416652651735
55321,laundries,laundry,Lemma,laundry,3.012225645195459
55324,laundry,laundry,Word,laundry,3.012225645195459
55349,lava,lava,Word,lava,4.052798739544168
55361,lavender,lavender,Word,lavender,3.2312624854664365
55374,law,law,Word,law,2.6640740612577343
55378,lawful,lawful,Word,lawful,3.2278561510551995
55392,lawn,lawn,Word,lawn,3.0810926960371563
55394,lawns,lawn,Word,lawns,3.460648375006479
55399,laws,law,Word,laws,3.0847642780621105
55402,lawyer,lawyer,Word,lawyer,3.1154334107548336
55406,lawyers,lawyer,Word,lawyers,2.920763926157921
55418,lay,lay,Word,lay,2.7032468425326064
55425,layed,lay,Lemma,lay,2.7032468425326064
55426,layer,layer,Word,layer,3.1776785026740035
55427,layered,layer,Word,layered,2.905494025116046
55428,layering,layer,Word,layering,3.110286492506534
55429,layers,layer,Word,layers,3.1155740804666006
55432,laying,lay,Word,laying,2.9001508150133275
55444,lays,lay,Word,lays,3.319372717218303
55464,lazy,lazy,Word,lazy,2.742953738788092
55475,lead,lead,Word,lead,2.5172688976709368
55480,leader,leader,Word,leader,2.553841097075424
55483,leaders,leader,Word,leaders,2.454588084280745
55484,leadership,leadership,Word,leadership,2.5662302373897483
55485,leading,lead,Word,leading,2.1136119529329793
55490,leads,lead,Word,leads,2.534025605252953
55495,leaf,leaf,Word,leaf,3.032523471851411
55497,leafed,leaf,Word,leafed,3.7350198483400536
55501,leafing,leaf,Lemma,leaf,3.032523471851411
55505,leaflets,leaflet,Word,leaflets,4.046990954980054
55507,leafs,leaf,Lemma,leaf,3.032523471851411
55509,leafy,leafy,Word,leafy,3.2196653597843703
55510,league,league,Word,league,2.8682562369716824
55512,leagued,league,Word,leagued,1.3045913117221315
55516,leagues,league,Word,leagues,3.483647032115784
55517,leaguing,league,Lemma,league,2.8682562369716824
55519,leakage,leakage,Word,leakage,3.2904342452570057
55520,leakages,leakage,Lemma,leakage,3.2904342452570057
55521,leaked,leak,Word,leaked,3.2495815560808716
55527,leaking,leak,Lemma,leak,3.5122049283996444
55528,leaks,leak,Word,leaks,3.3868101246775226
55534,lean,lean,Word,lean,2.641559066067908
55535,leaned,lean,Word,leaned,3.222357514798383
55538,leaning,lean,Word,leaning,2.9121321251169605
55542,leans,lean,Word,leans,3.4719881787030142
55543,leant,lean,Lemma,lean,2.641559066067908
55544,leap,leap,Word,leap,2.9692478661547974
55545,leaped,leap,Word,leaped,3.3206410560741673
55549,leaping,leap,Word,leaping,3.059684145936233
55550,leaps,leap,Word,leaps,3.40174570181635
55551,leapt,leap,Word,leapt,3.1323629143808724
55553,learn,learn,Word,learn,2.6859832942599096
55555,learned,learn,Word,learned,2.4279223903618234
55559,learners,learner,Word,learners,3.44689162429673
55560,learning,learn,Word,learning,2.5012526914505573
55561,learns,learn,Word,learns,3.1966377070670804
55562,learnt,learn,Lemma,learn,2.6859832942599096
55575,leash,leash,Word,leash,3.7379168862451446
55576,leashes,leash,Word,leashes,3.9997986873365994
55582,leather,leather,Word,leather,3.1017853746567954
55584,leathered,leather,Word,leathered,2.8510491455832376
55587,leathering,leather,Lemma,leather,3.1017853746567954
55593,leathers,leather,Word,leathers,3.7894349388881787
55599,leave,leave,Word,leave,2.357276633003666
55608,leaves,leave,Word,leaves,2.7289942755685206
55610,leaving,leave,Word,leaving,2.070621921160783
55637,lecture,lecture,Word,lecture,3.3740275253719054
55638,lectured,lecture,Word,lectured,3.2654923728629934
55641,lectures,lecture,Word,lectures,3.1318176017207664
55644,lecturing,lecture,Word,lecturing,3.0337664183983
55645,led,lead,Word,led,2.2613890255242413
55648,ledge,ledge,Word,ledge,3.3064928922341985
55649,ledged,ledge,Lemma,ledge,3.3064928922341985
55650,ledger,ledger,Word,ledger,3.4444516476354265
55651,ledgers,ledger,Word,ledgers,3.5968071265231214
55652,ledges,ledge,Word,ledges,3.818109509973835
55678,left,leave,Word,left,1.9547042596729318
55694,leg,leg,Word,leg,2.7730868746305557
55696,legacies,legacy,Word,legacies,3.1652994362058724
55697,legacy,legacy,Word,legacy,2.8734337190414734
55698,legal,legal,Word,legal,2.5723780861963337
55722,legend,legend,Word,legend,2.950797672694694
55723,legendary,legendary,Word,legendary,2.4496021341823817
55725,legends,legend,Word,legends,3.1356330514180946
55730,legged,leg,Word,legged,3.0921445519134227
55735,legging,leg,Lemma,leg,2.7730868746305557
55749,legions,legion,Word,legions,2.7792737455876826
55754,legislation,legislation,Word,legislation,3.0492432885573644
55755,legislative,legislative,Word,legislative,2.929593445627077
55759,legislators,legislator,Word,legislators,2.940190710920944
55761,legislature,legislature,Word,legislature,3.1605925029110313
55763,legislatures,legislature,Word,legislatures,3.5054828340327178
55767,legitimate,legitimate,Word,legitimate,2.5963387195866505
55786,legs,leg,Word,legs,2.941691287125286
55804,leisure,leisure,Word,leisure,3.1003829098280726
55807,leisurely,leisurely,Word,leisurely,3.003813172168471
55820,lemon,lemon,Word,lemon,3.086478861910123
55821,lemonade,lemonade,Word,lemonade,3.644415231387953
55823,lemons,lemon,Word,lemons,3.36966146976371
55833,lend,lend,Word,lend,2.905884450093128
55839,lends,lend,Word,lends,3.345972279183254
55840,length,length,Word,length,2.882832065152773
55841,lengthen,lengthen,Word,lengthen,3.155283382188546
55842,lengthened,lengthen,Word,lengthened,3.2200842867505224
55844,lengthening,lengthen,Word,lengthening,3.0721695613618945
55845,lengthens,lengthen,Lemma,lengthen,3.155283382188546
55847,lengthiest,lengthy,Lemma,lengthy,2.633109433185562
55850,lengths,length,Word,lengths,3.7443111199687236
55853,lengthy,lengthy,Word,lengthy,2.633109433185562
55874,lens,lens,Word,lens,3.427758874603483
55875,lenses,lens,Word,lenses,3.6093492692075024
55876,lent,lend,Word,lent,2.862407691958284
55897,leopard,leopard,Word,leopard,3.697248792152489
55901,leopards,leopard,Word,leopards,3.823944502311429
55940,lessen,lessen,Word,lessen,2.9472411008517487
55941,lessened,lessen,Word,lessened,2.8362923766727004
55942,lessening,lessen,Word,lessening,2.794551546885749
55943,lessens,lessen,Word,lessens,3.2303981282739107
55946,lesson,lesson,Word,lesson,3.0514392631274583
55947,lessons,lesson,Word,lessons,3.199430312637444
55969,lets,let,Word,lets,2.894294236555754
55978,lettering,lettering,Word,lettering,3.5282932996548366
55982,letters,letter,Word,letters,3.172040816323109
55984,letting,let,Word,letting,2.3297230946968437
56022,level,level,Word,level,2.2796297784457376
56024,leveled,level,Word,leveled,2.997396870271165
56028,leveling,level,Word,leveling,2.9128075305824304
56029,levelled,level,Lemma,level,2.2796297784457376
56032,levelling,level,Lemma,level,2.2796297784457376
56035,levels,level,Word,levels,2.6731811468720856
56036,lever,lever,Word,lever,3.333483178720952
56039,levered,lever,Lemma,lever,3.333483178720952
56043,levering,lever,Lemma,lever,3.333483178720952
56044,levers,lever,Word,levers,3.4277212541883064
56110,liabilities,liability,Word,liabilities,3.433513998295418
56111,liability,liability,Word,liability,3.3113780297362916
56112,liable,liable,Word,liable,4.316659764954298
56124,liar,liar,Word,liar,3.569784679464263
56126,liars,liar,Word,liars,3.423637092418242
56145,liberal,liberal,Word,liberal,2.942619108963362
56160,liberals,liberal,Word,liberals,3.045212551122684
56162,liberated,liberate,Word,liberated,3.1676464312819106
56165,liberation,liberation,Word,liberation,3.1848225355880198
56167,liberations,liberation,Lemma,liberation,3.1848225355880198
56178,liberties,liberty,Word,liberties,3.6197008008292952
56183,liberty,liberty,Word,liberty,3.3163855180508306
56193,librarian,librarian,Word,librarian,3.312429087810595
56195,librarians,librarian,Word,librarians,3.2504788686488673
56197,libraries,library,Word,libraries,3.1671189305814877
56198,library,library,Word,library,2.8827082002661357
56213,lice,louse,Word,lice,4.112432447611267
56242,licked,lick,Word,licked,3.440294399433192
56245,licking,lick,Word,licking,3.712750252703305
56250,lid,lid,Word,lid,3.385237739531215
56256,lids,lid,Word,lids,3.391168283716095
56257,lie,lie,Word,lie,2.7008182061139707
56263,lied,lie,Word,lied,3.292457336158467
56273,lies,lie,Word,lies,2.8001347421649188
56280,lieutenants,lieutenant,Word,lieutenants,3.2780620359742936
56281,life,life,Word,life,2.306450570456437
56286,lifeboat,lifeboat,Word,lifeboat,4.242413687914125
56287,lifeboats,lifeboat,Word,lifeboats,4.570627188226848
56293,lifeless,lifeless,Word,lifeless,3.036059323082123
56300,lifelong,lifelong,Word,lifelong,2.8489482334589136
56309,lifetimes,lifetime,Lemma,lifetime,2.6331743469785143
56313,lift,lift,Word,lift,2.6572679649861644
56316,lifted,lift,Word,lifted,2.839592803088108
56319,lifting,lift,Word,lifting,2.631064836834212
56323,lifts,lift,Word,lifts,3.5031476174641973
56340,light,light,Word,light,2.364027680106431
56343,lighted,light,Word,lighted,2.900629083146371
56344,lighten,lighten,Word,lighten,3.2672583300034983
56345,lightened,lighten,Word,lightened,3.224518326856067
56347,lightening,lighten,Lemma,lighten,3.2672583300034983
56348,lightens,lighten,Word,lightens,3.7194984120459016
56365,lighting,lighting,Word,lighting,3.1506791363971964
56369,lightness,lightness,Word,lightness,3.4645163134428407
56370,lightning,lightning,Word,lightning,3.1467174861048424
56372,lights,light,Word,lights,3.0118602059822654
56380,lightweight,lightweight,Word,lightweight,3.1327096017232368
56381,lightweights,lightweight,Lemma,lightweight,3.1327096017232368
56394,like,like,Word,like,1.8200657033050727
56396,liked,like,Word,liked,2.659584262965909
56400,likelihood,likelihood,Word,likelihood,2.6984515516050527
56402,likely,likely,Word,likely,2.0876925094820287
56405,likeness,likeness,Word,likeness,3.636233417017313
56406,likenesses,likeness,Lemma,likeness,3.636233417017313
56408,likes,like,Word,likes,2.2583933145441075
56410,liking,like,Word,liking,2.546946120776209
56413,lilac,lilac,Word,lilac,3.3508249350917665
56415,lilacs,lilac,Word,lilacs,3.5909390292852446
56420,lilies,lily,Word,lilies,3.7169016906105043
56442,limb,limb,Word,limb,3.0050116437392944
56443,limbed,limb,Lemma,limb,3.0050116437392944
56454,limbs,limb,Word,limbs,3.3730967686604445
56456,lime,lime,Word,lime,3.146124962745909
56458,limed,lime,Lemma,lime,3.146124962745909
56466,limes,lime,Lemma,lime,3.146124962745909
56474,liming,lime,Lemma,lime,3.146124962745909
56475,limit,limit,Word,limit,2.8691307666716037
56478,limitation,limitation,Word,limitation,2.9360983873012945
56479,limitations,limitation,Word,limitations,2.954895001013055
56485,limiting,limit,Word,limiting,2.71995266889465
56486,limitless,limitless,Word,limitless,3.194947473362242
56489,limits,limit,Word,limits,3.0345173706314306
56503,limp,limp,Word,limp,2.8160659042308795
56504,limped,limp,Word,limped,3.6629441377658503
56512,limping,limp,Word,limping,3.167650744015917
56516,limps,limp,Word,limps,3.7055668458918736
56540,line,line,Word,line,2.0197634231142736
56547,linear,linear,Word,linear,3.07232109450441
56557,lined,line,Word,lined,2.9311929616475916
56561,linen,linen,Word,linen,3.3020249378750433
56562,linens,linen,Lemma,linen,3.3020249378750433
56565,liner,liner,Word,liner,3.2764077856402953
56566,liners,liner,Word,liners,3.072328308061753
56569,lines,line,Word,lines,2.5306375921595317
56577,lingered,linger,Word,lingered,3.152398853034861
56581,lingering,linger,Word,lingering,2.6408426834085983
56583,lingers,linger,Word,lingers,3.2902717100604058
56598,lining,line,Word,lining,2.777553171811203
56600,link,link,Word,link,2.843107089127428
56606,linked,link,Word,linked,2.605696479070585
56608,linking,link,Word,linking,2.6800905661860805
56611,links,link,Word,links,2.932060905298267
56620,linoleum,linoleum,Word,linoleum,3.497642297427887
56634,lion,lion,Word,lion,3.0681353836082907
56648,lions,lion,Word,lions,3.292667656601288
56649,lip,lip,Word,lip,3.4935863735522497
56664,lipped,lip,Lemma,lip,3.4935863735522497
56672,lips,lip,Word,lips,3.307256648534159
56694,liquid,liquid,Word,liquid,2.9292960612488015
56713,liquids,liquid,Word,liquids,3.4511588422784625
56714,liquor,liquor,Word,liquor,3.341325299216615
56717,liquors,liquor,Lemma,liquor,3.341325299216615
56738,list,list,Word,list,2.8484391883724847
56740,listed,list,Word,listed,2.786650277433594
56743,listened,listen,Word,listened,2.954503587785808
56744,listener,listener,Word,listener,3.2621598315608513
56746,listeners,listener,Word,listeners,3.247649805523777
56748,listening,listen,Word,listening,2.7934333867607206
56749,listens,listen,Word,listens,3.625683543097601
56758,lists,list,Word,lists,2.745982649501462
56759,lit,light,Word,lit,3.0090544892105067
56766,literal,literal,Word,literal,2.570776465028353
56774,literals,literal,Lemma,literal,2.570776465028353
56776,literary,literary,Word,literary,3.2318905716878263
56782,literature,literature,Word,literature,2.8256273649679047
56783,literatures,literature,Word,literatures,3.4359506949046033
56830,litter,litter,Word,litter,3.329199922226443
56839,littered,litter,Word,littered,3.7297454039318705
56841,littering,litter,Word,littering,3.453249522778047
56845,litters,litter,Word,litters,3.6538526568465266
56846,little,little,Word,little,2.052634705373074
56866,live,live,Word,live,2.401613434545198
56868,lived,live,Word,lived,2.9344416827078135
56871,livelihood,livelihood,Word,livelihood,3.5507336336883433
56872,livelihoods,livelihood,Lemma,livelihood,3.5507336336883433
56876,lively,lively,Word,lively,2.6651947004595162
56878,liver,liver,Word,liver,3.485943949824377
56879,livered,liver,Lemma,liver,3.485943949824377
56888,livers,liver,Word,livers,3.814641758483579
56894,lives,life,Word,lives,2.7366911254992976
56900,living,live,Word,living,2.527707547076863
56910,lizard,lizard,Word,lizard,3.1464499132202164
56912,lizards,lizard,Word,lizards,3.3407191039405575
56923,load,load,Word,load,2.8523382941166644
56924,loaded,load,Word,loaded,2.9268761443032485
56927,loading,load,Word,loading,2.714793003605285
56929,loads,load,Word,loads,2.5579373877911538
56931,loaf,loaf,Word,loaf,3.1500346315996324
56932,loafed,loaf,Word,loafed,2.885667245630335
56936,loafs,loaf,Lemma,loaf,3.1500346315996324
56943,loan,loan,Word,loan,3.1923809197958235
56944,loaned,loan,Word,loaned,3.2369805473489763
56946,loaning,loan,Lemma,loan,3.1923809197958235
56947,loans,loan,Word,loans,3.4911918271172153
56964,loaves,loaf,Word,loaves,3.6748385149251765
56969,lobbied,lobby,Word,lobbied,3.523491424944491
56970,lobbies,lobby,Word,lobbies,3.150780569038356
56972,lobby,lobby,Word,lobby,2.679194606936442
56974,lobbying,lobby,Lemma,lobby,2.679194606936442
56993,lobster,lobster,Word,lobster,3.447584713194068
56996,lobsters,lobster,Lemma,lobster,3.447584713194068
57002,local,local,Word,local,1.935070785961997
57007,localities,locality,Word,localities,3.0502298703758366
57019,locals,local,Lemma,local,1.935070785961997
57020,locate,locate,Word,locate,2.9297254071754097
57021,located,locate,Word,located,2.7806670766600337
57023,locates,locate,Lemma,locate,2.9297254071754097
57025,locating,locate,Word,locating,3.1416094232217313
57026,location,location,Word,location,2.6490290549309483
57027,locations,location,Word,locations,2.828911112106598
57034,lock,lock,Word,lock,2.6693713610252803
57040,locked,lock,Word,locked,2.7739817602936765
57041,locker,locker,Word,locker,3.6462654490645776
57042,lockers,locker,Lemma,locker,3.6462654490645776
57049,locking,lock,Word,locking,2.8325289084505507
57056,locks,lock,Word,locks,3.0992409220641846
57066,locomotive,locomotive,Word,locomotive,3.3313504541754515
57067,locomotives,locomotive,Word,locomotives,3.88064940074305
57073,locusts,locust,Lemma,locust,3.6593732096578453
57083,lodge,lodge,Word,lodge,2.9767575153385946
57084,lodged,lodge,Word,lodged,3.2284334513826747
57088,lodges,lodge,Word,lodges,3.2368519322942575
57089,lodging,lodge,Word,lodging,3.049160674247685
57103,loft,loft,Word,loft,3.1827076923897044
57110,lofts,loft,Lemma,loft,3.1827076923897044
57111,lofty,lofty,Word,lofty,2.9011199637897214
57112,log,log,Word,log,3.0389319480928383
57125,logged,log,Word,logged,4.380958150474959
57133,logging,log,Word,logging,3.141906371687728
57135,logic,logic,Word,logic,2.791278724222154
57136,logical,logical,Word,logical,2.6892337965997744
57142,logics,logic,Lemma,logic,2.791278724222154
57168,logs,log,Word,logs,3.132955695017062
57210,lone,lone,Word,lone,2.7842632730911565
57213,loneliness,loneliness,Word,loneliness,3.3956154375655228
57214,lonely,lonely,Word,lonely,2.87482416564237
57220,long,long,Word,long,1.9855507013660756
57225,longed,long,Word,longed,2.9244297721062806
57246,longitude,longitude,Word,longitude,4.969663879860695
57247,longitudes,longitude,Word,longitudes,3.559027328936592
57254,longs,long,Word,longs,3.3412082846106914
57292,looked,look,Word,looked,2.51148991931475
57295,looking,look,Word,looking,2.2299037052433266
57297,lookout,lookout,Word,lookout,3.3316855821482636
57298,lookouts,lookout,Lemma,lookout,3.3316855821482636
57299,looks,look,Word,looks,2.2833146350823665
57303,loomed,loom,Word,loomed,3.431690247852886
57304,looming,loom,Word,looming,2.7768694665558917
57306,looms,loom,Word,looms,3.470226580341656
57317,looped,loop,Word,looped,3.171115679837856
57326,loose,loose,Word,loose,2.668308955626052
57329,loosed,loose,Lemma,loose,2.668308955626052
57331,loosen,loosen,Word,loosen,3.2981117294031557
57332,loosened,loosen,Word,loosened,3.3117557293217517
57334,loosening,loosen,Word,loosening,3.305177756943931
57335,loosens,loosen,Word,loosens,3.673083550702331
57337,looses,loose,Lemma,loose,2.668308955626052
57340,loosing,loose,Lemma,loose,2.668308955626052
57342,loot,loot,Word,loot,3.098246251751577
57343,looted,loot,Word,looted,3.9907105678626453
57347,loots,loot,Lemma,loot,3.098246251751577
57405,lose,lose,Word,lose,2.7568768244705195
57406,loser,loser,Word,loser,3.0529401981343764
57407,losers,loser,Word,losers,3.2451581291475105
57408,loses,lose,Word,loses,3.2965330968216455
57409,losing,lose,Word,losing,2.6042238458995532
57410,loss,loss,Word,loss,2.8209555151846026
57411,losses,loss,Word,losses,3.1154871131615534
57413,lost,lose,Word,lost,2.5961641770022275
57414,lot,lot,Word,lot,2.547918524541566
57419,lotion,lotion,Word,lotion,3.68771149035605
57420,lotions,lotion,Word,lotions,3.708987224784397
57421,lots,lot,Word,lots,2.295487964934045
57432,loud,loud,Word,loud,2.979667927600084
57455,lounge,lounge,Word,lounge,3.0061143023889714
57456,lounged,lounge,Word,lounged,3.9843723873767454
57459,lounges,lounge,Word,lounges,3.3484700548300697
57460,lounging,lounge,Word,lounging,3.321510357432313
57471,lousier,lousy,Lemma,lousy,2.7194091246195113
57475,lousy,lousy,Word,lousy,2.7194091246195113
57490,love,love,Word,love,2.666632523769502
57498,loved,love,Word,loved,2.758004348087302
57505,lovelies,lovely,Word,lovelies,3.1873631091228267
57510,lovely,lovely,Word,lovely,2.6031930793419327
57512,lover,lover,Word,lover,3.033926571227956
57516,lovers,lover,Word,lovers,3.21569667410855
57517,loves,love,Word,loves,2.9962873747697336
57527,loving,love,Word,loving,2.7795635286585156
57531,low,low,Word,low,2.4918696833468155
57541,lowed,low,Lemma,low,2.4918696833468155
57553,lowing,low,Lemma,low,2.4918696833468155
57557,lowlands,lowland,Word,lowlands,3.1911713849093393
57565,lows,low,Word,lows,3.5736344329370917
57568,loyal,loyal,Word,loyal,2.9681615659471667
57575,loyalties,loyalty,Word,loyalties,3.5727397830837817
57576,loyalty,loyalty,Word,loyalty,3.19403783895711
57621,luck,luck,Word,luck,3.096217011857857
57622,lucked,luck,Word,lucked,3.1343536129260103
57629,lucks,luck,Word,lucks,2.6994435098912266
57630,lucky,lucky,Word,lucky,2.803233767497544
57631,lucrative,lucrative,Word,lucrative,2.954529907301661
57668,luggage,luggage,Word,luggage,3.56119903013428
57705,lumber,lumber,Word,lumber,3.455328763050473
57706,lumbered,lumber,Word,lumbered,2.9714712425844816
57708,lumbering,lumber,Word,lumbering,2.8890169777722594
57715,lumbers,lumber,Lemma,lumber,3.455328763050473
57729,luminous,luminous,Word,luminous,2.8604769613227217
57736,lump,lump,Word,lump,3.3236364982969375
57738,lumped,lump,Word,lumped,3.2659178362428354
57743,lumping,lump,Lemma,lump,3.3236364982969375
57745,lumps,lump,Word,lumps,3.1568979323971518
57751,lunar,lunar,Word,lunar,3.8100688073275295
57757,lunch,lunch,Word,lunch,2.9126026296929415
57759,lunched,lunch,Lemma,lunch,2.9126026296929415
57760,luncheon,luncheon,Word,luncheon,3.3909198842207995
57762,luncheons,luncheon,Word,luncheons,3.5338204732612586
57763,lunches,lunch,Lemma,lunch,2.9126026296929415
57764,lunching,lunch,Lemma,lunch,2.9126026296929415
57771,lung,lung,Word,lung,3.350830371911078
57773,lunged,lunge,Word,lunged,3.884015600901004
57780,lungs,lung,Word,lungs,3.7588480422550714
57791,lurched,lurch,Word,lurched,3.607862458593491
57794,lurches,lurch,Lemma,lurch,3.0449020649019554
57795,lurching,lurch,Word,lurching,3.1536575737051242
57796,lure,lure,Word,lure,3.0146177692815925
57797,lured,lure,Word,lured,3.166070507932144
57798,lures,lure,Lemma,lure,3.0146177692815925
57804,luring,lure,Word,luring,3.1524930893213616
57808,lurking,lurk,Word,lurking,3.1550473166219795
57813,lush,lush,Word,lush,2.8940118233023218
57815,lushes,lush,Word,lushes,2.356452695182258
57871,luxuries,luxury,Word,luxuries,3.41733593832976
57872,luxurious,luxurious,Word,luxurious,3.0128584348136065
57875,luxury,luxury,Word,luxury,2.8985789039739442
57898,lying,lie,Word,lying,3.021204713600349
57928,lyric,lyric,Word,lyric,3.1510661184758564
57936,lyrics,lyric,Word,lyrics,3.202729278891634
58002,machine,machine,Word,machine,2.634352931482681
58003,machined,machine,Lemma,machine,2.634352931482681
58007,machineries,machinery,Lemma,machinery,2.9460446633793347
58008,machinery,machinery,Word,machinery,2.9460446633793347
58009,machines,machine,Word,machines,2.9552721210424044
58072,mad,mad,Word,mad,2.5833124412318442
58096,made,make,Word,made,2.1515848976605874
58106,madman,madman,Word,madman,3.09995057314305
58107,madmen,madman,Word,madmen,3.195713527755412
58108,madness,madness,Word,madness,2.8997673112210145
58144,magazine,magazine,Word,magazine,3.1277124642802137
58146,magazines,magazine,Word,magazines,3.1167723822799336
58158,magic,magic,Word,magic,2.9065821567692085
58159,magical,magical,Word,magical,2.8164585849230175
58161,magician,magician,Word,magician,3.4004717997826006
58163,magicians,magician,Word,magicians,3.3586289129105213
58169,magistrate,magistrate,Word,magistrate,3.5076689668555767
58170,magistrates,magistrate,Word,magistrates,3.683097303459755
58183,magnet,magnet,Word,magnet,3.1054226618738787
58185,magnetic,magnetic,Word,magnetic,3.521672844273249
58187,magnetism,magnetism,Word,magnetism,3.4884123137758576
58188,magnetisms,magnetism,Lemma,magnetism,3.4884123137758576
58202,magnets,magnet,Lemma,magnet,3.1054226618738787
58207,magnificent,magnificent,Word,magnificent,2.5729725164227415
58210,magnified,magnify,Word,magnified,3.028840082245712
58215,magnifying,magnify,Word,magnifying,3.257637054392174
58219,magnitude,magnitude,Word,magnitude,3.0580549580756156
58220,magnitudes,magnitude,Word,magnitudes,3.993818252755993
58257,mahoganies,mahogany,Lemma,mahogany,3.924748972071602
58258,mahogany,mahogany,Word,mahogany,3.924748972071602
58268,maid,maid,Word,maid,3.6695883105786304
58270,maiden,maiden,Word,maiden,3.1114161881326825
58276,maidens,maiden,Word,maidens,3.5741973399133546
58277,maids,maid,Word,maids,3.8050436981650977
58281,mail,mail,Word,mail,3.126603976529995
58288,mailed,mail,Word,mailed,3.5963031224243447
58297,mails,mail,Word,mails,3.2129498335683113
58304,main,main,Word,main,2.3795793154010028
58316,mains,main,Word,mains,3.5123321147959525
58325,maintain,maintain,Word,maintain,2.522111223633294
58327,maintained,maintain,Word,maintained,2.4992564824185988
58329,maintaining,maintain,Word,maintaining,2.6357521174760477
58330,maintains,maintain,Word,maintains,2.677685874485983
58331,maintenance,maintenance,Word,maintenance,2.751877743574766
58357,majored,major,Word,majored,4.753725646835273
58360,majoring,major,Lemma,major,2.167550901527459
58362,majorities,majority,Word,majorities,4.164019314830412
58363,majority,majority,Word,majority,2.3472376221848665
58364,majors,major,Word,majors,3.414410075304254
58367,make,make,Word,make,2.118892920826135
58370,maker,maker,Word,maker,3.4585460774235983
58371,makers,maker,Word,makers,3.1058404588361794
58372,makes,make,Word,makes,2.5558178510240506
58373,makeshift,makeshift,Word,makeshift,2.9412000006710737
58374,makeshifts,makeshift,Word,makeshifts,1.5434365894472526
58378,making,make,Word,making,2.116062612243049
58409,malaria,malaria,Word,malaria,3.798270067387098
58431,male,male,Word,male,2.6567067114079856
58445,males,male,Word,males,2.9508331855757186
58563,mammal,mammal,Word,mammal,3.5259237325749018
58565,mammals,mammal,Word,mammals,3.555230292760463
58574,mammoth,mammoth,Word,mammoth,2.3886393114556395
58575,mammoths,mammoth,Lemma,mammoth,2.3886393114556395
58578,man,man,Word,man,2.31061721027903
58586,manage,manage,Word,manage,2.423218195466224
58590,managed,manage,Word,managed,2.4497738178655637
58591,management,management,Word,management,2.3328946046926813
58593,managements,management,Word,managements,3.1861375538350583
58594,manager,manager,Word,manager,2.8028742344453774
58600,managers,manager,Word,managers,2.8307986643230336
58601,manages,manage,Word,manages,3.0400861961370644
58602,managing,manage,Word,managing,2.4482733773089698
58615,mandate,mandate,Word,mandate,2.7240132968575645
58616,mandated,mandate,Word,mandated,2.4613568636927448
58617,mandates,mandate,Lemma,mandate,2.7240132968575645
58618,mandating,mandate,Lemma,mandate,2.7240132968575645
58619,mandatories,mandatory,Lemma,mandatory,2.7362049127681556
58621,mandatory,mandatory,Word,mandatory,2.7362049127681556
58638,mane,mane,Word,mane,3.6319538154068787
58640,manes,mane,Word,manes,3.901315108567478
58678,manhood,manhood,Word,manhood,3.5072060991001317
58697,manifest,manifest,Word,manifest,2.855650123235021
58700,manifested,manifest,Word,manifested,2.6029597018820803
58701,manifesting,manifest,Word,manifesting,3.0185634887135206
58705,manifests,manifest,Lemma,manifest,2.855650123235021
58718,manipulate,manipulate,Word,manipulate,3.1270253201012705
58719,manipulated,manipulate,Word,manipulated,3.1284314379706872
58720,manipulates,manipulate,Lemma,manipulate,3.1270253201012705
58721,manipulating,manipulate,Word,manipulating,3.2129065308901033
58731,mankind,mankind,Word,mankind,3.2582476075774855
58745,manned,man,Word,manned,3.020522651382945
58748,manner,manner,Word,manner,2.664593807296367
58778,manor,manor,Word,manor,3.068021717475728
58780,manors,manor,Word,manors,3.2687899341322026
58792,mansion,mansion,Word,mansion,3.6065778026082698
58794,mansions,mansion,Word,mansions,3.610545532067895
58814,mantle,mantle,Word,mantle,3.3459304645185135
58816,mantled,mantle,Lemma,mantle,3.3459304645185135
58818,mantles,mantle,Lemma,mantle,3.3459304645185135
58819,mantling,mantle,Lemma,mantle,3.3459304645185135
58824,manual,manual,Word,manual,2.9668087065921687
58826,manuals,manual,Word,manuals,3.42713079775108
58831,manufactured,manufacture,Word,manufactured,2.9755175952989275
58832,manufacturer,manufacturer,Word,manufacturer,3.206717211866862
58834,manufacturers,manufacturer,Word,manufacturers,3.1139612571291235
58835,manufactures,manufacture,Word,manufactures,3.830581796031062
58843,manure,manure,Word,manure,3.6088851802471735
58844,manured,manure,Lemma,manure,3.6088851802471735
58845,manures,manure,Lemma,manure,3.6088851802471735
58848,manuscript,manuscript,Word,manuscript,3.742881883223947
58849,manuscripts,manuscript,Word,manuscripts,3.7610957131104668
58870,map,map,Word,map,3.0544856057389693
58871,maple,maple,Word,maple,3.6258862086927732
58874,maples,maple,Word,maples,4.056061793863501
58877,mapped,map,Word,mapped,3.038224661359505
58880,maps,map,Word,maps,3.182860865186796
58901,marble,marble,Word,marble,3.3145915453721306
58902,marbled,marble,Lemma,marble,3.3145915453721306
58906,marbles,marble,Word,marbles,3.0528840655115737
58918,march,march,Word,march,3.144374459074144
58920,marched,march,Word,marched,3.64324409845081
58923,marches,march,Word,marches,3.2473176139635602
58926,marching,march,Word,marching,3.083899452844226
58938,mare,mare,Word,mare,4.097764527686378
58942,mares,mare,Word,mares,3.7140336550919693
58953,margin,margin,Word,margin,3.2664109980078138
58954,marginal,marginal,Word,marginal,2.4691768407745944
58961,margins,margin,Word,margins,3.270883645272926
59004,marital,marital,Word,marital,3.5181569576776175
59006,maritime,maritime,Word,maritime,3.2667746928073043
59013,marked,mark,Word,marked,2.6412692743573873
59016,marker,marker,Word,marker,3.008731814537948
59017,markers,marker,Word,markers,2.892500827561658
59018,market,market,Word,market,2.5011826169787126
59021,marketed,market,Word,marketed,3.226620291106148
59031,markets,market,Word,markets,2.827594749239468
59034,marking,mark,Word,marking,2.483227941720828
59037,marks,mark,Word,marks,2.9478330784757913
59096,marriage,marriage,Word,marriage,3.4848875067736125
59099,marriages,marriage,Word,marriages,3.868509787470402
59100,married,marry,Word,married,3.2560978383131416
59101,marries,marry,Word,marries,3.536840039308924
59104,marrow,marrow,Word,marrow,3.5138961017703623
59109,marrows,marrow,Lemma,marrow,3.5138961017703623
59111,marry,marry,Word,marry,3.412588957757035
59112,marrying,marry,Word,marrying,3.245235466786007
59124,marshaling,marshal,Word,marshaling,3.1304926032424825
59129,marshals,marshal,Lemma,marshal,3.025846381615695
59130,marshes,marsh,Word,marshes,3.924940175317393
59181,marvel,marvel,Word,marvel,2.967676958828532
59182,marveled,marvel,Word,marveled,3.2641780901025683
59183,marvelled,marvel,Lemma,marvel,2.967676958828532
59184,marvelling,marvel,Lemma,marvel,2.967676958828532
59189,marvels,marvel,Word,marvels,3.0804412702705024
59217,masculine,masculine,Word,masculine,3.1766452247035497
59218,masculines,masculine,Lemma,masculine,3.1766452247035497
59223,mashed,mash,Word,mashed,2.992704284411105
59231,mask,mask,Word,mask,3.0351277121712283
59232,masked,mask,Word,masked,3.006300933655838
59234,masking,mask,Word,masking,2.9705671841619385
59236,masks,mask,Word,masks,3.3216660599315886
59256,mass,mass,Word,mass,2.6671200414872422
59258,massacre,massacre,Word,massacre,3.6272738927930956
59259,massacred,massacre,Word,massacred,3.542326485573528
59260,massacres,massacre,Word,massacres,3.6226110318219518
59261,massacring,massacre,Lemma,massacre,3.6272738927930956
59268,massed,mass,Word,massed,3.382069643284732
59269,masses,mass,Word,masses,2.5957131386579904
59280,massing,mass,Word,massing,3.409840911018396
59281,massive,massive,Word,massive,2.2270930199661856
59287,mast,mast,Word,mast,3.797994630474571
59290,master,master,Word,master,2.5986484050322463
59294,mastered,master,Word,mastered,3.1164177272223386
59298,mastering,master,Word,mastering,3.033863493143245
59307,masterpiece,masterpiece,Word,masterpiece,3.0534356900551893
59308,masterpieces,masterpiece,Word,masterpieces,3.123855311239068
59309,masters,master,Word,masters,2.697992264494511
59316,mastery,mastery,Word,mastery,3.157436330795382
59337,masts,mast,Word,masts,4.0402030026465345
59347,mat,mat,Word,mat,3.277461245651225
59352,match,match,Word,match,2.616637243240296
59357,matched,match,Word,matched,2.8760030885055214
59359,matches,match,Word,matches,2.904539741361363
59362,matching,match,Word,matching,2.631193448729793
59375,mate,mate,Word,mate,3.030048661457734
59376,mated,mate,Word,mated,3.6200229069332304
59381,material,material,Word,material,2.4800477654062623
59397,materials,material,Word,materials,2.749818380399895
59403,mates,mate,Word,mates,2.8933331486392997
59407,mathematical,mathematical,Word,mathematical,3.225793037275525
59411,mathematics,mathematics,Word,mathematics,3.059600000549219
59434,matrices,matrix,Lemma,matrix,2.5697454174842562
59455,mats,mat,Word,mats,3.235119594480386
59464,matted,mat,Word,matted,3.625117448474883
59466,matter,matter,Word,matter,2.259327382692014
59467,mattered,matter,Word,mattered,2.998968102124873
59468,mattering,matter,Lemma,matter,2.259327382692014
59469,matters,matter,Word,matters,2.6828501450318902
59475,mattress,mattress,Word,mattress,3.4744222725199068
59476,mattresses,mattress,Word,mattresses,3.41834997965691
59484,mature,mature,Word,mature,2.7433469308867675
59485,matured,mature,Word,matured,3.1041221512189057
59488,matures,mature,Lemma,mature,2.7433469308867675
59490,maturing,mature,Word,maturing,3.387672327693756
59491,maturities,maturity,Word,maturities,4.448216128471355
59492,maturity,maturity,Word,maturity,3.40767662298243
59551,maxima,maximum,Word,maxima,3.1198624748718005
59562,maxims,maxim,Lemma,maxim,3.5619741264615623
59564,maximum,maximum,Word,maximum,2.661465009890655
59565,maximums,maximum,Word,maximums,3.434171211206891
59571,may,may,Word,may,1.9492600357284335
59596,mayor,mayor,Word,mayor,3.179713402739823
59604,mayors,mayor,Lemma,mayor,3.179713402739823
59610,Mays,may,Word,Mays,2.9109860167355457
59613,maze,maze,Word,maze,3.1400265405379626
59616,mazes,maze,Lemma,maze,3.1400265405379626
59628,meadow,meadow,Word,meadow,3.1146790578498247
59640,meal,meal,Word,meal,3.0449932151327697
59645,meals,meal,Word,meals,3.215447010817194
59654,mean,mean,Word,mean,2.2259362116314088
59669,meaning,meaning,Word,meaning,1.9829387626653039
59677,meanings,meaning,Word,meanings,3.4063646057718624
59680,means,mean,Word,means,1.9427727572577573
59682,meant,mean,Word,meant,1.9596983245569475
59683,meantime,meantime,Word,meantime,2.63288268552979
59694,measure,measure,Word,measure,2.620599752314989
59695,measured,measure,Word,measured,2.7793318549711703
59698,measurement,measurement,Word,measurement,3.1015168744171944
59699,measurements,measurement,Word,measurements,3.232900863740571
59701,measures,measure,Word,measures,2.862953502154071
59702,measuring,measure,Word,measuring,2.9341071500272435
59703,meat,meat,Word,meat,3.1349905413645223
59713,meats,meat,Word,meats,3.4586033459060355
59719,mechanic,mechanic,Word,mechanic,3.3016129066803277
59721,mechanical,mechanical,Word,mechanical,2.832170897366617
59723,mechanics,mechanic,Word,mechanics,3.126348104521552
59724,mechanism,mechanism,Word,mechanism,2.9754838992416155
59725,mechanisms,mechanism,Word,mechanisms,3.0808365273432834
59741,medal,medal,Word,medal,3.634466500568093
59748,medals,medal,Word,medals,3.8079035594894193
59765,median,median,Word,median,4.202779086631657
59766,medians,median,Lemma,median,4.202779086631657
59779,medical,medical,Word,medical,2.5468978501688952
59783,medicals,medical,Lemma,medical,2.5468978501688952
59797,medicine,medicine,Word,medicine,3.1474629750260457
59798,medicines,medicine,Word,medicines,3.5072077455430253
59815,meditation,meditation,Word,meditation,3.4123044924736923
59816,meditations,meditation,Word,meditations,3.6773597783619736
59822,medium,medium,Word,medium,2.8482822733018445
59826,mediums,medium,Word,mediums,3.2648208671164745
59850,meet,meet,Word,meet,2.555713603851797
59852,meeting,meeting,Word,meeting,2.5273683353848613
59855,meetings,meeting,Word,meetings,2.9204533399712806
59856,meets,meet,Word,meets,3.193471371656114
59910,melancholy,melancholy,Word,melancholy,3.141932771248533
59948,mellow,mellow,Word,mellow,2.9941616679453835
59949,mellowed,mellow,Word,mellowed,3.7057313389876265
59951,mellowest,mellow,Lemma,mellow,2.9941616679453835
59952,mellowing,mellow,Lemma,mellow,2.9941616679453835
59955,mellows,mellow,Lemma,mellow,2.9941616679453835
59959,melodies,melody,Word,melodies,3.5217858962224833
59970,melon,melon,Word,melon,3.0223873560971954
59971,melons,melon,Lemma,melon,3.0223873560971954
59972,melt,melt,Word,melt,3.159279149572159
59974,melted,melt,Word,melted,3.182704819578949
59975,melting,melt,Word,melting,3.1950915492367487
59977,melts,melt,Lemma,melt,3.159279149572159
59985,member,member,Word,member,2.4983654134590614
59986,members,member,Word,members,2.3572855145125526
59987,membership,membership,Word,membership,3.116181434608937
59988,memberships,membership,Word,memberships,3.554937596100528
59989,membrane,membrane,Word,membrane,3.659734272685841
59990,membranes,membrane,Lemma,membrane,3.659734272685841
60004,memorable,memorable,Word,memorable,2.8069241280203507
60006,memoranda,memorandum,Word,memoranda,3.833387335889476
60007,memorandum,memorandum,Word,memorandum,3.60998477147854
60008,memorandums,memorandum,Lemma,memorandum,3.60998477147854
60015,memories,memory,Word,memories,3.4585511594792684
60022,memory,memory,Word,memory,3.039876216318446
60027,men,man,Word,men,2.3389336527462836
60029,menace,menace,Word,menace,3.099811878120045
60030,menaced,menace,Word,menaced,3.3504717374771635
60031,menaces,menace,Lemma,menace,3.099811878120045
60032,menacing,menace,Word,menacing,2.793101632237269
60050,mended,mend,Word,mended,3.5270599500909654
60108,mental,mental,Word,mental,3.3237894573070412
60110,mentalities,mentality,Word,mentalities,3.299517927917593
60111,mentality,mentality,Word,mentality,3.179032306849459
60117,mention,mention,Word,mention,2.4068577962955073
60119,mentioned,mention,Word,mentioned,2.5474516720776736
60120,mentioning,mention,Word,mentioning,2.5416215975985073
60121,mentions,mention,Word,mentions,2.631295308279992
60126,menu,menu,Word,menu,3.3850777000129497
60128,menus,menu,Word,menus,3.4471474857017728
60154,merchandise,merchandise,Word,merchandise,3.204002567253652
60155,merchandised,merchandise,Lemma,merchandise,3.204002567253652
60157,merchandises,merchandise,Lemma,merchandise,3.204002567253652
60160,merchant,merchant,Word,merchant,2.9894907472683134
60164,merchants,merchant,Word,merchants,3.1732650395373874
60166,mercies,mercy,Lemma,mercy,3.0758076093988125
60180,mercy,mercy,Word,mercy,3.0758076093988125
60181,mere,mere,Word,mere,2.4007107922880015
60186,meres,mere,Lemma,mere,2.4007107922880015
60192,merge,merge,Word,merge,3.2759929053513033
60193,merged,merge,Word,merged,3.1539988533118692
60197,merges,merge,Word,merges,3.0749809068707026
60198,merging,merge,Word,merging,3.0411477963547986
60207,merit,merit,Word,merit,2.792440631396908
60208,merited,merit,Word,merited,2.9976177861095405
60209,meriting,merit,Lemma,merit,2.792440631396908
60216,merits,merit,Word,merits,2.883739474953213
60259,mesh,mesh,Word,mesh,2.7043180372014524
60260,meshed,mesh,Lemma,mesh,2.7043180372014524
60261,meshes,mesh,Lemma,mesh,2.7043180372014524
60281,mess,mess,Word,mess,2.849050864924691
60282,message,message,Word,message,2.925997953761966
60284,messages,message,Word,messages,3.133694436710393
60285,messaging,message,Lemma,message,2.925997953761966
60286,messed,mess,Word,messed,3.1098956721656448
60287,messenger,messenger,Word,messenger,3.099397759790453
60288,messengers,messenger,Word,messengers,3.241043219532055
60289,messes,mess,Word,messes,3.1409214088677517
60303,messing,mess,Word,messing,3.0175059033170504
60313,met,meet,Word,met,2.585099580119588
60332,metal,metal,Word,metal,2.925602534372236
60337,metallic,metallic,Word,metallic,2.8835300340082113
60339,metalling,metal,Lemma,metal,2.925602534372236
60348,metals,metal,Word,metals,3.5242040194127346
60406,meteors,meteor,Word,meteors,5.0010557065357695
60419,method,method,Word,method,2.885089634119531
60434,methods,method,Word,methods,2.8721074235325332
60546,mice,mouse,Word,mice,3.785483486949964
60719,middle,middle,Word,middle,2.228886667291044
60727,middles,middle,Word,middles,3.8917591773578617
60772,midst,midst,Word,midst,2.604138189191222
60774,midsts,midst,Word,midsts,1.5145363343204143
60808,mighty,mighty,Word,mighty,2.547708327123336
60817,migrate,migrate,Word,migrate,3.2367686046924526
60818,migrated,migrate,Word,migrated,3.3131847636570413
60819,migrates,migrate,Word,migrates,3.6145577478593087
60820,migrating,migrate,Word,migrating,3.0194207269157007
60821,migration,migration,Word,migration,3.1375296895523905
60822,migrations,migration,Lemma,migration,3.1375296895523905
60847,mild,mild,Word,mild,2.893657432655877
60857,mile,mile,Word,mile,3.013382766259747
60858,mileage,mileage,Word,mileage,3.4967621851076363
60859,mileages,mileage,Lemma,mileage,3.4967621851076363
60866,miles,mile,Word,miles,2.9916422292807443
60876,militant,militant,Word,militant,3.482544608832867
60878,militants,militant,Lemma,militant,3.482544608832867
60891,military,military,Word,military,2.5862396632048066
60894,militia,militia,Word,militia,3.544169246884051
60897,militias,militia,Lemma,militia,3.544169246884051
60898,milk,milk,Word,milk,3.100871259627792
60901,milked,milk,Lemma,milk,3.100871259627792
60908,milking,milk,Lemma,milk,3.100871259627792
60913,milks,milk,Word,milks,3.5413961704799832
60922,mill,mill,Word,mill,3.356889633793074
60931,milled,mill,Lemma,mill,3.356889633793074
60969,milling,mill,Word,milling,3.226221398450256
60970,million,million,Word,million,2.632455964894857
60971,millionaire,millionaire,Word,millionaire,3.0278702184969677
60972,millionaires,millionaire,Word,millionaires,3.089664621235811
60974,millions,million,Word,millions,2.6287624858407264
61051,mind,mind,Word,mind,2.448965301338474
61056,minded,mind,Word,minded,2.75041622769215
61063,minding,mind,Lemma,mind,2.448965301338474
61068,minds,mind,Word,minds,2.850243953724746
61070,mine,mine,Word,mine,3.21071508364773
61071,mined,mine,Word,mined,3.423032496728564
61077,miner,miner,Word,miner,4.022059207604731
61078,mineral,mineral,Word,mineral,3.3731273096512817
61087,minerals,mineral,Word,minerals,3.3311550832604775
61088,miners,miner,Word,miners,4.087793042334072
61090,mines,mine,Word,mines,3.7170139660329973
61103,mingling,mingle,Word,mingling,2.996266019186912
61107,mini,minus,Word,mini,2.2541806776773776
61108,miniature,miniature,Word,miniature,2.6643956508125806
61109,miniatures,miniature,Word,miniatures,3.132615438254239
61125,minima,minimum,Lemma,minimum,2.604738643303576
61126,minimal,minimal,Word,minimal,2.4456238960109182
61136,minimum,minimum,Word,minimum,2.604738643303576
61137,minimums,minimum,Lemma,minimum,2.604738643303576
61138,mining,mining,Word,mining,3.338339083907187
61145,minister,minister,Word,minister,3.410961113745737
61147,ministered,minister,Word,ministered,3.7414097936066875
61150,MINISTERING,minister,Lemma,minister,3.410961113745737
61151,ministers,minister,Word,ministers,3.355841003999925
61156,ministries,ministry,Word,ministries,3.4069317769561738
61160,mink,mink,Word,mink,3.6545379953831674
61161,minks,mink,Word,minks,4.1164687240026385
61172,minor,minor,Word,minor,2.637983361784235
61173,minorities,minority,Word,minorities,3.161345379232663
61174,minority,minority,Word,minority,2.8282970512054724
61175,minors,minor,Word,minors,3.459503449579952
61181,minstrel,minstrel,Word,minstrel,3.5237401371373105
61182,minstrels,minstrel,Word,minstrels,3.610865353356802
61184,mint,mint,Word,mint,3.076828500274396
61186,minted,mint,Lemma,mint,3.076828500274396
61188,minting,mint,Lemma,mint,3.076828500274396
61189,mints,mint,Lemma,mint,3.076828500274396
61198,minute,minute,Word,minute,2.5718874264556812
61200,minuted,minute,Lemma,minute,2.5718874264556812
61206,minutes,minute,Word,minutes,2.866044122058741
61210,minuting,minute,Lemma,minute,2.5718874264556812
61216,miracle,miracle,Word,miracle,3.291143731968828
61217,miracles,miracle,Word,miracles,3.4039885150419202
61218,miraculous,miraculous,Word,miraculous,3.1447171013215005
61235,mirror,mirror,Word,mirror,2.695583009464329
61236,mirrored,mirror,Word,mirrored,2.751517975742446
61238,mirrors,mirror,Word,mirrors,2.7680595525018106
61335,mischief,mischief,Word,mischief,3.0624130974030566
61336,mischiefs,mischief,Lemma,mischief,3.0624130974030566
61337,mischievous,mischievous,Word,mischievous,2.845689618655867
61412,miseries,misery,Word,miseries,3.4622386587452723
61416,misery,misery,Word,misery,3.1313558414663625
61581,missed,miss,Word,missed,2.749323438827006
61583,misses,miss,Word,misses,2.926469919679891
61587,missile,missile,Word,missile,4.422147258819186
61589,missiles,missile,Word,missiles,4.483883673468941
61590,missing,miss,Word,missing,2.88190453807783
61591,mission,mission,Word,mission,2.7444433580086134
61592,missionaries,missionary,Word,missionaries,3.6124484247326314
61593,missionary,missionary,Word,missionary,3.4343002256440682
61595,missions,mission,Word,missions,3.1798050037154675
61627,mist,mist,Word,mist,3.157187861119964
61636,misted,mist,Word,misted,3.2348660983031206
61637,mister,mister,Word,mister,3.097895722250177
61640,mistiest,misty,Lemma,misty,3.050389169029151
61647,misting,mist,Lemma,mist,3.157187861119964
61660,mistress,mistress,Word,mistress,3.4874097324246
61661,mistresses,mistress,Lemma,mistress,3.4874097324246
61671,mists,mist,Word,mists,3.5616298122074603
61672,misty,misty,Word,misty,3.050389169029151
61717,mix,mix,Word,mix,2.350882759454872
61720,mixer,mixer,Word,mixer,3.380565507501947
61721,mixers,mixer,Word,mixers,3.364346000903993
61722,mixes,mix,Lemma,mix,2.350882759454872
61723,mixing,mix,Word,mixing,2.6680464726803987
61724,mixture,mixture,Word,mixture,2.7307116129578866
61725,mixtures,mixture,Word,mixtures,3.2692956292026394
61745,moan,moan,Word,moan,3.019222713737554
61746,moaned,moan,Word,moaned,3.030380218789392
61749,moaning,moan,Lemma,moan,3.019222713737554
61750,moans,moan,Word,moans,2.84631445441065
61755,mob,mob,Word,mob,3.002888628139993
61757,mobbed,mob,Lemma,mob,3.002888628139993
61758,mobbing,mob,Lemma,mob,3.002888628139993
61761,mobile,mobile,Word,mobile,2.488860202858712
61762,mobiles,mobile,Lemma,mobile,2.488860202858712
61763,mobility,mobility,Word,mobility,3.0284100179828286
61771,mobs,mob,Word,mobs,3.359933793200835
61778,mock,mock,Word,mock,2.8344334928314976
61779,mocked,mock,Word,mocked,2.9168776781828596
61784,mocking,mock,Word,mocking,2.7088163697002705
61788,mocks,mock,Lemma,mock,2.8344334928314976
61796,mode,mode,Word,mode,3.0785000213943308
61797,model,model,Word,model,2.350923049768646
61798,modeled,model,Word,modeled,2.8947387791502477
61802,modelled,model,Lemma,model,2.350923049768646
61805,modelling,model,Lemma,model,2.350923049768646
61806,models,model,Word,models,2.786236748224824
61808,moderate,moderate,Word,moderate,2.731649731789017
61809,moderated,moderate,Lemma,moderate,2.731649731789017
61812,moderates,moderate,Word,moderates,3.3607594507735232
61813,moderating,moderate,Word,moderating,3.1687074318171162
61814,moderation,moderation,Word,moderation,3.4127466942074185
61815,moderations,moderation,Lemma,moderation,3.4127466942074185
61820,modern,modern,Word,modern,2.362798706123315
61836,moderns,modern,Word,moderns,3.177758983525703
61837,modes,mode,Word,modes,3.7334765369023506
61838,modest,modest,Word,modest,2.417928385934146
61840,modesty,modesty,Word,modesty,3.4105228501236384
61845,modifications,modification,Word,modifications,2.9974864928724805
61846,modified,modify,Word,modified,2.4990174735646753
61849,modifies,modify,Word,modifies,3.2052013655797715
61850,modify,modify,Word,modify,2.6791181463947003
61851,modifying,modify,Word,modifying,2.6541143474717006
61870,module,module,Word,module,3.052668657663118
61871,modules,module,Word,modules,3.131695478201892
61899,moist,moist,Word,moist,3.749732221002425
61906,moistest,moist,Lemma,moist,3.749732221002425
61909,moisture,moisture,Word,moisture,4.117479248762172
61937,mole,mole,Word,mole,3.3142824306083316
61940,molecule,molecule,Word,molecule,4.051120132434097
61941,molecules,molecule,Word,molecules,4.1928474736978805
61944,moles,mole,Lemma,mole,3.3142824306083316
61981,molten,molten,Word,molten,3.595966970267527
61989,moment,moment,Word,moment,2.381036782459324
61993,momentary,momentary,Word,momentary,2.9173647926055404
61998,moments,moment,Word,moments,2.8518136939889884
61999,momentum,momentum,Word,momentum,3.351029578256593
62000,momentums,momentum,Lemma,momentum,3.351029578256593
62026,monasteries,monastery,Word,monasteries,4.133363428284754
62027,monastery,monastery,Word,monastery,3.5509171885866375
62048,monetary,monetary,Word,monetary,3.0746576723208277
62054,money,money,Word,money,2.4559733235744607
62071,moneys,money,Word,moneys,3.239024335932737
62097,monies,money,Lemma,money,2.4559733235744607
62106,monitor,monitor,Word,monitor,2.979565895180499
62107,monitored,monitor,Word,monitored,3.1618213841697216
62109,monitoring,monitor,Word,monitoring,2.887092638650874
62110,monitors,monitor,Word,monitors,3.070306039391279
62113,monk,monk,Word,monk,3.560822140947948
62114,monkey,monkey,Word,monkey,2.7532680566335723
62116,monkeys,monkey,Word,monkeys,3.133090889413528
62121,monks,monk,Word,monks,3.651498825387109
62270,monster,monster,Word,monster,2.573292418827487
62271,monsters,monster,Word,monsters,3.1371012169888153
62276,monstrous,monstrous,Word,monstrous,2.525169316701103
62295,month,month,Word,month,2.153279213215556
62299,months,month,Word,months,2.4011129657903623
62311,monument,monument,Word,monument,3.334621382375025
62312,monumental,monumental,Word,monumental,2.6312514837703347
62316,monuments,monument,Word,monuments,3.354876958011803
62325,mood,mood,Word,mood,3.088282591529179
62330,moods,mood,Word,moods,3.408831349559815
62331,moody,moody,Word,moody,2.9964953929525175
62335,moon,moon,Word,moon,3.2365975783060232
62343,mooned,moon,Lemma,moon,3.2365975783060232
62351,mooning,moon,Lemma,moon,3.2365975783060232
62354,moonlight,moonlight,Word,moonlight,3.1255870345177215
62355,moonlighted,moonlight,Lemma,moonlight,3.1255870345177215
62358,moonlighting,moonlight,Lemma,moonlight,3.1255870345177215
62359,moonlights,moonlight,Lemma,moonlight,3.1255870345177215
62363,moons,moon,Word,moons,3.4353288428892323
62408,mop,mop,Word,mop,3.321343944204571
62415,mopped,mop,Word,mopped,3.4364480630143377
62418,mopping,mop,Word,mopping,3.583545302677902
62419,mops,mop,Word,mops,3.5004043163772276
62427,morale,morale,Word,morale,3.687164375080243
62433,moralities,morality,Word,moralities,2.8697274899986063
62434,morality,morality,Word,morality,3.0004671184497065
62443,morals,moral,Word,morals,3.188095703238753
62495,morning,morning,Word,morning,2.346499427295576
62497,mornings,morning,Word,mornings,3.0553737966229795
62544,mortal,mortal,Word,mortal,2.99905137128822
62545,mortality,mortality,Word,mortality,3.5359556532746
62547,mortals,mortal,Word,mortals,3.1955676505906134
62548,mortar,mortar,Word,mortar,3.7607863160266986
62551,mortared,mortar,Word,mortared,4.165656704711571
62552,mortaring,mortar,Word,mortaring,2.3812314822311507
62553,mortars,mortar,Word,mortars,4.0067005515762695
62555,mortgage,mortgage,Word,mortgage,3.3291452978544744
62556,mortgaged,mortgage,Lemma,mortgage,3.3291452978544744
62559,mortgages,mortgage,Word,mortgages,3.955703508065266
62560,mortgaging,mortgage,Lemma,mortgage,3.3291452978544744
62582,mosaic,mosaic,Word,mosaic,3.0201428160649786
62583,mosaics,mosaic,Word,mosaics,3.3453659135140588
62601,mosque,mosque,Word,mosque,3.809505968497179
62602,mosques,mosque,Word,mosques,3.7864092630722777
62603,mosquito,mosquito,Word,mosquito,3.8096448557809928
62604,mosquitoes,mosquito,Word,mosquitoes,4.308712753147252
62605,mosquitos,mosquito,Lemma,mosquito,3.8096448557809928
62625,moth,moth,Word,moth,3.4663093555959565
62629,mother,mother,Word,mother,2.566783654061923
62632,mothered,mother,Word,mothered,3.3940026937286065
62636,mothering,mother,Lemma,mother,2.566783654061923
62642,mothers,mother,Word,mothers,2.7972017334219412
62649,moths,moth,Word,moths,3.479428798282246
62654,motion,motion,Word,motion,3.143633716404944
62656,motioned,motion,Word,motioned,3.834735527453749
62657,motioning,motion,Word,motioning,3.446293856440755
62658,motionless,motionless,Word,motionless,3.9709448126848774
62661,motions,motion,Word,motions,3.288814931363408
62662,motivate,motivate,Word,motivate,2.804793352692171
62663,motivated,motivate,Word,motivated,2.8191284773292655
62664,motivates,motivate,Word,motivates,3.2097935586476827
62665,motivating,motivate,Word,motivating,2.8480380504392837
62670,motive,motive,Word,motive,3.9395586085382788
62672,motives,motive,Word,motives,3.217779495908939
62675,motor,motor,Word,motor,2.769810689081307
62689,motored,motor,Lemma,motor,2.769810689081307
62702,motors,motor,Word,motors,3.045074111249449
62711,motto,motto,Word,motto,3.3922186703329635
62712,mottoes,motto,Lemma,motto,3.3922186703329635
62736,mound,mound,Word,mound,3.716424703430582
62737,mounded,mound,Word,mounded,3.4337363768921105
62738,mounds,mound,Word,mounds,3.0425118036305023
62742,mountain,mountain,Word,mountain,2.990923759297438
62747,mountainous,mountainous,Word,mountainous,3.22277275640166
62749,mountains,mountain,Word,mountains,3.1136919169449793
62756,mounted,mount,Word,mounted,2.89921542510241
62761,mounting,mount,Word,mounting,2.6832724848787524
62763,mounts,mount,Word,mounts,3.007209494959354
62773,mouse,mouse,Word,mouse,3.203047116521682
62774,moused,mouse,Lemma,mouse,3.203047116521682
62778,mouses,mouse,Lemma,mouse,3.203047116521682
62786,mousing,mouse,Lemma,mouse,3.203047116521682
62793,mouth,mouth,Word,mouth,3.2320264540938917
62795,mouthed,mouth,Word,mouthed,3.2493839072052038
62796,mouthful,mouthful,Word,mouthful,3.093032800091812
62797,mouthfuls,mouthful,Lemma,mouthful,3.093032800091812
62798,mouthing,mouth,Word,mouthing,3.0799750855508883
62802,mouthpiece,mouthpiece,Word,mouthpiece,3.4196360046729857
62803,mouthpieces,mouthpiece,Word,mouthpieces,3.411949890584488
62804,mouths,mouth,Word,mouths,3.3234380141951263
62814,move,move,Word,move,2.1051067157647663
62816,moved,move,Word,moved,2.4034584835011765
62817,movement,movement,Word,movement,2.548787673975084
62818,movements,movement,Word,movements,2.983701818292327
62820,movers,mover,Word,movers,3.4070671551151257
62821,moves,move,Word,moves,2.3929997806562713
62822,movie,movie,Word,movie,2.665808009421929
62825,movies,movie,Word,movies,2.991394189674414
62826,moving,move,Word,moving,2.3706211876787946
62828,mow,mow,Word,mow,3.409081896615699
62829,mowed,mow,Word,mowed,3.4100173918028704
62832,mowing,mow,Lemma,mow,3.409081896615699
62833,mown,mow,Lemma,mow,3.409081896615699
62834,mows,mow,Lemma,mow,3.409081896615699
62875,mud,mud,Word,mud,3.203061687271661
62876,mudded,mud,Lemma,mud,3.203061687271661
62877,muddied,muddy,Word,muddied,3.3808154472124055
62879,muddies,muddy,Lemma,muddy,2.9487469068805976
62890,muddy,muddy,Word,muddy,2.9487469068805976
62891,muddying,muddy,Lemma,muddy,2.9487469068805976
62902,muds,mud,Lemma,mud,3.203061687271661
62921,muffled,muffle,Word,muffled,3.2308727307455927
62929,mug,mug,Word,mug,3.1867077905565218
62930,mugged,mug,Word,mugged,3.367969114484878
62936,mugging,mug,Lemma,mug,3.1867077905565218
62941,mugs,mug,Word,mugs,2.952385117450138
62962,mule,mule,Word,mule,3.3065698389504674
62963,mules,mule,Word,mules,3.499219053570044
63057,multiple,multiple,Word,multiple,2.402248120545567
63058,multiples,multiple,Lemma,multiple,2.402248120545567
63093,multitude,multitude,Word,multitude,2.362196566937806
63094,multitudes,multitude,Word,multitudes,2.641472430930328
63108,mumbled,mumble,Word,mumbled,3.5078901638757003
63110,mumbling,mumble,Word,mumbling,3.1139978066479204
63118,mummies,mummy,Word,mummies,4.192865895844022
63129,mums,mum,Lemma,mum,3.183271107558169
63134,munching,munch,Word,munching,3.2147649118846506
63145,municipal,municipal,Word,municipal,2.8310069202970967
63169,murder,murder,Word,murder,3.3668843219898097
63170,murdered,murder,Word,murdered,3.259171360449362
63171,murderer,murderer,Word,murderer,3.343710036069274
63173,murderers,murderer,Word,murderers,3.203428810818477
63176,murdering,murder,Word,murdering,3.83169459900055
63177,murderous,murderous,Word,murderous,2.7260100971793833
63180,murders,murder,Word,murders,3.743384036614774
63189,murky,murky,Word,murky,3.1444156650157375
63190,murmur,murmur,Word,murmur,3.418448983481899
63191,murmured,murmur,Word,murmured,3.2797614899030645
63192,murmuring,murmur,Word,murmuring,2.973255695207396
63194,murmurs,murmur,Lemma,murmur,3.418448983481899
63208,muscle,muscle,Word,muscle,3.2012986350522836
63209,muscled,muscle,Word,muscled,2.9452248759630475
63212,muscles,muscle,Word,muscles,3.6206829966020355
63213,muscling,muscle,Lemma,muscle,3.2012986350522836
63218,muscular,muscular,Word,muscular,2.9588131823701507
63224,mused,muse,Word,mused,2.6867138751031607
63227,museum,museum,Word,museum,3.0516569641205438
63228,museums,museum,Word,museums,3.2845780110874108
63237,mushroom,mushroom,Word,mushroom,2.8882499330951443
63238,mushroomed,mushroom,Lemma,mushroom,2.8882499330951443
63239,mushrooming,mushroom,Word,mushrooming,2.989047962424959
63240,mushrooms,mushroom,Word,mushrooms,3.2281785961846294
63243,music,music,Word,music,2.6198799793380525
63245,musical,musical,Word,musical,2.816829113421607
63250,musicals,musical,Word,musicals,3.707655469112623
63251,musician,musician,Word,musician,3.0650384600365412
63253,musicians,musician,Word,musicians,3.0009623105932657
63273,muskets,musket,Word,muskets,4.177009005308073
63305,must,must,Word,must,2.3503749952604176
63317,mustard,mustard,Word,mustard,3.418176290785782
63318,muster,muster,Word,muster,2.960862073644705
63319,mustered,muster,Word,mustered,3.204606201791624
63320,mustering,muster,Word,mustering,3.0127323549755483
63321,musters,muster,Lemma,muster,2.960862073644705
63340,mutation,mutation,Word,mutation,3.969162344532376
63342,mutations,mutation,Word,mutations,4.284985764970894
63344,mute,mute,Word,mute,2.9833929469318674
63350,mutes,mute,Lemma,mute,2.9833929469318674
63360,muting,mute,Lemma,mute,2.9833929469318674
63369,mutter,mutter,Word,mutter,3.2968389869781687
63370,muttered,mutter,Word,muttered,3.2180413140414403
63373,muttering,mutter,Word,muttering,3.099455940645301
63374,mutters,mutter,Word,mutters,3.455441250830555
63375,mutton,mutton,Word,mutton,3.6111320160523666
63380,mutual,mutual,Word,mutual,2.982400378574861
63392,muzzle,muzzle,Word,muzzle,3.3257244658692535
63393,muzzled,muzzle,Lemma,muzzle,3.3257244658692535
63395,muzzles,muzzle,Word,muzzles,3.737977213488517
63443,myriad,myriad,Word,myriad,2.3070524144739517
63444,myriads,myriad,Lemma,myriad,2.3070524144739517
63456,mysteries,mystery,Word,mysteries,3.5512740304778303
63457,mysterious,mysterious,Word,mysterious,2.8342683285393147
63460,mystery,mystery,Word,mystery,3.0451626876603184
63462,mystical,mystical,Word,mystical,3.0126588244711097
63476,myth,myth,Word,myth,3.1087075783962166
63483,mythologies,mythology,Word,mythologies,3.5630248598815464
63487,mythology,mythology,Word,mythology,3.2575354969648873
63489,myths,myth,Word,myths,3.599688677265144
63533,nail,nail,Word,nail,2.950523449285627
63536,nailed,nail,Word,nailed,2.6036579565752267
63538,nailing,nail,Word,nailing,2.7315385493286315
63539,nails,nail,Word,nails,2.9035997232066197
63546,naive,naive,Word,naive,2.823475708150118
63553,naked,naked,Word,naked,3.251096617466935
63562,name,name,Word,name,2.5055482283201695
63565,named,name,Word,named,2.593443821069662
63572,nameless,nameless,Word,nameless,2.709321355054736
63578,names,name,Word,names,2.7323880612586526
63585,naming,name,Word,naming,2.885559280564839
63604,nap,nap,Word,nap,3.3924802315451856
63613,napkin,napkin,Word,napkin,3.695545963073286
63614,napkins,napkin,Word,napkins,3.593341142297092
63621,napped,nap,Word,napped,3.4191617944524193
63627,naps,nap,Word,naps,3.9379429853997796
63647,narcotics,narcotic,Word,narcotics,3.520625415939121
63664,narration,narration,Word,narration,3.420866577669465
63665,narrations,narration,Lemma,narration,3.420866577669465
63666,narrative,narrative,Word,narrative,2.8899989933207704
63667,narratives,narrative,Word,narratives,3.091034981634073
63670,narrow,narrow,Word,narrow,2.649317544329566
63672,narrowed,narrow,Word,narrowed,3.4129109421355306
63675,narrowing,narrow,Word,narrowing,2.8771748855464656
63678,narrows,narrow,Word,narrows,3.9907604291045846
63684,nasal,nasal,Word,nasal,3.439818654036474
63693,nasals,nasal,Lemma,nasal,3.439818654036474
63710,nasty,nasty,Word,nasty,2.6029600064544183
63722,nation,nation,Word,nation,2.306157948495481
63724,national,national,Word,national,2.156406817906324
63732,nationalities,nationality,Lemma,nationality,3.5864197641853046
63733,nationality,nationality,Word,nationality,3.5864197641853046
63741,nationals,national,Word,nationals,3.207124171732146
63747,native,native,Word,native,2.7221458895901107
63749,natives,native,Word,natives,2.8920541652376106
63768,natural,natural,Word,natural,2.4292027539633776
63770,naturalist,naturalist,Word,naturalist,3.9475811937760796
63773,naturalists,naturalist,Lemma,naturalist,3.9475811937760796
63779,naturally,naturally,Word,naturally,2.113744353123291
63781,naturals,natural,Lemma,natural,2.4292027539633776
63783,nature,nature,Word,nature,2.3703838554465158
63786,natures,nature,Word,natures,3.15013833617034
63801,naughty,naughty,Word,naughty,3.0130119719080706
63805,nausea,nausea,Word,nausea,3.9701087754679247
63822,naval,naval,Word,naval,3.3986035096398046
63828,navies,navy,Lemma,navy,3.3376208654021124
63835,navigation,navigation,Word,navigation,3.423086772951526
63886,neat,neat,Word,neat,2.9198228400783717
63907,necessary,necessary,Word,necessary,2.261079324843362
63913,necessities,necessity,Word,necessities,3.268199920798068
63918,necessity,necessity,Word,necessity,2.503724561333941
63919,neck,neck,Word,neck,2.9524314970484355
63927,necking,neck,Word,necking,3.2280356900987264
63928,necklace,necklace,Word,necklace,3.633442984635951
63929,necklaces,necklace,Word,necklaces,3.421545137057886
63935,necks,neck,Word,necks,3.594843539656547
63966,needed,need,Word,needed,2.212728134714464
63975,needing,need,Word,needing,2.5108290293048054
63976,needle,needle,Word,needle,3.2358098456354503
63978,needled,needle,Word,needled,3.273005689851398
63983,needles,needle,Word,needles,3.6730588809185005
63990,needling,needle,Lemma,needle,3.2358098456354503
63992,needs,need,Word,needs,2.406194074333216
63993,needy,needy,Word,needy,3.180306478639917
64004,negative,negative,Word,negative,2.714841853858247
64005,negatived,negative,Lemma,negative,2.714841853858247
64007,negatives,negative,Lemma,negative,2.714841853858247
64014,neglect,neglect,Word,neglect,3.0421930603017096
64015,neglected,neglect,Word,neglected,2.6281274935546874
64020,neglecting,neglect,Word,neglecting,2.8156399044677265
64022,neglects,neglect,Word,neglects,3.032213146510996
64026,negligence,negligence,Word,negligence,3.4044280901808994
64037,negotiate,negotiate,Word,negotiate,2.9837922215159085
64038,negotiated,negotiate,Word,negotiated,2.7793933913087985
64039,negotiates,negotiate,Lemma,negotiate,2.9837922215159085
64040,negotiating,negotiate,Word,negotiating,2.889307576632333
64042,negotiations,negotiation,Word,negotiations,3.297081221113248
64135,nephew,nephew,Word,nephew,2.758812860111211
64136,nephews,nephew,Word,nephews,3.5127689782814335
64157,nerve,nerve,Word,nerve,3.032381826588318
64159,nerved,nerve,Lemma,nerve,3.032381826588318
64163,nerves,nerve,Word,nerves,3.395368987780468
64168,nervous,nervous,Word,nervous,3.159995617565362
64170,nervousness,nervousness,Word,nervousness,3.3067718291438593
64177,nest,nest,Word,nest,3.386461669067224
64178,nested,nest,Word,nested,3.4512936185128815
64189,nests,nest,Word,nests,3.6591341233244457
64190,net,net,Word,net,2.8836506719510946
64202,nets,net,Word,nets,3.0796401076664157
64207,netted,net,Word,netted,3.1310312148420265
64209,netting,net,Word,netting,2.796691212875608
64217,network,network,Word,network,2.370773095815958
64221,networks,network,Word,networks,2.695489916989772
64298,neutral,neutral,Word,neutral,3.0910384418935823
64302,neutrality,neutrality,Word,neutrality,3.428982555929222
64312,neutrals,neutral,Lemma,neutral,3.0910384418935823
64331,new,new,Word,new,1.7550012030093443
64339,newborn,newborn,Word,newborn,3.052089775215749
64345,newcomer,newcomer,Word,newcomer,2.6872943646213954
64346,newcomers,newcomer,Word,newcomers,2.772549551798432
64366,news,news,Word,news,2.6354911145647923
64396,newspaper,newspaper,Word,newspaper,2.611818609182279
64399,newspapers,newspaper,Word,newspapers,3.0347722720912365
64455,nice,nice,Word,nice,2.6850821574221118
64462,niche,niche,Word,niche,3.106702617114253
64463,niches,niche,Lemma,niche,3.106702617114253
64470,nicked,nick,Word,nicked,2.70845794148438
64471,nickel,nickel,Word,nickel,3.355289015316252
64472,nickelled,nickel,Lemma,nickel,3.355289015316252
64473,nickelling,nickel,Lemma,nickel,3.355289015316252
64475,nickels,nickel,Word,nickels,3.8391332200774437
64481,nickname,nickname,Word,nickname,3.8567900697247635
64482,nicknamed,nickname,Word,nicknamed,3.3222107327669756
64483,nicknames,nickname,Word,nicknames,3.7827105445253406
64484,nicknaming,nickname,Lemma,nickname,3.8567900697247635
64494,nieces,niece,Word,nieces,3.6921737200485967
64530,night,night,Word,night,2.1418062831455122
64541,nighted,night,Lemma,night,2.1418062831455122
64543,nightfall,nightfall,Word,nightfall,3.5343393340032683
64560,nightly,nightly,Word,nightly,2.8549327946001237
64561,nightmare,nightmare,Word,nightmare,3.1074435379195924
64562,nightmares,nightmare,Word,nightmares,3.2658291796363477
64566,nights,night,Word,nights,2.7207733532868423
64615,nine,nine,Word,nine,2.09713977549912
64628,nineties,ninety,Word,nineties,2.88496987873127
64639,ninth,ninth,Word,ninth,2.875852618159396
64641,ninths,ninth,Lemma,ninth,2.875852618159396
64679,nitrate,nitrate,Word,nitrate,3.735495125306624
64680,nitrates,nitrate,Word,nitrates,3.9488330876782975
64694,nitrogen,nitrogen,Word,nitrogen,3.692313729669241
64724,nobility,nobility,Word,nobility,3.1549896493822573
64725,noble,noble,Word,noble,2.8254853389510965
64730,nobles,noble,Word,nobles,3.7336718794570714
64756,nod,nod,Word,nod,2.795148727818309
64758,nodded,nod,Word,nodded,4.0044396929020465
64759,nodding,nod,Word,nodding,3.557662545910469
64763,nodes,node,Word,nodes,3.3796857303445127
64764,nods,nod,Word,nods,3.486605964312041
64785,noise,noise,Word,noise,3.291864268742733
64793,noises,noise,Word,noises,3.457023963325711
64799,noisy,noisy,Word,noisy,2.839197531252025
64818,nominal,nominal,Word,nominal,2.386476751399512
64823,nominated,nominate,Word,nominated,3.193228837686923
64826,nomination,nomination,Word,nomination,3.490072585099634
64827,nominations,nomination,Lemma,nomination,3.490072585099634
65196,noon,noon,Word,noon,2.949584878823684
65229,normal,normal,Word,normal,2.5410928119474323
65240,normals,normal,Word,normals,3.018227228726611
65250,norms,norm,Word,norms,3.43873341762528
65258,northeast,northeast,Word,northeast,2.7476432498777403
65304,nose,nose,Word,nose,2.918241959662069
65322,noses,nose,Word,noses,3.3412952628644814
65333,nosing,nose,Word,nosing,3.016236580763918
65342,nostrils,nostril,Word,nostrils,3.7202863478219177
65350,notable,notable,Word,notable,2.662011727163905
65351,notables,notable,Word,notables,3.3308818993936553
65365,notation,notation,Word,notation,3.180048758500591
65367,notations,notation,Lemma,notation,3.180048758500591
65368,notch,notch,Word,notch,2.7304083584334764
65369,notched,notch,Word,notched,3.1534737202977503
65370,notches,notch,Word,notches,3.6895155482650996
65371,notching,notch,Word,notching,2.8712314461804707
65372,note,note,Word,note,2.6889565282501153
65373,notebook,notebook,Word,notebook,3.2335295832601583
65374,notebooks,notebook,Word,notebooks,3.26057114859839
65377,noted,note,Word,noted,2.202317622545377
65380,notes,note,Word,notes,2.3215511776955893
65382,noteworthy,noteworthy,Word,noteworthy,2.4662699795704834
65388,nothingness,nothingness,Word,nothingness,3.261263236101897
65390,notice,notice,Word,notice,2.6852438497896163
65391,noticeable,noticeable,Word,noticeable,2.938936417975335
65394,noticed,notice,Word,noticed,2.7052206449324556
65395,notices,notice,Word,notices,3.1955641832854536
65396,noticing,notice,Word,noticing,2.759885153769387
65400,notified,notify,Word,notified,3.2526200133839436
65401,notifies,notify,Lemma,notify,3.7209210809922832
65402,notify,notify,Word,notify,3.7209210809922832
65403,notifying,notify,Word,notifying,3.2727722447390475
65404,noting,note,Word,noting,2.0415805418232043
65405,notion,notion,Word,notion,2.756365700192067
65408,notions,notion,Word,notions,3.0725712811998758
65412,notorious,notorious,Word,notorious,2.5656277593275343
65425,noun,noun,Word,noun,3.2270425070016087
65426,nouns,noun,Word,nouns,3.493329701007303
65428,nourished,nourish,Word,nourished,3.113030097306189
65430,nourishing,nourish,Word,nourishing,3.113271392938018
65441,novel,novel,Word,novel,3.1372531669723305
65457,novels,novel,Word,novels,3.667037731184319
65458,novelties,novelty,Word,novelties,2.8501755557342623
65459,novelty,novelty,Word,novelty,2.668487904424268
65464,novice,novice,Word,novice,3.315604995871137
65465,novices,novice,Word,novices,3.1339303730377526
65484,nozzles,nozzle,Word,nozzles,3.9327630513747582
65500,nuclear,nuclear,Word,nuclear,3.7352617163265127
65506,nuclei,nucleus,Word,nuclei,4.135841708136807
65517,nucleus,nucleus,Word,nucleus,3.348128684509631
65524,nudged,nudge,Word,nudged,2.7814716501296104
65541,nuisances,nuisance,Word,nuisances,3.5125781201155495
65556,numb,numb,Word,numb,3.594193408811266
65557,numbed,numb,Lemma,numb,3.594193408811266
65558,number,number,Word,number,2.2733530601476475
65559,numbered,number,Word,numbered,2.736239442937963
65560,numbering,number,Word,numbering,2.8201134893618214
65564,numbers,number,Word,numbers,2.550030005569491
65565,numbing,numb,Word,numbing,3.088325627784508
65569,numbs,numb,Lemma,numb,3.594193408811266
65576,numerals,numeral,Word,numerals,4.052079302139371
65587,numerical,numerical,Word,numerical,2.9173658871127865
65592,numerous,numerous,Word,numerous,2.370716055727024
65611,nuns,nun,Word,nuns,3.3460993745793903
65616,nurse,nurse,Word,nurse,3.0223937004135566
65618,nursed,nurse,Lemma,nurse,3.0223937004135566
65621,nurseries,nursery,Lemma,nursery,3.0759043053222026
65622,nursery,nursery,Word,nursery,3.0759043053222026
65625,nurses,nurse,Word,nurses,3.0959246894492725
65635,nut,nut,Word,nut,3.0124641403328236
65655,nutrition,nutrition,Word,nutrition,3.2948195911433955
65659,nutritious,nutritious,Word,nutritious,3.4669516451112035
65662,nuts,nut,Word,nuts,2.9391456416311414
65687,nymphs,nymph,Word,nymphs,4.398455856437262
65700,oak,oak,Word,oak,3.7434283731070956
65721,oases,oasis,Word,oases,3.662622961527385
65722,oasis,oasis,Word,oasis,3.498537754163275
65731,oath,oath,Word,oath,4.114701524762072
65733,oaths,oath,Word,oaths,4.32025835179845
65734,oatmeal,oatmeal,Word,oatmeal,3.3462947122618707
65747,obedience,obedience,Word,obedience,3.6974784859216685
65748,OBEDIENCES,obedience,Lemma,obedience,3.6974784859216685
65749,obedient,obedient,Word,obedient,3.4022902705017795
65758,obesity,obesity,Word,obesity,3.8065663926312787
65759,obey,obey,Word,obey,4.350783528333133
65760,obeyed,obey,Word,obeyed,3.3715886271011186
65761,obeying,obey,Word,obeying,3.3298200289528395
65762,obeys,obey,Word,obeys,3.705971747594362
65811,obligation,obligation,Word,obligation,3.6567403441592736
65813,obligations,obligation,Word,obligations,3.30114163383908
65818,obliged,oblige,Word,obliged,2.6442910132167086
65838,oblivious,oblivious,Word,oblivious,3.0154475173503807
65841,oblong,oblong,Word,oblong,3.3521855769510847
65842,oblongs,oblong,Lemma,oblong,3.3521855769510847
65862,obscure,obscure,Word,obscure,2.5066569309853084
65863,obscured,obscure,Word,obscured,3.1163537954925795
65866,obscures,obscure,Word,obscures,3.3130411727875018
65867,obscuring,obscure,Lemma,obscure,2.5066569309853084
65868,obscurities,obscurity,Word,obscurities,3.414632135610285
65869,obscurity,obscurity,Word,obscurity,3.4832413712064296
65882,observation,observation,Word,observation,2.7133963204791085
65885,observations,observation,Word,observations,3.3400150737717977
65886,observatories,observatory,Lemma,observatory,3.673911931369842
65887,observatory,observatory,Word,observatory,3.673911931369842
65888,observe,observe,Word,observe,2.6614495988045834
65889,observed,observe,Word,observed,2.446863017134241
65890,observer,observer,Word,observer,3.2016076185141404
65892,observers,observer,Word,observers,3.0856977002680646
65893,observes,observe,Word,observes,2.592280796035379
65894,observing,observe,Word,observing,2.493526586935718
65897,obsessed,obsess,Word,obsessed,2.9538238196858755
65914,obsolete,obsolete,Word,obsolete,3.163944550661057
65916,OBSOLETING,obsolete,Lemma,obsolete,3.163944550661057
65917,obstacle,obstacle,Word,obstacle,3.3322514770512788
65918,obstacles,obstacle,Word,obstacles,3.1759308120611807
65926,obstinate,obstinate,Word,obstinate,2.859648347906392
65972,obvious,obvious,Word,obvious,2.341871110749381
65977,occasion,occasion,Word,occasion,2.623121552516928
65978,occasional,occasional,Word,occasional,2.6686870985531033
65980,occasioned,occasion,Word,occasioned,3.1917813535653825
65981,occasioning,occasion,Lemma,occasion,2.623121552516928
65982,occasions,occasion,Word,occasions,2.862962586851704
66000,occupant,occupant,Word,occupant,3.2101185582830656
66001,occupants,occupant,Word,occupants,3.156121424519204
66002,occupation,occupation,Word,occupation,2.9976245315468275
66006,occupations,occupation,Word,occupations,3.2719566168971643
66007,occupied,occupy,Word,occupied,2.6878080585899577
66010,occupies,occupy,Word,occupies,3.337860639156877
66011,occupy,occupy,Word,occupy,2.8628918545135504
66012,occupying,occupy,Word,occupying,2.734753840384909
66013,occur,occur,Word,occur,3.0099834451288996
66014,occurred,occur,Word,occurred,2.74552421978212
66016,occurrences,occurrence,Word,occurrences,3.018745610948204
66017,occurring,occur,Word,occurring,2.79857992432356
66018,occurs,occur,Word,occurs,3.0452686930028134
66019,ocean,ocean,Word,ocean,3.0363134944811936
66030,oceans,ocean,Word,oceans,3.635554637877088
66079,odd,odd,Word,odd,2.285632012029988
66090,odds,odds,Word,odds,3.1342334782805565
66118,Odyssey,odyssey,Word,Odyssey,2.996676123878933
66143,offend,offend,Word,offend,3.352560095059858
66144,offended,offend,Word,offended,3.07950966420473
66145,offender,offender,Word,offender,3.5510217880063104
66146,offenders,offender,Word,offenders,3.766094744741721
66147,offending,offend,Word,offending,3.2975959233609036
66148,offends,offend,Lemma,offend,3.352560095059858
66151,offensive,offensive,Word,offensive,3.267564988644349
66154,offensives,offensive,Word,offensives,4.238433963796097
66155,offer,offer,Word,offer,2.4100679106089804
66156,offered,offer,Word,offered,2.4162794009121216
66157,offering,offer,Word,offering,2.2968293611346136
66159,offers,offer,Word,offers,2.6471943096762773
66167,office,office,Word,office,2.3368314748424326
66172,officer,officer,Word,officer,2.947096953081554
66174,officered,officer,Word,officered,2.0536785314678974
66175,officers,officer,Word,officers,2.7660257198370735
66176,offices,office,Word,offices,2.9723295872462323
66181,officials,official,Word,officials,2.5337514476502174
66238,oil,oil,Word,oil,2.901807784356646
66244,oiled,oil,Word,oiled,3.33339384750162
66252,oiliest,oily,Lemma,oily,3.1510442351121353
66254,oiling,oil,Lemma,oil,2.901807784356646
66261,oils,oil,Word,oils,3.3028604974975107
66267,oily,oily,Word,oily,3.1510442351121353
66293,old,old,Word,old,2.2150483213078305
66349,olives,olive,Word,olives,3.658577555532286
66386,omen,omen,Word,omen,3.46535467753238
66387,omened,omen,Lemma,omen,3.46535467753238
66389,omens,omen,Lemma,omen,3.46535467753238
66392,ominous,ominous,Word,ominous,2.9686957069110584
66395,omission,omission,Word,omission,3.0676457241272725
66396,omissions,omission,Word,omissions,3.9274516739253653
66398,omits,omit,Word,omits,3.242258320014446
66399,omitted,omit,Word,omitted,3.0091720371084194
66428,one,one,Word,one,1.439342232059342
66437,ones,one,Word,ones,2.028184317919246
66442,onion,onion,Word,onion,3.5128327711625267
66443,onions,onion,Word,onions,3.485462690774707
66493,ooze,ooze,Word,ooze,3.389422575952182
66494,oozed,ooze,Word,oozed,3.6328214173934605
66495,oozes,ooze,Lemma,ooze,3.389422575952182
66499,oozing,ooze,Lemma,ooze,3.389422575952182
66511,opaque,opaque,Word,opaque,3.07851896477148
66515,open,open,Word,open,2.3735031851901147
66517,opened,open,Word,opened,2.584516156626192
66518,opener,opener,Word,opener,2.987462619673668
66519,openers,opener,Lemma,opener,2.987462619673668
66526,opening,opening,Word,opening,2.2271378542225944
66527,openings,opening,Word,openings,3.0773146468221952
66531,opens,open,Word,opens,3.196289653971899
66543,operate,operate,Word,operate,2.776440900037985
66544,operated,operate,Word,operated,2.8552420585178595
66545,operates,operate,Word,operates,3.3892081140541217
66548,operating,operate,Word,operating,2.575172441785092
66549,operation,operation,Word,operation,2.459310306282585
66554,operations,operation,Word,operations,2.5517177483660936
66558,operator,operator,Word,operator,2.9528006491927354
66559,operators,operator,Word,operators,3.000086241656136
66582,opinion,opinion,Word,opinion,2.7644698073280707
66588,opinions,opinion,Word,opinions,3.3121567426041167
66590,opium,opium,Word,opium,4.449950041177089
66594,opponent,opponent,Word,opponent,3.088696274949095
66596,opponents,opponent,Word,opponents,2.7771040584071156
66604,opportunities,opportunity,Word,opportunities,2.92990025793765
66605,opportunity,opportunity,Word,opportunity,2.6958080406356277
66647,optical,optical,Word,optical,3.441276614292829
66651,optics,optics,Word,optics,3.234379304514004
66654,optimism,optimism,Word,optimism,3.253687821214262
66656,optimistic,optimistic,Word,optimistic,3.0532682737298806
66667,option,option,Word,option,2.6396721814201722
66670,options,option,Word,options,2.7915283035684886
66683,oral,oral,Word,oral,3.4352237766155502
66685,orals,oral,Lemma,oral,3.4352237766155502
66686,orange,orange,Word,orange,2.8603977744903077
66692,oranges,orange,Word,oranges,3.3064532574732666
66710,orators,orator,Word,orators,3.7475353589431095
66715,orbit,orbit,Word,orbit,4.089316876560951
66717,orbited,orbit,Lemma,orbit,4.089316876560951
66719,orbiting,orbit,Word,orbiting,3.957301408407453
66721,orbits,orbit,Word,orbits,4.332477860555021
66725,orchard,orchard,Word,orchard,3.2495727136830386
66727,orchards,orchard,Word,orchards,3.409527673237189
66730,orchestra,orchestra,Word,orchestra,3.468796214615105
66733,orchestras,orchestra,Word,orchestras,3.930841410174259
66753,ordeal,ordeal,Word,ordeal,3.302562827240824
66754,ordeals,ordeal,Lemma,ordeal,3.302562827240824
66755,order,order,Word,order,2.0709515672802956
66757,ordered,order,Word,ordered,2.8221883865864297
66758,ordering,order,Word,ordering,2.5679870949005545
66760,orderlies,orderly,Lemma,orderly,3.37526117709255
66762,orderly,orderly,Word,orderly,3.37526117709255
66763,orders,order,Word,orders,3.0741689778801233
66766,ordinance,ordinance,Word,ordinance,4.133719134785707
66767,ordinances,ordinance,Word,ordinances,4.02123766868633
66773,ordinary,ordinary,Word,ordinary,2.4406839912409612
66783,ore,ore,Word,ore,4.221057413640384
66787,ores,ore,Word,ores,3.9561695241031174
66791,organ,organ,Word,organ,3.217557753599125
66796,organic,organic,Word,organic,2.9566083626898805
66800,organism,organism,Word,organism,3.5163642599552722
66802,organisms,organism,Word,organisms,3.8026923794541885
66817,organs,organ,Word,organs,3.600910520412106
66838,orientation,orientation,Word,orientation,2.8284562674403837
66839,orientations,orientation,Word,orientations,3.1449612706236687
66848,origin,origin,Word,origin,2.7995168739008
66849,original,original,Word,original,2.166497412045396
66850,originality,originality,Word,originality,3.386233656041209
66852,originals,original,Word,originals,3.0234444697631977
66854,originated,originate,Word,originated,2.801008817950378
66861,origins,origin,Word,origins,2.8681619944585126
66883,ornament,ornament,Word,ornament,3.308674170550627
66887,ornamented,ornament,Word,ornamented,3.208933167492826
66888,ornamenting,ornament,Lemma,ornament,3.308674170550627
66889,ornaments,ornament,Word,ornaments,3.4620666151942228
66890,ornate,ornate,Word,ornate,3.3533346979653116
66904,orphan,orphan,Word,orphan,3.4274506391221298
66905,orphanage,orphanage,Word,orphanage,3.976535328427481
66906,orphanages,orphanage,Lemma,orphanage,3.976535328427481
66907,orphaned,orphan,Word,orphaned,3.4919716877118527
66908,orphaning,orphan,Lemma,orphan,3.4274506391221298
66909,orphans,orphan,Word,orphans,3.4232145119405657
67066,other,other,Word,other,1.667958217601826
67069,others,other,Word,others,1.7159979381568966
67089,otters,otter,Lemma,otter,3.4860550622054456
67105,ounce,ounce,Word,ounce,3.949983806457132
67106,ounces,ounce,Word,ounces,3.9710181269957574
67187,outer,outer,Word,outer,2.7814013668083772
67249,outing,outing,Word,outing,3.074363030025705
67250,outings,outing,Lemma,outing,3.074363030025705
67497,oven,oven,Word,oven,4.02628870926344
67500,ovens,oven,Word,ovens,3.719529797006634
67959,overt,overt,Word,overt,2.6855875079866207
68052,owe,owe,Word,owe,3.081500632836049
68053,owed,owe,Word,owed,3.1934960710924045
68056,owes,owe,Word,owes,3.487031563187292
68057,owing,owe,Word,owing,2.467728993213122
68058,owl,owl,Word,owl,3.29385911246846
68065,owls,owl,Word,owls,3.3927112906663006
68070,owner,owner,Word,owner,2.6476878717357737
68073,owners,owner,Word,owners,2.7709673006697164
68074,ownership,ownership,Word,ownership,2.985465760307949
68075,ownerships,ownership,Word,ownerships,3.3984568182655424
68102,oxide,oxide,Word,oxide,4.216813634607979
68103,oxides,oxide,Word,oxides,3.8768302403064587
68123,oxygen,oxygen,Word,oxygen,3.7534575546478504
68146,oyster,oyster,Word,oyster,3.8091313825227986
68150,oysters,oyster,Word,oysters,4.060802594847751
68157,ozone,ozone,Word,ozone,4.432043814246629
68204,pack,pack,Word,pack,2.5440486753708895
68206,package,package,Word,package,2.5944602789329627
68207,packaged,package,Word,packaged,2.835749386357258
68209,packages,package,Word,packages,2.8987565116545637
68213,packed,pack,Word,packed,2.7060305810703658
68217,packets,packet,Word,packets,3.190846341961982
68220,packing,pack,Word,packing,2.720419350726335
68222,packs,pack,Word,packs,2.6361838706520726
68229,pact,pact,Word,pact,3.409368794707239
68231,pacts,pact,Lemma,pact,3.409368794707239
68232,pad,pad,Word,pad,2.8980984991660996
68235,padding,padding,Word,padding,3.084247357636957
68236,paddle,paddle,Word,paddle,3.079257465151802
68238,paddled,paddle,Lemma,paddle,3.079257465151802
68241,paddles,paddle,Lemma,paddle,3.079257465151802
68242,paddling,paddle,Lemma,paddle,3.079257465151802
68253,pads,pad,Word,pads,3.2470694689600736
68262,pagan,pagan,Word,pagan,3.593006253502313
68265,pagans,pagan,Word,pagans,3.5936219846424575
68266,page,page,Word,page,2.7750456518724542
68271,paged,page,Lemma,page,2.7750456518724542
68274,pages,page,Word,pages,2.9655222233095744
68288,paid,pay,Word,paid,2.4387231701811025
68291,pail,pail,Word,pail,3.4659296424526422
68294,pails,pail,Word,pails,3.7205188739028774
68295,pain,pain,Word,pain,2.944260640948259
68298,painful,painful,Word,painful,2.789988454856717
68301,paining,pain,Lemma,pain,2.944260640948259
68307,pains,pain,Word,pains,3.0055908973756447
68308,painstaking,painstaking,Word,painstaking,3.330790382625076
68311,paint,paint,Word,paint,3.0695474590462966
68318,painted,paint,Word,painted,2.9416423832706537
68319,painter,painter,Word,painter,3.2963079859816675
68323,painters,painter,Word,painters,3.390357038338915
68324,painting,painting,Word,painting,3.0576873341638824
68325,paintings,painting,Word,paintings,3.489323998061126
68326,paints,paint,Word,paints,3.103241469964369
68328,pair,pair,Word,pair,2.263101424201609
68329,paired,pair,Word,paired,2.676311145758397
68331,pairs,pair,Word,pairs,2.7256667879164977
68343,pal,pal,Word,pal,2.8069353963329684
68345,palace,palace,Word,palace,3.2511248017414345
68347,palaces,palace,Word,palaces,3.8292427779981333
68379,pale,pale,Word,pale,3.0506489044104916
68380,paled,pale,Word,paled,3.685656536273002
68401,pales,pale,Word,pales,3.4885105259272233
68456,palm,palm,Word,palm,3.3353125884084216
68460,palmed,palm,Word,palmed,3.9160455903303006
68469,palming,palm,Lemma,palm,3.3353125884084216
68473,palms,palm,Word,palms,3.4368507456109714
68498,pals,pal,Word,pals,2.6888425841119314
68524,pamphlet,pamphlet,Word,pamphlet,3.2218272026085777
68527,pamphlets,pamphlet,Word,pamphlets,3.5228747585228453
68528,pan,pan,Word,pan,3.110283027091143
68574,paned,pan,Lemma,pan,3.110283027091143
68579,panel,panel,Word,panel,2.713572390674127
68587,panelled,panel,Lemma,panel,2.713572390674127
68591,panels,panel,Word,panels,2.9125015314743825
68592,panes,pane,Word,panes,3.651488309155115
68609,panic,panic,Word,panic,3.141230072071487
68610,panicked,panic,Word,panicked,2.98237321354783
68611,panicking,panic,Lemma,panic,3.141230072071487
68614,panics,panic,Lemma,panic,3.141230072071487
68620,panned,pan,Lemma,pan,3.110283027091143
68625,panning,pan,Lemma,pan,3.110283027091143
68637,pans,pan,Word,pans,2.925895399236011
68649,panted,pant,Word,panted,3.257074632274963
68706,paper,paper,Word,paper,2.3491643042565715
68716,papered,paper,Lemma,paper,2.3491643042565715
68719,papering,paper,Lemma,paper,2.3491643042565715
68762,parachute,parachute,Word,parachute,3.9687488565083293
68763,parachuted,parachute,Lemma,parachute,3.9687488565083293
68764,parachutes,parachute,Word,parachutes,4.168555810833405
68765,parachuting,parachute,Lemma,parachute,3.9687488565083293
68769,parade,parade,Word,parade,3.230864457634605
68770,paraded,parade,Word,paraded,3.4211396787178607
68771,parades,parade,Word,parades,3.4292229863603314
68776,parading,parade,Word,parading,3.035094377534053
68777,paradise,paradise,Word,paradise,3.3612347005836236
68778,paradises,paradise,Lemma,paradise,3.3612347005836236
68781,paradox,paradox,Word,paradox,2.8996963955058
68782,paradoxes,paradox,Lemma,paradox,2.8996963955058
68792,paragraph,paragraph,Word,paragraph,3.415391108586504
68793,paragraphed,paragraph,Lemma,paragraph,3.415391108586504
68794,paragraphing,paragraph,Lemma,paragraph,3.415391108586504
68795,paragraphs,paragraph,Word,paragraphs,3.7274342301229106
68806,parallel,parallel,Word,parallel,2.5092223029642717
68807,paralleled,parallel,Word,paralleled,2.98839625046654
68809,paralleling,parallel,Word,paralleling,2.8253605161183315
68816,parallels,parallel,Word,parallels,3.3238001120838545
68823,paralysis,paralysis,Word,paralysis,3.4510973284384225
68870,parasite,parasite,Word,parasite,3.420774550026439
68871,parasites,parasite,Word,parasites,3.4030764755636165
68900,parcel,parcel,Word,parcel,2.8515791642990402
68901,parceled,parcel,Word,parceled,3.4821846752029617
68902,parceling,parcel,Lemma,parcel,2.8515791642990402
68903,parcels,parcel,Word,parcels,3.298766831569624
68905,parched,parch,Word,parched,3.5554017033601943
68909,parchment,parchment,Word,parchment,3.9557155275834934
68910,parchments,parchment,Lemma,parchment,3.9557155275834934
68913,pardon,pardon,Word,pardon,4.0707079070117755
68916,pardoned,pardon,Word,pardoned,4.184577056965593
68919,pardoning,pardon,Lemma,pardon,4.0707079070117755
68920,pardons,pardon,Word,pardons,4.52193655092409
68930,parent,parent,Word,parent,2.7509409125094884
68933,parental,parental,Word,parental,3.362089158294228
68936,parentheses,parenthesis,Word,parentheses,5.641152061940232
68942,parenthood,parenthood,Word,parenthood,3.4565622444164785
68945,parents,parent,Word,parents,2.5544669797179114
68965,parish,parish,Word,parish,3.200249279405114
68966,parishes,parish,Word,parishes,3.731839779177579
68975,park,park,Word,park,2.581035462220876
68978,parked,park,Word,parked,3.054420622019132
68995,parks,park,Word,parks,3.04920332190025
69051,parrot,parrot,Word,parrot,3.2791697904255415
69052,parroted,parrot,Lemma,parrot,3.2791697904255415
69054,parroting,parrot,Word,parroting,3.442251896079674
69056,parrots,parrot,Word,parrots,3.4051748739496017
69084,part,part,Word,part,1.7691698298144771
69090,parted,part,Word,parted,3.275673268732062
69101,partial,partial,Word,partial,2.3980458441514516
69106,participant,participant,Word,participant,2.6801126123706207
69107,participants,participant,Word,participants,2.6073015571320615
69108,participate,participate,Word,participate,2.822643952570392
69109,participated,participate,Word,participated,3.0766306100091736
69110,participates,participate,Word,participates,3.2688208453762972
69111,participating,participate,Word,participating,2.5301770184060115
69120,particle,particle,Word,particle,3.763382531645266
69122,particles,particle,Word,particles,4.391828734827773
69123,particular,particular,Word,particular,1.9352400960761373
69137,partied,party,Lemma,party,2.5072190183336063
69139,parties,party,Word,parties,2.7058222499647955
69140,parting,parting,Word,parting,3.0363710256617713
69141,partings,parting,Word,partings,3.5436855435770633
69142,partisan,partisan,Word,partisan,3.202402223449542
69143,partisans,partisan,Word,partisans,3.0073769100734826
69148,partition,partition,Word,partition,3.588655158301693
69149,partitioned,partition,Lemma,partition,3.588655158301693
69152,partitions,partition,Word,partitions,3.5584209546679824
69159,partner,partner,Word,partner,2.4793970153863785
69160,partnered,partner,Word,partnered,3.300594750162535
69161,partnering,partner,Lemma,partner,2.4793970153863785
69162,partners,partner,Word,partners,2.457760825904437
69163,partnership,partnership,Word,partnership,2.8876628952239844
69164,partnerships,partnership,Lemma,partnership,2.8876628952239844
69169,parts,part,Word,parts,2.300220088814067
69175,party,party,Word,party,2.5072190183336063
69178,partying,party,Lemma,party,2.5072190183336063
69197,pass,pass,Word,pass,2.5317607396006685
69201,passage,passage,Word,passage,2.8715839273771118
69202,passages,passage,Word,passages,3.141946349611281
69203,passageway,passageway,Word,passageway,3.4490705066471117
69204,passageways,passageway,Lemma,passageway,3.4490705066471117
69211,passed,pass,Word,passed,2.4863759719352805
69213,passenger,passenger,Word,passenger,3.148235390780955
69214,passengers,passenger,Word,passengers,3.3948266663030653
69220,passes,pass,Word,passes,3.028293967182521
69222,passing,pass,Word,passing,2.394513957553714
69223,passion,passion,Word,passion,3.060438373032561
69224,passionate,passionate,Word,passionate,2.9169144092547747
69231,passions,passion,Word,passions,3.3883837876508305
69232,passive,passive,Word,passive,2.867740159275128
69235,passives,passive,Lemma,passive,2.867740159275128
69249,passport,passport,Word,passport,3.7572905260914715
69250,passports,passport,Lemma,passport,3.7572905260914715
69253,past,past,Word,past,2.035640571012704
69255,paste,paste,Word,paste,3.6337758540722103
69257,pasted,paste,Word,pasted,3.2270098246292656
69264,pastes,paste,Word,pastes,3.3919752395021656
69281,pastime,pastime,Word,pastime,3.5144400525648534
69282,pastimes,pastime,Word,pastimes,3.520164759959498
69297,pastors,pastor,Word,pastors,3.20636704457208
69299,pastries,pastry,Lemma,pastry,3.4476310931033
69300,pastry,pastry,Word,pastry,3.4476310931033
69302,pasture,pasture,Word,pasture,3.0755024562785107
69303,pastured,pasture,Lemma,pasture,3.0755024562785107
69305,pastures,pasture,Word,pastures,3.379256833764219
69306,pasturing,pasture,Lemma,pasture,3.0755024562785107
69312,patch,patch,Word,patch,2.9117358000237026
69314,patched,patch,Word,patched,3.3346083527999637
69318,patches,patch,Word,patches,3.223735013014673
69323,patching,patch,Lemma,patch,2.9117358000237026
69325,patchwork,patchwork,Word,patchwork,3.292904146132948
69326,patchworks,patchwork,Lemma,patchwork,3.292904146132948
69334,patent,patent,Word,patent,3.988740018779916
69337,patented,patent,Word,patented,3.1463185693622577
69340,patenting,patent,Word,patenting,3.8118065189123578
69342,patents,patent,Word,patents,4.384328879347385
69359,path,path,Word,path,2.9800916650846934
69363,pathetic,pathetic,Word,pathetic,2.8288553893744055
69383,paths,path,Word,paths,3.1107510584885256
69384,pathway,pathway,Word,pathway,3.1332318305143594
69385,pathways,pathway,Word,pathways,3.2443227419473644
69387,patience,patience,Word,patience,3.382414040995012
69388,patient,patient,Word,patient,2.7796605876610965
69391,patients,patient,Word,patients,3.0940908761297106
69395,patio,patio,Word,patio,3.2654643993631183
69396,patios,patio,Lemma,patio,3.2654643993631183
69427,patriot,patriot,Word,patriot,3.4266671632808254
69428,patriotic,patriotic,Word,patriotic,2.895022982691081
69430,patriotism,patriotism,Word,patriotism,3.2850702439667607
69433,patrol,patrol,Word,patrol,3.1695631547186833
69434,patrolled,patrol,Word,patrolled,3.6538827936174703
69440,patrols,patrol,Word,patrols,3.9080239503600223
69442,patron,patron,Word,patron,2.8813600636287013
69454,patrons,patron,Word,patrons,2.9101949380559624
69457,pats,pat,Lemma,pat,3.4823909912076543
69460,patted,pat,Word,patted,3.839604724186522
69466,pattern,pattern,Word,pattern,2.9178416137687817
69467,patterned,pattern,Word,patterned,2.838916745327671
69471,patterns,pattern,Word,patterns,3.069058887200024
69476,patting,pat,Word,patting,3.386072019321078
69506,pause,pause,Word,pause,2.8273717342293403
69507,paused,pause,Word,paused,3.182569860468095
69508,pauses,pause,Word,pauses,3.441409514776068
69509,pausing,pause,Word,pausing,3.026060373478424
69514,paved,pave,Word,paved,2.9216780246611487
69515,pavement,pavement,Word,pavement,2.980433284129728
69516,pavements,pavement,Word,pavements,3.634529554652016
69529,paw,paw,Word,paw,3.3710456173265
69531,pawed,paw,Lemma,paw,3.3710456173265
69532,pawing,paw,Word,pawing,3.3007033949372087
69550,paws,paw,Word,paws,3.3685469641630115
69558,pay,pay,Word,pay,2.4459742487089806
69569,paying,pay,Word,paying,2.5185470074915175
69574,payment,payment,Word,payment,2.8464538057684643
69575,payments,payment,Word,payments,3.084489326678142
69587,pays,pay,Word,pays,3.0933063941973904
69590,pea,pea,Word,pea,3.131134009590164
69593,peace,peace,Word,peace,3.282464906140259
69596,peaceful,peaceful,Word,peaceful,3.4655402412544913
69607,peach,peach,Word,peach,2.925289183270999
69608,peached,peach,Lemma,peach,2.925289183270999
69609,peaches,peach,Word,peaches,3.5291740340835998
69613,peaching,peach,Lemma,peach,2.925289183270999
69621,peak,peak,Word,peak,2.89978054590432
69622,peaked,peak,Word,peaked,3.168503793679536
69625,peaking,peak,Lemma,peak,2.89978054590432
69626,peaks,peak,Word,peaks,3.2889465200713768
69634,peanut,peanut,Word,peanut,3.6395937366142035
69635,peanuts,peanut,Word,peanuts,3.1609039730174544
69636,pear,pear,Word,pear,3.173052108991549
69646,pearls,pearl,Word,pearls,3.373585087544232
69650,pears,pear,Word,pears,3.325934305112092
69652,peas,pea,Word,peas,3.7585674646903406
69653,peasant,peasant,Word,peasant,3.4217570509088273
69656,peasants,peasant,Word,peasants,3.4138908315131973
69669,pebbles,pebble,Word,pebbles,3.5352360497290554
69684,peck,peck,Word,peck,3.5015878933856923
69685,pecked,peck,Word,pecked,3.76126375833643
69689,pecking,peck,Lemma,peck,3.5015878933856923
69691,pecks,peck,Word,pecks,3.650975505714429
69707,peculiar,peculiar,Word,peculiar,2.4804860797497694
69708,peculiarities,peculiarity,Word,peculiarities,3.042404811610823
69719,pedal,pedal,Word,pedal,3.3739483274722453
69720,pedalled,pedal,Lemma,pedal,3.3739483274722453
69721,pedalling,pedal,Lemma,pedal,3.3739483274722453
69722,pedals,pedal,Word,pedals,3.7462977689833687
69743,pedestrian,pedestrian,Word,pedestrian,3.1482841252177547
69745,pedestrians,pedestrian,Word,pedestrians,3.424575515616483
69779,peek,peek,Word,peek,3.352402877253647
69781,peeked,peek,Word,peeked,3.4948232552045373
69782,peeking,peek,Word,peeking,3.4087870192695515
69783,peeks,peek,Lemma,peek,3.352402877253647
69784,peel,peel,Word,peel,3.325121918440999
69785,peeled,peel,Word,peeled,3.0832471988431953
69788,peeling,peel,Word,peeling,3.1141326569855297
69790,peels,peel,Word,peels,3.293976979111961
69803,peer,peer,Word,peer,2.67725990590524
69806,peered,peer,Word,peered,3.884687583195295
69809,peering,peer,Word,peering,3.335974308303175
69812,peers,peer,Word,peers,2.8333445696095296
69826,pegged,peg,Word,pegged,2.7293492047848966
69828,pegging,peg,Word,pegging,2.9056977371665664
69831,pegs,peg,Word,pegs,3.0271779061681015
69859,pellets,pellet,Word,pellets,3.4858927696486455
69876,pelvis,pelvis,Word,pelvis,3.6733593654145427
69877,pelvises,pelvis,Lemma,pelvis,3.6733593654145427
69883,pen,pen,Word,pen,2.9674278435209316
69893,penalties,penalty,Word,penalties,3.51508248191627
69894,penalty,penalty,Word,penalty,3.550645142356613
69897,pence,penny,Word,pence,4.681863259170006
69900,pencil,pencil,Word,pencil,3.0081576582626757
69901,penciled,pencil,Word,penciled,3.242499983985153
69902,penciling,pencil,Lemma,pencil,3.0081576582626757
69903,pencilled,pencil,Lemma,pencil,3.0081576582626757
69904,pencilling,pencil,Lemma,pencil,3.0081576582626757
69905,pencils,pencil,Word,pencils,3.4748705290901976
69919,pendulum,pendulum,Word,pendulum,3.633380379170727
69920,pendulums,pendulum,Lemma,pendulum,3.633380379170727
69926,penetrate,penetrate,Word,penetrate,3.414073815456555
69927,penetrated,penetrate,Word,penetrated,3.3373296345418493
69928,penetrates,penetrate,Lemma,penetrate,3.414073815456555
69929,penetrating,penetrate,Word,penetrating,2.811425323806932
69931,penetration,penetration,Word,penetration,3.326562073897772
69932,penetrations,penetration,Lemma,penetration,3.326562073897772
69941,peninsula,peninsula,Word,peninsula,3.0266323503582777
69943,peninsulas,peninsula,Lemma,peninsula,3.0266323503582777
69966,penned,pen,Word,penned,2.8099406269134395
69968,pennies,penny,Word,pennies,3.2157205514165175
69971,penning,pen,Lemma,pen,2.9674278435209316
69976,penny,penny,Word,penny,3.1497312017920476
69990,pens,pen,Word,pens,3.002347636720597
69997,pensions,pension,Word,pensions,3.6015696229329497
70047,people,people,Word,people,2.108708943002682
70049,peopled,people,Word,peopled,3.172154567085086
70050,peoples,people,Word,peoples,2.8059036523007768
70051,peopling,people,Lemma,people,2.108708943002682
70055,pepper,pepper,Word,pepper,3.5641658784834416
70060,peppered,pepper,Word,peppered,3.0981192197899614
70062,peppering,pepper,Lemma,pepper,3.5641658784834416
70066,peppers,pepper,Lemma,pepper,3.5641658784834416
70105,percentage,percentage,Word,percentage,3.0176687237535473
70106,percentages,percentage,Word,percentages,3.093276561222616
70123,perch,perch,Word,perch,3.129835713870829
70125,perched,perch,Word,perched,3.2129892719679494
70126,perches,perch,Lemma,perch,3.129835713870829
70127,perching,perch,Lemma,perch,3.129835713870829
70140,percussion,percussion,Word,percussion,3.3734523944471033
70203,perform,perform,Word,perform,2.737063684503675
70205,performance,performance,Word,performance,2.405359167418681
70206,performances,performance,Word,performances,2.7208932404380515
70207,performed,perform,Word,performed,2.840664154548501
70208,performer,performer,Word,performer,2.9128958704285286
70209,performers,performer,Word,performers,2.796879493824768
70210,performing,perform,Word,performing,2.619829191740549
70211,performs,perform,Word,performs,3.228053063588991
70212,perfume,perfume,Word,perfume,3.4186735136333604
70217,perfumes,perfume,Word,perfumes,3.550868940523858
70220,perfuming,perfume,Lemma,perfume,3.4186735136333604
70248,peril,peril,Word,peril,2.9627442430243227
70250,perilous,perilous,Word,perilous,2.922009777117467
70253,perils,peril,Word,perils,3.124134926697646
70259,period,period,Word,period,2.544513643017305
70260,periodic,periodic,Word,periodic,2.82122409702245
70263,periodicals,periodical,Word,periodicals,3.2329322682904604
70266,periods,period,Word,periods,2.936280695714029
70284,perished,perish,Word,perished,3.6766030087720556
70287,perishes,perish,Word,perishes,3.4566257638080256
70333,permanent,permanent,Word,permanent,2.6488129838490906
70335,permanents,permanent,Lemma,permanent,2.6488129838490906
70351,permissible,permissible,Word,permissible,3.05339144111327
70353,permission,permission,Word,permission,3.3931955090493933
70357,permit,permit,Word,permit,2.935961908191756
70358,permits,permit,Word,permits,3.2805310327252215
70359,permitted,permit,Word,permitted,2.691021180880349
70360,permitting,permit,Word,permitting,2.5369645039385786
70398,perpetual,perpetual,Word,perpetual,2.6850803625005066
70409,perplexed,perplex,Word,perplexed,2.928993390217669
70462,person,person,Word,person,2.279227528860556
70470,personal,personal,Word,personal,2.400483235464391
70471,personalities,personality,Word,personalities,2.84685443815242
70472,personality,personality,Word,personality,2.9805160850449646
70480,personals,personal,Lemma,personal,2.400483235464391
70497,personnel,personnel,Word,personnel,2.5017467674122176
70498,persons,person,Word,persons,2.773452616054392
70516,persuade,persuade,Word,persuade,2.8908572746575985
70517,persuaded,persuade,Word,persuaded,2.6395838182684477
70520,persuades,persuade,Lemma,persuade,2.8908572746575985
70521,persuading,persuade,Word,persuading,3.0138844125131445
70522,persuasion,persuasion,Word,persuasion,2.8487407720521736
70523,persuasions,persuasion,Word,persuasions,3.014144975525729
70524,persuasive,persuasive,Word,persuasive,2.8372262833165993
70536,pertinent,pertinent,Word,pertinent,2.5451548666264023
70601,pest,pest,Word,pest,3.8144606652684705
70619,pests,pest,Word,pests,3.7942739953383695
70620,pet,pet,Word,pet,3.037458997344872
70644,petition,petition,Word,petition,3.313822173569585
70645,petitioned,petition,Word,petitioned,3.4816181034115736
70649,petitioning,petition,Lemma,petition,3.313822173569585
70650,petitions,petition,Word,petitions,3.4652002737883
70669,petroleum,petroleum,Word,petroleum,3.2296658183779425
70677,pets,pet,Word,pets,3.361594099818116
70678,petted,pet,Word,petted,4.440772766465572
70683,pettier,petty,Lemma,petty,3.070586654819131
70695,petting,pet,Word,petting,3.7084827076306284
70700,petty,petty,Word,petty,3.070586654819131
70748,phantoms,phantom,Lemma,phantom,2.7523462556732996
70761,pharmacies,pharmacy,Lemma,pharmacy,3.255591526270687
70775,pharmacy,pharmacy,Word,pharmacy,3.255591526270687
70784,phase,phase,Word,phase,2.6866053265445946
70785,phased,phase,Lemma,phase,2.6866053265445946
70786,phases,phase,Word,phases,2.9143235147862456
70788,phasing,phase,Lemma,phase,2.6866053265445946
70789,pheasant,pheasant,Word,pheasant,3.857645269730852
70790,pheasants,pheasant,Word,pheasants,3.947647644335895
70800,phenomena,phenomenon,Word,phenomena,3.039453518897354
70805,phenomenon,phenomenon,Word,phenomenon,2.827438489390476
70806,phenomenons,phenomenon,Lemma,phenomenon,2.827438489390476
70879,philosopher,philosopher,Word,philosopher,3.5882306812125306
70880,philosophers,philosopher,Word,philosophers,3.5325983040359024
70884,philosophies,philosophy,Word,philosophies,3.2623346038743266
70890,philosophy,philosophy,Word,philosophy,2.8492265391012523
70930,phone,phone,Word,phone,2.7427351535917213
70936,phoned,phone,Word,phoned,3.05207753411689
70942,phones,phone,Word,phones,3.101032467224255
70956,phoning,phone,Lemma,phone,2.7427351535917213
70994,photo,photo,Word,photo,3.1913962258557285
71034,photograph,photograph,Word,photograph,3.1120358266831505
71036,photographed,photograph,Word,photographed,2.9658974366089748
71038,photographers,photographer,Word,photographers,3.476579460317411
71042,photographing,photograph,Word,photographing,3.2194862035825644
71043,photographs,photograph,Word,photographs,3.0472667127298
71044,photography,photography,Word,photography,3.1642182074371754
71086,photos,photo,Word,photos,3.1030917085813856
71119,phrase,phrase,Word,phrase,2.8886946684103614
71122,phrased,phrase,Word,phrased,3.1504643365526626
71128,phrases,phrase,Word,phrases,3.3529303709448177
71154,physical,physical,Word,physical,2.5595688086414388
71158,physicals,physical,Lemma,physical,2.5595688086414388
71159,physician,physician,Word,physician,3.1111987373977588
71161,physicians,physician,Word,physicians,3.230468819861297
71162,physicist,physicist,Word,physicist,3.868038053088418
71163,physicists,physicist,Word,physicists,3.821873903118594
71166,physics,physics,Word,physics,3.3843005962393846
71178,physiologies,physiology,Lemma,physiology,3.359203184158845
71181,physiology,physiology,Word,physiology,3.359203184158845
71201,piano,piano,Word,piano,3.1620332216210354
71207,pianos,piano,Word,pianos,3.668080536948336
71234,pick,pick,Word,pick,2.683910739570695
71240,picked,pick,Word,picked,2.435490537220011
71247,picket,picket,Word,picket,3.7688009674028837
71248,picketed,picket,Word,picketed,4.109234662998108
71252,pickets,picket,Word,pickets,3.6219276724334666
71259,picking,pick,Word,picking,2.609760385825722
71263,pickled,pickle,Word,pickled,3.3788462422807397
71273,picks,pick,Word,picks,2.951549681913985
71277,picnic,picnic,Word,picnic,3.196165086608502
71278,picnicked,picnic,Word,picnicked,4.0129553907958355
71281,picnicking,picnic,Lemma,picnic,3.196165086608502
71282,picnics,picnic,Word,picnics,3.4833002630626466
71292,pictorial,pictorial,Word,pictorial,3.024797232159764
71294,pictorials,pictorial,Lemma,pictorial,3.024797232159764
71295,picture,picture,Word,picture,2.6465842299873645
71296,pictured,picture,Word,pictured,2.33494594188274
71297,pictures,picture,Word,pictures,2.8843219073759485
71298,picturesque,picturesque,Word,picturesque,2.904322619387152
71301,picturing,picture,Word,picturing,2.88091884149983
71309,pie,pie,Word,pie,3.250685691672044
71312,piece,piece,Word,piece,2.4220230330040016
71313,pieced,piece,Lemma,piece,2.4220230330040016
71315,pieces,piece,Word,pieces,2.657852696610861
71319,piecing,piece,Lemma,piece,2.4220230330040016
71327,pier,pier,Word,pier,3.1778364260839185
71329,pierced,pierce,Word,pierced,3.354658239006731
71332,piercing,pierce,Word,piercing,2.846269807758485
71343,pies,pie,Word,pies,3.196995597445916
71359,pig,pig,Word,pig,2.9563649204353077
71363,pigeon,pigeon,Word,pigeon,3.284568168668025
71368,pigeons,pigeon,Word,pigeons,3.5118938309147745
71375,pigging,pig,Lemma,pig,2.9563649204353077
71389,pigment,pigment,Word,pigment,3.5853476491282548
71392,pigments,pigment,Word,pigments,3.8896458793650432
71398,pigs,pig,Word,pigs,3.041122178032712
71413,pikes,pike,Lemma,pike,3.196441151806012
71426,pile,pile,Word,pile,2.687570986427031
71427,piled,pile,Word,piled,3.023749529618968
71428,piles,pile,Word,piles,2.8373745833222097
71440,pilgrimage,pilgrimage,Word,pilgrimage,3.448488932856287
71441,pilgrimages,pilgrimage,Word,pilgrimages,3.861351223724302
71443,piling,pile,Word,piling,2.9411096702094417
71444,pill,pill,Word,pill,3.6469693847233193
71451,pillar,pillar,Word,pillar,2.89036602554817
71455,pillars,pillar,Word,pillars,3.1215137925619194
71458,pilled,pill,Lemma,pill,3.6469693847233193
71467,pillow,pillow,Word,pillow,3.3006984864810964
71470,pillowed,pillow,Lemma,pillow,3.3006984864810964
71471,pillowing,pillow,Lemma,pillow,3.3006984864810964
71472,pillows,pillow,Word,pillows,3.33414223232862
71473,pills,pill,Word,pills,3.562303883846838
71475,pilot,pilot,Word,pilot,2.882517898752828
71478,piloted,pilot,Lemma,pilot,2.882517898752828
71480,piloting,pilot,Word,piloting,2.977090539307701
71482,pilots,pilot,Word,pilots,3.3871348302152127
71505,pin,pin,Word,pin,2.9439220681442335
71512,pinch,pinch,Word,pinch,3.4714394519672274
71516,pinched,pinch,Word,pinched,2.832129015354615
71518,pinches,pinch,Lemma,pinch,3.4714394519672274
71519,pinching,pinch,Word,pinching,2.9922739319448013
71525,pine,pine,Word,pine,3.0878368105992937
71527,pineapple,pineapple,Word,pineapple,3.295496546950176
71528,pineapples,pineapple,Lemma,pineapple,3.295496546950176
71531,pined,pine,Lemma,pine,3.0878368105992937
71533,pines,pine,Word,pines,3.4662481718982523
71553,pining,pine,Lemma,pine,3.0878368105992937
71558,pink,pink,Word,pink,2.6649803068970876
71559,pinked,pink,Lemma,pink,2.6649803068970876
71565,pinking,pink,Word,pinking,1.8872507265076837
71573,pinks,pink,Word,pinks,3.7599833464818273
71584,pinned,pin,Word,pinned,3.5685446911136887
71586,pinning,pin,Word,pinning,3.0513615045274474
71600,pins,pin,Word,pins,3.260152030551472
71626,pioneer,pioneer,Word,pioneer,3.040464794170236
71628,pioneered,pioneer,Word,pioneered,3.1680441779656423
71630,pioneers,pioneer,Word,pioneers,3.155579822813029
71631,pious,pious,Word,pious,2.9361332338823423
71638,pipe,pipe,Word,pipe,3.0930207081121788
71640,piped,pipe,Word,piped,3.0736411971911175
71651,pipes,pipe,Word,pipes,3.1709088392199196
71656,piping,pipe,Word,piping,2.9132651366042346
71674,piracies,piracy,Lemma,piracy,4.43821819736625
71675,piracy,piracy,Word,piracy,4.43821819736625
71683,pirate,pirate,Word,pirate,3.5261064117427936
71684,pirated,pirate,Lemma,pirate,3.5261064117427936
71685,pirates,pirate,Word,pirates,4.106698667065699
71688,pirating,pirate,Lemma,pirate,3.5261064117427936
71713,pistol,pistol,Word,pistol,3.8414367082100354
71715,pistols,pistol,Word,pistols,3.5334900214862763
71716,piston,piston,Word,piston,3.92485910851989
71717,pistons,piston,Word,pistons,3.661371532348796
71718,pit,pit,Word,pit,3.208715463885813
71721,pitch,pitch,Word,pitch,2.7848862101464498
71723,pitched,pitch,Word,pitched,3.328975222687901
71724,pitcher,pitcher,Word,pitcher,3.7378736532982244
71725,pitchers,pitcher,Word,pitchers,3.941773323431033
71726,pitches,pitch,Word,pitches,3.7948114412257556
71731,pitching,pitch,Word,pitching,3.4185202302165845
71752,pitied,pity,Word,pitied,3.3823332574490967
71753,pities,pity,Lemma,pity,2.5967629198667215
71754,pitiful,pitiful,Word,pitiful,2.7316611008596334
71766,pits,pit,Word,pits,2.8787065719148694
71771,pitted,pit,Lemma,pit,3.208715463885813
71774,pitting,pit,Lemma,pit,3.208715463885813
71780,pity,pity,Word,pity,2.5967629198667215
71781,pitying,pity,Lemma,pity,2.5967629198667215
71784,pivot,pivot,Word,pivot,3.3664598289076206
71787,pivoted,pivot,Lemma,pivot,3.3664598289076206
71788,pivoting,pivot,Word,pivoting,3.530067702785807
71789,pivots,pivot,Lemma,pivot,3.3664598289076206
71818,place,place,Word,place,2.1245447296670004
71821,placed,place,Word,placed,2.562411971973018
71830,placement,placement,Word,placement,2.667600613276729
71831,placements,placement,Lemma,placement,2.667600613276729
71838,places,place,Word,places,2.218497265550469
71845,placing,place,Word,placing,2.5062834988581937
71862,plague,plague,Word,plague,2.9549195079980737
71863,plagued,plague,Word,plagued,3.07461213184495
71864,plagues,plague,Lemma,plague,2.9549195079980737
71866,plaguing,plague,Lemma,plague,2.9549195079980737
71870,plaid,plaid,Word,plaid,3.315742093019832
71871,plaids,plaid,Word,plaids,4.553337178374314
71872,plain,plain,Word,plain,2.479354722764738
71876,plained,plain,Lemma,plain,2.479354722764738
71880,plaining,plain,Lemma,plain,2.479354722764738
71883,plains,plain,Word,plains,3.249936617269603
71904,plan,plan,Word,plan,2.3404773605884954
71912,plane,plane,Word,plane,3.2181744630039284
71913,planed,plane,Word,planed,2.5780000051409533
71916,planes,plane,Word,planes,3.313678592125994
71917,planet,planet,Word,planet,3.144261757525142
71922,planetary,planetary,Word,planetary,3.695308479208385
71926,planets,planet,Word,planets,4.350237190233123
71930,planing,plane,Lemma,plane,3.2181744630039284
71931,plank,plank,Word,plank,3.1472689621760663
71932,planked,plank,Lemma,plank,3.1472689621760663
71934,planks,plank,Word,planks,3.20108123394868
71938,planned,plan,Word,planned,2.333557503721418
71941,planning,plan,Word,planning,2.3297417679155332
71943,plans,plan,Word,plans,2.3430182234524395
71944,plant,plant,Word,plant,3.118655313977048
71949,plantation,plantation,Word,plantation,3.4959130805619174
71950,plantations,plantation,Word,plantations,3.5538549044971135
71951,planted,plant,Word,planted,3.1314685478099156
71953,planters,planter,Word,planters,3.2030945364346515
71959,plants,plant,Word,plants,3.1401583372553343
71960,plaque,plaque,Word,plaque,3.56366551427643
71961,plaques,plaque,Word,plaques,3.4380754268644345
71968,plasma,plasma,Word,plasma,3.370060388331257
71974,plaster,plaster,Word,plaster,3.231393223687021
71976,plastered,plaster,Word,plastered,3.3263127781913138
71981,plasters,plaster,Word,plasters,3.094825876558422
71983,plastic,plastic,Word,plastic,2.742140571701001
71990,plastics,plastic,Word,plastics,3.23393930861826
71996,plate,plate,Word,plate,3.0875135571989234
71997,plateau,plateau,Word,plateau,3.2150415317151726
71998,plateaux,plateau,Lemma,plateau,3.2150415317151726
71999,plated,plate,Word,plated,4.106163255862383
72006,plates,plate,Word,plates,3.215080216795493
72007,platform,platform,Word,platform,2.463188937047429
72008,platforms,platform,Word,platforms,2.8267553138398798
72010,plating,plate,Lemma,plate,3.0875135571989234
72011,platinum,platinum,Word,platinum,3.4081377905364665
72027,platter,platter,Word,platter,3.3529791555940913
72028,platters,platter,Word,platters,3.5179337359731147
72037,plausible,plausible,Word,plausible,2.6941380085296083
72039,play,play,Word,play,2.3686943260501736
72054,played,play,Word,played,2.6609099889938523
72055,player,player,Word,player,2.734181049764227
72057,players,player,Word,players,2.6047908542066196
72062,playful,playful,Word,playful,2.8678297337336667
72068,playground,playground,Word,playground,3.023060947552468
72069,playgrounds,playground,Lemma,playground,3.023060947552468
72073,playhouses,playhouse,Word,playhouses,3.9941788477615483
72075,playing,play,Word,playing,2.5348442394049093
72090,plays,play,Word,plays,2.65500179447949
72100,playwright,playwright,Word,playwright,3.6200723545719007
72101,playwrights,playwright,Word,playwrights,4.1505204030290725
72106,plea,plea,Word,plea,3.7952921206676944
72111,plead,plead,Word,plead,3.32633639555385
72112,pleaded,plead,Word,pleaded,3.8618795087210356
72114,pleading,plead,Word,pleading,2.9513067606577925
72117,pleads,plead,Word,pleads,4.610707979254592
72118,pleas,plea,Word,pleas,3.550442184984403
72121,pleasant,pleasant,Word,pleasant,2.6972229191740817
72131,pleasing,please,Word,pleasing,2.6829677083598282
72135,pleasure,pleasure,Word,pleasure,2.914489083500188
72136,pleasures,pleasure,Word,pleasures,3.4035288319331727
72137,pleasuring,pleasure,Lemma,pleasure,2.914489083500188
72154,pled,plead,Lemma,plead,3.32633639555385
72155,pledge,pledge,Word,pledge,2.924974029507499
72156,pledged,pledge,Word,pledged,2.980502535575409
72157,pledges,pledge,Word,pledges,3.1462659734719467
72158,pledging,pledge,Lemma,pledge,2.924974029507499
72173,plentiful,plentiful,Word,plentiful,3.0802978193583743
72175,plenty,plenty,Word,plenty,2.693667009196068
72201,plight,plight,Word,plight,3.2360812421501217
72203,plighting,plight,Lemma,plight,3.2360812421501217
72204,plights,plight,Lemma,plight,3.2360812421501217
72233,plot,plot,Word,plot,3.2232128397889674
72235,plots,plot,Word,plots,3.169042529196984
72236,plotted,plot,Word,plotted,3.1741394112221544
72239,plotting,plot,Word,plotting,3.3333970397240194
72267,plucked,pluck,Word,plucked,3.021119987553443
72273,plucking,pluck,Word,plucking,2.9648394641309124
72276,plug,plug,Word,plug,2.9607603806938494
72278,plugged,plug,Word,plugged,2.959584138038573
72280,plugging,plug,Word,plugging,3.102319117906207
72283,plugs,plug,Word,plugs,3.048904392378302
72285,plum,plum,Word,plum,3.1833522454151186
72293,plumber,plumber,Word,plumber,3.319766778719453
72294,plumbers,plumber,Lemma,plumber,3.319766778719453
72297,plumbing,plumbing,Word,plumbing,3.111240148152382
72301,plumes,plume,Lemma,plume,4.100606505775349
72315,plump,plump,Word,plump,2.6482741727899812
72316,plumped,plump,Word,plumped,3.1099616490189064
72319,plumping,plump,Lemma,plump,2.6482741727899812
72322,plumps,plump,Lemma,plump,2.6482741727899812
72324,plums,plum,Lemma,plum,3.1833522454151186
72333,plunge,plunge,Word,plunge,2.9831442643335553
72334,plunged,plunge,Word,plunged,3.443740783210645
72337,plunges,plunge,Word,plunges,3.720934315655954
72338,plunging,plunge,Word,plunging,3.1410580671061945
72394,pneumonia,pneumonia,Word,pneumonia,3.6823095559207957
72409,pocket,pocket,Word,pocket,2.915538956114431
72413,pocketed,pocket,Word,pocketed,3.154162177310918
72416,pocketing,pocket,Lemma,pocket,2.915538956114431
72419,pockets,pocket,Word,pockets,2.9371572852812293
72428,pod,pod,Word,pod,3.0993358538362665
72431,podding,pod,Lemma,pod,3.0993358538362665
72448,pods,pod,Word,pods,3.1920620087173384
72450,poem,poem,Word,poem,3.4263748672341796
72451,poems,poem,Word,poems,3.4053760470052388
72454,poet,poet,Word,poet,3.3737813116171425
72460,poetic,poetic,Word,poetic,3.127119509078631
72469,poetry,poetry,Word,poetry,3.108194640669099
72471,poets,poet,Word,poets,3.5173577907329463
72487,point,point,Word,point,2.1290429365618553
72489,pointed,point,Word,pointed,2.650207935898047
72491,pointer,pointer,Word,pointer,4.192950713819073
72492,pointers,pointer,Word,pointers,3.8641423307323746
72497,pointing,point,Word,pointing,2.3733143015049096
72498,pointless,pointless,Word,pointless,2.721333022047003
72501,points,point,Word,points,2.7351369387424382
72507,poised,poise,Word,poised,2.8611247244238527
72510,poison,poison,Word,poison,3.1934385517081663
72511,poisoned,poison,Word,poisoned,3.388456029652541
72515,poisonous,poisonous,Word,poisonous,3.0651181378623575
72517,poisons,poison,Word,poisons,3.4222270851110044
72521,poke,poke,Word,poke,3.0860216160303096
72523,poked,poke,Word,poked,3.3020037211440734
72525,poker,poker,Word,poker,3.5483165729693043
72528,pokers,poker,Lemma,poker,3.5483165729693043
72530,pokes,poke,Word,pokes,3.281050265186791
72537,poking,poke,Word,poking,3.0142986545216117
72543,polar,polar,Word,polar,3.3967654901570308
72560,pole,pole,Word,pole,3.3751866667623807
72564,poled,pole,Lemma,pole,3.3751866667623807
72572,poles,pole,Word,poles,3.33747918442796
72574,police,police,Word,police,2.6515705670552783
72575,policed,police,Word,policed,3.384237446262928
72576,policeman,policeman,Word,policeman,3.080080839091805
72578,policemen,policeman,Word,policemen,3.322799920297034
72580,polices,police,Lemma,police,2.6515705670552783
72583,policies,policy,Word,policies,2.7220844087949416
72584,policing,police,Word,policing,3.2809839708922492
72586,policy,policy,Word,policy,2.5452526641570503
72597,polish,polish,Word,polish,3.1013726370869756
72598,polished,polish,Word,polished,2.800077088832212
72601,polishes,polish,Word,polishes,3.3846711684280377
72602,polishing,polish,Word,polishing,3.0962380525901705
72605,polite,polite,Word,polite,3.17554251715927
72612,political,political,Word,political,2.631223659314264
72619,politician,politician,Word,politician,3.0750688297558018
72620,politicians,politician,Word,politicians,2.5983737078267084
72632,politics,politics,Word,politics,2.941716946385893
72638,poll,poll,Word,poll,3.7745626230032654
72643,polled,poll,Word,polled,3.643677849169628
72644,pollen,pollen,Word,pollen,4.231040203859434
72657,polls,poll,Word,polls,3.6071674986709867
72668,pollution,pollution,Word,pollution,3.3894028878814844
72674,polo,polo,Word,polo,3.8034883491000344
72868,pond,pond,Word,pond,3.079710438715358
72872,pondered,ponder,Word,pondered,2.9572410239412834
72873,pondering,ponder,Word,pondering,2.8725890449412455
72879,ponds,pond,Word,ponds,3.268604505791518
72894,ponies,pony,Word,ponies,3.0247169272116254
72918,pony,pony,Word,pony,3.012496967484816
72937,pool,pool,Word,pool,2.74456537463411
72939,pooled,pool,Word,pooled,2.9298489593209465
72941,pooling,pool,Word,pooling,2.916334465048338
72944,pools,pool,Word,pools,3.176401417311467
72952,poor,poor,Word,poor,2.513892736676505
72958,poorly,poorly,Word,poorly,3.0209054409265357
72990,popped,pop,Word,popped,2.9447529080310866
72996,popping,pop,Word,popping,3.0386648817189656
73001,pops,pop,Word,pops,2.8767990077811283
73010,popular,popular,Word,popular,2.35309324607595
73012,popularity,popularity,Word,popularity,3.4637109052660517
73025,population,population,Word,population,3.182609098964186
73026,populations,population,Word,populations,3.3747293727834164
73030,populous,populous,Word,populous,2.962265354126061
73033,porcelain,porcelain,Word,porcelain,3.3631627027448805
73034,porch,porch,Word,porch,3.4045701769503385
73035,porches,porch,Word,porches,3.838534782724295
73039,pore,pore,Word,pore,3.4452817313434436
73040,pored,pore,Word,pored,3.8097630403185634
73041,pores,pore,Word,pores,3.832777379993334
73044,poring,pore,Word,poring,3.9881489089704867
73063,porous,porous,Word,porous,3.5653411408519418
73074,port,port,Word,port,3.0168515692405347
73078,portable,portable,Word,portable,2.881419703992934
73089,ported,port,Lemma,port,3.0168515692405347
73114,porting,port,Lemma,port,3.0168515692405347
73115,portion,portion,Word,portion,2.3418145448625434
73116,portions,portion,Word,portions,2.6117193668424155
73126,portrait,portrait,Word,portrait,3.27068725025878
73129,portraits,portrait,Word,portraits,3.482192730130192
73134,portrayed,portray,Word,portrayed,2.9598731790176642
73138,ports,port,Word,ports,3.459770648268982
73146,pose,pose,Word,pose,3.155594941645926
73147,posed,pose,Word,posed,2.959375570788896
73151,poses,pose,Word,poses,3.200003256320217
73161,posing,pose,Word,posing,3.0346231725805675
73165,position,position,Word,position,2.365114659344742
73167,positioned,position,Word,positioned,3.164974020963779
73169,positions,position,Word,positions,2.8400956998369433
73170,positive,positive,Word,positive,2.700417692366187
73173,positives,positive,Lemma,positive,2.700417692366187
73188,possess,possess,Word,possess,2.88337967555174
73189,possessed,possess,Word,possessed,2.744442351233706
73190,possesses,possess,Word,possesses,3.035913955688788
73191,possessing,possess,Word,possessing,3.215485327998654
73192,possession,possession,Word,possession,3.1492909895257934
73193,possessions,possession,Word,possessions,3.6765544198495244
73194,possessive,possessive,Word,possessive,3.8347697755453862
73197,possessives,possessive,Lemma,possessive,3.8347697755453862
73203,possibilities,possibility,Word,possibilities,2.8703740305114898
73204,possibility,possibility,Word,possibility,2.6856609591738057
73205,possible,possible,Word,possible,2.0477402362599597
73206,possibles,possible,Lemma,possible,2.0477402362599597
73211,post,post,Word,post,2.2776437098525255
73213,postal,postal,Word,postal,3.1443484336268637
73233,posted,post,Word,posted,3.013098812298533
73236,poster,poster,Word,poster,2.9887030518507753
73237,posterior,posterior,Word,posterior,3.4404246687471156
73239,posteriors,posterior,Lemma,posterior,3.4404246687471156
73244,posters,poster,Word,posters,3.1728729935306026
73263,posting,post,Word,posting,2.923711460250785
73266,postman,postman,Word,postman,3.4616293092448545
73274,postmen,postman,Word,postmen,4.0657181786875976
73307,posts,post,Word,posts,3.1169241763104476
73325,posture,posture,Word,posture,3.327935813754495
73326,postured,posture,Lemma,posture,3.327935813754495
73328,postures,posture,Word,postures,3.57657211135251
73335,pot,pot,Word,pot,3.3301904483469564
73339,potassium,potassium,Word,potassium,4.081021658639174
73342,potato,potato,Word,potato,2.987047643367457
73343,potatoes,potato,Word,potatoes,3.07985502311236
73357,potent,potent,Word,potent,3.010624388431806
73360,potential,potential,Word,potential,2.2900402920839196
73364,potentials,potential,Word,potentials,3.352334764677579
73396,pots,pot,Word,pots,3.0596230651386396
73414,pottery,pottery,Word,pottery,3.6685728812079623
73419,potting,pot,Word,potting,3.8706724799713266
73422,pouch,pouch,Word,pouch,3.55745348950315
73424,pouches,pouch,Word,pouches,3.6142724049499746
73425,pouching,pouch,Lemma,pouch,3.55745348950315
73437,poultry,poultry,Word,poultry,3.5130287624959817
73443,pound,pound,Word,pound,3.0502611662433807
73445,pounded,pound,Word,pounded,3.14900094240545
73447,pounding,pound,Word,pounding,2.943764238673154
73449,pounds,pound,Word,pounds,3.115976292542194
73451,pour,pour,Word,pour,3.0838710200466233
73452,poured,pour,Word,poured,3.2046770733428844
73454,pouring,pour,Word,pouring,3.0127029806242107
73455,pours,pour,Word,pours,3.3745810039629105
73466,poverty,poverty,Word,poverty,3.6744920368264076
73468,powder,powder,Word,powder,3.242694005444919
73470,powdering,powder,Lemma,powder,3.242694005444919
73472,powders,powder,Word,powders,3.5262977482474755
73476,power,power,Word,power,2.469555102508114
73482,powered,power,Word,powered,2.6803384646174075
73483,powerful,powerful,Word,powerful,2.4262528557142833
73488,powering,power,Lemma,power,2.469555102508114
73489,powerless,powerless,Word,powerless,3.0053224333051993
73494,powers,power,Word,powers,3.0887318807763053
73509,practical,practical,Word,practical,2.49583964154618
73513,practicals,practical,Lemma,practical,2.49583964154618
73514,practice,practice,Word,practice,2.6197054049738013
73515,practiced,practice,Word,practiced,3.155743188298518
73516,practices,practice,Word,practices,2.7671267776341146
73519,practicing,practice,Word,practicing,2.9940289614138935
73525,practitioner,practitioner,Word,practitioner,3.1731228938727294
73526,practitioners,practitioner,Word,practitioners,2.9965267449487234
73541,prairie,prairie,Word,prairie,3.390773448195171
73542,prairies,prairie,Lemma,prairie,3.390773448195171
73544,praised,praise,Word,praised,3.19129912598981
73547,praises,praise,Word,praises,3.46908565096845
73551,praising,praise,Word,praising,2.787462272388155
73593,pray,pray,Word,pray,3.275887702031548
73594,prayed,pray,Word,prayed,3.4651159820360315
73595,prayer,prayer,Word,prayer,3.2160500154133738
73601,prayers,prayer,Word,prayers,3.880261098769606
73603,praying,pray,Word,praying,3.222143835757884
73604,prays,pray,Lemma,pray,3.275887702031548
73605,preach,preach,Word,preach,3.1271405667747567
73606,preached,preach,Word,preached,3.2411613460439996
73607,preacher,preacher,Word,preacher,3.380771021979762
73608,preachers,preacher,Word,preachers,3.3704058645564894
73609,preaches,preach,Word,preaches,3.5013482952073245
73614,preaching,preach,Word,preaching,3.089970595052936
73642,precarious,precarious,Word,precarious,3.0360368882233852
73653,precedent,precedent,Word,precedent,3.243051297769226
73654,precedented,precedent,Lemma,precedent,3.243051297769226
73656,precedents,precedent,Word,precedents,3.205034250137343
73672,precinct,precinct,Word,precinct,3.3196627056068806
73673,precincts,precinct,Word,precincts,3.698726245880205
73676,precious,precious,Word,precious,2.8340379982857637
73688,precipitating,precipitate,Word,precipitating,3.0916390741419253
73697,precise,precise,Word,precise,2.70013595485107
73704,precision,precision,Word,precision,3.1561176350157196
73757,predecessor,predecessor,Word,predecessor,2.971878881199099
73758,predecessors,predecessor,Word,predecessors,2.925402405095225
73782,predicaments,predicament,Lemma,predicament,2.9463536077666874
73867,prefer,prefer,Word,prefer,2.730579268027265
73870,preference,preference,Word,preference,2.754837033778652
73871,preferences,preference,Word,preferences,3.2185239366704854
73875,preferred,prefer,Word,preferred,2.4872474088662004
73876,preferring,prefer,Word,preferring,2.8275183983100862
73877,prefers,prefer,Word,prefers,2.828122512788894
73893,pregnancies,pregnancy,Lemma,pregnancy,3.6442759286008855
73894,pregnancy,pregnancy,Word,pregnancy,3.6442759286008855
73895,pregnant,pregnant,Word,pregnant,3.150857469514902
73964,premier,premier,Word,premier,2.7928510324614773
73969,premiers,premier,Lemma,premier,2.7928510324614773
73972,premise,premise,Word,premise,2.7523533948940226
73973,premised,premise,Lemma,premise,2.7523533948940226
73974,premises,premise,Word,premises,2.8412394296038905
73975,premising,premise,Lemma,premise,2.7523533948940226
73976,premium,premium,Word,premium,2.841913557224653
73977,premiums,premium,Word,premiums,3.9426558980172755
74021,preparation,preparation,Word,preparation,2.589623461088646
74022,preparations,preparation,Word,preparations,3.0002408089529045
74025,prepare,prepare,Word,prepare,2.676646205669123
74026,prepared,prepare,Word,prepared,2.363936190499595
74030,prepares,prepare,Word,prepares,3.0107482575863376
74031,preparing,prepare,Word,preparing,2.542501311710762
74131,presence,presence,Word,presence,2.6371976347658954
74132,presences,presence,Word,presences,3.349909623121886
74133,present,present,Word,present,1.8914698661644749
74136,presentation,presentation,Word,presentation,2.7352706149787407
74138,presentations,presentation,Word,presentations,2.997405102979518
74140,presented,present,Word,presented,2.503078165287968
74146,presenting,present,Word,presenting,2.3137035615502577
74152,presents,present,Word,presents,2.596443849653315
74172,presidencies,presidency,Lemma,presidency,3.300952528506382
74173,presidency,presidency,Word,presidency,3.300952528506382
74176,presidential,presidential,Word,presidential,3.069297490875913
74187,press,press,Word,press,2.3692251285271406
74189,pressed,press,Word,pressed,2.5715390716227797
74191,presses,press,Word,presses,3.14232034095208
74196,pressing,press,Word,pressing,2.4049692280560406
74204,pressure,pressure,Word,pressure,2.9851736012325296
74206,pressures,pressure,Word,pressures,3.056860016340626
74207,pressuring,pressure,Lemma,pressure,2.9851736012325296
74220,prestige,prestige,Word,prestige,3.07672461236113
74252,pretend,pretend,Word,pretend,2.44137268850386
74253,pretended,pretend,Word,pretended,3.013614893443379
74257,pretending,pretend,Word,pretending,2.563694755081563
74258,pretends,pretend,Word,pretends,3.019075552003172
74288,pretty,pretty,Word,pretty,2.6547461067550344
74311,prevent,prevent,Word,prevent,2.8733277980986567
74316,prevented,prevent,Word,prevented,3.1032278310634136
74318,preventing,prevent,Word,preventing,2.9351457722623486
74319,prevention,prevention,Word,prevention,3.2987888937434486
74320,preventive,preventive,Word,preventive,3.2315658013070165
74322,preventives,preventive,Lemma,preventive,3.2315658013070165
74323,prevents,prevent,Word,prevents,3.4698963252917787
74329,previous,previous,Word,previous,2.238824766998295
74342,prey,prey,Word,prey,3.247076555942335
74343,preyed,prey,Lemma,prey,3.247076555942335
74344,preying,prey,Word,preying,3.6692520608780197
74345,preys,prey,Lemma,prey,3.247076555942335
74348,price,price,Word,price,2.858633468662572
74349,priced,price,Word,priced,3.0740798364338238
74350,priceless,priceless,Word,priceless,2.87516381954141
74352,prices,price,Word,prices,3.1680654111043274
74360,pricked,prick,Word,pricked,3.484677725169376
74369,pricklier,prickly,Lemma,prickly,2.976064197321214
74373,prickly,prickly,Word,prickly,2.976064197321214
74377,pride,pride,Word,pride,3.1506056475565836
74380,prides,pride,Word,prides,3.4800160117806973
74381,priding,pride,Lemma,pride,3.1506056475565836
74382,pried,pry,Lemma,pry,3.6733317727643713
74384,pries,pry,Lemma,pry,3.6733317727643713
74385,priest,priest,Word,priest,3.32457910356876
74396,priests,priest,Word,priests,3.550286039544246
74407,primaries,primary,Word,primaries,3.94362073466319
74409,primary,primary,Word,primary,2.47814020326072
74410,primate,primate,Word,primate,3.5159722831477573
74411,primates,primate,Word,primates,3.69004326692418
74413,prime,prime,Word,prime,2.7067785415689625
74414,primed,prime,Word,primed,2.729380979578551
74417,primes,prime,Word,primes,3.1758816665228853
74421,primitive,primitive,Word,primitive,2.8762038787692314
74424,primitives,primitive,Lemma,primitive,2.8762038787692314
74456,princes,prince,Word,princes,3.429640586310509
74457,princess,princess,Word,princess,3.288094133912879
74459,princesses,princess,Lemma,princess,3.288094133912879
74461,principal,principal,Word,principal,2.6826869889209113
74465,principals,principal,Word,principals,2.7018739598028163
74470,principles,principle,Word,principles,3.047227809619944
74475,print,print,Word,print,2.7507540340764716
74478,printed,print,Word,printed,2.7629760603381204
74480,printer,printer,Word,printer,3.295109272303444
74482,printers,printer,Lemma,printer,3.295109272303444
74483,printing,printing,Word,printing,3.252316876143218
74484,printings,printing,Lemma,printing,3.252316876143218
74488,prints,print,Word,prints,3.080269898648506
74490,prior,prior,Word,prior,2.2932897997198203
74494,priorities,priority,Word,priorities,3.0841938362234385
74497,priority,priority,Word,priority,3.0684842593069237
74498,priors,prior,Lemma,prior,2.2932897997198203
74509,prison,prison,Word,prison,3.3227908293527864
74510,prisoner,prisoner,Word,prisoner,3.4832620650247925
74511,prisoners,prisoner,Word,prisoners,3.6077380733281283
74513,prisons,prison,Word,prisons,3.440460438287348
74521,privacy,privacy,Word,privacy,3.9527378974066787
74522,private,private,Word,private,2.2380104310865496
74526,privates,private,Lemma,private,2.2380104310865496
74535,privilege,privilege,Word,privilege,3.131161809700016
74537,privileges,privilege,Word,privileges,3.356111163421304
74541,prize,prize,Word,prize,3.2171561484328324
74542,prized,prize,Word,prized,2.8862790555726363
74550,prizes,prize,Word,prizes,3.6873683901013052
74552,prizing,prize,Lemma,prize,3.2171561484328324
74553,pro,pro,Word,pro,2.6539691890991217
74556,probabilities,probability,Word,probabilities,3.4777261339600676
74557,probability,probability,Word,probability,2.9978913708425576
74558,probable,probable,Word,probable,2.7809132607844775
74559,probables,probable,Lemma,probable,2.7809132607844775
74565,probation,probation,Word,probation,3.9916959762808255
74571,probe,probe,Word,probe,3.5143770106503482
74572,probed,probe,Word,probed,3.173829138499578
74574,probes,probe,Word,probes,3.2540960155079093
74575,probing,probe,Word,probing,2.993880144795546
74581,problem,problem,Word,problem,2.6445006232794896
74585,problems,problem,Word,problems,2.69560096812095
74593,procedure,procedure,Word,procedure,2.9772282752317443
74594,procedures,procedure,Word,procedures,2.915982859172843
74595,proceed,proceed,Word,proceed,2.7760224649061174
74596,proceeded,proceed,Word,proceeded,2.6072176027001115
74597,proceeding,proceed,Word,proceeding,2.668909749726662
74599,proceeds,proceeds,Word,proceeds,3.81120468575018
74663,prodded,prod,Word,prodded,2.9050743171353597
74714,profession,profession,Word,profession,3.0624359158855015
74715,professional,professional,Word,professional,2.2862457987571716
74720,professionals,professional,Word,professionals,2.743273075109746
74721,professions,profession,Word,professions,3.138186728427199
74728,professors,professor,Word,professors,3.0583042035921206
74737,proficient,proficient,Word,proficient,3.647895533817466
74739,profile,profile,Word,profile,2.816498431018691
74740,profiled,profile,Lemma,profile,2.816498431018691
74742,profiles,profile,Word,profiles,2.8564798062904297
74744,profiling,profile,Lemma,profile,2.816498431018691
74745,profit,profit,Word,profit,3.3103700074819877
74747,profitable,profitable,Word,profitable,3.0188333613382814
74750,profited,profit,Word,profited,3.5447804287554647
74756,profiting,profit,Lemma,profit,3.3103700074819877
74759,profits,profit,Word,profits,3.1111161522414457
74764,profound,profound,Word,profound,2.681187754251226
74910,prominent,prominent,Word,prominent,2.5764522531209244
74916,promise,promise,Word,promise,2.641411288820529
74917,promised,promise,Word,promised,2.477920562454764
74918,promises,promise,Word,promises,2.7481239130554695
74919,promising,promising,Word,promising,2.326877561457408
74936,prompt,prompt,Word,prompt,2.5019934334594374
74938,prompted,prompt,Word,prompted,2.956051774053729
74941,prompting,prompt,Lemma,prompt,2.5019934334594374
74946,prompts,prompt,Word,prompts,3.4703350980192287
74958,prone,prone,Word,prone,3.0117926120951495
74968,pronounce,pronounce,Word,pronounce,3.479618440133135
74970,pronounced,pronounce,Word,pronounced,2.994893120378043
74975,pronounces,pronounce,Lemma,pronounce,3.479618440133135
74976,pronouncing,pronounce,Word,pronouncing,3.09427706209542
74984,proof,proof,Word,proof,2.753939004469283
74985,proofed,proof,Lemma,proof,2.753939004469283
74993,proofs,proof,Lemma,proof,2.753939004469283
74994,prop,prop,Word,prop,3.171783456993078
75016,propelled,propel,Word,propelled,2.8091163723763772
75017,propeller,propeller,Word,propeller,3.3840186868843367
75018,propellers,propeller,Lemma,propeller,3.3840186868843367
75027,propertied,property,Lemma,property,2.5183669522716556
75028,properties,property,Word,properties,2.8806511953543508
75030,property,property,Word,property,2.5183669522716556
75032,prophecies,prophecy,Word,prophecies,3.8323746764341537
75033,prophecy,prophecy,Word,prophecy,3.5976421227792565
75045,prophets,prophet,Word,prophets,3.5746831727030166
75097,propped,prop,Word,propped,3.2555613628892606
75098,propping,prop,Word,propping,3.2258048964227486
75103,proprietor,proprietor,Word,proprietor,2.787936775061294
75104,proprietors,proprietor,Word,proprietors,2.805096885717051
75113,props,prop,Word,props,2.7856289411476443
75131,pros,pro,Word,pros,2.841596200115442
75189,prosper,prosper,Word,prosper,3.0429144678990925
75190,prospered,prosper,Word,prospered,3.1187137412153842
75191,prospering,prosper,Word,prospering,3.054838065351204
75192,prosperity,prosperity,Word,prosperity,3.3892722346959707
75193,prosperous,prosperous,Word,prosperous,3.205860445652237
75196,prospers,prosper,Word,prospers,3.3383882345782117
75227,protect,protect,Word,protect,2.8486504322849857
75228,protected,protect,Word,protected,2.7746292815171243
75229,protecting,protect,Word,protecting,2.857659633111085
75230,protection,protection,Word,protection,2.791324010144292
75234,protections,protection,Lemma,protection,2.791324010144292
75235,protective,protective,Word,protective,2.9565115175382273
75243,protects,protect,Word,protects,3.274756978594938
75248,protein,protein,Word,protein,3.782704621267621
75250,proteins,protein,Word,proteins,4.215884260462847
75265,protested,protest,Word,protested,3.3180023230101106
75268,protesting,protest,Word,protesting,3.1455329446924756
75271,protests,protest,Word,protests,3.482385053295629
75326,proud,proud,Word,proud,3.077406052652316
75336,prove,prove,Word,prove,2.5269621271320246
75337,proved,prove,Word,proved,2.649867401376186
75338,proven,prove,Word,proven,2.7753591020221013
75349,proves,prove,Word,proves,2.56694122396178
75362,province,province,Word,province,3.15268838650329
75363,provinces,province,Word,provinces,3.535420251467046
75365,provincial,provincial,Word,provincial,3.4072678411018407
75370,provincials,provincial,Lemma,provincial,3.4072678411018407
75372,proving,prove,Word,proving,2.534970923865796
75390,provoke,provoke,Word,provoke,3.0883704639268164
75391,provoked,provoke,Word,provoked,2.790954967620412
75393,provokes,provoke,Word,provokes,3.283795613129809
75394,provoking,provoke,Lemma,provoke,3.0883704639268164
75415,proximity,proximity,Word,proximity,3.1157177139303975
75422,prudent,prudent,Word,prudent,2.8529483544134546
75453,pry,pry,Word,pry,3.6733317727643713
75499,psyche,psyche,Word,psyche,3.3235263878992702
75505,psyches,psyche,Word,psyches,3.6276452110016466
75511,psychic,psychic,Word,psychic,3.387483497120996
75514,psychics,psychic,Lemma,psychic,3.387483497120996
75546,psychologies,psychology,Lemma,psychology,3.102849158651198
75547,psychologist,psychologist,Word,psychologist,3.5995614820953454
75548,psychologists,psychologist,Word,psychologists,3.3135736588216314
75549,psychology,psychology,Word,psychology,3.102849158651198
75613,puberty,puberty,Word,puberty,4.336771866684868
75619,public,public,Word,public,2.1745439046945516
75624,publication,publication,Word,publication,2.9489385319705272
75625,publications,publication,Word,publications,3.0207574360314844
75628,publicity,publicity,Word,publicity,3.1701667503257087
75635,publics,public,Lemma,public,2.1745439046945516
75637,publish,publish,Word,publish,3.2197493249384186
75639,published,publish,Word,published,2.775042664678947
75640,publisher,publisher,Word,publisher,3.288739898236769
75641,publishers,publisher,Word,publishers,3.442444242795335
75642,publishes,publish,Word,publishes,3.812587530757599
75643,publishing,publish,Word,publishing,3.00419722249897
75657,puddings,pudding,Word,puddings,3.4250659466908315
75659,puddle,puddle,Word,puddle,3.3821551474437808
75660,puddled,puddle,Lemma,puddle,3.3821551474437808
75663,puddles,puddle,Word,puddles,3.817777241005031
75683,puff,puff,Word,puff,2.9507710155726015
75686,puffed,puff,Word,puffed,3.0860477863606857
75697,puffs,puff,Word,puffs,3.3778014124226075
75698,puffy,puffy,Word,puffy,3.1176564845071195
75731,pull,pull,Word,pull,2.640610339797416
75734,pulled,pull,Word,pulled,2.6950806687805096
75739,pulley,pulley,Word,pulley,4.280685458623618
75740,pulleys,pulley,Word,pulleys,4.157418904055596
75741,pulling,pull,Word,pulling,2.6429634620126934
75752,pulls,pull,Word,pulls,3.1576381127294875
75764,pulp,pulp,Word,pulp,3.5104515822129354
75766,pulped,pulp,Lemma,pulp,3.5104515822129354
75770,pulping,pulp,Lemma,pulp,3.5104515822129354
75771,pulpit,pulpit,Word,pulpit,3.468648003510624
75773,pulpits,pulpit,Word,pulpits,3.841991745067724
75775,pulps,pulp,Lemma,pulp,3.5104515822129354
75788,pulse,pulse,Word,pulse,3.2358476729484864
75789,pulsed,pulse,Word,pulsed,3.554895403235636
75790,pulses,pulse,Lemma,pulse,3.2358476729484864
75791,pulsing,pulse,Word,pulsing,3.1694565216950705
75807,pump,pump,Word,pump,2.7934416766484467
75808,pumped,pump,Word,pumped,2.918667315203955
75811,pumping,pump,Word,pumping,2.940978034228721
75812,pumpkin,pumpkin,Word,pumpkin,3.373289006863546
75813,pumpkins,pumpkin,Lemma,pumpkin,3.373289006863546
75814,pumps,pump,Word,pumps,2.923523318395051
75816,punch,punch,Word,punch,2.887750151623113
75820,punched,punch,Word,punched,3.5643649897386402
75824,punches,punch,Word,punches,3.9257193480662216
75828,punching,punch,Word,punching,3.337792509420587
75855,pungent,pungent,Word,pungent,3.0331467367115876
75863,punish,punish,Word,punish,2.917079009105854
75866,punished,punish,Word,punished,3.0576069270703212
75868,punishes,punish,Word,punishes,3.5100876836732233
75869,punishing,punish,Word,punishing,2.6241350532348644
75871,punishment,punishment,Word,punishment,3.407861502798067
75872,punishments,punishment,Word,punishments,3.726922344206375
75900,pup,pup,Word,pup,3.290264379835156
75911,pupil,pupil,Word,pupil,3.732899262947791
75914,pupils,pupil,Word,pupils,3.606487666288222
75915,pupped,pup,Lemma,pup,3.290264379835156
75916,puppet,puppet,Word,puppet,3.182265776730312
75921,puppets,puppet,Word,puppets,3.400085602085164
75922,puppies,puppy,Word,puppies,3.4520543481061514
75923,pupping,pup,Lemma,pup,3.290264379835156
75924,puppy,puppy,Word,puppy,3.276525833916008
75927,pups,pup,Word,pups,3.591650222261021
75931,purchase,purchase,Word,purchase,2.5815647956678274
75932,purchased,purchase,Word,purchased,2.7969167174063685
75936,purchases,purchase,Word,purchases,2.9799153143061843
75937,purchasing,purchase,Word,purchasing,2.7335067806542765
75941,pure,pure,Word,pure,2.597705147010175
75969,purifies,purify,Lemma,purify,3.5240044960873975
75971,purifying,purify,Word,purifying,3.50610199713396
75981,purity,purity,Word,purity,3.389418885110056
76004,purpose,purpose,Word,purpose,2.5962247653820416
76005,purposed,purpose,Word,purposed,2.4544098716600895
76013,purposes,purpose,Word,purposes,3.290742846243241
76014,purposing,purpose,Lemma,purpose,2.5962247653820416
76022,purse,purse,Word,purse,3.4662613357292296
76023,pursed,purse,Word,pursed,3.3299433002740195
76026,purses,purse,Word,purses,3.6461739300416003
76029,pursing,purse,Lemma,purse,3.4662613357292296
76034,pursue,pursue,Word,pursue,2.8979119042014494
76035,pursued,pursue,Word,pursued,2.7732794396098654
76038,pursues,pursue,Word,pursues,3.0910211631674267
76039,pursuing,pursue,Word,pursuing,2.716794770294059
76058,push,push,Word,push,2.328518651150586
76068,pushed,push,Word,pushed,2.3974983610645655
76071,pushes,push,Word,pushes,2.9899532926031775
76076,pushing,push,Word,pushing,2.3597884751874427
76102,put,put,Word,put,2.160599775173916
76123,puts,put,Word,puts,2.790345924439879
76141,putting,put,Word,putting,2.2897447393419994
76148,puzzle,puzzle,Word,puzzle,3.117191946038808
76149,puzzled,puzzle,Word,puzzled,2.992987148785965
76153,puzzles,puzzle,Word,puzzles,3.571431770608853
76175,pyramid,pyramid,Word,pyramid,3.44717226125441
76177,pyramids,pyramid,Word,pyramids,3.674111117968658
76226,quack,quack,Word,quack,3.3633351754286784
76227,quacked,quack,Word,quacked,2.8940182006694197
76229,quacking,quack,Lemma,quack,3.3633351754286784
76231,quacks,quack,Word,quacks,3.97633788984958
76294,quaint,quaint,Word,quaint,3.093925504418935
76295,quainter,quaint,Lemma,quaint,3.093925504418935
76299,quake,quake,Word,quake,4.434812507846707
76301,quaked,quake,Lemma,quake,4.434812507846707
76308,quakes,quake,Lemma,quake,4.434812507846707
76309,quaking,quake,Word,quaking,3.5995513787282567
76315,qualified,qualify,Word,qualified,2.786312176368134
76319,qualifies,qualify,Word,qualifies,2.945156295387473
76320,qualify,qualify,Word,qualify,3.063959970505029
76321,qualifying,qualify,Word,qualifying,3.200651760057621
76324,qualities,quality,Word,qualities,3.030011921651302
76325,quality,quality,Word,quality,2.5567293640838904
76346,quantitative,quantitative,Word,quantitative,3.018014977225903
76348,quantities,quantity,Word,quantities,3.3795089746202853
76349,quantity,quantity,Word,quantity,2.794977605164159
76360,quarrel,quarrel,Word,quarrel,3.186155455159244
76361,quarreled,quarrel,Word,quarreled,3.741157755082962
76363,quarreling,quarrel,Word,quarreling,3.0995840544225643
76364,quarrelled,quarrel,Lemma,quarrel,3.186155455159244
76365,quarrelling,quarrel,Lemma,quarrel,3.186155455159244
76366,quarrels,quarrel,Word,quarrels,3.3381693829871866
76369,quarried,quarry,Lemma,quarry,3.204993553270182
76377,quarter,quarter,Word,quarter,2.835676946440161
76381,quartered,quarter,Lemma,quarter,2.835676946440161
76384,quartering,quarter,Lemma,quarter,2.835676946440161
76385,quarterlies,quarterly,Lemma,quarterly,3.316807247357636
76386,quarterly,quarterly,Word,quarterly,3.316807247357636
76389,quarters,quarter,Word,quarters,2.604168164768946
76400,quartz,quartz,Word,quartz,3.697976157890118
76438,queen,queen,Word,queen,3.0283044518993525
76440,queened,queen,Lemma,queen,3.0283044518993525
76441,queening,queen,Lemma,queen,3.0283044518993525
76447,queer,queer,Word,queer,3.1153144867092064
76449,queerer,queer,Word,queerer,1.7512141944338435
76451,queering,queer,Lemma,queer,3.1153144867092064
76454,queers,queer,Lemma,queer,3.1153144867092064
76478,quest,quest,Word,quest,2.8194404630254493
76480,questing,quest,Lemma,quest,2.8194404630254493
76481,question,question,Word,question,2.6313719318191464
76483,questionable,questionable,Word,questionable,2.9060919276346797
76486,questioned,question,Word,questioned,2.975974305988337
76489,questioning,question,Word,questioning,2.8317098958663527
76493,questions,question,Word,questions,2.9231689575746165
76494,quests,quest,Lemma,quest,2.8194404630254493
76513,quick,quick,Word,quick,2.423637803373254
76538,quiet,quiet,Word,quiet,2.698110691265316
76539,quieted,quiet,Word,quieted,3.6048479401537485
76546,quieting,quiet,Lemma,quiet,2.698110691265316
76552,quiets,quiet,Lemma,quiet,2.698110691265316
76563,quilt,quilt,Word,quilt,3.6713215525604945
76564,quilted,quilt,Word,quilted,3.46873016898818
76566,quilting,quilt,Word,quilting,3.932458966182223
76567,quilts,quilt,Lemma,quilt,3.6713215525604945
76621,quit,quit,Word,quit,2.8298532845148783
76626,quits,quit,Word,quits,3.6883776094234113
76629,quitted,quit,Lemma,quit,2.8298532845148783
76632,quitting,quit,Word,quitting,3.079218874282121
76636,quivers,quiver,Word,quivers,3.5047991803107403
76663,quota,quota,Word,quota,3.4440031194644694
76667,quotas,quota,Word,quotas,3.7696662220982557
76668,quotation,quotation,Word,quotation,3.3929989712027258
76669,quotations,quotation,Word,quotations,3.397121529243346
76670,quote,quote,Word,quote,2.6950722147907533
76671,quoted,quote,Word,quoted,3.397593516686637
76672,quotes,quote,Word,quotes,3.1262618884762263
76676,quoting,quote,Word,quoting,2.9348626107896942
76685,rabbi,rabbi,Word,rabbi,3.6125722570351244
76690,rabbis,rabbi,Lemma,rabbi,3.6125722570351244
76693,rabbiting,rabbit,Lemma,rabbit,2.7691204789091795
76707,race,race,Word,race,2.7592903790690824
76711,raced,race,Word,raced,2.9382489895950963
76717,racer,racer,Word,racer,3.576079513684919
76718,racers,racer,Word,racers,3.505566598549444
76719,races,race,Word,races,3.1981686633103292
76730,racial,racial,Word,racial,3.570837642693822
76747,rack,rack,Word,rack,2.7350940874387426
76748,racked,rack,Word,racked,3.1214446709847135
76749,racket,racket,Word,racket,3.7284791475428145
76750,racketed,racket,Lemma,racket,3.7284791475428145
76755,racketing,racket,Lemma,racket,3.7284791475428145
76756,rackets,racket,Word,rackets,3.8993579130516567
76758,racking,rack,Word,racking,3.0604154002686244
76760,racks,rack,Word,racks,2.9638915868488507
76773,radial,radial,Word,radial,3.2833996523365157
76775,radials,radial,Lemma,radial,3.2833996523365157
76777,radiance,radiance,Word,radiance,3.461257563831628
76778,radiant,radiant,Word,radiant,3.1817756178341745
76784,radiation,radiation,Word,radiation,4.087793360291564
76785,radiations,radiation,Word,radiations,3.877591586590528
76790,radical,radical,Word,radical,2.6477559419130303
76798,radicals,radical,Word,radicals,3.454616083966049
76804,radii,radius,Word,radii,3.9680308321274977
76867,radius,radius,Word,radius,3.5922429247235548
76889,rafting,raft,Lemma,raft,2.852234383440766
76893,rag,rag,Word,rag,3.0218432303993943
76901,rage,rage,Word,rage,3.0693931458519326
76902,raged,rage,Word,raged,3.1960748979562448
76903,rages,rage,Word,rages,3.2495161372263044
76904,ragged,ragged,Word,ragged,2.848621172531385
76909,ragging,rag,Word,ragging,4.474538268092269
76910,raging,rage,Word,raging,2.754986387489511
76917,rags,rag,Word,rags,3.246158000184056
76925,raid,raid,Word,raid,3.518062016285358
76926,raided,raid,Word,raided,3.9297339333502226
76930,raids,raid,Word,raids,3.7341388510445825
76931,rail,rail,Word,rail,3.360683051891887
76935,railed,rail,Lemma,rail,3.360683051891887
76938,railing,railing,Word,railing,3.1033113639212835
76939,railings,railing,Lemma,railing,3.1033113639212835
76942,railroad,railroad,Word,railroad,3.220263054513234
76944,railroaded,railroad,Lemma,railroad,3.220263054513234
76947,railroading,railroad,Word,railroading,4.001108891890661
76948,railroads,railroad,Word,railroads,3.4721721259117158
76950,rails,rail,Word,rails,2.753637279820172
76951,railway,railway,Word,railway,3.4137293417795926
76952,railways,railway,Word,railways,3.317338631579656
76955,rain,rain,Word,rain,3.6009038164751197
76957,rainbow,rainbow,Word,rainbow,2.9421434226906165
76958,rainbows,rainbow,Lemma,rainbow,2.9421434226906165
76962,raindrops,raindrop,Word,raindrops,3.6007370298776538
76964,rained,rain,Word,rained,3.6550350643442613
76965,rainfall,rainfall,Word,rainfall,4.544619885266597
76966,rainfalls,rainfall,Lemma,rainfall,4.544619885266597
76970,raining,rain,Word,raining,3.528087805327415
76975,rains,rain,Word,rains,3.8558815817168273
76981,rainy,rainy,Word,rainy,3.3397749208226792
76982,raise,raise,Word,raise,2.6897843991144694
76983,raised,raise,Word,raised,2.7202672079337438
76985,raises,raise,Word,raises,3.0857588135625185
76987,raising,raise,Word,raising,2.625753682138257
76988,raisins,raisin,Lemma,raisin,3.36034932573232
76995,raked,rake,Word,raked,3.1513659511041996
76999,raking,rake,Lemma,rake,2.8940456521727427
77006,rallied,rally,Word,rallied,3.3876203278586945
77007,rallies,rally,Word,rallies,3.4513498345641174
77008,rally,rally,Word,rally,3.1631986961205305
77009,rallying,rally,Word,rallying,2.80412361319494
77012,ram,ram,Word,ram,3.1081952725347914
77043,rammed,ram,Word,rammed,3.4711340784256395
77046,ramming,ram,Word,ramming,3.442840812377393
77049,ramp,ramp,Word,ramp,2.8099683394939223
77056,rampant,rampant,Word,rampant,2.8470255426564157
77060,ramped,ramp,Lemma,ramp,2.8099683394939223
77061,ramping,ramp,Lemma,ramp,2.8099683394939223
77062,ramps,ramp,Word,ramps,2.9161796953554235
77065,rams,ram,Lemma,ram,3.1081952725347914
77069,ran,run,Word,ran,2.5886024700652874
77071,ranch,ranch,Word,ranch,3.5782503740307687
77075,ranches,ranch,Word,ranches,3.501102520180216
77076,ranching,ranch,Lemma,ranch,3.5782503740307687
77094,random,random,Word,random,3.031338711021631
77104,rang,ring,Word,rang,3.2259804412021444
77105,range,range,Word,range,2.5923690591134885
77106,ranged,range,Word,ranged,3.72568391357033
77112,ranges,range,Word,ranges,2.818204279481924
77114,ranging,range,Word,ranging,2.8647668718299695
77122,rank,rank,Word,rank,3.18212932467002
77124,ranked,rank,Word,ranked,3.243625855370257
77138,ranks,rank,Word,ranks,3.1001026620975303
77143,ransom,ransom,Word,ransom,4.36855305248239
77144,ransomed,ransom,Lemma,ransom,4.36855305248239
77147,ransoming,ransom,Lemma,ransom,4.36855305248239
77148,ransoms,ransom,Lemma,ransom,4.36855305248239
77164,rape,rape,Word,rape,3.3065121957700105
77165,raped,rape,Word,raped,3.834162411331316
77166,rapes,rape,Word,rapes,3.8488569210358476
77175,rapids,rapid,Lemma,rapid,2.6010404527575623
77179,raping,rape,Word,raping,4.079894816941744
77183,rapped,rap,Word,rapped,3.1318488100060615
77205,rare,rare,Word,rare,2.623672655426911
77229,rash,rash,Word,rash,2.7411741156576492
77232,rashes,rash,Lemma,rash,2.7411741156576492
77237,raspberries,raspberry,Lemma,raspberry,3.141052342683899
77238,raspberry,raspberry,Word,raspberry,3.141052342683899
77246,rat,rat,Word,rat,2.939361089127731
77261,rate,rate,Word,rate,2.8640583563213973
77264,rated,rate,Word,rated,3.2527662456367334
77268,rates,rate,Word,rates,3.0440083678585577
77282,ratio,ratio,Word,ratio,3.6053193363795035
77291,rational,rational,Word,rational,2.8460945958790704
77310,rations,ration,Word,rations,3.928184478325832
77311,ratios,ratio,Word,ratios,3.805128408709455
77317,rats,rat,Word,rats,3.2771427531707094
77321,ratted,rat,Lemma,rat,2.939361089127731
77326,ratting,rat,Lemma,rat,2.939361089127731
77327,rattle,rattle,Word,rattle,3.1371332977460193
77331,rattled,rattle,Word,rattled,3.031244303295285
77334,rattles,rattle,Word,rattles,3.483810436748965
77339,rattling,rattle,Word,rattling,3.0854683621468073
77376,ravine,ravine,Word,ravine,3.9334492138172226
77377,ravines,ravine,Word,ravines,3.6248272099410412
77390,raw,raw,Word,raw,2.5559985001496752
77410,rays,ray,Word,rays,3.398978651656839
77415,razor,razor,Word,razor,3.2840872795726197
77420,razored,razor,Lemma,razor,3.2840872795726197
77421,razoring,razor,Lemma,razor,3.2840872795726197
77422,razors,razor,Lemma,razor,3.2840872795726197
77432,reach,reach,Word,reach,2.5593104286825765
77435,reached,reach,Word,reached,2.8466258741627475
77436,reaches,reach,Word,reaches,2.9707203847359094
77437,reaching,reach,Word,reaching,2.4172676556060764
77464,read,read,Word,read,2.411204444887439
77475,reader,reader,Word,reader,3.030506475840092
77477,readers,reader,Word,readers,3.294484150649798
77480,readied,ready,Lemma,ready,2.453012403642645
77482,readies,ready,Lemma,ready,2.453012403642645
77485,readiness,readiness,Word,readiness,2.867532369169454
77486,reading,read,Word,reading,2.7140611848837106
77498,reads,read,Word,reads,2.5991193983572525
77499,ready,ready,Word,ready,2.453012403642645
77500,readying,ready,Word,readying,2.853817016626113
77514,real,real,Word,real,2.017815535863829
77523,realism,realism,Word,realism,3.2385081842757537
77526,realistic,realistic,Word,realistic,2.645646708222807
77529,realities,reality,Word,realities,3.171079242854914
77530,reality,reality,Word,reality,2.548881298089338
77541,realm,realm,Word,realm,2.898873342654917
77542,realms,realm,Word,realms,3.0135918211609223
77545,reals,real,Lemma,real,2.017815535863829
77562,reap,reap,Word,reap,3.1199223014205404
77563,reaped,reap,Word,reaped,3.290020983384975
77568,reaping,reap,Word,reaping,3.266407918092775
77586,reaps,reap,Lemma,reap,3.1199223014205404
77587,rear,rear,Word,rear,3.039763690593208
77588,reared,rear,Word,reared,3.245372865511433
77592,rearing,rear,Word,rearing,3.2389752436815646
77606,rears,rear,Lemma,rear,3.039763690593208
77610,reason,reason,Word,reason,2.4561124654459974
77612,reasonable,reasonable,Word,reasonable,2.6964025756266485
77615,reasoned,reason,Word,reasoned,2.59523569181605
77618,reasoning,reasoning,Word,reasoning,2.716460175192221
77620,reasons,reason,Word,reasons,2.879851147080773
77660,rebel,rebel,Word,rebel,3.6882229325784155
77661,rebelled,rebel,Word,rebelled,3.518706735823338
77662,rebelling,rebel,Word,rebelling,3.4407155571034003
77663,rebellion,rebellion,Word,rebellion,3.3615232390377505
77664,rebellions,rebellion,Word,rebellions,3.797015972220948
77665,rebellious,rebellious,Word,rebellious,3.057522126807621
77668,rebels,rebel,Word,rebels,3.9051237404976105
77762,receipt,receipt,Word,receipt,3.0199645553805925
77763,receipted,receipt,Lemma,receipt,3.0199645553805925
77764,receipting,receipt,Lemma,receipt,3.0199645553805925
77765,receipts,receipt,Word,receipts,3.2473940535774974
77775,recent,recent,Word,recent,2.1588716575816016
77823,recipe,recipe,Word,recipe,3.5668413639392655
77824,recipes,recipe,Word,recipes,3.744514126023833
77825,recipient,recipient,Word,recipient,2.8596370933791264
77826,recipients,recipient,Word,recipients,2.867935048094761
77827,reciprocal,reciprocal,Word,reciprocal,2.884092659155533
77851,reckless,reckless,Word,reckless,3.000875095086703
77854,reckon,reckon,Word,reckon,2.7094847648204063
77856,reckoned,reckon,Word,reckoned,2.889173081339548
77859,reckoning,reckoning,Word,reckoning,2.814752827307893
77860,reckonings,reckoning,Word,reckonings,2.426521244449122
77861,reckons,reckon,Word,reckons,2.8708884445279708
77905,recollection,recollection,Word,recollection,3.269392668377639
77906,recollections,recollection,Word,recollections,3.3238288656530175
77914,recommend,recommend,Word,recommend,2.9026468693911345
77919,recommended,recommend,Word,recommended,2.681820248925673
77921,recommending,recommend,Word,recommending,2.786387909052486
77922,recommends,recommend,Word,recommends,3.423952928399563
78005,record,record,Word,record,2.532991342897814
78008,recorded,record,Word,recorded,2.7010060249125423
78009,recorder,recorder,Word,recorder,3.5959389487224382
78010,recorders,recorder,Lemma,recorder,3.5959389487224382
78011,recording,recording,Word,recording,2.5764047053742325
78012,recordings,recording,Word,recordings,3.205195887776714
78014,records,record,Word,records,2.906674790114138
78025,recourse,recourse,Word,recourse,2.825195059118979
78026,recover,recover,Word,recover,2.96117935631679
78029,recovered,recover,Word,recovered,3.203748111669011
78030,recoveries,recovery,Lemma,recovery,2.920095701957423
78031,recovering,recover,Word,recovering,3.0015890909705796
78032,recovers,recover,Word,recovers,3.3619708783371083
78033,recovery,recovery,Word,recovery,2.920095701957423
78056,recruit,recruit,Word,recruit,2.8989626000820823
78057,recruited,recruit,Word,recruited,2.9466749228731284
78060,recruiting,recruit,Word,recruiting,3.155668616371021
78062,recruits,recruit,Word,recruits,3.235233248018243
78066,rectangle,rectangle,Word,rectangle,3.3258943856081533
78067,rectangles,rectangle,Lemma,rectangle,3.3258943856081533
78068,rectangular,rectangular,Word,rectangular,3.1885827483781157
78109,recurring,recur,Word,recurring,2.8881128882715355
78127,red,red,Word,red,2.4955457187714347
78159,reddish,reddish,Word,reddish,3.464744967345769
78263,reds,red,Word,reds,3.321328250653201
78316,reeds,reed,Lemma,reed,3.3012493535818908
78324,reef,reef,Word,reef,3.4588783089533313
78325,reefed,reef,Lemma,reef,3.4588783089533313
78328,reefing,reef,Lemma,reef,3.4588783089533313
78329,reefs,reef,Word,reefs,3.8810574273976273
78334,reel,reel,Word,reel,2.5991253499129967
78338,reeled,reel,Word,reeled,3.1655838477715608
78339,reeling,reel,Word,reeling,3.0800359262763144
78340,reels,reel,Word,reels,3.037842756625327
78379,referee,referee,Word,referee,4.254257559157232
78380,refereed,referee,Lemma,referee,4.254257559157232
78382,referees,referee,Lemma,referee,4.254257559157232
78383,reference,reference,Word,reference,2.3666807707598725
78384,references,reference,Word,references,2.8403909996935086
78407,refined,refine,Word,refined,2.6293252613422595
78408,refinement,refinement,Word,refinement,2.9879263179466875
78409,refinements,refinement,Word,refinements,3.069876009810375
78501,refrain,refrain,Word,refrain,3.5986437446941024
78502,refrained,refrain,Word,refrained,3.7590760672815735
78503,refraining,refrain,Lemma,refrain,3.5986437446941024
78504,refrains,refrain,Lemma,refrain,3.5986437446941024
78534,refuge,refuge,Word,refuge,3.190945050021659
78536,refugees,refugee,Word,refugees,3.594023765306547
78537,refuges,refuge,Lemma,refuge,3.190945050021659
78577,regard,regard,Word,regard,2.1423517710385203
78578,regarded,regard,Word,regarded,2.7216579388509143
78580,regarding,regard,Word,regarding,2.2779435340454888
78582,regards,regard,Word,regards,2.0530698731923693
78601,regime,regime,Word,regime,2.9088147437874228
78604,regiment,regiment,Word,regiment,3.646050871047916
78611,regimenting,regiment,Lemma,regiment,3.646050871047916
78612,regiments,regiment,Word,regiments,3.7927969910359502
78613,regimes,regime,Word,regimes,3.2226035548866925
78616,region,region,Word,region,2.2921263504208382
78624,regions,region,Word,regions,2.7952560270645614
78625,register,register,Word,register,3.130577600443967
78626,registered,register,Word,registered,2.8995712713475186
78627,registering,register,Word,registering,2.755390953578407
78628,registers,register,Word,registers,2.7191339669728265
78651,regret,regret,Word,regret,3.000860040669298
78656,regrets,regret,Word,regrets,3.272907676782948
78659,regretted,regret,Word,regretted,2.95740514425294
78660,regretting,regret,Lemma,regret,3.000860040669298
78667,regular,regular,Word,regular,2.169203448481252
78677,regulars,regular,Word,regulars,2.9817716907512337
78678,regulate,regulate,Word,regulate,3.43242268551144
78679,regulated,regulate,Word,regulated,3.145607388830266
78680,regulates,regulate,Lemma,regulate,3.43242268551144
78681,regulating,regulate,Word,regulating,3.215207342211712
78682,regulation,regulation,Word,regulation,2.9844558311162412
78683,regulations,regulation,Word,regulations,2.92960078830879
78715,rehearsal,rehearsal,Word,rehearsal,3.260562076067974
78716,rehearsals,rehearsal,Word,rehearsals,3.533369714737898
78718,rehearsed,rehearse,Word,rehearsed,3.3120058523171405
78720,rehearsing,rehearse,Word,rehearsing,3.6333402430574244
78740,reign,reign,Word,reign,3.1377526310237527
78741,reigned,reign,Word,reigned,3.2094808325582513
78742,reigning,reign,Word,reigning,2.6739460188513076
78744,reigns,reign,Word,reigns,3.1773413611476484
78783,reins,rein,Word,reins,3.5131654668135788
78850,rejoiced,rejoice,Word,rejoiced,3.207418713836332
78852,rejoicing,rejoice,Word,rejoicing,2.961130702137681
78871,relaid,relay,Word,relaid,4.384143625985174
78877,relate,relate,Word,relate,2.803311187100701
78878,related,relate,Word,related,2.296218146978535
78881,relates,relate,Word,relates,2.5166257920551307
78882,relating,relate,Word,relating,2.577610091070267
78883,relation,relation,Word,relation,2.3454613522944947
78886,relations,relation,Word,relations,3.4271339760353414
78887,relationship,relationship,Word,relationship,3.1717611210554617
78888,relationships,relationship,Word,relationships,3.160241185324844
78889,relative,relative,Word,relative,2.484815169956888
78891,relatives,relative,Word,relatives,2.766621582265324
78895,relativity,relativity,Word,relativity,3.623799606115298
78897,relax,relax,Word,relax,2.9828932184731896
78900,relaxation,relaxation,Word,relaxation,3.1039613894818467
78901,relaxations,relaxation,Lemma,relaxation,3.1039613894818467
78902,relaxed,relax,Word,relaxed,3.0266938792342875
78905,relaxes,relax,Word,relaxes,3.460869151570887
78906,relaxing,relax,Word,relaxing,3.008637815041517
78907,relay,relay,Word,relay,3.5668972652688526
78908,relayed,relay,Word,relayed,3.04043718076366
78909,relaying,relay,Word,relaying,2.9384685334079625
78910,relays,relay,Lemma,relay,3.5668972652688526
78914,release,release,Word,release,2.6206519727230027
78915,released,release,Word,released,2.729895362782352
78917,releases,release,Word,releases,2.9209969698104348
78918,releasing,release,Word,releasing,2.6882123082449083
78928,relentless,relentless,Word,relentless,2.675228517065351
78932,relevance,relevance,Word,relevance,2.7349931550498447
78934,relevant,relevant,Word,relevant,2.7499709642734693
78937,reliable,reliable,Word,reliable,2.8448149227673265
78939,reliance,reliance,Word,reliance,3.7123084783439895
78948,relief,relief,Word,relief,2.9567350152505636
78949,reliefs,relief,Lemma,relief,2.9567350152505636
78952,relieve,relieve,Word,relieve,2.949048794609898
78955,relieves,relieve,Word,relieves,3.3750902621844547
78956,relieving,relieve,Word,relieving,2.8365037009140077
78958,religion,religion,Word,religion,3.061657160912439
78961,religions,religion,Word,religions,3.482738583246506
78964,religious,religious,Word,religious,2.8298611687945923
78978,relish,relish,Word,relish,2.8107131937405545
78979,relished,relish,Lemma,relish,2.8107131937405545
78980,relishes,relish,Word,relishes,3.3583796500259213
78981,relishing,relish,Word,relishing,3.4037463225595928
78998,reluctance,reluctance,Word,reluctance,3.1417986894378407
78999,reluctant,reluctant,Word,reluctant,2.976847529448092
79005,remain,remain,Word,remain,2.649171247529207
79006,remainder,remainder,Word,remainder,2.486973418277247
79008,remaindering,remainder,Lemma,remainder,2.486973418277247
79009,remainders,remainder,Lemma,remainder,2.486973418277247
79010,remained,remain,Word,remained,2.944612803302781
79011,remaining,remain,Word,remaining,2.2441909515100895
79012,remains,remain,Word,remains,2.6514572276249444
79022,remark,remark,Word,remark,2.966111949036021
79023,remarkable,remarkable,Word,remarkable,2.535964270254481
79026,remarked,remark,Word,remarked,2.266368631002695
79028,remarking,remark,Word,remarking,2.1539258562105523
79029,remarks,remark,Word,remarks,3.2407837848144254
79049,remedied,remedy,Lemma,remedy,3.0353940628266636
79050,remedies,remedy,Word,remedies,3.5433557035906946
79052,remedy,remedy,Word,remedy,3.0353940628266636
79053,remedying,remedy,Lemma,remedy,3.0353940628266636
79054,remember,remember,Word,remember,2.3083437177375763
79056,remembered,remember,Word,remembered,2.6892917378082335
79057,remembering,remember,Word,remembering,2.6071214606511086
79058,remembers,remember,Word,remembers,2.918002743191974
79059,remembrance,remembrance,Word,remembrance,3.4330740040035526
79060,remembrances,remembrance,Word,remembrances,3.670665107454523
79106,remnants,remnant,Word,remnants,2.893850948729813
79130,remorse,remorse,Word,remorse,4.17515103204427
79138,remote,remote,Word,remote,2.817740914078026
79175,Renaissance,renaissance,Word,Renaissance,2.7401085011369597
79188,render,render,Word,render,2.867488869083087
79189,rendered,render,Word,rendered,2.757932235561866
79191,rendering,render,Word,rendering,2.6192505414387552
79193,renders,render,Word,renders,2.9368925266607318
79196,rendezvous,rendezvous,Word,rendezvous,3.236555365210245
79250,renowned,renown,Word,renowned,2.5685219186182353
79253,rent,rent,Word,rent,2.9677636876789903
79256,rental,rental,Word,rental,2.894521902104488
79257,rentals,rental,Word,rentals,3.2853446392404444
79258,rented,rent,Word,rented,2.7955290370210295
79263,renting,rent,Word,renting,3.0012734039934363
79264,rents,rent,Word,rents,3.4017796431798377
79349,repeat,repeat,Word,repeat,3.0568534635016693
79352,repeated,repeat,Word,repeated,2.5167635637119927
79356,repeating,repeat,Word,repeating,2.7874436966013914
79357,repeats,repeat,Word,repeats,2.8827886338691755
79383,repetitions,repetition,Word,repetitions,4.107816155309217
79387,repetitive,repetitive,Word,repetitive,3.0768244149851
79429,replied,reply,Word,replied,2.8826866259149218
79431,replies,reply,Word,replies,3.283739146591203
79432,reply,reply,Word,reply,3.4029060182193764
79433,replying,reply,Word,replying,3.3150607684930287
79486,represent,represent,Word,represent,2.7103536140120825
79495,represented,represent,Word,represented,2.5014184425047157
79496,representing,represent,Word,representing,2.4714364566680476
79497,represents,represent,Word,represents,2.783857407048457
79576,republics,republic,Word,republics,3.7029241511273647
79602,reputation,reputation,Word,reputation,3.2418922430429533
79605,reputations,reputation,Word,reputations,3.5124307882155104
79673,rescue,rescue,Word,rescue,3.2591053175908726
79674,rescued,rescue,Word,rescued,3.5245747893247965
79677,rescues,rescue,Lemma,rescue,3.2591053175908726
79678,rescuing,rescue,Word,rescuing,3.25710707123147
79706,resent,resent,Word,resent,3.0207180956248245
79707,resented,resent,Word,resented,3.140998865259718
79709,resentful,resentful,Word,resentful,2.966397488891927
79712,resenting,resent,Lemma,resent,3.0207180956248245
79714,resents,resent,Lemma,resent,3.0207180956248245
79719,reservations,reservation,Word,reservations,3.5179361624262753
79720,reserve,reserve,Word,reserve,3.129873532767312
79721,reserved,reserve,Word,reserved,2.871659567063463
79723,reserves,reserve,Word,reserves,3.405165538673562
79724,reserving,reserve,Word,reserving,2.8476621282597168
79727,reservoir,reservoir,Word,reservoir,3.244669233908627
79728,reservoirs,reservoir,Word,reservoirs,3.555676571224867
79750,reside,reside,Word,reside,3.1026120438035805
79751,resided,reside,Word,resided,3.363842292410172
79752,residence,residence,Word,residence,3.037538901593999
79753,residences,residence,Word,residences,2.952959009556582
79756,resident,resident,Word,resident,2.576137047900185
79757,residential,residential,Word,residential,2.7690462921493233
79759,residents,resident,Word,residents,2.7644384756477995
79760,resides,reside,Word,resides,3.293735932312595
79761,residing,reside,Word,residing,2.842041001880728
79767,residues,residue,Word,residues,3.5756431461337703
79771,resign,resign,Word,resign,3.6473912143953937
79772,resignation,resignation,Word,resignation,3.7158014871123815
79773,resignations,resignation,Word,resignations,3.829454112889215
79774,resigned,resign,Word,resigned,3.6046435021275207
79776,resigning,resign,Word,resigning,3.4943624474091166
79777,resigns,resign,Word,resigns,4.797558348014941
79783,resin,resin,Word,resin,3.3825734657370012
79790,resins,resin,Word,resins,3.7913337898316875
79821,resolution,resolution,Word,resolution,3.1375586982298103
79822,resolutions,resolution,Word,resolutions,3.561215466627701
79846,resort,resort,Word,resort,2.88204291099157
79847,resorted,resort,Word,resorted,2.9981306252284456
79848,resorting,resort,Word,resorting,2.8863977404547696
79849,resorts,resort,Word,resorts,3.3215771593078713
79855,resource,resource,Word,resource,2.8753820688959113
79856,resourceful,resourceful,Word,resourceful,2.9109695678090617
79859,resources,resource,Word,resources,2.733954541338471
79860,respect,respect,Word,respect,2.6524918709689405
79866,respected,respect,Word,respected,2.9091456423531237
79869,respectful,respectful,Word,respectful,3.398784247511991
79872,respecting,respect,Word,respecting,2.878326989955633
79875,respects,respect,Word,respects,3.322417029354408
79895,respond,respond,Word,respond,2.8800637328013647
79896,responded,respond,Word,responded,2.837604863703476
79901,responding,respond,Word,responding,2.7188011951105313
79902,responds,respond,Word,responds,2.8891996368903112
79903,response,response,Word,response,2.553996102096729
79904,responses,response,Word,responses,3.1537039003053295
79907,responsible,responsible,Word,responsible,2.7906979028869365
79909,responsive,responsive,Word,responsive,2.992053729002113
79913,rest,rest,Word,rest,1.9503479733638438
79926,restaurant,restaurant,Word,restaurant,3.0197919063825505
79929,restaurants,restaurant,Word,restaurants,2.968822605320465
79932,rested,rest,Word,rested,3.0939370545916107
79936,resting,rest,Word,resting,2.914413281564151
79942,restless,restless,Word,restless,3.0041760033891927
79952,restoration,restoration,Word,restoration,3.113575451343783
79953,restorations,restoration,Lemma,restoration,3.113575451343783
79957,restore,restore,Word,restore,3.0331310085706518
79958,restored,restore,Word,restored,3.4082010283252364
79961,restores,restore,Lemma,restore,3.0331310085706518
79962,restoring,restore,Word,restoring,3.05310403667858
79988,rests,rest,Word,rests,3.145350961454049
79994,result,result,Word,result,2.069427360309274
79998,resulted,result,Word,resulted,2.65986073916737
79999,resulting,result,Word,resulting,2.2344549689701374
80000,results,result,Word,results,2.7229026818387885
80035,retail,retail,Word,retail,2.6633208392890593
80036,retailed,retail,Lemma,retail,2.6633208392890593
80040,retails,retail,Lemma,retail,2.6633208392890593
80123,retire,retire,Word,retire,3.437976485393965
80124,retired,retire,Word,retired,2.848391683195736
80129,retires,retire,Word,retires,3.7771210888850404
80130,retiring,retire,Word,retiring,3.18392205678741
80176,retreat,retreat,Word,retreat,2.7995563882175425
80177,retreated,retreat,Word,retreated,3.2428801884040803
80179,retreating,retreat,Word,retreating,2.8503366172682822
80181,retreats,retreat,Word,retreats,3.281748101806075
80196,retrieve,retrieve,Word,retrieve,3.025942232411082
80197,retrieved,retrieve,Word,retrieved,3.0835708068942878
80200,retrieves,retrieve,Lemma,retrieve,3.025942232411082
80201,retrieving,retrieve,Lemma,retrieve,3.025942232411082
80247,return,return,Word,return,2.3885025428123816
80249,returned,return,Word,returned,2.568117265880295
80252,returning,return,Word,returning,2.407355258454241
80253,returns,return,Word,returns,2.759790124717572
80299,reveal,reveal,Word,reveal,2.6885722847525577
80300,revealed,reveal,Word,revealed,2.5070079688977267
80302,revealing,reveal,Word,revealing,2.3780986827532073
80304,reveals,reveal,Word,reveals,2.679566240302232
80307,revelation,revelation,Word,revelation,2.5146234809394326
80308,revelations,revelation,Word,revelations,3.0533189870446455
80330,revenue,revenue,Word,revenue,3.2015559241780314
80333,revenues,revenue,Word,revenues,3.2745062151688162
80344,revered,revere,Word,revered,2.8393823180914692
80345,reverence,reverence,Word,reverence,3.238197110159236
80346,reverenced,reverence,Lemma,reverence,3.238197110159236
80347,reverences,reverence,Lemma,reverence,3.238197110159236
80348,reverencing,reverence,Lemma,reverence,3.238197110159236
80442,revolt,revolt,Word,revolt,3.3410822317743696
80443,revolted,revolt,Word,revolted,3.2785706259341696
80444,revolting,revolt,Word,revolting,2.8553910911149916
80446,revolts,revolt,Word,revolts,3.9585766591709777
80475,reward,reward,Word,reward,3.237813875983208
80476,rewarded,reward,Word,rewarded,2.8916674023445235
80479,rewards,reward,Word,rewards,3.008527277613207
80539,rhetoric,rhetoric,Word,rhetoric,3.4072586408532044
80559,rhinoceros,rhinoceros,Word,rhinoceros,3.704040178914931
80560,rhinoceroses,rhinoceros,Lemma,rhinoceros,3.704040178914931
80590,rhyme,rhyme,Word,rhyme,3.314219754967302
80591,rhymed,rhyme,Lemma,rhyme,3.314219754967302
80592,rhymes,rhyme,Word,rhymes,3.3145872441289987
80595,rhyming,rhyme,Word,rhyming,3.2293369633913476
80597,rhythm,rhythm,Word,rhythm,3.508134727087519
80598,rhythmic,rhythmic,Word,rhythmic,3.3515541442222054
80602,rhythms,rhythm,Word,rhythms,3.509734381410618
80604,rib,rib,Word,rib,3.3709532764709245
80615,ribbon,ribbon,Word,ribbon,3.3572281149932977
80617,ribbons,ribbon,Word,ribbons,3.445991653981697
80627,ribs,rib,Word,ribs,3.4258721437801976
80633,rice,rice,Word,rice,3.393820631662493
80636,rich,rich,Word,rich,2.617065305442953
80645,riches,riches,Word,riches,3.3601841930435197
80651,richness,richness,Word,richness,3.1825801875249566
80661,rickety,rickety,Word,rickety,3.0982645349999816
80681,riddles,riddle,Word,riddles,3.524980973333157
80682,riddling,riddle,Word,riddling,3.424221471606594
80683,ride,ride,Word,ride,2.775528956782425
80684,rider,rider,Word,rider,3.360739236954332
80687,riders,rider,Word,riders,3.33354015783143
80688,rides,ride,Word,rides,2.9858018092552108
80689,ridge,ridge,Word,ridge,3.4756550191479176
80694,ridges,ridge,Word,ridges,3.617319236490065
80696,ridging,ridge,Lemma,ridge,3.4756550191479176
80698,ridicule,ridicule,Word,ridicule,3.259512838568487
80699,ridiculed,ridicule,Word,ridiculed,2.8712789325939374
80701,ridicules,ridicule,Lemma,ridicule,3.259512838568487
80702,ridiculing,ridicule,Word,ridiculing,2.9184792660831063
80703,ridiculous,ridiculous,Word,ridiculous,2.6001191508392605
80706,riding,ride,Word,riding,2.7548238386062054
80726,rifle,rifle,Word,rifle,3.7055914549697473
80728,rifled,rifle,Word,rifled,3.805892994291708
80733,rifles,rifle,Word,rifles,3.520903718668888
80735,rifling,rifle,Word,rifling,3.558320980714142
80736,rift,rift,Word,rift,3.899079040156401
80737,rifts,rift,Lemma,rift,3.899079040156401
80738,rig,rig,Word,rig,3.4859299391778706
80740,rigged,rig,Word,rigged,3.452875982266934
80745,right,right,Word,right,1.9395462992529107
80746,righted,right,Lemma,right,1.9395462992529107
80752,rightful,rightful,Word,rightful,3.404129273091085
80757,righting,right,Lemma,right,1.9395462992529107
80768,rigid,rigid,Word,rigid,2.723298168760721
80779,rigorous,rigorous,Word,rigorous,2.9039717763440063
80785,rigs,rig,Word,rigs,3.804836915601495
80795,rim,rim,Word,rim,3.63240053194689
80802,rimmed,rim,Word,rimmed,3.7004345097865423
80803,rimming,rim,Lemma,rim,3.63240053194689
80804,rims,rim,Word,rims,3.4712173881639163
80810,ring,ring,Word,ring,2.950339717903093
80814,ringed,ring,Word,ringed,3.2724692321751325
80819,ringing,ring,Word,ringing,3.0642802614013624
80828,rings,ring,Word,rings,2.9686278783058153
80835,rink,rink,Word,rink,3.3662826095432066
80837,rinks,rink,Lemma,rink,3.3662826095432066
80838,rinse,rinse,Word,rinse,3.983528154882798
80839,rinsed,rinse,Lemma,rinse,3.983528154882798
80840,rinses,rinse,Lemma,rinse,3.983528154882798
80841,rinsing,rinse,Word,rinsing,3.69657435534942
80843,riot,riot,Word,riot,3.346819384347731
80844,rioted,riot,Word,rioted,4.3389026478382
80851,riots,riot,Word,riots,3.855440630649082
80852,rip,rip,Word,rip,2.7196024529342746
80857,ripe,ripe,Word,ripe,3.0211393616204982
80859,ripen,ripen,Word,ripen,4.16021989784697
80860,ripened,ripen,Word,ripened,3.481164787371142
80862,ripening,ripen,Word,ripening,3.856763105129589
80863,ripens,ripen,Lemma,ripen,4.16021989784697
80870,ripped,rip,Word,ripped,2.962046284203812
80872,ripping,rip,Word,ripping,2.735925923150216
80873,ripple,ripple,Word,ripple,3.5260820449296904
80874,rippled,ripple,Word,rippled,3.7813978083767683
80875,ripples,ripple,Word,ripples,3.566055001513043
80876,rippling,ripple,Word,rippling,3.3948964722831145
80878,rips,rip,Lemma,rip,2.7196024529342746
80884,rise,rise,Word,rise,2.626916749333048
80885,risen,rise,Word,risen,3.379684719717309
80888,rises,rise,Word,rises,2.9801440134036947
80893,rising,rise,Word,rising,2.5320879582697424
80895,risk,risk,Word,risk,2.7647260039176094
80896,risked,risk,Word,risked,2.9065364094727144
80901,risking,risk,Word,risking,2.982151607143118
80903,risks,risk,Word,risks,3.0263009616492367
80904,risky,risky,Word,risky,2.924954995532249
80913,rite,rite,Word,rite,3.8828207949703053
80914,rites,rite,Word,rites,3.7961025172913945
80923,ritual,ritual,Word,ritual,3.2244391953208162
80934,rituals,ritual,Word,rituals,3.4152382670287342
80939,rival,rival,Word,rival,2.618675457491069
80941,rivaled,rival,Word,rivaled,3.085205735216813
80942,rivalled,rival,Lemma,rival,2.618675457491069
80943,rivalling,rival,Lemma,rival,2.618675457491069
80944,rivalries,rivalry,Word,rivalries,3.855244903250331
80945,rivalry,rivalry,Word,rivalry,3.8675172865962186
80946,rivals,rival,Word,rivals,2.917578107821249
80950,river,river,Word,river,3.1403448454068705
80960,rivers,river,Word,rivers,3.443622509969259
80970,riveted,rivet,Lemma,rivet,3.6736194588650384
80985,road,road,Word,road,2.603055059363391
81004,roads,road,Word,roads,3.1251480189817453
81006,roadside,roadside,Word,roadside,3.079591068859683
81012,roadway,roadway,Word,roadway,3.391413190303855
81013,roadways,roadway,Word,roadways,3.4734838554509735
81018,roam,roam,Word,roam,3.3448918648586026
81019,roamed,roam,Word,roamed,3.621647165196654
81022,roaming,roam,Word,roaming,3.578141476771037
81023,roams,roam,Lemma,roam,3.3448918648586026
81026,roar,roar,Word,roar,3.5500036316353696
81027,roared,roar,Word,roared,3.435669195066522
81030,roars,roar,Word,roars,3.6831462024363324
81031,roast,roast,Word,roast,3.465089977018122
81035,roasting,roast,Lemma,roast,3.465089977018122
81036,roasts,roast,Word,roasts,3.495043310032788
81037,rob,rob,Word,rob,3.588314566885111
81040,robbed,rob,Word,robbed,3.622795741726353
81041,robber,robber,Word,robber,4.408646245481185
81042,robberies,robbery,Word,robberies,4.405173102963032
81043,robbers,robber,Word,robbers,3.8445983755417634
81044,robbery,robbery,Word,robbery,3.9674739285617666
81046,robbing,rob,Word,robbing,3.6182021391786594
81050,robe,robe,Word,robe,3.7446323024615933
81051,robed,robe,Word,robed,3.7215675952598612
81058,robes,robe,Word,robes,3.8984449453104477
81071,robs,rob,Word,robs,3.776555544847805
81080,rock,rock,Word,rock,2.7339821100286312
81087,rocked,rock,Word,rocked,2.9529348346255015
81089,rocker,rocker,Word,rocker,3.280757544616451
81091,rockers,rocker,Word,rockers,3.5753564871430283
81093,rocket,rocket,Word,rocket,3.6632876248120625
81095,rocketed,rocket,Lemma,rocket,3.6632876248120625
81096,rocketing,rocket,Lemma,rocket,3.6632876248120625
81098,rockets,rocket,Word,rockets,4.074502464489624
81108,rocking,rock,Word,rocking,2.8276191492481346
81113,rocks,rock,Word,rocks,2.8032624542829447
81124,rod,rod,Word,rod,3.3772773728562804
81128,rode,ride,Word,rode,3.1971043923541447
81130,rodents,rodent,Word,rodents,3.2535208200138817
81139,rods,rod,Word,rods,3.5731814900890426
81169,role,role,Word,role,2.9566854357539847
81172,roles,role,Word,roles,3.2366081916209026
81175,roll,roll,Word,roll,2.511211796560325
81178,rolled,roll,Word,rolled,2.6387183535115217
81179,roller,roller,Word,roller,2.8957830609426622
81182,rollers,roller,Lemma,roller,2.8957830609426622
81191,rolling,roll,Word,rolling,2.473164766806077
81196,rolls,roll,Word,rolls,2.7625666577718317
81204,Roman,roman,Word,Roman,2.8133489983919366
81205,romance,romance,Word,romance,3.169855517152008
81206,romanced,romance,Lemma,romance,3.169855517152008
81209,romances,romance,Word,romances,3.4754509408688463
81210,romancing,romance,Word,romancing,3.3547444244375186
81221,Romans,roman,Word,Romans,3.3988306959982184
81222,romantic,romantic,Word,romantic,2.994277750077814
81232,romantics,romantic,Word,romantics,3.327743700612943
81269,roof,roof,Word,roof,2.944560828531026
81270,roofed,roof,Word,roofed,3.664739357725535
81276,roofs,roof,Word,roofs,3.506301871213177
81291,room,room,Word,room,2.5026314848995077
81294,roomed,room,Lemma,room,2.5026314848995077
81303,rooming,room,Word,rooming,3.6073679752043444
81306,rooms,room,Word,rooms,2.968967084517964
81313,roost,roost,Word,roost,3.8706404780036188
81314,roosted,roost,Lemma,roost,3.8706404780036188
81319,roosting,roost,Lemma,roost,3.8706404780036188
81320,roosts,roost,Lemma,roost,3.8706404780036188
81321,root,root,Word,root,2.941015005612741
81323,rooted,root,Word,rooted,2.7668540242219613
81327,rooting,root,Word,rooting,3.4076858295869465
81335,roots,root,Word,roots,3.154051099149648
81339,rope,rope,Word,rope,3.256887338994949
81340,roped,rope,Word,roped,3.120577639918494
81346,ropes,rope,Word,ropes,3.289660656427339
81359,roping,rope,Lemma,rope,3.256887338994949
81393,roses,rose,Word,roses,3.3804590251269464
81423,rot,rot,Word,rot,3.329876271579251
81432,rotate,rotate,Word,rotate,3.430549791996481
81433,rotated,rotate,Word,rotated,3.1996411580676467
81434,rotates,rotate,Word,rotates,3.8605431290997974
81435,rotating,rotate,Word,rotating,3.0483184755634634
81436,rotation,rotation,Word,rotation,3.402002656516256
81439,rotations,rotation,Word,rotations,3.312774143573617
81458,rots,rot,Word,rots,4.021750769382027
81459,rotted,rot,Lemma,rot,3.329876271579251
81460,rotten,rotten,Word,rotten,2.9603630392473765
81466,rotting,rot,Word,rotting,3.08974828997662
81481,rough,rough,Word,rough,2.8547231474387913
81486,roughed,rough,Word,roughed,3.8201279347586232
81499,roughing,rough,Lemma,rough,2.8547231474387913
81501,roughly,roughly,Word,roughly,2.2468482639595653
81504,roughness,roughness,Word,roughness,3.4459793151396605
81507,roughs,rough,Lemma,rough,2.8547231474387913
81514,round,round,Word,round,2.4095593279318277
81516,roundabout,roundabout,Word,roundabout,3.1998341128684795
81517,roundabouts,roundabout,Lemma,roundabout,3.1998341128684795
81518,rounded,round,Word,rounded,2.7899556777075825
81533,rounding,round,Word,rounding,3.0361919173280696
81537,rounds,round,Word,rounds,2.819260502749874
81562,route,route,Word,route,2.8037414900757103
81563,routed,route,Word,routed,3.229209529486895
81565,routes,route,Word,routes,3.25101302898197
81566,routine,routine,Word,routine,2.5832936613552353
81568,routines,routine,Word,routines,3.1841898243371185
81569,routing,route,Lemma,route,2.8037414900757103
81578,roving,rove,Word,roving,2.7658879670373926
81579,row,row,Word,row,2.6076392572283487
81593,rowed,row,Word,rowed,3.7302646752061985
81603,rows,row,Word,rows,2.867486359810957
81609,royal,royal,Word,royal,3.253061119869659
81615,royals,royal,Lemma,royal,3.253061119869659
81616,royalties,royalty,Word,royalties,4.120896802740989
81617,royalty,royalty,Word,royalty,3.5393793042194726
81625,rub,rub,Word,rub,3.1140679839225545
81626,rubbed,rub,Word,rubbed,3.1875548753257177
81627,rubber,rubber,Word,rubber,3.080968080012975
81628,rubbered,rubber,Lemma,rubber,3.080968080012975
81629,rubbering,rubber,Lemma,rubber,3.080968080012975
81639,rubbers,rubber,Lemma,rubber,3.080968080012975
81643,rubbing,rub,Word,rubbing,3.1546614742189147
81645,rubbish,rubbish,Word,rubbish,3.3052686050725284
81646,rubbished,rubbish,Lemma,rubbish,3.3052686050725284
81647,rubbishes,rubbish,Lemma,rubbish,3.3052686050725284
81648,rubbishing,rubbish,Lemma,rubbish,3.3052686050725284
81650,rubble,rubble,Word,rubble,4.130718903795862
81660,rubies,ruby,Word,rubies,3.7113320526146416
81667,rubs,rub,Lemma,rub,3.1140679839225545
81681,rudder,rudder,Word,rudder,4.224741541970132
81684,rudders,rudder,Lemma,rudder,4.224741541970132
81695,rude,rude,Word,rude,3.1016124049494174
81730,rug,rug,Word,rug,3.645613147017317
81734,rugged,rugged,Word,rugged,3.13436059691709
81739,rugs,rug,Word,rugs,3.5866653436989475
81742,ruin,ruin,Word,ruin,2.860343780967232
81744,ruined,ruin,Word,ruined,2.8605626712190864
81746,ruining,ruin,Word,ruining,3.0805223878607744
81749,ruins,ruin,Word,ruins,3.1349689908612737
81753,rule,rule,Word,rule,2.6079210112213222
81756,ruled,rule,Word,ruled,3.0536141631650184
81758,ruler,ruler,Word,ruler,3.2493213672923997
81759,rulers,ruler,Word,rulers,3.1948755705715723
81760,rules,rule,Word,rules,2.8445742524584117
81761,ruling,ruling,Word,ruling,2.839674727605283
81763,rulings,ruling,Word,rulings,3.197792342542128
81764,rum,rum,Word,rum,3.6708496934681074
81770,rumble,rumble,Word,rumble,3.2267186763568203
81771,rumbled,rumble,Word,rumbled,3.4843883630646504
81772,rumbles,rumble,Word,rumbles,3.343785322298818
81773,rumbling,rumble,Word,rumbling,3.222873437656452
81810,rump,rump,Word,rump,2.951312287832277
81815,rumps,rump,Lemma,rump,2.951312287832277
81819,run,run,Word,run,2.0182070292083543
81823,runaway,runaway,Word,runaway,2.7584419674668568
81824,runaways,runaway,Lemma,runaway,2.7584419674668568
81832,rung,ring,Word,rung,2.8659120950729426
81839,runner,runner,Word,runner,3.2699425218491154
81840,runners,runner,Word,runners,3.326438064090705
81844,running,run,Word,running,2.177822707105182
81847,runs,run,Word,runs,2.556847517897852
81852,runway,runway,Word,runway,3.791988208110489
81853,runways,runway,Word,runways,4.04480790115705
81861,rupture,rupture,Word,rupture,3.5054455658367676
81862,ruptured,rupture,Word,ruptured,3.7716167953091007
81863,ruptures,rupture,Lemma,rupture,3.5054455658367676
81864,rupturing,rupture,Lemma,rupture,3.5054455658367676
81865,rural,rural,Word,rural,2.7757615650212837
81873,rushed,rush,Word,rushed,3.0873118903076024
81875,rushes,rush,Word,rushes,3.171859596765871
81878,rushing,rush,Word,rushing,3.2348687918116292
81899,rust,rust,Word,rust,3.7531583259830334
81900,rusted,rust,Word,rusted,3.3863479663430343
81901,rustic,rustic,Word,rustic,3.1484833318139605
81911,rustics,rustic,Lemma,rustic,3.1484833318139605
81929,rusts,rust,Lemma,rust,3.7531583259830334
81940,ruthless,ruthless,Word,ruthless,3.113001715117506
81944,ruts,rut,Word,ruts,3.649777547810564
82020,sack,sack,Word,sack,3.235550848020518
82024,sacked,sack,Lemma,sack,3.235550848020518
82027,sacking,sack,Word,sacking,3.337923017750278
82028,sacks,sack,Word,sacks,4.230961658199443
82038,sacred,sacred,Word,sacred,3.111432676158091
82042,sacrifice,sacrifice,Word,sacrifice,3.038816422411369
82043,sacrificed,sacrifice,Word,sacrificed,3.1259609429600848
82044,sacrifices,sacrifice,Word,sacrifices,3.496330265052071
82047,sacrificing,sacrifice,Word,sacrificing,2.8706345304510386
82061,sad,sad,Word,sad,2.9004838951815044
82069,saddle,saddle,Word,saddle,2.9204783798658673
82075,saddled,saddle,Word,saddled,3.071602446603809
82080,saddles,saddle,Word,saddles,3.222734248707928
82082,saddling,saddle,Lemma,saddle,2.9204783798658673
82097,sadness,sadness,Word,sadness,3.4884624664670407
82104,safe,safe,Word,safe,2.7044242392270497
82110,safeguard,safeguard,Word,safeguard,2.8381677465530353
82111,safeguarded,safeguard,Lemma,safeguard,2.8381677465530353
82112,safeguarding,safeguard,Lemma,safeguard,2.8381677465530353
82113,safeguards,safeguard,Word,safeguards,3.330892698633868
82120,safes,safe,Lemma,safe,2.7044242392270497
82122,safeties,safety,Word,safeties,3.9256877999163846
82123,safety,safety,Word,safety,2.8107072108777547
82136,sage,sage,Word,sage,2.9546203265728113
82139,sages,sage,Word,sages,3.446271999741402
82140,sagged,sag,Word,sagged,3.5082871562447804
82141,sagging,sag,Word,sagging,3.1001579253967924
82147,sags,sag,Word,sags,3.6043728270815456
82154,said,say,Word,said,2.00663214939376
82156,sail,sail,Word,sail,3.3465645090702125
82162,sailed,sail,Word,sailed,3.468983475642639
82166,sailor,sailor,Word,sailor,3.5870621694722096
82169,sailors,sailor,Word,sailors,3.378990049078664
82172,sails,sail,Word,sails,3.2631033304336365
82198,salad,salad,Word,salad,3.4238801944113444
82199,salads,salad,Word,salads,3.6516409162998347
82204,salaries,salary,Word,salaries,3.513500779356963
82205,salary,salary,Word,salary,3.814437024308543
82206,sale,sale,Word,sale,2.6670097622779863
82212,sales,sale,Word,sales,2.880885882268815
82222,salesmen,salesman,Word,salesmen,3.4942526490032133
82251,saliva,saliva,Word,saliva,3.7601181335329037
82273,salmon,salmon,Word,salmon,3.8042967034352113
82277,salmons,salmon,Lemma,salmon,3.8042967034352113
82281,saloon,saloon,Word,saloon,3.256288872969065
82284,saloons,saloon,Word,saloons,3.595598042529785
82289,salt,salt,Word,salt,3.270560348585747
82294,salted,salt,Word,salted,3.13199239352159
82302,salting,salt,Word,salting,3.5384052122521092
82314,salts,salt,Word,salts,3.141516025737453
82319,salty,salty,Word,salty,2.9734724770395635
82332,salute,salute,Word,salute,3.175444524891287
82333,saluted,salute,Word,saluted,3.268679348796019
82334,salutes,salute,Lemma,salute,3.175444524891287
82336,saluting,salute,Lemma,salute,3.175444524891287
82341,salvage,salvage,Word,salvage,3.116507224849301
82343,salvaged,salvage,Lemma,salvage,3.116507224849301
82345,salvages,salvage,Lemma,salvage,3.116507224849301
82346,salvaging,salvage,Word,salvaging,3.137892773496916
82347,salvation,salvation,Word,salvation,2.9096376909408193
82350,salvations,salvation,Lemma,salvation,2.9096376909408193
82391,sample,sample,Word,sample,3.0535031216904125
82392,sampled,sample,Word,sampled,3.151241979580971
82395,samples,sample,Word,samples,3.503660121800309
82396,sampling,sample,Word,sampling,3.1121976522138235
82435,sanctuaries,sanctuary,Lemma,sanctuary,3.1221066650435483
82436,sanctuary,sanctuary,Word,sanctuary,3.1221066650435483
82442,sand,sand,Word,sand,2.902879710701114
82474,sanded,sand,Lemma,sand,2.902879710701114
82484,sanding,sand,Word,sanding,3.678520768400602
82487,sandpaper,sandpaper,Word,sandpaper,3.7047305894577396
82488,sandpapered,sandpaper,Lemma,sandpaper,3.7047305894577396
82489,sandpapering,sandpaper,Lemma,sandpaper,3.7047305894577396
82490,sandpapers,sandpaper,Lemma,sandpaper,3.7047305894577396
82496,sands,sand,Word,sands,3.622616819024524
82503,sandwich,sandwich,Word,sandwich,3.0027244747247317
82504,sandwiched,sandwich,Lemma,sandwich,3.0027244747247317
82505,sandwiches,sandwich,Word,sandwiches,3.2014330205382038
82506,sandwiching,sandwich,Lemma,sandwich,3.0027244747247317
82512,sane,sane,Word,sane,2.951305502485121
82518,sang,sing,Word,sang,3.3654952298207124
82542,sanitary,sanitary,Word,sanitary,3.3172114656985854
82543,sanitation,sanitation,Word,sanitation,3.6512578470816686
82547,sank,sink,Word,sank,3.427175462101028
82586,sapping,sap,Word,sapping,3.30788037021959
82625,sardines,sardine,Word,sardines,3.5964712994703683
82670,sat,sit,Word,sat,3.0151026785690807
82687,satellite,satellite,Word,satellite,3.1000945053607945
82688,satellites,satellite,Word,satellites,3.85484403238464
82700,satin,satin,Word,satin,3.452798476630989
82704,satire,satire,Word,satire,3.2859816965966595
82705,satires,satire,Word,satires,3.684503760709268
82716,satisfaction,satisfaction,Word,satisfaction,3.0229488228171943
82717,satisfactions,satisfaction,Word,satisfactions,3.3030397543326164
82720,satisfactory,satisfactory,Word,satisfactory,2.882721568198757
82721,satisfied,satisfy,Word,satisfied,2.7363116626893325
82723,satisfies,satisfy,Word,satisfies,3.105613147024225
82724,satisfy,satisfy,Word,satisfy,2.762787537286196
82734,saturated,saturate,Word,saturated,3.0550977171808165
82753,sauce,sauce,Word,sauce,3.7328879177666296
82756,sauced,sauce,Word,sauced,3.553885453992168
82759,saucer,saucer,Word,saucer,3.3760416459984612
82760,saucers,saucer,Word,saucers,3.54138845468583
82761,sauces,sauce,Word,sauces,3.7408653065396615
82766,saucing,sauce,Lemma,sauce,3.7328879177666296
82789,sausage,sausage,Word,sausage,3.3770737273857345
82790,sausages,sausage,Word,sausages,3.2829842366727733
82802,savage,savage,Word,savage,2.717413307330167
82803,savaged,savage,Lemma,savage,2.717413307330167
82807,savages,savage,Word,savages,3.2209731411243085
82808,savaging,savage,Lemma,savage,2.717413307330167
82816,save,save,Word,save,2.75079298735153
82817,saved,save,Word,saved,2.826556135606146
82822,saves,save,Word,saves,3.91886104729948
82823,saving,save,Word,saving,2.6072937371162226
82848,saw,see,Word,saw,2.282054391392933
82854,sawdust,sawdust,Word,sawdust,3.308407264230231
82891,say,say,Word,say,2.1881914109030856
82895,saying,say,Word,saying,1.9206405170848304
82898,says,say,Word,says,1.9364205594691606
82930,scale,scale,Word,scale,2.5565617149658233
82932,scaled,scale,Word,scaled,3.0702404947862956
82935,scales,scale,Word,scales,3.0694893629098563
82939,scaling,scale,Lemma,scale,2.5565617149658233
82948,scalp,scalp,Word,scalp,3.264918288433239
82949,scalped,scalp,Lemma,scalp,3.264918288433239
82954,scalps,scalp,Lemma,scalp,3.264918288433239
82970,scan,scan,Word,scan,3.358146775145567
82971,scandal,scandal,Word,scandal,3.6752472691863955
82981,scandals,scandal,Word,scandals,3.7454084237776217
82986,scanned,scan,Word,scanned,3.1070552909971227
82989,scanning,scan,Word,scanning,3.076274170456561
82990,scans,scan,Word,scans,3.385316906416634
83015,scar,scar,Word,scar,3.6860827861695773
83019,scarce,scarce,Word,scarce,3.122390674195619
83020,scarcely,scarcely,Word,scarcely,2.5857611839718007
83024,scarcities,scarcity,Lemma,scarcity,3.197753582375665
83025,scarcity,scarcity,Word,scarcity,3.197753582375665
83026,scare,scare,Word,scare,3.0926287111082065
83030,scared,scare,Word,scared,2.9266466125347668
83034,scares,scare,Lemma,scare,3.0926287111082065
83035,scarf,scarf,Word,scarf,3.3791986904223794
83037,scarfs,scarf,Lemma,scarf,3.3791986904223794
83048,scaring,scare,Word,scaring,3.1875677017148383
83059,scarred,scar,Word,scarred,3.0466687023827252
83060,scarring,scar,Lemma,scar,3.6860827861695773
83061,scars,scar,Word,scars,3.8042655998782267
83063,scarves,scarf,Lemma,scarf,3.3791986904223794
83077,scattered,scatter,Word,scattered,2.969152961180908
83082,scatters,scatter,Word,scatters,3.7298067179817664
83095,scenario,scenario,Word,scenario,2.913453763966463
83096,scenarios,scenario,Word,scenarios,3.1644952346095385
83100,scene,scene,Word,scene,2.627371524098814
83101,sceneries,scenery,Word,sceneries,3.435570740735529
83102,scenery,scenery,Word,scenery,3.3530074188290744
83103,scenes,scene,Word,scenes,2.935770401966288
83109,scent,scent,Word,scent,3.502889456938882
83111,scenting,scent,Lemma,scent,3.502889456938882
83113,scents,scent,Lemma,scent,3.502889456938882
83131,schedule,schedule,Word,schedule,2.9341328030300655
83132,scheduled,schedule,Word,scheduled,2.9335510428854485
83134,schedules,schedule,Word,schedules,3.2912435292803033
83147,scheme,scheme,Word,scheme,2.8644826176032074
83148,schemed,scheme,Lemma,scheme,2.8644826176032074
83151,schemes,scheme,Word,schemes,3.017369975248092
83212,scholar,scholar,Word,scholar,3.4180214619604072
83214,scholarly,scholarly,Word,scholarly,3.1774162928814813
83215,scholars,scholar,Word,scholars,3.1231115772553615
83216,scholarship,scholarship,Word,scholarship,3.3728952019733174
83217,scholarships,scholarship,Word,scholarships,3.578937196017381
83218,scholastic,scholastic,Word,scholastic,2.9688146584001855
83222,scholastics,scholastic,Word,scholastics,3.394122380135455
83224,school,school,Word,school,2.4646592290743845
83229,schoolboy,schoolboy,Word,schoolboy,3.0750823250724246
83230,schoolboys,schoolboy,Word,schoolboys,3.2170938245654805
83234,schooled,school,Word,schooled,3.0486508251496516
83244,schooling,schooling,Word,schooling,3.1406916150943176
83248,schoolmaster,schoolmaster,Word,schoolmaster,3.571169505582837
83253,schoolmasters,schoolmaster,Lemma,schoolmaster,3.571169505582837
83260,schools,school,Word,schools,2.8167255640247824
83298,science,science,Word,science,2.8166432967366455
83300,sciences,science,Word,sciences,3.508120608505507
83305,scientist,scientist,Word,scientist,3.6330404280381305
83306,scientists,scientist,Word,scientists,3.2644576220427943
83329,scissors,scissors,Word,scissors,3.641019480391558
83342,scoffed,scoff,Word,scoffed,3.3888311395818493
83361,scoop,scoop,Word,scoop,2.9430721091596075
83362,scooped,scoop,Word,scooped,2.9513378322885844
83366,scooping,scoop,Word,scooping,2.872317195041944
83367,scoops,scoop,Lemma,scoop,2.9430721091596075
83376,scope,scope,Word,scope,2.696225895237614
83378,scopes,scope,Word,scopes,3.0583874108374505
83383,scorched,scorch,Word,scorched,3.1653834820312485
83387,scorching,scorch,Lemma,scorch,3.4312273600070746
83388,score,score,Word,score,2.7734221935316206
83395,scored,score,Word,scored,3.4526040251524246
83402,scores,score,Word,scores,2.580920364433057
83405,scoring,score,Word,scoring,3.1770290730319366
83406,scorn,scorn,Word,scorn,3.3356055979148396
83407,scorned,scorn,Word,scorned,2.8778247087194515
83412,scorning,scorn,Lemma,scorn,3.3356055979148396
83413,scorns,scorn,Lemma,scorn,3.3356055979148396
83455,scoured,scour,Word,scoured,3.4813652129059074
83462,scouring,scour,Word,scouring,3.476137428289837
83464,scout,scout,Word,scout,3.222946772300263
83466,scouted,scout,Word,scouted,3.5307515206946882
83467,scouting,scout,Word,scouting,3.4973845249042608
83473,scowled,scowl,Word,scowled,3.4733101830094366
83493,scramble,scramble,Word,scramble,3.011465529825266
83494,scrambled,scramble,Word,scrambled,3.1752549925468663
83497,scrambles,scramble,Lemma,scramble,3.011465529825266
83498,scrambling,scramble,Word,scrambling,3.094923109421215
83502,scrap,scrap,Word,scrap,2.654518383830385
83505,scrape,scrape,Word,scrape,3.0500937470562226
83506,scraped,scrape,Word,scraped,2.919934648966013
83509,scrapes,scrape,Word,scrapes,3.296921599417153
83512,scraping,scrape,Word,scraping,2.9683940147505505
83515,scrapped,scrap,Word,scrapped,2.6944094794913824
83521,scrapping,scrap,Lemma,scrap,2.654518383830385
83524,scraps,scrap,Word,scraps,2.9295076776700566
83525,scratch,scratch,Word,scratch,2.879184701033929
83527,scratched,scratch,Word,scratched,3.3606864585879324
83529,scratches,scratch,Word,scratches,3.5939823516308844
83533,scratching,scratch,Word,scratching,3.1718671721907397
83543,scrawniest,scrawny,Lemma,scrawny,3.2645545547178267
83545,scrawny,scrawny,Word,scrawny,3.2645545547178267
83547,screamed,scream,Word,screamed,3.5088670198059635
83549,screaming,scream,Word,screaming,3.078228162896098
83551,screams,scream,Word,screams,3.0922376195932544
83556,screeching,screech,Word,screeching,3.167961227509366
83560,screen,screen,Word,screen,2.8725123958002863
83561,screened,screen,Word,screened,3.2229530017739516
83563,screening,screen,Word,screening,3.1674971633663764
83568,screens,screen,Word,screens,2.935120642529717
83575,screw,screw,Word,screw,2.8366522709528277
83580,screwed,screw,Word,screwed,2.9888682030773346
83583,screwing,screw,Lemma,screw,2.8366522709528277
83584,screws,screw,Word,screws,3.2954510893441884
83597,scribes,scribe,Lemma,scribe,2.91914142468758
83621,script,script,Word,script,3.060887297211766
83623,scripted,script,Lemma,script,3.060887297211766
83625,scripts,script,Lemma,script,3.060887297211766
83656,scrubbed,scrub,Word,scrubbed,3.200403133077591
83704,scrutinies,scrutiny,Lemma,scrutiny,3.4224815829626185
83710,scrutiny,scrutiny,Word,scrutiny,3.4224815829626185
83742,sculptor,sculptor,Word,sculptor,3.8694049630338414
83744,sculptors,sculptor,Word,sculptors,3.7334612032969723
83750,sculpture,sculpture,Word,sculpture,3.3789929095553064
83751,sculptured,sculpture,Word,sculptured,3.4281619511467367
83752,sculptures,sculpture,Word,sculptures,3.415416624652838
83753,sculpturing,sculpture,Lemma,sculpture,3.3789929095553064
83770,scurried,scurry,Word,scurried,3.500983499984804
83804,sea,sea,Word,sea,2.8246179974381276
83834,seal,seal,Word,seal,2.9131854965399557
83837,sealed,seal,Word,sealed,3.1497494241945794
83841,sealing,seal,Word,sealing,2.944041302454638
83842,seals,seal,Word,seals,3.374425100526457
83847,seam,seam,Word,seam,3.4624491140774447
83848,seaman,seaman,Word,seaman,3.691336710871829
83852,seamed,seam,Lemma,seam,3.4624491140774447
83853,seamen,seaman,Word,seamen,3.62499648847562
83859,seaming,seam,Lemma,seam,3.4624491140774447
83864,seams,seam,Word,seams,3.3862446204780254
83879,search,search,Word,search,2.916848809291947
83881,searched,search,Word,searched,3.42499422443231
83884,searches,search,Word,searches,3.320146711255325
83885,searching,search,Word,searching,2.939851143780554
83894,seas,sea,Word,seas,3.5702866870870764
83898,seashore,seashore,Word,seashore,3.3009538306384614
83899,seashores,seashore,Lemma,seashore,3.3009538306384614
83903,season,season,Word,season,2.58082028896845
83914,seasons,season,Word,seasons,3.235693051087409
83916,seat,seat,Word,seat,3.1102239502508633
83918,seated,seat,Word,seated,3.010015642735495
83919,seating,seat,Word,seating,3.765814133377406
83923,seats,seat,Word,seats,3.5679823148211254
83934,seaweed,seaweed,Word,seaweed,3.488782594821735
83935,seaweeds,seaweed,Lemma,seaweed,3.488782594821735
83960,seclusion,seclusion,Word,seclusion,3.764316124377342
83964,second,second,Word,second,1.9761202232503772
83967,seconded,second,Lemma,second,1.9761202232503772
83971,seconding,second,Lemma,second,1.9761202232503772
83976,secrecy,secrecy,Word,secrecy,3.684632728466942
83977,secret,secret,Word,secret,2.8889381207014586
83982,secretaries,secretary,Word,secretaries,3.223533042811091
83983,secretary,secretary,Word,secretary,3.1696500794802174
83990,secretion,secretion,Word,secretion,4.119272408642288
83991,secretions,secretion,Word,secretions,4.06811140541827
83998,secrets,secret,Word,secrets,3.635542050824766
84007,section,section,Word,section,2.4938420100976377
84013,sectioned,section,Lemma,section,2.4938420100976377
84014,sectioning,section,Lemma,section,2.4938420100976377
84015,sections,section,Word,sections,2.6917444687012475
84016,sector,sector,Word,sector,2.800768728137354
84019,sectors,sector,Word,sectors,3.177781048509819
84021,secular,secular,Word,secular,3.0457739380852296
84035,secure,secure,Word,secure,2.4953360841459395
84036,secured,secure,Word,secured,2.626187777986925
84039,secures,secure,Lemma,secure,2.4953360841459395
84040,securing,secure,Word,securing,2.6302537226705103
84041,securities,security,Word,securities,3.738640079665562
84042,security,security,Word,security,2.60367860659859
84063,sediment,sediment,Word,sediment,3.8555126276855822
84067,sediments,sediment,Word,sediments,4.4214896763454945
84092,see,see,Word,see,2.008298967416721
84096,seed,seed,Word,seed,3.4211178279953263
84105,seeded,seed,Lemma,seed,3.4211178279953263
84111,seeding,seed,Lemma,seed,3.4211178279953263
84114,seedlings,seedling,Word,seedlings,3.7466433744642176
84116,seeds,seed,Word,seeds,3.3475383378505854
84124,seeing,see,Word,seeing,2.237052256424305
84125,seek,seek,Word,seek,2.5750330711965175
84127,seekers,seeker,Word,seekers,3.129069381022342
84129,seeking,seek,Word,seeking,2.578181262413268
84132,seeks,seek,Word,seeks,3.055979602880135
84136,seeming,seem,Word,seeming,2.257134337825592
84143,seen,see,Word,seen,2.1558224666233086
84153,sees,see,Word,sees,2.66885029927522
84163,segment,segment,Word,segment,2.893279197749958
84168,segmenting,segment,Lemma,segment,2.893279197749958
84169,segments,segment,Word,segments,3.0729046261614195
84213,seize,seize,Word,seize,3.0472937044682853
84214,seized,seize,Word,seized,3.258559309193199
84216,seizes,seize,Lemma,seize,3.0472937044682853
84218,seizing,seize,Word,seizing,2.9641967904331255
84219,seizure,seizure,Word,seizure,3.4193157002022847
84220,seizures,seizure,Lemma,seizure,3.4193157002022847
84223,seldom,seldom,Word,seldom,2.649946482942461
84224,select,select,Word,select,2.463919105045528
84226,selected,select,Word,selected,2.653564981239503
84228,selecting,select,Word,selecting,2.848752098504968
84229,selection,selection,Word,selection,2.713657219985834
84230,selections,selection,Word,selections,3.0088676759857735
84231,selective,selective,Word,selective,2.7756835020450272
84239,selects,select,Word,selects,3.425098331919575
84246,self,self,Word,self,2.8851228883138305
84252,selfish,selfish,Word,selfish,3.1865688064956994
84254,selfishness,selfishness,Word,selfishness,3.1333308815229644
84264,sell,sell,Word,sell,2.634233325077725
84267,seller,seller,Word,seller,2.970752245494631
84269,sellers,seller,Word,sellers,3.0600471307473898
84271,selling,sell,Word,selling,2.5606914568157606
84277,sells,sell,Word,sells,3.283499958468596
84283,selves,self,Word,selves,3.2029758372654826
84410,senators,senator,Word,senators,3.19721264661294
84411,send,send,Word,send,2.6934512428629596
84414,sending,send,Word,sending,2.5158554098831467
84416,sends,send,Word,sends,3.1899140995973245
84429,senior,senior,Word,senior,2.2759903384710047
84432,seniors,senior,Word,seniors,3.010244551907923
84444,sensation,sensation,Word,sensation,3.304294810799342
84445,sensational,sensational,Word,sensational,2.5740980886213136
84453,sensations,sensation,Word,sensations,3.5037775854449436
84455,sense,sense,Word,sense,2.4455649421044243
84456,sensed,sense,Word,sensed,2.9009993996123753
84458,senseless,senseless,Word,senseless,3.1144402142440666
84464,sensible,sensible,Word,sensible,2.5199310472106315
84467,sensing,sense,Word,sensing,3.0169504485053804
84468,sensitive,sensitive,Word,sensitive,2.767707008127968
84471,SENSITIVES,sensitive,Lemma,sensitive,2.767707008127968
84472,sensitivities,sensitivity,Word,sensitivities,3.397222114984628
84473,sensitivity,sensitivity,Word,sensitivity,3.1079817769115214
84485,sensors,sensor,Word,sensors,3.5696862699655862
84497,sent,send,Word,sent,2.5844351916678425
84498,sentence,sentence,Word,sentence,3.8415676865809294
84499,sentenced,sentence,Word,sentenced,4.149896575278729
84500,sentences,sentence,Word,sentences,3.9971426660344522
84508,sentiment,sentiment,Word,sentiment,3.2984583048076264
84509,sentimental,sentimental,Word,sentimental,3.1097492581267003
84519,sentiments,sentiment,Word,sentiments,3.0544858213608945
84521,sentinels,sentinel,Word,sentinels,3.747343081375285
84531,separate,separate,Word,separate,2.26488220680942
84532,separated,separate,Word,separated,2.837049912882034
84535,separates,separate,Word,separates,3.085726074939856
84536,separating,separate,Word,separating,2.7482877361686913
84537,separation,separation,Word,separation,3.0501978666834333
84538,separations,separation,Word,separations,3.4294608770910027
84583,sequence,sequence,Word,sequence,2.755324086941288
84584,sequenced,sequence,Word,sequenced,3.4551268938350157
84586,sequences,sequence,Word,sequences,3.5094521047141014
84587,sequencing,sequence,Lemma,sequence,2.755324086941288
84609,sera,serum,Lemma,serum,3.766030401103549
84628,serene,serene,Word,serene,3.006200003844117
84632,serenity,serenity,Word,serenity,3.251989998421155
84639,sergeants,sergeant,Word,sergeants,3.590472518772347
84641,serial,serial,Word,serial,2.9997584116667078
84649,serials,serial,Lemma,serial,2.9997584116667078
84654,series,series,Word,series,2.2043704239966266
84668,sermon,sermon,Word,sermon,3.7023771368319447
84675,sermons,sermon,Word,sermons,3.8159368679519714
84689,serpent,serpent,Word,serpent,3.533885306026058
84691,serpents,serpent,Word,serpents,3.7511579699202167
84701,serum,serum,Word,serum,3.766030401103549
84702,serums,serum,Lemma,serum,3.766030401103549
84707,servant,servant,Word,servant,3.3300476644335686
84708,servants,servant,Word,servants,3.3072216251246065
84710,serve,serve,Word,serve,2.6479184312856887
84711,served,serve,Word,served,2.9178003739392837
84716,serves,serve,Word,serves,3.093920069838613
84717,service,service,Word,service,2.2649954161102124
84723,serviced,service,Lemma,service,2.2649954161102124
84727,services,service,Word,services,2.3122257139976354
84730,servicing,service,Word,servicing,2.749967659373797
84736,serving,serve,Word,serving,2.622273442870062
84754,session,session,Word,session,2.9069191613711043
84756,sessions,session,Word,sessions,2.9445879373929085
84760,set,set,Word,set,2.0774034472776957
84773,sets,set,Word,sets,2.4384166720552676
84782,setting,set,Word,setting,2.3188146172120296
84784,settle,settle,Word,settle,2.9133803702949543
84785,settled,settle,Word,settled,2.697495140576812
84786,settlement,settlement,Word,settlement,3.1233483825847608
84787,settlements,settlement,Word,settlements,3.5425148264942923
84788,settler,settler,Word,settler,3.811773675642381
84789,settlers,settler,Word,settlers,3.896096760911105
84790,settles,settle,Word,settles,3.5996642915175348
84791,settling,settle,Word,settling,2.5834982513378915
84796,seven,seven,Word,seven,2.06259845509254
84798,sevens,seven,Lemma,seven,2.06259845509254
84803,seventh,seventh,Word,seventh,2.659488890664736
84805,sevenths,seventh,Lemma,seventh,2.659488890664736
84818,severe,severe,Word,severe,2.529955599238872
84824,severities,severity,Lemma,severity,3.2702396033320418
84825,severity,severity,Word,severity,3.2702396033320418
84831,sewage,sewage,Word,sewage,3.6183140991216276
84836,sewer,sewer,Word,sewer,3.8481207650672737
84840,sewers,sewer,Word,sewers,3.407250980890517
84842,sewing,sew,Word,sewing,3.4713412623800473
84844,sewn,sew,Word,sewn,3.236881542221022
84846,sex,sex,Word,sex,3.285536803224732
84853,sexed,sex,Word,sexed,4.173122160133702
84854,sexes,sex,Word,sexes,3.4824906483698777
84859,sexing,sex,Lemma,sex,3.285536803224732
84884,sexual,sexual,Word,sexual,3.6431508029244024
84903,shabbiest,shabby,Lemma,shabby,3.068712358721501
84906,shabby,shabby,Word,shabby,3.068712358721501
84907,shack,shack,Word,shack,3.3010009548823596
84908,shacked,shack,Word,shacked,3.4516784530262488
84914,shacks,shack,Word,shacks,3.725025086377985
84920,shade,shade,Word,shade,2.873427277385695
84927,shading,shade,Word,shading,2.9936703625265575
84929,shadow,shadow,Word,shadow,2.790880205497871
84934,shadowed,shadow,Word,shadowed,2.9806076988690973
84939,shadowing,shadow,Word,shadowing,2.849639363878663
84941,shadows,shadow,Word,shadows,2.931167119524455
84943,shady,shady,Word,shady,3.1582081996633438
84949,shaft,shaft,Word,shaft,3.615204838985016
84950,shafted,shaft,Word,shafted,3.2039159796830936
84951,shafting,shaft,Lemma,shaft,3.615204838985016
84952,shafts,shaft,Word,shafts,3.712317424732429
84969,shake,shake,Word,shake,2.8668144680412624
84972,shaken,shake,Word,shaken,3.150923624283353
84974,shaker,shaker,Word,shaker,3.3544719065042248
84975,shakers,shaker,Word,shakers,3.4574961686312817
84976,shakes,shake,Word,shakes,3.108762813668524
84984,shakiest,shaky,Lemma,shaky,2.955369788172426
84987,shaking,shake,Word,shaking,3.045424301749686
84991,shaky,shaky,Word,shaky,2.955369788172426
84999,shallow,shallow,Word,shallow,2.9814956477313705
85000,shallowed,shallow,Lemma,shallow,2.9814956477313705
85003,shallowing,shallow,Lemma,shallow,2.9814956477313705
85009,sham,sham,Word,sham,3.2587048502137357
85021,shame,shame,Word,shame,2.604179121285268
85022,shamed,shame,Word,shamed,3.159273983655761
85032,shames,shame,Word,shames,3.3799993246083746
85033,shaming,shame,Lemma,shame,2.604179121285268
85034,shammed,sham,Lemma,sham,3.2587048502137357
85036,shamming,sham,Lemma,sham,3.2587048502137357
85038,shampoo,shampoo,Word,shampoo,3.4533503982427893
85039,shampooed,shampoo,Lemma,shampoo,3.4533503982427893
85041,shampooing,shampoo,Lemma,shampoo,3.4533503982427893
85042,shampoos,shampoo,Lemma,shampoo,3.4533503982427893
85045,shams,sham,Word,shams,3.5292648004804312
85070,shape,shape,Word,shape,2.6031560258979116
85071,shaped,shape,Word,shaped,3.132471948675781
85080,shapes,shape,Word,shapes,2.8777171292216046
85081,shaping,shape,Word,shaping,2.8917616374169306
85085,share,share,Word,share,2.469494537732479
85090,shared,share,Word,shared,2.4612894884702112
85096,shares,share,Word,shares,3.495262024946495
85100,sharing,share,Word,sharing,2.679014898635131
85101,shark,shark,Word,shark,4.047914657416223
85105,sharks,shark,Word,sharks,3.8143131311156377
85109,sharp,sharp,Word,sharp,2.5692967308202355
85112,sharpen,sharpen,Word,sharpen,3.2243968356151442
85113,sharpened,sharpen,Word,sharpened,3.1324833434826926
85116,sharpening,sharpen,Word,sharpening,3.2471827939555458
85117,sharpens,sharpen,Lemma,sharpen,3.2243968356151442
85124,sharps,sharp,Lemma,sharp,2.5692967308202355
85132,shattered,shatter,Word,shattered,3.1604792767580867
85133,shattering,shatter,Word,shattering,3.0120247825244997
85138,shave,shave,Word,shave,3.180291918842197
85139,shaved,shave,Word,shaved,3.197131780071877
85143,shaves,shave,Lemma,shave,3.180291918842197
85147,shaving,shave,Word,shaving,3.167139499232807
85152,shawl,shawl,Word,shawl,3.911638256539641
85153,shawls,shawl,Word,shawls,3.9672319937328924
85175,shearing,shear,Word,shearing,3.372624569846564
85181,sheath,sheath,Word,sheath,3.5429505329980735
85187,sheaths,sheath,Lemma,sheath,3.5429505329980735
85195,shed,shed,Word,shed,3.0145545123461797
85197,shedding,shed,Word,shedding,3.0453604849913725
85198,sheds,shed,Word,sheds,2.9356557466420847
85200,sheep,sheep,Word,sheep,2.9614593134354723
85220,sheer,sheer,Word,sheer,2.875987629471232
85222,sheered,sheer,Word,sheered,3.6960396096006183
85223,sheering,sheer,Lemma,sheer,2.875987629471232
85226,sheet,sheet,Word,sheet,2.868436355318213
85227,sheeted,sheet,Word,sheeted,3.3727590064349644
85230,sheets,sheet,Word,sheets,2.945194878459492
85248,shelf,shelf,Word,shelf,3.1498249951357447
85249,shell,shell,Word,shell,2.5894286183531987
85256,shelled,shell,Word,shelled,3.233293862196303
85264,shelling,shell,Lemma,shell,2.5894286183531987
85266,shells,shell,Word,shells,3.232456395532678
85269,shelter,shelter,Word,shelter,3.24226176495409
85271,sheltering,shelter,Word,sheltering,2.9766740777755527
85272,shelters,shelter,Word,shelters,3.6404831541229443
85275,shelves,shelf,Word,shelves,3.5696954672118193
85287,shepherded,shepherd,Lemma,shepherd,3.075223778335828
85290,shepherding,shepherd,Lemma,shepherd,3.075223778335828
85291,shepherds,shepherd,Word,shepherds,3.320231990200489
85300,sheriffs,sheriff,Word,sheriffs,3.5309302353022325
85324,shied,shy,Word,shied,3.963106797003004
85325,shield,shield,Word,shield,2.9940081500478715
85326,shielded,shield,Word,shielded,3.2127822787333935
85327,shielding,shield,Word,shielding,2.942285830014827
85330,shies,shy,Word,shies,3.386224265775999
85334,shift,shift,Word,shift,2.6497411830815962
85336,shifted,shift,Word,shifted,2.9027897328447594
85343,shifting,shift,Word,shifting,2.6173329232346627
85347,shifts,shift,Word,shifts,2.951595717734362
85355,shilling,shilling,Word,shilling,3.496425571925777
85356,shillings,shilling,Word,shillings,3.919784713286421
85376,shine,shine,Word,shine,2.961537218794745
85377,shined,shine,Lemma,shine,2.961537218794745
85380,shines,shine,Word,shines,3.3906202989014846
85383,shingles,shingle,Word,shingles,3.9011201620808666
85391,shining,shine,Word,shining,2.8410010784585107
85405,shiny,shiny,Word,shiny,2.7016567234229965
85406,ship,ship,Word,ship,2.9840149680727173
85422,shipment,shipment,Word,shipment,3.4652333032385423
85423,shipments,shipment,Word,shipments,3.8017567572946858
85427,shipped,ship,Word,shipped,3.2870505140793385
85431,shipping,shipping,Word,shipping,3.080482572446818
85432,ships,ship,Word,ships,3.2933502775883534
85438,shipwrecked,shipwreck,Word,shipwrecked,3.680352913535397
85461,shirt,shirt,Word,shirt,3.124465247789616
85467,shirting,shirt,Lemma,shirt,3.124465247789616
85469,shirts,shirt,Word,shirts,3.155057824420136
85495,shivered,shiver,Word,shivered,3.843461859201061
85496,shivering,shiver,Word,shivering,3.358949128614077
85505,shock,shock,Word,shock,2.857983354141657
85506,shocked,shock,Word,shocked,2.947742174012773
85509,shocking,shocking,Word,shocking,2.632032209545786
85512,shocks,shock,Word,shocks,3.2779573314450294
85520,shoe,shoe,Word,shoe,3.0335397594772746
85534,shoes,shoe,Word,shoes,3.1243794227710184
85546,shone,shine,Word,shone,3.049417833385601
85551,shook,shake,Word,shook,3.4323422794183567
85553,shoot,shoot,Word,shoot,2.967639863977108
85560,shoots,shoot,Lemma,shoot,2.967639863977108
85561,shop,shop,Word,shop,2.817000934744006
85565,shopkeepers,shopkeeper,Word,shopkeepers,3.478289872060174
85573,shopped,shop,Lemma,shop,2.817000934744006
85575,shoppers,shopper,Lemma,shopper,3.48414416409842
85578,shops,shop,Word,shops,2.829554371953749
85587,shored,shore,Lemma,shore,2.95124940379836
85591,shores,shore,Word,shores,3.233751654785663
85593,shoring,shore,Lemma,shore,2.95124940379836
85595,short,short,Word,short,2.2951254983481397
85597,shortage,shortage,Word,shortage,3.5325494124351153
85598,shortages,shortage,Word,shortages,3.8449577807322513
85603,shortcomings,shortcoming,Word,shortcomings,3.027217095710672
85606,shorted,short,Lemma,short,2.2951254983481397
85607,shorten,shorten,Word,shorten,3.2433480096974736
85608,shortened,shorten,Word,shortened,2.9314695962226454
85609,shortening,shorten,Word,shortening,3.0125481783332173
85610,shortens,shorten,Lemma,shorten,3.2433480096974736
85621,shorting,short,Lemma,short,2.2951254983481397
85633,shot,shot,Word,shot,2.687598225830791
85634,shotgun,shotgun,Word,shotgun,3.6811921113136528
85635,shotguns,shotgun,Word,shotguns,3.3092452769368195
85636,shots,shot,Word,shots,3.392666582582625
85642,shoulder,shoulder,Word,shoulder,3.0366648628967097
85643,shouldered,shoulder,Word,shouldered,3.3477730923189384
85644,shouldering,shoulder,Word,shouldering,3.0872395410611997
85645,shoulders,shoulder,Word,shoulders,3.278721293681655
85649,shout,shout,Word,shout,2.8439256007380203
85650,shouted,shout,Word,shouted,3.7046896563700873
85652,shouting,shout,Word,shouting,3.3997441367994314
85653,shouts,shout,Word,shouts,3.392037597002844
85654,shove,shove,Word,shove,2.9376013587906336
85655,shoved,shove,Word,shoved,3.1353093577711566
85656,shovel,shovel,Word,shovel,3.251698763030158
85658,shoveled,shovel,Word,shoveled,3.4695130985143985
85662,shovelled,shovel,Lemma,shovel,3.251698763030158
85663,shovelling,shovel,Lemma,shovel,3.251698763030158
85665,shovels,shovel,Word,shovels,3.951428820718458
85666,shoves,shove,Lemma,shove,2.9376013587906336
85667,shoving,shove,Word,shoving,3.5940236218668007
85668,show,show,Word,show,2.128237889297524
85679,showed,show,Word,showed,2.666010257377907
85680,shower,shower,Word,shower,2.8809994459706005
85681,showered,shower,Word,showered,3.3170913913558127
85685,showering,shower,Word,showering,2.91468584789368
85686,showers,shower,Word,showers,3.8753026497504792
85696,showing,show,Word,showing,2.2301673313525896
85701,shown,show,Word,shown,2.5305427472354594
85709,shows,show,Word,shows,2.2265237484768177
85712,shrank,shrink,Word,shrank,3.745814040139651
85722,shrewd,shrewd,Word,shrewd,3.2979196497598755
85733,shrieked,shriek,Word,shrieked,3.6172592593254707
85739,shrill,shrill,Word,shrill,2.978682957947223
85740,shrilled,shrill,Word,shrilled,1.995999165303568
85742,shrillest,shrill,Lemma,shrill,2.978682957947223
85745,shrills,shrill,Lemma,shrill,2.978682957947223
85747,shrimp,shrimp,Word,shrimp,3.552108052210227
85748,shrimped,shrimp,Lemma,shrimp,3.552108052210227
85751,shrimping,shrimp,Lemma,shrimp,3.552108052210227
85753,shrimps,shrimp,Lemma,shrimp,3.552108052210227
85754,shrine,shrine,Word,shrine,3.559285572846231
85755,shrined,shrine,Lemma,shrine,3.559285572846231
85756,shrines,shrine,Word,shrines,3.4772758215588864
85757,shrining,shrine,Lemma,shrine,3.559285572846231
85758,shrink,shrink,Word,shrink,2.886149495273125
85761,shrinking,shrink,Word,shrinking,2.852652875179881
85762,shrinks,shrink,Word,shrinks,3.3200136702010465
85779,shrub,shrub,Word,shrub,3.6262357570002504
85784,shrubs,shrub,Word,shrubs,3.20895594174936
85785,shrug,shrug,Word,shrug,3.4029979989388743
85786,shrugged,shrug,Word,shrugged,3.5611388370207653
85787,shrugging,shrug,Lemma,shrug,3.4029979989388743
85788,shrugs,shrug,Word,shrugs,3.775577999644565
85789,shrunk,shrink,Lemma,shrink,2.886149495273125
85797,shudder,shudder,Word,shudder,3.02244068582593
85798,shuddered,shudder,Word,shuddered,3.4390506857988945
85799,shuddering,shudder,Word,shuddering,3.1329053828654514
85800,shudders,shudder,Lemma,shudder,3.02244068582593
85805,shuffled,shuffle,Word,shuffled,3.11204721503895
85809,shuffling,shuffle,Word,shuffling,3.0681766268411996
85836,shuts,shut,Word,shuts,3.926713241699046
85837,shutter,shutter,Word,shutter,3.643653404170641
85839,shuttered,shutter,Word,shuttered,3.2103605042431878
85840,shuttering,shutter,Lemma,shutter,3.643653404170641
85841,shutters,shutter,Word,shutters,3.6997484643035943
85842,shutting,shut,Word,shutting,3.2300031816977124
85843,shuttle,shuttle,Word,shuttle,3.609625146313579
85846,shuttled,shuttle,Word,shuttled,3.362085625474111
85847,shuttles,shuttle,Lemma,shuttle,3.609625146313579
85848,shuttling,shuttle,Word,shuttling,3.4806049443919718
85850,shy,shy,Word,shy,3.063748900795049
85853,shying,shy,Lemma,shy,3.063748900795049
85892,sick,sick,Word,sick,2.6911413445406427
85899,sickening,sicken,Word,sickening,3.0792654361675114
85909,sickliest,sickly,Lemma,sickly,2.8296379761925907
85911,sickly,sickly,Word,sickly,2.8296379761925907
85912,sickness,sickness,Word,sickness,2.970676210916787
85913,sicknesses,sickness,Lemma,sickness,2.970676210916787
85919,side,side,Word,side,2.159108718912419
85932,sided,side,Word,sided,2.7408632110957853
85947,sides,side,Word,sides,2.8143922444830443
85974,sidewalk,sidewalk,Word,sidewalk,3.1580954114958497
85975,sidewalks,sidewalk,Word,sidewalks,3.494414715568277
85996,siege,siege,Word,siege,3.4296496269491366
85997,sieges,siege,Lemma,siege,3.4296496269491366
86020,sigh,sigh,Word,sigh,3.312047601761749
86021,sighed,sigh,Word,sighed,3.229392550873013
86022,sighing,sigh,Word,sighing,3.1412789272934916
86023,sighs,sigh,Word,sighs,3.0233229673004582
86024,sight,sight,Word,sight,2.548173557189272
86025,sighted,sight,Word,sighted,2.9652362771421408
86036,sights,sight,Word,sights,3.3161733650801866
86052,sign,sign,Word,sign,2.5456396215724033
86054,signal,signal,Word,signal,2.9207579929398886
86055,signaled,signal,Word,signaled,2.8008189798607472
86057,signaling,signal,Word,signaling,2.571684893369437
86062,signalled,signal,Lemma,signal,2.9207579929398886
86065,signalling,signal,Lemma,signal,2.9207579929398886
86069,signals,signal,Word,signals,3.0226714052880355
86072,signature,signature,Word,signature,2.583159625815996
86073,signatures,signature,Word,signatures,3.6969756359173394
86076,signed,sign,Word,signed,2.8921438556190155
86082,significance,significance,Word,significance,2.8554235963169923
86083,significant,significant,Word,significant,2.3263397642617214
86085,significants,significant,Lemma,significant,2.3263397642617214
86091,signifies,signify,Word,signifies,3.0509695562723027
86095,signing,sign,Word,signing,2.8773273041979253
86109,signs,sign,Word,signs,3.0512156398235217
86118,silence,silence,Word,silence,3.3495657682554434
86119,silenced,silence,Word,silenced,3.083681259865289
86122,silences,silence,Word,silences,3.451023353999178
86123,silencing,silence,Word,silencing,3.3112664785965853
86124,silent,silent,Word,silent,2.8819145617363744
86126,silents,silent,Lemma,silent,2.8819145617363744
86142,silk,silk,Word,silk,3.1161040186119444
86149,silks,silk,Lemma,silk,3.1161040186119444
86156,sill,sill,Word,sill,2.6526790720656113
86160,sillies,silly,Lemma,silly,2.4021695850868263
86163,sills,sill,Lemma,sill,2.6526790720656113
86164,silly,silly,Word,silly,2.4021695850868263
86173,silver,silver,Word,silver,2.8260990497994953
86176,silvered,silver,Lemma,silver,2.8260990497994953
86182,silvering,silver,Lemma,silver,2.8260990497994953
86186,silvers,silver,Word,silvers,3.7339820188003947
86202,similar,similar,Word,similar,2.3020744026875
86203,similarities,similarity,Word,similarities,3.4967505507455603
86204,similarity,similarity,Word,similarity,3.2290735404844133
86234,simple,simple,Word,simple,2.4883350215070306
86237,simples,simple,Word,simples,2.2032532299471965
86243,simplicities,simplicity,Word,simplicities,2.6749821630944677
86245,simplicity,simplicity,Word,simplicity,3.1626035178204477
86248,simplified,simplify,Word,simplified,2.856224620305934
86250,simplifies,simplify,Word,simplifies,3.836124405801784
86251,simplify,simplify,Word,simplify,3.191363955600627
86252,simplifying,simplify,Lemma,simplify,3.191363955600627
86254,simply,simply,Word,simply,1.7958843387048011
86277,sin,sin,Word,sin,3.2557205255580843
86282,sincere,sincere,Word,sincere,2.93430983061195
86296,sinful,sinful,Word,sinful,3.2992111990464177
86299,sing,sing,Word,sing,3.131360146371144
86308,singer,singer,Word,singer,3.1803013952887995
86310,singers,singer,Word,singers,3.1051779926139016
86311,singes,sing,Lemma,sing,3.131360146371144
86313,singing,sing,Word,singing,2.875105860702067
86314,single,single,Word,single,2.146158911924044
86315,singled,single,Word,singled,3.955500936185393
86328,SINGLING,single,Lemma,single,2.146158911924044
86330,sings,sing,Word,sings,3.313443297786351
86335,singular,singular,Word,singular,2.3073572009126946
86343,singulars,singular,Lemma,singular,2.3073572009126946
86347,sink,sink,Word,sink,2.782395991269952
86352,sinking,sink,Word,sinking,2.9852405704206517
86353,sinks,sink,Lemma,sink,2.782395991269952
86357,sinned,sin,Word,sinned,4.242218474191699
86359,sinners,sinner,Word,sinners,3.7036435363402216
86360,sinning,sin,Word,sinning,3.373430155935246
86366,sins,sin,Word,sins,3.6279103559985573
86384,sip,sip,Word,sip,3.2760678783443264
86390,sipped,sip,Word,sipped,3.82345361451709
86393,sipping,sip,Word,sipping,3.3397135656685357
86394,sips,sip,Lemma,sip,3.2760678783443264
86395,sir,sir,Word,sir,3.3598074192835155
86400,siren,siren,Word,siren,3.506657568204051
86401,sirens,siren,Word,sirens,3.8276931275899244
86410,sirs,sir,Word,sirs,3.4391733740374266
86421,sister,sister,Word,sister,2.6572504267519252
86426,sisters,sister,Word,sisters,2.7752282326241615
86429,sit,sit,Word,sit,2.65444591476105
86433,site,site,Word,site,2.4283230763150816
86434,sited,site,Lemma,site,2.4283230763150816
86436,sites,site,Word,sites,2.667306994835428
86438,sits,sit,Word,sits,3.0731046088633915
86439,sitter,sitter,Word,sitter,3.266809235245654
86441,sitters,sitter,Word,sitters,3.387252310189108
86442,sitting,sit,Word,sitting,2.5034474767970973
86446,situated,situate,Word,situated,2.9581503161234775
86449,situation,situation,Word,situation,2.783542220156486
86451,situations,situation,Word,situations,2.91711162503852
86455,six,six,Word,six,1.9882740996756112
86456,sixes,six,Lemma,six,1.9882740996756112
86464,sixteens,sixteen,Lemma,sixteen,2.2471238390165076
86467,sixth,sixth,Word,sixth,2.5169287831626734
86469,sixths,sixth,Lemma,sixth,2.5169287831626734
86470,sixties,sixty,Word,sixties,2.8534351172326815
86477,size,size,Word,size,2.803676635868894
86479,sized,size,Word,sized,3.0144881337173466
86480,sizes,size,Word,sizes,3.2904504450403382
86481,sizing,size,Lemma,size,2.803676635868894
86488,sizzling,sizzle,Word,sizzling,2.9607503996434867
86491,skate,skate,Word,skate,3.6560535609196463
86498,skated,skate,Lemma,skate,3.6560535609196463
86501,skates,skate,Word,skates,3.57596139322523
86502,skating,skate,Word,skating,3.510246337140295
86513,skeletons,skeleton,Word,skeletons,3.518773156981034
86522,sketch,sketch,Word,sketch,3.128707470270568
86525,sketched,sketch,Word,sketched,3.230677256603413
86528,sketches,sketch,Word,sketches,3.1034043796265807
86533,sketching,sketch,Word,sketching,3.224226376011342
86547,ski,ski,Word,ski,3.522962014880198
86552,skidded,skid,Word,skidded,3.9457944448645397
86562,skied,ski,Lemma,ski,3.522962014880198
86565,skies,sky,Word,skies,3.685266450813028
86576,skill,skill,Word,skill,2.9763449599229217
86577,skilled,skilled,Word,skilled,3.0335195094104326
86583,skilling,skill,Lemma,skill,2.9763449599229217
86584,skills,skill,Word,skills,3.0612824986538123
86601,skin,skin,Word,skin,3.1246848629726056
86613,skinned,skin,Lemma,skin,3.1246848629726056
86619,skinning,skin,Lemma,skin,3.1246848629726056
86620,skinny,skinny,Word,skinny,2.872857814878269
86621,skins,skin,Word,skins,3.152111624805083
86624,skip,skip,Word,skip,3.2035551482202647
86628,skipped,skip,Word,skipped,2.8320482155703597
86633,skipping,skip,Word,skipping,2.8187971791793727
86634,skips,skip,Word,skips,2.924930586011716
86643,skirt,skirt,Word,skirt,3.105385930152154
86644,skirted,skirt,Word,skirted,3.0291732404941043
86645,skirting,skirt,Word,skirting,2.7985932753261755
86646,skirts,skirt,Word,skirts,3.2309729027093828
86647,skis,ski,Word,skis,3.8415410189766415
86687,skull,skull,Word,skull,3.470140064578071
86691,skulled,skull,Lemma,skull,3.470140064578071
86692,skulls,skull,Word,skulls,3.625633702715237
86698,sky,sky,Word,sky,3.1447346263727245
86709,skying,sky,Lemma,sky,3.1447346263727245
86733,skyscrapers,skyscraper,Word,skyscrapers,3.6277484629671473
86743,slab,slab,Word,slab,2.7627043121574686
86744,slabs,slab,Lemma,slab,2.7627043121574686
86745,slack,slack,Word,slack,3.1073493263894267
86746,slacked,slack,Lemma,slack,3.1073493263894267
86754,slacking,slack,Word,slacking,3.2574074564767073
86771,slam,slam,Word,slam,3.0305240615193845
86772,slammed,slam,Word,slammed,3.1273189301692517
86774,slamming,slam,Word,slamming,2.8796699447042324
86784,slang,slang,Word,slang,3.7801872922347757
86785,slanged,slang,Lemma,slang,3.7801872922347757
86791,slangs,slang,Lemma,slang,3.7801872922347757
86793,slant,slant,Word,slant,3.1458366825028197
86794,slanted,slant,Word,slanted,3.1688279991248516
86797,slants,slant,Word,slants,3.6230320356045627
86800,slap,slap,Word,slap,3.0881354987209435
86804,slapped,slap,Word,slapped,2.988449500005568
86807,slaps,slap,Word,slaps,3.5223770764983464
86809,slash,slash,Word,slash,3.0588368071005987
86810,slashed,slash,Word,slashed,3.205683106323666
86811,slashes,slash,Word,slashes,3.539647046062566
86812,slashing,slash,Word,slashing,3.044880134499764
86814,slate,slate,Word,slate,3.038760644309801
86815,slated,slate,Word,slated,3.0222931778055573
86818,slates,slate,Lemma,slate,3.038760644309801
86822,slating,slate,Lemma,slate,3.038760644309801
86831,slaughter,slaughter,Word,slaughter,3.4630023413493447
86832,slaughtered,slaughter,Word,slaughtered,3.352390467215458
86837,slaughtering,slaughter,Word,slaughtering,3.4375093020107848
86838,slaughters,slaughter,Lemma,slaughter,3.4630023413493447
86841,slave,slave,Word,slave,3.886812753956311
86843,slaved,slave,Lemma,slave,3.886812753956311
86850,slavery,slavery,Word,slavery,3.924018167034058
86851,slaves,slave,Word,slaves,3.9387018148832422
86856,slaving,slave,Lemma,slave,3.886812753956311
86886,sleek,sleek,Word,sleek,3.139981109964713
86887,sleeked,sleek,Lemma,sleek,3.139981109964713
86889,sleekest,sleek,Lemma,sleek,3.139981109964713
86890,sleeking,sleek,Lemma,sleek,3.139981109964713
86893,sleeks,sleek,Lemma,sleek,3.139981109964713
86894,sleep,sleep,Word,sleep,3.166360873038395
86897,sleepers,sleeper,Word,sleepers,3.464226792773231
86902,sleeping,sleep,Word,sleeping,2.988170744634238
86908,sleeps,sleep,Word,sleeps,3.4501490491138234
86916,sleepy,sleepy,Word,sleepy,3.033610856044605
86926,sleeve,sleeve,Word,sleeve,3.359915767510586
86929,sleeves,sleeve,Word,sleeves,3.538068797066406
86936,slender,slender,Word,slender,3.0023029452111345
86944,slept,sleep,Word,slept,3.241855315213131
86953,slice,slice,Word,slice,2.7932815341113226
86955,sliced,slice,Word,sliced,2.9606263233542367
86957,slices,slice,Word,slices,3.0754926337816624
86958,slicing,slice,Lemma,slice,2.7932815341113226
86959,slick,slick,Word,slick,2.97190634874313
86966,slicking,slick,Lemma,slick,2.97190634874313
86969,slicks,slick,Lemma,slick,2.97190634874313
86970,slid,slide,Word,slid,3.546623925780024
86971,slide,slide,Word,slide,2.8341119103208845
86973,slides,slide,Word,slides,3.0104070795848137
86975,sliding,slide,Word,sliding,2.827967117969855
86976,slight,slight,Word,slight,2.7436537506278498
86977,slighted,slight,Lemma,slight,2.7436537506278498
86980,slighting,slight,Lemma,slight,2.7436537506278498
86984,slights,slight,Word,slights,3.6857238868655284
86987,slimed,slime,Word,slimed,3.7908640067126647
86993,slimmed,slim,Lemma,slim,3.07874007042985
86997,slimming,slim,Lemma,slim,3.07874007042985
86999,slims,slim,Lemma,slim,3.07874007042985
87001,sling,sling,Word,sling,3.2140892818553266
87004,slinging,sling,Word,slinging,3.136231037332943
87005,slings,sling,Word,slings,3.7196646782519047
87013,slip,slip,Word,slip,2.7800018594062283
87022,slipped,slip,Word,slipped,3.043986620258401
87030,slippery,slippery,Word,slippery,3.273320431087455
87031,slipping,slip,Word,slipping,2.7298116042818035
87033,slips,slip,Word,slips,2.9633889768873285
87043,slit,slit,Word,slit,3.4403885882489016
87049,slits,slit,Word,slits,3.8765656948807807
87053,slitting,slit,Lemma,slit,3.4403885882489016
87077,slogan,slogan,Word,slogan,3.4409374219806175
87080,slogans,slogan,Word,slogans,3.549918910204214
87089,slope,slope,Word,slope,3.325902883896568
87091,sloped,slope,Lemma,slope,3.325902883896568
87092,slopes,slope,Word,slopes,3.2325247226441753
87093,sloping,slope,Word,sloping,3.2781705590649963
87097,sloppiest,sloppy,Lemma,sloppy,3.1031716046608095
87101,sloppy,sloppy,Word,sloppy,3.1031716046608095
87108,slot,slot,Word,slot,3.0572593014869276
87115,slots,slot,Word,slots,3.157082537406772
87116,slotted,slot,Word,slotted,3.2883202027568266
87117,slotting,slot,Lemma,slot,3.0572593014869276
87137,slow,slow,Word,slow,2.6591872739314457
87141,slowed,slow,Word,slowed,3.1833812829588486
87144,slowing,slow,Word,slowing,2.8999771256284226
87145,slowly,slowly,Word,slowly,2.7076668826135797
87146,slowness,slowness,Word,slowness,3.300786175901167
87149,slows,slow,Lemma,slow,2.6591872739314457
87152,sludge,sludge,Word,sludge,3.51967056549848
87165,sluggish,sluggish,Word,sluggish,3.0131331656959546
87176,slum,slum,Word,slum,3.5445022098934897
87186,slummed,slum,Lemma,slum,3.5445022098934897
87189,slumming,slum,Word,slumming,3.2392805670263893
87192,slumped,slump,Word,slumped,3.4409162061344114
87195,slums,slum,Word,slums,3.6554551216013014
87196,slung,sling,Word,slung,3.50619454362091
87217,sly,sly,Word,sly,2.575769872779185
87218,slyer,sly,Lemma,sly,2.575769872779185
87219,slyest,sly,Lemma,sly,2.575769872779185
87222,smack,smack,Word,smack,2.6312473610014684
87223,smacked,smack,Word,smacked,2.985638287075368
87226,smacking,smack,Lemma,smack,2.6312473610014684
87228,smacks,smack,Word,smacks,3.0931624278087178
87229,small,small,Word,small,2.1355994517057812
87240,smallpox,smallpox,Word,smallpox,3.961308970745193
87249,smart,smart,Word,smart,2.5944398523739745
87253,smarted,smart,Word,smarted,3.0809334242738147
87257,smarting,smart,Lemma,smart,2.5944398523739745
87261,smarts,smart,Lemma,smart,2.5944398523739745
87264,smash,smash,Word,smash,3.0322176305681316
87265,smashed,smash,Word,smashed,3.1461479569914905
87268,smashes,smash,Lemma,smash,3.0322176305681316
87269,smashing,smash,Word,smashing,2.8756087462223814
87275,smear,smear,Word,smear,3.4068141896959814
87277,smeared,smear,Word,smeared,3.3378834037336524
87278,smearing,smear,Lemma,smear,3.4068141896959814
87279,smears,smear,Lemma,smear,3.4068141896959814
87282,smell,smell,Word,smell,3.546424895449446
87283,smelled,smell,Word,smelled,4.111237549489035
87288,smelling,smell,Word,smelling,3.472480091907609
87289,smells,smell,Word,smells,3.420868532758421
87291,smelt,smell,Word,smelt,3.4393966127414295
87301,smiled,smile,Word,smiled,3.2145866481247
87302,smiles,smile,Word,smiles,3.18161580160858
87305,smiling,smile,Word,smiling,2.9843710006957234
87334,smoke,smoke,Word,smoke,3.577228658404097
87335,smoked,smoke,Word,smoked,3.26931934766268
87339,smoker,smoker,Word,smoker,3.662165754478644
87340,smokers,smoker,Word,smokers,3.6889400153728213
87341,smokes,smoke,Word,smokes,3.4478457349838023
87348,smokiest,smoky,Lemma,smoky,3.1813915685506395
87351,smoky,smoky,Word,smoky,3.1813915685506395
87366,smooth,smooth,Word,smooth,2.9332557616320574
87368,smoothed,smooth,Word,smoothed,3.2047531175668076
87374,smoothing,smooth,Word,smoothing,3.144751313525647
87377,smooths,smooth,Lemma,smooth,2.9332557616320574
87381,smothered,smother,Word,smothered,3.0560103933295513
87401,smuggled,smuggle,Word,smuggled,3.6935609649754837
87420,snack,snack,Word,snack,3.1548913377914674
87421,snacked,snack,Lemma,snack,3.1548913377914674
87422,snacking,snack,Lemma,snack,3.1548913377914674
87423,snacks,snack,Word,snacks,3.0750146560222147
87436,snail,snail,Word,snail,3.2423528506894397
87439,snails,snail,Word,snails,3.273541726976935
87440,snake,snake,Word,snake,3.0053184718713872
87443,snaked,snake,Word,snaked,4.164651602398969
87449,snakes,snake,Word,snakes,3.1291500776090966
87456,snaking,snake,Lemma,snake,3.0053184718713872
87458,snap,snap,Word,snap,2.795854233074129
87462,snapped,snap,Word,snapped,2.925172506258011
87469,snapping,snap,Word,snapping,2.8940627147894142
87474,snaps,snap,Lemma,snap,2.795854233074129
87482,snarl,snarl,Word,snarl,3.260440923488795
87483,snarled,snarl,Word,snarled,3.33710540954112
87484,snarling,snarl,Word,snarling,3.0697335998670465
87485,snarls,snarl,Lemma,snarl,3.260440923488795
87487,snatch,snatch,Word,snatch,2.9167857244214015
87488,snatched,snatch,Word,snatched,3.0186856263969775
87491,snatches,snatch,Word,snatches,3.150948933411278
87492,snatching,snatch,Word,snatching,3.065613210512275
87498,sneak,sneak,Word,sneak,2.965051516892208
87499,sneaked,sneak,Word,sneaked,3.1784635205048932
87505,sneaking,sneak,Word,sneaking,2.8556801610442535
87507,sneaks,sneak,Word,sneaks,3.1925794121971527
87511,sneered,sneer,Word,sneered,2.8692248043723048
87517,sneeze,sneeze,Word,sneeze,3.444757258306284
87518,sneezed,sneeze,Word,sneezed,3.652828503924332
87520,sneezes,sneeze,Lemma,sneeze,3.444757258306284
87523,sneezing,sneeze,Word,sneezing,3.9282667883049305
87538,sniffed,sniff,Word,sniffed,2.906156711874745
87543,sniffing,sniff,Word,sniffing,3.121216161080767
87639,snoring,snore,Word,snoring,3.8494733880334895
87645,snorted,snort,Word,snorted,3.732630814814185
87658,snout,snout,Word,snout,3.679007697529392
87659,snouted,snout,Lemma,snout,3.679007697529392
87660,snouts,snout,Lemma,snout,3.679007697529392
87662,snow,snow,Word,snow,3.5710215576549498
87664,snowball,snowball,Word,snowball,3.302919080042062
87665,snowballed,snowball,Lemma,snowball,3.302919080042062
87666,snowballing,snowball,Lemma,snowball,3.302919080042062
87667,snowballs,snowball,Word,snowballs,3.500196920145089
87685,snowed,snow,Word,snowed,3.5670448087009814
87691,snowflakes,snowflake,Word,snowflakes,3.755511973482445
87695,snowing,snow,Word,snowing,4.316818039860314
87706,snows,snow,Word,snows,3.752071593765785
87713,snowy,snowy,Word,snowy,3.0958256180627246
87721,snuff,snuff,Word,snuff,2.911450026567507
87724,snuffed,snuff,Word,snuffed,3.501250868395617
87727,snuffing,snuff,Lemma,snuff,2.911450026567507
87732,snuffs,snuff,Lemma,snuff,2.911450026567507
87734,snug,snug,Word,snug,3.2041834078129727
87739,snuggest,snug,Lemma,snug,3.2041834078129727
87740,snugging,snug,Lemma,snug,3.2041834078129727
87742,snuggled,snuggle,Word,snuggled,3.6593075510922453
87747,snugs,snug,Lemma,snug,3.2041834078129727
87752,soak,soak,Word,soak,3.1401918435441143
87754,soaked,soak,Word,soaked,2.920103805176351
87757,soaking,soak,Word,soaking,2.8911285060291343
87758,soaks,soak,Lemma,soak,3.1401918435441143
87759,soap,soap,Word,soap,3.3410589272665283
87764,soaped,soap,Lemma,soap,3.3410589272665283
87768,soaping,soap,Lemma,soap,3.3410589272665283
87769,soaps,soap,Word,soaps,3.4992353434982735
87774,soar,soar,Word,soar,3.276823394609421
87775,soared,soar,Word,soared,3.211889614841088
87776,soaring,soar,Word,soaring,2.936430305431008
87777,soars,soar,Lemma,soar,3.276823394609421
87779,sob,sob,Word,sob,3.692664444818763
87782,sobbed,sob,Word,sobbed,4.122364747591914
87783,sobbing,sob,Word,sobbing,3.527192609205613
87785,sober,sober,Word,sober,3.113647372746238
87786,sobered,sober,Word,sobered,3.4301550185581817
87788,soberest,sober,Lemma,sober,3.113647372746238
87806,social,social,Word,social,2.519921176892761
87807,socialism,socialism,Word,socialism,3.5947632425372404
87808,socialist,socialist,Word,socialist,3.1130927826798507
87810,socialists,socialist,Lemma,socialist,3.1130927826798507
87822,socials,social,Lemma,social,2.519921176892761
87825,societies,society,Word,societies,3.1536885114488062
87826,society,society,Word,society,2.7738282697828005
87839,sociology,sociology,Word,sociology,3.1613233926480038
87844,sock,sock,Word,sock,2.858938643901821
87847,socked,sock,Word,socked,3.302821642093466
87848,socket,socket,Word,socket,3.4857224935601754
87849,sockets,socket,Word,sockets,3.549935034646472
87853,socks,sock,Word,socks,2.9569812000799285
87861,soda,soda,Word,soda,3.100838592141841
87864,sodas,soda,Lemma,soda,3.100838592141841
87870,sodium,sodium,Word,sodium,4.036720992141573
87879,sofa,sofa,Word,sofa,3.1600716112809595
87881,sofas,sofa,Word,sofas,3.288985968015127
87883,soft,soft,Word,soft,2.551209857699376
87886,soften,soften,Word,soften,3.129613634177668
87887,softened,soften,Word,softened,3.020216727514543
87890,softening,soften,Word,softening,2.923568353611604
87891,softens,soften,Word,softens,3.488220879125331
87906,softness,softness,Word,softness,3.5041842166493375
87915,soggy,soggy,Word,soggy,3.1300173263873083
87921,soil,soil,Word,soil,3.182444236440964
87922,soiled,soil,Word,soiled,3.3191316418216785
87923,soiling,soil,Lemma,soil,3.182444236440964
87925,soils,soil,Word,soils,3.533962469612771
87946,solar,solar,Word,solar,3.611161629807334
87950,sold,sell,Word,sold,2.6503164792962925
87955,soldier,soldier,Word,soldier,3.399204684690622
87957,soldiered,soldier,Lemma,soldier,3.399204684690622
87958,soldiering,soldier,Word,soldiering,3.038565773629147
87961,soldiers,soldier,Word,soldiers,3.028103681245849
87963,sole,sole,Word,sole,2.5899160415765055
87966,soled,sole,Lemma,sole,2.5899160415765055
87968,solemn,solemn,Word,solemn,3.1924312910632593
87981,soles,sole,Word,soles,3.537323442336164
87998,solid,solid,Word,solid,2.4658732579351925
88005,solidified,solidify,Lemma,solidify,3.1037552493239597
88013,solids,solid,Word,solids,3.494214756488698
88022,soling,sole,Lemma,sole,2.5899160415765055
88029,solitaries,solitary,Lemma,solitary,2.7378453050976144
88032,solitary,solitary,Word,solitary,2.7378453050976144
88033,solitude,solitude,Word,solitude,3.4186434931770795
88034,solitudes,solitude,Word,solitudes,4.019815083631813
88036,solo,solo,Word,solo,3.154410596793987
88037,soloed,solo,Lemma,solo,3.154410596793987
88038,soloing,solo,Lemma,solo,3.154410596793987
88044,solos,solo,Word,solos,3.5048433618343373
88052,solution,solution,Word,solution,2.8135872439544305
88053,solutions,solution,Word,solutions,2.8354674403641975
88059,solve,solve,Word,solve,2.98389427296604
88060,solved,solve,Word,solved,3.1136064819944878
88062,solvent,solvent,Word,solvent,3.32504464450744
88063,solvents,solvent,Word,solvents,3.648848281034878
88066,solves,solve,Word,solves,3.6345157344368015
88067,solving,solve,Word,solving,3.114659314771702
88134,son,son,Word,son,2.622929641202862
88143,song,song,Word,song,2.9864415142211356
88154,songs,song,Word,songs,3.1047508253173155
88180,sons,son,Word,sons,3.0779215871013057
88190,soot,soot,Word,soot,3.742719183252026
88191,sooted,soot,Lemma,soot,3.742719183252026
88193,soothe,soothe,Word,soothe,3.623018003501459
88194,soothed,soothe,Word,soothed,3.450578890692674
88196,soothes,soothe,Lemma,soothe,3.623018003501459
88206,sooting,soot,Lemma,soot,3.742719183252026
88207,soots,soot,Lemma,soot,3.742719183252026
88263,sore,sore,Word,sore,3.504121942922316
88269,sores,sore,Word,sores,4.128987156899742
88282,sorrow,sorrow,Word,sorrow,3.4427775139693444
88283,sorrowed,sorrow,Lemma,sorrow,3.4427775139693444
88288,sorrows,sorrow,Word,sorrows,3.5841065421606313
88289,sorry,sorry,Word,sorry,2.910002802113256
88290,sort,sort,Word,sort,1.9148380425951654
88291,sorted,sort,Word,sorted,3.2014883174579767
88297,sorting,sort,Word,sorting,3.0225991792031324
88298,sorts,sort,Word,sorts,2.2788301968872124
88325,sought,seek,Word,sought,2.534935853929451
88328,soul,soul,Word,soul,2.897408244250812
88339,souls,soul,Word,souls,3.0834260301336602
88340,sound,sound,Word,sound,2.5763182529867774
88343,sounded,sound,Word,sounded,3.2259602367950393
88346,sounding,sound,Word,sounding,2.8527691772759116
88358,sounds,sound,Word,sounds,2.737099784792734
88362,soup,soup,Word,soup,2.8426388873279027
88366,soups,soup,Lemma,soup,2.8426388873279027
88369,sour,sour,Word,sour,2.9936800303311686
88371,source,source,Word,source,2.6888850585769024
88373,sources,source,Word,sources,2.703433500131156
88377,soured,sour,Lemma,sour,2.9936800303311686
88378,sourer,sour,Lemma,sour,2.9936800303311686
88385,sours,sour,Word,sours,3.683843016989463
88430,southwest,southwest,Word,southwest,2.754715843300988
88441,sovereign,sovereign,Word,sovereign,3.4860602521460105
88442,sovereigns,sovereign,Word,sovereigns,3.7391717587224615
88443,sovereignty,sovereignty,Word,sovereignty,3.958182796090794
88476,space,space,Word,space,2.5591203793112856
88479,spaced,space,Word,spaced,3.501971130626188
88485,spaces,space,Word,spaces,2.849566746333724
88493,spacious,spacious,Word,spacious,3.077929228390949
88503,spades,spade,Word,spades,3.413066200177553
88506,spaghetti,spaghetti,Word,spaghetti,3.2871459334376483
88513,spake,speak,Word,spake,3.2315956459160153
88518,span,span,Word,span,2.7552717737063563
88541,spanned,span,Word,spanned,3.884190993440431
88544,spanning,span,Word,spanning,3.011012042257918
88545,spans,span,Word,spans,3.26891806821152
88548,spare,spare,Word,spare,2.375760052832934
88549,spared,spare,Word,spared,3.0419367680957228
88555,spares,spare,Word,spares,2.987410037465116
88556,sparest,spare,Lemma,spare,2.375760052832934
88558,sparing,spare,Word,sparing,2.762983780402805
88560,spark,spark,Word,spark,3.085108273346363
88561,sparked,spark,Word,sparked,3.0868507469923077
88563,sparking,spark,Lemma,spark,3.085108273346363
88564,sparkle,sparkle,Word,sparkle,3.1960974716954214
88566,sparkled,sparkle,Word,sparkled,3.1738198920023377
88569,sparkles,sparkle,Word,sparkles,3.1353808048635674
88575,sparks,spark,Word,sparks,3.650766709376132
88587,sparse,sparse,Word,sparse,2.8383183646038477
88610,spat,spat,Word,spat,3.273737494572684
88616,spatial,spatial,Word,spatial,3.3927694350511284
88620,spats,spat,Word,spats,3.5860484968766233
88638,speak,speak,Word,speak,2.643167688947789
88645,speakers,speaker,Word,speakers,2.9881374420661757
88649,speaking,speak,Word,speaking,2.522146777634846
88650,speaks,speak,Word,speaks,3.147573779813938
88651,spear,spear,Word,spear,3.338370160553119
88652,speared,spear,Word,speared,3.2263254569448376
88658,spearing,spear,Lemma,spear,3.338370160553119
88666,specialist,specialist,Word,specialist,2.600876979842438
88667,specialists,specialist,Word,specialists,2.576437768949843
88678,specials,special,Lemma,special,2.1944264227773225
88679,specialties,specialty,Word,specialties,3.1076033264683303
88680,specialty,specialty,Word,specialty,2.7176317547592155
88683,species,species,Word,species,3.4619809932707315
88685,specific,specific,Word,specific,2.4389770970743343
88691,specified,specify,Word,specified,2.7422561245548165
88693,specifies,specify,Word,specifies,3.027102208921478
88695,specify,specify,Word,specify,3.483836408138274
88696,specifying,specify,Word,specifying,2.921924586221726
88697,specimen,specimen,Word,specimen,3.2579860163451113
88698,specimens,specimen,Word,specimens,3.404512524244639
88703,speck,speck,Word,speck,3.406404707982885
88704,specked,speck,Lemma,speck,3.406404707982885
88705,specking,speck,Lemma,speck,3.406404707982885
88711,specks,speck,Word,specks,3.790787544941075
88713,spectacle,spectacle,Word,spectacle,2.8416413284324538
88716,spectacular,spectacular,Word,spectacular,2.588216016970825
88718,spectaculars,spectacular,Lemma,spectacular,2.588216016970825
88719,spectator,spectator,Word,spectator,3.1087387383423426
88720,spectators,spectator,Word,spectators,3.2230291610448005
88725,spectra,spectrum,Word,spectra,4.169283881515232
88744,spectrum,spectrum,Word,spectrum,3.368948433665452
88748,speculate,speculate,Word,speculate,3.294507961778548
88749,speculated,speculate,Word,speculated,3.065030452590366
88750,speculates,speculate,Lemma,speculate,3.294507961778548
88751,speculating,speculate,Word,speculating,2.909722422584819
88752,speculation,speculation,Word,speculation,3.5005851384203757
88753,speculations,speculation,Word,speculations,3.519033384042141
88759,sped,speed,Word,sped,3.1679953984853464
88760,speech,speech,Word,speech,3.1442177298760123
88761,speeches,speech,Word,speeches,3.162389016354821
88766,speechless,speechless,Word,speechless,3.700828006010846
88772,speed,speed,Word,speed,2.7141088075761455
88776,speeded,speed,Word,speeded,3.1806249247028853
88782,speeding,speed,Word,speeding,3.036284697456065
88787,speeds,speed,Word,speeds,3.3865559954347226
88794,speedy,speedy,Word,speedy,2.744549217843808
88802,spell,spell,Word,spell,2.8173709270131804
88811,spelled,spell,Word,spelled,3.015611552052046
88814,spelling,spelling,Word,spelling,2.990996136149744
88815,spellings,spelling,Lemma,spelling,2.990996136149744
88816,spells,spell,Word,spells,2.936232678010156
88818,spelt,spell,Lemma,spell,2.8173709270131804
88825,spend,spend,Word,spend,2.7851868562425968
88830,spends,spend,Word,spends,3.5912132758534328
88834,spent,spend,Word,spent,2.8655153097827424
88855,sphere,sphere,Word,sphere,2.84774846887947
88856,spheres,sphere,Word,spheres,3.130122981540071
88857,spherical,spherical,Word,spherical,3.422318612123664
88873,spice,spice,Word,spice,3.289315586265415
88877,spices,spice,Word,spices,3.146434648672088
88885,spicy,spicy,Word,spicy,3.3517541216548783
88886,spider,spider,Word,spider,3.324240461780076
88889,spiders,spider,Lemma,spider,3.324240461780076
88893,spied,spy,Lemma,spy,3.4078540833755016
88898,spies,spy,Word,spies,3.246599152671191
88906,spiked,spike,Word,spiked,2.8930926638455268
88909,spikes,spike,Word,spikes,2.9788393375052946
88913,spiking,spike,Lemma,spike,3.0126783685259477
88915,spill,spill,Word,spill,3.378292597071177
88918,spilled,spill,Word,spilled,3.2820821681725043
88923,spills,spill,Word,spills,3.3088957552044267
88926,spilt,spill,Lemma,spill,3.378292597071177
88927,spin,spin,Word,spin,2.8158026935718445
88928,spinach,spinach,Word,spinach,3.9114416955258005
88940,spine,spine,Word,spine,3.1003812424046937
88945,spines,spine,Lemma,spine,3.1003812424046937
88965,spins,spin,Lemma,spin,2.8158026935718445
88972,spiral,spiral,Word,spiral,3.1663267922315197
88973,spiraled,spiral,Word,spiraled,3.500582099967788
88974,spiraling,spiral,Word,spiraling,2.9812527174440344
88976,spiralled,spiral,Lemma,spiral,3.1663267922315197
88977,spiralling,spiral,Lemma,spiral,3.1663267922315197
88979,spirals,spiral,Lemma,spiral,3.1663267922315197
88983,spirit,spirit,Word,spirit,2.8698151866237485
88984,spirited,spirited,Word,spirited,2.669416009674698
88987,spiriting,spirit,Lemma,spirit,2.8698151866237485
88993,spirits,spirit,Word,spirits,3.1906017347276543
88994,spiritual,spiritual,Word,spiritual,3.158717524618288
89006,spirituals,spiritual,Word,spirituals,4.061021815770623
89012,spit,spit,Word,spit,2.862423275822178
89014,spite,spite,Word,spite,2.58212206166128
89015,spited,spit,Lemma,spit,2.862423275822178
89019,spites,spite,Lemma,spite,2.58212206166128
89022,spiting,spite,Lemma,spite,2.58212206166128
89023,spits,spit,Lemma,spit,2.862423275822178
89024,spitted,spit,Lemma,spit,2.862423275822178
89026,spitting,spit,Word,spitting,3.2406857577103563
89036,splash,splash,Word,splash,2.9359427256730553
89040,splashed,splash,Word,splashed,3.3102602869004762
89041,splashes,splash,Word,splashes,3.1738207847922704
89044,splashing,splash,Word,splashing,3.2174018941565232
89063,splendid,splendid,Word,splendid,2.473007334087938
89085,splinters,splinter,Word,splinters,3.5097983829333907
89089,split,split,Word,split,2.6760545641710514
89091,splits,split,Word,splits,2.8374792049205264
89117,spoil,spoil,Word,spoil,3.0902303935459523
89121,spoiled,spoil,Word,spoiled,2.8357489085949976
89124,spoiling,spoil,Word,spoiling,2.9853570863220322
89125,spoils,spoil,Word,spoils,3.264497186348706
89130,spoke,speak,Word,spoke,2.865060695590253
89131,spoken,speak,Word,spoken,2.8302209655617725
89150,sponge,sponge,Word,sponge,3.1510584685557883
89151,sponged,sponge,Word,sponged,3.0123702653569993
89154,sponges,sponge,Word,sponges,3.5475149561183184
89159,sponging,sponge,Word,sponging,3.5113076720233645
89161,sponsor,sponsor,Word,sponsor,3.271661254235481
89163,sponsored,sponsor,Word,sponsored,3.0002159089976517
89164,sponsoring,sponsor,Word,sponsoring,3.01275372044954
89165,sponsors,sponsor,Word,sponsors,3.1071764939211035
89168,spontaneous,spontaneous,Word,spontaneous,2.8261196115484344
89187,spoon,spoon,Word,spoon,3.400119417837647
89190,spooned,spoon,Word,spooned,4.165695228569648
89201,spooning,spoon,Lemma,spoon,3.400119417837647
89202,spoons,spoon,Lemma,spoon,3.400119417837647
89212,spores,spore,Word,spores,4.345682198613278
89216,sport,sport,Word,sport,2.756306146549796
89217,sported,sport,Lemma,sport,2.756306146549796
89223,sporting,sport,Word,sporting,2.668228286515867
89228,sports,sport,Word,sports,2.6248814272975354
89245,spot,spot,Word,spot,2.5414258990992207
89246,spotless,spotless,Word,spotless,3.1970756695822837
89249,spotlight,spotlight,Word,spotlight,3.2467525007706524
89250,spotlighted,spotlight,Lemma,spotlight,3.2467525007706524
89251,spotlighting,spotlight,Lemma,spotlight,3.2467525007706524
89252,spotlights,spotlight,Word,spotlights,2.882085190060759
89253,spots,spot,Word,spots,2.9264440178164697
89254,spotted,spot,Word,spotted,3.0026210145262593
89261,spotting,spot,Word,spotting,2.7924657047113373
89264,spouse,spouse,Word,spouse,3.099244320471213
89266,spouses,spouse,Word,spouses,3.097628488645878
89279,sprang,spring,Word,sprang,3.053097020330826
89283,sprawled,sprawl,Word,sprawled,3.5094086363902344
89284,sprawling,sprawl,Word,sprawling,2.6548729825637705
89286,spray,spray,Word,spray,3.0842947758041768
89287,sprayed,spray,Word,sprayed,3.3866968051690898
89290,spraying,spray,Word,spraying,3.2648055721959355
89291,sprays,spray,Word,sprays,3.195517503131771
89292,spread,spread,Word,spread,2.8465992215717013
89300,spreading,spread,Word,spreading,2.9886116092187907
89301,spreads,spread,Word,spreads,3.188763394826316
89316,spring,spring,Word,spring,2.4002323219882897
89332,springing,spring,Word,springing,2.9335819975330817
89335,springs,spring,Word,springs,2.7823310930646192
89339,springtime,springtime,Word,springtime,2.814028847532909
89340,springtimes,springtime,Lemma,springtime,2.814028847532909
89344,sprinkle,sprinkle,Word,sprinkle,3.5526420145701794
89345,sprinkled,sprinkle,Word,sprinkled,3.0479903150816243
89348,sprinkles,sprinkle,Lemma,sprinkle,3.5526420145701794
89365,sprout,sprout,Word,sprout,3.379518943075986
89366,sprouted,sprout,Word,sprouted,3.3620494172355757
89367,sprouting,sprout,Word,sprouting,3.398811559616927
89368,sprouts,sprout,Lemma,sprout,3.379518943075986
89369,spruce,spruce,Word,spruce,3.239853143836434
89370,spruced,spruce,Word,spruced,3.496909305003219
89373,spruces,spruce,Lemma,spruce,3.239853143836434
89374,sprucing,spruce,Lemma,spruce,3.239853143836434
89376,sprung,spring,Word,sprung,2.993057731731834
89389,spun,spin,Word,spun,3.2705808432402277
89395,spur,spur,Word,spur,2.8338856794016665
89405,spurred,spur,Word,spurred,2.7554141561458816
89406,spurring,spur,Word,spurring,2.662067211538627
89408,spurt,spurt,Word,spurt,3.69516160827079
89409,spurted,spurt,Lemma,spurt,3.69516160827079
89410,spurting,spurt,Lemma,spurt,3.69516160827079
89412,spurts,spurt,Lemma,spurt,3.69516160827079
89422,spy,spy,Word,spy,3.4078540833755016
89426,spying,spy,Word,spying,3.7330052228609776
89436,squad,squad,Word,squad,3.1745517240231726
89437,squadron,squadron,Word,squadron,3.3799565692718248
89438,squadrons,squadron,Word,squadrons,3.7447496914545866
89440,squads,squad,Word,squads,3.1904311357797464
89463,square,square,Word,square,2.735747723339278
89465,squared,square,Word,squared,2.852183421639325
89469,squares,square,Word,squares,2.9671527234400044
89473,squaring,square,Lemma,square,2.735747723339278
89474,squash,squash,Word,squash,2.948173734307303
89476,squashes,squash,Lemma,squash,2.948173734307303
89480,squashing,squash,Word,squashing,2.992773685248419
89482,squat,squat,Word,squat,2.9000226808204923
89484,squats,squat,Word,squats,3.9327938646196383
89485,squatted,squat,Word,squatted,3.570966818215555
89489,squattest,squat,Lemma,squat,2.9000226808204923
89490,squatting,squat,Word,squatting,3.1638801951154085
89515,squealed,squeal,Word,squealed,3.733283562832759
89528,squeeze,squeeze,Word,squeeze,2.8208135555489635
89530,squeezed,squeeze,Word,squeezed,2.6605182379988355
89533,squeezes,squeeze,Lemma,squeeze,2.8208135555489635
89534,squeezing,squeeze,Word,squeezing,2.6950358895318223
89559,squinted,squint,Word,squinted,3.8680003916681636
89563,squinting,squint,Word,squinting,3.4245891253511265
89574,squirmed,squirm,Word,squirmed,3.8521329044439367
89579,squirrel,squirrel,Word,squirrel,3.1355607357640096
89581,squirrels,squirrel,Lemma,squirrel,3.1355607357640096
89594,stab,stab,Word,stab,2.899075204010936
89596,stabbed,stab,Word,stabbed,4.289067093638848
89599,stabbing,stab,Lemma,stab,2.899075204010936
89601,stabilities,stability,Word,stabilities,2.3709978285793816
89602,stability,stability,Word,stability,3.0289631340269607
89611,stable,stable,Word,stable,2.63761525661671
89612,stabled,stable,Word,stabled,3.620750950161865
89616,stables,stable,Word,stables,2.9932061530119007
89617,stablest,stable,Lemma,stable,2.63761525661671
89618,stabling,stable,Lemma,stable,2.63761525661671
89620,stabs,stab,Word,stabs,3.440264353430204
89624,stack,stack,Word,stack,2.7384729173322953
89625,stacked,stack,Word,stacked,3.0450653921719764
89627,stacking,stack,Word,stacking,3.0359066536816113
89628,stacks,stack,Word,stacks,2.76782875745555
89633,stadiums,stadium,Lemma,stadium,3.466259643457909
89634,staff,staff,Word,staff,2.3463379489063376
89637,staffed,staff,Word,staffed,3.4023639270157187
89644,staffs,staff,Word,staffs,2.8269891538093077
89646,stage,stage,Word,stage,2.3272033472440254
89650,staged,stage,Word,staged,2.8296280971606933
89654,stages,stage,Word,stages,2.746690253015647
89660,staggered,stagger,Word,staggered,2.742995125896686
89671,staging,stage,Word,staging,2.627206384940475
89681,stags,stag,Word,stags,3.49637862746989
89687,stain,stain,Word,stain,3.511437336553694
89690,staining,stain,Word,staining,3.558302299049802
89691,stainless,stainless,Word,stainless,3.8816550759960675
89693,stains,stain,Word,stains,3.7460509972232128
89694,stair,stair,Word,stair,3.489648341313753
89695,staircase,staircase,Word,staircase,3.5879600857164706
89696,staircases,staircase,Word,staircases,3.611273367194603
89697,stairs,stair,Word,stairs,3.7369821086882986
89698,stairway,stairway,Word,stairway,3.5926790813928644
89699,stairways,stairway,Word,stairways,3.630219006608481
89702,stake,stake,Word,stake,3.3559342866407627
89703,staked,stake,Word,staked,3.3222215197080858
89708,stakes,stake,Word,stakes,3.1924687920801422
89709,staking,stake,Lemma,stake,3.3559342866407627
89715,stale,stale,Word,stale,3.087274554161416
89716,staled,stale,Lemma,stale,3.087274554161416
89723,stales,stale,Lemma,stale,3.087274554161416
89728,staling,stale,Lemma,stale,3.087274554161416
89732,stalk,stalk,Word,stalk,2.982960502343618
89733,stalked,stalk,Word,stalked,3.1159353403057963
89736,stalking,stalk,Word,stalking,3.230025888857203
89737,stalks,stalk,Lemma,stalk,2.982960502343618
89738,stall,stall,Word,stall,2.714360121007832
89741,stalled,stall,Word,stalled,2.9398895489614474
89744,stalling,stall,Word,stalling,2.7789197400701386
89749,stalls,stall,Word,stalls,3.0351398050141842
89757,stamina,stamen,Word,stamina,3.502473474329703
89766,stamp,stamp,Word,stamp,3.0560536901525412
89767,stamped,stamp,Word,stamped,3.0866557284385396
89773,stamping,stamp,Word,stamping,3.179443660517296
89774,stamps,stamp,Word,stamps,3.4966053197867937
89776,stance,stance,Word,stance,3.0513895982896506
89777,stances,stance,Word,stances,3.3393983515624313
89788,stand,stand,Word,stand,2.1267854035980056
89791,standard,standard,Word,standard,2.441713162553026
89798,standards,standard,Word,standards,2.9351337115317064
89806,standing,stand,Word,standing,2.183906822028768
89816,standpoint,standpoint,Word,standpoint,3.3495331523270653
89817,standpoints,standpoint,Lemma,standpoint,3.3495331523270653
89818,stands,stand,Word,stands,2.1633115960778593
89819,standstill,standstill,Word,standstill,3.3902079413664636
89824,stank,stink,Word,stank,3.45799027387302
89840,staple,staple,Word,staple,2.851907893066504
89841,stapled,staple,Lemma,staple,2.851907893066504
89844,staples,staple,Word,staples,2.9716293074103546
89845,stapling,staple,Word,stapling,3.8234057199280715
89846,star,star,Word,star,2.5929512547527316
89866,stare,stare,Word,stare,3.2465107965954982
89867,stared,stare,Word,stared,3.5561307424774444
89869,stares,stare,Word,stares,3.4553056383271965
89878,staring,stare,Word,staring,3.05415414447178
89895,starred,star,Word,starred,3.53864233544381
89899,starring,star,Word,starring,2.901423940420242
89901,stars,star,Word,stars,2.6982685165539415
89904,start,start,Word,start,2.123772894094053
89905,started,start,Word,started,2.287287710966366
89906,starter,starter,Word,starter,3.2643268473174696
89907,starters,starter,Lemma,starter,3.2643268473174696
89909,starting,start,Word,starting,1.9638779261831152
89911,startled,startle,Word,startled,3.052216140618577
89916,starts,start,Word,starts,2.6318043978168806
89919,starvation,starvation,Word,starvation,3.6737297111153446
89920,starve,starve,Word,starve,3.5007654254592975
89921,starved,starve,Word,starved,3.04980188060482
89924,starves,starve,Lemma,starve,3.5007654254592975
89925,starving,starve,Word,starving,3.1229445275205876
89937,stated,state,Word,stated,2.2933447020436946
89943,statelier,stately,Lemma,stately,2.9980803540657375
89946,stately,stately,Word,stately,2.9980803540657375
89947,statement,statement,Word,statement,2.6544919162798486
89948,statements,statement,Word,statements,3.1017480425249615
89954,statesman,statesman,Word,statesman,3.5073624185960375
89957,statesmen,statesman,Word,statesmen,3.324436846868982
89960,static,static,Word,static,2.6569467432126297
89964,stating,state,Word,stating,2.0235120404399387
89965,station,station,Word,station,2.8532646747608092
89968,stationed,station,Word,stationed,3.1776294790540835
89975,stations,station,Word,stations,3.0076497145278993
89978,statistical,statistical,Word,statistical,3.012022248579013
89989,statue,statue,Word,statue,3.6700464219985776
89990,statues,statue,Word,statues,3.3068091532025505
89995,stature,stature,Word,stature,3.115587177668202
89996,statured,stature,Lemma,stature,3.115587177668202
89997,status,status,Word,status,2.773800633146587
89998,STATUSES,status,Lemma,status,2.773800633146587
89999,statute,statute,Word,statute,3.586582364816694
90000,statutes,statute,Word,statutes,3.2976682688018304
90018,stay,stay,Word,stay,2.597266249322908
90019,stayed,stay,Word,stayed,2.680314119968639
90022,staying,stay,Word,staying,2.570912432497709
90023,stays,stay,Word,stays,2.9222592111216423
90029,steadied,steady,Word,steadied,3.986313419895547
90031,steadies,steady,Lemma,steady,2.7987794586958414
90035,steady,steady,Word,steady,2.7987794586958414
90037,steak,steak,Word,steak,3.331774819003132
90039,steaks,steak,Word,steaks,3.7112404739497262
90040,steal,steal,Word,steal,3.0857133135275614
90043,stealing,steal,Word,stealing,3.3964771670225007
90044,steals,steal,Word,steals,3.797022608292796
90050,steam,steam,Word,steam,3.1145669189628062
90053,steamed,steam,Word,steamed,2.6966262967148675
90060,steaming,steam,Word,steaming,2.5627297096039174
90066,steams,steam,Lemma,steam,3.1145669189628062
90067,steamship,steamship,Word,steamship,4.085017381579463
90068,steamships,steamship,Lemma,steamship,4.085017381579463
90076,steel,steel,Word,steel,3.1105415431896213
90079,steeled,steel,Word,steeled,3.3075658662622307
90085,steeling,steel,Lemma,steel,3.1105415431896213
90088,steels,steel,Word,steels,3.9467261306767387
90098,steep,steep,Word,steep,2.8295325844476085
90099,steeped,steep,Word,steeped,2.784827537024712
90106,steeping,steep,Lemma,steep,2.8295325844476085
90108,steeple,steeple,Word,steeple,4.194298811540304
90118,steeps,steep,Lemma,steep,2.8295325844476085
90119,steer,steer,Word,steer,2.904074671760759
90124,steered,steer,Word,steered,2.998150137453195
90128,steers,steer,Word,steers,3.086269654837093
90152,stem,stem,Word,stem,3.044837584106989
90155,stemmed,stem,Word,stemmed,3.4315595146796456
90157,stemming,stem,Lemma,stem,3.044837584106989
90158,stems,stem,Word,stems,3.274537798444889
90161,stench,stench,Word,stench,3.9216431151018862
90162,stenches,stench,Lemma,stench,3.9216431151018862
90187,step,step,Word,step,2.624093556251211
90217,stepped,step,Word,stepped,2.8762315999643744
90220,stepping,step,Word,stepping,2.7746278933308726
90223,steps,step,Word,steps,2.7610561580172233
90253,stereotype,stereotype,Word,stereotype,3.55282056061178
90255,stereotypes,stereotype,Word,stereotypes,3.782629384850554
90258,stereotyping,stereotype,Lemma,stereotype,3.55282056061178
90261,sterile,sterile,Word,sterile,3.134465541532931
90316,stew,stew,Word,stew,3.0946776217210092
90317,steward,steward,Word,steward,3.4110583118873214
90318,stewarded,steward,Lemma,steward,3.4110583118873214
90321,stewarding,steward,Lemma,steward,3.4110583118873214
90322,stewards,steward,Word,stewards,3.8248665718072745
90327,stewing,stew,Lemma,stew,3.0946776217210092
90329,stews,stew,Word,stews,3.308148693294517
90333,stick,stick,Word,stick,2.5846826213857304
90341,sticking,stick,Word,sticking,2.789017746837193
90356,sticks,stick,Word,sticks,2.5834511253390033
90360,sticky,sticky,Word,sticky,2.807645450762148
90364,stiff,stiff,Word,stiff,2.7862011317658424
90366,stiffened,stiffen,Word,stiffened,3.4015042194483662
90376,stiffs,stiff,Word,stiffs,3.183951912592255
90378,stifled,stifle,Word,stifled,3.0183241472216973
90380,stifling,stifle,Word,stifling,2.9866358496431493
90382,stigma,stigma,Word,stigma,3.748472382348331
90383,stigmas,stigma,Lemma,stigma,3.748472382348331
90384,stigmata,stigma,Word,stigmata,3.719172827316812
90406,stillness,stillness,Word,stillness,3.6755839438530593
90421,stimulate,stimulate,Word,stimulate,3.144346759179397
90422,stimulated,stimulate,Word,stimulated,2.9153810209684536
90423,stimulates,stimulate,Word,stimulates,3.605790011718643
90424,stimulating,stimulate,Word,stimulating,2.8872619134499526
90430,stimuli,stimulus,Word,stimuli,3.8854989128878774
90431,stimulus,stimulus,Word,stimulus,3.7884929920050405
90445,stings,sting,Word,stings,3.3137374437164118
90447,stink,stink,Word,stink,3.2344490141817483
90453,stinking,stink,Word,stinking,2.8503972789807643
90456,stinks,stink,Lemma,stink,3.2344490141817483
90482,stir,stir,Word,stir,3.4280939476344274
90484,stirred,stir,Word,stirred,3.0703046884909044
90488,stirring,stir,Word,stirring,2.9447804163694777
90493,stirs,stir,Word,stirs,3.9704015072151435
90496,stitched,stitch,Word,stitched,3.2113940288889853
90498,stitches,stitch,Word,stitches,4.552218512830514
90499,stitching,stitch,Lemma,stitch,3.041097899497879
90507,stock,stock,Word,stock,2.988540096995253
90521,stocked,stock,Lemma,stock,2.988540096995253
90535,stocking,stock,Word,stocking,2.9559945816309474
90554,stocks,stock,Word,stocks,3.8501078816262595
90587,stole,steal,Word,stole,3.565043848010953
90588,stolen,steal,Word,stolen,3.463814229317739
90597,stomach,stomach,Word,stomach,3.072583073664333
90600,stomached,stomach,Lemma,stomach,3.072583073664333
90604,stomaching,stomach,Lemma,stomach,3.072583073664333
90605,stomachs,stomach,Word,stomachs,3.5069128723394143
90615,stone,stone,Word,stone,2.897110058367627
90623,stoned,stone,Word,stoned,3.2383326431365695
90633,stones,stone,Word,stones,3.160270132125868
90649,stoning,stone,Lemma,stone,2.897110058367627
90652,stood,stand,Word,stood,2.6866087961147915
90657,stool,stool,Word,stool,3.3231235118842046
90662,stools,stool,Lemma,stool,3.3231235118842046
90668,stop,stop,Word,stop,2.3499984477575206
90679,stopped,stop,Word,stopped,2.5545148496501358
90680,stopper,stopper,Word,stopper,3.26252594005862
90681,stoppers,stopper,Lemma,stopper,3.26252594005862
90682,stopping,stop,Word,stopping,2.4498266069480024
90685,stops,stop,Word,stops,2.7003519637391515
90689,storage,storage,Word,storage,2.971224626046971
90690,store,store,Word,store,2.8110732558888647
90691,stored,store,Word,stored,3.1871459241165483
90693,storehouse,storehouse,Word,storehouse,3.313245913286899
90694,storehouses,storehouse,Word,storehouses,3.571381721619696
90701,stores,store,Word,stores,3.1438850990561815
90705,storied,story,Word,storied,2.8805537420565663
90707,storing,store,Word,storing,3.090109277497239
90710,storm,storm,Word,storm,3.1480740853487035
90712,stormed,storm,Word,stormed,3.35573588297226
90717,storming,storm,Word,storming,2.982082145922615
90718,storms,storm,Word,storms,3.653568120448425
90719,stormy,stormy,Word,stormy,3.138205706283247
90733,stout,stout,Word,stout,3.085790058966232
90743,stove,stove,Word,stove,3.5092835583400745
90746,stoves,stove,Word,stoves,3.6467599270928015
90783,straight,straight,Word,straight,2.4319535031101394
90787,straighten,straighten,Word,straighten,3.1221145218159982
90788,straightened,straighten,Word,straightened,3.1364858854547966
90789,straightening,straighten,Word,straightening,3.0775979812949505
90790,straightens,straighten,Word,straightens,3.6843002758159678
90799,straights,straight,Lemma,straight,2.4319535031101394
90801,strain,strain,Word,strain,3.159951639119128
90802,strained,strain,Word,strained,3.3146303391974117
90806,straining,strain,Word,straining,3.1987236943884247
90807,strains,strain,Word,strains,3.122512416139158
90822,strand,strand,Word,strand,2.946823692248857
90823,stranded,strand,Word,stranded,3.3425234711767704
90824,stranding,strand,Word,stranding,3.908919327628158
90825,strands,strand,Word,strands,3.1449573037809464
90827,strange,strange,Word,strange,2.4493501144722325
90832,strangers,stranger,Word,strangers,2.9776935189993483
90846,strap,strap,Word,strap,2.99507291900207
90851,strapped,strap,Word,strapped,3.143829847437034
90852,strapping,strap,Word,strapping,2.937739153830722
90853,straps,strap,Word,straps,3.4244090093144477
90860,strategic,strategic,Word,strategic,2.6069979078998244
90863,strategics,strategic,Lemma,strategic,2.6069979078998244
90864,strategies,strategy,Lemma,strategy,2.5663927306610703
90868,strategy,strategy,Word,strategy,2.5663927306610703
90888,straw,straw,Word,straw,2.989057533139831
90889,strawberries,strawberry,Word,strawberries,3.434885957902292
90890,strawberry,strawberry,Word,strawberry,3.147776984146998
90892,strawed,straw,Lemma,straw,2.989057533139831
90894,strawing,straw,Lemma,straw,2.989057533139831
90896,straws,straw,Word,straws,3.541353717614289
90898,stray,stray,Word,stray,2.90664605053946
90899,strayed,stray,Word,strayed,3.5658742015963845
90900,straying,stray,Lemma,stray,2.90664605053946
90901,strays,stray,Word,strays,3.4669051586815063
90902,streak,streak,Word,streak,4.061324738916969
90903,streaked,streak,Word,streaked,3.3462440231000135
90909,streaking,streak,Lemma,streak,4.061324738916969
90910,streaks,streak,Word,streaks,3.8430012335584935
90912,stream,stream,Word,stream,2.6761950057768065
90914,streamed,stream,Word,streamed,3.4637469655351194
90917,streaming,stream,Word,streaming,3.11401566702464
90925,streams,stream,Word,streams,2.871242858082723
90927,street,street,Word,street,2.5205249386579913
90934,streets,street,Word,streets,2.9949630970794052
90941,strength,strength,Word,strength,2.5722631676673817
90942,strengthen,strengthen,Word,strengthen,2.8489953106302157
90943,strengthened,strengthen,Word,strengthened,2.8321827800248554
90945,strengthening,strengthen,Word,strengthening,2.785914037222694
90946,strengthens,strengthen,Word,strengthens,3.5143746153311777
90947,strengths,strength,Word,strengths,3.1426700213312233
90948,strenuous,strenuous,Word,strenuous,3.0976402059470556
90957,stress,stress,Word,stress,2.944457930322137
90958,stressed,stress,Word,stressed,2.487239786981333
90959,stresses,stress,Word,stresses,2.588469230155033
90962,stressing,stress,Word,stressing,2.2207816824007254
90965,stretch,stretch,Word,stretch,2.49961768324707
90967,stretched,stretch,Word,stretched,2.7725243373369675
90970,stretches,stretch,Word,stretches,2.5978200181916367
90974,stretching,stretch,Word,stretching,2.586771616835384
90991,stricken,stricken,Word,stricken,2.9012092888420233
90994,strict,strict,Word,strict,2.78063628499858
91002,stridden,stride,Lemma,stride,3.0442993958787428
91003,stride,stride,Word,stride,3.0442993958787428
91011,strides,stride,Word,strides,3.510280897865898
91012,striding,stride,Word,striding,3.1588119943585067
91020,strife,strife,Word,strife,2.993882086488799
91021,strike,strike,Word,strike,3.0027373787557874
91029,strikes,strike,Word,strikes,3.038740576363103
91034,string,string,Word,string,2.673585654671747
91048,stringing,string,Word,stringing,3.2824044790695237
91049,strings,string,Word,strings,3.005814347466504
91051,strip,strip,Word,strip,2.7504342707288307
91053,striped,striped,Word,striped,2.858947617561728
91055,stripes,stripe,Word,stripes,3.0696785001162388
91060,stripped,strip,Word,stripped,3.01297578439403
91063,stripping,strip,Lemma,strip,2.7504342707288307
91064,strips,strip,Word,strips,2.822211364169072
91070,strive,strive,Word,strive,2.8401158076888944
91071,strived,strive,Lemma,strive,2.8401158076888944
91072,striven,strive,Lemma,strive,2.8401158076888944
91075,strives,strive,Word,strives,3.3048636801140137
91076,striving,strive,Word,striving,2.5740673506556186
91082,strode,stride,Word,strode,3.5653155042447207
91084,stroke,stroke,Word,stroke,3.3095838637423856
91085,stroked,stroke,Word,stroked,3.3880121184323007
91086,strokes,stroke,Word,strokes,3.9488844509081353
91087,stroking,stroke,Word,stroking,2.9863806892074076
91088,stroll,stroll,Word,stroll,3.324281409439111
91089,strolled,stroll,Word,strolled,3.5272492959515875
91092,strolling,stroll,Word,strolling,3.274144514489582
91093,strolls,stroll,Lemma,stroll,3.324281409439111
91095,strong,strong,Word,strong,2.3871357847849586
91103,strongholds,stronghold,Lemma,stronghold,3.293663168497604
91120,strove,strive,Word,strove,3.0601768868049453
91121,struck,strike,Word,struck,3.0137624406405266
91122,structural,structural,Word,structural,2.829983349628802
91126,structure,structure,Word,structure,2.5095746356503277
91127,structured,structure,Word,structured,2.546119843886931
91128,structures,structure,Word,structures,2.6845352499211854
91132,struggle,struggle,Word,struggle,2.575787686124771
91133,struggled,struggle,Word,struggled,3.0731414618292474
91135,struggles,struggle,Word,struggles,2.716792147343002
91136,struggling,struggle,Word,struggling,2.526343886993186
91145,strung,string,Word,strung,3.189045643081633
91153,stub,stub,Word,stub,3.301489956049969
91154,stubbed,stub,Word,stubbed,3.6174453026071074
91158,stubbing,stub,Lemma,stub,3.301489956049969
91159,stubble,stubble,Word,stubble,3.859425691599186
91165,stubborn,stubborn,Word,stubborn,2.8148203949421697
91169,stubby,stubby,Word,stubby,3.352393995503152
91170,stubs,stub,Word,stubs,3.3792990848543734
91177,stuck,stick,Word,stuck,2.5452202271842017
91180,studded,stud,Word,studded,3.060653701912073
91183,student,student,Word,student,2.7582371727138346
91185,students,student,Word,students,2.751738538657119
91188,studied,study,Word,studied,2.9178676634089253
91191,studies,study,Word,studies,2.906376075499988
91192,studio,studio,Word,studio,2.8335048874692634
91193,studios,studio,Word,studios,3.1568570360101904
91199,study,study,Word,study,2.6772135689183916
91200,studying,study,Word,studying,2.91039018429732
91201,stuff,stuff,Word,stuff,2.536511709749609
91202,stuffed,stuff,Word,stuffed,2.8991809563520845
91209,stuffs,stuff,Lemma,stuff,2.536511709749609
91218,stumble,stumble,Word,stumble,2.84953865968352
91219,stumbled,stumble,Word,stumbled,2.8508479348724394
91222,stumbles,stumble,Word,stumbles,3.2996995592879377
91223,stumbling,stumble,Word,stumbling,2.723752576313281
91225,stump,stump,Word,stump,3.4368833664910388
91228,stumped,stump,Word,stumped,3.050354508310253
91233,stumping,stump,Word,stumping,3.3306351433084167
91234,stumps,stump,Word,stumps,3.9227285994620305
91237,stung,sting,Word,stung,3.0757140284829823
91238,stunk,stink,Word,stunk,3.9769102022530496
91242,stunning,stunning,Word,stunning,2.653700607000094
91245,stunt,stunt,Word,stunt,3.201264932306986
91246,stunted,stunt,Lemma,stunt,3.201264932306986
91247,stunting,stunt,Lemma,stunt,3.201264932306986
91249,stunts,stunt,Word,stunts,3.4724476268097444
91257,stupendous,stupendous,Word,stupendous,2.790887619003326
91259,stupid,stupid,Word,stupid,2.6654152475180806
91265,stupids,stupid,Lemma,stupid,2.6654152475180806
91274,sturdy,sturdy,Word,sturdy,2.927228278450345
91291,style,style,Word,style,2.375788167774283
91293,styled,style,Word,styled,2.681918537848795
91296,styles,style,Word,styles,3.0871198575683483
91297,styling,style,Word,styling,3.4653397536386703
91298,stylish,stylish,Word,stylish,2.914537116604607
91332,sub,sub,Word,sub,2.4005532292665546
91346,subbed,sub,Lemma,sub,2.4005532292665546
91347,subbing,sub,Word,subbing,3.269215194770874
91386,subdued,subdue,Word,subdued,3.10303560579107
91501,submission,submission,Word,submission,3.080340988443526
91502,submissions,submission,Word,submissions,3.456464683964126
91506,submit,submit,Word,submit,3.3030554052508974
91507,submits,submit,Word,submits,3.1360279665445514
91509,submitted,submit,Word,submitted,2.9222731990668853
91511,submitting,submit,Word,submitting,3.0811134346614057
91555,subs,sub,Word,subs,3.1228469437698956
91578,subsequent,subsequent,Word,subsequent,2.1960706106781
91591,subsided,subside,Word,subsided,3.2113102739070323
91621,substance,substance,Word,substance,2.8436226885204947
91622,substances,substance,Word,substances,3.359190419797566
91624,substantial,substantial,Word,substantial,2.3318380500653286
91681,subtle,subtle,Word,subtle,2.7113813404120815
91733,succeed,succeed,Word,succeed,2.6245873328192686
91734,succeeded,succeed,Word,succeeded,2.7562734081531772
91735,succeeding,succeed,Word,succeeding,2.3990787977507955
91736,succeeds,succeed,Word,succeeds,3.1942899869453765
91737,success,success,Word,success,2.679744281272112
91738,successes,success,Word,successes,2.975422241401054
91739,successful,successful,Word,successful,2.3615831275889563
91748,successor,successor,Word,successor,3.3855287846626423
91749,successors,successor,Word,successors,3.19091928786724
91777,suck,suck,Word,suck,2.866738761106881
91778,sucked,suck,Word,sucked,2.9071277445128825
91779,sucker,sucker,Word,sucker,2.7683475516313396
91781,suckers,sucker,Word,suckers,3.0210450121984715
91783,sucking,suck,Word,sucking,3.1182522882582666
91789,sucks,suck,Lemma,suck,2.866738761106881
91797,sudden,sudden,Word,sudden,2.686558931475674
91808,sued,sue,Word,sued,3.7000820510055075
91810,sues,sue,Word,sues,5.476450788684479
91814,suffer,suffer,Word,suffer,2.8845346433261474
91817,suffered,suffer,Word,suffered,2.903864422292052
91820,suffering,suffer,Word,suffering,2.5909139475323903
91822,suffers,suffer,Word,suffers,3.305129965096326
91823,suffice,suffice,Word,suffice,2.4147250613272297
91824,sufficed,suffice,Lemma,suffice,2.4147250613272297
91825,suffices,suffice,Lemma,suffice,2.4147250613272297
91827,sufficient,sufficient,Word,sufficient,2.6487066677096487
91830,suffix,suffix,Word,suffix,4.203180381060445
91832,suffixes,suffix,Word,suffixes,5.143944032418513
91851,sugar,sugar,Word,sugar,3.2009329212622353
91866,sugars,sugar,Lemma,sugar,3.2009329212622353
91868,suggest,suggest,Word,suggest,2.4247789340127355
91869,suggested,suggest,Word,suggested,2.3294647217606865
91872,suggesting,suggest,Word,suggesting,2.0357372540969996
91873,suggestion,suggestion,Word,suggestion,2.556531401002718
91874,suggestions,suggestion,Word,suggestions,2.8221059399289232
91875,suggestive,suggestive,Word,suggestive,2.892990615309343
91878,suggests,suggest,Word,suggests,2.36924330784643
91884,suicide,suicide,Word,suicide,3.561302185830383
91885,suicides,suicide,Word,suicides,4.215311080797587
91886,suing,sue,Word,suing,3.5985400974288795
91887,suit,suit,Word,suit,2.943491121669096
91889,suitable,suitable,Word,suitable,3.0684010346859885
91894,suite,suite,Word,suite,3.0555687427082594
91896,suited,suit,Word,suited,2.875219557481648
91897,suites,suite,Word,suites,3.276287440361001
91898,suiting,suit,Lemma,suit,2.943491121669096
91901,suits,suit,Word,suits,3.0177562175506125
91937,sullen,sullen,Word,sullen,3.1683309029056677
91975,sum,sum,Word,sum,2.803387074515194
91982,summaries,summary,Lemma,summary,2.8888645658049272
91990,summary,summary,Word,summary,2.8888645658049272
91996,summed,sum,Word,summed,3.412469722724179
91997,summer,summer,Word,summer,2.316936644387735
92000,summered,summer,Lemma,summer,2.316936644387735
92005,summering,summer,Lemma,summer,2.316936644387735
92007,summers,summer,Word,summers,3.2069049733962958
92013,summing,sum,Word,summing,3.1653059904809133
92014,summit,summit,Word,summit,3.4461600854897907
92018,summits,summit,Lemma,summit,3.4461600854897907
92019,summon,summon,Word,summon,3.0164391606211276
92020,summoned,summon,Word,summoned,2.97462145440105
92021,summoning,summon,Lemma,summon,3.0164391606211276
92035,sums,sum,Word,sums,3.0157095849281745
92037,sun,sun,Word,sun,3.2240968962165515
92059,sunburn,sunburn,Word,sunburn,3.787743365503208
92060,sunburned,sunburn,Lemma,sunburn,3.787743365503208
92061,sunburns,sunburn,Lemma,sunburn,3.787743365503208
92081,sundials,sundial,Word,sundials,3.154532825440206
92094,sung,sing,Word,sung,3.3311126394818324
92098,sunk,sink,Word,sunk,2.940860931189258
92099,sunken,sunken,Word,sunken,3.1954465181027967
92103,sunlight,sunlight,Word,sunlight,3.862593185329106
92106,sunned,sun,Lemma,sun,3.2240968962165515
92111,sunning,sun,Word,sunning,3.8498403442053486
92112,sunny,sunny,Word,sunny,3.241641327529596
92115,sunrise,sunrise,Word,sunrise,3.0746041617849476
92116,sunrises,sunrise,Lemma,sunrise,3.0746041617849476
92120,suns,sun,Word,suns,3.7536898405005035
92123,sunset,sunset,Word,sunset,3.1016409235512867
92124,sunsets,sunset,Lemma,sunset,3.1016409235512867
92128,sunshine,sunshine,Word,sunshine,3.196222878290111
92145,super,super,Word,super,2.3489925028336716
92161,superb,superb,Word,superb,2.707371897892361
92232,superior,superior,Word,superior,2.5580128649293967
92235,superiors,superior,Word,superiors,3.1931365903192037
92271,supers,super,Lemma,super,2.3489925028336716
92294,superstition,superstition,Word,superstition,3.5855316801491903
92295,superstitions,superstition,Word,superstitions,3.8204361323238016
92327,supper,supper,Word,supper,3.355454025066302
92329,suppers,supper,Word,suppers,3.846021162222832
92361,supplied,supply,Word,supplied,2.684720398512121
92362,supplier,supplier,Word,supplier,3.1262472085606214
92363,suppliers,supplier,Word,suppliers,3.0184598313244453
92365,supply,supply,Word,supply,2.620346176342421
92366,supplying,supply,Word,supplying,2.7480628987226305
92367,support,support,Word,support,2.240625268041837
92371,supported,support,Word,supported,2.3791883890378855
92373,supporters,supporter,Word,supporters,2.7111600061559744
92374,supporting,support,Word,supporting,2.2285881148873585
92376,supports,support,Word,supports,2.748965081860832
92436,sure,sure,Word,sure,2.2362992258992227
92447,surf,surf,Word,surf,3.496421284101246
92448,surface,surface,Word,surface,2.715303627681785
92449,surfaced,surface,Word,surfaced,2.915432810643042
92451,surfaces,surface,Word,surfaces,3.051726455861489
92452,surfacing,surface,Lemma,surface,2.715303627681785
92461,surfed,surf,Lemma,surf,3.496421284101246
92470,surfs,surf,Lemma,surf,3.496421284101246
92471,surge,surge,Word,surge,2.8375983412499557
92472,surged,surge,Word,surged,3.3422828489789747
92473,surgeon,surgeon,Word,surgeon,3.577256566208863
92475,surgeons,surgeon,Word,surgeons,3.630499966204767
92476,surgeries,surgery,Lemma,surgery,3.591212499578937
92477,surgery,surgery,Word,surgery,3.591212499578937
92478,surges,surge,Lemma,surge,2.8375983412499557
92479,surgical,surgical,Word,surgical,3.235852805321668
92481,surging,surge,Word,surging,2.7838303409890894
92502,surpassing,surpass,Lemma,surpass,3.253536519719723
92509,surprise,surprise,Word,surprise,2.545416671929259
92510,surprised,surprise,Word,surprised,2.633709619891673
92512,surprises,surprise,Word,surprises,3.109892854818052
92513,surprising,surprising,Word,surprising,2.33908008637705
92521,surrender,surrender,Word,surrender,3.0101883508794907
92522,surrendered,surrender,Word,surrendered,3.181822304833095
92523,surrendering,surrender,Word,surrendering,3.0548836850420056
92524,surrenders,surrender,Lemma,surrender,3.0101883508794907
92533,surround,surround,Word,surround,2.6599719935833
92534,surrounded,surround,Word,surrounded,2.846005319001096
92535,surrounding,surround,Word,surrounding,2.486584787628462
92537,surrounds,surround,Lemma,surround,2.6599719935833
92575,suspect,suspect,Word,suspect,2.667213396440771
92576,suspected,suspect,Word,suspected,2.8042886415103676
92578,suspecting,suspect,Word,suspecting,2.832330995342236
92579,suspects,suspect,Word,suspects,2.9235287674962285
92586,suspense,suspense,Word,suspense,3.4834702965563134
92588,suspension,suspension,Word,suspension,3.540893703372728
92589,suspensions,suspension,Word,suspensions,3.802365562092988
92593,suspicion,suspicion,Word,suspicion,3.3851994671406693
92594,suspicions,suspicion,Word,suspicions,3.337816653282753
92595,suspicious,suspicious,Word,suspicious,3.6460456704608197
92663,swallow,swallow,Word,swallow,3.0763678964462833
92664,swallowed,swallow,Word,swallowed,3.011200263946483
92667,swallowing,swallow,Word,swallowing,3.284947534021315
92668,swallows,swallow,Word,swallows,3.247197239081898
92672,swam,swim,Word,swam,4.093255328658832
92675,swamp,swamp,Word,swamp,2.801061094438755
92676,swamped,swamp,Word,swamped,3.0098947735085
92679,swamping,swamp,Word,swamping,3.322010932420733
92681,swamps,swamp,Word,swamps,3.0743077253673885
92696,swans,swan,Word,swans,3.7207903351532265
92707,swarm,swarm,Word,swarm,2.946476402439409
92708,swarmed,swarm,Word,swarmed,3.3543882482587875
92709,swarming,swarm,Word,swarming,3.017395937444614
92710,swarms,swarm,Word,swarms,3.026435685979906
92743,sway,sway,Word,sway,3.0973424525995834
92748,swayed,sway,Word,swayed,3.113444665566846
92749,swaying,sway,Word,swaying,3.368541693462347
92750,sways,sway,Lemma,sway,3.0973424525995834
92754,swear,swear,Word,swear,2.6050050155177598
92759,swears,swear,Word,swears,2.7799895853535084
92762,sweat,sweat,Word,sweat,3.2258954096913
92766,sweated,sweat,Word,sweated,3.3357462670172353
92767,sweater,sweater,Word,sweater,3.3328156372255404
92768,sweaters,sweater,Word,sweaters,3.3957740156654013
92776,sweats,sweat,Lemma,sweat,3.2258954096913
92794,sweep,sweep,Word,sweep,3.4316465339642552
92801,sweeps,sweep,Lemma,sweep,3.4316465339642552
92804,sweet,sweet,Word,sweet,2.7010817402803196
92828,sweetness,sweetness,Word,sweetness,3.506398099681963
92830,sweets,sweet,Word,sweets,3.2892713325253844
92833,swell,swell,Word,swell,2.9494188341108685
92834,swelled,swell,Word,swelled,3.272566429784502
92837,swelling,swell,Word,swelling,3.1314152343260426
92839,swells,swell,Word,swells,3.40965653984121
92845,swept,sweep,Word,swept,3.230030513636963
92850,swift,swift,Word,swift,2.7822853518809216
92856,swifts,swift,Lemma,swift,2.7822853518809216
92865,swim,swim,Word,swim,3.461106070609232
92867,swimmer,swimmer,Word,swimmer,3.7439466947881104
92869,swimmers,swimmer,Word,swimmers,3.7804871121092196
92870,swimming,swimming,Word,swimming,3.2073171880350855
92874,swims,swim,Lemma,swim,3.461106070609232
92885,swine,swine,Word,swine,3.2696393230188554
92888,swing,swing,Word,swing,2.9107620377636807
92896,swinging,swing,Word,swinging,3.0686345494181775
92899,swings,swing,Word,swings,3.26161533637476
92910,swirl,swirl,Word,swirl,3.137288199977062
92911,swirled,swirl,Word,swirled,3.4677211589279864
92912,swirling,swirl,Word,swirling,3.0209560214508784
92913,swirls,swirl,Lemma,swirl,3.137288199977062
92916,swished,swish,Word,swished,4.275428032770394
92918,swishes,swish,Lemma,swish,2.9697708298356833
92923,switch,switch,Word,switch,2.703321271005051
92931,switched,switch,Word,switched,2.7067778562862155
92934,switches,switch,Word,switches,2.7847942122478444
92936,switching,switch,Word,switching,2.540197765156148
92960,swoop,swoop,Word,swoop,3.2121618459579335
92961,swooped,swoop,Word,swooped,3.2974757188651824
92964,swooping,swoop,Word,swooping,2.8399828101347864
92965,swoops,swoop,Word,swoops,3.359697854012268
92967,sword,sword,Word,sword,3.3347188217440746
92972,swords,sword,Word,swords,3.5309354033587557
92980,swore,swear,Word,swore,2.941115820431043
92981,sworn,swear,Word,sworn,3.594727730077307
92988,swum,swim,Word,swum,4.151002400176143
92989,swung,swing,Word,swung,3.168535812676738
93026,syllables,syllable,Word,syllables,3.8591120122325613
93046,symbol,symbol,Word,symbol,3.657296292564306
93047,symbolic,symbolic,Word,symbolic,2.816463021128455
93060,symbols,symbol,Word,symbols,3.122949159857028
93091,symptom,symptom,Word,symptom,3.291262892249573
93096,symptoms,symptom,Word,symptoms,3.8294642966283745
93097,synagogue,synagogue,Word,synagogue,3.741451012706168
93098,synagogues,synagogue,Word,synagogues,4.2311559099964855
93154,syndrome,syndrome,Word,syndrome,3.392226023672806
93155,syndromes,syndrome,Lemma,syndrome,3.392226023672806
93223,syrup,syrup,Word,syrup,3.508904466969189
93224,syrups,syrup,Lemma,syrup,3.508904466969189
93226,system,system,Word,system,2.3637866324417245
93228,systematic,systematic,Word,systematic,2.786225288845058
93241,systems,system,Word,systems,2.477611571347006
93254,tab,tab,Word,tab,3.4080143204414437
93268,table,table,Word,table,2.680018532638773
93272,tablecloth,tablecloth,Word,tablecloth,3.5472213264392414
93273,tablecloths,tablecloth,Word,tablecloths,3.690960442526374
93274,tabled,table,Lemma,table,2.680018532638773
93279,tables,table,Word,tables,2.8267883407625263
93285,tablet,tablet,Word,tablet,3.597033685997086
93287,tablets,tablet,Word,tablets,3.4598416454576557
93289,tabling,table,Lemma,table,2.680018532638773
93292,taboo,taboo,Word,taboo,3.8658852838869735
93294,tabooing,taboo,Lemma,taboo,3.8658852838869735
93295,taboos,taboo,Word,taboos,4.020845158218946
93299,tabs,tab,Word,tabs,3.075633374049745
93328,tack,tack,Word,tack,2.8931232619443845
93329,tacked,tack,Word,tacked,3.4005644606900387
93333,tacking,tack,Word,tacking,2.8752957187834784
93334,tackle,tackle,Word,tackle,2.9820130317469813
93335,tackled,tackle,Lemma,tackle,2.9820130317469813
93337,tackles,tackle,Word,tackles,3.8176475349459844
93338,tackling,tackle,Lemma,tackle,2.9820130317469813
93339,tacks,tack,Lemma,tack,2.8931232619443845
93353,tactics,tactic,Word,tactics,3.122289279896563
93362,tadpole,tadpole,Word,tadpole,3.3649455419457652
93363,tadpoles,tadpole,Word,tadpoles,3.7300609992712115
93373,tag,tag,Word,tag,3.019522368328201
93375,tagged,tag,Word,tagged,2.8623201699843834
93377,tagging,tag,Word,tagging,2.9274863672303724
93380,tags,tag,Word,tags,3.3193201166337727
93392,tail,tail,Word,tail,2.795553865194643
93400,tailed,tail,Lemma,tail,2.795553865194643
93407,tailing,tail,Lemma,tail,2.795553865194643
93412,tailor,tailor,Word,tailor,3.164264534592522
93414,tailored,tailor,Word,tailored,2.9797891093091784
93415,tailoring,tailor,Lemma,tailor,3.164264534592522
93416,tailors,tailor,Lemma,tailor,3.164264534592522
93421,tails,tail,Word,tails,3.158608437325568
93438,take,take,Word,take,2.221655194049199
93443,taken,take,Word,taken,2.3931331342028024
93451,takes,take,Word,takes,2.62056584225412
93453,taking,take,Word,taking,2.240781422113443
93460,tale,tale,Word,tale,3.0785620563824794
93463,talent,talent,Word,talent,3.1219818152271888
93466,talents,talent,Word,talents,3.0393812950618155
93467,tales,tale,Word,tales,3.253991967473126
93476,talk,talk,Word,talk,2.3267761380625056
93477,talkative,talkative,Word,talkative,3.370543888666583
93481,talked,talk,Word,talked,2.6290829040256867
93488,talking,talk,Word,talking,2.3695599706789494
93489,talks,talk,Word,talks,3.0361340005979787
93491,tall,tall,Word,tall,2.9586862355336487
93532,tame,tame,Word,tame,2.978602362374754
93533,tamed,tame,Lemma,tame,2.978602362374754
93538,tames,tame,Lemma,tame,2.978602362374754
93544,taming,tame,Word,taming,3.3107319987245094
93557,tan,tan,Word,tan,3.1400260611579434
93577,tangible,tangible,Word,tangible,2.770800865954878
93578,tangibles,tangible,Lemma,tangible,2.770800865954878
93583,tangle,tangle,Word,tangle,2.922602736472725
93584,tangled,tangle,Word,tangled,3.38324164191533
93585,tangles,tangle,Lemma,tangle,2.922602736472725
93586,tangling,tangle,Lemma,tangle,2.922602736472725
93594,tank,tank,Word,tank,3.314925458060463
93598,tanked,tank,Lemma,tank,3.314925458060463
93601,tanks,tank,Word,tanks,3.2053981986786004
93602,tanned,tan,Word,tanned,3.624292799792791
93612,tanning,tan,Lemma,tan,3.1400260611579434
93617,tans,tan,Lemma,tan,3.1400260611579434
93644,tap,tap,Word,tap,2.652881215422534
93648,tape,tape,Word,tape,3.209072218263559
93649,taped,tape,Word,taped,3.1136374607111703
93659,tapes,tape,Word,tapes,3.3222170798224644
93665,taping,tape,Lemma,tape,3.209072218263559
93672,tapped,tap,Word,tapped,2.8316745099711205
93676,tapping,tap,Word,tapping,2.851849944497472
93681,taps,tap,Word,taps,2.8425451051961637
93684,tar,tar,Word,tar,3.4322761694098687
93709,target,target,Word,target,2.743253073076627
93711,targeted,target,Lemma,target,2.743253073076627
93712,targeting,target,Lemma,target,2.743253073076627
93713,targets,target,Word,targets,2.947643019185476
93716,tariff,tariff,Word,tariff,3.9557363520659394
93717,tariffs,tariff,Lemma,tariff,3.9557363520659394
93749,tarred,tar,Word,tarred,3.801627336583276
93755,tarring,tar,Lemma,tar,3.4322761694098687
93758,tars,tar,Lemma,tar,3.4322761694098687
93780,task,task,Word,task,2.8128994846293476
93782,tasked,task,Lemma,task,2.8128994846293476
93783,tasking,task,Lemma,task,2.8128994846293476
93788,tasks,task,Word,tasks,3.199826841933603
93794,taste,taste,Word,taste,2.8746769160671186
93796,tasted,taste,Word,tasted,3.582126159433506
93806,tastes,taste,Word,tastes,3.306086268598127
93849,taught,teach,Word,taught,2.9775193049088413
93864,taut,taut,Word,taut,3.2648826374349738
93867,tautest,taut,Lemma,taut,3.2648826374349738
93874,tavern,tavern,Word,tavern,3.2776300125853837
93875,taverns,tavern,Word,taverns,3.4834493673787437
93890,tax,tax,Word,tax,3.1681519476892035
93894,taxed,tax,Word,taxed,3.695692655836449
93895,taxes,tax,Word,taxes,3.30670479349831
93906,taxing,tax,Word,taxing,3.0081420686044584
93907,taxis,taxi,Word,taxis,3.2384587962858444
93927,tea,tea,Word,tea,3.331072398716561
93934,teach,teach,Word,teach,2.8012883613651205
93936,teacher,teacher,Word,teacher,3.104230105033095
93938,teachers,teacher,Word,teachers,3.0340963744644864
93939,teaches,teach,Word,teaches,3.4176955967789655
93959,team,team,Word,team,2.1294393027089753
93961,teamed,team,Word,teamed,3.525257847414117
93963,teaming,team,Word,teaming,3.2235524889959173
93967,teams,team,Word,teams,2.5942472981362785
93983,tearing,tear,Word,tearing,2.9577100839054684
93991,tears,tear,Word,tears,3.7747859129387393
93994,teas,tea,Word,teas,3.752927984501469
93995,tease,tease,Word,tease,2.600105612955596
93996,teased,tease,Word,teased,2.8137820936415467
94001,teases,tease,Lemma,tease,2.600105612955596
94003,teasing,tease,Word,teasing,2.827427366249212
94023,technical,technical,Word,technical,2.537286094186983
94027,technician,technician,Word,technician,3.289258168632686
94028,technicians,technician,Word,technicians,2.96872121410201
94042,technologies,technology,Lemma,technology,2.2668141963161523
94045,technology,technology,Word,technology,2.2668141963161523
94057,tedious,tedious,Word,tedious,3.016423572067146
94062,tee,tee,Word,tee,3.8234218581687243
94063,teed,tee,Lemma,tee,3.8234218581687243
94064,teeing,tee,Lemma,tee,3.8234218581687243
94070,teenage,teenage,Word,teenage,2.458080496325378
94077,teens,teens,Word,teens,2.8742281487604306
94092,teeth,tooth,Word,teeth,3.2255535903947496
94128,telegram,telegram,Word,telegram,3.8419802725022567
94129,telegrams,telegram,Word,telegrams,3.950304539360987
94168,telephone,telephone,Word,telephone,3.0382347575923907
94169,telephoned,telephone,Word,telephoned,3.2280214878045292
94170,telephones,telephone,Word,telephones,3.139069974570849
94173,telephoning,telephone,Word,telephoning,3.3500353905274367
94190,telescope,telescope,Word,telescope,4.158090082618428
94191,telescoped,telescope,Word,telescoped,2.955666882837768
94192,telescopes,telescope,Word,telescopes,4.4069292050947455
94195,telescoping,telescope,Word,telescoping,3.5558435039915595
94217,teller,teller,Word,teller,4.356296294943403
94218,tellers,teller,Word,tellers,4.108575812127434
94221,telling,tell,Word,telling,2.2340866341240795
94223,tells,tell,Word,tells,2.745966732075597
94247,temper,temper,Word,temper,3.290354860254106
94249,temperament,temperament,Word,temperament,3.3892621715726654
94252,temperaments,temperament,Lemma,temperament,3.3892621715726654
94254,temperate,temperate,Word,temperate,3.1201264234399297
94257,temperature,temperature,Word,temperature,3.6450411844300192
94258,temperatures,temperature,Word,temperatures,3.857264860127275
94259,tempered,temper,Word,tempered,3.0067741695783448
94262,tempering,temper,Lemma,temper,3.290354860254106
94263,tempers,temper,Word,tempers,3.463517932953498
94273,temple,temple,Word,temple,3.28807653966149
94275,temples,temple,Word,temples,3.4757099590307647
94277,temporal,temporal,Word,temporal,2.9887218095027177
94282,temporary,temporary,Word,temporary,2.5891502428971744
94294,temptations,temptation,Word,temptations,3.659336632245158
94295,tempted,tempt,Word,tempted,2.6504604535442047
94298,tempting,tempting,Word,tempting,2.7026070417627257
94302,tempts,tempt,Word,tempts,3.1304826545511566
94314,tenant,tenant,Word,tenant,3.0382213986252955
94316,tenanted,tenant,Lemma,tenant,3.0382213986252955
94317,tenanting,tenant,Lemma,tenant,3.0382213986252955
94321,tenants,tenant,Word,tenants,3.040373580211611
94324,tend,tend,Word,tend,3.0346622967773222
94326,tended,tend,Word,tended,2.833161751972525
94327,tendencies,tendency,Word,tendencies,3.0863413640414796
94328,tendency,tendency,Word,tendency,2.868737771808047
94332,tender,tender,Word,tender,3.216631894680615
94334,tendered,tender,Word,tendered,3.7617839632984986
94343,tendering,tender,Lemma,tender,3.216631894680615
94351,tenderness,tenderness,Word,tenderness,3.391084116242819
94352,tenders,tender,Lemma,tender,3.216631894680615
94353,tending,tend,Word,tending,2.738555175786339
94357,tendons,tendon,Word,tendons,3.7344633440717723
94360,tends,tend,Word,tends,2.9713665342373057
94363,tenement,tenement,Word,tenement,3.7667699738073934
94364,tenements,tenement,Word,tenements,3.967760785269226
94374,tennis,tennis,Word,tennis,3.2479966442823422
94386,tense,tense,Word,tense,2.950907824460836
94387,tensed,tense,Word,tensed,3.380458272349531
94391,tenses,tense,Word,tenses,4.2466935384952365
94395,tensing,tense,Word,tensing,4.010519453545601
94396,tension,tension,Word,tension,3.2073564657468743
94398,tensioning,tension,Word,tensioning,4.226748380517796
94400,tensions,tension,Word,tensions,3.6606209353837618
94404,tent,tent,Word,tent,3.1451927111893156
94406,tentacles,tentacle,Word,tentacles,3.9162237813685072
94407,tentative,tentative,Word,tentative,2.7040949711632822
94415,tenth,tenth,Word,tenth,2.4150607890078755
94417,tenths,tenth,Word,tenths,3.5971097572922304
94418,tenting,tent,Word,tenting,3.052184040565051
94421,tents,tent,Word,tents,3.6099505070816527
94455,term,term,Word,term,2.560157547568402
94458,termed,term,Word,termed,2.6774432471919822
94462,terminal,terminal,Word,terminal,3.0463088210261198
94464,terminals,terminal,Word,terminals,3.134017642102064
94465,terminate,terminate,Word,terminate,3.134013778556509
94466,terminated,terminate,Word,terminated,3.075455111846332
94467,terminates,terminate,Word,terminates,3.548748312848528
94468,terminating,terminate,Word,terminating,2.8184290520248423
94469,termination,termination,Word,termination,3.0418829869658004
94470,terminations,termination,Lemma,termination,3.0418829869658004
94473,terming,term,Word,terming,3.2629702049028615
94485,terms,term,Word,terms,2.300845713988675
94511,terrestrial,terrestrial,Word,terrestrial,3.2048012347401578
94513,terrible,terrible,Word,terrible,2.5433950818046154
94517,terriers,terrier,Word,terriers,3.962854706211477
94520,terrified,terrify,Word,terrified,2.8681080385432494
94527,territorial,territorial,Word,territorial,3.1107802378932137
94533,territories,territory,Word,territories,3.08229367908538
94534,territory,territory,Word,territory,2.9328627935487006
94535,terror,terror,Word,terror,3.2709123553069674
94545,terrors,terror,Lemma,terror,3.2709123553069674
94567,test,test,Word,test,2.664473046767119
94581,tested,test,Word,tested,2.795316108375307
94590,testified,testify,Word,testified,3.511237357269893
94592,testifies,testify,Word,testifies,3.5442513297372984
94593,testify,testify,Word,testify,3.5551704269678464
94594,testifying,testify,Lemma,testify,3.5551704269678464
94598,testimonies,testimony,Lemma,testimony,3.239458361319144
94599,testimony,testimony,Word,testimony,3.239458361319144
94605,tests,test,Word,tests,3.086797278590812
94657,text,text,Word,text,2.882817486434385
94660,textile,textile,Word,textile,3.452702529819768
94662,textiles,textile,Word,textiles,3.401540865374692
94663,texting,text,Lemma,text,2.882817486434385
94665,texts,text,Word,texts,3.0643425040509538
94670,texture,texture,Word,texture,3.3961489346269778
94672,textures,texture,Word,textures,3.469426905413201
94695,thanked,thank,Word,thanked,3.824245501764383
94696,thankful,thankful,Word,thankful,3.0827596110995907
94699,thanking,thank,Word,thanking,3.476681214488825
94705,Thanksgiving,thanksgiving,Word,Thanksgiving,3.2597440424681667
94748,theatrical,theatrical,Word,theatrical,2.8153265043729534
94758,theft,theft,Word,theft,3.4694153726345243
94759,thefts,theft,Lemma,theft,3.4694153726345243
94776,theme,theme,Word,theme,3.0589411079882547
94777,themes,theme,Word,themes,3.1677359131502563
94801,theologies,theology,Lemma,theology,3.417757796983141
94803,theology,theology,Word,theology,3.417757796983141
94812,theoretical,theoretical,Word,theoretical,2.7015961730791047
94817,theories,theory,Word,theories,3.337931075547671
94827,theory,theory,Word,theory,2.7976325555516173
94837,therapies,therapy,Word,therapies,3.9075760979743426
94841,therapy,therapy,Word,therapy,3.4106015867489416
94872,thermal,thermal,Word,thermal,3.613864093672384
94874,thermals,thermal,Lemma,thermal,3.613864093672384
94895,thermometer,thermometer,Word,thermometer,3.960173091761571
94896,thermometers,thermometer,Word,thermometers,4.060449985357717
94911,thermostat,thermostat,Word,thermostat,4.479604745101437
94916,thermostats,thermostat,Word,thermostats,4.489370584300452
94923,theses,thesis,Word,theses,2.696514417333951
94924,thesis,thesis,Word,thesis,3.2710215688678494
94947,thick,thick,Word,thick,2.6072849529443034
94952,thickening,thicken,Word,thickening,3.4989285638059378
94953,thickens,thicken,Word,thickens,3.9712602691617835
94956,thicket,thicket,Word,thicket,3.3346575744322897
94958,thickets,thicket,Word,thickets,3.530231263832542
94962,thickness,thickness,Word,thickness,4.033021048238035
94963,thicknesses,thickness,Word,thicknesses,4.769670159770901
94967,thief,thief,Word,thief,3.5600633876543157
94971,thieves,thief,Word,thieves,3.5664176322963477
94977,thigh,thigh,Word,thigh,3.5313583025584623
94979,thighs,thigh,Word,thighs,3.4395387967867115
94990,thin,thin,Word,thin,3.15595172104964
94992,thing,thing,Word,thing,2.437169190492228
95001,things,thing,Word,things,2.2364763526155267
95007,think,think,Word,think,2.160336065848427
95010,thinker,thinker,Word,thinker,3.611925676230265
95011,thinkers,thinker,Word,thinkers,3.22632572014317
95013,thinking,think,Word,thinking,2.2754982067811604
95014,thinks,think,Word,thinks,2.2819883260055356
95017,thinned,thin,Word,thinned,3.4717077687568776
95021,thinning,thin,Word,thinning,3.202193694864757
95022,thins,thin,Lemma,thin,3.15595172104964
95025,third,third,Word,third,2.0939409399738804
95027,thirds,third,Word,thirds,3.162563989537405
95028,thirst,thirst,Word,thirst,3.195907758161967
95029,thirsted,thirst,Word,thirsted,2.996943538492416
95031,thirstiest,thirsty,Lemma,thirsty,3.12568365036917
95034,thirsting,thirst,Lemma,thirst,3.195907758161967
95035,thirsts,thirst,Lemma,thirst,3.195907758161967
95036,thirsty,thirsty,Word,thirsty,3.12568365036917
95041,thirties,thirty,Word,thirties,2.8761192242604525
95089,thorns,thorn,Word,thorns,3.8904445474304468
95092,thorough,thorough,Word,thorough,2.9119938612274434
95111,thought,think,Word,thought,2.0880563616223466
95112,thoughtful,thoughtful,Word,thoughtful,2.969343911676433
95119,thousand,thousand,Word,thousand,2.566547094362345
95121,thousands,thousand,Word,thousands,2.434537134720979
95133,thrashing,thrash,Lemma,thrash,3.3475964889393066
95137,thread,thread,Word,thread,3.1770554828826696
95139,threaded,thread,Word,threaded,3.476233037457548
95142,threading,thread,Word,threading,3.143938019925672
95144,threads,thread,Word,threads,3.3817494683587803
95146,threat,threat,Word,threat,2.9489817460394057
95147,threaten,threaten,Word,threaten,3.113058308395858
95148,threatened,threaten,Word,threatened,2.8616877846879896
95149,threatening,threaten,Word,threatening,3.0024961732030837
95151,threatens,threaten,Word,threatens,3.2253393207877936
95152,threats,threat,Word,threats,3.078133794489912
95153,three,three,Word,three,1.885249940463004
95157,threes,three,Word,threes,3.9261878895980735
95171,threshold,threshold,Word,threshold,3.2518911202691445
95172,thresholds,threshold,Lemma,threshold,3.2518911202691445
95173,threw,throw,Word,threw,3.2176268699281056
95175,thrift,thrift,Word,thrift,3.8725765093034763
95183,thrill,thrill,Word,thrill,3.025431806255732
95184,thrilled,thrill,Word,thrilled,3.1571769641043934
95189,thrills,thrill,Word,thrills,3.434928066779642
95191,thrive,thrive,Word,thrive,3.0284025879060894
95192,thrived,thrive,Word,thrived,2.9610366253584135
95194,thrives,thrive,Word,thrives,3.324682699965909
95195,thriving,thrive,Word,thriving,2.7228607508786546
95198,throat,throat,Word,throat,3.242690680183502
95206,throats,throat,Word,throats,3.9275127855909853
95210,throbbing,throb,Word,throbbing,3.162120152936298
95225,throne,throne,Word,throne,3.771865506635193
95228,thrones,throne,Word,thrones,3.85494805662551
95229,throng,throng,Word,throng,3.2207724163761857
95230,thronged,throng,Lemma,throng,3.2207724163761857
95231,thronging,throng,Lemma,throng,3.2207724163761857
95232,throngs,throng,Lemma,throng,3.2207724163761857
95235,throttle,throttle,Word,throttle,3.2398808177176575
95236,throttled,throttle,Word,throttled,3.0188093927508715
95237,throttles,throttle,Lemma,throttle,3.2398808177176575
95238,throttling,throttle,Word,throttling,3.1802547244071917
95246,throw,throw,Word,throw,2.995928319042881
95255,throwing,throw,Word,throwing,2.8947717808231896
95256,thrown,throw,Word,thrown,2.9046075499924267
95257,throws,throw,Word,throws,3.1373847369360166
95265,thrust,thrust,Word,thrust,2.611491160618494
95268,thrusting,thrust,Word,thrusting,2.945872247538884
95270,thrusts,thrust,Word,thrusts,3.0662028080611816
95273,thud,thud,Word,thud,3.603914346855444
95274,thudded,thud,Lemma,thud,3.603914346855444
95276,thuds,thud,Word,thuds,3.883078584824362
95285,thumb,thumb,Word,thumb,3.2577346906095093
95286,thumbed,thumb,Word,thumbed,3.8152382650021837
95288,thumbing,thumb,Word,thumbing,3.9329142446646395
95292,thumbs,thumb,Word,thumbs,3.5112008826543013
95298,thumped,thump,Word,thumped,3.257288742775226
95300,thumping,thump,Word,thumping,2.9791697622271953
95302,thunder,thunder,Word,thunder,3.353042061863
95310,thundered,thunder,Word,thundered,3.0258594807319574
95314,thundering,thunder,Word,thundering,2.911098994426274
95317,thunders,thunder,Lemma,thunder,3.353042061863
95360,thyroid,thyroid,Word,thyroid,3.8244678543842556
95362,thyroids,thyroid,Word,thyroids,2.8898712305300562
95388,tick,tick,Word,tick,2.91708917053961
95390,ticked,tick,Word,ticked,3.0958020965625215
95394,ticket,ticket,Word,ticket,3.276593462047799
95395,ticketed,ticket,Lemma,ticket,3.276593462047799
95396,ticketing,ticket,Lemma,ticket,3.276593462047799
95398,tickets,ticket,Word,tickets,3.8784042211822713
95399,ticking,tick,Word,ticking,3.352962910678129
95402,tickled,tickle,Word,tickled,3.1797231548920597
95411,ticks,tick,Word,ticks,3.3766768843920807
95417,tidal,tidal,Word,tidal,3.7349936746529107
95429,tide,tide,Word,tide,3.3218382509841193
95430,tided,tide,Lemma,tide,3.3218382509841193
95435,tides,tide,Word,tides,3.991663395964055
95440,tidied,tidy,Word,tidied,3.2950566437778575
95442,tidies,tidy,Lemma,tidy,2.8366784065359165
95446,tiding,tide,Lemma,tide,3.3218382509841193
95448,tidy,tidy,Word,tidy,2.8366784065359165
95449,tidying,tidy,Word,tidying,3.4165124554946473
95450,tie,tie,Word,tie,2.7041251569052878
95457,tied,tie,Word,tied,2.818735324477461
95459,tieing,tie,Lemma,tie,2.7041251569052878
95469,ties,tie,Word,ties,3.2178131754526516
95477,tiger,tiger,Word,tiger,3.492285880019187
95480,tigers,tiger,Word,tigers,3.627279985467031
95482,tighten,tighten,Word,tighten,3.3096794214917136
95483,tightened,tighten,Word,tightened,3.4141692611336025
95484,tightening,tighten,Word,tightening,3.184819323778714
95485,tightens,tighten,Lemma,tighten,3.3096794214917136
95509,tile,tile,Word,tile,3.1175627739311156
95510,tiled,tile,Word,tiled,3.3836260502395525
95514,tiles,tile,Word,tiles,3.311387687673846
95518,till,till,Word,till,2.719504773983514
95521,tilled,till,Word,tilled,3.7351372839675756
95528,tilling,till,Word,tilling,3.7012281137812053
95530,tills,till,Lemma,till,2.719504773983514
95531,tilt,tilt,Word,tilt,2.8250670477009487
95536,tilting,tilt,Word,tilting,3.4104066578764667
95537,tilts,tilt,Word,tilts,3.385611231270884
95543,timber,timber,Word,timber,3.3978142350067775
95544,timbered,timber,Word,timbered,3.846262905188855
95550,timbers,timber,Word,timbers,3.8423001101528445
95566,timelier,timely,Lemma,timely,2.698769366160321
95570,timely,timely,Word,timely,2.698769366160321
95575,timer,timer,Word,timer,3.2221056289631003
95576,timers,timer,Word,timers,2.8331509960908505
95577,times,time,Word,times,2.1831767145912155
95593,timid,timid,Word,timid,2.797929422076369
95610,tin,tin,Word,tin,2.7362335346507365
95642,tinkered,tinker,Lemma,tinker,3.556466945707755
95644,tinkering,tinker,Word,tinkering,3.2976044816534986
95651,tinned,tin,Lemma,tin,2.7362335346507365
95660,tins,tin,Lemma,tin,2.7362335346507365
95685,tiny,tiny,Word,tiny,2.4313628766252355
95686,tip,tip,Word,tip,2.938672275224134
95691,tipped,tip,Word,tipped,2.9185519394029256
95698,tipping,tip,Word,tipping,2.947884956773588
95706,tips,tip,Word,tips,3.4290258080908655
95717,tiptoe,tiptoe,Word,tiptoe,3.3017390937859865
95718,tiptoed,tiptoe,Lemma,tiptoe,3.3017390937859865
95719,tiptoeing,tiptoe,Word,tiptoeing,3.2413831627603726
95720,tiptoes,tiptoe,Lemma,tiptoe,3.3017390937859865
95727,tired,tired,Word,tired,2.8832640316324025
95737,tiring,tire,Word,tiring,2.8042091685634194
95740,tissue,tissue,Word,tissue,3.488890730736905
95741,tissues,tissue,Word,tissues,3.5186721327436223
95771,title,title,Word,title,2.8089640761280013
95772,titled,title,Word,titled,2.9597925858439935
95775,titles,title,Word,titles,3.1405655465934403
95818,toast,toast,Word,toast,2.930730116556705
95819,toasted,toast,Word,toasted,3.172496357816571
95822,toasting,toast,Word,toasting,3.068860043580101
95828,toasts,toast,Lemma,toast,2.930730116556705
95830,tobacco,tobacco,Word,tobacco,3.4529533457978383
95833,tobaccos,tobacco,Lemma,tobacco,3.4529533457978383
95867,toe,toe,Word,toe,2.8761040872759334
95869,toed,toe,Lemma,toe,2.8761040872759334
95875,toes,toe,Word,toes,3.173434882713317
95894,toil,toil,Word,toil,3.1746771694445943
95896,toiled,toil,Word,toiled,3.449416234741884
95899,toilet,toilet,Word,toilet,3.2277737853788477
95900,toileted,toilet,Lemma,toilet,3.2277737853788477
95904,toilets,toilet,Word,toilets,3.3785978942782
95907,toils,toil,Lemma,toil,3.1746771694445943
95913,token,token,Word,token,2.6402237578057077
95918,tokens,token,Word,tokens,3.4723817062848057
95922,told,tell,Word,told,2.669302736079113
95928,tolerance,tolerance,Word,tolerance,3.043767206443173
95929,tolerances,tolerance,Lemma,tolerance,3.043767206443173
95930,tolerant,tolerant,Word,tolerant,3.393548189091203
95932,tolerate,tolerate,Word,tolerate,3.2192919655582766
95933,tolerated,tolerate,Word,tolerated,3.89811794927237
95934,tolerates,tolerate,Lemma,tolerate,3.2192919655582766
95935,tolerating,tolerate,Word,tolerating,3.0284671653557957
95965,tomato,tomato,Word,tomato,3.225623803101802
95966,tomatoes,tomato,Word,tomatoes,3.746378345547871
95967,tomb,tomb,Word,tomb,3.9573655767508624
95975,tombs,tomb,Word,tombs,4.134571665800343
95995,tomorrow,tomorrow,Word,tomorrow,2.4348101628424303
96008,tone,tone,Word,tone,3.0086147207578042
96009,toned,tone,Lemma,tone,3.0086147207578042
96013,tones,tone,Word,tones,3.210412647482589
96020,tongs,tong,Word,tongs,3.838107245808581
96021,tongue,tongue,Word,tongue,3.0949257031575854
96022,tongued,tongue,Word,tongued,3.7608184465972516
96023,tongues,tongue,Word,tongues,3.4058271921949195
96024,tonguing,tongue,Lemma,tongue,3.0949257031575854
96031,toning,tone,Lemma,tone,3.0086147207578042
96057,took,take,Word,took,2.440176744544017
96059,tool,tool,Word,tool,2.9241733211541185
96062,tooled,tool,Lemma,tool,2.9241733211541185
96066,tools,tool,Word,tools,2.67386582581174
96073,tooth,tooth,Word,tooth,3.2332321847878935
96076,toothbrush,toothbrush,Word,toothbrush,3.492262660637331
96077,toothbrushes,toothbrush,Lemma,toothbrush,3.492262660637331
96103,top,top,Word,top,2.171387551317308
96110,toped,top,Lemma,top,2.171387551317308
96124,topical,topical,Word,topical,3.1343518493641978
96128,topics,topic,Word,topics,3.3603022984058155
96146,topography,topography,Word,topography,3.420550586479037
96151,topped,top,Word,topped,2.8404960553159717
96154,topping,top,Word,topping,2.6783754423829227
96162,tops,top,Word,tops,2.7862475204730166
96173,torch,torch,Word,torch,3.5269844313673935
96175,torches,torch,Word,torches,3.3552592223917586
96178,tore,tear,Word,tore,3.4500559384299683
96185,torment,torment,Word,torment,3.0023311762551748
96186,tormented,torment,Word,tormented,2.840928050148843
96188,tormenting,torment,Word,tormenting,3.010889557779386
96191,torments,torment,Lemma,torment,3.0023311762551748
96192,torn,tear,Word,torn,2.9596044259155625
96193,tornado,tornado,Word,tornado,4.657347613180443
96194,tornadoes,tornado,Word,tornadoes,4.989901105730724
96197,torpedo,torpedo,Word,torpedo,3.284914180441702
96198,torpedoed,torpedo,Lemma,torpedo,3.284914180441702
96199,torpedoes,torpedo,Word,torpedoes,3.7642963956707667
96200,torpedoing,torpedo,Lemma,torpedo,3.284914180441702
96201,torpedos,torpedo,Lemma,torpedo,3.284914180441702
96210,torque,torque,Word,torque,4.40613928764317
96214,torques,torque,Lemma,torque,4.40613928764317
96216,torrent,torrent,Word,torrent,3.0487194179536603
96219,torrents,torrent,Word,torrents,3.391749425423329
96237,tortoise,tortoise,Word,tortoise,3.446285394273314
96238,tortoises,tortoise,Word,tortoises,3.9660018055036734
96246,torture,torture,Word,torture,3.5243319477080224
96250,tortures,torture,Word,tortures,3.5371584529792464
96251,torturing,torture,Lemma,torture,3.5243319477080224
96263,toss,toss,Word,toss,3.150459342384315
96264,tossed,toss,Word,tossed,2.9876918504901036
96266,tosses,toss,Word,tosses,3.4917750398245397
96267,tossing,toss,Word,tossing,2.9368407542989945
96272,total,total,Word,total,2.276122179170778
96273,totaled,total,Word,totaled,3.5856871793037888
96274,totaling,total,Word,totaling,2.7287752148963595
96285,totalled,total,Lemma,total,2.276122179170778
96286,totalling,total,Lemma,total,2.276122179170778
96288,totals,total,Word,totals,3.1818535347963315
96309,touch,touch,Word,touch,2.4172000404010836
96314,touchdowns,touchdown,Word,touchdowns,4.607717062952269
96316,touched,touch,Word,touched,2.9253367858057238
96319,touches,touch,Word,touches,2.7480683145675853
96325,touching,touch,Word,touching,2.686249418881549
96337,tough,tough,Word,tough,2.769246227614382
96348,toughs,tough,Word,toughs,3.4831095481894794
96355,toured,tour,Word,toured,3.470224499611327
96356,touring,tour,Word,touring,2.9749081182362347
96358,tourist,tourist,Word,tourist,3.3535104342125583
96361,tourists,tourist,Word,tourists,3.3941391257582514
96364,tournament,tournament,Word,tournament,3.0392041028357504
96365,tournaments,tournament,Word,tournaments,3.4283887458864286
96371,tours,tour,Word,tours,3.320644127294075
96380,tow,tow,Word,tow,2.5372320688717407
96388,towed,tow,Word,towed,3.5873749532770636
96389,towel,towel,Word,towel,3.3352267403322573
96390,toweling,towel,Word,toweling,3.1749767947596683
96391,towelled,towel,Lemma,towel,3.3352267403322573
96392,towelling,towel,Lemma,towel,3.3352267403322573
96393,towels,towel,Word,towels,3.532411724102025
96397,towering,tower,Word,towering,2.838259985379903
96399,towers,tower,Word,towers,3.3382415958437712
96403,towing,tow,Lemma,tow,2.5372320688717407
96406,town,town,Word,town,2.3858096244809763
96415,towns,town,Word,towns,2.8775099748644775
96431,tows,tow,Lemma,tow,2.5372320688717407
96436,toxic,toxic,Word,toxic,3.2169344130086666
96450,toy,toy,Word,toy,3.0778191727142925
96452,toying,toy,Word,toying,3.192280177819492
96455,toys,toy,Word,toys,3.357956876128692
96460,trace,trace,Word,trace,3.023701238602447
96465,traced,trace,Word,traced,3.2680697421097804
96471,traces,trace,Word,traces,3.0650825533370947
96479,tracing,trace,Word,tracing,2.925451029280528
96481,track,track,Word,track,2.3679209265432766
96484,tracked,track,Word,tracked,2.9520156279932186
96487,tracking,track,Word,tracking,2.830040890316249
96491,tracks,track,Word,tracks,2.7325324992042135
96497,tract,tract,Word,tract,3.096722635376431
96506,tractor,tractor,Word,tractor,3.309436199768969
96507,tractors,tractor,Word,tractors,3.443813899792211
96508,tracts,tract,Word,tracts,3.352717061730256
96511,trade,trade,Word,trade,2.8100475493458137
96513,traded,trade,Word,traded,3.685890020073834
96517,trader,trader,Word,trader,3.919261241716658
96518,traders,trader,Word,traders,3.54711240205252
96519,trades,trade,Word,trades,3.3632170140192255
96527,tradition,tradition,Word,tradition,3.0946316958632334
96528,traditional,traditional,Word,traditional,2.352539673525602
96537,traditions,tradition,Word,traditions,3.248358700419781
96544,traffic,traffic,Word,traffic,2.924988766585275
96548,trafficked,traffic,Word,trafficked,3.9388484711178835
96552,traffics,traffic,Lemma,traffic,2.924988766585275
96559,tragedies,tragedy,Word,tragedies,3.518186657055595
96560,tragedy,tragedy,Word,tragedy,3.1579412008823007
96562,tragic,tragic,Word,tragic,3.0543631903440844
96571,trail,trail,Word,trail,2.9558398375639214
96574,trailed,trail,Word,trailed,3.7468378651788004
96575,trailer,trailer,Word,trailer,3.0638234118655587
96576,trailers,trailer,Word,trailers,3.266778866396055
96578,trailing,trail,Word,trailing,2.9943765485047122
96579,trails,trail,Word,trails,3.493144918262151
96581,train,train,Word,train,2.810050040064951
96587,trained,train,Word,trained,2.880507809398295
96593,training,training,Word,training,2.6507708614555643
96598,trains,train,Word,trains,3.2182542265136984
96603,trait,trait,Word,trait,3.152855895393364
96604,traitor,traitor,Word,traitor,3.659841189489133
96608,traitors,traitor,Word,traitors,3.655821322958901
96611,traits,trait,Word,traits,3.2135053556836146
96625,tramp,tramp,Word,tramp,2.889553145614741
96626,tramped,tramp,Word,tramped,3.421504880763227
96628,tramping,tramp,Lemma,tramp,2.889553145614741
96630,trampled,trample,Word,trampled,3.598118635232448
96636,tramps,tramp,Lemma,tramp,2.889553145614741
96645,tranquil,tranquil,Word,tranquil,3.2241947470717465
96713,transfer,transfer,Word,transfer,2.616725099740109
96716,transfered,transfer,Word,transfered,2.9375781194902983
96725,transferred,transfer,Word,transferred,2.8563465815339617
96727,transferring,transfer,Word,transferring,2.811298445787785
96728,transfers,transfer,Word,transfers,2.7509371705141423
96775,transient,transient,Word,transient,2.9408222539716187
96777,transients,transient,Word,transients,3.559626856935474
96784,transit,transit,Word,transit,3.115198935510981
96785,transition,transition,Word,transition,2.7751613209081434
96788,transitioning,transition,Lemma,transition,2.7751613209081434
96789,transitions,transition,Word,transitions,2.876721565023766
96798,translate,translate,Word,translate,3.1140959613055306
96799,translated,translate,Word,translated,3.154574266198383
96800,translates,translate,Word,translates,3.3197545087760023
96801,translating,translate,Word,translating,3.0472737907986995
96802,translation,translation,Word,translation,3.0098777431953017
96804,translations,translation,Word,translations,3.3639741814351978
96816,translucent,translucent,Word,translucent,3.3139427468516636
96828,transmission,transmission,Word,transmission,3.226567279399692
96829,transmissions,transmission,Lemma,transmission,3.226567279399692
96830,transmit,transmit,Word,transmit,3.280790525844432
96831,transmits,transmit,Word,transmits,3.812754206307964
96835,transmitted,transmit,Word,transmitted,3.430296311139038
96836,transmitter,transmitter,Word,transmitter,3.4455317371067076
96837,transmitters,transmitter,Lemma,transmitter,3.4455317371067076
96838,transmitting,transmit,Word,transmitting,3.2124071761510424
96925,trap,trap,Word,trap,2.8921043290751554
96937,trapped,trap,Word,trapped,3.2131414292648475
96941,trapping,trap,Word,trapping,3.10003384320597
96946,traps,trap,Word,traps,3.0196387944150356
96948,trash,trash,Word,trash,3.098504396136747
96951,trashed,trash,Lemma,trash,3.098504396136747
96968,travel,travel,Word,travel,2.6556490640455905
96971,traveled,travel,Word,traveled,2.9228000432589183
96975,traveling,travel,Word,traveling,2.6024310377955047
96976,travelled,travel,Lemma,travel,2.6556490640455905
96979,travelling,travel,Lemma,travel,2.6556490640455905
96982,travels,travel,Word,travels,2.9219355220311036
97003,tray,tray,Word,tray,3.2843492788332274
97004,trays,tray,Word,trays,3.2517725739095726
97006,treacherous,treacherous,Word,treacherous,3.086856086011529
97014,tread,tread,Word,tread,3.3528428958974104
97015,treading,tread,Word,treading,3.6571691559297985
97022,treads,tread,Lemma,tread,3.3528428958974104
97024,treason,treason,Word,treason,3.7810134338283388
97029,treasure,treasure,Word,treasure,3.246240772116856
97031,treasurer,treasurer,Word,treasurer,3.155633815456161
97032,treasurers,treasurer,Lemma,treasurer,3.155633815456161
97033,treasures,treasure,Word,treasures,3.3369278709886627
97035,treasuring,treasure,Lemma,treasure,3.246240772116856
97038,treat,treat,Word,treat,2.645334003672743
97040,treated,treat,Word,treated,2.9696510986344244
97043,treaties,treaty,Word,treaties,3.762583301698763
97044,treating,treat,Word,treating,2.818958728074715
97047,treatment,treatment,Word,treatment,2.691525849347901
97048,treatments,treatment,Word,treatments,3.2053032574959692
97049,treats,treat,Word,treats,2.817998495239656
97050,treaty,treaty,Word,treaty,3.771463709214608
97067,trees,tree,Word,trees,3.2240227601507896
97074,trekked,trek,Word,trekked,3.386888105594552
97076,trekking,trek,Lemma,trek,3.421340249150014
97077,treks,trek,Lemma,trek,3.421340249150014
97084,trembled,tremble,Word,trembled,4.070201781413558
97086,trembles,tremble,Word,trembles,3.796698283231307
97087,trembling,tremble,Word,trembling,3.120872069510687
97089,tremendous,tremendous,Word,tremendous,2.943934183091953
97094,tremor,tremor,Word,tremor,4.310113325044701
97095,tremors,tremor,Lemma,tremor,4.310113325044701
97101,trench,trench,Word,trench,3.15985082443859
97107,trenched,trench,Lemma,trench,3.15985082443859
97112,trenches,trench,Word,trenches,2.9929976461719154
97113,trenching,trench,Lemma,trench,3.15985082443859
97114,trend,trend,Word,trend,2.994165000266875
97115,trended,trend,Lemma,trend,2.994165000266875
97120,trending,trend,Lemma,trend,2.994165000266875
97121,trends,trend,Word,trends,3.130224723694714
97161,trial,trial,Word,trial,2.984291327471115
97162,trials,trial,Word,trials,3.1361524589358645
97174,tribal,tribal,Word,tribal,3.3102639094194983
97177,tribals,tribal,Lemma,tribal,3.3102639094194983
97178,tribe,tribe,Word,tribe,3.3956976210100454
97180,tribes,tribe,Word,tribes,3.5741654587702385
97194,tribute,tribute,Word,tribute,3.3127139433194532
97195,tributes,tribute,Word,tributes,4.1121904694134965
97209,trick,trick,Word,trick,2.761867839991216
97210,tricked,trick,Word,tricked,3.2327443141695134
97216,tricking,trick,Lemma,trick,2.761867839991216
97217,trickle,trickle,Word,trickle,3.344082628095516
97218,trickled,trickle,Lemma,trickle,3.344082628095516
97219,trickles,trickle,Lemma,trickle,3.344082628095516
97220,trickling,trickle,Word,trickling,3.3273184900318085
97221,tricks,trick,Word,tricks,3.3246255653661243
97224,tricky,tricky,Word,tricky,2.9129626694635222
97239,tried,try,Word,tried,2.5978377518194615
97246,tries,try,Word,tries,2.761006796009508
97247,trifle,trifle,Word,trifle,2.7674108922214744
97250,trifles,trifle,Lemma,trifle,2.7674108922214744
97251,trifling,trifle,Word,trifling,3.024898722845202
97261,trigger,trigger,Word,trigger,2.915155868808923
97262,triggered,trigger,Word,triggered,2.8383126789258832
97264,triggering,trigger,Lemma,trigger,2.915155868808923
97266,triggers,trigger,Lemma,trigger,2.915155868808923
97285,trillion,trillion,Word,trillion,4.132382348418117
97286,trillions,trillion,Lemma,trillion,4.132382348418117
97295,trim,trim,Word,trim,3.0378032572210647
97303,trimmed,trim,Word,trimmed,2.952594835603573
97306,trimmest,trim,Lemma,trim,3.0378032572210647
97307,trimming,trim,Word,trimming,2.955194981473994
97310,trims,trim,Word,trims,3.3213257052006653
97337,triple,triple,Word,triple,2.814221260673522
97338,tripled,triple,Word,tripled,3.418898197169405
97339,triples,triple,Lemma,triple,2.814221260673522
97349,tripling,triple,Lemma,triple,2.814221260673522
97358,tripped,trip,Word,tripped,3.0036070449473393
97362,tripping,trip,Word,tripping,3.113234182122398
97364,trips,trip,Word,trips,3.1558915389882887
97396,triumph,triumph,Word,triumph,2.9329964573470932
97399,triumphant,triumphant,Word,triumphant,2.72607706939814
97401,triumphed,triumph,Lemma,triumph,2.9329964573470932
97402,triumphing,triumph,Lemma,triumph,2.9329964573470932
97403,triumphs,triumph,Word,triumphs,3.1022492250103553
97414,trivial,trivial,Word,trivial,2.7956310929326835
97432,trod,tread,Lemma,tread,3.3528428958974104
97446,troll,troll,Word,troll,3.184675358069586
97447,trolled,troll,Lemma,troll,3.184675358069586
97448,trolley,trolley,Word,trolley,3.0902027298060677
97451,trolleys,trolley,Lemma,trolley,3.0902027298060677
97455,trolls,troll,Word,trolls,3.6356545531033095
97462,troop,troop,Word,troop,4.00083192546265
97463,trooped,troop,Lemma,troop,4.00083192546265
97466,trooping,troop,Lemma,troop,4.00083192546265
97474,trophies,trophy,Word,trophies,3.4774804892646207
97475,trophy,trophy,Word,trophy,3.554077849900748
97477,tropical,tropical,Word,tropical,3.142749772987486
97486,trot,trot,Word,trot,2.765547290331333
97490,trots,trot,Lemma,trot,2.765547290331333
97491,Trots,trot,Lemma,trot,2.765547290331333
97498,trotted,trot,Word,trotted,3.21411265660236
97501,trotting,trot,Lemma,trot,2.765547290331333
97505,trouble,trouble,Word,trouble,2.6149672470091465
97510,troubles,trouble,Word,troubles,2.8185970577855346
97515,troublesome,troublesome,Word,troublesome,2.4833232006126176
97521,trough,trough,Word,trough,3.2181587993029472
97522,troughs,trough,Word,troughs,3.290439930309486
97537,trout,trout,Word,trout,4.012726211735735
97538,trouts,trout,Lemma,trout,4.012726211735735
97551,truce,truce,Word,truce,4.238131539871288
97552,truces,truce,Lemma,truce,4.238131539871288
97553,truck,truck,Word,truck,2.9116112356833224
97557,trucked,truck,Word,trucked,3.6393629839737955
97567,trucks,truck,Word,trucks,3.1163206837887922
97602,trumpet,trumpet,Word,trumpet,3.0279317533680876
97603,trumpeted,trumpet,Lemma,trumpet,3.0279317533680876
97606,trumpeting,trumpet,Lemma,trumpet,3.0279317533680876
97607,trumpets,trumpet,Lemma,trumpet,3.0279317533680876
97621,trunk,trunk,Word,trunk,3.0872285986875103
97622,trunked,trunk,Lemma,trunk,3.0872285986875103
97624,trunks,trunk,Word,trunks,3.068172094680685
97629,trust,trust,Word,trust,2.668124168405996
97631,trusted,trust,Word,trusted,2.844904372179381
97634,trustees,trustee,Word,trustees,3.2918823075000434
97646,trusting,trust,Word,trusting,2.7292381475031187
97649,trusts,trust,Word,trusts,3.155039990302216
97654,truth,truth,Word,truth,2.69597895829506
97655,truthful,truthful,Word,truthful,3.1067697112675927
97659,truths,truth,Word,truths,3.625643120335529
97660,try,try,Word,try,2.1817508041399667
97662,trying,try,Word,trying,2.5867656378350294
97693,tub,tub,Word,tub,3.3115122019099776
97701,tube,tube,Word,tube,2.992230176725083
97702,tubed,tube,Lemma,tube,2.992230176725083
97716,tubes,tube,Word,tubes,2.899992400435867
97719,tubing,tubing,Word,tubing,3.5190303454358944
97721,tubs,tub,Word,tubs,3.2380527807505484
97732,tucking,tuck,Word,tucking,3.2251142248879243
97751,tugged,tug,Word,tugged,3.454975216106216
97753,tugging,tug,Word,tugging,3.288621795817619
97756,tuition,tuition,Word,tuition,3.804133785340928
97762,tulips,tulip,Word,tulips,3.5447455037485067
97769,tumble,tumble,Word,tumble,3.1156621371379902
97771,tumbled,tumble,Word,tumbled,3.5181313067005338
97775,tumbles,tumble,Word,tumbles,3.7631921580742644
97777,tumbling,tumble,Word,tumbling,3.171435021653904
97809,tune,tune,Word,tune,2.7122588757874526
97811,tuned,tune,Word,tuned,3.2233092644979866
97819,tunes,tune,Word,tunes,3.0677786866053705
97828,tuning,tune,Word,tuning,3.0786451264277415
97834,tunnel,tunnel,Word,tunnel,3.2643604347722106
97835,tunneled,tunnel,Word,tunneled,3.920005746080968
97836,tunneling,tunnel,Lemma,tunnel,3.2643604347722106
97837,tunnelled,tunnel,Lemma,tunnel,3.2643604347722106
97840,tunnelling,tunnel,Lemma,tunnel,3.2643604347722106
97841,tunnels,tunnel,Word,tunnels,3.5321855087905867
97863,turbine,turbine,Word,turbine,3.4661814790276533
97864,turbines,turbine,Word,turbines,3.82439093002306
97879,turbulent,turbulent,Word,turbulent,2.90280331146415
97885,turf,turf,Word,turf,3.2007553497242593
97886,turfed,turf,Lemma,turf,3.2007553497242593
97888,turfs,turf,Lemma,turf,3.2007553497242593
97897,turkey,turkey,Word,turkey,3.241952618851537
97898,turkeys,turkey,Word,turkeys,3.552408767374439
97904,turmoil,turmoil,Word,turmoil,2.992050519977418
97905,turmoils,turmoil,Lemma,turmoil,2.992050519977418
97906,turn,turn,Word,turn,2.095322620273292
97917,turned,turn,Word,turned,2.266575799239009
97922,turning,turn,Word,turning,2.3039498311540245
97925,turnips,turnip,Word,turnips,3.531001642472289
97931,turnover,turnover,Word,turnover,3.354390170979344
97932,turnovers,turnover,Lemma,turnover,3.354390170979344
97935,turns,turn,Word,turns,2.305391728263236
97947,turquoise,turquoise,Word,turquoise,3.066651940274112
97948,turquoises,turquoise,Lemma,turquoise,3.066651940274112
97960,turtles,turtle,Word,turtles,3.594918857920997
97961,turves,turf,Lemma,turf,3.2007553497242593
97982,tutor,tutor,Word,tutor,3.003730556966433
97984,tutored,tutor,Lemma,tutor,3.003730556966433
97987,tutoring,tutor,Word,tutoring,3.4799605876530086
97988,tutors,tutor,Word,tutors,3.0998997140880333
98063,twig,twig,Word,twig,3.3096386862472937
98064,twigged,twig,Word,twigged,3.1357779730613884
98067,twigging,twig,Lemma,twig,3.3096386862472937
98069,twigs,twig,Word,twigs,3.5683184388636375
98070,twilight,twilight,Word,twilight,2.818906248966018
98075,twin,twin,Word,twin,2.550692106855464
98079,twined,twine,Word,twined,3.4723336701622074
98085,twinkle,twinkle,Word,twinkle,3.2635468501756355
98086,twinkled,twinkle,Lemma,twinkle,3.2635468501756355
98087,twinkles,twinkle,Lemma,twinkle,3.2635468501756355
98088,twinkling,twinkle,Word,twinkling,3.1866715425879506
98091,twinned,twin,Lemma,twin,2.550692106855464
98093,twins,twin,Word,twins,2.9954807118356395
98106,twist,twist,Word,twist,2.941999276269124
98108,twisted,twist,Word,twisted,2.676833422015309
98113,twisting,twist,Word,twisting,2.8318620976404434
98115,twists,twist,Word,twists,3.333647510976093
98145,twos,two,Word,twos,3.3116106418329148
98153,tying,tie,Word,tying,2.8461664831723277
98163,type,type,Word,type,2.0545085483726906
98167,typed,type,Word,typed,3.230617396517748
98170,types,type,Word,types,2.3169890989925324
98179,typewriter,typewriter,Word,typewriter,3.828812807712109
98180,typewriters,typewriter,Word,typewriters,3.936989592246411
98189,typical,typical,Word,typical,2.3354775119278286
98196,typing,type,Word,typing,3.248267322848596
98223,tyrant,tyrant,Word,tyrant,3.280019395055468
98224,tyrants,tyrant,Word,tyrants,3.612184106668296
98259,ugly,ugly,Word,ugly,2.7809994711802597
98283,ulcers,ulcer,Lemma,ulcer,3.843550707726547
98294,ultimate,ultimate,Word,ultimate,2.5478096717582495
98352,umbrella,umbrella,Word,umbrella,3.04723723556967
98353,umbrellas,umbrella,Word,umbrellas,3.524491726787278
98358,umpire,umpire,Word,umpire,4.576305320432982
98359,umpired,umpire,Lemma,umpire,4.576305320432982
98360,umpires,umpire,Lemma,umpire,4.576305320432982
98361,umpiring,umpire,Lemma,umpire,4.576305320432982
98447,unanimous,unanimous,Word,unanimous,3.317983351074463
98707,uncles,uncle,Word,uncles,3.0628341844567863
99128,understand,understand,Word,understand,2.46681481957874
99132,understanded,understand,Lemma,understand,2.46681481957874
99136,understands,understand,Word,understands,2.9047832820297543
99147,understood,understand,Word,understood,2.3719110284156324
99683,unified,unify,Word,unified,2.796856854976321
99768,union,union,Word,union,3.032616351543989
99779,unions,union,Word,unions,3.482473661593824
99781,unique,unique,Word,unique,2.24352811567068
99786,unison,unison,Word,unison,3.0744745078082127
99790,unit,unit,Word,unit,2.360061478143542
99798,unite,unite,Word,unite,3.0401770295408137
99801,unites,unite,Lemma,unite,3.0401770295408137
99802,unities,unity,Word,unities,2.349235042698313
99803,uniting,unite,Word,uniting,2.8658279964821674
99806,units,unit,Word,units,2.675140238558454
100949,upper,upper,Word,upper,2.9039910833982177
100956,uppers,upper,Lemma,upper,2.9039910833982177
101029,upward,upward,Word,upward,3.124777333966043
101035,uranium,uranium,Word,uranium,4.289357737147524
101038,urban,urban,Word,urban,2.720887112370333
101070,urge,urge,Word,urge,2.9023379324475207
101071,urged,urge,Word,urged,3.0910457428137
101072,urgencies,urgency,Word,urgencies,3.1146804047930754
101073,urgency,urgency,Word,urgency,3.1596120079565964
101074,urgent,urgent,Word,urgent,2.8780091967387302
101076,urges,urge,Word,urges,3.776740740125903
101077,urging,urge,Word,urging,2.902519737300227
101091,urine,urine,Word,urine,3.6204501892427063
101107,usable,usable,Word,usable,2.882553656970763
101108,usage,usage,Word,usage,2.835052809142863
101109,usages,usage,Word,usages,3.013701491651561
101110,use,use,Word,use,2.086834199526501
101112,used,use,Word,used,2.097854401116332
101114,useful,useful,Word,useful,2.6864440214418797
101116,usefulness,usefulness,Word,usefulness,3.370882784860741
101117,useless,useless,Word,useless,2.7697036581050987
101120,user,user,Word,user,3.3243272986436145
101123,users,user,Word,users,3.018504308846223
101124,uses,use,Word,uses,2.5905283581165732
101126,ushered,usher,Word,ushered,2.92812042688684
101131,using,use,Word,using,2.0676263933264707
101133,usual,usual,Word,usual,2.3895229112315395
101153,utensils,utensil,Word,utensils,3.7305538736762736
101162,utilities,utility,Word,utilities,2.8727615618760662
101163,utility,utility,Word,utility,2.709472528228119
101178,utter,utter,Word,utter,2.862214087869256
101182,uttered,utter,Word,uttered,3.1020522661865613
101183,uttering,utter,Word,uttering,3.366671846604721
101186,utters,utter,Lemma,utter,2.862214087869256
101206,vacant,vacant,Word,vacant,3.2467987244990724
101212,vacation,vacation,Word,vacation,3.1199216044252243
101213,vacationed,vacation,Lemma,vacation,3.1199216044252243
101216,vacationing,vacation,Word,vacationing,3.566852168823611
101221,vacations,vacation,Word,vacations,3.3630244513517553
101226,vaccination,vaccination,Word,vaccination,4.05839634825505
101227,vaccinations,vaccination,Lemma,vaccination,4.05839634825505
101229,vaccine,vaccine,Word,vaccine,4.185620185554873
101230,vaccines,vaccine,Lemma,vaccine,4.185620185554873
101253,vacuum,vacuum,Word,vacuum,3.1473707096392114
101255,vacuumed,vacuum,Word,vacuumed,3.9885480568006346
101256,vacuuming,vacuum,Word,vacuuming,3.5883178535234657
101257,vacuums,vacuum,Lemma,vacuum,3.1473707096392114
101270,vagina,vagina,Word,vagina,3.5248580241777576
101272,vaginas,vagina,Lemma,vagina,3.5248580241777576
101278,vague,vague,Word,vague,2.9248579822683434
101326,valid,valid,Word,valid,2.995828710008851
101333,validity,validity,Word,validity,2.9641458183986598
101343,valleys,valley,Word,valleys,3.250177732750201
101357,valuable,valuable,Word,valuable,2.692937722897619
101358,valuables,valuable,Lemma,valuable,2.692937722897619
101364,value,value,Word,value,2.519561848531235
101365,valued,value,Word,valued,3.011566262259519
101369,values,value,Word,values,2.8340711650328605
101370,valuing,value,Lemma,value,2.519561848531235
101371,valve,valve,Word,valve,3.563352962707676
101372,valves,valve,Word,valves,3.8266465574545
101405,vanilla,vanilla,Word,vanilla,3.114904985714234
101406,vanillas,vanilla,Lemma,vanilla,3.114904985714234
101408,vanish,vanish,Word,vanish,3.161389898228479
101409,vanished,vanish,Word,vanished,3.1390770966209782
101410,vanishes,vanish,Word,vanishes,3.399850396992077
101411,vanishing,vanish,Word,vanishing,2.969275001451002
101421,vans,van,Lemma,van,3.1740489911341525
101422,vantage,vantage,Word,vantage,3.8481669599818296
101448,variable,variable,Word,variable,2.8097228918845647
101450,variables,variable,Word,variables,3.2775324197426006
101456,variation,variation,Word,variation,2.6057352083278897
101457,variations,variation,Word,variations,3.0053280773576825
101471,varies,vary,Word,varies,3.7140736157667185
101473,varieties,variety,Word,varieties,3.2209420076651067
101474,variety,variety,Word,variety,2.3215143807897736
101479,various,various,Word,various,2.2727942691274827
101491,varnish,varnish,Word,varnish,3.6501128375422334
101492,varnished,varnish,Lemma,varnish,3.6501128375422334
101494,varnishes,varnish,Word,varnishes,3.444128638831578
101495,varnishing,varnish,Lemma,varnish,3.6501128375422334
101499,vary,vary,Word,vary,3.798701940347726
101500,varying,vary,Word,varying,2.924256775322233
101506,vascular,vascular,Word,vascular,3.872218216504658
101509,vase,vase,Word,vase,3.8419431603337713
101513,vases,vase,Word,vases,3.754491329459951
101529,vast,vast,Word,vast,2.574034124204823
101531,vastest,vast,Lemma,vast,2.574034124204823
101544,vault,vault,Word,vault,3.5339163739874646
101548,vaulting,vault,Word,vaulting,3.01245334328147
101549,vaults,vault,Word,vaults,3.325946344598092
101573,vegetable,vegetable,Word,vegetable,2.945230649372756
101574,vegetables,vegetable,Word,vegetables,3.192817578001215
101583,vegetation,vegetation,Word,vegetation,3.540550287469088
101590,vehicle,vehicle,Word,vehicle,2.7680382039503586
101591,vehicles,vehicle,Word,vehicles,2.9191729164769553
101593,veil,veil,Word,veil,3.7320525925313306
101594,veiled,veil,Word,veiled,3.102987078713255
101595,veiling,veil,Word,veiling,3.6650621746926135
101596,veils,veil,Word,veils,4.476689317426398
101597,vein,vein,Word,vein,3.2967793210490393
101598,veined,vein,Word,veined,3.6997008363318904
101600,veins,vein,Word,veins,3.886124917503807
101619,velocities,velocity,Word,velocities,3.9827169468453136
101620,velocity,velocity,Word,velocity,3.5934028622971605
101626,velvet,velvet,Word,velvet,3.0939819590129334
101649,vendor,vendor,Word,vendor,2.8999807196892387
101650,vendors,vendor,Word,vendors,2.96427695082067
101652,veneer,veneer,Word,veneer,3.453841316839925
101653,veneered,veneer,Lemma,veneer,3.453841316839925
101655,veneers,veneer,Lemma,veneer,3.453841316839925
101657,venerable,venerable,Word,venerable,2.5472672704931885
101676,vengeance,vengeance,Word,vengeance,3.0070066990538775
101692,venom,venom,Word,venom,3.677416938787015
101698,vent,vent,Word,vent,3.267016866347594
101700,vented,vent,Word,vented,3.3115491008894202
101710,venting,vent,Lemma,vent,3.267016866347594
101720,vents,vent,Word,vents,3.67288024575957
101722,venture,venture,Word,venture,2.6503549681613077
101723,ventured,venture,Word,ventured,3.0088775759910265
101726,ventures,venture,Word,ventures,2.861334911677215
101731,venturing,venture,Lemma,venture,2.6503549681613077
101743,veranda,veranda,Word,veranda,3.500487937357679
101745,verandas,veranda,Word,verandas,3.7249992751369922
101747,verb,verb,Word,verb,3.614410278773847
101748,verbal,verbal,Word,verbal,3.1639247387519243
101756,verbals,verbal,Lemma,verbal,3.1639247387519243
101768,verbs,verb,Word,verbs,3.901861127377187
101774,verdict,verdict,Word,verdict,3.3698286641230064
101775,verdicts,verdict,Lemma,verdict,3.3698286641230064
101780,verge,verge,Word,verge,3.2540413033275937
101783,verges,verge,Word,verges,3.4506547441798117
101796,verified,verify,Word,verified,3.1282221816580122
101798,verifies,verify,Lemma,verify,3.353007524476136
101799,verify,verify,Word,verify,3.353007524476136
101800,verifying,verify,Lemma,verify,3.353007524476136
101863,versatile,versatile,Word,versatile,3.0298282564337327
101865,verse,verse,Word,verse,3.1594597838498046
101866,versed,verse,Word,versed,3.3146974480603655
101868,verses,verse,Word,verses,2.9227365616167997
101876,version,version,Word,version,2.66174889593935
101877,versions,version,Word,versions,3.1174492663194155
101891,vertical,vertical,Word,vertical,2.851316661955337
101895,verticals,vertical,Lemma,vertical,2.851316661955337
101909,vessel,vessel,Word,vessel,3.5582336461477335
101910,vessels,vessel,Word,vessels,3.5327627892265347
101911,vest,vest,Word,vest,3.4396972585708223
101918,vestibule,vestibule,Word,vestibule,3.4158106864901927
101919,vestibules,vestibule,Lemma,vestibule,3.4158106864901927
101924,vesting,vest,Lemma,vest,3.4396972585708223
101931,vests,vest,Word,vests,3.4178560480118865
101940,veteran,veteran,Word,veteran,2.597523223411716
101942,veterans,veteran,Word,veterans,3.027850604607009
101946,veto,veto,Word,veto,4.069141389312542
101947,vetoed,veto,Word,vetoed,3.702778846166426
101950,vetoes,veto,Lemma,veto,4.069141389312542
101951,vetoing,veto,Lemma,veto,4.069141389312542
101952,vetos,veto,Lemma,veto,4.069141389312542
101970,viable,viable,Word,viable,2.795763750316437
101986,vibrant,vibrant,Word,vibrant,2.814893569909547
101991,vibrated,vibrate,Word,vibrated,3.6090796003780805
101994,vibration,vibration,Word,vibration,3.7340314115455455
101996,vibrations,vibration,Lemma,vibration,3.7340314115455455
102016,vice,vice,Word,vice,2.9188055150130863
102026,vices,vice,Word,vices,3.314245554884625
102031,vicinities,vicinity,Lemma,vicinity,2.506124349533548
102032,vicinity,vicinity,Word,vicinity,2.506124349533548
102033,vicious,vicious,Word,vicious,2.6461875911845176
102043,victim,victim,Word,victim,2.7655528641137934
102054,victims,victim,Word,victims,2.957311940538093
102063,victories,victory,Word,victories,3.4176046432146205
102064,victorious,victorious,Word,victorious,2.703372104108783
102067,victory,victory,Word,victory,3.082244278682536
102117,view,view,Word,view,2.390515219623215
102119,viewed,view,Word,viewed,2.758165506755381
102120,viewer,viewer,Word,viewer,3.130980676587032
102121,viewers,viewer,Word,viewers,3.426338069608447
102125,viewing,view,Word,viewing,2.730298042800638
102130,views,view,Word,views,2.9296980148649765
102142,vigorous,vigorous,Word,vigorous,2.7653102617835774
102165,villa,villa,Word,villa,3.6393299424698196
102166,village,village,Word,village,2.8267017535655987
102168,villagers,villager,Word,villagers,3.368228991223551
102169,villages,village,Word,villages,3.236862373651566
102170,villain,villain,Word,villain,3.105354415404516
102175,villains,villain,Word,villains,3.1684736643451905
102178,villas,villa,Lemma,villa,3.6393299424698196
102202,vine,vine,Word,vine,3.4238995777759347
102203,vinegar,vinegar,Word,vinegar,3.6569553316517878
102205,vinegars,vinegar,Lemma,vinegar,3.6569553316517878
102209,vines,vine,Word,vines,3.562530938229262
102226,vinyl,vinyl,Word,vinyl,3.3874988749527613
102227,vinyls,vinyl,Lemma,vinyl,3.3874988749527613
102236,violated,violate,Word,violated,3.6289960045805794
102237,violates,violate,Word,violates,4.367050273310952
102238,violating,violate,Word,violating,3.6368323275628662
102242,violence,violence,Word,violence,3.176167342307697
102243,violent,violent,Word,violent,2.770803211433369
102246,violets,violet,Word,violets,3.67546844172869
102247,violin,violin,Word,violin,3.4360872090379577
102252,violins,violin,Word,violins,3.514094569761024
102273,virgin,virgin,Word,virgin,3.1252988814320677
102283,virgins,virgin,Lemma,virgin,3.1252988814320677
102298,virtual,virtual,Word,virtual,2.7765958175502523
102300,virtue,virtue,Word,virtue,2.5610556855704365
102301,virtues,virtue,Word,virtues,2.8923204093041837
102307,virtuous,virtuous,Word,virtuous,2.961692025877503
102314,virus,virus,Word,virus,3.5940290070381584
102315,viruses,virus,Lemma,virus,3.5940290070381584
102345,visibility,visibility,Word,visibility,3.3748830677233723
102346,visible,visible,Word,visible,2.7592607325557927
102349,vision,vision,Word,vision,2.779918004711753
102354,visions,vision,Word,visions,2.9390339474693334
102355,visit,visit,Word,visit,2.9760823991920295
102360,visited,visit,Word,visited,2.906820696793857
102361,visiting,visit,Word,visiting,2.4266668959104236
102362,visitor,visitor,Word,visitor,2.8276037796307807
102363,visitors,visitor,Word,visitors,2.905512712219656
102364,visits,visit,Word,visits,2.948336753021059
102370,visual,visual,Word,visual,2.728196757853792
102382,vital,vital,Word,vital,2.509189027211818
102387,vitality,vitality,Word,vitality,3.2107761920809557
102439,vivid,vivid,Word,vivid,2.834416272381417
102472,vocabularies,vocabulary,Word,vocabularies,3.9101040077472007
102473,vocabulary,vocabulary,Word,vocabulary,3.1704054178050187
102474,vocal,vocal,Word,vocal,2.8914294010779704
102485,vocals,vocal,Word,vocals,3.700263824635369
102486,vocation,vocation,Word,vocation,3.0966280758099742
102489,vocations,vocation,Lemma,vocation,3.0966280758099742
102509,voice,voice,Word,voice,2.9306659909449944
102511,voiced,voice,Word,voiced,3.2585738659449626
102517,voices,voice,Word,voices,3.076807789496941
102518,voicing,voice,Lemma,voice,2.9306659909449944
102519,void,void,Word,void,3.0030238514414522
102522,voided,void,Lemma,void,3.0030238514414522
102523,voiding,void,Lemma,void,3.0030238514414522
102524,voids,void,Word,voids,3.2572841210600827
102530,volatile,volatile,Word,volatile,3.1914390587153516
102535,volcanic,volcanic,Word,volcanic,3.726191064436604
102538,volcano,volcano,Word,volcano,4.270123206915841
102539,volcanoes,volcano,Lemma,volcano,4.270123206915841
102541,volcanos,volcano,Word,volcanos,5.723118942044176
102563,voltage,voltage,Word,voltage,3.833755255818449
102564,voltages,voltage,Word,voltages,4.732438571806562
102575,volume,volume,Word,volume,2.8967827988964405
102576,volumes,volume,Word,volumes,3.037994323138135
102582,voluntaries,voluntary,Lemma,voluntary,2.7993961946947454
102587,voluntary,voluntary,Word,voluntary,2.7993961946947454
102588,volunteer,volunteer,Word,volunteer,2.7340850908153795
102589,volunteered,volunteer,Word,volunteered,2.9495834062400266
102590,volunteering,volunteer,Word,volunteering,3.0388254318171555
102592,volunteers,volunteer,Word,volunteers,2.9403796254495447
102605,vomit,vomit,Word,vomit,3.3440619022304223
102606,vomited,vomit,Lemma,vomit,3.3440619022304223
102608,vomiting,vomit,Word,vomiting,3.445173357703758
102609,vomits,vomit,Lemma,vomit,3.3440619022304223
102629,vote,vote,Word,vote,2.90282498825278
102630,voted,vote,Word,voted,3.1081995767511983
102632,voter,voter,Word,voter,3.363196450648242
102633,voters,voter,Word,voters,3.313724591370442
102634,votes,vote,Word,votes,3.3657233041936485
102649,vow,vow,Word,vow,3.084448256102899
102650,vowed,vow,Word,vowed,3.0019365210409097
102653,vowing,vow,Word,vowing,2.8421847465858536
102654,vows,vow,Word,vows,3.5119869808026154
102657,voyage,voyage,Word,voyage,3.7246754008435365
102658,voyaged,voyage,Lemma,voyage,3.7246754008435365
102661,voyages,voyage,Word,voyages,3.9631526981191993
102664,voyaging,voyage,Lemma,voyage,3.7246754008435365
102688,vulgar,vulgar,Word,vulgar,3.0037993958132407
102706,vulnerable,vulnerable,Word,vulnerable,2.962073836882734
102736,wad,wad,Word,wad,3.3328793362913642
102737,wadded,wad,Word,wadded,3.7300096833200342
102754,wads,wad,Word,wads,3.7527892706430146
102766,wage,wage,Word,wage,3.328062258664821
102767,waged,wage,Word,waged,3.1423038850178915
102773,wages,wages,Word,wages,3.3233032905696342
102775,wagged,wag,Word,wagged,4.137802267973917
102779,wagging,wag,Word,wagging,3.7056477961693735
102787,waging,wage,Word,waging,3.192410251874196
102805,wail,wail,Word,wail,3.30593692220446
102807,wailed,wail,Word,wailed,3.8154365181548138
102809,wailing,wail,Word,wailing,3.0824101415329097
102818,waist,waist,Word,waist,3.420266407259597
102826,waists,waist,Lemma,waist,3.420266407259597
102827,wait,wait,Word,wait,2.5965027586631515
102829,waited,wait,Word,waited,2.995933649925062
102830,waiter,waiter,Word,waiter,3.5545089218179564
102831,waiters,waiter,Word,waiters,3.306810342711185
102833,waiting,wait,Word,waiting,2.654006961607423
102836,waitress,waitress,Word,waitress,3.4928579082212576
102837,waitresses,waitress,Word,waitresses,3.3405227316333526
102838,waits,wait,Word,waits,3.173635641784459
102845,wake,wake,Word,wake,2.587269536776274
102846,waked,wake,Word,waked,2.6085391218082297
102854,wakes,wake,Word,wakes,3.5354550169038372
102856,waking,wake,Word,waking,3.2069584275113137
102867,walk,walk,Word,walk,2.6824130604337393
102872,walked,walk,Word,walked,3.0522577323314777
102876,walking,walk,Word,walking,2.758890531128808
102881,walks,walk,Word,walks,3.2135992939004314
102886,wall,wall,Word,wall,2.7572728215259206
102894,walled,wall,Word,walled,3.172657133579165
102896,wallet,wallet,Word,wallet,3.391958660063114
102897,wallets,wallet,Lemma,wallet,3.391958660063114
102916,walls,wall,Word,walls,2.9113215004341457
102921,walnut,walnut,Word,walnut,3.446980108521011
102922,walnuts,walnut,Word,walnuts,3.521625527424252
102941,wand,wand,Word,wand,3.6289910274745356
102942,wander,wander,Word,wander,3.0849262886598785
102943,wandered,wander,Word,wandered,3.3247997438874197
102946,wandering,wander,Word,wandering,3.0251710206201388
102950,wanders,wander,Word,wanders,3.5766454688751996
102951,wands,wand,Lemma,wand,3.6289910274745356
102977,want,want,Word,want,2.2811855857505563
102979,wanted,want,Word,wanted,2.3268740769870004
102980,wanting,want,Word,wanting,2.2137610977377986
102987,wants,want,Word,wants,2.583494667938539
102991,war,war,Word,war,2.795639398127589
102999,ward,ward,Word,ward,3.082726465719061
103001,warded,ward,Lemma,ward,3.082726465719061
103002,warden,warden,Word,warden,3.4393313177804066
103003,wardens,warden,Word,wardens,3.6749337336666574
103006,warding,ward,Lemma,ward,3.082726465719061
103009,wardrobe,wardrobe,Word,wardrobe,3.4963154206759954
103010,wardrobes,wardrobe,Lemma,wardrobe,3.4963154206759954
103013,wards,ward,Word,wards,3.1052481592259498
103015,warehouse,warehouse,Word,warehouse,2.923054638578943
103016,warehoused,warehouse,Lemma,warehouse,2.923054638578943
103019,warehouses,warehouse,Word,warehouses,3.0672535129211025
103032,wariest,wary,Lemma,wary,2.936786593987061
103037,warlike,warlike,Word,warlike,3.2588649607601248
103042,warm,warm,Word,warm,2.777734559107534
103043,warmed,warm,Word,warmed,2.969422212815414
103049,warming,warm,Word,warming,3.217577089879105
103057,warms,warm,Word,warms,3.5610246771294216
103058,warmth,warmth,Word,warmth,3.181799228421017
103060,warn,warn,Word,warn,2.9270747585109005
103061,warned,warn,Word,warned,2.816270256432477
103063,warning,warning,Word,warning,2.8506058156335508
103065,warnings,warning,Word,warnings,3.301638459973937
103066,warns,warn,Word,warns,3.381753363999767
103067,warp,warp,Word,warp,3.228059903534737
103072,warps,warp,Lemma,warp,3.228059903534737
103073,warrant,warrant,Word,warrant,3.4033921267514518
103075,warranted,warrant,Word,warranted,2.7779787567187926
103078,warranties,warranty,Lemma,warranty,4.54631460081234
103079,warranting,warrant,Lemma,warrant,3.4033921267514518
103083,warrants,warrant,Word,warrants,3.535694577665972
103084,warranty,warranty,Word,warranty,4.54631460081234
103085,warred,war,Word,warred,3.5789011898566154
103090,warring,war,Word,warring,3.0486665954155128
103091,warrior,warrior,Word,warrior,3.1167575083389263
103092,warriors,warrior,Word,warriors,3.104777770820766
103093,wars,war,Word,wars,3.2431809149835917
103105,warts,wart,Word,warts,3.248204332037102
103109,wary,wary,Word,wary,2.936786593987061
103111,was,be,Word,was,2.063477444975415
103113,wash,wash,Word,wash,2.8832920288250374
103124,washed,wash,Word,washed,3.130054987116648
103125,washer,washer,Word,washer,3.4683219011614037
103126,washers,washer,Lemma,washer,3.4683219011614037
103129,washes,wash,Word,washes,3.2535801735128937
103134,washing,wash,Word,washing,3.2578679310084593
103165,waste,waste,Word,waste,3.065202563631999
103168,wasted,waste,Word,wasted,2.9617358643235434
103169,wasteful,wasteful,Word,wasteful,3.310756721176482
103177,wastes,waste,Word,wastes,3.13649540208061
103179,wasting,waste,Word,wasting,2.971291773790234
103182,watch,watch,Word,watch,2.5358878995485745
103187,watchdog,watchdog,Word,watchdog,3.249337798405283
103188,watchdogs,watchdog,Lemma,watchdog,3.249337798405283
103189,watched,watch,Word,watched,2.8525927464310876
103192,watches,watch,Word,watches,3.031765189002309
103193,watchful,watchful,Word,watchful,3.1811097377618025
103196,watching,watch,Word,watching,2.7224777011125183
103201,watchmen,watchman,Word,watchmen,3.7108573183261053
103209,water,water,Word,water,2.591929205781578
103230,watered,water,Word,watered,3.4701042775851167
103231,waterfall,waterfall,Word,waterfall,3.3610025908254424
103232,waterfalls,waterfall,Word,waterfalls,3.6530670032482675
103269,waterproof,waterproof,Word,waterproof,3.8113487256047174
103270,waterproofed,waterproof,Lemma,waterproof,3.8113487256047174
103272,waterproofs,waterproof,Lemma,waterproof,3.8113487256047174
103273,waters,water,Word,waters,3.2815593770794913
103291,watery,watery,Word,watery,2.8164117904056756
103305,wave,wave,Word,wave,2.86542781375516
103307,waved,wave,Word,waved,3.543389053814487
103322,waves,wave,Word,waves,3.0922483737083
103326,waving,wave,Word,waving,3.1365047245100426
103328,wax,wax,Word,wax,3.1454176610054447
103331,waxed,wax,Word,waxed,3.1032895619978724
103333,waxes,wax,Lemma,wax,3.1454176610054447
103337,waxing,wax,Word,waxing,3.3865627462487233
103342,way,way,Word,way,1.757353547818581
103358,ways,way,Word,ways,2.398342584453023
103369,weak,weak,Word,weak,2.7354668708132417
103370,weaken,weaken,Word,weaken,3.209520545568818
103371,weakened,weaken,Word,weakened,2.920946369867057
103372,weakening,weaken,Word,weakening,2.9568774523179955
103373,weakens,weaken,Word,weakens,3.499098850213063
103382,weakness,weakness,Word,weakness,3.173284626867069
103383,weaknesses,weakness,Word,weaknesses,3.294735781786953
103388,wealth,wealth,Word,wealth,2.944187060537404
103392,wealthy,wealthy,Word,wealthy,2.9676941283032785
103398,weapon,weapon,Word,weapon,3.21872519992581
103402,weapons,weapon,Word,weapons,3.127231504724822
103407,wearied,weary,Word,wearied,3.1874418276646925
103410,weariest,weary,Lemma,weary,2.934324970469793
103414,weariness,weariness,Word,weariness,3.2016382762883633
103415,wearing,wear,Word,wearing,2.909488669721647
103420,weary,weary,Word,weary,2.934324970469793
103421,wearying,weary,Word,wearying,3.138810613852376
103423,weasel,weasel,Word,weasel,3.0598056730557097
103424,weasels,weasel,Lemma,weasel,3.0598056730557097
103425,weather,weather,Word,weather,3.1379464334686165
103432,weathered,weather,Word,weathered,3.1901067582887834
103436,weathering,weather,Word,weathering,3.280931761769467
103443,weathers,weather,Word,weathers,3.3669924244617704
103448,weave,weave,Word,weave,3.0563762913468593
103449,weaved,weave,Lemma,weave,3.0563762913468593
103453,weaves,weave,Word,weaves,3.410777449587659
103454,weaving,weave,Word,weaving,3.1819060733565165
103455,web,web,Word,web,2.6910505209908795
103474,webs,web,Lemma,web,2.6910505209908795
103485,wedding,wedding,Word,wedding,3.361821220600104
103486,weddings,wedding,Word,weddings,3.5919533969081954
103488,wedge,wedge,Word,wedge,3.4072244920571886
103489,wedged,wedge,Word,wedged,3.3530114471515446
103490,wedges,wedge,Lemma,wedge,3.4072244920571886
103492,wedging,wedge,Lemma,wedge,3.4072244920571886
103502,wee,wee,Word,wee,2.894713869524315
103503,weed,weed,Word,weed,3.1713663462686963
103505,weeded,weed,Word,weeded,3.4524769727017106
103510,weeding,weed,Lemma,weed,3.1713663462686963
103512,weeds,weed,Word,weeds,3.402817854157492
103514,weeing,wee,Lemma,wee,2.894713869524315
103515,week,week,Word,week,2.0850523349951624
103525,weeklies,weekly,Word,weeklies,3.8373033154094283
103527,weekly,weekly,Word,weekly,2.7311993069708023
103530,weeks,week,Word,weeks,2.451577623034957
103536,weep,weep,Word,weep,3.447749438547257
103540,weeping,weep,Word,weeping,3.1837454196681736
103541,weeps,weep,Lemma,weep,3.447749438547257
103543,wees,wee,Lemma,wee,2.894713869524315
103554,weigh,weigh,Word,weigh,3.0638235998210677
103558,weighed,weigh,Word,weighed,3.131727228843456
103559,weighing,weigh,Word,weighing,2.9417002500390446
103560,weighs,weigh,Word,weighs,3.5765345293237547
103573,weights,weight,Word,weights,3.2356994484145316
103581,weird,weird,Word,weird,2.6524373560846044
103600,welcome,welcome,Word,welcome,2.7230605580451828
103601,welcomed,welcome,Word,welcomed,2.720944578947637
103603,welcomes,welcome,Word,welcomes,3.184436376872533
103604,welcoming,welcome,Word,welcoming,2.687452316814118
103607,welded,weld,Word,welded,3.405923440219235
103614,welfare,welfare,Word,welfare,2.969641943560036
103675,went,go,Word,went,2.2672798991290883
103677,wept,weep,Word,wept,3.9415061644773273
103678,were,be,Word,were,2.218407407742264
103715,westerns,western,Lemma,western,2.481545172357218
103728,wet,wet,Word,wet,2.772974832585702
103736,wets,wet,Lemma,wet,2.772974832585702
103738,wetted,wet,Lemma,wet,2.772974832585702
103741,wetting,wet,Word,wetting,3.4839241707766035
103755,whale,whale,Word,whale,3.8439647995241057
103759,whaled,whale,Lemma,whale,3.8439647995241057
103762,whales,whale,Lemma,whale,3.8439647995241057
103763,whaling,whale,Word,whaling,4.86866018649182
103794,wheat,wheat,Word,wheat,3.585455272056355
103804,wheel,wheel,Word,wheel,2.978679110061787
103812,wheeled,wheel,Word,wheeled,2.831236295116534
103823,wheels,wheel,Word,wheels,2.9222304817324853
103860,whereabouts,whereabouts,Word,whereabouts,3.9109841274198853
103907,whim,whim,Word,whim,2.9270206361463154
103911,whimpering,whimper,Word,whimpering,3.2355386793218615
103913,whims,whim,Word,whims,3.744898649982522
103924,whine,whine,Word,whine,3.1407281861322556
103925,whined,whine,Word,whined,3.0314703357394617
103932,whining,whine,Word,whining,2.9349340449035153
103940,whip,whip,Word,whip,3.0403150240674655
103945,whipped,whip,Word,whipped,2.7747103943896274
103960,whips,whip,Word,whips,3.1860881383725324
103970,whirl,whirl,Word,whirl,2.9813576747002344
103971,whirled,whirl,Word,whirled,3.6611038539532874
103975,whirlpool,whirlpool,Word,whirlpool,3.485549269701671
103976,whirlpools,whirlpool,Lemma,whirlpool,3.485549269701671
103977,whirls,whirl,Lemma,whirl,2.9813576747002344
103978,whirlwind,whirlwind,Word,whirlwind,3.1369902178015234
103980,whirlwinds,whirlwind,Lemma,whirlwind,3.1369902178015234
103991,whisked,whisk,Word,whisked,3.486651629505689
103995,whiskers,whisker,Word,whiskers,3.48790980587618
104002,whisper,whisper,Word,whisper,3.0332531393095823
104003,whispered,whisper,Word,whispered,3.122475915888591
104006,whispering,whisper,Word,whispering,3.010895435335638
104009,whispers,whisper,Word,whispers,2.9590222862016033
104012,whistle,whistle,Word,whistle,3.3316962118000295
104014,whistled,whistle,Word,whistled,3.9445813181782508
104016,whistles,whistle,Lemma,whistle,3.3316962118000295
104017,whistling,whistle,Word,whistling,3.1730147235120034
104020,white,white,Word,white,2.3527935612928297
104114,whole,whole,Word,whole,2.13127978736752
104121,wholes,whole,Word,wholes,5.391148873222499
104122,wholesale,wholesale,Word,wholesale,2.7258238367918994
104125,wholesome,wholesome,Word,wholesome,3.083876476384717
104184,wicked,wicked,Word,wicked,2.584303441158471
104200,wide,wide,Word,wide,2.4850770207412154
104203,widen,widen,Word,widen,3.00532373649575
104204,widened,widen,Word,widened,3.2119149032450567
104208,widening,widen,Lemma,widen,3.00532373649575
104209,widens,widen,Word,widens,4.031595778588762
104211,wides,wide,Lemma,wide,2.4850770207412154
104213,widespread,widespread,Word,widespread,2.68108295024309
104218,widow,widow,Word,widow,3.1602020424653814
104219,widowed,widow,Word,widowed,3.4902657874241387
104223,widows,widow,Word,widows,3.3431254501711276
104225,width,width,Word,width,3.682953564132656
104226,widths,width,Word,widths,4.380259810121985
104243,wife,wife,Word,wife,2.6932596350123186
104254,wig,wig,Word,wig,3.2951649705060495
104255,wigged,wig,Lemma,wig,3.2951649705060495
104257,wigging,wig,Lemma,wig,3.2951649705060495
104271,wigs,wig,Lemma,wig,3.2951649705060495
104282,wild,wild,Word,wild,2.665004050229854
104296,wilderness,wilderness,Word,wilderness,3.177341040017215
104297,wildernesses,wilderness,Lemma,wilderness,3.177341040017215
104311,wilds,wild,Lemma,wild,2.665004050229854
104331,will,will,Word,will,2.037381925242613
104337,willed,will,Word,willed,3.2444849832060934
104353,willing,willing,Word,willing,2.630812516420407
104356,willingness,willingness,Word,willingness,3.0939813379679015
104357,WILLINGS,willing,Lemma,willing,2.630812516420407
104368,wills,will,Word,wills,3.5225736742131644
104377,wilt,wilt,Word,wilt,3.715065767778017
104378,wilted,wilt,Word,wilted,3.4609360208392785
104379,wilting,wilt,Lemma,wilt,3.715065767778017
104383,wilts,wilt,Lemma,wilt,3.715065767778017
104393,win,win,Word,win,2.7169331754808317
104395,winced,wince,Word,winced,3.4253870386538607
104409,wind,wind,Word,wind,2.849343861607228
104420,winded,wind,Word,winded,3.067310984373663
104436,winding,wind,Word,winding,2.714980359001454
104443,windmill,windmill,Word,windmill,3.2865916561012307
104444,windmills,windmill,Lemma,windmill,3.2865916561012307
104445,window,window,Word,window,2.8392212593815893
104449,windows,window,Word,windows,3.278337207431248
104457,winds,wind,Word,winds,3.6205898008919166
104476,windy,windy,Word,windy,3.283735070268916
104477,wine,wine,Word,wine,3.263499036986906
104482,wined,wine,Lemma,wine,3.263499036986906
104494,wines,wine,Word,wines,4.081845250188083
104500,wing,wing,Word,wing,2.9711078630515173
104503,winged,wing,Word,winged,2.9946346222155364
104506,winging,wing,Word,winging,2.9963852211141844
104511,wings,wing,Word,wings,2.9733928131190472
104518,wink,wink,Word,wink,3.143233160666271
104519,winked,wink,Word,winked,3.456664637869251
104522,winking,wink,Word,winking,3.063885858798748
104525,winks,wink,Lemma,wink,3.143233160666271
104528,winner,winner,Word,winner,2.741097731908888
104529,winners,winner,Word,winners,2.9726404082182745
104531,winning,win,Word,winning,2.4504552818378613
104544,wins,win,Word,wins,3.123939445687397
104553,winter,winter,Word,winter,2.6618654423619468
104556,wintered,winter,Word,wintered,3.9529365403716072
104561,wintering,winter,Word,wintering,3.77009100941962
104568,winters,winter,Word,winters,3.557915577987612
104579,wipe,wipe,Word,wipe,3.276600555061184
104580,wiped,wipe,Word,wiped,3.484211198804422
104584,wipes,wipe,Lemma,wipe,3.276600555061184
104585,wiping,wipe,Word,wiping,3.298490854376007
104586,wire,wire,Word,wire,2.992746343846936
104588,wired,wire,Word,wired,2.853227286584495
104601,wires,wire,Word,wires,3.264306414833568
104615,wiring,wiring,Word,wiring,3.209960696816613
104621,wisdom,wisdom,Word,wisdom,3.0392446211683515
104622,wise,wise,Word,wise,2.40765967050613
104638,wish,wish,Word,wish,2.421393636032551
104642,wished,wish,Word,wished,2.5668799758832677
104644,wishes,wish,Word,wishes,2.8396004052118706
104647,wishing,wish,Word,wishing,2.5786052745197483
104664,wit,wit,Word,wit,2.9528630403304477
104666,witch,witch,Word,witch,3.4735144956101722
104670,witched,witch,Lemma,witch,3.4735144956101722
104672,witches,witch,Word,witches,3.6655428610959246
104680,withdraw,withdraw,Word,withdraw,3.1266148675932786
104681,withdrawal,withdrawal,Word,withdrawal,3.2258884596593407
104682,withdrawals,withdrawal,Lemma,withdrawal,3.2258884596593407
104684,withdrawing,withdraw,Word,withdrawing,3.1029310390063465
104685,withdrawn,withdraw,Word,withdrawn,2.809963979429585
104687,withdraws,withdraw,Lemma,withdraw,3.1266148675932786
104688,withdrew,withdraw,Word,withdrew,3.5129420831009845
104691,withered,wither,Word,withered,3.0849821914864886
104697,withheld,withhold,Word,withheld,3.1898200716508764
104698,withhold,withhold,Word,withhold,3.1654390202908442
104700,withholding,withhold,Word,withholding,2.997548383803218
104701,withholds,withhold,Lemma,withhold,3.1654390202908442
104707,withstand,withstand,Word,withstand,3.5626608136430393
104709,withstanding,withstand,Lemma,withstand,3.5626608136430393
104710,withstands,withstand,Word,withstands,4.002296099416408
104711,withstood,withstand,Word,withstood,3.5582451546536777
104717,witness,witness,Word,witness,2.850897630352572
104718,witnessed,witness,Word,witnessed,2.8191864032535277
104719,witnesses,witness,Word,witnesses,3.2034050128523566
104720,witnessing,witness,Word,witnessing,2.764604151210975
104722,wits,wit,Word,wits,3.5316081889061786
104724,witted,wit,Lemma,wit,2.9528630403304477
104732,witting,wit,Lemma,wit,2.9528630403304477
104735,witty,witty,Word,witty,3.036827737788518
104738,wives,wife,Word,wives,2.9069730786561534
104740,wizard,wizard,Word,wizard,3.0456617645348247
104743,wizards,wizard,Lemma,wizard,3.0456617645348247
104748,wo,will,Lemma,will,2.037381925242613
104777,woke,wake,Word,woke,3.677717390987103
104778,woken,wake,Lemma,wake,2.587269536776274
104784,wolf,wolf,Word,wolf,3.771525817828624
104788,wolfed,wolf,Lemma,wolf,3.771525817828624
104795,wolfing,wolf,Lemma,wolf,3.771525817828624
104801,wolfs,wolf,Lemma,wolf,3.771525817828624
104810,wolves,wolf,Word,wolves,4.034116991755125
104811,woman,woman,Word,woman,2.655624001253007
104829,womb,womb,Word,womb,3.7368126573187377
104832,wombs,womb,Lemma,womb,3.7368126573187377
104833,women,woman,Word,women,2.5583622599794134
104836,won,win,Word,won,2.7555040344043493
104838,wonder,wonder,Word,wonder,2.566286570806048
104839,wondered,wonder,Word,wondered,2.819603813105146
104844,wondering,wonder,Word,wondering,2.7613408200429337
104849,wonders,wonder,Word,wonders,2.4704153950788315
104851,wondrous,wondrous,Word,wondrous,2.776528245830182
104859,wont,wont,Word,wont,2.377170100307067
104860,wonted,wont,Lemma,wont,2.377170100307067
104866,wood,wood,Word,wood,3.0760041846643444
104891,wooden,wooden,Word,wooden,2.9596143366426952
104906,woodlands,woodland,Lemma,woodland,3.4284755882370312
104914,woodpecker,woodpecker,Word,woodpecker,4.088336288991543
104915,woodpeckers,woodpecker,Lemma,woodpecker,4.088336288991543
104922,woods,wood,Word,woods,3.1740440642472114
104952,wool,wool,Word,wool,3.420835235115904
104970,wools,wool,Lemma,wool,3.420835235115904
104989,word,word,Word,word,2.699077393171452
104993,worded,word,Word,worded,3.5343630237849464
105004,words,word,Word,words,2.631890322690053
105008,wore,wear,Word,wore,3.3140063375135593
105009,work,work,Word,work,1.9164079447184983
105029,worked,work,Word,worked,2.619644121929979
105030,worker,worker,Word,worker,3.1539506570508107
105032,workers,worker,Word,workers,2.783802961793009
105045,working,work,Word,working,2.1933884218711195
105057,workmen,workman,Word,workmen,3.1906201039174964
105065,works,work,Word,works,2.096515388949775
105067,workshop,workshop,Word,workshop,3.1181555693194047
105068,workshops,workshop,Word,workshops,3.12728479048908
105080,world,world,Word,world,2.2808153004160254
105086,worldly,worldly,Word,worldly,2.887818684989553
105087,worlds,world,Word,worlds,2.845440373903901
105091,worm,worm,Word,worm,3.5634515263169746
105092,wormed,worm,Lemma,worm,3.5634515263169746
105098,worming,worm,Lemma,worm,3.5634515263169746
105101,worms,worm,Word,worms,3.1959454143807773
105109,worried,worry,Word,worried,2.744369015851512
105112,worries,worry,Word,worries,2.9802105887341703
105117,worry,worry,Word,worry,2.6606665439028907
105119,worrying,worry,Word,worrying,2.651024492571744
105128,worship,worship,Word,worship,3.3570385292400218
105129,worshiped,worship,Word,worshiped,3.3139275365356005
105134,worshiping,worship,Word,worshiping,3.0381636091267605
105135,worshipped,worship,Lemma,worship,3.3570385292400218
105138,worshipping,worship,Lemma,worship,3.3570385292400218
105139,worships,worship,Lemma,worship,3.3570385292400218
105145,worth,worth,Word,worth,2.465173596841055
105147,worthies,worthy,Lemma,worthy,2.662798503474166
105151,worthless,worthless,Word,worthless,3.1480896791597393
105154,worthwhile,worthwhile,Word,worthwhile,2.643789330166745
105155,worthy,worthy,Word,worthy,2.662798503474166
105163,wound,wound,Word,wound,2.76516043270318
105165,wounded,wound,Word,wounded,3.8421358399546945
105166,wounding,wound,Word,wounding,4.89057381924585
105169,wounds,wound,Word,wounds,3.741178877697521
105171,wove,weave,Word,wove,3.5381275347318986
105172,woven,weave,Word,woven,3.2266665450407963
105191,wrap,wrap,Word,wrap,2.812418606620469
105193,wrapped,wrap,Word,wrapped,2.884400682785124
105194,wrapper,wrapper,Word,wrapper,3.2726230082183214
105195,wrappers,wrapper,Word,wrappers,3.3982643936515626
105197,wrapping,wrap,Word,wrapping,2.78150526245717
105199,wraps,wrap,Word,wraps,3.129954959629939
105201,wrath,wrath,Word,wrath,3.659570570395299
105210,wreath,wreath,Word,wreath,3.977971478036537
105218,wreaths,wreath,Word,wreaths,3.9508748252361854
105219,wreck,wreck,Word,wreck,3.273073591371783
105220,wreckage,wreckage,Word,wreckage,3.79677125289753
105221,wrecked,wreck,Word,wrecked,2.9131998158777415
105225,wrecking,wreck,Word,wrecking,3.0424388758838967
105226,wrecks,wreck,Lemma,wreck,3.273073591371783
105228,wrench,wrench,Word,wrench,3.1262340381686378
105229,wrenched,wrench,Word,wrenched,3.035318421963115
105230,wrenches,wrench,Word,wrenches,3.63515367802889
105238,wrestle,wrestle,Word,wrestle,3.215131765704206
105239,wrestled,wrestle,Lemma,wrestle,3.215131765704206
105243,wrestles,wrestle,Word,wrestles,3.4511006347367177
105244,wrestling,wrestle,Word,wrestling,3.2438077297238697
105248,wretched,wretch,Word,wretched,2.666674770278997
105265,wring,wring,Word,wring,3.4997794171368772
105268,wringing,wring,Lemma,wring,3.4997794171368772
105269,wrings,wring,Word,wrings,4.020916228064199
105270,wrinkle,wrinkle,Word,wrinkle,3.2445336756945045
105271,wrinkled,wrinkle,Word,wrinkled,3.3524476010253674
105273,wrinkles,wrinkle,Word,wrinkles,3.8908601003471484
105278,wrist,wrist,Word,wrist,3.5483490229420447
105281,wristed,wrist,Lemma,wrist,3.5483490229420447
105287,wrists,wrist,Word,wrists,3.642071458897033
105293,write,write,Word,write,2.670339961412689
105297,writers,writer,Word,writers,3.1480713254874586
105298,writes,write,Word,writes,2.6554954557388135
105306,writing,write,Word,writing,2.4541091760050926
105309,written,write,Word,written,2.3668400169840687
105310,wrong,wrong,Word,wrong,2.5686721796761582
105315,wronged,wrong,Word,wronged,3.277119972321681
105322,wronging,wrong,Lemma,wrong,2.5686721796761582
105325,wrongs,wrong,Word,wrongs,3.501757300074057
105326,wrote,write,Word,wrote,2.4666283860291
105328,wrought,work,Word,wrought,2.9637455860442143
105329,wrung,wring,Lemma,wring,3.4997794171368772
105404,yacht,yacht,Word,yacht,3.8634782187631522
105405,yachted,yacht,Lemma,yacht,3.8634782187631522
105411,yachts,yacht,Word,yachts,3.721489474593954
105444,yanked,yank,Word,yanked,3.1148675986359495
105450,yanking,yank,Word,yanking,3.2363690470321327
105461,yard,yard,Word,yard,3.512813235717357
105469,yards,yard,Word,yards,3.7480091643879834
105475,yarn,yarn,Word,yarn,3.280288820632889
105476,yarned,yarn,Lemma,yarn,3.280288820632889
105477,yarning,yarn,Lemma,yarn,3.280288820632889
105478,yarns,yarn,Word,yarns,3.4308880326266293
105493,yawning,yawn,Word,yawning,3.0506113637960044
105506,year,year,Word,year,1.950328318478005
105508,yearbook,yearbook,Word,yearbook,3.8352976806455756
105509,yearbooks,yearbook,Lemma,yearbook,3.8352976806455756
105521,years,year,Word,years,2.276362040868465
105523,yeast,yeast,Word,yeast,3.671435591079916
105529,yeasts,yeast,Word,yeasts,4.147541108813611
105535,yell,yell,Word,yell,3.358705774041873
105536,yelled,yell,Word,yelled,3.7753281622535484
105540,yelling,yell,Word,yelling,4.293526053967833
105541,yellow,yellow,Word,yellow,2.802345075870514
105547,yellowest,yellow,Lemma,yellow,2.802345075870514
105549,yellowing,yellow,Word,yellowing,3.8533881122467055
105554,yellows,yellow,Lemma,yellow,2.802345075870514
105560,yells,yell,Lemma,yell,3.358705774041873
105570,yen,yen,Word,yen,4.352861400854536
105572,yenned,yen,Lemma,yen,4.352861400854536
105573,yenning,yen,Lemma,yen,4.352861400854536
105574,yens,yen,Lemma,yen,4.352861400854536
105586,yesterday,yesterday,Word,yesterday,1.962913637631536
105588,yesterdays,yesterday,Lemma,yesterday,1.962913637631536
105601,yield,yield,Word,yield,3.3222647657175304
105603,yielded,yield,Word,yielded,3.027628732528428
105605,yielding,yield,Word,yielding,3.0008558031812433
105608,yields,yield,Word,yields,3.5225113931358925
105685,young,young,Word,young,2.135485382412403
105693,youngster,youngster,Word,youngster,2.686634760956626
105695,youngsters,youngster,Word,youngsters,2.7397757036996224
105703,youth,youth,Word,youth,2.54817826853896
105704,youthful,youthful,Word,youthful,2.6986724642391535
105707,youths,youth,Word,youths,2.940433506919572
105787,zeal,zeal,Word,zeal,2.889897409835301
105832,zest,zest,Word,zest,3.1324712168609063
105864,zinc,zinc,Word,zinc,3.6414004322916576
105866,zincing,zinc,Lemma,zinc,3.6414004322916576
105886,zip,zip,Word,zip,2.7932394008439907
105888,zipped,zip,Word,zipped,3.0481805974987055
105894,zipping,zip,Lemma,zip,2.7932394008439907
105896,zips,zip,Lemma,zip,2.7932394008439907
105919,zone,zone,Word,zone,3.1162181081670464
105920,zoned,zone,Word,zoned,4.08839456286863
105921,zones,zone,Word,zones,3.105410877930928
105922,zoning,zone,Word,zoning,3.8257775612500375
105945,zoology,zoology,Word,zoology,3.6764794005958725
