label,factor,feature,comparison,tent_lag_s,pearson_r,spearman_rho,n_participant_runs
21styear,F1_n8,peak_amplitude,collapsed_factor_vs_matching_FIR_feature,,-0.011389483579092552,-0.028164954626372873,10
21styear,F1_n8,peak_amplitude,collapsed_factor_vs_raw_feature,,-0.04370424057499104,-0.03381472906849691,10
21styear,F1_n8,peak_amplitude,individual_TENT_column_vs_raw_feature,1.5,-0.019158071272805072,-0.03934958140982331,10
21styear,F1_n8,peak_amplitude,individual_TENT_column_vs_raw_feature,3.0,-0.009005077001870926,-0.00492805751297468,10
21styear,F1_n8,peak_amplitude,individual_TENT_column_vs_raw_feature,4.5,-0.036770464619261166,-0.03627233490662461,10
21styear,F1_n8,peak_amplitude,individual_TENT_column_vs_raw_feature,6.0,-0.028257572050264253,-0.018949059187007313,10
21styear,F1_n8,peak_amplitude,individual_TENT_column_vs_raw_feature,7.5,-0.040213262898542754,-0.02929942908960621,10
21styear,F1_n8,rms,collapsed_factor_vs_matching_FIR_feature,,0.005798918744711344,-0.003770363519983465,10
21styear,F1_n8,rms,collapsed_factor_vs_raw_feature,,-0.045529787507597515,-0.03563309806162423,10
21styear,F1_n8,rms,individual_TENT_column_vs_raw_feature,1.5,-0.016150461762276514,-0.03569569084844764,10
21styear,F1_n8,rms,individual_TENT_column_vs_raw_feature,3.0,-0.007487151859410802,-0.002970632599463565,10
21styear,F1_n8,rms,individual_TENT_column_vs_raw_feature,4.5,-0.03571869285796159,-0.035718419632036376,10
21styear,F1_n8,rms,individual_TENT_column_vs_raw_feature,6.0,-0.037107191890155884,-0.030388438104538056,10
21styear,F1_n8,rms,individual_TENT_column_vs_raw_feature,7.5,-0.04096884347171125,-0.031047269018651534,10
21styear,F1_n8,rms_dbfs,collapsed_factor_vs_matching_FIR_feature,,-0.023567212620561218,-0.04572589816891505,10
21styear,F1_n8,rms_dbfs,collapsed_factor_vs_raw_feature,,-0.06328876413151886,-0.04211972796280135,10
21styear,F1_n8,rms_dbfs,individual_TENT_column_vs_raw_feature,1.5,-0.01525720000452381,-0.024882692655989472,10
21styear,F1_n8,rms_dbfs,individual_TENT_column_vs_raw_feature,3.0,-0.024914702700729,-0.0012071953193261947,10
21styear,F1_n8,rms_dbfs,individual_TENT_column_vs_raw_feature,4.5,-0.048175053683172014,-0.033604195782309804,10
21styear,F1_n8,rms_dbfs,individual_TENT_column_vs_raw_feature,6.0,-0.053323590507801534,-0.03458364561677641,10
21styear,F1_n8,rms_dbfs,individual_TENT_column_vs_raw_feature,7.5,-0.04248650695898463,-0.033167936082659555,10
21styear,F1_n8,spectral_bandwidth_hz,collapsed_factor_vs_matching_FIR_feature,,-0.013090598571726555,-0.022908553766967463,10
21styear,F1_n8,spectral_bandwidth_hz,collapsed_factor_vs_raw_feature,,0.04648703949965907,0.03025445246365609,10
21styear,F1_n8,spectral_bandwidth_hz,individual_TENT_column_vs_raw_feature,1.5,-0.00018658335216515922,0.00448678239821017,10
21styear,F1_n8,spectral_bandwidth_hz,individual_TENT_column_vs_raw_feature,3.0,0.020336809496118373,-0.002997795732721435,10
21styear,F1_n8,spectral_bandwidth_hz,individual_TENT_column_vs_raw_feature,4.5,0.0345206867329349,0.018958828142727143,10
21styear,F1_n8,spectral_bandwidth_hz,individual_TENT_column_vs_raw_feature,6.0,0.043227779529404535,0.020442928820622083,10
21styear,F1_n8,spectral_bandwidth_hz,individual_TENT_column_vs_raw_feature,7.5,0.034697338417369765,0.029515623318343242,10
21styear,F1_n8,spectral_centroid_hz,collapsed_factor_vs_matching_FIR_feature,,-0.03333020354980289,-0.1110259513252945,10
21styear,F1_n8,spectral_centroid_hz,collapsed_factor_vs_raw_feature,,0.04709169579182963,0.01628383151258265,10
21styear,F1_n8,spectral_centroid_hz,individual_TENT_column_vs_raw_feature,1.5,-0.005448369002434134,-0.002440649339360225,10
21styear,F1_n8,spectral_centroid_hz,individual_TENT_column_vs_raw_feature,3.0,0.023048029102448853,0.004230338666754904,10
21styear,F1_n8,spectral_centroid_hz,individual_TENT_column_vs_raw_feature,4.5,0.03227752782773255,0.009005131877890043,10
21styear,F1_n8,spectral_centroid_hz,individual_TENT_column_vs_raw_feature,6.0,0.04440313528391843,0.011273991900217594,10
21styear,F1_n8,spectral_centroid_hz,individual_TENT_column_vs_raw_feature,7.5,0.039734308897737255,0.02088543316053042,10
21styear,F1_n8,spectral_flatness,collapsed_factor_vs_matching_FIR_feature,,-0.003654342475184874,0.0031176132219648094,10
21styear,F1_n8,spectral_flatness,collapsed_factor_vs_raw_feature,,0.057253446914883474,0.03452634010902433,10
21styear,F1_n8,spectral_flatness,individual_TENT_column_vs_raw_feature,1.5,0.0017767263396919835,0.0007569559091378931,10
21styear,F1_n8,spectral_flatness,individual_TENT_column_vs_raw_feature,3.0,0.02752663016785113,0.0033462972076164716,10
21styear,F1_n8,spectral_flatness,individual_TENT_column_vs_raw_feature,4.5,0.04205876142647979,0.027124337826592414,10
21styear,F1_n8,spectral_flatness,individual_TENT_column_vs_raw_feature,6.0,0.0498979216577523,0.02617499626474707,10
21styear,F1_n8,spectral_flatness,individual_TENT_column_vs_raw_feature,7.5,0.042695585802701795,0.03860515410907553,10
21styear,F1_n8,spectral_flux,collapsed_factor_vs_matching_FIR_feature,,0.07284302493872599,0.10599643218558144,10
21styear,F1_n8,spectral_flux,collapsed_factor_vs_raw_feature,,-0.03175075898958659,-0.005502975923760237,10
21styear,F1_n8,spectral_flux,individual_TENT_column_vs_raw_feature,1.5,0.017736519750396265,0.00457088713896565,10
21styear,F1_n8,spectral_flux,individual_TENT_column_vs_raw_feature,3.0,-0.007663163437313873,0.0016914512573278219,10
21styear,F1_n8,spectral_flux,individual_TENT_column_vs_raw_feature,4.5,-0.025919045997949745,-0.0039306409263590155,10
21styear,F1_n8,spectral_flux,individual_TENT_column_vs_raw_feature,6.0,-0.03153756372694875,-0.01934401406670802,10
21styear,F1_n8,spectral_flux,individual_TENT_column_vs_raw_feature,7.5,-0.04356074997844961,-0.01791923823999093,10
21styear,F1_n8,spectral_rolloff_85_hz,collapsed_factor_vs_matching_FIR_feature,,-0.030076142435021446,-0.09210910964911694,10
21styear,F1_n8,spectral_rolloff_85_hz,collapsed_factor_vs_raw_feature,,0.047357886085339744,0.019958755663566155,10
21styear,F1_n8,spectral_rolloff_85_hz,individual_TENT_column_vs_raw_feature,1.5,-0.005147597899908523,-0.003620355924283198,10
21styear,F1_n8,spectral_rolloff_85_hz,individual_TENT_column_vs_raw_feature,3.0,0.0228610731140155,0.0002062536786620297,10
21styear,F1_n8,spectral_rolloff_85_hz,individual_TENT_column_vs_raw_feature,4.5,0.03288010225787109,0.010493522989138127,10
21styear,F1_n8,spectral_rolloff_85_hz,individual_TENT_column_vs_raw_feature,6.0,0.044505704069327134,0.013271913333589869,10
21styear,F1_n8,spectral_rolloff_85_hz,individual_TENT_column_vs_raw_feature,7.5,0.03970230332432243,0.024721670695680324,10
21styear,F1_n8,word_count_per_tr,collapsed_factor_vs_matching_FIR_feature,,0.12700553311841706,0.16159216425388234,10
21styear,F1_n8,word_count_per_tr,collapsed_factor_vs_raw_feature,,-0.01747292580528575,-0.013785277776102367,10
21styear,F1_n8,word_count_per_tr,individual_TENT_column_vs_raw_feature,1.5,0.002471765530222556,-0.0067074593028192036,10
21styear,F1_n8,word_count_per_tr,individual_TENT_column_vs_raw_feature,3.0,-0.0015247818987311032,0.001864372668037685,10
21styear,F1_n8,word_count_per_tr,individual_TENT_column_vs_raw_feature,4.5,-0.009633474877702698,-0.0005375130206605841,10
21styear,F1_n8,word_count_per_tr,individual_TENT_column_vs_raw_feature,6.0,-0.026280913428690177,-0.021250123861053415,10
21styear,F1_n8,word_count_per_tr,individual_TENT_column_vs_raw_feature,7.5,-0.014548163322563862,-0.009112873629963684,10
21styear,F1_n8,zero_crossing_rate,collapsed_factor_vs_matching_FIR_feature,,-0.03664622673957623,-0.10400688434507246,10
21styear,F1_n8,zero_crossing_rate,collapsed_factor_vs_raw_feature,,0.044013030174403577,0.01720768855611199,10
21styear,F1_n8,zero_crossing_rate,individual_TENT_column_vs_raw_feature,1.5,-0.00645245589816911,-0.0009526432680637498,10
21styear,F1_n8,zero_crossing_rate,individual_TENT_column_vs_raw_feature,3.0,0.02024779079415155,-0.0005699512248228566,10
21styear,F1_n8,zero_crossing_rate,individual_TENT_column_vs_raw_feature,4.5,0.030498057304130844,0.009176761670346804,10
21styear,F1_n8,zero_crossing_rate,individual_TENT_column_vs_raw_feature,6.0,0.042788608323140576,0.013576064236885729,10
21styear,F1_n8,zero_crossing_rate,individual_TENT_column_vs_raw_feature,7.5,0.03798773512815032,0.023054528034899137,10
21styear,F2_n8,peak_amplitude,collapsed_factor_vs_matching_FIR_feature,,0.04381034971965739,0.062235025750049675,10
21styear,F2_n8,peak_amplitude,collapsed_factor_vs_raw_feature,,0.05594781538159009,0.05529440131038534,10
21styear,F2_n8,peak_amplitude,individual_TENT_column_vs_raw_feature,1.5,-0.004811025142816137,0.004337957384811656,10
21styear,F2_n8,peak_amplitude,individual_TENT_column_vs_raw_feature,3.0,0.016125068101386437,0.006478901620149513,10
21styear,F2_n8,peak_amplitude,individual_TENT_column_vs_raw_feature,4.5,0.058816330462890296,0.05193090795332409,10
21styear,F2_n8,peak_amplitude,individual_TENT_column_vs_raw_feature,6.0,0.048952664628536584,0.03669891481485381,10
21styear,F2_n8,peak_amplitude,individual_TENT_column_vs_raw_feature,7.5,0.029266290607032276,0.02378104172812608,10
21styear,F2_n8,rms,collapsed_factor_vs_matching_FIR_feature,,0.04487165655490637,0.062097483540580166,10
21styear,F2_n8,rms,collapsed_factor_vs_raw_feature,,0.05664599037622396,0.059172036035179044,10
21styear,F2_n8,rms,individual_TENT_column_vs_raw_feature,1.5,-0.00820875895215638,0.0011367620702658798,10
21styear,F2_n8,rms,individual_TENT_column_vs_raw_feature,3.0,0.015562757671310915,0.009192645759854585,10
21styear,F2_n8,rms,individual_TENT_column_vs_raw_feature,4.5,0.06091509629775543,0.05717628922888278,10
21styear,F2_n8,rms,individual_TENT_column_vs_raw_feature,6.0,0.05186391414464755,0.04232597905029701,10
21styear,F2_n8,rms,individual_TENT_column_vs_raw_feature,7.5,0.028833796587695713,0.02149604370813226,10
21styear,F2_n8,rms_dbfs,collapsed_factor_vs_matching_FIR_feature,,0.035503863004938345,0.06965357028030468,10
21styear,F2_n8,rms_dbfs,collapsed_factor_vs_raw_feature,,0.06489082330002767,0.03742089829344416,10
21styear,F2_n8,rms_dbfs,individual_TENT_column_vs_raw_feature,1.5,-0.006233717162917693,-0.010707821712869128,10
21styear,F2_n8,rms_dbfs,individual_TENT_column_vs_raw_feature,3.0,0.01145995823010208,-0.00702061022959647,10
21styear,F2_n8,rms_dbfs,individual_TENT_column_vs_raw_feature,4.5,0.06394549495000011,0.04635802784354336,10
21styear,F2_n8,rms_dbfs,individual_TENT_column_vs_raw_feature,6.0,0.07318236086168883,0.0497410801977958,10
21styear,F2_n8,rms_dbfs,individual_TENT_column_vs_raw_feature,7.5,0.02765974553834665,0.013895438431478174,10
21styear,F2_n8,spectral_bandwidth_hz,collapsed_factor_vs_matching_FIR_feature,,-0.018089144841345786,-0.044639614662490446,10
21styear,F2_n8,spectral_bandwidth_hz,collapsed_factor_vs_raw_feature,,-0.0620897318996161,-0.04136977098422315,10
21styear,F2_n8,spectral_bandwidth_hz,individual_TENT_column_vs_raw_feature,1.5,0.010775688084837306,0.008715695148275053,10
21styear,F2_n8,spectral_bandwidth_hz,individual_TENT_column_vs_raw_feature,3.0,-0.021298579451420052,-0.014283868391248278,10
21styear,F2_n8,spectral_bandwidth_hz,individual_TENT_column_vs_raw_feature,4.5,-0.06488636790161181,-0.04465692547877773,10
21styear,F2_n8,spectral_bandwidth_hz,individual_TENT_column_vs_raw_feature,6.0,-0.0670762497407979,-0.038253061304182934,10
21styear,F2_n8,spectral_bandwidth_hz,individual_TENT_column_vs_raw_feature,7.5,-0.015524171798106053,-0.01017660701350675,10
21styear,F2_n8,spectral_centroid_hz,collapsed_factor_vs_matching_FIR_feature,,-0.0016816388021885433,0.0010595236726255155,10
21styear,F2_n8,spectral_centroid_hz,collapsed_factor_vs_raw_feature,,-0.06522516894925516,-0.033993914004348834,10
21styear,F2_n8,spectral_centroid_hz,individual_TENT_column_vs_raw_feature,1.5,0.008769226575723897,0.012749894670712077,10
21styear,F2_n8,spectral_centroid_hz,individual_TENT_column_vs_raw_feature,3.0,-0.025819173113512443,-0.022905863062113174,10
21styear,F2_n8,spectral_centroid_hz,individual_TENT_column_vs_raw_feature,4.5,-0.0605433185526819,-0.036245875491324804,10
21styear,F2_n8,spectral_centroid_hz,individual_TENT_column_vs_raw_feature,6.0,-0.06588876760898028,-0.011308910417482573,10
21styear,F2_n8,spectral_centroid_hz,individual_TENT_column_vs_raw_feature,7.5,-0.026180745205107537,-0.006778197899498054,10
21styear,F2_n8,spectral_flatness,collapsed_factor_vs_matching_FIR_feature,,-0.013771493155161633,-0.04894173856871303,10
21styear,F2_n8,spectral_flatness,collapsed_factor_vs_raw_feature,,-0.06743974545577078,-0.034053542599374605,10
21styear,F2_n8,spectral_flatness,individual_TENT_column_vs_raw_feature,1.5,0.006674770169587266,0.014803020743716536,10
21styear,F2_n8,spectral_flatness,individual_TENT_column_vs_raw_feature,3.0,-0.02156754118227601,-0.002726084200710639,10
21styear,F2_n8,spectral_flatness,individual_TENT_column_vs_raw_feature,4.5,-0.06201651772811247,-0.04675831723539373,10
21styear,F2_n8,spectral_flatness,individual_TENT_column_vs_raw_feature,6.0,-0.07139503804302055,-0.04031262068541719,10
21styear,F2_n8,spectral_flatness,individual_TENT_column_vs_raw_feature,7.5,-0.02815454478628157,-0.011858355211153764,10
21styear,F2_n8,spectral_flux,collapsed_factor_vs_matching_FIR_feature,,-0.03762539675383012,-0.03860207225405866,10
21styear,F2_n8,spectral_flux,collapsed_factor_vs_raw_feature,,0.020430205870783945,0.002258257391546238,10
21styear,F2_n8,spectral_flux,individual_TENT_column_vs_raw_feature,1.5,-0.020112825211140477,-0.02213707808588344,10
21styear,F2_n8,spectral_flux,individual_TENT_column_vs_raw_feature,3.0,-0.009532966538783223,-0.02370992356825097,10
21styear,F2_n8,spectral_flux,individual_TENT_column_vs_raw_feature,4.5,0.02300075591149749,-0.0010612536911321635,10
21styear,F2_n8,spectral_flux,individual_TENT_column_vs_raw_feature,6.0,0.038397534233565914,-0.006862890155368473,10
21styear,F2_n8,spectral_flux,individual_TENT_column_vs_raw_feature,7.5,0.01953687533346013,0.0029846823004690292,10
21styear,F2_n8,spectral_rolloff_85_hz,collapsed_factor_vs_matching_FIR_feature,,-0.005649513572173379,-0.013547803790494504,10
21styear,F2_n8,spectral_rolloff_85_hz,collapsed_factor_vs_raw_feature,,-0.06527491602393035,-0.035975943250298924,10
21styear,F2_n8,spectral_rolloff_85_hz,individual_TENT_column_vs_raw_feature,1.5,0.0094027587973308,0.010852989946005883,10
21styear,F2_n8,spectral_rolloff_85_hz,individual_TENT_column_vs_raw_feature,3.0,-0.02570558511137888,-0.021366698288157036,10
21styear,F2_n8,spectral_rolloff_85_hz,individual_TENT_column_vs_raw_feature,4.5,-0.06252688497908183,-0.037953744389614706,10
21styear,F2_n8,spectral_rolloff_85_hz,individual_TENT_column_vs_raw_feature,6.0,-0.06625905693347722,-0.015991930599949637,10
21styear,F2_n8,spectral_rolloff_85_hz,individual_TENT_column_vs_raw_feature,7.5,-0.023811440552760903,-0.0077657313544368025,10
21styear,F2_n8,word_count_per_tr,collapsed_factor_vs_matching_FIR_feature,,-0.15288179446455397,-0.19073685497175727,10
21styear,F2_n8,word_count_per_tr,collapsed_factor_vs_raw_feature,,0.013369252889491487,0.004713985972237215,10
21styear,F2_n8,word_count_per_tr,individual_TENT_column_vs_raw_feature,1.5,-0.02799995404325703,-0.025186698844361692,10
21styear,F2_n8,word_count_per_tr,individual_TENT_column_vs_raw_feature,3.0,-0.024142611855297855,-0.030778125165690506,10
21styear,F2_n8,word_count_per_tr,individual_TENT_column_vs_raw_feature,4.5,0.031981509244643394,0.017296640510904984,10
21styear,F2_n8,word_count_per_tr,individual_TENT_column_vs_raw_feature,6.0,0.037274599290233086,0.016730627913512944,10
21styear,F2_n8,word_count_per_tr,individual_TENT_column_vs_raw_feature,7.5,0.011686252734395584,0.00298134444057683,10
21styear,F2_n8,zero_crossing_rate,collapsed_factor_vs_matching_FIR_feature,,-0.002919523137985382,-0.0067172650714994965,10
21styear,F2_n8,zero_crossing_rate,collapsed_factor_vs_raw_feature,,-0.06371118591089976,-0.036044370786967525,10
21styear,F2_n8,zero_crossing_rate,individual_TENT_column_vs_raw_feature,1.5,0.009590769359155392,0.009664469497310044,10
21styear,F2_n8,zero_crossing_rate,individual_TENT_column_vs_raw_feature,3.0,-0.025204852890424245,-0.020889397598268623,10
21styear,F2_n8,zero_crossing_rate,individual_TENT_column_vs_raw_feature,4.5,-0.061047028072672684,-0.0341920041502745,10
21styear,F2_n8,zero_crossing_rate,individual_TENT_column_vs_raw_feature,6.0,-0.06491578485442767,-0.01701360042928618,10
21styear,F2_n8,zero_crossing_rate,individual_TENT_column_vs_raw_feature,7.5,-0.023116890659098246,-0.008508710933139017,10
21styear,F3_n8,peak_amplitude,collapsed_factor_vs_matching_FIR_feature,,0.030642934778143734,0.03170452529964229,10
21styear,F3_n8,peak_amplitude,collapsed_factor_vs_raw_feature,,0.038987106070674384,0.026701938962874806,10
21styear,F3_n8,peak_amplitude,individual_TENT_column_vs_raw_feature,1.5,0.024931401615461826,0.028488590822668657,10
21styear,F3_n8,peak_amplitude,individual_TENT_column_vs_raw_feature,3.0,0.013665313806277102,0.0238210669534929,10
21styear,F3_n8,peak_amplitude,individual_TENT_column_vs_raw_feature,4.5,0.028171428460293284,0.023096766185512225,10
21styear,F3_n8,peak_amplitude,individual_TENT_column_vs_raw_feature,6.0,0.03213705859286144,0.021376777020725483,10
21styear,F3_n8,peak_amplitude,individual_TENT_column_vs_raw_feature,7.5,0.0038768943337028744,0.0030886887898566814,10
21styear,F3_n8,rms,collapsed_factor_vs_matching_FIR_feature,,0.013901802339432265,0.011773229054040475,10
21styear,F3_n8,rms,collapsed_factor_vs_raw_feature,,0.03786112547420638,0.024317332606819165,10
21styear,F3_n8,rms,individual_TENT_column_vs_raw_feature,1.5,0.02764173365191792,0.0309828548447517,10
21styear,F3_n8,rms,individual_TENT_column_vs_raw_feature,3.0,0.017267095599722324,0.024989969668136623,10
21styear,F3_n8,rms,individual_TENT_column_vs_raw_feature,4.5,0.026068695253084945,0.02080853656862454,10
21styear,F3_n8,rms,individual_TENT_column_vs_raw_feature,6.0,0.03032156652374246,0.015571365451015135,10
21styear,F3_n8,rms,individual_TENT_column_vs_raw_feature,7.5,-0.0022060408516301182,-0.007889121318768384,10
21styear,F3_n8,rms_dbfs,collapsed_factor_vs_matching_FIR_feature,,0.047408792808662836,0.03998856006102489,10
21styear,F3_n8,rms_dbfs,collapsed_factor_vs_raw_feature,,0.04818835562471065,0.0213074446588745,10
21styear,F3_n8,rms_dbfs,individual_TENT_column_vs_raw_feature,1.5,0.021456172961807126,0.01988427502705979,10
21styear,F3_n8,rms_dbfs,individual_TENT_column_vs_raw_feature,3.0,0.041288810956185557,0.027699385498604588,10
21styear,F3_n8,rms_dbfs,individual_TENT_column_vs_raw_feature,4.5,0.03405989070647561,0.019150560815509494,10
21styear,F3_n8,rms_dbfs,individual_TENT_column_vs_raw_feature,6.0,0.020383921047774763,0.006562320797469883,10
21styear,F3_n8,rms_dbfs,individual_TENT_column_vs_raw_feature,7.5,0.008091676938759647,0.009777750402585616,10
21styear,F3_n8,spectral_bandwidth_hz,collapsed_factor_vs_matching_FIR_feature,,-0.042329641358396015,-0.04526745351064947,10
21styear,F3_n8,spectral_bandwidth_hz,collapsed_factor_vs_raw_feature,,-0.04725100306009055,-0.024652348384950184,10
21styear,F3_n8,spectral_bandwidth_hz,individual_TENT_column_vs_raw_feature,1.5,-0.01020563071622013,-0.020981886917869952,10
21styear,F3_n8,spectral_bandwidth_hz,individual_TENT_column_vs_raw_feature,3.0,-0.04272247867146861,-0.03386393309369256,10
21styear,F3_n8,spectral_bandwidth_hz,individual_TENT_column_vs_raw_feature,4.5,-0.038245401051048865,-0.03738488571563444,10
21styear,F3_n8,spectral_bandwidth_hz,individual_TENT_column_vs_raw_feature,6.0,-0.017753691538123485,-0.005897414169039787,10
21styear,F3_n8,spectral_bandwidth_hz,individual_TENT_column_vs_raw_feature,7.5,-0.011931239551184676,-0.012804870038795707,10
21styear,F3_n8,spectral_centroid_hz,collapsed_factor_vs_matching_FIR_feature,,-0.04277674647470381,-0.05040814225749023,10
21styear,F3_n8,spectral_centroid_hz,collapsed_factor_vs_raw_feature,,-0.05436314872959167,-0.0451948266539793,10
21styear,F3_n8,spectral_centroid_hz,individual_TENT_column_vs_raw_feature,1.5,-0.021161271379738545,-0.04271618391489188,10
21styear,F3_n8,spectral_centroid_hz,individual_TENT_column_vs_raw_feature,3.0,-0.04829741245716918,-0.046556726086663405,10
21styear,F3_n8,spectral_centroid_hz,individual_TENT_column_vs_raw_feature,4.5,-0.04084358703425682,-0.04301633037432482,10
21styear,F3_n8,spectral_centroid_hz,individual_TENT_column_vs_raw_feature,6.0,-0.02336095563629393,-0.02722659671592601,10
21styear,F3_n8,spectral_centroid_hz,individual_TENT_column_vs_raw_feature,7.5,-0.00585074580892643,-0.010572172730046285,10
21styear,F3_n8,spectral_flatness,collapsed_factor_vs_matching_FIR_feature,,-0.04514136406446059,-0.047006494101926935,10
21styear,F3_n8,spectral_flatness,collapsed_factor_vs_raw_feature,,-0.049217289053762554,-0.02098593719863879,10
21styear,F3_n8,spectral_flatness,individual_TENT_column_vs_raw_feature,1.5,-0.0197635411691336,-0.019063834287407815,10
21styear,F3_n8,spectral_flatness,individual_TENT_column_vs_raw_feature,3.0,-0.043150787871670766,-0.026270376655754806,10
21styear,F3_n8,spectral_flatness,individual_TENT_column_vs_raw_feature,4.5,-0.03611355563070703,-0.03136682899358827,10
21styear,F3_n8,spectral_flatness,individual_TENT_column_vs_raw_feature,6.0,-0.02031071375489759,-0.0111993461681602,10
21styear,F3_n8,spectral_flatness,individual_TENT_column_vs_raw_feature,7.5,-0.007887030414644947,-0.024111954623815737,10
21styear,F3_n8,spectral_flux,collapsed_factor_vs_matching_FIR_feature,,0.052862918019851504,0.0687844459739594,10
21styear,F3_n8,spectral_flux,collapsed_factor_vs_raw_feature,,0.06175819777630674,0.05266365526515365,10
21styear,F3_n8,spectral_flux,individual_TENT_column_vs_raw_feature,1.5,0.04736007686857525,0.057085694458237614,10
21styear,F3_n8,spectral_flux,individual_TENT_column_vs_raw_feature,3.0,0.04292469486877142,0.04654018750937716,10
21styear,F3_n8,spectral_flux,individual_TENT_column_vs_raw_feature,4.5,0.03396621661341427,0.022384653592479653,10
21styear,F3_n8,spectral_flux,individual_TENT_column_vs_raw_feature,6.0,0.03816111855592103,0.03535008091135148,10
21styear,F3_n8,spectral_flux,individual_TENT_column_vs_raw_feature,7.5,0.0012822356617670095,0.007518040534416799,10
21styear,F3_n8,spectral_rolloff_85_hz,collapsed_factor_vs_matching_FIR_feature,,-0.042074695096702926,-0.048486001169900664,10
21styear,F3_n8,spectral_rolloff_85_hz,collapsed_factor_vs_raw_feature,,-0.052504915959537476,-0.03927008654079056,10
21styear,F3_n8,spectral_rolloff_85_hz,individual_TENT_column_vs_raw_feature,1.5,-0.017622898816975048,-0.03506415448730801,10
21styear,F3_n8,spectral_rolloff_85_hz,individual_TENT_column_vs_raw_feature,3.0,-0.04632229681435344,-0.041066963111881155,10
21styear,F3_n8,spectral_rolloff_85_hz,individual_TENT_column_vs_raw_feature,4.5,-0.04093646195950665,-0.04270812863030754,10
21styear,F3_n8,spectral_rolloff_85_hz,individual_TENT_column_vs_raw_feature,6.0,-0.02221356853951556,-0.022122662619038003,10
21styear,F3_n8,spectral_rolloff_85_hz,individual_TENT_column_vs_raw_feature,7.5,-0.0073128366632955535,-0.014071696218540725,10
21styear,F3_n8,word_count_per_tr,collapsed_factor_vs_matching_FIR_feature,,0.052877212285633565,0.05851567638555631,10
21styear,F3_n8,word_count_per_tr,collapsed_factor_vs_raw_feature,,0.04594723493938273,0.04335301738150053,10
21styear,F3_n8,word_count_per_tr,individual_TENT_column_vs_raw_feature,1.5,0.025110964264278456,0.03887371933246687,10
21styear,F3_n8,word_count_per_tr,individual_TENT_column_vs_raw_feature,3.0,0.024981993656736177,0.03624498079212052,10
21styear,F3_n8,word_count_per_tr,individual_TENT_column_vs_raw_feature,4.5,0.014682408143987826,0.012564313158067603,10
21styear,F3_n8,word_count_per_tr,individual_TENT_column_vs_raw_feature,6.0,0.03828485969612942,0.03825037426897461,10
21styear,F3_n8,word_count_per_tr,individual_TENT_column_vs_raw_feature,7.5,0.021768011217415374,0.026070349131010095,10
21styear,F3_n8,zero_crossing_rate,collapsed_factor_vs_matching_FIR_feature,,-0.043220931353795865,-0.04914792196257653,10
21styear,F3_n8,zero_crossing_rate,collapsed_factor_vs_raw_feature,,-0.0533377286712152,-0.0400496249276214,10
21styear,F3_n8,zero_crossing_rate,individual_TENT_column_vs_raw_feature,1.5,-0.0186522729445801,-0.038251798488084215,10
21styear,F3_n8,zero_crossing_rate,individual_TENT_column_vs_raw_feature,3.0,-0.04792445259656698,-0.04438225519536788,10
21styear,F3_n8,zero_crossing_rate,individual_TENT_column_vs_raw_feature,4.5,-0.041609238542406245,-0.04262691621261908,10
21styear,F3_n8,zero_crossing_rate,individual_TENT_column_vs_raw_feature,6.0,-0.0219660209518961,-0.019760256357690232,10
21styear,F3_n8,zero_crossing_rate,individual_TENT_column_vs_raw_feature,7.5,-0.00627344415158059,-0.009008597431979987,10
21styear,F4_n8,peak_amplitude,collapsed_factor_vs_matching_FIR_feature,,0.020598683419568792,0.03193558711860606,10
21styear,F4_n8,peak_amplitude,collapsed_factor_vs_raw_feature,,0.0586162366994424,0.05086918391650115,10
21styear,F4_n8,peak_amplitude,individual_TENT_column_vs_raw_feature,1.5,0.017644672693300487,0.03343261996313614,10
21styear,F4_n8,peak_amplitude,individual_TENT_column_vs_raw_feature,3.0,0.029563290931953534,0.039524343686629784,10
21styear,F4_n8,peak_amplitude,individual_TENT_column_vs_raw_feature,4.5,0.0382492730798953,0.026842089364794198,10
21styear,F4_n8,peak_amplitude,individual_TENT_column_vs_raw_feature,6.0,0.03979952222078389,0.03136086158800003,10
21styear,F4_n8,peak_amplitude,individual_TENT_column_vs_raw_feature,7.5,0.032558918454080786,0.019319632321284495,10
21styear,F4_n8,rms,collapsed_factor_vs_matching_FIR_feature,,0.007729634725027826,0.014774020889488263,10
21styear,F4_n8,rms,collapsed_factor_vs_raw_feature,,0.05316335387342215,0.04624303935899261,10
21styear,F4_n8,rms,individual_TENT_column_vs_raw_feature,1.5,0.019029782575260005,0.0327423633030732,10
21styear,F4_n8,rms,individual_TENT_column_vs_raw_feature,3.0,0.02633465842674932,0.033285505507203286,10
21styear,F4_n8,rms,individual_TENT_column_vs_raw_feature,4.5,0.0332067466551804,0.02094015770633621,10
21styear,F4_n8,rms,individual_TENT_column_vs_raw_feature,6.0,0.036479587509048936,0.02929732462277741,10
21styear,F4_n8,rms,individual_TENT_column_vs_raw_feature,7.5,0.02871662695802506,0.01384392981661604,10
21styear,F4_n8,rms_dbfs,collapsed_factor_vs_matching_FIR_feature,,0.038166376027652264,0.05102663115341105,10
21styear,F4_n8,rms_dbfs,collapsed_factor_vs_raw_feature,,0.06627028332456393,0.04948469807351087,10
21styear,F4_n8,rms_dbfs,individual_TENT_column_vs_raw_feature,1.5,0.015983351825311447,0.024655641631004532,10
21styear,F4_n8,rms_dbfs,individual_TENT_column_vs_raw_feature,3.0,0.04033895664820291,0.04253527652391226,10
21styear,F4_n8,rms_dbfs,individual_TENT_column_vs_raw_feature,4.5,0.04172511703721998,0.025702405844076865,10
21styear,F4_n8,rms_dbfs,individual_TENT_column_vs_raw_feature,6.0,0.051126558811039544,0.03997347221786604,10
21styear,F4_n8,rms_dbfs,individual_TENT_column_vs_raw_feature,7.5,0.024886063916051374,0.0015256338463407624,10
21styear,F4_n8,spectral_bandwidth_hz,collapsed_factor_vs_matching_FIR_feature,,-0.013682863708423452,-0.008352312677673371,10
21styear,F4_n8,spectral_bandwidth_hz,collapsed_factor_vs_raw_feature,,-0.06978847648991783,-0.05958911395212614,10
21styear,F4_n8,spectral_bandwidth_hz,individual_TENT_column_vs_raw_feature,1.5,0.0008932721680556917,0.008100262228104444,10
21styear,F4_n8,spectral_bandwidth_hz,individual_TENT_column_vs_raw_feature,3.0,-0.044053747443768554,-0.04783074261782491,10
21styear,F4_n8,spectral_bandwidth_hz,individual_TENT_column_vs_raw_feature,4.5,-0.04435840878468937,-0.03838753366602702,10
21styear,F4_n8,spectral_bandwidth_hz,individual_TENT_column_vs_raw_feature,6.0,-0.053889631152907826,-0.05183165534709523,10
21styear,F4_n8,spectral_bandwidth_hz,individual_TENT_column_vs_raw_feature,7.5,-0.04088225786668072,-0.024678339634494603,10
21styear,F4_n8,spectral_centroid_hz,collapsed_factor_vs_matching_FIR_feature,,0.0007301153451285022,0.03732617604716319,10
21styear,F4_n8,spectral_centroid_hz,collapsed_factor_vs_raw_feature,,-0.06149159168170605,-0.045093301642861724,10
21styear,F4_n8,spectral_centroid_hz,individual_TENT_column_vs_raw_feature,1.5,0.004150260195529761,0.026688061982873056,10
21styear,F4_n8,spectral_centroid_hz,individual_TENT_column_vs_raw_feature,3.0,-0.029391910528560817,-0.017562384654206085,10
21styear,F4_n8,spectral_centroid_hz,individual_TENT_column_vs_raw_feature,4.5,-0.044567196525071545,-0.04314050741113265,10
21styear,F4_n8,spectral_centroid_hz,individual_TENT_column_vs_raw_feature,6.0,-0.04684791199893236,-0.04734228951366827,10
21styear,F4_n8,spectral_centroid_hz,individual_TENT_column_vs_raw_feature,7.5,-0.045625733832564554,-0.029906721202058485,10
21styear,F4_n8,spectral_flatness,collapsed_factor_vs_matching_FIR_feature,,-0.024344484518245158,-0.03787095105250771,10
21styear,F4_n8,spectral_flatness,collapsed_factor_vs_raw_feature,,-0.06061118210077084,-0.04895164856236457,10
21styear,F4_n8,spectral_flatness,individual_TENT_column_vs_raw_feature,1.5,-0.004424440473778643,0.005067954206824454,10
21styear,F4_n8,spectral_flatness,individual_TENT_column_vs_raw_feature,3.0,-0.03156712511267847,-0.03526840051550324,10
21styear,F4_n8,spectral_flatness,individual_TENT_column_vs_raw_feature,4.5,-0.04097686358000175,-0.035833586054754264,10
21styear,F4_n8,spectral_flatness,individual_TENT_column_vs_raw_feature,6.0,-0.046501013363815666,-0.0430624912920423,10
21styear,F4_n8,spectral_flatness,individual_TENT_column_vs_raw_feature,7.5,-0.03662050299478255,-0.015804927855458045,10
21styear,F4_n8,spectral_flux,collapsed_factor_vs_matching_FIR_feature,,0.0334265809754046,0.0528902911175758,10
21styear,F4_n8,spectral_flux,collapsed_factor_vs_raw_feature,,0.043308980738214056,0.016159455280494592,10
21styear,F4_n8,spectral_flux,individual_TENT_column_vs_raw_feature,1.5,0.003601455492734245,0.00375589747456559,10
21styear,F4_n8,spectral_flux,individual_TENT_column_vs_raw_feature,3.0,0.009771455124783068,-0.0044319398367954725,10
21styear,F4_n8,spectral_flux,individual_TENT_column_vs_raw_feature,4.5,0.04152398398004193,0.017320148260793106,10
21styear,F4_n8,spectral_flux,individual_TENT_column_vs_raw_feature,6.0,0.04107860776638079,0.03423116274222072,10
21styear,F4_n8,spectral_flux,individual_TENT_column_vs_raw_feature,7.5,0.01568839377698418,-0.0036792967220518917,10
21styear,F4_n8,spectral_rolloff_85_hz,collapsed_factor_vs_matching_FIR_feature,,-0.003680167551074343,0.022818124081976147,10
21styear,F4_n8,spectral_rolloff_85_hz,collapsed_factor_vs_raw_feature,,-0.06436931627192126,-0.051912221290696926,10
21styear,F4_n8,spectral_rolloff_85_hz,individual_TENT_column_vs_raw_feature,1.5,0.0041002504293039515,0.02617923726175036,10
21styear,F4_n8,spectral_rolloff_85_hz,individual_TENT_column_vs_raw_feature,3.0,-0.03319204430896027,-0.025630621308149925,10
21styear,F4_n8,spectral_rolloff_85_hz,individual_TENT_column_vs_raw_feature,4.5,-0.04548380665533093,-0.04683282231844402,10
21styear,F4_n8,spectral_rolloff_85_hz,individual_TENT_column_vs_raw_feature,6.0,-0.04867611978263739,-0.049486056895726674,10
21styear,F4_n8,spectral_rolloff_85_hz,individual_TENT_column_vs_raw_feature,7.5,-0.04629567724653053,-0.03029013302378552,10
21styear,F4_n8,word_count_per_tr,collapsed_factor_vs_matching_FIR_feature,,-0.010935236590221987,-0.022933899114373792,10
21styear,F4_n8,word_count_per_tr,collapsed_factor_vs_raw_feature,,0.027582258626568445,0.013979207022980045,10
21styear,F4_n8,word_count_per_tr,individual_TENT_column_vs_raw_feature,1.5,0.01312748338726653,0.018510700583361718,10
21styear,F4_n8,word_count_per_tr,individual_TENT_column_vs_raw_feature,3.0,-0.00010736179733193819,0.010071852698640147,10
21styear,F4_n8,word_count_per_tr,individual_TENT_column_vs_raw_feature,4.5,0.019653056398181986,0.009513286800372956,10
21styear,F4_n8,word_count_per_tr,individual_TENT_column_vs_raw_feature,6.0,0.03642639180767252,0.027047220453166747,10
21styear,F4_n8,word_count_per_tr,individual_TENT_column_vs_raw_feature,7.5,0.003235398368290053,-0.008725088252323154,10
21styear,F4_n8,zero_crossing_rate,collapsed_factor_vs_matching_FIR_feature,,0.005152873848568072,0.0400433498829797,10
21styear,F4_n8,zero_crossing_rate,collapsed_factor_vs_raw_feature,,-0.06320469635609956,-0.04897099057681766,10
21styear,F4_n8,zero_crossing_rate,individual_TENT_column_vs_raw_feature,1.5,0.005136480734036085,0.023596557351558033,10
21styear,F4_n8,zero_crossing_rate,individual_TENT_column_vs_raw_feature,3.0,-0.03146718771457033,-0.024092345953069833,10
21styear,F4_n8,zero_crossing_rate,individual_TENT_column_vs_raw_feature,4.5,-0.046600207151760026,-0.04507148905169272,10
21styear,F4_n8,zero_crossing_rate,individual_TENT_column_vs_raw_feature,6.0,-0.04759603625406681,-0.04923316207366465,10
21styear,F4_n8,zero_crossing_rate,individual_TENT_column_vs_raw_feature,7.5,-0.04570730166400718,-0.028492024821908192,10
21styear,F5_n8,peak_amplitude,collapsed_factor_vs_matching_FIR_feature,,0.016273160307771723,0.0016158453628965918,10
21styear,F5_n8,peak_amplitude,collapsed_factor_vs_raw_feature,,0.02497650121805266,0.02357648171822861,10
21styear,F5_n8,peak_amplitude,individual_TENT_column_vs_raw_feature,1.5,-0.00497226674538463,0.00011170497468912253,10
21styear,F5_n8,peak_amplitude,individual_TENT_column_vs_raw_feature,3.0,0.009736047700823197,0.009828061792520897,10
21styear,F5_n8,peak_amplitude,individual_TENT_column_vs_raw_feature,4.5,0.02127731184907328,0.004936667108926133,10
21styear,F5_n8,peak_amplitude,individual_TENT_column_vs_raw_feature,6.0,0.02659652652638079,0.03980835393628037,10
21styear,F5_n8,peak_amplitude,individual_TENT_column_vs_raw_feature,7.5,0.01209239310292072,0.008218530728136858,10
21styear,F5_n8,rms,collapsed_factor_vs_matching_FIR_feature,,0.0117791003329776,0.002467480718363663,10
21styear,F5_n8,rms,collapsed_factor_vs_raw_feature,,0.023951101742841544,0.01967021013089262,10
21styear,F5_n8,rms,individual_TENT_column_vs_raw_feature,1.5,-0.009737333478839249,-0.0074287072200003345,10
21styear,F5_n8,rms,individual_TENT_column_vs_raw_feature,3.0,0.005423432365448432,0.007710723597836049,10
21styear,F5_n8,rms,individual_TENT_column_vs_raw_feature,4.5,0.026479756684355864,0.004519347477557222,10
21styear,F5_n8,rms,individual_TENT_column_vs_raw_feature,6.0,0.02787935633316071,0.039299749682686874,10
21styear,F5_n8,rms,individual_TENT_column_vs_raw_feature,7.5,0.010195518902207481,0.0075241652103759825,10
21styear,F5_n8,rms_dbfs,collapsed_factor_vs_matching_FIR_feature,,-0.0025599914079036537,0.0031315224081499135,10
21styear,F5_n8,rms_dbfs,collapsed_factor_vs_raw_feature,,-0.0039024513967330044,-0.002465388801584977,10
21styear,F5_n8,rms_dbfs,individual_TENT_column_vs_raw_feature,1.5,-0.01072558127058594,-0.01240202161121801,10
21styear,F5_n8,rms_dbfs,individual_TENT_column_vs_raw_feature,3.0,-0.012624824613828342,-0.004111924749346876,10
21styear,F5_n8,rms_dbfs,individual_TENT_column_vs_raw_feature,4.5,-0.0014544771396352916,-0.005560088605161568,10
21styear,F5_n8,rms_dbfs,individual_TENT_column_vs_raw_feature,6.0,0.016482110587187557,0.019009585610486157,10
21styear,F5_n8,rms_dbfs,individual_TENT_column_vs_raw_feature,7.5,-0.0063926567281492,-0.019157273452663968,10
21styear,F5_n8,spectral_bandwidth_hz,collapsed_factor_vs_matching_FIR_feature,,0.014933435270499729,0.01975321639704115,10
21styear,F5_n8,spectral_bandwidth_hz,collapsed_factor_vs_raw_feature,,0.019821619698463987,0.028536580500364478,10
21styear,F5_n8,spectral_bandwidth_hz,individual_TENT_column_vs_raw_feature,1.5,0.009012383338638071,0.016872879301562692,10
21styear,F5_n8,spectral_bandwidth_hz,individual_TENT_column_vs_raw_feature,3.0,0.020547398069912914,0.018521471762031443,10
21styear,F5_n8,spectral_bandwidth_hz,individual_TENT_column_vs_raw_feature,4.5,0.0036379746595385427,0.004072190693437981,10
21styear,F5_n8,spectral_bandwidth_hz,individual_TENT_column_vs_raw_feature,6.0,0.0040760336117772345,0.015841129554512237,10
21styear,F5_n8,spectral_bandwidth_hz,individual_TENT_column_vs_raw_feature,7.5,0.021132442004158626,0.04979105243245648,10
21styear,F5_n8,spectral_centroid_hz,collapsed_factor_vs_matching_FIR_feature,,0.011647689320230258,0.0067144974414369285,10
21styear,F5_n8,spectral_centroid_hz,collapsed_factor_vs_raw_feature,,0.01758768634769608,0.02870068098063867,10
21styear,F5_n8,spectral_centroid_hz,individual_TENT_column_vs_raw_feature,1.5,0.004711606061528367,0.022270403004117045,10
21styear,F5_n8,spectral_centroid_hz,individual_TENT_column_vs_raw_feature,3.0,0.018491350459546658,0.021458520694697468,10
21styear,F5_n8,spectral_centroid_hz,individual_TENT_column_vs_raw_feature,4.5,0.0024027288050586567,-0.0057302888524808915,10
21styear,F5_n8,spectral_centroid_hz,individual_TENT_column_vs_raw_feature,6.0,0.00974013564849697,0.02140500853609162,10
21styear,F5_n8,spectral_centroid_hz,individual_TENT_column_vs_raw_feature,7.5,0.01423966975824277,0.03557532093864267,10
21styear,F5_n8,spectral_flatness,collapsed_factor_vs_matching_FIR_feature,,0.009325469580509727,0.004151806026661179,10
21styear,F5_n8,spectral_flatness,collapsed_factor_vs_raw_feature,,0.00842620674955346,0.011963605069553566,10
21styear,F5_n8,spectral_flatness,individual_TENT_column_vs_raw_feature,1.5,0.007257499711934933,0.012195796553875265,10
21styear,F5_n8,spectral_flatness,individual_TENT_column_vs_raw_feature,3.0,0.017504003252269962,0.015461671404656183,10
21styear,F5_n8,spectral_flatness,individual_TENT_column_vs_raw_feature,4.5,0.000595858233099561,-0.0008544022341452342,10
21styear,F5_n8,spectral_flatness,individual_TENT_column_vs_raw_feature,6.0,-0.007122813431180349,-0.005918748225174859,10
21styear,F5_n8,spectral_flatness,individual_TENT_column_vs_raw_feature,7.5,0.007017023368069713,0.029060204964662183,10
21styear,F5_n8,spectral_flux,collapsed_factor_vs_matching_FIR_feature,,0.047525924808073015,0.06593254249039306,10
21styear,F5_n8,spectral_flux,collapsed_factor_vs_raw_feature,,0.01635749053740449,0.03114008064366605,10
21styear,F5_n8,spectral_flux,individual_TENT_column_vs_raw_feature,1.5,0.015205472458400848,0.015292934297557736,10
21styear,F5_n8,spectral_flux,individual_TENT_column_vs_raw_feature,3.0,-0.003527399856228653,0.011562844002332739,10
21styear,F5_n8,spectral_flux,individual_TENT_column_vs_raw_feature,4.5,0.017885679227006058,0.025177449255699313,10
21styear,F5_n8,spectral_flux,individual_TENT_column_vs_raw_feature,6.0,0.016805528113907786,0.03001117268490953,10
21styear,F5_n8,spectral_flux,individual_TENT_column_vs_raw_feature,7.5,-0.0013045426592610053,0.004113229722436752,10
21styear,F5_n8,spectral_rolloff_85_hz,collapsed_factor_vs_matching_FIR_feature,,0.012166665641247671,0.006751549614963876,10
21styear,F5_n8,spectral_rolloff_85_hz,collapsed_factor_vs_raw_feature,,0.017968843922866098,0.02704495864549313,10
21styear,F5_n8,spectral_rolloff_85_hz,individual_TENT_column_vs_raw_feature,1.5,0.0062609555647742485,0.02051968824586784,10
21styear,F5_n8,spectral_rolloff_85_hz,individual_TENT_column_vs_raw_feature,3.0,0.018762678046969038,0.01975965512304049,10
21styear,F5_n8,spectral_rolloff_85_hz,individual_TENT_column_vs_raw_feature,4.5,0.0016871014002691354,-0.006930784273559612,10
21styear,F5_n8,spectral_rolloff_85_hz,individual_TENT_column_vs_raw_feature,6.0,0.008665398055472465,0.020973842951786417,10
21styear,F5_n8,spectral_rolloff_85_hz,individual_TENT_column_vs_raw_feature,7.5,0.016163365808792508,0.04184029057092529,10
21styear,F5_n8,word_count_per_tr,collapsed_factor_vs_matching_FIR_feature,,-0.04044439862254007,-0.06133641749903189,10
21styear,F5_n8,word_count_per_tr,collapsed_factor_vs_raw_feature,,-0.023220546230458425,-0.018232291296880324,10
21styear,F5_n8,word_count_per_tr,individual_TENT_column_vs_raw_feature,1.5,-0.015037569249345444,-0.018676135142677165,10
21styear,F5_n8,word_count_per_tr,individual_TENT_column_vs_raw_feature,3.0,-0.028464624873068622,-0.021733154034801444,10
21styear,F5_n8,word_count_per_tr,individual_TENT_column_vs_raw_feature,4.5,-0.006132999213846012,-0.01484994127090897,10
21styear,F5_n8,word_count_per_tr,individual_TENT_column_vs_raw_feature,6.0,-0.0022827591018763902,0.0007914312946118503,10
21styear,F5_n8,word_count_per_tr,individual_TENT_column_vs_raw_feature,7.5,-0.014997015669930305,-0.02386469642330273,10
21styear,F5_n8,zero_crossing_rate,collapsed_factor_vs_matching_FIR_feature,,0.013741969221085953,0.012733475876417188,10
21styear,F5_n8,zero_crossing_rate,collapsed_factor_vs_raw_feature,,0.020560865075813832,0.030275501882060372,10
21styear,F5_n8,zero_crossing_rate,individual_TENT_column_vs_raw_feature,1.5,0.004689370588357853,0.021335051899072782,10
21styear,F5_n8,zero_crossing_rate,individual_TENT_column_vs_raw_feature,3.0,0.019254187109187408,0.020531166385668712,10
21styear,F5_n8,zero_crossing_rate,individual_TENT_column_vs_raw_feature,4.5,0.0039239985828043175,9.696483800863438e-05,10
21styear,F5_n8,zero_crossing_rate,individual_TENT_column_vs_raw_feature,6.0,0.012422784965879567,0.02118883047860433,10
21styear,F5_n8,zero_crossing_rate,individual_TENT_column_vs_raw_feature,7.5,0.01776105727093508,0.04054856443780508,10
21styear,F6_n8,peak_amplitude,collapsed_factor_vs_matching_FIR_feature,,-0.013816065889251569,0.0011330013275737743,10
21styear,F6_n8,peak_amplitude,collapsed_factor_vs_raw_feature,,0.026650535821869666,0.01701064383813911,10
21styear,F6_n8,peak_amplitude,individual_TENT_column_vs_raw_feature,1.5,0.016207379864654613,0.0011555160996217246,10
21styear,F6_n8,peak_amplitude,individual_TENT_column_vs_raw_feature,3.0,0.01971558558137268,0.02158221135378482,10
21styear,F6_n8,peak_amplitude,individual_TENT_column_vs_raw_feature,4.5,0.014100207427453349,0.020850233805563605,10
21styear,F6_n8,peak_amplitude,individual_TENT_column_vs_raw_feature,6.0,0.012982239263829343,0.0005713587326514874,10
21styear,F6_n8,peak_amplitude,individual_TENT_column_vs_raw_feature,7.5,0.022528902568168946,0.0028420154692242435,10
21styear,F6_n8,rms,collapsed_factor_vs_matching_FIR_feature,,-0.03653235159740436,-0.02635107867898196,10
21styear,F6_n8,rms,collapsed_factor_vs_raw_feature,,0.021808818956750377,0.015171565259760569,10
21styear,F6_n8,rms,individual_TENT_column_vs_raw_feature,1.5,0.012665192238430175,-0.0024153856051850327,10
21styear,F6_n8,rms,individual_TENT_column_vs_raw_feature,3.0,0.017633934253361128,0.019557583090232526,10
21styear,F6_n8,rms,individual_TENT_column_vs_raw_feature,4.5,0.011487338276406696,0.017084208413116468,10
21styear,F6_n8,rms,individual_TENT_column_vs_raw_feature,6.0,0.010023571761699058,-0.00040659384739036005,10
21styear,F6_n8,rms,individual_TENT_column_vs_raw_feature,7.5,0.017760979842261642,-8.531642357825356e-05,10
21styear,F6_n8,rms_dbfs,collapsed_factor_vs_matching_FIR_feature,,0.02417686093202103,0.03877252131532446,10
21styear,F6_n8,rms_dbfs,collapsed_factor_vs_raw_feature,,0.05414120474009201,0.03417872375824358,10
21styear,F6_n8,rms_dbfs,individual_TENT_column_vs_raw_feature,1.5,0.036115675477576104,0.0212883215128419,10
21styear,F6_n8,rms_dbfs,individual_TENT_column_vs_raw_feature,3.0,0.046347064597305615,0.04313926594761214,10
21styear,F6_n8,rms_dbfs,individual_TENT_column_vs_raw_feature,4.5,0.03682042182454423,0.03290370370612313,10
21styear,F6_n8,rms_dbfs,individual_TENT_column_vs_raw_feature,6.0,0.023153568441745175,0.0019488000875223874,10
21styear,F6_n8,rms_dbfs,individual_TENT_column_vs_raw_feature,7.5,0.025588885626934132,0.002962399771941733,10
21styear,F6_n8,spectral_bandwidth_hz,collapsed_factor_vs_matching_FIR_feature,,-0.020776754817116848,-0.04866860528537302,10
21styear,F6_n8,spectral_bandwidth_hz,collapsed_factor_vs_raw_feature,,-0.05514740805230635,-0.031404238163534104,10
21styear,F6_n8,spectral_bandwidth_hz,individual_TENT_column_vs_raw_feature,1.5,-0.03232333862449716,-0.02653404881804866,10
21styear,F6_n8,spectral_bandwidth_hz,individual_TENT_column_vs_raw_feature,3.0,-0.03898710452024071,-0.02922439206885939,10
21styear,F6_n8,spectral_bandwidth_hz,individual_TENT_column_vs_raw_feature,4.5,-0.0377299498422063,-0.014181747191344837,10
21styear,F6_n8,spectral_bandwidth_hz,individual_TENT_column_vs_raw_feature,6.0,-0.03143665826438733,-0.013649550167433636,10
21styear,F6_n8,spectral_bandwidth_hz,individual_TENT_column_vs_raw_feature,7.5,-0.030792579925103508,-0.013971734951085713,10
21styear,F6_n8,spectral_centroid_hz,collapsed_factor_vs_matching_FIR_feature,,-0.0037098345066774257,-0.0029947239224915622,10
21styear,F6_n8,spectral_centroid_hz,collapsed_factor_vs_raw_feature,,-0.05031908773013753,-0.02580130438256873,10
21styear,F6_n8,spectral_centroid_hz,individual_TENT_column_vs_raw_feature,1.5,-0.027052873926440856,-0.02069352757419288,10
21styear,F6_n8,spectral_centroid_hz,individual_TENT_column_vs_raw_feature,3.0,-0.028786901453785253,-0.007287902469274689,10
21styear,F6_n8,spectral_centroid_hz,individual_TENT_column_vs_raw_feature,4.5,-0.037315614619667946,-0.006468096388941323,10
21styear,F6_n8,spectral_centroid_hz,individual_TENT_column_vs_raw_feature,6.0,-0.03298254228222114,-0.03469403820129667,10
21styear,F6_n8,spectral_centroid_hz,individual_TENT_column_vs_raw_feature,7.5,-0.029960014887550616,-0.021321762427688396,10
21styear,F6_n8,spectral_flatness,collapsed_factor_vs_matching_FIR_feature,,-0.01739712581357864,-0.06098257477409423,10
21styear,F6_n8,spectral_flatness,collapsed_factor_vs_raw_feature,,-0.059768216538265716,-0.03855323980474825,10
21styear,F6_n8,spectral_flatness,individual_TENT_column_vs_raw_feature,1.5,-0.037058924963324566,-0.020109129930709308,10
21styear,F6_n8,spectral_flatness,individual_TENT_column_vs_raw_feature,3.0,-0.0413440226562395,-0.02630921008212648,10
21styear,F6_n8,spectral_flatness,individual_TENT_column_vs_raw_feature,4.5,-0.04324572275572298,-0.025242774169501082,10
21styear,F6_n8,spectral_flatness,individual_TENT_column_vs_raw_feature,6.0,-0.031447596484052674,-0.01574384868677176,10
21styear,F6_n8,spectral_flatness,individual_TENT_column_vs_raw_feature,7.5,-0.033099634447933776,-0.017735601778308956,10
21styear,F6_n8,spectral_flux,collapsed_factor_vs_matching_FIR_feature,,-0.02117668017390669,-0.05112216890361745,10
21styear,F6_n8,spectral_flux,collapsed_factor_vs_raw_feature,,0.031217352238400616,0.012933418433422267,10
21styear,F6_n8,spectral_flux,individual_TENT_column_vs_raw_feature,1.5,0.01690919152157684,0.002830057784282763,10
21styear,F6_n8,spectral_flux,individual_TENT_column_vs_raw_feature,3.0,0.016080471466823187,0.003447309893256727,10
21styear,F6_n8,spectral_flux,individual_TENT_column_vs_raw_feature,4.5,0.027824550298509304,0.018676974813543377,10
21styear,F6_n8,spectral_flux,individual_TENT_column_vs_raw_feature,6.0,0.021496474221652923,0.009233568531750622,10
21styear,F6_n8,spectral_flux,individual_TENT_column_vs_raw_feature,7.5,0.012536177386152586,-0.0023231807484221,10
21styear,F6_n8,spectral_rolloff_85_hz,collapsed_factor_vs_matching_FIR_feature,,-0.007765829885082206,-0.016766424024508387,10
21styear,F6_n8,spectral_rolloff_85_hz,collapsed_factor_vs_raw_feature,,-0.0537469221612083,-0.02927975855863363,10
21styear,F6_n8,spectral_rolloff_85_hz,individual_TENT_column_vs_raw_feature,1.5,-0.029586517877911424,-0.024749076293879638,10
21styear,F6_n8,spectral_rolloff_85_hz,individual_TENT_column_vs_raw_feature,3.0,-0.031994310094246706,-0.011600943967037715,10
21styear,F6_n8,spectral_rolloff_85_hz,individual_TENT_column_vs_raw_feature,4.5,-0.03917539042269969,-0.008840315738072391,10
21styear,F6_n8,spectral_rolloff_85_hz,individual_TENT_column_vs_raw_feature,6.0,-0.03372578428648071,-0.02782596637403976,10
21styear,F6_n8,spectral_rolloff_85_hz,individual_TENT_column_vs_raw_feature,7.5,-0.03271849907266473,-0.022961881144989163,10
21styear,F6_n8,word_count_per_tr,collapsed_factor_vs_matching_FIR_feature,,-0.025180748795642312,-0.032575736547128684,10
21styear,F6_n8,word_count_per_tr,collapsed_factor_vs_raw_feature,,0.0152577950189015,-0.0005853883971529237,10
21styear,F6_n8,word_count_per_tr,individual_TENT_column_vs_raw_feature,1.5,0.023017744682531285,0.023375752629459408,10
21styear,F6_n8,word_count_per_tr,individual_TENT_column_vs_raw_feature,3.0,0.008587135707467301,0.007141766049376516,10
21styear,F6_n8,word_count_per_tr,individual_TENT_column_vs_raw_feature,4.5,0.003310891172934243,-0.0025213967867292056,10
21styear,F6_n8,word_count_per_tr,individual_TENT_column_vs_raw_feature,6.0,0.007344695653608129,-0.01556868605294882,10
21styear,F6_n8,word_count_per_tr,individual_TENT_column_vs_raw_feature,7.5,0.0103878553505342,-0.00485648644563167,10
21styear,F6_n8,zero_crossing_rate,collapsed_factor_vs_matching_FIR_feature,,-0.004871079161381771,-0.009292446823989317,10
21styear,F6_n8,zero_crossing_rate,collapsed_factor_vs_raw_feature,,-0.049992871380615735,-0.02650702659785021,10
21styear,F6_n8,zero_crossing_rate,individual_TENT_column_vs_raw_feature,1.5,-0.02600244866391733,-0.022104907454958342,10
21styear,F6_n8,zero_crossing_rate,individual_TENT_column_vs_raw_feature,3.0,-0.027804196791827114,-0.009863728366122001,10
21styear,F6_n8,zero_crossing_rate,individual_TENT_column_vs_raw_feature,4.5,-0.03620137833878932,-0.006725205331408043,10
21styear,F6_n8,zero_crossing_rate,individual_TENT_column_vs_raw_feature,6.0,-0.034362919512042886,-0.034280183966145295,10
21styear,F6_n8,zero_crossing_rate,individual_TENT_column_vs_raw_feature,7.5,-0.03076218731710174,-0.024024235933197007,10
21styear,F7_n8,peak_amplitude,collapsed_factor_vs_matching_FIR_feature,,0.06107507219547128,0.04820241063245344,10
21styear,F7_n8,peak_amplitude,collapsed_factor_vs_raw_feature,,0.011967215676668206,0.002980253579505901,10
21styear,F7_n8,peak_amplitude,individual_TENT_column_vs_raw_feature,1.5,0.01105596817925546,-0.01836039327955036,10
21styear,F7_n8,peak_amplitude,individual_TENT_column_vs_raw_feature,3.0,0.012689955174293496,-0.0024061028324588946,10
21styear,F7_n8,peak_amplitude,individual_TENT_column_vs_raw_feature,4.5,0.01574363082435403,0.023561056259936354,10
21styear,F7_n8,peak_amplitude,individual_TENT_column_vs_raw_feature,6.0,-0.01923772595384239,-0.016434466026223993,10
21styear,F7_n8,peak_amplitude,individual_TENT_column_vs_raw_feature,7.5,0.01916630134837875,0.03584593459959701,10
21styear,F7_n8,rms,collapsed_factor_vs_matching_FIR_feature,,0.06497816368058018,0.050841960739244615,10
21styear,F7_n8,rms,collapsed_factor_vs_raw_feature,,0.012734100615530661,0.0045184669294240885,10
21styear,F7_n8,rms,individual_TENT_column_vs_raw_feature,1.5,0.01050048644074948,-0.017342757753839942,10
21styear,F7_n8,rms,individual_TENT_column_vs_raw_feature,3.0,0.015018801266342266,0.002682298599618637,10
21styear,F7_n8,rms,individual_TENT_column_vs_raw_feature,4.5,0.015379521364036409,0.02160470502987471,10
21styear,F7_n8,rms,individual_TENT_column_vs_raw_feature,6.0,-0.021339228819714458,-0.02050602664774315,10
21styear,F7_n8,rms,individual_TENT_column_vs_raw_feature,7.5,0.022703240762862936,0.037405148779937406,10
21styear,F7_n8,rms_dbfs,collapsed_factor_vs_matching_FIR_feature,,0.03599950122749251,0.029962711301966132,10
21styear,F7_n8,rms_dbfs,collapsed_factor_vs_raw_feature,,-0.0017367607703565452,-0.008358240838955732,10
21styear,F7_n8,rms_dbfs,individual_TENT_column_vs_raw_feature,1.5,0.008462872472141692,-0.03185275575286789,10
21styear,F7_n8,rms_dbfs,individual_TENT_column_vs_raw_feature,3.0,0.010434487898114261,-0.0013587692212590216,10
21styear,F7_n8,rms_dbfs,individual_TENT_column_vs_raw_feature,4.5,0.008213963740215253,0.011610865816424069,10
21styear,F7_n8,rms_dbfs,individual_TENT_column_vs_raw_feature,6.0,-0.030201326041891637,-0.027723486889864573,10
21styear,F7_n8,rms_dbfs,individual_TENT_column_vs_raw_feature,7.5,0.001690671007443432,0.03520167385114513,10
21styear,F7_n8,spectral_bandwidth_hz,collapsed_factor_vs_matching_FIR_feature,,-0.03480569218344913,-0.039356153986004686,10
21styear,F7_n8,spectral_bandwidth_hz,collapsed_factor_vs_raw_feature,,0.0021135422353757483,0.008828855126903004,10
21styear,F7_n8,spectral_bandwidth_hz,individual_TENT_column_vs_raw_feature,1.5,-0.015482350719885001,0.019308667138615385,10
21styear,F7_n8,spectral_bandwidth_hz,individual_TENT_column_vs_raw_feature,3.0,-0.008500346953957358,0.004941570297396786,10
21styear,F7_n8,spectral_bandwidth_hz,individual_TENT_column_vs_raw_feature,4.5,0.0005305001401588748,0.004348707729220095,10
21styear,F7_n8,spectral_bandwidth_hz,individual_TENT_column_vs_raw_feature,6.0,0.02510417370803174,0.020929193894812955,10
21styear,F7_n8,spectral_bandwidth_hz,individual_TENT_column_vs_raw_feature,7.5,-0.001236849452036736,-0.03727794641625956,10
21styear,F7_n8,spectral_centroid_hz,collapsed_factor_vs_matching_FIR_feature,,-0.04053476487976551,-0.06683044324576481,10
21styear,F7_n8,spectral_centroid_hz,collapsed_factor_vs_raw_feature,,-0.0018882154178866124,-0.0004922017509053183,10
21styear,F7_n8,spectral_centroid_hz,individual_TENT_column_vs_raw_feature,1.5,-0.01975149670093043,0.008453144607283598,10
21styear,F7_n8,spectral_centroid_hz,individual_TENT_column_vs_raw_feature,3.0,-0.016894002879729857,-0.006909072177631726,10
21styear,F7_n8,spectral_centroid_hz,individual_TENT_column_vs_raw_feature,4.5,-0.0014700602609724336,0.0033419465028585366,10
21styear,F7_n8,spectral_centroid_hz,individual_TENT_column_vs_raw_feature,6.0,0.02176173949082466,0.015176921490727132,10
21styear,F7_n8,spectral_centroid_hz,individual_TENT_column_vs_raw_feature,7.5,0.008161716037960218,-0.019552808972311715,10
21styear,F7_n8,spectral_flatness,collapsed_factor_vs_matching_FIR_feature,,-0.024178611300985378,-0.008364724937036298,10
21styear,F7_n8,spectral_flatness,collapsed_factor_vs_raw_feature,,0.0025714732542543536,0.01845786314787138,10
21styear,F7_n8,spectral_flatness,individual_TENT_column_vs_raw_feature,1.5,-0.016442421014710176,0.018795471959865792,10
21styear,F7_n8,spectral_flatness,individual_TENT_column_vs_raw_feature,3.0,-0.013894398998703025,0.010700572941126042,10
21styear,F7_n8,spectral_flatness,individual_TENT_column_vs_raw_feature,4.5,-0.0023420710793449154,0.004055645258248976,10
21styear,F7_n8,spectral_flatness,individual_TENT_column_vs_raw_feature,6.0,0.02712237130695715,0.038258922036540986,10
21styear,F7_n8,spectral_flatness,individual_TENT_column_vs_raw_feature,7.5,0.010317646657233217,-0.023554365982696526,10
21styear,F7_n8,spectral_flux,collapsed_factor_vs_matching_FIR_feature,,0.072333077187787,0.08042621918832608,10
21styear,F7_n8,spectral_flux,collapsed_factor_vs_raw_feature,,0.013329337728836288,0.007031182845330146,10
21styear,F7_n8,spectral_flux,individual_TENT_column_vs_raw_feature,1.5,0.026033859841769102,0.004124365021099228,10
21styear,F7_n8,spectral_flux,individual_TENT_column_vs_raw_feature,3.0,0.012869709703809453,-0.006799127518871998,10
21styear,F7_n8,spectral_flux,individual_TENT_column_vs_raw_feature,4.5,0.00455362989823188,-0.002379528037597092,10
21styear,F7_n8,spectral_flux,individual_TENT_column_vs_raw_feature,6.0,-0.008451237087620392,0.0049744052773066354,10
21styear,F7_n8,spectral_flux,individual_TENT_column_vs_raw_feature,7.5,0.009362688293344622,-0.0007483492762404728,10
21styear,F7_n8,spectral_rolloff_85_hz,collapsed_factor_vs_matching_FIR_feature,,-0.038939844799157214,-0.05875618436020018,10
21styear,F7_n8,spectral_rolloff_85_hz,collapsed_factor_vs_raw_feature,,-0.00112798593165169,0.0011378176335342313,10
21styear,F7_n8,spectral_rolloff_85_hz,individual_TENT_column_vs_raw_feature,1.5,-0.020116401497927597,0.007628611220491653,10
21styear,F7_n8,spectral_rolloff_85_hz,individual_TENT_column_vs_raw_feature,3.0,-0.015308524810919214,-0.004028203701172849,10
21styear,F7_n8,spectral_rolloff_85_hz,individual_TENT_column_vs_raw_feature,4.5,-0.0007622993212852485,0.006819743231171698,10
21styear,F7_n8,spectral_rolloff_85_hz,individual_TENT_column_vs_raw_feature,6.0,0.023403426654435337,0.018903224713834554,10
21styear,F7_n8,spectral_rolloff_85_hz,individual_TENT_column_vs_raw_feature,7.5,0.005665606554831865,-0.02634145660004193,10
21styear,F7_n8,word_count_per_tr,collapsed_factor_vs_matching_FIR_feature,,0.12126505130395566,0.14057560543602038,10
21styear,F7_n8,word_count_per_tr,collapsed_factor_vs_raw_feature,,-0.013505470073054965,-0.0249422167838224,10
21styear,F7_n8,word_count_per_tr,individual_TENT_column_vs_raw_feature,1.5,0.015718288047480263,-0.020573131952936006,10
21styear,F7_n8,word_count_per_tr,individual_TENT_column_vs_raw_feature,3.0,-0.005336174719250427,-0.011570281786380825,10
21styear,F7_n8,word_count_per_tr,individual_TENT_column_vs_raw_feature,4.5,0.00034448304361063233,-0.0029910438643555443,10
21styear,F7_n8,word_count_per_tr,individual_TENT_column_vs_raw_feature,6.0,-0.045002006015369224,-0.04392482407269425,10
21styear,F7_n8,word_count_per_tr,individual_TENT_column_vs_raw_feature,7.5,0.006607647565061578,-0.0012617964982259422,10
21styear,F7_n8,zero_crossing_rate,collapsed_factor_vs_matching_FIR_feature,,-0.043983550184825596,-0.06869046040795176,10
21styear,F7_n8,zero_crossing_rate,collapsed_factor_vs_raw_feature,,-0.0020519062930242147,-5.244086326357017e-05,10
21styear,F7_n8,zero_crossing_rate,individual_TENT_column_vs_raw_feature,1.5,-0.018582427283970054,0.012500971621347032,10
21styear,F7_n8,zero_crossing_rate,individual_TENT_column_vs_raw_feature,3.0,-0.0159493491505094,-0.005483859130514591,10
21styear,F7_n8,zero_crossing_rate,individual_TENT_column_vs_raw_feature,4.5,-0.0016042781532598382,0.0031096040016869515,10
21styear,F7_n8,zero_crossing_rate,individual_TENT_column_vs_raw_feature,6.0,0.021837083425711865,0.01433837336549151,10
21styear,F7_n8,zero_crossing_rate,individual_TENT_column_vs_raw_feature,7.5,0.005126275778708213,-0.026830679271429313,10
21styear,F8_n8,peak_amplitude,collapsed_factor_vs_matching_FIR_feature,,0.056903748292718735,0.00951964179485602,10
21styear,F8_n8,peak_amplitude,collapsed_factor_vs_raw_feature,,0.02878872734041018,0.028633538557030498,10
21styear,F8_n8,peak_amplitude,individual_TENT_column_vs_raw_feature,1.5,0.020267781398580417,-0.009863796743168942,10
21styear,F8_n8,peak_amplitude,individual_TENT_column_vs_raw_feature,3.0,0.03631910633367053,0.03798769396824188,10
21styear,F8_n8,peak_amplitude,individual_TENT_column_vs_raw_feature,4.5,0.03663335967580061,0.03261506489338434,10
21styear,F8_n8,peak_amplitude,individual_TENT_column_vs_raw_feature,6.0,-0.01746273034444125,0.006863753640916381,10
21styear,F8_n8,peak_amplitude,individual_TENT_column_vs_raw_feature,7.5,0.005496791317088556,0.02107940732314453,10
21styear,F8_n8,rms,collapsed_factor_vs_matching_FIR_feature,,0.07577313273339994,0.02146709120530521,10
21styear,F8_n8,rms,collapsed_factor_vs_raw_feature,,0.036089058124041146,0.0351791515370396,10
21styear,F8_n8,rms,individual_TENT_column_vs_raw_feature,1.5,0.021375273004734355,-0.013172376125327841,10
21styear,F8_n8,rms,individual_TENT_column_vs_raw_feature,3.0,0.04045023631614936,0.042608205392246724,10
21styear,F8_n8,rms,individual_TENT_column_vs_raw_feature,4.5,0.0400554864195514,0.03492800424168392,10
21styear,F8_n8,rms,individual_TENT_column_vs_raw_feature,6.0,-0.012751208507461035,0.008967221775209096,10
21styear,F8_n8,rms,individual_TENT_column_vs_raw_feature,7.5,0.01332040747407948,0.03223426756376433,10
21styear,F8_n8,rms_dbfs,collapsed_factor_vs_matching_FIR_feature,,0.03756417623451276,0.008197032423124176,10
21styear,F8_n8,rms_dbfs,collapsed_factor_vs_raw_feature,,0.005180778309083222,0.01581517672327051,10
21styear,F8_n8,rms_dbfs,individual_TENT_column_vs_raw_feature,1.5,0.0065950910748302,-0.03149993427408414,10
21styear,F8_n8,rms_dbfs,individual_TENT_column_vs_raw_feature,3.0,0.018441679731833978,0.02342227916179055,10
21styear,F8_n8,rms_dbfs,individual_TENT_column_vs_raw_feature,4.5,0.011958169261097433,-0.0014502051933856538,10
21styear,F8_n8,rms_dbfs,individual_TENT_column_vs_raw_feature,6.0,-0.020830329550650357,0.00696523137390387,10
21styear,F8_n8,rms_dbfs,individual_TENT_column_vs_raw_feature,7.5,-0.0013158322194848349,0.041278289943493196,10
21styear,F8_n8,spectral_bandwidth_hz,collapsed_factor_vs_matching_FIR_feature,,-0.05644948795701123,-0.062245937369408685,10
21styear,F8_n8,spectral_bandwidth_hz,collapsed_factor_vs_raw_feature,,-0.0001500528533228075,0.0034176777385094255,10
21styear,F8_n8,spectral_bandwidth_hz,individual_TENT_column_vs_raw_feature,1.5,-0.003995253416618295,0.051780291890854833,10
21styear,F8_n8,spectral_bandwidth_hz,individual_TENT_column_vs_raw_feature,3.0,-0.014474449933115276,-0.00041796128324401316,10
21styear,F8_n8,spectral_bandwidth_hz,individual_TENT_column_vs_raw_feature,4.5,-0.006514538732612369,0.014829509538282947,10
21styear,F8_n8,spectral_bandwidth_hz,individual_TENT_column_vs_raw_feature,6.0,0.01884773902189936,0.002534510324626141,10
21styear,F8_n8,spectral_bandwidth_hz,individual_TENT_column_vs_raw_feature,7.5,0.006324748905215909,-0.0303873236717928,10
21styear,F8_n8,spectral_centroid_hz,collapsed_factor_vs_matching_FIR_feature,,-0.057165147440770156,-0.07581236263259178,10
21styear,F8_n8,spectral_centroid_hz,collapsed_factor_vs_raw_feature,,0.004074408660091459,0.005553045832356515,10
21styear,F8_n8,spectral_centroid_hz,individual_TENT_column_vs_raw_feature,1.5,-0.011235376971300384,0.047943912247654916,10
21styear,F8_n8,spectral_centroid_hz,individual_TENT_column_vs_raw_feature,3.0,-0.014842358854593864,0.000970765313110236,10
21styear,F8_n8,spectral_centroid_hz,individual_TENT_column_vs_raw_feature,4.5,-0.005442284551501911,0.009203680799219785,10
21styear,F8_n8,spectral_centroid_hz,individual_TENT_column_vs_raw_feature,6.0,0.02665959387336671,0.013005380862067133,10
21styear,F8_n8,spectral_centroid_hz,individual_TENT_column_vs_raw_feature,7.5,0.016592851633659342,-0.019624926864785713,10
21styear,F8_n8,spectral_flatness,collapsed_factor_vs_matching_FIR_feature,,-0.043118137322217594,-0.02429120206339772,10
21styear,F8_n8,spectral_flatness,collapsed_factor_vs_raw_feature,,0.000599249968219728,0.005419241223059964,10
21styear,F8_n8,spectral_flatness,individual_TENT_column_vs_raw_feature,1.5,-0.015940451496276365,0.049304691781789256,10
21styear,F8_n8,spectral_flatness,individual_TENT_column_vs_raw_feature,3.0,-0.016008798122555384,0.005303972281081935,10
21styear,F8_n8,spectral_flatness,individual_TENT_column_vs_raw_feature,4.5,-0.004971073058495988,0.02419189124549501,10
21styear,F8_n8,spectral_flatness,individual_TENT_column_vs_raw_feature,6.0,0.02316720297020657,0.007593741630326814,10
21styear,F8_n8,spectral_flatness,individual_TENT_column_vs_raw_feature,7.5,0.014672738368372698,-0.022951324556959335,10
21styear,F8_n8,spectral_flux,collapsed_factor_vs_matching_FIR_feature,,0.07687751161719024,0.018953848885673856,10
21styear,F8_n8,spectral_flux,collapsed_factor_vs_raw_feature,,0.02522923339672445,0.010961477236344422,10
21styear,F8_n8,spectral_flux,individual_TENT_column_vs_raw_feature,1.5,0.031692592174920806,-0.040379215211295054,10
21styear,F8_n8,spectral_flux,individual_TENT_column_vs_raw_feature,3.0,0.049444298608295544,0.011148268946507497,10
21styear,F8_n8,spectral_flux,individual_TENT_column_vs_raw_feature,4.5,0.030660275819061823,0.017365730913956722,10
21styear,F8_n8,spectral_flux,individual_TENT_column_vs_raw_feature,6.0,-0.02414435988299105,-0.0011227043246404339,10
21styear,F8_n8,spectral_flux,individual_TENT_column_vs_raw_feature,7.5,-0.01890071059924789,0.0025084104845998247,10
21styear,F8_n8,spectral_rolloff_85_hz,collapsed_factor_vs_matching_FIR_feature,,-0.05780647552061798,-0.07628051299662825,10
21styear,F8_n8,spectral_rolloff_85_hz,collapsed_factor_vs_raw_feature,,0.0017804238833847217,0.00267710660034755,10
21styear,F8_n8,spectral_rolloff_85_hz,individual_TENT_column_vs_raw_feature,1.5,-0.011175818269454608,0.04861948421803997,10
21styear,F8_n8,spectral_rolloff_85_hz,individual_TENT_column_vs_raw_feature,3.0,-0.015458254217882595,-0.0005156516074977941,10
21styear,F8_n8,spectral_rolloff_85_hz,individual_TENT_column_vs_raw_feature,4.5,-0.006552330210388363,0.00910212185697342,10
21styear,F8_n8,spectral_rolloff_85_hz,individual_TENT_column_vs_raw_feature,6.0,0.024075533326936977,0.006780248182701935,10
21styear,F8_n8,spectral_rolloff_85_hz,individual_TENT_column_vs_raw_feature,7.5,0.014365281127795856,-0.021520842779644264,10
21styear,F8_n8,word_count_per_tr,collapsed_factor_vs_matching_FIR_feature,,0.06283611322431362,0.030623022750657182,10
21styear,F8_n8,word_count_per_tr,collapsed_factor_vs_raw_feature,,0.002511794695354048,0.006151177578101295,10
21styear,F8_n8,word_count_per_tr,individual_TENT_column_vs_raw_feature,1.5,0.008157947611635059,-0.03287104560772304,10
21styear,F8_n8,word_count_per_tr,individual_TENT_column_vs_raw_feature,3.0,0.013133763153494534,0.0003174614410256528,10
21styear,F8_n8,word_count_per_tr,individual_TENT_column_vs_raw_feature,4.5,0.026797621236184045,0.0025953308947470307,10
21styear,F8_n8,word_count_per_tr,individual_TENT_column_vs_raw_feature,6.0,-0.0375272749840265,-0.008868610292915361,10
21styear,F8_n8,word_count_per_tr,individual_TENT_column_vs_raw_feature,7.5,-0.0024000672091342864,0.018610212883993824,10
21styear,F8_n8,zero_crossing_rate,collapsed_factor_vs_matching_FIR_feature,,-0.06250844548834808,-0.08477022291439557,10
21styear,F8_n8,zero_crossing_rate,collapsed_factor_vs_raw_feature,,0.0035486445059443802,0.002047753176505881,10
21styear,F8_n8,zero_crossing_rate,individual_TENT_column_vs_raw_feature,1.5,-0.00788502872828537,0.04960704930225379,10
21styear,F8_n8,zero_crossing_rate,individual_TENT_column_vs_raw_feature,3.0,-0.014745834752893502,-0.0017402798337272964,10
21styear,F8_n8,zero_crossing_rate,individual_TENT_column_vs_raw_feature,4.5,-0.00620763809819749,0.008226686694217498,10
21styear,F8_n8,zero_crossing_rate,individual_TENT_column_vs_raw_feature,6.0,0.025184986518241793,0.00791444229345113,10
21styear,F8_n8,zero_crossing_rate,individual_TENT_column_vs_raw_feature,7.5,0.014416929131420776,-0.025235358728988494,10
black,F1_n8,peak_amplitude,collapsed_factor_vs_matching_FIR_feature,,-0.014173025309575473,0.005794353730525746,40
black,F1_n8,peak_amplitude,collapsed_factor_vs_raw_feature,,-0.043085304373037314,-0.040432403093736094,40
black,F1_n8,peak_amplitude,individual_TENT_column_vs_raw_feature,1.5,-0.03632090635383138,-0.007351454064285637,40
black,F1_n8,peak_amplitude,individual_TENT_column_vs_raw_feature,3.0,-0.07295194384558437,-0.06343530092093154,40
black,F1_n8,peak_amplitude,individual_TENT_column_vs_raw_feature,4.5,0.029036445913360104,0.002303228538731337,40
black,F1_n8,peak_amplitude,individual_TENT_column_vs_raw_feature,6.0,-0.05097003990143669,-0.03425331291695784,40
black,F1_n8,peak_amplitude,individual_TENT_column_vs_raw_feature,7.5,0.011244711697819453,0.003839127920684931,40
black,F1_n8,rms,collapsed_factor_vs_matching_FIR_feature,,0.002802260018390748,0.024198995356423975,40
black,F1_n8,rms,collapsed_factor_vs_raw_feature,,-0.026973871101908554,-0.02563328524743398,40
black,F1_n8,rms,individual_TENT_column_vs_raw_feature,1.5,-0.021567251813651395,0.020660154802660813,40
black,F1_n8,rms,individual_TENT_column_vs_raw_feature,3.0,-0.0615369285462302,-0.04544007180678314,40
black,F1_n8,rms,individual_TENT_column_vs_raw_feature,4.5,0.02115228419644775,0.0009273860280173341,40
black,F1_n8,rms,individual_TENT_column_vs_raw_feature,6.0,-0.032438292624189714,-0.01479801562671713,40
black,F1_n8,rms,individual_TENT_column_vs_raw_feature,7.5,0.02492332199939914,0.018845605726365424,40
black,F1_n8,rms_dbfs,collapsed_factor_vs_matching_FIR_feature,,-0.02220326117540474,-0.017082195384583214,40
black,F1_n8,rms_dbfs,collapsed_factor_vs_raw_feature,,-0.019877464078285025,-0.018876560154212626,40
black,F1_n8,rms_dbfs,individual_TENT_column_vs_raw_feature,1.5,0.009609897915479157,0.0296440081912754,40
black,F1_n8,rms_dbfs,individual_TENT_column_vs_raw_feature,3.0,-0.0348916089545354,-0.042564000298416615,40
black,F1_n8,rms_dbfs,individual_TENT_column_vs_raw_feature,4.5,0.011385610501553359,0.0015117241743007174,40
black,F1_n8,rms_dbfs,individual_TENT_column_vs_raw_feature,6.0,-0.03846112797322244,-0.026719092184565984,40
black,F1_n8,rms_dbfs,individual_TENT_column_vs_raw_feature,7.5,0.006293094144858446,0.003183445293470928,40
black,F1_n8,spectral_bandwidth_hz,collapsed_factor_vs_matching_FIR_feature,,-0.01676847000131106,-0.07438587890395229,40
black,F1_n8,spectral_bandwidth_hz,collapsed_factor_vs_raw_feature,,0.009872617232673903,0.00834152949869397,40
black,F1_n8,spectral_bandwidth_hz,individual_TENT_column_vs_raw_feature,1.5,-0.04669553465147699,-0.0852424793676506,40
black,F1_n8,spectral_bandwidth_hz,individual_TENT_column_vs_raw_feature,3.0,0.0057673688570818995,-0.02617108313429342,40
black,F1_n8,spectral_bandwidth_hz,individual_TENT_column_vs_raw_feature,4.5,0.008101866883146567,0.002346751157235834,40
black,F1_n8,spectral_bandwidth_hz,individual_TENT_column_vs_raw_feature,6.0,0.06065201033392933,0.05008336405721599,40
black,F1_n8,spectral_bandwidth_hz,individual_TENT_column_vs_raw_feature,7.5,-0.025841081899707165,-0.029094116684080507,40
black,F1_n8,spectral_centroid_hz,collapsed_factor_vs_matching_FIR_feature,,-0.039923324847224176,-0.07984647428181407,40
black,F1_n8,spectral_centroid_hz,collapsed_factor_vs_raw_feature,,0.04008015347396133,0.034155905365819764,40
black,F1_n8,spectral_centroid_hz,individual_TENT_column_vs_raw_feature,1.5,0.0010058453629081462,-0.06223375432018602,40
black,F1_n8,spectral_centroid_hz,individual_TENT_column_vs_raw_feature,3.0,0.0437320582896984,0.014533662712162826,40
black,F1_n8,spectral_centroid_hz,individual_TENT_column_vs_raw_feature,4.5,0.05493546291830479,0.042620427879384665,40
black,F1_n8,spectral_centroid_hz,individual_TENT_column_vs_raw_feature,6.0,0.035584753808591586,0.014173263620393861,40
black,F1_n8,spectral_centroid_hz,individual_TENT_column_vs_raw_feature,7.5,-0.04488114778531573,-0.048479988863184297,40
black,F1_n8,spectral_flatness,collapsed_factor_vs_matching_FIR_feature,,0.0058715811230920754,-0.026604551289639917,40
black,F1_n8,spectral_flatness,collapsed_factor_vs_raw_feature,,-0.0005641419614418517,0.009088938562998583,40
black,F1_n8,spectral_flatness,individual_TENT_column_vs_raw_feature,1.5,-0.04855928763400848,-0.0556818995613409,40
black,F1_n8,spectral_flatness,individual_TENT_column_vs_raw_feature,3.0,-0.005329756955915088,0.009753006715619442,40
black,F1_n8,spectral_flatness,individual_TENT_column_vs_raw_feature,4.5,-0.020388529353082763,-0.004911223852056871,40
black,F1_n8,spectral_flatness,individual_TENT_column_vs_raw_feature,6.0,0.05394014432458392,0.03699917805335326,40
black,F1_n8,spectral_flatness,individual_TENT_column_vs_raw_feature,7.5,0.0033796095879474928,0.006093306008731441,40
black,F1_n8,spectral_flux,collapsed_factor_vs_matching_FIR_feature,,0.00347657064209375,0.07152563401979249,40
black,F1_n8,spectral_flux,collapsed_factor_vs_raw_feature,,-0.016556237094978558,-0.027903824755914058,40
black,F1_n8,spectral_flux,individual_TENT_column_vs_raw_feature,1.5,0.010744904271482036,0.036379041858506746,40
black,F1_n8,spectral_flux,individual_TENT_column_vs_raw_feature,3.0,-0.01737828999571782,0.0020642517688532393,40
black,F1_n8,spectral_flux,individual_TENT_column_vs_raw_feature,4.5,-0.013267322775533724,-0.0054709449691030775,40
black,F1_n8,spectral_flux,individual_TENT_column_vs_raw_feature,6.0,-0.01161246401777668,-0.011201471270000833,40
black,F1_n8,spectral_flux,individual_TENT_column_vs_raw_feature,7.5,-0.010548105889687598,-0.013669060411547699,40
black,F1_n8,spectral_rolloff_85_hz,collapsed_factor_vs_matching_FIR_feature,,-0.049553753776092835,-0.08650204081311359,40
black,F1_n8,spectral_rolloff_85_hz,collapsed_factor_vs_raw_feature,,0.02037015110085312,0.01727845151901655,40
black,F1_n8,spectral_rolloff_85_hz,individual_TENT_column_vs_raw_feature,1.5,-0.009841408588186539,-0.07017211826409954,40
black,F1_n8,spectral_rolloff_85_hz,individual_TENT_column_vs_raw_feature,3.0,0.03625398717380918,0.011794506072988101,40
black,F1_n8,spectral_rolloff_85_hz,individual_TENT_column_vs_raw_feature,4.5,0.039575099056342156,0.023730822175457997,40
black,F1_n8,spectral_rolloff_85_hz,individual_TENT_column_vs_raw_feature,6.0,0.020183032766322995,-0.006449970549439221,40
black,F1_n8,spectral_rolloff_85_hz,individual_TENT_column_vs_raw_feature,7.5,-0.0524303503095383,-0.06803568101727381,40
black,F1_n8,word_count_per_tr,collapsed_factor_vs_matching_FIR_feature,,-0.0361869909406782,-0.051430092739941737,40
black,F1_n8,word_count_per_tr,collapsed_factor_vs_raw_feature,,-0.08603003938474706,-0.09616492788653784,40
black,F1_n8,word_count_per_tr,individual_TENT_column_vs_raw_feature,1.5,-0.044286369861227574,-0.028308876968932917,40
black,F1_n8,word_count_per_tr,individual_TENT_column_vs_raw_feature,3.0,-0.06655300317574257,-0.08947624393261742,40
black,F1_n8,word_count_per_tr,individual_TENT_column_vs_raw_feature,4.5,-0.05879325709386031,-0.059556599445207706,40
black,F1_n8,word_count_per_tr,individual_TENT_column_vs_raw_feature,6.0,-0.0734386648557328,-0.06568081295309662,40
black,F1_n8,word_count_per_tr,individual_TENT_column_vs_raw_feature,7.5,0.009269999405579703,-0.01906196562790807,40
black,F1_n8,zero_crossing_rate,collapsed_factor_vs_matching_FIR_feature,,-0.03136022397324214,-0.07215622394844413,40
black,F1_n8,zero_crossing_rate,collapsed_factor_vs_raw_feature,,0.04118469784891879,0.03465701844270694,40
black,F1_n8,zero_crossing_rate,individual_TENT_column_vs_raw_feature,1.5,-0.011832639736524387,-0.06891845524229974,40
black,F1_n8,zero_crossing_rate,individual_TENT_column_vs_raw_feature,3.0,0.04256520893322755,0.008856456032269136,40
black,F1_n8,zero_crossing_rate,individual_TENT_column_vs_raw_feature,4.5,0.048275992402316614,0.03843750645990713,40
black,F1_n8,zero_crossing_rate,individual_TENT_column_vs_raw_feature,6.0,0.05165192082576512,0.03287447305681394,40
black,F1_n8,zero_crossing_rate,individual_TENT_column_vs_raw_feature,7.5,-0.04052540752026678,-0.04454550744737984,40
black,F2_n8,peak_amplitude,collapsed_factor_vs_matching_FIR_feature,,0.09192899801353203,0.061454748855991045,40
black,F2_n8,peak_amplitude,collapsed_factor_vs_raw_feature,,0.08394884652797309,0.0612907576257114,40
black,F2_n8,peak_amplitude,individual_TENT_column_vs_raw_feature,1.5,0.10376612290056073,0.08471868710632746,40
black,F2_n8,peak_amplitude,individual_TENT_column_vs_raw_feature,3.0,0.07293235394615764,0.060147246619296116,40
black,F2_n8,peak_amplitude,individual_TENT_column_vs_raw_feature,4.5,0.009336963866280978,0.020226160944400502,40
black,F2_n8,peak_amplitude,individual_TENT_column_vs_raw_feature,6.0,0.07383476897231775,0.0448923519433445,40
black,F2_n8,peak_amplitude,individual_TENT_column_vs_raw_feature,7.5,-0.007820255412306827,0.006444861449505622,40
black,F2_n8,rms,collapsed_factor_vs_matching_FIR_feature,,0.08068672976842015,0.06620151862901906,40
black,F2_n8,rms,collapsed_factor_vs_raw_feature,,0.0738000718690268,0.05048389189452337,40
black,F2_n8,rms,individual_TENT_column_vs_raw_feature,1.5,0.0862941699180722,0.06373902644341337,40
black,F2_n8,rms,individual_TENT_column_vs_raw_feature,3.0,0.06312840626170638,0.047724430904601406,40
black,F2_n8,rms,individual_TENT_column_vs_raw_feature,4.5,0.01779658117379245,0.025252770343190227,40
black,F2_n8,rms,individual_TENT_column_vs_raw_feature,6.0,0.06028358622939069,0.028495422311900685,40
black,F2_n8,rms,individual_TENT_column_vs_raw_feature,7.5,-0.007710393797280672,0.0077089468948397495,40
black,F2_n8,rms_dbfs,collapsed_factor_vs_matching_FIR_feature,,0.07684161880896849,0.09492497227373507,40
black,F2_n8,rms_dbfs,collapsed_factor_vs_raw_feature,,0.06565955759937642,0.06608711669514154,40
black,F2_n8,rms_dbfs,individual_TENT_column_vs_raw_feature,1.5,0.06921389060230225,0.07081927333896434,40
black,F2_n8,rms_dbfs,individual_TENT_column_vs_raw_feature,3.0,0.06458033486386343,0.09282423825292704,40
black,F2_n8,rms_dbfs,individual_TENT_column_vs_raw_feature,4.5,0.01062852492512064,0.04294344957286987,40
black,F2_n8,rms_dbfs,individual_TENT_column_vs_raw_feature,6.0,0.0472608235612099,0.051844728765895486,40
black,F2_n8,rms_dbfs,individual_TENT_column_vs_raw_feature,7.5,0.005176130690862239,0.011027143355359243,40
black,F2_n8,spectral_bandwidth_hz,collapsed_factor_vs_matching_FIR_feature,,0.05464249708506622,0.10894177817152424,40
black,F2_n8,spectral_bandwidth_hz,collapsed_factor_vs_raw_feature,,0.01716467922550016,0.042424042304306166,40
black,F2_n8,spectral_bandwidth_hz,individual_TENT_column_vs_raw_feature,1.5,-0.0011388604677896202,0.011780688908618702,40
black,F2_n8,spectral_bandwidth_hz,individual_TENT_column_vs_raw_feature,3.0,0.015958817791351436,0.016219802695669687,40
black,F2_n8,spectral_bandwidth_hz,individual_TENT_column_vs_raw_feature,4.5,0.023516217139480763,0.024440914455322704,40
black,F2_n8,spectral_bandwidth_hz,individual_TENT_column_vs_raw_feature,6.0,-0.005604037809051538,0.0008339063839536885,40
black,F2_n8,spectral_bandwidth_hz,individual_TENT_column_vs_raw_feature,7.5,0.017735517178579893,0.02713887019905691,40
black,F2_n8,spectral_centroid_hz,collapsed_factor_vs_matching_FIR_feature,,0.15617820592233037,0.20900570614747238,40
black,F2_n8,spectral_centroid_hz,collapsed_factor_vs_raw_feature,,0.07733980962344965,0.08904342907851334,40
black,F2_n8,spectral_centroid_hz,individual_TENT_column_vs_raw_feature,1.5,0.054105609480033,0.04147169743949016,40
black,F2_n8,spectral_centroid_hz,individual_TENT_column_vs_raw_feature,3.0,0.05458172892265632,0.05786563479640008,40
black,F2_n8,spectral_centroid_hz,individual_TENT_column_vs_raw_feature,4.5,0.024175628027973437,0.04590862677443704,40
black,F2_n8,spectral_centroid_hz,individual_TENT_column_vs_raw_feature,6.0,0.05644935811184373,0.06925439068971635,40
black,F2_n8,spectral_centroid_hz,individual_TENT_column_vs_raw_feature,7.5,0.04626412021098934,0.05042120727298224,40
black,F2_n8,spectral_flatness,collapsed_factor_vs_matching_FIR_feature,,-0.03007129315465739,-0.005082908531534983,40
black,F2_n8,spectral_flatness,collapsed_factor_vs_raw_feature,,-0.020621930596697317,-0.017766574399091396,40
black,F2_n8,spectral_flatness,individual_TENT_column_vs_raw_feature,1.5,-0.029259528818452857,-0.03523916306205225,40
black,F2_n8,spectral_flatness,individual_TENT_column_vs_raw_feature,3.0,-0.02487393836321312,-0.06024213604917511,40
black,F2_n8,spectral_flatness,individual_TENT_column_vs_raw_feature,4.5,0.019547148690132545,-0.013598324046212773,40
black,F2_n8,spectral_flatness,individual_TENT_column_vs_raw_feature,6.0,-0.0232370285090245,-0.03780109314380489,40
black,F2_n8,spectral_flatness,individual_TENT_column_vs_raw_feature,7.5,-0.008408471029808547,-0.006929498048372934,40
black,F2_n8,spectral_flux,collapsed_factor_vs_matching_FIR_feature,,-0.04491243698576534,-0.17741320721300619,40
black,F2_n8,spectral_flux,collapsed_factor_vs_raw_feature,,-0.003373622990743138,-0.03254416152493633,40
black,F2_n8,spectral_flux,individual_TENT_column_vs_raw_feature,1.5,-0.00966886817947521,-0.034585758183090086,40
black,F2_n8,spectral_flux,individual_TENT_column_vs_raw_feature,3.0,0.006284673914510054,0.01197909466640344,40
black,F2_n8,spectral_flux,individual_TENT_column_vs_raw_feature,4.5,-0.014337661049203537,-0.03715273626216315,40
black,F2_n8,spectral_flux,individual_TENT_column_vs_raw_feature,6.0,0.0024665343108201377,-0.027567927838820637,40
black,F2_n8,spectral_flux,individual_TENT_column_vs_raw_feature,7.5,0.004773260019653569,-0.01214014865719166,40
black,F2_n8,spectral_rolloff_85_hz,collapsed_factor_vs_matching_FIR_feature,,0.15283774177951864,0.21284852978280883,40
black,F2_n8,spectral_rolloff_85_hz,collapsed_factor_vs_raw_feature,,0.0841439368437113,0.09590823454439443,40
black,F2_n8,spectral_rolloff_85_hz,individual_TENT_column_vs_raw_feature,1.5,0.05024836649455557,0.040012285788067925,40
black,F2_n8,spectral_rolloff_85_hz,individual_TENT_column_vs_raw_feature,3.0,0.057913270441741625,0.06106400237252585,40
black,F2_n8,spectral_rolloff_85_hz,individual_TENT_column_vs_raw_feature,4.5,0.03420994669689197,0.054776193381143035,40
black,F2_n8,spectral_rolloff_85_hz,individual_TENT_column_vs_raw_feature,6.0,0.06342633330717569,0.07529485391378524,40
black,F2_n8,spectral_rolloff_85_hz,individual_TENT_column_vs_raw_feature,7.5,0.04672564034852898,0.05358464454202384,40
black,F2_n8,word_count_per_tr,collapsed_factor_vs_matching_FIR_feature,,-0.04278138624276546,-0.08537747587600711,40
black,F2_n8,word_count_per_tr,collapsed_factor_vs_raw_feature,,0.06446409023382574,0.07850823028908542,40
black,F2_n8,word_count_per_tr,individual_TENT_column_vs_raw_feature,1.5,0.07027950936319145,0.04927015622263691,40
black,F2_n8,word_count_per_tr,individual_TENT_column_vs_raw_feature,3.0,0.0600880966728166,0.05953426113144864,40
black,F2_n8,word_count_per_tr,individual_TENT_column_vs_raw_feature,4.5,0.026397811316959292,0.045474013768877566,40
black,F2_n8,word_count_per_tr,individual_TENT_column_vs_raw_feature,6.0,0.05135071799403248,0.05247220464754356,40
black,F2_n8,word_count_per_tr,individual_TENT_column_vs_raw_feature,7.5,-0.022517050787891013,-0.0053128003761988086,40
black,F2_n8,zero_crossing_rate,collapsed_factor_vs_matching_FIR_feature,,0.1294998792586261,0.19563194203446993,40
black,F2_n8,zero_crossing_rate,collapsed_factor_vs_raw_feature,,0.05744919679836637,0.06999584583507822,40
black,F2_n8,zero_crossing_rate,individual_TENT_column_vs_raw_feature,1.5,0.03767835259466309,0.022092090581978363,40
black,F2_n8,zero_crossing_rate,individual_TENT_column_vs_raw_feature,3.0,0.039875039493057325,0.04351307926212953,40
black,F2_n8,zero_crossing_rate,individual_TENT_column_vs_raw_feature,4.5,0.01863860357183959,0.030432741878666326,40
black,F2_n8,zero_crossing_rate,individual_TENT_column_vs_raw_feature,6.0,0.03833838360559742,0.04787766809488753,40
black,F2_n8,zero_crossing_rate,individual_TENT_column_vs_raw_feature,7.5,0.04200237464036735,0.0500426578659557,40
black,F3_n8,peak_amplitude,collapsed_factor_vs_matching_FIR_feature,,0.0056958117090211615,0.003704631355673657,40
black,F3_n8,peak_amplitude,collapsed_factor_vs_raw_feature,,-0.024170052886146917,-0.03738823609358337,40
black,F3_n8,peak_amplitude,individual_TENT_column_vs_raw_feature,1.5,-0.04833529739356418,-0.03687137690753512,40
black,F3_n8,peak_amplitude,individual_TENT_column_vs_raw_feature,3.0,0.028885283205366215,0.01992208098853686,40
black,F3_n8,peak_amplitude,individual_TENT_column_vs_raw_feature,4.5,0.006698362727968202,-0.018961619216390276,40
black,F3_n8,peak_amplitude,individual_TENT_column_vs_raw_feature,6.0,-0.05263610905404674,-0.0890320228547117,40
black,F3_n8,peak_amplitude,individual_TENT_column_vs_raw_feature,7.5,-0.01570224868091285,-0.031882437858695455,40
black,F3_n8,rms,collapsed_factor_vs_matching_FIR_feature,,-0.013367333931467084,-0.005380095491384588,40
black,F3_n8,rms,collapsed_factor_vs_raw_feature,,-0.029105929022614357,-0.03183400867857575,40
black,F3_n8,rms,individual_TENT_column_vs_raw_feature,1.5,-0.06133744685641984,-0.04202145673926417,40
black,F3_n8,rms,individual_TENT_column_vs_raw_feature,3.0,0.022858325813061704,0.016661499436123547,40
black,F3_n8,rms,individual_TENT_column_vs_raw_feature,4.5,0.005435969960282963,-0.01692512938359306,40
black,F3_n8,rms,individual_TENT_column_vs_raw_feature,6.0,-0.05144293059349915,-0.08230781444412115,40
black,F3_n8,rms,individual_TENT_column_vs_raw_feature,7.5,-0.01155024187691616,-0.024265935237366577,40
black,F3_n8,rms_dbfs,collapsed_factor_vs_matching_FIR_feature,,-0.03427922907362011,-0.026978128394048884,40
black,F3_n8,rms_dbfs,collapsed_factor_vs_raw_feature,,-0.038967002126280265,-0.03373854398644718,40
black,F3_n8,rms_dbfs,individual_TENT_column_vs_raw_feature,1.5,-0.058533098488140735,-0.0626245211531023,40
black,F3_n8,rms_dbfs,individual_TENT_column_vs_raw_feature,3.0,0.010233204498060462,-0.0046783561540452686,40
black,F3_n8,rms_dbfs,individual_TENT_column_vs_raw_feature,4.5,0.0005876739196742034,-0.009668817198595378,40
black,F3_n8,rms_dbfs,individual_TENT_column_vs_raw_feature,6.0,-0.06049098944977731,-0.09302334338807884,40
black,F3_n8,rms_dbfs,individual_TENT_column_vs_raw_feature,7.5,-0.013083366708330508,-0.04952285378888843,40
black,F3_n8,spectral_bandwidth_hz,collapsed_factor_vs_matching_FIR_feature,,0.09217779305061555,0.11916713869601045,40
black,F3_n8,spectral_bandwidth_hz,collapsed_factor_vs_raw_feature,,0.034041952847389575,0.020089807079787074,40
black,F3_n8,spectral_bandwidth_hz,individual_TENT_column_vs_raw_feature,1.5,0.08415714320583265,0.10468570746119628,40
black,F3_n8,spectral_bandwidth_hz,individual_TENT_column_vs_raw_feature,3.0,0.02616954513460389,0.06344712143276789,40
black,F3_n8,spectral_bandwidth_hz,individual_TENT_column_vs_raw_feature,4.5,0.003586853480120449,-0.0010142505232551297,40
black,F3_n8,spectral_bandwidth_hz,individual_TENT_column_vs_raw_feature,6.0,0.0086601611672841,0.006868295750589652,40
black,F3_n8,spectral_bandwidth_hz,individual_TENT_column_vs_raw_feature,7.5,-0.017143956736020885,-0.0021584309079348885,40
black,F3_n8,spectral_centroid_hz,collapsed_factor_vs_matching_FIR_feature,,0.00040698515538554965,0.023144776093367105,40
black,F3_n8,spectral_centroid_hz,collapsed_factor_vs_raw_feature,,-0.050151414275747375,-0.047587306511738786,40
black,F3_n8,spectral_centroid_hz,individual_TENT_column_vs_raw_feature,1.5,0.04707851001014438,0.05825115253720779,40
black,F3_n8,spectral_centroid_hz,individual_TENT_column_vs_raw_feature,3.0,-0.035119323965376086,0.0033790035609022927,40
black,F3_n8,spectral_centroid_hz,individual_TENT_column_vs_raw_feature,4.5,-0.044268285163901265,-0.047709682376071635,40
black,F3_n8,spectral_centroid_hz,individual_TENT_column_vs_raw_feature,6.0,-0.060952264062281436,-0.04771250194770233,40
black,F3_n8,spectral_centroid_hz,individual_TENT_column_vs_raw_feature,7.5,-0.03542080788692971,-0.028424665760811697,40
black,F3_n8,spectral_flatness,collapsed_factor_vs_matching_FIR_feature,,0.07702215103255763,0.05839934747384744,40
black,F3_n8,spectral_flatness,collapsed_factor_vs_raw_feature,,0.0411667017783026,0.020499740578049902,40
black,F3_n8,spectral_flatness,individual_TENT_column_vs_raw_feature,1.5,0.05736009229793544,0.08626936445107461,40
black,F3_n8,spectral_flatness,individual_TENT_column_vs_raw_feature,3.0,0.012557105899601972,0.035296662865375854,40
black,F3_n8,spectral_flatness,individual_TENT_column_vs_raw_feature,4.5,0.008410818860770292,0.01309318694406839,40
black,F3_n8,spectral_flatness,individual_TENT_column_vs_raw_feature,6.0,0.04648590762217691,0.04776408564920226,40
black,F3_n8,spectral_flatness,individual_TENT_column_vs_raw_feature,7.5,-0.0038573362604566565,0.02695416720858577,40
black,F3_n8,spectral_flux,collapsed_factor_vs_matching_FIR_feature,,0.0021094899001147063,-0.016041608831805144,40
black,F3_n8,spectral_flux,collapsed_factor_vs_raw_feature,,-0.01819598082146659,-0.006692526828932748,40
black,F3_n8,spectral_flux,individual_TENT_column_vs_raw_feature,1.5,-0.03929289730778594,-0.04555994797319417,40
black,F3_n8,spectral_flux,individual_TENT_column_vs_raw_feature,3.0,-0.003478744708027705,0.016283568392548367,40
black,F3_n8,spectral_flux,individual_TENT_column_vs_raw_feature,4.5,0.009026081862525261,0.031911803271086746,40
black,F3_n8,spectral_flux,individual_TENT_column_vs_raw_feature,6.0,-0.0129227842857003,-0.03582941731015931,40
black,F3_n8,spectral_flux,individual_TENT_column_vs_raw_feature,7.5,-0.016878221418147137,-0.058049882404030737,40
black,F3_n8,spectral_rolloff_85_hz,collapsed_factor_vs_matching_FIR_feature,,0.011119909264732284,0.02560019440217593,40
black,F3_n8,spectral_rolloff_85_hz,collapsed_factor_vs_raw_feature,,-0.043926894593194626,-0.040720191329358446,40
black,F3_n8,spectral_rolloff_85_hz,individual_TENT_column_vs_raw_feature,1.5,0.05558109686162369,0.067552711146987,40
black,F3_n8,spectral_rolloff_85_hz,individual_TENT_column_vs_raw_feature,3.0,-0.028981902618954013,0.011425756618299417,40
black,F3_n8,spectral_rolloff_85_hz,individual_TENT_column_vs_raw_feature,4.5,-0.042639685946079954,-0.05067823416824403,40
black,F3_n8,spectral_rolloff_85_hz,individual_TENT_column_vs_raw_feature,6.0,-0.05735891984777018,-0.044902322150476195,40
black,F3_n8,spectral_rolloff_85_hz,individual_TENT_column_vs_raw_feature,7.5,-0.037565883386503955,-0.018482309221775357,40
black,F3_n8,word_count_per_tr,collapsed_factor_vs_matching_FIR_feature,,0.07358630472688354,0.08441747962824699,40
black,F3_n8,word_count_per_tr,collapsed_factor_vs_raw_feature,,-0.015041732752417793,-0.003560223667208929,40
black,F3_n8,word_count_per_tr,individual_TENT_column_vs_raw_feature,1.5,0.008927644557968503,0.045558307647671874,40
black,F3_n8,word_count_per_tr,individual_TENT_column_vs_raw_feature,3.0,0.06913148255441764,0.09194730087660873,40
black,F3_n8,word_count_per_tr,individual_TENT_column_vs_raw_feature,4.5,-0.020174543568730722,0.006721616920198145,40
black,F3_n8,word_count_per_tr,individual_TENT_column_vs_raw_feature,6.0,-0.06860561518926377,-0.05749865482501328,40
black,F3_n8,word_count_per_tr,individual_TENT_column_vs_raw_feature,7.5,-0.03876619012860943,-0.03291459427769041,40
black,F3_n8,zero_crossing_rate,collapsed_factor_vs_matching_FIR_feature,,0.03347157390805399,0.06357543801714512,40
black,F3_n8,zero_crossing_rate,collapsed_factor_vs_raw_feature,,-0.023893053126919188,-0.020333655506578327,40
black,F3_n8,zero_crossing_rate,individual_TENT_column_vs_raw_feature,1.5,0.06249344387237986,0.07361426070759071,40
black,F3_n8,zero_crossing_rate,individual_TENT_column_vs_raw_feature,3.0,-0.015242428228412323,0.030129041453140482,40
black,F3_n8,zero_crossing_rate,individual_TENT_column_vs_raw_feature,4.5,-0.02701177688434141,-0.02775364251100309,40
black,F3_n8,zero_crossing_rate,individual_TENT_column_vs_raw_feature,6.0,-0.04163852840464225,-0.025767019153764885,40
black,F3_n8,zero_crossing_rate,individual_TENT_column_vs_raw_feature,7.5,-0.03497597823224652,-0.023311861222930563,40
black,F4_n8,peak_amplitude,collapsed_factor_vs_matching_FIR_feature,,0.003801703739354989,0.013805059123889745,40
black,F4_n8,peak_amplitude,collapsed_factor_vs_raw_feature,,0.041586522544318445,0.04443587271473405,40
black,F4_n8,peak_amplitude,individual_TENT_column_vs_raw_feature,1.5,0.05263946764462415,0.04180459487243024,40
black,F4_n8,peak_amplitude,individual_TENT_column_vs_raw_feature,3.0,0.08836541837398171,0.07671786909286128,40
black,F4_n8,peak_amplitude,individual_TENT_column_vs_raw_feature,4.5,-0.02411253845500726,-0.003524609131779463,40
black,F4_n8,peak_amplitude,individual_TENT_column_vs_raw_feature,6.0,-0.02077100211535288,-0.04473619105302935,40
black,F4_n8,peak_amplitude,individual_TENT_column_vs_raw_feature,7.5,0.03707342115251731,0.020798291928122777,40
black,F4_n8,rms,collapsed_factor_vs_matching_FIR_feature,,0.0045027521668155315,0.007073520306485589,40
black,F4_n8,rms,collapsed_factor_vs_raw_feature,,0.03344567591389633,0.040893443004415345,40
black,F4_n8,rms,individual_TENT_column_vs_raw_feature,1.5,0.0481408119303029,0.03842739604304932,40
black,F4_n8,rms,individual_TENT_column_vs_raw_feature,3.0,0.08123655232042538,0.0711043188662829,40
black,F4_n8,rms,individual_TENT_column_vs_raw_feature,4.5,-0.025028954987532277,-0.006142364500749693,40
black,F4_n8,rms,individual_TENT_column_vs_raw_feature,6.0,-0.02895146924863151,-0.05666453343008036,40
black,F4_n8,rms,individual_TENT_column_vs_raw_feature,7.5,0.03482382206204455,0.02336765642208572,40
black,F4_n8,rms_dbfs,collapsed_factor_vs_matching_FIR_feature,,0.024092580421174587,0.0730648753181491,40
black,F4_n8,rms_dbfs,collapsed_factor_vs_raw_feature,,0.037714875992154,0.06298123287678777,40
black,F4_n8,rms_dbfs,individual_TENT_column_vs_raw_feature,1.5,0.030869588418318484,0.056798185448574325,40
black,F4_n8,rms_dbfs,individual_TENT_column_vs_raw_feature,3.0,0.06293714843684776,0.10192256212491282,40
black,F4_n8,rms_dbfs,individual_TENT_column_vs_raw_feature,4.5,0.01922351524379866,0.027542804732624104,40
black,F4_n8,rms_dbfs,individual_TENT_column_vs_raw_feature,6.0,-0.02388844522230769,-0.03921803633328934,40
black,F4_n8,rms_dbfs,individual_TENT_column_vs_raw_feature,7.5,0.024283912022833906,0.015677970150368273,40
black,F4_n8,spectral_bandwidth_hz,collapsed_factor_vs_matching_FIR_feature,,-0.004551376662107748,0.006835337881480971,40
black,F4_n8,spectral_bandwidth_hz,collapsed_factor_vs_raw_feature,,-0.006970776595900089,-0.011458120342910069,40
black,F4_n8,spectral_bandwidth_hz,individual_TENT_column_vs_raw_feature,1.5,-0.044067604703890796,-0.06037406921787357,40
black,F4_n8,spectral_bandwidth_hz,individual_TENT_column_vs_raw_feature,3.0,-0.022125105528889202,-0.04976222207815124,40
black,F4_n8,spectral_bandwidth_hz,individual_TENT_column_vs_raw_feature,4.5,-0.008377987939396132,-0.0185177174263278,40
black,F4_n8,spectral_bandwidth_hz,individual_TENT_column_vs_raw_feature,6.0,0.013730194704010355,0.03822952343825281,40
black,F4_n8,spectral_bandwidth_hz,individual_TENT_column_vs_raw_feature,7.5,0.04549722219717144,0.08616871550348189,40
black,F4_n8,spectral_centroid_hz,collapsed_factor_vs_matching_FIR_feature,,0.02244864166993332,0.0280876011558104,40
black,F4_n8,spectral_centroid_hz,collapsed_factor_vs_raw_feature,,-0.0062194726277077315,0.009252969660062588,40
black,F4_n8,spectral_centroid_hz,individual_TENT_column_vs_raw_feature,1.5,-0.07886181246889273,-0.07605289284296674,40
black,F4_n8,spectral_centroid_hz,individual_TENT_column_vs_raw_feature,3.0,-0.03484694659501753,-0.029590464406881355,40
black,F4_n8,spectral_centroid_hz,individual_TENT_column_vs_raw_feature,4.5,0.02284619125453029,0.024088251111361016,40
black,F4_n8,spectral_centroid_hz,individual_TENT_column_vs_raw_feature,6.0,0.002506687464686133,0.022673404526422466,40
black,F4_n8,spectral_centroid_hz,individual_TENT_column_vs_raw_feature,7.5,0.07511885969101859,0.08330279452468116,40
black,F4_n8,spectral_flatness,collapsed_factor_vs_matching_FIR_feature,,-0.07933183898195148,-0.10520626632945149,40
black,F4_n8,spectral_flatness,collapsed_factor_vs_raw_feature,,-0.047825390249840484,-0.07884002479143586,40
black,F4_n8,spectral_flatness,individual_TENT_column_vs_raw_feature,1.5,-0.0408454374747505,-0.07629438630055978,40
black,F4_n8,spectral_flatness,individual_TENT_column_vs_raw_feature,3.0,-0.038453936329992874,-0.10625074917143892,40
black,F4_n8,spectral_flatness,individual_TENT_column_vs_raw_feature,4.5,-0.05396767801169704,-0.05160723407854122,40
black,F4_n8,spectral_flatness,individual_TENT_column_vs_raw_feature,6.0,0.006715647553822092,0.013815792545318301,40
black,F4_n8,spectral_flatness,individual_TENT_column_vs_raw_feature,7.5,-0.011741934508571283,0.025963221501494223,40
black,F4_n8,spectral_flux,collapsed_factor_vs_matching_FIR_feature,,0.03816120356120213,0.03835544929660991,40
black,F4_n8,spectral_flux,collapsed_factor_vs_raw_feature,,-0.0052105026639555786,-0.0012421352205110679,40
black,F4_n8,spectral_flux,individual_TENT_column_vs_raw_feature,1.5,0.02521937133003397,0.012190374583834901,40
black,F4_n8,spectral_flux,individual_TENT_column_vs_raw_feature,3.0,0.02171477725382782,0.034329405202632224,40
black,F4_n8,spectral_flux,individual_TENT_column_vs_raw_feature,4.5,-0.005908399070229951,-0.016505808474413523,40
black,F4_n8,spectral_flux,individual_TENT_column_vs_raw_feature,6.0,-0.0364972344577682,-0.047624769891962786,40
black,F4_n8,spectral_flux,individual_TENT_column_vs_raw_feature,7.5,-0.01661391637297383,-0.05121201315821159,40
black,F4_n8,spectral_rolloff_85_hz,collapsed_factor_vs_matching_FIR_feature,,0.024504700334129187,0.02777413064709929,40
black,F4_n8,spectral_rolloff_85_hz,collapsed_factor_vs_raw_feature,,0.0035912608117185238,0.012877850969640118,40
black,F4_n8,spectral_rolloff_85_hz,individual_TENT_column_vs_raw_feature,1.5,-0.06555178601289814,-0.07191543437848101,40
black,F4_n8,spectral_rolloff_85_hz,individual_TENT_column_vs_raw_feature,3.0,-0.023043720322702382,-0.027918519700411183,40
black,F4_n8,spectral_rolloff_85_hz,individual_TENT_column_vs_raw_feature,4.5,0.02052012892618358,0.018531024698823482,40
black,F4_n8,spectral_rolloff_85_hz,individual_TENT_column_vs_raw_feature,6.0,0.006302459620744079,0.033798737820669375,40
black,F4_n8,spectral_rolloff_85_hz,individual_TENT_column_vs_raw_feature,7.5,0.07850990766923428,0.09717413637274945,40
black,F4_n8,word_count_per_tr,collapsed_factor_vs_matching_FIR_feature,,-0.029869438187917034,-0.04403418068191853,40
black,F4_n8,word_count_per_tr,collapsed_factor_vs_raw_feature,,0.004759937729075032,0.016203829699671924,40
black,F4_n8,word_count_per_tr,individual_TENT_column_vs_raw_feature,1.5,0.01390812069067938,0.021019152404044648,40
black,F4_n8,word_count_per_tr,individual_TENT_column_vs_raw_feature,3.0,0.07726788502908119,0.0785900878542781,40
black,F4_n8,word_count_per_tr,individual_TENT_column_vs_raw_feature,4.5,-0.03792612493336353,-0.0278641717298034,40
black,F4_n8,word_count_per_tr,individual_TENT_column_vs_raw_feature,6.0,-0.05759167687612697,-0.03635401266477809,40
black,F4_n8,word_count_per_tr,individual_TENT_column_vs_raw_feature,7.5,0.029638981571795602,0.009051336899351132,40
black,F4_n8,zero_crossing_rate,collapsed_factor_vs_matching_FIR_feature,,0.015972694125104197,0.016014595394522577,40
black,F4_n8,zero_crossing_rate,collapsed_factor_vs_raw_feature,,-0.00701401389730226,0.005471959592816241,40
black,F4_n8,zero_crossing_rate,individual_TENT_column_vs_raw_feature,1.5,-0.07138123199347801,-0.07070394896716177,40
black,F4_n8,zero_crossing_rate,individual_TENT_column_vs_raw_feature,3.0,-0.038073760915686025,-0.03599302800658962,40
black,F4_n8,zero_crossing_rate,individual_TENT_column_vs_raw_feature,4.5,0.014133524650906911,0.00781764260864847,40
black,F4_n8,zero_crossing_rate,individual_TENT_column_vs_raw_feature,6.0,0.008132325082460303,0.033587463260119514,40
black,F4_n8,zero_crossing_rate,individual_TENT_column_vs_raw_feature,7.5,0.07328445437642199,0.08910035009141937,40
black,F5_n8,peak_amplitude,collapsed_factor_vs_matching_FIR_feature,,0.047601295814189405,0.04174608723257077,40
black,F5_n8,peak_amplitude,collapsed_factor_vs_raw_feature,,0.0050723393917230745,-0.005407003171071658,40
black,F5_n8,peak_amplitude,individual_TENT_column_vs_raw_feature,1.5,0.0866929216330823,0.09194449780028012,40
black,F5_n8,peak_amplitude,individual_TENT_column_vs_raw_feature,3.0,0.04192363676516761,0.03189839280954776,40
black,F5_n8,peak_amplitude,individual_TENT_column_vs_raw_feature,4.5,-0.01935515652799414,0.001074762887723076,40
black,F5_n8,peak_amplitude,individual_TENT_column_vs_raw_feature,6.0,-0.050754113312912005,-0.03997914065608237,40
black,F5_n8,peak_amplitude,individual_TENT_column_vs_raw_feature,7.5,-0.031089238974475852,-0.03252720976073395,40
black,F5_n8,rms,collapsed_factor_vs_matching_FIR_feature,,0.044749390352238586,0.041693935234877244,40
black,F5_n8,rms,collapsed_factor_vs_raw_feature,,0.006012210641457918,-0.0024234621228879246,40
black,F5_n8,rms,individual_TENT_column_vs_raw_feature,1.5,0.07871691625404374,0.08740174990214758,40
black,F5_n8,rms,individual_TENT_column_vs_raw_feature,3.0,0.03628696218794849,0.03101069765840368,40
black,F5_n8,rms,individual_TENT_column_vs_raw_feature,4.5,-0.015788159044229325,-0.0012037402179866281,40
black,F5_n8,rms,individual_TENT_column_vs_raw_feature,6.0,-0.04247290118366854,-0.031430994580761956,40
black,F5_n8,rms,individual_TENT_column_vs_raw_feature,7.5,-0.028244202034486514,-0.03346352811508132,40
black,F5_n8,rms_dbfs,collapsed_factor_vs_matching_FIR_feature,,0.09437899874997774,0.13094951857375628,40
black,F5_n8,rms_dbfs,collapsed_factor_vs_raw_feature,,0.07217480251615119,0.08485475234727806,40
black,F5_n8,rms_dbfs,individual_TENT_column_vs_raw_feature,1.5,0.10013525612234234,0.12222391942244817,40
black,F5_n8,rms_dbfs,individual_TENT_column_vs_raw_feature,3.0,0.08721144012709446,0.10146413053461034,40
black,F5_n8,rms_dbfs,individual_TENT_column_vs_raw_feature,4.5,0.029176927342467934,0.08165016891464662,40
black,F5_n8,rms_dbfs,individual_TENT_column_vs_raw_feature,6.0,-0.0002901258689947008,0.020123102351021445,40
black,F5_n8,rms_dbfs,individual_TENT_column_vs_raw_feature,7.5,-0.003779671034849364,-0.004549883732118176,40
black,F5_n8,spectral_bandwidth_hz,collapsed_factor_vs_matching_FIR_feature,,-0.006330968715805541,-0.010141219236140536,40
black,F5_n8,spectral_bandwidth_hz,collapsed_factor_vs_raw_feature,,-0.027825032398797113,-0.017012780563959964,40
black,F5_n8,spectral_bandwidth_hz,individual_TENT_column_vs_raw_feature,1.5,-0.08906604843941056,-0.07531171937404064,40
black,F5_n8,spectral_bandwidth_hz,individual_TENT_column_vs_raw_feature,3.0,-0.02623528699399027,-0.03217098755380713,40
black,F5_n8,spectral_bandwidth_hz,individual_TENT_column_vs_raw_feature,4.5,-0.005770870707307233,-0.030866538019084445,40
black,F5_n8,spectral_bandwidth_hz,individual_TENT_column_vs_raw_feature,6.0,0.00834077219284975,0.0023706452623357675,40
black,F5_n8,spectral_bandwidth_hz,individual_TENT_column_vs_raw_feature,7.5,0.023874665266424643,0.043177561984436875,40
black,F5_n8,spectral_centroid_hz,collapsed_factor_vs_matching_FIR_feature,,0.1915864284446496,0.21250860675094674,40
black,F5_n8,spectral_centroid_hz,collapsed_factor_vs_raw_feature,,0.06522456314609669,0.053425124037124315,40
black,F5_n8,spectral_centroid_hz,individual_TENT_column_vs_raw_feature,1.5,-0.021124763352975928,0.008867929109816085,40
black,F5_n8,spectral_centroid_hz,individual_TENT_column_vs_raw_feature,3.0,0.07132322317479622,0.06206929188704256,40
black,F5_n8,spectral_centroid_hz,individual_TENT_column_vs_raw_feature,4.5,0.05147819984174838,0.04284368089134161,40
black,F5_n8,spectral_centroid_hz,individual_TENT_column_vs_raw_feature,6.0,0.03681760374693461,0.019366698024854172,40
black,F5_n8,spectral_centroid_hz,individual_TENT_column_vs_raw_feature,7.5,0.03412881272448742,0.059513923588295645,40
black,F5_n8,spectral_flatness,collapsed_factor_vs_matching_FIR_feature,,-0.12831322303283213,-0.10778259855269609,40
black,F5_n8,spectral_flatness,collapsed_factor_vs_raw_feature,,-0.07353503918259081,-0.06415956736109503,40
black,F5_n8,spectral_flatness,individual_TENT_column_vs_raw_feature,1.5,-0.1096409371584034,-0.09208590687252968,40
black,F5_n8,spectral_flatness,individual_TENT_column_vs_raw_feature,3.0,-0.08712498386009038,-0.07611820542336782,40
black,F5_n8,spectral_flatness,individual_TENT_column_vs_raw_feature,4.5,-0.019081841903956967,-0.06842377504559066,40
black,F5_n8,spectral_flatness,individual_TENT_column_vs_raw_feature,6.0,-0.006132955082235696,-0.014599344536303707,40
black,F5_n8,spectral_flatness,individual_TENT_column_vs_raw_feature,7.5,0.003101138209539504,0.0030527763705356496,40
black,F5_n8,spectral_flux,collapsed_factor_vs_matching_FIR_feature,,-0.07492600000718998,-0.176208868771281,40
black,F5_n8,spectral_flux,collapsed_factor_vs_raw_feature,,-0.04795908765377563,-0.10579003298712161,40
black,F5_n8,spectral_flux,individual_TENT_column_vs_raw_feature,1.5,-0.041560982616958196,-0.060095331607988155,40
black,F5_n8,spectral_flux,individual_TENT_column_vs_raw_feature,3.0,-0.04078465046821327,-0.07993988179952345,40
black,F5_n8,spectral_flux,individual_TENT_column_vs_raw_feature,4.5,-0.016518759643616373,-0.02931179727507228,40
black,F5_n8,spectral_flux,individual_TENT_column_vs_raw_feature,6.0,-0.023952789348727428,-0.04533159141695511,40
black,F5_n8,spectral_flux,individual_TENT_column_vs_raw_feature,7.5,-0.018059857975783116,-0.05099220189050062,40
black,F5_n8,spectral_rolloff_85_hz,collapsed_factor_vs_matching_FIR_feature,,0.17242737200539243,0.18347882809846175,40
black,F5_n8,spectral_rolloff_85_hz,collapsed_factor_vs_raw_feature,,0.060962045854728884,0.053070710517454725,40
black,F5_n8,spectral_rolloff_85_hz,individual_TENT_column_vs_raw_feature,1.5,-0.02811044493479386,0.00020881213762854084,40
black,F5_n8,spectral_rolloff_85_hz,individual_TENT_column_vs_raw_feature,3.0,0.06582683699851878,0.052944394100953404,40
black,F5_n8,spectral_rolloff_85_hz,individual_TENT_column_vs_raw_feature,4.5,0.046223843594539564,0.03883328375769888,40
black,F5_n8,spectral_rolloff_85_hz,individual_TENT_column_vs_raw_feature,6.0,0.043769543289838175,0.022778403584355237,40
black,F5_n8,spectral_rolloff_85_hz,individual_TENT_column_vs_raw_feature,7.5,0.0309218089387177,0.05518492174973024,40
black,F5_n8,word_count_per_tr,collapsed_factor_vs_matching_FIR_feature,,-0.016397082932060058,-0.03644812855578529,40
black,F5_n8,word_count_per_tr,collapsed_factor_vs_raw_feature,,0.00810349762192792,0.0064709215327782375,40
black,F5_n8,word_count_per_tr,individual_TENT_column_vs_raw_feature,1.5,0.05143757677064746,0.03324105983676273,40
black,F5_n8,word_count_per_tr,individual_TENT_column_vs_raw_feature,3.0,0.005212921964649703,-0.032258576382953215,40
black,F5_n8,word_count_per_tr,individual_TENT_column_vs_raw_feature,4.5,-0.0012402418902517222,0.008614972268284235,40
black,F5_n8,word_count_per_tr,individual_TENT_column_vs_raw_feature,6.0,-0.0045261740384759455,-0.014431796036153601,40
black,F5_n8,word_count_per_tr,individual_TENT_column_vs_raw_feature,7.5,-0.023090336845168848,-0.040256811161151144,40
black,F5_n8,zero_crossing_rate,collapsed_factor_vs_matching_FIR_feature,,0.14239890446385792,0.14000991037945817,40
black,F5_n8,zero_crossing_rate,collapsed_factor_vs_raw_feature,,0.03809334144066266,0.028969164421688405,40
black,F5_n8,zero_crossing_rate,individual_TENT_column_vs_raw_feature,1.5,-0.04812426628091868,-0.02892702377194666,40
black,F5_n8,zero_crossing_rate,individual_TENT_column_vs_raw_feature,3.0,0.04682078956808895,0.03080284739495397,40
black,F5_n8,zero_crossing_rate,individual_TENT_column_vs_raw_feature,4.5,0.0364256277984444,0.021149717536889708,40
black,F5_n8,zero_crossing_rate,individual_TENT_column_vs_raw_feature,6.0,0.026672399800661634,0.010418715935400207,40
black,F5_n8,zero_crossing_rate,individual_TENT_column_vs_raw_feature,7.5,0.033230554543453666,0.0651016866444936,40
black,F6_n8,peak_amplitude,collapsed_factor_vs_matching_FIR_feature,,-0.04736921223926756,-0.05089119439302024,40
black,F6_n8,peak_amplitude,collapsed_factor_vs_raw_feature,,-0.022235921740767516,-0.004624429615119175,40
black,F6_n8,peak_amplitude,individual_TENT_column_vs_raw_feature,1.5,0.0025280607149413925,-0.008905692602877486,40
black,F6_n8,peak_amplitude,individual_TENT_column_vs_raw_feature,3.0,0.0184067111541678,0.04172626218891354,40
black,F6_n8,peak_amplitude,individual_TENT_column_vs_raw_feature,4.5,-0.049844039698201045,-0.004003141045203493,40
black,F6_n8,peak_amplitude,individual_TENT_column_vs_raw_feature,6.0,-0.0054807413735890945,-0.0030113747982854037,40
black,F6_n8,peak_amplitude,individual_TENT_column_vs_raw_feature,7.5,-0.034787388908221674,-0.058638950229577935,40
black,F6_n8,rms,collapsed_factor_vs_matching_FIR_feature,,-0.04604988919305594,-0.05833450431323718,40
black,F6_n8,rms,collapsed_factor_vs_raw_feature,,-0.018179026007406476,-0.0018237100857790276,40
black,F6_n8,rms,individual_TENT_column_vs_raw_feature,1.5,0.0002513193985791605,-0.00790121336405964,40
black,F6_n8,rms,individual_TENT_column_vs_raw_feature,3.0,0.020382549892695667,0.04346152778583203,40
black,F6_n8,rms,individual_TENT_column_vs_raw_feature,4.5,-0.03722341601543928,0.003610750659932467,40
black,F6_n8,rms,individual_TENT_column_vs_raw_feature,6.0,-0.0069166021533136985,-0.008382478012978662,40
black,F6_n8,rms,individual_TENT_column_vs_raw_feature,7.5,-0.03601464077304372,-0.05717728416916076,40
black,F6_n8,rms_dbfs,collapsed_factor_vs_matching_FIR_feature,,0.0076207447130421605,-0.002852995900381047,40
black,F6_n8,rms_dbfs,collapsed_factor_vs_raw_feature,,-0.005401439626661329,-0.001952720487773126,40
black,F6_n8,rms_dbfs,individual_TENT_column_vs_raw_feature,1.5,-0.01574496037876557,-0.02405063391742089,40
black,F6_n8,rms_dbfs,individual_TENT_column_vs_raw_feature,3.0,0.012918424944134702,0.037864931137392054,40
black,F6_n8,rms_dbfs,individual_TENT_column_vs_raw_feature,4.5,-0.012799120623263128,0.01008972863536146,40
black,F6_n8,rms_dbfs,individual_TENT_column_vs_raw_feature,6.0,0.011873688283443026,0.006395981354094836,40
black,F6_n8,rms_dbfs,individual_TENT_column_vs_raw_feature,7.5,-0.022711504286424627,-0.05065727231666054,40
black,F6_n8,spectral_bandwidth_hz,collapsed_factor_vs_matching_FIR_feature,,-0.07320104755931255,-0.05575294408167526,40
black,F6_n8,spectral_bandwidth_hz,collapsed_factor_vs_raw_feature,,0.010250321427288071,0.023884092093635383,40
black,F6_n8,spectral_bandwidth_hz,individual_TENT_column_vs_raw_feature,1.5,0.012798869675641816,0.019909262242200264,40
black,F6_n8,spectral_bandwidth_hz,individual_TENT_column_vs_raw_feature,3.0,-0.013483199129663694,-0.02330813347851587,40
black,F6_n8,spectral_bandwidth_hz,individual_TENT_column_vs_raw_feature,4.5,0.007819773099797011,0.004732036460091098,40
black,F6_n8,spectral_bandwidth_hz,individual_TENT_column_vs_raw_feature,6.0,-0.002935008628807337,0.027445312621239865,40
black,F6_n8,spectral_bandwidth_hz,individual_TENT_column_vs_raw_feature,7.5,0.039501137726123826,0.061229690789109836,40
black,F6_n8,spectral_centroid_hz,collapsed_factor_vs_matching_FIR_feature,,-0.09337913339061528,-0.08606645831993208,40
black,F6_n8,spectral_centroid_hz,collapsed_factor_vs_raw_feature,,-0.0015117689411234638,0.017073987507522544,40
black,F6_n8,spectral_centroid_hz,individual_TENT_column_vs_raw_feature,1.5,-0.050793712633714724,-0.023275554915431818,40
black,F6_n8,spectral_centroid_hz,individual_TENT_column_vs_raw_feature,3.0,-0.05652884216618407,-0.05190491577570444,40
black,F6_n8,spectral_centroid_hz,individual_TENT_column_vs_raw_feature,4.5,-0.005529392758349353,0.010405231471164823,40
black,F6_n8,spectral_centroid_hz,individual_TENT_column_vs_raw_feature,6.0,0.04203782460006884,0.06744458718635576,40
black,F6_n8,spectral_centroid_hz,individual_TENT_column_vs_raw_feature,7.5,0.0742587411649514,0.09108162042585674,40
black,F6_n8,spectral_flatness,collapsed_factor_vs_matching_FIR_feature,,-0.05776311063050142,-0.03246819264997512,40
black,F6_n8,spectral_flatness,collapsed_factor_vs_raw_feature,,0.005761096438211008,-0.0046704867253642025,40
black,F6_n8,spectral_flatness,individual_TENT_column_vs_raw_feature,1.5,0.03179285274418561,0.020684712201881488,40
black,F6_n8,spectral_flatness,individual_TENT_column_vs_raw_feature,3.0,0.008762576100620378,-0.03690584300270657,40
black,F6_n8,spectral_flatness,individual_TENT_column_vs_raw_feature,4.5,0.010886700521569736,-0.013320849279069485,40
black,F6_n8,spectral_flatness,individual_TENT_column_vs_raw_feature,6.0,-0.03168165077224549,-0.003177187299182519,40
black,F6_n8,spectral_flatness,individual_TENT_column_vs_raw_feature,7.5,0.0080962540539903,0.036433806043218456,40
black,F6_n8,spectral_flux,collapsed_factor_vs_matching_FIR_feature,,0.018509727846494402,0.0025435823204183524,40
black,F6_n8,spectral_flux,collapsed_factor_vs_raw_feature,,-0.008323520001433889,-0.021324369910150583,40
black,F6_n8,spectral_flux,individual_TENT_column_vs_raw_feature,1.5,0.00627090906269859,-0.024094777882787362,40
black,F6_n8,spectral_flux,individual_TENT_column_vs_raw_feature,3.0,0.016325030079623222,0.024677939214071864,40
black,F6_n8,spectral_flux,individual_TENT_column_vs_raw_feature,4.5,-0.01347579828981672,-0.04442065206887175,40
black,F6_n8,spectral_flux,individual_TENT_column_vs_raw_feature,6.0,-0.02941662524752265,-0.04973337569146803,40
black,F6_n8,spectral_flux,individual_TENT_column_vs_raw_feature,7.5,0.0002816175148002328,-0.022351993640507408,40
black,F6_n8,spectral_rolloff_85_hz,collapsed_factor_vs_matching_FIR_feature,,-0.08523408581700985,-0.07986886499843542,40
black,F6_n8,spectral_rolloff_85_hz,collapsed_factor_vs_raw_feature,,0.00976144015955959,0.025086957223818495,40
black,F6_n8,spectral_rolloff_85_hz,individual_TENT_column_vs_raw_feature,1.5,-0.03414306594111491,-0.011670183558249853,40
black,F6_n8,spectral_rolloff_85_hz,individual_TENT_column_vs_raw_feature,3.0,-0.04558823826027881,-0.04800439395266319,40
black,F6_n8,spectral_rolloff_85_hz,individual_TENT_column_vs_raw_feature,4.5,-0.005086747743129496,0.008303568251899674,40
black,F6_n8,spectral_rolloff_85_hz,individual_TENT_column_vs_raw_feature,6.0,0.05052183017664895,0.0760397270892891,40
black,F6_n8,spectral_rolloff_85_hz,individual_TENT_column_vs_raw_feature,7.5,0.07225945339311869,0.09252818698603225,40
black,F6_n8,word_count_per_tr,collapsed_factor_vs_matching_FIR_feature,,0.08089862885246657,0.10699741823245099,40
black,F6_n8,word_count_per_tr,collapsed_factor_vs_raw_feature,,0.06590227669781391,0.07224906488862502,40
black,F6_n8,word_count_per_tr,individual_TENT_column_vs_raw_feature,1.5,0.05702479505090217,0.03998444683044822,40
black,F6_n8,word_count_per_tr,individual_TENT_column_vs_raw_feature,3.0,0.040732946321247555,0.06987005242702549,40
black,F6_n8,word_count_per_tr,individual_TENT_column_vs_raw_feature,4.5,0.054548065497620965,0.07730962641345887,40
black,F6_n8,word_count_per_tr,individual_TENT_column_vs_raw_feature,6.0,0.03336097984649682,0.03433708265345278,40
black,F6_n8,word_count_per_tr,individual_TENT_column_vs_raw_feature,7.5,0.01040336501945891,0.013792212341387194,40
black,F6_n8,zero_crossing_rate,collapsed_factor_vs_matching_FIR_feature,,-0.09005690514857281,-0.09189836452475701,40
black,F6_n8,zero_crossing_rate,collapsed_factor_vs_raw_feature,,-0.002941767722156187,0.019864123266457635,40
black,F6_n8,zero_crossing_rate,individual_TENT_column_vs_raw_feature,1.5,-0.04057842940985736,-0.00754724621466705,40
black,F6_n8,zero_crossing_rate,individual_TENT_column_vs_raw_feature,3.0,-0.05485636351385834,-0.05093947012339015,40
black,F6_n8,zero_crossing_rate,individual_TENT_column_vs_raw_feature,4.5,-0.0017945080895419643,0.008974462345323845,40
black,F6_n8,zero_crossing_rate,individual_TENT_column_vs_raw_feature,6.0,0.02882145522950994,0.0579853633736188,40
black,F6_n8,zero_crossing_rate,individual_TENT_column_vs_raw_feature,7.5,0.0699010394909022,0.08901128123777637,40
black,F7_n8,peak_amplitude,collapsed_factor_vs_matching_FIR_feature,,0.04847868002349091,0.05760696577434543,40
black,F7_n8,peak_amplitude,collapsed_factor_vs_raw_feature,,0.01585406400986261,0.019553999929092396,40
black,F7_n8,peak_amplitude,individual_TENT_column_vs_raw_feature,1.5,-0.00018370003685153327,-0.03392256002105502,40
black,F7_n8,peak_amplitude,individual_TENT_column_vs_raw_feature,3.0,0.027184233022976022,-0.02034805356352988,40
black,F7_n8,peak_amplitude,individual_TENT_column_vs_raw_feature,4.5,-0.02435335944678274,-0.00583575426581211,40
black,F7_n8,peak_amplitude,individual_TENT_column_vs_raw_feature,6.0,0.0714168414826088,0.09518172719572189,40
black,F7_n8,peak_amplitude,individual_TENT_column_vs_raw_feature,7.5,-0.045517871096783305,-0.026910932532295057,40
black,F7_n8,rms,collapsed_factor_vs_matching_FIR_feature,,0.023640981611189313,0.032619414915150254,40
black,F7_n8,rms,collapsed_factor_vs_raw_feature,,-0.004974591140825213,-0.00018696948266926178,40
black,F7_n8,rms,individual_TENT_column_vs_raw_feature,1.5,-0.008133674169762697,-0.04081769902822055,40
black,F7_n8,rms,individual_TENT_column_vs_raw_feature,3.0,0.0032520679070642015,-0.03589885894901155,40
black,F7_n8,rms,individual_TENT_column_vs_raw_feature,4.5,-0.034977357000254054,-0.025514701780244918,40
black,F7_n8,rms,individual_TENT_column_vs_raw_feature,6.0,0.05682458548241751,0.07323385588962641,40
black,F7_n8,rms,individual_TENT_column_vs_raw_feature,7.5,-0.04600465635003262,-0.03753248637934426,40
black,F7_n8,rms_dbfs,collapsed_factor_vs_matching_FIR_feature,,0.0014293644448625136,0.02033834100757943,40
black,F7_n8,rms_dbfs,collapsed_factor_vs_raw_feature,,-0.009186516239680784,-0.005373425027963471,40
black,F7_n8,rms_dbfs,individual_TENT_column_vs_raw_feature,1.5,-0.03406546664275845,-0.04213771487998561,40
black,F7_n8,rms_dbfs,individual_TENT_column_vs_raw_feature,3.0,0.00473888136693732,-0.02285121869490886,40
black,F7_n8,rms_dbfs,individual_TENT_column_vs_raw_feature,4.5,-0.02317049157695669,-0.0050474309422729995,40
black,F7_n8,rms_dbfs,individual_TENT_column_vs_raw_feature,6.0,0.04013357421377644,0.07233274969881648,40
black,F7_n8,rms_dbfs,individual_TENT_column_vs_raw_feature,7.5,-0.0312740731309622,-0.022838634250121243,40
black,F7_n8,spectral_bandwidth_hz,collapsed_factor_vs_matching_FIR_feature,,0.02501067977022182,0.012698939076574992,40
black,F7_n8,spectral_bandwidth_hz,collapsed_factor_vs_raw_feature,,0.09512306453602094,0.12411394204693052,40
black,F7_n8,spectral_bandwidth_hz,individual_TENT_column_vs_raw_feature,1.5,0.05294167373096035,0.036371548513125206,40
black,F7_n8,spectral_bandwidth_hz,individual_TENT_column_vs_raw_feature,3.0,0.018655538541255956,0.05648267208316331,40
black,F7_n8,spectral_bandwidth_hz,individual_TENT_column_vs_raw_feature,4.5,0.0840212677460128,0.10144157396115619,40
black,F7_n8,spectral_bandwidth_hz,individual_TENT_column_vs_raw_feature,6.0,0.04040095171173834,0.06406103009337427,40
black,F7_n8,spectral_bandwidth_hz,individual_TENT_column_vs_raw_feature,7.5,0.10076616461969934,0.11846950751582411,40
black,F7_n8,spectral_centroid_hz,collapsed_factor_vs_matching_FIR_feature,,0.001206065798765286,-0.028149491077268295,40
black,F7_n8,spectral_centroid_hz,collapsed_factor_vs_raw_feature,,0.0814935123666462,0.1046791784430126,40
black,F7_n8,spectral_centroid_hz,individual_TENT_column_vs_raw_feature,1.5,0.0028694186951222543,0.0025145367162740097,40
black,F7_n8,spectral_centroid_hz,individual_TENT_column_vs_raw_feature,3.0,-0.005886547632773417,0.027029390147033976,40
black,F7_n8,spectral_centroid_hz,individual_TENT_column_vs_raw_feature,4.5,0.06660702773362373,0.12470961933635345,40
black,F7_n8,spectral_centroid_hz,individual_TENT_column_vs_raw_feature,6.0,0.0768399739416107,0.09839658113826365,40
black,F7_n8,spectral_centroid_hz,individual_TENT_column_vs_raw_feature,7.5,0.10720189843209457,0.13579510820226248,40
black,F7_n8,spectral_flatness,collapsed_factor_vs_matching_FIR_feature,,0.001722024474835528,-0.017683025338876363,40
black,F7_n8,spectral_flatness,collapsed_factor_vs_raw_feature,,0.04878013255195845,0.07428769298153728,40
black,F7_n8,spectral_flatness,individual_TENT_column_vs_raw_feature,1.5,0.0577086044988079,0.03640842170772543,40
black,F7_n8,spectral_flatness,individual_TENT_column_vs_raw_feature,3.0,0.00891619799797468,0.03219802652326821,40
black,F7_n8,spectral_flatness,individual_TENT_column_vs_raw_feature,4.5,0.05587064407683816,0.05234285403558124,40
black,F7_n8,spectral_flatness,individual_TENT_column_vs_raw_feature,6.0,-0.0100321762474169,0.00698407905574548,40
black,F7_n8,spectral_flatness,individual_TENT_column_vs_raw_feature,7.5,0.04773944798671658,0.06713398889539612,40
black,F7_n8,spectral_flux,collapsed_factor_vs_matching_FIR_feature,,0.009459888354343358,-0.015686786840756944,40
black,F7_n8,spectral_flux,collapsed_factor_vs_raw_feature,,-0.058380989938717744,-0.09630111343391279,40
black,F7_n8,spectral_flux,individual_TENT_column_vs_raw_feature,1.5,-0.003366301786424767,-0.0006785187147210726,40
black,F7_n8,spectral_flux,individual_TENT_column_vs_raw_feature,3.0,-0.022185589734823125,-0.062434426419831844,40
black,F7_n8,spectral_flux,individual_TENT_column_vs_raw_feature,4.5,-0.07221642268045203,-0.13190711827939602,40
black,F7_n8,spectral_flux,individual_TENT_column_vs_raw_feature,6.0,-0.033711525578590716,-0.043390388610765926,40
black,F7_n8,spectral_flux,individual_TENT_column_vs_raw_feature,7.5,-0.03371703012495003,-0.06929661338137466,40
black,F7_n8,spectral_rolloff_85_hz,collapsed_factor_vs_matching_FIR_feature,,0.012287783932614538,-0.014156905025307875,40
black,F7_n8,spectral_rolloff_85_hz,collapsed_factor_vs_raw_feature,,0.09287056972855738,0.10687209344662367,40
black,F7_n8,spectral_rolloff_85_hz,individual_TENT_column_vs_raw_feature,1.5,0.017733145253055492,0.006673567662375576,40
black,F7_n8,spectral_rolloff_85_hz,individual_TENT_column_vs_raw_feature,3.0,0.0026531908498897677,0.033869697671552165,40
black,F7_n8,spectral_rolloff_85_hz,individual_TENT_column_vs_raw_feature,4.5,0.07588919618561889,0.11985091306285249,40
black,F7_n8,spectral_rolloff_85_hz,individual_TENT_column_vs_raw_feature,6.0,0.07439429888058913,0.08447791337679621,40
black,F7_n8,spectral_rolloff_85_hz,individual_TENT_column_vs_raw_feature,7.5,0.11326402913025144,0.12660803123170622,40
black,F7_n8,word_count_per_tr,collapsed_factor_vs_matching_FIR_feature,,0.0612028668655862,0.06504354686917979,40
black,F7_n8,word_count_per_tr,collapsed_factor_vs_raw_feature,,0.0382021453218809,0.06308213022986334,40
black,F7_n8,word_count_per_tr,individual_TENT_column_vs_raw_feature,1.5,0.0025468606039249202,-0.03313467094805211,40
black,F7_n8,word_count_per_tr,individual_TENT_column_vs_raw_feature,3.0,0.03507625337414046,0.03510687622967509,40
black,F7_n8,word_count_per_tr,individual_TENT_column_vs_raw_feature,4.5,0.027891274365451572,0.03447232162667562,40
black,F7_n8,word_count_per_tr,individual_TENT_column_vs_raw_feature,6.0,0.03562438203884194,0.06674988557666804,40
black,F7_n8,word_count_per_tr,individual_TENT_column_vs_raw_feature,7.5,0.000864165089756738,-0.023442805911507474,40
black,F7_n8,zero_crossing_rate,collapsed_factor_vs_matching_FIR_feature,,0.009877029663061757,-0.006208865173292983,40
black,F7_n8,zero_crossing_rate,collapsed_factor_vs_raw_feature,,0.08799509437379098,0.11057384857991728,40
black,F7_n8,zero_crossing_rate,individual_TENT_column_vs_raw_feature,1.5,0.01452331380044406,0.011307793062173145,40
black,F7_n8,zero_crossing_rate,individual_TENT_column_vs_raw_feature,3.0,-0.0025177897785664816,0.03601992303711987,40
black,F7_n8,zero_crossing_rate,individual_TENT_column_vs_raw_feature,4.5,0.07761181178178388,0.12756475442643778,40
black,F7_n8,zero_crossing_rate,individual_TENT_column_vs_raw_feature,6.0,0.06659681065406539,0.08842528230319605,40
black,F7_n8,zero_crossing_rate,individual_TENT_column_vs_raw_feature,7.5,0.1141196815337288,0.13398202867051498,40
black,F8_n8,peak_amplitude,collapsed_factor_vs_matching_FIR_feature,,-0.03850110678800488,-0.13508045207112335,40
black,F8_n8,peak_amplitude,collapsed_factor_vs_raw_feature,,-0.02668972397126514,-0.07723047866815631,40
black,F8_n8,peak_amplitude,individual_TENT_column_vs_raw_feature,1.5,-0.017978964784124717,-0.0771745205209672,40
black,F8_n8,peak_amplitude,individual_TENT_column_vs_raw_feature,3.0,-0.03318250623804291,-0.11404805762598669,40
black,F8_n8,peak_amplitude,individual_TENT_column_vs_raw_feature,4.5,-0.015054270949338644,-0.02874813545638984,40
black,F8_n8,peak_amplitude,individual_TENT_column_vs_raw_feature,6.0,0.0121506463630827,-0.00931803356905415,40
black,F8_n8,peak_amplitude,individual_TENT_column_vs_raw_feature,7.5,-0.03232744626198983,-0.047339298524001774,40
black,F8_n8,rms,collapsed_factor_vs_matching_FIR_feature,,-0.036787572948488015,-0.13952747375275484,40
black,F8_n8,rms,collapsed_factor_vs_raw_feature,,-0.028233224371734634,-0.07698165489096974,40
black,F8_n8,rms,individual_TENT_column_vs_raw_feature,1.5,-0.016384696636130375,-0.06731928751348006,40
black,F8_n8,rms,individual_TENT_column_vs_raw_feature,3.0,-0.030107593628306083,-0.1150623804459503,40
black,F8_n8,rms,individual_TENT_column_vs_raw_feature,4.5,-0.018109616317848947,-0.028334345245408964,40
black,F8_n8,rms,individual_TENT_column_vs_raw_feature,6.0,0.0026691245600289847,-0.02038539444482601,40
black,F8_n8,rms,individual_TENT_column_vs_raw_feature,7.5,-0.025866151389599745,-0.042090126375277676,40
black,F8_n8,rms_dbfs,collapsed_factor_vs_matching_FIR_feature,,-0.03284504381519818,-0.07724475326537585,40
black,F8_n8,rms_dbfs,collapsed_factor_vs_raw_feature,,-0.041494571921983775,-0.04802533332887235,40
black,F8_n8,rms_dbfs,individual_TENT_column_vs_raw_feature,1.5,-0.020611054056171522,-0.050364962959680445,40
black,F8_n8,rms_dbfs,individual_TENT_column_vs_raw_feature,3.0,-0.041734203652635866,-0.09325021045928666,40
black,F8_n8,rms_dbfs,individual_TENT_column_vs_raw_feature,4.5,-0.041142205604084874,-0.008711464184913403,40
black,F8_n8,rms_dbfs,individual_TENT_column_vs_raw_feature,6.0,-0.0048875052139034075,0.018732691688990794,40
black,F8_n8,rms_dbfs,individual_TENT_column_vs_raw_feature,7.5,-0.01044221653726376,-0.01887908012809437,40
black,F8_n8,spectral_bandwidth_hz,collapsed_factor_vs_matching_FIR_feature,,-0.011187639528579702,-0.024714672569130826,40
black,F8_n8,spectral_bandwidth_hz,collapsed_factor_vs_raw_feature,,0.08518302386022035,0.06921084396746065,40
black,F8_n8,spectral_bandwidth_hz,individual_TENT_column_vs_raw_feature,1.5,0.04269229640198694,0.04187871221932284,40
black,F8_n8,spectral_bandwidth_hz,individual_TENT_column_vs_raw_feature,3.0,0.045965256908611085,0.05408773414646363,40
black,F8_n8,spectral_bandwidth_hz,individual_TENT_column_vs_raw_feature,4.5,0.059142404399711634,0.025242395765523458,40
black,F8_n8,spectral_bandwidth_hz,individual_TENT_column_vs_raw_feature,6.0,0.05399508309670702,0.0470231889807071,40
black,F8_n8,spectral_bandwidth_hz,individual_TENT_column_vs_raw_feature,7.5,0.052530926886372106,0.09839971100250439,40
black,F8_n8,spectral_centroid_hz,collapsed_factor_vs_matching_FIR_feature,,-0.0922219527771812,-0.14591497529697317,40
black,F8_n8,spectral_centroid_hz,collapsed_factor_vs_raw_feature,,0.05999292334587446,0.030066741398598395,40
black,F8_n8,spectral_centroid_hz,individual_TENT_column_vs_raw_feature,1.5,0.0016595570144481285,-0.02165172471379166,40
black,F8_n8,spectral_centroid_hz,individual_TENT_column_vs_raw_feature,3.0,0.009230901950785523,-0.041486020226637055,40
black,F8_n8,spectral_centroid_hz,individual_TENT_column_vs_raw_feature,4.5,0.04526935630772983,0.04336689139443273,40
black,F8_n8,spectral_centroid_hz,individual_TENT_column_vs_raw_feature,6.0,0.06268830187233153,0.047404011892621445,40
black,F8_n8,spectral_centroid_hz,individual_TENT_column_vs_raw_feature,7.5,0.05835017072839408,0.09834838606060736,40
black,F8_n8,spectral_flatness,collapsed_factor_vs_matching_FIR_feature,,0.030223730525605265,0.03405067344844572,40
black,F8_n8,spectral_flatness,collapsed_factor_vs_raw_feature,,0.07448490263707619,0.06027717230702595,40
black,F8_n8,spectral_flatness,individual_TENT_column_vs_raw_feature,1.5,0.036214360512381485,0.04959344515153607,40
black,F8_n8,spectral_flatness,individual_TENT_column_vs_raw_feature,3.0,0.05902331613554766,0.09059952393960416,40
black,F8_n8,spectral_flatness,individual_TENT_column_vs_raw_feature,4.5,0.07272113786033564,0.034586709188109806,40
black,F8_n8,spectral_flatness,individual_TENT_column_vs_raw_feature,6.0,0.02387614384434267,0.011446918595287823,40
black,F8_n8,spectral_flatness,individual_TENT_column_vs_raw_feature,7.5,0.022414771948654454,0.05493060256575864,40
black,F8_n8,spectral_flux,collapsed_factor_vs_matching_FIR_feature,,0.049187338289533436,0.04810881041549983,40
black,F8_n8,spectral_flux,collapsed_factor_vs_raw_feature,,-0.036026227740419005,-0.09689758359293754,40
black,F8_n8,spectral_flux,individual_TENT_column_vs_raw_feature,1.5,-0.010918531978825606,-0.04237861480527119,40
black,F8_n8,spectral_flux,individual_TENT_column_vs_raw_feature,3.0,-0.008184499401761108,-0.07069154080922074,40
black,F8_n8,spectral_flux,individual_TENT_column_vs_raw_feature,4.5,-0.026834723730377978,-0.08884618416556583,40
black,F8_n8,spectral_flux,individual_TENT_column_vs_raw_feature,6.0,-0.025955653393083804,-0.09975893853025486,40
black,F8_n8,spectral_flux,individual_TENT_column_vs_raw_feature,7.5,-0.038946511463629076,-0.1215480762468937,40
black,F8_n8,spectral_rolloff_85_hz,collapsed_factor_vs_matching_FIR_feature,,-0.08097122844937209,-0.13021663152696802,40
black,F8_n8,spectral_rolloff_85_hz,collapsed_factor_vs_raw_feature,,0.06194214299400076,0.02694550475966314,40
black,F8_n8,spectral_rolloff_85_hz,individual_TENT_column_vs_raw_feature,1.5,0.01768020381150012,-0.010299531635486138,40
black,F8_n8,spectral_rolloff_85_hz,individual_TENT_column_vs_raw_feature,3.0,0.021376984156898846,-0.02474176537951163,40
black,F8_n8,spectral_rolloff_85_hz,individual_TENT_column_vs_raw_feature,4.5,0.03873213333527576,0.029941653227054547,40
black,F8_n8,spectral_rolloff_85_hz,individual_TENT_column_vs_raw_feature,6.0,0.05259062220099595,0.02566611517912386,40
black,F8_n8,spectral_rolloff_85_hz,individual_TENT_column_vs_raw_feature,7.5,0.0563298468014332,0.09046739541478072,40
black,F8_n8,word_count_per_tr,collapsed_factor_vs_matching_FIR_feature,,-0.010627080555695306,-0.10484266328787864,40
black,F8_n8,word_count_per_tr,collapsed_factor_vs_raw_feature,,-0.046925490185502926,-0.05834059749199603,40
black,F8_n8,word_count_per_tr,individual_TENT_column_vs_raw_feature,1.5,-0.02660221539676768,-0.08342377041636191,40
black,F8_n8,word_count_per_tr,individual_TENT_column_vs_raw_feature,3.0,-0.052461847795422935,-0.07995913352621731,40
black,F8_n8,word_count_per_tr,individual_TENT_column_vs_raw_feature,4.5,-0.010914621383090222,-0.028812341598409796,40
black,F8_n8,word_count_per_tr,individual_TENT_column_vs_raw_feature,6.0,-0.02160818876692223,-0.06374854881293686,40
black,F8_n8,word_count_per_tr,individual_TENT_column_vs_raw_feature,7.5,-0.029764749089126553,-0.05874217136164393,40
black,F8_n8,zero_crossing_rate,collapsed_factor_vs_matching_FIR_feature,,-0.06813177975010348,-0.09548382099188395,40
black,F8_n8,zero_crossing_rate,collapsed_factor_vs_raw_feature,,0.075457893372585,0.05449353018297877,40
black,F8_n8,zero_crossing_rate,individual_TENT_column_vs_raw_feature,1.5,0.014847922159736076,-0.0011963386650627535,40
black,F8_n8,zero_crossing_rate,individual_TENT_column_vs_raw_feature,3.0,0.02004565535494803,-0.010416691438630693,40
black,F8_n8,zero_crossing_rate,individual_TENT_column_vs_raw_feature,4.5,0.05590721146781254,0.04610525990418699,40
black,F8_n8,zero_crossing_rate,individual_TENT_column_vs_raw_feature,6.0,0.06880063096777789,0.060802621763642296,40
black,F8_n8,zero_crossing_rate,individual_TENT_column_vs_raw_feature,7.5,0.06430382011817133,0.1125123173811037,40
bronx,F1_n8,peak_amplitude,collapsed_factor_vs_matching_FIR_feature,,-0.02981674265616208,-0.030235869727605332,23
bronx,F1_n8,peak_amplitude,collapsed_factor_vs_raw_feature,,0.008248814659074528,0.021488858433596873,23
bronx,F1_n8,peak_amplitude,individual_TENT_column_vs_raw_feature,1.5,0.03043740877493048,-0.024950392013144754,23
bronx,F1_n8,peak_amplitude,individual_TENT_column_vs_raw_feature,3.0,-0.020266603537308282,-0.04911776914414142,23
bronx,F1_n8,peak_amplitude,individual_TENT_column_vs_raw_feature,4.5,-0.011998984200641005,-0.03389012428022281,23
bronx,F1_n8,peak_amplitude,individual_TENT_column_vs_raw_feature,6.0,0.024065976290735248,-0.0133468088610141,23
bronx,F1_n8,peak_amplitude,individual_TENT_column_vs_raw_feature,7.5,0.01326058826019655,-0.015829369008368423,23
bronx,F1_n8,rms,collapsed_factor_vs_matching_FIR_feature,,-0.02797532042575341,-0.03139061744597357,23
bronx,F1_n8,rms,collapsed_factor_vs_raw_feature,,0.008775548469871542,0.025779623994369286,23
bronx,F1_n8,rms,individual_TENT_column_vs_raw_feature,1.5,0.023779036417243993,-0.020230477738785814,23
bronx,F1_n8,rms,individual_TENT_column_vs_raw_feature,3.0,-0.012576188362105728,-0.04144985821985189,23
bronx,F1_n8,rms,individual_TENT_column_vs_raw_feature,4.5,-0.015447649213108724,-0.035301279937478634,23
bronx,F1_n8,rms,individual_TENT_column_vs_raw_feature,6.0,0.02704821662767527,-0.010810269330116118,23
bronx,F1_n8,rms,individual_TENT_column_vs_raw_feature,7.5,0.011461941143916554,-0.016804136276128923,23
bronx,F1_n8,rms_dbfs,collapsed_factor_vs_matching_FIR_feature,,-0.048573946616631336,-0.06683813384361316,23
bronx,F1_n8,rms_dbfs,collapsed_factor_vs_raw_feature,,0.008544274856316939,0.03642456574155942,23
bronx,F1_n8,rms_dbfs,individual_TENT_column_vs_raw_feature,1.5,0.00610666904514009,-0.01800010587068233,23
bronx,F1_n8,rms_dbfs,individual_TENT_column_vs_raw_feature,3.0,-0.0055660416858962095,-0.008972214346064584,23
bronx,F1_n8,rms_dbfs,individual_TENT_column_vs_raw_feature,4.5,0.004495459723487555,0.009288610000205273,23
bronx,F1_n8,rms_dbfs,individual_TENT_column_vs_raw_feature,6.0,0.011720960254189571,0.0004725152656038938,23
bronx,F1_n8,rms_dbfs,individual_TENT_column_vs_raw_feature,7.5,0.01135011785405364,-0.022387907016883323,23
bronx,F1_n8,spectral_bandwidth_hz,collapsed_factor_vs_matching_FIR_feature,,0.055576023225858716,0.09880349382180524,23
bronx,F1_n8,spectral_bandwidth_hz,collapsed_factor_vs_raw_feature,,-0.05101506363172379,-0.035811555547960526,23
bronx,F1_n8,spectral_bandwidth_hz,individual_TENT_column_vs_raw_feature,1.5,-0.04495600259708974,-0.04565329172542269,23
bronx,F1_n8,spectral_bandwidth_hz,individual_TENT_column_vs_raw_feature,3.0,-0.04867647983162273,-0.05159073937172675,23
bronx,F1_n8,spectral_bandwidth_hz,individual_TENT_column_vs_raw_feature,4.5,-0.038278116770541694,-0.0332807474854831,23
bronx,F1_n8,spectral_bandwidth_hz,individual_TENT_column_vs_raw_feature,6.0,-0.0008221839016431991,0.06708703007864493,23
bronx,F1_n8,spectral_bandwidth_hz,individual_TENT_column_vs_raw_feature,7.5,-0.024287024627015423,0.07928880168045503,23
bronx,F1_n8,spectral_centroid_hz,collapsed_factor_vs_matching_FIR_feature,,0.06607703618728458,0.17496057331899842,23
bronx,F1_n8,spectral_centroid_hz,collapsed_factor_vs_raw_feature,,0.04247737193900363,0.06979055775672756,23
bronx,F1_n8,spectral_centroid_hz,individual_TENT_column_vs_raw_feature,1.5,0.011778487958257741,0.024154314489998312,23
bronx,F1_n8,spectral_centroid_hz,individual_TENT_column_vs_raw_feature,3.0,-0.004265794468792622,-0.003361032206786418,23
bronx,F1_n8,spectral_centroid_hz,individual_TENT_column_vs_raw_feature,4.5,0.008753362422107473,0.04114278919185056,23
bronx,F1_n8,spectral_centroid_hz,individual_TENT_column_vs_raw_feature,6.0,0.08310221198278636,0.1432088237243108,23
bronx,F1_n8,spectral_centroid_hz,individual_TENT_column_vs_raw_feature,7.5,0.024787547392091644,0.08687968012414612,23
bronx,F1_n8,spectral_flatness,collapsed_factor_vs_matching_FIR_feature,,0.055978417914799176,0.10429679368204274,23
bronx,F1_n8,spectral_flatness,collapsed_factor_vs_raw_feature,,-0.026725444960180204,-0.02612210814413628,23
bronx,F1_n8,spectral_flatness,individual_TENT_column_vs_raw_feature,1.5,-0.04246709251137151,-0.05817125125585398,23
bronx,F1_n8,spectral_flatness,individual_TENT_column_vs_raw_feature,3.0,-0.0483931688884306,-0.05902213425374637,23
bronx,F1_n8,spectral_flatness,individual_TENT_column_vs_raw_feature,4.5,-0.025708831416859104,-0.032077511337134545,23
bronx,F1_n8,spectral_flatness,individual_TENT_column_vs_raw_feature,6.0,0.04532560211049591,0.0497289623168425,23
bronx,F1_n8,spectral_flatness,individual_TENT_column_vs_raw_feature,7.5,-0.01878749524968418,0.0011184874374183494,23
bronx,F1_n8,spectral_flux,collapsed_factor_vs_matching_FIR_feature,,0.018971286411362125,0.07706468489056091,23
bronx,F1_n8,spectral_flux,collapsed_factor_vs_raw_feature,,0.028794533327190387,0.040767758650277014,23
bronx,F1_n8,spectral_flux,individual_TENT_column_vs_raw_feature,1.5,0.02102265540220049,0.04271412835330075,23
bronx,F1_n8,spectral_flux,individual_TENT_column_vs_raw_feature,3.0,0.029205363116568694,0.05394966615038734,23
bronx,F1_n8,spectral_flux,individual_TENT_column_vs_raw_feature,4.5,0.026519283224756118,0.03587263716488553,23
bronx,F1_n8,spectral_flux,individual_TENT_column_vs_raw_feature,6.0,-0.004794365190069346,0.017580082014467636,23
bronx,F1_n8,spectral_flux,individual_TENT_column_vs_raw_feature,7.5,0.016037743220430122,0.04531798278975165,23
bronx,F1_n8,spectral_rolloff_85_hz,collapsed_factor_vs_matching_FIR_feature,,0.06762919164353177,0.1666755367531353,23
bronx,F1_n8,spectral_rolloff_85_hz,collapsed_factor_vs_raw_feature,,0.019862103427997782,0.034293874219921104,23
bronx,F1_n8,spectral_rolloff_85_hz,individual_TENT_column_vs_raw_feature,1.5,0.0003119030225740198,-0.002973675903522019,23
bronx,F1_n8,spectral_rolloff_85_hz,individual_TENT_column_vs_raw_feature,3.0,-0.017173882132378415,-0.026164139468923268,23
bronx,F1_n8,spectral_rolloff_85_hz,individual_TENT_column_vs_raw_feature,4.5,-0.007853825244643089,0.017959340102124077,23
bronx,F1_n8,spectral_rolloff_85_hz,individual_TENT_column_vs_raw_feature,6.0,0.06825601471368842,0.12079010861122148,23
bronx,F1_n8,spectral_rolloff_85_hz,individual_TENT_column_vs_raw_feature,7.5,0.013478203195097493,0.08128362144325636,23
bronx,F1_n8,word_count_per_tr,collapsed_factor_vs_matching_FIR_feature,,0.010518033233529437,0.0360533228357243,23
bronx,F1_n8,word_count_per_tr,collapsed_factor_vs_raw_feature,,0.017985528000977125,0.03664752416633258,23
bronx,F1_n8,word_count_per_tr,individual_TENT_column_vs_raw_feature,1.5,0.02807529221391991,-0.052106681230083315,23
bronx,F1_n8,word_count_per_tr,individual_TENT_column_vs_raw_feature,3.0,0.01466195345852168,0.016483592504001648,23
bronx,F1_n8,word_count_per_tr,individual_TENT_column_vs_raw_feature,4.5,0.03125035307535584,0.018643357587231936,23
bronx,F1_n8,word_count_per_tr,individual_TENT_column_vs_raw_feature,6.0,-0.032733902000972204,-0.06747637921464078,23
bronx,F1_n8,word_count_per_tr,individual_TENT_column_vs_raw_feature,7.5,0.022103319096355056,-0.018429696397082605,23
bronx,F1_n8,zero_crossing_rate,collapsed_factor_vs_matching_FIR_feature,,0.06752651062758268,0.1652612997140049,23
bronx,F1_n8,zero_crossing_rate,collapsed_factor_vs_raw_feature,,0.03997769922665957,0.06297083837365908,23
bronx,F1_n8,zero_crossing_rate,individual_TENT_column_vs_raw_feature,1.5,0.009252181024075355,0.013578207758535637,23
bronx,F1_n8,zero_crossing_rate,individual_TENT_column_vs_raw_feature,3.0,-0.00873935378263644,-0.00849559419680937,23
bronx,F1_n8,zero_crossing_rate,individual_TENT_column_vs_raw_feature,4.5,0.0065154334530008375,0.03870910125516308,23
bronx,F1_n8,zero_crossing_rate,individual_TENT_column_vs_raw_feature,6.0,0.08524578533819711,0.13954210518600607,23
bronx,F1_n8,zero_crossing_rate,individual_TENT_column_vs_raw_feature,7.5,0.024306367945475756,0.0840150154203274,23
bronx,F2_n8,peak_amplitude,collapsed_factor_vs_matching_FIR_feature,,0.07788620818531772,0.049730457854029304,23
bronx,F2_n8,peak_amplitude,collapsed_factor_vs_raw_feature,,0.0801004426045176,-0.010306000359651792,23
bronx,F2_n8,peak_amplitude,individual_TENT_column_vs_raw_feature,1.5,0.06991724419897116,-0.04705457832042379,23
bronx,F2_n8,peak_amplitude,individual_TENT_column_vs_raw_feature,3.0,0.05618149335895519,-0.06377578012133978,23
bronx,F2_n8,peak_amplitude,individual_TENT_column_vs_raw_feature,4.5,0.05715531279612089,-0.010986969456302686,23
bronx,F2_n8,peak_amplitude,individual_TENT_column_vs_raw_feature,6.0,0.06498492616695072,0.008523928895392444,23
bronx,F2_n8,peak_amplitude,individual_TENT_column_vs_raw_feature,7.5,-0.03126398459673959,-0.05625153591031331,23
bronx,F2_n8,rms,collapsed_factor_vs_matching_FIR_feature,,0.0842756233637471,0.062176836180967546,23
bronx,F2_n8,rms,collapsed_factor_vs_raw_feature,,0.07901115501940681,-0.01007322345881328,23
bronx,F2_n8,rms,individual_TENT_column_vs_raw_feature,1.5,0.07467475880256877,-0.039465655384519814,23
bronx,F2_n8,rms,individual_TENT_column_vs_raw_feature,3.0,0.05028164002929096,-0.06699325693539593,23
bronx,F2_n8,rms,individual_TENT_column_vs_raw_feature,4.5,0.06313142799189551,-0.008086793121051837,23
bronx,F2_n8,rms,individual_TENT_column_vs_raw_feature,6.0,0.06192158262044963,0.007927530842085152,23
bronx,F2_n8,rms,individual_TENT_column_vs_raw_feature,7.5,-0.03553771044215081,-0.05389879638352382,23
bronx,F2_n8,rms_dbfs,collapsed_factor_vs_matching_FIR_feature,,0.07571348691135386,0.10023240049433828,23
bronx,F2_n8,rms_dbfs,collapsed_factor_vs_raw_feature,,0.049630662989489246,0.01423151115061042,23
bronx,F2_n8,rms_dbfs,individual_TENT_column_vs_raw_feature,1.5,0.05201041189658846,-0.0251251628237412,23
bronx,F2_n8,rms_dbfs,individual_TENT_column_vs_raw_feature,3.0,0.024823361507153367,-0.03463179038286629,23
bronx,F2_n8,rms_dbfs,individual_TENT_column_vs_raw_feature,4.5,0.03646512362001946,0.04456819539427279,23
bronx,F2_n8,rms_dbfs,individual_TENT_column_vs_raw_feature,6.0,0.04442115478974062,0.06661715059868911,23
bronx,F2_n8,rms_dbfs,individual_TENT_column_vs_raw_feature,7.5,-0.02106463185840909,-0.024559264512308707,23
bronx,F2_n8,spectral_bandwidth_hz,collapsed_factor_vs_matching_FIR_feature,,0.004021129485965873,-0.01058643507595461,23
bronx,F2_n8,spectral_bandwidth_hz,collapsed_factor_vs_raw_feature,,0.007217274379638455,-0.009575386742675569,23
bronx,F2_n8,spectral_bandwidth_hz,individual_TENT_column_vs_raw_feature,1.5,-0.0027551311176345675,0.05448522591901741,23
bronx,F2_n8,spectral_bandwidth_hz,individual_TENT_column_vs_raw_feature,3.0,0.044527043418799525,0.0678298147495481,23
bronx,F2_n8,spectral_bandwidth_hz,individual_TENT_column_vs_raw_feature,4.5,-0.011105234004300189,-0.06274497872891732,23
bronx,F2_n8,spectral_bandwidth_hz,individual_TENT_column_vs_raw_feature,6.0,-0.026947291408847277,-0.08796954875741475,23
bronx,F2_n8,spectral_bandwidth_hz,individual_TENT_column_vs_raw_feature,7.5,0.01922406404180019,-0.00852499755248047,23
bronx,F2_n8,spectral_centroid_hz,collapsed_factor_vs_matching_FIR_feature,,-0.05620563684981326,-0.17306722360012572,23
bronx,F2_n8,spectral_centroid_hz,collapsed_factor_vs_raw_feature,,-0.05922457010095754,-0.068384486832098,23
bronx,F2_n8,spectral_centroid_hz,individual_TENT_column_vs_raw_feature,1.5,-0.05173598470996906,-0.06602129771382372,23
bronx,F2_n8,spectral_centroid_hz,individual_TENT_column_vs_raw_feature,3.0,-0.0062467376644248385,0.008499597704089609,23
bronx,F2_n8,spectral_centroid_hz,individual_TENT_column_vs_raw_feature,4.5,-0.012755994871997885,-0.04620775544374967,23
bronx,F2_n8,spectral_centroid_hz,individual_TENT_column_vs_raw_feature,6.0,-0.08744953106549089,-0.11382954587984162,23
bronx,F2_n8,spectral_centroid_hz,individual_TENT_column_vs_raw_feature,7.5,-0.012178327131112764,-0.05900013494483278,23
bronx,F2_n8,spectral_flatness,collapsed_factor_vs_matching_FIR_feature,,-0.015701895629736198,-0.04282484419706889,23
bronx,F2_n8,spectral_flatness,collapsed_factor_vs_raw_feature,,0.010985797180532195,-0.005083723538994382,23
bronx,F2_n8,spectral_flatness,individual_TENT_column_vs_raw_feature,1.5,-0.010008592702812926,0.0502854041207526,23
bronx,F2_n8,spectral_flatness,individual_TENT_column_vs_raw_feature,3.0,0.027811296728166183,0.024829506310398645,23
bronx,F2_n8,spectral_flatness,individual_TENT_column_vs_raw_feature,4.5,0.02413913966138081,-0.029541074532712867,23
bronx,F2_n8,spectral_flatness,individual_TENT_column_vs_raw_feature,6.0,-0.030336347117852693,-0.07172560731378153,23
bronx,F2_n8,spectral_flatness,individual_TENT_column_vs_raw_feature,7.5,0.018484531440496364,0.005259810722906085,23
bronx,F2_n8,spectral_flux,collapsed_factor_vs_matching_FIR_feature,,-0.01573613246542203,-0.039567970012723205,23
bronx,F2_n8,spectral_flux,collapsed_factor_vs_raw_feature,,-0.035153439861209744,-0.020899122595186257,23
bronx,F2_n8,spectral_flux,individual_TENT_column_vs_raw_feature,1.5,-0.04217579621451972,-0.03889986024506752,23
bronx,F2_n8,spectral_flux,individual_TENT_column_vs_raw_feature,3.0,-0.00858328132331052,-0.019044159565605037,23
bronx,F2_n8,spectral_flux,individual_TENT_column_vs_raw_feature,4.5,-0.027805169354669864,-0.038431376770944804,23
bronx,F2_n8,spectral_flux,individual_TENT_column_vs_raw_feature,6.0,-0.00739360876836534,-0.05633890446400085,23
bronx,F2_n8,spectral_flux,individual_TENT_column_vs_raw_feature,7.5,-0.02321566612764341,-0.07968250595692292,23
bronx,F2_n8,spectral_rolloff_85_hz,collapsed_factor_vs_matching_FIR_feature,,-0.04548779072215214,-0.1461499645633633,23
bronx,F2_n8,spectral_rolloff_85_hz,collapsed_factor_vs_raw_feature,,-0.045051671969840036,-0.048991043991327345,23
bronx,F2_n8,spectral_rolloff_85_hz,individual_TENT_column_vs_raw_feature,1.5,-0.045621673374724774,-0.03655122018847468,23
bronx,F2_n8,spectral_rolloff_85_hz,individual_TENT_column_vs_raw_feature,3.0,0.006522289829013579,0.026746445638924685,23
bronx,F2_n8,spectral_rolloff_85_hz,individual_TENT_column_vs_raw_feature,4.5,-0.010017577736932928,-0.04754696135394215,23
bronx,F2_n8,spectral_rolloff_85_hz,individual_TENT_column_vs_raw_feature,6.0,-0.0775152190932012,-0.09452185555654066,23
bronx,F2_n8,spectral_rolloff_85_hz,individual_TENT_column_vs_raw_feature,7.5,-0.0032010249849900004,-0.04307912102176968,23
bronx,F2_n8,word_count_per_tr,collapsed_factor_vs_matching_FIR_feature,,0.01478364192944855,-0.029542595881105548,23
bronx,F2_n8,word_count_per_tr,collapsed_factor_vs_raw_feature,,0.04603627329345299,0.002961415944315317,23
bronx,F2_n8,word_count_per_tr,individual_TENT_column_vs_raw_feature,1.5,0.07241574196286955,0.0019754978989468923,23
bronx,F2_n8,word_count_per_tr,individual_TENT_column_vs_raw_feature,3.0,-0.00944912439739059,-0.07907254845300024,23
bronx,F2_n8,word_count_per_tr,individual_TENT_column_vs_raw_feature,4.5,0.019968226715867923,-0.03371215754737864,23
bronx,F2_n8,word_count_per_tr,individual_TENT_column_vs_raw_feature,6.0,0.08384720105903395,0.06893796291441856,23
bronx,F2_n8,word_count_per_tr,individual_TENT_column_vs_raw_feature,7.5,-0.037617604464793925,-0.052948105685287905,23
bronx,F2_n8,zero_crossing_rate,collapsed_factor_vs_matching_FIR_feature,,-0.05010607308992171,-0.16128110589835978,23
bronx,F2_n8,zero_crossing_rate,collapsed_factor_vs_raw_feature,,-0.05632248452275052,-0.06319298434233604,23
bronx,F2_n8,zero_crossing_rate,individual_TENT_column_vs_raw_feature,1.5,-0.04824845465580897,-0.05801665391222738,23
bronx,F2_n8,zero_crossing_rate,individual_TENT_column_vs_raw_feature,3.0,3.261151864599692e-05,0.015776851409799866,23
bronx,F2_n8,zero_crossing_rate,individual_TENT_column_vs_raw_feature,4.5,-0.011611500695458452,-0.04700371677597621,23
bronx,F2_n8,zero_crossing_rate,individual_TENT_column_vs_raw_feature,6.0,-0.08878521789300439,-0.11052798209522437,23
bronx,F2_n8,zero_crossing_rate,individual_TENT_column_vs_raw_feature,7.5,-0.013709073082269551,-0.05886106506964421,23
bronx,F3_n8,peak_amplitude,collapsed_factor_vs_matching_FIR_feature,,0.016825904424451317,-0.026899042158692054,23
bronx,F3_n8,peak_amplitude,collapsed_factor_vs_raw_feature,,0.001562721448049274,-0.02157113855953318,23
bronx,F3_n8,peak_amplitude,individual_TENT_column_vs_raw_feature,1.5,-0.012112599313901143,0.021585953398279747,23
bronx,F3_n8,peak_amplitude,individual_TENT_column_vs_raw_feature,3.0,0.03304939123347379,0.06094677082381092,23
bronx,F3_n8,peak_amplitude,individual_TENT_column_vs_raw_feature,4.5,0.03324272415128048,0.04891471225232781,23
bronx,F3_n8,peak_amplitude,individual_TENT_column_vs_raw_feature,6.0,-0.04474780570625358,-0.06599014441883577,23
bronx,F3_n8,peak_amplitude,individual_TENT_column_vs_raw_feature,7.5,-0.013106731282957609,0.015507472397562571,23
bronx,F3_n8,rms,collapsed_factor_vs_matching_FIR_feature,,-0.005271415078161021,-0.054404706357127075,23
bronx,F3_n8,rms,collapsed_factor_vs_raw_feature,,-0.015120470150406054,-0.04216269121899864,23
bronx,F3_n8,rms,individual_TENT_column_vs_raw_feature,1.5,-0.01598286897788649,0.004630048955725788,23
bronx,F3_n8,rms,individual_TENT_column_vs_raw_feature,3.0,0.016325664900190592,0.047234393953676866,23
bronx,F3_n8,rms,individual_TENT_column_vs_raw_feature,4.5,0.02586905156441482,0.043858662173083846,23
bronx,F3_n8,rms,individual_TENT_column_vs_raw_feature,6.0,-0.06195557907816203,-0.08369623058727936,23
bronx,F3_n8,rms,individual_TENT_column_vs_raw_feature,7.5,-0.010954181344646511,0.012973360651062662,23
bronx,F3_n8,rms_dbfs,collapsed_factor_vs_matching_FIR_feature,,-0.0035097001404040813,-0.04466080189192656,23
bronx,F3_n8,rms_dbfs,collapsed_factor_vs_raw_feature,,-0.0024025911425744903,-0.026890064740291323,23
bronx,F3_n8,rms_dbfs,individual_TENT_column_vs_raw_feature,1.5,-0.022641952302765323,-0.016588300493536986,23
bronx,F3_n8,rms_dbfs,individual_TENT_column_vs_raw_feature,3.0,0.02517862929054426,0.03414802234007252,23
bronx,F3_n8,rms_dbfs,individual_TENT_column_vs_raw_feature,4.5,0.03891221498195845,0.04398832255169517,23
bronx,F3_n8,rms_dbfs,individual_TENT_column_vs_raw_feature,6.0,-0.044510226328346364,-0.07472563826315207,23
bronx,F3_n8,rms_dbfs,individual_TENT_column_vs_raw_feature,7.5,-0.014256624575797041,0.004018961316962862,23
bronx,F3_n8,spectral_bandwidth_hz,collapsed_factor_vs_matching_FIR_feature,,0.026390931734054057,0.07309846181341677,23
bronx,F3_n8,spectral_bandwidth_hz,collapsed_factor_vs_raw_feature,,0.015616338472724643,0.04798846371158555,23
bronx,F3_n8,spectral_bandwidth_hz,individual_TENT_column_vs_raw_feature,1.5,0.06260540611019849,0.06336523825538834,23
bronx,F3_n8,spectral_bandwidth_hz,individual_TENT_column_vs_raw_feature,3.0,-0.00437271701935171,0.026029903920356957,23
bronx,F3_n8,spectral_bandwidth_hz,individual_TENT_column_vs_raw_feature,4.5,-0.015723759872898237,0.04223755262314352,23
bronx,F3_n8,spectral_bandwidth_hz,individual_TENT_column_vs_raw_feature,6.0,0.016945881378865754,0.0013071469287055583,23
bronx,F3_n8,spectral_bandwidth_hz,individual_TENT_column_vs_raw_feature,7.5,-0.0010027078337358718,-0.006237468407342601,23
bronx,F3_n8,spectral_centroid_hz,collapsed_factor_vs_matching_FIR_feature,,0.0318887106877025,0.07910254241565075,23
bronx,F3_n8,spectral_centroid_hz,collapsed_factor_vs_raw_feature,,0.0026820579149781994,-0.004899020955755651,23
bronx,F3_n8,spectral_centroid_hz,individual_TENT_column_vs_raw_feature,1.5,0.001529424187102092,-0.010799527028112325,23
bronx,F3_n8,spectral_centroid_hz,individual_TENT_column_vs_raw_feature,3.0,-0.023089144646331345,-0.03417235266913172,23
bronx,F3_n8,spectral_centroid_hz,individual_TENT_column_vs_raw_feature,4.5,-0.007584838500933488,-0.007754684129393746,23
bronx,F3_n8,spectral_centroid_hz,individual_TENT_column_vs_raw_feature,6.0,0.03704346277890982,0.04102590223599532,23
bronx,F3_n8,spectral_centroid_hz,individual_TENT_column_vs_raw_feature,7.5,-0.0008654232998137731,0.00566042752204781,23
bronx,F3_n8,spectral_flatness,collapsed_factor_vs_matching_FIR_feature,,-0.005827775623156371,-0.00603363242665923,23
bronx,F3_n8,spectral_flatness,collapsed_factor_vs_raw_feature,,0.007998416536981481,0.018140020225731843,23
bronx,F3_n8,spectral_flatness,individual_TENT_column_vs_raw_feature,1.5,0.07458055760051269,0.08464435600099272,23
bronx,F3_n8,spectral_flatness,individual_TENT_column_vs_raw_feature,3.0,0.0016148596704763276,0.029199638914915414,23
bronx,F3_n8,spectral_flatness,individual_TENT_column_vs_raw_feature,4.5,-0.05406632322608895,-0.04221900074723588,23
bronx,F3_n8,spectral_flatness,individual_TENT_column_vs_raw_feature,6.0,-0.0028855751842477018,-0.004379053725171809,23
bronx,F3_n8,spectral_flatness,individual_TENT_column_vs_raw_feature,7.5,0.03410634708066571,0.03862748621732243,23
bronx,F3_n8,spectral_flux,collapsed_factor_vs_matching_FIR_feature,,-0.029021054551238153,-0.12473916174287955,23
bronx,F3_n8,spectral_flux,collapsed_factor_vs_raw_feature,,-0.010563561404844846,-0.02406689840634917,23
bronx,F3_n8,spectral_flux,individual_TENT_column_vs_raw_feature,1.5,-0.027728736009559364,-0.028364143970343144,23
bronx,F3_n8,spectral_flux,individual_TENT_column_vs_raw_feature,3.0,-0.03001582418991632,-0.06047343838212769,23
bronx,F3_n8,spectral_flux,individual_TENT_column_vs_raw_feature,4.5,-0.022163571309787123,-0.06704303273359621,23
bronx,F3_n8,spectral_flux,individual_TENT_column_vs_raw_feature,6.0,0.036920522438802963,0.07176615786221355,23
bronx,F3_n8,spectral_flux,individual_TENT_column_vs_raw_feature,7.5,0.011025015289917877,0.038288875778284805,23
bronx,F3_n8,spectral_rolloff_85_hz,collapsed_factor_vs_matching_FIR_feature,,0.03325131586987779,0.08715683143982547,23
bronx,F3_n8,spectral_rolloff_85_hz,collapsed_factor_vs_raw_feature,,0.005105877144673692,0.006864057499317871,23
bronx,F3_n8,spectral_rolloff_85_hz,individual_TENT_column_vs_raw_feature,1.5,0.014865052335359464,0.009835750949723875,23
bronx,F3_n8,spectral_rolloff_85_hz,individual_TENT_column_vs_raw_feature,3.0,-0.0188943977717376,-0.02092206604541993,23
bronx,F3_n8,spectral_rolloff_85_hz,individual_TENT_column_vs_raw_feature,4.5,-0.006233445378718792,0.0073269809256358434,23
bronx,F3_n8,spectral_rolloff_85_hz,individual_TENT_column_vs_raw_feature,6.0,0.031785102838829855,0.025386987815157448,23
bronx,F3_n8,spectral_rolloff_85_hz,individual_TENT_column_vs_raw_feature,7.5,-0.0057617589021764035,-0.003339730274436968,23
bronx,F3_n8,word_count_per_tr,collapsed_factor_vs_matching_FIR_feature,,0.013586532013507483,0.010684331874588997,23
bronx,F3_n8,word_count_per_tr,collapsed_factor_vs_raw_feature,,0.01690185718918704,0.01317253594256422,23
bronx,F3_n8,word_count_per_tr,individual_TENT_column_vs_raw_feature,1.5,-0.031181443043843023,0.015779027011139042,23
bronx,F3_n8,word_count_per_tr,individual_TENT_column_vs_raw_feature,3.0,0.05258066002493266,0.05430753567655548,23
bronx,F3_n8,word_count_per_tr,individual_TENT_column_vs_raw_feature,4.5,0.0557862649164277,0.09327320353115635,23
bronx,F3_n8,word_count_per_tr,individual_TENT_column_vs_raw_feature,6.0,-0.014049447224148451,-0.020710103490690027,23
bronx,F3_n8,word_count_per_tr,individual_TENT_column_vs_raw_feature,7.5,-0.04242547933328748,-0.027370782069316008,23
bronx,F3_n8,zero_crossing_rate,collapsed_factor_vs_matching_FIR_feature,,0.03304512644969354,0.08070906865170008,23
bronx,F3_n8,zero_crossing_rate,collapsed_factor_vs_raw_feature,,0.004587026653341428,-0.003317056316716791,23
bronx,F3_n8,zero_crossing_rate,individual_TENT_column_vs_raw_feature,1.5,0.0035041429080711443,-0.009874436466446122,23
bronx,F3_n8,zero_crossing_rate,individual_TENT_column_vs_raw_feature,3.0,-0.02417931937727996,-0.03339566098026234,23
bronx,F3_n8,zero_crossing_rate,individual_TENT_column_vs_raw_feature,4.5,-0.002835044633661354,-0.0033159707452705594,23
bronx,F3_n8,zero_crossing_rate,individual_TENT_column_vs_raw_feature,6.0,0.038342942503297256,0.04016841426447749,23
bronx,F3_n8,zero_crossing_rate,individual_TENT_column_vs_raw_feature,7.5,-0.0029951968164884575,0.004911605786545961,23
bronx,F4_n8,peak_amplitude,collapsed_factor_vs_matching_FIR_feature,,-0.04257684781167439,-0.018950617274891543,23
bronx,F4_n8,peak_amplitude,collapsed_factor_vs_raw_feature,,-0.05921555311206832,-0.06203579715196549,23
bronx,F4_n8,peak_amplitude,individual_TENT_column_vs_raw_feature,1.5,-0.05277365353473784,-0.026711125205456508,23
bronx,F4_n8,peak_amplitude,individual_TENT_column_vs_raw_feature,3.0,-0.031581370033077795,-0.026259422680771267,23
bronx,F4_n8,peak_amplitude,individual_TENT_column_vs_raw_feature,4.5,-0.007069997593334369,0.023358334776113363,23
bronx,F4_n8,peak_amplitude,individual_TENT_column_vs_raw_feature,6.0,-0.031114247524562953,-0.04160953021334231,23
bronx,F4_n8,peak_amplitude,individual_TENT_column_vs_raw_feature,7.5,-0.07016647987283435,-0.07339500656350037,23
bronx,F4_n8,rms,collapsed_factor_vs_matching_FIR_feature,,-0.05614995196668142,-0.035993724619758215,23
bronx,F4_n8,rms,collapsed_factor_vs_raw_feature,,-0.06275416197290525,-0.0765731522078217,23
bronx,F4_n8,rms,individual_TENT_column_vs_raw_feature,1.5,-0.0532929059269106,-0.028753102335721533,23
bronx,F4_n8,rms,individual_TENT_column_vs_raw_feature,3.0,-0.036268882368658134,-0.04486178136492048,23
bronx,F4_n8,rms,individual_TENT_column_vs_raw_feature,4.5,-0.007301415561202722,0.016032875839044627,23
bronx,F4_n8,rms,individual_TENT_column_vs_raw_feature,6.0,-0.035689688254903665,-0.061356527950605595,23
bronx,F4_n8,rms,individual_TENT_column_vs_raw_feature,7.5,-0.06963708074529096,-0.07844217241088074,23
bronx,F4_n8,rms_dbfs,collapsed_factor_vs_matching_FIR_feature,,-0.01559918166225291,0.02099870080916113,23
bronx,F4_n8,rms_dbfs,collapsed_factor_vs_raw_feature,,-0.03530194897238665,-0.06944008880892232,23
bronx,F4_n8,rms_dbfs,individual_TENT_column_vs_raw_feature,1.5,-0.04557732482129918,-0.017619401263720455,23
bronx,F4_n8,rms_dbfs,individual_TENT_column_vs_raw_feature,3.0,-0.03515756828534717,-0.04953391417888457,23
bronx,F4_n8,rms_dbfs,individual_TENT_column_vs_raw_feature,4.5,-0.003276480222202982,0.00238629839885219,23
bronx,F4_n8,rms_dbfs,individual_TENT_column_vs_raw_feature,6.0,-0.0039942090775644335,-0.04683497105162165,23
bronx,F4_n8,rms_dbfs,individual_TENT_column_vs_raw_feature,7.5,-0.026019965031189297,-0.05407821245710288,23
bronx,F4_n8,spectral_bandwidth_hz,collapsed_factor_vs_matching_FIR_feature,,-0.0477494061894566,-0.10624510502758715,23
bronx,F4_n8,spectral_bandwidth_hz,collapsed_factor_vs_raw_feature,,0.015153835688806749,0.023559553013283087,23
bronx,F4_n8,spectral_bandwidth_hz,individual_TENT_column_vs_raw_feature,1.5,0.00442954135263373,0.02475168025539378,23
bronx,F4_n8,spectral_bandwidth_hz,individual_TENT_column_vs_raw_feature,3.0,0.016545949698703464,0.05392036837914521,23
bronx,F4_n8,spectral_bandwidth_hz,individual_TENT_column_vs_raw_feature,4.5,0.02077279387811861,0.024822105835309808,23
bronx,F4_n8,spectral_bandwidth_hz,individual_TENT_column_vs_raw_feature,6.0,-0.00877674065134895,-0.023203834823759716,23
bronx,F4_n8,spectral_bandwidth_hz,individual_TENT_column_vs_raw_feature,7.5,0.012406802112276629,-0.009481195465034042,23
bronx,F4_n8,spectral_centroid_hz,collapsed_factor_vs_matching_FIR_feature,,-0.042105387205489224,-0.14593999399639776,23
bronx,F4_n8,spectral_centroid_hz,collapsed_factor_vs_raw_feature,,-0.0395091533688909,-0.08150314347182833,23
bronx,F4_n8,spectral_centroid_hz,individual_TENT_column_vs_raw_feature,1.5,0.004814631196774333,-0.023292415767353452,23
bronx,F4_n8,spectral_centroid_hz,individual_TENT_column_vs_raw_feature,3.0,-0.023503374590256646,-0.05693073971836591,23
bronx,F4_n8,spectral_centroid_hz,individual_TENT_column_vs_raw_feature,4.5,-0.0014479926651629089,-0.003282364142828336,23
bronx,F4_n8,spectral_centroid_hz,individual_TENT_column_vs_raw_feature,6.0,-0.046335635509364904,-0.07153633762897517,23
bronx,F4_n8,spectral_centroid_hz,individual_TENT_column_vs_raw_feature,7.5,-0.05369554909357653,-0.06432772965873451,23
bronx,F4_n8,spectral_flatness,collapsed_factor_vs_matching_FIR_feature,,-0.06431847812280066,-0.09123257276952111,23
bronx,F4_n8,spectral_flatness,collapsed_factor_vs_raw_feature,,-0.02980497420212644,0.0012033502243602961,23
bronx,F4_n8,spectral_flatness,individual_TENT_column_vs_raw_feature,1.5,0.010056618318317969,0.03605282945126996,23
bronx,F4_n8,spectral_flatness,individual_TENT_column_vs_raw_feature,3.0,0.015577573069402946,0.05872449322825548,23
bronx,F4_n8,spectral_flatness,individual_TENT_column_vs_raw_feature,4.5,0.0074005706628814385,0.057601040283946886,23
bronx,F4_n8,spectral_flatness,individual_TENT_column_vs_raw_feature,6.0,-0.06441571919615949,-0.04102863939801448,23
bronx,F4_n8,spectral_flatness,individual_TENT_column_vs_raw_feature,7.5,-0.06444351579471448,-0.07697114631709688,23
bronx,F4_n8,spectral_flux,collapsed_factor_vs_matching_FIR_feature,,0.0029035088346475997,-0.031055330384534684,23
bronx,F4_n8,spectral_flux,collapsed_factor_vs_raw_feature,,0.00085167824212307,-0.01771252588864327,23
bronx,F4_n8,spectral_flux,individual_TENT_column_vs_raw_feature,1.5,0.0013811186669668313,-0.02972560142114773,23
bronx,F4_n8,spectral_flux,individual_TENT_column_vs_raw_feature,3.0,0.0011420425453880258,-0.0198539540177921,23
bronx,F4_n8,spectral_flux,individual_TENT_column_vs_raw_feature,4.5,-0.02667839978698018,-0.06649681684621714,23
bronx,F4_n8,spectral_flux,individual_TENT_column_vs_raw_feature,6.0,0.012309331235068202,0.024915676225816648,23
bronx,F4_n8,spectral_flux,individual_TENT_column_vs_raw_feature,7.5,0.0202841183055772,0.0236120425620331,23
bronx,F4_n8,spectral_rolloff_85_hz,collapsed_factor_vs_matching_FIR_feature,,-0.05072016684047581,-0.14586449514199415,23
bronx,F4_n8,spectral_rolloff_85_hz,collapsed_factor_vs_raw_feature,,-0.03195329910221055,-0.0637683843144632,23
bronx,F4_n8,spectral_rolloff_85_hz,individual_TENT_column_vs_raw_feature,1.5,0.0003737977352030047,-0.027942133117835725,23
bronx,F4_n8,spectral_rolloff_85_hz,individual_TENT_column_vs_raw_feature,3.0,-0.021189179398498407,-0.04515630256198997,23
bronx,F4_n8,spectral_rolloff_85_hz,individual_TENT_column_vs_raw_feature,4.5,0.006459759283984051,0.009546212187387406,23
bronx,F4_n8,spectral_rolloff_85_hz,individual_TENT_column_vs_raw_feature,6.0,-0.039778230980628826,-0.05289000569411008,23
bronx,F4_n8,spectral_rolloff_85_hz,individual_TENT_column_vs_raw_feature,7.5,-0.04418018845163465,-0.05811200834502348,23
bronx,F4_n8,word_count_per_tr,collapsed_factor_vs_matching_FIR_feature,,0.01655809135052664,0.04438437123871574,23
bronx,F4_n8,word_count_per_tr,collapsed_factor_vs_raw_feature,,0.016750173161312436,0.013633075067460776,23
bronx,F4_n8,word_count_per_tr,individual_TENT_column_vs_raw_feature,1.5,-0.05844693076684543,-0.024101470331601593,23
bronx,F4_n8,word_count_per_tr,individual_TENT_column_vs_raw_feature,3.0,-0.02124899394277236,-0.00504463950178991,23
bronx,F4_n8,word_count_per_tr,individual_TENT_column_vs_raw_feature,4.5,0.04742547379106589,0.05480913277254225,23
bronx,F4_n8,word_count_per_tr,individual_TENT_column_vs_raw_feature,6.0,0.06318537232042536,0.053368999285381184,23
bronx,F4_n8,word_count_per_tr,individual_TENT_column_vs_raw_feature,7.5,-0.0015227951046477037,-0.005569083680574208,23
bronx,F4_n8,zero_crossing_rate,collapsed_factor_vs_matching_FIR_feature,,-0.05034322791462069,-0.14959693180473382,23
bronx,F4_n8,zero_crossing_rate,collapsed_factor_vs_raw_feature,,-0.04236953041916554,-0.08143696238695222,23
bronx,F4_n8,zero_crossing_rate,individual_TENT_column_vs_raw_feature,1.5,0.0025583996022208594,-0.02112740548586737,23
bronx,F4_n8,zero_crossing_rate,individual_TENT_column_vs_raw_feature,3.0,-0.027339746091616032,-0.05990163102043983,23
bronx,F4_n8,zero_crossing_rate,individual_TENT_column_vs_raw_feature,4.5,-0.0007738120905743739,-0.0012287324299684135,23
bronx,F4_n8,zero_crossing_rate,individual_TENT_column_vs_raw_feature,6.0,-0.04727787358847007,-0.07153669968261588,23
bronx,F4_n8,zero_crossing_rate,individual_TENT_column_vs_raw_feature,7.5,-0.056360659361898734,-0.06952461250652256,23
bronx,F5_n8,peak_amplitude,collapsed_factor_vs_matching_FIR_feature,,-0.017142759603112137,-0.08178224517980055,23
bronx,F5_n8,peak_amplitude,collapsed_factor_vs_raw_feature,,0.011832342120677838,-0.03899168073142724,23
bronx,F5_n8,peak_amplitude,individual_TENT_column_vs_raw_feature,1.5,0.019483510465626363,0.006270690419284901,23
bronx,F5_n8,peak_amplitude,individual_TENT_column_vs_raw_feature,3.0,-0.014892620293188486,-0.08783340917590056,23
bronx,F5_n8,peak_amplitude,individual_TENT_column_vs_raw_feature,4.5,0.0194005099000145,0.0050886888374814965,23
bronx,F5_n8,peak_amplitude,individual_TENT_column_vs_raw_feature,6.0,0.01576548806544649,-0.029585277623221967,23
bronx,F5_n8,peak_amplitude,individual_TENT_column_vs_raw_feature,7.5,-0.008490561417891345,-0.06693726532517988,23
bronx,F5_n8,rms,collapsed_factor_vs_matching_FIR_feature,,-0.0190849422733334,-0.07941911127456233,23
bronx,F5_n8,rms,collapsed_factor_vs_raw_feature,,0.015744654995374634,-0.03997115711628549,23
bronx,F5_n8,rms,individual_TENT_column_vs_raw_feature,1.5,0.01677184603050442,-0.008577408918425358,23
bronx,F5_n8,rms,individual_TENT_column_vs_raw_feature,3.0,-0.01888592173348654,-0.08759354379707901,23
bronx,F5_n8,rms,individual_TENT_column_vs_raw_feature,4.5,0.025278751281357238,0.012055272543349635,23
bronx,F5_n8,rms,individual_TENT_column_vs_raw_feature,6.0,0.02418199242335194,-0.026516104996056656,23
bronx,F5_n8,rms,individual_TENT_column_vs_raw_feature,7.5,-0.0069258830487880845,-0.08064571956413054,23
bronx,F5_n8,rms_dbfs,collapsed_factor_vs_matching_FIR_feature,,0.0019735760068437516,-0.0038078335410958682,23
bronx,F5_n8,rms_dbfs,collapsed_factor_vs_raw_feature,,0.021064523981505108,-0.017189788689277893,23
bronx,F5_n8,rms_dbfs,individual_TENT_column_vs_raw_feature,1.5,0.020052066319718304,0.027506991158787786,23
bronx,F5_n8,rms_dbfs,individual_TENT_column_vs_raw_feature,3.0,-0.0017121490932618625,-0.03964667670745188,23
bronx,F5_n8,rms_dbfs,individual_TENT_column_vs_raw_feature,4.5,0.02046171567127808,0.0604094698919762,23
bronx,F5_n8,rms_dbfs,individual_TENT_column_vs_raw_feature,6.0,0.01962696406211736,0.012238256893149035,23
bronx,F5_n8,rms_dbfs,individual_TENT_column_vs_raw_feature,7.5,-0.003376672027855,-0.03829434389323575,23
bronx,F5_n8,spectral_bandwidth_hz,collapsed_factor_vs_matching_FIR_feature,,-0.08509894083986963,-0.13618735635644028,23
bronx,F5_n8,spectral_bandwidth_hz,collapsed_factor_vs_raw_feature,,-0.038893579411978615,0.005940035076957622,23
bronx,F5_n8,spectral_bandwidth_hz,individual_TENT_column_vs_raw_feature,1.5,-0.012207201284241229,-0.01823162379426565,23
bronx,F5_n8,spectral_bandwidth_hz,individual_TENT_column_vs_raw_feature,3.0,-0.0015635950367470217,0.02234243979869294,23
bronx,F5_n8,spectral_bandwidth_hz,individual_TENT_column_vs_raw_feature,4.5,-0.011767064008426508,-0.04615595211812779,23
bronx,F5_n8,spectral_bandwidth_hz,individual_TENT_column_vs_raw_feature,6.0,-0.056961301582643536,-0.08568574186972444,23
bronx,F5_n8,spectral_bandwidth_hz,individual_TENT_column_vs_raw_feature,7.5,-0.019756908726302237,-0.055575547405839386,23
bronx,F5_n8,spectral_centroid_hz,collapsed_factor_vs_matching_FIR_feature,,0.00762101464401118,0.009541191094228681,23
bronx,F5_n8,spectral_centroid_hz,collapsed_factor_vs_raw_feature,,-0.04667861313582291,-0.029187866082676074,23
bronx,F5_n8,spectral_centroid_hz,individual_TENT_column_vs_raw_feature,1.5,-0.019623317813034866,-0.07321341645401679,23
bronx,F5_n8,spectral_centroid_hz,individual_TENT_column_vs_raw_feature,3.0,-0.053439265226441435,-0.09608290248768955,23
bronx,F5_n8,spectral_centroid_hz,individual_TENT_column_vs_raw_feature,4.5,0.0042730661389089614,0.0038089130142178714,23
bronx,F5_n8,spectral_centroid_hz,individual_TENT_column_vs_raw_feature,6.0,-0.017224155773921546,-0.028924402067433207,23
bronx,F5_n8,spectral_centroid_hz,individual_TENT_column_vs_raw_feature,7.5,-0.043276388827764585,-0.03744998440722599,23
bronx,F5_n8,spectral_flatness,collapsed_factor_vs_matching_FIR_feature,,-0.05743716472412093,-0.081906727179948,23
bronx,F5_n8,spectral_flatness,collapsed_factor_vs_raw_feature,,-0.05457777828523966,-0.02656468457310638,23
bronx,F5_n8,spectral_flatness,individual_TENT_column_vs_raw_feature,1.5,-0.014192040989685729,-0.05751487111778041,23
bronx,F5_n8,spectral_flatness,individual_TENT_column_vs_raw_feature,3.0,-0.053945708510851544,-0.0600693521670028,23
bronx,F5_n8,spectral_flatness,individual_TENT_column_vs_raw_feature,4.5,-0.008200510337241144,-0.022277254792088492,23
bronx,F5_n8,spectral_flatness,individual_TENT_column_vs_raw_feature,6.0,-0.031454670335207886,-0.0692224219590741,23
bronx,F5_n8,spectral_flatness,individual_TENT_column_vs_raw_feature,7.5,-0.03760876232031334,-0.0789660797263692,23
bronx,F5_n8,spectral_flux,collapsed_factor_vs_matching_FIR_feature,,0.00840566583062498,0.05236714854495741,23
bronx,F5_n8,spectral_flux,collapsed_factor_vs_raw_feature,,-0.005554779739862793,-0.006207524900245276,23
bronx,F5_n8,spectral_flux,individual_TENT_column_vs_raw_feature,1.5,-0.0026012203408628883,-0.016426526828573238,23
bronx,F5_n8,spectral_flux,individual_TENT_column_vs_raw_feature,3.0,0.009473455397246183,0.0017264395994924504,23
bronx,F5_n8,spectral_flux,individual_TENT_column_vs_raw_feature,4.5,-0.009388228372629703,-0.08475551228869431,23
bronx,F5_n8,spectral_flux,individual_TENT_column_vs_raw_feature,6.0,0.003636911722315189,-0.010428992798484225,23
bronx,F5_n8,spectral_flux,individual_TENT_column_vs_raw_feature,7.5,-0.020800408499326267,-0.0025135789537702466,23
bronx,F5_n8,spectral_rolloff_85_hz,collapsed_factor_vs_matching_FIR_feature,,-0.016114963072079765,-0.04158710853706617,23
bronx,F5_n8,spectral_rolloff_85_hz,collapsed_factor_vs_raw_feature,,-0.0454755819948165,-0.017691986250121746,23
bronx,F5_n8,spectral_rolloff_85_hz,individual_TENT_column_vs_raw_feature,1.5,-0.016780377913798345,-0.06773795896688503,23
bronx,F5_n8,spectral_rolloff_85_hz,individual_TENT_column_vs_raw_feature,3.0,-0.049757192685798556,-0.08573687892460947,23
bronx,F5_n8,spectral_rolloff_85_hz,individual_TENT_column_vs_raw_feature,4.5,0.005038565177112011,-0.00561250287078488,23
bronx,F5_n8,spectral_rolloff_85_hz,individual_TENT_column_vs_raw_feature,6.0,-0.024469990324028277,-0.04129669941012822,23
bronx,F5_n8,spectral_rolloff_85_hz,individual_TENT_column_vs_raw_feature,7.5,-0.03835885984207696,-0.04413178526823113,23
bronx,F5_n8,word_count_per_tr,collapsed_factor_vs_matching_FIR_feature,,0.017198134835839974,-0.03051171421142414,23
bronx,F5_n8,word_count_per_tr,collapsed_factor_vs_raw_feature,,0.047853371802557505,0.0040405153549233795,23
bronx,F5_n8,word_count_per_tr,individual_TENT_column_vs_raw_feature,1.5,0.0382389060390638,0.034601718124358374,23
bronx,F5_n8,word_count_per_tr,individual_TENT_column_vs_raw_feature,3.0,-0.0001558869964809894,-0.03907399398800649,23
bronx,F5_n8,word_count_per_tr,individual_TENT_column_vs_raw_feature,4.5,0.020358919849642422,0.027148187711367903,23
bronx,F5_n8,word_count_per_tr,individual_TENT_column_vs_raw_feature,6.0,0.05703191197162307,0.014127908653028818,23
bronx,F5_n8,word_count_per_tr,individual_TENT_column_vs_raw_feature,7.5,0.01338645095782583,-0.04664153821750497,23
bronx,F5_n8,zero_crossing_rate,collapsed_factor_vs_matching_FIR_feature,,0.00215808125779855,0.007508592321089294,23
bronx,F5_n8,zero_crossing_rate,collapsed_factor_vs_raw_feature,,-0.050173129069477566,-0.028147866877739354,23
bronx,F5_n8,zero_crossing_rate,individual_TENT_column_vs_raw_feature,1.5,-0.016789792053920147,-0.06763971182347207,23
bronx,F5_n8,zero_crossing_rate,individual_TENT_column_vs_raw_feature,3.0,-0.05549080702708143,-0.09242398516369354,23
bronx,F5_n8,zero_crossing_rate,individual_TENT_column_vs_raw_feature,4.5,0.005215590211823097,0.0017338909381597093,23
bronx,F5_n8,zero_crossing_rate,individual_TENT_column_vs_raw_feature,6.0,-0.021812574585275253,-0.03451394384276649,23
bronx,F5_n8,zero_crossing_rate,individual_TENT_column_vs_raw_feature,7.5,-0.049891723543424533,-0.045831783887324125,23
bronx,F6_n8,peak_amplitude,collapsed_factor_vs_matching_FIR_feature,,0.029742420225304333,0.04709832138261877,23
bronx,F6_n8,peak_amplitude,collapsed_factor_vs_raw_feature,,-0.040525816632289755,-0.015295500784186887,23
bronx,F6_n8,peak_amplitude,individual_TENT_column_vs_raw_feature,1.5,-0.08989513610985024,-0.017326188248615634,23
bronx,F6_n8,peak_amplitude,individual_TENT_column_vs_raw_feature,3.0,-0.077974241976446,-0.04936350549249696,23
bronx,F6_n8,peak_amplitude,individual_TENT_column_vs_raw_feature,4.5,0.011586169155965775,0.044070340493863165,23
bronx,F6_n8,peak_amplitude,individual_TENT_column_vs_raw_feature,6.0,0.01976882114896548,0.06665902578288276,23
bronx,F6_n8,peak_amplitude,individual_TENT_column_vs_raw_feature,7.5,0.0021404225471794453,0.020640278932046913,23
bronx,F6_n8,rms,collapsed_factor_vs_matching_FIR_feature,,0.022661101771295968,0.037587086932328005,23
bronx,F6_n8,rms,collapsed_factor_vs_raw_feature,,-0.04307418392695033,-0.019242972966628115,23
bronx,F6_n8,rms,individual_TENT_column_vs_raw_feature,1.5,-0.08600237602472095,-0.023206989367742497,23
bronx,F6_n8,rms,individual_TENT_column_vs_raw_feature,3.0,-0.08109332600842624,-0.061884293338448096,23
bronx,F6_n8,rms,individual_TENT_column_vs_raw_feature,4.5,0.011231469610922652,0.04844594296445398,23
bronx,F6_n8,rms,individual_TENT_column_vs_raw_feature,6.0,0.015290910669693746,0.06697906424344471,23
bronx,F6_n8,rms,individual_TENT_column_vs_raw_feature,7.5,-0.00010687729279394852,0.031021028804620182,23
bronx,F6_n8,rms_dbfs,collapsed_factor_vs_matching_FIR_feature,,0.03362176360805586,0.052502560671947085,23
bronx,F6_n8,rms_dbfs,collapsed_factor_vs_raw_feature,,-0.035973397707390824,-0.02486289063493691,23
bronx,F6_n8,rms_dbfs,individual_TENT_column_vs_raw_feature,1.5,-0.06346400538083215,-0.04483678867406867,23
bronx,F6_n8,rms_dbfs,individual_TENT_column_vs_raw_feature,3.0,-0.04870013726459455,-0.07299240644679725,23
bronx,F6_n8,rms_dbfs,individual_TENT_column_vs_raw_feature,4.5,-0.010901010861457327,0.006642686715017194,23
bronx,F6_n8,rms_dbfs,individual_TENT_column_vs_raw_feature,6.0,0.014779473124034704,0.05567357134060279,23
bronx,F6_n8,rms_dbfs,individual_TENT_column_vs_raw_feature,7.5,-0.010239342875251923,0.02247787298362337,23
bronx,F6_n8,spectral_bandwidth_hz,collapsed_factor_vs_matching_FIR_feature,,-0.08028362503654037,-0.1186074617892749,23
bronx,F6_n8,spectral_bandwidth_hz,collapsed_factor_vs_raw_feature,,0.03306732952910678,0.025288364421203014,23
bronx,F6_n8,spectral_bandwidth_hz,individual_TENT_column_vs_raw_feature,1.5,0.07206609174923188,0.07403342735269783,23
bronx,F6_n8,spectral_bandwidth_hz,individual_TENT_column_vs_raw_feature,3.0,-0.002522868656016294,0.04068994094223619,23
bronx,F6_n8,spectral_bandwidth_hz,individual_TENT_column_vs_raw_feature,4.5,0.03260002547423418,0.07000251313453473,23
bronx,F6_n8,spectral_bandwidth_hz,individual_TENT_column_vs_raw_feature,6.0,-0.0006538964875497436,-0.02798271695647106,23
bronx,F6_n8,spectral_bandwidth_hz,individual_TENT_column_vs_raw_feature,7.5,0.013121739665212883,-0.0974854501734307,23
bronx,F6_n8,spectral_centroid_hz,collapsed_factor_vs_matching_FIR_feature,,-0.03828651952288517,-0.11620141701569313,23
bronx,F6_n8,spectral_centroid_hz,collapsed_factor_vs_raw_feature,,0.005638186293202662,-0.01030873190330453,23
bronx,F6_n8,spectral_centroid_hz,individual_TENT_column_vs_raw_feature,1.5,0.01603911309050154,0.009679285667030465,23
bronx,F6_n8,spectral_centroid_hz,individual_TENT_column_vs_raw_feature,3.0,0.0009346397759368402,-0.023044471168421957,23
bronx,F6_n8,spectral_centroid_hz,individual_TENT_column_vs_raw_feature,4.5,0.012526317041121105,0.007225904977840452,23
bronx,F6_n8,spectral_centroid_hz,individual_TENT_column_vs_raw_feature,6.0,0.0030760470947016117,0.003514009150746143,23
bronx,F6_n8,spectral_centroid_hz,individual_TENT_column_vs_raw_feature,7.5,-0.01982466892878384,-0.05596357722339591,23
bronx,F6_n8,spectral_flatness,collapsed_factor_vs_matching_FIR_feature,,-0.1033541197056096,-0.17613069526229108,23
bronx,F6_n8,spectral_flatness,collapsed_factor_vs_raw_feature,,0.003210179988520807,-0.02449965908904989,23
bronx,F6_n8,spectral_flatness,individual_TENT_column_vs_raw_feature,1.5,0.02698877260909518,0.03948082166561016,23
bronx,F6_n8,spectral_flatness,individual_TENT_column_vs_raw_feature,3.0,-0.0029453503445140495,0.009295402217067632,23
bronx,F6_n8,spectral_flatness,individual_TENT_column_vs_raw_feature,4.5,0.022066555934654317,0.026922522867716393,23
bronx,F6_n8,spectral_flatness,individual_TENT_column_vs_raw_feature,6.0,-0.023680577483058095,-0.042274960504072034,23
bronx,F6_n8,spectral_flatness,individual_TENT_column_vs_raw_feature,7.5,-0.008566267372179331,-0.08462031692960462,23
bronx,F6_n8,spectral_flux,collapsed_factor_vs_matching_FIR_feature,,-0.03606933936598673,-0.15816612095320656,23
bronx,F6_n8,spectral_flux,collapsed_factor_vs_raw_feature,,-0.019722531502108582,-0.05153525934424384,23
bronx,F6_n8,spectral_flux,individual_TENT_column_vs_raw_feature,1.5,-0.020130085304373924,-0.016387527820055193,23
bronx,F6_n8,spectral_flux,individual_TENT_column_vs_raw_feature,3.0,0.023625721659893784,0.035454155505067274,23
bronx,F6_n8,spectral_flux,individual_TENT_column_vs_raw_feature,4.5,-0.030342293731203028,-0.04913347751311856,23
bronx,F6_n8,spectral_flux,individual_TENT_column_vs_raw_feature,6.0,-0.021427287611371745,-0.05936985520655078,23
bronx,F6_n8,spectral_flux,individual_TENT_column_vs_raw_feature,7.5,-0.015757819036383833,-0.025307983572667062,23
bronx,F6_n8,spectral_rolloff_85_hz,collapsed_factor_vs_matching_FIR_feature,,-0.048440413183838016,-0.11713574045094621,23
bronx,F6_n8,spectral_rolloff_85_hz,collapsed_factor_vs_raw_feature,,0.01417068132258927,0.00980877480343973,23
bronx,F6_n8,spectral_rolloff_85_hz,individual_TENT_column_vs_raw_feature,1.5,0.030229806615021292,0.02859139471765753,23
bronx,F6_n8,spectral_rolloff_85_hz,individual_TENT_column_vs_raw_feature,3.0,-0.0029835966437406643,-0.0070524535739011915,23
bronx,F6_n8,spectral_rolloff_85_hz,individual_TENT_column_vs_raw_feature,4.5,0.02149456347552313,0.033736654089500516,23
bronx,F6_n8,spectral_rolloff_85_hz,individual_TENT_column_vs_raw_feature,6.0,0.005836794581073895,0.004609281795169629,23
bronx,F6_n8,spectral_rolloff_85_hz,individual_TENT_column_vs_raw_feature,7.5,-0.012054891216817784,-0.0623180225894118,23
bronx,F6_n8,word_count_per_tr,collapsed_factor_vs_matching_FIR_feature,,-0.0031268991596349184,0.005404370801873956,23
bronx,F6_n8,word_count_per_tr,collapsed_factor_vs_raw_feature,,-0.061597931342633284,-0.038481848205859606,23
bronx,F6_n8,word_count_per_tr,individual_TENT_column_vs_raw_feature,1.5,-0.13209468174019592,-0.07319668562141989,23
bronx,F6_n8,word_count_per_tr,individual_TENT_column_vs_raw_feature,3.0,-0.06399527112249358,-0.05950073965809162,23
bronx,F6_n8,word_count_per_tr,individual_TENT_column_vs_raw_feature,4.5,-0.02043821333774136,0.01671263367642917,23
bronx,F6_n8,word_count_per_tr,individual_TENT_column_vs_raw_feature,6.0,0.025817227086185703,0.04631664036019775,23
bronx,F6_n8,word_count_per_tr,individual_TENT_column_vs_raw_feature,7.5,-0.02079053563656027,0.02137327527449119,23
bronx,F6_n8,zero_crossing_rate,collapsed_factor_vs_matching_FIR_feature,,-0.04079163122539591,-0.10648777280906507,23
bronx,F6_n8,zero_crossing_rate,collapsed_factor_vs_raw_feature,,0.009275286945491868,0.0020076413777181073,23
bronx,F6_n8,zero_crossing_rate,individual_TENT_column_vs_raw_feature,1.5,0.01761512037326092,0.013568303247433921,23
bronx,F6_n8,zero_crossing_rate,individual_TENT_column_vs_raw_feature,3.0,0.0011248005268592563,-0.01878793268820602,23
bronx,F6_n8,zero_crossing_rate,individual_TENT_column_vs_raw_feature,4.5,0.015796454218208147,0.01974452022248117,23
bronx,F6_n8,zero_crossing_rate,individual_TENT_column_vs_raw_feature,6.0,0.008229092403425694,0.015014196893018184,23
bronx,F6_n8,zero_crossing_rate,individual_TENT_column_vs_raw_feature,7.5,-0.019986356064330354,-0.053186502412293994,23
bronx,F7_n8,peak_amplitude,collapsed_factor_vs_matching_FIR_feature,,0.07809790542179877,0.09600780526494389,23
bronx,F7_n8,peak_amplitude,collapsed_factor_vs_raw_feature,,0.025827649605180504,0.026166336881553294,23
bronx,F7_n8,peak_amplitude,individual_TENT_column_vs_raw_feature,1.5,0.04394277869557367,0.040157530745945844,23
bronx,F7_n8,peak_amplitude,individual_TENT_column_vs_raw_feature,3.0,0.0012768565481980343,0.013645159551282413,23
bronx,F7_n8,peak_amplitude,individual_TENT_column_vs_raw_feature,4.5,0.038036133938099646,0.03663519393400646,23
bronx,F7_n8,peak_amplitude,individual_TENT_column_vs_raw_feature,6.0,-0.015159505599150259,-0.027759286242619596,23
bronx,F7_n8,peak_amplitude,individual_TENT_column_vs_raw_feature,7.5,0.018322155140404,0.008940162505179329,23
bronx,F7_n8,rms,collapsed_factor_vs_matching_FIR_feature,,0.061231604406983504,0.0876385666599083,23
bronx,F7_n8,rms,collapsed_factor_vs_raw_feature,,0.021419360336067728,0.01901525745304612,23
bronx,F7_n8,rms,individual_TENT_column_vs_raw_feature,1.5,0.04453622889557849,0.04126126052803322,23
bronx,F7_n8,rms,individual_TENT_column_vs_raw_feature,3.0,-0.001976326641288046,0.008568229507310772,23
bronx,F7_n8,rms,individual_TENT_column_vs_raw_feature,4.5,0.034754892523322596,0.03436679254886316,23
bronx,F7_n8,rms,individual_TENT_column_vs_raw_feature,6.0,-0.02414216842579811,-0.0388430662139007,23
bronx,F7_n8,rms,individual_TENT_column_vs_raw_feature,7.5,0.023808105726880528,0.0029349333209334723,23
bronx,F7_n8,rms_dbfs,collapsed_factor_vs_matching_FIR_feature,,0.04158525497989931,0.09671391169992663,23
bronx,F7_n8,rms_dbfs,collapsed_factor_vs_raw_feature,,0.026383561509731333,0.037274701814789854,23
bronx,F7_n8,rms_dbfs,individual_TENT_column_vs_raw_feature,1.5,0.040484390349870274,0.04238047016931302,23
bronx,F7_n8,rms_dbfs,individual_TENT_column_vs_raw_feature,3.0,-0.0029368401915210686,0.015274783336108367,23
bronx,F7_n8,rms_dbfs,individual_TENT_column_vs_raw_feature,4.5,0.01664463019593358,0.04930247192370893,23
bronx,F7_n8,rms_dbfs,individual_TENT_column_vs_raw_feature,6.0,-0.013930494105142325,-0.03679465525985816,23
bronx,F7_n8,rms_dbfs,individual_TENT_column_vs_raw_feature,7.5,0.05985344389898694,0.018988596613040525,23
bronx,F7_n8,spectral_bandwidth_hz,collapsed_factor_vs_matching_FIR_feature,,-0.06130206818474451,-0.11080881628735421,23
bronx,F7_n8,spectral_bandwidth_hz,collapsed_factor_vs_raw_feature,,0.009477953331197187,-0.024342484781230852,23
bronx,F7_n8,spectral_bandwidth_hz,individual_TENT_column_vs_raw_feature,1.5,-0.06575846802224677,-0.0647725040654046,23
bronx,F7_n8,spectral_bandwidth_hz,individual_TENT_column_vs_raw_feature,3.0,0.017576117690989667,0.008448199883952047,23
bronx,F7_n8,spectral_bandwidth_hz,individual_TENT_column_vs_raw_feature,4.5,0.05991408118749684,0.025290059164215097,23
bronx,F7_n8,spectral_bandwidth_hz,individual_TENT_column_vs_raw_feature,6.0,0.039341653635006586,-0.01296198280628918,23
bronx,F7_n8,spectral_bandwidth_hz,individual_TENT_column_vs_raw_feature,7.5,-0.06964277143365867,-0.09761627224433252,23
bronx,F7_n8,spectral_centroid_hz,collapsed_factor_vs_matching_FIR_feature,,-0.006280372024989533,-0.037540532688370425,23
bronx,F7_n8,spectral_centroid_hz,collapsed_factor_vs_raw_feature,,-0.037952129821741454,-0.05033626126006343,23
bronx,F7_n8,spectral_centroid_hz,individual_TENT_column_vs_raw_feature,1.5,-0.01793006291447476,-0.03843806246166336,23
bronx,F7_n8,spectral_centroid_hz,individual_TENT_column_vs_raw_feature,3.0,-0.012332374728086725,-0.02462837559017592,23
bronx,F7_n8,spectral_centroid_hz,individual_TENT_column_vs_raw_feature,4.5,-0.01720820305014641,-0.02906886339622221,23
bronx,F7_n8,spectral_centroid_hz,individual_TENT_column_vs_raw_feature,6.0,0.006286089630977988,0.022341831540466452,23
bronx,F7_n8,spectral_centroid_hz,individual_TENT_column_vs_raw_feature,7.5,-0.09208284874712878,-0.1019770423317194,23
bronx,F7_n8,spectral_flatness,collapsed_factor_vs_matching_FIR_feature,,0.0009476595285430844,-0.013123034142373929,23
bronx,F7_n8,spectral_flatness,collapsed_factor_vs_raw_feature,,0.006194628609024897,0.011638084468148773,23
bronx,F7_n8,spectral_flatness,individual_TENT_column_vs_raw_feature,1.5,-0.011273397185009562,-0.004495822209477169,23
bronx,F7_n8,spectral_flatness,individual_TENT_column_vs_raw_feature,3.0,0.0700325715726506,0.08768042334709458,23
bronx,F7_n8,spectral_flatness,individual_TENT_column_vs_raw_feature,4.5,0.033061803576555686,-0.010265371335561102,23
bronx,F7_n8,spectral_flatness,individual_TENT_column_vs_raw_feature,6.0,-0.0021525730792050627,-0.006613794449259393,23
bronx,F7_n8,spectral_flatness,individual_TENT_column_vs_raw_feature,7.5,-0.11377716171482745,-0.09748895802075772,23
bronx,F7_n8,spectral_flux,collapsed_factor_vs_matching_FIR_feature,,-0.030812364642923327,-0.11685509932378452,23
bronx,F7_n8,spectral_flux,collapsed_factor_vs_raw_feature,,-0.004839582380801251,-0.04016911780275944,23
bronx,F7_n8,spectral_flux,individual_TENT_column_vs_raw_feature,1.5,0.010434605269555586,-0.019009953212943267,23
bronx,F7_n8,spectral_flux,individual_TENT_column_vs_raw_feature,3.0,-0.01386683773268024,-0.039958307672151805,23
bronx,F7_n8,spectral_flux,individual_TENT_column_vs_raw_feature,4.5,-0.030487096032400234,-0.052798841585887143,23
bronx,F7_n8,spectral_flux,individual_TENT_column_vs_raw_feature,6.0,0.0053116930418404115,-0.00957966156157596,23
bronx,F7_n8,spectral_flux,individual_TENT_column_vs_raw_feature,7.5,0.028567407061015616,0.059415402165163805,23
bronx,F7_n8,spectral_rolloff_85_hz,collapsed_factor_vs_matching_FIR_feature,,-0.017763479573942163,-0.06169085035600164,23
bronx,F7_n8,spectral_rolloff_85_hz,collapsed_factor_vs_raw_feature,,-0.03108973963483487,-0.046842420525335215,23
bronx,F7_n8,spectral_rolloff_85_hz,individual_TENT_column_vs_raw_feature,1.5,-0.029997377865339098,-0.032556295922353554,23
bronx,F7_n8,spectral_rolloff_85_hz,individual_TENT_column_vs_raw_feature,3.0,-0.009529994145128536,-0.021805460189812748,23
bronx,F7_n8,spectral_rolloff_85_hz,individual_TENT_column_vs_raw_feature,4.5,0.002774108677346651,-0.015655155398439858,23
bronx,F7_n8,spectral_rolloff_85_hz,individual_TENT_column_vs_raw_feature,6.0,0.012281372161838042,0.01197843531250474,23
bronx,F7_n8,spectral_rolloff_85_hz,individual_TENT_column_vs_raw_feature,7.5,-0.09617811150876525,-0.1128307401308003,23
bronx,F7_n8,word_count_per_tr,collapsed_factor_vs_matching_FIR_feature,,0.09389141008775204,0.09968362501720332,23
bronx,F7_n8,word_count_per_tr,collapsed_factor_vs_raw_feature,,0.006435174228983884,-0.005535022552280629,23
bronx,F7_n8,word_count_per_tr,individual_TENT_column_vs_raw_feature,1.5,-0.05978656913570956,-0.03968465124199055,23
bronx,F7_n8,word_count_per_tr,individual_TENT_column_vs_raw_feature,3.0,0.04497223069545901,0.026613109853922113,23
bronx,F7_n8,word_count_per_tr,individual_TENT_column_vs_raw_feature,4.5,0.013825423643428493,-0.008690356545431746,23
bronx,F7_n8,word_count_per_tr,individual_TENT_column_vs_raw_feature,6.0,-0.03535325022233168,-0.05539668430047042,23
bronx,F7_n8,word_count_per_tr,individual_TENT_column_vs_raw_feature,7.5,0.050356643064875285,0.02539669088617658,23
bronx,F7_n8,zero_crossing_rate,collapsed_factor_vs_matching_FIR_feature,,-0.011594744025596581,-0.03906690466091016,23
bronx,F7_n8,zero_crossing_rate,collapsed_factor_vs_raw_feature,,-0.03813504098945504,-0.04862698293056394,23
bronx,F7_n8,zero_crossing_rate,individual_TENT_column_vs_raw_feature,1.5,-0.01712338475684761,-0.0356384427978008,23
bronx,F7_n8,zero_crossing_rate,individual_TENT_column_vs_raw_feature,3.0,-0.012890517507501113,-0.02083431632183025,23
bronx,F7_n8,zero_crossing_rate,individual_TENT_column_vs_raw_feature,4.5,-0.01598228856114568,-0.02324616181016641,23
bronx,F7_n8,zero_crossing_rate,individual_TENT_column_vs_raw_feature,6.0,0.006547664695538319,0.019033567660180235,23
bronx,F7_n8,zero_crossing_rate,individual_TENT_column_vs_raw_feature,7.5,-0.09496366893579458,-0.10425612192057694,23
bronx,F8_n8,peak_amplitude,collapsed_factor_vs_matching_FIR_feature,,-0.05542552292270209,-0.13865971138586564,23
bronx,F8_n8,peak_amplitude,collapsed_factor_vs_raw_feature,,-0.013781589179567401,-0.06446992165693692,23
bronx,F8_n8,peak_amplitude,individual_TENT_column_vs_raw_feature,1.5,0.001370253225110038,-0.058685156825598064,23
bronx,F8_n8,peak_amplitude,individual_TENT_column_vs_raw_feature,3.0,-0.08041358183046517,-0.1374622166583507,23
bronx,F8_n8,peak_amplitude,individual_TENT_column_vs_raw_feature,4.5,-0.031832841999196615,-0.12485434024088592,23
bronx,F8_n8,peak_amplitude,individual_TENT_column_vs_raw_feature,6.0,0.0670672552270753,0.027191984012670065,23
bronx,F8_n8,peak_amplitude,individual_TENT_column_vs_raw_feature,7.5,0.011614342570604407,-0.026869597383084004,23
bronx,F8_n8,rms,collapsed_factor_vs_matching_FIR_feature,,-0.05539442339001508,-0.13453662402302996,23
bronx,F8_n8,rms,collapsed_factor_vs_raw_feature,,-0.012799907708091321,-0.06942075477336644,23
bronx,F8_n8,rms,individual_TENT_column_vs_raw_feature,1.5,0.007297322631676746,-0.05378922774054456,23
bronx,F8_n8,rms,individual_TENT_column_vs_raw_feature,3.0,-0.08118848774774966,-0.14325849814613997,23
bronx,F8_n8,rms,individual_TENT_column_vs_raw_feature,4.5,-0.029788872067370745,-0.11485517062605802,23
bronx,F8_n8,rms,individual_TENT_column_vs_raw_feature,6.0,0.06794503412757301,0.030765599718988224,23
bronx,F8_n8,rms,individual_TENT_column_vs_raw_feature,7.5,0.0058044755417135715,-0.032378359376216505,23
bronx,F8_n8,rms_dbfs,collapsed_factor_vs_matching_FIR_feature,,-0.03894842014152056,-0.11512279290985669,23
bronx,F8_n8,rms_dbfs,collapsed_factor_vs_raw_feature,,-0.018711533892350776,-0.031975716066993065,23
bronx,F8_n8,rms_dbfs,individual_TENT_column_vs_raw_feature,1.5,-0.01777020495892273,-0.023674564782038224,23
bronx,F8_n8,rms_dbfs,individual_TENT_column_vs_raw_feature,3.0,-0.03753731993813925,-0.061298844795461084,23
bronx,F8_n8,rms_dbfs,individual_TENT_column_vs_raw_feature,4.5,-0.03185532713325943,-0.07478970812967461,23
bronx,F8_n8,rms_dbfs,individual_TENT_column_vs_raw_feature,6.0,0.020079270407589975,0.039514177790450314,23
bronx,F8_n8,rms_dbfs,individual_TENT_column_vs_raw_feature,7.5,0.020161094990802635,-0.005367419098261434,23
bronx,F8_n8,spectral_bandwidth_hz,collapsed_factor_vs_matching_FIR_feature,,0.0766117894226201,0.15008867880848886,23
bronx,F8_n8,spectral_bandwidth_hz,collapsed_factor_vs_raw_feature,,0.03631233284374506,0.05853190329447213,23
bronx,F8_n8,spectral_bandwidth_hz,individual_TENT_column_vs_raw_feature,1.5,0.037311347487794445,0.013742198247561283,23
bronx,F8_n8,spectral_bandwidth_hz,individual_TENT_column_vs_raw_feature,3.0,-0.017421611109350317,0.014585322636393266,23
bronx,F8_n8,spectral_bandwidth_hz,individual_TENT_column_vs_raw_feature,4.5,0.05609787030911561,0.09954439867821625,23
bronx,F8_n8,spectral_bandwidth_hz,individual_TENT_column_vs_raw_feature,6.0,0.0464705655353029,0.012149349815711877,23
bronx,F8_n8,spectral_bandwidth_hz,individual_TENT_column_vs_raw_feature,7.5,-0.027519479843922744,-0.03473831525145932,23
bronx,F8_n8,spectral_centroid_hz,collapsed_factor_vs_matching_FIR_feature,,0.05668363164819517,0.12752292249089353,23
bronx,F8_n8,spectral_centroid_hz,collapsed_factor_vs_raw_feature,,0.031227446648944036,0.06639912125952808,23
bronx,F8_n8,spectral_centroid_hz,individual_TENT_column_vs_raw_feature,1.5,0.011589117759440737,0.028676342382447918,23
bronx,F8_n8,spectral_centroid_hz,individual_TENT_column_vs_raw_feature,3.0,0.02244573008198316,0.031983636817514455,23
bronx,F8_n8,spectral_centroid_hz,individual_TENT_column_vs_raw_feature,4.5,0.049966406716627575,0.08038335215675595,23
bronx,F8_n8,spectral_centroid_hz,individual_TENT_column_vs_raw_feature,6.0,0.02116579336921605,0.021128356378638816,23
bronx,F8_n8,spectral_centroid_hz,individual_TENT_column_vs_raw_feature,7.5,-0.029895574526385325,-0.06413355999198593,23
bronx,F8_n8,spectral_flatness,collapsed_factor_vs_matching_FIR_feature,,0.023034026610653128,0.04060087316606778,23
bronx,F8_n8,spectral_flatness,collapsed_factor_vs_raw_feature,,0.03420774186550416,0.011980368006451471,23
bronx,F8_n8,spectral_flatness,individual_TENT_column_vs_raw_feature,1.5,0.05252700860295558,0.02842305517104104,23
bronx,F8_n8,spectral_flatness,individual_TENT_column_vs_raw_feature,3.0,0.0008592459782260277,0.011557514561346818,23
bronx,F8_n8,spectral_flatness,individual_TENT_column_vs_raw_feature,4.5,0.03355423751033229,0.0342135114757902,23
bronx,F8_n8,spectral_flatness,individual_TENT_column_vs_raw_feature,6.0,0.05666728424573742,0.01808108404034501,23
bronx,F8_n8,spectral_flatness,individual_TENT_column_vs_raw_feature,7.5,-0.05966270586294065,-0.07082003285718709,23
bronx,F8_n8,spectral_flux,collapsed_factor_vs_matching_FIR_feature,,0.012335179727515092,-0.002157789535174752,23
bronx,F8_n8,spectral_flux,collapsed_factor_vs_raw_feature,,0.012932960634291368,-0.023736461499683965,23
bronx,F8_n8,spectral_flux,individual_TENT_column_vs_raw_feature,1.5,-0.00599231065904033,-0.026827913185068795,23
bronx,F8_n8,spectral_flux,individual_TENT_column_vs_raw_feature,3.0,0.04669320259253452,0.007697102350620305,23
bronx,F8_n8,spectral_flux,individual_TENT_column_vs_raw_feature,4.5,0.025810981308016054,-0.004110811847294121,23
bronx,F8_n8,spectral_flux,individual_TENT_column_vs_raw_feature,6.0,-0.047567347143612264,-0.1206066576629109,23
bronx,F8_n8,spectral_flux,individual_TENT_column_vs_raw_feature,7.5,0.018377621599248363,-0.008440602872671576,23
bronx,F8_n8,spectral_rolloff_85_hz,collapsed_factor_vs_matching_FIR_feature,,0.06262980356109456,0.13211317164231168,23
bronx,F8_n8,spectral_rolloff_85_hz,collapsed_factor_vs_raw_feature,,0.029671292164219057,0.06875839032197821,23
bronx,F8_n8,spectral_rolloff_85_hz,individual_TENT_column_vs_raw_feature,1.5,0.015341428386770231,0.024326675586840072,23
bronx,F8_n8,spectral_rolloff_85_hz,individual_TENT_column_vs_raw_feature,3.0,0.0100041733861594,0.027720875810591395,23
bronx,F8_n8,spectral_rolloff_85_hz,individual_TENT_column_vs_raw_feature,4.5,0.05108088331121258,0.09317628630263591,23
bronx,F8_n8,spectral_rolloff_85_hz,individual_TENT_column_vs_raw_feature,6.0,0.02813952844363415,0.007370167281558649,23
bronx,F8_n8,spectral_rolloff_85_hz,individual_TENT_column_vs_raw_feature,7.5,-0.033484805462052784,-0.07313973706665787,23
bronx,F8_n8,word_count_per_tr,collapsed_factor_vs_matching_FIR_feature,,-0.008460025196265757,-0.07392803399092093,23
bronx,F8_n8,word_count_per_tr,collapsed_factor_vs_raw_feature,,-0.014645438240227307,-0.07426652135599349,23
bronx,F8_n8,word_count_per_tr,individual_TENT_column_vs_raw_feature,1.5,-0.0663800315547862,-0.11979221902196226,23
bronx,F8_n8,word_count_per_tr,individual_TENT_column_vs_raw_feature,3.0,-0.002973824627002914,-0.08025481864433713,23
bronx,F8_n8,word_count_per_tr,individual_TENT_column_vs_raw_feature,4.5,-0.029276887572347633,-0.10703441081670677,23
bronx,F8_n8,word_count_per_tr,individual_TENT_column_vs_raw_feature,6.0,0.030869198316779926,-0.04935100074735111,23
bronx,F8_n8,word_count_per_tr,individual_TENT_column_vs_raw_feature,7.5,0.020489033310906936,-0.04101957244268725,23
bronx,F8_n8,zero_crossing_rate,collapsed_factor_vs_matching_FIR_feature,,0.06300538878816977,0.12433314665628738,23
bronx,F8_n8,zero_crossing_rate,collapsed_factor_vs_raw_feature,,0.03283598654647893,0.0664275671208459,23
bronx,F8_n8,zero_crossing_rate,individual_TENT_column_vs_raw_feature,1.5,0.013602288495453684,0.026560339341131913,23
bronx,F8_n8,zero_crossing_rate,individual_TENT_column_vs_raw_feature,3.0,0.018481211622890723,0.023587090580595334,23
bronx,F8_n8,zero_crossing_rate,individual_TENT_column_vs_raw_feature,4.5,0.05489376004858059,0.08448266633183218,23
bronx,F8_n8,zero_crossing_rate,individual_TENT_column_vs_raw_feature,6.0,0.02406678143208844,0.023023336523992525,23
bronx,F8_n8,zero_crossing_rate,individual_TENT_column_vs_raw_feature,7.5,-0.03162925827405977,-0.06573262916243336,23
forgot,F1_n8,peak_amplitude,collapsed_factor_vs_matching_FIR_feature,,-0.003248678529577422,-0.023394103897253316,23
forgot,F1_n8,peak_amplitude,collapsed_factor_vs_raw_feature,,0.028959928023217944,0.05280437758076529,23
forgot,F1_n8,peak_amplitude,individual_TENT_column_vs_raw_feature,1.5,0.022275523804303577,-0.013830140636242924,23
forgot,F1_n8,peak_amplitude,individual_TENT_column_vs_raw_feature,3.0,0.016207008572138668,-0.009464895674309073,23
forgot,F1_n8,peak_amplitude,individual_TENT_column_vs_raw_feature,4.5,0.06995834601161749,0.04419479994923409,23
forgot,F1_n8,peak_amplitude,individual_TENT_column_vs_raw_feature,6.0,-0.007133881146876836,-0.0014357590286607628,23
forgot,F1_n8,peak_amplitude,individual_TENT_column_vs_raw_feature,7.5,-0.02983974968343606,-0.009644367352469641,23
forgot,F1_n8,rms,collapsed_factor_vs_matching_FIR_feature,,0.0026240365171266715,-0.01636065877906132,23
forgot,F1_n8,rms,collapsed_factor_vs_raw_feature,,0.02836138578960384,0.05340614934407521,23
forgot,F1_n8,rms,individual_TENT_column_vs_raw_feature,1.5,0.02044112236867388,-0.021075193798941193,23
forgot,F1_n8,rms,individual_TENT_column_vs_raw_feature,3.0,0.00829410171297062,-0.015802812019913768,23
forgot,F1_n8,rms,individual_TENT_column_vs_raw_feature,4.5,0.06761037806516373,0.043826516565082636,23
forgot,F1_n8,rms,individual_TENT_column_vs_raw_feature,6.0,0.0006337284901868475,0.007376940368093,23
forgot,F1_n8,rms,individual_TENT_column_vs_raw_feature,7.5,-0.026773716864305627,-0.009770280239000657,23
forgot,F1_n8,rms_dbfs,collapsed_factor_vs_matching_FIR_feature,,-0.028067553249725243,-0.042175224229254515,23
forgot,F1_n8,rms_dbfs,collapsed_factor_vs_raw_feature,,0.05227698932039516,0.08290112009315417,23
forgot,F1_n8,rms_dbfs,individual_TENT_column_vs_raw_feature,1.5,0.020333136320388613,-0.006011251809515466,23
forgot,F1_n8,rms_dbfs,individual_TENT_column_vs_raw_feature,3.0,0.036038557938988636,0.009249793790860042,23
forgot,F1_n8,rms_dbfs,individual_TENT_column_vs_raw_feature,4.5,0.09442656847883275,0.0734901903858064,23
forgot,F1_n8,rms_dbfs,individual_TENT_column_vs_raw_feature,6.0,0.013521398289419529,0.02637919444154591,23
forgot,F1_n8,rms_dbfs,individual_TENT_column_vs_raw_feature,7.5,-0.03756009265356344,-0.0011313822959655923,23
forgot,F1_n8,spectral_bandwidth_hz,collapsed_factor_vs_matching_FIR_feature,,0.02029695114310818,0.027004997469236677,23
forgot,F1_n8,spectral_bandwidth_hz,collapsed_factor_vs_raw_feature,,-0.06629903770355605,-0.13430977173823247,23
forgot,F1_n8,spectral_bandwidth_hz,individual_TENT_column_vs_raw_feature,1.5,-8.070456882292356e-05,-0.031954818238436364,23
forgot,F1_n8,spectral_bandwidth_hz,individual_TENT_column_vs_raw_feature,3.0,-0.06243563904572067,-0.05685323142518955,23
forgot,F1_n8,spectral_bandwidth_hz,individual_TENT_column_vs_raw_feature,4.5,-0.11237983198205818,-0.12769415029667114,23
forgot,F1_n8,spectral_bandwidth_hz,individual_TENT_column_vs_raw_feature,6.0,-0.037184122191893765,-0.063749320328702,23
forgot,F1_n8,spectral_bandwidth_hz,individual_TENT_column_vs_raw_feature,7.5,0.06502344103039938,-0.01205607846066005,23
forgot,F1_n8,spectral_centroid_hz,collapsed_factor_vs_matching_FIR_feature,,-0.10157155171405448,-0.10525447786405061,23
forgot,F1_n8,spectral_centroid_hz,collapsed_factor_vs_raw_feature,,-0.017678204936164055,-0.028203062023639237,23
forgot,F1_n8,spectral_centroid_hz,individual_TENT_column_vs_raw_feature,1.5,0.008979797622098698,-0.00036529679811924054,23
forgot,F1_n8,spectral_centroid_hz,individual_TENT_column_vs_raw_feature,3.0,-0.03166480586044733,-0.03538032232610402,23
forgot,F1_n8,spectral_centroid_hz,individual_TENT_column_vs_raw_feature,4.5,-0.036795241134933314,-0.04518387486297346,23
forgot,F1_n8,spectral_centroid_hz,individual_TENT_column_vs_raw_feature,6.0,-0.006151769169200761,-0.004753484890267171,23
forgot,F1_n8,spectral_centroid_hz,individual_TENT_column_vs_raw_feature,7.5,0.03425666641430379,-0.015936086954401987,23
forgot,F1_n8,spectral_flatness,collapsed_factor_vs_matching_FIR_feature,,0.047198198495242684,0.04906506489854885,23
forgot,F1_n8,spectral_flatness,collapsed_factor_vs_raw_feature,,-0.06304364982562684,-0.11176192379418533,23
forgot,F1_n8,spectral_flatness,individual_TENT_column_vs_raw_feature,1.5,0.002162228872709823,-0.0007099133848288428,23
forgot,F1_n8,spectral_flatness,individual_TENT_column_vs_raw_feature,3.0,-0.0522386970806534,-0.03554150584549984,23
forgot,F1_n8,spectral_flatness,individual_TENT_column_vs_raw_feature,4.5,-0.1102819978634352,-0.1032000980923143,23
forgot,F1_n8,spectral_flatness,individual_TENT_column_vs_raw_feature,6.0,-0.03878847953055036,-0.04890817948390692,23
forgot,F1_n8,spectral_flatness,individual_TENT_column_vs_raw_feature,7.5,0.05939655289981865,-0.003876051599249519,23
forgot,F1_n8,spectral_flux,collapsed_factor_vs_matching_FIR_feature,,0.006955151481216523,0.0011242457882877424,23
forgot,F1_n8,spectral_flux,collapsed_factor_vs_raw_feature,,0.01346476176106715,0.01404188053649416,23
forgot,F1_n8,spectral_flux,individual_TENT_column_vs_raw_feature,1.5,0.025512801213125623,0.03031214048144215,23
forgot,F1_n8,spectral_flux,individual_TENT_column_vs_raw_feature,3.0,0.030492218944132038,0.023459537255894197,23
forgot,F1_n8,spectral_flux,individual_TENT_column_vs_raw_feature,4.5,0.015823219764230033,0.024964488343019006,23
forgot,F1_n8,spectral_flux,individual_TENT_column_vs_raw_feature,6.0,-0.0016083411793525568,-0.009872808103418356,23
forgot,F1_n8,spectral_flux,individual_TENT_column_vs_raw_feature,7.5,-0.038774342741831815,-0.06793624323902443,23
forgot,F1_n8,spectral_rolloff_85_hz,collapsed_factor_vs_matching_FIR_feature,,-0.09014518441597393,-0.09573774973133048,23
forgot,F1_n8,spectral_rolloff_85_hz,collapsed_factor_vs_raw_feature,,-0.01663634871898877,-0.019476282367246925,23
forgot,F1_n8,spectral_rolloff_85_hz,individual_TENT_column_vs_raw_feature,1.5,0.00936505244203716,0.008637190855824964,23
forgot,F1_n8,spectral_rolloff_85_hz,individual_TENT_column_vs_raw_feature,3.0,-0.028900147131316084,-0.024903432430374937,23
forgot,F1_n8,spectral_rolloff_85_hz,individual_TENT_column_vs_raw_feature,4.5,-0.025445086972471352,-0.027431658256853432,23
forgot,F1_n8,spectral_rolloff_85_hz,individual_TENT_column_vs_raw_feature,6.0,-0.014281269518047472,-0.010466833963946964,23
forgot,F1_n8,spectral_rolloff_85_hz,individual_TENT_column_vs_raw_feature,7.5,0.029195693442280127,-0.015135736982971602,23
forgot,F1_n8,word_count_per_tr,collapsed_factor_vs_matching_FIR_feature,,0.0595224807940999,0.0503576243115295,23
forgot,F1_n8,word_count_per_tr,collapsed_factor_vs_raw_feature,,0.04283297304197596,0.06822334970133635,23
forgot,F1_n8,word_count_per_tr,individual_TENT_column_vs_raw_feature,1.5,0.056153113549782495,0.015189519612644557,23
forgot,F1_n8,word_count_per_tr,individual_TENT_column_vs_raw_feature,3.0,0.06701788058133426,0.04129485971946075,23
forgot,F1_n8,word_count_per_tr,individual_TENT_column_vs_raw_feature,4.5,0.08920680492490145,0.0761612251148417,23
forgot,F1_n8,word_count_per_tr,individual_TENT_column_vs_raw_feature,6.0,-0.04997132171236392,-0.027442916818667198,23
forgot,F1_n8,word_count_per_tr,individual_TENT_column_vs_raw_feature,7.5,-0.05053145467496089,-0.029002038104376543,23
forgot,F1_n8,zero_crossing_rate,collapsed_factor_vs_matching_FIR_feature,,-0.066740554592497,-0.06291705811816518,23
forgot,F1_n8,zero_crossing_rate,collapsed_factor_vs_raw_feature,,-0.03522229298079774,-0.07079152620596224,23
forgot,F1_n8,zero_crossing_rate,individual_TENT_column_vs_raw_feature,1.5,0.006892000706145167,-0.013433825012752247,23
forgot,F1_n8,zero_crossing_rate,individual_TENT_column_vs_raw_feature,3.0,-0.04622379820143729,-0.051689077243873054,23
forgot,F1_n8,zero_crossing_rate,individual_TENT_column_vs_raw_feature,4.5,-0.06992044652918711,-0.08105753699327185,23
forgot,F1_n8,zero_crossing_rate,individual_TENT_column_vs_raw_feature,6.0,-0.015266797342050132,-0.024380343685686198,23
forgot,F1_n8,zero_crossing_rate,individual_TENT_column_vs_raw_feature,7.5,0.054322062839175324,-0.007096739315007373,23
forgot,F2_n8,peak_amplitude,collapsed_factor_vs_matching_FIR_feature,,0.07381068189659534,0.0952157463581681,23
forgot,F2_n8,peak_amplitude,collapsed_factor_vs_raw_feature,,0.013189748991075197,0.03246565960721552,23
forgot,F2_n8,peak_amplitude,individual_TENT_column_vs_raw_feature,1.5,0.017157305992497172,0.03348714793112813,23
forgot,F2_n8,peak_amplitude,individual_TENT_column_vs_raw_feature,3.0,0.0299784559128418,0.030002902256047934,23
forgot,F2_n8,peak_amplitude,individual_TENT_column_vs_raw_feature,4.5,-0.041936878474804,-0.010985596766481228,23
forgot,F2_n8,peak_amplitude,individual_TENT_column_vs_raw_feature,6.0,0.011771344824998382,0.010441078446820169,23
forgot,F2_n8,peak_amplitude,individual_TENT_column_vs_raw_feature,7.5,0.02960627428473023,0.03976888069058275,23
forgot,F2_n8,rms,collapsed_factor_vs_matching_FIR_feature,,0.08442631706866051,0.10634810538163877,23
forgot,F2_n8,rms,collapsed_factor_vs_raw_feature,,0.01949336340515363,0.03920432303837061,23
forgot,F2_n8,rms,individual_TENT_column_vs_raw_feature,1.5,0.023254336956885197,0.037021019764809045,23
forgot,F2_n8,rms,individual_TENT_column_vs_raw_feature,3.0,0.042588114258772215,0.04192082946243868,23
forgot,F2_n8,rms,individual_TENT_column_vs_raw_feature,4.5,-0.03790850947708055,-0.003917718493399953,23
forgot,F2_n8,rms,individual_TENT_column_vs_raw_feature,6.0,0.0058046930542899455,0.00458817334535491,23
forgot,F2_n8,rms,individual_TENT_column_vs_raw_feature,7.5,0.031190457296227558,0.03925589988102128,23
forgot,F2_n8,rms_dbfs,collapsed_factor_vs_matching_FIR_feature,,0.07022648537698722,0.10118358046968146,23
forgot,F2_n8,rms_dbfs,collapsed_factor_vs_raw_feature,,-0.0044068285996952655,0.03292728448248685,23
forgot,F2_n8,rms_dbfs,individual_TENT_column_vs_raw_feature,1.5,0.007064233339905327,0.03397758734603571,23
forgot,F2_n8,rms_dbfs,individual_TENT_column_vs_raw_feature,3.0,0.01746265125689606,0.03633129238892238,23
forgot,F2_n8,rms_dbfs,individual_TENT_column_vs_raw_feature,4.5,-0.07833832832275653,-0.01058022466076668,23
forgot,F2_n8,rms_dbfs,individual_TENT_column_vs_raw_feature,6.0,0.014219563787226221,0.015789284797836815,23
forgot,F2_n8,rms_dbfs,individual_TENT_column_vs_raw_feature,7.5,0.04145045889034936,0.05704551846119169,23
forgot,F2_n8,spectral_bandwidth_hz,collapsed_factor_vs_matching_FIR_feature,,-0.04836004305236159,-0.0737209271076256,23
forgot,F2_n8,spectral_bandwidth_hz,collapsed_factor_vs_raw_feature,,0.04450066517341916,0.008346497572986096,23
forgot,F2_n8,spectral_bandwidth_hz,individual_TENT_column_vs_raw_feature,1.5,0.019801271680159944,-0.018226888662628633,23
forgot,F2_n8,spectral_bandwidth_hz,individual_TENT_column_vs_raw_feature,3.0,0.015771081121719672,-0.03589905636330853,23
forgot,F2_n8,spectral_bandwidth_hz,individual_TENT_column_vs_raw_feature,4.5,0.0982401486875319,0.02825109524303993,23
forgot,F2_n8,spectral_bandwidth_hz,individual_TENT_column_vs_raw_feature,6.0,0.025170929041971733,0.03349622797231528,23
forgot,F2_n8,spectral_bandwidth_hz,individual_TENT_column_vs_raw_feature,7.5,-0.05394657593945839,-0.058433970219668604,23
forgot,F2_n8,spectral_centroid_hz,collapsed_factor_vs_matching_FIR_feature,,-0.006033769669549744,0.017886051506680246,23
forgot,F2_n8,spectral_centroid_hz,collapsed_factor_vs_raw_feature,,-0.0038404659023670933,0.005846190787562267,23
forgot,F2_n8,spectral_centroid_hz,individual_TENT_column_vs_raw_feature,1.5,-0.008880463847916388,-0.011156250408910872,23
forgot,F2_n8,spectral_centroid_hz,individual_TENT_column_vs_raw_feature,3.0,-0.00012999947694883877,-0.003081507539938657,23
forgot,F2_n8,spectral_centroid_hz,individual_TENT_column_vs_raw_feature,4.5,-0.016366122956985592,-0.026740047379767762,23
forgot,F2_n8,spectral_centroid_hz,individual_TENT_column_vs_raw_feature,6.0,0.022661917354876816,0.039337511094249634,23
forgot,F2_n8,spectral_centroid_hz,individual_TENT_column_vs_raw_feature,7.5,-0.013401377666938217,-0.007061190816274549,23
forgot,F2_n8,spectral_flatness,collapsed_factor_vs_matching_FIR_feature,,-0.07166798477568229,-0.08786701237371539,23
forgot,F2_n8,spectral_flatness,collapsed_factor_vs_raw_feature,,0.03852477686669322,-0.013961796600472105,23
forgot,F2_n8,spectral_flatness,individual_TENT_column_vs_raw_feature,1.5,-0.0018199974669797217,-0.03138294446071509,23
forgot,F2_n8,spectral_flatness,individual_TENT_column_vs_raw_feature,3.0,0.008235188614508853,-0.03477216890540488,23
forgot,F2_n8,spectral_flatness,individual_TENT_column_vs_raw_feature,4.5,0.10589359252384666,0.020654893211939026,23
forgot,F2_n8,spectral_flatness,individual_TENT_column_vs_raw_feature,6.0,0.015412326669909646,0.005574517411444937,23
forgot,F2_n8,spectral_flatness,individual_TENT_column_vs_raw_feature,7.5,-0.0422183574858796,-0.06282818197818105,23
forgot,F2_n8,spectral_flux,collapsed_factor_vs_matching_FIR_feature,,0.029993283216993637,0.08600849920664078,23
forgot,F2_n8,spectral_flux,collapsed_factor_vs_raw_feature,,-0.004421722729171321,-0.01727233452308259,23
forgot,F2_n8,spectral_flux,individual_TENT_column_vs_raw_feature,1.5,-0.009189831144878528,-0.024880417022455886,23
forgot,F2_n8,spectral_flux,individual_TENT_column_vs_raw_feature,3.0,-0.011189675139842087,-0.024217379232627973,23
forgot,F2_n8,spectral_flux,individual_TENT_column_vs_raw_feature,4.5,-0.022649028184725074,-0.047622204273408096,23
forgot,F2_n8,spectral_flux,individual_TENT_column_vs_raw_feature,6.0,0.007299188993575856,-0.012911923996707405,23
forgot,F2_n8,spectral_flux,individual_TENT_column_vs_raw_feature,7.5,0.02869759359796609,0.05677490548175916,23
forgot,F2_n8,spectral_rolloff_85_hz,collapsed_factor_vs_matching_FIR_feature,,-0.00887672940446546,0.01596887208253604,23
forgot,F2_n8,spectral_rolloff_85_hz,collapsed_factor_vs_raw_feature,,-0.00027560770253777484,0.017250240216788438,23
forgot,F2_n8,spectral_rolloff_85_hz,individual_TENT_column_vs_raw_feature,1.5,-0.00442332691479953,-0.00859698825606856,23
forgot,F2_n8,spectral_rolloff_85_hz,individual_TENT_column_vs_raw_feature,3.0,-0.00842929769098665,-0.013792054729055479,23
forgot,F2_n8,spectral_rolloff_85_hz,individual_TENT_column_vs_raw_feature,4.5,-0.017704963498212697,-0.030399423664212298,23
forgot,F2_n8,spectral_rolloff_85_hz,individual_TENT_column_vs_raw_feature,6.0,0.04268303845162918,0.06396526608197534,23
forgot,F2_n8,spectral_rolloff_85_hz,individual_TENT_column_vs_raw_feature,7.5,-0.01920967312142889,-0.005401162524402048,23
forgot,F2_n8,word_count_per_tr,collapsed_factor_vs_matching_FIR_feature,,0.002694679618141366,0.000946724334561716,23
forgot,F2_n8,word_count_per_tr,collapsed_factor_vs_raw_feature,,0.0052018593771965185,0.015405138355167398,23
forgot,F2_n8,word_count_per_tr,individual_TENT_column_vs_raw_feature,1.5,0.021068267075836807,0.038462532695489667,23
forgot,F2_n8,word_count_per_tr,individual_TENT_column_vs_raw_feature,3.0,0.004319125577570951,-0.02202295187282039,23
forgot,F2_n8,word_count_per_tr,individual_TENT_column_vs_raw_feature,4.5,-0.0595330388733425,-0.03924475961955549,23
forgot,F2_n8,word_count_per_tr,individual_TENT_column_vs_raw_feature,6.0,0.02921032657555377,0.02192606901889871,23
forgot,F2_n8,word_count_per_tr,individual_TENT_column_vs_raw_feature,7.5,0.03387045037294183,0.04839767756477154,23
forgot,F2_n8,zero_crossing_rate,collapsed_factor_vs_matching_FIR_feature,,-0.027688399976556317,-0.023453310540954304,23
forgot,F2_n8,zero_crossing_rate,collapsed_factor_vs_raw_feature,,0.009999382930698832,0.006820858101510925,23
forgot,F2_n8,zero_crossing_rate,individual_TENT_column_vs_raw_feature,1.5,-0.006388534620604575,-0.016461337542754435,23
forgot,F2_n8,zero_crossing_rate,individual_TENT_column_vs_raw_feature,3.0,0.005883091878162544,-0.012652050318357987,23
forgot,F2_n8,zero_crossing_rate,individual_TENT_column_vs_raw_feature,4.5,0.027149322636782467,0.005610749396901272,23
forgot,F2_n8,zero_crossing_rate,individual_TENT_column_vs_raw_feature,6.0,0.022394325554425738,0.03344806080414254,23
forgot,F2_n8,zero_crossing_rate,individual_TENT_column_vs_raw_feature,7.5,-0.03496834223638246,-0.03695044996951401,23
forgot,F3_n8,peak_amplitude,collapsed_factor_vs_matching_FIR_feature,,-0.048539811174093284,-0.0851595640244257,23
forgot,F3_n8,peak_amplitude,collapsed_factor_vs_raw_feature,,-0.07371396133242597,-0.08806497924674093,23
forgot,F3_n8,peak_amplitude,individual_TENT_column_vs_raw_feature,1.5,-0.013323414918107334,-0.0014410537362678898,23
forgot,F3_n8,peak_amplitude,individual_TENT_column_vs_raw_feature,3.0,-0.01704597186590367,-0.04001158590704209,23
forgot,F3_n8,peak_amplitude,individual_TENT_column_vs_raw_feature,4.5,-0.06892230550359021,-0.05600387429816052,23
forgot,F3_n8,peak_amplitude,individual_TENT_column_vs_raw_feature,6.0,-0.06528746795411994,-0.06418555736366255,23
forgot,F3_n8,peak_amplitude,individual_TENT_column_vs_raw_feature,7.5,-0.03773558002670805,-0.024962953576937317,23
forgot,F3_n8,rms,collapsed_factor_vs_matching_FIR_feature,,-0.06511390120523049,-0.09770461515631858,23
forgot,F3_n8,rms,collapsed_factor_vs_raw_feature,,-0.08053504506944355,-0.09367777168510419,23
forgot,F3_n8,rms,individual_TENT_column_vs_raw_feature,1.5,-0.015439638689235922,-0.0003775505470260402,23
forgot,F3_n8,rms,individual_TENT_column_vs_raw_feature,3.0,-0.020150834395553215,-0.041043909826576776,23
forgot,F3_n8,rms,individual_TENT_column_vs_raw_feature,4.5,-0.07307337785968905,-0.059325156612519546,23
forgot,F3_n8,rms,individual_TENT_column_vs_raw_feature,6.0,-0.07184220329575763,-0.06751877919797684,23
forgot,F3_n8,rms,individual_TENT_column_vs_raw_feature,7.5,-0.04056244978584906,-0.028527632966495037,23
forgot,F3_n8,rms_dbfs,collapsed_factor_vs_matching_FIR_feature,,-0.03668268104400004,-0.0862030283441113,23
forgot,F3_n8,rms_dbfs,collapsed_factor_vs_raw_feature,,-0.055905930426357976,-0.08538137416559627,23
forgot,F3_n8,rms_dbfs,individual_TENT_column_vs_raw_feature,1.5,-0.026607281353751167,-0.004066025454184606,23
forgot,F3_n8,rms_dbfs,individual_TENT_column_vs_raw_feature,3.0,-0.014715619266596414,-0.03354227133384482,23
forgot,F3_n8,rms_dbfs,individual_TENT_column_vs_raw_feature,4.5,-0.05274687845444621,-0.0531249257949094,23
forgot,F3_n8,rms_dbfs,individual_TENT_column_vs_raw_feature,6.0,-0.03655293593032442,-0.04509890104541962,23
forgot,F3_n8,rms_dbfs,individual_TENT_column_vs_raw_feature,7.5,-0.027190866053124693,-0.023907009635319,23
forgot,F3_n8,spectral_bandwidth_hz,collapsed_factor_vs_matching_FIR_feature,,0.04510945844570899,0.06134315009296389,23
forgot,F3_n8,spectral_bandwidth_hz,collapsed_factor_vs_raw_feature,,0.03739012653446657,0.03841274853921128,23
forgot,F3_n8,spectral_bandwidth_hz,individual_TENT_column_vs_raw_feature,1.5,0.03176243207794789,0.005184911729036715,23
forgot,F3_n8,spectral_bandwidth_hz,individual_TENT_column_vs_raw_feature,3.0,-0.009819045652321324,-0.010312855623471012,23
forgot,F3_n8,spectral_bandwidth_hz,individual_TENT_column_vs_raw_feature,4.5,0.0466355063835037,0.035414489675763175,23
forgot,F3_n8,spectral_bandwidth_hz,individual_TENT_column_vs_raw_feature,6.0,0.02378328211563078,0.0208209668538697,23
forgot,F3_n8,spectral_bandwidth_hz,individual_TENT_column_vs_raw_feature,7.5,0.01684015896316853,0.026829320982400647,23
forgot,F3_n8,spectral_centroid_hz,collapsed_factor_vs_matching_FIR_feature,,0.03899593784513942,0.03427009439507377,23
forgot,F3_n8,spectral_centroid_hz,collapsed_factor_vs_raw_feature,,0.00478799859533894,-0.0014203793502231292,23
forgot,F3_n8,spectral_centroid_hz,individual_TENT_column_vs_raw_feature,1.5,-0.02699369228806279,-0.03687670855393027,23
forgot,F3_n8,spectral_centroid_hz,individual_TENT_column_vs_raw_feature,3.0,-0.05533577042801418,-0.04662379367119309,23
forgot,F3_n8,spectral_centroid_hz,individual_TENT_column_vs_raw_feature,4.5,0.033847868969352414,0.04214621965563638,23
forgot,F3_n8,spectral_centroid_hz,individual_TENT_column_vs_raw_feature,6.0,0.04457354634402665,0.01939914784983754,23
forgot,F3_n8,spectral_centroid_hz,individual_TENT_column_vs_raw_feature,7.5,0.012163861857755039,0.011554421446719153,23
forgot,F3_n8,spectral_flatness,collapsed_factor_vs_matching_FIR_feature,,-0.0010407089735317262,0.0359978849970891,23
forgot,F3_n8,spectral_flatness,collapsed_factor_vs_raw_feature,,0.03180427055040752,0.042291013033629435,23
forgot,F3_n8,spectral_flatness,individual_TENT_column_vs_raw_feature,1.5,0.013198956134290582,-0.01627358962757177,23
forgot,F3_n8,spectral_flatness,individual_TENT_column_vs_raw_feature,3.0,-0.021899811933937485,-0.011580985062121818,23
forgot,F3_n8,spectral_flatness,individual_TENT_column_vs_raw_feature,4.5,0.04683278944176429,0.03641029644649858,23
forgot,F3_n8,spectral_flatness,individual_TENT_column_vs_raw_feature,6.0,0.02970533279790304,0.027501636333508772,23
forgot,F3_n8,spectral_flatness,individual_TENT_column_vs_raw_feature,7.5,0.024442541735415057,0.03464962431361449,23
forgot,F3_n8,spectral_flux,collapsed_factor_vs_matching_FIR_feature,,-0.009690664484566442,-0.036951429960129525,23
forgot,F3_n8,spectral_flux,collapsed_factor_vs_raw_feature,,-0.012860394820033873,-0.023370580297871153,23
forgot,F3_n8,spectral_flux,individual_TENT_column_vs_raw_feature,1.5,-0.012637442246742785,-0.05634264098725302,23
forgot,F3_n8,spectral_flux,individual_TENT_column_vs_raw_feature,3.0,0.005135141990137738,-0.022975923189621866,23
forgot,F3_n8,spectral_flux,individual_TENT_column_vs_raw_feature,4.5,-0.023935087092646423,-0.04665643682681541,23
forgot,F3_n8,spectral_flux,individual_TENT_column_vs_raw_feature,6.0,-0.006942834122628762,-0.032959521147093024,23
forgot,F3_n8,spectral_flux,individual_TENT_column_vs_raw_feature,7.5,0.0034947470519330615,-0.004673221075038633,23
forgot,F3_n8,spectral_rolloff_85_hz,collapsed_factor_vs_matching_FIR_feature,,0.058127723529193875,0.04574077810317537,23
forgot,F3_n8,spectral_rolloff_85_hz,collapsed_factor_vs_raw_feature,,0.007032307706454882,0.00017490603144904946,23
forgot,F3_n8,spectral_rolloff_85_hz,individual_TENT_column_vs_raw_feature,1.5,-0.024977517839590947,-0.025845897600512834,23
forgot,F3_n8,spectral_rolloff_85_hz,individual_TENT_column_vs_raw_feature,3.0,-0.043326125095035965,-0.04256008224333926,23
forgot,F3_n8,spectral_rolloff_85_hz,individual_TENT_column_vs_raw_feature,4.5,0.02795459012168002,0.033536977984948396,23
forgot,F3_n8,spectral_rolloff_85_hz,individual_TENT_column_vs_raw_feature,6.0,0.03999594457893413,0.020311923599499338,23
forgot,F3_n8,spectral_rolloff_85_hz,individual_TENT_column_vs_raw_feature,7.5,0.0162483716078394,0.018887742619729902,23
forgot,F3_n8,word_count_per_tr,collapsed_factor_vs_matching_FIR_feature,,-0.02925407869383434,-0.05007457433683209,23
forgot,F3_n8,word_count_per_tr,collapsed_factor_vs_raw_feature,,-0.06487909327561714,-0.07047142664927393,23
forgot,F3_n8,word_count_per_tr,individual_TENT_column_vs_raw_feature,1.5,-0.017551976451247984,-0.026948604788849223,23
forgot,F3_n8,word_count_per_tr,individual_TENT_column_vs_raw_feature,3.0,-0.007550030395116949,-0.026803829360924056,23
forgot,F3_n8,word_count_per_tr,individual_TENT_column_vs_raw_feature,4.5,-0.06016827321462377,-0.04171703331886966,23
forgot,F3_n8,word_count_per_tr,individual_TENT_column_vs_raw_feature,6.0,-0.07112159927033278,-0.07012535287854828,23
forgot,F3_n8,word_count_per_tr,individual_TENT_column_vs_raw_feature,7.5,-0.018278486778085905,-0.004320453171147398,23
forgot,F3_n8,zero_crossing_rate,collapsed_factor_vs_matching_FIR_feature,,0.0548035333217237,0.06338178954320635,23
forgot,F3_n8,zero_crossing_rate,collapsed_factor_vs_raw_feature,,0.025847445505127405,0.03214734222288151,23
forgot,F3_n8,zero_crossing_rate,individual_TENT_column_vs_raw_feature,1.5,-0.004835013880662826,-0.020183583037397892,23
forgot,F3_n8,zero_crossing_rate,individual_TENT_column_vs_raw_feature,3.0,-0.037154376300351545,-0.02198462793416881,23
forgot,F3_n8,zero_crossing_rate,individual_TENT_column_vs_raw_feature,4.5,0.046402853310015424,0.05030231454869682,23
forgot,F3_n8,zero_crossing_rate,individual_TENT_column_vs_raw_feature,6.0,0.04793551169014444,0.030075400074611947,23
forgot,F3_n8,zero_crossing_rate,individual_TENT_column_vs_raw_feature,7.5,0.017121622241556386,0.025332427391941487,23
forgot,F4_n8,peak_amplitude,collapsed_factor_vs_matching_FIR_feature,,0.045591504929118905,0.06832338605057228,23
forgot,F4_n8,peak_amplitude,collapsed_factor_vs_raw_feature,,0.02610893370396068,0.030298380156374677,23
forgot,F4_n8,peak_amplitude,individual_TENT_column_vs_raw_feature,1.5,0.007531499374834518,0.03079704802020283,23
forgot,F4_n8,peak_amplitude,individual_TENT_column_vs_raw_feature,3.0,0.040191040399587666,0.033481748128965295,23
forgot,F4_n8,peak_amplitude,individual_TENT_column_vs_raw_feature,4.5,0.021564746678745465,0.04509166112374463,23
forgot,F4_n8,peak_amplitude,individual_TENT_column_vs_raw_feature,6.0,0.02428215123552629,-0.004897203686324202,23
forgot,F4_n8,peak_amplitude,individual_TENT_column_vs_raw_feature,7.5,-0.031828228778865895,-0.036744912541907336,23
forgot,F4_n8,rms,collapsed_factor_vs_matching_FIR_feature,,0.035750430473838773,0.056785723617861966,23
forgot,F4_n8,rms,collapsed_factor_vs_raw_feature,,0.019865763705809527,0.02360921392814923,23
forgot,F4_n8,rms,individual_TENT_column_vs_raw_feature,1.5,0.010496858853770297,0.03717050906905787,23
forgot,F4_n8,rms,individual_TENT_column_vs_raw_feature,3.0,0.034731506650230566,0.030871311808537475,23
forgot,F4_n8,rms,individual_TENT_column_vs_raw_feature,4.5,0.01575506304340839,0.03951120570636451,23
forgot,F4_n8,rms,individual_TENT_column_vs_raw_feature,6.0,0.016353133937439174,-0.012681453156720233,23
forgot,F4_n8,rms,individual_TENT_column_vs_raw_feature,7.5,-0.030832115819329205,-0.03854224339793388,23
forgot,F4_n8,rms_dbfs,collapsed_factor_vs_matching_FIR_feature,,0.061989390154031244,0.09287927088040097,23
forgot,F4_n8,rms_dbfs,collapsed_factor_vs_raw_feature,,0.03657476109320438,0.03407193902921092,23
forgot,F4_n8,rms_dbfs,individual_TENT_column_vs_raw_feature,1.5,0.006314408743189663,0.027967654181415728,23
forgot,F4_n8,rms_dbfs,individual_TENT_column_vs_raw_feature,3.0,0.03727432717223178,0.03410311123131703,23
forgot,F4_n8,rms_dbfs,individual_TENT_column_vs_raw_feature,4.5,0.027795836819861613,0.04853208460531667,23
forgot,F4_n8,rms_dbfs,individual_TENT_column_vs_raw_feature,6.0,0.03655194426100577,0.0029310568868855837,23
forgot,F4_n8,rms_dbfs,individual_TENT_column_vs_raw_feature,7.5,-0.014070244609078807,-0.038392010086717776,23
forgot,F4_n8,spectral_bandwidth_hz,collapsed_factor_vs_matching_FIR_feature,,-0.04345396204791548,-0.08051659676403258,23
forgot,F4_n8,spectral_bandwidth_hz,collapsed_factor_vs_raw_feature,,-0.04089302305750366,-0.037374512978785926,23
forgot,F4_n8,spectral_bandwidth_hz,individual_TENT_column_vs_raw_feature,1.5,0.0083256922400647,-0.020061091550174,23
forgot,F4_n8,spectral_bandwidth_hz,individual_TENT_column_vs_raw_feature,3.0,-0.02360716445514326,-0.03950606155149018,23
forgot,F4_n8,spectral_bandwidth_hz,individual_TENT_column_vs_raw_feature,4.5,-0.002590262168551221,-0.04666837634677066,23
forgot,F4_n8,spectral_bandwidth_hz,individual_TENT_column_vs_raw_feature,6.0,-0.049611992067885906,-0.03162928080144099,23
forgot,F4_n8,spectral_bandwidth_hz,individual_TENT_column_vs_raw_feature,7.5,-0.05211956309517733,-0.005278207724017249,23
forgot,F4_n8,spectral_centroid_hz,collapsed_factor_vs_matching_FIR_feature,,0.04511120570546151,0.05074983127769516,23
forgot,F4_n8,spectral_centroid_hz,collapsed_factor_vs_raw_feature,,-0.011558940344386585,-0.014171937610089402,23
forgot,F4_n8,spectral_centroid_hz,individual_TENT_column_vs_raw_feature,1.5,0.011326032671319488,-0.005427992658794174,23
forgot,F4_n8,spectral_centroid_hz,individual_TENT_column_vs_raw_feature,3.0,-0.016014817980198635,-0.015259373337695472,23
forgot,F4_n8,spectral_centroid_hz,individual_TENT_column_vs_raw_feature,4.5,0.04463897339363777,0.027286597958144608,23
forgot,F4_n8,spectral_centroid_hz,individual_TENT_column_vs_raw_feature,6.0,-0.01764250780749801,-0.043129642349822465,23
forgot,F4_n8,spectral_centroid_hz,individual_TENT_column_vs_raw_feature,7.5,-0.06873634562336918,-0.043362126928183274,23
forgot,F4_n8,spectral_flatness,collapsed_factor_vs_matching_FIR_feature,,-0.0812834567930536,-0.11149022977637967,23
forgot,F4_n8,spectral_flatness,collapsed_factor_vs_raw_feature,,-0.05589933043750516,-0.058149472646617476,23
forgot,F4_n8,spectral_flatness,individual_TENT_column_vs_raw_feature,1.5,-0.006022629468244805,-0.03244345657738913,23
forgot,F4_n8,spectral_flatness,individual_TENT_column_vs_raw_feature,3.0,-0.04898779408641812,-0.06082591616604304,23
forgot,F4_n8,spectral_flatness,individual_TENT_column_vs_raw_feature,4.5,-0.023199659683483143,-0.06146207665216911,23
forgot,F4_n8,spectral_flatness,individual_TENT_column_vs_raw_feature,6.0,-0.04760917444412751,-0.035226315220298315,23
forgot,F4_n8,spectral_flatness,individual_TENT_column_vs_raw_feature,7.5,-0.031561839983856886,0.01674271437312419,23
forgot,F4_n8,spectral_flux,collapsed_factor_vs_matching_FIR_feature,,0.033963835898117994,0.0873168036356831,23
forgot,F4_n8,spectral_flux,collapsed_factor_vs_raw_feature,,0.03168042120281862,0.05337445209681451,23
forgot,F4_n8,spectral_flux,individual_TENT_column_vs_raw_feature,1.5,-0.008357347468351154,0.0013450499554626483,23
forgot,F4_n8,spectral_flux,individual_TENT_column_vs_raw_feature,3.0,0.01012423365332004,0.002646540666675467,23
forgot,F4_n8,spectral_flux,individual_TENT_column_vs_raw_feature,4.5,0.014958801011523873,0.027607885359493486,23
forgot,F4_n8,spectral_flux,individual_TENT_column_vs_raw_feature,6.0,0.023688395658877953,0.037778451118817,23
forgot,F4_n8,spectral_flux,individual_TENT_column_vs_raw_feature,7.5,0.05613475776916332,0.08197318168643648,23
forgot,F4_n8,spectral_rolloff_85_hz,collapsed_factor_vs_matching_FIR_feature,,0.051220269387837754,0.05539885961347565,23
forgot,F4_n8,spectral_rolloff_85_hz,collapsed_factor_vs_raw_feature,,-0.001566977270166113,0.002414845477467571,23
forgot,F4_n8,spectral_rolloff_85_hz,individual_TENT_column_vs_raw_feature,1.5,0.019655592496416078,0.005363734373259707,23
forgot,F4_n8,spectral_rolloff_85_hz,individual_TENT_column_vs_raw_feature,3.0,0.006633224128383483,0.002137619238961543,23
forgot,F4_n8,spectral_rolloff_85_hz,individual_TENT_column_vs_raw_feature,4.5,0.044149446606357765,0.03123404715387131,23
forgot,F4_n8,spectral_rolloff_85_hz,individual_TENT_column_vs_raw_feature,6.0,-0.013942211923810037,-0.03363963883345195,23
forgot,F4_n8,spectral_rolloff_85_hz,individual_TENT_column_vs_raw_feature,7.5,-0.07643846924207114,-0.0359291591382477,23
forgot,F4_n8,word_count_per_tr,collapsed_factor_vs_matching_FIR_feature,,0.033934801028719264,0.06397814157880376,23
forgot,F4_n8,word_count_per_tr,collapsed_factor_vs_raw_feature,,-0.013134306466314328,-0.005990510348965524,23
forgot,F4_n8,word_count_per_tr,individual_TENT_column_vs_raw_feature,1.5,0.001116284330371343,0.018307167747023387,23
forgot,F4_n8,word_count_per_tr,individual_TENT_column_vs_raw_feature,3.0,0.021455138262973114,0.01763725781695578,23
forgot,F4_n8,word_count_per_tr,individual_TENT_column_vs_raw_feature,4.5,-0.014679486034192682,0.014663088672143818,23
forgot,F4_n8,word_count_per_tr,individual_TENT_column_vs_raw_feature,6.0,-0.018165763945170662,-0.039999043544056805,23
forgot,F4_n8,word_count_per_tr,individual_TENT_column_vs_raw_feature,7.5,-0.03326079441537007,-0.022109793170273458,23
forgot,F4_n8,zero_crossing_rate,collapsed_factor_vs_matching_FIR_feature,,0.008072358721701103,-0.015159725015487542,23
forgot,F4_n8,zero_crossing_rate,collapsed_factor_vs_raw_feature,,-0.021821918114129396,-0.022419554318185632,23
forgot,F4_n8,zero_crossing_rate,individual_TENT_column_vs_raw_feature,1.5,0.011863743332751933,-0.011996051648031933,23
forgot,F4_n8,zero_crossing_rate,individual_TENT_column_vs_raw_feature,3.0,-0.018828550732896077,-0.021685631837407054,23
forgot,F4_n8,zero_crossing_rate,individual_TENT_column_vs_raw_feature,4.5,0.03010062652985577,0.005184483083930812,23
forgot,F4_n8,zero_crossing_rate,individual_TENT_column_vs_raw_feature,6.0,-0.028615682375658615,-0.04229880252655245,23
forgot,F4_n8,zero_crossing_rate,individual_TENT_column_vs_raw_feature,7.5,-0.06732992654796476,-0.03870637839278781,23
forgot,F5_n8,peak_amplitude,collapsed_factor_vs_matching_FIR_feature,,-0.014192996466272855,0.006130793114946491,23
forgot,F5_n8,peak_amplitude,collapsed_factor_vs_raw_feature,,-0.05624943874445711,-0.06060361377161655,23
forgot,F5_n8,peak_amplitude,individual_TENT_column_vs_raw_feature,1.5,-0.04140030130003365,-0.0345992480090791,23
forgot,F5_n8,peak_amplitude,individual_TENT_column_vs_raw_feature,3.0,0.010245925140866438,-0.010940950582818793,23
forgot,F5_n8,peak_amplitude,individual_TENT_column_vs_raw_feature,4.5,-0.013394941674621953,-0.015577231302461459,23
forgot,F5_n8,peak_amplitude,individual_TENT_column_vs_raw_feature,6.0,-0.07358755542124376,-0.10515170154031805,23
forgot,F5_n8,peak_amplitude,individual_TENT_column_vs_raw_feature,7.5,-0.045729893503040506,-0.05773774980824698,23
forgot,F5_n8,rms,collapsed_factor_vs_matching_FIR_feature,,-0.026509955258594394,0.0014176735265567302,23
forgot,F5_n8,rms,collapsed_factor_vs_raw_feature,,-0.06494219384657036,-0.06993434418747271,23
forgot,F5_n8,rms,individual_TENT_column_vs_raw_feature,1.5,-0.03648212713483934,-0.032923057374497265,23
forgot,F5_n8,rms,individual_TENT_column_vs_raw_feature,3.0,0.0028302843907076275,-0.016857681309576725,23
forgot,F5_n8,rms,individual_TENT_column_vs_raw_feature,4.5,-0.019454194175900545,-0.021313599068193335,23
forgot,F5_n8,rms,individual_TENT_column_vs_raw_feature,6.0,-0.08094189429202449,-0.11372300670648731,23
forgot,F5_n8,rms,individual_TENT_column_vs_raw_feature,7.5,-0.05197162438744381,-0.06664539487802708,23
forgot,F5_n8,rms_dbfs,collapsed_factor_vs_matching_FIR_feature,,0.02424005497770751,0.05143266630746234,23
forgot,F5_n8,rms_dbfs,collapsed_factor_vs_raw_feature,,-0.03918123719758539,-0.03949613443282181,23
forgot,F5_n8,rms_dbfs,individual_TENT_column_vs_raw_feature,1.5,-0.024095307646071085,-0.0025438589758092385,23
forgot,F5_n8,rms_dbfs,individual_TENT_column_vs_raw_feature,3.0,0.019107465776564293,0.022540765792104067,23
forgot,F5_n8,rms_dbfs,individual_TENT_column_vs_raw_feature,4.5,-0.01545066895125769,0.010219752771054042,23
forgot,F5_n8,rms_dbfs,individual_TENT_column_vs_raw_feature,6.0,-0.06105025288626565,-0.08252916908894603,23
forgot,F5_n8,rms_dbfs,individual_TENT_column_vs_raw_feature,7.5,-0.031245836927457086,-0.04265226649021867,23
forgot,F5_n8,spectral_bandwidth_hz,collapsed_factor_vs_matching_FIR_feature,,-0.08125890919729091,-0.09353243950280643,23
forgot,F5_n8,spectral_bandwidth_hz,collapsed_factor_vs_raw_feature,,0.03329168147000486,0.05120200082284704,23
forgot,F5_n8,spectral_bandwidth_hz,individual_TENT_column_vs_raw_feature,1.5,0.014048456035438073,0.004798002019459812,23
forgot,F5_n8,spectral_bandwidth_hz,individual_TENT_column_vs_raw_feature,3.0,0.010515652545091715,0.008329561641117946,23
forgot,F5_n8,spectral_bandwidth_hz,individual_TENT_column_vs_raw_feature,4.5,0.01549911585997658,0.0062155680201058565,23
forgot,F5_n8,spectral_bandwidth_hz,individual_TENT_column_vs_raw_feature,6.0,0.048351693017161156,0.09606553633012128,23
forgot,F5_n8,spectral_bandwidth_hz,individual_TENT_column_vs_raw_feature,7.5,-0.0034108897687107837,0.036506469436396884,23
forgot,F5_n8,spectral_centroid_hz,collapsed_factor_vs_matching_FIR_feature,,-0.029247843143307112,-0.02950887397934667,23
forgot,F5_n8,spectral_centroid_hz,collapsed_factor_vs_raw_feature,,0.053904327926486764,0.039132869383885,23
forgot,F5_n8,spectral_centroid_hz,individual_TENT_column_vs_raw_feature,1.5,0.014266987891027805,0.0034747257858079336,23
forgot,F5_n8,spectral_centroid_hz,individual_TENT_column_vs_raw_feature,3.0,0.0351881805031747,0.019680679190058847,23
forgot,F5_n8,spectral_centroid_hz,individual_TENT_column_vs_raw_feature,4.5,0.026311783181842196,0.008071718816552527,23
forgot,F5_n8,spectral_centroid_hz,individual_TENT_column_vs_raw_feature,6.0,0.06483981827373883,0.0829128214296356,23
forgot,F5_n8,spectral_centroid_hz,individual_TENT_column_vs_raw_feature,7.5,-0.005001132747448735,0.015961951533035333,23
forgot,F5_n8,spectral_flatness,collapsed_factor_vs_matching_FIR_feature,,-0.09748713355014411,-0.09280071042625372,23
forgot,F5_n8,spectral_flatness,collapsed_factor_vs_raw_feature,,0.027732542631693363,0.03447153375593902,23
forgot,F5_n8,spectral_flatness,individual_TENT_column_vs_raw_feature,1.5,0.008185868190600963,-0.018764156052361147,23
forgot,F5_n8,spectral_flatness,individual_TENT_column_vs_raw_feature,3.0,-0.009888513375579147,-0.021267873247088138,23
forgot,F5_n8,spectral_flatness,individual_TENT_column_vs_raw_feature,4.5,0.01740824107357924,-0.011582382239988922,23
forgot,F5_n8,spectral_flatness,individual_TENT_column_vs_raw_feature,6.0,0.05231494275836821,0.08824800862325423,23
forgot,F5_n8,spectral_flatness,individual_TENT_column_vs_raw_feature,7.5,0.00395124457863521,0.050802697067620896,23
forgot,F5_n8,spectral_flux,collapsed_factor_vs_matching_FIR_feature,,-0.007712395097456493,-0.03552249271740871,23
forgot,F5_n8,spectral_flux,collapsed_factor_vs_raw_feature,,-0.02242753533675457,-0.04423523778152454,23
forgot,F5_n8,spectral_flux,individual_TENT_column_vs_raw_feature,1.5,-0.011963190240508445,-0.05312566203540596,23
forgot,F5_n8,spectral_flux,individual_TENT_column_vs_raw_feature,3.0,-0.04495311585945141,-0.08826280600702853,23
forgot,F5_n8,spectral_flux,individual_TENT_column_vs_raw_feature,4.5,-0.025790637097405426,-0.06776855649576397,23
forgot,F5_n8,spectral_flux,individual_TENT_column_vs_raw_feature,6.0,0.0031558910390480552,-0.019032388659722933,23
forgot,F5_n8,spectral_flux,individual_TENT_column_vs_raw_feature,7.5,0.0301165534129338,0.03167693494397087,23
forgot,F5_n8,spectral_rolloff_85_hz,collapsed_factor_vs_matching_FIR_feature,,-0.023544989554189436,-0.02584673884102321,23
forgot,F5_n8,spectral_rolloff_85_hz,collapsed_factor_vs_raw_feature,,0.048381235211743194,0.03349602008154091,23
forgot,F5_n8,spectral_rolloff_85_hz,individual_TENT_column_vs_raw_feature,1.5,0.014510911067791609,0.014730039578266772,23
forgot,F5_n8,spectral_rolloff_85_hz,individual_TENT_column_vs_raw_feature,3.0,0.04536197802246438,0.02832147028802162,23
forgot,F5_n8,spectral_rolloff_85_hz,individual_TENT_column_vs_raw_feature,4.5,0.016026233168910123,0.001442681821856558,23
forgot,F5_n8,spectral_rolloff_85_hz,individual_TENT_column_vs_raw_feature,6.0,0.050826561744175304,0.06081164421117961,23
forgot,F5_n8,spectral_rolloff_85_hz,individual_TENT_column_vs_raw_feature,7.5,-0.004611722114305677,0.015010370948500088,23
forgot,F5_n8,word_count_per_tr,collapsed_factor_vs_matching_FIR_feature,,0.012135217885624838,0.05436622824611904,23
forgot,F5_n8,word_count_per_tr,collapsed_factor_vs_raw_feature,,-0.02097378755085913,-0.024074555614044507,23
forgot,F5_n8,word_count_per_tr,individual_TENT_column_vs_raw_feature,1.5,-0.036795121079391875,-0.015797548555016132,23
forgot,F5_n8,word_count_per_tr,individual_TENT_column_vs_raw_feature,3.0,-0.0019077464370843371,-0.026951811036676213,23
forgot,F5_n8,word_count_per_tr,individual_TENT_column_vs_raw_feature,4.5,-0.002147470105003813,-0.01108114450552242,23
forgot,F5_n8,word_count_per_tr,individual_TENT_column_vs_raw_feature,6.0,-0.04010682575054565,-0.06644546930341848,23
forgot,F5_n8,word_count_per_tr,individual_TENT_column_vs_raw_feature,7.5,0.02810069642638543,0.023547749386035634,23
forgot,F5_n8,zero_crossing_rate,collapsed_factor_vs_matching_FIR_feature,,-0.04636663833826457,-0.058607814007291516,23
forgot,F5_n8,zero_crossing_rate,collapsed_factor_vs_raw_feature,,0.057521696770767385,0.06094814962799978,23
forgot,F5_n8,zero_crossing_rate,individual_TENT_column_vs_raw_feature,1.5,0.011832594784669904,0.006772834312879065,23
forgot,F5_n8,zero_crossing_rate,individual_TENT_column_vs_raw_feature,3.0,0.03212392046960078,0.02875465404098707,23
forgot,F5_n8,zero_crossing_rate,individual_TENT_column_vs_raw_feature,4.5,0.03260450271303017,0.024935277392887614,23
forgot,F5_n8,zero_crossing_rate,individual_TENT_column_vs_raw_feature,6.0,0.07243871210235064,0.10266060831118225,23
forgot,F5_n8,zero_crossing_rate,individual_TENT_column_vs_raw_feature,7.5,-0.005095638138967455,0.029383580064804283,23
forgot,F6_n8,peak_amplitude,collapsed_factor_vs_matching_FIR_feature,,0.06845511798475984,0.06747375283524282,23
forgot,F6_n8,peak_amplitude,collapsed_factor_vs_raw_feature,,-0.010551469787977441,-0.03832688992951411,23
forgot,F6_n8,peak_amplitude,individual_TENT_column_vs_raw_feature,1.5,-0.007121690060117505,0.00794390279523331,23
forgot,F6_n8,peak_amplitude,individual_TENT_column_vs_raw_feature,3.0,0.008157601820270458,-0.013029413953713815,23
forgot,F6_n8,peak_amplitude,individual_TENT_column_vs_raw_feature,4.5,0.000716159360632965,-0.022777079375899126,23
forgot,F6_n8,peak_amplitude,individual_TENT_column_vs_raw_feature,6.0,-0.006222970707569359,-0.0376944299225362,23
forgot,F6_n8,peak_amplitude,individual_TENT_column_vs_raw_feature,7.5,-0.036821416054281665,-0.07019534046532849,23
forgot,F6_n8,rms,collapsed_factor_vs_matching_FIR_feature,,0.050729623559538924,0.04749940835174056,23
forgot,F6_n8,rms,collapsed_factor_vs_raw_feature,,-0.019750438649833144,-0.047974656275929825,23
forgot,F6_n8,rms,individual_TENT_column_vs_raw_feature,1.5,-0.016172253777181737,-0.004176727301263882,23
forgot,F6_n8,rms,individual_TENT_column_vs_raw_feature,3.0,-0.0017350428247021473,-0.02485696915533692,23
forgot,F6_n8,rms,individual_TENT_column_vs_raw_feature,4.5,-0.004485496197684659,-0.03020574707911738,23
forgot,F6_n8,rms,individual_TENT_column_vs_raw_feature,6.0,-0.010525980474984627,-0.04173913283163039,23
forgot,F6_n8,rms,individual_TENT_column_vs_raw_feature,7.5,-0.035520427425362405,-0.06749075482495147,23
forgot,F6_n8,rms_dbfs,collapsed_factor_vs_matching_FIR_feature,,0.10919874060291225,0.1365218876312239,23
forgot,F6_n8,rms_dbfs,collapsed_factor_vs_raw_feature,,0.0008266914909592084,-0.022832329944987607,23
forgot,F6_n8,rms_dbfs,individual_TENT_column_vs_raw_feature,1.5,-0.004668694800761305,0.0036565379710313942,23
forgot,F6_n8,rms_dbfs,individual_TENT_column_vs_raw_feature,3.0,-0.0017525109862354773,-0.010334384864241377,23
forgot,F6_n8,rms_dbfs,individual_TENT_column_vs_raw_feature,4.5,0.013037331074000716,-0.009485599309976151,23
forgot,F6_n8,rms_dbfs,individual_TENT_column_vs_raw_feature,6.0,0.0026846080643203106,-0.023190008943713,23
forgot,F6_n8,rms_dbfs,individual_TENT_column_vs_raw_feature,7.5,-0.012498473867997531,-0.04803145544847733,23
forgot,F6_n8,spectral_bandwidth_hz,collapsed_factor_vs_matching_FIR_feature,,-0.10217248346856073,-0.13107196236181307,23
forgot,F6_n8,spectral_bandwidth_hz,collapsed_factor_vs_raw_feature,,0.0006622985918273332,0.021326187171996008,23
forgot,F6_n8,spectral_bandwidth_hz,individual_TENT_column_vs_raw_feature,1.5,0.0037280123718129044,0.035483126033899755,23
forgot,F6_n8,spectral_bandwidth_hz,individual_TENT_column_vs_raw_feature,3.0,0.030269083242453365,0.023857034359085066,23
forgot,F6_n8,spectral_bandwidth_hz,individual_TENT_column_vs_raw_feature,4.5,0.0010083363409659235,0.027241380201718356,23
forgot,F6_n8,spectral_bandwidth_hz,individual_TENT_column_vs_raw_feature,6.0,-0.0072851855238260654,-0.0184110255573712,23
forgot,F6_n8,spectral_bandwidth_hz,individual_TENT_column_vs_raw_feature,7.5,-0.034969240909422834,-0.016795022588121492,23
forgot,F6_n8,spectral_centroid_hz,collapsed_factor_vs_matching_FIR_feature,,0.09024498282808616,0.08477919943463673,23
forgot,F6_n8,spectral_centroid_hz,collapsed_factor_vs_raw_feature,,0.022941173397174795,0.035401668694325095,23
forgot,F6_n8,spectral_centroid_hz,individual_TENT_column_vs_raw_feature,1.5,0.013214898640805835,0.04089233604345095,23
forgot,F6_n8,spectral_centroid_hz,individual_TENT_column_vs_raw_feature,3.0,0.04071716954305647,0.04129241696266655,23
forgot,F6_n8,spectral_centroid_hz,individual_TENT_column_vs_raw_feature,4.5,0.033368867165860835,0.047274497508754,23
forgot,F6_n8,spectral_centroid_hz,individual_TENT_column_vs_raw_feature,6.0,-0.010702957738462221,-0.03929731047652798,23
forgot,F6_n8,spectral_centroid_hz,individual_TENT_column_vs_raw_feature,7.5,-0.01605860901186987,-0.008412711559488927,23
forgot,F6_n8,spectral_flatness,collapsed_factor_vs_matching_FIR_feature,,-0.1350770983552106,-0.13121861277339172,23
forgot,F6_n8,spectral_flatness,collapsed_factor_vs_raw_feature,,0.01193715798838405,0.013309321933135543,23
forgot,F6_n8,spectral_flatness,individual_TENT_column_vs_raw_feature,1.5,0.01426121780855536,0.006861616956748494,23
forgot,F6_n8,spectral_flatness,individual_TENT_column_vs_raw_feature,3.0,0.030088422462255605,0.015085424693241116,23
forgot,F6_n8,spectral_flatness,individual_TENT_column_vs_raw_feature,4.5,-0.0014737672558259498,0.01817496600591562,23
forgot,F6_n8,spectral_flatness,individual_TENT_column_vs_raw_feature,6.0,0.0029694110995143546,1.8195066314776442e-05,23
forgot,F6_n8,spectral_flatness,individual_TENT_column_vs_raw_feature,7.5,-0.013078635140431047,0.007337465693517364,23
forgot,F6_n8,spectral_flux,collapsed_factor_vs_matching_FIR_feature,,-0.02197254631711878,-0.053613353485607806,23
forgot,F6_n8,spectral_flux,collapsed_factor_vs_raw_feature,,-0.012271551641721975,-0.043876383060284685,23
forgot,F6_n8,spectral_flux,individual_TENT_column_vs_raw_feature,1.5,-0.031980359117351816,-0.09884063624441283,23
forgot,F6_n8,spectral_flux,individual_TENT_column_vs_raw_feature,3.0,-0.025825706220257105,-0.0487539818538466,23
forgot,F6_n8,spectral_flux,individual_TENT_column_vs_raw_feature,4.5,-0.007016746865240044,-0.04295207374453062,23
forgot,F6_n8,spectral_flux,individual_TENT_column_vs_raw_feature,6.0,-0.0049655062294048915,-0.015912236450141903,23
forgot,F6_n8,spectral_flux,individual_TENT_column_vs_raw_feature,7.5,0.03675196538662157,0.03655272971509684,23
forgot,F6_n8,spectral_rolloff_85_hz,collapsed_factor_vs_matching_FIR_feature,,0.09523166147043764,0.10132769418640757,23
forgot,F6_n8,spectral_rolloff_85_hz,collapsed_factor_vs_raw_feature,,0.02269054442499918,0.03495707639649162,23
forgot,F6_n8,spectral_rolloff_85_hz,individual_TENT_column_vs_raw_feature,1.5,0.023214466666145316,0.045714215372605414,23
forgot,F6_n8,spectral_rolloff_85_hz,individual_TENT_column_vs_raw_feature,3.0,0.043838870469415835,0.04055201953450284,23
forgot,F6_n8,spectral_rolloff_85_hz,individual_TENT_column_vs_raw_feature,4.5,0.0296155955824362,0.046264319367166754,23
forgot,F6_n8,spectral_rolloff_85_hz,individual_TENT_column_vs_raw_feature,6.0,-0.007990886784459946,-0.040205074767800116,23
forgot,F6_n8,spectral_rolloff_85_hz,individual_TENT_column_vs_raw_feature,7.5,-0.029031020177478443,-0.024049754233107772,23
forgot,F6_n8,word_count_per_tr,collapsed_factor_vs_matching_FIR_feature,,0.07588588146110033,0.07047434498798986,23
forgot,F6_n8,word_count_per_tr,collapsed_factor_vs_raw_feature,,-0.02873427675328948,-0.04782865205165079,23
forgot,F6_n8,word_count_per_tr,individual_TENT_column_vs_raw_feature,1.5,-0.01708486444558596,-0.012458188747090931,23
forgot,F6_n8,word_count_per_tr,individual_TENT_column_vs_raw_feature,3.0,-0.007938417899980668,-0.02948270750715053,23
forgot,F6_n8,word_count_per_tr,individual_TENT_column_vs_raw_feature,4.5,-0.01636399639024889,-0.05261741093964593,23
forgot,F6_n8,word_count_per_tr,individual_TENT_column_vs_raw_feature,6.0,-0.016961745482172726,-0.039524426416979785,23
forgot,F6_n8,word_count_per_tr,individual_TENT_column_vs_raw_feature,7.5,-0.03353282595490574,-0.05264991766360666,23
forgot,F6_n8,zero_crossing_rate,collapsed_factor_vs_matching_FIR_feature,,0.027296621742024966,-0.0019179412289812721,23
forgot,F6_n8,zero_crossing_rate,collapsed_factor_vs_raw_feature,,0.01922317409315764,0.03055232641033361,23
forgot,F6_n8,zero_crossing_rate,individual_TENT_column_vs_raw_feature,1.5,0.01798694665896462,0.04393765482235996,23
forgot,F6_n8,zero_crossing_rate,individual_TENT_column_vs_raw_feature,3.0,0.04071926256640592,0.037937098527497805,23
forgot,F6_n8,zero_crossing_rate,individual_TENT_column_vs_raw_feature,4.5,0.02522244945510918,0.042294579238439746,23
forgot,F6_n8,zero_crossing_rate,individual_TENT_column_vs_raw_feature,6.0,-0.008795542373674515,-0.03479008204856079,23
forgot,F6_n8,zero_crossing_rate,individual_TENT_column_vs_raw_feature,7.5,-0.025463306530864805,-0.00969004964945896,23
forgot,F7_n8,peak_amplitude,collapsed_factor_vs_matching_FIR_feature,,-0.012866139080460231,0.008182376025525068,23
forgot,F7_n8,peak_amplitude,collapsed_factor_vs_raw_feature,,-0.023963843530561194,-0.02096292245564807,23
forgot,F7_n8,peak_amplitude,individual_TENT_column_vs_raw_feature,1.5,-0.026692075668572058,-0.032747677603398105,23
forgot,F7_n8,peak_amplitude,individual_TENT_column_vs_raw_feature,3.0,-0.023067988286092342,-0.01351163084211904,23
forgot,F7_n8,peak_amplitude,individual_TENT_column_vs_raw_feature,4.5,-0.022004027262417174,-0.017247557442583397,23
forgot,F7_n8,peak_amplitude,individual_TENT_column_vs_raw_feature,6.0,0.006500949451868925,0.01663870543295072,23
forgot,F7_n8,peak_amplitude,individual_TENT_column_vs_raw_feature,7.5,-0.004975174677918852,-0.003182726476480875,23
forgot,F7_n8,rms,collapsed_factor_vs_matching_FIR_feature,,-0.024588180858733263,0.0002913019147695509,23
forgot,F7_n8,rms,collapsed_factor_vs_raw_feature,,-0.03327510054814189,-0.02962613880687829,23
forgot,F7_n8,rms,individual_TENT_column_vs_raw_feature,1.5,-0.028400163883003274,-0.03426473031254466,23
forgot,F7_n8,rms,individual_TENT_column_vs_raw_feature,3.0,-0.028213632524457383,-0.020343195531405258,23
forgot,F7_n8,rms,individual_TENT_column_vs_raw_feature,4.5,-0.03302531576748188,-0.027916344127698965,23
forgot,F7_n8,rms,individual_TENT_column_vs_raw_feature,6.0,0.004659788071488275,0.016375591437341235,23
forgot,F7_n8,rms,individual_TENT_column_vs_raw_feature,7.5,-0.010847307383832518,-0.010235134917174697,23
forgot,F7_n8,rms_dbfs,collapsed_factor_vs_matching_FIR_feature,,-0.004496830815090683,0.017338889006420437,23
forgot,F7_n8,rms_dbfs,collapsed_factor_vs_raw_feature,,-0.03328140661170173,-0.02864396833188092,23
forgot,F7_n8,rms_dbfs,individual_TENT_column_vs_raw_feature,1.5,-0.03508117992456327,-0.038794307690597246,23
forgot,F7_n8,rms_dbfs,individual_TENT_column_vs_raw_feature,3.0,-0.02712586890513762,-0.023028634900062576,23
forgot,F7_n8,rms_dbfs,individual_TENT_column_vs_raw_feature,4.5,-0.016394142582076224,-0.02420093063864707,23
forgot,F7_n8,rms_dbfs,individual_TENT_column_vs_raw_feature,6.0,-0.004963667408365931,0.012396111331406829,23
forgot,F7_n8,rms_dbfs,individual_TENT_column_vs_raw_feature,7.5,-0.015749019133956453,-0.011754775421505858,23
forgot,F7_n8,spectral_bandwidth_hz,collapsed_factor_vs_matching_FIR_feature,,-0.045635064376819565,-0.06339026012175969,23
forgot,F7_n8,spectral_bandwidth_hz,collapsed_factor_vs_raw_feature,,0.02417594347831368,0.019921038046425373,23
forgot,F7_n8,spectral_bandwidth_hz,individual_TENT_column_vs_raw_feature,1.5,0.03728229367255643,0.044078568055783834,23
forgot,F7_n8,spectral_bandwidth_hz,individual_TENT_column_vs_raw_feature,3.0,0.013738357765881089,0.007926412318373788,23
forgot,F7_n8,spectral_bandwidth_hz,individual_TENT_column_vs_raw_feature,4.5,-0.0017411823827746514,0.015959549973368806,23
forgot,F7_n8,spectral_bandwidth_hz,individual_TENT_column_vs_raw_feature,6.0,0.026134307445196403,0.009425965218284788,23
forgot,F7_n8,spectral_bandwidth_hz,individual_TENT_column_vs_raw_feature,7.5,-0.0035745447977278645,-0.02200313215686253,23
forgot,F7_n8,spectral_centroid_hz,collapsed_factor_vs_matching_FIR_feature,,-0.0585784495888451,-0.05507357617713872,23
forgot,F7_n8,spectral_centroid_hz,collapsed_factor_vs_raw_feature,,0.003909728887333731,0.018252918823278494,23
forgot,F7_n8,spectral_centroid_hz,individual_TENT_column_vs_raw_feature,1.5,0.006826072431325552,0.017685922634774642,23
forgot,F7_n8,spectral_centroid_hz,individual_TENT_column_vs_raw_feature,3.0,-0.0005520998149230407,-0.010464639946306321,23
forgot,F7_n8,spectral_centroid_hz,individual_TENT_column_vs_raw_feature,4.5,0.009120511950476574,0.004429085592759743,23
forgot,F7_n8,spectral_centroid_hz,individual_TENT_column_vs_raw_feature,6.0,0.023032987976497322,0.016866318409118817,23
forgot,F7_n8,spectral_centroid_hz,individual_TENT_column_vs_raw_feature,7.5,-0.036250333837439565,-0.025849297943238436,23
forgot,F7_n8,spectral_flatness,collapsed_factor_vs_matching_FIR_feature,,-0.028098487977098116,-0.026757132680588224,23
forgot,F7_n8,spectral_flatness,collapsed_factor_vs_raw_feature,,0.03160144543897323,0.030455216969103492,23
forgot,F7_n8,spectral_flatness,individual_TENT_column_vs_raw_feature,1.5,0.053141196923626004,0.054532688300956284,23
forgot,F7_n8,spectral_flatness,individual_TENT_column_vs_raw_feature,3.0,0.016200811870248365,0.014508453742212343,23
forgot,F7_n8,spectral_flatness,individual_TENT_column_vs_raw_feature,4.5,-0.0013940679253875723,0.012661194077647238,23
forgot,F7_n8,spectral_flatness,individual_TENT_column_vs_raw_feature,6.0,0.026301312572020837,-0.0019892319882882556,23
forgot,F7_n8,spectral_flatness,individual_TENT_column_vs_raw_feature,7.5,0.0032082464730447645,-0.0042151864101360745,23
forgot,F7_n8,spectral_flux,collapsed_factor_vs_matching_FIR_feature,,0.025697745703959374,0.07620970192855318,23
forgot,F7_n8,spectral_flux,collapsed_factor_vs_raw_feature,,0.009320529173242517,0.023541472937382398,23
forgot,F7_n8,spectral_flux,individual_TENT_column_vs_raw_feature,1.5,-0.013937210239869349,-0.03962177344354775,23
forgot,F7_n8,spectral_flux,individual_TENT_column_vs_raw_feature,3.0,0.01546174011157321,0.03540147051836517,23
forgot,F7_n8,spectral_flux,individual_TENT_column_vs_raw_feature,4.5,0.02667211360261565,0.05603124628273876,23
forgot,F7_n8,spectral_flux,individual_TENT_column_vs_raw_feature,6.0,-0.011394555967664532,-0.016176239558939546,23
forgot,F7_n8,spectral_flux,individual_TENT_column_vs_raw_feature,7.5,0.0030271091057642308,0.03628822901170951,23
forgot,F7_n8,spectral_rolloff_85_hz,collapsed_factor_vs_matching_FIR_feature,,-0.05621262720998841,-0.05539321276976032,23
forgot,F7_n8,spectral_rolloff_85_hz,collapsed_factor_vs_raw_feature,,0.0056172703205186565,0.022776477947307944,23
forgot,F7_n8,spectral_rolloff_85_hz,individual_TENT_column_vs_raw_feature,1.5,0.01443794732662608,0.027938458998873445,23
forgot,F7_n8,spectral_rolloff_85_hz,individual_TENT_column_vs_raw_feature,3.0,0.006944587577905469,0.006292732140055378,23
forgot,F7_n8,spectral_rolloff_85_hz,individual_TENT_column_vs_raw_feature,4.5,-0.00014838014661044428,0.00856733835719334,23
forgot,F7_n8,spectral_rolloff_85_hz,individual_TENT_column_vs_raw_feature,6.0,0.020382115927268508,0.00790263079711755,23
forgot,F7_n8,spectral_rolloff_85_hz,individual_TENT_column_vs_raw_feature,7.5,-0.03137826469890988,-0.02498506141458706,23
forgot,F7_n8,word_count_per_tr,collapsed_factor_vs_matching_FIR_feature,,0.008354360320607884,0.030223543080781484,23
forgot,F7_n8,word_count_per_tr,collapsed_factor_vs_raw_feature,,-0.04453667669342666,-0.03814513582385272,23
forgot,F7_n8,word_count_per_tr,individual_TENT_column_vs_raw_feature,1.5,-0.0429901635236668,-0.05446131450927311,23
forgot,F7_n8,word_count_per_tr,individual_TENT_column_vs_raw_feature,3.0,-0.06635970645834384,-0.04856594031804717,23
forgot,F7_n8,word_count_per_tr,individual_TENT_column_vs_raw_feature,4.5,-0.0027045812080714136,-0.023784868704996284,23
forgot,F7_n8,word_count_per_tr,individual_TENT_column_vs_raw_feature,6.0,-0.016623707630738546,-0.005789887118421541,23
forgot,F7_n8,word_count_per_tr,individual_TENT_column_vs_raw_feature,7.5,0.0038071279499378484,0.006219455801482427,23
forgot,F7_n8,zero_crossing_rate,collapsed_factor_vs_matching_FIR_feature,,-0.05276457249194215,-0.06381495184566956,23
forgot,F7_n8,zero_crossing_rate,collapsed_factor_vs_raw_feature,,0.01942487476495527,0.0266719995247404,23
forgot,F7_n8,zero_crossing_rate,individual_TENT_column_vs_raw_feature,1.5,0.022581455040854355,0.029782000297458894,23
forgot,F7_n8,zero_crossing_rate,individual_TENT_column_vs_raw_feature,3.0,0.006619935314889231,-0.005884215240710987,23
forgot,F7_n8,zero_crossing_rate,individual_TENT_column_vs_raw_feature,4.5,0.011069905530769784,0.018672839710744033,23
forgot,F7_n8,zero_crossing_rate,individual_TENT_column_vs_raw_feature,6.0,0.03236122598894585,0.02271316101063494,23
forgot,F7_n8,zero_crossing_rate,individual_TENT_column_vs_raw_feature,7.5,-0.022647026402125035,-0.01710922764659215,23
forgot,F8_n8,peak_amplitude,collapsed_factor_vs_matching_FIR_feature,,0.01443659544710717,-0.03699369269232831,23
forgot,F8_n8,peak_amplitude,collapsed_factor_vs_raw_feature,,0.08281179654802834,0.048606887856427215,23
forgot,F8_n8,peak_amplitude,individual_TENT_column_vs_raw_feature,1.5,0.042366325353228526,0.0146684771690635,23
forgot,F8_n8,peak_amplitude,individual_TENT_column_vs_raw_feature,3.0,0.03439074883181736,0.03102169895350568,23
forgot,F8_n8,peak_amplitude,individual_TENT_column_vs_raw_feature,4.5,0.08730595025928835,0.0540685924279679,23
forgot,F8_n8,peak_amplitude,individual_TENT_column_vs_raw_feature,6.0,0.05538579223486992,0.02958031945933407,23
forgot,F8_n8,peak_amplitude,individual_TENT_column_vs_raw_feature,7.5,-0.009858921767667965,0.005938462216393997,23
forgot,F8_n8,rms,collapsed_factor_vs_matching_FIR_feature,,0.014029879115212718,-0.04291923234286497,23
forgot,F8_n8,rms,collapsed_factor_vs_raw_feature,,0.07863348147423224,0.044238823155839324,23
forgot,F8_n8,rms,individual_TENT_column_vs_raw_feature,1.5,0.03514774741059305,0.005091223617316223,23
forgot,F8_n8,rms,individual_TENT_column_vs_raw_feature,3.0,0.026754654446977482,0.020100848679547714,23
forgot,F8_n8,rms,individual_TENT_column_vs_raw_feature,4.5,0.08593908171654087,0.051672495893970695,23
forgot,F8_n8,rms,individual_TENT_column_vs_raw_feature,6.0,0.058490418667942475,0.03045165038372755,23
forgot,F8_n8,rms,individual_TENT_column_vs_raw_feature,7.5,-0.008906108216156956,0.01032540358340005,23
forgot,F8_n8,rms_dbfs,collapsed_factor_vs_matching_FIR_feature,,-0.021645613617981892,-0.050848539505826094,23
forgot,F8_n8,rms_dbfs,collapsed_factor_vs_raw_feature,,0.04924591865614619,0.05788218775079745,23
forgot,F8_n8,rms_dbfs,individual_TENT_column_vs_raw_feature,1.5,0.02612235700029244,0.02171309630764845,23
forgot,F8_n8,rms_dbfs,individual_TENT_column_vs_raw_feature,3.0,0.005419353899464496,0.05051340983703881,23
forgot,F8_n8,rms_dbfs,individual_TENT_column_vs_raw_feature,4.5,0.0761038454807265,0.08792716577849945,23
forgot,F8_n8,rms_dbfs,individual_TENT_column_vs_raw_feature,6.0,0.020961187088278606,0.04757101675700422,23
forgot,F8_n8,rms_dbfs,individual_TENT_column_vs_raw_feature,7.5,-0.002855707618239452,0.03543611339126148,23
forgot,F8_n8,spectral_bandwidth_hz,collapsed_factor_vs_matching_FIR_feature,,-0.003139462691564113,-0.015103723241482823,23
forgot,F8_n8,spectral_bandwidth_hz,collapsed_factor_vs_raw_feature,,-0.010829725080863103,-0.013515592007651931,23
forgot,F8_n8,spectral_bandwidth_hz,individual_TENT_column_vs_raw_feature,1.5,-0.006988928951280386,0.030780259419338398,23
forgot,F8_n8,spectral_bandwidth_hz,individual_TENT_column_vs_raw_feature,3.0,0.009091924726385271,-0.012049166663771147,23
forgot,F8_n8,spectral_bandwidth_hz,individual_TENT_column_vs_raw_feature,4.5,-0.06389851241867879,-0.08405882482108461,23
forgot,F8_n8,spectral_bandwidth_hz,individual_TENT_column_vs_raw_feature,6.0,0.030748899265286594,-0.01031780925409074,23
forgot,F8_n8,spectral_bandwidth_hz,individual_TENT_column_vs_raw_feature,7.5,0.0038255613080985643,-0.025635432621404462,23
forgot,F8_n8,spectral_centroid_hz,collapsed_factor_vs_matching_FIR_feature,,-0.09785788989407714,-0.14579021268026068,23
forgot,F8_n8,spectral_centroid_hz,collapsed_factor_vs_raw_feature,,0.012576168489105621,0.009978699568567078,23
forgot,F8_n8,spectral_centroid_hz,individual_TENT_column_vs_raw_feature,1.5,-0.001545388094738781,0.0470773595205345,23
forgot,F8_n8,spectral_centroid_hz,individual_TENT_column_vs_raw_feature,3.0,-0.0037773850912914114,0.029003539032559898,23
forgot,F8_n8,spectral_centroid_hz,individual_TENT_column_vs_raw_feature,4.5,-0.03336301287827109,-0.04344146704652596,23
forgot,F8_n8,spectral_centroid_hz,individual_TENT_column_vs_raw_feature,6.0,0.03312721022873292,-0.003138283767810943,23
forgot,F8_n8,spectral_centroid_hz,individual_TENT_column_vs_raw_feature,7.5,0.04784813667676318,-0.022329205998936726,23
forgot,F8_n8,spectral_flatness,collapsed_factor_vs_matching_FIR_feature,,0.007746248952406615,0.006310536641903002,23
forgot,F8_n8,spectral_flatness,collapsed_factor_vs_raw_feature,,-0.028074626417947418,-0.04112897100792753,23
forgot,F8_n8,spectral_flatness,individual_TENT_column_vs_raw_feature,1.5,-0.011504988436696607,0.0037872446260372576,23
forgot,F8_n8,spectral_flatness,individual_TENT_column_vs_raw_feature,3.0,0.008919084898875208,-0.0353468535653784,23
forgot,F8_n8,spectral_flatness,individual_TENT_column_vs_raw_feature,4.5,-0.06981666275913526,-0.09781899455333586,23
forgot,F8_n8,spectral_flatness,individual_TENT_column_vs_raw_feature,6.0,0.009776316552690156,-0.03706843072998908,23
forgot,F8_n8,spectral_flatness,individual_TENT_column_vs_raw_feature,7.5,-0.011391635767163977,-0.0380634913342255,23
forgot,F8_n8,spectral_flux,collapsed_factor_vs_matching_FIR_feature,,-0.0010735699561582593,-0.027650329083494136,23
forgot,F8_n8,spectral_flux,collapsed_factor_vs_raw_feature,,-0.027701414974643117,-0.06140137542114208,23
forgot,F8_n8,spectral_flux,individual_TENT_column_vs_raw_feature,1.5,-0.0002853795915111116,-0.06822472500595039,23
forgot,F8_n8,spectral_flux,individual_TENT_column_vs_raw_feature,3.0,-0.007455884411391102,-0.0225751871741027,23
forgot,F8_n8,spectral_flux,individual_TENT_column_vs_raw_feature,4.5,-0.0033002169380124398,-0.019986851667209066,23
forgot,F8_n8,spectral_flux,individual_TENT_column_vs_raw_feature,6.0,-0.05247152013402805,-0.10471927499044961,23
forgot,F8_n8,spectral_flux,individual_TENT_column_vs_raw_feature,7.5,-0.003818077829322105,-0.033818998168946415,23
forgot,F8_n8,spectral_rolloff_85_hz,collapsed_factor_vs_matching_FIR_feature,,-0.08427137481733353,-0.12886690952646143,23
forgot,F8_n8,spectral_rolloff_85_hz,collapsed_factor_vs_raw_feature,,0.01303077804983077,0.010190636175188587,23
forgot,F8_n8,spectral_rolloff_85_hz,individual_TENT_column_vs_raw_feature,1.5,0.010426651527336588,0.05220613118126916,23
forgot,F8_n8,spectral_rolloff_85_hz,individual_TENT_column_vs_raw_feature,3.0,-0.0064415775381572084,0.028226557428084366,23
forgot,F8_n8,spectral_rolloff_85_hz,individual_TENT_column_vs_raw_feature,4.5,-0.03749844090736584,-0.048440392762496336,23
forgot,F8_n8,spectral_rolloff_85_hz,individual_TENT_column_vs_raw_feature,6.0,0.03518912502050316,-0.008689940750039689,23
forgot,F8_n8,spectral_rolloff_85_hz,individual_TENT_column_vs_raw_feature,7.5,0.04496178005481637,-0.009149725983667804,23
forgot,F8_n8,word_count_per_tr,collapsed_factor_vs_matching_FIR_feature,,0.014407420057227067,-0.030159419551444116,23
forgot,F8_n8,word_count_per_tr,collapsed_factor_vs_raw_feature,,0.04224449927919233,0.00813362308028198,23
forgot,F8_n8,word_count_per_tr,individual_TENT_column_vs_raw_feature,1.5,0.055202470955789576,0.01814703724476041,23
forgot,F8_n8,word_count_per_tr,individual_TENT_column_vs_raw_feature,3.0,0.019086434635790767,0.01510008605257246,23
forgot,F8_n8,word_count_per_tr,individual_TENT_column_vs_raw_feature,4.5,0.055865229599838584,0.01656120499558965,23
forgot,F8_n8,word_count_per_tr,individual_TENT_column_vs_raw_feature,6.0,0.00915619891601383,-0.021028830057133577,23
forgot,F8_n8,word_count_per_tr,individual_TENT_column_vs_raw_feature,7.5,-0.02691623468429982,-0.015913529164655642,23
forgot,F8_n8,zero_crossing_rate,collapsed_factor_vs_matching_FIR_feature,,-0.07455321252807205,-0.12168589567854497,23
forgot,F8_n8,zero_crossing_rate,collapsed_factor_vs_raw_feature,,0.007562343065458943,0.004114027109184006,23
forgot,F8_n8,zero_crossing_rate,individual_TENT_column_vs_raw_feature,1.5,-0.006048510244950562,0.03923758578602913,23
forgot,F8_n8,zero_crossing_rate,individual_TENT_column_vs_raw_feature,3.0,0.00038972833965092397,0.01500334215957698,23
forgot,F8_n8,zero_crossing_rate,individual_TENT_column_vs_raw_feature,4.5,-0.04580290079302955,-0.05393275462333276,23
forgot,F8_n8,zero_crossing_rate,individual_TENT_column_vs_raw_feature,6.0,0.038493779887151386,-0.004001708380003238,23
forgot,F8_n8,zero_crossing_rate,individual_TENT_column_vs_raw_feature,7.5,0.03954408730773204,-0.016185051405934618,23
milkywayoriginal,F1_n8,peak_amplitude,collapsed_factor_vs_matching_FIR_feature,,0.03406048190421835,0.06068352538887221,14
milkywayoriginal,F1_n8,peak_amplitude,collapsed_factor_vs_raw_feature,,0.029941475510029538,0.03640360482346661,14
milkywayoriginal,F1_n8,peak_amplitude,individual_TENT_column_vs_raw_feature,1.5,-0.029944056553240738,-0.031071620696031258,14
milkywayoriginal,F1_n8,peak_amplitude,individual_TENT_column_vs_raw_feature,3.0,-0.02251756912960622,-0.04649875887177205,14
milkywayoriginal,F1_n8,peak_amplitude,individual_TENT_column_vs_raw_feature,4.5,0.04795224543183703,0.038989831943406925,14
milkywayoriginal,F1_n8,peak_amplitude,individual_TENT_column_vs_raw_feature,6.0,0.018411777456778525,0.022271813404584777,14
milkywayoriginal,F1_n8,peak_amplitude,individual_TENT_column_vs_raw_feature,7.5,0.07670857809227224,0.0908211793482511,14
milkywayoriginal,F1_n8,rms,collapsed_factor_vs_matching_FIR_feature,,0.039088764467858084,0.06448490101802452,14
milkywayoriginal,F1_n8,rms,collapsed_factor_vs_raw_feature,,0.027927886966550765,0.03437059785657469,14
milkywayoriginal,F1_n8,rms,individual_TENT_column_vs_raw_feature,1.5,-0.017330261243350846,-0.014363180693678543,14
milkywayoriginal,F1_n8,rms,individual_TENT_column_vs_raw_feature,3.0,-0.022260440849808355,-0.04502832966403753,14
milkywayoriginal,F1_n8,rms,individual_TENT_column_vs_raw_feature,4.5,0.043214979368061145,0.042438301902687485,14
milkywayoriginal,F1_n8,rms,individual_TENT_column_vs_raw_feature,6.0,0.013601651328248126,0.011482242407302386,14
milkywayoriginal,F1_n8,rms,individual_TENT_column_vs_raw_feature,7.5,0.0696073064062933,0.06435081081882296,14
milkywayoriginal,F1_n8,rms_dbfs,collapsed_factor_vs_matching_FIR_feature,,0.031068160203901744,0.020608290835013983,14
milkywayoriginal,F1_n8,rms_dbfs,collapsed_factor_vs_raw_feature,,0.04712706373287987,0.04923366435221211,14
milkywayoriginal,F1_n8,rms_dbfs,individual_TENT_column_vs_raw_feature,1.5,0.0037913800858996884,-0.05297084973047106,14
milkywayoriginal,F1_n8,rms_dbfs,individual_TENT_column_vs_raw_feature,3.0,0.012353905202823225,-0.03008339256375459,14
milkywayoriginal,F1_n8,rms_dbfs,individual_TENT_column_vs_raw_feature,4.5,0.05018523892708463,0.04806730168501253,14
milkywayoriginal,F1_n8,rms_dbfs,individual_TENT_column_vs_raw_feature,6.0,0.027758443552021513,0.0397024475074654,14
milkywayoriginal,F1_n8,rms_dbfs,individual_TENT_column_vs_raw_feature,7.5,0.03748992874782902,0.09541764503470318,14
milkywayoriginal,F1_n8,spectral_bandwidth_hz,collapsed_factor_vs_matching_FIR_feature,,-0.05910892094261479,-0.11765248151745984,14
milkywayoriginal,F1_n8,spectral_bandwidth_hz,collapsed_factor_vs_raw_feature,,-0.08614802993415407,-0.11157208277263718,14
milkywayoriginal,F1_n8,spectral_bandwidth_hz,individual_TENT_column_vs_raw_feature,1.5,-0.03391139977093014,0.005432510305523978,14
milkywayoriginal,F1_n8,spectral_bandwidth_hz,individual_TENT_column_vs_raw_feature,3.0,-0.058366967625579365,-0.05314830515451652,14
milkywayoriginal,F1_n8,spectral_bandwidth_hz,individual_TENT_column_vs_raw_feature,4.5,-0.06601175642745348,-0.07528735619248707,14
milkywayoriginal,F1_n8,spectral_bandwidth_hz,individual_TENT_column_vs_raw_feature,6.0,-0.04629815682500549,-0.06739299926762143,14
milkywayoriginal,F1_n8,spectral_bandwidth_hz,individual_TENT_column_vs_raw_feature,7.5,-0.03251375970104325,-0.06800115921146527,14
milkywayoriginal,F1_n8,spectral_centroid_hz,collapsed_factor_vs_matching_FIR_feature,,-0.08024966329939673,-0.2781501850200621,14
milkywayoriginal,F1_n8,spectral_centroid_hz,collapsed_factor_vs_raw_feature,,-0.09055335460717508,-0.13398249058541747,14
milkywayoriginal,F1_n8,spectral_centroid_hz,individual_TENT_column_vs_raw_feature,1.5,-0.06245799161569706,-0.06318129529299715,14
milkywayoriginal,F1_n8,spectral_centroid_hz,individual_TENT_column_vs_raw_feature,3.0,-0.08524270443231327,-0.1686347448434106,14
milkywayoriginal,F1_n8,spectral_centroid_hz,individual_TENT_column_vs_raw_feature,4.5,-0.05697259037982753,-0.055534267343309775,14
milkywayoriginal,F1_n8,spectral_centroid_hz,individual_TENT_column_vs_raw_feature,6.0,-0.04423161392914079,-0.08769087440937731,14
milkywayoriginal,F1_n8,spectral_centroid_hz,individual_TENT_column_vs_raw_feature,7.5,0.0037074093089050834,0.030697079098522057,14
milkywayoriginal,F1_n8,spectral_flatness,collapsed_factor_vs_matching_FIR_feature,,-0.04089515583263399,-0.10074568759780712,14
milkywayoriginal,F1_n8,spectral_flatness,collapsed_factor_vs_raw_feature,,-0.0595581391462462,-0.10451867260774537,14
milkywayoriginal,F1_n8,spectral_flatness,individual_TENT_column_vs_raw_feature,1.5,-0.03552981602407886,0.01870835626312434,14
milkywayoriginal,F1_n8,spectral_flatness,individual_TENT_column_vs_raw_feature,3.0,-0.04461127406911677,-0.06926123104873688,14
milkywayoriginal,F1_n8,spectral_flatness,individual_TENT_column_vs_raw_feature,4.5,-0.04380332393324463,-0.0739850051226864,14
milkywayoriginal,F1_n8,spectral_flatness,individual_TENT_column_vs_raw_feature,6.0,-0.02885855432905899,-0.06595536877331683,14
milkywayoriginal,F1_n8,spectral_flatness,individual_TENT_column_vs_raw_feature,7.5,-0.010970204929466917,-0.049267671219255196,14
milkywayoriginal,F1_n8,spectral_flux,collapsed_factor_vs_matching_FIR_feature,,-0.0004449054666097962,0.006593599227642015,14
milkywayoriginal,F1_n8,spectral_flux,collapsed_factor_vs_raw_feature,,-0.00043645046610523385,-0.03306337561411423,14
milkywayoriginal,F1_n8,spectral_flux,individual_TENT_column_vs_raw_feature,1.5,0.019262174251449278,-0.01864035447363126,14
milkywayoriginal,F1_n8,spectral_flux,individual_TENT_column_vs_raw_feature,3.0,-0.0017125582712458189,-0.04747161364287483,14
milkywayoriginal,F1_n8,spectral_flux,individual_TENT_column_vs_raw_feature,4.5,-0.0071033522278566566,-0.03447194880952654,14
milkywayoriginal,F1_n8,spectral_flux,individual_TENT_column_vs_raw_feature,6.0,-0.009966658381396801,-0.04185453679287895,14
milkywayoriginal,F1_n8,spectral_flux,individual_TENT_column_vs_raw_feature,7.5,0.005259946744155813,0.053633928456144155,14
milkywayoriginal,F1_n8,spectral_rolloff_85_hz,collapsed_factor_vs_matching_FIR_feature,,-0.07796721616206337,-0.2679675747955735,14
milkywayoriginal,F1_n8,spectral_rolloff_85_hz,collapsed_factor_vs_raw_feature,,-0.09078772084475861,-0.14018120748019589,14
milkywayoriginal,F1_n8,spectral_rolloff_85_hz,individual_TENT_column_vs_raw_feature,1.5,-0.06573644213812854,-0.06810185733367977,14
milkywayoriginal,F1_n8,spectral_rolloff_85_hz,individual_TENT_column_vs_raw_feature,3.0,-0.08220276687740087,-0.16553279467673523,14
milkywayoriginal,F1_n8,spectral_rolloff_85_hz,individual_TENT_column_vs_raw_feature,4.5,-0.05675628583146699,-0.06247940404413397,14
milkywayoriginal,F1_n8,spectral_rolloff_85_hz,individual_TENT_column_vs_raw_feature,6.0,-0.04438316360703866,-0.08943074634511558,14
milkywayoriginal,F1_n8,spectral_rolloff_85_hz,individual_TENT_column_vs_raw_feature,7.5,0.0018277452525462961,0.032839036018864204,14
milkywayoriginal,F1_n8,word_count_per_tr,collapsed_factor_vs_matching_FIR_feature,,0.14201001033198843,0.24849786098975754,14
milkywayoriginal,F1_n8,word_count_per_tr,collapsed_factor_vs_raw_feature,,0.0752070885992684,0.08558977299004515,14
milkywayoriginal,F1_n8,word_count_per_tr,individual_TENT_column_vs_raw_feature,1.5,0.009992774000612412,-0.0032596511518294814,14
milkywayoriginal,F1_n8,word_count_per_tr,individual_TENT_column_vs_raw_feature,3.0,0.017616275773974416,-0.004781438091783777,14
milkywayoriginal,F1_n8,word_count_per_tr,individual_TENT_column_vs_raw_feature,4.5,0.08192980510723162,0.06788875387431949,14
milkywayoriginal,F1_n8,word_count_per_tr,individual_TENT_column_vs_raw_feature,6.0,0.044746359033157955,0.05424260390731656,14
milkywayoriginal,F1_n8,word_count_per_tr,individual_TENT_column_vs_raw_feature,7.5,0.0554619336920373,0.08380813010410851,14
milkywayoriginal,F1_n8,zero_crossing_rate,collapsed_factor_vs_matching_FIR_feature,,-0.09213391737027916,-0.2661086934456174,14
milkywayoriginal,F1_n8,zero_crossing_rate,collapsed_factor_vs_raw_feature,,-0.09971296014934927,-0.14172664166647725,14
milkywayoriginal,F1_n8,zero_crossing_rate,individual_TENT_column_vs_raw_feature,1.5,-0.06040982235924738,-0.04540311156401965,14
milkywayoriginal,F1_n8,zero_crossing_rate,individual_TENT_column_vs_raw_feature,3.0,-0.0908371575321731,-0.1520779364221523,14
milkywayoriginal,F1_n8,zero_crossing_rate,individual_TENT_column_vs_raw_feature,4.5,-0.06553842795980112,-0.06710272940704495,14
milkywayoriginal,F1_n8,zero_crossing_rate,individual_TENT_column_vs_raw_feature,6.0,-0.05018025368316933,-0.08605446180164648,14
milkywayoriginal,F1_n8,zero_crossing_rate,individual_TENT_column_vs_raw_feature,7.5,-0.002814687744077599,0.004993314359407487,14
milkywayoriginal,F2_n8,peak_amplitude,collapsed_factor_vs_matching_FIR_feature,,-0.009702559273893834,0.0036222302674141344,14
milkywayoriginal,F2_n8,peak_amplitude,collapsed_factor_vs_raw_feature,,-0.0032056141947603535,-0.03135592969822864,14
milkywayoriginal,F2_n8,peak_amplitude,individual_TENT_column_vs_raw_feature,1.5,-0.0031452443343510613,0.0018926012583812604,14
milkywayoriginal,F2_n8,peak_amplitude,individual_TENT_column_vs_raw_feature,3.0,-0.002670398038009968,-0.02111712300148096,14
milkywayoriginal,F2_n8,peak_amplitude,individual_TENT_column_vs_raw_feature,4.5,-0.007119636432263561,0.007179441203730462,14
milkywayoriginal,F2_n8,peak_amplitude,individual_TENT_column_vs_raw_feature,6.0,-0.0008469660431341496,-0.010329618218870115,14
milkywayoriginal,F2_n8,peak_amplitude,individual_TENT_column_vs_raw_feature,7.5,0.007256747961627559,-0.06878464857420671,14
milkywayoriginal,F2_n8,rms,collapsed_factor_vs_matching_FIR_feature,,-0.00683069593706599,0.021548269905616643,14
milkywayoriginal,F2_n8,rms,collapsed_factor_vs_raw_feature,,-0.005909101283222871,-0.029333233211075116,14
milkywayoriginal,F2_n8,rms,individual_TENT_column_vs_raw_feature,1.5,-0.014143917399154503,-0.015435481020515058,14
milkywayoriginal,F2_n8,rms,individual_TENT_column_vs_raw_feature,3.0,-0.005217140096020008,-0.015123322510900011,14
milkywayoriginal,F2_n8,rms,individual_TENT_column_vs_raw_feature,4.5,-0.0022526414172228835,0.00985476214437191,14
milkywayoriginal,F2_n8,rms,individual_TENT_column_vs_raw_feature,6.0,-0.0024273199795045155,-0.010471544605245815,14
milkywayoriginal,F2_n8,rms,individual_TENT_column_vs_raw_feature,7.5,0.00767025194866685,-0.06670123164618481,14
milkywayoriginal,F2_n8,rms_dbfs,collapsed_factor_vs_matching_FIR_feature,,-0.00684628435686038,0.009007808207903006,14
milkywayoriginal,F2_n8,rms_dbfs,collapsed_factor_vs_raw_feature,,-0.04865104012902956,-0.062134522907668355,14
milkywayoriginal,F2_n8,rms_dbfs,individual_TENT_column_vs_raw_feature,1.5,-0.0016549669264507144,0.02968416890535321,14
milkywayoriginal,F2_n8,rms_dbfs,individual_TENT_column_vs_raw_feature,3.0,-0.030139486097756796,-0.051042990449778905,14
milkywayoriginal,F2_n8,rms_dbfs,individual_TENT_column_vs_raw_feature,4.5,-0.04325791459246892,-0.011582211609139198,14
milkywayoriginal,F2_n8,rms_dbfs,individual_TENT_column_vs_raw_feature,6.0,-0.032210752794647954,-0.027038917650935364,14
milkywayoriginal,F2_n8,rms_dbfs,individual_TENT_column_vs_raw_feature,7.5,-0.014194815898540011,-0.0730125211211919,14
milkywayoriginal,F2_n8,spectral_bandwidth_hz,collapsed_factor_vs_matching_FIR_feature,,0.016671775235098957,0.0408207045474344,14
milkywayoriginal,F2_n8,spectral_bandwidth_hz,collapsed_factor_vs_raw_feature,,0.08600866682029971,0.07513893289207521,14
milkywayoriginal,F2_n8,spectral_bandwidth_hz,individual_TENT_column_vs_raw_feature,1.5,0.009159609639818673,-0.04402375714145251,14
milkywayoriginal,F2_n8,spectral_bandwidth_hz,individual_TENT_column_vs_raw_feature,3.0,0.051300840505302626,0.0690878899556437,14
milkywayoriginal,F2_n8,spectral_bandwidth_hz,individual_TENT_column_vs_raw_feature,4.5,0.07580002958531042,0.04889044259004499,14
milkywayoriginal,F2_n8,spectral_bandwidth_hz,individual_TENT_column_vs_raw_feature,6.0,0.054533777752331085,0.020800014022541696,14
milkywayoriginal,F2_n8,spectral_bandwidth_hz,individual_TENT_column_vs_raw_feature,7.5,0.02624369249957634,0.03202199637135863,14
milkywayoriginal,F2_n8,spectral_centroid_hz,collapsed_factor_vs_matching_FIR_feature,,0.032050523423047636,0.09156285038431299,14
milkywayoriginal,F2_n8,spectral_centroid_hz,collapsed_factor_vs_raw_feature,,0.09448648815147469,0.1088039148168626,14
milkywayoriginal,F2_n8,spectral_centroid_hz,individual_TENT_column_vs_raw_feature,1.5,0.025514108105395984,0.013555254670891673,14
milkywayoriginal,F2_n8,spectral_centroid_hz,individual_TENT_column_vs_raw_feature,3.0,0.05323869061800412,0.09193268687263652,14
milkywayoriginal,F2_n8,spectral_centroid_hz,individual_TENT_column_vs_raw_feature,4.5,0.06594228245272998,0.052904802190409425,14
milkywayoriginal,F2_n8,spectral_centroid_hz,individual_TENT_column_vs_raw_feature,6.0,0.07344125377429071,0.08834938713340328,14
milkywayoriginal,F2_n8,spectral_centroid_hz,individual_TENT_column_vs_raw_feature,7.5,0.023644041042443137,0.020326813235093884,14
milkywayoriginal,F2_n8,spectral_flatness,collapsed_factor_vs_matching_FIR_feature,,0.01651889557895558,0.017614699190957202,14
milkywayoriginal,F2_n8,spectral_flatness,collapsed_factor_vs_raw_feature,,0.07075078738946924,0.07678200999037986,14
milkywayoriginal,F2_n8,spectral_flatness,individual_TENT_column_vs_raw_feature,1.5,0.009652817598896158,-0.037772912375974355,14
milkywayoriginal,F2_n8,spectral_flatness,individual_TENT_column_vs_raw_feature,3.0,0.03379013149132523,0.08041559281698736,14
milkywayoriginal,F2_n8,spectral_flatness,individual_TENT_column_vs_raw_feature,4.5,0.06370664571096975,0.05587040232012804,14
milkywayoriginal,F2_n8,spectral_flatness,individual_TENT_column_vs_raw_feature,6.0,0.05048810293522742,0.02109762875645037,14
milkywayoriginal,F2_n8,spectral_flatness,individual_TENT_column_vs_raw_feature,7.5,0.021560381889651387,0.011071828764448163,14
milkywayoriginal,F2_n8,spectral_flux,collapsed_factor_vs_matching_FIR_feature,,-0.012167433437906819,-0.016230274739665006,14
milkywayoriginal,F2_n8,spectral_flux,collapsed_factor_vs_raw_feature,,-0.0416393909942554,-0.004645381249626833,14
milkywayoriginal,F2_n8,spectral_flux,individual_TENT_column_vs_raw_feature,1.5,-0.04617886353009535,-0.06409330568745711,14
milkywayoriginal,F2_n8,spectral_flux,individual_TENT_column_vs_raw_feature,3.0,-0.020251863071963083,-0.022955771902518077,14
milkywayoriginal,F2_n8,spectral_flux,individual_TENT_column_vs_raw_feature,4.5,-0.030510199256210766,-0.006276506722662557,14
milkywayoriginal,F2_n8,spectral_flux,individual_TENT_column_vs_raw_feature,6.0,-0.00643862127865755,0.03961806983252055,14
milkywayoriginal,F2_n8,spectral_flux,individual_TENT_column_vs_raw_feature,7.5,-0.015851154389718104,-0.04635451919951846,14
milkywayoriginal,F2_n8,spectral_rolloff_85_hz,collapsed_factor_vs_matching_FIR_feature,,0.030380073628931414,0.09185173988176117,14
milkywayoriginal,F2_n8,spectral_rolloff_85_hz,collapsed_factor_vs_raw_feature,,0.09424903567091596,0.11127705799050759,14
milkywayoriginal,F2_n8,spectral_rolloff_85_hz,individual_TENT_column_vs_raw_feature,1.5,0.02782547246063516,0.024726872907469007,14
milkywayoriginal,F2_n8,spectral_rolloff_85_hz,individual_TENT_column_vs_raw_feature,3.0,0.05051880439042965,0.08256565633768272,14
milkywayoriginal,F2_n8,spectral_rolloff_85_hz,individual_TENT_column_vs_raw_feature,4.5,0.06875959321412929,0.061394416705194965,14
milkywayoriginal,F2_n8,spectral_rolloff_85_hz,individual_TENT_column_vs_raw_feature,6.0,0.07199574458794167,0.08772530766653819,14
milkywayoriginal,F2_n8,spectral_rolloff_85_hz,individual_TENT_column_vs_raw_feature,7.5,0.022503570378146872,0.014100217561054562,14
milkywayoriginal,F2_n8,word_count_per_tr,collapsed_factor_vs_matching_FIR_feature,,-0.13261750943270975,-0.24825303743787333,14
milkywayoriginal,F2_n8,word_count_per_tr,collapsed_factor_vs_raw_feature,,-0.05464594278772009,-0.08781785841811487,14
milkywayoriginal,F2_n8,word_count_per_tr,individual_TENT_column_vs_raw_feature,1.5,-0.029770717312212144,-0.031774098813968546,14
milkywayoriginal,F2_n8,word_count_per_tr,individual_TENT_column_vs_raw_feature,3.0,-0.02506937866347983,-0.03434224927594399,14
milkywayoriginal,F2_n8,word_count_per_tr,individual_TENT_column_vs_raw_feature,4.5,-0.02097898016433784,-0.03866250395605668,14
milkywayoriginal,F2_n8,word_count_per_tr,individual_TENT_column_vs_raw_feature,6.0,-0.042899760965332434,-0.07832567136504401,14
milkywayoriginal,F2_n8,word_count_per_tr,individual_TENT_column_vs_raw_feature,7.5,-0.03103824804054875,-0.10550680409136527,14
milkywayoriginal,F2_n8,zero_crossing_rate,collapsed_factor_vs_matching_FIR_feature,,0.03490374659971252,0.09087396004424421,14
milkywayoriginal,F2_n8,zero_crossing_rate,collapsed_factor_vs_raw_feature,,0.10175017101636692,0.11177209645148167,14
milkywayoriginal,F2_n8,zero_crossing_rate,individual_TENT_column_vs_raw_feature,1.5,0.02697046485065666,-0.003847074466883296,14
milkywayoriginal,F2_n8,zero_crossing_rate,individual_TENT_column_vs_raw_feature,3.0,0.0598842262664754,0.09966770063453359,14
milkywayoriginal,F2_n8,zero_crossing_rate,individual_TENT_column_vs_raw_feature,4.5,0.0705293889740674,0.053547729519511776,14
milkywayoriginal,F2_n8,zero_crossing_rate,individual_TENT_column_vs_raw_feature,6.0,0.07810060078920925,0.08662263544962694,14
milkywayoriginal,F2_n8,zero_crossing_rate,individual_TENT_column_vs_raw_feature,7.5,0.02440944877887843,0.03443952313504219,14
milkywayoriginal,F3_n8,peak_amplitude,collapsed_factor_vs_matching_FIR_feature,,0.0057864695548858,-0.03633524679670382,14
milkywayoriginal,F3_n8,peak_amplitude,collapsed_factor_vs_raw_feature,,-0.041494928521107144,-0.04318507949247081,14
milkywayoriginal,F3_n8,peak_amplitude,individual_TENT_column_vs_raw_feature,1.5,0.09726411129704013,0.09628697084627526,14
milkywayoriginal,F3_n8,peak_amplitude,individual_TENT_column_vs_raw_feature,3.0,-0.04242584310262223,0.016392430696803205,14
milkywayoriginal,F3_n8,peak_amplitude,individual_TENT_column_vs_raw_feature,4.5,-0.024611601482252905,-0.04875838435282608,14
milkywayoriginal,F3_n8,peak_amplitude,individual_TENT_column_vs_raw_feature,6.0,0.001544843045121051,-0.004541950396164306,14
milkywayoriginal,F3_n8,peak_amplitude,individual_TENT_column_vs_raw_feature,7.5,-0.1668263460691462,-0.1352269743009313,14
milkywayoriginal,F3_n8,rms,collapsed_factor_vs_matching_FIR_feature,,0.012599178020568058,-0.021279311721632357,14
milkywayoriginal,F3_n8,rms,collapsed_factor_vs_raw_feature,,-0.03047256519840356,-0.031228315999303806,14
milkywayoriginal,F3_n8,rms,individual_TENT_column_vs_raw_feature,1.5,0.10443012623408907,0.10363010121538471,14
milkywayoriginal,F3_n8,rms,individual_TENT_column_vs_raw_feature,3.0,-0.024449988507799003,0.030216379116656773,14
milkywayoriginal,F3_n8,rms,individual_TENT_column_vs_raw_feature,4.5,-0.01361623092275384,-0.03861516779390998,14
milkywayoriginal,F3_n8,rms,individual_TENT_column_vs_raw_feature,6.0,-0.0017779382004016746,-0.01013036531090367,14
milkywayoriginal,F3_n8,rms,individual_TENT_column_vs_raw_feature,7.5,-0.1721031214483705,-0.13512721588610416,14
milkywayoriginal,F3_n8,rms_dbfs,collapsed_factor_vs_matching_FIR_feature,,0.000994094346835071,-0.014424085367831864,14
milkywayoriginal,F3_n8,rms_dbfs,collapsed_factor_vs_raw_feature,,-0.025463620450187442,-0.040615069756810354,14
milkywayoriginal,F3_n8,rms_dbfs,individual_TENT_column_vs_raw_feature,1.5,0.042528794926637345,0.06976682913805522,14
milkywayoriginal,F3_n8,rms_dbfs,individual_TENT_column_vs_raw_feature,3.0,-0.030617483489093572,-0.004657280797498424,14
milkywayoriginal,F3_n8,rms_dbfs,individual_TENT_column_vs_raw_feature,4.5,-0.01674220160026612,-0.04621649572807046,14
milkywayoriginal,F3_n8,rms_dbfs,individual_TENT_column_vs_raw_feature,6.0,0.008880302401849434,-0.027341118128047553,14
milkywayoriginal,F3_n8,rms_dbfs,individual_TENT_column_vs_raw_feature,7.5,-0.0856726337034504,-0.14910062736123528,14
milkywayoriginal,F3_n8,spectral_bandwidth_hz,collapsed_factor_vs_matching_FIR_feature,,-0.011999770379132019,-0.08201254389730027,14
milkywayoriginal,F3_n8,spectral_bandwidth_hz,collapsed_factor_vs_raw_feature,,-0.0008994755542398083,-0.05983302367041673,14
milkywayoriginal,F3_n8,spectral_bandwidth_hz,individual_TENT_column_vs_raw_feature,1.5,-0.016794812156990743,-0.07786135507376932,14
milkywayoriginal,F3_n8,spectral_bandwidth_hz,individual_TENT_column_vs_raw_feature,3.0,0.024878495194557655,0.010162006939007982,14
milkywayoriginal,F3_n8,spectral_bandwidth_hz,individual_TENT_column_vs_raw_feature,4.5,-0.017339844450339936,-0.04609359781021603,14
milkywayoriginal,F3_n8,spectral_bandwidth_hz,individual_TENT_column_vs_raw_feature,6.0,-0.023214658536230864,-0.013995229682833243,14
milkywayoriginal,F3_n8,spectral_bandwidth_hz,individual_TENT_column_vs_raw_feature,7.5,0.039210999133234524,0.08921880924369867,14
milkywayoriginal,F3_n8,spectral_centroid_hz,collapsed_factor_vs_matching_FIR_feature,,-0.0171748275434222,-0.22352830592443226,14
milkywayoriginal,F3_n8,spectral_centroid_hz,collapsed_factor_vs_raw_feature,,-0.02261109836817657,-0.09740730113417106,14
milkywayoriginal,F3_n8,spectral_centroid_hz,individual_TENT_column_vs_raw_feature,1.5,0.005503099476633552,-0.008253890673675783,14
milkywayoriginal,F3_n8,spectral_centroid_hz,individual_TENT_column_vs_raw_feature,3.0,0.008862154587959319,0.009097197367149834,14
milkywayoriginal,F3_n8,spectral_centroid_hz,individual_TENT_column_vs_raw_feature,4.5,-0.02875244451140652,-0.09567694619831342,14
milkywayoriginal,F3_n8,spectral_centroid_hz,individual_TENT_column_vs_raw_feature,6.0,-0.033698846038090674,-0.0710203221416085,14
milkywayoriginal,F3_n8,spectral_centroid_hz,individual_TENT_column_vs_raw_feature,7.5,-0.01041473652645647,-0.06644809516408855,14
milkywayoriginal,F3_n8,spectral_flatness,collapsed_factor_vs_matching_FIR_feature,,0.011925261299713304,-0.01355604230214493,14
milkywayoriginal,F3_n8,spectral_flatness,collapsed_factor_vs_raw_feature,,0.010124181444363398,-0.044371329113168864,14
milkywayoriginal,F3_n8,spectral_flatness,individual_TENT_column_vs_raw_feature,1.5,0.0017114317493785466,-0.06474973112480872,14
milkywayoriginal,F3_n8,spectral_flatness,individual_TENT_column_vs_raw_feature,3.0,0.02403548388508688,0.0051938127523106685,14
milkywayoriginal,F3_n8,spectral_flatness,individual_TENT_column_vs_raw_feature,4.5,0.004599990787000299,-0.043152302119476085,14
milkywayoriginal,F3_n8,spectral_flatness,individual_TENT_column_vs_raw_feature,6.0,-0.018717655295598507,0.012093980550652417,14
milkywayoriginal,F3_n8,spectral_flatness,individual_TENT_column_vs_raw_feature,7.5,0.02127232053372092,0.09276040613123562,14
milkywayoriginal,F3_n8,spectral_flux,collapsed_factor_vs_matching_FIR_feature,,0.0005804471762241742,-0.001472397145201877,14
milkywayoriginal,F3_n8,spectral_flux,collapsed_factor_vs_raw_feature,,-0.002363457958710595,-0.004097383422082947,14
milkywayoriginal,F3_n8,spectral_flux,individual_TENT_column_vs_raw_feature,1.5,0.02470642079464449,0.042113924570553234,14
milkywayoriginal,F3_n8,spectral_flux,individual_TENT_column_vs_raw_feature,3.0,-0.01638315140016068,-0.02513583422147313,14
milkywayoriginal,F3_n8,spectral_flux,individual_TENT_column_vs_raw_feature,4.5,0.03941726323746455,0.11307433876384072,14
milkywayoriginal,F3_n8,spectral_flux,individual_TENT_column_vs_raw_feature,6.0,-0.003974649573186923,0.009835960597237464,14
milkywayoriginal,F3_n8,spectral_flux,individual_TENT_column_vs_raw_feature,7.5,-0.06553951239998843,-0.06101561040480508,14
milkywayoriginal,F3_n8,spectral_rolloff_85_hz,collapsed_factor_vs_matching_FIR_feature,,-0.013390937738257077,-0.19779468928695118,14
milkywayoriginal,F3_n8,spectral_rolloff_85_hz,collapsed_factor_vs_raw_feature,,-0.017661368930438053,-0.09270697928994522,14
milkywayoriginal,F3_n8,spectral_rolloff_85_hz,individual_TENT_column_vs_raw_feature,1.5,0.009106014544516969,-0.004643668544605713,14
milkywayoriginal,F3_n8,spectral_rolloff_85_hz,individual_TENT_column_vs_raw_feature,3.0,0.013619903254447794,0.008687006616733226,14
milkywayoriginal,F3_n8,spectral_rolloff_85_hz,individual_TENT_column_vs_raw_feature,4.5,-0.027769729084598987,-0.09997291622460354,14
milkywayoriginal,F3_n8,spectral_rolloff_85_hz,individual_TENT_column_vs_raw_feature,6.0,-0.031038404537110525,-0.06540786099530235,14
milkywayoriginal,F3_n8,spectral_rolloff_85_hz,individual_TENT_column_vs_raw_feature,7.5,-0.008500172932640703,-0.058639069798980155,14
milkywayoriginal,F3_n8,word_count_per_tr,collapsed_factor_vs_matching_FIR_feature,,0.019522316057430943,-0.0013289270901385964,14
milkywayoriginal,F3_n8,word_count_per_tr,collapsed_factor_vs_raw_feature,,-0.0017182492170761479,-0.0052493952682788935,14
milkywayoriginal,F3_n8,word_count_per_tr,individual_TENT_column_vs_raw_feature,1.5,0.07182928012875175,0.05505266736107522,14
milkywayoriginal,F3_n8,word_count_per_tr,individual_TENT_column_vs_raw_feature,3.0,-0.010540646910227483,0.022226252431996846,14
milkywayoriginal,F3_n8,word_count_per_tr,individual_TENT_column_vs_raw_feature,4.5,0.004068825244430302,0.019204978333573312,14
milkywayoriginal,F3_n8,word_count_per_tr,individual_TENT_column_vs_raw_feature,6.0,0.019317705052699582,0.028581057810348146,14
milkywayoriginal,F3_n8,word_count_per_tr,individual_TENT_column_vs_raw_feature,7.5,-0.1066799295104627,-0.07916204839717603,14
milkywayoriginal,F3_n8,zero_crossing_rate,collapsed_factor_vs_matching_FIR_feature,,-0.02949165200850549,-0.21385199688103854,14
milkywayoriginal,F3_n8,zero_crossing_rate,collapsed_factor_vs_raw_feature,,-0.03144180103422063,-0.10719223615677664,14
milkywayoriginal,F3_n8,zero_crossing_rate,individual_TENT_column_vs_raw_feature,1.5,-0.006902403484962215,-0.03331567644814085,14
milkywayoriginal,F3_n8,zero_crossing_rate,individual_TENT_column_vs_raw_feature,3.0,0.007130700828859189,0.012274660238492522,14
milkywayoriginal,F3_n8,zero_crossing_rate,individual_TENT_column_vs_raw_feature,4.5,-0.039939129560362475,-0.09319836266933267,14
milkywayoriginal,F3_n8,zero_crossing_rate,individual_TENT_column_vs_raw_feature,6.0,-0.036846855261352965,-0.07036502749561056,14
milkywayoriginal,F3_n8,zero_crossing_rate,individual_TENT_column_vs_raw_feature,7.5,-0.005478198425040427,-0.03679873690744807,14
milkywayoriginal,F4_n8,peak_amplitude,collapsed_factor_vs_matching_FIR_feature,,-0.0523463905741424,-0.046730687984116615,14
milkywayoriginal,F4_n8,peak_amplitude,collapsed_factor_vs_raw_feature,,-0.03292546077159182,-0.00795009404965317,14
milkywayoriginal,F4_n8,peak_amplitude,individual_TENT_column_vs_raw_feature,1.5,0.07004779557032474,0.06034894206277531,14
milkywayoriginal,F4_n8,peak_amplitude,individual_TENT_column_vs_raw_feature,3.0,-0.05936023747002774,-0.017811030681712515,14
milkywayoriginal,F4_n8,peak_amplitude,individual_TENT_column_vs_raw_feature,4.5,-0.024017896585146185,-0.014377225384476075,14
milkywayoriginal,F4_n8,peak_amplitude,individual_TENT_column_vs_raw_feature,6.0,0.046854678869449794,0.043578327643747174,14
milkywayoriginal,F4_n8,peak_amplitude,individual_TENT_column_vs_raw_feature,7.5,-0.12717093569242627,-0.12082595786493507,14
milkywayoriginal,F4_n8,rms,collapsed_factor_vs_matching_FIR_feature,,-0.05807541694522611,-0.056953155484236295,14
milkywayoriginal,F4_n8,rms,collapsed_factor_vs_raw_feature,,-0.018384405535607124,0.0011255490496334091,14
milkywayoriginal,F4_n8,rms,individual_TENT_column_vs_raw_feature,1.5,0.06881194245268542,0.05465817304459366,14
milkywayoriginal,F4_n8,rms,individual_TENT_column_vs_raw_feature,3.0,-0.0483427014856874,-0.012487437317514729,14
milkywayoriginal,F4_n8,rms,individual_TENT_column_vs_raw_feature,4.5,-0.013421816464685892,-0.008406584440699203,14
milkywayoriginal,F4_n8,rms,individual_TENT_column_vs_raw_feature,6.0,0.05427407195417882,0.05348994302317903,14
milkywayoriginal,F4_n8,rms,individual_TENT_column_vs_raw_feature,7.5,-0.11840097434641149,-0.10934292818417067,14
milkywayoriginal,F4_n8,rms_dbfs,collapsed_factor_vs_matching_FIR_feature,,-0.04967145952030098,-0.043421626406696404,14
milkywayoriginal,F4_n8,rms_dbfs,collapsed_factor_vs_raw_feature,,-0.0762657845437147,-0.00546302516538943,14
milkywayoriginal,F4_n8,rms_dbfs,individual_TENT_column_vs_raw_feature,1.5,0.02265946525324472,0.09015256287534228,14
milkywayoriginal,F4_n8,rms_dbfs,individual_TENT_column_vs_raw_feature,3.0,-0.05124168425478983,-0.022220677266993265,14
milkywayoriginal,F4_n8,rms_dbfs,individual_TENT_column_vs_raw_feature,4.5,-0.05199395113446873,-0.02926346167896459,14
milkywayoriginal,F4_n8,rms_dbfs,individual_TENT_column_vs_raw_feature,6.0,-0.015309806154789154,0.014366674882318641,14
milkywayoriginal,F4_n8,rms_dbfs,individual_TENT_column_vs_raw_feature,7.5,-0.10759980131704174,-0.10047806081481774,14
milkywayoriginal,F4_n8,spectral_bandwidth_hz,collapsed_factor_vs_matching_FIR_feature,,0.05099125571418419,0.02132971274418478,14
milkywayoriginal,F4_n8,spectral_bandwidth_hz,collapsed_factor_vs_raw_feature,,0.10889471015645218,0.040857911603464414,14
milkywayoriginal,F4_n8,spectral_bandwidth_hz,individual_TENT_column_vs_raw_feature,1.5,0.010236925604556043,-0.04978771834610435,14
milkywayoriginal,F4_n8,spectral_bandwidth_hz,individual_TENT_column_vs_raw_feature,3.0,0.08206637080315624,0.12393934013594883,14
milkywayoriginal,F4_n8,spectral_bandwidth_hz,individual_TENT_column_vs_raw_feature,4.5,0.05204169351868156,-0.010784750866046468,14
milkywayoriginal,F4_n8,spectral_bandwidth_hz,individual_TENT_column_vs_raw_feature,6.0,0.04205448132751583,-0.0010221621600653788,14
milkywayoriginal,F4_n8,spectral_bandwidth_hz,individual_TENT_column_vs_raw_feature,7.5,0.1012232687962752,0.06990222807517908,14
milkywayoriginal,F4_n8,spectral_centroid_hz,collapsed_factor_vs_matching_FIR_feature,,0.06299766476547097,0.13340852845401796,14
milkywayoriginal,F4_n8,spectral_centroid_hz,collapsed_factor_vs_raw_feature,,0.12250533473853024,0.08463748553747531,14
milkywayoriginal,F4_n8,spectral_centroid_hz,individual_TENT_column_vs_raw_feature,1.5,0.04756744785289691,0.04727489031531231,14
milkywayoriginal,F4_n8,spectral_centroid_hz,individual_TENT_column_vs_raw_feature,3.0,0.08566035486085473,0.1638949206682487,14
milkywayoriginal,F4_n8,spectral_centroid_hz,individual_TENT_column_vs_raw_feature,4.5,0.05119778192860607,-0.009734615672439596,14
milkywayoriginal,F4_n8,spectral_centroid_hz,individual_TENT_column_vs_raw_feature,6.0,0.06684475689424767,0.014470771253038623,14
milkywayoriginal,F4_n8,spectral_centroid_hz,individual_TENT_column_vs_raw_feature,7.5,0.06993807571639808,0.013095069531769685,14
milkywayoriginal,F4_n8,spectral_flatness,collapsed_factor_vs_matching_FIR_feature,,0.05215479800222811,0.07194241959132644,14
milkywayoriginal,F4_n8,spectral_flatness,collapsed_factor_vs_raw_feature,,0.11768666577530396,0.0646124261278668,14
milkywayoriginal,F4_n8,spectral_flatness,individual_TENT_column_vs_raw_feature,1.5,0.026984907592561717,-0.030787231946484212,14
milkywayoriginal,F4_n8,spectral_flatness,individual_TENT_column_vs_raw_feature,3.0,0.06063851787807576,0.12890157285648157,14
milkywayoriginal,F4_n8,spectral_flatness,individual_TENT_column_vs_raw_feature,4.5,0.06380757848028422,-0.03245651467157798,14
milkywayoriginal,F4_n8,spectral_flatness,individual_TENT_column_vs_raw_feature,6.0,0.06657343920038897,0.02548022353605774,14
milkywayoriginal,F4_n8,spectral_flatness,individual_TENT_column_vs_raw_feature,7.5,0.09241062674922748,0.077203850405188,14
milkywayoriginal,F4_n8,spectral_flux,collapsed_factor_vs_matching_FIR_feature,,-0.008762782259020429,0.032409919361220535,14
milkywayoriginal,F4_n8,spectral_flux,collapsed_factor_vs_raw_feature,,-0.05790759566807591,-0.013520563456587602,14
milkywayoriginal,F4_n8,spectral_flux,individual_TENT_column_vs_raw_feature,1.5,0.014437512055651646,0.079742969215015,14
milkywayoriginal,F4_n8,spectral_flux,individual_TENT_column_vs_raw_feature,3.0,-0.016682358183645114,0.021526854320300166,14
milkywayoriginal,F4_n8,spectral_flux,individual_TENT_column_vs_raw_feature,4.5,-0.025936425261208294,0.005878922786917073,14
milkywayoriginal,F4_n8,spectral_flux,individual_TENT_column_vs_raw_feature,6.0,-0.0365888929708535,-0.010724677630080311,14
milkywayoriginal,F4_n8,spectral_flux,individual_TENT_column_vs_raw_feature,7.5,-0.09337304337429653,-0.07410836607476401,14
milkywayoriginal,F4_n8,spectral_rolloff_85_hz,collapsed_factor_vs_matching_FIR_feature,,0.06130183948766845,0.12207814948867658,14
milkywayoriginal,F4_n8,spectral_rolloff_85_hz,collapsed_factor_vs_raw_feature,,0.12365626442026702,0.08971154664899854,14
milkywayoriginal,F4_n8,spectral_rolloff_85_hz,individual_TENT_column_vs_raw_feature,1.5,0.05043672882719341,0.05281463171573713,14
milkywayoriginal,F4_n8,spectral_rolloff_85_hz,individual_TENT_column_vs_raw_feature,3.0,0.08332011441954042,0.15736627015201207,14
milkywayoriginal,F4_n8,spectral_rolloff_85_hz,individual_TENT_column_vs_raw_feature,4.5,0.05184576694284437,-0.014760138410156113,14
milkywayoriginal,F4_n8,spectral_rolloff_85_hz,individual_TENT_column_vs_raw_feature,6.0,0.06925824249115466,0.02841167289305736,14
milkywayoriginal,F4_n8,spectral_rolloff_85_hz,individual_TENT_column_vs_raw_feature,7.5,0.06973859312331201,0.015257611768944466,14
milkywayoriginal,F4_n8,word_count_per_tr,collapsed_factor_vs_matching_FIR_feature,,-0.04719143518050711,-0.04650945688964929,14
milkywayoriginal,F4_n8,word_count_per_tr,collapsed_factor_vs_raw_feature,,-0.014398510154640552,-0.017528472025702145,14
milkywayoriginal,F4_n8,word_count_per_tr,individual_TENT_column_vs_raw_feature,1.5,0.04036001640263236,0.03678380857600156,14
milkywayoriginal,F4_n8,word_count_per_tr,individual_TENT_column_vs_raw_feature,3.0,-0.019476059086520454,0.011534464310237967,14
milkywayoriginal,F4_n8,word_count_per_tr,individual_TENT_column_vs_raw_feature,4.5,-0.02469071387028523,-0.02261099788777886,14
milkywayoriginal,F4_n8,word_count_per_tr,individual_TENT_column_vs_raw_feature,6.0,0.04873196889200776,0.025197574674748185,14
milkywayoriginal,F4_n8,word_count_per_tr,individual_TENT_column_vs_raw_feature,7.5,-0.09299767051896549,-0.07128931265053802,14
milkywayoriginal,F4_n8,zero_crossing_rate,collapsed_factor_vs_matching_FIR_feature,,0.06450468659926117,0.11549989966335734,14
milkywayoriginal,F4_n8,zero_crossing_rate,collapsed_factor_vs_raw_feature,,0.11352268624151929,0.0608722104679552,14
milkywayoriginal,F4_n8,zero_crossing_rate,individual_TENT_column_vs_raw_feature,1.5,0.03708538568683094,0.019972058471619144,14
milkywayoriginal,F4_n8,zero_crossing_rate,individual_TENT_column_vs_raw_feature,3.0,0.09143701912513588,0.1613003256348517,14
milkywayoriginal,F4_n8,zero_crossing_rate,individual_TENT_column_vs_raw_feature,4.5,0.04185763393148063,-0.02520852113797929,14
milkywayoriginal,F4_n8,zero_crossing_rate,individual_TENT_column_vs_raw_feature,6.0,0.05622631348589368,-0.011486829465909483,14
milkywayoriginal,F4_n8,zero_crossing_rate,individual_TENT_column_vs_raw_feature,7.5,0.07088684901798008,0.014604403263332826,14
milkywayoriginal,F5_n8,peak_amplitude,collapsed_factor_vs_matching_FIR_feature,,-0.051067344497989726,-0.05726908481550301,14
milkywayoriginal,F5_n8,peak_amplitude,collapsed_factor_vs_raw_feature,,-0.07512809140452946,-0.07626335392775473,14
milkywayoriginal,F5_n8,peak_amplitude,individual_TENT_column_vs_raw_feature,1.5,0.0019965347941529746,-0.027522574107751142,14
milkywayoriginal,F5_n8,peak_amplitude,individual_TENT_column_vs_raw_feature,3.0,-0.048421695137827084,-0.08865069076537847,14
milkywayoriginal,F5_n8,peak_amplitude,individual_TENT_column_vs_raw_feature,4.5,-0.08961896682966297,-0.10800069721866225,14
milkywayoriginal,F5_n8,peak_amplitude,individual_TENT_column_vs_raw_feature,6.0,-0.019367983753628505,-0.029841501444312597,14
milkywayoriginal,F5_n8,peak_amplitude,individual_TENT_column_vs_raw_feature,7.5,-0.04955461634276461,-0.046304781775685804,14
milkywayoriginal,F5_n8,rms,collapsed_factor_vs_matching_FIR_feature,,-0.06522850886237881,-0.07952135880986831,14
milkywayoriginal,F5_n8,rms,collapsed_factor_vs_raw_feature,,-0.06938925526129841,-0.0635601878243931,14
milkywayoriginal,F5_n8,rms,individual_TENT_column_vs_raw_feature,1.5,-0.002432694091163428,-0.024065231925232543,14
milkywayoriginal,F5_n8,rms,individual_TENT_column_vs_raw_feature,3.0,-0.048226937064355165,-0.07965848661408563,14
milkywayoriginal,F5_n8,rms,individual_TENT_column_vs_raw_feature,4.5,-0.08154465014793129,-0.10462694120863016,14
milkywayoriginal,F5_n8,rms,individual_TENT_column_vs_raw_feature,6.0,-0.009028994100490878,-0.01788852566262465,14
milkywayoriginal,F5_n8,rms,individual_TENT_column_vs_raw_feature,7.5,-0.05045696547418601,-0.049169563478479304,14
milkywayoriginal,F5_n8,rms_dbfs,collapsed_factor_vs_matching_FIR_feature,,-0.03477729106307897,-0.07060702158924434,14
milkywayoriginal,F5_n8,rms_dbfs,collapsed_factor_vs_raw_feature,,-0.10787886946744717,-0.08902398821472564,14
milkywayoriginal,F5_n8,rms_dbfs,individual_TENT_column_vs_raw_feature,1.5,-0.013249974684047464,-0.004716409828413141,14
milkywayoriginal,F5_n8,rms_dbfs,individual_TENT_column_vs_raw_feature,3.0,-0.07196773313192037,-0.11139641532567146,14
milkywayoriginal,F5_n8,rms_dbfs,individual_TENT_column_vs_raw_feature,4.5,-0.09319072072740206,-0.10749165498787126,14
milkywayoriginal,F5_n8,rms_dbfs,individual_TENT_column_vs_raw_feature,6.0,-0.047807313930472585,-0.03372630696463362,14
milkywayoriginal,F5_n8,rms_dbfs,individual_TENT_column_vs_raw_feature,7.5,-0.07236626516481892,-0.05242794368038023,14
milkywayoriginal,F5_n8,spectral_bandwidth_hz,collapsed_factor_vs_matching_FIR_feature,,0.032928742018006864,-0.04626859689423705,14
milkywayoriginal,F5_n8,spectral_bandwidth_hz,collapsed_factor_vs_raw_feature,,0.10358418779814416,-0.0016847725851830023,14
milkywayoriginal,F5_n8,spectral_bandwidth_hz,individual_TENT_column_vs_raw_feature,1.5,0.0012211877856155397,-0.10309649533660736,14
milkywayoriginal,F5_n8,spectral_bandwidth_hz,individual_TENT_column_vs_raw_feature,3.0,0.06539562670804001,0.032112125356993364,14
milkywayoriginal,F5_n8,spectral_bandwidth_hz,individual_TENT_column_vs_raw_feature,4.5,0.09485026308004234,0.06361572259087916,14
milkywayoriginal,F5_n8,spectral_bandwidth_hz,individual_TENT_column_vs_raw_feature,6.0,0.046395830379518756,-0.015235214645065984,14
milkywayoriginal,F5_n8,spectral_bandwidth_hz,individual_TENT_column_vs_raw_feature,7.5,0.07866114766346323,0.028343418864625148,14
milkywayoriginal,F5_n8,spectral_centroid_hz,collapsed_factor_vs_matching_FIR_feature,,0.053440683361245016,0.015234625448697626,14
milkywayoriginal,F5_n8,spectral_centroid_hz,collapsed_factor_vs_raw_feature,,0.11403697882435367,0.019618184768422083,14
milkywayoriginal,F5_n8,spectral_centroid_hz,individual_TENT_column_vs_raw_feature,1.5,0.02364763669101348,-0.023107424407236427,14
milkywayoriginal,F5_n8,spectral_centroid_hz,individual_TENT_column_vs_raw_feature,3.0,0.07280991320706505,0.027635981416034117,14
milkywayoriginal,F5_n8,spectral_centroid_hz,individual_TENT_column_vs_raw_feature,4.5,0.07602197573501045,-0.004814571789379278,14
milkywayoriginal,F5_n8,spectral_centroid_hz,individual_TENT_column_vs_raw_feature,6.0,0.06603092439101266,-0.007263358660060804,14
milkywayoriginal,F5_n8,spectral_centroid_hz,individual_TENT_column_vs_raw_feature,7.5,0.08064597133856981,-0.014363065804061765,14
milkywayoriginal,F5_n8,spectral_flatness,collapsed_factor_vs_matching_FIR_feature,,0.046483970578486675,-0.058144452380929905,14
milkywayoriginal,F5_n8,spectral_flatness,collapsed_factor_vs_raw_feature,,0.12789100319377095,0.043684499060085015,14
milkywayoriginal,F5_n8,spectral_flatness,individual_TENT_column_vs_raw_feature,1.5,0.026436048586107243,-0.06723665371198434,14
milkywayoriginal,F5_n8,spectral_flatness,individual_TENT_column_vs_raw_feature,3.0,0.07534953091975093,0.048657945409626355,14
milkywayoriginal,F5_n8,spectral_flatness,individual_TENT_column_vs_raw_feature,4.5,0.09125011684632753,0.0828487881607769,14
milkywayoriginal,F5_n8,spectral_flatness,individual_TENT_column_vs_raw_feature,6.0,0.07549021810851028,0.05075179575635517,14
milkywayoriginal,F5_n8,spectral_flatness,individual_TENT_column_vs_raw_feature,7.5,0.0889587135226709,0.01688980290140291,14
milkywayoriginal,F5_n8,spectral_flux,collapsed_factor_vs_matching_FIR_feature,,-0.003216878922519109,0.040217495945704736,14
milkywayoriginal,F5_n8,spectral_flux,collapsed_factor_vs_raw_feature,,-0.05967120722780617,0.006721449942437326,14
milkywayoriginal,F5_n8,spectral_flux,individual_TENT_column_vs_raw_feature,1.5,0.01676107320443842,0.09682298330796486,14
milkywayoriginal,F5_n8,spectral_flux,individual_TENT_column_vs_raw_feature,3.0,-0.014770041064288201,0.0196269809110804,14
milkywayoriginal,F5_n8,spectral_flux,individual_TENT_column_vs_raw_feature,4.5,-0.0776521337252215,-0.08669530955989237,14
milkywayoriginal,F5_n8,spectral_flux,individual_TENT_column_vs_raw_feature,6.0,-0.027330054441971206,-0.0023786249996676175,14
milkywayoriginal,F5_n8,spectral_flux,individual_TENT_column_vs_raw_feature,7.5,-0.06282978172203842,-0.03006215541765171,14
milkywayoriginal,F5_n8,spectral_rolloff_85_hz,collapsed_factor_vs_matching_FIR_feature,,0.047378961974888674,-0.014783078105739339,14
milkywayoriginal,F5_n8,spectral_rolloff_85_hz,collapsed_factor_vs_raw_feature,,0.11169085764652943,0.009430286332641438,14
milkywayoriginal,F5_n8,spectral_rolloff_85_hz,individual_TENT_column_vs_raw_feature,1.5,0.022280602340303605,-0.0282113879685845,14
milkywayoriginal,F5_n8,spectral_rolloff_85_hz,individual_TENT_column_vs_raw_feature,3.0,0.0689353176220336,0.007925085034464782,14
milkywayoriginal,F5_n8,spectral_rolloff_85_hz,individual_TENT_column_vs_raw_feature,4.5,0.07660690923577367,-0.01698949848972159,14
milkywayoriginal,F5_n8,spectral_rolloff_85_hz,individual_TENT_column_vs_raw_feature,6.0,0.06595535205009975,-0.00231419636769046,14
milkywayoriginal,F5_n8,spectral_rolloff_85_hz,individual_TENT_column_vs_raw_feature,7.5,0.0784423609383543,-0.009326718458941665,14
milkywayoriginal,F5_n8,word_count_per_tr,collapsed_factor_vs_matching_FIR_feature,,-0.08848355465524775,-0.1856870441893795,14
milkywayoriginal,F5_n8,word_count_per_tr,collapsed_factor_vs_raw_feature,,-0.07638920072650243,-0.10131636971957339,14
milkywayoriginal,F5_n8,word_count_per_tr,individual_TENT_column_vs_raw_feature,1.5,-0.015485888658863791,-0.037318880734444664,14
milkywayoriginal,F5_n8,word_count_per_tr,individual_TENT_column_vs_raw_feature,3.0,-0.020242324870570337,-0.05250427932992461,14
milkywayoriginal,F5_n8,word_count_per_tr,individual_TENT_column_vs_raw_feature,4.5,-0.04853377096108308,-0.0870865298473075,14
milkywayoriginal,F5_n8,word_count_per_tr,individual_TENT_column_vs_raw_feature,6.0,-0.029975061529161778,-0.05268573234983147,14
milkywayoriginal,F5_n8,word_count_per_tr,individual_TENT_column_vs_raw_feature,7.5,-0.11767358644074086,-0.07732481100034908,14
milkywayoriginal,F5_n8,zero_crossing_rate,collapsed_factor_vs_matching_FIR_feature,,0.052353403437804216,0.02207106596681949,14
milkywayoriginal,F5_n8,zero_crossing_rate,collapsed_factor_vs_raw_feature,,0.10714985508282282,0.019148081801397647,14
milkywayoriginal,F5_n8,zero_crossing_rate,individual_TENT_column_vs_raw_feature,1.5,0.014269569711958996,-0.04064853692152737,14
milkywayoriginal,F5_n8,zero_crossing_rate,individual_TENT_column_vs_raw_feature,3.0,0.07052340808080797,0.03370063066189021,14
milkywayoriginal,F5_n8,zero_crossing_rate,individual_TENT_column_vs_raw_feature,4.5,0.07663130026669708,0.009628915394244656,14
milkywayoriginal,F5_n8,zero_crossing_rate,individual_TENT_column_vs_raw_feature,6.0,0.06000207910959715,-0.0033372749985291334,14
milkywayoriginal,F5_n8,zero_crossing_rate,individual_TENT_column_vs_raw_feature,7.5,0.076821766493235,-0.004429426171554104,14
milkywayoriginal,F6_n8,peak_amplitude,collapsed_factor_vs_matching_FIR_feature,,0.008175541195637532,0.05267755113518462,14
milkywayoriginal,F6_n8,peak_amplitude,collapsed_factor_vs_raw_feature,,-0.029118957670477705,-0.03211561247929745,14
milkywayoriginal,F6_n8,peak_amplitude,individual_TENT_column_vs_raw_feature,1.5,0.007845553072914116,0.02574620042435755,14
milkywayoriginal,F6_n8,peak_amplitude,individual_TENT_column_vs_raw_feature,3.0,-0.0126824730547878,-0.012786889277262403,14
milkywayoriginal,F6_n8,peak_amplitude,individual_TENT_column_vs_raw_feature,4.5,0.007298867696068334,0.011026880632658578,14
milkywayoriginal,F6_n8,peak_amplitude,individual_TENT_column_vs_raw_feature,6.0,-0.010297325008355798,-0.01001870475846329,14
milkywayoriginal,F6_n8,peak_amplitude,individual_TENT_column_vs_raw_feature,7.5,-0.08773656822955657,-0.04483987552779397,14
milkywayoriginal,F6_n8,rms,collapsed_factor_vs_matching_FIR_feature,,0.0026707818153939235,0.04019481548555615,14
milkywayoriginal,F6_n8,rms,collapsed_factor_vs_raw_feature,,-0.03486228243283803,-0.040505332733652526,14
milkywayoriginal,F6_n8,rms,individual_TENT_column_vs_raw_feature,1.5,0.0011493418436373869,0.01200439753296268,14
milkywayoriginal,F6_n8,rms,individual_TENT_column_vs_raw_feature,3.0,-0.013666471927456587,-0.019637986694768853,14
milkywayoriginal,F6_n8,rms,individual_TENT_column_vs_raw_feature,4.5,-0.0009932946592192487,0.0052983676973510025,14
milkywayoriginal,F6_n8,rms,individual_TENT_column_vs_raw_feature,6.0,-0.009585205451539593,-0.004662325115022299,14
milkywayoriginal,F6_n8,rms,individual_TENT_column_vs_raw_feature,7.5,-0.08914716150813295,-0.050775846347503324,14
milkywayoriginal,F6_n8,rms_dbfs,collapsed_factor_vs_matching_FIR_feature,,-0.0326336553051353,0.0724956853616178,14
milkywayoriginal,F6_n8,rms_dbfs,collapsed_factor_vs_raw_feature,,-0.07023588967693267,-0.024042717395242767,14
milkywayoriginal,F6_n8,rms_dbfs,individual_TENT_column_vs_raw_feature,1.5,-0.02540458038838444,0.046050858104436806,14
milkywayoriginal,F6_n8,rms_dbfs,individual_TENT_column_vs_raw_feature,3.0,-0.039642686394104655,-0.0011157113214172573,14
milkywayoriginal,F6_n8,rms_dbfs,individual_TENT_column_vs_raw_feature,4.5,-0.02919970412576819,0.0004980117119026475,14
milkywayoriginal,F6_n8,rms_dbfs,individual_TENT_column_vs_raw_feature,6.0,-0.04340540283297146,-0.011830300316449814,14
milkywayoriginal,F6_n8,rms_dbfs,individual_TENT_column_vs_raw_feature,7.5,-0.0622339851677563,-0.010011154510399464,14
milkywayoriginal,F6_n8,spectral_bandwidth_hz,collapsed_factor_vs_matching_FIR_feature,,0.05840233946671405,-0.0034914162895404713,14
milkywayoriginal,F6_n8,spectral_bandwidth_hz,collapsed_factor_vs_raw_feature,,0.10340046865841383,0.07967366073421721,14
milkywayoriginal,F6_n8,spectral_bandwidth_hz,individual_TENT_column_vs_raw_feature,1.5,0.036005965400650035,-0.013476613145627562,14
milkywayoriginal,F6_n8,spectral_bandwidth_hz,individual_TENT_column_vs_raw_feature,3.0,0.07657757128164307,0.06223862390686107,14
milkywayoriginal,F6_n8,spectral_bandwidth_hz,individual_TENT_column_vs_raw_feature,4.5,0.04563856939309593,0.005385496818217948,14
milkywayoriginal,F6_n8,spectral_bandwidth_hz,individual_TENT_column_vs_raw_feature,6.0,0.06368753160573723,0.0476710934722281,14
milkywayoriginal,F6_n8,spectral_bandwidth_hz,individual_TENT_column_vs_raw_feature,7.5,0.06365901297280988,0.05049170411714298,14
milkywayoriginal,F6_n8,spectral_centroid_hz,collapsed_factor_vs_matching_FIR_feature,,0.07084495002456913,0.13838998224665366,14
milkywayoriginal,F6_n8,spectral_centroid_hz,collapsed_factor_vs_raw_feature,,0.11275938588107062,0.08862329916774644,14
milkywayoriginal,F6_n8,spectral_centroid_hz,individual_TENT_column_vs_raw_feature,1.5,0.04595156618153224,0.01622166497455244,14
milkywayoriginal,F6_n8,spectral_centroid_hz,individual_TENT_column_vs_raw_feature,3.0,0.08903842945727945,0.08930276314541581,14
milkywayoriginal,F6_n8,spectral_centroid_hz,individual_TENT_column_vs_raw_feature,4.5,0.056357773778044025,0.036681818459304495,14
milkywayoriginal,F6_n8,spectral_centroid_hz,individual_TENT_column_vs_raw_feature,6.0,0.061203944266706244,0.041597735173481636,14
milkywayoriginal,F6_n8,spectral_centroid_hz,individual_TENT_column_vs_raw_feature,7.5,0.05733498254149625,0.04221455764772104,14
milkywayoriginal,F6_n8,spectral_flatness,collapsed_factor_vs_matching_FIR_feature,,0.06317944355915299,0.11291341082418989,14
milkywayoriginal,F6_n8,spectral_flatness,collapsed_factor_vs_raw_feature,,0.10899814568726847,0.07035036659135517,14
milkywayoriginal,F6_n8,spectral_flatness,individual_TENT_column_vs_raw_feature,1.5,0.05139583027810373,0.007506564885063021,14
milkywayoriginal,F6_n8,spectral_flatness,individual_TENT_column_vs_raw_feature,3.0,0.07220427212447962,0.06012964060756063,14
milkywayoriginal,F6_n8,spectral_flatness,individual_TENT_column_vs_raw_feature,4.5,0.0502264406632165,-0.008098422497422425,14
milkywayoriginal,F6_n8,spectral_flatness,individual_TENT_column_vs_raw_feature,6.0,0.06800766137975285,0.04416575136745477,14
milkywayoriginal,F6_n8,spectral_flatness,individual_TENT_column_vs_raw_feature,7.5,0.061714203400121126,0.034511248907365594,14
milkywayoriginal,F6_n8,spectral_flux,collapsed_factor_vs_matching_FIR_feature,,-0.030878007241324758,-0.04273937983778227,14
milkywayoriginal,F6_n8,spectral_flux,collapsed_factor_vs_raw_feature,,-0.04514396988350592,-0.04285173480292697,14
milkywayoriginal,F6_n8,spectral_flux,individual_TENT_column_vs_raw_feature,1.5,-0.007937659996951204,0.04060585767431206,14
milkywayoriginal,F6_n8,spectral_flux,individual_TENT_column_vs_raw_feature,3.0,-0.02300546242089972,0.0029490914541859354,14
milkywayoriginal,F6_n8,spectral_flux,individual_TENT_column_vs_raw_feature,4.5,0.014557262507737498,0.061424195913915305,14
milkywayoriginal,F6_n8,spectral_flux,individual_TENT_column_vs_raw_feature,6.0,-0.052886171448456656,-0.07042234122786903,14
milkywayoriginal,F6_n8,spectral_flux,individual_TENT_column_vs_raw_feature,7.5,-0.06362697794383879,-0.10049564616457944,14
milkywayoriginal,F6_n8,spectral_rolloff_85_hz,collapsed_factor_vs_matching_FIR_feature,,0.0715404311246736,0.1472777443826591,14
milkywayoriginal,F6_n8,spectral_rolloff_85_hz,collapsed_factor_vs_raw_feature,,0.11591122749219165,0.0922036549677915,14
milkywayoriginal,F6_n8,spectral_rolloff_85_hz,individual_TENT_column_vs_raw_feature,1.5,0.050906628506554766,0.0356314505746638,14
milkywayoriginal,F6_n8,spectral_rolloff_85_hz,individual_TENT_column_vs_raw_feature,3.0,0.09071277543292335,0.09283497437157948,14
milkywayoriginal,F6_n8,spectral_rolloff_85_hz,individual_TENT_column_vs_raw_feature,4.5,0.056314008512387895,0.03678478524372814,14
milkywayoriginal,F6_n8,spectral_rolloff_85_hz,individual_TENT_column_vs_raw_feature,6.0,0.06442610942170686,0.0471116543811908,14
milkywayoriginal,F6_n8,spectral_rolloff_85_hz,individual_TENT_column_vs_raw_feature,7.5,0.05663025101249434,0.03953003328186947,14
milkywayoriginal,F6_n8,word_count_per_tr,collapsed_factor_vs_matching_FIR_feature,,0.001170917701013559,0.015534675629828089,14
milkywayoriginal,F6_n8,word_count_per_tr,collapsed_factor_vs_raw_feature,,-0.046831586432253255,-0.07087554139406685,14
milkywayoriginal,F6_n8,word_count_per_tr,individual_TENT_column_vs_raw_feature,1.5,0.0014470551517366166,0.019425486512588647,14
milkywayoriginal,F6_n8,word_count_per_tr,individual_TENT_column_vs_raw_feature,3.0,-0.028199218070925937,-0.01900424157403487,14
milkywayoriginal,F6_n8,word_count_per_tr,individual_TENT_column_vs_raw_feature,4.5,-0.03397955686882321,-0.030330999098361528,14
milkywayoriginal,F6_n8,word_count_per_tr,individual_TENT_column_vs_raw_feature,6.0,-0.009544496085040757,-0.03349074438739259,14
milkywayoriginal,F6_n8,word_count_per_tr,individual_TENT_column_vs_raw_feature,7.5,-0.06404670320300003,-0.047097847953344534,14
milkywayoriginal,F6_n8,zero_crossing_rate,collapsed_factor_vs_matching_FIR_feature,,0.0705187668035839,0.10069757753082527,14
milkywayoriginal,F6_n8,zero_crossing_rate,collapsed_factor_vs_raw_feature,,0.10586087333993952,0.08289567752065807,14
milkywayoriginal,F6_n8,zero_crossing_rate,individual_TENT_column_vs_raw_feature,1.5,0.03430309761162277,-0.011064054326537143,14
milkywayoriginal,F6_n8,zero_crossing_rate,individual_TENT_column_vs_raw_feature,3.0,0.08738267261576231,0.08741092479658283,14
milkywayoriginal,F6_n8,zero_crossing_rate,individual_TENT_column_vs_raw_feature,4.5,0.053674582060119165,0.03397875601903318,14
milkywayoriginal,F6_n8,zero_crossing_rate,individual_TENT_column_vs_raw_feature,6.0,0.05816992844051387,0.0405691576186706,14
milkywayoriginal,F6_n8,zero_crossing_rate,individual_TENT_column_vs_raw_feature,7.5,0.05505518791391934,0.037561617233813516,14
milkywayoriginal,F7_n8,peak_amplitude,collapsed_factor_vs_matching_FIR_feature,,0.12091048874679365,0.16214308636096114,14
milkywayoriginal,F7_n8,peak_amplitude,collapsed_factor_vs_raw_feature,,0.06721054388989106,0.05571274339994542,14
milkywayoriginal,F7_n8,peak_amplitude,individual_TENT_column_vs_raw_feature,1.5,0.054072076328816755,0.040444998758469464,14
milkywayoriginal,F7_n8,peak_amplitude,individual_TENT_column_vs_raw_feature,3.0,0.06780822412201702,0.07040332651791804,14
milkywayoriginal,F7_n8,peak_amplitude,individual_TENT_column_vs_raw_feature,4.5,0.10296414914237102,0.10537558792058133,14
milkywayoriginal,F7_n8,peak_amplitude,individual_TENT_column_vs_raw_feature,6.0,-0.01600603454539471,0.0031371076440163573,14
milkywayoriginal,F7_n8,peak_amplitude,individual_TENT_column_vs_raw_feature,7.5,-0.02845539722722831,-0.003445341025289761,14
milkywayoriginal,F7_n8,rms,collapsed_factor_vs_matching_FIR_feature,,0.11104394129992896,0.13868482822858536,14
milkywayoriginal,F7_n8,rms,collapsed_factor_vs_raw_feature,,0.06644067047962274,0.06165731576938494,14
milkywayoriginal,F7_n8,rms,individual_TENT_column_vs_raw_feature,1.5,0.05310045917985127,0.04150977261764189,14
milkywayoriginal,F7_n8,rms,individual_TENT_column_vs_raw_feature,3.0,0.07105593851297247,0.07200625693036604,14
milkywayoriginal,F7_n8,rms,individual_TENT_column_vs_raw_feature,4.5,0.10173412881301339,0.10540193181002562,14
milkywayoriginal,F7_n8,rms,individual_TENT_column_vs_raw_feature,6.0,-0.022002882110460444,-0.0014036959945985304,14
milkywayoriginal,F7_n8,rms,individual_TENT_column_vs_raw_feature,7.5,-0.024708111154415097,-0.0007265526085761178,14
milkywayoriginal,F7_n8,rms_dbfs,collapsed_factor_vs_matching_FIR_feature,,0.050883497185952746,0.1507006611006397,14
milkywayoriginal,F7_n8,rms_dbfs,collapsed_factor_vs_raw_feature,,0.01848666270439578,0.004365196741647664,14
milkywayoriginal,F7_n8,rms_dbfs,individual_TENT_column_vs_raw_feature,1.5,0.024322774438161658,0.022764639876526393,14
milkywayoriginal,F7_n8,rms_dbfs,individual_TENT_column_vs_raw_feature,3.0,0.04438609356891121,0.0441221868070213,14
milkywayoriginal,F7_n8,rms_dbfs,individual_TENT_column_vs_raw_feature,4.5,0.047974967259167445,0.07190170198532571,14
milkywayoriginal,F7_n8,rms_dbfs,individual_TENT_column_vs_raw_feature,6.0,-0.03423851731030048,-0.025441703293148137,14
milkywayoriginal,F7_n8,rms_dbfs,individual_TENT_column_vs_raw_feature,7.5,-0.03902403495272414,-0.03631883775392503,14
milkywayoriginal,F7_n8,spectral_bandwidth_hz,collapsed_factor_vs_matching_FIR_feature,,-0.025902597266517342,-0.007654082561256375,14
milkywayoriginal,F7_n8,spectral_bandwidth_hz,collapsed_factor_vs_raw_feature,,0.010871774456016082,0.0714839340038498,14
milkywayoriginal,F7_n8,spectral_bandwidth_hz,individual_TENT_column_vs_raw_feature,1.5,-0.023888715055570615,0.004697443342908267,14
milkywayoriginal,F7_n8,spectral_bandwidth_hz,individual_TENT_column_vs_raw_feature,3.0,-0.027614498332619346,-0.0005521234817042242,14
milkywayoriginal,F7_n8,spectral_bandwidth_hz,individual_TENT_column_vs_raw_feature,4.5,-0.01220836189809508,-0.0047246912225902184,14
milkywayoriginal,F7_n8,spectral_bandwidth_hz,individual_TENT_column_vs_raw_feature,6.0,0.054733827934809416,0.08438913930284044,14
milkywayoriginal,F7_n8,spectral_bandwidth_hz,individual_TENT_column_vs_raw_feature,7.5,0.042615371117245074,0.050911438649613394,14
milkywayoriginal,F7_n8,spectral_centroid_hz,collapsed_factor_vs_matching_FIR_feature,,0.009630689442437413,0.1970430267642489,14
milkywayoriginal,F7_n8,spectral_centroid_hz,collapsed_factor_vs_raw_feature,,0.02223178141269055,0.09201300479330636,14
milkywayoriginal,F7_n8,spectral_centroid_hz,individual_TENT_column_vs_raw_feature,1.5,-0.010565504363957768,0.04006438764300829,14
milkywayoriginal,F7_n8,spectral_centroid_hz,individual_TENT_column_vs_raw_feature,3.0,-0.013809928675474559,0.0879825276771214,14
milkywayoriginal,F7_n8,spectral_centroid_hz,individual_TENT_column_vs_raw_feature,4.5,0.014130202570401016,0.054960132294228636,14
milkywayoriginal,F7_n8,spectral_centroid_hz,individual_TENT_column_vs_raw_feature,6.0,0.04911348606181947,0.06653775816016431,14
milkywayoriginal,F7_n8,spectral_centroid_hz,individual_TENT_column_vs_raw_feature,7.5,0.021941400026590563,-0.012872013253213197,14
milkywayoriginal,F7_n8,spectral_flatness,collapsed_factor_vs_matching_FIR_feature,,-0.026165462405407285,-0.04576183752202816,14
milkywayoriginal,F7_n8,spectral_flatness,collapsed_factor_vs_raw_feature,,0.0036403489215561424,0.05052714082976762,14
milkywayoriginal,F7_n8,spectral_flatness,individual_TENT_column_vs_raw_feature,1.5,-0.021001368317676464,0.005873596742814148,14
milkywayoriginal,F7_n8,spectral_flatness,individual_TENT_column_vs_raw_feature,3.0,-0.03882715786291334,-0.031054652974260858,14
milkywayoriginal,F7_n8,spectral_flatness,individual_TENT_column_vs_raw_feature,4.5,-0.009712362982493358,-0.029437261346378134,14
milkywayoriginal,F7_n8,spectral_flatness,individual_TENT_column_vs_raw_feature,6.0,0.046711534332365016,0.09897363698732643,14
milkywayoriginal,F7_n8,spectral_flatness,individual_TENT_column_vs_raw_feature,7.5,0.0369521866026545,0.07583265589613637,14
milkywayoriginal,F7_n8,spectral_flux,collapsed_factor_vs_matching_FIR_feature,,0.06088363542733014,0.11950380271403309,14
milkywayoriginal,F7_n8,spectral_flux,collapsed_factor_vs_raw_feature,,0.02797399810196678,0.06898747400102967,14
milkywayoriginal,F7_n8,spectral_flux,individual_TENT_column_vs_raw_feature,1.5,0.043207863769446776,0.033672913326469614,14
milkywayoriginal,F7_n8,spectral_flux,individual_TENT_column_vs_raw_feature,3.0,0.0370574120853928,0.05413240564599266,14
milkywayoriginal,F7_n8,spectral_flux,individual_TENT_column_vs_raw_feature,4.5,0.04410079035200979,0.07661951459311064,14
milkywayoriginal,F7_n8,spectral_flux,individual_TENT_column_vs_raw_feature,6.0,-0.0018518171580624782,0.06403715239128298,14
milkywayoriginal,F7_n8,spectral_flux,individual_TENT_column_vs_raw_feature,7.5,-0.05355463122861452,-0.06393616678233621,14
milkywayoriginal,F7_n8,spectral_rolloff_85_hz,collapsed_factor_vs_matching_FIR_feature,,0.00566640041855322,0.1777272930621475,14
milkywayoriginal,F7_n8,spectral_rolloff_85_hz,collapsed_factor_vs_raw_feature,,0.023543740352150087,0.09100204546861253,14
milkywayoriginal,F7_n8,spectral_rolloff_85_hz,individual_TENT_column_vs_raw_feature,1.5,-0.012522658123740024,0.03615464825592788,14
milkywayoriginal,F7_n8,spectral_rolloff_85_hz,individual_TENT_column_vs_raw_feature,3.0,-0.01753356969340891,0.06675629940195921,14
milkywayoriginal,F7_n8,spectral_rolloff_85_hz,individual_TENT_column_vs_raw_feature,4.5,0.016046865185196414,0.05435827839792091,14
milkywayoriginal,F7_n8,spectral_rolloff_85_hz,individual_TENT_column_vs_raw_feature,6.0,0.052858200509752706,0.07656750147998108,14
milkywayoriginal,F7_n8,spectral_rolloff_85_hz,individual_TENT_column_vs_raw_feature,7.5,0.025951376082939626,-0.0010019026229834628,14
milkywayoriginal,F7_n8,word_count_per_tr,collapsed_factor_vs_matching_FIR_feature,,0.0837340839836247,0.13927825487863002,14
milkywayoriginal,F7_n8,word_count_per_tr,collapsed_factor_vs_raw_feature,,0.007131977476105886,0.018381356570683204,14
milkywayoriginal,F7_n8,word_count_per_tr,individual_TENT_column_vs_raw_feature,1.5,-0.029176055799980168,-0.02237389113510913,14
milkywayoriginal,F7_n8,word_count_per_tr,individual_TENT_column_vs_raw_feature,3.0,0.01356043112542595,0.014442359312996264,14
milkywayoriginal,F7_n8,word_count_per_tr,individual_TENT_column_vs_raw_feature,4.5,0.07373189370348798,0.10119758057338034,14
milkywayoriginal,F7_n8,word_count_per_tr,individual_TENT_column_vs_raw_feature,6.0,-0.013067132895556537,-0.00771791020267081,14
milkywayoriginal,F7_n8,word_count_per_tr,individual_TENT_column_vs_raw_feature,7.5,-0.04779735839731246,-0.04435840413704463,14
milkywayoriginal,F7_n8,zero_crossing_rate,collapsed_factor_vs_matching_FIR_feature,,0.009171322244360009,0.14657075549358287,14
milkywayoriginal,F7_n8,zero_crossing_rate,collapsed_factor_vs_raw_feature,,0.02226548386514904,0.08823888604716526,14
milkywayoriginal,F7_n8,zero_crossing_rate,individual_TENT_column_vs_raw_feature,1.5,-0.013953885701295266,0.02660292760233373,14
milkywayoriginal,F7_n8,zero_crossing_rate,individual_TENT_column_vs_raw_feature,3.0,-0.011947245879328538,0.07068580026943001,14
milkywayoriginal,F7_n8,zero_crossing_rate,individual_TENT_column_vs_raw_feature,4.5,0.010283811244931782,0.04151290367802794,14
milkywayoriginal,F7_n8,zero_crossing_rate,individual_TENT_column_vs_raw_feature,6.0,0.05302649251576273,0.0791558982234434,14
milkywayoriginal,F7_n8,zero_crossing_rate,individual_TENT_column_vs_raw_feature,7.5,0.022826801036716155,-0.0035142937206061597,14
milkywayoriginal,F8_n8,peak_amplitude,collapsed_factor_vs_matching_FIR_feature,,0.07022687866406205,0.05239209803840402,14
milkywayoriginal,F8_n8,peak_amplitude,collapsed_factor_vs_raw_feature,,0.11625642288969872,0.12563448723639564,14
milkywayoriginal,F8_n8,peak_amplitude,individual_TENT_column_vs_raw_feature,1.5,0.09794424575872161,0.06195669902544052,14
milkywayoriginal,F8_n8,peak_amplitude,individual_TENT_column_vs_raw_feature,3.0,0.12421257122979261,0.11820971036365772,14
milkywayoriginal,F8_n8,peak_amplitude,individual_TENT_column_vs_raw_feature,4.5,0.059865801739548315,0.016729941473882,14
milkywayoriginal,F8_n8,peak_amplitude,individual_TENT_column_vs_raw_feature,6.0,-0.00418789084975902,7.566478018750168e-05,14
milkywayoriginal,F8_n8,peak_amplitude,individual_TENT_column_vs_raw_feature,7.5,0.05024227865247228,0.04709218913022315,14
milkywayoriginal,F8_n8,rms,collapsed_factor_vs_matching_FIR_feature,,0.07303058743265729,0.06102326715090139,14
milkywayoriginal,F8_n8,rms,collapsed_factor_vs_raw_feature,,0.11145661588657309,0.12013088329070244,14
milkywayoriginal,F8_n8,rms,individual_TENT_column_vs_raw_feature,1.5,0.08679086885282052,0.04834834713516741,14
milkywayoriginal,F8_n8,rms,individual_TENT_column_vs_raw_feature,3.0,0.1274462759154705,0.12359724369296599,14
milkywayoriginal,F8_n8,rms,individual_TENT_column_vs_raw_feature,4.5,0.05316489831006426,0.015972602152192556,14
milkywayoriginal,F8_n8,rms,individual_TENT_column_vs_raw_feature,6.0,-0.0036080779417204246,0.0034778276455521904,14
milkywayoriginal,F8_n8,rms,individual_TENT_column_vs_raw_feature,7.5,0.04940312995731531,0.03784182159776198,14
milkywayoriginal,F8_n8,rms_dbfs,collapsed_factor_vs_matching_FIR_feature,,0.022155110270540262,0.017244251675196904,14
milkywayoriginal,F8_n8,rms_dbfs,collapsed_factor_vs_raw_feature,,0.0569233988160884,0.11049074926678135,14
milkywayoriginal,F8_n8,rms_dbfs,individual_TENT_column_vs_raw_feature,1.5,0.03699538385140528,0.04997877099277539,14
milkywayoriginal,F8_n8,rms_dbfs,individual_TENT_column_vs_raw_feature,3.0,0.07371709361379263,0.13131413235585526,14
milkywayoriginal,F8_n8,rms_dbfs,individual_TENT_column_vs_raw_feature,4.5,0.04223172154213762,0.040911249415914175,14
milkywayoriginal,F8_n8,rms_dbfs,individual_TENT_column_vs_raw_feature,6.0,-0.014784523271026416,0.019333034771734543,14
milkywayoriginal,F8_n8,rms_dbfs,individual_TENT_column_vs_raw_feature,7.5,0.017488279986439665,0.04353207056276321,14
milkywayoriginal,F8_n8,spectral_bandwidth_hz,collapsed_factor_vs_matching_FIR_feature,,-0.01578150111651817,0.014001862256176808,14
milkywayoriginal,F8_n8,spectral_bandwidth_hz,collapsed_factor_vs_raw_feature,,-0.016921478031418524,-0.01736960672605451,14
milkywayoriginal,F8_n8,spectral_bandwidth_hz,individual_TENT_column_vs_raw_feature,1.5,-0.017220270736150657,0.0006284383063017264,14
milkywayoriginal,F8_n8,spectral_bandwidth_hz,individual_TENT_column_vs_raw_feature,3.0,-0.03481556404597234,-0.055261874197020486,14
milkywayoriginal,F8_n8,spectral_bandwidth_hz,individual_TENT_column_vs_raw_feature,4.5,-0.025708477339751106,-0.05848473452045677,14
milkywayoriginal,F8_n8,spectral_bandwidth_hz,individual_TENT_column_vs_raw_feature,6.0,0.032430523380197716,-0.0012624551039300078,14
milkywayoriginal,F8_n8,spectral_bandwidth_hz,individual_TENT_column_vs_raw_feature,7.5,-0.0011624623447870333,-0.022577738004593395,14
milkywayoriginal,F8_n8,spectral_centroid_hz,collapsed_factor_vs_matching_FIR_feature,,-0.010686754609291211,0.07182993367281174,14
milkywayoriginal,F8_n8,spectral_centroid_hz,collapsed_factor_vs_raw_feature,,-0.00826587403440726,0.06002660985949474,14
milkywayoriginal,F8_n8,spectral_centroid_hz,individual_TENT_column_vs_raw_feature,1.5,-0.017758211584829937,-0.002043523163848271,14
milkywayoriginal,F8_n8,spectral_centroid_hz,individual_TENT_column_vs_raw_feature,3.0,-0.012609013857404313,0.06814001683547541,14
milkywayoriginal,F8_n8,spectral_centroid_hz,individual_TENT_column_vs_raw_feature,4.5,-0.016900959923113686,-0.0004099654423949971,14
milkywayoriginal,F8_n8,spectral_centroid_hz,individual_TENT_column_vs_raw_feature,6.0,0.01625751853360581,0.0071473393570116615,14
milkywayoriginal,F8_n8,spectral_centroid_hz,individual_TENT_column_vs_raw_feature,7.5,0.009202632330151334,0.036457206690208,14
milkywayoriginal,F8_n8,spectral_flatness,collapsed_factor_vs_matching_FIR_feature,,-0.017144987304958205,0.07390897585309911,14
milkywayoriginal,F8_n8,spectral_flatness,collapsed_factor_vs_raw_feature,,-0.023259596435891254,-0.05159839410802649,14
milkywayoriginal,F8_n8,spectral_flatness,individual_TENT_column_vs_raw_feature,1.5,-0.015610100181190679,-0.025784243148064507,14
milkywayoriginal,F8_n8,spectral_flatness,individual_TENT_column_vs_raw_feature,3.0,-0.03410343776676212,-0.08948711002219746,14
milkywayoriginal,F8_n8,spectral_flatness,individual_TENT_column_vs_raw_feature,4.5,-0.027071210938472454,-0.07940168499468832,14
milkywayoriginal,F8_n8,spectral_flatness,individual_TENT_column_vs_raw_feature,6.0,0.014813335957800022,-0.027069642130398967,14
milkywayoriginal,F8_n8,spectral_flatness,individual_TENT_column_vs_raw_feature,7.5,0.0008527280517618476,-0.0265844211160915,14
milkywayoriginal,F8_n8,spectral_flux,collapsed_factor_vs_matching_FIR_feature,,0.03533816672112822,0.0292813904340575,14
milkywayoriginal,F8_n8,spectral_flux,collapsed_factor_vs_raw_feature,,0.028743780670088308,0.00814596937875333,14
milkywayoriginal,F8_n8,spectral_flux,individual_TENT_column_vs_raw_feature,1.5,0.04143733454262095,0.02944801303095716,14
milkywayoriginal,F8_n8,spectral_flux,individual_TENT_column_vs_raw_feature,3.0,0.03846769231686191,0.01199905566633948,14
milkywayoriginal,F8_n8,spectral_flux,individual_TENT_column_vs_raw_feature,4.5,0.041630913308308336,0.018431477657921833,14
milkywayoriginal,F8_n8,spectral_flux,individual_TENT_column_vs_raw_feature,6.0,-0.03780943707051414,-0.09985685112832506,14
milkywayoriginal,F8_n8,spectral_flux,individual_TENT_column_vs_raw_feature,7.5,-0.0036236499913821245,-0.07856347560518585,14
milkywayoriginal,F8_n8,spectral_rolloff_85_hz,collapsed_factor_vs_matching_FIR_feature,,-0.011243533283570094,0.07596167204432502,14
milkywayoriginal,F8_n8,spectral_rolloff_85_hz,collapsed_factor_vs_raw_feature,,-0.0032179410817564807,0.06834672356702828,14
milkywayoriginal,F8_n8,spectral_rolloff_85_hz,individual_TENT_column_vs_raw_feature,1.5,-0.013537524582379029,0.011683476071994426,14
milkywayoriginal,F8_n8,spectral_rolloff_85_hz,individual_TENT_column_vs_raw_feature,3.0,-0.009954656945274207,0.078594859478903,14
milkywayoriginal,F8_n8,spectral_rolloff_85_hz,individual_TENT_column_vs_raw_feature,4.5,-0.014063663953408667,0.00438030391443164,14
milkywayoriginal,F8_n8,spectral_rolloff_85_hz,individual_TENT_column_vs_raw_feature,6.0,0.017743200055783122,0.003524374553430105,14
milkywayoriginal,F8_n8,spectral_rolloff_85_hz,individual_TENT_column_vs_raw_feature,7.5,0.012655607765408278,0.041055794458763915,14
milkywayoriginal,F8_n8,word_count_per_tr,collapsed_factor_vs_matching_FIR_feature,,-0.01706254549979255,-0.07639495742144413,14
milkywayoriginal,F8_n8,word_count_per_tr,collapsed_factor_vs_raw_feature,,0.08371217813208008,0.05963691878215396,14
milkywayoriginal,F8_n8,word_count_per_tr,individual_TENT_column_vs_raw_feature,1.5,0.0639754445178444,-0.009170991484835175,14
milkywayoriginal,F8_n8,word_count_per_tr,individual_TENT_column_vs_raw_feature,3.0,0.14451917397328798,0.0872019999508846,14
milkywayoriginal,F8_n8,word_count_per_tr,individual_TENT_column_vs_raw_feature,4.5,0.04293921298531248,-0.015375645844322572,14
milkywayoriginal,F8_n8,word_count_per_tr,individual_TENT_column_vs_raw_feature,6.0,-0.037208869637400444,-0.07250709334897827,14
milkywayoriginal,F8_n8,word_count_per_tr,individual_TENT_column_vs_raw_feature,7.5,0.012812513173992986,-0.024455936849263525,14
milkywayoriginal,F8_n8,zero_crossing_rate,collapsed_factor_vs_matching_FIR_feature,,-0.008137135382117253,0.07743338190285572,14
milkywayoriginal,F8_n8,zero_crossing_rate,collapsed_factor_vs_raw_feature,,-0.012496935785914334,0.03200701724642282,14
milkywayoriginal,F8_n8,zero_crossing_rate,individual_TENT_column_vs_raw_feature,1.5,-0.023798622979978847,-0.012809665088693658,14
milkywayoriginal,F8_n8,zero_crossing_rate,individual_TENT_column_vs_raw_feature,3.0,-0.016636488404212973,0.03753683457809708,14
milkywayoriginal,F8_n8,zero_crossing_rate,individual_TENT_column_vs_raw_feature,4.5,-0.019808889790883612,-0.016219316993882092,14
milkywayoriginal,F8_n8,zero_crossing_rate,individual_TENT_column_vs_raw_feature,6.0,0.020366136908630393,0.0010074878971856416,14
milkywayoriginal,F8_n8,zero_crossing_rate,individual_TENT_column_vs_raw_feature,7.5,0.004633732948691234,0.006619496626224718,14
milkywayvodka,F1_n8,peak_amplitude,collapsed_factor_vs_matching_FIR_feature,,0.03956417538554526,0.05349542237119757,17
milkywayvodka,F1_n8,peak_amplitude,collapsed_factor_vs_raw_feature,,0.032733209182923495,0.0199643558079005,17
milkywayvodka,F1_n8,peak_amplitude,individual_TENT_column_vs_raw_feature,1.5,0.0016878191257587336,-0.007526921765179839,17
milkywayvodka,F1_n8,peak_amplitude,individual_TENT_column_vs_raw_feature,3.0,-0.006518696241999252,-0.014876521064489511,17
milkywayvodka,F1_n8,peak_amplitude,individual_TENT_column_vs_raw_feature,4.5,0.04509881064389982,-0.007423361548096473,17
milkywayvodka,F1_n8,peak_amplitude,individual_TENT_column_vs_raw_feature,6.0,0.0013093434474490929,0.0033112419231705573,17
milkywayvodka,F1_n8,peak_amplitude,individual_TENT_column_vs_raw_feature,7.5,0.05801182220657426,0.05397940669663493,17
milkywayvodka,F1_n8,rms,collapsed_factor_vs_matching_FIR_feature,,0.03131306764071398,0.03379228582448816,17
milkywayvodka,F1_n8,rms,collapsed_factor_vs_raw_feature,,0.033651308960560546,0.019062399858307325,17
milkywayvodka,F1_n8,rms,individual_TENT_column_vs_raw_feature,1.5,-0.010345484314413832,-0.012066155669431717,17
milkywayvodka,F1_n8,rms,individual_TENT_column_vs_raw_feature,3.0,-0.011169277899009898,-0.002425554063820072,17
milkywayvodka,F1_n8,rms,individual_TENT_column_vs_raw_feature,4.5,0.04728234771406499,-0.0011451585808774408,17
milkywayvodka,F1_n8,rms,individual_TENT_column_vs_raw_feature,6.0,0.012480218465190974,0.0033204097683327887,17
milkywayvodka,F1_n8,rms,individual_TENT_column_vs_raw_feature,7.5,0.06173029745085496,0.04651510664606871,17
milkywayvodka,F1_n8,rms_dbfs,collapsed_factor_vs_matching_FIR_feature,,0.043278678115876074,0.04390135753347959,17
milkywayvodka,F1_n8,rms_dbfs,collapsed_factor_vs_raw_feature,,0.05903844279797575,0.0036632467669106463,17
milkywayvodka,F1_n8,rms_dbfs,individual_TENT_column_vs_raw_feature,1.5,0.03306132738120404,-0.017543075946550846,17
milkywayvodka,F1_n8,rms_dbfs,individual_TENT_column_vs_raw_feature,3.0,0.03212501777476633,-0.02567254831373802,17
milkywayvodka,F1_n8,rms_dbfs,individual_TENT_column_vs_raw_feature,4.5,0.05290195980201473,-0.010025409529707268,17
milkywayvodka,F1_n8,rms_dbfs,individual_TENT_column_vs_raw_feature,6.0,0.01935949566131051,0.0004790595344343178,17
milkywayvodka,F1_n8,rms_dbfs,individual_TENT_column_vs_raw_feature,7.5,0.028186017676994527,0.05817905401122023,17
milkywayvodka,F1_n8,spectral_bandwidth_hz,collapsed_factor_vs_matching_FIR_feature,,-0.05807734838340764,-0.0370083296229476,17
milkywayvodka,F1_n8,spectral_bandwidth_hz,collapsed_factor_vs_raw_feature,,-0.10301897285763849,-0.12966244062886093,17
milkywayvodka,F1_n8,spectral_bandwidth_hz,individual_TENT_column_vs_raw_feature,1.5,-0.04723735650694274,-0.027472494865274064,17
milkywayvodka,F1_n8,spectral_bandwidth_hz,individual_TENT_column_vs_raw_feature,3.0,-0.07662996781229711,-0.10536880077619583,17
milkywayvodka,F1_n8,spectral_bandwidth_hz,individual_TENT_column_vs_raw_feature,4.5,-0.08831173924914842,-0.0943403460203237,17
milkywayvodka,F1_n8,spectral_bandwidth_hz,individual_TENT_column_vs_raw_feature,6.0,-0.044220612581468664,-0.0378516628126055,17
milkywayvodka,F1_n8,spectral_bandwidth_hz,individual_TENT_column_vs_raw_feature,7.5,-0.0225828177377573,-0.025713949308442688,17
milkywayvodka,F1_n8,spectral_centroid_hz,collapsed_factor_vs_matching_FIR_feature,,-0.06773676067268507,-0.12438103228004013,17
milkywayvodka,F1_n8,spectral_centroid_hz,collapsed_factor_vs_raw_feature,,-0.117291002877942,-0.14211312681030513,17
milkywayvodka,F1_n8,spectral_centroid_hz,individual_TENT_column_vs_raw_feature,1.5,-0.045599116904814586,-0.02255786155946608,17
milkywayvodka,F1_n8,spectral_centroid_hz,individual_TENT_column_vs_raw_feature,3.0,-0.08776056913275601,-0.1337153723094127,17
milkywayvodka,F1_n8,spectral_centroid_hz,individual_TENT_column_vs_raw_feature,4.5,-0.10137958928003105,-0.15088954201133886,17
milkywayvodka,F1_n8,spectral_centroid_hz,individual_TENT_column_vs_raw_feature,6.0,-0.06433051257782274,-0.09883387861029994,17
milkywayvodka,F1_n8,spectral_centroid_hz,individual_TENT_column_vs_raw_feature,7.5,-0.012966307321604337,0.011982103401317341,17
milkywayvodka,F1_n8,spectral_flatness,collapsed_factor_vs_matching_FIR_feature,,-0.06085795478401203,-0.1758670572900546,17
milkywayvodka,F1_n8,spectral_flatness,collapsed_factor_vs_raw_feature,,-0.0925476992526366,-0.15083115010411485,17
milkywayvodka,F1_n8,spectral_flatness,individual_TENT_column_vs_raw_feature,1.5,-0.04419383520140402,-0.03606986496960778,17
milkywayvodka,F1_n8,spectral_flatness,individual_TENT_column_vs_raw_feature,3.0,-0.0703279481561394,-0.1304591427657888,17
milkywayvodka,F1_n8,spectral_flatness,individual_TENT_column_vs_raw_feature,4.5,-0.07176705147010197,-0.1209265456758106,17
milkywayvodka,F1_n8,spectral_flatness,individual_TENT_column_vs_raw_feature,6.0,-0.0423989628193977,-0.03511391779859426,17
milkywayvodka,F1_n8,spectral_flatness,individual_TENT_column_vs_raw_feature,7.5,-0.02318455520508496,-0.02873469625545717,17
milkywayvodka,F1_n8,spectral_flux,collapsed_factor_vs_matching_FIR_feature,,0.05901003912708742,0.1453583984611014,17
milkywayvodka,F1_n8,spectral_flux,collapsed_factor_vs_raw_feature,,0.07860613706442283,0.11903329760212007,17
milkywayvodka,F1_n8,spectral_flux,individual_TENT_column_vs_raw_feature,1.5,0.043761823515646864,0.033807070465149976,17
milkywayvodka,F1_n8,spectral_flux,individual_TENT_column_vs_raw_feature,3.0,0.05365004868392224,0.04461213262533554,17
milkywayvodka,F1_n8,spectral_flux,individual_TENT_column_vs_raw_feature,4.5,0.03357405164927697,0.011079340505462769,17
milkywayvodka,F1_n8,spectral_flux,individual_TENT_column_vs_raw_feature,6.0,0.05334018048454579,0.08973037216551843,17
milkywayvodka,F1_n8,spectral_flux,individual_TENT_column_vs_raw_feature,7.5,0.03560210063997057,0.10965739482147588,17
milkywayvodka,F1_n8,spectral_rolloff_85_hz,collapsed_factor_vs_matching_FIR_feature,,-0.06521050222823842,-0.0998057313922551,17
milkywayvodka,F1_n8,spectral_rolloff_85_hz,collapsed_factor_vs_raw_feature,,-0.11521712008615632,-0.14045316074720388,17
milkywayvodka,F1_n8,spectral_rolloff_85_hz,individual_TENT_column_vs_raw_feature,1.5,-0.04332531599541567,-0.021411208405148836,17
milkywayvodka,F1_n8,spectral_rolloff_85_hz,individual_TENT_column_vs_raw_feature,3.0,-0.08714618968905041,-0.12806527904526124,17
milkywayvodka,F1_n8,spectral_rolloff_85_hz,individual_TENT_column_vs_raw_feature,4.5,-0.09837823748055494,-0.14111289549003675,17
milkywayvodka,F1_n8,spectral_rolloff_85_hz,individual_TENT_column_vs_raw_feature,6.0,-0.06314606044631271,-0.09899299922591484,17
milkywayvodka,F1_n8,spectral_rolloff_85_hz,individual_TENT_column_vs_raw_feature,7.5,-0.01471351498722484,0.0011455936411515532,17
milkywayvodka,F1_n8,word_count_per_tr,collapsed_factor_vs_matching_FIR_feature,,0.1435595990174716,0.24527439188231975,17
milkywayvodka,F1_n8,word_count_per_tr,collapsed_factor_vs_raw_feature,,0.03355609105151523,0.04600297840977776,17
milkywayvodka,F1_n8,word_count_per_tr,individual_TENT_column_vs_raw_feature,1.5,0.006066067664650085,0.010304315871613451,17
milkywayvodka,F1_n8,word_count_per_tr,individual_TENT_column_vs_raw_feature,3.0,0.048210469823115075,0.02906856365757766,17
milkywayvodka,F1_n8,word_count_per_tr,individual_TENT_column_vs_raw_feature,4.5,0.054450706435832406,0.02671103831706315,17
milkywayvodka,F1_n8,word_count_per_tr,individual_TENT_column_vs_raw_feature,6.0,0.013163565490699724,0.029732393772165782,17
milkywayvodka,F1_n8,word_count_per_tr,individual_TENT_column_vs_raw_feature,7.5,-0.04915914838648185,-0.014073764539435572,17
milkywayvodka,F1_n8,zero_crossing_rate,collapsed_factor_vs_matching_FIR_feature,,-0.07331684206169893,-0.1239920421783535,17
milkywayvodka,F1_n8,zero_crossing_rate,collapsed_factor_vs_raw_feature,,-0.1261285888131702,-0.15818640745346327,17
milkywayvodka,F1_n8,zero_crossing_rate,individual_TENT_column_vs_raw_feature,1.5,-0.04960718505063587,-0.02783103005222874,17
milkywayvodka,F1_n8,zero_crossing_rate,individual_TENT_column_vs_raw_feature,3.0,-0.09416406433744957,-0.1465293008453386,17
milkywayvodka,F1_n8,zero_crossing_rate,individual_TENT_column_vs_raw_feature,4.5,-0.1140288990893995,-0.1576815406884852,17
milkywayvodka,F1_n8,zero_crossing_rate,individual_TENT_column_vs_raw_feature,6.0,-0.06551657976636252,-0.08668715292718897,17
milkywayvodka,F1_n8,zero_crossing_rate,individual_TENT_column_vs_raw_feature,7.5,-0.011760670649207765,0.007589010937281273,17
milkywayvodka,F2_n8,peak_amplitude,collapsed_factor_vs_matching_FIR_feature,,-0.0028550464593610414,-0.016405763816176085,17
milkywayvodka,F2_n8,peak_amplitude,collapsed_factor_vs_raw_feature,,-0.0030999969316719807,-0.00537436682843957,17
milkywayvodka,F2_n8,peak_amplitude,individual_TENT_column_vs_raw_feature,1.5,-0.0046209501963419665,-0.008677864015303828,17
milkywayvodka,F2_n8,peak_amplitude,individual_TENT_column_vs_raw_feature,3.0,0.005477624077134514,0.019640986979969452,17
milkywayvodka,F2_n8,peak_amplitude,individual_TENT_column_vs_raw_feature,4.5,0.0006278119075242033,0.029417929593213047,17
milkywayvodka,F2_n8,peak_amplitude,individual_TENT_column_vs_raw_feature,6.0,0.008313390111892652,0.026040902924649303,17
milkywayvodka,F2_n8,peak_amplitude,individual_TENT_column_vs_raw_feature,7.5,-0.028636308155867426,-0.04110970285344249,17
milkywayvodka,F2_n8,rms,collapsed_factor_vs_matching_FIR_feature,,0.012850576776261701,0.010157869068235766,17
milkywayvodka,F2_n8,rms,collapsed_factor_vs_raw_feature,,-0.004849212553314139,-0.009958578718626572,17
milkywayvodka,F2_n8,rms,individual_TENT_column_vs_raw_feature,1.5,0.022730572552183838,0.014607665023922405,17
milkywayvodka,F2_n8,rms,individual_TENT_column_vs_raw_feature,3.0,0.008573913170378164,0.019700119974398026,17
milkywayvodka,F2_n8,rms,individual_TENT_column_vs_raw_feature,4.5,0.004516347948065924,0.02805271779008537,17
milkywayvodka,F2_n8,rms,individual_TENT_column_vs_raw_feature,6.0,-0.008466354050896753,0.012807163840661757,17
milkywayvodka,F2_n8,rms,individual_TENT_column_vs_raw_feature,7.5,-0.048968283262717266,-0.0568344687558314,17
milkywayvodka,F2_n8,rms_dbfs,collapsed_factor_vs_matching_FIR_feature,,0.015475924112378407,0.022549190978128547,17
milkywayvodka,F2_n8,rms_dbfs,collapsed_factor_vs_raw_feature,,-0.014615788295898121,0.004119606214045481,17
milkywayvodka,F2_n8,rms_dbfs,individual_TENT_column_vs_raw_feature,1.5,-0.00952221451425523,0.003415355581398752,17
milkywayvodka,F2_n8,rms_dbfs,individual_TENT_column_vs_raw_feature,3.0,-0.0014736272421501514,0.008386521648747761,17
milkywayvodka,F2_n8,rms_dbfs,individual_TENT_column_vs_raw_feature,4.5,-0.019964624918810656,0.013735484948058404,17
milkywayvodka,F2_n8,rms_dbfs,individual_TENT_column_vs_raw_feature,6.0,7.59713583004379e-05,0.030900027616278237,17
milkywayvodka,F2_n8,rms_dbfs,individual_TENT_column_vs_raw_feature,7.5,-0.01678162159446471,-0.0268067863693963,17
milkywayvodka,F2_n8,spectral_bandwidth_hz,collapsed_factor_vs_matching_FIR_feature,,-0.018988421350918022,-0.0895605654776715,17
milkywayvodka,F2_n8,spectral_bandwidth_hz,collapsed_factor_vs_raw_feature,,0.029551424686532074,0.00486829229498757,17
milkywayvodka,F2_n8,spectral_bandwidth_hz,individual_TENT_column_vs_raw_feature,1.5,-0.008789616617608872,-0.04024110447624093,17
milkywayvodka,F2_n8,spectral_bandwidth_hz,individual_TENT_column_vs_raw_feature,3.0,-0.004472535061081365,-0.01253944061759033,17
milkywayvodka,F2_n8,spectral_bandwidth_hz,individual_TENT_column_vs_raw_feature,4.5,0.047162980788285416,0.03161013595966461,17
milkywayvodka,F2_n8,spectral_bandwidth_hz,individual_TENT_column_vs_raw_feature,6.0,0.01922631966755653,-0.007123546512511832,17
milkywayvodka,F2_n8,spectral_bandwidth_hz,individual_TENT_column_vs_raw_feature,7.5,0.03499828883735191,0.01250688732133487,17
milkywayvodka,F2_n8,spectral_centroid_hz,collapsed_factor_vs_matching_FIR_feature,,0.009125477547516699,0.01809580193422961,17
milkywayvodka,F2_n8,spectral_centroid_hz,collapsed_factor_vs_raw_feature,,0.0462798261420834,0.05634275132083613,17
milkywayvodka,F2_n8,spectral_centroid_hz,individual_TENT_column_vs_raw_feature,1.5,-0.012249163882798774,-0.0464126145414503,17
milkywayvodka,F2_n8,spectral_centroid_hz,individual_TENT_column_vs_raw_feature,3.0,0.0033916034388451867,-0.01476145168304788,17
milkywayvodka,F2_n8,spectral_centroid_hz,individual_TENT_column_vs_raw_feature,4.5,0.06592315894901919,0.09229391371246264,17
milkywayvodka,F2_n8,spectral_centroid_hz,individual_TENT_column_vs_raw_feature,6.0,0.035611797936581695,0.07132073313794586,17
milkywayvodka,F2_n8,spectral_centroid_hz,individual_TENT_column_vs_raw_feature,7.5,0.04162896569863526,0.030235698587535526,17
milkywayvodka,F2_n8,spectral_flatness,collapsed_factor_vs_matching_FIR_feature,,0.0006920153066796901,0.016367504853763867,17
milkywayvodka,F2_n8,spectral_flatness,collapsed_factor_vs_raw_feature,,0.03128967102079883,0.003126474585868017,17
milkywayvodka,F2_n8,spectral_flatness,individual_TENT_column_vs_raw_feature,1.5,-0.0051161634942081,-0.036886349136094135,17
milkywayvodka,F2_n8,spectral_flatness,individual_TENT_column_vs_raw_feature,3.0,0.004225720830387074,0.0027308685613638573,17
milkywayvodka,F2_n8,spectral_flatness,individual_TENT_column_vs_raw_feature,4.5,0.04182055964401246,0.06507324669271057,17
milkywayvodka,F2_n8,spectral_flatness,individual_TENT_column_vs_raw_feature,6.0,0.02050474778953712,-0.03793509710472708,17
milkywayvodka,F2_n8,spectral_flatness,individual_TENT_column_vs_raw_feature,7.5,0.03135347643328942,-0.03304588408516026,17
milkywayvodka,F2_n8,spectral_flux,collapsed_factor_vs_matching_FIR_feature,,-0.023960563047262205,-0.1149193846894734,17
milkywayvodka,F2_n8,spectral_flux,collapsed_factor_vs_raw_feature,,-0.04331283081085546,-0.06713982179474057,17
milkywayvodka,F2_n8,spectral_flux,individual_TENT_column_vs_raw_feature,1.5,-0.03247903815582469,-0.03118090581181112,17
milkywayvodka,F2_n8,spectral_flux,individual_TENT_column_vs_raw_feature,3.0,-0.021506232043751832,-0.014296145053908325,17
milkywayvodka,F2_n8,spectral_flux,individual_TENT_column_vs_raw_feature,4.5,-0.03190599489246673,-0.03152991067877848,17
milkywayvodka,F2_n8,spectral_flux,individual_TENT_column_vs_raw_feature,6.0,-0.02729859361200932,-0.007703919115950921,17
milkywayvodka,F2_n8,spectral_flux,individual_TENT_column_vs_raw_feature,7.5,-0.019950276939991837,-0.051429055547925984,17
milkywayvodka,F2_n8,spectral_rolloff_85_hz,collapsed_factor_vs_matching_FIR_feature,,0.004986614393165324,0.00117846781548019,17
milkywayvodka,F2_n8,spectral_rolloff_85_hz,collapsed_factor_vs_raw_feature,,0.04609036281267732,0.05791987545887099,17
milkywayvodka,F2_n8,spectral_rolloff_85_hz,individual_TENT_column_vs_raw_feature,1.5,-0.013554690478152958,-0.04777301932083953,17
milkywayvodka,F2_n8,spectral_rolloff_85_hz,individual_TENT_column_vs_raw_feature,3.0,0.002721301100716442,-0.01906795349521255,17
milkywayvodka,F2_n8,spectral_rolloff_85_hz,individual_TENT_column_vs_raw_feature,4.5,0.0630503329135509,0.08334768699615543,17
milkywayvodka,F2_n8,spectral_rolloff_85_hz,individual_TENT_column_vs_raw_feature,6.0,0.036974073733300805,0.07586587387362294,17
milkywayvodka,F2_n8,spectral_rolloff_85_hz,individual_TENT_column_vs_raw_feature,7.5,0.04539567489256499,0.035063125108442866,17
milkywayvodka,F2_n8,word_count_per_tr,collapsed_factor_vs_matching_FIR_feature,,-0.1509723935756209,-0.28426249852719954,17
milkywayvodka,F2_n8,word_count_per_tr,collapsed_factor_vs_raw_feature,,-0.027653660663470463,-0.059558034302562464,17
milkywayvodka,F2_n8,word_count_per_tr,individual_TENT_column_vs_raw_feature,1.5,-0.0003731087075832912,0.007130424035674097,17
milkywayvodka,F2_n8,word_count_per_tr,individual_TENT_column_vs_raw_feature,3.0,-0.04887288329979311,-0.022210687935332724,17
milkywayvodka,F2_n8,word_count_per_tr,individual_TENT_column_vs_raw_feature,4.5,-0.03093932950939006,-0.031632433393850516,17
milkywayvodka,F2_n8,word_count_per_tr,individual_TENT_column_vs_raw_feature,6.0,-0.030732550255793994,-0.03547986275728151,17
milkywayvodka,F2_n8,word_count_per_tr,individual_TENT_column_vs_raw_feature,7.5,0.05291476936991397,-0.010414358481433812,17
milkywayvodka,F2_n8,zero_crossing_rate,collapsed_factor_vs_matching_FIR_feature,,0.005580237028443062,0.0008462791816453775,17
milkywayvodka,F2_n8,zero_crossing_rate,collapsed_factor_vs_raw_feature,,0.046785307071797344,0.04744652928808163,17
milkywayvodka,F2_n8,zero_crossing_rate,individual_TENT_column_vs_raw_feature,1.5,-0.01098270461652835,-0.043107622961927904,17
milkywayvodka,F2_n8,zero_crossing_rate,individual_TENT_column_vs_raw_feature,3.0,0.001862405282716588,-0.012935763874460021,17
milkywayvodka,F2_n8,zero_crossing_rate,individual_TENT_column_vs_raw_feature,4.5,0.07178914795883841,0.08602999274240865,17
milkywayvodka,F2_n8,zero_crossing_rate,individual_TENT_column_vs_raw_feature,6.0,0.033323794903669775,0.0456461584783174,17
milkywayvodka,F2_n8,zero_crossing_rate,individual_TENT_column_vs_raw_feature,7.5,0.03934239668195892,0.022043024786270522,17
milkywayvodka,F3_n8,peak_amplitude,collapsed_factor_vs_matching_FIR_feature,,0.0437396604953125,0.015578728760438901,17
milkywayvodka,F3_n8,peak_amplitude,collapsed_factor_vs_raw_feature,,0.06923933581395482,0.060148738738784784,17
milkywayvodka,F3_n8,peak_amplitude,individual_TENT_column_vs_raw_feature,1.5,0.13580419021597898,0.1166462391800702,17
milkywayvodka,F3_n8,peak_amplitude,individual_TENT_column_vs_raw_feature,3.0,0.013490152547895335,-0.019520190600797994,17
milkywayvodka,F3_n8,peak_amplitude,individual_TENT_column_vs_raw_feature,4.5,0.013727803247669406,-0.024952589436402463,17
milkywayvodka,F3_n8,peak_amplitude,individual_TENT_column_vs_raw_feature,6.0,0.04964358547998563,0.03503094995972285,17
milkywayvodka,F3_n8,peak_amplitude,individual_TENT_column_vs_raw_feature,7.5,-0.00043794568961655263,-0.027341526158342164,17
milkywayvodka,F3_n8,rms,collapsed_factor_vs_matching_FIR_feature,,0.043389093061199056,0.0089656556527077,17
milkywayvodka,F3_n8,rms,collapsed_factor_vs_raw_feature,,0.041617751868111175,0.04116834151138688,17
milkywayvodka,F3_n8,rms,individual_TENT_column_vs_raw_feature,1.5,0.11814132997758102,0.10252149898184526,17
milkywayvodka,F3_n8,rms,individual_TENT_column_vs_raw_feature,3.0,0.014349423341771163,-0.009642161902159814,17
milkywayvodka,F3_n8,rms,individual_TENT_column_vs_raw_feature,4.5,0.00015536293253722169,-0.04043995958908029,17
milkywayvodka,F3_n8,rms,individual_TENT_column_vs_raw_feature,6.0,0.024795483800023766,0.025251250981541715,17
milkywayvodka,F3_n8,rms,individual_TENT_column_vs_raw_feature,7.5,-0.02801720922874293,-0.041657384592784764,17
milkywayvodka,F3_n8,rms_dbfs,collapsed_factor_vs_matching_FIR_feature,,0.04916967629611809,-0.004812610918523844,17
milkywayvodka,F3_n8,rms_dbfs,collapsed_factor_vs_raw_feature,,0.10693848907669033,0.04784122384908584,17
milkywayvodka,F3_n8,rms_dbfs,individual_TENT_column_vs_raw_feature,1.5,0.06935920457790787,0.09700433274297865,17
milkywayvodka,F3_n8,rms_dbfs,individual_TENT_column_vs_raw_feature,3.0,0.04462469283340895,-0.0024163854602902287,17
milkywayvodka,F3_n8,rms_dbfs,individual_TENT_column_vs_raw_feature,4.5,0.04856053369884725,-0.028271847414448627,17
milkywayvodka,F3_n8,rms_dbfs,individual_TENT_column_vs_raw_feature,6.0,0.08472214676490093,0.01349389224504703,17
milkywayvodka,F3_n8,rms_dbfs,individual_TENT_column_vs_raw_feature,7.5,0.05889525768608109,-0.042616480425444664,17
milkywayvodka,F3_n8,spectral_bandwidth_hz,collapsed_factor_vs_matching_FIR_feature,,-0.07837852037896556,-0.12152673040762192,17
milkywayvodka,F3_n8,spectral_bandwidth_hz,collapsed_factor_vs_raw_feature,,-0.14209514966958273,-0.08766225114932816,17
milkywayvodka,F3_n8,spectral_bandwidth_hz,individual_TENT_column_vs_raw_feature,1.5,-0.02968792018998498,-0.026959474502308976,17
milkywayvodka,F3_n8,spectral_bandwidth_hz,individual_TENT_column_vs_raw_feature,3.0,-0.05786551469757402,-0.015345950158075397,17
milkywayvodka,F3_n8,spectral_bandwidth_hz,individual_TENT_column_vs_raw_feature,4.5,-0.092738279319188,-0.054214411102140536,17
milkywayvodka,F3_n8,spectral_bandwidth_hz,individual_TENT_column_vs_raw_feature,6.0,-0.1245045457159516,-0.06881495379323967,17
milkywayvodka,F3_n8,spectral_bandwidth_hz,individual_TENT_column_vs_raw_feature,7.5,-0.0869205110422593,-0.004577281969041782,17
milkywayvodka,F3_n8,spectral_centroid_hz,collapsed_factor_vs_matching_FIR_feature,,-0.08422614561696756,-0.2015120168854066,17
milkywayvodka,F3_n8,spectral_centroid_hz,collapsed_factor_vs_raw_feature,,-0.15551548555329286,-0.09648726232557364,17
milkywayvodka,F3_n8,spectral_centroid_hz,individual_TENT_column_vs_raw_feature,1.5,-0.008304145847538335,0.043413133898108906,17
milkywayvodka,F3_n8,spectral_centroid_hz,individual_TENT_column_vs_raw_feature,3.0,-0.07301921958771804,-0.06379010062870899,17
milkywayvodka,F3_n8,spectral_centroid_hz,individual_TENT_column_vs_raw_feature,4.5,-0.1075584682527265,-0.1251372268468912,17
milkywayvodka,F3_n8,spectral_centroid_hz,individual_TENT_column_vs_raw_feature,6.0,-0.14231036989145593,-0.12503408005718045,17
milkywayvodka,F3_n8,spectral_centroid_hz,individual_TENT_column_vs_raw_feature,7.5,-0.08866084202390888,-0.023779097836138196,17
milkywayvodka,F3_n8,spectral_flatness,collapsed_factor_vs_matching_FIR_feature,,-0.06430748719735806,-0.046877538256216926,17
milkywayvodka,F3_n8,spectral_flatness,collapsed_factor_vs_raw_feature,,-0.1497647839034323,-0.09559882761875192,17
milkywayvodka,F3_n8,spectral_flatness,individual_TENT_column_vs_raw_feature,1.5,-0.0296789649208368,-0.01184549677571274,17
milkywayvodka,F3_n8,spectral_flatness,individual_TENT_column_vs_raw_feature,3.0,-0.06955085574141442,-0.04275182296913031,17
milkywayvodka,F3_n8,spectral_flatness,individual_TENT_column_vs_raw_feature,4.5,-0.0932131081955423,-0.08794341133755194,17
milkywayvodka,F3_n8,spectral_flatness,individual_TENT_column_vs_raw_feature,6.0,-0.13052432549852505,-0.06014420543506675,17
milkywayvodka,F3_n8,spectral_flatness,individual_TENT_column_vs_raw_feature,7.5,-0.08847045437406541,0.019126152577040978,17
milkywayvodka,F3_n8,spectral_flux,collapsed_factor_vs_matching_FIR_feature,,0.06707422153941575,0.13370064060895667,17
milkywayvodka,F3_n8,spectral_flux,collapsed_factor_vs_raw_feature,,0.11077963265343314,0.1142887172054522,17
milkywayvodka,F3_n8,spectral_flux,individual_TENT_column_vs_raw_feature,1.5,0.04936778696759815,0.06437781048908828,17
milkywayvodka,F3_n8,spectral_flux,individual_TENT_column_vs_raw_feature,3.0,0.0678039452960441,0.07350973723069597,17
milkywayvodka,F3_n8,spectral_flux,individual_TENT_column_vs_raw_feature,4.5,0.06825419039465382,0.07188368539467824,17
milkywayvodka,F3_n8,spectral_flux,individual_TENT_column_vs_raw_feature,6.0,0.08368153065247312,0.04252948433353161,17
milkywayvodka,F3_n8,spectral_flux,individual_TENT_column_vs_raw_feature,7.5,0.03309418267058367,-0.03198197030022172,17
milkywayvodka,F3_n8,spectral_rolloff_85_hz,collapsed_factor_vs_matching_FIR_feature,,-0.08280423626156487,-0.1948639144679869,17
milkywayvodka,F3_n8,spectral_rolloff_85_hz,collapsed_factor_vs_raw_feature,,-0.1512571587798144,-0.09060778131334644,17
milkywayvodka,F3_n8,spectral_rolloff_85_hz,individual_TENT_column_vs_raw_feature,1.5,-0.00497119607636072,0.053093584160701875,17
milkywayvodka,F3_n8,spectral_rolloff_85_hz,individual_TENT_column_vs_raw_feature,3.0,-0.06697159839447113,-0.04315847030469035,17
milkywayvodka,F3_n8,spectral_rolloff_85_hz,individual_TENT_column_vs_raw_feature,4.5,-0.10609935535630254,-0.1214968884677884,17
milkywayvodka,F3_n8,spectral_rolloff_85_hz,individual_TENT_column_vs_raw_feature,6.0,-0.14031703319159244,-0.12684631264761326,17
milkywayvodka,F3_n8,spectral_rolloff_85_hz,individual_TENT_column_vs_raw_feature,7.5,-0.09039068463847277,-0.03197735722349091,17
milkywayvodka,F3_n8,word_count_per_tr,collapsed_factor_vs_matching_FIR_feature,,0.07390881231870104,0.10789510130274135,17
milkywayvodka,F3_n8,word_count_per_tr,collapsed_factor_vs_raw_feature,,0.08351868460092876,0.07243846923802699,17
milkywayvodka,F3_n8,word_count_per_tr,individual_TENT_column_vs_raw_feature,1.5,0.12994596428903027,0.10602159540211509,17
milkywayvodka,F3_n8,word_count_per_tr,individual_TENT_column_vs_raw_feature,3.0,0.0402655965353094,0.05080644671759011,17
milkywayvodka,F3_n8,word_count_per_tr,individual_TENT_column_vs_raw_feature,4.5,0.03004609722091883,0.017934090081736197,17
milkywayvodka,F3_n8,word_count_per_tr,individual_TENT_column_vs_raw_feature,6.0,0.04583598040137964,0.0226772258829978,17
milkywayvodka,F3_n8,word_count_per_tr,individual_TENT_column_vs_raw_feature,7.5,0.000633642919415472,-0.026097694663553665,17
milkywayvodka,F3_n8,zero_crossing_rate,collapsed_factor_vs_matching_FIR_feature,,-0.08767585922783591,-0.1809610183073666,17
milkywayvodka,F3_n8,zero_crossing_rate,collapsed_factor_vs_raw_feature,,-0.15470870266150866,-0.10022023464573136,17
milkywayvodka,F3_n8,zero_crossing_rate,individual_TENT_column_vs_raw_feature,1.5,-0.009952657674387478,0.018521484001348586,17
milkywayvodka,F3_n8,zero_crossing_rate,individual_TENT_column_vs_raw_feature,3.0,-0.06838983460134887,-0.055045130706052554,17
milkywayvodka,F3_n8,zero_crossing_rate,individual_TENT_column_vs_raw_feature,4.5,-0.10836967492372016,-0.11016223500750832,17
milkywayvodka,F3_n8,zero_crossing_rate,individual_TENT_column_vs_raw_feature,6.0,-0.14233634002802836,-0.11764038325601117,17
milkywayvodka,F3_n8,zero_crossing_rate,individual_TENT_column_vs_raw_feature,7.5,-0.08950849909620925,-0.024964509391859683,17
milkywayvodka,F4_n8,peak_amplitude,collapsed_factor_vs_matching_FIR_feature,,0.03030514772374901,0.06837609688930096,17
milkywayvodka,F4_n8,peak_amplitude,collapsed_factor_vs_raw_feature,,0.026381082733216803,0.053595901260893274,17
milkywayvodka,F4_n8,peak_amplitude,individual_TENT_column_vs_raw_feature,1.5,0.1084186755165464,0.15897621128521316,17
milkywayvodka,F4_n8,peak_amplitude,individual_TENT_column_vs_raw_feature,3.0,-0.0038048972854851475,0.01130809975340553,17
milkywayvodka,F4_n8,peak_amplitude,individual_TENT_column_vs_raw_feature,4.5,-0.006024918380104473,0.04431920589290277,17
milkywayvodka,F4_n8,peak_amplitude,individual_TENT_column_vs_raw_feature,6.0,0.04558064100536334,0.061480085050035084,17
milkywayvodka,F4_n8,peak_amplitude,individual_TENT_column_vs_raw_feature,7.5,-0.07669872053640545,-0.04593873412290358,17
milkywayvodka,F4_n8,rms,collapsed_factor_vs_matching_FIR_feature,,0.04674806474640151,0.0845923986580824,17
milkywayvodka,F4_n8,rms,collapsed_factor_vs_raw_feature,,0.02178420310860696,0.05244353556268609,17
milkywayvodka,F4_n8,rms,individual_TENT_column_vs_raw_feature,1.5,0.12468056625203819,0.1513958248501835,17
milkywayvodka,F4_n8,rms,individual_TENT_column_vs_raw_feature,3.0,0.017189530623935342,0.01995775773358663,17
milkywayvodka,F4_n8,rms,individual_TENT_column_vs_raw_feature,4.5,-0.020355623378591318,0.03353554270093172,17
milkywayvodka,F4_n8,rms,individual_TENT_column_vs_raw_feature,6.0,0.021793511143379008,0.05404479193683843,17
milkywayvodka,F4_n8,rms,individual_TENT_column_vs_raw_feature,7.5,-0.08543064638167573,-0.0540504298997243,17
milkywayvodka,F4_n8,rms_dbfs,collapsed_factor_vs_matching_FIR_feature,,-0.0238967177709283,0.020514822198365052,17
milkywayvodka,F4_n8,rms_dbfs,collapsed_factor_vs_raw_feature,,-0.009586553684185418,0.07271327191015034,17
milkywayvodka,F4_n8,rms_dbfs,individual_TENT_column_vs_raw_feature,1.5,0.03763829571694138,0.17516291565112002,17
milkywayvodka,F4_n8,rms_dbfs,individual_TENT_column_vs_raw_feature,3.0,-0.008584514933277363,0.021108417476581976,17
milkywayvodka,F4_n8,rms_dbfs,individual_TENT_column_vs_raw_feature,4.5,-0.01555738895188683,0.048244274913683,17
milkywayvodka,F4_n8,rms_dbfs,individual_TENT_column_vs_raw_feature,6.0,0.012435043885204717,0.044652932911043344,17
milkywayvodka,F4_n8,rms_dbfs,individual_TENT_column_vs_raw_feature,7.5,-0.054958232103434895,-0.04974178731831054,17
milkywayvodka,F4_n8,spectral_bandwidth_hz,collapsed_factor_vs_matching_FIR_feature,,0.024434615617868395,-0.09352712640704369,17
milkywayvodka,F4_n8,spectral_bandwidth_hz,collapsed_factor_vs_raw_feature,,0.0469455731992035,0.006919160653798332,17
milkywayvodka,F4_n8,spectral_bandwidth_hz,individual_TENT_column_vs_raw_feature,1.5,-0.02439156357535637,-0.1097523567758103,17
milkywayvodka,F4_n8,spectral_bandwidth_hz,individual_TENT_column_vs_raw_feature,3.0,0.031282370240902455,0.06370620790641092,17
milkywayvodka,F4_n8,spectral_bandwidth_hz,individual_TENT_column_vs_raw_feature,4.5,0.044983979827497945,0.062178260128162514,17
milkywayvodka,F4_n8,spectral_bandwidth_hz,individual_TENT_column_vs_raw_feature,6.0,0.021357008645109064,-0.0026084677042404482,17
milkywayvodka,F4_n8,spectral_bandwidth_hz,individual_TENT_column_vs_raw_feature,7.5,0.04571878895504729,6.987863485242232e-05,17
milkywayvodka,F4_n8,spectral_centroid_hz,collapsed_factor_vs_matching_FIR_feature,,0.030964837297536726,0.021893290323121466,17
milkywayvodka,F4_n8,spectral_centroid_hz,collapsed_factor_vs_raw_feature,,0.07114615941343651,0.09129090440393091,17
milkywayvodka,F4_n8,spectral_centroid_hz,individual_TENT_column_vs_raw_feature,1.5,0.0014207029322555883,0.001546693943709431,17
milkywayvodka,F4_n8,spectral_centroid_hz,individual_TENT_column_vs_raw_feature,3.0,0.04634133178107616,0.09029378285242733,17
milkywayvodka,F4_n8,spectral_centroid_hz,individual_TENT_column_vs_raw_feature,4.5,0.05382240985445511,0.1292479702394965,17
milkywayvodka,F4_n8,spectral_centroid_hz,individual_TENT_column_vs_raw_feature,6.0,0.037726131470042036,0.06987346907076009,17
milkywayvodka,F4_n8,spectral_centroid_hz,individual_TENT_column_vs_raw_feature,7.5,0.04264622357571474,-0.013037687282763536,17
milkywayvodka,F4_n8,spectral_flatness,collapsed_factor_vs_matching_FIR_feature,,0.03588232918153147,0.06356348597077711,17
milkywayvodka,F4_n8,spectral_flatness,collapsed_factor_vs_raw_feature,,0.055230487468619506,0.041681974985521564,17
milkywayvodka,F4_n8,spectral_flatness,individual_TENT_column_vs_raw_feature,1.5,0.0007187903453632313,-0.10806665235503053,17
milkywayvodka,F4_n8,spectral_flatness,individual_TENT_column_vs_raw_feature,3.0,0.02641974904768538,0.052667209256479455,17
milkywayvodka,F4_n8,spectral_flatness,individual_TENT_column_vs_raw_feature,4.5,0.039287281307463125,0.08853066039363842,17
milkywayvodka,F4_n8,spectral_flatness,individual_TENT_column_vs_raw_feature,6.0,0.023896431517231632,0.012496806611176556,17
milkywayvodka,F4_n8,spectral_flatness,individual_TENT_column_vs_raw_feature,7.5,0.05736219427292386,-0.008531903652031018,17
milkywayvodka,F4_n8,spectral_flux,collapsed_factor_vs_matching_FIR_feature,,-0.013170125472307564,0.02325503447029649,17
milkywayvodka,F4_n8,spectral_flux,collapsed_factor_vs_raw_feature,,-0.02076828623071996,0.008475639611546359,17
milkywayvodka,F4_n8,spectral_flux,individual_TENT_column_vs_raw_feature,1.5,0.032965464151322746,0.09526866781796062,17
milkywayvodka,F4_n8,spectral_flux,individual_TENT_column_vs_raw_feature,3.0,-0.003921658175974426,0.017268147888107065,17
milkywayvodka,F4_n8,spectral_flux,individual_TENT_column_vs_raw_feature,4.5,-0.026894402980452217,-0.03340351481010198,17
milkywayvodka,F4_n8,spectral_flux,individual_TENT_column_vs_raw_feature,6.0,-0.018210602688188207,0.007801564743543752,17
milkywayvodka,F4_n8,spectral_flux,individual_TENT_column_vs_raw_feature,7.5,-0.03557657047349027,-0.020336302445511736,17
milkywayvodka,F4_n8,spectral_rolloff_85_hz,collapsed_factor_vs_matching_FIR_feature,,0.028508055106018358,-0.00725041785076148,17
milkywayvodka,F4_n8,spectral_rolloff_85_hz,collapsed_factor_vs_raw_feature,,0.07188034605865307,0.09045749419765885,17
milkywayvodka,F4_n8,spectral_rolloff_85_hz,individual_TENT_column_vs_raw_feature,1.5,-0.0008962422193221295,-0.0022797959980916994,17
milkywayvodka,F4_n8,spectral_rolloff_85_hz,individual_TENT_column_vs_raw_feature,3.0,0.04477485803040012,0.07793247805587081,17
milkywayvodka,F4_n8,spectral_rolloff_85_hz,individual_TENT_column_vs_raw_feature,4.5,0.05395604793467151,0.1275456482021872,17
milkywayvodka,F4_n8,spectral_rolloff_85_hz,individual_TENT_column_vs_raw_feature,6.0,0.04131463800435318,0.08645332364935823,17
milkywayvodka,F4_n8,spectral_rolloff_85_hz,individual_TENT_column_vs_raw_feature,7.5,0.044537959971436995,-0.003555713488906467,17
milkywayvodka,F4_n8,word_count_per_tr,collapsed_factor_vs_matching_FIR_feature,,-0.06969643855979077,-0.0891089859220227,17
milkywayvodka,F4_n8,word_count_per_tr,collapsed_factor_vs_raw_feature,,0.05251676775591616,0.0591130814153066,17
milkywayvodka,F4_n8,word_count_per_tr,individual_TENT_column_vs_raw_feature,1.5,0.05333007408007375,0.07859346438243552,17
milkywayvodka,F4_n8,word_count_per_tr,individual_TENT_column_vs_raw_feature,3.0,-0.001921440460185568,0.03742284243882596,17
milkywayvodka,F4_n8,word_count_per_tr,individual_TENT_column_vs_raw_feature,4.5,-0.00038001359757645057,0.024511810926950414,17
milkywayvodka,F4_n8,word_count_per_tr,individual_TENT_column_vs_raw_feature,6.0,0.08716163897006396,0.10562024550803471,17
milkywayvodka,F4_n8,word_count_per_tr,individual_TENT_column_vs_raw_feature,7.5,-0.0003954965356585603,0.03641094969294319,17
milkywayvodka,F4_n8,zero_crossing_rate,collapsed_factor_vs_matching_FIR_feature,,0.03116549049620827,-0.001221537790073945,17
milkywayvodka,F4_n8,zero_crossing_rate,collapsed_factor_vs_raw_feature,,0.06963904816185049,0.07373326688745863,17
milkywayvodka,F4_n8,zero_crossing_rate,individual_TENT_column_vs_raw_feature,1.5,-0.007913525994531448,-0.03546088410028916,17
milkywayvodka,F4_n8,zero_crossing_rate,individual_TENT_column_vs_raw_feature,3.0,0.05194283371851991,0.09328121787164659,17
milkywayvodka,F4_n8,zero_crossing_rate,individual_TENT_column_vs_raw_feature,4.5,0.05806842248032162,0.12612501576379911,17
milkywayvodka,F4_n8,zero_crossing_rate,individual_TENT_column_vs_raw_feature,6.0,0.03500990721278488,0.05537955578787832,17
milkywayvodka,F4_n8,zero_crossing_rate,individual_TENT_column_vs_raw_feature,7.5,0.037786410537900716,-0.01580901256990879,17
milkywayvodka,F5_n8,peak_amplitude,collapsed_factor_vs_matching_FIR_feature,,-0.00017195206556450143,-0.014278840420756684,17
milkywayvodka,F5_n8,peak_amplitude,collapsed_factor_vs_raw_feature,,-0.023801107004579738,-0.012039690521121305,17
milkywayvodka,F5_n8,peak_amplitude,individual_TENT_column_vs_raw_feature,1.5,0.008718153529679636,0.007156843871249295,17
milkywayvodka,F5_n8,peak_amplitude,individual_TENT_column_vs_raw_feature,3.0,0.016669803636867153,0.011178134768604358,17
milkywayvodka,F5_n8,peak_amplitude,individual_TENT_column_vs_raw_feature,4.5,-0.014997939540497156,0.014141428108127336,17
milkywayvodka,F5_n8,peak_amplitude,individual_TENT_column_vs_raw_feature,6.0,-0.030906600885602806,-0.018711978014538867,17
milkywayvodka,F5_n8,peak_amplitude,individual_TENT_column_vs_raw_feature,7.5,-0.05730746014819022,-0.07942912806812182,17
milkywayvodka,F5_n8,rms,collapsed_factor_vs_matching_FIR_feature,,-0.0005030087090809383,-0.01082820274499117,17
milkywayvodka,F5_n8,rms,collapsed_factor_vs_raw_feature,,-0.031549405358213975,-0.024294496772797967,17
milkywayvodka,F5_n8,rms,individual_TENT_column_vs_raw_feature,1.5,0.01584375907128578,0.017842607673349668,17
milkywayvodka,F5_n8,rms,individual_TENT_column_vs_raw_feature,3.0,0.005773486220354881,0.0008893545423948101,17
milkywayvodka,F5_n8,rms,individual_TENT_column_vs_raw_feature,4.5,-0.025107657930698076,-0.004624643620453012,17
milkywayvodka,F5_n8,rms,individual_TENT_column_vs_raw_feature,6.0,-0.03939213338284242,-0.030445264881198003,17
milkywayvodka,F5_n8,rms,individual_TENT_column_vs_raw_feature,7.5,-0.05204626774400547,-0.0740873272515728,17
milkywayvodka,F5_n8,rms_dbfs,collapsed_factor_vs_matching_FIR_feature,,0.0233820472675383,0.04250479085764195,17
milkywayvodka,F5_n8,rms_dbfs,collapsed_factor_vs_raw_feature,,-0.01839914423872429,-0.014794568462386226,17
milkywayvodka,F5_n8,rms_dbfs,individual_TENT_column_vs_raw_feature,1.5,0.0062397201208779386,0.007957598091727122,17
milkywayvodka,F5_n8,rms_dbfs,individual_TENT_column_vs_raw_feature,3.0,0.009795819112969607,0.013566782643109284,17
milkywayvodka,F5_n8,rms_dbfs,individual_TENT_column_vs_raw_feature,4.5,-0.02163600188586885,0.005571760365085836,17
milkywayvodka,F5_n8,rms_dbfs,individual_TENT_column_vs_raw_feature,6.0,-0.002748633954654496,-0.010404072855489803,17
milkywayvodka,F5_n8,rms_dbfs,individual_TENT_column_vs_raw_feature,7.5,-0.05514739209704926,-0.0838175812127743,17
milkywayvodka,F5_n8,spectral_bandwidth_hz,collapsed_factor_vs_matching_FIR_feature,,-0.027889442059088276,-0.11740300990810133,17
milkywayvodka,F5_n8,spectral_bandwidth_hz,collapsed_factor_vs_raw_feature,,-0.0026957885057517965,-0.05332945021231983,17
milkywayvodka,F5_n8,spectral_bandwidth_hz,individual_TENT_column_vs_raw_feature,1.5,-0.02945349807964638,-0.0823573469518317,17
milkywayvodka,F5_n8,spectral_bandwidth_hz,individual_TENT_column_vs_raw_feature,3.0,-0.004987600203810557,-0.028573494470580475,17
milkywayvodka,F5_n8,spectral_bandwidth_hz,individual_TENT_column_vs_raw_feature,4.5,0.008574757517010426,-0.030737284903623513,17
milkywayvodka,F5_n8,spectral_bandwidth_hz,individual_TENT_column_vs_raw_feature,6.0,-0.01602406987881366,-0.03037925093578313,17
milkywayvodka,F5_n8,spectral_bandwidth_hz,individual_TENT_column_vs_raw_feature,7.5,0.037760834859440526,-0.017034886019157567,17
milkywayvodka,F5_n8,spectral_centroid_hz,collapsed_factor_vs_matching_FIR_feature,,-0.00837845594645672,-0.04940308796658999,17
milkywayvodka,F5_n8,spectral_centroid_hz,collapsed_factor_vs_raw_feature,,-0.02228732408623239,-0.09991820563897287,17
milkywayvodka,F5_n8,spectral_centroid_hz,individual_TENT_column_vs_raw_feature,1.5,-0.03828231081559166,-0.101576875373933,17
milkywayvodka,F5_n8,spectral_centroid_hz,individual_TENT_column_vs_raw_feature,3.0,0.0003595347275632195,-0.009477127038622635,17
milkywayvodka,F5_n8,spectral_centroid_hz,individual_TENT_column_vs_raw_feature,4.5,-0.008894144062887091,-0.0878815232637255,17
milkywayvodka,F5_n8,spectral_centroid_hz,individual_TENT_column_vs_raw_feature,6.0,-0.03990801378852548,-0.10216116483128013,17
milkywayvodka,F5_n8,spectral_centroid_hz,individual_TENT_column_vs_raw_feature,7.5,0.023986104979431953,-0.12889092566440952,17
milkywayvodka,F5_n8,spectral_flatness,collapsed_factor_vs_matching_FIR_feature,,-0.016482055113153867,-0.2361540182283793,17
milkywayvodka,F5_n8,spectral_flatness,collapsed_factor_vs_raw_feature,,0.0016598055695912506,-0.07725372767459075,17
milkywayvodka,F5_n8,spectral_flatness,individual_TENT_column_vs_raw_feature,1.5,-0.016429791650363845,-0.07619555142911309,17
milkywayvodka,F5_n8,spectral_flatness,individual_TENT_column_vs_raw_feature,3.0,-0.005369580839199992,-0.06746808593470566,17
milkywayvodka,F5_n8,spectral_flatness,individual_TENT_column_vs_raw_feature,4.5,0.0064709101891575254,-0.07152106712507293,17
milkywayvodka,F5_n8,spectral_flatness,individual_TENT_column_vs_raw_feature,6.0,-0.01866942093182351,-0.032869902084665094,17
milkywayvodka,F5_n8,spectral_flatness,individual_TENT_column_vs_raw_feature,7.5,0.04807570402931854,-0.004267456335166908,17
milkywayvodka,F5_n8,spectral_flux,collapsed_factor_vs_matching_FIR_feature,,-0.022730490665272846,-0.12691620400491205,17
milkywayvodka,F5_n8,spectral_flux,collapsed_factor_vs_raw_feature,,-0.011981618437454933,-0.017727456836994733,17
milkywayvodka,F5_n8,spectral_flux,individual_TENT_column_vs_raw_feature,1.5,-0.0016464189531812923,-0.027280748300396673,17
milkywayvodka,F5_n8,spectral_flux,individual_TENT_column_vs_raw_feature,3.0,0.00505768166701944,-0.0030581877073792675,17
milkywayvodka,F5_n8,spectral_flux,individual_TENT_column_vs_raw_feature,4.5,-0.027804851133360703,-0.05575519492533072,17
milkywayvodka,F5_n8,spectral_flux,individual_TENT_column_vs_raw_feature,6.0,0.0012844770009901281,0.0020652279450972264,17
milkywayvodka,F5_n8,spectral_flux,individual_TENT_column_vs_raw_feature,7.5,-0.013074818690454142,0.021089004245501405,17
milkywayvodka,F5_n8,spectral_rolloff_85_hz,collapsed_factor_vs_matching_FIR_feature,,-0.010788336289246369,-0.059000825090034445,17
milkywayvodka,F5_n8,spectral_rolloff_85_hz,collapsed_factor_vs_raw_feature,,-0.017641472919999485,-0.07986271073411004,17
milkywayvodka,F5_n8,spectral_rolloff_85_hz,individual_TENT_column_vs_raw_feature,1.5,-0.035545158261108836,-0.09561577521078822,17
milkywayvodka,F5_n8,spectral_rolloff_85_hz,individual_TENT_column_vs_raw_feature,3.0,0.0033298457919791634,-0.0006727465921581097,17
milkywayvodka,F5_n8,spectral_rolloff_85_hz,individual_TENT_column_vs_raw_feature,4.5,-0.005901432940334925,-0.0760464954458957,17
milkywayvodka,F5_n8,spectral_rolloff_85_hz,individual_TENT_column_vs_raw_feature,6.0,-0.03568778247059478,-0.08357277631591668,17
milkywayvodka,F5_n8,spectral_rolloff_85_hz,individual_TENT_column_vs_raw_feature,7.5,0.024257772199054024,-0.117942708585701,17
milkywayvodka,F5_n8,word_count_per_tr,collapsed_factor_vs_matching_FIR_feature,,-0.06896098510058538,-0.13696356678826546,17
milkywayvodka,F5_n8,word_count_per_tr,collapsed_factor_vs_raw_feature,,-0.04262891259825825,-0.04387912873155691,17
milkywayvodka,F5_n8,word_count_per_tr,individual_TENT_column_vs_raw_feature,1.5,-0.004734644891993242,-0.017613799778040676,17
milkywayvodka,F5_n8,word_count_per_tr,individual_TENT_column_vs_raw_feature,3.0,0.020138613661245624,0.010546078701547456,17
milkywayvodka,F5_n8,word_count_per_tr,individual_TENT_column_vs_raw_feature,4.5,-0.031193366283196022,-0.042272283901794334,17
milkywayvodka,F5_n8,word_count_per_tr,individual_TENT_column_vs_raw_feature,6.0,-0.06567894204654534,-0.053355461514235814,17
milkywayvodka,F5_n8,word_count_per_tr,individual_TENT_column_vs_raw_feature,7.5,-0.04714529995873205,-0.06617743042788991,17
milkywayvodka,F5_n8,zero_crossing_rate,collapsed_factor_vs_matching_FIR_feature,,-0.0163051637219386,-0.08027601796569217,17
milkywayvodka,F5_n8,zero_crossing_rate,collapsed_factor_vs_raw_feature,,-0.029497129625574513,-0.09658951661577757,17
milkywayvodka,F5_n8,zero_crossing_rate,individual_TENT_column_vs_raw_feature,1.5,-0.04337512722391138,-0.09809082104101002,17
milkywayvodka,F5_n8,zero_crossing_rate,individual_TENT_column_vs_raw_feature,3.0,-0.0024541981733714802,-0.00818550657784782,17
milkywayvodka,F5_n8,zero_crossing_rate,individual_TENT_column_vs_raw_feature,4.5,-0.01295633486719648,-0.08049925744468833,17
milkywayvodka,F5_n8,zero_crossing_rate,individual_TENT_column_vs_raw_feature,6.0,-0.04407282067817354,-0.09873401997689209,17
milkywayvodka,F5_n8,zero_crossing_rate,individual_TENT_column_vs_raw_feature,7.5,0.01767972507347797,-0.10280059035061975,17
milkywayvodka,F6_n8,peak_amplitude,collapsed_factor_vs_matching_FIR_feature,,-0.01510216911158444,-0.03041862426471369,17
milkywayvodka,F6_n8,peak_amplitude,collapsed_factor_vs_raw_feature,,-0.0340710792766939,-0.026537811940234215,17
milkywayvodka,F6_n8,peak_amplitude,individual_TENT_column_vs_raw_feature,1.5,0.00029353518642683186,0.0600361176415661,17
milkywayvodka,F6_n8,peak_amplitude,individual_TENT_column_vs_raw_feature,3.0,-0.0018127287599285639,-0.0026719608956388744,17
milkywayvodka,F6_n8,peak_amplitude,individual_TENT_column_vs_raw_feature,4.5,-0.04242733067742532,-0.04321324283881875,17
milkywayvodka,F6_n8,peak_amplitude,individual_TENT_column_vs_raw_feature,6.0,-0.04004488537758027,-0.021840077040255916,17
milkywayvodka,F6_n8,peak_amplitude,individual_TENT_column_vs_raw_feature,7.5,-0.01656044247736211,-0.001296688607286056,17
milkywayvodka,F6_n8,rms,collapsed_factor_vs_matching_FIR_feature,,-0.042414577430632025,-0.06273759639295645,17
milkywayvodka,F6_n8,rms,collapsed_factor_vs_raw_feature,,-0.044953479267648165,-0.030541031253510015,17
milkywayvodka,F6_n8,rms,individual_TENT_column_vs_raw_feature,1.5,-0.006301985873203805,0.05456820426108459,17
milkywayvodka,F6_n8,rms,individual_TENT_column_vs_raw_feature,3.0,-0.013066202377016271,-0.017164542668219835,17
milkywayvodka,F6_n8,rms,individual_TENT_column_vs_raw_feature,4.5,-0.06259437127062863,-0.05086236965162978,17
milkywayvodka,F6_n8,rms,individual_TENT_column_vs_raw_feature,6.0,-0.03911555180049103,-0.01311385362873502,17
milkywayvodka,F6_n8,rms,individual_TENT_column_vs_raw_feature,7.5,-0.009075698311375177,0.00348421352188005,17
milkywayvodka,F6_n8,rms_dbfs,collapsed_factor_vs_matching_FIR_feature,,-0.04468642782437729,-0.014144132217772342,17
milkywayvodka,F6_n8,rms_dbfs,collapsed_factor_vs_raw_feature,,-0.0644109365987582,0.009975302734510529,17
milkywayvodka,F6_n8,rms_dbfs,individual_TENT_column_vs_raw_feature,1.5,-0.014072587333133948,0.06406093136498452,17
milkywayvodka,F6_n8,rms_dbfs,individual_TENT_column_vs_raw_feature,3.0,-0.03716088047222048,0.026660006913902155,17
milkywayvodka,F6_n8,rms_dbfs,individual_TENT_column_vs_raw_feature,4.5,-0.04541821446629057,-0.017540455412943412,17
milkywayvodka,F6_n8,rms_dbfs,individual_TENT_column_vs_raw_feature,6.0,-0.058169563638318315,-0.006041192865813818,17
milkywayvodka,F6_n8,rms_dbfs,individual_TENT_column_vs_raw_feature,7.5,-0.042900807839527856,0.02746531151770754,17
milkywayvodka,F6_n8,spectral_bandwidth_hz,collapsed_factor_vs_matching_FIR_feature,,0.05003958081611812,-0.06541068365897902,17
milkywayvodka,F6_n8,spectral_bandwidth_hz,collapsed_factor_vs_raw_feature,,0.09948498406695913,0.041110380196063036,17
milkywayvodka,F6_n8,spectral_bandwidth_hz,individual_TENT_column_vs_raw_feature,1.5,0.037863940219628446,0.0027591613660101393,17
milkywayvodka,F6_n8,spectral_bandwidth_hz,individual_TENT_column_vs_raw_feature,3.0,0.0862158007749249,0.0748025103284039,17
milkywayvodka,F6_n8,spectral_bandwidth_hz,individual_TENT_column_vs_raw_feature,4.5,0.05511943103349999,0.01342008498663179,17
milkywayvodka,F6_n8,spectral_bandwidth_hz,individual_TENT_column_vs_raw_feature,6.0,0.07814309273740822,0.0024338058069969313,17
milkywayvodka,F6_n8,spectral_bandwidth_hz,individual_TENT_column_vs_raw_feature,7.5,0.04522689796460184,-0.045226285466836956,17
milkywayvodka,F6_n8,spectral_centroid_hz,collapsed_factor_vs_matching_FIR_feature,,0.05696947373377088,-0.005256369063388921,17
milkywayvodka,F6_n8,spectral_centroid_hz,collapsed_factor_vs_raw_feature,,0.11437984649465634,0.09423799673723537,17
milkywayvodka,F6_n8,spectral_centroid_hz,individual_TENT_column_vs_raw_feature,1.5,0.030777641650142695,0.05441462197027809,17
milkywayvodka,F6_n8,spectral_centroid_hz,individual_TENT_column_vs_raw_feature,3.0,0.09696741096498206,0.09374988795300179,17
milkywayvodka,F6_n8,spectral_centroid_hz,individual_TENT_column_vs_raw_feature,4.5,0.06739058993682788,0.05329250801721478,17
milkywayvodka,F6_n8,spectral_centroid_hz,individual_TENT_column_vs_raw_feature,6.0,0.08942225550628483,0.046033724602637764,17
milkywayvodka,F6_n8,spectral_centroid_hz,individual_TENT_column_vs_raw_feature,7.5,0.0640038546358579,0.008060107173673108,17
milkywayvodka,F6_n8,spectral_flatness,collapsed_factor_vs_matching_FIR_feature,,0.06161441076123426,-0.0011523507840327004,17
milkywayvodka,F6_n8,spectral_flatness,collapsed_factor_vs_raw_feature,,0.10195691273689234,0.025014316744132126,17
milkywayvodka,F6_n8,spectral_flatness,individual_TENT_column_vs_raw_feature,1.5,0.0307807745500306,0.003173648512283102,17
milkywayvodka,F6_n8,spectral_flatness,individual_TENT_column_vs_raw_feature,3.0,0.08178919025729776,0.053070627811792566,17
milkywayvodka,F6_n8,spectral_flatness,individual_TENT_column_vs_raw_feature,4.5,0.05857741980833152,-0.019678115325926403,17
milkywayvodka,F6_n8,spectral_flatness,individual_TENT_column_vs_raw_feature,6.0,0.07675181435069041,-0.007639280461065523,17
milkywayvodka,F6_n8,spectral_flatness,individual_TENT_column_vs_raw_feature,7.5,0.06696020240551129,-0.03857925386615638,17
milkywayvodka,F6_n8,spectral_flux,collapsed_factor_vs_matching_FIR_feature,,-0.016957332311263854,0.025847938282161725,17
milkywayvodka,F6_n8,spectral_flux,collapsed_factor_vs_raw_feature,,-0.06173491874426146,-0.05821652838816335,17
milkywayvodka,F6_n8,spectral_flux,individual_TENT_column_vs_raw_feature,1.5,0.013239578171734054,0.05568699573793856,17
milkywayvodka,F6_n8,spectral_flux,individual_TENT_column_vs_raw_feature,3.0,-0.03946944658649435,-0.0072088145253393745,17
milkywayvodka,F6_n8,spectral_flux,individual_TENT_column_vs_raw_feature,4.5,-0.04645965640851435,-0.03732630183034547,17
milkywayvodka,F6_n8,spectral_flux,individual_TENT_column_vs_raw_feature,6.0,-0.06564171059086157,-0.07534299950648818,17
milkywayvodka,F6_n8,spectral_flux,individual_TENT_column_vs_raw_feature,7.5,-0.045838329482794704,-0.01269500430853692,17
milkywayvodka,F6_n8,spectral_rolloff_85_hz,collapsed_factor_vs_matching_FIR_feature,,0.05797608072512477,-0.005362211836922497,17
milkywayvodka,F6_n8,spectral_rolloff_85_hz,collapsed_factor_vs_raw_feature,,0.11275254064189412,0.09760644152240135,17
milkywayvodka,F6_n8,spectral_rolloff_85_hz,individual_TENT_column_vs_raw_feature,1.5,0.03142395093557951,0.0630979484183451,17
milkywayvodka,F6_n8,spectral_rolloff_85_hz,individual_TENT_column_vs_raw_feature,3.0,0.0991697549825538,0.11172521556479272,17
milkywayvodka,F6_n8,spectral_rolloff_85_hz,individual_TENT_column_vs_raw_feature,4.5,0.06549942526052954,0.04873550517140209,17
milkywayvodka,F6_n8,spectral_rolloff_85_hz,individual_TENT_column_vs_raw_feature,6.0,0.08642714761172746,0.03888200244441987,17
milkywayvodka,F6_n8,spectral_rolloff_85_hz,individual_TENT_column_vs_raw_feature,7.5,0.06050178832204741,0.005673823808256361,17
milkywayvodka,F6_n8,word_count_per_tr,collapsed_factor_vs_matching_FIR_feature,,0.04124663133047578,0.059858130966782865,17
milkywayvodka,F6_n8,word_count_per_tr,collapsed_factor_vs_raw_feature,,-0.01671950617432257,-0.03464438442342615,17
milkywayvodka,F6_n8,word_count_per_tr,individual_TENT_column_vs_raw_feature,1.5,0.019516815153219576,0.03822828697812674,17
milkywayvodka,F6_n8,word_count_per_tr,individual_TENT_column_vs_raw_feature,3.0,0.014560382146430191,0.010905614662210742,17
milkywayvodka,F6_n8,word_count_per_tr,individual_TENT_column_vs_raw_feature,4.5,-0.025935911257112976,-0.025040321825872493,17
milkywayvodka,F6_n8,word_count_per_tr,individual_TENT_column_vs_raw_feature,6.0,-0.040224299667667156,-0.06983330329564828,17
milkywayvodka,F6_n8,word_count_per_tr,individual_TENT_column_vs_raw_feature,7.5,-0.014307977153251838,0.009813126829184324,17
milkywayvodka,F6_n8,zero_crossing_rate,collapsed_factor_vs_matching_FIR_feature,,0.0531782287641363,-0.02171345277671013,17
milkywayvodka,F6_n8,zero_crossing_rate,collapsed_factor_vs_raw_feature,,0.11520396481029539,0.09267036635464562,17
milkywayvodka,F6_n8,zero_crossing_rate,individual_TENT_column_vs_raw_feature,1.5,0.029809986539260674,0.03922342194246331,17
milkywayvodka,F6_n8,zero_crossing_rate,individual_TENT_column_vs_raw_feature,3.0,0.09840538909492975,0.09175395651441212,17
milkywayvodka,F6_n8,zero_crossing_rate,individual_TENT_column_vs_raw_feature,4.5,0.06810746448447365,0.05465936140330221,17
milkywayvodka,F6_n8,zero_crossing_rate,individual_TENT_column_vs_raw_feature,6.0,0.09344457795884062,0.054475301539898435,17
milkywayvodka,F6_n8,zero_crossing_rate,individual_TENT_column_vs_raw_feature,7.5,0.059274405780692374,-0.002914774400174773,17
milkywayvodka,F7_n8,peak_amplitude,collapsed_factor_vs_matching_FIR_feature,,0.1914250797653586,0.29804854287476706,17
milkywayvodka,F7_n8,peak_amplitude,collapsed_factor_vs_raw_feature,,0.05626218611905913,0.05463256138701497,17
milkywayvodka,F7_n8,peak_amplitude,individual_TENT_column_vs_raw_feature,1.5,0.1402088246969505,0.1211142358532304,17
milkywayvodka,F7_n8,peak_amplitude,individual_TENT_column_vs_raw_feature,3.0,0.0937442664868704,0.054300379196548204,17
milkywayvodka,F7_n8,peak_amplitude,individual_TENT_column_vs_raw_feature,4.5,0.006943817842156816,0.04603373514565896,17
milkywayvodka,F7_n8,peak_amplitude,individual_TENT_column_vs_raw_feature,6.0,-0.00635582589752794,0.023891781765044764,17
milkywayvodka,F7_n8,peak_amplitude,individual_TENT_column_vs_raw_feature,7.5,-0.08263679394048529,-0.05439775305673007,17
milkywayvodka,F7_n8,rms,collapsed_factor_vs_matching_FIR_feature,,0.18774471863409778,0.2772663661306831,17
milkywayvodka,F7_n8,rms,collapsed_factor_vs_raw_feature,,0.06290700163329663,0.08056920654955828,17
milkywayvodka,F7_n8,rms,individual_TENT_column_vs_raw_feature,1.5,0.15801501597527007,0.13537885726920687,17
milkywayvodka,F7_n8,rms,individual_TENT_column_vs_raw_feature,3.0,0.08255879268724554,0.04816084062156143,17
milkywayvodka,F7_n8,rms,individual_TENT_column_vs_raw_feature,4.5,-0.009227717860840604,0.039082547836486986,17
milkywayvodka,F7_n8,rms,individual_TENT_column_vs_raw_feature,6.0,0.008399699357405614,0.04914417335013713,17
milkywayvodka,F7_n8,rms,individual_TENT_column_vs_raw_feature,7.5,-0.060132881542195406,-0.014060414322656601,17
milkywayvodka,F7_n8,rms_dbfs,collapsed_factor_vs_matching_FIR_feature,,0.07770863531133894,0.24173272477748076,17
milkywayvodka,F7_n8,rms_dbfs,collapsed_factor_vs_raw_feature,,0.017419098804652818,-0.008593395011058057,17
milkywayvodka,F7_n8,rms_dbfs,individual_TENT_column_vs_raw_feature,1.5,0.06743356441180406,0.07301450136064655,17
milkywayvodka,F7_n8,rms_dbfs,individual_TENT_column_vs_raw_feature,3.0,0.07393195339938873,0.03473571290298823,17
milkywayvodka,F7_n8,rms_dbfs,individual_TENT_column_vs_raw_feature,4.5,0.012758134736047816,0.018523788141519115,17
milkywayvodka,F7_n8,rms_dbfs,individual_TENT_column_vs_raw_feature,6.0,-0.04582279714364576,-0.0160950250664636,17
milkywayvodka,F7_n8,rms_dbfs,individual_TENT_column_vs_raw_feature,7.5,-0.06661753891326759,-0.06967108142373812,17
milkywayvodka,F7_n8,spectral_bandwidth_hz,collapsed_factor_vs_matching_FIR_feature,,-0.04470056988654784,0.027910944009838554,17
milkywayvodka,F7_n8,spectral_bandwidth_hz,collapsed_factor_vs_raw_feature,,0.012356435864259037,0.04759609101352647,17
milkywayvodka,F7_n8,spectral_bandwidth_hz,individual_TENT_column_vs_raw_feature,1.5,-0.04222491309504517,-0.01835840361988354,17
milkywayvodka,F7_n8,spectral_bandwidth_hz,individual_TENT_column_vs_raw_feature,3.0,-0.043666909450112104,0.05026320141095452,17
milkywayvodka,F7_n8,spectral_bandwidth_hz,individual_TENT_column_vs_raw_feature,4.5,0.006029495471508582,0.06587504107139538,17
milkywayvodka,F7_n8,spectral_bandwidth_hz,individual_TENT_column_vs_raw_feature,6.0,0.056133771408317844,0.01598270967322302,17
milkywayvodka,F7_n8,spectral_bandwidth_hz,individual_TENT_column_vs_raw_feature,7.5,0.059634924085567746,0.02046749842551612,17
milkywayvodka,F7_n8,spectral_centroid_hz,collapsed_factor_vs_matching_FIR_feature,,-0.026648076589267173,0.1250133360899666,17
milkywayvodka,F7_n8,spectral_centroid_hz,collapsed_factor_vs_raw_feature,,0.003916711890249403,0.009672208583627304,17
milkywayvodka,F7_n8,spectral_centroid_hz,individual_TENT_column_vs_raw_feature,1.5,-0.03861502104359565,-0.012442247243003055,17
milkywayvodka,F7_n8,spectral_centroid_hz,individual_TENT_column_vs_raw_feature,3.0,-0.04807584824555386,0.05504508658194435,17
milkywayvodka,F7_n8,spectral_centroid_hz,individual_TENT_column_vs_raw_feature,4.5,0.002773495559695412,0.06640682007612629,17
milkywayvodka,F7_n8,spectral_centroid_hz,individual_TENT_column_vs_raw_feature,6.0,0.04975567891232853,-0.0016320114283121258,17
milkywayvodka,F7_n8,spectral_centroid_hz,individual_TENT_column_vs_raw_feature,7.5,0.04668746030016611,-0.029767835674715665,17
milkywayvodka,F7_n8,spectral_flatness,collapsed_factor_vs_matching_FIR_feature,,-0.04366815290321248,0.058830371219660685,17
milkywayvodka,F7_n8,spectral_flatness,collapsed_factor_vs_raw_feature,,-0.0011150661838157474,0.06530774021906925,17
milkywayvodka,F7_n8,spectral_flatness,individual_TENT_column_vs_raw_feature,1.5,-0.03471663073381157,0.007132555875903652,17
milkywayvodka,F7_n8,spectral_flatness,individual_TENT_column_vs_raw_feature,3.0,-0.05938907417342573,0.047573133135298463,17
milkywayvodka,F7_n8,spectral_flatness,individual_TENT_column_vs_raw_feature,4.5,-0.020254451778195827,0.033820227840533366,17
milkywayvodka,F7_n8,spectral_flatness,individual_TENT_column_vs_raw_feature,6.0,0.0606263676081184,0.04772854096512931,17
milkywayvodka,F7_n8,spectral_flatness,individual_TENT_column_vs_raw_feature,7.5,0.05851028877847751,0.06995290982522903,17
milkywayvodka,F7_n8,spectral_flux,collapsed_factor_vs_matching_FIR_feature,,0.06564160694729941,0.17372180624797068,17
milkywayvodka,F7_n8,spectral_flux,collapsed_factor_vs_raw_feature,,0.038855167614142684,0.09532001765531661,17
milkywayvodka,F7_n8,spectral_flux,individual_TENT_column_vs_raw_feature,1.5,0.09349917735446969,0.1548271400371028,17
milkywayvodka,F7_n8,spectral_flux,individual_TENT_column_vs_raw_feature,3.0,0.05432793701148374,0.05421257738143457,17
milkywayvodka,F7_n8,spectral_flux,individual_TENT_column_vs_raw_feature,4.5,0.03326159580252439,0.08294147968184588,17
milkywayvodka,F7_n8,spectral_flux,individual_TENT_column_vs_raw_feature,6.0,-0.011115857293573495,0.05927089594884918,17
milkywayvodka,F7_n8,spectral_flux,individual_TENT_column_vs_raw_feature,7.5,-0.06966548309580047,-0.08477597308985114,17
milkywayvodka,F7_n8,spectral_rolloff_85_hz,collapsed_factor_vs_matching_FIR_feature,,-0.025074286938417022,0.13794648485112057,17
milkywayvodka,F7_n8,spectral_rolloff_85_hz,collapsed_factor_vs_raw_feature,,0.009062457181263832,0.02964550814665363,17
milkywayvodka,F7_n8,spectral_rolloff_85_hz,individual_TENT_column_vs_raw_feature,1.5,-0.034737311714471246,-0.009300637851292677,17
milkywayvodka,F7_n8,spectral_rolloff_85_hz,individual_TENT_column_vs_raw_feature,3.0,-0.0419390459987084,0.0800077924154618,17
milkywayvodka,F7_n8,spectral_rolloff_85_hz,individual_TENT_column_vs_raw_feature,4.5,0.0052078065764886656,0.07989960284425272,17
milkywayvodka,F7_n8,spectral_rolloff_85_hz,individual_TENT_column_vs_raw_feature,6.0,0.05064158991710833,0.00677835169448028,17
milkywayvodka,F7_n8,spectral_rolloff_85_hz,individual_TENT_column_vs_raw_feature,7.5,0.04710321652302484,-0.029583665804037707,17
milkywayvodka,F7_n8,word_count_per_tr,collapsed_factor_vs_matching_FIR_feature,,0.10401431484632243,0.1479481048515099,17
milkywayvodka,F7_n8,word_count_per_tr,collapsed_factor_vs_raw_feature,,0.03714938607948828,0.036170169167681586,17
milkywayvodka,F7_n8,word_count_per_tr,individual_TENT_column_vs_raw_feature,1.5,0.07431078791560594,0.044878212223938126,17
milkywayvodka,F7_n8,word_count_per_tr,individual_TENT_column_vs_raw_feature,3.0,0.05719602277891616,0.03343730855854884,17
milkywayvodka,F7_n8,word_count_per_tr,individual_TENT_column_vs_raw_feature,4.5,0.021919209903609592,0.0726455290538125,17
milkywayvodka,F7_n8,word_count_per_tr,individual_TENT_column_vs_raw_feature,6.0,-0.02830260476650242,-0.00792441396578774,17
milkywayvodka,F7_n8,word_count_per_tr,individual_TENT_column_vs_raw_feature,7.5,-0.019681024351321158,-0.03508196063154057,17
milkywayvodka,F7_n8,zero_crossing_rate,collapsed_factor_vs_matching_FIR_feature,,-0.026082976157358273,0.11680462562021585,17
milkywayvodka,F7_n8,zero_crossing_rate,collapsed_factor_vs_raw_feature,,0.007452637955350288,0.013571206124331272,17
milkywayvodka,F7_n8,zero_crossing_rate,individual_TENT_column_vs_raw_feature,1.5,-0.04438921258279702,-0.024000952955741266,17
milkywayvodka,F7_n8,zero_crossing_rate,individual_TENT_column_vs_raw_feature,3.0,-0.04542705588912184,0.05436642428570568,17
milkywayvodka,F7_n8,zero_crossing_rate,individual_TENT_column_vs_raw_feature,4.5,0.011494845778143477,0.06539122043762874,17
milkywayvodka,F7_n8,zero_crossing_rate,individual_TENT_column_vs_raw_feature,6.0,0.04974589933294527,0.010290619635755872,17
milkywayvodka,F7_n8,zero_crossing_rate,individual_TENT_column_vs_raw_feature,7.5,0.04873224324719766,-0.01591406199260303,17
milkywayvodka,F8_n8,peak_amplitude,collapsed_factor_vs_matching_FIR_feature,,0.07260173431020508,0.07436098990760519,17
milkywayvodka,F8_n8,peak_amplitude,collapsed_factor_vs_raw_feature,,0.0633822316388438,0.03930098813611625,17
milkywayvodka,F8_n8,peak_amplitude,individual_TENT_column_vs_raw_feature,1.5,0.08250082434629057,0.06477519637203041,17
milkywayvodka,F8_n8,peak_amplitude,individual_TENT_column_vs_raw_feature,3.0,0.1706349171413566,0.11893354772264131,17
milkywayvodka,F8_n8,peak_amplitude,individual_TENT_column_vs_raw_feature,4.5,-0.012079065946176288,-0.05383530167598106,17
milkywayvodka,F8_n8,peak_amplitude,individual_TENT_column_vs_raw_feature,6.0,-0.045800701824931504,-0.034027904503832335,17
milkywayvodka,F8_n8,peak_amplitude,individual_TENT_column_vs_raw_feature,7.5,-0.027967998038146688,-0.034435134765331575,17
milkywayvodka,F8_n8,rms,collapsed_factor_vs_matching_FIR_feature,,0.08014454167495043,0.08942814823052021,17
milkywayvodka,F8_n8,rms,collapsed_factor_vs_raw_feature,,0.07739516616545818,0.057594990647160935,17
milkywayvodka,F8_n8,rms,individual_TENT_column_vs_raw_feature,1.5,0.0886785810343872,0.08239250434370306,17
milkywayvodka,F8_n8,rms,individual_TENT_column_vs_raw_feature,3.0,0.19169705421520522,0.15078318621039266,17
milkywayvodka,F8_n8,rms,individual_TENT_column_vs_raw_feature,4.5,-0.02567636142158639,-0.05283041039931067,17
milkywayvodka,F8_n8,rms,individual_TENT_column_vs_raw_feature,6.0,-0.032122417100871624,-0.025782571556096142,17
milkywayvodka,F8_n8,rms,individual_TENT_column_vs_raw_feature,7.5,-0.01378873752631057,-0.019948730546909727,17
milkywayvodka,F8_n8,rms_dbfs,collapsed_factor_vs_matching_FIR_feature,,0.018521730999468508,0.08206318341837643,17
milkywayvodka,F8_n8,rms_dbfs,collapsed_factor_vs_raw_feature,,0.010263951992640047,0.06434851481487569,17
milkywayvodka,F8_n8,rms_dbfs,individual_TENT_column_vs_raw_feature,1.5,0.025242785754033516,0.06712008705505493,17
milkywayvodka,F8_n8,rms_dbfs,individual_TENT_column_vs_raw_feature,3.0,0.07195834493953243,0.13691613180168102,17
milkywayvodka,F8_n8,rms_dbfs,individual_TENT_column_vs_raw_feature,4.5,0.0013461815777995915,-0.0013024001314142553,17
milkywayvodka,F8_n8,rms_dbfs,individual_TENT_column_vs_raw_feature,6.0,-0.059455174988760025,-0.01950437028903587,17
milkywayvodka,F8_n8,rms_dbfs,individual_TENT_column_vs_raw_feature,7.5,-0.012605976003067088,-0.022146205365431097,17
milkywayvodka,F8_n8,spectral_bandwidth_hz,collapsed_factor_vs_matching_FIR_feature,,-0.0029614460613528568,-0.03251393246963677,17
milkywayvodka,F8_n8,spectral_bandwidth_hz,collapsed_factor_vs_raw_feature,,0.0326962329355678,-0.011428688443658819,17
milkywayvodka,F8_n8,spectral_bandwidth_hz,individual_TENT_column_vs_raw_feature,1.5,0.023873269395643118,-0.05195499233106678,17
milkywayvodka,F8_n8,spectral_bandwidth_hz,individual_TENT_column_vs_raw_feature,3.0,-0.006158624677154848,-0.0749304123476452,17
milkywayvodka,F8_n8,spectral_bandwidth_hz,individual_TENT_column_vs_raw_feature,4.5,0.010952516561302654,0.01644343200059765,17
milkywayvodka,F8_n8,spectral_bandwidth_hz,individual_TENT_column_vs_raw_feature,6.0,0.06027661256455001,0.03812397033744185,17
milkywayvodka,F8_n8,spectral_bandwidth_hz,individual_TENT_column_vs_raw_feature,7.5,-0.001683134581153247,-0.015356639860548226,17
milkywayvodka,F8_n8,spectral_centroid_hz,collapsed_factor_vs_matching_FIR_feature,,0.00517051315054952,-0.022499477236550994,17
milkywayvodka,F8_n8,spectral_centroid_hz,collapsed_factor_vs_raw_feature,,0.05306584010068294,0.06767109566919122,17
milkywayvodka,F8_n8,spectral_centroid_hz,individual_TENT_column_vs_raw_feature,1.5,0.03627365599691943,-0.02453592744949196,17
milkywayvodka,F8_n8,spectral_centroid_hz,individual_TENT_column_vs_raw_feature,3.0,0.03361587849867074,0.03151936678471916,17
milkywayvodka,F8_n8,spectral_centroid_hz,individual_TENT_column_vs_raw_feature,4.5,0.024777546239598287,0.05623012858817661,17
milkywayvodka,F8_n8,spectral_centroid_hz,individual_TENT_column_vs_raw_feature,6.0,0.054091481166190544,0.05953036742874375,17
milkywayvodka,F8_n8,spectral_centroid_hz,individual_TENT_column_vs_raw_feature,7.5,-0.009823192695349358,-0.05065645699901128,17
milkywayvodka,F8_n8,spectral_flatness,collapsed_factor_vs_matching_FIR_feature,,0.006881200604807732,0.06895410504598376,17
milkywayvodka,F8_n8,spectral_flatness,collapsed_factor_vs_raw_feature,,0.0406836992700646,-0.01964934408700183,17
milkywayvodka,F8_n8,spectral_flatness,individual_TENT_column_vs_raw_feature,1.5,0.020786193310493983,-0.04020039591723197,17
milkywayvodka,F8_n8,spectral_flatness,individual_TENT_column_vs_raw_feature,3.0,0.014129235786112174,-0.04978826774810863,17
milkywayvodka,F8_n8,spectral_flatness,individual_TENT_column_vs_raw_feature,4.5,0.01949045735334114,0.012745734197011808,17
milkywayvodka,F8_n8,spectral_flatness,individual_TENT_column_vs_raw_feature,6.0,0.055976021076609664,0.03504698699282641,17
milkywayvodka,F8_n8,spectral_flatness,individual_TENT_column_vs_raw_feature,7.5,-0.0038627402398280415,0.0004477323127133681,17
milkywayvodka,F8_n8,spectral_flux,collapsed_factor_vs_matching_FIR_feature,,0.007485554086389061,0.0330245865248274,17
milkywayvodka,F8_n8,spectral_flux,collapsed_factor_vs_raw_feature,,-0.015672641088525112,-0.03210598676725402,17
milkywayvodka,F8_n8,spectral_flux,individual_TENT_column_vs_raw_feature,1.5,0.019870355332020532,0.016848254859829874,17
milkywayvodka,F8_n8,spectral_flux,individual_TENT_column_vs_raw_feature,3.0,0.01087488655822072,0.02193359179426788,17
milkywayvodka,F8_n8,spectral_flux,individual_TENT_column_vs_raw_feature,4.5,-0.03168622939614637,-0.12218447808010513,17
milkywayvodka,F8_n8,spectral_flux,individual_TENT_column_vs_raw_feature,6.0,-0.025774654609721843,-0.05838887628927824,17
milkywayvodka,F8_n8,spectral_flux,individual_TENT_column_vs_raw_feature,7.5,-0.014921280545189496,-0.024602138578423187,17
milkywayvodka,F8_n8,spectral_rolloff_85_hz,collapsed_factor_vs_matching_FIR_feature,,0.007581507711520183,-0.0009738854361598536,17
milkywayvodka,F8_n8,spectral_rolloff_85_hz,collapsed_factor_vs_raw_feature,,0.0569763443042865,0.07399716039424843,17
milkywayvodka,F8_n8,spectral_rolloff_85_hz,individual_TENT_column_vs_raw_feature,1.5,0.039350049535808486,-0.003396968896258686,17
milkywayvodka,F8_n8,spectral_rolloff_85_hz,individual_TENT_column_vs_raw_feature,3.0,0.03999654074623279,0.042909313389638944,17
milkywayvodka,F8_n8,spectral_rolloff_85_hz,individual_TENT_column_vs_raw_feature,4.5,0.029510510297814634,0.06772415020975375,17
milkywayvodka,F8_n8,spectral_rolloff_85_hz,individual_TENT_column_vs_raw_feature,6.0,0.05044428061947477,0.052724078748963676,17
milkywayvodka,F8_n8,spectral_rolloff_85_hz,individual_TENT_column_vs_raw_feature,7.5,-0.009830266621977505,-0.04892756166351455,17
milkywayvodka,F8_n8,word_count_per_tr,collapsed_factor_vs_matching_FIR_feature,,-0.009317682605174947,-0.06332583088469437,17
milkywayvodka,F8_n8,word_count_per_tr,collapsed_factor_vs_raw_feature,,0.06320038281766982,0.0105447802592955,17
milkywayvodka,F8_n8,word_count_per_tr,individual_TENT_column_vs_raw_feature,1.5,0.06124942517601498,-0.02864009348038862,17
milkywayvodka,F8_n8,word_count_per_tr,individual_TENT_column_vs_raw_feature,3.0,0.12904057039900252,0.07981628694195421,17
milkywayvodka,F8_n8,word_count_per_tr,individual_TENT_column_vs_raw_feature,4.5,0.019844830088186903,-0.02892117480346457,17
milkywayvodka,F8_n8,word_count_per_tr,individual_TENT_column_vs_raw_feature,6.0,-0.010737871153714551,-0.05569813191512318,17
milkywayvodka,F8_n8,word_count_per_tr,individual_TENT_column_vs_raw_feature,7.5,-0.03998263364229814,-0.10331589548792686,17
milkywayvodka,F8_n8,zero_crossing_rate,collapsed_factor_vs_matching_FIR_feature,,0.0018323505437406902,-0.03219091138346966,17
milkywayvodka,F8_n8,zero_crossing_rate,collapsed_factor_vs_raw_feature,,0.04748630016022995,0.040971122604800236,17
milkywayvodka,F8_n8,zero_crossing_rate,individual_TENT_column_vs_raw_feature,1.5,0.034924720032293556,-0.0419629251208435,17
milkywayvodka,F8_n8,zero_crossing_rate,individual_TENT_column_vs_raw_feature,3.0,0.023174776398858846,-0.006523008210142346,17
milkywayvodka,F8_n8,zero_crossing_rate,individual_TENT_column_vs_raw_feature,4.5,0.018540966048886578,0.03769926499860572,17
milkywayvodka,F8_n8,zero_crossing_rate,individual_TENT_column_vs_raw_feature,6.0,0.05695211990986488,0.060555007414022255,17
milkywayvodka,F8_n8,zero_crossing_rate,individual_TENT_column_vs_raw_feature,7.5,-0.00888291644767651,-0.043379395526487716,17
piemanpni,F1_n8,peak_amplitude,collapsed_factor_vs_matching_FIR_feature,,-0.203662092798804,-0.2747170890078605,30
piemanpni,F1_n8,peak_amplitude,collapsed_factor_vs_raw_feature,,-0.05237973925833884,-0.06883830178534087,30
piemanpni,F1_n8,peak_amplitude,individual_TENT_column_vs_raw_feature,1.5,-0.08394922819274403,-0.12053399833722546,30
piemanpni,F1_n8,peak_amplitude,individual_TENT_column_vs_raw_feature,3.0,-0.03668993854830242,-0.06522495310181717,30
piemanpni,F1_n8,peak_amplitude,individual_TENT_column_vs_raw_feature,4.5,-0.04905923645325753,-0.06248114818172202,30
piemanpni,F1_n8,peak_amplitude,individual_TENT_column_vs_raw_feature,6.0,0.020858515826799824,0.010745623456887628,30
piemanpni,F1_n8,peak_amplitude,individual_TENT_column_vs_raw_feature,7.5,-0.03202827610207671,-0.011427432517725149,30
piemanpni,F1_n8,rms,collapsed_factor_vs_matching_FIR_feature,,-0.1855927570724483,-0.2683238208461169,30
piemanpni,F1_n8,rms,collapsed_factor_vs_raw_feature,,-0.03885662724840653,-0.05875374591188978,30
piemanpni,F1_n8,rms,individual_TENT_column_vs_raw_feature,1.5,-0.07671038739986616,-0.12121650889263856,30
piemanpni,F1_n8,rms,individual_TENT_column_vs_raw_feature,3.0,-0.028465562002616226,-0.06162518697776265,30
piemanpni,F1_n8,rms,individual_TENT_column_vs_raw_feature,4.5,-0.04277832998574092,-0.06405829216802283,30
piemanpni,F1_n8,rms,individual_TENT_column_vs_raw_feature,6.0,0.02847566313481377,0.024889791218887933,30
piemanpni,F1_n8,rms,individual_TENT_column_vs_raw_feature,7.5,-0.017312254154327786,0.010205503471904869,30
piemanpni,F1_n8,rms_dbfs,collapsed_factor_vs_matching_FIR_feature,,-0.13585770956158952,-0.28272237339554984,30
piemanpni,F1_n8,rms_dbfs,collapsed_factor_vs_raw_feature,,-0.04539149054712733,-0.06740571567552495,30
piemanpni,F1_n8,rms_dbfs,individual_TENT_column_vs_raw_feature,1.5,-0.05561868966242942,-0.10708111659656298,30
piemanpni,F1_n8,rms_dbfs,individual_TENT_column_vs_raw_feature,3.0,-0.03839455611282066,-0.04204873946444677,30
piemanpni,F1_n8,rms_dbfs,individual_TENT_column_vs_raw_feature,4.5,-0.03468209749120251,-0.04577571750223888,30
piemanpni,F1_n8,rms_dbfs,individual_TENT_column_vs_raw_feature,6.0,0.0052278792211394205,0.03956692487970714,30
piemanpni,F1_n8,rms_dbfs,individual_TENT_column_vs_raw_feature,7.5,-0.027850021031163207,0.007649994608626612,30
piemanpni,F1_n8,spectral_bandwidth_hz,collapsed_factor_vs_matching_FIR_feature,,0.029420021642201276,0.03222733391196627,30
piemanpni,F1_n8,spectral_bandwidth_hz,collapsed_factor_vs_raw_feature,,-0.00018081954995042754,-0.041788525013057375,30
piemanpni,F1_n8,spectral_bandwidth_hz,individual_TENT_column_vs_raw_feature,1.5,0.021337301924834993,-0.00917797088989763,30
piemanpni,F1_n8,spectral_bandwidth_hz,individual_TENT_column_vs_raw_feature,3.0,-0.016267431749185896,-0.057491982048146734,30
piemanpni,F1_n8,spectral_bandwidth_hz,individual_TENT_column_vs_raw_feature,4.5,0.015661046811370028,-0.02061613298674387,30
piemanpni,F1_n8,spectral_bandwidth_hz,individual_TENT_column_vs_raw_feature,6.0,-0.011343512641224627,-0.06912785244782634,30
piemanpni,F1_n8,spectral_bandwidth_hz,individual_TENT_column_vs_raw_feature,7.5,-0.004465133575191043,-0.04335404254570354,30
piemanpni,F1_n8,spectral_centroid_hz,collapsed_factor_vs_matching_FIR_feature,,0.05465054437835993,0.157999792270925,30
piemanpni,F1_n8,spectral_centroid_hz,collapsed_factor_vs_raw_feature,,0.001674561729957691,0.008574021962111792,30
piemanpni,F1_n8,spectral_centroid_hz,individual_TENT_column_vs_raw_feature,1.5,0.02546199898727757,0.051520446792952555,30
piemanpni,F1_n8,spectral_centroid_hz,individual_TENT_column_vs_raw_feature,3.0,-0.0033933347765028035,-0.02071355177570278,30
piemanpni,F1_n8,spectral_centroid_hz,individual_TENT_column_vs_raw_feature,4.5,-0.007678321386452674,-0.004663096934608447,30
piemanpni,F1_n8,spectral_centroid_hz,individual_TENT_column_vs_raw_feature,6.0,-0.01761358287109461,-0.04755668429456539,30
piemanpni,F1_n8,spectral_centroid_hz,individual_TENT_column_vs_raw_feature,7.5,0.022968037636217478,-0.005881551807214948,30
piemanpni,F1_n8,spectral_flatness,collapsed_factor_vs_matching_FIR_feature,,-0.013143058754174146,-0.018105363194120518,30
piemanpni,F1_n8,spectral_flatness,collapsed_factor_vs_raw_feature,,-0.015649087830249715,-0.028163721717690226,30
piemanpni,F1_n8,spectral_flatness,individual_TENT_column_vs_raw_feature,1.5,0.01644919437820623,-0.019500883171174273,30
piemanpni,F1_n8,spectral_flatness,individual_TENT_column_vs_raw_feature,3.0,-0.02611168357434119,-0.05320129917327199,30
piemanpni,F1_n8,spectral_flatness,individual_TENT_column_vs_raw_feature,4.5,-0.011937429343509972,-0.035055867462818545,30
piemanpni,F1_n8,spectral_flatness,individual_TENT_column_vs_raw_feature,6.0,-0.019801357734317047,-0.037808657611021555,30
piemanpni,F1_n8,spectral_flatness,individual_TENT_column_vs_raw_feature,7.5,0.005049935356248491,-0.018733849429938765,30
piemanpni,F1_n8,spectral_flux,collapsed_factor_vs_matching_FIR_feature,,0.0537918824376467,0.2596713680395131,30
piemanpni,F1_n8,spectral_flux,collapsed_factor_vs_raw_feature,,0.016355747601462366,0.06730154906803462,30
piemanpni,F1_n8,spectral_flux,individual_TENT_column_vs_raw_feature,1.5,0.02364474624693243,0.07188225117349882,30
piemanpni,F1_n8,spectral_flux,individual_TENT_column_vs_raw_feature,3.0,0.012560984664201946,-0.010662864776946805,30
piemanpni,F1_n8,spectral_flux,individual_TENT_column_vs_raw_feature,4.5,0.025866042585553816,0.081212984252899,30
piemanpni,F1_n8,spectral_flux,individual_TENT_column_vs_raw_feature,6.0,-0.008998544198263651,-0.00930609533265984,30
piemanpni,F1_n8,spectral_flux,individual_TENT_column_vs_raw_feature,7.5,-0.0006842390026598002,-0.01012955219591957,30
piemanpni,F1_n8,spectral_rolloff_85_hz,collapsed_factor_vs_matching_FIR_feature,,0.042902601845950274,0.1470928960430748,30
piemanpni,F1_n8,spectral_rolloff_85_hz,collapsed_factor_vs_raw_feature,,-0.0004043693374508747,0.007580309175681811,30
piemanpni,F1_n8,spectral_rolloff_85_hz,individual_TENT_column_vs_raw_feature,1.5,0.026824201744924916,0.04322042042044543,30
piemanpni,F1_n8,spectral_rolloff_85_hz,individual_TENT_column_vs_raw_feature,3.0,-0.00988092826402954,-0.030726420747483867,30
piemanpni,F1_n8,spectral_rolloff_85_hz,individual_TENT_column_vs_raw_feature,4.5,-0.003935443263011637,0.003357403004251914,30
piemanpni,F1_n8,spectral_rolloff_85_hz,individual_TENT_column_vs_raw_feature,6.0,-0.017577288624351057,-0.040758196214657025,30
piemanpni,F1_n8,spectral_rolloff_85_hz,individual_TENT_column_vs_raw_feature,7.5,0.017275549222486395,-0.005058429247951925,30
piemanpni,F1_n8,word_count_per_tr,collapsed_factor_vs_matching_FIR_feature,,0.020144338152851236,0.0060513464064790605,30
piemanpni,F1_n8,word_count_per_tr,collapsed_factor_vs_raw_feature,,0.02479105887226932,0.020380486189523775,30
piemanpni,F1_n8,word_count_per_tr,individual_TENT_column_vs_raw_feature,1.5,0.003723905716874364,-0.01455980742163811,30
piemanpni,F1_n8,word_count_per_tr,individual_TENT_column_vs_raw_feature,3.0,0.053352583156295076,0.028481816106509097,30
piemanpni,F1_n8,word_count_per_tr,individual_TENT_column_vs_raw_feature,4.5,-0.022381712908827296,-0.016112272244298904,30
piemanpni,F1_n8,word_count_per_tr,individual_TENT_column_vs_raw_feature,6.0,0.02764840270065592,0.010030129298551174,30
piemanpni,F1_n8,word_count_per_tr,individual_TENT_column_vs_raw_feature,7.5,0.010327731763091793,-0.007743775161376883,30
piemanpni,F1_n8,zero_crossing_rate,collapsed_factor_vs_matching_FIR_feature,,0.04784027437660753,0.14121569189994598,30
piemanpni,F1_n8,zero_crossing_rate,collapsed_factor_vs_raw_feature,,-0.004433265350369754,0.0002849819201286506,30
piemanpni,F1_n8,zero_crossing_rate,individual_TENT_column_vs_raw_feature,1.5,0.021157364426956152,0.045840048565501265,30
piemanpni,F1_n8,zero_crossing_rate,individual_TENT_column_vs_raw_feature,3.0,-0.007116670900126769,-0.023922463301775516,30
piemanpni,F1_n8,zero_crossing_rate,individual_TENT_column_vs_raw_feature,4.5,-0.012367981714773895,-0.012095773635020821,30
piemanpni,F1_n8,zero_crossing_rate,individual_TENT_column_vs_raw_feature,6.0,-0.021413011144409865,-0.0526231768941678,30
piemanpni,F1_n8,zero_crossing_rate,individual_TENT_column_vs_raw_feature,7.5,0.020538839331079337,-0.008676416031607157,30
piemanpni,F2_n8,peak_amplitude,collapsed_factor_vs_matching_FIR_feature,,0.12801593414174847,0.15669057528331806,30
piemanpni,F2_n8,peak_amplitude,collapsed_factor_vs_raw_feature,,0.12209460641669546,0.07954927453648887,30
piemanpni,F2_n8,peak_amplitude,individual_TENT_column_vs_raw_feature,1.5,0.08676812594250037,0.07704442574630073,30
piemanpni,F2_n8,peak_amplitude,individual_TENT_column_vs_raw_feature,3.0,0.06253682574293308,0.023772312586315576,30
piemanpni,F2_n8,peak_amplitude,individual_TENT_column_vs_raw_feature,4.5,0.05174026488462569,-0.013482334775844991,30
piemanpni,F2_n8,peak_amplitude,individual_TENT_column_vs_raw_feature,6.0,0.045569754481423454,-0.0025203564842549283,30
piemanpni,F2_n8,peak_amplitude,individual_TENT_column_vs_raw_feature,7.5,0.10195407577905462,0.049805109125842954,30
piemanpni,F2_n8,rms,collapsed_factor_vs_matching_FIR_feature,,0.13960292505908256,0.16929099163815392,30
piemanpni,F2_n8,rms,collapsed_factor_vs_raw_feature,,0.12622506590916197,0.08594666319242528,30
piemanpni,F2_n8,rms,individual_TENT_column_vs_raw_feature,1.5,0.0929593195674776,0.07835436705791822,30
piemanpni,F2_n8,rms,individual_TENT_column_vs_raw_feature,3.0,0.06710882156766768,0.02806157674096276,30
piemanpni,F2_n8,rms,individual_TENT_column_vs_raw_feature,4.5,0.06072052057747308,-0.002775253218472661,30
piemanpni,F2_n8,rms,individual_TENT_column_vs_raw_feature,6.0,0.04553731115141447,0.009602134953476723,30
piemanpni,F2_n8,rms,individual_TENT_column_vs_raw_feature,7.5,0.0912395233056874,0.0499761791922578,30
piemanpni,F2_n8,rms_dbfs,collapsed_factor_vs_matching_FIR_feature,,0.1541401945973439,0.2722486374946943,30
piemanpni,F2_n8,rms_dbfs,collapsed_factor_vs_raw_feature,,0.15515903883382381,0.15648588048918982,30
piemanpni,F2_n8,rms_dbfs,individual_TENT_column_vs_raw_feature,1.5,0.07591712047823543,0.09655033794262018,30
piemanpni,F2_n8,rms_dbfs,individual_TENT_column_vs_raw_feature,3.0,0.09266964079771815,0.1011833630827332,30
piemanpni,F2_n8,rms_dbfs,individual_TENT_column_vs_raw_feature,4.5,0.07112122335192542,0.08986906926796648,30
piemanpni,F2_n8,rms_dbfs,individual_TENT_column_vs_raw_feature,6.0,0.07645312952919094,0.07036544939299853,30
piemanpni,F2_n8,rms_dbfs,individual_TENT_column_vs_raw_feature,7.5,0.11134635297518486,0.10093301634226899,30
piemanpni,F2_n8,spectral_bandwidth_hz,collapsed_factor_vs_matching_FIR_feature,,-0.07973379952062488,-0.14273960819149206,30
piemanpni,F2_n8,spectral_bandwidth_hz,collapsed_factor_vs_raw_feature,,-0.12936800259946502,-0.15613275332774298,30
piemanpni,F2_n8,spectral_bandwidth_hz,individual_TENT_column_vs_raw_feature,1.5,-0.07219710810995218,-0.0734187380940359,30
piemanpni,F2_n8,spectral_bandwidth_hz,individual_TENT_column_vs_raw_feature,3.0,-0.08672180955336216,-0.09243553415961703,30
piemanpni,F2_n8,spectral_bandwidth_hz,individual_TENT_column_vs_raw_feature,4.5,-0.06826615651480734,-0.126375578163462,30
piemanpni,F2_n8,spectral_bandwidth_hz,individual_TENT_column_vs_raw_feature,6.0,-0.08936283979513976,-0.1359079593724172,30
piemanpni,F2_n8,spectral_bandwidth_hz,individual_TENT_column_vs_raw_feature,7.5,-0.024244710475815872,-0.03603348959158729,30
piemanpni,F2_n8,spectral_centroid_hz,collapsed_factor_vs_matching_FIR_feature,,-0.010264925566650228,-0.034264969660132434,30
piemanpni,F2_n8,spectral_centroid_hz,collapsed_factor_vs_raw_feature,,-0.10115873629072986,-0.07887254589599049,30
piemanpni,F2_n8,spectral_centroid_hz,individual_TENT_column_vs_raw_feature,1.5,0.0009947314346482577,0.002353344290542048,30
piemanpni,F2_n8,spectral_centroid_hz,individual_TENT_column_vs_raw_feature,3.0,-0.02842247226158804,-0.02216726710220614,30
piemanpni,F2_n8,spectral_centroid_hz,individual_TENT_column_vs_raw_feature,4.5,-0.01925681761290216,-0.030752416105895783,30
piemanpni,F2_n8,spectral_centroid_hz,individual_TENT_column_vs_raw_feature,6.0,-0.10888104120163193,-0.10544898190025442,30
piemanpni,F2_n8,spectral_centroid_hz,individual_TENT_column_vs_raw_feature,7.5,-0.12044506176492543,-0.11424892822061287,30
piemanpni,F2_n8,spectral_flatness,collapsed_factor_vs_matching_FIR_feature,,-0.11559278224529863,-0.14145519145351507,30
piemanpni,F2_n8,spectral_flatness,collapsed_factor_vs_raw_feature,,-0.1524523825349933,-0.12299407222918833,30
piemanpni,F2_n8,spectral_flatness,individual_TENT_column_vs_raw_feature,1.5,-0.08255067435782434,-0.09154238680760282,30
piemanpni,F2_n8,spectral_flatness,individual_TENT_column_vs_raw_feature,3.0,-0.10486743919138729,-0.09936314503077762,30
piemanpni,F2_n8,spectral_flatness,individual_TENT_column_vs_raw_feature,4.5,-0.0378314452821422,-0.08509507570223733,30
piemanpni,F2_n8,spectral_flatness,individual_TENT_column_vs_raw_feature,6.0,-0.11452386236320548,-0.12884935333357883,30
piemanpni,F2_n8,spectral_flatness,individual_TENT_column_vs_raw_feature,7.5,-0.07295171421045879,-0.05584790764832008,30
piemanpni,F2_n8,spectral_flux,collapsed_factor_vs_matching_FIR_feature,,-0.021903780732658265,-0.14973304239428006,30
piemanpni,F2_n8,spectral_flux,collapsed_factor_vs_raw_feature,,0.001131879644187362,0.005313678009302373,30
piemanpni,F2_n8,spectral_flux,individual_TENT_column_vs_raw_feature,1.5,0.002664339293004465,0.0033031116108116904,30
piemanpni,F2_n8,spectral_flux,individual_TENT_column_vs_raw_feature,3.0,0.008756491863538848,0.018133845495261723,30
piemanpni,F2_n8,spectral_flux,individual_TENT_column_vs_raw_feature,4.5,-0.011398106302495385,-0.0477188913072494,30
piemanpni,F2_n8,spectral_flux,individual_TENT_column_vs_raw_feature,6.0,0.020783886366150733,0.016888682042209238,30
piemanpni,F2_n8,spectral_flux,individual_TENT_column_vs_raw_feature,7.5,-0.023578348206993793,-0.01757948587253443,30
piemanpni,F2_n8,spectral_rolloff_85_hz,collapsed_factor_vs_matching_FIR_feature,,-0.022454060385785023,-0.058324761580093906,30
piemanpni,F2_n8,spectral_rolloff_85_hz,collapsed_factor_vs_raw_feature,,-0.11687454973469912,-0.11366967921076,30
piemanpni,F2_n8,spectral_rolloff_85_hz,individual_TENT_column_vs_raw_feature,1.5,-0.01802455839579206,-0.013185391726023699,30
piemanpni,F2_n8,spectral_rolloff_85_hz,individual_TENT_column_vs_raw_feature,3.0,-0.04153706482879413,-0.04089155597903467,30
piemanpni,F2_n8,spectral_rolloff_85_hz,individual_TENT_column_vs_raw_feature,4.5,-0.03282677366309934,-0.05438240944812354,30
piemanpni,F2_n8,spectral_rolloff_85_hz,individual_TENT_column_vs_raw_feature,6.0,-0.11672299588113709,-0.13969884580175146,30
piemanpni,F2_n8,spectral_rolloff_85_hz,individual_TENT_column_vs_raw_feature,7.5,-0.10708059573474617,-0.11400327848983366,30
piemanpni,F2_n8,word_count_per_tr,collapsed_factor_vs_matching_FIR_feature,,-0.066226671085338,-0.11353049819848972,30
piemanpni,F2_n8,word_count_per_tr,collapsed_factor_vs_raw_feature,,0.028711237616058757,-0.009955328131178696,30
piemanpni,F2_n8,word_count_per_tr,individual_TENT_column_vs_raw_feature,1.5,-0.041472990334864866,-0.039959091395108316,30
piemanpni,F2_n8,word_count_per_tr,individual_TENT_column_vs_raw_feature,3.0,0.0075889844059765,-0.04532995492180864,30
piemanpni,F2_n8,word_count_per_tr,individual_TENT_column_vs_raw_feature,4.5,0.016874151342699508,-0.0337745053187386,30
piemanpni,F2_n8,word_count_per_tr,individual_TENT_column_vs_raw_feature,6.0,0.022825411682947574,0.009160534049660638,30
piemanpni,F2_n8,word_count_per_tr,individual_TENT_column_vs_raw_feature,7.5,0.06924495752166854,0.03456622168378266,30
piemanpni,F2_n8,zero_crossing_rate,collapsed_factor_vs_matching_FIR_feature,,0.004593608524644563,-0.005730274821636657,30
piemanpni,F2_n8,zero_crossing_rate,collapsed_factor_vs_raw_feature,,-0.09011366893254223,-0.07145227793607697,30
piemanpni,F2_n8,zero_crossing_rate,individual_TENT_column_vs_raw_feature,1.5,0.008343181235652983,0.011279625777666953,30
piemanpni,F2_n8,zero_crossing_rate,individual_TENT_column_vs_raw_feature,3.0,-0.022019286959114072,-0.01858216328130938,30
piemanpni,F2_n8,zero_crossing_rate,individual_TENT_column_vs_raw_feature,4.5,-0.012083269448606477,-0.02159150569266526,30
piemanpni,F2_n8,zero_crossing_rate,individual_TENT_column_vs_raw_feature,6.0,-0.10359304447334014,-0.10331121916945162,30
piemanpni,F2_n8,zero_crossing_rate,individual_TENT_column_vs_raw_feature,7.5,-0.11676641231969952,-0.11459994686057459,30
piemanpni,F3_n8,peak_amplitude,collapsed_factor_vs_matching_FIR_feature,,0.170129360057608,0.2253074335737145,30
piemanpni,F3_n8,peak_amplitude,collapsed_factor_vs_raw_feature,,0.12621892979983845,0.130704763238064,30
piemanpni,F3_n8,peak_amplitude,individual_TENT_column_vs_raw_feature,1.5,0.038534998555091377,0.055037411711127034,30
piemanpni,F3_n8,peak_amplitude,individual_TENT_column_vs_raw_feature,3.0,0.08586850418595368,0.08631659381816388,30
piemanpni,F3_n8,peak_amplitude,individual_TENT_column_vs_raw_feature,4.5,0.06611583446479966,0.04295861203705329,30
piemanpni,F3_n8,peak_amplitude,individual_TENT_column_vs_raw_feature,6.0,0.09788683428461842,0.02980234646017515,30
piemanpni,F3_n8,peak_amplitude,individual_TENT_column_vs_raw_feature,7.5,0.05332038202350913,0.039995654421142196,30
piemanpni,F3_n8,rms,collapsed_factor_vs_matching_FIR_feature,,0.1286058417474397,0.1900117183003913,30
piemanpni,F3_n8,rms,collapsed_factor_vs_raw_feature,,0.11760967619597948,0.11955917244205838,30
piemanpni,F3_n8,rms,individual_TENT_column_vs_raw_feature,1.5,0.020789258083152164,0.04523177058763717,30
piemanpni,F3_n8,rms,individual_TENT_column_vs_raw_feature,3.0,0.07583577227129425,0.08321952756140703,30
piemanpni,F3_n8,rms,individual_TENT_column_vs_raw_feature,4.5,0.059346154710255804,0.03448081286391546,30
piemanpni,F3_n8,rms,individual_TENT_column_vs_raw_feature,6.0,0.10542837188128468,0.03494142403112895,30
piemanpni,F3_n8,rms,individual_TENT_column_vs_raw_feature,7.5,0.05397699472519515,0.03484534328997499,30
piemanpni,F3_n8,rms_dbfs,collapsed_factor_vs_matching_FIR_feature,,0.12113155274316041,0.23796524479197964,30
piemanpni,F3_n8,rms_dbfs,collapsed_factor_vs_raw_feature,,0.11187753826236443,0.1184553843313956,30
piemanpni,F3_n8,rms_dbfs,individual_TENT_column_vs_raw_feature,1.5,0.03312597110000776,0.06384730585587729,30
piemanpni,F3_n8,rms_dbfs,individual_TENT_column_vs_raw_feature,3.0,0.06319617005380936,0.08163528997396845,30
piemanpni,F3_n8,rms_dbfs,individual_TENT_column_vs_raw_feature,4.5,0.04766077315683725,0.016382198920971404,30
piemanpni,F3_n8,rms_dbfs,individual_TENT_column_vs_raw_feature,6.0,0.0907502110645794,0.0539390336916016,30
piemanpni,F3_n8,rms_dbfs,individual_TENT_column_vs_raw_feature,7.5,0.07531615107733744,0.070759994292008,30
piemanpni,F3_n8,spectral_bandwidth_hz,collapsed_factor_vs_matching_FIR_feature,,-0.05752544814984725,-0.10539610087729705,30
piemanpni,F3_n8,spectral_bandwidth_hz,collapsed_factor_vs_raw_feature,,0.008195830650562414,0.023973909283079377,30
piemanpni,F3_n8,spectral_bandwidth_hz,individual_TENT_column_vs_raw_feature,1.5,-0.0226155335765796,-0.07296899955962681,30
piemanpni,F3_n8,spectral_bandwidth_hz,individual_TENT_column_vs_raw_feature,3.0,0.024293666045418084,0.009711376410998607,30
piemanpni,F3_n8,spectral_bandwidth_hz,individual_TENT_column_vs_raw_feature,4.5,0.026251159104335255,0.05929848580456925,30
piemanpni,F3_n8,spectral_bandwidth_hz,individual_TENT_column_vs_raw_feature,6.0,0.022816705340007407,0.032107293923212675,30
piemanpni,F3_n8,spectral_bandwidth_hz,individual_TENT_column_vs_raw_feature,7.5,-0.04955144501849611,-0.06116976803376322,30
piemanpni,F3_n8,spectral_centroid_hz,collapsed_factor_vs_matching_FIR_feature,,-0.13672942952760367,-0.2740455927250233,30
piemanpni,F3_n8,spectral_centroid_hz,collapsed_factor_vs_raw_feature,,-0.11940032449374934,-0.13706365040415702,30
piemanpni,F3_n8,spectral_centroid_hz,individual_TENT_column_vs_raw_feature,1.5,-0.03966561630330128,-0.0740318002069684,30
piemanpni,F3_n8,spectral_centroid_hz,individual_TENT_column_vs_raw_feature,3.0,-0.0931140684323899,-0.10778561411504074,30
piemanpni,F3_n8,spectral_centroid_hz,individual_TENT_column_vs_raw_feature,4.5,-0.08080472302384087,-0.0712313416385508,30
piemanpni,F3_n8,spectral_centroid_hz,individual_TENT_column_vs_raw_feature,6.0,-0.07856205514866048,-0.07064919343850991,30
piemanpni,F3_n8,spectral_centroid_hz,individual_TENT_column_vs_raw_feature,7.5,-0.025360054599389805,-0.03064502209345041,30
piemanpni,F3_n8,spectral_flatness,collapsed_factor_vs_matching_FIR_feature,,-0.05492433297840343,-0.04684483723670348,30
piemanpni,F3_n8,spectral_flatness,collapsed_factor_vs_raw_feature,,-0.05130117550199062,-0.019672135460825878,30
piemanpni,F3_n8,spectral_flatness,individual_TENT_column_vs_raw_feature,1.5,-0.019698828031804127,-0.02008951859054461,30
piemanpni,F3_n8,spectral_flatness,individual_TENT_column_vs_raw_feature,3.0,-0.0016482302769265942,0.01515878917807479,30
piemanpni,F3_n8,spectral_flatness,individual_TENT_column_vs_raw_feature,4.5,-0.0096707560876649,0.022579641781682695,30
piemanpni,F3_n8,spectral_flatness,individual_TENT_column_vs_raw_feature,6.0,-0.05367950835732855,-0.012878905772390765,30
piemanpni,F3_n8,spectral_flatness,individual_TENT_column_vs_raw_feature,7.5,-0.06744356814086,-0.04819000643998521,30
piemanpni,F3_n8,spectral_flux,collapsed_factor_vs_matching_FIR_feature,,-0.055884644272637445,-0.21210779594924872,30
piemanpni,F3_n8,spectral_flux,collapsed_factor_vs_raw_feature,,-0.024165959198304297,-0.042293059873826845,30
piemanpni,F3_n8,spectral_flux,individual_TENT_column_vs_raw_feature,1.5,-0.006203232203719489,-0.0033668125959835826,30
piemanpni,F3_n8,spectral_flux,individual_TENT_column_vs_raw_feature,3.0,-0.0355526110762278,-0.07054846430235338,30
piemanpni,F3_n8,spectral_flux,individual_TENT_column_vs_raw_feature,4.5,-0.02093366421052464,-0.06113951175319565,30
piemanpni,F3_n8,spectral_flux,individual_TENT_column_vs_raw_feature,6.0,-0.0013133571004489265,0.021982833472623736,30
piemanpni,F3_n8,spectral_flux,individual_TENT_column_vs_raw_feature,7.5,0.002185468316300517,0.01689664317045839,30
piemanpni,F3_n8,spectral_rolloff_85_hz,collapsed_factor_vs_matching_FIR_feature,,-0.12086821511649616,-0.2676851869742184,30
piemanpni,F3_n8,spectral_rolloff_85_hz,collapsed_factor_vs_raw_feature,,-0.10456418419146989,-0.13572938987183675,30
piemanpni,F3_n8,spectral_rolloff_85_hz,individual_TENT_column_vs_raw_feature,1.5,-0.040903222683438704,-0.09359068110991434,30
piemanpni,F3_n8,spectral_rolloff_85_hz,individual_TENT_column_vs_raw_feature,3.0,-0.0769094054334582,-0.10904548918049574,30
piemanpni,F3_n8,spectral_rolloff_85_hz,individual_TENT_column_vs_raw_feature,4.5,-0.06646918774576069,-0.06610766476010635,30
piemanpni,F3_n8,spectral_rolloff_85_hz,individual_TENT_column_vs_raw_feature,6.0,-0.06661246525249406,-0.06824496779239264,30
piemanpni,F3_n8,spectral_rolloff_85_hz,individual_TENT_column_vs_raw_feature,7.5,-0.03126537708758553,-0.043017313593861864,30
piemanpni,F3_n8,word_count_per_tr,collapsed_factor_vs_matching_FIR_feature,,0.17005588526642337,0.18204018573493233,30
piemanpni,F3_n8,word_count_per_tr,collapsed_factor_vs_raw_feature,,0.10521097188691615,0.14751393131837354,30
piemanpni,F3_n8,word_count_per_tr,individual_TENT_column_vs_raw_feature,1.5,0.027544320885988606,0.061492914040223896,30
piemanpni,F3_n8,word_count_per_tr,individual_TENT_column_vs_raw_feature,3.0,0.022837558830589057,0.05049776690709979,30
piemanpni,F3_n8,word_count_per_tr,individual_TENT_column_vs_raw_feature,4.5,0.04579506303018633,0.05280392872258941,30
piemanpni,F3_n8,word_count_per_tr,individual_TENT_column_vs_raw_feature,6.0,0.11219979313204481,0.1101046337569795,30
piemanpni,F3_n8,word_count_per_tr,individual_TENT_column_vs_raw_feature,7.5,0.08630093147652833,0.10598140066965683,30
piemanpni,F3_n8,zero_crossing_rate,collapsed_factor_vs_matching_FIR_feature,,-0.1318355054041443,-0.26712774023539315,30
piemanpni,F3_n8,zero_crossing_rate,collapsed_factor_vs_raw_feature,,-0.10854032462769365,-0.12861589544664015,30
piemanpni,F3_n8,zero_crossing_rate,individual_TENT_column_vs_raw_feature,1.5,-0.03611041712162279,-0.07014748525866597,30
piemanpni,F3_n8,zero_crossing_rate,individual_TENT_column_vs_raw_feature,3.0,-0.09007190302251751,-0.10189439040156881,30
piemanpni,F3_n8,zero_crossing_rate,individual_TENT_column_vs_raw_feature,4.5,-0.07396224402900785,-0.07004577270590154,30
piemanpni,F3_n8,zero_crossing_rate,individual_TENT_column_vs_raw_feature,6.0,-0.07069473054734371,-0.06818819480194836,30
piemanpni,F3_n8,zero_crossing_rate,individual_TENT_column_vs_raw_feature,7.5,-0.015909668013382235,-0.02819972976798661,30
piemanpni,F4_n8,peak_amplitude,collapsed_factor_vs_matching_FIR_feature,,0.21065814239682557,0.29006773495022925,30
piemanpni,F4_n8,peak_amplitude,collapsed_factor_vs_raw_feature,,0.04324621291634886,0.052502804640633643,30
piemanpni,F4_n8,peak_amplitude,individual_TENT_column_vs_raw_feature,1.5,0.04588050915790725,0.062014824883939994,30
piemanpni,F4_n8,peak_amplitude,individual_TENT_column_vs_raw_feature,3.0,0.029999775275597683,0.0201734922757461,30
piemanpni,F4_n8,peak_amplitude,individual_TENT_column_vs_raw_feature,4.5,0.009196972144644978,0.004133441382987184,30
piemanpni,F4_n8,peak_amplitude,individual_TENT_column_vs_raw_feature,6.0,0.010323440834313299,0.008394804039825754,30
piemanpni,F4_n8,peak_amplitude,individual_TENT_column_vs_raw_feature,7.5,0.047847038961225004,-0.005061900970793148,30
piemanpni,F4_n8,rms,collapsed_factor_vs_matching_FIR_feature,,0.18386508541472787,0.26464960481522865,30
piemanpni,F4_n8,rms,collapsed_factor_vs_raw_feature,,0.023118809117805072,0.02859219842060961,30
piemanpni,F4_n8,rms,individual_TENT_column_vs_raw_feature,1.5,0.038781129696901485,0.05987677076508791,30
piemanpni,F4_n8,rms,individual_TENT_column_vs_raw_feature,3.0,0.012390999558299913,0.00482956010797513,30
piemanpni,F4_n8,rms,individual_TENT_column_vs_raw_feature,4.5,-0.0097482585582549,-0.01140532836270161,30
piemanpni,F4_n8,rms,individual_TENT_column_vs_raw_feature,6.0,-1.8908505919189096e-05,8.677838725223366e-05,30
piemanpni,F4_n8,rms,individual_TENT_column_vs_raw_feature,7.5,0.04584014831955208,-0.013243554511316858,30
piemanpni,F4_n8,rms_dbfs,collapsed_factor_vs_matching_FIR_feature,,0.1728015046066269,0.31823207939425135,30
piemanpni,F4_n8,rms_dbfs,collapsed_factor_vs_raw_feature,,0.04470071669741381,0.04560584143857017,30
piemanpni,F4_n8,rms_dbfs,individual_TENT_column_vs_raw_feature,1.5,0.03751324235045203,0.060488874968468956,30
piemanpni,F4_n8,rms_dbfs,individual_TENT_column_vs_raw_feature,3.0,0.036729109225978954,0.030204317191316287,30
piemanpni,F4_n8,rms_dbfs,individual_TENT_column_vs_raw_feature,4.5,0.02225113252752835,0.024359189853781636,30
piemanpni,F4_n8,rms_dbfs,individual_TENT_column_vs_raw_feature,6.0,0.003796730823346176,0.03370146255224417,30
piemanpni,F4_n8,rms_dbfs,individual_TENT_column_vs_raw_feature,7.5,0.0424185726267506,0.024526991076779657,30
piemanpni,F4_n8,spectral_bandwidth_hz,collapsed_factor_vs_matching_FIR_feature,,-0.05052022096474438,-0.08986264166622758,30
piemanpni,F4_n8,spectral_bandwidth_hz,collapsed_factor_vs_raw_feature,,-0.01736670928886362,-0.021350139042710835,30
piemanpni,F4_n8,spectral_bandwidth_hz,individual_TENT_column_vs_raw_feature,1.5,-0.0043463704398582215,0.008840307773009029,30
piemanpni,F4_n8,spectral_bandwidth_hz,individual_TENT_column_vs_raw_feature,3.0,0.003053900784971642,0.00815362160114107,30
piemanpni,F4_n8,spectral_bandwidth_hz,individual_TENT_column_vs_raw_feature,4.5,-0.046716907507551114,-0.06179874375226712,30
piemanpni,F4_n8,spectral_bandwidth_hz,individual_TENT_column_vs_raw_feature,6.0,0.004937704235593172,-0.045736939149352326,30
piemanpni,F4_n8,spectral_bandwidth_hz,individual_TENT_column_vs_raw_feature,7.5,-0.005864337517665256,-0.020503011013142083,30
piemanpni,F4_n8,spectral_centroid_hz,collapsed_factor_vs_matching_FIR_feature,,-0.07736614547837277,-0.16005372532599085,30
piemanpni,F4_n8,spectral_centroid_hz,collapsed_factor_vs_raw_feature,,-0.03214736461657421,-0.04570268567682648,30
piemanpni,F4_n8,spectral_centroid_hz,individual_TENT_column_vs_raw_feature,1.5,-0.022845071322423856,-0.03015475320247931,30
piemanpni,F4_n8,spectral_centroid_hz,individual_TENT_column_vs_raw_feature,3.0,-0.02611622766069061,-0.023219957511053404,30
piemanpni,F4_n8,spectral_centroid_hz,individual_TENT_column_vs_raw_feature,4.5,-0.020319263862842187,-0.050105651636742715,30
piemanpni,F4_n8,spectral_centroid_hz,individual_TENT_column_vs_raw_feature,6.0,-0.01735717984916278,-0.013970847440867101,30
piemanpni,F4_n8,spectral_centroid_hz,individual_TENT_column_vs_raw_feature,7.5,-0.008059673190203825,-0.009834851661339385,30
piemanpni,F4_n8,spectral_flatness,collapsed_factor_vs_matching_FIR_feature,,-0.05527499870064815,-0.06883108520862836,30
piemanpni,F4_n8,spectral_flatness,collapsed_factor_vs_raw_feature,,-0.03101797128291784,-0.03781176990261042,30
piemanpni,F4_n8,spectral_flatness,individual_TENT_column_vs_raw_feature,1.5,-0.04819011839760006,-0.050499794165875085,30
piemanpni,F4_n8,spectral_flatness,individual_TENT_column_vs_raw_feature,3.0,-0.023334549673288664,-0.008762725485505524,30
piemanpni,F4_n8,spectral_flatness,individual_TENT_column_vs_raw_feature,4.5,-0.05273722090785365,-0.06322834083490202,30
piemanpni,F4_n8,spectral_flatness,individual_TENT_column_vs_raw_feature,6.0,0.0049383067616192945,-0.006559452972109575,30
piemanpni,F4_n8,spectral_flatness,individual_TENT_column_vs_raw_feature,7.5,0.030396376225125508,0.003930778024652454,30
piemanpni,F4_n8,spectral_flux,collapsed_factor_vs_matching_FIR_feature,,-0.040256321957999934,-0.1654327813742969,30
piemanpni,F4_n8,spectral_flux,collapsed_factor_vs_raw_feature,,0.021373659940834257,0.013570003628841632,30
piemanpni,F4_n8,spectral_flux,individual_TENT_column_vs_raw_feature,1.5,-0.0016460446753522688,-0.009887781867527288,30
piemanpni,F4_n8,spectral_flux,individual_TENT_column_vs_raw_feature,3.0,0.019756872298618507,0.011426609166114965,30
piemanpni,F4_n8,spectral_flux,individual_TENT_column_vs_raw_feature,4.5,0.021587369989054455,-0.010250017190727732,30
piemanpni,F4_n8,spectral_flux,individual_TENT_column_vs_raw_feature,6.0,0.020532489023727476,0.013632719119966028,30
piemanpni,F4_n8,spectral_flux,individual_TENT_column_vs_raw_feature,7.5,-0.0062756752060496935,0.020729666871445226,30
piemanpni,F4_n8,spectral_rolloff_85_hz,collapsed_factor_vs_matching_FIR_feature,,-0.06797935702826949,-0.1586724882517178,30
piemanpni,F4_n8,spectral_rolloff_85_hz,collapsed_factor_vs_raw_feature,,-0.032635696963592586,-0.05870204464195498,30
piemanpni,F4_n8,spectral_rolloff_85_hz,individual_TENT_column_vs_raw_feature,1.5,-0.02467898096524584,-0.038703874752111345,30
piemanpni,F4_n8,spectral_rolloff_85_hz,individual_TENT_column_vs_raw_feature,3.0,-0.01903817823158069,-0.016966483214810327,30
piemanpni,F4_n8,spectral_rolloff_85_hz,individual_TENT_column_vs_raw_feature,4.5,-0.030570146465632927,-0.07009994536604967,30
piemanpni,F4_n8,spectral_rolloff_85_hz,individual_TENT_column_vs_raw_feature,6.0,-0.01683481861866398,-0.03340803969749591,30
piemanpni,F4_n8,spectral_rolloff_85_hz,individual_TENT_column_vs_raw_feature,7.5,-0.00440576350965326,-0.009584121139701548,30
piemanpni,F4_n8,word_count_per_tr,collapsed_factor_vs_matching_FIR_feature,,0.08671851361273099,0.08073197591614788,30
piemanpni,F4_n8,word_count_per_tr,collapsed_factor_vs_raw_feature,,0.04968385602554637,0.06031340124525927,30
piemanpni,F4_n8,word_count_per_tr,individual_TENT_column_vs_raw_feature,1.5,0.015194025848266108,0.024089475527871284,30
piemanpni,F4_n8,word_count_per_tr,individual_TENT_column_vs_raw_feature,3.0,-0.030089428355825044,-0.02305061364830777,30
piemanpni,F4_n8,word_count_per_tr,individual_TENT_column_vs_raw_feature,4.5,0.03476137826465223,0.0368940437081561,30
piemanpni,F4_n8,word_count_per_tr,individual_TENT_column_vs_raw_feature,6.0,0.07508754460864325,0.0755459377296128,30
piemanpni,F4_n8,word_count_per_tr,individual_TENT_column_vs_raw_feature,7.5,0.05801159795680874,0.041806398751601435,30
piemanpni,F4_n8,zero_crossing_rate,collapsed_factor_vs_matching_FIR_feature,,-0.06265770945792068,-0.13368633611229777,30
piemanpni,F4_n8,zero_crossing_rate,collapsed_factor_vs_raw_feature,,-0.022688919399630417,-0.03598885852101246,30
piemanpni,F4_n8,zero_crossing_rate,individual_TENT_column_vs_raw_feature,1.5,-0.013075942951213514,-0.018513280609628233,30
piemanpni,F4_n8,zero_crossing_rate,individual_TENT_column_vs_raw_feature,3.0,-0.017230340633046425,-0.012136916526478032,30
piemanpni,F4_n8,zero_crossing_rate,individual_TENT_column_vs_raw_feature,4.5,-0.012563589006136617,-0.044710973250827624,30
piemanpni,F4_n8,zero_crossing_rate,individual_TENT_column_vs_raw_feature,6.0,-0.015159078748697588,-0.013739361212716643,30
piemanpni,F4_n8,zero_crossing_rate,individual_TENT_column_vs_raw_feature,7.5,-0.008659387142432121,-0.01252812851397859,30
piemanpni,F5_n8,peak_amplitude,collapsed_factor_vs_matching_FIR_feature,,0.062207574410689775,0.06887312753657246,30
piemanpni,F5_n8,peak_amplitude,collapsed_factor_vs_raw_feature,,0.04010075222543272,0.015248007210726593,30
piemanpni,F5_n8,peak_amplitude,individual_TENT_column_vs_raw_feature,1.5,0.020868885727537645,0.05687899282380316,30
piemanpni,F5_n8,peak_amplitude,individual_TENT_column_vs_raw_feature,3.0,0.06474600269483823,0.0517173178152474,30
piemanpni,F5_n8,peak_amplitude,individual_TENT_column_vs_raw_feature,4.5,0.029691860194424633,0.031111825230210218,30
piemanpni,F5_n8,peak_amplitude,individual_TENT_column_vs_raw_feature,6.0,-0.01727003080550083,-0.030606760829199938,30
piemanpni,F5_n8,peak_amplitude,individual_TENT_column_vs_raw_feature,7.5,0.014111223488910288,0.037519211554946426,30
piemanpni,F5_n8,rms,collapsed_factor_vs_matching_FIR_feature,,0.06200934051872337,0.06047836113326632,30
piemanpni,F5_n8,rms,collapsed_factor_vs_raw_feature,,0.05421279359387823,0.024763780338516218,30
piemanpni,F5_n8,rms,individual_TENT_column_vs_raw_feature,1.5,0.02407312378939923,0.05625778847968326,30
piemanpni,F5_n8,rms,individual_TENT_column_vs_raw_feature,3.0,0.07173244994108854,0.06105438853954224,30
piemanpni,F5_n8,rms,individual_TENT_column_vs_raw_feature,4.5,0.03592009122899483,0.03149771713210571,30
piemanpni,F5_n8,rms,individual_TENT_column_vs_raw_feature,6.0,-0.005976235480992231,-0.020822320326482156,30
piemanpni,F5_n8,rms,individual_TENT_column_vs_raw_feature,7.5,0.027259044054919503,0.039281185320233156,30
piemanpni,F5_n8,rms_dbfs,collapsed_factor_vs_matching_FIR_feature,,0.0773244793458835,0.10981692251847314,30
piemanpni,F5_n8,rms_dbfs,collapsed_factor_vs_raw_feature,,0.05530232637096517,0.014934562566418971,30
piemanpni,F5_n8,rms_dbfs,individual_TENT_column_vs_raw_feature,1.5,0.02023979537597747,0.06409253070105028,30
piemanpni,F5_n8,rms_dbfs,individual_TENT_column_vs_raw_feature,3.0,0.04259762865407733,0.01747839675013041,30
piemanpni,F5_n8,rms_dbfs,individual_TENT_column_vs_raw_feature,4.5,0.05962599614464363,0.054414777874575694,30
piemanpni,F5_n8,rms_dbfs,individual_TENT_column_vs_raw_feature,6.0,0.012360396001382517,-0.032854959483135195,30
piemanpni,F5_n8,rms_dbfs,individual_TENT_column_vs_raw_feature,7.5,0.016697407857573104,0.03446966000686789,30
piemanpni,F5_n8,spectral_bandwidth_hz,collapsed_factor_vs_matching_FIR_feature,,-0.01354329665549436,0.0015175390844983931,30
piemanpni,F5_n8,spectral_bandwidth_hz,collapsed_factor_vs_raw_feature,,-0.004755560662573307,0.025145488360521585,30
piemanpni,F5_n8,spectral_bandwidth_hz,individual_TENT_column_vs_raw_feature,1.5,0.03659347489960294,0.07090183074758256,30
piemanpni,F5_n8,spectral_bandwidth_hz,individual_TENT_column_vs_raw_feature,3.0,0.021864752987557894,0.0448592242352371,30
piemanpni,F5_n8,spectral_bandwidth_hz,individual_TENT_column_vs_raw_feature,4.5,-0.03460113490715003,-0.02951671078769368,30
piemanpni,F5_n8,spectral_bandwidth_hz,individual_TENT_column_vs_raw_feature,6.0,-0.03553720340048259,-0.01271906329341935,30
piemanpni,F5_n8,spectral_bandwidth_hz,individual_TENT_column_vs_raw_feature,7.5,0.013531568118972164,0.009085881034430717,30
piemanpni,F5_n8,spectral_centroid_hz,collapsed_factor_vs_matching_FIR_feature,,-0.024133219831822227,-0.011844599223256876,30
piemanpni,F5_n8,spectral_centroid_hz,collapsed_factor_vs_raw_feature,,-0.07368292849324869,-0.04860659559176084,30
piemanpni,F5_n8,spectral_centroid_hz,individual_TENT_column_vs_raw_feature,1.5,-0.07407870463539706,-0.09886895801192187,30
piemanpni,F5_n8,spectral_centroid_hz,individual_TENT_column_vs_raw_feature,3.0,-0.05093808694776871,-0.04185957676743917,30
piemanpni,F5_n8,spectral_centroid_hz,individual_TENT_column_vs_raw_feature,4.5,-0.028112506884829604,-0.0014818532776832382,30
piemanpni,F5_n8,spectral_centroid_hz,individual_TENT_column_vs_raw_feature,6.0,-0.02962191203735015,0.0046791757638540935,30
piemanpni,F5_n8,spectral_centroid_hz,individual_TENT_column_vs_raw_feature,7.5,-0.03599625464417987,-0.05268622614074273,30
piemanpni,F5_n8,spectral_flatness,collapsed_factor_vs_matching_FIR_feature,,-0.07880417827989347,-0.07913428986917138,30
piemanpni,F5_n8,spectral_flatness,collapsed_factor_vs_raw_feature,,-0.09753565464713745,-0.052780109849689526,30
piemanpni,F5_n8,spectral_flatness,individual_TENT_column_vs_raw_feature,1.5,0.012263557180000656,0.009774748540455359,30
piemanpni,F5_n8,spectral_flatness,individual_TENT_column_vs_raw_feature,3.0,-0.022570878017413126,0.009248873616815041,30
piemanpni,F5_n8,spectral_flatness,individual_TENT_column_vs_raw_feature,4.5,-0.10164023820768286,-0.09323332783424654,30
piemanpni,F5_n8,spectral_flatness,individual_TENT_column_vs_raw_feature,6.0,-0.09299574291617804,-0.062047492698832106,30
piemanpni,F5_n8,spectral_flatness,individual_TENT_column_vs_raw_feature,7.5,-0.05822239488288127,-0.10906363637558494,30
piemanpni,F5_n8,spectral_flux,collapsed_factor_vs_matching_FIR_feature,,-0.03584338633903694,-0.1334239258519277,30
piemanpni,F5_n8,spectral_flux,collapsed_factor_vs_raw_feature,,-0.019931483869308073,-0.031186679184042096,30
piemanpni,F5_n8,spectral_flux,individual_TENT_column_vs_raw_feature,1.5,-0.03595223840035791,-0.08904990615471164,30
piemanpni,F5_n8,spectral_flux,individual_TENT_column_vs_raw_feature,3.0,-0.04195017659387287,-0.056753301716332076,30
piemanpni,F5_n8,spectral_flux,individual_TENT_column_vs_raw_feature,4.5,-0.001759059581773778,-0.01800947102197923,30
piemanpni,F5_n8,spectral_flux,individual_TENT_column_vs_raw_feature,6.0,0.012941101217407932,0.034390014769351815,30
piemanpni,F5_n8,spectral_flux,individual_TENT_column_vs_raw_feature,7.5,0.009018569377187858,0.020403819125893143,30
piemanpni,F5_n8,spectral_rolloff_85_hz,collapsed_factor_vs_matching_FIR_feature,,-0.020990612418117872,-0.0003599579514129641,30
piemanpni,F5_n8,spectral_rolloff_85_hz,collapsed_factor_vs_raw_feature,,-0.06700853192275351,-0.05285642917767188,30
piemanpni,F5_n8,spectral_rolloff_85_hz,individual_TENT_column_vs_raw_feature,1.5,-0.057759618167133694,-0.09130941843565396,30
piemanpni,F5_n8,spectral_rolloff_85_hz,individual_TENT_column_vs_raw_feature,3.0,-0.04040392546335412,-0.041944719792045296,30
piemanpni,F5_n8,spectral_rolloff_85_hz,individual_TENT_column_vs_raw_feature,4.5,-0.03297781947492386,-0.01849586434246026,30
piemanpni,F5_n8,spectral_rolloff_85_hz,individual_TENT_column_vs_raw_feature,6.0,-0.03567988266938171,0.0024345250603407076,30
piemanpni,F5_n8,spectral_rolloff_85_hz,individual_TENT_column_vs_raw_feature,7.5,-0.028115365475317435,-0.044622114498670956,30
piemanpni,F5_n8,word_count_per_tr,collapsed_factor_vs_matching_FIR_feature,,-0.011902349025205282,-0.02807325530537369,30
piemanpni,F5_n8,word_count_per_tr,collapsed_factor_vs_raw_feature,,0.027804948981334707,0.03006003419051427,30
piemanpni,F5_n8,word_count_per_tr,individual_TENT_column_vs_raw_feature,1.5,0.05238468080484124,0.03630853944360279,30
piemanpni,F5_n8,word_count_per_tr,individual_TENT_column_vs_raw_feature,3.0,0.015237651604754147,0.017199565340917194,30
piemanpni,F5_n8,word_count_per_tr,individual_TENT_column_vs_raw_feature,4.5,0.0006720285433101343,0.011057136837337164,30
piemanpni,F5_n8,word_count_per_tr,individual_TENT_column_vs_raw_feature,6.0,-0.02256367686238451,-0.01068178747130986,30
piemanpni,F5_n8,word_count_per_tr,individual_TENT_column_vs_raw_feature,7.5,0.05653274173653174,0.08937223861217701,30
piemanpni,F5_n8,zero_crossing_rate,collapsed_factor_vs_matching_FIR_feature,,-0.014915899130550638,0.003084914861110275,30
piemanpni,F5_n8,zero_crossing_rate,collapsed_factor_vs_raw_feature,,-0.07071744575548015,-0.0482167441747381,30
piemanpni,F5_n8,zero_crossing_rate,individual_TENT_column_vs_raw_feature,1.5,-0.0785196240658858,-0.09734254063566135,30
piemanpni,F5_n8,zero_crossing_rate,individual_TENT_column_vs_raw_feature,3.0,-0.05080457379432039,-0.041328980282365056,30
piemanpni,F5_n8,zero_crossing_rate,individual_TENT_column_vs_raw_feature,4.5,-0.02358125434574235,0.0022127309095205717,30
piemanpni,F5_n8,zero_crossing_rate,individual_TENT_column_vs_raw_feature,6.0,-0.025345103401511512,0.0022841398360727424,30
piemanpni,F5_n8,zero_crossing_rate,individual_TENT_column_vs_raw_feature,7.5,-0.03330671929210903,-0.054309721026938415,30
piemanpni,F6_n8,peak_amplitude,collapsed_factor_vs_matching_FIR_feature,,0.12167391748091166,0.1471998740392224,30
piemanpni,F6_n8,peak_amplitude,collapsed_factor_vs_raw_feature,,-0.0499326176381207,-0.057391312823444895,30
piemanpni,F6_n8,peak_amplitude,individual_TENT_column_vs_raw_feature,1.5,0.025830660196405213,0.010067389908425478,30
piemanpni,F6_n8,peak_amplitude,individual_TENT_column_vs_raw_feature,3.0,-0.04685240032639003,-0.05789915475345558,30
piemanpni,F6_n8,peak_amplitude,individual_TENT_column_vs_raw_feature,4.5,0.0003493072154281822,-0.04616397393784697,30
piemanpni,F6_n8,peak_amplitude,individual_TENT_column_vs_raw_feature,6.0,-0.04043786455227094,-0.08768092977033115,30
piemanpni,F6_n8,peak_amplitude,individual_TENT_column_vs_raw_feature,7.5,-0.08953643946163431,-0.10194362354134154,30
piemanpni,F6_n8,rms,collapsed_factor_vs_matching_FIR_feature,,0.08700217830858953,0.10867965392830042,30
piemanpni,F6_n8,rms,collapsed_factor_vs_raw_feature,,-0.06355755323013694,-0.07249759675867445,30
piemanpni,F6_n8,rms,individual_TENT_column_vs_raw_feature,1.5,0.010070427909141845,0.013422468112403713,30
piemanpni,F6_n8,rms,individual_TENT_column_vs_raw_feature,3.0,-0.05780173896322099,-0.07091685865477566,30
piemanpni,F6_n8,rms,individual_TENT_column_vs_raw_feature,4.5,0.0019310045685863749,-0.05024894237972596,30
piemanpni,F6_n8,rms,individual_TENT_column_vs_raw_feature,6.0,-0.048635217322670926,-0.096545093752107,30
piemanpni,F6_n8,rms,individual_TENT_column_vs_raw_feature,7.5,-0.10057196751912952,-0.11182783155237484,30
piemanpni,F6_n8,rms_dbfs,collapsed_factor_vs_matching_FIR_feature,,0.06434252990556899,0.14186498605454304,30
piemanpni,F6_n8,rms_dbfs,collapsed_factor_vs_raw_feature,,-0.05019181921726097,-0.07518112698021091,30
piemanpni,F6_n8,rms_dbfs,individual_TENT_column_vs_raw_feature,1.5,-0.0067979776045404994,-0.011688172869490766,30
piemanpni,F6_n8,rms_dbfs,individual_TENT_column_vs_raw_feature,3.0,-0.04290342051697419,-0.06626629374884396,30
piemanpni,F6_n8,rms_dbfs,individual_TENT_column_vs_raw_feature,4.5,-0.0014299312167400044,-0.04333362708387085,30
piemanpni,F6_n8,rms_dbfs,individual_TENT_column_vs_raw_feature,6.0,-0.03508939092737224,-0.07339347126534759,30
piemanpni,F6_n8,rms_dbfs,individual_TENT_column_vs_raw_feature,7.5,-0.06944860253013299,-0.07746766597176967,30
piemanpni,F6_n8,spectral_bandwidth_hz,collapsed_factor_vs_matching_FIR_feature,,-0.01776590388985282,-0.01908414637951528,30
piemanpni,F6_n8,spectral_bandwidth_hz,collapsed_factor_vs_raw_feature,,0.06656191318530051,0.08169874421486066,30
piemanpni,F6_n8,spectral_bandwidth_hz,individual_TENT_column_vs_raw_feature,1.5,0.006053856037384006,-0.033442777737855554,30
piemanpni,F6_n8,spectral_bandwidth_hz,individual_TENT_column_vs_raw_feature,3.0,0.06098325769351827,0.08633882043506227,30
piemanpni,F6_n8,spectral_bandwidth_hz,individual_TENT_column_vs_raw_feature,4.5,0.048792929321086434,0.09760062160140937,30
piemanpni,F6_n8,spectral_bandwidth_hz,individual_TENT_column_vs_raw_feature,6.0,0.03141100597290095,0.02529128904328655,30
piemanpni,F6_n8,spectral_bandwidth_hz,individual_TENT_column_vs_raw_feature,7.5,0.04141411807059429,0.03710207852185366,30
piemanpni,F6_n8,spectral_centroid_hz,collapsed_factor_vs_matching_FIR_feature,,-0.10562518898922789,-0.2502685305369635,30
piemanpni,F6_n8,spectral_centroid_hz,collapsed_factor_vs_raw_feature,,0.029775550934419182,0.04031861844069391,30
piemanpni,F6_n8,spectral_centroid_hz,individual_TENT_column_vs_raw_feature,1.5,-0.015320777645947966,-0.04348406461100383,30
piemanpni,F6_n8,spectral_centroid_hz,individual_TENT_column_vs_raw_feature,3.0,-0.013766440382483345,-0.03505350292910595,30
piemanpni,F6_n8,spectral_centroid_hz,individual_TENT_column_vs_raw_feature,4.5,-0.001987906012737169,-0.005968792450703364,30
piemanpni,F6_n8,spectral_centroid_hz,individual_TENT_column_vs_raw_feature,6.0,0.05856382672955841,0.09220995764343547,30
piemanpni,F6_n8,spectral_centroid_hz,individual_TENT_column_vs_raw_feature,7.5,0.06681913008654158,0.12923984126745272,30
piemanpni,F6_n8,spectral_flatness,collapsed_factor_vs_matching_FIR_feature,,-0.009976009858181064,-0.007728938748955786,30
piemanpni,F6_n8,spectral_flatness,collapsed_factor_vs_raw_feature,,0.054165990351913045,0.03297144763346816,30
piemanpni,F6_n8,spectral_flatness,individual_TENT_column_vs_raw_feature,1.5,0.05151035717719294,0.013589623329132966,30
piemanpni,F6_n8,spectral_flatness,individual_TENT_column_vs_raw_feature,3.0,0.08156997381857285,0.06059141283861615,30
piemanpni,F6_n8,spectral_flatness,individual_TENT_column_vs_raw_feature,4.5,0.037774848482687376,0.030175942786765143,30
piemanpni,F6_n8,spectral_flatness,individual_TENT_column_vs_raw_feature,6.0,-0.014746220537511016,0.0035120419233172387,30
piemanpni,F6_n8,spectral_flatness,individual_TENT_column_vs_raw_feature,7.5,0.0029288968029244824,-0.04105250324881146,30
piemanpni,F6_n8,spectral_flux,collapsed_factor_vs_matching_FIR_feature,,-0.047468506951557174,-0.1738426641202346,30
piemanpni,F6_n8,spectral_flux,collapsed_factor_vs_raw_feature,,-0.006427690188400768,-0.03557726625894042,30
piemanpni,F6_n8,spectral_flux,individual_TENT_column_vs_raw_feature,1.5,-0.017382560378237235,-0.044677140957343556,30
piemanpni,F6_n8,spectral_flux,individual_TENT_column_vs_raw_feature,3.0,-0.014232566977833665,-0.050564371176986124,30
piemanpni,F6_n8,spectral_flux,individual_TENT_column_vs_raw_feature,4.5,-0.030858269433671412,-0.09039825191284523,30
piemanpni,F6_n8,spectral_flux,individual_TENT_column_vs_raw_feature,6.0,0.02394279231627617,0.0254818704605217,30
piemanpni,F6_n8,spectral_flux,individual_TENT_column_vs_raw_feature,7.5,0.023883226566428096,0.06185740261445032,30
piemanpni,F6_n8,spectral_rolloff_85_hz,collapsed_factor_vs_matching_FIR_feature,,-0.08436946962498619,-0.22215097850624144,30
piemanpni,F6_n8,spectral_rolloff_85_hz,collapsed_factor_vs_raw_feature,,0.03764242159135474,0.03874550838260671,30
piemanpni,F6_n8,spectral_rolloff_85_hz,individual_TENT_column_vs_raw_feature,1.5,-0.0111432246734354,-0.03630239437236297,30
piemanpni,F6_n8,spectral_rolloff_85_hz,individual_TENT_column_vs_raw_feature,3.0,0.0033917021242619357,-0.00908359700058747,30
piemanpni,F6_n8,spectral_rolloff_85_hz,individual_TENT_column_vs_raw_feature,4.5,0.006439382766819481,-0.010922022830438773,30
piemanpni,F6_n8,spectral_rolloff_85_hz,individual_TENT_column_vs_raw_feature,6.0,0.05309807389902405,0.07607678005430064,30
piemanpni,F6_n8,spectral_rolloff_85_hz,individual_TENT_column_vs_raw_feature,7.5,0.06314977978956807,0.11824577022191109,30
piemanpni,F6_n8,word_count_per_tr,collapsed_factor_vs_matching_FIR_feature,,0.047116714389446396,0.052577925583980605,30
piemanpni,F6_n8,word_count_per_tr,collapsed_factor_vs_raw_feature,,-0.06465966736379261,-0.05812795125342986,30
piemanpni,F6_n8,word_count_per_tr,individual_TENT_column_vs_raw_feature,1.5,-0.004901807162724566,-0.05568430366752903,30
piemanpni,F6_n8,word_count_per_tr,individual_TENT_column_vs_raw_feature,3.0,-0.06894253008205821,-0.07083313816891304,30
piemanpni,F6_n8,word_count_per_tr,individual_TENT_column_vs_raw_feature,4.5,0.010980070279157376,-0.01702612474794728,30
piemanpni,F6_n8,word_count_per_tr,individual_TENT_column_vs_raw_feature,6.0,-0.07687889058092529,-0.06921691107083754,30
piemanpni,F6_n8,word_count_per_tr,individual_TENT_column_vs_raw_feature,7.5,-0.04465616022354021,-0.04873556915081128,30
piemanpni,F6_n8,zero_crossing_rate,collapsed_factor_vs_matching_FIR_feature,,-0.10732193126912573,-0.2545301581948008,30
piemanpni,F6_n8,zero_crossing_rate,collapsed_factor_vs_raw_feature,,0.032722413812106776,0.047724491939721024,30
piemanpni,F6_n8,zero_crossing_rate,individual_TENT_column_vs_raw_feature,1.5,-0.016861750319247686,-0.04616382203212418,30
piemanpni,F6_n8,zero_crossing_rate,individual_TENT_column_vs_raw_feature,3.0,-0.01783526430935815,-0.03758190326556953,30
piemanpni,F6_n8,zero_crossing_rate,individual_TENT_column_vs_raw_feature,4.5,-0.001059202987887129,-0.004592161465462601,30
piemanpni,F6_n8,zero_crossing_rate,individual_TENT_column_vs_raw_feature,6.0,0.0668046224812273,0.09796902752179205,30
piemanpni,F6_n8,zero_crossing_rate,individual_TENT_column_vs_raw_feature,7.5,0.07216497289291603,0.14044830151646906,30
piemanpni,F7_n8,peak_amplitude,collapsed_factor_vs_matching_FIR_feature,,-0.0074356252640354935,0.004746767779169527,30
piemanpni,F7_n8,peak_amplitude,collapsed_factor_vs_raw_feature,,-0.035007950943531,-0.052316202327895876,30
piemanpni,F7_n8,peak_amplitude,individual_TENT_column_vs_raw_feature,1.5,-0.055057904337123736,-0.06717029408988172,30
piemanpni,F7_n8,peak_amplitude,individual_TENT_column_vs_raw_feature,3.0,-0.012540840019861877,-0.027143664753733414,30
piemanpni,F7_n8,peak_amplitude,individual_TENT_column_vs_raw_feature,4.5,-0.04167132903639221,-0.05020543495941422,30
piemanpni,F7_n8,peak_amplitude,individual_TENT_column_vs_raw_feature,6.0,-0.002674081354955307,-0.06270010400350831,30
piemanpni,F7_n8,peak_amplitude,individual_TENT_column_vs_raw_feature,7.5,0.011894146281450309,-0.03129168611201295,30
piemanpni,F7_n8,rms,collapsed_factor_vs_matching_FIR_feature,,-0.014861434358889983,-0.005080744474185983,30
piemanpni,F7_n8,rms,collapsed_factor_vs_raw_feature,,-0.032465590650258065,-0.0544685064717776,30
piemanpni,F7_n8,rms,individual_TENT_column_vs_raw_feature,1.5,-0.06063337553150714,-0.06305176197339223,30
piemanpni,F7_n8,rms,individual_TENT_column_vs_raw_feature,3.0,-0.015917423459000553,-0.02838315332587567,30
piemanpni,F7_n8,rms,individual_TENT_column_vs_raw_feature,4.5,-0.03325550499913733,-0.04719774807699347,30
piemanpni,F7_n8,rms,individual_TENT_column_vs_raw_feature,6.0,0.0038176932947746,-0.056540966588941054,30
piemanpni,F7_n8,rms,individual_TENT_column_vs_raw_feature,7.5,0.010583435842976224,-0.028884246297816447,30
piemanpni,F7_n8,rms_dbfs,collapsed_factor_vs_matching_FIR_feature,,0.0069149334466775325,0.03013301187893167,30
piemanpni,F7_n8,rms_dbfs,collapsed_factor_vs_raw_feature,,-0.03285385837151987,-0.04018020204162514,30
piemanpni,F7_n8,rms_dbfs,individual_TENT_column_vs_raw_feature,1.5,-0.02663163587305521,-0.05899693084207464,30
piemanpni,F7_n8,rms_dbfs,individual_TENT_column_vs_raw_feature,3.0,-0.02742711859068295,-0.03755517959703138,30
piemanpni,F7_n8,rms_dbfs,individual_TENT_column_vs_raw_feature,4.5,-0.018649241468651837,-0.04301252340570046,30
piemanpni,F7_n8,rms_dbfs,individual_TENT_column_vs_raw_feature,6.0,-0.01411566566227493,-0.07610038945952625,30
piemanpni,F7_n8,rms_dbfs,individual_TENT_column_vs_raw_feature,7.5,-0.0037356139936597157,0.000984012272781155,30
piemanpni,F7_n8,spectral_bandwidth_hz,collapsed_factor_vs_matching_FIR_feature,,0.01866380809826992,0.024729155580995685,30
piemanpni,F7_n8,spectral_bandwidth_hz,collapsed_factor_vs_raw_feature,,0.03541735427436809,0.01738330456154867,30
piemanpni,F7_n8,spectral_bandwidth_hz,individual_TENT_column_vs_raw_feature,1.5,0.006164298457049609,-0.04620356982759033,30
piemanpni,F7_n8,spectral_bandwidth_hz,individual_TENT_column_vs_raw_feature,3.0,0.007950750863410598,-0.004891510891245117,30
piemanpni,F7_n8,spectral_bandwidth_hz,individual_TENT_column_vs_raw_feature,4.5,0.052711181758841756,0.06686593949835805,30
piemanpni,F7_n8,spectral_bandwidth_hz,individual_TENT_column_vs_raw_feature,6.0,0.03475331630351743,0.039321959187082305,30
piemanpni,F7_n8,spectral_bandwidth_hz,individual_TENT_column_vs_raw_feature,7.5,-0.01380221295224708,-0.03643552820705522,30
piemanpni,F7_n8,spectral_centroid_hz,collapsed_factor_vs_matching_FIR_feature,,0.002327496174952511,0.004633631402286301,30
piemanpni,F7_n8,spectral_centroid_hz,collapsed_factor_vs_raw_feature,,0.03682833396065503,0.053428966246006813,30
piemanpni,F7_n8,spectral_centroid_hz,individual_TENT_column_vs_raw_feature,1.5,0.009357158399982,0.03283977367521336,30
piemanpni,F7_n8,spectral_centroid_hz,individual_TENT_column_vs_raw_feature,3.0,0.021689422905445996,0.02562516120350496,30
piemanpni,F7_n8,spectral_centroid_hz,individual_TENT_column_vs_raw_feature,4.5,0.007203565676472703,0.017437726770273776,30
piemanpni,F7_n8,spectral_centroid_hz,individual_TENT_column_vs_raw_feature,6.0,0.03674525395609978,0.0689098424395251,30
piemanpni,F7_n8,spectral_centroid_hz,individual_TENT_column_vs_raw_feature,7.5,0.025867823757187453,-0.013311838781524461,30
piemanpni,F7_n8,spectral_flatness,collapsed_factor_vs_matching_FIR_feature,,0.026301057330229083,0.03700929442632494,30
piemanpni,F7_n8,spectral_flatness,collapsed_factor_vs_raw_feature,,0.07202951610225543,0.08947037623220003,30
piemanpni,F7_n8,spectral_flatness,individual_TENT_column_vs_raw_feature,1.5,0.07007885264005699,0.03130663943810638,30
piemanpni,F7_n8,spectral_flatness,individual_TENT_column_vs_raw_feature,3.0,0.08632639454568548,0.10029287968656996,30
piemanpni,F7_n8,spectral_flatness,individual_TENT_column_vs_raw_feature,4.5,0.044372003760257184,0.06317963144042256,30
piemanpni,F7_n8,spectral_flatness,individual_TENT_column_vs_raw_feature,6.0,0.010379490089244768,0.032886644234883966,30
piemanpni,F7_n8,spectral_flatness,individual_TENT_column_vs_raw_feature,7.5,-0.014503783870849347,-0.024756282468318878,30
piemanpni,F7_n8,spectral_flux,collapsed_factor_vs_matching_FIR_feature,,0.0029860791776583255,0.024022230370115732,30
piemanpni,F7_n8,spectral_flux,collapsed_factor_vs_raw_feature,,0.0006100012554533893,0.011025598422751432,30
piemanpni,F7_n8,spectral_flux,individual_TENT_column_vs_raw_feature,1.5,0.020058190850060772,0.10739291615556223,30
piemanpni,F7_n8,spectral_flux,individual_TENT_column_vs_raw_feature,3.0,-0.014306388842515132,-0.01178176212974672,30
piemanpni,F7_n8,spectral_flux,individual_TENT_column_vs_raw_feature,4.5,-0.016866287614163655,-0.05183885484807478,30
piemanpni,F7_n8,spectral_flux,individual_TENT_column_vs_raw_feature,6.0,0.008936916990546268,0.06463334676692592,30
piemanpni,F7_n8,spectral_flux,individual_TENT_column_vs_raw_feature,7.5,0.011524705906509006,0.005649624882439649,30
piemanpni,F7_n8,spectral_rolloff_85_hz,collapsed_factor_vs_matching_FIR_feature,,0.01145430055053264,0.017044150715132753,30
piemanpni,F7_n8,spectral_rolloff_85_hz,collapsed_factor_vs_raw_feature,,0.04224273685841042,0.044342871792058654,30
piemanpni,F7_n8,spectral_rolloff_85_hz,individual_TENT_column_vs_raw_feature,1.5,0.0076836068052837094,0.017501494726044134,30
piemanpni,F7_n8,spectral_rolloff_85_hz,individual_TENT_column_vs_raw_feature,3.0,0.023147596137692916,0.01927710665009096,30
piemanpni,F7_n8,spectral_rolloff_85_hz,individual_TENT_column_vs_raw_feature,4.5,0.02282249674336959,0.037589719543273434,30
piemanpni,F7_n8,spectral_rolloff_85_hz,individual_TENT_column_vs_raw_feature,6.0,0.04066844603468419,0.07010609315660608,30
piemanpni,F7_n8,spectral_rolloff_85_hz,individual_TENT_column_vs_raw_feature,7.5,0.018011565548893885,-0.03037513387719243,30
piemanpni,F7_n8,word_count_per_tr,collapsed_factor_vs_matching_FIR_feature,,0.06232970703057413,0.05818436701861395,30
piemanpni,F7_n8,word_count_per_tr,collapsed_factor_vs_raw_feature,,-0.008357664655815979,-0.04591978145216087,30
piemanpni,F7_n8,word_count_per_tr,individual_TENT_column_vs_raw_feature,1.5,0.007022271209363559,-0.050992155987642125,30
piemanpni,F7_n8,word_count_per_tr,individual_TENT_column_vs_raw_feature,3.0,-0.021437790369482724,-0.021320274601478267,30
piemanpni,F7_n8,word_count_per_tr,individual_TENT_column_vs_raw_feature,4.5,0.008850779175601118,-0.024893868501870788,30
piemanpni,F7_n8,word_count_per_tr,individual_TENT_column_vs_raw_feature,6.0,-0.011058252618567391,-0.05436704711495552,30
piemanpni,F7_n8,word_count_per_tr,individual_TENT_column_vs_raw_feature,7.5,-0.0032910858336647033,-0.0357079531016689,30
piemanpni,F7_n8,zero_crossing_rate,collapsed_factor_vs_matching_FIR_feature,,0.004508450374025594,0.005085940716965587,30
piemanpni,F7_n8,zero_crossing_rate,collapsed_factor_vs_raw_feature,,0.035893344792607494,0.05328713115980367,30
piemanpni,F7_n8,zero_crossing_rate,individual_TENT_column_vs_raw_feature,1.5,0.00657538373083985,0.029467456578759276,30
piemanpni,F7_n8,zero_crossing_rate,individual_TENT_column_vs_raw_feature,3.0,0.019524580614887672,0.01732564991807019,30
piemanpni,F7_n8,zero_crossing_rate,individual_TENT_column_vs_raw_feature,4.5,0.006254050787803173,0.012294394490331496,30
piemanpni,F7_n8,zero_crossing_rate,individual_TENT_column_vs_raw_feature,6.0,0.03759277769599203,0.06805743607220219,30
piemanpni,F7_n8,zero_crossing_rate,individual_TENT_column_vs_raw_feature,7.5,0.028379418748179824,-0.006790811575507185,30
piemanpni,F8_n8,peak_amplitude,collapsed_factor_vs_matching_FIR_feature,,-0.20401755165047616,-0.25778773003190614,30
piemanpni,F8_n8,peak_amplitude,collapsed_factor_vs_raw_feature,,-0.1695618361558929,-0.23303038537968224,30
piemanpni,F8_n8,peak_amplitude,individual_TENT_column_vs_raw_feature,1.5,-0.04478028948285918,-0.10916935941873929,30
piemanpni,F8_n8,peak_amplitude,individual_TENT_column_vs_raw_feature,3.0,-0.0755600240116289,-0.12368142845133137,30
piemanpni,F8_n8,peak_amplitude,individual_TENT_column_vs_raw_feature,4.5,-0.10147156359769774,-0.20783565618932717,30
piemanpni,F8_n8,peak_amplitude,individual_TENT_column_vs_raw_feature,6.0,-0.08974171320598066,-0.17707165386823967,30
piemanpni,F8_n8,peak_amplitude,individual_TENT_column_vs_raw_feature,7.5,-0.1384185982646982,-0.19473931122023913,30
piemanpni,F8_n8,rms,collapsed_factor_vs_matching_FIR_feature,,-0.20047318139526993,-0.25157538559603426,30
piemanpni,F8_n8,rms,collapsed_factor_vs_raw_feature,,-0.17278451475462198,-0.23286787602377892,30
piemanpni,F8_n8,rms,individual_TENT_column_vs_raw_feature,1.5,-0.04232224024238211,-0.09649142650520554,30
piemanpni,F8_n8,rms,individual_TENT_column_vs_raw_feature,3.0,-0.07346416377740358,-0.12058057894063438,30
piemanpni,F8_n8,rms,individual_TENT_column_vs_raw_feature,4.5,-0.10712144689138174,-0.208379498943224,30
piemanpni,F8_n8,rms,individual_TENT_column_vs_raw_feature,6.0,-0.09494177320394633,-0.18532907849936367,30
piemanpni,F8_n8,rms,individual_TENT_column_vs_raw_feature,7.5,-0.13924737550027247,-0.19725936018179555,30
piemanpni,F8_n8,rms_dbfs,collapsed_factor_vs_matching_FIR_feature,,-0.1718407800018355,-0.19756729149479113,30
piemanpni,F8_n8,rms_dbfs,collapsed_factor_vs_raw_feature,,-0.16252279607910175,-0.15489810739270463,30
piemanpni,F8_n8,rms_dbfs,individual_TENT_column_vs_raw_feature,1.5,-0.03371071906432099,0.012159943323583352,30
piemanpni,F8_n8,rms_dbfs,individual_TENT_column_vs_raw_feature,3.0,-0.07500943881401592,0.0005402959533279399,30
piemanpni,F8_n8,rms_dbfs,individual_TENT_column_vs_raw_feature,4.5,-0.09773157244909926,-0.07936297307616473,30
piemanpni,F8_n8,rms_dbfs,individual_TENT_column_vs_raw_feature,6.0,-0.10304670867393588,-0.08123946703048007,30
piemanpni,F8_n8,rms_dbfs,individual_TENT_column_vs_raw_feature,7.5,-0.11438462273846105,-0.0813634632825614,30
piemanpni,F8_n8,spectral_bandwidth_hz,collapsed_factor_vs_matching_FIR_feature,,0.06108155553681426,-0.011337493166538114,30
piemanpni,F8_n8,spectral_bandwidth_hz,collapsed_factor_vs_raw_feature,,0.13089758045091798,0.009511049018606391,30
piemanpni,F8_n8,spectral_bandwidth_hz,individual_TENT_column_vs_raw_feature,1.5,-0.020614028194333563,-0.10297647416856961,30
piemanpni,F8_n8,spectral_bandwidth_hz,individual_TENT_column_vs_raw_feature,3.0,0.07419355104248312,-0.06881620690450634,30
piemanpni,F8_n8,spectral_bandwidth_hz,individual_TENT_column_vs_raw_feature,4.5,0.10491520935980217,0.0064109602549586135,30
piemanpni,F8_n8,spectral_bandwidth_hz,individual_TENT_column_vs_raw_feature,6.0,0.0909085433652976,-0.006890014785130345,30
piemanpni,F8_n8,spectral_bandwidth_hz,individual_TENT_column_vs_raw_feature,7.5,0.07323846731956837,-0.012991262102444555,30
piemanpni,F8_n8,spectral_centroid_hz,collapsed_factor_vs_matching_FIR_feature,,0.02467466508317217,0.03471940471049429,30
piemanpni,F8_n8,spectral_centroid_hz,collapsed_factor_vs_raw_feature,,0.08604762533627032,0.08866893110926426,30
piemanpni,F8_n8,spectral_centroid_hz,individual_TENT_column_vs_raw_feature,1.5,0.04975251211176205,0.05275327638567775,30
piemanpni,F8_n8,spectral_centroid_hz,individual_TENT_column_vs_raw_feature,3.0,0.02595363421268288,0.00377686969912787,30
piemanpni,F8_n8,spectral_centroid_hz,individual_TENT_column_vs_raw_feature,4.5,0.03979458747656,0.025323446701777844,30
piemanpni,F8_n8,spectral_centroid_hz,individual_TENT_column_vs_raw_feature,6.0,0.054747898727694845,-0.012198865876648467,30
piemanpni,F8_n8,spectral_centroid_hz,individual_TENT_column_vs_raw_feature,7.5,0.0644442777921481,0.016821889864125857,30
piemanpni,F8_n8,spectral_flatness,collapsed_factor_vs_matching_FIR_feature,,0.052359858377908144,0.009655327663067675,30
piemanpni,F8_n8,spectral_flatness,collapsed_factor_vs_raw_feature,,0.09559230418781578,-0.029898414609774004,30
piemanpni,F8_n8,spectral_flatness,individual_TENT_column_vs_raw_feature,1.5,-0.0032849446670468697,-0.03293364881125614,30
piemanpni,F8_n8,spectral_flatness,individual_TENT_column_vs_raw_feature,3.0,0.06485869143494613,-0.019020545637484818,30
piemanpni,F8_n8,spectral_flatness,individual_TENT_column_vs_raw_feature,4.5,0.09454713705097978,-0.027457201924023504,30
piemanpni,F8_n8,spectral_flatness,individual_TENT_column_vs_raw_feature,6.0,0.05524003705955036,-0.09908980493360163,30
piemanpni,F8_n8,spectral_flatness,individual_TENT_column_vs_raw_feature,7.5,0.01865801282352457,-0.10021495333240167,30
piemanpni,F8_n8,spectral_flux,collapsed_factor_vs_matching_FIR_feature,,0.025992926914919532,-0.0066743376575495094,30
piemanpni,F8_n8,spectral_flux,collapsed_factor_vs_raw_feature,,0.01296831801794853,0.002018611853996181,30
piemanpni,F8_n8,spectral_flux,individual_TENT_column_vs_raw_feature,1.5,0.03061191855863139,-0.04913189932639444,30
piemanpni,F8_n8,spectral_flux,individual_TENT_column_vs_raw_feature,3.0,-0.00018265193390652328,-0.08040147628273643,30
piemanpni,F8_n8,spectral_flux,individual_TENT_column_vs_raw_feature,4.5,-0.00947468922111697,-0.05256760413829654,30
piemanpni,F8_n8,spectral_flux,individual_TENT_column_vs_raw_feature,6.0,0.011581239710307148,-0.023759544104267564,30
piemanpni,F8_n8,spectral_flux,individual_TENT_column_vs_raw_feature,7.5,0.009487119340422723,-0.0009200406933235051,30
piemanpni,F8_n8,spectral_rolloff_85_hz,collapsed_factor_vs_matching_FIR_feature,,0.03141753692718269,0.033817860580942764,30
piemanpni,F8_n8,spectral_rolloff_85_hz,collapsed_factor_vs_raw_feature,,0.10363521411799903,0.09739629641571454,30
piemanpni,F8_n8,spectral_rolloff_85_hz,individual_TENT_column_vs_raw_feature,1.5,0.0395851908666754,0.03173651633882861,30
piemanpni,F8_n8,spectral_rolloff_85_hz,individual_TENT_column_vs_raw_feature,3.0,0.04197620169392024,-0.0014506421178312196,30
piemanpni,F8_n8,spectral_rolloff_85_hz,individual_TENT_column_vs_raw_feature,4.5,0.05602772590944257,0.028401846556709822,30
piemanpni,F8_n8,spectral_rolloff_85_hz,individual_TENT_column_vs_raw_feature,6.0,0.06610646841215757,-0.0007734393426937115,30
piemanpni,F8_n8,spectral_rolloff_85_hz,individual_TENT_column_vs_raw_feature,7.5,0.07147189682258381,0.0447524536584524,30
piemanpni,F8_n8,word_count_per_tr,collapsed_factor_vs_matching_FIR_feature,,-0.1335214119150665,-0.23925560390366904,30
piemanpni,F8_n8,word_count_per_tr,collapsed_factor_vs_raw_feature,,-0.14353679489920315,-0.24034620710033983,30
piemanpni,F8_n8,word_count_per_tr,individual_TENT_column_vs_raw_feature,1.5,-0.0514747495132735,-0.10000288144104306,30
piemanpni,F8_n8,word_count_per_tr,individual_TENT_column_vs_raw_feature,3.0,-0.0810492152737608,-0.17362934418074652,30
piemanpni,F8_n8,word_count_per_tr,individual_TENT_column_vs_raw_feature,4.5,-0.11828719066352357,-0.22401132454026362,30
piemanpni,F8_n8,word_count_per_tr,individual_TENT_column_vs_raw_feature,6.0,-0.07496622741715495,-0.17178082630229335,30
piemanpni,F8_n8,word_count_per_tr,individual_TENT_column_vs_raw_feature,7.5,-0.03876866645495552,-0.1212195154023883,30
piemanpni,F8_n8,zero_crossing_rate,collapsed_factor_vs_matching_FIR_feature,,0.004921341513053088,-0.00716065874314985,30
piemanpni,F8_n8,zero_crossing_rate,collapsed_factor_vs_raw_feature,,0.07314386180848328,0.07100773920944446,30
piemanpni,F8_n8,zero_crossing_rate,individual_TENT_column_vs_raw_feature,1.5,0.04489441574563193,0.047879917196192064,30
piemanpni,F8_n8,zero_crossing_rate,individual_TENT_column_vs_raw_feature,3.0,0.012828932849905132,-0.009077209541096946,30
piemanpni,F8_n8,zero_crossing_rate,individual_TENT_column_vs_raw_feature,4.5,0.029913360977412786,0.014697233932792283,30
piemanpni,F8_n8,zero_crossing_rate,individual_TENT_column_vs_raw_feature,6.0,0.050946175148500514,-0.02080600750059138,30
piemanpni,F8_n8,zero_crossing_rate,individual_TENT_column_vs_raw_feature,7.5,0.06407865831686979,0.015825660169544526,30
prettymouth,F1_n8,peak_amplitude,collapsed_factor_vs_matching_FIR_feature,,-0.09304630236887168,-0.09529528794497805,35
prettymouth,F1_n8,peak_amplitude,collapsed_factor_vs_raw_feature,,0.02441850762599963,0.037104126749551575,35
prettymouth,F1_n8,peak_amplitude,individual_TENT_column_vs_raw_feature,1.5,-0.040797346792211475,-0.0035676417215729805,35
prettymouth,F1_n8,peak_amplitude,individual_TENT_column_vs_raw_feature,3.0,0.039997910836524896,0.027578882348211077,35
prettymouth,F1_n8,peak_amplitude,individual_TENT_column_vs_raw_feature,4.5,-0.019648774473378944,0.0017717081910746824,35
prettymouth,F1_n8,peak_amplitude,individual_TENT_column_vs_raw_feature,6.0,0.03485806437924767,0.04792380064984505,35
prettymouth,F1_n8,peak_amplitude,individual_TENT_column_vs_raw_feature,7.5,0.052879021981854214,0.01789856694163098,35
prettymouth,F1_n8,rms,collapsed_factor_vs_matching_FIR_feature,,-0.06509836269401678,-0.07350213437253568,35
prettymouth,F1_n8,rms,collapsed_factor_vs_raw_feature,,0.02087742614373902,0.03509960244400366,35
prettymouth,F1_n8,rms,individual_TENT_column_vs_raw_feature,1.5,-0.029768847297329374,-0.001360330857761982,35
prettymouth,F1_n8,rms,individual_TENT_column_vs_raw_feature,3.0,0.03330347275185645,0.024180607634015267,35
prettymouth,F1_n8,rms,individual_TENT_column_vs_raw_feature,4.5,-0.020017624770661047,0.009899632841427718,35
prettymouth,F1_n8,rms,individual_TENT_column_vs_raw_feature,6.0,0.02855821053811562,0.04564166701008622,35
prettymouth,F1_n8,rms,individual_TENT_column_vs_raw_feature,7.5,0.04814211364297293,0.0061902648377787734,35
prettymouth,F1_n8,rms_dbfs,collapsed_factor_vs_matching_FIR_feature,,-0.08954006112627963,-0.1277343620453402,35
prettymouth,F1_n8,rms_dbfs,collapsed_factor_vs_raw_feature,,0.029118609111412713,0.041806406964482644,35
prettymouth,F1_n8,rms_dbfs,individual_TENT_column_vs_raw_feature,1.5,-0.011132996985351607,0.0169466008614031,35
prettymouth,F1_n8,rms_dbfs,individual_TENT_column_vs_raw_feature,3.0,0.05165628922834509,0.045958500514940125,35
prettymouth,F1_n8,rms_dbfs,individual_TENT_column_vs_raw_feature,4.5,-0.02420487864551469,-0.004533569892859129,35
prettymouth,F1_n8,rms_dbfs,individual_TENT_column_vs_raw_feature,6.0,0.03417832657850062,0.034245686148651124,35
prettymouth,F1_n8,rms_dbfs,individual_TENT_column_vs_raw_feature,7.5,0.03169699650974069,0.013772551231401978,35
prettymouth,F1_n8,spectral_bandwidth_hz,collapsed_factor_vs_matching_FIR_feature,,0.012873150174322332,0.020503704324075202,35
prettymouth,F1_n8,spectral_bandwidth_hz,collapsed_factor_vs_raw_feature,,-0.04713677331675325,-0.06351905044100421,35
prettymouth,F1_n8,spectral_bandwidth_hz,individual_TENT_column_vs_raw_feature,1.5,-0.02234192935724884,-0.05240050276020897,35
prettymouth,F1_n8,spectral_bandwidth_hz,individual_TENT_column_vs_raw_feature,3.0,-0.04797106485487585,-0.08553658920268183,35
prettymouth,F1_n8,spectral_bandwidth_hz,individual_TENT_column_vs_raw_feature,4.5,-0.004990991083029398,-0.03468808810283903,35
prettymouth,F1_n8,spectral_bandwidth_hz,individual_TENT_column_vs_raw_feature,6.0,-0.04546696487223907,-0.054225967544373414,35
prettymouth,F1_n8,spectral_bandwidth_hz,individual_TENT_column_vs_raw_feature,7.5,-0.01277229049210014,-0.01800335451136987,35
prettymouth,F1_n8,spectral_centroid_hz,collapsed_factor_vs_matching_FIR_feature,,-0.02401968462212158,-0.12075915321342566,35
prettymouth,F1_n8,spectral_centroid_hz,collapsed_factor_vs_raw_feature,,-0.013906991912230356,-0.05953318482988202,35
prettymouth,F1_n8,spectral_centroid_hz,individual_TENT_column_vs_raw_feature,1.5,-0.025464628876903046,-0.048692229882928734,35
prettymouth,F1_n8,spectral_centroid_hz,individual_TENT_column_vs_raw_feature,3.0,-0.018228783513598988,-0.0642382871476477,35
prettymouth,F1_n8,spectral_centroid_hz,individual_TENT_column_vs_raw_feature,4.5,0.0019440810830402856,-0.029415389384885866,35
prettymouth,F1_n8,spectral_centroid_hz,individual_TENT_column_vs_raw_feature,6.0,-0.016939506436089786,-0.07814854937728175,35
prettymouth,F1_n8,spectral_centroid_hz,individual_TENT_column_vs_raw_feature,7.5,0.021492948636435767,0.004633349567077191,35
prettymouth,F1_n8,spectral_flatness,collapsed_factor_vs_matching_FIR_feature,,0.013289652910916341,0.08295932725331327,35
prettymouth,F1_n8,spectral_flatness,collapsed_factor_vs_raw_feature,,-0.01992728985371881,-0.05932183183120258,35
prettymouth,F1_n8,spectral_flatness,individual_TENT_column_vs_raw_feature,1.5,-0.01050274884260485,-0.05071671131146052,35
prettymouth,F1_n8,spectral_flatness,individual_TENT_column_vs_raw_feature,3.0,-0.02563482520607719,-0.060041993437611664,35
prettymouth,F1_n8,spectral_flatness,individual_TENT_column_vs_raw_feature,4.5,0.0037970937986993004,-0.005589532222807069,35
prettymouth,F1_n8,spectral_flatness,individual_TENT_column_vs_raw_feature,6.0,-0.02279021598089173,-0.03895450299867622,35
prettymouth,F1_n8,spectral_flatness,individual_TENT_column_vs_raw_feature,7.5,0.00020560536003308522,-0.02156464072779307,35
prettymouth,F1_n8,spectral_flux,collapsed_factor_vs_matching_FIR_feature,,-0.004530398742123758,-0.0034441300839110206,35
prettymouth,F1_n8,spectral_flux,collapsed_factor_vs_raw_feature,,0.040466979648302516,0.020819754039981268,35
prettymouth,F1_n8,spectral_flux,individual_TENT_column_vs_raw_feature,1.5,0.009592922268040769,0.0019204837079578965,35
prettymouth,F1_n8,spectral_flux,individual_TENT_column_vs_raw_feature,3.0,0.019255873262689727,0.007295459697501262,35
prettymouth,F1_n8,spectral_flux,individual_TENT_column_vs_raw_feature,4.5,-0.011433783772446112,0.003501858739789699,35
prettymouth,F1_n8,spectral_flux,individual_TENT_column_vs_raw_feature,6.0,0.06600062953136511,0.05812794269899012,35
prettymouth,F1_n8,spectral_flux,individual_TENT_column_vs_raw_feature,7.5,0.03667788540732922,0.05885954306111946,35
prettymouth,F1_n8,spectral_rolloff_85_hz,collapsed_factor_vs_matching_FIR_feature,,-0.02473300868559249,-0.12855114720400213,35
prettymouth,F1_n8,spectral_rolloff_85_hz,collapsed_factor_vs_raw_feature,,-0.014770502156929398,-0.05491308578649974,35
prettymouth,F1_n8,spectral_rolloff_85_hz,individual_TENT_column_vs_raw_feature,1.5,-0.02655550918984565,-0.053052528815178586,35
prettymouth,F1_n8,spectral_rolloff_85_hz,individual_TENT_column_vs_raw_feature,3.0,-0.020009124761998492,-0.077992039435384,35
prettymouth,F1_n8,spectral_rolloff_85_hz,individual_TENT_column_vs_raw_feature,4.5,-0.0024266750526721766,-0.04547433490861862,35
prettymouth,F1_n8,spectral_rolloff_85_hz,individual_TENT_column_vs_raw_feature,6.0,-0.012321582543481868,-0.04976480663707249,35
prettymouth,F1_n8,spectral_rolloff_85_hz,individual_TENT_column_vs_raw_feature,7.5,0.021537171516790486,0.011297088058266515,35
prettymouth,F1_n8,word_count_per_tr,collapsed_factor_vs_matching_FIR_feature,,-0.004273104780279066,-0.012888256251335106,35
prettymouth,F1_n8,word_count_per_tr,collapsed_factor_vs_raw_feature,,0.023185736894587132,0.024784596685141935,35
prettymouth,F1_n8,word_count_per_tr,individual_TENT_column_vs_raw_feature,1.5,-0.0006289771496150597,0.02425870150119241,35
prettymouth,F1_n8,word_count_per_tr,individual_TENT_column_vs_raw_feature,3.0,0.023522914838745253,0.04414812072872233,35
prettymouth,F1_n8,word_count_per_tr,individual_TENT_column_vs_raw_feature,4.5,-0.01951828006317954,0.04648017525661309,35
prettymouth,F1_n8,word_count_per_tr,individual_TENT_column_vs_raw_feature,6.0,0.06295705557274518,0.05108251140823854,35
prettymouth,F1_n8,word_count_per_tr,individual_TENT_column_vs_raw_feature,7.5,-0.009973531803897803,-0.01098812865589546,35
prettymouth,F1_n8,zero_crossing_rate,collapsed_factor_vs_matching_FIR_feature,,-0.0163105626418765,-0.07382692021273879,35
prettymouth,F1_n8,zero_crossing_rate,collapsed_factor_vs_raw_feature,,-0.025770977927822153,-0.07379532350313939,35
prettymouth,F1_n8,zero_crossing_rate,individual_TENT_column_vs_raw_feature,1.5,-0.02591281542075284,-0.05710300409805953,35
prettymouth,F1_n8,zero_crossing_rate,individual_TENT_column_vs_raw_feature,3.0,-0.028978201765888795,-0.08553665718196225,35
prettymouth,F1_n8,zero_crossing_rate,individual_TENT_column_vs_raw_feature,4.5,-0.0007009519768329629,-0.04162180223679189,35
prettymouth,F1_n8,zero_crossing_rate,individual_TENT_column_vs_raw_feature,6.0,-0.028665980512156474,-0.08628603545459433,35
prettymouth,F1_n8,zero_crossing_rate,individual_TENT_column_vs_raw_feature,7.5,0.013601809876229705,-0.00010162515743305665,35
prettymouth,F2_n8,peak_amplitude,collapsed_factor_vs_matching_FIR_feature,,0.07354084720081734,0.0939324390194536,35
prettymouth,F2_n8,peak_amplitude,collapsed_factor_vs_raw_feature,,-0.024615816470692366,-0.016867369927673036,35
prettymouth,F2_n8,peak_amplitude,individual_TENT_column_vs_raw_feature,1.5,0.03151736131928842,0.03337137716762077,35
prettymouth,F2_n8,peak_amplitude,individual_TENT_column_vs_raw_feature,3.0,-0.00722118204934821,0.019019392584967633,35
prettymouth,F2_n8,peak_amplitude,individual_TENT_column_vs_raw_feature,4.5,0.015206230492546435,0.013207062850561124,35
prettymouth,F2_n8,peak_amplitude,individual_TENT_column_vs_raw_feature,6.0,-0.056995469550679655,-0.05968517403568948,35
prettymouth,F2_n8,peak_amplitude,individual_TENT_column_vs_raw_feature,7.5,-0.05293590472825831,-0.01686084932891767,35
prettymouth,F2_n8,rms,collapsed_factor_vs_matching_FIR_feature,,0.03425455417450061,0.05519263809382359,35
prettymouth,F2_n8,rms,collapsed_factor_vs_raw_feature,,-0.040726706420043536,-0.036533219631867404,35
prettymouth,F2_n8,rms,individual_TENT_column_vs_raw_feature,1.5,0.023085855611727827,0.021817263096015466,35
prettymouth,F2_n8,rms,individual_TENT_column_vs_raw_feature,3.0,-0.019125932083693998,0.0026839835990116264,35
prettymouth,F2_n8,rms,individual_TENT_column_vs_raw_feature,4.5,-0.007129264229724526,-0.01063769752712062,35
prettymouth,F2_n8,rms,individual_TENT_column_vs_raw_feature,6.0,-0.0627903372134637,-0.07597277635331774,35
prettymouth,F2_n8,rms,individual_TENT_column_vs_raw_feature,7.5,-0.048211023460542506,-0.018765684309930072,35
prettymouth,F2_n8,rms_dbfs,collapsed_factor_vs_matching_FIR_feature,,0.10390942878377711,0.14704211632841105,35
prettymouth,F2_n8,rms_dbfs,collapsed_factor_vs_raw_feature,,-0.008057279672599225,-0.026905880588709203,35
prettymouth,F2_n8,rms_dbfs,individual_TENT_column_vs_raw_feature,1.5,0.0389582467684539,0.03676152567841676,35
prettymouth,F2_n8,rms_dbfs,individual_TENT_column_vs_raw_feature,3.0,0.006788573321075261,0.01945862905981824,35
prettymouth,F2_n8,rms_dbfs,individual_TENT_column_vs_raw_feature,4.5,0.027643874133993784,0.02046060031699277,35
prettymouth,F2_n8,rms_dbfs,individual_TENT_column_vs_raw_feature,6.0,-0.04455407670253147,-0.060171594415202624,35
prettymouth,F2_n8,rms_dbfs,individual_TENT_column_vs_raw_feature,7.5,-0.05344657795415782,-0.04012334642476096,35
prettymouth,F2_n8,spectral_bandwidth_hz,collapsed_factor_vs_matching_FIR_feature,,-0.04188734849834255,-0.046965883584430886,35
prettymouth,F2_n8,spectral_bandwidth_hz,collapsed_factor_vs_raw_feature,,0.029047553509841752,0.11351492420703307,35
prettymouth,F2_n8,spectral_bandwidth_hz,individual_TENT_column_vs_raw_feature,1.5,-0.006305729573153441,0.023690238775975613,35
prettymouth,F2_n8,spectral_bandwidth_hz,individual_TENT_column_vs_raw_feature,3.0,0.013963346906579927,0.04994818315914515,35
prettymouth,F2_n8,spectral_bandwidth_hz,individual_TENT_column_vs_raw_feature,4.5,-0.011824161272505131,0.04383722262978163,35
prettymouth,F2_n8,spectral_bandwidth_hz,individual_TENT_column_vs_raw_feature,6.0,0.056384637065767546,0.10438793070847302,35
prettymouth,F2_n8,spectral_bandwidth_hz,individual_TENT_column_vs_raw_feature,7.5,0.031469810189366274,0.07900815406971959,35
prettymouth,F2_n8,spectral_centroid_hz,collapsed_factor_vs_matching_FIR_feature,,0.004505618536810862,0.12201316234307384,35
prettymouth,F2_n8,spectral_centroid_hz,collapsed_factor_vs_raw_feature,,0.003791175212381368,0.1264932860395847,35
prettymouth,F2_n8,spectral_centroid_hz,individual_TENT_column_vs_raw_feature,1.5,0.013547650104185693,0.07839755586352193,35
prettymouth,F2_n8,spectral_centroid_hz,individual_TENT_column_vs_raw_feature,3.0,0.008433799246120217,0.06845575163103265,35
prettymouth,F2_n8,spectral_centroid_hz,individual_TENT_column_vs_raw_feature,4.5,-0.024786715505864795,0.0568813874015651,35
prettymouth,F2_n8,spectral_centroid_hz,individual_TENT_column_vs_raw_feature,6.0,0.02108286372393472,0.13451769367554228,35
prettymouth,F2_n8,spectral_centroid_hz,individual_TENT_column_vs_raw_feature,7.5,-0.0058049000613213724,0.0699988224466612,35
prettymouth,F2_n8,spectral_flatness,collapsed_factor_vs_matching_FIR_feature,,-0.04297079000454547,-0.12912654844670782,35
prettymouth,F2_n8,spectral_flatness,collapsed_factor_vs_raw_feature,,-0.014008776943149018,0.03662268773567925,35
prettymouth,F2_n8,spectral_flatness,individual_TENT_column_vs_raw_feature,1.5,-0.008086280650187298,-0.030546631289532222,35
prettymouth,F2_n8,spectral_flatness,individual_TENT_column_vs_raw_feature,3.0,-0.013402234548459359,-0.033049033388405674,35
prettymouth,F2_n8,spectral_flatness,individual_TENT_column_vs_raw_feature,4.5,-0.033721926487235314,-0.014940629206617831,35
prettymouth,F2_n8,spectral_flatness,individual_TENT_column_vs_raw_feature,6.0,0.012366322408933641,0.06215173381136837,35
prettymouth,F2_n8,spectral_flatness,individual_TENT_column_vs_raw_feature,7.5,0.00476761724760724,0.06727663566171731,35
prettymouth,F2_n8,spectral_flux,collapsed_factor_vs_matching_FIR_feature,,0.028104226648792318,0.017664631685655213,35
prettymouth,F2_n8,spectral_flux,collapsed_factor_vs_raw_feature,,-0.0429464821753432,-0.06703736402776299,35
prettymouth,F2_n8,spectral_flux,individual_TENT_column_vs_raw_feature,1.5,0.008069138545829715,-0.008794896357009155,35
prettymouth,F2_n8,spectral_flux,individual_TENT_column_vs_raw_feature,3.0,0.0034445476188163016,0.0023197678871387374,35
prettymouth,F2_n8,spectral_flux,individual_TENT_column_vs_raw_feature,4.5,-0.013350000975210387,-0.04877874996463401,35
prettymouth,F2_n8,spectral_flux,individual_TENT_column_vs_raw_feature,6.0,-0.08028734512445583,-0.12055450451253599,35
prettymouth,F2_n8,spectral_flux,individual_TENT_column_vs_raw_feature,7.5,-0.04018881596797828,-0.05569035251952445,35
prettymouth,F2_n8,spectral_rolloff_85_hz,collapsed_factor_vs_matching_FIR_feature,,0.005755422131509407,0.1201754091224968,35
prettymouth,F2_n8,spectral_rolloff_85_hz,collapsed_factor_vs_raw_feature,,0.005713399188305728,0.13895826850825044,35
prettymouth,F2_n8,spectral_rolloff_85_hz,individual_TENT_column_vs_raw_feature,1.5,0.015460803177441277,0.08595439904425496,35
prettymouth,F2_n8,spectral_rolloff_85_hz,individual_TENT_column_vs_raw_feature,3.0,0.010613613353317435,0.08373537005611005,35
prettymouth,F2_n8,spectral_rolloff_85_hz,individual_TENT_column_vs_raw_feature,4.5,-0.021382887554779264,0.06981681328599232,35
prettymouth,F2_n8,spectral_rolloff_85_hz,individual_TENT_column_vs_raw_feature,6.0,0.019674674837845383,0.12178209304495842,35
prettymouth,F2_n8,spectral_rolloff_85_hz,individual_TENT_column_vs_raw_feature,7.5,-0.0064111256485108,0.06858877928060429,35
prettymouth,F2_n8,word_count_per_tr,collapsed_factor_vs_matching_FIR_feature,,-5.286167757058467e-06,-0.05198033149309837,35
prettymouth,F2_n8,word_count_per_tr,collapsed_factor_vs_raw_feature,,-0.009761229222478766,-0.03754754300628421,35
prettymouth,F2_n8,word_count_per_tr,individual_TENT_column_vs_raw_feature,1.5,0.02024553574066648,0.006253174869338676,35
prettymouth,F2_n8,word_count_per_tr,individual_TENT_column_vs_raw_feature,3.0,0.0013293936714136548,-0.016341084726148317,35
prettymouth,F2_n8,word_count_per_tr,individual_TENT_column_vs_raw_feature,4.5,0.011069662193299976,-0.003936876075964133,35
prettymouth,F2_n8,word_count_per_tr,individual_TENT_column_vs_raw_feature,6.0,-0.032015257665238335,-0.07308476289478488,35
prettymouth,F2_n8,word_count_per_tr,individual_TENT_column_vs_raw_feature,7.5,-0.028271589183578128,-0.05604625772983117,35
prettymouth,F2_n8,zero_crossing_rate,collapsed_factor_vs_matching_FIR_feature,,-0.007442536809297439,0.05716776845897246,35
prettymouth,F2_n8,zero_crossing_rate,collapsed_factor_vs_raw_feature,,0.015034829893358664,0.13462927558083665,35
prettymouth,F2_n8,zero_crossing_rate,individual_TENT_column_vs_raw_feature,1.5,0.007710082841344061,0.057579718299371904,35
prettymouth,F2_n8,zero_crossing_rate,individual_TENT_column_vs_raw_feature,3.0,0.013693399020746502,0.07083808962818276,35
prettymouth,F2_n8,zero_crossing_rate,individual_TENT_column_vs_raw_feature,4.5,-0.020885263601968025,0.05388158597117733,35
prettymouth,F2_n8,zero_crossing_rate,individual_TENT_column_vs_raw_feature,6.0,0.03777707819819855,0.1444114099514727,35
prettymouth,F2_n8,zero_crossing_rate,individual_TENT_column_vs_raw_feature,7.5,0.005207552275241567,0.08087492719158228,35
prettymouth,F3_n8,peak_amplitude,collapsed_factor_vs_matching_FIR_feature,,0.07674206847544687,0.09109331039348431,35
prettymouth,F3_n8,peak_amplitude,collapsed_factor_vs_raw_feature,,-0.009356081341917686,-0.02726711378346749,35
prettymouth,F3_n8,peak_amplitude,individual_TENT_column_vs_raw_feature,1.5,-0.01786136095375835,-0.012624142628063464,35
prettymouth,F3_n8,peak_amplitude,individual_TENT_column_vs_raw_feature,3.0,-0.012582557270520704,-0.014222083874059833,35
prettymouth,F3_n8,peak_amplitude,individual_TENT_column_vs_raw_feature,4.5,-0.02480365079993328,-0.024349163077611473,35
prettymouth,F3_n8,peak_amplitude,individual_TENT_column_vs_raw_feature,6.0,0.0243805754823285,0.027797899051427526,35
prettymouth,F3_n8,peak_amplitude,individual_TENT_column_vs_raw_feature,7.5,0.0031313365800275847,-0.01592334462012126,35
prettymouth,F3_n8,rms,collapsed_factor_vs_matching_FIR_feature,,0.05951203612603323,0.08483535805589619,35
prettymouth,F3_n8,rms,collapsed_factor_vs_raw_feature,,-0.009332270236753051,-0.025722359783653687,35
prettymouth,F3_n8,rms,individual_TENT_column_vs_raw_feature,1.5,-0.02453411556551803,-0.01928222700559769,35
prettymouth,F3_n8,rms,individual_TENT_column_vs_raw_feature,3.0,-0.0015484440716986806,-0.007332032488498186,35
prettymouth,F3_n8,rms,individual_TENT_column_vs_raw_feature,4.5,-0.01895126786918486,-0.024704388248721603,35
prettymouth,F3_n8,rms,individual_TENT_column_vs_raw_feature,6.0,0.017039009787736845,0.02376296092273799,35
prettymouth,F3_n8,rms,individual_TENT_column_vs_raw_feature,7.5,-0.0032731762237688845,-0.026127547519115935,35
prettymouth,F3_n8,rms_dbfs,collapsed_factor_vs_matching_FIR_feature,,0.06241392992315154,0.1269668847192746,35
prettymouth,F3_n8,rms_dbfs,collapsed_factor_vs_raw_feature,,-0.008214524598236177,-0.004851601086242758,35
prettymouth,F3_n8,rms_dbfs,individual_TENT_column_vs_raw_feature,1.5,0.011465019743418858,0.00038526040949837776,35
prettymouth,F3_n8,rms_dbfs,individual_TENT_column_vs_raw_feature,3.0,-0.0014682379500204612,-0.006423705498623586,35
prettymouth,F3_n8,rms_dbfs,individual_TENT_column_vs_raw_feature,4.5,-0.029528841148858984,-0.007547100662201384,35
prettymouth,F3_n8,rms_dbfs,individual_TENT_column_vs_raw_feature,6.0,0.0069853231161984995,0.04416816998353481,35
prettymouth,F3_n8,rms_dbfs,individual_TENT_column_vs_raw_feature,7.5,-0.007546529503817585,-0.006339962797481222,35
prettymouth,F3_n8,spectral_bandwidth_hz,collapsed_factor_vs_matching_FIR_feature,,-0.004333473651084692,-0.10709897500526658,35
prettymouth,F3_n8,spectral_bandwidth_hz,collapsed_factor_vs_raw_feature,,0.01975464448400977,-0.03630507036839224,35
prettymouth,F3_n8,spectral_bandwidth_hz,individual_TENT_column_vs_raw_feature,1.5,-0.016940157834612585,-0.006035369816833824,35
prettymouth,F3_n8,spectral_bandwidth_hz,individual_TENT_column_vs_raw_feature,3.0,-0.0075495283052345735,-0.07122301814001737,35
prettymouth,F3_n8,spectral_bandwidth_hz,individual_TENT_column_vs_raw_feature,4.5,0.025810125232795997,-0.04298725528495879,35
prettymouth,F3_n8,spectral_bandwidth_hz,individual_TENT_column_vs_raw_feature,6.0,0.025917155540780397,-0.03089879971006891,35
prettymouth,F3_n8,spectral_bandwidth_hz,individual_TENT_column_vs_raw_feature,7.5,0.026193009590497515,0.02786274458635372,35
prettymouth,F3_n8,spectral_centroid_hz,collapsed_factor_vs_matching_FIR_feature,,0.042024086443814924,-0.03508599746951913,35
prettymouth,F3_n8,spectral_centroid_hz,collapsed_factor_vs_raw_feature,,0.04181595540583023,-0.03932851000671988,35
prettymouth,F3_n8,spectral_centroid_hz,individual_TENT_column_vs_raw_feature,1.5,0.01678810664413464,0.030052232593941353,35
prettymouth,F3_n8,spectral_centroid_hz,individual_TENT_column_vs_raw_feature,3.0,0.015787531570567597,-0.07745299426029738,35
prettymouth,F3_n8,spectral_centroid_hz,individual_TENT_column_vs_raw_feature,4.5,0.032093986788572025,-0.05004042724302254,35
prettymouth,F3_n8,spectral_centroid_hz,individual_TENT_column_vs_raw_feature,6.0,0.031785272243998436,-0.01065657199965655,35
prettymouth,F3_n8,spectral_centroid_hz,individual_TENT_column_vs_raw_feature,7.5,0.02068851285123938,0.03425275734319206,35
prettymouth,F3_n8,spectral_flatness,collapsed_factor_vs_matching_FIR_feature,,0.026530316363808183,-0.10667598907016111,35
prettymouth,F3_n8,spectral_flatness,collapsed_factor_vs_raw_feature,,0.041228835989025964,-0.0017190417142922815,35
prettymouth,F3_n8,spectral_flatness,individual_TENT_column_vs_raw_feature,1.5,-0.005570446853962765,-0.009176541419556228,35
prettymouth,F3_n8,spectral_flatness,individual_TENT_column_vs_raw_feature,3.0,0.021871224729412546,-0.007526489962221494,35
prettymouth,F3_n8,spectral_flatness,individual_TENT_column_vs_raw_feature,4.5,0.04272737606640494,-0.01454028876244323,35
prettymouth,F3_n8,spectral_flatness,individual_TENT_column_vs_raw_feature,6.0,0.032653809420258,-0.0455661691199425,35
prettymouth,F3_n8,spectral_flatness,individual_TENT_column_vs_raw_feature,7.5,0.016981699299463953,0.0023456822938432023,35
prettymouth,F3_n8,spectral_flux,collapsed_factor_vs_matching_FIR_feature,,-0.016004714113762943,0.020386634358449056,35
prettymouth,F3_n8,spectral_flux,collapsed_factor_vs_raw_feature,,-0.005832284982749213,0.00986892531846992,35
prettymouth,F3_n8,spectral_flux,individual_TENT_column_vs_raw_feature,1.5,-0.03850366164367008,-0.019530669128907645,35
prettymouth,F3_n8,spectral_flux,individual_TENT_column_vs_raw_feature,3.0,-0.03149332699001238,-0.029378928608562747,35
prettymouth,F3_n8,spectral_flux,individual_TENT_column_vs_raw_feature,4.5,-0.0003170530661421415,0.0398472599488921,35
prettymouth,F3_n8,spectral_flux,individual_TENT_column_vs_raw_feature,6.0,0.025255630797845947,0.08627779029924122,35
prettymouth,F3_n8,spectral_flux,individual_TENT_column_vs_raw_feature,7.5,0.027917352070403103,0.03606952567601865,35
prettymouth,F3_n8,spectral_rolloff_85_hz,collapsed_factor_vs_matching_FIR_feature,,0.04251385766063683,-0.024715117853146285,35
prettymouth,F3_n8,spectral_rolloff_85_hz,collapsed_factor_vs_raw_feature,,0.040289664263500634,-0.0595717556035016,35
prettymouth,F3_n8,spectral_rolloff_85_hz,individual_TENT_column_vs_raw_feature,1.5,0.0134156579534147,0.01485343281124586,35
prettymouth,F3_n8,spectral_rolloff_85_hz,individual_TENT_column_vs_raw_feature,3.0,0.011899007905397984,-0.11112308054892577,35
prettymouth,F3_n8,spectral_rolloff_85_hz,individual_TENT_column_vs_raw_feature,4.5,0.03181114006343685,-0.056139312188368935,35
prettymouth,F3_n8,spectral_rolloff_85_hz,individual_TENT_column_vs_raw_feature,6.0,0.034552713273438854,-0.00894328306499372,35
prettymouth,F3_n8,spectral_rolloff_85_hz,individual_TENT_column_vs_raw_feature,7.5,0.020667057604787032,0.028816218903017658,35
prettymouth,F3_n8,word_count_per_tr,collapsed_factor_vs_matching_FIR_feature,,0.0670753597271558,0.10191623141381678,35
prettymouth,F3_n8,word_count_per_tr,collapsed_factor_vs_raw_feature,,0.010337861434938894,-0.002276922483311653,35
prettymouth,F3_n8,word_count_per_tr,individual_TENT_column_vs_raw_feature,1.5,0.03488552655065746,0.04103834108085936,35
prettymouth,F3_n8,word_count_per_tr,individual_TENT_column_vs_raw_feature,3.0,0.004934711312062562,-0.005473526609735093,35
prettymouth,F3_n8,word_count_per_tr,individual_TENT_column_vs_raw_feature,4.5,-0.027289421522806535,-0.038734158825836175,35
prettymouth,F3_n8,word_count_per_tr,individual_TENT_column_vs_raw_feature,6.0,0.0371771588586314,0.03099793773183196,35
prettymouth,F3_n8,word_count_per_tr,individual_TENT_column_vs_raw_feature,7.5,-0.019666788447231305,-0.02373673131287865,35
prettymouth,F3_n8,zero_crossing_rate,collapsed_factor_vs_matching_FIR_feature,,0.027898994951773604,-0.07374265894865491,35
prettymouth,F3_n8,zero_crossing_rate,collapsed_factor_vs_raw_feature,,0.0367173952462471,-0.03429654983058431,35
prettymouth,F3_n8,zero_crossing_rate,individual_TENT_column_vs_raw_feature,1.5,0.009877940667372666,0.017231875777659438,35
prettymouth,F3_n8,zero_crossing_rate,individual_TENT_column_vs_raw_feature,3.0,0.008917113043446206,-0.07526350997287826,35
prettymouth,F3_n8,zero_crossing_rate,individual_TENT_column_vs_raw_feature,4.5,0.030485842852833317,-0.04861017468417182,35
prettymouth,F3_n8,zero_crossing_rate,individual_TENT_column_vs_raw_feature,6.0,0.030160046883049966,-0.01942765972165967,35
prettymouth,F3_n8,zero_crossing_rate,individual_TENT_column_vs_raw_feature,7.5,0.023711174779940097,0.034557298670777,35
prettymouth,F4_n8,peak_amplitude,collapsed_factor_vs_matching_FIR_feature,,0.1605381196142126,0.14330741086353416,35
prettymouth,F4_n8,peak_amplitude,collapsed_factor_vs_raw_feature,,-0.009701383182097678,-0.021461092618932188,35
prettymouth,F4_n8,peak_amplitude,individual_TENT_column_vs_raw_feature,1.5,0.038625145965881076,0.0274911280017101,35
prettymouth,F4_n8,peak_amplitude,individual_TENT_column_vs_raw_feature,3.0,0.013714044106948226,0.005532377045229317,35
prettymouth,F4_n8,peak_amplitude,individual_TENT_column_vs_raw_feature,4.5,-0.0010216163329721149,-0.024397329390043684,35
prettymouth,F4_n8,peak_amplitude,individual_TENT_column_vs_raw_feature,6.0,-0.038070920117490824,-0.040543097372369816,35
prettymouth,F4_n8,peak_amplitude,individual_TENT_column_vs_raw_feature,7.5,-0.040755074914998766,-0.06267769188948964,35
prettymouth,F4_n8,rms,collapsed_factor_vs_matching_FIR_feature,,0.13105640679653335,0.11601650389815778,35
prettymouth,F4_n8,rms,collapsed_factor_vs_raw_feature,,-0.018131926524692976,-0.0339044922162391,35
prettymouth,F4_n8,rms,individual_TENT_column_vs_raw_feature,1.5,0.025785341613357677,0.02333909820333017,35
prettymouth,F4_n8,rms,individual_TENT_column_vs_raw_feature,3.0,0.011990862569129426,0.0006054393119092627,35
prettymouth,F4_n8,rms,individual_TENT_column_vs_raw_feature,4.5,-0.007000319717885681,-0.03523287146888356,35
prettymouth,F4_n8,rms,individual_TENT_column_vs_raw_feature,6.0,-0.04199952505833922,-0.04759621105328784,35
prettymouth,F4_n8,rms,individual_TENT_column_vs_raw_feature,7.5,-0.0423352994779789,-0.06192162894928207,35
prettymouth,F4_n8,rms_dbfs,collapsed_factor_vs_matching_FIR_feature,,0.106522575243007,0.1147325974171732,35
prettymouth,F4_n8,rms_dbfs,collapsed_factor_vs_raw_feature,,0.01011040261459194,0.007296913290301829,35
prettymouth,F4_n8,rms_dbfs,individual_TENT_column_vs_raw_feature,1.5,0.03123878875250854,0.027866642382285593,35
prettymouth,F4_n8,rms_dbfs,individual_TENT_column_vs_raw_feature,3.0,0.022491672809213648,0.02138976203619487,35
prettymouth,F4_n8,rms_dbfs,individual_TENT_column_vs_raw_feature,4.5,0.014352159227530146,0.007415707449829588,35
prettymouth,F4_n8,rms_dbfs,individual_TENT_column_vs_raw_feature,6.0,-0.02299830879618636,-0.01265037718602638,35
prettymouth,F4_n8,rms_dbfs,individual_TENT_column_vs_raw_feature,7.5,-0.014615380077749828,-0.03582741040987348,35
prettymouth,F4_n8,spectral_bandwidth_hz,collapsed_factor_vs_matching_FIR_feature,,-0.034087159114053155,-0.04042541807297882,35
prettymouth,F4_n8,spectral_bandwidth_hz,collapsed_factor_vs_raw_feature,,-0.0016494025825853902,0.035192821713619885,35
prettymouth,F4_n8,spectral_bandwidth_hz,individual_TENT_column_vs_raw_feature,1.5,-0.018829946558530864,-0.0030855856433460982,35
prettymouth,F4_n8,spectral_bandwidth_hz,individual_TENT_column_vs_raw_feature,3.0,-0.012491047771186153,0.0153551395070286,35
prettymouth,F4_n8,spectral_bandwidth_hz,individual_TENT_column_vs_raw_feature,4.5,0.002397024030665892,0.024708140740294027,35
prettymouth,F4_n8,spectral_bandwidth_hz,individual_TENT_column_vs_raw_feature,6.0,0.02424884702451873,0.053209322364930596,35
prettymouth,F4_n8,spectral_bandwidth_hz,individual_TENT_column_vs_raw_feature,7.5,-0.006734588746990311,0.0020220522519053415,35
prettymouth,F4_n8,spectral_centroid_hz,collapsed_factor_vs_matching_FIR_feature,,0.009709079289340184,0.10452343576149138,35
prettymouth,F4_n8,spectral_centroid_hz,collapsed_factor_vs_raw_feature,,0.0007461502858986069,0.034716031743618814,35
prettymouth,F4_n8,spectral_centroid_hz,individual_TENT_column_vs_raw_feature,1.5,-0.00173683856581354,0.010497837750665767,35
prettymouth,F4_n8,spectral_centroid_hz,individual_TENT_column_vs_raw_feature,3.0,-0.0017073561459195993,0.01448148105869626,35
prettymouth,F4_n8,spectral_centroid_hz,individual_TENT_column_vs_raw_feature,4.5,0.009813279501777331,0.02518089867108275,35
prettymouth,F4_n8,spectral_centroid_hz,individual_TENT_column_vs_raw_feature,6.0,0.00524341175133455,0.01347743753005636,35
prettymouth,F4_n8,spectral_centroid_hz,individual_TENT_column_vs_raw_feature,7.5,-0.014523476657862014,0.025087174944081973,35
prettymouth,F4_n8,spectral_flatness,collapsed_factor_vs_matching_FIR_feature,,-0.028626698738627658,-0.07447945303344912,35
prettymouth,F4_n8,spectral_flatness,collapsed_factor_vs_raw_feature,,-0.010352456283677494,-0.01119930146538932,35
prettymouth,F4_n8,spectral_flatness,individual_TENT_column_vs_raw_feature,1.5,-0.019542248089737656,-0.028354488261527235,35
prettymouth,F4_n8,spectral_flatness,individual_TENT_column_vs_raw_feature,3.0,-0.01166741851843872,-0.03189393807214142,35
prettymouth,F4_n8,spectral_flatness,individual_TENT_column_vs_raw_feature,4.5,-0.005068802803824501,-0.024931666021869404,35
prettymouth,F4_n8,spectral_flatness,individual_TENT_column_vs_raw_feature,6.0,0.0070210169086559904,0.025573454095427984,35
prettymouth,F4_n8,spectral_flatness,individual_TENT_column_vs_raw_feature,7.5,-0.004525678102924156,0.027525895932125153,35
prettymouth,F4_n8,spectral_flux,collapsed_factor_vs_matching_FIR_feature,,0.0750508059312126,0.09967485800291186,35
prettymouth,F4_n8,spectral_flux,collapsed_factor_vs_raw_feature,,0.03393889931331997,0.04317143940443054,35
prettymouth,F4_n8,spectral_flux,individual_TENT_column_vs_raw_feature,1.5,0.03120570436065253,0.07123408481828891,35
prettymouth,F4_n8,spectral_flux,individual_TENT_column_vs_raw_feature,3.0,0.036846968737483846,0.04825351315916823,35
prettymouth,F4_n8,spectral_flux,individual_TENT_column_vs_raw_feature,4.5,0.016156139383175373,0.0019455268619604123,35
prettymouth,F4_n8,spectral_flux,individual_TENT_column_vs_raw_feature,6.0,-0.013568250821228709,-0.023677605741299533,35
prettymouth,F4_n8,spectral_flux,individual_TENT_column_vs_raw_feature,7.5,0.03850396406901862,0.028272916995938428,35
prettymouth,F4_n8,spectral_rolloff_85_hz,collapsed_factor_vs_matching_FIR_feature,,0.011938006329198744,0.10902425601307442,35
prettymouth,F4_n8,spectral_rolloff_85_hz,collapsed_factor_vs_raw_feature,,0.0037850268335027667,0.05711059795846819,35
prettymouth,F4_n8,spectral_rolloff_85_hz,individual_TENT_column_vs_raw_feature,1.5,-0.0018261007577820181,0.021881105140734915,35
prettymouth,F4_n8,spectral_rolloff_85_hz,individual_TENT_column_vs_raw_feature,3.0,0.002698266509261463,0.04529634352219042,35
prettymouth,F4_n8,spectral_rolloff_85_hz,individual_TENT_column_vs_raw_feature,4.5,0.011978815823065722,0.05163211998484145,35
prettymouth,F4_n8,spectral_rolloff_85_hz,individual_TENT_column_vs_raw_feature,6.0,0.006381914710654955,0.022041220013227825,35
prettymouth,F4_n8,spectral_rolloff_85_hz,individual_TENT_column_vs_raw_feature,7.5,-0.014042025943557732,0.009601998081971335,35
prettymouth,F4_n8,word_count_per_tr,collapsed_factor_vs_matching_FIR_feature,,0.11834179045571833,0.14882385933696932,35
prettymouth,F4_n8,word_count_per_tr,collapsed_factor_vs_raw_feature,,0.0479732006439754,0.048700433223213414,35
prettymouth,F4_n8,word_count_per_tr,individual_TENT_column_vs_raw_feature,1.5,0.07996029975785611,0.1051208625221469,35
prettymouth,F4_n8,word_count_per_tr,individual_TENT_column_vs_raw_feature,3.0,0.049835139009234516,0.06145568811984985,35
prettymouth,F4_n8,word_count_per_tr,individual_TENT_column_vs_raw_feature,4.5,0.014191161780664076,-0.006108496576424767,35
prettymouth,F4_n8,word_count_per_tr,individual_TENT_column_vs_raw_feature,6.0,-0.004250012239603404,0.010178260833923581,35
prettymouth,F4_n8,word_count_per_tr,individual_TENT_column_vs_raw_feature,7.5,0.010935176802051184,-0.0525471250541038,35
prettymouth,F4_n8,zero_crossing_rate,collapsed_factor_vs_matching_FIR_feature,,-0.0021050479109385755,0.04402373910005093,35
prettymouth,F4_n8,zero_crossing_rate,collapsed_factor_vs_raw_feature,,7.983803968057353e-06,0.03498217345550722,35
prettymouth,F4_n8,zero_crossing_rate,individual_TENT_column_vs_raw_feature,1.5,-0.005166278861770289,0.0016787639958841451,35
prettymouth,F4_n8,zero_crossing_rate,individual_TENT_column_vs_raw_feature,3.0,-0.006755043178823042,0.0014723770858912847,35
prettymouth,F4_n8,zero_crossing_rate,individual_TENT_column_vs_raw_feature,4.5,0.007934690705069287,0.02335338253657761,35
prettymouth,F4_n8,zero_crossing_rate,individual_TENT_column_vs_raw_feature,6.0,0.011197761135922673,0.03699189907644768,35
prettymouth,F4_n8,zero_crossing_rate,individual_TENT_column_vs_raw_feature,7.5,-0.012304378735476813,0.026306002466900236,35
prettymouth,F5_n8,peak_amplitude,collapsed_factor_vs_matching_FIR_feature,,0.0273399399707623,0.03522904565802932,35
prettymouth,F5_n8,peak_amplitude,collapsed_factor_vs_raw_feature,,-0.02828838453831787,-0.029028314220997973,35
prettymouth,F5_n8,peak_amplitude,individual_TENT_column_vs_raw_feature,1.5,-0.001427437772157015,0.0041333868579770915,35
prettymouth,F5_n8,peak_amplitude,individual_TENT_column_vs_raw_feature,3.0,-0.0007049701701618804,-0.004417214897743644,35
prettymouth,F5_n8,peak_amplitude,individual_TENT_column_vs_raw_feature,4.5,-0.005954131709815226,0.013708328543896305,35
prettymouth,F5_n8,peak_amplitude,individual_TENT_column_vs_raw_feature,6.0,-0.03817680000571103,-0.01539686583501537,35
prettymouth,F5_n8,peak_amplitude,individual_TENT_column_vs_raw_feature,7.5,-0.02990696520587732,-0.02471219706099087,35
prettymouth,F5_n8,rms,collapsed_factor_vs_matching_FIR_feature,,0.013874731772232187,0.02974013829788775,35
prettymouth,F5_n8,rms,collapsed_factor_vs_raw_feature,,-0.029842480668815386,-0.03057099352978254,35
prettymouth,F5_n8,rms,individual_TENT_column_vs_raw_feature,1.5,-0.010508493367928012,0.0031930292355551765,35
prettymouth,F5_n8,rms,individual_TENT_column_vs_raw_feature,3.0,0.004685612141681861,-0.001745412647210015,35
prettymouth,F5_n8,rms,individual_TENT_column_vs_raw_feature,4.5,-0.0036609217563213043,0.0158660944415844,35
prettymouth,F5_n8,rms,individual_TENT_column_vs_raw_feature,6.0,-0.04217734553273306,-0.018962684091552138,35
prettymouth,F5_n8,rms,individual_TENT_column_vs_raw_feature,7.5,-0.03152879782468836,-0.03201141170277166,35
prettymouth,F5_n8,rms_dbfs,collapsed_factor_vs_matching_FIR_feature,,-0.023399719794154825,-0.0024917818699938857,35
prettymouth,F5_n8,rms_dbfs,collapsed_factor_vs_raw_feature,,-0.033595005360527216,-0.018317838423560634,35
prettymouth,F5_n8,rms_dbfs,individual_TENT_column_vs_raw_feature,1.5,0.0026501248410219693,0.01062448787355365,35
prettymouth,F5_n8,rms_dbfs,individual_TENT_column_vs_raw_feature,3.0,0.020143817321489465,0.012248580551092332,35
prettymouth,F5_n8,rms_dbfs,individual_TENT_column_vs_raw_feature,4.5,-0.03256584877447734,0.015010974421766583,35
prettymouth,F5_n8,rms_dbfs,individual_TENT_column_vs_raw_feature,6.0,-0.04599744512160156,-0.021936953717726183,35
prettymouth,F5_n8,rms_dbfs,individual_TENT_column_vs_raw_feature,7.5,-0.03238068396267011,-0.05101254548290544,35
prettymouth,F5_n8,spectral_bandwidth_hz,collapsed_factor_vs_matching_FIR_feature,,0.043309304005243895,0.027588928690401682,35
prettymouth,F5_n8,spectral_bandwidth_hz,collapsed_factor_vs_raw_feature,,0.04284935614180248,0.011222648273455364,35
prettymouth,F5_n8,spectral_bandwidth_hz,individual_TENT_column_vs_raw_feature,1.5,-0.015133809531326106,-0.015947069443019362,35
prettymouth,F5_n8,spectral_bandwidth_hz,individual_TENT_column_vs_raw_feature,3.0,-0.007268285899374813,-0.007029536861891163,35
prettymouth,F5_n8,spectral_bandwidth_hz,individual_TENT_column_vs_raw_feature,4.5,0.053937912350125815,0.003166710835768883,35
prettymouth,F5_n8,spectral_bandwidth_hz,individual_TENT_column_vs_raw_feature,6.0,0.060410988951441015,0.03702566632311256,35
prettymouth,F5_n8,spectral_bandwidth_hz,individual_TENT_column_vs_raw_feature,7.5,0.006318968090391045,-0.0029204659693044914,35
prettymouth,F5_n8,spectral_centroid_hz,collapsed_factor_vs_matching_FIR_feature,,0.03608576675179348,0.030581239251307922,35
prettymouth,F5_n8,spectral_centroid_hz,collapsed_factor_vs_raw_feature,,0.0357300974337892,0.017044121676552122,35
prettymouth,F5_n8,spectral_centroid_hz,individual_TENT_column_vs_raw_feature,1.5,-0.0003352715955508942,0.002983226132787292,35
prettymouth,F5_n8,spectral_centroid_hz,individual_TENT_column_vs_raw_feature,3.0,0.015055514648165343,0.010769314768840025,35
prettymouth,F5_n8,spectral_centroid_hz,individual_TENT_column_vs_raw_feature,4.5,0.029217818575404314,-0.008630618601905048,35
prettymouth,F5_n8,spectral_centroid_hz,individual_TENT_column_vs_raw_feature,6.0,0.0360729868291516,0.06440110047602145,35
prettymouth,F5_n8,spectral_centroid_hz,individual_TENT_column_vs_raw_feature,7.5,0.0060339068693267914,0.0130051373511915,35
prettymouth,F5_n8,spectral_flatness,collapsed_factor_vs_matching_FIR_feature,,0.03685844563775941,0.014191388076098283,35
prettymouth,F5_n8,spectral_flatness,collapsed_factor_vs_raw_feature,,0.0346393098810986,-0.0077613300119033935,35
prettymouth,F5_n8,spectral_flatness,individual_TENT_column_vs_raw_feature,1.5,-0.013203050383461375,-0.04476149762450785,35
prettymouth,F5_n8,spectral_flatness,individual_TENT_column_vs_raw_feature,3.0,0.007399320539600551,-0.017075516874643478,35
prettymouth,F5_n8,spectral_flatness,individual_TENT_column_vs_raw_feature,4.5,0.04436415057440133,-0.011850592415067612,35
prettymouth,F5_n8,spectral_flatness,individual_TENT_column_vs_raw_feature,6.0,0.032183457214933084,0.008097708791283713,35
prettymouth,F5_n8,spectral_flatness,individual_TENT_column_vs_raw_feature,7.5,0.00978665297369819,0.04262324586199574,35
prettymouth,F5_n8,spectral_flux,collapsed_factor_vs_matching_FIR_feature,,0.005343610204954676,0.018787294024600915,35
prettymouth,F5_n8,spectral_flux,collapsed_factor_vs_raw_feature,,0.005436034665972253,0.02246825144213154,35
prettymouth,F5_n8,spectral_flux,individual_TENT_column_vs_raw_feature,1.5,-0.005696277298557323,-0.018736196636358494,35
prettymouth,F5_n8,spectral_flux,individual_TENT_column_vs_raw_feature,3.0,0.03326057465613898,0.015862005905990562,35
prettymouth,F5_n8,spectral_flux,individual_TENT_column_vs_raw_feature,4.5,-0.014197269758074837,0.015582641309524017,35
prettymouth,F5_n8,spectral_flux,individual_TENT_column_vs_raw_feature,6.0,-0.029835128970502802,0.012577847684738453,35
prettymouth,F5_n8,spectral_flux,individual_TENT_column_vs_raw_feature,7.5,0.03923018272894863,0.04190819802278307,35
prettymouth,F5_n8,spectral_rolloff_85_hz,collapsed_factor_vs_matching_FIR_feature,,0.03977335812075858,0.0517784936908082,35
prettymouth,F5_n8,spectral_rolloff_85_hz,collapsed_factor_vs_raw_feature,,0.037126790403271784,0.017100703796830895,35
prettymouth,F5_n8,spectral_rolloff_85_hz,individual_TENT_column_vs_raw_feature,1.5,-0.004173988936514968,-0.005226212025424895,35
prettymouth,F5_n8,spectral_rolloff_85_hz,individual_TENT_column_vs_raw_feature,3.0,0.013844234580966532,0.003178529629507195,35
prettymouth,F5_n8,spectral_rolloff_85_hz,individual_TENT_column_vs_raw_feature,4.5,0.03457654379336813,0.002251831869959936,35
prettymouth,F5_n8,spectral_rolloff_85_hz,individual_TENT_column_vs_raw_feature,6.0,0.04075756676923063,0.06906505451181591,35
prettymouth,F5_n8,spectral_rolloff_85_hz,individual_TENT_column_vs_raw_feature,7.5,0.0018863294317975152,-0.0021105443446313306,35
prettymouth,F5_n8,word_count_per_tr,collapsed_factor_vs_matching_FIR_feature,,0.012437107845724875,0.04005015436427879,35
prettymouth,F5_n8,word_count_per_tr,collapsed_factor_vs_raw_feature,,-0.021562139159027584,-0.035108233861825565,35
prettymouth,F5_n8,word_count_per_tr,individual_TENT_column_vs_raw_feature,1.5,0.011085693372558988,-0.012384252440389305,35
prettymouth,F5_n8,word_count_per_tr,individual_TENT_column_vs_raw_feature,3.0,0.028642763183497805,-0.0005250696853267375,35
prettymouth,F5_n8,word_count_per_tr,individual_TENT_column_vs_raw_feature,4.5,-0.046929911295915804,-0.03620469712073167,35
prettymouth,F5_n8,word_count_per_tr,individual_TENT_column_vs_raw_feature,6.0,-0.02222131793012066,-0.032597352027525034,35
prettymouth,F5_n8,word_count_per_tr,individual_TENT_column_vs_raw_feature,7.5,-0.025646009501653327,-0.01824012567072427,35
prettymouth,F5_n8,zero_crossing_rate,collapsed_factor_vs_matching_FIR_feature,,0.035575238042840164,0.03207235655010915,35
prettymouth,F5_n8,zero_crossing_rate,collapsed_factor_vs_raw_feature,,0.037720207672508506,0.011455698050866634,35
prettymouth,F5_n8,zero_crossing_rate,individual_TENT_column_vs_raw_feature,1.5,-0.00462094220208246,-0.004036252987075781,35
prettymouth,F5_n8,zero_crossing_rate,individual_TENT_column_vs_raw_feature,3.0,0.00776178325917992,-0.0016018100595873077,35
prettymouth,F5_n8,zero_crossing_rate,individual_TENT_column_vs_raw_feature,4.5,0.03508013168650326,-0.010638595133517802,35
prettymouth,F5_n8,zero_crossing_rate,individual_TENT_column_vs_raw_feature,6.0,0.0447080399489538,0.05533010392820903,35
prettymouth,F5_n8,zero_crossing_rate,individual_TENT_column_vs_raw_feature,7.5,0.006643569821050625,0.02273014138259233,35
prettymouth,F6_n8,peak_amplitude,collapsed_factor_vs_matching_FIR_feature,,-0.10470627189008108,-0.08059553292106274,35
prettymouth,F6_n8,peak_amplitude,collapsed_factor_vs_raw_feature,,-0.051893612876826194,-0.026265832395388673,35
prettymouth,F6_n8,peak_amplitude,individual_TENT_column_vs_raw_feature,1.5,-0.010544769789168336,-0.014987167421607852,35
prettymouth,F6_n8,peak_amplitude,individual_TENT_column_vs_raw_feature,3.0,-0.06372279946858887,-0.042435165337184985,35
prettymouth,F6_n8,peak_amplitude,individual_TENT_column_vs_raw_feature,4.5,-0.007680821004340864,0.008238875745199064,35
prettymouth,F6_n8,peak_amplitude,individual_TENT_column_vs_raw_feature,6.0,-0.04483156070040035,-0.02440463834791857,35
prettymouth,F6_n8,peak_amplitude,individual_TENT_column_vs_raw_feature,7.5,-0.02238711068513172,0.01911366252407318,35
prettymouth,F6_n8,rms,collapsed_factor_vs_matching_FIR_feature,,-0.09574146748753566,-0.08645944488654334,35
prettymouth,F6_n8,rms,collapsed_factor_vs_raw_feature,,-0.03504989405097351,-0.010840533249352809,35
prettymouth,F6_n8,rms,individual_TENT_column_vs_raw_feature,1.5,-0.015167367134029273,-0.020804288072096857,35
prettymouth,F6_n8,rms,individual_TENT_column_vs_raw_feature,3.0,-0.047195752768300715,-0.028423947507048884,35
prettymouth,F6_n8,rms,individual_TENT_column_vs_raw_feature,4.5,0.009518447075333279,0.02332783992234733,35
prettymouth,F6_n8,rms,individual_TENT_column_vs_raw_feature,6.0,-0.03304182268947012,-0.010328256990737764,35
prettymouth,F6_n8,rms,individual_TENT_column_vs_raw_feature,7.5,-0.018807722488998126,0.02763198376922749,35
prettymouth,F6_n8,rms_dbfs,collapsed_factor_vs_matching_FIR_feature,,0.008649145276544748,0.05202463860315416,35
prettymouth,F6_n8,rms_dbfs,collapsed_factor_vs_raw_feature,,-0.04078010466773784,-0.01672465672013759,35
prettymouth,F6_n8,rms_dbfs,individual_TENT_column_vs_raw_feature,1.5,0.004222039858498622,-0.03210857415208797,35
prettymouth,F6_n8,rms_dbfs,individual_TENT_column_vs_raw_feature,3.0,-0.04351824825633908,-0.027137458978412826,35
prettymouth,F6_n8,rms_dbfs,individual_TENT_column_vs_raw_feature,4.5,-0.0022908321312562234,0.029970198064235832,35
prettymouth,F6_n8,rms_dbfs,individual_TENT_column_vs_raw_feature,6.0,-0.036813687065858684,-0.007515736553536336,35
prettymouth,F6_n8,rms_dbfs,individual_TENT_column_vs_raw_feature,7.5,-0.04364187017880691,0.01399342633420823,35
prettymouth,F6_n8,spectral_bandwidth_hz,collapsed_factor_vs_matching_FIR_feature,,0.014298782058081175,-0.057948401258856815,35
prettymouth,F6_n8,spectral_bandwidth_hz,collapsed_factor_vs_raw_feature,,0.05638561953050648,-0.011514679330703558,35
prettymouth,F6_n8,spectral_bandwidth_hz,individual_TENT_column_vs_raw_feature,1.5,-0.009973017289800245,0.0008945724112633886,35
prettymouth,F6_n8,spectral_bandwidth_hz,individual_TENT_column_vs_raw_feature,3.0,0.03156615948555693,-0.01588844136900825,35
prettymouth,F6_n8,spectral_bandwidth_hz,individual_TENT_column_vs_raw_feature,4.5,0.03723733234772846,-0.0036292194239045616,35
prettymouth,F6_n8,spectral_bandwidth_hz,individual_TENT_column_vs_raw_feature,6.0,0.04186228100184194,-0.007491765413342333,35
prettymouth,F6_n8,spectral_bandwidth_hz,individual_TENT_column_vs_raw_feature,7.5,0.07001018731696461,0.009068476439589893,35
prettymouth,F6_n8,spectral_centroid_hz,collapsed_factor_vs_matching_FIR_feature,,0.03870114045426763,0.0013543948055772727,35
prettymouth,F6_n8,spectral_centroid_hz,collapsed_factor_vs_raw_feature,,0.04944658711279465,0.003048130147577341,35
prettymouth,F6_n8,spectral_centroid_hz,individual_TENT_column_vs_raw_feature,1.5,0.018595545055876583,0.019661612476300203,35
prettymouth,F6_n8,spectral_centroid_hz,individual_TENT_column_vs_raw_feature,3.0,0.026811049584263547,-0.013268138112054054,35
prettymouth,F6_n8,spectral_centroid_hz,individual_TENT_column_vs_raw_feature,4.5,0.04013765600844057,0.01019635971233385,35
prettymouth,F6_n8,spectral_centroid_hz,individual_TENT_column_vs_raw_feature,6.0,0.029987149512026103,-0.03259307765868752,35
prettymouth,F6_n8,spectral_centroid_hz,individual_TENT_column_vs_raw_feature,7.5,0.03370738612128111,-0.024811730698229468,35
prettymouth,F6_n8,spectral_flatness,collapsed_factor_vs_matching_FIR_feature,,0.034396092500328095,-0.05519465364559908,35
prettymouth,F6_n8,spectral_flatness,collapsed_factor_vs_raw_feature,,0.06577122666433302,0.031281363555542716,35
prettymouth,F6_n8,spectral_flatness,individual_TENT_column_vs_raw_feature,1.5,0.00854929146481004,0.03429439032292818,35
prettymouth,F6_n8,spectral_flatness,individual_TENT_column_vs_raw_feature,3.0,0.043417489123411916,0.036371052569403456,35
prettymouth,F6_n8,spectral_flatness,individual_TENT_column_vs_raw_feature,4.5,0.04042800594052732,-0.003288750822878067,35
prettymouth,F6_n8,spectral_flatness,individual_TENT_column_vs_raw_feature,6.0,0.04249978765353653,0.020932574145064865,35
prettymouth,F6_n8,spectral_flatness,individual_TENT_column_vs_raw_feature,7.5,0.06528383251398512,0.012823183717907883,35
prettymouth,F6_n8,spectral_flux,collapsed_factor_vs_matching_FIR_feature,,-0.09473154199066967,-0.13170477509285036,35
prettymouth,F6_n8,spectral_flux,collapsed_factor_vs_raw_feature,,-0.05520850024124441,0.01235578028412373,35
prettymouth,F6_n8,spectral_flux,individual_TENT_column_vs_raw_feature,1.5,-0.012725674127273762,-0.021583056401326278,35
prettymouth,F6_n8,spectral_flux,individual_TENT_column_vs_raw_feature,3.0,-0.05168440638934556,-0.049267133942418356,35
prettymouth,F6_n8,spectral_flux,individual_TENT_column_vs_raw_feature,4.5,-0.019143971013474606,0.0021948715258475575,35
prettymouth,F6_n8,spectral_flux,individual_TENT_column_vs_raw_feature,6.0,-0.04412475083683386,-0.0028908186941902494,35
prettymouth,F6_n8,spectral_flux,individual_TENT_column_vs_raw_feature,7.5,-0.03556722051669376,0.012019107960019332,35
prettymouth,F6_n8,spectral_rolloff_85_hz,collapsed_factor_vs_matching_FIR_feature,,0.03804854624054748,-0.0022838163098377394,35
prettymouth,F6_n8,spectral_rolloff_85_hz,collapsed_factor_vs_raw_feature,,0.04900315138872249,-0.017888392936892653,35
prettymouth,F6_n8,spectral_rolloff_85_hz,individual_TENT_column_vs_raw_feature,1.5,0.013532565995376526,0.002616608381444087,35
prettymouth,F6_n8,spectral_rolloff_85_hz,individual_TENT_column_vs_raw_feature,3.0,0.02677133808289093,-0.029020212988602218,35
prettymouth,F6_n8,spectral_rolloff_85_hz,individual_TENT_column_vs_raw_feature,4.5,0.041898283566868026,0.007167653763663698,35
prettymouth,F6_n8,spectral_rolloff_85_hz,individual_TENT_column_vs_raw_feature,6.0,0.02878308050997797,-0.04177972547097966,35
prettymouth,F6_n8,spectral_rolloff_85_hz,individual_TENT_column_vs_raw_feature,7.5,0.036278449030182805,-0.022841290826477484,35
prettymouth,F6_n8,word_count_per_tr,collapsed_factor_vs_matching_FIR_feature,,0.033595651682371545,0.03802612417211819,35
prettymouth,F6_n8,word_count_per_tr,collapsed_factor_vs_raw_feature,,-0.046828304637484656,-0.04040954423350539,35
prettymouth,F6_n8,word_count_per_tr,individual_TENT_column_vs_raw_feature,1.5,-0.002322376473004155,-0.019177613626148293,35
prettymouth,F6_n8,word_count_per_tr,individual_TENT_column_vs_raw_feature,3.0,-0.06136835570013494,-0.0647647000948178,35
prettymouth,F6_n8,word_count_per_tr,individual_TENT_column_vs_raw_feature,4.5,-0.003640053395294947,-0.023289573896163943,35
prettymouth,F6_n8,word_count_per_tr,individual_TENT_column_vs_raw_feature,6.0,-0.06349562956121446,-0.04395767786609263,35
prettymouth,F6_n8,word_count_per_tr,individual_TENT_column_vs_raw_feature,7.5,0.008502236465819366,0.04368296399312367,35
prettymouth,F6_n8,zero_crossing_rate,collapsed_factor_vs_matching_FIR_feature,,0.0324876495253186,-0.019657341091278004,35
prettymouth,F6_n8,zero_crossing_rate,collapsed_factor_vs_raw_feature,,0.053652239934164375,0.003831760417925127,35
prettymouth,F6_n8,zero_crossing_rate,individual_TENT_column_vs_raw_feature,1.5,0.010850826772532723,0.007643409422811096,35
prettymouth,F6_n8,zero_crossing_rate,individual_TENT_column_vs_raw_feature,3.0,0.028576680487648724,-0.01909833653458368,35
prettymouth,F6_n8,zero_crossing_rate,individual_TENT_column_vs_raw_feature,4.5,0.04300369272646695,0.015136713011686873,35
prettymouth,F6_n8,zero_crossing_rate,individual_TENT_column_vs_raw_feature,6.0,0.0347251487129072,-0.02092921663416092,35
prettymouth,F6_n8,zero_crossing_rate,individual_TENT_column_vs_raw_feature,7.5,0.04436005658196245,-0.007436826209507768,35
prettymouth,F7_n8,peak_amplitude,collapsed_factor_vs_matching_FIR_feature,,-0.024949780582064717,0.0291006485095655,35
prettymouth,F7_n8,peak_amplitude,collapsed_factor_vs_raw_feature,,-0.002179348953598041,0.02041082212245654,35
prettymouth,F7_n8,peak_amplitude,individual_TENT_column_vs_raw_feature,1.5,0.009973830798201485,0.05810006925000044,35
prettymouth,F7_n8,peak_amplitude,individual_TENT_column_vs_raw_feature,3.0,0.033854264791052024,0.04135965638644583,35
prettymouth,F7_n8,peak_amplitude,individual_TENT_column_vs_raw_feature,4.5,-0.018911825930234376,-0.007584317962181382,35
prettymouth,F7_n8,peak_amplitude,individual_TENT_column_vs_raw_feature,6.0,-0.018778371131980456,0.015453489255793235,35
prettymouth,F7_n8,peak_amplitude,individual_TENT_column_vs_raw_feature,7.5,-0.012930002204542521,-0.02902762229713719,35
prettymouth,F7_n8,rms,collapsed_factor_vs_matching_FIR_feature,,-6.0797919304657825e-06,0.05085024376863765,35
prettymouth,F7_n8,rms,collapsed_factor_vs_raw_feature,,0.0071057345593988465,0.026763392275692206,35
prettymouth,F7_n8,rms,individual_TENT_column_vs_raw_feature,1.5,0.017240533612810954,0.0618365553163342,35
prettymouth,F7_n8,rms,individual_TENT_column_vs_raw_feature,3.0,0.04336930664868739,0.05017742118908452,35
prettymouth,F7_n8,rms,individual_TENT_column_vs_raw_feature,4.5,-0.013472798654787324,-0.002972197354708673,35
prettymouth,F7_n8,rms,individual_TENT_column_vs_raw_feature,6.0,-0.015394613703138257,0.02059507393289417,35
prettymouth,F7_n8,rms,individual_TENT_column_vs_raw_feature,7.5,-0.011979307441888468,-0.026256457233848382,35
prettymouth,F7_n8,rms_dbfs,collapsed_factor_vs_matching_FIR_feature,,-0.023279430070862306,0.0066488574069337595,35
prettymouth,F7_n8,rms_dbfs,collapsed_factor_vs_raw_feature,,0.011140407430055115,0.016131524622651515,35
prettymouth,F7_n8,rms_dbfs,individual_TENT_column_vs_raw_feature,1.5,0.019170129718965218,0.03652731898372757,35
prettymouth,F7_n8,rms_dbfs,individual_TENT_column_vs_raw_feature,3.0,0.03125188059228171,0.03782612318211415,35
prettymouth,F7_n8,rms_dbfs,individual_TENT_column_vs_raw_feature,4.5,-0.001241011937429585,0.003626923123091585,35
prettymouth,F7_n8,rms_dbfs,individual_TENT_column_vs_raw_feature,6.0,0.004563561209933157,0.02567208301571219,35
prettymouth,F7_n8,rms_dbfs,individual_TENT_column_vs_raw_feature,7.5,-0.02838049526887783,-0.03357222476940512,35
prettymouth,F7_n8,spectral_bandwidth_hz,collapsed_factor_vs_matching_FIR_feature,,0.008955368123421773,-0.05402367405159103,35
prettymouth,F7_n8,spectral_bandwidth_hz,collapsed_factor_vs_raw_feature,,-0.021332258120533333,-0.08215092302869542,35
prettymouth,F7_n8,spectral_bandwidth_hz,individual_TENT_column_vs_raw_feature,1.5,-0.03084426722648979,-0.049090649639510445,35
prettymouth,F7_n8,spectral_bandwidth_hz,individual_TENT_column_vs_raw_feature,3.0,-0.023725982623872592,-0.0621610310292941,35
prettymouth,F7_n8,spectral_bandwidth_hz,individual_TENT_column_vs_raw_feature,4.5,0.00706695521949899,-0.035941980361398194,35
prettymouth,F7_n8,spectral_bandwidth_hz,individual_TENT_column_vs_raw_feature,6.0,-0.03281816704139113,-0.09460255283432513,35
prettymouth,F7_n8,spectral_bandwidth_hz,individual_TENT_column_vs_raw_feature,7.5,0.02333405186296908,-0.031651063293359614,35
prettymouth,F7_n8,spectral_centroid_hz,collapsed_factor_vs_matching_FIR_feature,,0.013469661309177048,-0.07830939331971776,35
prettymouth,F7_n8,spectral_centroid_hz,collapsed_factor_vs_raw_feature,,0.00404924747095643,-0.0396226685908422,35
prettymouth,F7_n8,spectral_centroid_hz,individual_TENT_column_vs_raw_feature,1.5,-0.0077220202034488095,-0.011862631224783187,35
prettymouth,F7_n8,spectral_centroid_hz,individual_TENT_column_vs_raw_feature,3.0,0.005711334335155333,-0.058154546184018496,35
prettymouth,F7_n8,spectral_centroid_hz,individual_TENT_column_vs_raw_feature,4.5,0.005684711709448732,0.0024593941780351107,35
prettymouth,F7_n8,spectral_centroid_hz,individual_TENT_column_vs_raw_feature,6.0,-0.017414647576689323,-0.04615099773187187,35
prettymouth,F7_n8,spectral_centroid_hz,individual_TENT_column_vs_raw_feature,7.5,0.03254336201785143,-0.03850790772528514,35
prettymouth,F7_n8,spectral_flatness,collapsed_factor_vs_matching_FIR_feature,,0.0350296327279777,0.013758492344763349,35
prettymouth,F7_n8,spectral_flatness,collapsed_factor_vs_raw_feature,,0.0016312658846928264,-0.015668563577332244,35
prettymouth,F7_n8,spectral_flatness,individual_TENT_column_vs_raw_feature,1.5,-0.015004390302252577,-0.02651687519393453,35
prettymouth,F7_n8,spectral_flatness,individual_TENT_column_vs_raw_feature,3.0,0.0029354492445663413,-0.02249534686663787,35
prettymouth,F7_n8,spectral_flatness,individual_TENT_column_vs_raw_feature,4.5,0.0042865306555140295,-0.01080773580195471,35
prettymouth,F7_n8,spectral_flatness,individual_TENT_column_vs_raw_feature,6.0,-0.018564177099989206,-0.04346712614753405,35
prettymouth,F7_n8,spectral_flatness,individual_TENT_column_vs_raw_feature,7.5,0.03865584234062243,0.03518015032599776,35
prettymouth,F7_n8,spectral_flux,collapsed_factor_vs_matching_FIR_feature,,0.011685404009737367,0.039935583003986405,35
prettymouth,F7_n8,spectral_flux,collapsed_factor_vs_raw_feature,,-0.005926659086626416,0.017339232049012866,35
prettymouth,F7_n8,spectral_flux,individual_TENT_column_vs_raw_feature,1.5,-0.003665569851277221,0.011825912857309,35
prettymouth,F7_n8,spectral_flux,individual_TENT_column_vs_raw_feature,3.0,-0.00435473264103516,0.02686565537242803,35
prettymouth,F7_n8,spectral_flux,individual_TENT_column_vs_raw_feature,4.5,-0.004034765279497647,0.03832083598896841,35
prettymouth,F7_n8,spectral_flux,individual_TENT_column_vs_raw_feature,6.0,0.015301185529132701,0.058279834596667995,35
prettymouth,F7_n8,spectral_flux,individual_TENT_column_vs_raw_feature,7.5,-0.029409849616542933,-0.03285231880772662,35
prettymouth,F7_n8,spectral_rolloff_85_hz,collapsed_factor_vs_matching_FIR_feature,,0.014228171097176754,-0.07083508942796156,35
prettymouth,F7_n8,spectral_rolloff_85_hz,collapsed_factor_vs_raw_feature,,0.005711007873379443,-0.03634077667287637,35
prettymouth,F7_n8,spectral_rolloff_85_hz,individual_TENT_column_vs_raw_feature,1.5,-0.010844088076936912,-0.022275912480499867,35
prettymouth,F7_n8,spectral_rolloff_85_hz,individual_TENT_column_vs_raw_feature,3.0,0.0066539198723849086,-0.05142080421989695,35
prettymouth,F7_n8,spectral_rolloff_85_hz,individual_TENT_column_vs_raw_feature,4.5,0.012345688324299392,0.01213769078073515,35
prettymouth,F7_n8,spectral_rolloff_85_hz,individual_TENT_column_vs_raw_feature,6.0,-0.01767983276836394,-0.05188434912542656,35
prettymouth,F7_n8,spectral_rolloff_85_hz,individual_TENT_column_vs_raw_feature,7.5,0.031202315835700187,-0.04250166823208006,35
prettymouth,F7_n8,word_count_per_tr,collapsed_factor_vs_matching_FIR_feature,,0.11366507816241725,0.1953470882143933,35
prettymouth,F7_n8,word_count_per_tr,collapsed_factor_vs_raw_feature,,0.03425918277948291,0.05296437073832229,35
prettymouth,F7_n8,word_count_per_tr,individual_TENT_column_vs_raw_feature,1.5,0.0066325305296174785,0.02488454871151823,35
prettymouth,F7_n8,word_count_per_tr,individual_TENT_column_vs_raw_feature,3.0,0.02981198391690501,0.06529732860938821,35
prettymouth,F7_n8,word_count_per_tr,individual_TENT_column_vs_raw_feature,4.5,0.014765178757758467,0.029524503923533292,35
prettymouth,F7_n8,word_count_per_tr,individual_TENT_column_vs_raw_feature,6.0,0.041839287922734406,0.06552032822718723,35
prettymouth,F7_n8,word_count_per_tr,individual_TENT_column_vs_raw_feature,7.5,-0.0037558196312486064,0.029364914211934646,35
prettymouth,F7_n8,zero_crossing_rate,collapsed_factor_vs_matching_FIR_feature,,0.011060564324064246,-0.07356086737092711,35
prettymouth,F7_n8,zero_crossing_rate,collapsed_factor_vs_raw_feature,,-0.0038703682497874276,-0.0638678898061604,35
prettymouth,F7_n8,zero_crossing_rate,individual_TENT_column_vs_raw_feature,1.5,-0.014272924928559829,-0.029838027463288157,35
prettymouth,F7_n8,zero_crossing_rate,individual_TENT_column_vs_raw_feature,3.0,-0.004098740069010068,-0.07055183608921245,35
prettymouth,F7_n8,zero_crossing_rate,individual_TENT_column_vs_raw_feature,4.5,0.005871791138302746,-0.02056292859955599,35
prettymouth,F7_n8,zero_crossing_rate,individual_TENT_column_vs_raw_feature,6.0,-0.0229799886565039,-0.06678982274297192,35
prettymouth,F7_n8,zero_crossing_rate,individual_TENT_column_vs_raw_feature,7.5,0.03141912160395084,-0.021425396379128568,35
prettymouth,F8_n8,peak_amplitude,collapsed_factor_vs_matching_FIR_feature,,-0.0364788259209774,-0.01982552880422098,35
prettymouth,F8_n8,peak_amplitude,collapsed_factor_vs_raw_feature,,-0.06529477627394693,-0.0713416968051168,35
prettymouth,F8_n8,peak_amplitude,individual_TENT_column_vs_raw_feature,1.5,-0.03451639081527967,0.025986013789781222,35
prettymouth,F8_n8,peak_amplitude,individual_TENT_column_vs_raw_feature,3.0,-0.004724180091022752,-0.0015424141841717841,35
prettymouth,F8_n8,peak_amplitude,individual_TENT_column_vs_raw_feature,4.5,-0.07726328281487896,-0.031029215400495427,35
prettymouth,F8_n8,peak_amplitude,individual_TENT_column_vs_raw_feature,6.0,-0.02060764333891804,-0.024774399500895633,35
prettymouth,F8_n8,peak_amplitude,individual_TENT_column_vs_raw_feature,7.5,-0.05786133746322077,-0.04508134537398911,35
prettymouth,F8_n8,rms,collapsed_factor_vs_matching_FIR_feature,,-0.027574858168053957,-0.007250668183511825,35
prettymouth,F8_n8,rms,collapsed_factor_vs_raw_feature,,-0.05812409445277815,-0.06742978642403243,35
prettymouth,F8_n8,rms,individual_TENT_column_vs_raw_feature,1.5,-0.03198572320139052,0.03163044451777796,35
prettymouth,F8_n8,rms,individual_TENT_column_vs_raw_feature,3.0,0.003312616560026555,0.0030976538761490215,35
prettymouth,F8_n8,rms,individual_TENT_column_vs_raw_feature,4.5,-0.0709591363162106,-0.027511980811018275,35
prettymouth,F8_n8,rms,individual_TENT_column_vs_raw_feature,6.0,-0.021544731753855864,-0.022257316308339138,35
prettymouth,F8_n8,rms,individual_TENT_column_vs_raw_feature,7.5,-0.05327355743347402,-0.04694833061167812,35
prettymouth,F8_n8,rms_dbfs,collapsed_factor_vs_matching_FIR_feature,,-0.05253897573634294,-0.08338943061064553,35
prettymouth,F8_n8,rms_dbfs,collapsed_factor_vs_raw_feature,,-0.02112293309366143,-0.056019522914517665,35
prettymouth,F8_n8,rms_dbfs,individual_TENT_column_vs_raw_feature,1.5,-0.020891343568847837,0.02539792531250581,35
prettymouth,F8_n8,rms_dbfs,individual_TENT_column_vs_raw_feature,3.0,0.0327133616923314,0.007585241871130585,35
prettymouth,F8_n8,rms_dbfs,individual_TENT_column_vs_raw_feature,4.5,-0.05048994301721239,-0.018456882349057152,35
prettymouth,F8_n8,rms_dbfs,individual_TENT_column_vs_raw_feature,6.0,0.004737342714552699,0.0014913634088033585,35
prettymouth,F8_n8,rms_dbfs,individual_TENT_column_vs_raw_feature,7.5,-0.037467739907656596,-0.05226390744642568,35
prettymouth,F8_n8,spectral_bandwidth_hz,collapsed_factor_vs_matching_FIR_feature,,-0.0005193024618294012,0.0221355192955805,35
prettymouth,F8_n8,spectral_bandwidth_hz,collapsed_factor_vs_raw_feature,,-0.0285109074495782,-0.00598691711414594,35
prettymouth,F8_n8,spectral_bandwidth_hz,individual_TENT_column_vs_raw_feature,1.5,-0.02116925285992222,-0.03772490266134717,35
prettymouth,F8_n8,spectral_bandwidth_hz,individual_TENT_column_vs_raw_feature,3.0,-0.04839463476780065,-0.04746605133207976,35
prettymouth,F8_n8,spectral_bandwidth_hz,individual_TENT_column_vs_raw_feature,4.5,0.008099568000786513,0.016969607475962174,35
prettymouth,F8_n8,spectral_bandwidth_hz,individual_TENT_column_vs_raw_feature,6.0,-0.031798633137265685,-0.031125350259807425,35
prettymouth,F8_n8,spectral_bandwidth_hz,individual_TENT_column_vs_raw_feature,7.5,0.0188241385643212,0.03201485758033462,35
prettymouth,F8_n8,spectral_centroid_hz,collapsed_factor_vs_matching_FIR_feature,,-0.012855194154067363,-0.06663952209902359,35
prettymouth,F8_n8,spectral_centroid_hz,collapsed_factor_vs_raw_feature,,-0.03374322819172568,-0.03131238328763671,35
prettymouth,F8_n8,spectral_centroid_hz,individual_TENT_column_vs_raw_feature,1.5,-0.014283202745705737,-0.02447318735011748,35
prettymouth,F8_n8,spectral_centroid_hz,individual_TENT_column_vs_raw_feature,3.0,-0.020215103336612708,-0.03653151461305036,35
prettymouth,F8_n8,spectral_centroid_hz,individual_TENT_column_vs_raw_feature,4.5,-0.011513712031698865,0.036267888070867796,35
prettymouth,F8_n8,spectral_centroid_hz,individual_TENT_column_vs_raw_feature,6.0,-0.046157585908804186,-0.06190127073489485,35
prettymouth,F8_n8,spectral_centroid_hz,individual_TENT_column_vs_raw_feature,7.5,0.0014294905574385802,0.003104848663821017,35
prettymouth,F8_n8,spectral_flatness,collapsed_factor_vs_matching_FIR_feature,,-0.0005819318419068981,0.08642563566521366,35
prettymouth,F8_n8,spectral_flatness,collapsed_factor_vs_raw_feature,,-0.028944941202729713,0.04606157655631209,35
prettymouth,F8_n8,spectral_flatness,individual_TENT_column_vs_raw_feature,1.5,-0.009772445674027873,-0.013438131638406318,35
prettymouth,F8_n8,spectral_flatness,individual_TENT_column_vs_raw_feature,3.0,-0.027008105982151684,-0.0096045864596992,35
prettymouth,F8_n8,spectral_flatness,individual_TENT_column_vs_raw_feature,4.5,-0.014014429990815543,0.014170584728540036,35
prettymouth,F8_n8,spectral_flatness,individual_TENT_column_vs_raw_feature,6.0,-0.034014886010856976,-0.006606961690059222,35
prettymouth,F8_n8,spectral_flatness,individual_TENT_column_vs_raw_feature,7.5,0.010326574051897935,0.06037369555616264,35
prettymouth,F8_n8,spectral_flux,collapsed_factor_vs_matching_FIR_feature,,-0.039537312375697665,-0.0818401990033257,35
prettymouth,F8_n8,spectral_flux,collapsed_factor_vs_raw_feature,,-0.010570850185909428,-0.060751590980387085,35
prettymouth,F8_n8,spectral_flux,individual_TENT_column_vs_raw_feature,1.5,-0.02734777264191878,-0.06031505914779619,35
prettymouth,F8_n8,spectral_flux,individual_TENT_column_vs_raw_feature,3.0,-0.02595504995926263,-0.0870498538771177,35
prettymouth,F8_n8,spectral_flux,individual_TENT_column_vs_raw_feature,4.5,-0.014121506187792293,-0.048036038015698196,35
prettymouth,F8_n8,spectral_flux,individual_TENT_column_vs_raw_feature,6.0,0.026325687416917168,-0.0185089691738351,35
prettymouth,F8_n8,spectral_flux,individual_TENT_column_vs_raw_feature,7.5,0.00773903227595478,-0.03371570885153501,35
prettymouth,F8_n8,spectral_rolloff_85_hz,collapsed_factor_vs_matching_FIR_feature,,-0.01898922720682147,-0.08795194775515812,35
prettymouth,F8_n8,spectral_rolloff_85_hz,collapsed_factor_vs_raw_feature,,-0.035410386094756066,-0.040162715610459004,35
prettymouth,F8_n8,spectral_rolloff_85_hz,individual_TENT_column_vs_raw_feature,1.5,-0.01710126187065524,-0.02878077154206438,35
prettymouth,F8_n8,spectral_rolloff_85_hz,individual_TENT_column_vs_raw_feature,3.0,-0.024552192368893503,-0.05313278264639712,35
prettymouth,F8_n8,spectral_rolloff_85_hz,individual_TENT_column_vs_raw_feature,4.5,-0.013065785808953404,0.028051118444251254,35
prettymouth,F8_n8,spectral_rolloff_85_hz,individual_TENT_column_vs_raw_feature,6.0,-0.044055584738946246,-0.06620436849848971,35
prettymouth,F8_n8,spectral_rolloff_85_hz,individual_TENT_column_vs_raw_feature,7.5,0.0034635847196676007,0.012960543736340436,35
prettymouth,F8_n8,word_count_per_tr,collapsed_factor_vs_matching_FIR_feature,,-0.02647882622988708,-0.035171252829064664,35
prettymouth,F8_n8,word_count_per_tr,collapsed_factor_vs_raw_feature,,-0.00433525665648295,-0.015057472805764638,35
prettymouth,F8_n8,word_count_per_tr,individual_TENT_column_vs_raw_feature,1.5,-0.006658507420050984,0.022148838245105454,35
prettymouth,F8_n8,word_count_per_tr,individual_TENT_column_vs_raw_feature,3.0,0.031611895491630786,-0.009331615599612758,35
prettymouth,F8_n8,word_count_per_tr,individual_TENT_column_vs_raw_feature,4.5,-0.06791413596456773,-0.04325082945769671,35
prettymouth,F8_n8,word_count_per_tr,individual_TENT_column_vs_raw_feature,6.0,0.057134581095912074,0.02094871547614056,35
prettymouth,F8_n8,word_count_per_tr,individual_TENT_column_vs_raw_feature,7.5,-0.03826899841951722,-0.05557083209454211,35
prettymouth,F8_n8,zero_crossing_rate,collapsed_factor_vs_matching_FIR_feature,,-0.008835535355544322,-0.0245523347272947,35
prettymouth,F8_n8,zero_crossing_rate,collapsed_factor_vs_raw_feature,,-0.03367856475537108,-0.022831307818710636,35
prettymouth,F8_n8,zero_crossing_rate,individual_TENT_column_vs_raw_feature,1.5,-0.016992905869305356,-0.03251722588837709,35
prettymouth,F8_n8,zero_crossing_rate,individual_TENT_column_vs_raw_feature,3.0,-0.030758831626876232,-0.049209958717608304,35
prettymouth,F8_n8,zero_crossing_rate,individual_TENT_column_vs_raw_feature,4.5,-0.004732460667950203,0.032371462064244676,35
prettymouth,F8_n8,zero_crossing_rate,individual_TENT_column_vs_raw_feature,6.0,-0.04563484739835026,-0.048833813379791355,35
prettymouth,F8_n8,zero_crossing_rate,individual_TENT_column_vs_raw_feature,7.5,0.008821193009801992,0.027147192138570968,35
shapessocial,F1_n8,peak_amplitude,collapsed_factor_vs_matching_FIR_feature,,-0.11830754100970424,-0.1207603442655813,18
shapessocial,F1_n8,peak_amplitude,collapsed_factor_vs_raw_feature,,-0.06243579634052172,-0.05711919921419406,18
shapessocial,F1_n8,peak_amplitude,individual_TENT_column_vs_raw_feature,1.5,-0.06905004415048846,-0.042392893086177996,18
shapessocial,F1_n8,peak_amplitude,individual_TENT_column_vs_raw_feature,3.0,-0.0069673685904350635,-0.011910701907778497,18
shapessocial,F1_n8,peak_amplitude,individual_TENT_column_vs_raw_feature,4.5,0.004571470214816797,0.0278317967517347,18
shapessocial,F1_n8,peak_amplitude,individual_TENT_column_vs_raw_feature,6.0,-0.07382800483470503,-0.03640944070100079,18
shapessocial,F1_n8,peak_amplitude,individual_TENT_column_vs_raw_feature,7.5,-0.054066041685188804,-0.028857046278090468,18
shapessocial,F1_n8,rms,collapsed_factor_vs_matching_FIR_feature,,-0.11485284167672706,-0.11100834542819916,18
shapessocial,F1_n8,rms,collapsed_factor_vs_raw_feature,,-0.06570150348462399,-0.0613398395171343,18
shapessocial,F1_n8,rms,individual_TENT_column_vs_raw_feature,1.5,-0.0648537274094584,-0.045328277721524084,18
shapessocial,F1_n8,rms,individual_TENT_column_vs_raw_feature,3.0,-0.009383329977411552,-0.01730627010981941,18
shapessocial,F1_n8,rms,individual_TENT_column_vs_raw_feature,4.5,0.0013791943134836345,0.027192026861193166,18
shapessocial,F1_n8,rms,individual_TENT_column_vs_raw_feature,6.0,-0.07626997732850102,-0.03352288245423279,18
shapessocial,F1_n8,rms,individual_TENT_column_vs_raw_feature,7.5,-0.05870416840657148,-0.03564258914940364,18
shapessocial,F1_n8,rms_dbfs,collapsed_factor_vs_matching_FIR_feature,,-0.062197606674055765,-0.08129270758006098,18
shapessocial,F1_n8,rms_dbfs,collapsed_factor_vs_raw_feature,,-0.06302657755107674,-0.04679075975632565,18
shapessocial,F1_n8,rms_dbfs,individual_TENT_column_vs_raw_feature,1.5,-0.06803813531745725,-0.015351683938370057,18
shapessocial,F1_n8,rms_dbfs,individual_TENT_column_vs_raw_feature,3.0,0.0013742435888278118,0.005074658116277807,18
shapessocial,F1_n8,rms_dbfs,individual_TENT_column_vs_raw_feature,4.5,-0.013966374299997851,0.026095204054849195,18
shapessocial,F1_n8,rms_dbfs,individual_TENT_column_vs_raw_feature,6.0,-0.06834922105664973,-0.041180327659967673,18
shapessocial,F1_n8,rms_dbfs,individual_TENT_column_vs_raw_feature,7.5,-0.05045747385236734,-0.04814518363758562,18
shapessocial,F1_n8,spectral_bandwidth_hz,collapsed_factor_vs_matching_FIR_feature,,0.04716788839325789,0.0523962092524963,18
shapessocial,F1_n8,spectral_bandwidth_hz,collapsed_factor_vs_raw_feature,,0.07965651656517259,0.04682029349739685,18
shapessocial,F1_n8,spectral_bandwidth_hz,individual_TENT_column_vs_raw_feature,1.5,0.07511256457075657,0.0011723295064606848,18
shapessocial,F1_n8,spectral_bandwidth_hz,individual_TENT_column_vs_raw_feature,3.0,-0.002399579902961695,-0.005188407137712684,18
shapessocial,F1_n8,spectral_bandwidth_hz,individual_TENT_column_vs_raw_feature,4.5,0.02161829028150917,-0.012060158087689923,18
shapessocial,F1_n8,spectral_bandwidth_hz,individual_TENT_column_vs_raw_feature,6.0,0.08409931255015214,0.037230066619022985,18
shapessocial,F1_n8,spectral_bandwidth_hz,individual_TENT_column_vs_raw_feature,7.5,0.07297542943341127,0.06174917742360802,18
shapessocial,F1_n8,spectral_centroid_hz,collapsed_factor_vs_matching_FIR_feature,,0.03411676879051177,0.034199922548089505,18
shapessocial,F1_n8,spectral_centroid_hz,collapsed_factor_vs_raw_feature,,0.08006018752728182,0.02978236843904364,18
shapessocial,F1_n8,spectral_centroid_hz,individual_TENT_column_vs_raw_feature,1.5,0.06786800324507657,-0.039794982879129984,18
shapessocial,F1_n8,spectral_centroid_hz,individual_TENT_column_vs_raw_feature,3.0,-0.006152464106937296,-0.015604274827991862,18
shapessocial,F1_n8,spectral_centroid_hz,individual_TENT_column_vs_raw_feature,4.5,0.026958514468689607,0.0025058229470503973,18
shapessocial,F1_n8,spectral_centroid_hz,individual_TENT_column_vs_raw_feature,6.0,0.0888614481824933,0.02891159250759258,18
shapessocial,F1_n8,spectral_centroid_hz,individual_TENT_column_vs_raw_feature,7.5,0.07243820579467693,0.05236911000925763,18
shapessocial,F1_n8,spectral_flatness,collapsed_factor_vs_matching_FIR_feature,,0.03742181616379828,0.046412728025942984,18
shapessocial,F1_n8,spectral_flatness,collapsed_factor_vs_raw_feature,,0.0784223166889255,0.05273313923139544,18
shapessocial,F1_n8,spectral_flatness,individual_TENT_column_vs_raw_feature,1.5,0.06934102902199088,-0.007884412685994577,18
shapessocial,F1_n8,spectral_flatness,individual_TENT_column_vs_raw_feature,3.0,-0.005603755783244516,-0.012172426705483436,18
shapessocial,F1_n8,spectral_flatness,individual_TENT_column_vs_raw_feature,4.5,0.01829263346603523,0.004323335353428416,18
shapessocial,F1_n8,spectral_flatness,individual_TENT_column_vs_raw_feature,6.0,0.0882929085172003,0.04510681440891981,18
shapessocial,F1_n8,spectral_flatness,individual_TENT_column_vs_raw_feature,7.5,0.07742461895228898,0.06410385728845915,18
shapessocial,F1_n8,spectral_flux,collapsed_factor_vs_matching_FIR_feature,,-0.0014219937351982166,-0.007850982718012912,18
shapessocial,F1_n8,spectral_flux,collapsed_factor_vs_raw_feature,,-0.10429387474393634,-0.12067999892339072,18
shapessocial,F1_n8,spectral_flux,individual_TENT_column_vs_raw_feature,1.5,-0.0868426975305142,-0.049753849802672584,18
shapessocial,F1_n8,spectral_flux,individual_TENT_column_vs_raw_feature,3.0,-0.0014624169899764444,-0.04215207127117157,18
shapessocial,F1_n8,spectral_flux,individual_TENT_column_vs_raw_feature,4.5,-0.05066458919850744,-0.037170895634613337,18
shapessocial,F1_n8,spectral_flux,individual_TENT_column_vs_raw_feature,6.0,-0.09182250715039393,-0.05006233105697102,18
shapessocial,F1_n8,spectral_flux,individual_TENT_column_vs_raw_feature,7.5,-0.09433955679870173,-0.06639161941396156,18
shapessocial,F1_n8,spectral_rolloff_85_hz,collapsed_factor_vs_matching_FIR_feature,,0.036580933405454666,0.03972779319351854,18
shapessocial,F1_n8,spectral_rolloff_85_hz,collapsed_factor_vs_raw_feature,,0.08087760626845536,0.0366267602948265,18
shapessocial,F1_n8,spectral_rolloff_85_hz,individual_TENT_column_vs_raw_feature,1.5,0.07019993137556454,-0.028217489591084863,18
shapessocial,F1_n8,spectral_rolloff_85_hz,individual_TENT_column_vs_raw_feature,3.0,-0.005099515542927766,-0.011246042962452501,18
shapessocial,F1_n8,spectral_rolloff_85_hz,individual_TENT_column_vs_raw_feature,4.5,0.026332391117383207,0.00021024216152055152,18
shapessocial,F1_n8,spectral_rolloff_85_hz,individual_TENT_column_vs_raw_feature,6.0,0.08826858658460211,0.027063518736690537,18
shapessocial,F1_n8,spectral_rolloff_85_hz,individual_TENT_column_vs_raw_feature,7.5,0.0734210106928386,0.05524133724339726,18
shapessocial,F1_n8,word_count_per_tr,collapsed_factor_vs_matching_FIR_feature,,0.0048513396973732074,0.004023953978003898,18
shapessocial,F1_n8,word_count_per_tr,collapsed_factor_vs_raw_feature,,-0.04587392117841102,-0.02416041858824141,18
shapessocial,F1_n8,word_count_per_tr,individual_TENT_column_vs_raw_feature,1.5,-0.0562771248121117,-0.0024426223930692765,18
shapessocial,F1_n8,word_count_per_tr,individual_TENT_column_vs_raw_feature,3.0,0.0290757639304794,0.025169127014584278,18
shapessocial,F1_n8,word_count_per_tr,individual_TENT_column_vs_raw_feature,4.5,-0.00375169175173329,0.03340711665224889,18
shapessocial,F1_n8,word_count_per_tr,individual_TENT_column_vs_raw_feature,6.0,-0.07169724060439679,-0.04667202468727037,18
shapessocial,F1_n8,word_count_per_tr,individual_TENT_column_vs_raw_feature,7.5,-0.048153388285915144,-0.015063832610372037,18
shapessocial,F1_n8,zero_crossing_rate,collapsed_factor_vs_matching_FIR_feature,,0.03931268565742676,0.04249095764289614,18
shapessocial,F1_n8,zero_crossing_rate,collapsed_factor_vs_raw_feature,,0.07867074023000449,0.030430217265926103,18
shapessocial,F1_n8,zero_crossing_rate,individual_TENT_column_vs_raw_feature,1.5,0.06908176473589082,-0.031773385226481266,18
shapessocial,F1_n8,zero_crossing_rate,individual_TENT_column_vs_raw_feature,3.0,-0.003993120082276253,-0.015613998552007569,18
shapessocial,F1_n8,zero_crossing_rate,individual_TENT_column_vs_raw_feature,4.5,0.03238291567885499,0.0015882632040213123,18
shapessocial,F1_n8,zero_crossing_rate,individual_TENT_column_vs_raw_feature,6.0,0.08198629830316125,0.02889512897838721,18
shapessocial,F1_n8,zero_crossing_rate,individual_TENT_column_vs_raw_feature,7.5,0.06507367557405193,0.04631193538211245,18
shapessocial,F2_n8,peak_amplitude,collapsed_factor_vs_matching_FIR_feature,,-0.06446302083235762,-0.07382340474098631,18
shapessocial,F2_n8,peak_amplitude,collapsed_factor_vs_raw_feature,,-0.07059108693155651,-0.03788969369467313,18
shapessocial,F2_n8,peak_amplitude,individual_TENT_column_vs_raw_feature,1.5,0.02576879320190047,0.016859007158424623,18
shapessocial,F2_n8,peak_amplitude,individual_TENT_column_vs_raw_feature,3.0,-0.05880033684791022,-0.03833674874714739,18
shapessocial,F2_n8,peak_amplitude,individual_TENT_column_vs_raw_feature,4.5,-0.04591406099059523,-0.011655240841976007,18
shapessocial,F2_n8,peak_amplitude,individual_TENT_column_vs_raw_feature,6.0,-0.06144833900658507,-0.07375556892894,18
shapessocial,F2_n8,peak_amplitude,individual_TENT_column_vs_raw_feature,7.5,-0.05486744182780074,-0.05577561106494718,18
shapessocial,F2_n8,rms,collapsed_factor_vs_matching_FIR_feature,,-0.06781329759398887,-0.08335389599935779,18
shapessocial,F2_n8,rms,collapsed_factor_vs_raw_feature,,-0.07084387182326926,-0.04000121271509823,18
shapessocial,F2_n8,rms,individual_TENT_column_vs_raw_feature,1.5,0.025717322876327376,0.015046552709482007,18
shapessocial,F2_n8,rms,individual_TENT_column_vs_raw_feature,3.0,-0.05982541075541617,-0.04467823745717017,18
shapessocial,F2_n8,rms,individual_TENT_column_vs_raw_feature,4.5,-0.04409868337967396,-0.015121590285228899,18
shapessocial,F2_n8,rms,individual_TENT_column_vs_raw_feature,6.0,-0.06106089194303705,-0.06880994253871425,18
shapessocial,F2_n8,rms,individual_TENT_column_vs_raw_feature,7.5,-0.05742903013829635,-0.05757087247472795,18
shapessocial,F2_n8,rms_dbfs,collapsed_factor_vs_matching_FIR_feature,,-0.03689399724428108,-0.061975494534246584,18
shapessocial,F2_n8,rms_dbfs,collapsed_factor_vs_raw_feature,,-0.03412524616102415,-0.04028424815476602,18
shapessocial,F2_n8,rms_dbfs,individual_TENT_column_vs_raw_feature,1.5,0.07111392762606286,0.0005572482710437475,18
shapessocial,F2_n8,rms_dbfs,individual_TENT_column_vs_raw_feature,3.0,-0.004870324706779982,-0.030787637210559857,18
shapessocial,F2_n8,rms_dbfs,individual_TENT_column_vs_raw_feature,4.5,-0.058078725443063695,-0.01892368026302329,18
shapessocial,F2_n8,rms_dbfs,individual_TENT_column_vs_raw_feature,6.0,-0.055206845454798405,-0.06819196643394779,18
shapessocial,F2_n8,rms_dbfs,individual_TENT_column_vs_raw_feature,7.5,-0.03910310832837819,-0.04878423463036652,18
shapessocial,F2_n8,spectral_bandwidth_hz,collapsed_factor_vs_matching_FIR_feature,,0.057040391404244536,0.07188523125494023,18
shapessocial,F2_n8,spectral_bandwidth_hz,collapsed_factor_vs_raw_feature,,0.013037333647034372,0.006675242035458824,18
shapessocial,F2_n8,spectral_bandwidth_hz,individual_TENT_column_vs_raw_feature,1.5,-0.09816301794261749,-0.016632249359036035,18
shapessocial,F2_n8,spectral_bandwidth_hz,individual_TENT_column_vs_raw_feature,3.0,-0.012747159845476913,0.0025813809860787996,18
shapessocial,F2_n8,spectral_bandwidth_hz,individual_TENT_column_vs_raw_feature,4.5,0.05523612862695028,-0.012109407963070818,18
shapessocial,F2_n8,spectral_bandwidth_hz,individual_TENT_column_vs_raw_feature,6.0,0.04571994722382563,0.03994031161326027,18
shapessocial,F2_n8,spectral_bandwidth_hz,individual_TENT_column_vs_raw_feature,7.5,0.03404054196616691,0.045575549975013036,18
shapessocial,F2_n8,spectral_centroid_hz,collapsed_factor_vs_matching_FIR_feature,,0.058066503508308664,0.06846557351627476,18
shapessocial,F2_n8,spectral_centroid_hz,collapsed_factor_vs_raw_feature,,0.004903409340120401,-0.004080510754424747,18
shapessocial,F2_n8,spectral_centroid_hz,individual_TENT_column_vs_raw_feature,1.5,-0.10324987865330215,-0.038502558014098284,18
shapessocial,F2_n8,spectral_centroid_hz,individual_TENT_column_vs_raw_feature,3.0,-0.02017896009878485,-0.024365684308481083,18
shapessocial,F2_n8,spectral_centroid_hz,individual_TENT_column_vs_raw_feature,4.5,0.0500758757437235,-0.011860122784128922,18
shapessocial,F2_n8,spectral_centroid_hz,individual_TENT_column_vs_raw_feature,6.0,0.042072235941189653,0.05013940545774696,18
shapessocial,F2_n8,spectral_centroid_hz,individual_TENT_column_vs_raw_feature,7.5,0.0327104400446677,0.05994741946770066,18
shapessocial,F2_n8,spectral_flatness,collapsed_factor_vs_matching_FIR_feature,,0.05953117842850426,0.07014481568689784,18
shapessocial,F2_n8,spectral_flatness,collapsed_factor_vs_raw_feature,,0.009792047467621105,-0.013944767528223283,18
shapessocial,F2_n8,spectral_flatness,individual_TENT_column_vs_raw_feature,1.5,-0.10178763975473339,-0.039238405840838354,18
shapessocial,F2_n8,spectral_flatness,individual_TENT_column_vs_raw_feature,3.0,-0.014688000160754475,-0.009996479151155625,18
shapessocial,F2_n8,spectral_flatness,individual_TENT_column_vs_raw_feature,4.5,0.05761574230465467,-0.01204130983900948,18
shapessocial,F2_n8,spectral_flatness,individual_TENT_column_vs_raw_feature,6.0,0.04252174669439428,0.04867550057197189,18
shapessocial,F2_n8,spectral_flatness,individual_TENT_column_vs_raw_feature,7.5,0.03001387386631234,0.018355213806245923,18
shapessocial,F2_n8,spectral_flux,collapsed_factor_vs_matching_FIR_feature,,-0.0895442589045317,-0.12124119503646708,18
shapessocial,F2_n8,spectral_flux,collapsed_factor_vs_raw_feature,,0.06079323744933101,0.08861277998721735,18
shapessocial,F2_n8,spectral_flux,individual_TENT_column_vs_raw_feature,1.5,0.14962532110529672,0.13935182994494333,18
shapessocial,F2_n8,spectral_flux,individual_TENT_column_vs_raw_feature,3.0,0.04973104358763102,0.07246980414874785,18
shapessocial,F2_n8,spectral_flux,individual_TENT_column_vs_raw_feature,4.5,-0.006510401887424703,0.04203272345906578,18
shapessocial,F2_n8,spectral_flux,individual_TENT_column_vs_raw_feature,6.0,0.00279852554416507,-0.019097982857116405,18
shapessocial,F2_n8,spectral_flux,individual_TENT_column_vs_raw_feature,7.5,-0.00917287119944965,-0.008756069148651922,18
shapessocial,F2_n8,spectral_rolloff_85_hz,collapsed_factor_vs_matching_FIR_feature,,0.059581412375966404,0.07012656027587005,18
shapessocial,F2_n8,spectral_rolloff_85_hz,collapsed_factor_vs_raw_feature,,0.005990962193698285,-0.0037490125070023944,18
shapessocial,F2_n8,spectral_rolloff_85_hz,individual_TENT_column_vs_raw_feature,1.5,-0.10461390389183313,-0.04449917799164755,18
shapessocial,F2_n8,spectral_rolloff_85_hz,individual_TENT_column_vs_raw_feature,3.0,-0.018341788037393662,-0.015093138309926257,18
shapessocial,F2_n8,spectral_rolloff_85_hz,individual_TENT_column_vs_raw_feature,4.5,0.0514724360580449,-0.008384483828659816,18
shapessocial,F2_n8,spectral_rolloff_85_hz,individual_TENT_column_vs_raw_feature,6.0,0.043049430457618214,0.05115256177196782,18
shapessocial,F2_n8,spectral_rolloff_85_hz,individual_TENT_column_vs_raw_feature,7.5,0.03229809764860402,0.05092417752090163,18
shapessocial,F2_n8,word_count_per_tr,collapsed_factor_vs_matching_FIR_feature,,-0.09422773271760713,-0.0810631091561732,18
shapessocial,F2_n8,word_count_per_tr,collapsed_factor_vs_raw_feature,,-0.054191403485490626,-0.024130433981722228,18
shapessocial,F2_n8,word_count_per_tr,individual_TENT_column_vs_raw_feature,1.5,0.07174352656624826,0.0549175771602281,18
shapessocial,F2_n8,word_count_per_tr,individual_TENT_column_vs_raw_feature,3.0,-0.009693413742823934,0.040677243262540325,18
shapessocial,F2_n8,word_count_per_tr,individual_TENT_column_vs_raw_feature,4.5,-0.04501057201879946,-0.05445367361697187,18
shapessocial,F2_n8,word_count_per_tr,individual_TENT_column_vs_raw_feature,6.0,-0.08096361384942681,-0.09338181856900213,18
shapessocial,F2_n8,word_count_per_tr,individual_TENT_column_vs_raw_feature,7.5,-0.08949177326751874,-0.09372638081086898,18
shapessocial,F2_n8,zero_crossing_rate,collapsed_factor_vs_matching_FIR_feature,,0.054776864653114335,0.06615960511854792,18
shapessocial,F2_n8,zero_crossing_rate,collapsed_factor_vs_raw_feature,,0.008391898565022935,0.0032190304455614275,18
shapessocial,F2_n8,zero_crossing_rate,individual_TENT_column_vs_raw_feature,1.5,-0.09947676694831209,-0.031084110774264692,18
shapessocial,F2_n8,zero_crossing_rate,individual_TENT_column_vs_raw_feature,3.0,-0.019812499122471627,-0.02205177277275818,18
shapessocial,F2_n8,zero_crossing_rate,individual_TENT_column_vs_raw_feature,4.5,0.04741102202854822,-0.01314263784728855,18
shapessocial,F2_n8,zero_crossing_rate,individual_TENT_column_vs_raw_feature,6.0,0.047555597218351474,0.05722017358742341,18
shapessocial,F2_n8,zero_crossing_rate,individual_TENT_column_vs_raw_feature,7.5,0.036866514415296675,0.06768418621511839,18
shapessocial,F3_n8,peak_amplitude,collapsed_factor_vs_matching_FIR_feature,,-0.03384221979832215,-0.008603213516361148,18
shapessocial,F3_n8,peak_amplitude,collapsed_factor_vs_raw_feature,,-0.13871642657703967,-0.09459487370367174,18
shapessocial,F3_n8,peak_amplitude,individual_TENT_column_vs_raw_feature,1.5,-0.03904022210760837,-0.02516651224385696,18
shapessocial,F3_n8,peak_amplitude,individual_TENT_column_vs_raw_feature,3.0,-0.038237787413196306,-0.042185678487638247,18
shapessocial,F3_n8,peak_amplitude,individual_TENT_column_vs_raw_feature,4.5,-0.08907052393253423,-0.07234375828806644,18
shapessocial,F3_n8,peak_amplitude,individual_TENT_column_vs_raw_feature,6.0,-0.1118238450225218,-0.10377551923214484,18
shapessocial,F3_n8,peak_amplitude,individual_TENT_column_vs_raw_feature,7.5,-0.11844762455478201,-0.09367511141966539,18
shapessocial,F3_n8,rms,collapsed_factor_vs_matching_FIR_feature,,-0.04565525836739062,-0.02163125138759786,18
shapessocial,F3_n8,rms,collapsed_factor_vs_raw_feature,,-0.1448417747597346,-0.10374274243706329,18
shapessocial,F3_n8,rms,individual_TENT_column_vs_raw_feature,1.5,-0.047301437604290765,-0.04241739584569498,18
shapessocial,F3_n8,rms,individual_TENT_column_vs_raw_feature,3.0,-0.044394700205623444,-0.05607790518718349,18
shapessocial,F3_n8,rms,individual_TENT_column_vs_raw_feature,4.5,-0.08924382872106383,-0.06924299656232968,18
shapessocial,F3_n8,rms,individual_TENT_column_vs_raw_feature,6.0,-0.11225752662549743,-0.1022697175674987,18
shapessocial,F3_n8,rms,individual_TENT_column_vs_raw_feature,7.5,-0.1220477581167277,-0.09835674686144018,18
shapessocial,F3_n8,rms_dbfs,collapsed_factor_vs_matching_FIR_feature,,-0.0007361199475344519,0.00350719477956964,18
shapessocial,F3_n8,rms_dbfs,collapsed_factor_vs_raw_feature,,-0.1260377390415657,-0.08976126927404604,18
shapessocial,F3_n8,rms_dbfs,individual_TENT_column_vs_raw_feature,1.5,-0.023916558459489746,-0.037302777782743754,18
shapessocial,F3_n8,rms_dbfs,individual_TENT_column_vs_raw_feature,3.0,-0.018791167151495407,-0.02974963025748391,18
shapessocial,F3_n8,rms_dbfs,individual_TENT_column_vs_raw_feature,4.5,-0.08758024254868348,-0.05905349739966844,18
shapessocial,F3_n8,rms_dbfs,individual_TENT_column_vs_raw_feature,6.0,-0.11898282293845885,-0.08819057962866933,18
shapessocial,F3_n8,rms_dbfs,individual_TENT_column_vs_raw_feature,7.5,-0.10838421571924431,-0.09165377797050449,18
shapessocial,F3_n8,spectral_bandwidth_hz,collapsed_factor_vs_matching_FIR_feature,,-0.014139519133085893,-0.022678590497420673,18
shapessocial,F3_n8,spectral_bandwidth_hz,collapsed_factor_vs_raw_feature,,0.14016251820241246,0.07381527626094873,18
shapessocial,F3_n8,spectral_bandwidth_hz,individual_TENT_column_vs_raw_feature,1.5,0.025120556222053694,0.035158573680513366,18
shapessocial,F3_n8,spectral_bandwidth_hz,individual_TENT_column_vs_raw_feature,3.0,0.009206110050713659,0.0116984560236383,18
shapessocial,F3_n8,spectral_bandwidth_hz,individual_TENT_column_vs_raw_feature,4.5,0.10915637237405335,0.05573425037876029,18
shapessocial,F3_n8,spectral_bandwidth_hz,individual_TENT_column_vs_raw_feature,6.0,0.1360484081460121,0.06039997645420914,18
shapessocial,F3_n8,spectral_bandwidth_hz,individual_TENT_column_vs_raw_feature,7.5,0.11635306614663793,0.04783909590518049,18
shapessocial,F3_n8,spectral_centroid_hz,collapsed_factor_vs_matching_FIR_feature,,-0.024865691464986822,-0.033694195787401175,18
shapessocial,F3_n8,spectral_centroid_hz,collapsed_factor_vs_raw_feature,,0.14508877798651396,0.08800694981755529,18
shapessocial,F3_n8,spectral_centroid_hz,individual_TENT_column_vs_raw_feature,1.5,0.025646456508828432,0.046804568738260575,18
shapessocial,F3_n8,spectral_centroid_hz,individual_TENT_column_vs_raw_feature,3.0,0.008306650929447802,0.00931574187515766,18
shapessocial,F3_n8,spectral_centroid_hz,individual_TENT_column_vs_raw_feature,4.5,0.11047993296112171,0.06968565876712637,18
shapessocial,F3_n8,spectral_centroid_hz,individual_TENT_column_vs_raw_feature,6.0,0.1436799606203862,0.07081261299747849,18
shapessocial,F3_n8,spectral_centroid_hz,individual_TENT_column_vs_raw_feature,7.5,0.12222211445520495,0.05808418655443009,18
shapessocial,F3_n8,spectral_flatness,collapsed_factor_vs_matching_FIR_feature,,-0.02557513821703983,-0.026009609579540627,18
shapessocial,F3_n8,spectral_flatness,collapsed_factor_vs_raw_feature,,0.1455248948496992,0.089250215487161,18
shapessocial,F3_n8,spectral_flatness,individual_TENT_column_vs_raw_feature,1.5,0.020317526165406007,0.026573729764765908,18
shapessocial,F3_n8,spectral_flatness,individual_TENT_column_vs_raw_feature,3.0,0.0022815547112858014,0.011500087781198638,18
shapessocial,F3_n8,spectral_flatness,individual_TENT_column_vs_raw_feature,4.5,0.10990064317635884,0.06513859583387904,18
shapessocial,F3_n8,spectral_flatness,individual_TENT_column_vs_raw_feature,6.0,0.15351022469028802,0.0899422773628915,18
shapessocial,F3_n8,spectral_flatness,individual_TENT_column_vs_raw_feature,7.5,0.12502257143787218,0.04868151869046578,18
shapessocial,F3_n8,spectral_flux,collapsed_factor_vs_matching_FIR_feature,,0.0045517380399594295,0.022965942186190205,18
shapessocial,F3_n8,spectral_flux,collapsed_factor_vs_raw_feature,,-0.13974253048148583,-0.12366785752055597,18
shapessocial,F3_n8,spectral_flux,individual_TENT_column_vs_raw_feature,1.5,-0.01692254629041692,-0.05390703309189687,18
shapessocial,F3_n8,spectral_flux,individual_TENT_column_vs_raw_feature,3.0,-0.029603880030591372,-0.045439283313720026,18
shapessocial,F3_n8,spectral_flux,individual_TENT_column_vs_raw_feature,4.5,-0.10610194454541023,-0.11699477829252568,18
shapessocial,F3_n8,spectral_flux,individual_TENT_column_vs_raw_feature,6.0,-0.1254282627946237,-0.11786935849623509,18
shapessocial,F3_n8,spectral_flux,individual_TENT_column_vs_raw_feature,7.5,-0.11373530421754856,-0.09680514537877724,18
shapessocial,F3_n8,spectral_rolloff_85_hz,collapsed_factor_vs_matching_FIR_feature,,-0.02447711609834736,-0.030418520981147636,18
shapessocial,F3_n8,spectral_rolloff_85_hz,collapsed_factor_vs_raw_feature,,0.1436189502608297,0.08564146630879628,18
shapessocial,F3_n8,spectral_rolloff_85_hz,individual_TENT_column_vs_raw_feature,1.5,0.024899150810609536,0.04452098438408708,18
shapessocial,F3_n8,spectral_rolloff_85_hz,individual_TENT_column_vs_raw_feature,3.0,0.008417271228656957,0.012979132684228109,18
shapessocial,F3_n8,spectral_rolloff_85_hz,individual_TENT_column_vs_raw_feature,4.5,0.10997604954736212,0.07152246552772282,18
shapessocial,F3_n8,spectral_rolloff_85_hz,individual_TENT_column_vs_raw_feature,6.0,0.1424791061317038,0.0705186846343203,18
shapessocial,F3_n8,spectral_rolloff_85_hz,individual_TENT_column_vs_raw_feature,7.5,0.11989625527765882,0.04952981352576083,18
shapessocial,F3_n8,word_count_per_tr,collapsed_factor_vs_matching_FIR_feature,,0.0241858449639107,0.036022912146105306,18
shapessocial,F3_n8,word_count_per_tr,collapsed_factor_vs_raw_feature,,-0.14124525492466816,-0.1370888951509878,18
shapessocial,F3_n8,word_count_per_tr,individual_TENT_column_vs_raw_feature,1.5,-0.0036880564757379116,-0.013389407327739921,18
shapessocial,F3_n8,word_count_per_tr,individual_TENT_column_vs_raw_feature,3.0,-0.04712741016040562,-0.07880482152672733,18
shapessocial,F3_n8,word_count_per_tr,individual_TENT_column_vs_raw_feature,4.5,-0.08266195581587125,-0.10085890937386899,18
shapessocial,F3_n8,word_count_per_tr,individual_TENT_column_vs_raw_feature,6.0,-0.13463967866597235,-0.15359870285562316,18
shapessocial,F3_n8,word_count_per_tr,individual_TENT_column_vs_raw_feature,7.5,-0.1296039838017549,-0.13341949809465078,18
shapessocial,F3_n8,zero_crossing_rate,collapsed_factor_vs_matching_FIR_feature,,-0.016283147636084922,-0.029073512246708812,18
shapessocial,F3_n8,zero_crossing_rate,collapsed_factor_vs_raw_feature,,0.14349295464692968,0.09054100523660097,18
shapessocial,F3_n8,zero_crossing_rate,individual_TENT_column_vs_raw_feature,1.5,0.029518037434691398,0.04704433348319434,18
shapessocial,F3_n8,zero_crossing_rate,individual_TENT_column_vs_raw_feature,3.0,0.015347538670946832,0.01341997324470576,18
shapessocial,F3_n8,zero_crossing_rate,individual_TENT_column_vs_raw_feature,4.5,0.11288755617021222,0.06870388860838854,18
shapessocial,F3_n8,zero_crossing_rate,individual_TENT_column_vs_raw_feature,6.0,0.13129930394116426,0.07255682929173107,18
shapessocial,F3_n8,zero_crossing_rate,individual_TENT_column_vs_raw_feature,7.5,0.11618206456031983,0.057740389469787025,18
shapessocial,F4_n8,peak_amplitude,collapsed_factor_vs_matching_FIR_feature,,-0.04622245699756608,-0.013209824146616263,18
shapessocial,F4_n8,peak_amplitude,collapsed_factor_vs_raw_feature,,-0.03231928628886363,0.02454655029893345,18
shapessocial,F4_n8,peak_amplitude,individual_TENT_column_vs_raw_feature,1.5,-0.04287414089496952,-0.030158558331861023,18
shapessocial,F4_n8,peak_amplitude,individual_TENT_column_vs_raw_feature,3.0,-0.02987749441253677,-0.01943323851171877,18
shapessocial,F4_n8,peak_amplitude,individual_TENT_column_vs_raw_feature,4.5,-0.01606194895284601,-0.030003277212404825,18
shapessocial,F4_n8,peak_amplitude,individual_TENT_column_vs_raw_feature,6.0,0.0002586205914114488,0.014324315273883635,18
shapessocial,F4_n8,peak_amplitude,individual_TENT_column_vs_raw_feature,7.5,-0.005136401040975725,-0.01594009337436986,18
shapessocial,F4_n8,rms,collapsed_factor_vs_matching_FIR_feature,,-0.06376077729870391,-0.03570594364336013,18
shapessocial,F4_n8,rms,collapsed_factor_vs_raw_feature,,-0.03173499638281511,0.020821497701879146,18
shapessocial,F4_n8,rms,individual_TENT_column_vs_raw_feature,1.5,-0.03313677253503885,-0.037571808367820675,18
shapessocial,F4_n8,rms,individual_TENT_column_vs_raw_feature,3.0,-0.027003904998478528,-0.018391853706758415,18
shapessocial,F4_n8,rms,individual_TENT_column_vs_raw_feature,4.5,-0.01443349397388423,-0.037675729170101674,18
shapessocial,F4_n8,rms,individual_TENT_column_vs_raw_feature,6.0,-0.009037490929484809,0.005295464903514421,18
shapessocial,F4_n8,rms,individual_TENT_column_vs_raw_feature,7.5,-0.006232299601725961,-0.00906288709931113,18
shapessocial,F4_n8,rms_dbfs,collapsed_factor_vs_matching_FIR_feature,,-0.0017747323406959324,0.022618467664728293,18
shapessocial,F4_n8,rms_dbfs,collapsed_factor_vs_raw_feature,,-0.03958674148223838,0.025709594318415626,18
shapessocial,F4_n8,rms_dbfs,individual_TENT_column_vs_raw_feature,1.5,-0.040557129476528814,-0.053952053077117035,18
shapessocial,F4_n8,rms_dbfs,individual_TENT_column_vs_raw_feature,3.0,-0.012016782661733123,-0.04307540910104282,18
shapessocial,F4_n8,rms_dbfs,individual_TENT_column_vs_raw_feature,4.5,-0.039807221137333065,-0.018223417593479126,18
shapessocial,F4_n8,rms_dbfs,individual_TENT_column_vs_raw_feature,6.0,-0.02370541396126162,0.017072908713520758,18
shapessocial,F4_n8,rms_dbfs,individual_TENT_column_vs_raw_feature,7.5,0.008337707750903558,0.00715066622040796,18
shapessocial,F4_n8,spectral_bandwidth_hz,collapsed_factor_vs_matching_FIR_feature,,0.002013123372726378,-0.015921774809246707,18
shapessocial,F4_n8,spectral_bandwidth_hz,collapsed_factor_vs_raw_feature,,0.03345419505457886,-0.01425505179986325,18
shapessocial,F4_n8,spectral_bandwidth_hz,individual_TENT_column_vs_raw_feature,1.5,0.016586888844689382,0.04118406216152728,18
shapessocial,F4_n8,spectral_bandwidth_hz,individual_TENT_column_vs_raw_feature,3.0,-0.0019304388829164906,0.02536939662475315,18
shapessocial,F4_n8,spectral_bandwidth_hz,individual_TENT_column_vs_raw_feature,4.5,0.0440101880694974,0.03033662160097593,18
shapessocial,F4_n8,spectral_bandwidth_hz,individual_TENT_column_vs_raw_feature,6.0,0.04059651535511128,0.023303824689705648,18
shapessocial,F4_n8,spectral_bandwidth_hz,individual_TENT_column_vs_raw_feature,7.5,-0.01510507989577323,-0.03759275369922278,18
shapessocial,F4_n8,spectral_centroid_hz,collapsed_factor_vs_matching_FIR_feature,,-0.00044861298331979314,-0.016271951385479197,18
shapessocial,F4_n8,spectral_centroid_hz,collapsed_factor_vs_raw_feature,,0.03168773491844657,-0.010187079787843743,18
shapessocial,F4_n8,spectral_centroid_hz,individual_TENT_column_vs_raw_feature,1.5,0.012486285325976235,0.043238487207810074,18
shapessocial,F4_n8,spectral_centroid_hz,individual_TENT_column_vs_raw_feature,3.0,-0.008354400927569557,0.027230597298182627,18
shapessocial,F4_n8,spectral_centroid_hz,individual_TENT_column_vs_raw_feature,4.5,0.04005836829889955,0.016810096331792704,18
shapessocial,F4_n8,spectral_centroid_hz,individual_TENT_column_vs_raw_feature,6.0,0.046059911962617626,0.03678557647956506,18
shapessocial,F4_n8,spectral_centroid_hz,individual_TENT_column_vs_raw_feature,7.5,-0.010430782192388728,-0.026271962124098738,18
shapessocial,F4_n8,spectral_flatness,collapsed_factor_vs_matching_FIR_feature,,-0.014895453364977045,-0.0313237952303299,18
shapessocial,F4_n8,spectral_flatness,collapsed_factor_vs_raw_feature,,0.03485182634189315,-0.021078976822682727,18
shapessocial,F4_n8,spectral_flatness,individual_TENT_column_vs_raw_feature,1.5,0.011844116993490443,0.038057434798310336,18
shapessocial,F4_n8,spectral_flatness,individual_TENT_column_vs_raw_feature,3.0,-0.0034343400154915565,0.028272338188375497,18
shapessocial,F4_n8,spectral_flatness,individual_TENT_column_vs_raw_feature,4.5,0.04112821590497555,0.017139538097343334,18
shapessocial,F4_n8,spectral_flatness,individual_TENT_column_vs_raw_feature,6.0,0.041755434377383514,0.0016018687080404893,18
shapessocial,F4_n8,spectral_flatness,individual_TENT_column_vs_raw_feature,7.5,-0.0014707641648230223,-0.03477079410204678,18
shapessocial,F4_n8,spectral_flux,collapsed_factor_vs_matching_FIR_feature,,-0.028781533922479435,-0.024661601015031998,18
shapessocial,F4_n8,spectral_flux,collapsed_factor_vs_raw_feature,,-0.004780246499365217,0.021070839032836748,18
shapessocial,F4_n8,spectral_flux,individual_TENT_column_vs_raw_feature,1.5,0.02617863425183077,0.012807913396517491,18
shapessocial,F4_n8,spectral_flux,individual_TENT_column_vs_raw_feature,3.0,0.03931507358867822,0.004990719029569966,18
shapessocial,F4_n8,spectral_flux,individual_TENT_column_vs_raw_feature,4.5,-0.028732342900780264,-0.03684410017207198,18
shapessocial,F4_n8,spectral_flux,individual_TENT_column_vs_raw_feature,6.0,-0.050856203855447174,-0.052967167342526864,18
shapessocial,F4_n8,spectral_flux,individual_TENT_column_vs_raw_feature,7.5,0.012556728533857893,0.021622222145454555,18
shapessocial,F4_n8,spectral_rolloff_85_hz,collapsed_factor_vs_matching_FIR_feature,,-0.0007002219372527397,-0.015827992878562902,18
shapessocial,F4_n8,spectral_rolloff_85_hz,collapsed_factor_vs_raw_feature,,0.031623479986267716,-0.013315475368363135,18
shapessocial,F4_n8,spectral_rolloff_85_hz,individual_TENT_column_vs_raw_feature,1.5,0.012233676861083084,0.03521270264938539,18
shapessocial,F4_n8,spectral_rolloff_85_hz,individual_TENT_column_vs_raw_feature,3.0,-0.006741438381705205,0.026767890086093725,18
shapessocial,F4_n8,spectral_rolloff_85_hz,individual_TENT_column_vs_raw_feature,4.5,0.04082729851522446,0.02368187927724765,18
shapessocial,F4_n8,spectral_rolloff_85_hz,individual_TENT_column_vs_raw_feature,6.0,0.04433940897982594,0.03132515366687963,18
shapessocial,F4_n8,spectral_rolloff_85_hz,individual_TENT_column_vs_raw_feature,7.5,-0.011287939630094201,-0.03361795397919701,18
shapessocial,F4_n8,word_count_per_tr,collapsed_factor_vs_matching_FIR_feature,,-0.009777656660308645,-0.008497044637629654,18
shapessocial,F4_n8,word_count_per_tr,collapsed_factor_vs_raw_feature,,-0.03568181792353756,0.0018503431943497955,18
shapessocial,F4_n8,word_count_per_tr,individual_TENT_column_vs_raw_feature,1.5,-0.0772206040471027,-0.0624635904489067,18
shapessocial,F4_n8,word_count_per_tr,individual_TENT_column_vs_raw_feature,3.0,-0.005467545711068076,-0.014057947491600557,18
shapessocial,F4_n8,word_count_per_tr,individual_TENT_column_vs_raw_feature,4.5,-0.026833232880656786,-0.03703163714312462,18
shapessocial,F4_n8,word_count_per_tr,individual_TENT_column_vs_raw_feature,6.0,-0.011864014211237062,-0.020516393111071833,18
shapessocial,F4_n8,word_count_per_tr,individual_TENT_column_vs_raw_feature,7.5,0.015034680820619952,-0.014541729914473353,18
shapessocial,F4_n8,zero_crossing_rate,collapsed_factor_vs_matching_FIR_feature,,0.004759748069392316,-0.01235618153760618,18
shapessocial,F4_n8,zero_crossing_rate,collapsed_factor_vs_raw_feature,,0.030942247341489086,-0.0077680741107761025,18
shapessocial,F4_n8,zero_crossing_rate,individual_TENT_column_vs_raw_feature,1.5,0.017417639823888012,0.04435135431649408,18
shapessocial,F4_n8,zero_crossing_rate,individual_TENT_column_vs_raw_feature,3.0,-0.005994702377108091,0.02626707342607421,18
shapessocial,F4_n8,zero_crossing_rate,individual_TENT_column_vs_raw_feature,4.5,0.040820097608046585,0.02237504474347278,18
shapessocial,F4_n8,zero_crossing_rate,individual_TENT_column_vs_raw_feature,6.0,0.0407779460963198,0.0377934418800746,18
shapessocial,F4_n8,zero_crossing_rate,individual_TENT_column_vs_raw_feature,7.5,-0.01483239321535398,-0.024205273922280283,18
shapessocial,F5_n8,peak_amplitude,collapsed_factor_vs_matching_FIR_feature,,-0.04613024427266125,-0.057971284016322074,18
shapessocial,F5_n8,peak_amplitude,collapsed_factor_vs_raw_feature,,-0.029463929071003203,-0.025092402497344266,18
shapessocial,F5_n8,peak_amplitude,individual_TENT_column_vs_raw_feature,1.5,0.029111856018718144,0.028542749670887397,18
shapessocial,F5_n8,peak_amplitude,individual_TENT_column_vs_raw_feature,3.0,0.031129221434173886,0.019130456042690053,18
shapessocial,F5_n8,peak_amplitude,individual_TENT_column_vs_raw_feature,4.5,-0.051326957624730794,-0.020179598573661636,18
shapessocial,F5_n8,peak_amplitude,individual_TENT_column_vs_raw_feature,6.0,-0.04873517659016274,-0.0225605404439123,18
shapessocial,F5_n8,peak_amplitude,individual_TENT_column_vs_raw_feature,7.5,-0.029131715143803676,0.0055936850827186324,18
shapessocial,F5_n8,rms,collapsed_factor_vs_matching_FIR_feature,,-0.07198122592712022,-0.0846647742307024,18
shapessocial,F5_n8,rms,collapsed_factor_vs_raw_feature,,-0.032849399931070875,-0.03290997262481164,18
shapessocial,F5_n8,rms,individual_TENT_column_vs_raw_feature,1.5,0.028662377335440168,0.021970248910650227,18
shapessocial,F5_n8,rms,individual_TENT_column_vs_raw_feature,3.0,0.024844813660356745,0.013212350981750453,18
shapessocial,F5_n8,rms,individual_TENT_column_vs_raw_feature,4.5,-0.04935548050028445,-0.02521966355187576,18
shapessocial,F5_n8,rms,individual_TENT_column_vs_raw_feature,6.0,-0.05341954401508907,-0.03108718744802932,18
shapessocial,F5_n8,rms,individual_TENT_column_vs_raw_feature,7.5,-0.02666251077126743,0.0012351706254908085,18
shapessocial,F5_n8,rms_dbfs,collapsed_factor_vs_matching_FIR_feature,,-0.039815098178325,-0.06493460838157643,18
shapessocial,F5_n8,rms_dbfs,collapsed_factor_vs_raw_feature,,-0.04759644676828479,-0.03970087760493948,18
shapessocial,F5_n8,rms_dbfs,individual_TENT_column_vs_raw_feature,1.5,0.01655006462646515,0.00743153426305518,18
shapessocial,F5_n8,rms_dbfs,individual_TENT_column_vs_raw_feature,3.0,-0.005336010049351341,-0.006909504424568245,18
shapessocial,F5_n8,rms_dbfs,individual_TENT_column_vs_raw_feature,4.5,-0.059947846272585995,-0.04862377560664263,18
shapessocial,F5_n8,rms_dbfs,individual_TENT_column_vs_raw_feature,6.0,-0.04735534920340947,-0.016166336995209446,18
shapessocial,F5_n8,rms_dbfs,individual_TENT_column_vs_raw_feature,7.5,-0.011171420256435593,0.03026807718243236,18
shapessocial,F5_n8,spectral_bandwidth_hz,collapsed_factor_vs_matching_FIR_feature,,0.04838040620440944,0.07675708146244511,18
shapessocial,F5_n8,spectral_bandwidth_hz,collapsed_factor_vs_raw_feature,,0.0596044325921473,0.027643453335409837,18
shapessocial,F5_n8,spectral_bandwidth_hz,individual_TENT_column_vs_raw_feature,1.5,-0.017810002640338763,-0.01592276168778197,18
shapessocial,F5_n8,spectral_bandwidth_hz,individual_TENT_column_vs_raw_feature,3.0,0.018239743845005332,-0.002783785957056364,18
shapessocial,F5_n8,spectral_bandwidth_hz,individual_TENT_column_vs_raw_feature,4.5,0.06496705657792658,0.014462839268801129,18
shapessocial,F5_n8,spectral_bandwidth_hz,individual_TENT_column_vs_raw_feature,6.0,0.05759920160668159,0.030553575842605832,18
shapessocial,F5_n8,spectral_bandwidth_hz,individual_TENT_column_vs_raw_feature,7.5,0.011106045986802234,-0.021137286367271926,18
shapessocial,F5_n8,spectral_centroid_hz,collapsed_factor_vs_matching_FIR_feature,,0.05168886920880676,0.08290180330500296,18
shapessocial,F5_n8,spectral_centroid_hz,collapsed_factor_vs_raw_feature,,0.06664197746582474,0.05170605191328451,18
shapessocial,F5_n8,spectral_centroid_hz,individual_TENT_column_vs_raw_feature,1.5,-0.016265266488140737,0.006726268315343697,18
shapessocial,F5_n8,spectral_centroid_hz,individual_TENT_column_vs_raw_feature,3.0,0.02750921606699001,0.022962586127181706,18
shapessocial,F5_n8,spectral_centroid_hz,individual_TENT_column_vs_raw_feature,4.5,0.06570253476954263,0.018142837444401858,18
shapessocial,F5_n8,spectral_centroid_hz,individual_TENT_column_vs_raw_feature,6.0,0.05942776416336318,0.04197553723988536,18
shapessocial,F5_n8,spectral_centroid_hz,individual_TENT_column_vs_raw_feature,7.5,0.015394593876118924,-0.004918094876735963,18
shapessocial,F5_n8,spectral_flatness,collapsed_factor_vs_matching_FIR_feature,,0.046794817320998335,0.0855636718478559,18
shapessocial,F5_n8,spectral_flatness,collapsed_factor_vs_raw_feature,,0.06491032013162218,0.0512335824716019,18
shapessocial,F5_n8,spectral_flatness,individual_TENT_column_vs_raw_feature,1.5,-0.013872529324565484,-0.00669951880669719,18
shapessocial,F5_n8,spectral_flatness,individual_TENT_column_vs_raw_feature,3.0,0.031119913493125415,0.027686642313088795,18
shapessocial,F5_n8,spectral_flatness,individual_TENT_column_vs_raw_feature,4.5,0.06797771067804763,0.027391658801965466,18
shapessocial,F5_n8,spectral_flatness,individual_TENT_column_vs_raw_feature,6.0,0.04998619132452972,0.037643824528951056,18
shapessocial,F5_n8,spectral_flatness,individual_TENT_column_vs_raw_feature,7.5,0.012193022898257182,-0.021135042108603744,18
shapessocial,F5_n8,spectral_flux,collapsed_factor_vs_matching_FIR_feature,,-0.06776803476310936,-0.13170862402546485,18
shapessocial,F5_n8,spectral_flux,collapsed_factor_vs_raw_feature,,-0.07614436608930109,-0.09137790019693472,18
shapessocial,F5_n8,spectral_flux,individual_TENT_column_vs_raw_feature,1.5,0.029025006294639485,0.023080777309721523,18
shapessocial,F5_n8,spectral_flux,individual_TENT_column_vs_raw_feature,3.0,-0.06273792537496786,-0.09043229097319318,18
shapessocial,F5_n8,spectral_flux,individual_TENT_column_vs_raw_feature,4.5,-0.0937586735186221,-0.07460116693852255,18
shapessocial,F5_n8,spectral_flux,individual_TENT_column_vs_raw_feature,6.0,-0.047387605236998545,-0.06103845299754725,18
shapessocial,F5_n8,spectral_flux,individual_TENT_column_vs_raw_feature,7.5,0.014115971213155862,0.024243871213580303,18
shapessocial,F5_n8,spectral_rolloff_85_hz,collapsed_factor_vs_matching_FIR_feature,,0.04993887663071967,0.08271679941902729,18
shapessocial,F5_n8,spectral_rolloff_85_hz,collapsed_factor_vs_raw_feature,,0.06560417606726379,0.04794533045858164,18
shapessocial,F5_n8,spectral_rolloff_85_hz,individual_TENT_column_vs_raw_feature,1.5,-0.01807427869688669,0.0017567955224173093,18
shapessocial,F5_n8,spectral_rolloff_85_hz,individual_TENT_column_vs_raw_feature,3.0,0.02696541802584277,0.023205494302432097,18
shapessocial,F5_n8,spectral_rolloff_85_hz,individual_TENT_column_vs_raw_feature,4.5,0.0668266228609659,0.020003927794081746,18
shapessocial,F5_n8,spectral_rolloff_85_hz,individual_TENT_column_vs_raw_feature,6.0,0.05856631150893792,0.038240346694904406,18
shapessocial,F5_n8,spectral_rolloff_85_hz,individual_TENT_column_vs_raw_feature,7.5,0.01437338202865385,-0.00834583614554307,18
shapessocial,F5_n8,word_count_per_tr,collapsed_factor_vs_matching_FIR_feature,,0.02363057584075853,0.008463219986138918,18
shapessocial,F5_n8,word_count_per_tr,collapsed_factor_vs_raw_feature,,-0.04896286865057871,-0.062126287805404794,18
shapessocial,F5_n8,word_count_per_tr,individual_TENT_column_vs_raw_feature,1.5,0.033486530131814074,0.03656281782905986,18
shapessocial,F5_n8,word_count_per_tr,individual_TENT_column_vs_raw_feature,3.0,-0.008209398935500732,-0.013929237458118856,18
shapessocial,F5_n8,word_count_per_tr,individual_TENT_column_vs_raw_feature,4.5,-0.03380327402448752,-0.026209405488013152,18
shapessocial,F5_n8,word_count_per_tr,individual_TENT_column_vs_raw_feature,6.0,-0.04625039626894952,-0.05564571579928487,18
shapessocial,F5_n8,word_count_per_tr,individual_TENT_column_vs_raw_feature,7.5,-0.07045854915444646,-0.0824971829011889,18
shapessocial,F5_n8,zero_crossing_rate,collapsed_factor_vs_matching_FIR_feature,,0.05367980484367604,0.08076666444368283,18
shapessocial,F5_n8,zero_crossing_rate,collapsed_factor_vs_raw_feature,,0.06720284137864063,0.04946638862445271,18
shapessocial,F5_n8,zero_crossing_rate,individual_TENT_column_vs_raw_feature,1.5,-0.017423267955989342,-0.006295475492047905,18
shapessocial,F5_n8,zero_crossing_rate,individual_TENT_column_vs_raw_feature,3.0,0.02359866962097392,0.01046733185533346,18
shapessocial,F5_n8,zero_crossing_rate,individual_TENT_column_vs_raw_feature,4.5,0.06743541683512894,0.01995249339110662,18
shapessocial,F5_n8,zero_crossing_rate,individual_TENT_column_vs_raw_feature,6.0,0.06345351194214338,0.04827661807845887,18
shapessocial,F5_n8,zero_crossing_rate,individual_TENT_column_vs_raw_feature,7.5,0.015834672845604032,-0.002775891105281209,18
shapessocial,F6_n8,peak_amplitude,collapsed_factor_vs_matching_FIR_feature,,0.09371189545547311,0.11230684985740748,18
shapessocial,F6_n8,peak_amplitude,collapsed_factor_vs_raw_feature,,0.12084542191523967,0.12465959074578577,18
shapessocial,F6_n8,peak_amplitude,individual_TENT_column_vs_raw_feature,1.5,0.009316891825799735,0.036876216815870985,18
shapessocial,F6_n8,peak_amplitude,individual_TENT_column_vs_raw_feature,3.0,0.08156716335814934,0.10463741832160528,18
shapessocial,F6_n8,peak_amplitude,individual_TENT_column_vs_raw_feature,4.5,0.07530879620197661,0.040003160661149416,18
shapessocial,F6_n8,peak_amplitude,individual_TENT_column_vs_raw_feature,6.0,0.1044153216438717,0.06693603436078868,18
shapessocial,F6_n8,peak_amplitude,individual_TENT_column_vs_raw_feature,7.5,0.07746954174969292,0.03495023967268691,18
shapessocial,F6_n8,rms,collapsed_factor_vs_matching_FIR_feature,,0.08054993066591117,0.10021828107682029,18
shapessocial,F6_n8,rms,collapsed_factor_vs_raw_feature,,0.11532724309883181,0.1335914951869463,18
shapessocial,F6_n8,rms,individual_TENT_column_vs_raw_feature,1.5,-0.00021229724009211835,0.038712358912653434,18
shapessocial,F6_n8,rms,individual_TENT_column_vs_raw_feature,3.0,0.08359633598927588,0.11561466654428061,18
shapessocial,F6_n8,rms,individual_TENT_column_vs_raw_feature,4.5,0.06927595360103073,0.04300037297042478,18
shapessocial,F6_n8,rms,individual_TENT_column_vs_raw_feature,6.0,0.10036657253549695,0.06376498364315125,18
shapessocial,F6_n8,rms,individual_TENT_column_vs_raw_feature,7.5,0.0781499804195104,0.04046386383944577,18
shapessocial,F6_n8,rms_dbfs,collapsed_factor_vs_matching_FIR_feature,,0.06944811407448656,0.09861128390891073,18
shapessocial,F6_n8,rms_dbfs,collapsed_factor_vs_raw_feature,,0.10298460275876095,0.1205307932724298,18
shapessocial,F6_n8,rms_dbfs,individual_TENT_column_vs_raw_feature,1.5,0.01186197573749728,0.04559200333047911,18
shapessocial,F6_n8,rms_dbfs,individual_TENT_column_vs_raw_feature,3.0,0.04026220198364171,0.0885975091118303,18
shapessocial,F6_n8,rms_dbfs,individual_TENT_column_vs_raw_feature,4.5,0.0890428910860949,0.05095864581289221,18
shapessocial,F6_n8,rms_dbfs,individual_TENT_column_vs_raw_feature,6.0,0.09596218327633269,0.06660006635067174,18
shapessocial,F6_n8,rms_dbfs,individual_TENT_column_vs_raw_feature,7.5,0.05755557667106922,0.0230847414227942,18
shapessocial,F6_n8,spectral_bandwidth_hz,collapsed_factor_vs_matching_FIR_feature,,-0.05825454503090382,-0.07837771329052085,18
shapessocial,F6_n8,spectral_bandwidth_hz,collapsed_factor_vs_raw_feature,,-0.0915395649092622,-0.07414487524837288,18
shapessocial,F6_n8,spectral_bandwidth_hz,individual_TENT_column_vs_raw_feature,1.5,-0.0010010993062915538,-0.005544517750276349,18
shapessocial,F6_n8,spectral_bandwidth_hz,individual_TENT_column_vs_raw_feature,3.0,-0.03126498856405699,-0.06446941729012037,18
shapessocial,F6_n8,spectral_bandwidth_hz,individual_TENT_column_vs_raw_feature,4.5,-0.08591918915760109,-0.031119603826495052,18
shapessocial,F6_n8,spectral_bandwidth_hz,individual_TENT_column_vs_raw_feature,6.0,-0.09327927364544507,-0.05167373853779004,18
shapessocial,F6_n8,spectral_bandwidth_hz,individual_TENT_column_vs_raw_feature,7.5,-0.045989305357468376,0.00799328527930871,18
shapessocial,F6_n8,spectral_centroid_hz,collapsed_factor_vs_matching_FIR_feature,,-0.05089414574771868,-0.06188979686520944,18
shapessocial,F6_n8,spectral_centroid_hz,collapsed_factor_vs_raw_feature,,-0.09234203951654454,-0.0620678831972853,18
shapessocial,F6_n8,spectral_centroid_hz,individual_TENT_column_vs_raw_feature,1.5,0.0012337210853586385,0.006020306477222561,18
shapessocial,F6_n8,spectral_centroid_hz,individual_TENT_column_vs_raw_feature,3.0,-0.03128106594961102,-0.0478592835613246,18
shapessocial,F6_n8,spectral_centroid_hz,individual_TENT_column_vs_raw_feature,4.5,-0.0884106231879336,-0.03544682096161359,18
shapessocial,F6_n8,spectral_centroid_hz,individual_TENT_column_vs_raw_feature,6.0,-0.09614832352397605,-0.07114887272208359,18
shapessocial,F6_n8,spectral_centroid_hz,individual_TENT_column_vs_raw_feature,7.5,-0.04341914390875065,0.004363028489890442,18
shapessocial,F6_n8,spectral_flatness,collapsed_factor_vs_matching_FIR_feature,,-0.036772081670689793,-0.05077440394872887,18
shapessocial,F6_n8,spectral_flatness,collapsed_factor_vs_raw_feature,,-0.08869331766225758,-0.06715085813960832,18
shapessocial,F6_n8,spectral_flatness,individual_TENT_column_vs_raw_feature,1.5,0.009194001026057658,-0.005695485608974245,18
shapessocial,F6_n8,spectral_flatness,individual_TENT_column_vs_raw_feature,3.0,-0.022045264550968603,-0.05750107477347667,18
shapessocial,F6_n8,spectral_flatness,individual_TENT_column_vs_raw_feature,4.5,-0.08580673484703587,-0.03374115893730378,18
shapessocial,F6_n8,spectral_flatness,individual_TENT_column_vs_raw_feature,6.0,-0.09947497876404093,-0.05690676787276868,18
shapessocial,F6_n8,spectral_flatness,individual_TENT_column_vs_raw_feature,7.5,-0.05070544286698701,0.012179524735708214,18
shapessocial,F6_n8,spectral_flux,collapsed_factor_vs_matching_FIR_feature,,0.043105975904717285,0.06450765558703081,18
shapessocial,F6_n8,spectral_flux,collapsed_factor_vs_raw_feature,,0.06823679185236678,0.06378108361699067,18
shapessocial,F6_n8,spectral_flux,individual_TENT_column_vs_raw_feature,1.5,-0.004366665312447748,0.0006133372386766838,18
shapessocial,F6_n8,spectral_flux,individual_TENT_column_vs_raw_feature,3.0,0.03152777216611066,0.05393721113183973,18
shapessocial,F6_n8,spectral_flux,individual_TENT_column_vs_raw_feature,4.5,0.06071836221821699,0.0719460267597495,18
shapessocial,F6_n8,spectral_flux,individual_TENT_column_vs_raw_feature,6.0,0.06069310850773262,0.06142442594212243,18
shapessocial,F6_n8,spectral_flux,individual_TENT_column_vs_raw_feature,7.5,0.04617661617420339,0.015296183913391631,18
shapessocial,F6_n8,spectral_rolloff_85_hz,collapsed_factor_vs_matching_FIR_feature,,-0.05245095129284818,-0.06574372774286394,18
shapessocial,F6_n8,spectral_rolloff_85_hz,collapsed_factor_vs_raw_feature,,-0.09359986572130814,-0.06446425076587313,18
shapessocial,F6_n8,spectral_rolloff_85_hz,individual_TENT_column_vs_raw_feature,1.5,-0.0005271058579780793,0.0030698950877873763,18
shapessocial,F6_n8,spectral_rolloff_85_hz,individual_TENT_column_vs_raw_feature,3.0,-0.03253380926710189,-0.05352764655545152,18
shapessocial,F6_n8,spectral_rolloff_85_hz,individual_TENT_column_vs_raw_feature,4.5,-0.08898626834333334,-0.036698351280429406,18
shapessocial,F6_n8,spectral_rolloff_85_hz,individual_TENT_column_vs_raw_feature,6.0,-0.0957615328414156,-0.0681872509447434,18
shapessocial,F6_n8,spectral_rolloff_85_hz,individual_TENT_column_vs_raw_feature,7.5,-0.044341027701391575,0.008732909620410423,18
shapessocial,F6_n8,word_count_per_tr,collapsed_factor_vs_matching_FIR_feature,,0.06423960236977211,0.05829073720023167,18
shapessocial,F6_n8,word_count_per_tr,collapsed_factor_vs_raw_feature,,0.0880139943833804,0.0844686028823129,18
shapessocial,F6_n8,word_count_per_tr,individual_TENT_column_vs_raw_feature,1.5,0.009617002847010107,0.06491811102259125,18
shapessocial,F6_n8,word_count_per_tr,individual_TENT_column_vs_raw_feature,3.0,0.03550552867546136,0.0487510496225262,18
shapessocial,F6_n8,word_count_per_tr,individual_TENT_column_vs_raw_feature,4.5,0.0584931919055837,0.036926893297488106,18
shapessocial,F6_n8,word_count_per_tr,individual_TENT_column_vs_raw_feature,6.0,0.10846930687359664,0.09303336410551083,18
shapessocial,F6_n8,word_count_per_tr,individual_TENT_column_vs_raw_feature,7.5,0.034281564704965566,0.009076100869966902,18
shapessocial,F6_n8,zero_crossing_rate,collapsed_factor_vs_matching_FIR_feature,,-0.06036303524044098,-0.07418083587920526,18
shapessocial,F6_n8,zero_crossing_rate,collapsed_factor_vs_raw_feature,,-0.09007890565994653,-0.06507248278469607,18
shapessocial,F6_n8,zero_crossing_rate,individual_TENT_column_vs_raw_feature,1.5,-0.005763878454567173,-0.005817665503567045,18
shapessocial,F6_n8,zero_crossing_rate,individual_TENT_column_vs_raw_feature,3.0,-0.03652081790443053,-0.053308499436015754,18
shapessocial,F6_n8,zero_crossing_rate,individual_TENT_column_vs_raw_feature,4.5,-0.090368055729862,-0.031466633342432104,18
shapessocial,F6_n8,zero_crossing_rate,individual_TENT_column_vs_raw_feature,6.0,-0.08391953474845427,-0.06295712260563698,18
shapessocial,F6_n8,zero_crossing_rate,individual_TENT_column_vs_raw_feature,7.5,-0.0341003782266041,0.016870928972316485,18
shapessocial,F7_n8,peak_amplitude,collapsed_factor_vs_matching_FIR_feature,,-0.018041112994317918,-0.051688218250792076,18
shapessocial,F7_n8,peak_amplitude,collapsed_factor_vs_raw_feature,,0.032392975039498714,0.01995934433700207,18
shapessocial,F7_n8,peak_amplitude,individual_TENT_column_vs_raw_feature,1.5,0.007677694004580148,0.04961852297107966,18
shapessocial,F7_n8,peak_amplitude,individual_TENT_column_vs_raw_feature,3.0,-0.03294782476884523,-0.005741184705165502,18
shapessocial,F7_n8,peak_amplitude,individual_TENT_column_vs_raw_feature,4.5,0.022850475064035196,0.027433281639855353,18
shapessocial,F7_n8,peak_amplitude,individual_TENT_column_vs_raw_feature,6.0,0.0627005454395366,0.013812448146620887,18
shapessocial,F7_n8,peak_amplitude,individual_TENT_column_vs_raw_feature,7.5,0.03012407791958507,0.04764804369859981,18
shapessocial,F7_n8,rms,collapsed_factor_vs_matching_FIR_feature,,-0.01496512899334726,-0.04968589843755533,18
shapessocial,F7_n8,rms,collapsed_factor_vs_raw_feature,,0.031127909775399212,0.018152260219242065,18
shapessocial,F7_n8,rms,individual_TENT_column_vs_raw_feature,1.5,0.015279634964556144,0.047240572410437075,18
shapessocial,F7_n8,rms,individual_TENT_column_vs_raw_feature,3.0,-0.03678150051649284,-0.011828309946260683,18
shapessocial,F7_n8,rms,individual_TENT_column_vs_raw_feature,4.5,0.024632887907254066,0.02833494316151642,18
shapessocial,F7_n8,rms,individual_TENT_column_vs_raw_feature,6.0,0.0585569905283406,0.019699316096853596,18
shapessocial,F7_n8,rms,individual_TENT_column_vs_raw_feature,7.5,0.02659457459965919,0.037841857322274616,18
shapessocial,F7_n8,rms_dbfs,collapsed_factor_vs_matching_FIR_feature,,0.03293586439809566,0.00590367226770662,18
shapessocial,F7_n8,rms_dbfs,collapsed_factor_vs_raw_feature,,0.027211679812263745,0.031958060827682155,18
shapessocial,F7_n8,rms_dbfs,individual_TENT_column_vs_raw_feature,1.5,-0.027342913718748425,0.04001646920896047,18
shapessocial,F7_n8,rms_dbfs,individual_TENT_column_vs_raw_feature,3.0,-0.027729226827191755,0.015278588865812546,18
shapessocial,F7_n8,rms_dbfs,individual_TENT_column_vs_raw_feature,4.5,0.018893785740427223,0.04888015659297838,18
shapessocial,F7_n8,rms_dbfs,individual_TENT_column_vs_raw_feature,6.0,0.07370310047164448,0.02633572950647364,18
shapessocial,F7_n8,rms_dbfs,individual_TENT_column_vs_raw_feature,7.5,0.03127615311888654,0.03974218244315672,18
shapessocial,F7_n8,spectral_bandwidth_hz,collapsed_factor_vs_matching_FIR_feature,,-0.04254339920514781,-0.028853351357223098,18
shapessocial,F7_n8,spectral_bandwidth_hz,collapsed_factor_vs_raw_feature,,-0.025598363767140732,-0.036664862220502706,18
shapessocial,F7_n8,spectral_bandwidth_hz,individual_TENT_column_vs_raw_feature,1.5,0.04213019679218367,-0.03740100143311506,18
shapessocial,F7_n8,spectral_bandwidth_hz,individual_TENT_column_vs_raw_feature,3.0,0.03554366762275679,-0.03903021010245607,18
shapessocial,F7_n8,spectral_bandwidth_hz,individual_TENT_column_vs_raw_feature,4.5,-0.018687443660429428,-0.04646780986409688,18
shapessocial,F7_n8,spectral_bandwidth_hz,individual_TENT_column_vs_raw_feature,6.0,-0.07544683708288133,-0.041557369328429454,18
shapessocial,F7_n8,spectral_bandwidth_hz,individual_TENT_column_vs_raw_feature,7.5,-0.04949854798976152,-0.0724779999454402,18
shapessocial,F7_n8,spectral_centroid_hz,collapsed_factor_vs_matching_FIR_feature,,-0.04406023403337365,-0.03541468984986994,18
shapessocial,F7_n8,spectral_centroid_hz,collapsed_factor_vs_raw_feature,,-0.023151234065706894,-0.014959287981580222,18
shapessocial,F7_n8,spectral_centroid_hz,individual_TENT_column_vs_raw_feature,1.5,0.04210610329505409,-0.03671031704392649,18
shapessocial,F7_n8,spectral_centroid_hz,individual_TENT_column_vs_raw_feature,3.0,0.03965147743048191,-0.001764444112172654,18
shapessocial,F7_n8,spectral_centroid_hz,individual_TENT_column_vs_raw_feature,4.5,-0.018501659926095357,-0.030956938942531178,18
shapessocial,F7_n8,spectral_centroid_hz,individual_TENT_column_vs_raw_feature,6.0,-0.07725177040989897,-0.035971842534384596,18
shapessocial,F7_n8,spectral_centroid_hz,individual_TENT_column_vs_raw_feature,7.5,-0.04456124126106705,-0.05631552248439723,18
shapessocial,F7_n8,spectral_flatness,collapsed_factor_vs_matching_FIR_feature,,-0.03654927977007572,-0.02214575794672305,18
shapessocial,F7_n8,spectral_flatness,collapsed_factor_vs_raw_feature,,-0.016892288353524007,-0.027872316448975882,18
shapessocial,F7_n8,spectral_flatness,individual_TENT_column_vs_raw_feature,1.5,0.050129393348349434,-0.015047529004786533,18
shapessocial,F7_n8,spectral_flatness,individual_TENT_column_vs_raw_feature,3.0,0.04160292543558608,-0.033835557485124075,18
shapessocial,F7_n8,spectral_flatness,individual_TENT_column_vs_raw_feature,4.5,-0.014053187197208898,-0.060936403899526516,18
shapessocial,F7_n8,spectral_flatness,individual_TENT_column_vs_raw_feature,6.0,-0.07292931208066362,-0.023751164684690903,18
shapessocial,F7_n8,spectral_flatness,individual_TENT_column_vs_raw_feature,7.5,-0.046177710211916675,-0.07118295810231831,18
shapessocial,F7_n8,spectral_flux,collapsed_factor_vs_matching_FIR_feature,,0.04606312146470101,0.012441758315778113,18
shapessocial,F7_n8,spectral_flux,collapsed_factor_vs_raw_feature,,-0.00936049197056771,-0.04704565923822837,18
shapessocial,F7_n8,spectral_flux,individual_TENT_column_vs_raw_feature,1.5,-0.06742616452813271,-0.0831583629474402,18
shapessocial,F7_n8,spectral_flux,individual_TENT_column_vs_raw_feature,3.0,-0.051186077746795414,-0.05273640020343047,18
shapessocial,F7_n8,spectral_flux,individual_TENT_column_vs_raw_feature,4.5,0.02207157903290751,-0.017466289442474924,18
shapessocial,F7_n8,spectral_flux,individual_TENT_column_vs_raw_feature,6.0,0.04694427506218271,0.001582260501239329,18
shapessocial,F7_n8,spectral_flux,individual_TENT_column_vs_raw_feature,7.5,0.01228224105030628,0.03897050319751211,18
shapessocial,F7_n8,spectral_rolloff_85_hz,collapsed_factor_vs_matching_FIR_feature,,-0.042012318857587355,-0.03174169870921554,18
shapessocial,F7_n8,spectral_rolloff_85_hz,collapsed_factor_vs_raw_feature,,-0.021354461830506502,-0.009446869759653498,18
shapessocial,F7_n8,spectral_rolloff_85_hz,individual_TENT_column_vs_raw_feature,1.5,0.04505709283736831,-0.028749515290604228,18
shapessocial,F7_n8,spectral_rolloff_85_hz,individual_TENT_column_vs_raw_feature,3.0,0.041129746326332574,0.0015392227138554045,18
shapessocial,F7_n8,spectral_rolloff_85_hz,individual_TENT_column_vs_raw_feature,4.5,-0.018781975115107683,-0.031817911763436964,18
shapessocial,F7_n8,spectral_rolloff_85_hz,individual_TENT_column_vs_raw_feature,6.0,-0.07635612732988045,-0.02961290980063802,18
shapessocial,F7_n8,spectral_rolloff_85_hz,individual_TENT_column_vs_raw_feature,7.5,-0.044329584129410064,-0.05705126049148985,18
shapessocial,F7_n8,word_count_per_tr,collapsed_factor_vs_matching_FIR_feature,,0.0484573448681811,-0.005973087117503956,18
shapessocial,F7_n8,word_count_per_tr,collapsed_factor_vs_raw_feature,,0.03938610079990238,0.013476363048410604,18
shapessocial,F7_n8,word_count_per_tr,individual_TENT_column_vs_raw_feature,1.5,-0.023293106682546916,-0.035037111384213365,18
shapessocial,F7_n8,word_count_per_tr,individual_TENT_column_vs_raw_feature,3.0,-0.03352565659739462,-0.024765766482388277,18
shapessocial,F7_n8,word_count_per_tr,individual_TENT_column_vs_raw_feature,4.5,0.04583439365263122,0.0046405384888927766,18
shapessocial,F7_n8,word_count_per_tr,individual_TENT_column_vs_raw_feature,6.0,0.0713880297106347,0.008434598752457688,18
shapessocial,F7_n8,word_count_per_tr,individual_TENT_column_vs_raw_feature,7.5,0.042706441637757775,0.02765067124581404,18
shapessocial,F7_n8,zero_crossing_rate,collapsed_factor_vs_matching_FIR_feature,,-0.04786319636831711,-0.03720985219154896,18
shapessocial,F7_n8,zero_crossing_rate,collapsed_factor_vs_raw_feature,,-0.02651721090574757,-0.024885692550306468,18
shapessocial,F7_n8,zero_crossing_rate,individual_TENT_column_vs_raw_feature,1.5,0.03834609002439177,-0.039973192126563105,18
shapessocial,F7_n8,zero_crossing_rate,individual_TENT_column_vs_raw_feature,3.0,0.036789494795127,-0.019581644844170833,18
shapessocial,F7_n8,zero_crossing_rate,individual_TENT_column_vs_raw_feature,4.5,-0.02134397858721152,-0.03622073059682698,18
shapessocial,F7_n8,zero_crossing_rate,individual_TENT_column_vs_raw_feature,6.0,-0.07702103534384394,-0.03283330199721821,18
shapessocial,F7_n8,zero_crossing_rate,individual_TENT_column_vs_raw_feature,7.5,-0.04466084349451751,-0.06759115424004353,18
shapessocial,F8_n8,peak_amplitude,collapsed_factor_vs_matching_FIR_feature,,-0.02727337982100503,-0.04561886478149595,18
shapessocial,F8_n8,peak_amplitude,collapsed_factor_vs_raw_feature,,-0.022422369012919975,-0.009153825205187902,18
shapessocial,F8_n8,peak_amplitude,individual_TENT_column_vs_raw_feature,1.5,-2.370997962718404e-05,0.0028273637719265286,18
shapessocial,F8_n8,peak_amplitude,individual_TENT_column_vs_raw_feature,3.0,0.008785762835512365,0.022418161489005765,18
shapessocial,F8_n8,peak_amplitude,individual_TENT_column_vs_raw_feature,4.5,-0.01793337700526501,0.014658785799748728,18
shapessocial,F8_n8,peak_amplitude,individual_TENT_column_vs_raw_feature,6.0,-0.02955859364885346,-0.018571023968813893,18
shapessocial,F8_n8,peak_amplitude,individual_TENT_column_vs_raw_feature,7.5,-0.02486574378937397,0.007910723532618335,18
shapessocial,F8_n8,rms,collapsed_factor_vs_matching_FIR_feature,,-0.0063622553323796245,-0.02463994278528345,18
shapessocial,F8_n8,rms,collapsed_factor_vs_raw_feature,,-0.0221904790612142,-0.008404495270492217,18
shapessocial,F8_n8,rms,individual_TENT_column_vs_raw_feature,1.5,0.0086914556004297,0.010824031512458063,18
shapessocial,F8_n8,rms,individual_TENT_column_vs_raw_feature,3.0,0.007156053732099181,0.016978179532682953,18
shapessocial,F8_n8,rms,individual_TENT_column_vs_raw_feature,4.5,-0.017508545107495038,0.01728213351260538,18
shapessocial,F8_n8,rms,individual_TENT_column_vs_raw_feature,6.0,-0.030609635556515906,-0.01926769616821914,18
shapessocial,F8_n8,rms,individual_TENT_column_vs_raw_feature,7.5,-0.03138509551003541,0.0037305975581196082,18
shapessocial,F8_n8,rms_dbfs,collapsed_factor_vs_matching_FIR_feature,,-0.0049175299399585315,-0.013513171143636265,18
shapessocial,F8_n8,rms_dbfs,collapsed_factor_vs_raw_feature,,-0.016250859991800932,0.007324998681517393,18
shapessocial,F8_n8,rms_dbfs,individual_TENT_column_vs_raw_feature,1.5,-0.011134669280584004,0.003006921225178352,18
shapessocial,F8_n8,rms_dbfs,individual_TENT_column_vs_raw_feature,3.0,0.01009433554937033,0.03399200918591094,18
shapessocial,F8_n8,rms_dbfs,individual_TENT_column_vs_raw_feature,4.5,0.0030206928867495455,0.013809390813664847,18
shapessocial,F8_n8,rms_dbfs,individual_TENT_column_vs_raw_feature,6.0,-0.0221987720590776,-0.0005880053935421732,18
shapessocial,F8_n8,rms_dbfs,individual_TENT_column_vs_raw_feature,7.5,-0.03096354273476178,0.00971157300684389,18
shapessocial,F8_n8,spectral_bandwidth_hz,collapsed_factor_vs_matching_FIR_feature,,0.0017961215332310894,-0.009564036614097564,18
shapessocial,F8_n8,spectral_bandwidth_hz,collapsed_factor_vs_raw_feature,,0.024914069634529714,-0.019018782242824682,18
shapessocial,F8_n8,spectral_bandwidth_hz,individual_TENT_column_vs_raw_feature,1.5,0.022800954012281945,0.010791983931630897,18
shapessocial,F8_n8,spectral_bandwidth_hz,individual_TENT_column_vs_raw_feature,3.0,-0.009794632725919641,-0.021977815994547654,18
shapessocial,F8_n8,spectral_bandwidth_hz,individual_TENT_column_vs_raw_feature,4.5,-0.005023663314961596,0.00693105198429529,18
shapessocial,F8_n8,spectral_bandwidth_hz,individual_TENT_column_vs_raw_feature,6.0,0.03451505108605771,-0.02145091469792366,18
shapessocial,F8_n8,spectral_bandwidth_hz,individual_TENT_column_vs_raw_feature,7.5,0.0326022381561549,-0.017634562936579837,18
shapessocial,F8_n8,spectral_centroid_hz,collapsed_factor_vs_matching_FIR_feature,,-0.004889794653942167,-0.01691621267007075,18
shapessocial,F8_n8,spectral_centroid_hz,collapsed_factor_vs_raw_feature,,0.025318843569334403,-0.01475052211660559,18
shapessocial,F8_n8,spectral_centroid_hz,individual_TENT_column_vs_raw_feature,1.5,0.023606765867148494,0.020138393475998495,18
shapessocial,F8_n8,spectral_centroid_hz,individual_TENT_column_vs_raw_feature,3.0,-0.007916007199616248,-0.006700205749751063,18
shapessocial,F8_n8,spectral_centroid_hz,individual_TENT_column_vs_raw_feature,4.5,-0.008708646021586226,0.012587687165751517,18
shapessocial,F8_n8,spectral_centroid_hz,individual_TENT_column_vs_raw_feature,6.0,0.03420136878457074,-0.03099594769440815,18
shapessocial,F8_n8,spectral_centroid_hz,individual_TENT_column_vs_raw_feature,7.5,0.035990094429020326,-0.027545793705604733,18
shapessocial,F8_n8,spectral_flatness,collapsed_factor_vs_matching_FIR_feature,,-0.001901303823269808,-0.012495989435813343,18
shapessocial,F8_n8,spectral_flatness,collapsed_factor_vs_raw_feature,,0.013899314404970754,-0.027332015153742586,18
shapessocial,F8_n8,spectral_flatness,individual_TENT_column_vs_raw_feature,1.5,0.020555284400846155,0.028062218784804836,18
shapessocial,F8_n8,spectral_flatness,individual_TENT_column_vs_raw_feature,3.0,-0.022632328425607792,-0.044393068663553414,18
shapessocial,F8_n8,spectral_flatness,individual_TENT_column_vs_raw_feature,4.5,-0.024174781515485837,-0.005990351191513015,18
shapessocial,F8_n8,spectral_flatness,individual_TENT_column_vs_raw_feature,6.0,0.03940519197242249,-0.02316618119448617,18
shapessocial,F8_n8,spectral_flatness,individual_TENT_column_vs_raw_feature,7.5,0.034268255210545856,-0.017309887446630184,18
shapessocial,F8_n8,spectral_flux,collapsed_factor_vs_matching_FIR_feature,,0.010904930150322328,0.013546695154278183,18
shapessocial,F8_n8,spectral_flux,collapsed_factor_vs_raw_feature,,-0.0549391998700883,-0.017648263796373534,18
shapessocial,F8_n8,spectral_flux,individual_TENT_column_vs_raw_feature,1.5,-0.06693371445235687,-0.10986521306986659,18
shapessocial,F8_n8,spectral_flux,individual_TENT_column_vs_raw_feature,3.0,0.003339307565002834,0.01780798765322427,18
shapessocial,F8_n8,spectral_flux,individual_TENT_column_vs_raw_feature,4.5,0.016247930434309752,0.021876525825136765,18
shapessocial,F8_n8,spectral_flux,individual_TENT_column_vs_raw_feature,6.0,-0.048235537356447096,0.017278105032706423,18
shapessocial,F8_n8,spectral_flux,individual_TENT_column_vs_raw_feature,7.5,-0.07239153598154097,-0.028575909726116306,18
shapessocial,F8_n8,spectral_rolloff_85_hz,collapsed_factor_vs_matching_FIR_feature,,-0.003072906793191586,-0.016364053058938743,18
shapessocial,F8_n8,spectral_rolloff_85_hz,collapsed_factor_vs_raw_feature,,0.02564136450345271,-0.016489673155874126,18
shapessocial,F8_n8,spectral_rolloff_85_hz,individual_TENT_column_vs_raw_feature,1.5,0.0244203031173676,0.020701462951499494,18
shapessocial,F8_n8,spectral_rolloff_85_hz,individual_TENT_column_vs_raw_feature,3.0,-0.00904427727654751,-0.013175023376491034,18
shapessocial,F8_n8,spectral_rolloff_85_hz,individual_TENT_column_vs_raw_feature,4.5,-0.008453116292756755,0.011940601803504413,18
shapessocial,F8_n8,spectral_rolloff_85_hz,individual_TENT_column_vs_raw_feature,6.0,0.035092881401515445,-0.03147948868879153,18
shapessocial,F8_n8,spectral_rolloff_85_hz,individual_TENT_column_vs_raw_feature,7.5,0.03611740054918826,-0.02622286505720582,18
shapessocial,F8_n8,word_count_per_tr,collapsed_factor_vs_matching_FIR_feature,,0.009153176391225752,-0.04918481887943918,18
shapessocial,F8_n8,word_count_per_tr,collapsed_factor_vs_raw_feature,,0.0021311681324783596,0.004225137497461816,18
shapessocial,F8_n8,word_count_per_tr,individual_TENT_column_vs_raw_feature,1.5,-0.0006509546182071725,-0.05468067662778364,18
shapessocial,F8_n8,word_count_per_tr,individual_TENT_column_vs_raw_feature,3.0,-0.00036833764816461014,-0.005224547900940086,18
shapessocial,F8_n8,word_count_per_tr,individual_TENT_column_vs_raw_feature,4.5,0.024561167389543646,0.042301056965554314,18
shapessocial,F8_n8,word_count_per_tr,individual_TENT_column_vs_raw_feature,6.0,-0.00822786223594068,0.014688716791534436,18
shapessocial,F8_n8,word_count_per_tr,individual_TENT_column_vs_raw_feature,7.5,-0.013874207579385392,0.02052244135009866,18
shapessocial,F8_n8,zero_crossing_rate,collapsed_factor_vs_matching_FIR_feature,,-0.0034029186277211767,-0.014898303908971573,18
shapessocial,F8_n8,zero_crossing_rate,collapsed_factor_vs_raw_feature,,0.03391958061304463,-0.010535390531911402,18
shapessocial,F8_n8,zero_crossing_rate,individual_TENT_column_vs_raw_feature,1.5,0.02467168691778766,0.015206714651503158,18
shapessocial,F8_n8,zero_crossing_rate,individual_TENT_column_vs_raw_feature,3.0,-0.001082970576751608,-0.011219612885895196,18
shapessocial,F8_n8,zero_crossing_rate,individual_TENT_column_vs_raw_feature,4.5,0.0036200485963304224,0.01767418420769629,18
shapessocial,F8_n8,zero_crossing_rate,individual_TENT_column_vs_raw_feature,6.0,0.0351303424176116,-0.026109611516576006,18
shapessocial,F8_n8,zero_crossing_rate,individual_TENT_column_vs_raw_feature,7.5,0.03699634701924566,-0.026009358769007975,18
slumlordreach,F1_n8,peak_amplitude,collapsed_factor_vs_matching_FIR_feature,,0.045622688825040746,0.05335500661699168,3
slumlordreach,F1_n8,peak_amplitude,collapsed_factor_vs_raw_feature,,-0.03235790364385249,-0.036313457286520655,3
slumlordreach,F1_n8,peak_amplitude,individual_TENT_column_vs_raw_feature,1.5,-0.03692739235670595,-0.05305301629577051,3
slumlordreach,F1_n8,peak_amplitude,individual_TENT_column_vs_raw_feature,3.0,-0.004854044614617393,-0.010029377884924265,3
slumlordreach,F1_n8,peak_amplitude,individual_TENT_column_vs_raw_feature,4.5,-0.02058073559406369,-0.008191652276248853,3
slumlordreach,F1_n8,peak_amplitude,individual_TENT_column_vs_raw_feature,6.0,-0.032449288414258155,-0.029041842817346283,3
slumlordreach,F1_n8,peak_amplitude,individual_TENT_column_vs_raw_feature,7.5,0.0012736197874941074,-0.0029265539704891874,3
slumlordreach,F1_n8,rms,collapsed_factor_vs_matching_FIR_feature,,0.04846626883067467,0.058082944144852135,3
slumlordreach,F1_n8,rms,collapsed_factor_vs_raw_feature,,-0.03236878812614483,-0.037958345904232825,3
slumlordreach,F1_n8,rms,individual_TENT_column_vs_raw_feature,1.5,-0.03616287713220765,-0.052917417455803105,3
slumlordreach,F1_n8,rms,individual_TENT_column_vs_raw_feature,3.0,-0.0138241488104724,-0.018337775781026924,3
slumlordreach,F1_n8,rms,individual_TENT_column_vs_raw_feature,4.5,-0.01555219799641618,-0.0037390914207798866,3
slumlordreach,F1_n8,rms,individual_TENT_column_vs_raw_feature,6.0,-0.028240407993829597,-0.03142206336837471,3
slumlordreach,F1_n8,rms,individual_TENT_column_vs_raw_feature,7.5,0.00010199505070027642,-0.005085553200472506,3
slumlordreach,F1_n8,rms_dbfs,collapsed_factor_vs_matching_FIR_feature,,-0.015558983783285803,0.021947670467477507,3
slumlordreach,F1_n8,rms_dbfs,collapsed_factor_vs_raw_feature,,-0.012405742450208408,-0.01091904696856024,3
slumlordreach,F1_n8,rms_dbfs,individual_TENT_column_vs_raw_feature,1.5,-0.020072074418229304,-0.03137196635312289,3
slumlordreach,F1_n8,rms_dbfs,individual_TENT_column_vs_raw_feature,3.0,-0.009305829214988681,-0.004247603977395247,3
slumlordreach,F1_n8,rms_dbfs,individual_TENT_column_vs_raw_feature,4.5,0.02626635873125081,0.020969713066224277,3
slumlordreach,F1_n8,rms_dbfs,individual_TENT_column_vs_raw_feature,6.0,-0.014256980982665432,-0.012896955025120999,3
slumlordreach,F1_n8,rms_dbfs,individual_TENT_column_vs_raw_feature,7.5,-0.028763975392680923,-0.017611505762117813,3
slumlordreach,F1_n8,spectral_bandwidth_hz,collapsed_factor_vs_matching_FIR_feature,,-0.18620793298528301,-0.22778182313111653,3
slumlordreach,F1_n8,spectral_bandwidth_hz,collapsed_factor_vs_raw_feature,,-0.09862001178000425,-0.1218922767997848,3
slumlordreach,F1_n8,spectral_bandwidth_hz,individual_TENT_column_vs_raw_feature,1.5,-0.07257567548160243,-0.07038110713988512,3
slumlordreach,F1_n8,spectral_bandwidth_hz,individual_TENT_column_vs_raw_feature,3.0,-0.05899749950678664,-0.05484926799315718,3
slumlordreach,F1_n8,spectral_bandwidth_hz,individual_TENT_column_vs_raw_feature,4.5,-0.05455542992771432,-0.08897625390482129,3
slumlordreach,F1_n8,spectral_bandwidth_hz,individual_TENT_column_vs_raw_feature,6.0,-0.06477908599014148,-0.09111104516075826,3
slumlordreach,F1_n8,spectral_bandwidth_hz,individual_TENT_column_vs_raw_feature,7.5,-0.03291945055077652,-0.03993793981598035,3
slumlordreach,F1_n8,spectral_centroid_hz,collapsed_factor_vs_matching_FIR_feature,,-0.22939436834521099,-0.262763369495665,3
slumlordreach,F1_n8,spectral_centroid_hz,collapsed_factor_vs_raw_feature,,-0.08123974608966143,-0.09508249169947591,3
slumlordreach,F1_n8,spectral_centroid_hz,individual_TENT_column_vs_raw_feature,1.5,-0.04465177928071007,-0.04910074617322166,3
slumlordreach,F1_n8,spectral_centroid_hz,individual_TENT_column_vs_raw_feature,3.0,-0.05399240422944945,-0.04625173350171205,3
slumlordreach,F1_n8,spectral_centroid_hz,individual_TENT_column_vs_raw_feature,4.5,-0.055823972781383825,-0.0716852122738543,3
slumlordreach,F1_n8,spectral_centroid_hz,individual_TENT_column_vs_raw_feature,6.0,-0.04429938575523073,-0.06034401135800529,3
slumlordreach,F1_n8,spectral_centroid_hz,individual_TENT_column_vs_raw_feature,7.5,-0.031905517997079934,-0.05001231891710827,3
slumlordreach,F1_n8,spectral_flatness,collapsed_factor_vs_matching_FIR_feature,,0.016810606808312912,-0.12216292162132936,3
slumlordreach,F1_n8,spectral_flatness,collapsed_factor_vs_raw_feature,,0.010366138094989234,-0.12742086776818595,3
slumlordreach,F1_n8,spectral_flatness,individual_TENT_column_vs_raw_feature,1.5,0.01975186943382277,-0.05630215667935479,3
slumlordreach,F1_n8,spectral_flatness,individual_TENT_column_vs_raw_feature,3.0,0.008494557854066111,-0.07907422040951217,3
slumlordreach,F1_n8,spectral_flatness,individual_TENT_column_vs_raw_feature,4.5,-0.02892899301705758,-0.1145279849489363,3
slumlordreach,F1_n8,spectral_flatness,individual_TENT_column_vs_raw_feature,6.0,0.01300586389823192,-0.07088346638000538,3
slumlordreach,F1_n8,spectral_flatness,individual_TENT_column_vs_raw_feature,7.5,0.028378048069844643,-0.03693229423509372,3
slumlordreach,F1_n8,spectral_flux,collapsed_factor_vs_matching_FIR_feature,,0.06683546177502196,0.11040464580616532,3
slumlordreach,F1_n8,spectral_flux,collapsed_factor_vs_raw_feature,,0.03763983222789049,0.09672245262710959,3
slumlordreach,F1_n8,spectral_flux,individual_TENT_column_vs_raw_feature,1.5,0.006035311134781074,0.050266064244393914,3
slumlordreach,F1_n8,spectral_flux,individual_TENT_column_vs_raw_feature,3.0,0.01511596479397754,0.050730858173494965,3
slumlordreach,F1_n8,spectral_flux,individual_TENT_column_vs_raw_feature,4.5,0.05030510300410341,0.08490171893376773,3
slumlordreach,F1_n8,spectral_flux,individual_TENT_column_vs_raw_feature,6.0,0.025826660579953795,0.06843345367699367,3
slumlordreach,F1_n8,spectral_flux,individual_TENT_column_vs_raw_feature,7.5,0.0012881337315707611,0.042686962884127766,3
slumlordreach,F1_n8,spectral_rolloff_85_hz,collapsed_factor_vs_matching_FIR_feature,,-0.21939189397377387,-0.25262034337837447,3
slumlordreach,F1_n8,spectral_rolloff_85_hz,collapsed_factor_vs_raw_feature,,-0.09619259131692555,-0.11056470330923689,3
slumlordreach,F1_n8,spectral_rolloff_85_hz,individual_TENT_column_vs_raw_feature,1.5,-0.06219105063444263,-0.06253087284051707,3
slumlordreach,F1_n8,spectral_rolloff_85_hz,individual_TENT_column_vs_raw_feature,3.0,-0.05875186643133815,-0.050431689203225216,3
slumlordreach,F1_n8,spectral_rolloff_85_hz,individual_TENT_column_vs_raw_feature,4.5,-0.06127226000224434,-0.0785314553824073,3
slumlordreach,F1_n8,spectral_rolloff_85_hz,individual_TENT_column_vs_raw_feature,6.0,-0.05872861804642857,-0.0772896463545683,3
slumlordreach,F1_n8,spectral_rolloff_85_hz,individual_TENT_column_vs_raw_feature,7.5,-0.03382472620062967,-0.0538472508444097,3
slumlordreach,F1_n8,word_count_per_tr,collapsed_factor_vs_matching_FIR_feature,,0.14651669363197792,0.13117676577040313,3
slumlordreach,F1_n8,word_count_per_tr,collapsed_factor_vs_raw_feature,,0.01649382994912128,0.015176037280778284,3
slumlordreach,F1_n8,word_count_per_tr,individual_TENT_column_vs_raw_feature,1.5,0.007683233020871108,-0.009420349220307564,3
slumlordreach,F1_n8,word_count_per_tr,individual_TENT_column_vs_raw_feature,3.0,0.009926672210635784,0.013454433230415641,3
slumlordreach,F1_n8,word_count_per_tr,individual_TENT_column_vs_raw_feature,4.5,0.014141764804475038,0.011974478417710559,3
slumlordreach,F1_n8,word_count_per_tr,individual_TENT_column_vs_raw_feature,6.0,0.01998773081973479,0.012749247181092957,3
slumlordreach,F1_n8,word_count_per_tr,individual_TENT_column_vs_raw_feature,7.5,-0.010154048120525281,0.01715103748390191,3
slumlordreach,F1_n8,zero_crossing_rate,collapsed_factor_vs_matching_FIR_feature,,-0.2177123006947905,-0.2577099519163069,3
slumlordreach,F1_n8,zero_crossing_rate,collapsed_factor_vs_raw_feature,,-0.07260333976804967,-0.08298145516852941,3
slumlordreach,F1_n8,zero_crossing_rate,individual_TENT_column_vs_raw_feature,1.5,-0.045532783087551626,-0.04352193859494078,3
slumlordreach,F1_n8,zero_crossing_rate,individual_TENT_column_vs_raw_feature,3.0,-0.05001854212087107,-0.040422714610169684,3
slumlordreach,F1_n8,zero_crossing_rate,individual_TENT_column_vs_raw_feature,4.5,-0.04654133074620189,-0.06675947142425626,3
slumlordreach,F1_n8,zero_crossing_rate,individual_TENT_column_vs_raw_feature,6.0,-0.03909361113919522,-0.049997733980016425,3
slumlordreach,F1_n8,zero_crossing_rate,individual_TENT_column_vs_raw_feature,7.5,-0.02588266688390598,-0.03479793936994837,3
slumlordreach,F2_n8,peak_amplitude,collapsed_factor_vs_matching_FIR_feature,,-0.10285736467653615,-0.09819282074229385,3
slumlordreach,F2_n8,peak_amplitude,collapsed_factor_vs_raw_feature,,-0.02777312151951127,-0.008568157447562426,3
slumlordreach,F2_n8,peak_amplitude,individual_TENT_column_vs_raw_feature,1.5,-0.0100453758923899,0.017915613551288095,3
slumlordreach,F2_n8,peak_amplitude,individual_TENT_column_vs_raw_feature,3.0,-0.046406928780979025,-0.027956043127875727,3
slumlordreach,F2_n8,peak_amplitude,individual_TENT_column_vs_raw_feature,4.5,-0.04560511952901022,-0.0393010797266878,3
slumlordreach,F2_n8,peak_amplitude,individual_TENT_column_vs_raw_feature,6.0,0.013100084965949983,0.043051002993659326,3
slumlordreach,F2_n8,peak_amplitude,individual_TENT_column_vs_raw_feature,7.5,0.02014844359605774,0.019407046246404602,3
slumlordreach,F2_n8,rms,collapsed_factor_vs_matching_FIR_feature,,-0.1000603003589207,-0.08561798305517339,3
slumlordreach,F2_n8,rms,collapsed_factor_vs_raw_feature,,-0.025246549654404024,-0.0003530885040651498,3
slumlordreach,F2_n8,rms,individual_TENT_column_vs_raw_feature,1.5,-0.00799463797300587,0.023759198504044992,3
slumlordreach,F2_n8,rms,individual_TENT_column_vs_raw_feature,3.0,-0.03926950205242921,-0.01570053333838019,3
slumlordreach,F2_n8,rms,individual_TENT_column_vs_raw_feature,4.5,-0.04495385898418782,-0.03302196704782757,3
slumlordreach,F2_n8,rms,individual_TENT_column_vs_raw_feature,6.0,0.011204799409608108,0.04953671575815231,3
slumlordreach,F2_n8,rms,individual_TENT_column_vs_raw_feature,7.5,0.01905397490020135,0.021327873280985093,3
slumlordreach,F2_n8,rms_dbfs,collapsed_factor_vs_matching_FIR_feature,,-0.008386857697844231,-0.07301876005183015,3
slumlordreach,F2_n8,rms_dbfs,collapsed_factor_vs_raw_feature,,-0.025594137198013883,-0.04806369801799739,3
slumlordreach,F2_n8,rms_dbfs,individual_TENT_column_vs_raw_feature,1.5,-0.0010257029460757432,-0.0037104211007360516,3
slumlordreach,F2_n8,rms_dbfs,individual_TENT_column_vs_raw_feature,3.0,-0.028051939329134787,-0.03171152711913259,3
slumlordreach,F2_n8,rms_dbfs,individual_TENT_column_vs_raw_feature,4.5,-0.06454263560229262,-0.05966959498240665,3
slumlordreach,F2_n8,rms_dbfs,individual_TENT_column_vs_raw_feature,6.0,0.005527041659846909,0.013964338982730995,3
slumlordreach,F2_n8,rms_dbfs,individual_TENT_column_vs_raw_feature,7.5,0.031188210197892655,-0.012284663222196813,3
slumlordreach,F2_n8,spectral_bandwidth_hz,collapsed_factor_vs_matching_FIR_feature,,0.19927132473884457,0.22628261440373007,3
slumlordreach,F2_n8,spectral_bandwidth_hz,collapsed_factor_vs_raw_feature,,0.1006692297636022,0.12844210552198096,3
slumlordreach,F2_n8,spectral_bandwidth_hz,individual_TENT_column_vs_raw_feature,1.5,0.05511776049631718,0.048542241718408964,3
slumlordreach,F2_n8,spectral_bandwidth_hz,individual_TENT_column_vs_raw_feature,3.0,0.047926583323743756,0.059535927625934536,3
slumlordreach,F2_n8,spectral_bandwidth_hz,individual_TENT_column_vs_raw_feature,4.5,0.05060764746247245,0.08449758099174365,3
slumlordreach,F2_n8,spectral_bandwidth_hz,individual_TENT_column_vs_raw_feature,6.0,0.08268646981360776,0.09406517096063118,3
slumlordreach,F2_n8,spectral_bandwidth_hz,individual_TENT_column_vs_raw_feature,7.5,0.05985536419155485,0.062298883511585156,3
slumlordreach,F2_n8,spectral_centroid_hz,collapsed_factor_vs_matching_FIR_feature,,0.19163672312052513,0.19159620738175673,3
slumlordreach,F2_n8,spectral_centroid_hz,collapsed_factor_vs_raw_feature,,0.07052897324663988,0.07463846291136683,3
slumlordreach,F2_n8,spectral_centroid_hz,individual_TENT_column_vs_raw_feature,1.5,0.04701244761470891,0.04494263062058102,3
slumlordreach,F2_n8,spectral_centroid_hz,individual_TENT_column_vs_raw_feature,3.0,0.04523907076546458,0.051020316910552616,3
slumlordreach,F2_n8,spectral_centroid_hz,individual_TENT_column_vs_raw_feature,4.5,0.041299640590537284,0.05047378326260835,3
slumlordreach,F2_n8,spectral_centroid_hz,individual_TENT_column_vs_raw_feature,6.0,0.04499640584345233,0.04750183111703377,3
slumlordreach,F2_n8,spectral_centroid_hz,individual_TENT_column_vs_raw_feature,7.5,0.027090886006248743,0.022470625131348995,3
slumlordreach,F2_n8,spectral_flatness,collapsed_factor_vs_matching_FIR_feature,,0.006500998076537053,0.21947342687493834,3
slumlordreach,F2_n8,spectral_flatness,collapsed_factor_vs_raw_feature,,0.02470655308851116,0.21165719192452556,3
slumlordreach,F2_n8,spectral_flatness,individual_TENT_column_vs_raw_feature,1.5,6.648295056934186e-05,0.085891578730088,3
slumlordreach,F2_n8,spectral_flatness,individual_TENT_column_vs_raw_feature,3.0,0.026701279029444826,0.1473643954721752,3
slumlordreach,F2_n8,spectral_flatness,individual_TENT_column_vs_raw_feature,4.5,0.06379852125591863,0.15660484138322595,3
slumlordreach,F2_n8,spectral_flatness,individual_TENT_column_vs_raw_feature,6.0,-0.005091989604944491,0.10305818194383472,3
slumlordreach,F2_n8,spectral_flatness,individual_TENT_column_vs_raw_feature,7.5,-0.031161807245327865,0.08717363249904873,3
slumlordreach,F2_n8,spectral_flux,collapsed_factor_vs_matching_FIR_feature,,-0.08297408218437712,-0.14626022644284845,3
slumlordreach,F2_n8,spectral_flux,collapsed_factor_vs_raw_feature,,-0.05691939385478523,-0.08320847277025858,3
slumlordreach,F2_n8,spectral_flux,individual_TENT_column_vs_raw_feature,1.5,-0.018424810767077627,-0.03661206585659754,3
slumlordreach,F2_n8,spectral_flux,individual_TENT_column_vs_raw_feature,3.0,-0.04052674451470423,-0.042595292569233924,3
slumlordreach,F2_n8,spectral_flux,individual_TENT_column_vs_raw_feature,4.5,-0.06604163460465919,-0.054387879504528364,3
slumlordreach,F2_n8,spectral_flux,individual_TENT_column_vs_raw_feature,6.0,-0.02753257839552377,-0.05807900837708772,3
slumlordreach,F2_n8,spectral_flux,individual_TENT_column_vs_raw_feature,7.5,-0.0006968991831644809,-0.03564225139114568,3
slumlordreach,F2_n8,spectral_rolloff_85_hz,collapsed_factor_vs_matching_FIR_feature,,0.19942608743173185,0.2022806559356816,3
slumlordreach,F2_n8,spectral_rolloff_85_hz,collapsed_factor_vs_raw_feature,,0.09120003459817626,0.09553035356483908,3
slumlordreach,F2_n8,spectral_rolloff_85_hz,individual_TENT_column_vs_raw_feature,1.5,0.05472914866442954,0.04575583968452632,3
slumlordreach,F2_n8,spectral_rolloff_85_hz,individual_TENT_column_vs_raw_feature,3.0,0.044597617296656976,0.04312743545404382,3
slumlordreach,F2_n8,spectral_rolloff_85_hz,individual_TENT_column_vs_raw_feature,4.5,0.05244122342151312,0.06404165450806736,3
slumlordreach,F2_n8,spectral_rolloff_85_hz,individual_TENT_column_vs_raw_feature,6.0,0.07024733446881455,0.07252744996857725,3
slumlordreach,F2_n8,spectral_rolloff_85_hz,individual_TENT_column_vs_raw_feature,7.5,0.04502496617228909,0.03459575055737095,3
slumlordreach,F2_n8,word_count_per_tr,collapsed_factor_vs_matching_FIR_feature,,-0.07810712661634257,-0.08321916171031268,3
slumlordreach,F2_n8,word_count_per_tr,collapsed_factor_vs_raw_feature,,-0.03267356567039307,-0.03689810017778167,3
slumlordreach,F2_n8,word_count_per_tr,individual_TENT_column_vs_raw_feature,1.5,-0.015722539501455392,-0.037462811355253624,3
slumlordreach,F2_n8,word_count_per_tr,individual_TENT_column_vs_raw_feature,3.0,-0.0388851056624238,-0.052073468378040444,3
slumlordreach,F2_n8,word_count_per_tr,individual_TENT_column_vs_raw_feature,4.5,-0.02667023898969403,-0.03185313079059467,3
slumlordreach,F2_n8,word_count_per_tr,individual_TENT_column_vs_raw_feature,6.0,-0.00805173465391514,-0.008574742094846294,3
slumlordreach,F2_n8,word_count_per_tr,individual_TENT_column_vs_raw_feature,7.5,-0.00021138004501198302,-0.050703682755504575,3
slumlordreach,F2_n8,zero_crossing_rate,collapsed_factor_vs_matching_FIR_feature,,0.18879320903260344,0.1996522032651672,3
slumlordreach,F2_n8,zero_crossing_rate,collapsed_factor_vs_raw_feature,,0.06258730625126831,0.0695170394741711,3
slumlordreach,F2_n8,zero_crossing_rate,individual_TENT_column_vs_raw_feature,1.5,0.041422202631081324,0.039509993564837496,3
slumlordreach,F2_n8,zero_crossing_rate,individual_TENT_column_vs_raw_feature,3.0,0.03944641556550781,0.05079602485561383,3
slumlordreach,F2_n8,zero_crossing_rate,individual_TENT_column_vs_raw_feature,4.5,0.037109003265512044,0.0539649471463062,3
slumlordreach,F2_n8,zero_crossing_rate,individual_TENT_column_vs_raw_feature,6.0,0.041241004631206786,0.03923774580394729,3
slumlordreach,F2_n8,zero_crossing_rate,individual_TENT_column_vs_raw_feature,7.5,0.022784100948191294,0.018289107554851317,3
slumlordreach,F3_n8,peak_amplitude,collapsed_factor_vs_matching_FIR_feature,,-0.02897568451392347,-0.01590234634425054,3
slumlordreach,F3_n8,peak_amplitude,collapsed_factor_vs_raw_feature,,-0.019190923483205575,-0.005383198615947678,3
slumlordreach,F3_n8,peak_amplitude,individual_TENT_column_vs_raw_feature,1.5,-0.0023008545436333902,-0.0016324828377925237,3
slumlordreach,F3_n8,peak_amplitude,individual_TENT_column_vs_raw_feature,3.0,-0.008724574524995839,0.004901346243663955,3
slumlordreach,F3_n8,peak_amplitude,individual_TENT_column_vs_raw_feature,4.5,0.012284776227313485,0.019098776840510194,3
slumlordreach,F3_n8,peak_amplitude,individual_TENT_column_vs_raw_feature,6.0,-0.027534092490174935,-0.014830873420137808,3
slumlordreach,F3_n8,peak_amplitude,individual_TENT_column_vs_raw_feature,7.5,-0.03568650523146687,-0.017161021491308864,3
slumlordreach,F3_n8,rms,collapsed_factor_vs_matching_FIR_feature,,-0.04194349467127952,-0.028855064053468982,3
slumlordreach,F3_n8,rms,collapsed_factor_vs_raw_feature,,-0.017126830315027573,-0.008953522667223605,3
slumlordreach,F3_n8,rms,individual_TENT_column_vs_raw_feature,1.5,-0.00803146791698421,-0.002409169890771407,3
slumlordreach,F3_n8,rms,individual_TENT_column_vs_raw_feature,3.0,-0.0016377230516909872,0.010169200579502933,3
slumlordreach,F3_n8,rms,individual_TENT_column_vs_raw_feature,4.5,0.01740291865360954,0.01936306000414251,3
slumlordreach,F3_n8,rms,individual_TENT_column_vs_raw_feature,6.0,-0.027012366107803484,-0.020335062073289185,3
slumlordreach,F3_n8,rms,individual_TENT_column_vs_raw_feature,7.5,-0.04021040458013247,-0.024444825987487248,3
slumlordreach,F3_n8,rms_dbfs,collapsed_factor_vs_matching_FIR_feature,,0.007004022770475661,-0.03683946543178526,3
slumlordreach,F3_n8,rms_dbfs,collapsed_factor_vs_raw_feature,,-0.031064550312924082,-0.03376484119083325,3
slumlordreach,F3_n8,rms_dbfs,individual_TENT_column_vs_raw_feature,1.5,0.009803906217298645,-0.0068847712423143964,3
slumlordreach,F3_n8,rms_dbfs,individual_TENT_column_vs_raw_feature,3.0,-0.006980833222399786,0.011134689875933168,3
slumlordreach,F3_n8,rms_dbfs,individual_TENT_column_vs_raw_feature,4.5,-0.02771131527410577,0.005885069046837988,3
slumlordreach,F3_n8,rms_dbfs,individual_TENT_column_vs_raw_feature,6.0,-0.03861896470165376,-0.04272855474354817,3
slumlordreach,F3_n8,rms_dbfs,individual_TENT_column_vs_raw_feature,7.5,-0.02271510061347913,-0.04430694575437538,3
slumlordreach,F3_n8,spectral_bandwidth_hz,collapsed_factor_vs_matching_FIR_feature,,0.09758895287636067,0.12799137382184325,3
slumlordreach,F3_n8,spectral_bandwidth_hz,collapsed_factor_vs_raw_feature,,0.05336214659696368,0.0983147145101197,3
slumlordreach,F3_n8,spectral_bandwidth_hz,individual_TENT_column_vs_raw_feature,1.5,0.02828752173076959,0.04450254653977328,3
slumlordreach,F3_n8,spectral_bandwidth_hz,individual_TENT_column_vs_raw_feature,3.0,0.024442856461866672,0.048232244154456094,3
slumlordreach,F3_n8,spectral_bandwidth_hz,individual_TENT_column_vs_raw_feature,4.5,0.02061282024276193,0.05440905053202157,3
slumlordreach,F3_n8,spectral_bandwidth_hz,individual_TENT_column_vs_raw_feature,6.0,0.05427117665791673,0.09705493799317838,3
slumlordreach,F3_n8,spectral_bandwidth_hz,individual_TENT_column_vs_raw_feature,7.5,0.032259627034402376,0.05350982629371275,3
slumlordreach,F3_n8,spectral_centroid_hz,collapsed_factor_vs_matching_FIR_feature,,0.09790232456225016,0.12232584205209096,3
slumlordreach,F3_n8,spectral_centroid_hz,collapsed_factor_vs_raw_feature,,0.045994104867401825,0.07866756220077131,3
slumlordreach,F3_n8,spectral_centroid_hz,individual_TENT_column_vs_raw_feature,1.5,0.01405408602732812,0.03721771972020145,3
slumlordreach,F3_n8,spectral_centroid_hz,individual_TENT_column_vs_raw_feature,3.0,0.03663929736448195,0.058138093237938164,3
slumlordreach,F3_n8,spectral_centroid_hz,individual_TENT_column_vs_raw_feature,4.5,0.013560189106948617,0.038393486104386434,3
slumlordreach,F3_n8,spectral_centroid_hz,individual_TENT_column_vs_raw_feature,6.0,0.04468394794374822,0.07037546352780082,3
slumlordreach,F3_n8,spectral_centroid_hz,individual_TENT_column_vs_raw_feature,7.5,0.024904266422631827,0.04741745969585501,3
slumlordreach,F3_n8,spectral_flatness,collapsed_factor_vs_matching_FIR_feature,,-0.01115288759169511,0.06963755125462347,3
slumlordreach,F3_n8,spectral_flatness,collapsed_factor_vs_raw_feature,,0.031253268850710426,0.12208932069138038,3
slumlordreach,F3_n8,spectral_flatness,individual_TENT_column_vs_raw_feature,1.5,-0.010529194154074434,0.03916304480645203,3
slumlordreach,F3_n8,spectral_flatness,individual_TENT_column_vs_raw_feature,3.0,0.008444528877467524,0.04521792872122502,3
slumlordreach,F3_n8,spectral_flatness,individual_TENT_column_vs_raw_feature,4.5,0.03059054791704283,0.06386124289327659,3
slumlordreach,F3_n8,spectral_flatness,individual_TENT_column_vs_raw_feature,6.0,0.038100742571514114,0.11401357985893242,3
slumlordreach,F3_n8,spectral_flatness,individual_TENT_column_vs_raw_feature,7.5,0.018778271250996993,0.07433976876976561,3
slumlordreach,F3_n8,spectral_flux,collapsed_factor_vs_matching_FIR_feature,,-0.03966695352697866,-0.06957824660459035,3
slumlordreach,F3_n8,spectral_flux,collapsed_factor_vs_raw_feature,,-0.053111719367797065,-0.09205666606496271,3
slumlordreach,F3_n8,spectral_flux,individual_TENT_column_vs_raw_feature,1.5,-0.015787721660666377,-0.050508915987653474,3
slumlordreach,F3_n8,spectral_flux,individual_TENT_column_vs_raw_feature,3.0,-0.029288751084724052,-0.05986882074489378,3
slumlordreach,F3_n8,spectral_flux,individual_TENT_column_vs_raw_feature,4.5,-0.048324214443004436,-0.07212187278338772,3
slumlordreach,F3_n8,spectral_flux,individual_TENT_column_vs_raw_feature,6.0,-0.044453765733261354,-0.05471131920186389,3
slumlordreach,F3_n8,spectral_flux,individual_TENT_column_vs_raw_feature,7.5,-0.011717348824893439,-0.013594590157014537,3
slumlordreach,F3_n8,spectral_rolloff_85_hz,collapsed_factor_vs_matching_FIR_feature,,0.10639779316262375,0.13241339309778963,3
slumlordreach,F3_n8,spectral_rolloff_85_hz,collapsed_factor_vs_raw_feature,,0.055762088861811755,0.0876310746450615,3
slumlordreach,F3_n8,spectral_rolloff_85_hz,individual_TENT_column_vs_raw_feature,1.5,0.026596454399224572,0.047193989014497874,3
slumlordreach,F3_n8,spectral_rolloff_85_hz,individual_TENT_column_vs_raw_feature,3.0,0.037114979644041625,0.05649187741106251,3
slumlordreach,F3_n8,spectral_rolloff_85_hz,individual_TENT_column_vs_raw_feature,4.5,0.0250392384437516,0.050587462094235085,3
slumlordreach,F3_n8,spectral_rolloff_85_hz,individual_TENT_column_vs_raw_feature,6.0,0.04990737902935998,0.07784901365122175,3
slumlordreach,F3_n8,spectral_rolloff_85_hz,individual_TENT_column_vs_raw_feature,7.5,0.025041012419564964,0.04685190430541638,3
slumlordreach,F3_n8,word_count_per_tr,collapsed_factor_vs_matching_FIR_feature,,-0.048934429078962005,-0.058950490408065555,3
slumlordreach,F3_n8,word_count_per_tr,collapsed_factor_vs_raw_feature,,-0.030193918467373515,-0.03290051904472414,3
slumlordreach,F3_n8,word_count_per_tr,individual_TENT_column_vs_raw_feature,1.5,0.016173284696724913,0.011008168547196747,3
slumlordreach,F3_n8,word_count_per_tr,individual_TENT_column_vs_raw_feature,3.0,-0.03557908993402082,-0.033316481547728226,3
slumlordreach,F3_n8,word_count_per_tr,individual_TENT_column_vs_raw_feature,4.5,-0.009679067513794931,-0.005893484683449153,3
slumlordreach,F3_n8,word_count_per_tr,individual_TENT_column_vs_raw_feature,6.0,-0.025526707417651562,-0.014765506535056908,3
slumlordreach,F3_n8,word_count_per_tr,individual_TENT_column_vs_raw_feature,7.5,-0.02920752006021654,-0.008646370199275777,3
slumlordreach,F3_n8,zero_crossing_rate,collapsed_factor_vs_matching_FIR_feature,,0.09337650100013341,0.12134769355432917,3
slumlordreach,F3_n8,zero_crossing_rate,collapsed_factor_vs_raw_feature,,0.04028677595630432,0.077652536583542,3
slumlordreach,F3_n8,zero_crossing_rate,individual_TENT_column_vs_raw_feature,1.5,0.009876842396419045,0.030661990130735565,3
slumlordreach,F3_n8,zero_crossing_rate,individual_TENT_column_vs_raw_feature,3.0,0.02920882684233041,0.05437879381255791,3
slumlordreach,F3_n8,zero_crossing_rate,individual_TENT_column_vs_raw_feature,4.5,0.009573398895164032,0.037741348984649724,3
slumlordreach,F3_n8,zero_crossing_rate,individual_TENT_column_vs_raw_feature,6.0,0.04321032755193523,0.07262919589623806,3
slumlordreach,F3_n8,zero_crossing_rate,individual_TENT_column_vs_raw_feature,7.5,0.025744538954731815,0.045791871292609844,3
slumlordreach,F4_n8,peak_amplitude,collapsed_factor_vs_matching_FIR_feature,,0.05402583791675524,0.06311046240268246,3
slumlordreach,F4_n8,peak_amplitude,collapsed_factor_vs_raw_feature,,0.0418242212088624,0.052392035339941946,3
slumlordreach,F4_n8,peak_amplitude,individual_TENT_column_vs_raw_feature,1.5,0.04165930122185654,0.04286729514437907,3
slumlordreach,F4_n8,peak_amplitude,individual_TENT_column_vs_raw_feature,3.0,0.02861340405214173,0.04243947783775143,3
slumlordreach,F4_n8,peak_amplitude,individual_TENT_column_vs_raw_feature,4.5,0.034660694061009086,0.03401911217132836,3
slumlordreach,F4_n8,peak_amplitude,individual_TENT_column_vs_raw_feature,6.0,0.03383057420990902,0.029267757081231065,3
slumlordreach,F4_n8,peak_amplitude,individual_TENT_column_vs_raw_feature,7.5,-0.029978180223390882,-0.0034325950963095715,3
slumlordreach,F4_n8,rms,collapsed_factor_vs_matching_FIR_feature,,0.051729745750141505,0.06851563726457599,3
slumlordreach,F4_n8,rms,collapsed_factor_vs_raw_feature,,0.04076442050766669,0.05498202919265751,3
slumlordreach,F4_n8,rms,individual_TENT_column_vs_raw_feature,1.5,0.03740374117037464,0.03839452801529361,3
slumlordreach,F4_n8,rms,individual_TENT_column_vs_raw_feature,3.0,0.033181562848721695,0.04753209196423879,3
slumlordreach,F4_n8,rms,individual_TENT_column_vs_raw_feature,4.5,0.03213619606966406,0.035195720856224216,3
slumlordreach,F4_n8,rms,individual_TENT_column_vs_raw_feature,6.0,0.0338435965205973,0.027070790720770874,3
slumlordreach,F4_n8,rms,individual_TENT_column_vs_raw_feature,7.5,-0.032353900346939655,-0.005216051084924802,3
slumlordreach,F4_n8,rms_dbfs,collapsed_factor_vs_matching_FIR_feature,,0.07350508929594045,0.09836806634037949,3
slumlordreach,F4_n8,rms_dbfs,collapsed_factor_vs_raw_feature,,0.036097095025374705,0.05570564207288631,3
slumlordreach,F4_n8,rms_dbfs,individual_TENT_column_vs_raw_feature,1.5,0.05691539291118103,0.02749992769547968,3
slumlordreach,F4_n8,rms_dbfs,individual_TENT_column_vs_raw_feature,3.0,0.033073783474271014,0.04475186348428913,3
slumlordreach,F4_n8,rms_dbfs,individual_TENT_column_vs_raw_feature,4.5,0.001560128082282574,0.03532019951554722,3
slumlordreach,F4_n8,rms_dbfs,individual_TENT_column_vs_raw_feature,6.0,0.018282280917703637,0.03119067741305359,3
slumlordreach,F4_n8,rms_dbfs,individual_TENT_column_vs_raw_feature,7.5,-0.0035005578982581255,-0.001456489285453188,3
slumlordreach,F4_n8,spectral_bandwidth_hz,collapsed_factor_vs_matching_FIR_feature,,0.042362385029591325,0.05496417168070008,3
slumlordreach,F4_n8,spectral_bandwidth_hz,collapsed_factor_vs_raw_feature,,0.017570620854537238,0.012702120963565966,3
slumlordreach,F4_n8,spectral_bandwidth_hz,individual_TENT_column_vs_raw_feature,1.5,0.024754923612423218,-0.00817719835284495,3
slumlordreach,F4_n8,spectral_bandwidth_hz,individual_TENT_column_vs_raw_feature,3.0,0.017773191206811357,0.004434842037080358,3
slumlordreach,F4_n8,spectral_bandwidth_hz,individual_TENT_column_vs_raw_feature,4.5,-0.010520550101122414,-0.011676850070968359,3
slumlordreach,F4_n8,spectral_bandwidth_hz,individual_TENT_column_vs_raw_feature,6.0,0.010012271268277195,0.020214717879901475,3
slumlordreach,F4_n8,spectral_bandwidth_hz,individual_TENT_column_vs_raw_feature,7.5,0.013242123263413815,0.001973243961595117,3
slumlordreach,F4_n8,spectral_centroid_hz,collapsed_factor_vs_matching_FIR_feature,,0.06457427042929564,0.06593528097221024,3
slumlordreach,F4_n8,spectral_centroid_hz,collapsed_factor_vs_raw_feature,,0.029935128359337305,0.02694130509532426,3
slumlordreach,F4_n8,spectral_centroid_hz,individual_TENT_column_vs_raw_feature,1.5,0.01540904858104388,0.001194866025561895,3
slumlordreach,F4_n8,spectral_centroid_hz,individual_TENT_column_vs_raw_feature,3.0,0.02472170937257515,0.0107676229126194,3
slumlordreach,F4_n8,spectral_centroid_hz,individual_TENT_column_vs_raw_feature,4.5,-0.00497664829481355,-0.004345164896078737,3
slumlordreach,F4_n8,spectral_centroid_hz,individual_TENT_column_vs_raw_feature,6.0,0.02157714253268528,0.037201844374860876,3
slumlordreach,F4_n8,spectral_centroid_hz,individual_TENT_column_vs_raw_feature,7.5,0.03280274483433136,0.02777663886968859,3
slumlordreach,F4_n8,spectral_flatness,collapsed_factor_vs_matching_FIR_feature,,-0.07199804912684292,-0.09164225853123757,3
slumlordreach,F4_n8,spectral_flatness,collapsed_factor_vs_raw_feature,,-0.03160945713114104,-0.0186179907389158,3
slumlordreach,F4_n8,spectral_flatness,individual_TENT_column_vs_raw_feature,1.5,-0.05588469224810239,-0.04273059753963537,3
slumlordreach,F4_n8,spectral_flatness,individual_TENT_column_vs_raw_feature,3.0,-0.029804846189401667,-0.01709476586456504,3
slumlordreach,F4_n8,spectral_flatness,individual_TENT_column_vs_raw_feature,4.5,0.00322431472333477,-0.007528591940816302,3
slumlordreach,F4_n8,spectral_flatness,individual_TENT_column_vs_raw_feature,6.0,-0.014685039197674202,-0.00976279332351022,3
slumlordreach,F4_n8,spectral_flatness,individual_TENT_column_vs_raw_feature,7.5,0.002020760095180514,0.008189137252667032,3
slumlordreach,F4_n8,spectral_flux,collapsed_factor_vs_matching_FIR_feature,,0.05890404957751438,0.07562699861621573,3
slumlordreach,F4_n8,spectral_flux,collapsed_factor_vs_raw_feature,,0.02853877758691703,-0.006673042489395122,3
slumlordreach,F4_n8,spectral_flux,individual_TENT_column_vs_raw_feature,1.5,0.05344384104305544,0.020904682845491036,3
slumlordreach,F4_n8,spectral_flux,individual_TENT_column_vs_raw_feature,3.0,0.02516130323335952,-0.008493367882372156,3
slumlordreach,F4_n8,spectral_flux,individual_TENT_column_vs_raw_feature,4.5,-0.005406490073323279,-0.03420085468199269,3
slumlordreach,F4_n8,spectral_flux,individual_TENT_column_vs_raw_feature,6.0,0.01711540935549627,0.0032287929706005824,3
slumlordreach,F4_n8,spectral_flux,individual_TENT_column_vs_raw_feature,7.5,-0.004296381141117401,0.007319113201125413,3
slumlordreach,F4_n8,spectral_rolloff_85_hz,collapsed_factor_vs_matching_FIR_feature,,0.051224511013571054,0.059107857638841355,3
slumlordreach,F4_n8,spectral_rolloff_85_hz,collapsed_factor_vs_raw_feature,,0.025832947951369006,0.021160613012245793,3
slumlordreach,F4_n8,spectral_rolloff_85_hz,individual_TENT_column_vs_raw_feature,1.5,0.021845417140863913,0.005197570786905502,3
slumlordreach,F4_n8,spectral_rolloff_85_hz,individual_TENT_column_vs_raw_feature,3.0,0.020192162663743584,0.007068667752333737,3
slumlordreach,F4_n8,spectral_rolloff_85_hz,individual_TENT_column_vs_raw_feature,4.5,-0.004852950813501258,-0.0092703403117098,3
slumlordreach,F4_n8,spectral_rolloff_85_hz,individual_TENT_column_vs_raw_feature,6.0,0.017918884777877245,0.029164087266795712,3
slumlordreach,F4_n8,spectral_rolloff_85_hz,individual_TENT_column_vs_raw_feature,7.5,0.023061718135845993,0.018697394457515202,3
slumlordreach,F4_n8,word_count_per_tr,collapsed_factor_vs_matching_FIR_feature,,-0.01512955560766299,0.004372704165433706,3
slumlordreach,F4_n8,word_count_per_tr,collapsed_factor_vs_raw_feature,,-0.02810106492054427,-0.02164099592504985,3
slumlordreach,F4_n8,word_count_per_tr,individual_TENT_column_vs_raw_feature,1.5,0.019276918096760038,0.0047766988659083435,3
slumlordreach,F4_n8,word_count_per_tr,individual_TENT_column_vs_raw_feature,3.0,-0.0037455243375153924,-0.005361381491036286,3
slumlordreach,F4_n8,word_count_per_tr,individual_TENT_column_vs_raw_feature,4.5,-0.01839665597811642,-0.024833947354122827,3
slumlordreach,F4_n8,word_count_per_tr,individual_TENT_column_vs_raw_feature,6.0,-0.03794129457170157,-0.015184897600190992,3
slumlordreach,F4_n8,word_count_per_tr,individual_TENT_column_vs_raw_feature,7.5,-0.034851883266322305,-0.030398110847771203,3
slumlordreach,F4_n8,zero_crossing_rate,collapsed_factor_vs_matching_FIR_feature,,0.06474748373296761,0.06555976794462795,3
slumlordreach,F4_n8,zero_crossing_rate,collapsed_factor_vs_raw_feature,,0.025735636358859726,0.024067853988229238,3
slumlordreach,F4_n8,zero_crossing_rate,individual_TENT_column_vs_raw_feature,1.5,0.017210227127258493,-0.0012639330338305554,3
slumlordreach,F4_n8,zero_crossing_rate,individual_TENT_column_vs_raw_feature,3.0,0.02414278674208144,0.010930245161538343,3
slumlordreach,F4_n8,zero_crossing_rate,individual_TENT_column_vs_raw_feature,4.5,-0.010749810264594964,-0.009218178707433064,3
slumlordreach,F4_n8,zero_crossing_rate,individual_TENT_column_vs_raw_feature,6.0,0.018938143412587916,0.033394413069613695,3
slumlordreach,F4_n8,zero_crossing_rate,individual_TENT_column_vs_raw_feature,7.5,0.028701399386580256,0.02007606645360866,3
slumlordreach,F5_n8,peak_amplitude,collapsed_factor_vs_matching_FIR_feature,,-0.13422645531513658,-0.1302650946917881,3
slumlordreach,F5_n8,peak_amplitude,collapsed_factor_vs_raw_feature,,-0.055373601150078576,-0.04782148332966651,3
slumlordreach,F5_n8,peak_amplitude,individual_TENT_column_vs_raw_feature,1.5,-0.014701555398324226,-0.016016105680165534,3
slumlordreach,F5_n8,peak_amplitude,individual_TENT_column_vs_raw_feature,3.0,-0.07349021918683989,-0.07095808825206162,3
slumlordreach,F5_n8,peak_amplitude,individual_TENT_column_vs_raw_feature,4.5,-0.027826963411054003,-0.05679743578267762,3
slumlordreach,F5_n8,peak_amplitude,individual_TENT_column_vs_raw_feature,6.0,-0.01945973322943023,-0.013317826043092834,3
slumlordreach,F5_n8,peak_amplitude,individual_TENT_column_vs_raw_feature,7.5,-0.009654589634750773,0.011402071974182323,3
slumlordreach,F5_n8,rms,collapsed_factor_vs_matching_FIR_feature,,-0.149349290831159,-0.13341221160534267,3
slumlordreach,F5_n8,rms,collapsed_factor_vs_raw_feature,,-0.06021866816014981,-0.05221754471368594,3
slumlordreach,F5_n8,rms,individual_TENT_column_vs_raw_feature,1.5,-0.025025175708498215,-0.020476227133322856,3
slumlordreach,F5_n8,rms,individual_TENT_column_vs_raw_feature,3.0,-0.0716888595005123,-0.06523059109877663,3
slumlordreach,F5_n8,rms,individual_TENT_column_vs_raw_feature,4.5,-0.02590442065780076,-0.058308030278866496,3
slumlordreach,F5_n8,rms,individual_TENT_column_vs_raw_feature,6.0,-0.025406984429063206,-0.01558195193113446,3
slumlordreach,F5_n8,rms,individual_TENT_column_vs_raw_feature,7.5,-0.012892985289266301,0.011843846860245907,3
slumlordreach,F5_n8,rms_dbfs,collapsed_factor_vs_matching_FIR_feature,,0.00914267093143452,-0.08943392234796817,3
slumlordreach,F5_n8,rms_dbfs,collapsed_factor_vs_raw_feature,,0.01144251029507636,-0.06319149703096498,3
slumlordreach,F5_n8,rms_dbfs,individual_TENT_column_vs_raw_feature,1.5,0.00846074871218125,-0.021660684502559046,3
slumlordreach,F5_n8,rms_dbfs,individual_TENT_column_vs_raw_feature,3.0,0.0024828202054403056,-0.05594207878661456,3
slumlordreach,F5_n8,rms_dbfs,individual_TENT_column_vs_raw_feature,4.5,-0.000900185126502174,-0.06699476044478185,3
slumlordreach,F5_n8,rms_dbfs,individual_TENT_column_vs_raw_feature,6.0,0.003137993024007987,-0.03327572433254392,3
slumlordreach,F5_n8,rms_dbfs,individual_TENT_column_vs_raw_feature,7.5,0.024538969760375156,0.014553938808919467,3
slumlordreach,F5_n8,spectral_bandwidth_hz,collapsed_factor_vs_matching_FIR_feature,,0.07817937369458412,0.0820387951351313,3
slumlordreach,F5_n8,spectral_bandwidth_hz,collapsed_factor_vs_raw_feature,,0.05814510701380093,0.04796579725391751,3
slumlordreach,F5_n8,spectral_bandwidth_hz,individual_TENT_column_vs_raw_feature,1.5,0.03336262535328026,0.01726679561658431,3
slumlordreach,F5_n8,spectral_bandwidth_hz,individual_TENT_column_vs_raw_feature,3.0,0.027828557107608235,0.010789417350985936,3
slumlordreach,F5_n8,spectral_bandwidth_hz,individual_TENT_column_vs_raw_feature,4.5,0.04264166740306428,0.02637401631923217,3
slumlordreach,F5_n8,spectral_bandwidth_hz,individual_TENT_column_vs_raw_feature,6.0,0.035795837648991115,0.028856875976153357,3
slumlordreach,F5_n8,spectral_bandwidth_hz,individual_TENT_column_vs_raw_feature,7.5,0.0204361765337715,0.006931155744024384,3
slumlordreach,F5_n8,spectral_centroid_hz,collapsed_factor_vs_matching_FIR_feature,,0.09017346786565945,0.06423495796843508,3
slumlordreach,F5_n8,spectral_centroid_hz,collapsed_factor_vs_raw_feature,,0.03679682390121996,0.013079445285096254,3
slumlordreach,F5_n8,spectral_centroid_hz,individual_TENT_column_vs_raw_feature,1.5,0.01678215997443536,-0.0013253935127945597,3
slumlordreach,F5_n8,spectral_centroid_hz,individual_TENT_column_vs_raw_feature,3.0,0.01231313717093119,-0.023670734276775972,3
slumlordreach,F5_n8,spectral_centroid_hz,individual_TENT_column_vs_raw_feature,4.5,0.02745956219833502,0.007949211014375393,3
slumlordreach,F5_n8,spectral_centroid_hz,individual_TENT_column_vs_raw_feature,6.0,0.030609858136667598,0.009025530218969098,3
slumlordreach,F5_n8,spectral_centroid_hz,individual_TENT_column_vs_raw_feature,7.5,0.012986629026988222,-0.0015525620873660625,3
slumlordreach,F5_n8,spectral_flatness,collapsed_factor_vs_matching_FIR_feature,,-0.02166276129391949,0.055336755893449774,3
slumlordreach,F5_n8,spectral_flatness,collapsed_factor_vs_raw_feature,,-0.01807704687576556,0.03639932697653295,3
slumlordreach,F5_n8,spectral_flatness,individual_TENT_column_vs_raw_feature,1.5,-0.011864449110934636,0.00436137515601199,3
slumlordreach,F5_n8,spectral_flatness,individual_TENT_column_vs_raw_feature,3.0,-0.00884606906344794,0.011085170561855739,3
slumlordreach,F5_n8,spectral_flatness,individual_TENT_column_vs_raw_feature,4.5,-0.0027772999323835723,0.040468006515528177,3
slumlordreach,F5_n8,spectral_flatness,individual_TENT_column_vs_raw_feature,6.0,-0.005876317622110859,0.022622873852037862,3
slumlordreach,F5_n8,spectral_flatness,individual_TENT_column_vs_raw_feature,7.5,-0.026373764224199386,-0.007731690335004283,3
slumlordreach,F5_n8,spectral_flux,collapsed_factor_vs_matching_FIR_feature,,0.013566299384317979,0.01529466360514496,3
slumlordreach,F5_n8,spectral_flux,collapsed_factor_vs_raw_feature,,0.011933828262723637,0.0006942478039522362,3
slumlordreach,F5_n8,spectral_flux,individual_TENT_column_vs_raw_feature,1.5,0.003673165041794536,-0.024254599543178896,3
slumlordreach,F5_n8,spectral_flux,individual_TENT_column_vs_raw_feature,3.0,-0.004252422767246809,-0.010000206973167143,3
slumlordreach,F5_n8,spectral_flux,individual_TENT_column_vs_raw_feature,4.5,0.008029187146386818,0.008726283516432265,3
slumlordreach,F5_n8,spectral_flux,individual_TENT_column_vs_raw_feature,6.0,0.005806906034141375,0.0037425044891774444,3
slumlordreach,F5_n8,spectral_flux,individual_TENT_column_vs_raw_feature,7.5,0.024360835345811436,0.01500896666831357,3
slumlordreach,F5_n8,spectral_rolloff_85_hz,collapsed_factor_vs_matching_FIR_feature,,0.0770394741444911,0.0627343445766944,3
slumlordreach,F5_n8,spectral_rolloff_85_hz,collapsed_factor_vs_raw_feature,,0.039438134943008345,0.01659498535948693,3
slumlordreach,F5_n8,spectral_rolloff_85_hz,individual_TENT_column_vs_raw_feature,1.5,0.02376738924535742,0.0008320481669177802,3
slumlordreach,F5_n8,spectral_rolloff_85_hz,individual_TENT_column_vs_raw_feature,3.0,0.011128729794830391,-0.02235106270327371,3
slumlordreach,F5_n8,spectral_rolloff_85_hz,individual_TENT_column_vs_raw_feature,4.5,0.03147497846905512,0.009610625959690375,3
slumlordreach,F5_n8,spectral_rolloff_85_hz,individual_TENT_column_vs_raw_feature,6.0,0.028783407371070446,0.008358165775491639,3
slumlordreach,F5_n8,spectral_rolloff_85_hz,individual_TENT_column_vs_raw_feature,7.5,0.013662297951621173,0.0018588062876061598,3
slumlordreach,F5_n8,word_count_per_tr,collapsed_factor_vs_matching_FIR_feature,,-0.04197434601320643,-0.07541059386329897,3
slumlordreach,F5_n8,word_count_per_tr,collapsed_factor_vs_raw_feature,,-0.010061316004072222,-0.01989944334029133,3
slumlordreach,F5_n8,word_count_per_tr,individual_TENT_column_vs_raw_feature,1.5,0.01246136274892856,-0.00648429984590592,3
slumlordreach,F5_n8,word_count_per_tr,individual_TENT_column_vs_raw_feature,3.0,-0.018008708729386744,-0.031514568900744756,3
slumlordreach,F5_n8,word_count_per_tr,individual_TENT_column_vs_raw_feature,4.5,-0.008617640212561077,-0.033466497146162545,3
slumlordreach,F5_n8,word_count_per_tr,individual_TENT_column_vs_raw_feature,6.0,-0.02475217766927214,-0.036601151381176415,3
slumlordreach,F5_n8,word_count_per_tr,individual_TENT_column_vs_raw_feature,7.5,0.023681901513236726,0.0106261970243953,3
slumlordreach,F5_n8,zero_crossing_rate,collapsed_factor_vs_matching_FIR_feature,,0.09635162816778296,0.08262156220426853,3
slumlordreach,F5_n8,zero_crossing_rate,collapsed_factor_vs_raw_feature,,0.041538422214342965,0.022093984260320804,3
slumlordreach,F5_n8,zero_crossing_rate,individual_TENT_column_vs_raw_feature,1.5,0.02224040732850789,0.008156742053590758,3
slumlordreach,F5_n8,zero_crossing_rate,individual_TENT_column_vs_raw_feature,3.0,0.015423799491942683,-0.013627749099886234,3
slumlordreach,F5_n8,zero_crossing_rate,individual_TENT_column_vs_raw_feature,4.5,0.03081994341511209,0.015957454685093974,3
slumlordreach,F5_n8,zero_crossing_rate,individual_TENT_column_vs_raw_feature,6.0,0.03279719919118249,0.015741229825872078,3
slumlordreach,F5_n8,zero_crossing_rate,individual_TENT_column_vs_raw_feature,7.5,0.011885227350495966,-0.007494552505531715,3
slumlordreach,F6_n8,peak_amplitude,collapsed_factor_vs_matching_FIR_feature,,-0.026264864158669275,-0.03384801431729475,3
slumlordreach,F6_n8,peak_amplitude,collapsed_factor_vs_raw_feature,,0.037943147335557724,0.04642181075090069,3
slumlordreach,F6_n8,peak_amplitude,individual_TENT_column_vs_raw_feature,1.5,0.023574311891679495,0.03867352266828407,3
slumlordreach,F6_n8,peak_amplitude,individual_TENT_column_vs_raw_feature,3.0,0.020166358087788605,0.025106780733841053,3
slumlordreach,F6_n8,peak_amplitude,individual_TENT_column_vs_raw_feature,4.5,0.029076630806196536,0.02192414615225345,3
slumlordreach,F6_n8,peak_amplitude,individual_TENT_column_vs_raw_feature,6.0,0.03189494889205948,0.03608949787962398,3
slumlordreach,F6_n8,peak_amplitude,individual_TENT_column_vs_raw_feature,7.5,0.005460554670669265,0.017951712348539203,3
slumlordreach,F6_n8,rms,collapsed_factor_vs_matching_FIR_feature,,-0.022707678421201416,-0.03094160586535297,3
slumlordreach,F6_n8,rms,collapsed_factor_vs_raw_feature,,0.035698435300818135,0.04408902376784222,3
slumlordreach,F6_n8,rms,individual_TENT_column_vs_raw_feature,1.5,0.021241890016622966,0.03929608210292807,3
slumlordreach,F6_n8,rms,individual_TENT_column_vs_raw_feature,3.0,0.029850588375097322,0.03255595029153255,3
slumlordreach,F6_n8,rms,individual_TENT_column_vs_raw_feature,4.5,0.02475771103543381,0.019444761179407407,3
slumlordreach,F6_n8,rms,individual_TENT_column_vs_raw_feature,6.0,0.027538364460015213,0.03164729101505362,3
slumlordreach,F6_n8,rms,individual_TENT_column_vs_raw_feature,7.5,-0.0023160350754910654,0.012490575057855668,3
slumlordreach,F6_n8,rms_dbfs,collapsed_factor_vs_matching_FIR_feature,,0.020952827660444207,0.0007811598624622232,3
slumlordreach,F6_n8,rms_dbfs,collapsed_factor_vs_raw_feature,,0.02280920985425509,0.04583858071070296,3
slumlordreach,F6_n8,rms_dbfs,individual_TENT_column_vs_raw_feature,1.5,0.03557905680311346,0.04696678516447416,3
slumlordreach,F6_n8,rms_dbfs,individual_TENT_column_vs_raw_feature,3.0,0.0111636599503422,0.041140428396166516,3
slumlordreach,F6_n8,rms_dbfs,individual_TENT_column_vs_raw_feature,4.5,-0.009804003446679505,0.01564004495006076,3
slumlordreach,F6_n8,rms_dbfs,individual_TENT_column_vs_raw_feature,6.0,0.022642300371889867,0.02952407898510515,3
slumlordreach,F6_n8,rms_dbfs,individual_TENT_column_vs_raw_feature,7.5,0.017990058839891524,0.021098530597975496,3
slumlordreach,F6_n8,spectral_bandwidth_hz,collapsed_factor_vs_matching_FIR_feature,,0.02873185155406757,0.02063102072259969,3
slumlordreach,F6_n8,spectral_bandwidth_hz,collapsed_factor_vs_raw_feature,,0.02321912228988027,0.026478509909195053,3
slumlordreach,F6_n8,spectral_bandwidth_hz,individual_TENT_column_vs_raw_feature,1.5,0.017351835521317343,0.019584159177397826,3
slumlordreach,F6_n8,spectral_bandwidth_hz,individual_TENT_column_vs_raw_feature,3.0,0.010074847006584214,0.001998845958532398,3
slumlordreach,F6_n8,spectral_bandwidth_hz,individual_TENT_column_vs_raw_feature,4.5,-0.00437510180541974,0.003349074480140235,3
slumlordreach,F6_n8,spectral_bandwidth_hz,individual_TENT_column_vs_raw_feature,6.0,0.016229164505058166,0.0368700966779917,3
slumlordreach,F6_n8,spectral_bandwidth_hz,individual_TENT_column_vs_raw_feature,7.5,0.04043480017126676,0.06755723573947203,3
slumlordreach,F6_n8,spectral_centroid_hz,collapsed_factor_vs_matching_FIR_feature,,0.04895692120752907,0.039795148487019184,3
slumlordreach,F6_n8,spectral_centroid_hz,collapsed_factor_vs_raw_feature,,0.02920407504010435,0.03129555003772987,3
slumlordreach,F6_n8,spectral_centroid_hz,individual_TENT_column_vs_raw_feature,1.5,0.007639547473131316,0.021088991725341826,3
slumlordreach,F6_n8,spectral_centroid_hz,individual_TENT_column_vs_raw_feature,3.0,0.017550539624747223,0.009662023329913285,3
slumlordreach,F6_n8,spectral_centroid_hz,individual_TENT_column_vs_raw_feature,4.5,0.006809917075620037,0.004044085239778773,3
slumlordreach,F6_n8,spectral_centroid_hz,individual_TENT_column_vs_raw_feature,6.0,0.007397669032126106,0.025186968911245448,3
slumlordreach,F6_n8,spectral_centroid_hz,individual_TENT_column_vs_raw_feature,7.5,0.058753919808896264,0.08497681610069557,3
slumlordreach,F6_n8,spectral_flatness,collapsed_factor_vs_matching_FIR_feature,,-0.021591523569727492,-0.000495834267321151,3
slumlordreach,F6_n8,spectral_flatness,collapsed_factor_vs_raw_feature,,-0.019397222452584715,0.00047113374125814443,3
slumlordreach,F6_n8,spectral_flatness,individual_TENT_column_vs_raw_feature,1.5,-0.03492502567363271,-0.0002513549383504088,3
slumlordreach,F6_n8,spectral_flatness,individual_TENT_column_vs_raw_feature,3.0,-0.008186233273082094,0.0001659960793481531,3
slumlordreach,F6_n8,spectral_flatness,individual_TENT_column_vs_raw_feature,4.5,0.012697552885303102,0.003247688314072856,3
slumlordreach,F6_n8,spectral_flatness,individual_TENT_column_vs_raw_feature,6.0,-0.02137954207570319,-0.010983917873712125,3
slumlordreach,F6_n8,spectral_flatness,individual_TENT_column_vs_raw_feature,7.5,-0.01582654680426226,0.039617493256437354,3
slumlordreach,F6_n8,spectral_flux,collapsed_factor_vs_matching_FIR_feature,,-0.020313558089329515,-0.04231766480940635,3
slumlordreach,F6_n8,spectral_flux,collapsed_factor_vs_raw_feature,,-0.012681864709595453,-0.07435435325040407,3
slumlordreach,F6_n8,spectral_flux,individual_TENT_column_vs_raw_feature,1.5,0.027437801544861574,-0.011435743856031244,3
slumlordreach,F6_n8,spectral_flux,individual_TENT_column_vs_raw_feature,3.0,-0.021208327711969,-0.07419688894778947,3
slumlordreach,F6_n8,spectral_flux,individual_TENT_column_vs_raw_feature,4.5,-0.02659472844954408,-0.048012507203110406,3
slumlordreach,F6_n8,spectral_flux,individual_TENT_column_vs_raw_feature,6.0,0.0027826449696790475,-0.022477975929519167,3
slumlordreach,F6_n8,spectral_flux,individual_TENT_column_vs_raw_feature,7.5,-0.01067147133098439,-0.0474374710982235,3
slumlordreach,F6_n8,spectral_rolloff_85_hz,collapsed_factor_vs_matching_FIR_feature,,0.04150717360980031,0.035606984677962944,3
slumlordreach,F6_n8,spectral_rolloff_85_hz,collapsed_factor_vs_raw_feature,,0.030702896859903572,0.036603492189168155,3
slumlordreach,F6_n8,spectral_rolloff_85_hz,individual_TENT_column_vs_raw_feature,1.5,0.009908503366023965,0.023521635217529258,3
slumlordreach,F6_n8,spectral_rolloff_85_hz,individual_TENT_column_vs_raw_feature,3.0,0.01608193987113593,0.009147158783604519,3
slumlordreach,F6_n8,spectral_rolloff_85_hz,individual_TENT_column_vs_raw_feature,4.5,0.007357701640026005,0.010012018926068057,3
slumlordreach,F6_n8,spectral_rolloff_85_hz,individual_TENT_column_vs_raw_feature,6.0,0.013151319746873337,0.03379560799241513,3
slumlordreach,F6_n8,spectral_rolloff_85_hz,individual_TENT_column_vs_raw_feature,7.5,0.05531063975205789,0.08352090010643398,3
slumlordreach,F6_n8,word_count_per_tr,collapsed_factor_vs_matching_FIR_feature,,-0.023005954927341362,-0.043441561398244316,3
slumlordreach,F6_n8,word_count_per_tr,collapsed_factor_vs_raw_feature,,0.006874877813176461,0.018525140164790416,3
slumlordreach,F6_n8,word_count_per_tr,individual_TENT_column_vs_raw_feature,1.5,-0.0028269878295998814,0.03445249088480822,3
slumlordreach,F6_n8,word_count_per_tr,individual_TENT_column_vs_raw_feature,3.0,0.006303266217830973,0.0020336615380684535,3
slumlordreach,F6_n8,word_count_per_tr,individual_TENT_column_vs_raw_feature,4.5,-0.0043970692423711604,-0.002861623047151656,3
slumlordreach,F6_n8,word_count_per_tr,individual_TENT_column_vs_raw_feature,6.0,-0.000550383520802892,0.006238344611922585,3
slumlordreach,F6_n8,word_count_per_tr,individual_TENT_column_vs_raw_feature,7.5,0.027192076930013964,0.022398113256818803,3
slumlordreach,F6_n8,zero_crossing_rate,collapsed_factor_vs_matching_FIR_feature,,0.04480700899408413,0.033004239332611617,3
slumlordreach,F6_n8,zero_crossing_rate,collapsed_factor_vs_raw_feature,,0.021206469675842415,0.01919055952360105,3
slumlordreach,F6_n8,zero_crossing_rate,individual_TENT_column_vs_raw_feature,1.5,0.007229389833747023,0.01035585269004957,3
slumlordreach,F6_n8,zero_crossing_rate,individual_TENT_column_vs_raw_feature,3.0,0.012990385274314906,-0.0008775326684429077,3
slumlordreach,F6_n8,zero_crossing_rate,individual_TENT_column_vs_raw_feature,4.5,-0.0031267799825457124,-0.00476147344396645,3
slumlordreach,F6_n8,zero_crossing_rate,individual_TENT_column_vs_raw_feature,6.0,0.005516541131401109,0.019381289606329274,3
slumlordreach,F6_n8,zero_crossing_rate,individual_TENT_column_vs_raw_feature,7.5,0.052086104569859924,0.07634102214040855,3
slumlordreach,F7_n8,peak_amplitude,collapsed_factor_vs_matching_FIR_feature,,0.03674690217155316,0.030071923165530274,3
slumlordreach,F7_n8,peak_amplitude,collapsed_factor_vs_raw_feature,,0.06076586020047964,0.05254789610715201,3
slumlordreach,F7_n8,peak_amplitude,individual_TENT_column_vs_raw_feature,1.5,0.013891301549475535,0.031542263734014274,3
slumlordreach,F7_n8,peak_amplitude,individual_TENT_column_vs_raw_feature,3.0,0.05060045212629066,0.06990711924704984,3
slumlordreach,F7_n8,peak_amplitude,individual_TENT_column_vs_raw_feature,4.5,0.03948919388808248,0.02951297498334153,3
slumlordreach,F7_n8,peak_amplitude,individual_TENT_column_vs_raw_feature,6.0,0.06219732785351131,0.03346134913173841,3
slumlordreach,F7_n8,peak_amplitude,individual_TENT_column_vs_raw_feature,7.5,-0.012845342213435007,-0.013855903161067296,3
slumlordreach,F7_n8,rms,collapsed_factor_vs_matching_FIR_feature,,0.02450209361701343,0.022191897662808758,3
slumlordreach,F7_n8,rms,collapsed_factor_vs_raw_feature,,0.05304686184402332,0.048757510645679465,3
slumlordreach,F7_n8,rms,individual_TENT_column_vs_raw_feature,1.5,0.01716243267714912,0.0340357047684146,3
slumlordreach,F7_n8,rms,individual_TENT_column_vs_raw_feature,3.0,0.04535107940128893,0.06587595175033786,3
slumlordreach,F7_n8,rms,individual_TENT_column_vs_raw_feature,4.5,0.036822620116610895,0.022875598801143728,3
slumlordreach,F7_n8,rms,individual_TENT_column_vs_raw_feature,6.0,0.05120838006721943,0.02581618691330136,3
slumlordreach,F7_n8,rms,individual_TENT_column_vs_raw_feature,7.5,-0.016686348351263158,-0.01068584121108603,3
slumlordreach,F7_n8,rms_dbfs,collapsed_factor_vs_matching_FIR_feature,,-1.0746368792069049e-05,0.016328389878618104,3
slumlordreach,F7_n8,rms_dbfs,collapsed_factor_vs_raw_feature,,0.020242446818636517,0.04920307177271361,3
slumlordreach,F7_n8,rms_dbfs,individual_TENT_column_vs_raw_feature,1.5,0.012076509066369224,0.006507756741286859,3
slumlordreach,F7_n8,rms_dbfs,individual_TENT_column_vs_raw_feature,3.0,-0.008774846131824195,0.05167824943031391,3
slumlordreach,F7_n8,rms_dbfs,individual_TENT_column_vs_raw_feature,4.5,0.0033303003871234826,0.029365005856963333,3
slumlordreach,F7_n8,rms_dbfs,individual_TENT_column_vs_raw_feature,6.0,0.04174604041080011,0.04361914083690638,3
slumlordreach,F7_n8,rms_dbfs,individual_TENT_column_vs_raw_feature,7.5,0.009093253382946788,0.023314588747402765,3
slumlordreach,F7_n8,spectral_bandwidth_hz,collapsed_factor_vs_matching_FIR_feature,,-0.030438742724062755,-0.04273718813944449,3
slumlordreach,F7_n8,spectral_bandwidth_hz,collapsed_factor_vs_raw_feature,,0.008661089144925678,0.012644527008426503,3
slumlordreach,F7_n8,spectral_bandwidth_hz,individual_TENT_column_vs_raw_feature,1.5,0.010104491219588764,0.007517612292786143,3
slumlordreach,F7_n8,spectral_bandwidth_hz,individual_TENT_column_vs_raw_feature,3.0,-0.007996079651857543,-0.025679812721734408,3
slumlordreach,F7_n8,spectral_bandwidth_hz,individual_TENT_column_vs_raw_feature,4.5,0.0022809699134541486,-0.004086612603324699,3
slumlordreach,F7_n8,spectral_bandwidth_hz,individual_TENT_column_vs_raw_feature,6.0,0.021484128224425383,-0.0009408026413504133,3
slumlordreach,F7_n8,spectral_bandwidth_hz,individual_TENT_column_vs_raw_feature,7.5,-0.0011981730233534646,-0.02519453112288623,3
slumlordreach,F7_n8,spectral_centroid_hz,collapsed_factor_vs_matching_FIR_feature,,-0.03889372205340496,-0.04520323130666209,3
slumlordreach,F7_n8,spectral_centroid_hz,collapsed_factor_vs_raw_feature,,0.019756859728163947,0.02020781630271752,3
slumlordreach,F7_n8,spectral_centroid_hz,individual_TENT_column_vs_raw_feature,1.5,-0.0022012941110595673,-0.00745041540019314,3
slumlordreach,F7_n8,spectral_centroid_hz,individual_TENT_column_vs_raw_feature,3.0,-0.011365232386622506,-0.022177930410747157,3
slumlordreach,F7_n8,spectral_centroid_hz,individual_TENT_column_vs_raw_feature,4.5,0.010019461052103606,-0.000710008720302252,3
slumlordreach,F7_n8,spectral_centroid_hz,individual_TENT_column_vs_raw_feature,6.0,0.042817337936576244,0.019159042052842985,3
slumlordreach,F7_n8,spectral_centroid_hz,individual_TENT_column_vs_raw_feature,7.5,0.013737393881702904,-0.0010426991835685527,3
slumlordreach,F7_n8,spectral_flatness,collapsed_factor_vs_matching_FIR_feature,,0.0027521717092711916,-0.043735958356357296,3
slumlordreach,F7_n8,spectral_flatness,collapsed_factor_vs_raw_feature,,-0.016319728974652174,-0.026433633974568643,3
slumlordreach,F7_n8,spectral_flatness,individual_TENT_column_vs_raw_feature,1.5,-0.013457460497146549,-0.014197914429328844,3
slumlordreach,F7_n8,spectral_flatness,individual_TENT_column_vs_raw_feature,3.0,0.011921298358878145,-0.04189149249056662,3
slumlordreach,F7_n8,spectral_flatness,individual_TENT_column_vs_raw_feature,4.5,0.00033803537312186656,-0.01448995122489496,3
slumlordreach,F7_n8,spectral_flatness,individual_TENT_column_vs_raw_feature,6.0,-0.037843141971032716,-0.04473515512042928,3
slumlordreach,F7_n8,spectral_flatness,individual_TENT_column_vs_raw_feature,7.5,-0.008992956281044172,-0.04113992713561216,3
slumlordreach,F7_n8,spectral_flux,collapsed_factor_vs_matching_FIR_feature,,-0.023527477421572605,-0.01930913036284578,3
slumlordreach,F7_n8,spectral_flux,collapsed_factor_vs_raw_feature,,-0.008203635956344895,-0.03530024210085932,3
slumlordreach,F7_n8,spectral_flux,individual_TENT_column_vs_raw_feature,1.5,0.008298244950777392,-0.0032703510652641113,3
slumlordreach,F7_n8,spectral_flux,individual_TENT_column_vs_raw_feature,3.0,-0.03326332267381056,-0.037165850939740175,3
slumlordreach,F7_n8,spectral_flux,individual_TENT_column_vs_raw_feature,4.5,-0.007263955419534271,0.0004086167174064376,3
slumlordreach,F7_n8,spectral_flux,individual_TENT_column_vs_raw_feature,6.0,0.015821089255894333,0.001464802593479691,3
slumlordreach,F7_n8,spectral_flux,individual_TENT_column_vs_raw_feature,7.5,-0.0021534594777492537,-0.014641865602423566,3
slumlordreach,F7_n8,spectral_rolloff_85_hz,collapsed_factor_vs_matching_FIR_feature,,-0.02096604012787655,-0.023620349445130664,3
slumlordreach,F7_n8,spectral_rolloff_85_hz,collapsed_factor_vs_raw_feature,,0.02265488376303772,0.024869413096850177,3
slumlordreach,F7_n8,spectral_rolloff_85_hz,individual_TENT_column_vs_raw_feature,1.5,0.003626140687109167,-0.0011620168040359718,3
slumlordreach,F7_n8,spectral_rolloff_85_hz,individual_TENT_column_vs_raw_feature,3.0,0.000664885543313413,-0.012865567815897658,3
slumlordreach,F7_n8,spectral_rolloff_85_hz,individual_TENT_column_vs_raw_feature,4.5,0.009330924499980445,-0.002578674987439743,3
slumlordreach,F7_n8,spectral_rolloff_85_hz,individual_TENT_column_vs_raw_feature,6.0,0.03657665626982392,0.015423585381993994,3
slumlordreach,F7_n8,spectral_rolloff_85_hz,individual_TENT_column_vs_raw_feature,7.5,0.011231769201809188,-0.0028992582094173832,3
slumlordreach,F7_n8,word_count_per_tr,collapsed_factor_vs_matching_FIR_feature,,0.04078150698405215,0.0666972519527609,3
slumlordreach,F7_n8,word_count_per_tr,collapsed_factor_vs_raw_feature,,0.038247308553659105,0.04835257141718885,3
slumlordreach,F7_n8,word_count_per_tr,individual_TENT_column_vs_raw_feature,1.5,0.02123278764221372,0.03001486138232057,3
slumlordreach,F7_n8,word_count_per_tr,individual_TENT_column_vs_raw_feature,3.0,0.037586041291665456,0.06116196383755837,3
slumlordreach,F7_n8,word_count_per_tr,individual_TENT_column_vs_raw_feature,4.5,0.04047436721688294,0.04894689101628887,3
slumlordreach,F7_n8,word_count_per_tr,individual_TENT_column_vs_raw_feature,6.0,0.007989664413817094,0.008293490945656385,3
slumlordreach,F7_n8,word_count_per_tr,individual_TENT_column_vs_raw_feature,7.5,-0.006149648554247134,-0.00642694288824154,3
slumlordreach,F7_n8,zero_crossing_rate,collapsed_factor_vs_matching_FIR_feature,,-0.05300952198357776,-0.0657381556609697,3
slumlordreach,F7_n8,zero_crossing_rate,collapsed_factor_vs_raw_feature,,0.010530937645717562,0.00853495754620316,3
slumlordreach,F7_n8,zero_crossing_rate,individual_TENT_column_vs_raw_feature,1.5,-0.0021282932164442643,-0.011602804528448203,3
slumlordreach,F7_n8,zero_crossing_rate,individual_TENT_column_vs_raw_feature,3.0,-0.022319676980032385,-0.04022012534363089,3
slumlordreach,F7_n8,zero_crossing_rate,individual_TENT_column_vs_raw_feature,4.5,0.004136964829456775,-0.00825000341825201,3
slumlordreach,F7_n8,zero_crossing_rate,individual_TENT_column_vs_raw_feature,6.0,0.036444228475454664,0.015831464439090975,3
slumlordreach,F7_n8,zero_crossing_rate,individual_TENT_column_vs_raw_feature,7.5,0.013713895631284626,0.0007482321331722914,3
slumlordreach,F8_n8,peak_amplitude,collapsed_factor_vs_matching_FIR_feature,,-0.08767048546152063,-0.09974890257852227,3
slumlordreach,F8_n8,peak_amplitude,collapsed_factor_vs_raw_feature,,-0.02040352557274418,-0.010190404524798767,3
slumlordreach,F8_n8,peak_amplitude,individual_TENT_column_vs_raw_feature,1.5,-0.010596213407287702,0.020822652009416565,3
slumlordreach,F8_n8,peak_amplitude,individual_TENT_column_vs_raw_feature,3.0,-0.016134999662253076,0.012232811717298545,3
slumlordreach,F8_n8,peak_amplitude,individual_TENT_column_vs_raw_feature,4.5,-0.016173203932179147,0.008140718189508345,3
slumlordreach,F8_n8,peak_amplitude,individual_TENT_column_vs_raw_feature,6.0,0.0009278974874701596,0.01628543641335223,3
slumlordreach,F8_n8,peak_amplitude,individual_TENT_column_vs_raw_feature,7.5,-0.016223029690183497,-0.030084609805312367,3
slumlordreach,F8_n8,rms,collapsed_factor_vs_matching_FIR_feature,,-0.08862806668690948,-0.09394271915557012,3
slumlordreach,F8_n8,rms,collapsed_factor_vs_raw_feature,,-0.024608542995907496,-0.011114345100496956,3
slumlordreach,F8_n8,rms,individual_TENT_column_vs_raw_feature,1.5,-0.014211363928529055,0.026148511384381328,3
slumlordreach,F8_n8,rms,individual_TENT_column_vs_raw_feature,3.0,-0.013308643951009053,0.017987964978035665,3
slumlordreach,F8_n8,rms,individual_TENT_column_vs_raw_feature,4.5,-0.021465193920345575,0.0044693877211563204,3
slumlordreach,F8_n8,rms,individual_TENT_column_vs_raw_feature,6.0,-0.003758969325196832,0.01621594661159988,3
slumlordreach,F8_n8,rms,individual_TENT_column_vs_raw_feature,7.5,-0.017343881069736795,-0.024330074307409133,3
slumlordreach,F8_n8,rms_dbfs,collapsed_factor_vs_matching_FIR_feature,,0.003550058107235634,-0.0836764544761076,3
slumlordreach,F8_n8,rms_dbfs,collapsed_factor_vs_raw_feature,,-0.0055014109047227784,-0.01752789795372645,3
slumlordreach,F8_n8,rms_dbfs,individual_TENT_column_vs_raw_feature,1.5,0.02916084184182136,0.001465911707982702,3
slumlordreach,F8_n8,rms_dbfs,individual_TENT_column_vs_raw_feature,3.0,-0.012573505255697767,0.012463152189669842,3
slumlordreach,F8_n8,rms_dbfs,individual_TENT_column_vs_raw_feature,4.5,-0.010326126959319228,-0.00227289945220924,3
slumlordreach,F8_n8,rms_dbfs,individual_TENT_column_vs_raw_feature,6.0,0.006934369960323494,0.0277952679903459,3
slumlordreach,F8_n8,rms_dbfs,individual_TENT_column_vs_raw_feature,7.5,-0.023845379163259347,-0.010106653518384965,3
slumlordreach,F8_n8,spectral_bandwidth_hz,collapsed_factor_vs_matching_FIR_feature,,-0.010464348374615096,-0.021618544091992608,3
slumlordreach,F8_n8,spectral_bandwidth_hz,collapsed_factor_vs_raw_feature,,0.018429268193368115,0.04121037960333215,3
slumlordreach,F8_n8,spectral_bandwidth_hz,individual_TENT_column_vs_raw_feature,1.5,0.03669923896186192,0.013276326906124422,3
slumlordreach,F8_n8,spectral_bandwidth_hz,individual_TENT_column_vs_raw_feature,3.0,0.009618186446177998,-0.00945824133935327,3
slumlordreach,F8_n8,spectral_bandwidth_hz,individual_TENT_column_vs_raw_feature,4.5,0.013281851782188275,0.010224261018998787,3
slumlordreach,F8_n8,spectral_bandwidth_hz,individual_TENT_column_vs_raw_feature,6.0,0.0026714928153322346,-0.0014797642773687464,3
slumlordreach,F8_n8,spectral_bandwidth_hz,individual_TENT_column_vs_raw_feature,7.5,-0.006594439277166752,-0.021942747813661942,3
slumlordreach,F8_n8,spectral_centroid_hz,collapsed_factor_vs_matching_FIR_feature,,-0.046103614217181677,-0.06744856261582967,3
slumlordreach,F8_n8,spectral_centroid_hz,collapsed_factor_vs_raw_feature,,0.011823072743728028,0.00863042180160632,3
slumlordreach,F8_n8,spectral_centroid_hz,individual_TENT_column_vs_raw_feature,1.5,0.034338770210214455,-0.006481904822716305,3
slumlordreach,F8_n8,spectral_centroid_hz,individual_TENT_column_vs_raw_feature,3.0,-0.0007261856019002815,-0.03602319862100866,3
slumlordreach,F8_n8,spectral_centroid_hz,individual_TENT_column_vs_raw_feature,4.5,0.01977321009290739,-0.003792669696014058,3
slumlordreach,F8_n8,spectral_centroid_hz,individual_TENT_column_vs_raw_feature,6.0,-0.0002314595471032091,-0.005791268905385741,3
slumlordreach,F8_n8,spectral_centroid_hz,individual_TENT_column_vs_raw_feature,7.5,-0.01733992386012628,-0.02763952568006776,3
slumlordreach,F8_n8,spectral_flatness,collapsed_factor_vs_matching_FIR_feature,,-0.012219791843619538,0.030897381852394375,3
slumlordreach,F8_n8,spectral_flatness,collapsed_factor_vs_raw_feature,,0.0031895307514905728,0.034173937320945334,3
slumlordreach,F8_n8,spectral_flatness,individual_TENT_column_vs_raw_feature,1.5,-0.03096450045706627,0.0034053033470111704,3
slumlordreach,F8_n8,spectral_flatness,individual_TENT_column_vs_raw_feature,3.0,0.012183509255309163,-0.0008862373355301415,3
slumlordreach,F8_n8,spectral_flatness,individual_TENT_column_vs_raw_feature,4.5,0.009660147659154766,0.009448760432070335,3
slumlordreach,F8_n8,spectral_flatness,individual_TENT_column_vs_raw_feature,6.0,-0.008552924517760307,-0.018046781519287926,3
slumlordreach,F8_n8,spectral_flatness,individual_TENT_column_vs_raw_feature,7.5,0.021393927063295265,-0.0023876804844999806,3
slumlordreach,F8_n8,spectral_flux,collapsed_factor_vs_matching_FIR_feature,,-0.007759668017008947,-0.008132055553668067,3
slumlordreach,F8_n8,spectral_flux,collapsed_factor_vs_raw_feature,,-0.016749922124218036,-0.02712601572905964,3
slumlordreach,F8_n8,spectral_flux,individual_TENT_column_vs_raw_feature,1.5,0.027185228196427047,0.01971191301200958,3
slumlordreach,F8_n8,spectral_flux,individual_TENT_column_vs_raw_feature,3.0,-0.029907547651267758,-0.031022088490419254,3
slumlordreach,F8_n8,spectral_flux,individual_TENT_column_vs_raw_feature,4.5,-0.01645775027802614,-0.025564895686749994,3
slumlordreach,F8_n8,spectral_flux,individual_TENT_column_vs_raw_feature,6.0,0.0010338066445923372,-0.019378022979649346,3
slumlordreach,F8_n8,spectral_flux,individual_TENT_column_vs_raw_feature,7.5,-0.02035656283513045,-0.017132866305698782,3
slumlordreach,F8_n8,spectral_rolloff_85_hz,collapsed_factor_vs_matching_FIR_feature,,-0.031599468056835424,-0.04767904947281135,3
slumlordreach,F8_n8,spectral_rolloff_85_hz,collapsed_factor_vs_raw_feature,,0.01753351284014146,0.021721639651680304,3
slumlordreach,F8_n8,spectral_rolloff_85_hz,individual_TENT_column_vs_raw_feature,1.5,0.03580254047939797,-3.515641608388293e-05,3
slumlordreach,F8_n8,spectral_rolloff_85_hz,individual_TENT_column_vs_raw_feature,3.0,0.004582778317641179,-0.027634247020851026,3
slumlordreach,F8_n8,spectral_rolloff_85_hz,individual_TENT_column_vs_raw_feature,4.5,0.021849229890318605,0.006658295113919109,3
slumlordreach,F8_n8,spectral_rolloff_85_hz,individual_TENT_column_vs_raw_feature,6.0,0.0034269897507340635,-0.0011070954358675157,3
slumlordreach,F8_n8,spectral_rolloff_85_hz,individual_TENT_column_vs_raw_feature,7.5,-0.014414851525808237,-0.028676791593892872,3
slumlordreach,F8_n8,word_count_per_tr,collapsed_factor_vs_matching_FIR_feature,,0.025622665729861327,0.0053136535673591724,3
slumlordreach,F8_n8,word_count_per_tr,collapsed_factor_vs_raw_feature,,0.027141246533133656,0.01139984006511389,3
slumlordreach,F8_n8,word_count_per_tr,individual_TENT_column_vs_raw_feature,1.5,0.03871339371972266,0.005368287949191267,3
slumlordreach,F8_n8,word_count_per_tr,individual_TENT_column_vs_raw_feature,3.0,0.02105961561693584,0.0031657908328581153,3
slumlordreach,F8_n8,word_count_per_tr,individual_TENT_column_vs_raw_feature,4.5,0.013660848541121746,-0.02119054204305508,3
slumlordreach,F8_n8,word_count_per_tr,individual_TENT_column_vs_raw_feature,6.0,-0.0007822466191410608,-0.01924386637256023,3
slumlordreach,F8_n8,word_count_per_tr,individual_TENT_column_vs_raw_feature,7.5,0.009304619022166888,-0.019486664250119145,3
slumlordreach,F8_n8,zero_crossing_rate,collapsed_factor_vs_matching_FIR_feature,,-0.04493484827828479,-0.06383643753392348,3
slumlordreach,F8_n8,zero_crossing_rate,collapsed_factor_vs_raw_feature,,0.011901091972912536,0.013438193830007883,3
slumlordreach,F8_n8,zero_crossing_rate,individual_TENT_column_vs_raw_feature,1.5,0.035937649278032995,-0.0017029211854986996,3
slumlordreach,F8_n8,zero_crossing_rate,individual_TENT_column_vs_raw_feature,3.0,-0.004313441662263779,-0.04120664518947283,3
slumlordreach,F8_n8,zero_crossing_rate,individual_TENT_column_vs_raw_feature,4.5,0.01733145754541715,-0.005507134328034652,3
slumlordreach,F8_n8,zero_crossing_rate,individual_TENT_column_vs_raw_feature,6.0,0.0013147428201832588,-0.0026325264652499567,3
slumlordreach,F8_n8,zero_crossing_rate,individual_TENT_column_vs_raw_feature,7.5,-0.012612101817423602,-0.020625130142209454,3
